node_id,gateway_id,x,y,optimized_distance_m,SF,TP,lambda,PDR,Energy_mJ,Latency_ms
0,0,729515.7817392696,869015.7799375504,17.811322094755575,7,14,1,0.999999028177489,0.051000000000000004,102.0
1,0,729476.6426533394,868992.2452372656,60.432937556202845,7,14,1,0.9999974458936045,0.051000000000000004,102.0
2,0,729521.5572035806,869027.911611818,18.993707027915242,7,14,1,0.9999989785849338,0.051000000000000004,102.0
3,0,729545.9657948987,869031.3520101107,22.21222187814263,7,14,1,0.9999988462046357,0.051000000000000004,102.0
4,0,729546.6666086817,869009.6561720045,13.710480133728401,7,14,1,0.9999992049511844,0.051000000000000004,102.0
5,0,729517.6043033442,869040.3690876812,31.549786302504053,7,14,1,0.9999984794082875,0.051000000000000004,102.0
6,0,729540.6225025208,869012.9778899248,7.2405486406515,7,14,1,0.9999995046508534,0.051000000000000004,102.0
7,0,729512.9345754492,869014.7551093271,20.51885746527494,7,14,1,0.9999989154018105,0.051000000000000004,102.0
9,0,729508.3920444665,868985.8451217442,36.9392323292516,7,14,1,0.9999982767788723,0.051000000000000004,102.0
10,0,729532.8151238612,868999.4114117511,13.648337175216197,7,14,1,0.9999992076944593,0.051000000000000004,102.0
11,0,729503.7578784731,869027.7282371783,33.06231227318669,7,14,1,0.9999984219587907,0.051000000000000004,102.0
13,0,729516.4497731559,869019.7411468485,18.20738824045511,7,14,1,0.9999990115033234,0.051000000000000004,102.0
14,0,729570.8774436677,869018.5739504307,37.90017028536417,7,14,1,0.9999982412248596,0.051000000000000004,102.0
15,0,729509.1208429101,869012.7142584058,24.26374483307387,7,14,1,0.9999987635986206,0.051000000000000004,102.0
16,0,729520.2227891498,869016.2618163745,13.546269507034658,7,14,1,0.9999992122048351,0.051000000000000004,102.0
17,0,729541.3472016917,869008.3445820063,9.249947502344902,7,14,1,0.9999994080501431,0.051000000000000004,102.0
18,0,729525.7622266978,869016.0697917029,8.197370367450942,7,14,1,0.9999994581696177,0.051000000000000004,102.0
19,0,729540.135557917,868995.3674727872,18.926335844754842,7,14,1,0.9999989813959235,0.051000000000000004,102.0
20,0,729540.645552601,869018.9355986099,9.349825592800208,7,14,1,0.9999994033448315,0.051000000000000004,102.0
21,0,729535.7631438539,869015.3166127393,3.2886532055505593,7,14,1,0.9999997093764191,0.051000000000000004,102.0
22,0,729552.1559834868,869016.78176644,19.141389015782433,7,14,1,0.9999989724291328,0.051000000000000004,102.0
23,0,729543.0099329127,869038.2786082736,27.00513105411539,7,14,1,0.9999986551050328,0.051000000000000004,102.0
24,0,729532.08067198,868986.074936956,27.004409773125214,7,14,1,0.9999986551333141,0.051000000000000004,102.0
25,0,729532.4968799816,868995.0876555308,17.98211513501599,7,14,1,0.9999990209793727,0.051000000000000004,102.0
26,0,729535.265443444,869011.6853651514,2.324417874361557,7,14,1,0.9999997639388349,0.051000000000000004,102.0
27,0,729517.403212035,869017.9913798744,16.726279742506648,7,14,1,0.9999990741928082,0.051000000000000004,102.0
28,0,729503.9994126637,868990.6542379793,36.94363820487492,7,14,1,0.9999982766154838,0.051000000000000004,102.0
29,0,729531.676404808,869014.6621714808,2.3485603051657065,7,14,1,0.9999997625400747,0.051000000000000004,102.0
30,0,729558.585245453,869016.0758886519,25.384191389395752,7,14,1,0.9999987190069473,0.051000000000000004,102.0
31,0,729538.771300161,869021.2866630598,9.844675712161557,7,14,1,0.9999993801531891,0.051000000000000004,102.0
32,0,729538.8840657539,868988.1964818445,25.45320082003595,7,14,1,0.9999987162720003,0.051000000000000004,102.0
33,0,729528.6162697411,869009.1439160774,6.1608871039322315,7,14,1,0.9999995583123183,0.051000000000000004,102.0
34,0,729543.423278435,869014.4718650021,10.141444550738932,7,14,1,0.9999993663382915,0.051000000000000004,102.0
35,0,729543.7223043448,869020.6349990559,12.824937017608974,7,14,1,0.9999992442490998,0.051000000000000004,102.0
36,0,729504.5182673376,869004.2352572345,30.17939180513553,7,14,1,0.9999985318835509,0.051000000000000004,102.0
37,0,729536.0940646549,869016.8828961514,4.696855027212178,7,14,1,0.9999996335509165,0.051000000000000004,102.0
38,0,729499.7405587904,869004.0233893329,34.83115182728617,7,14,1,0.9999983553638746,0.051000000000000004,102.0
39,0,729510.8100256254,869020.5020191087,23.77120653449687,7,14,1,0.9999987833149326,0.051000000000000004,102.0
40,0,729508.1072209787,869018.8581274652,25.934288445929894,7,14,1,0.9999986972419318,0.051000000000000004,102.0
41,0,729553.1670493829,869007.3974406687,20.57583407277209,7,14,1,0.9999989130576761,0.051000000000000004,102.0
42,0,729572.5889813361,869029.8962689439,42.673527581608724,7,14,1,0.9999980669115129,0.051000000000000004,102.0
43,0,729526.6690579223,869012.5183313979,6.734094586941931,7,14,1,0.9999995296508989,0.051000000000000004,102.0
44,0,729492.9913516622,869013.6719651893,40.39576116361495,7,14,1,0.9999981496297614,0.051000000000000004,102.0
45,0,729500.5430425905,869016.6421602778,33.03535445748816,7,14,1,0.99999842297856,0.051000000000000004,102.0
46,0,729538.3812968112,868999.5319524265,14.410845896830164,7,14,1,0.9999991741783839,0.051000000000000004,102.0
47,0,729551.9239301237,869021.9033290946,20.547746479978322,7,14,1,0.999998914213115,0.051000000000000004,102.0
48,0,729546.3326488113,868991.3977886554,25.22779425460284,7,14,1,0.9999987252100662,0.051000000000000004,102.0
49,0,729551.5389589132,869002.9872144838,20.757723966525724,7,14,1,0.999998905581936,0.051000000000000004,102.0
50,0,729567.1016934135,869016.534384714,33.899161223382386,7,14,1,0.9999983903751687,0.051000000000000004,102.0
51,0,729575.7477953271,869042.7186740212,51.7222109937369,7,14,1,0.9999977456621364,0.051000000000000004,102.0
52,0,729560.539149006,868973.551039274,47.93225967127795,7,14,1,0.9999978788730074,0.051000000000000004,102.0
53,0,729523.5262610217,869012.6934740569,9.86240461135829,7,14,1,0.999999379325959,0.051000000000000004,102.0
54,0,729531.2350178307,869021.1051474152,8.338409437861849,7,14,1,0.9999994513951814,0.051000000000000004,102.0
55,0,729492.8382273956,869021.9300940752,41.50558480099945,7,14,1,0.999998109224355,0.051000000000000004,102.0
56,0,729547.3785352221,869019.2942152161,15.326790670080168,7,14,1,0.999999134317233,0.051000000000000004,102.0
57,0,729533.8077726029,868984.2282428022,28.82285703051881,7,14,1,0.9999985842467443,0.051000000000000004,102.0
58,0,729529.6522124745,869015.6828604741,4.56685940475408,7,14,1,0.999999640392646,0.051000000000000004,102.0
59,0,729548.8833453404,869011.2040127191,15.610341588670178,7,14,1,0.9999991220614007,0.051000000000000004,102.0
61,0,729554.4744282335,869017.3500133288,21.526398704529456,7,14,1,0.9999988741143693,0.051000000000000004,102.0
62,0,729531.4324225121,869020.9578155166,8.146644785966371,7,14,1,0.9999994606107362,0.051000000000000004,102.0
63,0,729571.3771395729,869001.8338561284,39.61520515590974,7,14,1,0.9999981781665201,0.051000000000000004,102.0
64,0,729547.1844422576,869016.0491363291,14.124673096513138,7,14,1,0.9999991867206153,0.051000000000000004,102.0
65,0,729509.000786923,869012.4183891342,24.389632914178616,7,14,1,0.9999987585706843,0.051000000000000004,102.0
66,0,729601.6544274014,869005.7221018046,68.6640556047479,7,14,1,0.9999971697524389,0.051000000000000004,102.0
67,0,729525.1962336667,869018.0874164492,9.612892146832197,7,14,1,0.9999993909912234,0.051000000000000004,102.0
68,0,729512.3565874188,869043.29745113,36.83900179194437,7,14,1,0.9999982804967862,0.051000000000000004,102.0
69,0,729464.5751205231,869023.4501528667,69.58902648655526,7,14,1,0.9999971391075578,0.051000000000000004,102.0
70,0,729532.9124204456,869005.0785739417,7.98322502995942,7,14,1,0.9999994684921379,0.051000000000000004,102.0
71,0,729526.1724314317,869051.812949908,39.429768016127284,7,14,1,0.9999981849607519,0.051000000000000004,102.0
72,0,729562.7121713188,869002.3416070682,31.22287210827754,7,14,1,0.9999984918890588,0.051000000000000004,102.0
73,0,729540.7780087589,869013.9707417939,7.453062477370262,7,14,1,0.9999994942452846,0.051000000000000004,102.0
74,0,729550.6964112555,869005.8753379073,18.741002904837654,7,14,1,0.9999989891377632,0.051000000000000004,102.0
75,0,729534.9262997578,868988.7603818604,24.336605579255714,7,14,1,0.999998760688023,0.051000000000000004,102.0
76,0,729483.7329977886,869027.6134228805,51.7417166289605,7,14,1,0.9999977449811915,0.051000000000000004,102.0
77,0,729535.3697349124,869013.6155327121,2.0668975057869945,7,14,1,0.9999997789784454,0.051000000000000004,102.0
79,0,729520.1307720155,869010.3515779171,13.523064693129381,7,14,1,0.9999992132310662,0.051000000000000004,102.0
80,0,729520.321271008,869028.8901566366,20.53206060336711,7,14,1,0.9999989148585051,0.051000000000000004,102.0
81,0,729526.7274725514,869014.0229502576,6.72586364714471,7,14,1,0.9999995300596366,0.051000000000000004,102.0
82,0,729508.5320901605,869019.5982825703,25.699013866114562,7,14,1,0.9999987065406707,0.051000000000000004,102.0
83,0,729521.52256961,869017.1089911211,12.535749572029367,7,14,1,0.9999992571814231,0.051000000000000004,102.0
84,0,729527.663035991,869013.2625533808,5.723281453267686,7,14,1,0.999999580477044,0.051000000000000004,102.0
85,0,729529.7547631913,869042.6755965163,29.84888379359154,7,14,1,0.9999985446021827,0.051000000000000004,102.0
86,0,729544.1415592664,869039.7771883245,28.813425699869757,7,14,1,0.9999985846123098,0.051000000000000004,102.0
87,0,729537.5676754918,869006.1068641983,8.105320924894503,7,14,1,0.9999994626012428,0.051000000000000004,102.0
88,0,729510.556238107,868998.0931665011,27.288726685074344,7,14,1,0.9999986439956556,0.051000000000000004,102.0
89,0,729541.6361833827,869016.5918446098,8.982529223296359,7,14,1,0.9999994206901001,0.051000000000000004,102.0
90,0,729548.0294395615,869029.0825250514,21.717417107172476,7,14,1,0.9999988663253558,0.051000000000000004,102.0
91,0,729523.3908603229,869019.8506817926,12.08742155885327,7,14,1,0.9999992773313584,0.051000000000000004,102.0
92,0,729561.7702786251,869013.0948415409,28.388024407258886,7,14,1,0.9999986011233863,0.051000000000000004,102.0
93,0,729552.7115166165,869010.6664064466,19.475386566648716,7,14,1,0.9999989585375963,0.051000000000000004,102.0
94,0,729541.0960182084,869019.0087482227,9.74846465800462,7,14,1,0.9999993846467364,0.051000000000000004,102.0
95,0,729522.1453465271,869029.3373463259,19.7892166780409,7,14,1,0.9999989455227148,0.051000000000000004,102.0
96,0,729514.4580762191,869002.862113894,21.491333675784546,7,14,1,0.9999988755455037,0.051000000000000004,102.0
97,0,729484.0669000896,868989.5512463168,54.62694837117891,7,14,1,0.9999976447557305,0.051000000000000004,102.0
98,0,729544.0412700189,869013.3604049399,10.663555452963058,7,14,1,0.9999993421957588,0.051000000000000004,102.0
99,0,729539.0475547272,868996.5454784539,17.447838338574996,7,14,1,0.9999990435367272,0.051000000000000004,102.0
100,0,729583.3877400853,869017.9521281358,50.245354192136084,7,14,1,0.9999977973552141,0.051000000000000004,102.0
101,0,729528.5954911475,869023.8078171477,11.776587532739416,7,14,1,0.9999992913759778,0.051000000000000004,102.0
102,0,729523.5835954924,868981.9442765218,32.61063551857376,7,14,1,0.9999984390646284,0.051000000000000004,102.0
103,0,729546.1407769062,869028.6904593528,20.185805005893418,7,14,1,0.9999989291271837,0.051000000000000004,102.0
104,0,729526.1237186164,869009.575832101,8.046276642566902,7,14,1,0.9999994654481952,0.051000000000000004,102.0
105,0,729572.3766858261,869017.8695263817,39.291350030049074,7,14,1,0.9999981900359766,0.051000000000000004,102.0
106,0,729559.2850684779,869029.043975808,30.4438224885147,7,14,1,0.9999985217255268,0.051000000000000004,102.0
107,0,729585.232545454,869004.2309369993,52.59456785268622,7,14,1,0.9999977152529287,0.051000000000000004,102.0
109,0,729551.1738007221,869023.4346037603,20.601459518376352,7,14,1,0.9999989120037631,0.051000000000000004,102.0
110,0,729524.5331133952,869023.8154834423,13.937272197500377,7,14,1,0.9999991949575036,0.051000000000000004,102.0
111,0,729534.4917153055,869016.2360330111,3.3755936512561173,7,14,1,0.9999997045749784,0.051000000000000004,102.0
112,0,729498.8343239322,869024.450300143,36.38097772756855,7,14,1,0.9999982975096521,0.051000000000000004,102.0
113,0,729521.2475897674,869002.6826565913,15.95902626908627,7,14,1,0.999999107042792,0.051000000000000004,102.0
114,0,729568.1738971391,869012.6035946929,34.7944418441307,7,14,1,0.9999983567397386,0.051000000000000004,102.0
115,0,729540.4986725346,869008.70463905,8.337103140560748,7,14,1,0.9999994514578394,0.051000000000000004,102.0
116,0,729517.0041728788,869005.1077498425,18.201366470685155,7,14,1,0.9999990117563612,0.051000000000000004,102.0
117,0,729525.7120368632,869035.9308942338,24.134240053161783,7,14,1,0.9999987687758074,0.051000000000000004,102.0
118,0,729514.6822544647,869006.526261082,19.80464554682749,7,14,1,0.9999989448837964,0.051000000000000004,102.0
119,0,729547.341795974,869000.6460802767,18.672823208203145,7,14,1,0.9999989919891581,0.051000000000000004,102.0
120,0,729524.667015652,869007.5350823058,10.312510359784612,7,14,1,0.9999993584057487,0.051000000000000004,102.0
121,0,729537.8753044894,868995.3489869123,18.260360720613182,7,14,1,0.9999990092780205,0.051000000000000004,102.0
122,0,729536.858541265,869031.5475681134,18.823385233859764,7,14,1,0.9999989856947992,0.051000000000000004,102.0
123,0,729513.2135029515,869007.0074486313,21.05392736277232,7,14,1,0.999998893432349,0.051000000000000004,102.0
124,0,729509.9253624381,868998.5552253987,27.57293821420251,7,14,1,0.9999986328826395,0.051000000000000004,102.0
125,0,729486.3927599513,869019.5353389805,47.435243287559395,7,14,1,0.9999978964801782,0.051000000000000004,102.0
126,0,729523.5739806856,868989.3486596307,25.648777556732185,7,14,1,0.9999987085281009,0.051000000000000004,102.0
127,0,729526.3150548588,869019.7879973535,9.76595965543543,7,14,1,0.9999993838290835,0.051000000000000004,102.0
128,0,729520.028941138,869001.7375139107,17.499662202684156,7,14,1,0.9999990413435056,0.051000000000000004,102.0
129,0,729505.1087656601,869022.0667166773,29.677101111280745,7,14,1,0.9999985512226026,0.051000000000000004,102.0
130,0,729543.1161388404,869029.9920924664,19.54101859279006,7,14,1,0.9999989558127537,0.051000000000000004,102.0
131,0,729536.2185846617,869034.3077681294,21.448170682212464,7,14,1,0.9999988773077088,0.051000000000000004,102.0
133,0,729500.720951696,869011.1458262992,32.716682608194176,7,14,1,0.9999984350446584,0.051000000000000004,102.0
134,0,729538.4972745224,868989.0508272742,24.536205459463066,7,14,1,0.9999987527223767,0.051000000000000004,102.0
135,0,729516.4496382056,869002.6355291738,19.877965074883587,7,14,1,0.9999989418487799,0.051000000000000004,102.0
136,0,729543.1718779538,869012.5435800558,9.802569727912385,7,14,1,0.9999993821188494,0.051000000000000004,102.0
137,0,729537.1951278221,869007.5615050624,6.681234103315949,7,14,1,0.9999995322772752,0.051000000000000004,102.0
138,0,729543.9124607862,869017.7517701698,11.533007955971602,7,14,1,0.9999993024256296,0.051000000000000004,102.0
139,0,729532.3719280759,869013.2943491316,1.039973618677049,7,14,1,0.9999998415625568,0.051000000000000004,102.0
140,0,729549.9984931765,869005.1649634764,18.3912950202966,7,14,1,0.9999990037824568,0.051000000000000004,102.0
141,0,729562.9683793269,869036.5143063406,37.76249403043324,7,14,1,0.9999982463088003,0.051000000000000004,102.0
142,0,729549.2367159051,869016.6838539728,16.26599085534383,7,14,1,0.999999093868025,0.051000000000000004,102.0
143,0,729495.9134657644,869031.4209682884,41.73104924877578,7,14,1,0.9999981010396617,0.051000000000000004,102.0
144,0,729509.6152237032,869035.5630262172,32.73838452801856,7,14,1,0.9999984342222811,0.051000000000000004,102.0
145,0,729545.0822679575,869035.641171815,25.442929685032578,7,14,1,0.9999987166789777,0.051000000000000004,102.0
146,0,729554.0716724886,869009.5565856025,20.981899729087235,7,14,1,0.9999988963839874,0.051000000000000004,102.0
147,0,729524.4596753536,869006.0589152282,11.334012544285867,7,14,1,0.9999993114820467,0.051000000000000004,102.0
148,0,729537.1910988055,869005.7873075177,8.199028317270601,7,14,1,0.9999994580898722,0.051000000000000004,102.0
149,0,729545.1753468226,868992.2765243265,23.885741095260432,7,14,1,0.9999987787237428,0.051000000000000004,102.0
150,0,729525.5620443373,869010.672515017,8.173066941207818,7,14,1,0.9999994593388869,0.051000000000000004,102.0
151,0,729504.4801099137,869023.1444085987,30.614938725620544,7,14,1,0.9999985151605074,0.051000000000000004,102.0
152,0,729531.8360999092,868984.6559778181,28.43405213531856,7,14,1,0.999998599334809,0.051000000000000004,102.0
153,0,729549.9921810665,869018.5592133921,17.50035160880777,7,14,1,0.9999990413143369,0.051000000000000004,102.0
154,0,729530.3821242889,869037.5108229289,24.646150057880014,7,14,1,0.9999987483395837,0.051000000000000004,102.0
155,0,729518.685863263,868990.1478546163,27.210289154504103,7,14,1,0.9999986470662593,0.051000000000000004,102.0
156,0,729527.9945486408,869031.1345020913,18.871958603645343,7,14,1,0.9999989836660275,0.051000000000000004,102.0
157,0,729530.9622221966,869020.4434130294,7.781354598785537,7,14,1,0.9999994782643913,0.051000000000000004,102.0
158,0,729550.8427332973,869006.4019358102,18.68252137629064,7,14,1,0.999998991583453,0.051000000000000004,102.0
159,0,729554.259854592,868994.285460468,28.069626651947353,7,14,1,0.9999986135100395,0.051000000000000004,102.0
160,0,729543.5102775452,869014.8682533719,10.290264484061383,7,14,1,0.9999993594360668,0.051000000000000004,102.0
161,0,729519.2221124121,869009.9960821082,14.485325892921784,7,14,1,0.9999991709211501,0.051000000000000004,102.0
162,0,729545.7679742987,869014.2088430148,12.439966002248427,7,14,1,0.9999992614759569,0.051000000000000004,102.0
163,0,729510.2548345444,869023.655195965,25.44391484713073,7,14,1,0.999998716639941,0.051000000000000004,102.0
164,0,729515.5873294006,869012.7109674913,17.798154130606324,7,14,1,0.9999990287329529,0.051000000000000004,102.0
165,0,729569.7557988958,869056.6411546716,56.774982393795625,7,14,1,0.9999975707586823,0.051000000000000004,102.0
166,0,729544.851129393,869031.4090930887,21.648682332118966,7,14,1,0.9999988691267124,0.051000000000000004,102.0
167,0,729534.3663775236,869018.8790785929,5.913575535787468,7,14,1,0.9999995708070836,0.051000000000000004,102.0
168,0,729565.8037679606,868992.7261884096,38.26390481946777,7,14,1,0.9999982278091605,0.051000000000000004,102.0
170,0,729498.1933448587,869012.0690942591,35.20256017696491,7,14,1,0.9999983414582482,0.051000000000000004,102.0
171,0,729551.5829604003,869027.7100484445,23.371802599422654,7,14,1,0.9999987993559238,0.051000000000000004,102.0
172,0,729531.0883332855,869003.5572995704,9.763957776065014,7,14,1,0.9999993839226317,0.051000000000000004,102.0
173,0,729548.844609021,869023.4219223852,18.619944431120736,7,14,1,0.9999989942018903,0.051000000000000004,102.0
174,0,729533.029375829,869002.9956942031,10.05845825500958,7,14,1,0.9999993701945117,0.051000000000000004,102.0
175,0,729546.4537078431,869019.9482205265,14.78091654474836,7,14,1,0.9999991580222619,0.051000000000000004,102.0
176,0,729531.0968779693,869013.2092016347,2.2910959518907443,7,14,1,0.999999765872503,0.051000000000000004,102.0
177,0,729530.5052825444,869003.912304069,9.577963448155575,7,14,1,0.999999392628211,0.051000000000000004,102.0
178,0,729508.1692995441,869031.0351047987,30.971477871506075,7,14,1,0.9999985015024726,0.051000000000000004,102.0
179,0,729526.393266185,869003.8483042419,11.553360834899738,7,14,1,0.99999930150085,0.051000000000000004,102.0
180,0,729520.8540732263,869001.7725731082,16.854988013780094,7,14,1,0.9999990687079863,0.051000000000000004,102.0
181,0,729520.8616037659,869014.7851908511,12.640634117583412,7,14,1,0.9999992524852316,0.051000000000000004,102.0
183,0,729515.0642772542,869020.2992485213,19.701037912716203,7,14,1,0.9999989491759202,0.051000000000000004,102.0
184,0,729554.4905757897,869016.9640969136,21.46848247298275,7,14,1,0.9999988764783669,0.051000000000000004,102.0
185,0,729523.0126005728,869020.3752718753,12.6972449897651,7,14,1,0.999999249953243,0.051000000000000004,102.0
186,0,729534.291973617,869017.0150702962,4.07007238708785,7,14,1,0.9999996668169213,0.051000000000000004,102.0
187,0,729524.0449333363,869022.7738798304,13.482574527673606,7,14,1,0.9999992150224619,0.051000000000000004,102.0
188,0,729538.754518801,869007.0242438366,8.071304593020718,7,14,1,0.9999994642410012,0.051000000000000004,102.0
189,0,729531.6835504863,869014.4217380051,2.184718297580586,7,14,1,0.9999997720698706,0.051000000000000004,102.0
190,0,729515.7998435736,869026.000339535,21.838193175944575,7,14,1,0.9999988614067666,0.051000000000000004,102.0
191,0,729548.9126885927,869010.869036482,15.682502788963342,7,14,1,0.9999991189485504,0.051000000000000004,102.0
192,0,729556.9015193459,869019.0617957531,24.275918953089523,7,14,1,0.9999987631121889,0.051000000000000004,102.0
193,0,729546.6118856691,869014.8146646061,13.347036073469434,7,14,1,0.9999992210257613,0.051000000000000004,102.0
194,0,729562.4633639058,869017.3827060811,29.402359079035453,7,14,1,0.9999985618251939,0.051000000000000004,102.0
195,0,729552.359354534,869012.192968228,18.996312186815857,7,14,1,0.9999989784762712,0.051000000000000004,102.0
196,0,729529.7541707557,869018.8741659797,6.863523563876728,7,14,1,0.9999995232340583,0.051000000000000004,102.0
197,0,729538.128046875,869019.0226626209,7.630154731084179,7,14,1,0.9999994856107589,0.051000000000000004,102.0
198,0,729532.6195175102,869010.7310454345,2.4392449313687243,7,14,1,0.9999997573023979,0.051000000000000004,102.0
200,0,729536.9338221104,869009.7023448944,4.879189967288537,7,14,1,0.9999996240025549,0.051000000000000004,102.0
201,0,729517.9880998876,869010.3657727402,15.626109680863355,7,14,1,0.9999991213809937,0.051000000000000004,102.0
202,0,729522.6657056422,869025.7726926799,16.63622807946878,7,14,1,0.9999990780346482,0.051000000000000004,102.0
203,0,729591.6750494697,869029.6105564163,60.60004200326438,7,14,1,0.9999974402226198,0.051000000000000004,102.0
204,0,729523.8460572821,869015.9389953342,9.964832168753235,7,14,1,0.9999993745515264,0.051000000000000004,102.0
205,0,729540.7970171958,869017.3850204999,8.590007943520789,7,14,1,0.9999994393566666,0.051000000000000004,102.0
206,0,729516.441385359,869015.1057612104,17.06542992055394,7,14,1,0.9999990597557299,0.051000000000000004,102.0
207,0,729530.8596520672,869023.7862700751,11.030640821314629,7,14,1,0.9999993253405581,0.051000000000000004,102.0
208,0,729541.2900036185,869013.6290907708,7.929035389177997,7,14,1,0.9999994711113855,0.051000000000000004,102.0
209,0,729514.0897974832,869012.3545457562,19.30495280538173,7,14,1,0.9999989656209921,0.051000000000000004,102.0
210,0,729527.965693948,869007.2323632155,7.94737072460705,7,14,1,0.9999994702248243,0.051000000000000004,102.0
211,0,729557.9183608342,869025.2970274048,27.423681363956007,7,14,1,0.9999986387162211,0.051000000000000004,102.0
212,0,729557.209085773,869007.8174277279,24.394149234133824,7,14,1,0.999998758390389,0.051000000000000004,102.0
213,0,729542.2138675302,869020.5883902316,11.612700363768619,7,14,1,0.9999992988061915,0.051000000000000004,102.0
214,0,729533.2633943999,869000.8873315684,12.161208893918065,7,14,1,0.9999992740064129,0.051000000000000004,102.0
215,0,729544.2664663965,869023.9635120316,15.414750247824111,7,14,1,0.999999130511235,0.051000000000000004,102.0
216,0,729558.0685068753,869030.8606007555,30.441737095198892,7,14,1,0.999998521805575,0.051000000000000004,102.0
217,0,729522.3537664834,869010.7637155155,11.262600272602633,7,14,1,0.9999993147385897,0.051000000000000004,102.0
218,0,729486.9398565071,869023.0175581984,47.50045057380238,7,14,1,0.9999978941682793,0.051000000000000004,102.0
219,0,729568.2654933813,869012.5916757034,34.88618449098414,7,14,1,0.9999983533017738,0.051000000000000004,102.0
220,0,729529.8211046604,868988.2134217907,25.08856933468691,7,14,1,0.9999987307378032,0.051000000000000004,102.0
221,0,729548.007365294,869033.9042297715,25.47305955160782,7,14,1,0.9999987154852119,0.051000000000000004,102.0
222,0,729542.9699042675,869013.9359373213,9.628644570004383,7,14,1,0.9999993902532852,0.051000000000000004,102.0
223,0,729526.4761591101,869016.9204777592,7.917770151730991,7,14,1,0.9999994716562546,0.051000000000000004,102.0
224,0,729550.3965651103,869008.1036612822,17.718113328291068,7,14,1,0.9999990321108512,0.051000000000000004,102.0
225,0,729506.5603948472,869005.9678601921,27.740620379672677,7,14,1,0.9999986263355851,0.051000000000000004,102.0
226,0,729502.4269241487,869012.4590482425,30.96097014885517,7,14,1,0.9999985019045933,0.051000000000000004,102.0
227,0,729532.6999890569,869021.2945409832,8.27475977528766,7,14,1,0.9999994544500815,0.051000000000000004,102.0
228,0,729561.9443486446,869009.0214102444,28.8444816780218,7,14,1,0.9999985834086361,0.051000000000000004,102.0
230,0,729559.660190523,869016.0919258195,26.453612882492898,7,14,1,0.9999986767692223,0.051000000000000004,102.0
231,0,729532.583453373,869015.8221134486,2.8868800318368195,7,14,1,0.9999997318046305,0.051000000000000004,102.0
232,0,729521.2604992416,869033.8172789699,24.047921429409886,7,14,1,0.9999987722292683,0.051000000000000004,102.0
233,0,729569.4371976327,868994.2180009075,40.67583414228715,7,14,1,0.9999981394145742,0.051000000000000004,102.0
234,0,729524.9752094926,868981.0422664203,33.09144033692311,7,14,1,0.999998420857091,0.051000000000000004,102.0
235,0,729518.6454158818,869008.307011397,15.48070190327682,7,14,1,0.999999127659972,0.051000000000000004,102.0
236,0,729549.3583096092,869024.9386029167,19.915333700954925,7,14,1,0.9999989403026815,0.051000000000000004,102.0
237,0,729534.1927683554,869027.0582777241,14.033741303615406,7,14,1,0.999999190715014,0.051000000000000004,102.0
238,0,729534.737272453,869032.0470527295,19.047349517942973,7,14,1,0.9999989763480019,0.051000000000000004,102.0
239,0,729518.5958962056,868999.8467268756,19.821959124592624,7,14,1,0.9999989441669349,0.051000000000000004,102.0
240,0,729559.3423791024,868993.0640569028,32.76098939147216,7,14,1,0.9999984333657906,0.051000000000000004,102.0
241,0,729588.1473980435,869000.3022453384,56.22872895961288,7,14,1,0.9999975895278136,0.051000000000000004,102.0
242,0,729561.4202151231,869020.2016890988,28.936152682168988,7,14,1,0.9999985798569728,0.051000000000000004,102.0
243,0,729499.5939333099,868998.6203332993,36.73975551883655,7,14,1,0.9999982841799715,0.051000000000000004,102.0
244,0,729519.1308528946,868988.1725140611,28.668646898505067,7,14,1,0.9999985902267171,0.051000000000000004,102.0
245,0,729546.0842544006,868999.8431979422,18.32226911742879,7,14,1,0.9999990066787546,0.051000000000000004,102.0
246,0,729518.1784024369,868993.1919457526,25.008389732092425,7,14,1,0.9999987339236818,0.051000000000000004,102.0
247,0,729529.89475477,869002.5252441985,11.085596684982889,7,14,1,0.9999993228253727,0.051000000000000004,102.0
248,0,729535.971953997,869008.065550117,5.615224387048292,7,14,1,0.9999995859903705,0.051000000000000004,102.0
249,0,729567.8617623341,869009.1701397267,34.69684847913988,7,14,1,0.9999983603987288,0.051000000000000004,102.0
250,0,729526.0753909661,869015.1886212372,7.6140166919297085,7,14,1,0.9999994863962487,0.051000000000000004,102.0
251,0,729506.8841209869,869016.7508372229,26.755642803907396,7,14,1,0.9999986648953908,0.051000000000000004,102.0
252,0,729509.0698559147,869009.1680669826,24.620076308331186,7,14,1,0.9999987493786662,0.051000000000000004,102.0
253,0,729529.957521486,869011.1719174992,3.904944556413253,7,14,1,0.999999675703693,0.051000000000000004,102.0
254,0,729533.4839865903,869011.9276599976,1.1249053071290662,7,14,1,0.9999998361970657,0.051000000000000004,102.0
255,0,729495.2437216165,868989.761743915,44.68555074232075,7,14,1,0.9999979945011793,0.051000000000000004,102.0
256,0,729522.3103643543,869032.2441657125,22.160368816150466,7,14,1,0.9999988483094667,0.051000000000000004,102.0
257,0,729525.4200932255,869038.4439936201,26.614942933453857,7,14,1,0.999998670423819,0.051000000000000004,102.0
258,0,729520.9708505253,869001.3484819407,17.05642609710499,7,14,1,0.9999990601383617,0.051000000000000004,102.0
259,0,729549.7935390923,868994.9935877088,24.398551827460825,7,14,1,0.9999987582146391,0.051000000000000004,102.0
260,0,729541.4314095193,869013.387316512,8.056267202048488,7,14,1,0.9999994649662387,0.051000000000000004,102.0
261,0,729528.1941284768,869013.4851600261,5.206553076940239,7,14,1,0.999999606994214,0.051000000000000004,102.0
262,0,729559.209008292,868998.3779177704,29.702345741000485,7,14,1,0.9999985502492613,0.051000000000000004,102.0
263,0,729530.8985567577,869014.5853065294,2.92102415656462,7,14,1,0.999999729882605,0.051000000000000004,102.0
264,0,729519.6627650851,869005.5598517187,15.630009541376912,7,14,1,0.9999991212127297,0.051000000000000004,102.0
265,0,729523.9218421484,869018.9559507638,11.153676213334368,7,14,1,0.9999993197124601,0.051000000000000004,102.0
266,0,729534.0343253482,869013.0640006207,0.65222971433153,7,14,1,0.9999998666152099,0.051000000000000004,102.0
267,0,729539.4816476898,869000.5259025461,13.928533011215517,7,14,1,0.9999991953420808,0.051000000000000004,102.0
268,0,729520.3742904976,869018.9114612953,14.268454151428378,7,14,1,0.9999991804136614,0.051000000000000004,102.0
269,0,729541.9327449304,869028.5653851765,17.717244077182766,7,14,1,0.9999990321475499,0.051000000000000004,102.0
270,0,729541.9224111795,869012.3841612072,8.565876925921259,7,14,1,0.9999994405087544,0.051000000000000004,102.0
271,0,729465.8447607207,869028.9679667425,69.38850694801256,7,14,1,0.9999971457446106,0.051000000000000004,102.0
272,0,729515.5248306477,869011.2064676539,17.952160047508407,7,14,1,0.999999022240975,0.051000000000000004,102.0
273,0,729539.2901775002,869014.3448811573,6.048562357981978,7,14,1,0.999999563977247,0.051000000000000004,102.0
274,0,729526.0554392546,869018.0731569809,8.884559489124197,7,14,1,0.9999994253362868,0.051000000000000004,102.0
275,0,729566.016451382,869007.6591353258,33.07608986573927,7,14,1,0.9999984214376644,0.051000000000000004,102.0
276,0,729536.4622159926,869023.5633866816,10.95719584343784,7,14,1,0.999999328705237,0.051000000000000004,102.0
277,0,729505.1236899353,869020.8367148227,29.31234137808379,7,14,1,0.9999985653028927,0.051000000000000004,102.0
278,0,729532.5567081289,869003.5820844271,9.50180908431551,7,14,1,0.9999993962007492,0.051000000000000004,102.0
279,0,729526.9118032012,868997.0047905146,17.298858328627595,7,14,1,0.999999049847976,0.051000000000000004,102.0
280,0,729525.3533325131,869027.1156681055,16.197673865368795,7,14,1,0.9999990967964112,0.051000000000000004,102.0
281,0,729571.2447908592,869021.208776183,38.7319981783521,7,14,1,0.9999982105778732,0.051000000000000004,102.0
282,0,729534.2403574074,869004.9721515224,8.121264964789878,7,14,1,0.9999994618330469,0.051000000000000004,102.0
283,0,729514.3372590875,869041.6198049971,34.33749678042556,7,14,1,0.9999983738874919,0.051000000000000004,102.0
284,0,729512.9564953218,869019.1439329606,21.316052725270644,7,14,1,0.999998882705528,0.051000000000000004,102.0
285,0,729536.9169658162,869016.0916547563,4.664546593353044,7,14,1,0.9999996352486238,0.051000000000000004,102.0
286,0,729554.9847843454,869003.6737314917,23.548753275870407,7,14,1,0.9999987922432668,0.051000000000000004,102.0
287,0,729559.3291319053,869009.3572113276,26.20801543034334,7,14,1,0.9999986864421772,0.051000000000000004,102.0
288,0,729537.6886889791,869009.6009050119,5.516088255924678,7,14,1,0.9999995910630821,0.051000000000000004,102.0
289,0,729529.9749719886,869011.4798666027,3.750833302116853,7,14,1,0.9999996840472333,0.051000000000000004,102.0
290,0,729520.8482928501,869034.853009002,25.150772433023533,7,14,1,0.999998728267446,0.051000000000000004,102.0
291,0,729542.3562474342,869036.996767266,25.57493433453988,7,14,1,0.9999987114507082,0.051000000000000004,102.0
292,0,729560.5937928734,868999.8812598968,30.229583196494353,7,14,1,0.9999985299542521,0.051000000000000004,102.0
293,0,729546.0514379165,869023.9034142509,16.683768716510777,7,14,1,0.9999990760059925,0.051000000000000004,102.0
294,0,729521.661002868,869028.2070241672,19.162095156259646,7,14,1,0.999998971566706,0.051000000000000004,102.0
295,0,729537.579187541,869020.1906116128,8.284407496239563,7,14,1,0.999999453986787,0.051000000000000004,102.0
296,0,729526.6642230783,868984.6515225602,29.180302903885153,7,14,1,0.9999985704074328,0.051000000000000004,102.0
297,0,729517.4760935972,869001.5804996,19.608921627254766,7,14,1,0.999998952995307,0.051000000000000004,102.0
298,0,729552.9726231967,869011.8622093614,19.6261825800741,7,14,1,0.9999989522793836,0.051000000000000004,102.0
299,0,729530.8784992326,869017.4370314183,5.053012728711638,7,14,1,0.9999996149504468,0.051000000000000004,102.0
301,0,729530.5501536992,869010.2473676926,3.9830045861130436,7,14,1,0.9999996714959627,0.051000000000000004,102.0
302,0,729482.9453595867,869004.6841089817,51.125710126560875,7,14,1,0.9999977665085014,0.051000000000000004,102.0
303,0,729526.9562159505,869034.8413112402,22.721017970008447,7,14,1,0.9999988255968867,0.051000000000000004,102.0
304,0,729535.9877800982,869019.8844348667,7.316143973296371,7,14,1,0.9999995009438089,0.051000000000000004,102.0
305,0,729528.9915587212,868996.3708078328,17.245461006189956,7,14,1,0.9999990521123426,0.051000000000000004,102.0
306,0,729530.3363955904,869010.8983041525,3.7280702137673303,7,14,1,0.999999685283798,0.051000000000000004,102.0
307,0,729535.2480677946,869038.2494015627,25.270413767006783,7,14,1,0.9999987235189935,0.051000000000000004,102.0
308,0,729551.1528463081,868998.4467400447,22.99974279797858,7,14,1,0.9999988143421636,0.051000000000000004,102.0
309,0,729516.1049619212,869014.1454367792,17.312152488794236,7,14,1,0.9999990492844125,0.051000000000000004,102.0
310,0,729529.9202202111,868980.4099444285,32.82112059481882,7,14,1,0.9999984310879523,0.051000000000000004,102.0
311,0,729547.4646730447,869013.0791269084,14.082414604984592,7,14,1,0.9999991885763717,0.051000000000000004,102.0
312,0,729539.5704175269,869000.1947504915,14.265267633632842,7,14,1,0.9999991805533197,0.051000000000000004,102.0
313,0,729531.5363760546,869033.3849311476,20.42057384750638,7,14,1,0.99999891944808,0.051000000000000004,102.0
314,0,729544.6400407278,869012.9916126058,11.257888807789023,7,14,1,0.9999993149535641,0.051000000000000004,102.0
315,0,729532.4360870917,869007.3226325193,5.802988137907681,7,14,1,0.9999995764206451,0.051000000000000004,102.0
316,0,729517.4874318423,869010.218720681,16.144695714997127,7,14,1,0.9999990990687727,0.051000000000000004,102.0
317,0,729522.4920934228,869024.0104068612,15.452239435933624,7,14,1,0.9999991288902218,0.051000000000000004,102.0
318,0,729534.5852981618,869006.4186758122,6.737552975570123,7,14,1,0.9999995294791837,0.051000000000000004,102.0
319,0,729543.7829648033,868997.5052983484,18.701558288046563,7,14,1,0.9999989907871858,0.051000000000000004,102.0
320,0,729513.1326880876,869007.914988559,20.89004270238313,7,14,1,0.9999989001507965,0.051000000000000004,102.0
321,0,729539.6921504798,869016.2555130944,7.0783263660009705,7,14,1,0.9999995126270838,0.051000000000000004,102.0
322,0,729494.7348019046,869020.8603175278,39.42919609768576,7,14,1,0.9999981849817152,0.051000000000000004,102.0
323,0,729554.8918180468,869014.4640822512,21.556091370326392,7,14,1,0.9999988729028206,0.051000000000000004,102.0
324,0,729527.5897027055,869011.7293597009,5.940774882844791,7,14,1,0.9999995694289423,0.051000000000000004,102.0
325,0,729532.7794178581,869017.281894484,4.276641926236029,7,14,1,0.999999655774204,0.051000000000000004,102.0
326,0,729589.1389676769,869027.2574204454,57.538817915123545,7,14,1,0.9999975445679696,0.051000000000000004,102.0
327,0,729546.2354305617,869015.0657272732,13.01055474912337,7,14,1,0.9999992359745531,0.051000000000000004,102.0
328,0,729528.3381518236,869009.3255932378,6.268920801707458,7,14,1,0.99999955287917,0.051000000000000004,102.0
329,0,729529.7974495608,868998.7562429791,14.734458087067685,7,14,1,0.9999991600466437,0.051000000000000004,102.0
330,0,729510.366859142,868997.986828287,27.50541505739864,7,14,1,0.9999986355210322,0.051000000000000004,102.0
331,0,729549.6740744325,869019.9617454121,17.698095490930662,7,14,1,0.9999990329560619,0.051000000000000004,102.0
332,0,729532.8081174638,869008.018292013,5.062334410950355,7,14,1,0.9999996144663635,0.051000000000000004,102.0
333,0,729548.600426704,869014.4618767775,15.283676207191627,7,14,1,0.9999991361841633,0.051000000000000004,102.0
334,0,729542.798845764,869018.1308770615,10.70081870893657,7,14,1,0.9999993404803755,0.051000000000000004,102.0
335,0,729549.2837525102,869004.5166374141,18.04549441092598,7,14,1,0.999999018311265,0.051000000000000004,102.0
336,0,729534.5385917488,869001.3628133581,11.7422170304819,7,14,1,0.9999992929327893,0.051000000000000004,102.0
337,0,729539.781175585,869005.9059211784,9.589286033143397,7,14,1,0.999999392097452,0.051000000000000004,102.0
338,0,729534.754421781,869007.8434344919,5.3823614925609755,7,14,1,0.9999995979282865,0.051000000000000004,102.0
339,0,729536.2391709362,868986.1751728192,27.024218784790317,7,14,1,0.9999986543566575,0.051000000000000004,102.0
340,0,729547.1980139812,868985.4017468706,30.90610304559914,7,14,1,0.9999985040047008,0.051000000000000004,102.0
341,0,729527.4806237649,869019.373596179,8.651206960070333,7,14,1,0.9999994364372217,0.051000000000000004,102.0
342,0,729538.251381445,868988.2265603748,25.29446310229804,7,14,1,0.9999987225649776,0.051000000000000004,102.0
343,0,729524.8177544773,869019.7897890143,10.899705862117015,7,14,1,0.9999993313416286,0.051000000000000004,102.0
344,0,729535.2818801309,869026.994595072,14.075407031307602,7,14,1,0.9999991888841975,0.051000000000000004,102.0
345,0,729539.529123904,869007.3521231702,8.380100198221983,7,14,1,0.9999994493962826,0.051000000000000004,102.0
346,0,729531.9322262817,869015.03224865,2.45766104752507,7,14,1,0.9999997562418518,0.051000000000000004,102.0
347,0,729537.1286773689,869019.5292078005,7.486119122193767,7,14,1,0.9999994926310342,0.051000000000000004,102.0
348,0,729552.34130541,869011.806939042,18.99958645030896,7,14,1,0.9999989783397039,0.051000000000000004,102.0
349,0,729516.4787270298,869029.9966478203,23.93717998019551,7,14,1,0.9999987766630456,0.051000000000000004,102.0
350,0,729546.3001506823,869005.0031269231,15.2180936912272,7,14,1,0.9999991390257393,0.051000000000000004,102.0
351,0,729553.9485560006,869015.2545347704,20.6842972402822,7,14,1,0.999998908598415,0.051000000000000004,102.0
352,0,729514.3096093757,869011.2705071735,19.155328077683127,7,14,1,0.9999989718485421,0.051000000000000004,102.0
353,0,729531.9416570226,869007.8074797184,5.434892568865026,7,14,1,0.9999995952283514,0.051000000000000004,102.0
354,0,729520.5294035211,869001.2274559303,17.461989125278738,7,14,1,0.9999990429377439,0.051000000000000004,102.0
355,0,729514.6743479418,868982.8548163229,35.51919317433317,7,14,1,0.9999983296240937,0.051000000000000004,102.0
356,0,729534.5740078082,869022.4597382555,9.48692621173347,7,14,1,0.9999993968994858,0.051000000000000004,102.0
357,0,729500.2917471909,868999.0644966367,35.923828348146635,7,14,1,0.9999983145282205,0.051000000000000004,102.0
358,0,729455.0146451853,869025.4160289905,79.3376163174876,7,14,1,0.9999968204013161,0.051000000000000004,102.0
359,0,729561.7682348951,869013.9190179008,28.399303590760404,7,14,1,0.9999986006850444,0.051000000000000004,102.0
360,0,729532.1766395526,869011.7263779978,1.788903853429757,7,14,1,0.9999997954769483,0.051000000000000004,102.0
361,0,729528.1058358602,869002.2637929159,12.005800352648508,7,14,1,0.9999992810133185,0.051000000000000004,102.0
362,0,729539.9839288105,868985.4802583918,28.347129048444355,7,14,1,0.9999986027129577,0.051000000000000004,102.0
363,0,729538.2708643489,868983.2400267586,30.206141232919634,7,14,1,0.9999985308552631,0.051000000000000004,102.0
364,0,729522.8146227088,868975.323092387,39.17704980648453,7,14,1,0.9999981942293136,0.051000000000000004,102.0
365,0,729522.3761139936,868996.5971445387,19.793061372582127,7,14,1,0.9999989453634957,0.051000000000000004,102.0
367,0,729543.2270630859,869012.9176748338,9.845632200818489,7,14,1,0.9999993801085528,0.051000000000000004,102.0
368,0,729517.7737597376,869015.9400533278,15.874209169508818,7,14,1,0.9999991106907902,0.051000000000000004,102.0
369,0,729544.9740170144,869010.8533186215,11.797648689328906,7,14,1,0.9999992904223928,0.051000000000000004,102.0
370,0,729543.2484931446,869007.7951122364,11.177401670656526,7,14,1,0.9999993186283747,0.051000000000000004,102.0
371,0,729539.9008339497,869004.097653484,11.072459067519778,7,14,1,0.9999993234264558,0.051000000000000004,102.0
372,0,729502.6413851215,868989.9006836665,38.481161345664674,7,14,1,0.9999982198069285,0.051000000000000004,102.0
373,0,729539.3417372454,869014.5826574209,6.153882929350027,7,14,1,0.999999558665084,0.051000000000000004,102.0
374,0,729527.658052281,868996.4489389603,17.558314401498418,7,14,1,0.999999038862664,0.051000000000000004,102.0
375,0,729535.7822820084,869012.8305855023,2.4098130441423242,7,14,1,0.9999997589994866,0.051000000000000004,102.0
376,0,729525.4146328049,869005.952075709,10.669356620249715,7,14,1,0.9999993419286409,0.051000000000000004,102.0
377,0,729531.3512695299,869018.9794624852,6.269592253790494,7,14,1,0.9999995528454483,0.051000000000000004,102.0
378,0,729517.6748918161,869015.5960632259,15.9127396694974,7,14,1,0.9999991090331706,0.051000000000000004,102.0
379,0,729515.632829155,869032.360819331,26.23032653161662,7,14,1,0.9999986855627858,0.051000000000000004,102.0
380,0,729523.2872347368,868998.7546190313,17.498850639575966,7,14,1,0.9999990413778427,0.051000000000000004,102.0
381,0,729524.3584610526,869000.4880753035,15.465452653469507,7,14,1,0.9999991283190506,0.051000000000000004,102.0
382,0,729541.2831997528,868983.3278269465,30.752407889752057,7,14,1,0.9999985098911102,0.051000000000000004,102.0
383,0,729533.2775763621,869032.3695139444,19.32183848640275,7,14,1,0.9999989649187209,0.051000000000000004,102.0
384,0,729537.1063746297,869022.6806344325,10.327498062696174,7,14,1,0.9999993577118029,0.051000000000000004,102.0
385,0,729512.0385813395,869007.437746637,22.06872243049279,7,14,1,0.9999988520317142,0.051000000000000004,102.0
386,0,729530.7484434692,868998.7993894019,14.489958760098695,7,14,1,0.999999170718636,0.051000000000000004,102.0
387,0,729524.6231890131,869014.4013179019,8.863040175666313,7,14,1,0.9999994263579639,0.051000000000000004,102.0
388,0,729532.7752048137,869018.2026045733,5.190272121161538,7,14,1,0.9999996078361421,0.051000000000000004,102.0
389,0,729604.1326699888,869006.713856545,71.03334928466198,7,14,1,0.9999970914030037,0.051000000000000004,102.0
390,0,729530.0027042562,869015.4415635805,4.1413719270527505,7,14,1,0.999999662996249,0.051000000000000004,102.0
391,0,729532.1265305257,869006.0368752981,7.122656596265948,7,14,1,0.9999995104445366,0.051000000000000004,102.0
392,0,729519.8358723101,869022.420864386,16.472913004705028,7,14,1,0.999999085011302,0.051000000000000004,102.0
393,0,729504.8215615819,869037.412810753,37.54146195008653,7,14,1,0.9999982544777426,0.051000000000000004,102.0
394,0,729524.8146380103,869004.6872679717,11.971042936784896,7,14,1,0.9999992825825235,0.051000000000000004,102.0
395,0,729555.3769082436,869001.8296584524,24.69034983354985,7,14,1,0.9999987465785917,0.051000000000000004,102.0
396,0,729558.1750423354,869009.8408395209,24.999320787255844,7,14,1,0.999998734284143,0.051000000000000004,102.0
397,0,729531.0916193563,869012.3751228275,2.3874451272762207,7,14,1,0.999999760291054,0.051000000000000004,102.0
398,0,729533.315384178,869024.9069563302,11.859185858255456,7,14,1,0.9999992876378253,0.051000000000000004,102.0
399,0,729510.3162364983,869025.0408347709,25.997538792984685,7,14,1,0.9999986947446402,0.051000000000000004,102.0
400,0,729547.3097080598,869009.9750927808,14.262377092940065,7,14,1,0.9999991806800104,0.051000000000000004,102.0
401,0,729543.0997778538,868967.9384149372,46.144344168146255,7,14,1,0.9999979423673032,0.051000000000000004,102.0
402,0,729544.5438002424,869017.4770265245,12.008159003487187,7,14,1,0.9999992809068596,0.051000000000000004,102.0
403,0,729535.7209915082,868992.4532779043,20.727045365089534,7,14,1,0.9999989068420312,0.051000000000000004,102.0
404,0,729514.2840716993,869034.0238413262,28.367757829938267,7,14,1,0.9999986019110818,0.051000000000000004,102.0
405,0,729535.1429872384,869012.897162103,1.7671401236101258,7,14,1,0.9999997967810033,0.051000000000000004,102.0
406,0,729549.0187414539,869011.2747592238,15.736669299878457,7,14,1,0.9999991166135688,0.051000000000000004,102.0
407,0,729523.18161313,869015.747940467,10.551955606488688,7,14,1,0.9999993473392,0.051000000000000004,102.0
408,0,729528.9704356929,869000.605660872,13.201336011449376,7,14,1,0.9999992274907626,0.051000000000000004,102.0
409,0,729540.9664274765,869020.2988956856,10.492624858806138,7,14,1,0.9999993500773597,0.051000000000000004,102.0
410,0,729531.8908588027,868993.5730660001,19.53191853646791,7,14,1,0.999998956190465,0.051000000000000004,102.0
411,0,729552.4440460459,869015.1798481633,19.18059911198715,7,14,1,0.9999989707961393,0.051000000000000004,102.0
412,0,729541.4089312361,869068.3069500834,55.838902152834486,7,14,1,0.9999976029422661,0.051000000000000004,102.0
413,0,729532.9659037973,869037.0176518477,23.973309002638555,7,14,1,0.9999987752161446,0.051000000000000004,102.0
414,0,729531.7072729085,869046.6423348556,33.63610807400222,7,14,1,0.9999984002879567,0.051000000000000004,102.0
415,0,729537.3743056653,869025.1253638373,12.720057702130696,7,14,1,0.9999992489334605,0.051000000000000004,102.0
416,0,729540.6009268485,869028.4559513645,17.015137305955264,7,14,1,0.999999061893443,0.051000000000000004,102.0
417,0,729523.7442142229,869014.2681212935,9.715006776008329,7,14,1,0.9999993862111177,0.051000000000000004,102.0
418,0,729570.7594415321,869041.3669654555,46.893681362224804,7,14,1,0.9999979157032082,0.051000000000000004,102.0
419,0,729538.5985215809,868996.3974465127,17.448455942479214,7,14,1,0.999999043510583,0.051000000000000004,102.0
420,0,729531.2040532789,869008.3210318214,5.204668156477642,7,14,1,0.9999996070916671,0.051000000000000004,102.0
421,0,729535.4779466786,868992.1438481958,21.00889388757277,7,14,1,0.9999988952775795,0.051000000000000004,102.0
422,0,729513.9631579145,869012.0527427074,19.444620353191173,7,14,1,0.9999989598154677,0.051000000000000004,102.0
423,0,729526.6104315827,869020.2800846417,9.907660885234511,7,14,1,0.9999993772154243,0.051000000000000004,102.0
424,0,729527.3245640647,869005.855849275,9.403325182284503,7,14,1,0.999999400827867,0.051000000000000004,102.0
425,0,729538.687398162,869013.1629325431,5.30635094785442,7,14,1,0.9999996018422301,0.051000000000000004,102.0
426,0,729529.7959008014,868991.8383314823,21.51070703887409,7,14,1,0.999998874754754,0.051000000000000004,102.0
427,0,729560.5625484315,869034.6034843735,34.6901564381891,7,14,1,0.9999983606496955,0.051000000000000004,102.0
428,0,729523.9429060359,869027.7107028324,17.43840804561414,7,14,1,0.9999990439359451,0.051000000000000004,102.0
429,0,729530.0547215366,869023.9297287551,11.379175698601111,7,14,1,0.999999309424303,0.051000000000000004,102.0
430,0,729525.671128798,869025.6806340426,14.800220452083716,7,14,1,0.9999991571814348,0.051000000000000004,102.0
431,0,729521.1337286574,869005.3182651433,14.483628595233117,7,14,1,0.999999170995346,0.051000000000000004,102.0
432,0,729516.6997614966,869014.6793583478,16.762109597356076,7,14,1,0.9999990726652097,0.051000000000000004,102.0
433,0,729523.834305182,869039.0158027082,27.667543538081286,7,14,1,0.9999986291879643,0.051000000000000004,102.0
434,0,729523.7463835304,869016.0119081701,10.081455417744557,7,14,1,0.9999993691253456,0.051000000000000004,102.0
435,0,729545.296194259,869011.4821772557,12.016352109797856,7,14,1,0.999999280537087,0.051000000000000004,102.0
436,0,729515.071516365,869009.5945747541,18.63358265886998,7,14,1,0.9999989936310889,0.051000000000000004,102.0
437,0,729542.1242120017,869058.4835211156,46.26890352863597,7,14,1,0.9999979379296773,0.051000000000000004,102.0
438,0,729536.1612757256,869025.6798028072,12.933917340271897,7,14,1,0.9999992393884746,0.051000000000000004,102.0
439,0,729533.278569295,868988.1200620682,24.928112945899855,7,14,1,0.999998737115228,0.051000000000000004,102.0
440,0,729531.3844478935,869018.3628940881,5.678020556126701,7,14,1,0.9999995827843675,0.051000000000000004,102.0
441,0,729527.2120197801,869025.9631480955,14.3134333554232,7,14,1,0.9999991784428915,0.051000000000000004,102.0
443,0,729523.8720069056,869014.3858883999,9.603936420208466,7,14,1,0.9999993914108529,0.051000000000000004,102.0
444,0,729494.5989959628,869013.7633927182,38.78989518904411,7,14,1,0.9999982084491859,0.051000000000000004,102.0
445,0,729548.6581805667,869017.6380381738,15.95059772764764,7,14,1,0.9999991074051551,0.051000000000000004,102.0
446,0,729523.8081936076,869024.3886268612,14.841634693422806,7,14,1,0.9999991553781762,0.051000000000000004,102.0
447,0,729545.5554248607,869026.0094428667,17.78159720865147,7,14,1,0.9999990294314746,0.051000000000000004,102.0
448,0,729549.6919958338,869013.115496307,16.309842735317456,7,14,1,0.9999990919894488,0.051000000000000004,102.0
449,0,729528.1087477243,869021.3746086047,9.856133572732906,7,14,1,0.9999993796185372,0.051000000000000004,102.0
450,0,729537.3131759077,869005.4681573069,8.53845641992412,7,14,1,0.9999994418185401,0.051000000000000004,102.0
451,0,729507.5965681963,869002.3185499524,27.928906590087017,7,14,1,0.9999986189924064,0.051000000000000004,102.0
452,0,729517.5783887461,869000.8731024858,19.94969984705774,7,14,1,0.999998938881256,0.051000000000000004,102.0
453,0,729529.5588953265,869022.128372299,9.852526118170605,7,14,1,0.9999993797868586,0.051000000000000004,102.0
454,0,729546.7936405746,869015.9356574586,13.71871155546991,7,14,1,0.9999992045879716,0.051000000000000004,102.0
455,0,729521.2306953655,869007.3017614125,13.441730269381615,7,14,1,0.9999992168304551,0.051000000000000004,102.0
456,0,729528.3950916976,869013.7797407252,5.040603169049792,7,14,1,0.9999996155950984,0.051000000000000004,102.0
457,0,729527.3236427233,869013.8643238337,6.113402777085749,7,14,1,0.999999560705114,0.051000000000000004,102.0
458,0,729527.1411572874,869007.5503103152,8.317206117737145,7,14,1,0.9999994524124206,0.051000000000000004,102.0
459,0,729512.2879928929,869026.860537236,25.2142183202404,7,14,1,0.9999987257488429,0.051000000000000004,102.0
460,0,729526.4208964284,869028.0071251907,16.499626898004284,7,14,1,0.9999990838692956,0.051000000000000004,102.0
461,0,729520.8929812445,869023.1574013527,16.068096545865963,7,14,1,0.9999991023565773,0.051000000000000004,102.0
462,0,729531.7938635353,869020.220493243,7.346315555585959,7,14,1,0.9999994994659837,0.051000000000000004,102.0
463,0,729524.7971151959,869008.4882941294,9.720896176848187,7,14,1,0.9999993859356835,0.051000000000000004,102.0
465,0,729517.9086273379,869043.8296377102,34.45208350009166,7,14,1,0.9999983695835989,0.051000000000000004,102.0
466,0,729509.2381883388,869016.9275250973,24.453809885659776,7,14,1,0.9999987560092353,0.051000000000000004,102.0
467,0,729558.3090904993,869006.0252997603,25.897161677192848,7,14,1,0.9999986987082965,0.051000000000000004,102.0
468,0,729540.9031739827,869017.1732790811,8.577990193032159,7,14,1,0.9999994399303637,0.051000000000000004,102.0
469,0,729565.1280021477,869004.8530968154,32.786366427889426,7,14,1,0.9999984324043889,0.051000000000000004,102.0
470,0,729543.7938930206,869007.7296077661,11.69129071709604,7,14,1,0.9999992952409142,0.051000000000000004,102.0
471,0,729525.8710301584,869023.1679880957,12.60293826294708,7,14,1,0.9999992541722929,0.051000000000000004,102.0
472,0,729520.623892343,869028.2819925544,19.870897240939655,7,14,1,0.9999989421412634,0.051000000000000004,102.0
473,0,729524.2973413187,869006.9663722836,10.932613844073957,7,14,1,0.9999993298322397,0.051000000000000004,102.0
474,0,729543.2697041493,868993.9084225037,21.542580308664185,7,14,1,0.9999988734540756,0.051000000000000004,102.0
475,0,729555.7859607216,869034.3061081378,30.884190549031164,7,14,1,0.9999985048436144,0.051000000000000004,102.0
476,0,729536.4738426562,869032.2889277932,19.48775388052477,7,14,1,0.9999989580240204,0.051000000000000004,102.0
477,0,729555.4723924872,869013.4014904103,22.09292834206872,7,14,1,0.99999885104832,0.051000000000000004,102.0
478,0,729524.1476502218,868990.5730688089,24.29813418733901,7,14,1,0.9999987622246636,0.051000000000000004,102.0
479,0,729545.8343209986,869001.7655667851,16.80313607880515,7,14,1,0.9999990709167482,0.051000000000000004,102.0
480,0,729540.7757115337,869009.5327741025,8.186523380440162,7,14,1,0.9999994586914099,0.051000000000000004,102.0
481,0,729529.423555574,868997.5545668459,15.991147824394625,7,14,1,0.9999991056621134,0.051000000000000004,102.0
482,0,729536.6219001595,869005.8297327189,7.911880233657925,7,14,1,0.9999994719411844,0.051000000000000004,102.0
483,0,729528.3464387498,869019.1122941084,7.882638197805496,7,14,1,0.9999994733563049,0.051000000000000004,102.0
484,0,729555.7382041513,869023.5560592319,24.702366938272124,7,14,1,0.9999987460999067,0.051000000000000004,102.0
485,0,729509.1380618036,869028.5475073028,28.7753146582054,7,14,1,0.9999985860897399,0.051000000000000004,102.0
486,0,729551.4239780084,869022.3530906052,20.29994754999945,7,14,1,0.9999989244188434,0.051000000000000004,102.0
487,0,729532.8452850501,868997.4995573328,15.557672664450557,7,14,1,0.9999991243349705,0.051000000000000004,102.0
488,0,729537.5203011058,869010.5633680124,4.826624610606388,7,14,1,0.9999996267496042,0.051000000000000004,102.0
489,0,729508.5658681039,869029.4757143913,29.761150534169772,7,14,1,0.9999985479825315,0.051000000000000004,102.0
490,0,729528.4419405187,869026.0698812036,13.927581774234856,7,14,1,0.9999991953839434,0.051000000000000004,102.0
491,0,729554.7894774817,869000.4681555487,24.829800861880734,7,14,1,0.9999987410262715,0.051000000000000004,102.0
492,0,729509.0698336486,869011.3016851378,24.375092810204684,7,14,1,0.9999987591511781,0.051000000000000004,102.0
493,0,729548.0829454563,869016.8268779097,15.178583963609304,7,14,1,0.9999991407386446,0.051000000000000004,102.0
494,0,729547.6055905868,869012.8928733999,14.224143131697677,7,14,1,0.9999991823561971,0.051000000000000004,102.0
495,0,729546.8177749154,869012.4366787483,13.449380654205587,7,14,1,0.9999992164917354,0.051000000000000004,102.0
496,0,729554.1995701174,869048.3555411124,40.98761237866761,7,14,1,0.9999981280577973,0.051000000000000004,102.0
497,0,729530.61980083,869032.5319319048,19.67883518292217,7,14,1,0.9999989500962189,0.051000000000000004,102.0
498,0,729514.0078661812,869000.6996791156,22.97495230511658,7,14,1,0.9999988153422116,0.051000000000000004,102.0
499,0,729526.8771376855,868989.6336956898,24.301127164379853,7,14,1,0.9999987621051015,0.051000000000000004,102.0
500,0,729558.8922606359,869026.2516108946,28.7244646573194,7,14,1,0.9999985880615546,0.051000000000000004,102.0
501,0,729531.601272935,868972.0003091343,41.086270332731324,7,14,1,0.9999981244673286,0.051000000000000004,102.0
502,0,729530.45498205,868977.3961971662,35.77173865766923,7,14,1,0.9999983201987075,0.051000000000000004,102.0
503,0,729529.2685186681,868994.9728628732,18.53732037422953,7,14,1,0.9999989976615179,0.051000000000000004,102.0
504,0,729514.8483485318,869007.6750753665,19.297019870638685,7,14,1,0.9999989659509579,0.051000000000000004,102.0
505,0,729553.4402921927,869009.1488172357,20.433468688011164,7,14,1,0.9999989189170143,0.051000000000000004,102.0
506,0,729537.5440043047,868987.410730917,25.972818804747966,7,14,1,0.999998695720523,0.051000000000000004,102.0
507,0,729533.0438151147,869042.7894776724,29.743444438037955,7,14,1,0.9999985486649591,0.051000000000000004,102.0
508,0,729530.4181116784,869011.2391579001,3.4724822120382095,7,14,1,0.9999996992447097,0.051000000000000004,102.0
509,0,729537.7510361153,869020.9095949847,8.993955409009027,7,14,1,0.9999994201487628,0.051000000000000004,102.0
510,0,729508.8596138172,869008.3740023862,24.96412753104707,7,14,1,0.9999987356831801,0.051000000000000004,102.0
511,0,729530.7573170557,869008.2194548983,5.495903232064614,7,14,1,0.9999995920976626,0.051000000000000004,102.0
512,0,729528.106156358,869007.1815352862,7.8900283213444435,7,14,1,0.9999994729985913,0.051000000000000004,102.0
513,0,729517.8434361052,869024.5317069853,19.321814980907224,7,14,1,0.9999989649196983,0.051000000000000004,102.0
514,0,729540.1881585428,869004.3204552728,11.067480828815713,7,14,1,0.9999993236542555,0.051000000000000004,102.0
515,0,729537.2749628444,869023.965399565,11.590659287813908,7,14,1,0.9999992998068232,0.051000000000000004,102.0
516,0,729569.3285880139,868991.5912908058,41.86316698116097,7,14,1,0.9999980962472769,0.051000000000000004,102.0
517,0,729521.2084540946,869039.4881202715,29.108151236153628,7,14,1,0.9999985731985109,0.051000000000000004,102.0
518,0,729531.013038742,868998.3980854431,14.840221262297792,7,14,1,0.9999991554397055,0.051000000000000004,102.0
519,0,729556.2262010775,869010.417028218,22.994911118939836,7,14,1,0.9999988145370586,0.051000000000000004,102.0
520,0,729547.1483015142,869017.4985137647,14.46756469053567,7,14,1,0.9999991716976391,0.051000000000000004,102.0
521,0,729559.4560727301,869006.1187604744,26.978802573636255,7,14,1,0.9999986561374511,0.051000000000000004,102.0
522,0,729502.7460507798,869018.2740157255,31.078786972865334,7,14,1,0.9999984973972399,0.051000000000000004,102.0
523,0,729526.8271158906,868999.7407412323,14.83416315871046,7,14,1,0.9999991557034377,0.051000000000000004,102.0
524,0,729540.1820151134,869022.1739304595,11.380666624349704,7,14,1,0.9999993093563964,0.051000000000000004,102.0
525,0,729532.8802785189,869026.5105943655,13.47199181669094,7,14,1,0.9999992154908215,0.051000000000000004,102.0
526,0,729537.1821783959,869039.5120026703,26.73545820155278,7,14,1,0.9999986656881747,0.051000000000000004,102.0
527,0,729529.2370996838,869027.8778973963,15.3983665803057,7,14,1,0.9999991312198697,0.051000000000000004,102.0
528,0,729539.9391547397,869007.0254310685,8.902992874918588,7,14,1,0.9999994244614459,0.051000000000000004,102.0
529,0,729537.6663770775,869016.7027387423,5.631233464269906,7,14,1,0.9999995851725128,0.051000000000000004,102.0
530,0,729533.8241124757,869003.9852840023,9.073438522837604,7,14,1,0.9999994163862336,0.051000000000000004,102.0
531,0,729535.649460263,869016.1754065679,3.862767741129312,7,14,1,0.9999996779822895,0.051000000000000004,102.0
532,0,729513.8649241392,869005.5247867901,20.917117582416008,7,14,1,0.9999988990402278,0.051000000000000004,102.0
533,0,729539.441658334,869010.5985808552,6.535699157023678,7,14,1,0.9999995395254195,0.051000000000000004,102.0
534,0,729556.1274219591,869005.5976396278,23.93424652177603,7,14,1,0.9999987767805422,0.051000000000000004,102.0
535,0,729581.599366157,868984.3648934967,56.10351512925777,7,14,1,0.9999975938347525,0.051000000000000004,102.0
536,0,729575.212144781,869006.1646173411,42.39241561021408,7,14,1,0.9999980770766027,0.051000000000000004,102.0
537,0,729550.2589558704,869022.239642755,19.21740872697688,7,14,1,0.9999989692636492,0.051000000000000004,102.0
538,0,729552.9566513831,869017.1470988534,19.998961336955592,7,14,1,0.9999989368444869,0.051000000000000004,102.0
539,0,729546.6790207904,869007.2969476373,14.487135880261071,7,14,1,0.9999991708420297,0.051000000000000004,102.0
540,0,729513.2965316599,868992.4393801958,28.77761865148316,7,14,1,0.9999985860004122,0.051000000000000004,102.0
541,0,729522.2074127179,869016.5784926007,11.719326504250684,7,14,1,0.9999992939700431,0.051000000000000004,102.0
542,0,729536.0828200927,869002.6122035999,10.779510301200826,7,14,1,0.9999993368611614,0.051000000000000004,102.0
543,0,729514.7961259444,869004.7383480987,20.35915617696122,7,14,1,0.999998921978333,0.051000000000000004,102.0
544,0,729539.3096585436,869020.5381849023,9.551813642963726,7,14,1,0.9999993938544115,0.051000000000000004,102.0
545,0,729520.2792240857,869011.1678078219,13.237272469568458,7,14,1,0.9999992258950642,0.051000000000000004,102.0
546,0,729527.8192892319,868987.9722786243,25.68534149139051,7,14,1,0.9999987070815041,0.051000000000000004,102.0
547,0,729526.8410582303,869032.692598778,20.705062538834262,7,14,1,0.9999989077451561,0.051000000000000004,102.0
548,0,729526.2841973612,869004.7464984839,10.922326266737787,7,14,1,0.9999993303040173,0.051000000000000004,102.0
549,0,729529.6091106728,869011.6151437408,4.0360704341456435,7,14,1,0.9999996686424245,0.051000000000000004,102.0
550,0,729522.7649386191,868973.5177160738,40.931263550475876,7,14,1,0.9999981301092005,0.051000000000000004,102.0
551,0,729564.7834627093,868989.8542778636,39.038190511021845,7,14,1,0.9999981993265971,0.051000000000000004,102.0
552,0,729535.1713636456,869018.4204403121,5.662537161017418,7,14,1,0.9999995835743427,0.051000000000000004,102.0
553,0,729538.6160368697,869020.1600204202,8.830259912645538,7,14,1,0.9999994279150661,0.051000000000000004,102.0
554,0,729534.5406193854,869008.2384854144,4.946994892935196,7,14,1,0.9999996204657357,0.051000000000000004,102.0
555,0,729508.9200285296,869013.5334245022,24.46708107149951,7,14,1,0.9999987554797,0.051000000000000004,102.0
556,0,729530.8957064735,868979.4163149489,33.72344301282885,7,14,1,0.9999983969953351,0.051000000000000004,102.0
557,0,729553.6738156092,869006.0915073927,21.450830162412746,7,14,1,0.9999988771991127,0.051000000000000004,102.0
558,0,729558.9411359911,869022.1451772624,27.129574908081878,7,14,1,0.9999986502276261,0.051000000000000004,102.0
559,0,729526.9098092698,869021.683417659,10.791857447884416,7,14,1,0.9999993362936899,0.051000000000000004,102.0
560,0,729508.2088889937,869016.5240975368,25.412276626789705,7,14,1,0.9999987178937291,0.051000000000000004,102.0
561,0,729535.8267376461,869019.8335888177,7.2124946443117715,7,14,1,0.999999506028151,0.051000000000000004,102.0
562,0,729500.9507065866,868995.6611834764,36.79820326548514,7,14,1,0.9999982820106686,0.051000000000000004,102.0
563,0,729547.598660454,869040.9272488364,31.2947263134213,7,14,1,0.999998489143859,0.051000000000000004,102.0
564,0,729534.9452348559,869024.2577162968,11.318190719583882,7,14,1,0.9999993122032546,0.051000000000000004,102.0
565,0,729511.7604170571,869018.2541305962,22.239823215911418,7,14,1,0.9999988450845883,0.051000000000000004,102.0
566,0,729525.9182840267,869009.7517830573,8.15942438025722,7,14,1,0.9999994599954972,0.051000000000000004,102.0
567,0,729516.465881128,869014.0307021001,16.944933515341123,7,14,1,0.9999990648793236,0.051000000000000004,102.0
568,0,729533.3652030291,869017.9107159053,4.862786715107364,7,14,1,0.9999996248592982,0.051000000000000004,102.0
569,0,729534.7465050449,869031.9500085677,18.951214847678212,7,14,1,0.9999989803576713,0.051000000000000004,102.0
570,0,729547.4198266298,868995.6022399745,22.392085038676154,7,14,1,0.9999988389102626,0.051000000000000004,102.0
571,0,729539.1485335474,868999.8751835304,14.379553200390571,7,14,1,0.9999991755477686,0.051000000000000004,102.0
572,0,729523.1451317116,869021.2530659699,13.119574939201877,7,14,1,0.9999992311239917,0.051000000000000004,102.0
573,0,729558.3988993043,869009.4858904757,25.268932074945905,7,14,1,0.9999987235777762,0.051000000000000004,102.0
574,0,729543.5951328223,869009.837756472,10.705489262217174,7,14,1,0.9999993402654412,0.051000000000000004,102.0
575,0,729536.4428987761,868987.6973358776,25.534709946150937,7,14,1,0.9999987130433579,0.051000000000000004,102.0
576,0,729526.6152691377,869004.130904931,11.194037172563398,7,14,1,0.9999993178684811,0.051000000000000004,102.0
577,0,729521.149912953,869018.8685101476,13.546583813049162,7,14,1,0.9999992121909369,0.051000000000000004,102.0
578,0,729513.8414327935,869041.3532753766,34.39529237513635,7,14,1,0.9999983717163617,0.051000000000000004,102.0
579,0,729540.7436334268,868983.3280628936,30.617994245294042,7,14,1,0.9999985150433393,0.051000000000000004,102.0
580,0,729528.6768866072,869009.5299504021,5.875136995518896,7,14,1,0.9999995727563926,0.051000000000000004,102.0
581,0,729545.5086863983,868986.8796807087,28.841432329565805,7,14,1,0.9999985835268133,0.051000000000000004,102.0
582,0,729566.0270799993,868996.8545566656,36.44047761876242,7,14,1,0.9999982952974326,0.051000000000000004,102.0
583,0,729542.198140918,869016.3195254586,9.403314383114372,7,14,1,0.9999994008283748,0.051000000000000004,102.0
584,0,729531.7843378069,869020.9033969174,8.016318480557638,7,14,1,0.9999994668939982,0.051000000000000004,102.0
585,0,729506.4764611857,869009.5242758859,27.135587816061598,7,14,1,0.9999986499920588,0.051000000000000004,102.0
586,0,729535.4579070623,869044.0739452317,31.09533698117691,7,14,1,0.9999984967643247,0.051000000000000004,102.0
587,0,729521.2049474408,868990.9981960215,25.18888247463864,7,14,1,0.9999987267544623,0.051000000000000004,102.0
588,0,729535.307656372,869011.1861848676,2.678288282454958,7,14,1,0.9999997436151551,0.051000000000000004,102.0
589,0,729527.677500994,868975.5194230237,37.95965858829623,7,14,1,0.9999982390291704,0.051000000000000004,102.0
590,0,729534.8029083157,868993.5490832153,19.55055788338329,7,14,1,0.9999989554168445,0.051000000000000004,102.0
591,0,729519.286815251,869000.0406784434,19.17998551190284,7,14,1,0.9999989708216898,0.051000000000000004,102.0
592,0,729528.7570666422,869032.2871684015,19.787366881850534,7,14,1,0.9999989455993217,0.051000000000000004,102.0
593,0,729506.3443051854,869036.4341758447,35.748677028422954,7,14,1,0.999998321058909,0.051000000000000004,102.0
594,0,729530.7564701035,868999.3004260148,13.996057115100582,7,14,1,0.9999991923716817,0.051000000000000004,102.0
595,0,729536.5360352291,869011.114278468,3.699352881250611,7,14,1,0.9999996868453765,0.051000000000000004,102.0
596,0,729537.8906033929,869004.1226386372,9.999310513503435,7,14,1,0.9999993729462395,0.051000000000000004,102.0
597,0,729528.6606326493,869015.5924005171,5.363604881138584,7,14,1,0.9999995988933051,0.051000000000000004,102.0
598,0,729540.3777300892,868990.2119204543,23.88348399185094,7,14,1,0.9999987788141829,0.051000000000000004,102.0
599,0,729526.8811114895,868983.7762078916,29.985009354786882,7,14,1,0.9999985393607759,0.051000000000000004,102.0
600,0,729536.6240420399,869019.9697134672,7.643272802587294,7,14,1,0.999999484972459,0.051000000000000004,102.0
601,0,729517.8401546971,869014.0587565501,15.57497261981252,7,14,1,0.9999991235880337,0.051000000000000004,102.0
602,0,729556.9678714112,869016.0820199334,23.779929282451544,7,14,1,0.9999987829651388,0.051000000000000004,102.0
603,0,729543.9224771649,868996.1045194261,19.954338770592123,7,14,1,0.9999989386894175,0.051000000000000004,102.0
604,0,729532.1343689907,869004.5498262913,8.589271066162159,7,14,1,0.9999994393918396,0.051000000000000004,102.0
605,0,729554.8796992135,869019.7866571516,22.528837668666462,7,14,1,0.9999988333711308,0.051000000000000004,102.0
606,0,729505.2821969851,869020.9471318256,29.189250075694275,7,14,1,0.9999985700614106,0.051000000000000004,102.0
607,0,729520.7206154694,869013.4552050012,12.66822502385306,7,14,1,0.999999251250955,0.051000000000000004,102.0
608,0,729552.0548209153,869033.5926116565,27.762313395102524,7,14,1,0.9999986254891066,0.051000000000000004,102.0
609,0,729554.0330360165,869010.4212941569,20.817121783815377,7,14,1,0.9999989031431525,0.051000000000000004,102.0
610,0,729530.8923684999,869008.4940033035,5.1902059850699676,7,14,1,0.9999996078395629,0.051000000000000004,102.0
611,0,729511.2060719274,868996.6056130237,27.606802177023646,7,14,1,0.9999986315598733,0.051000000000000004,102.0
612,0,729554.50097826,869005.4903097724,22.430268282594476,7,14,1,0.9999988373630629,0.051000000000000004,102.0
613,0,729537.3800469076,869037.505702655,24.782317299849677,7,14,1,0.9999987429162367,0.051000000000000004,102.0
614,0,729552.5330347688,869047.2519733408,39.20032518834526,7,14,1,0.9999981933752312,0.051000000000000004,102.0
615,0,729519.7820007176,869014.211110179,13.649940235327092,7,14,1,0.999999207623666,0.051000000000000004,102.0
616,0,729515.3339000606,869056.9877863112,47.50213563532172,7,14,1,0.9999978941085436,0.051000000000000004,102.0
617,0,729523.4806464814,869009.705957638,10.450434296381898,7,14,1,0.9999993520260648,0.051000000000000004,102.0
618,0,729533.0872750587,868996.5605317067,16.49006675485092,7,14,1,0.9999990842779504,0.051000000000000004,102.0
619,0,729552.510109558,869032.7910755079,27.489343565447747,7,14,1,0.9999986361491768,0.051000000000000004,102.0
620,0,729532.420619411,869019.6929153978,6.71418338683608,7,14,1,0.9999995306398002,0.051000000000000004,102.0
621,0,729531.7552904937,869003.1243976624,10.05605344726135,7,14,1,0.9999993703063378,0.051000000000000004,102.0
622,0,729515.8643743846,869020.3940369436,18.995850285999282,7,14,1,0.9999989784955373,0.051000000000000004,102.0
623,0,729529.0058114753,869015.3883903475,4.9629837583882175,7,14,1,0.9999996196328106,0.051000000000000004,102.0
624,0,729535.9336443905,869015.7525353697,3.7180810128067088,7,14,1,0.9999996858267884,0.051000000000000004,102.0
625,0,729567.34339917,868992.9020442199,39.486891853288164,7,14,1,0.9999981828671831,0.051000000000000004,102.0
626,0,729544.5102177003,869024.3517006331,15.862070470034315,7,14,1,0.9999991112131524,0.051000000000000004,102.0
627,0,729522.9183046585,869026.5818317372,17.107330471052457,7,14,1,0.9999990579755599,0.051000000000000004,102.0
628,0,729541.5778489867,869002.571691172,13.301102634830372,7,14,1,0.999999223062613,0.051000000000000004,102.0
629,0,729545.0967090427,869027.9567288699,18.960457729155394,7,14,1,0.9999989799720073,0.051000000000000004,102.0
630,0,729496.6729816634,869021.0971646375,37.581421494497675,7,14,1,0.9999982530002753,0.051000000000000004,102.0
631,0,729551.5110927607,868999.8052603725,22.45044445155666,7,14,1,0.999998836545704,0.051000000000000004,102.0
632,0,729531.8157107584,869025.7958320043,12.843770482413927,7,14,1,0.9999992434086085,0.051000000000000004,102.0
633,0,729537.4355026074,869003.4377977017,10.429943101893096,7,14,1,0.999999352972991,0.051000000000000004,102.0
634,0,729535.8503907406,869009.1718887013,4.595152823637402,7,14,1,0.9999996389010761,0.051000000000000004,102.0
635,0,729542.8486541241,868993.3770883443,21.830143272271307,7,14,1,0.9999988617344493,0.051000000000000004,102.0
636,0,729524.3365705656,869007.0537727312,10.851514400088242,7,14,1,0.9999993335534071,0.051000000000000004,102.0
637,0,729532.8302153604,869002.4571155881,10.605223170482766,7,14,1,0.9999993448830593,0.051000000000000004,102.0
638,0,729547.4512148122,869008.179142509,14.88757666940771,7,14,1,0.9999991533787824,0.051000000000000004,102.0
639,0,729543.6111742349,869033.0708157795,22.484323372260896,7,14,1,0.9999988351735213,0.051000000000000004,102.0
640,0,729536.1752230122,869050.3797563834,37.43612610602417,7,14,1,0.9999982583737862,0.051000000000000004,102.0
641,0,729483.7636982905,868998.5790708977,51.685139676333684,7,14,1,0.9999977469564294,0.051000000000000004,102.0
642,0,729545.8893688458,869046.8337929345,36.026511178339554,7,14,1,0.9999983107022352,0.051000000000000004,102.0
643,0,729537.6461274485,869016.8178061661,5.6913997213481275,7,14,1,0.9999995821020223,0.051000000000000004,102.0
644,0,729518.5110685718,868995.157991822,23.263796926931168,7,14,1,0.9999988037019438,0.051000000000000004,102.0
645,0,729535.7953672677,869025.0694158657,12.261253917167215,7,14,1,0.9999992695037212,0.051000000000000004,102.0
646,0,729532.5117044883,869011.6659180573,1.6333897309942698,7,14,1,0.9999998048371964,0.051000000000000004,102.0
647,0,729565.9408273179,869070.8555934916,66.34591729289127,7,14,1,0.9999972468850014,0.051000000000000004,102.0
648,0,729531.1913635994,868992.3077787354,20.855580977320994,7,14,1,0.9999989015647268,0.051000000000000004,102.0
649,0,729523.482148803,869015.4741581578,10.1931003638782,7,14,1,0.999999363940604,0.051000000000000004,102.0
650,0,729540.3169491225,868984.0318991304,29.833223085512543,7,14,1,0.999998545205458,0.051000000000000004,102.0
651,0,729516.4377166085,869037.69287678,29.90803618147976,7,14,1,0.9999985423240466,0.051000000000000004,102.0
652,0,729542.2292849527,869014.0974578955,8.909024374744163,7,14,1,0.999999424175258,0.051000000000000004,102.0
653,0,729549.5967998415,869021.3537491505,18.218023513077927,7,14,1,0.9999990110564597,0.051000000000000004,102.0
654,0,729515.405239607,869025.2048081261,21.701691673744108,7,14,1,0.9999988669661247,0.051000000000000004,102.0
655,0,729509.6300011002,869028.813668017,28.508401236069044,7,14,1,0.9999985964467837,0.051000000000000004,102.0
656,0,729525.3429372727,869007.3077655102,9.878312772326911,7,14,1,0.9999993785838952,0.051000000000000004,102.0
657,0,729561.6548035099,869012.4801873894,28.27821103459295,7,14,1,0.9999986053926688,0.051000000000000004,102.0
658,0,729539.0982380596,869004.8415740624,10.000839269153076,7,14,1,0.9999993728750831,0.051000000000000004,102.0
659,0,729525.702188684,869011.0202857488,7.943265131299674,7,14,1,0.9999994704233115,0.051000000000000004,102.0
660,0,729536.735192998,868987.141354539,26.1226741549306,7,14,1,0.999998689807124,0.051000000000000004,102.0
661,0,729528.6877681334,869002.6033864825,11.451098757680464,7,14,1,0.9999993061501535,0.051000000000000004,102.0
662,0,729539.1639995006,869032.560089841,20.350709378341822,7,14,1,0.9999989223264242,0.051000000000000004,102.0
663,0,729544.6572255832,869012.4421018489,11.291198761793005,7,14,1,0.9999993134340244,0.051000000000000004,102.0
664,0,729530.5304440798,869036.1865509422,23.31367557289069,7,14,1,0.9999988016944463,0.051000000000000004,102.0
665,0,729539.6461117894,869021.346751693,10.397373860454033,7,14,1,0.9999993544787017,0.051000000000000004,102.0
666,0,729533.0904775242,869029.7143041133,16.66889943295575,7,14,1,0.9999990766403873,0.051000000000000004,102.0
667,0,729542.8708512472,869012.3632228258,9.51323303932257,7,14,1,0.9999993956645286,0.051000000000000004,102.0
668,0,729527.6933610651,869008.3751751154,7.361987304033674,7,14,1,0.9999994986987575,0.051000000000000004,102.0
669,0,729540.4442791356,869009.9636187233,7.706153740023067,7,14,1,0.9999994819152582,0.051000000000000004,102.0
670,0,729520.5501049147,869022.3624740299,15.856394148766787,7,14,1,0.9999991114574444,0.051000000000000004,102.0
671,0,729546.7318221809,869003.1354648577,16.627311138814072,7,14,1,0.9999990784152639,0.051000000000000004,102.0
672,0,729538.0463248644,869023.4759589792,11.423500901269097,7,14,1,0.9999993074060779,0.051000000000000004,102.0
673,0,729537.9425900109,868993.082996664,20.47916109995455,7,14,1,0.9999989170356736,0.051000000000000004,102.0
674,0,729524.2202218251,869024.4585188223,14.633674089597333,7,14,1,0.999999164441985,0.051000000000000004,102.0
675,0,729541.4047029827,869030.1873664912,18.924015023918347,7,14,1,0.9999989814927883,0.051000000000000004,102.0
676,0,729535.5419678545,868984.0294672459,29.09874691933505,7,14,1,0.999998573562393,0.051000000000000004,102.0
677,0,729531.8010310418,868999.9708582985,13.172355814134601,7,14,1,0.9999992287781198,0.051000000000000004,102.0
678,0,729507.7214002892,868998.3479477708,29.573159245798113,7,14,1,0.9999985552317735,0.051000000000000004,102.0
679,0,729543.0599469076,869015.0463863171,9.88183674015056,7,14,1,0.9999993784195407,0.051000000000000004,102.0
680,0,729508.871587309,868992.7499644205,31.824256204621836,7,14,1,0.9999984689474697,0.051000000000000004,102.0
681,0,729530.9750770825,868999.4787809475,13.781048115143502,7,14,1,0.9999992018385682,0.051000000000000004,102.0
682,0,729538.2468607413,868997.4526034064,16.33643605455911,7,14,1,0.9999990908506399,0.051000000000000004,102.0
683,0,729520.2136664359,869030.7167354051,22.03629677612842,7,14,1,0.9999988533493424,0.051000000000000004,102.0
684,0,729531.8052410167,869017.8925406336,5.094807337232926,7,14,1,0.999999612781081,0.051000000000000004,102.0
685,0,729538.3836990334,869016.9619708996,6.350870052817989,7,14,1,0.9999995487677258,0.051000000000000004,102.0
686,0,729539.1851340472,869038.9739550522,26.56746553350516,7,14,1,0.999998672290483,0.051000000000000004,102.0
687,0,729528.6076580827,869013.6676191846,4.814677185460966,7,14,1,0.9999996273746062,0.051000000000000004,102.0
688,0,729535.3281070549,869003.0101569429,10.22465975854381,7,14,1,0.9999993624767237,0.051000000000000004,102.0
689,0,729536.4900929097,869009.6166510652,4.629502820980993,7,14,1,0.9999996370920752,0.051000000000000004,102.0
690,0,729522.7172351012,869019.3079316771,12.36651582526324,7,14,1,0.99999926477296,0.051000000000000004,102.0
691,0,729537.006832168,869016.2569338391,4.840950607516248,7,14,1,0.9999996260004829,0.051000000000000004,102.0
692,0,729527.355137999,869023.9915730513,12.493569555517192,7,14,1,0.9999992590719086,0.051000000000000004,102.0
693,0,729530.9581065018,869040.9904405965,28.047440975414645,7,14,1,0.9999986143740559,0.051000000000000004,102.0
694,0,729520.0970076167,869012.8305415221,13.28706424783202,7,14,1,0.9999992236853643,0.051000000000000004,102.0
695,0,729517.8390773035,869008.7047508527,16.13861861981161,7,14,1,0.9999990993295164,0.051000000000000004,102.0
696,0,729514.2807140516,869008.7429939363,19.580680319369097,7,14,1,0.9999989541668939,0.051000000000000004,102.0
697,0,729527.1876547073,869014.4015846386,6.340807873409338,7,14,1,0.9999995492720968,0.051000000000000004,102.0
698,0,729532.887576371,869014.8219125462,1.8416446114256195,7,14,1,0.9999997923244965,0.051000000000000004,102.0
699,0,729533.7357683133,869019.8226517389,6.783907691030169,7,14,1,0.9999995271789455,0.051000000000000004,102.0
700,0,729561.2560461895,869007.0255893335,28.516925847663234,7,14,1,0.999998596115738,0.051000000000000004,102.0
701,0,729528.2830397572,868985.9270051031,27.59616884971908,7,14,1,0.9999986319751927,0.051000000000000004,102.0
702,0,729544.1185140044,869009.6935218497,11.248052854800301,7,14,1,0.9999993154024073,0.051000000000000004,102.0
703,0,729527.976176968,869001.3155935293,12.917991117861403,7,14,1,0.9999992400983625,0.051000000000000004,102.0
704,0,729528.0144431922,868991.7039743196,22.008623361680293,7,14,1,0.9999988544741305,0.051000000000000004,102.0
705,0,729536.0560564188,869016.9116153351,4.698600830152898,7,14,1,0.9999996334592303,0.051000000000000004,102.0
706,0,729559.1387031432,869000.3012982088,28.737954589747474,7,14,1,0.9999985875383939,0.051000000000000004,102.0
707,0,729519.797427983,869045.7027837054,35.36786843678355,7,14,1,0.9999983352774946,0.051000000000000004,102.0
708,0,729532.046454319,869028.6744194007,15.683453782585692,7,14,1,0.9999991189075436,0.051000000000000004,102.0
709,0,729569.9316898637,869010.3746200785,36.64703478248454,7,14,1,0.9999982876225902,0.051000000000000004,102.0
710,0,729524.4075881128,869015.1034662662,9.207086172035858,7,14,1,0.9999994100719408,0.051000000000000004,102.0
711,0,729529.4976144083,869036.5758218598,23.8464053387023,7,14,1,0.9999987803001034,0.051000000000000004,102.0
712,0,729534.6063459653,869000.6569741489,12.451297799178654,7,14,1,0.9999992609675942,0.051000000000000004,102.0
713,0,729536.5821824381,869009.7529535407,4.593076887373215,7,14,1,0.9999996390104682,0.051000000000000004,102.0
714,0,729540.3041202917,869016.6711541296,7.8127610590071574,7,14,1,0.9999994767413645,0.051000000000000004,102.0
715,0,729521.1735876014,869035.2825026086,25.365870879507856,7,14,1,0.9999987197332367,0.051000000000000004,102.0
716,0,729536.1941216199,869016.5783196684,4.513294303338804,7,14,1,0.9999996432203048,0.051000000000000004,102.0
717,0,729536.0141567461,868993.531709944,19.69290971336068,7,14,1,0.9999989495128114,0.051000000000000004,102.0
718,0,729540.2971920095,868999.0816027441,15.584445531013085,7,14,1,0.9999991231790953,0.051000000000000004,102.0
719,0,729531.9600823446,869022.3658600078,9.425813388078542,7,14,1,0.9999993997705868,0.051000000000000004,102.0
720,0,729534.4421239642,869054.4885870673,41.45417805400983,7,14,1,0.9999981110916103,0.051000000000000004,102.0
721,0,729536.9485293587,869015.1926480762,4.161457983494144,7,14,1,0.9999996619216734,0.051000000000000004,102.0
722,0,729542.9055202531,869027.7750580262,17.5379388144998,7,14,1,0.999999039724337,0.051000000000000004,102.0
723,0,729535.3930501312,868994.5286490838,18.628150538130786,7,14,1,0.9999989938584308,0.051000000000000004,102.0
724,0,729532.4259377768,869018.2626037784,5.301616078304328,7,14,1,0.999999602086324,0.051000000000000004,102.0
725,0,729526.1196861457,869013.8131112743,7.302801857901342,7,14,1,0.9999995015976285,0.051000000000000004,102.0
726,0,729530.8019072163,868996.3887292163,16.857886426768562,7,14,1,0.9999990685845559,0.051000000000000004,102.0
727,0,729538.1154158891,869015.7002389646,5.425591283938326,7,14,1,0.9999995957061132,0.051000000000000004,102.0
728,0,729537.7121999541,868985.193368812,28.189116723974053,7,14,1,0.9999986088586031,0.051000000000000004,102.0
729,0,729539.738377292,869031.9102295965,19.90439780893317,7,14,1,0.9999989407550933,0.051000000000000004,102.0
730,0,729542.1321691315,869041.2318716904,29.51090062373806,7,14,1,0.9999985576343661,0.051000000000000004,102.0
731,0,729534.9747323071,868997.7728147876,15.357926312657057,7,14,1,0.9999991329695691,0.051000000000000004,102.0
732,0,729548.2178748688,869006.2410861283,16.32262272875105,7,14,1,0.9999990914421296,0.051000000000000004,102.0
733,0,729537.5167753479,869005.2910160898,8.790000659661477,7,14,1,0.999999429828734,0.051000000000000004,102.0
734,0,729530.2542399437,869019.1953098135,6.897436828076239,7,14,1,0.9999995215559192,0.051000000000000004,102.0
735,0,729549.2278228739,869017.485615737,16.45520022794088,7,14,1,0.9999990857686913,0.051000000000000004,102.0
736,0,729530.68060193,869008.8825424392,4.964859638215223,7,14,1,0.9999996195351153,0.051000000000000004,102.0
737,0,729532.7166487257,869024.4783241075,11.44973028718732,7,14,1,0.999999306212418,0.051000000000000004,102.0
738,0,729550.3596646985,869022.9274953135,19.642718385033504,7,14,1,0.99999895159364,0.051000000000000004,102.0
739,0,729530.7618006994,869012.7367613078,2.6389057721576585,7,14,1,0.9999997458586254,0.051000000000000004,102.0
740,0,729557.557698177,869031.2890979938,30.285134349514976,7,14,1,0.9999985278195934,0.051000000000000004,102.0
741,0,729509.4126232124,869021.0399918656,25.26692803228411,7,14,1,0.999998723657283,0.051000000000000004,102.0
742,0,729522.9372053393,869039.221280741,28.180536087659874,7,14,1,0.9999986091925085,0.051000000000000004,102.0
743,0,729551.0752225717,869038.9056398525,31.331444380041575,7,14,1,0.9999984877414733,0.051000000000000004,102.0
744,0,729553.2096787118,869035.6911110644,30.097135284488747,7,14,1,0.9999985350466294,0.051000000000000004,102.0
745,0,729535.5687744322,869005.6754605458,7.689891941392064,7,14,1,0.999999482705499,0.051000000000000004,102.0
746,0,729524.5856214181,869020.0411343827,11.23770121253659,7,14,1,0.9999993158748544,0.051000000000000004,102.0
747,0,729538.8767385252,869013.9822838643,5.57331992018929,7,14,1,0.9999995881328723,0.051000000000000004,102.0
748,0,729532.9065472194,869018.76171621,5.733528836025735,7,14,1,0.9999995799550462,0.051000000000000004,102.0
749,0,729537.1884686971,869008.7036132833,5.775838951269355,7,14,1,0.9999995778013255,0.051000000000000004,102.0
750,0,729544.3827094248,868989.2325524674,26.233237731565005,7,14,1,0.9999986854480508,0.051000000000000004,102.0
751,0,729546.2904154997,869019.3410061582,14.360434116593204,7,14,1,0.9999991763846816,0.051000000000000004,102.0
752,0,729543.070114143,869004.4020992263,12.984790136554247,7,14,1,0.9999992371218906,0.051000000000000004,102.0
753,0,729549.7382354779,869002.5360299009,19.442672518007132,7,14,1,0.9999989598963825,0.051000000000000004,102.0
754,0,729545.2113200264,869017.2408426622,12.550145560463585,7,14,1,0.9999992565364503,0.051000000000000004,102.0
755,0,729533.8819013863,868995.653368502,17.40176413135357,7,14,1,0.9999990454875689,0.051000000000000004,102.0
756,0,729557.2081174469,869025.1063909996,26.703477130298598,7,14,1,0.9999986669445013,0.051000000000000004,102.0
757,0,729534.7435152761,868999.8273226742,13.29052884470021,7,14,1,0.9999992235316622,0.051000000000000004,102.0
758,0,729544.2730399534,869009.2221344922,11.543193040547397,7,14,1,0.9999993019628125,0.051000000000000004,102.0
759,0,729542.1359336281,868995.6641060539,19.463416359727514,7,14,1,0.9999989590347356,0.051000000000000004,102.0
760,0,729533.9109473976,869010.1079481549,2.9871626358956886,7,14,1,0.9999997261682708,0.051000000000000004,102.0
761,0,729539.4668671634,869000.293854159,14.131144310540508,7,14,1,0.9999991864365196,0.051000000000000004,102.0
762,0,729546.5031878675,869018.2919893264,14.130029571607395,7,14,1,0.9999991864854568,0.051000000000000004,102.0
763,0,729515.8584766665,869013.0005828883,17.523880305782072,7,14,1,0.9999990403189656,0.051000000000000004,102.0
764,0,729522.2109111155,869027.0148313101,17.885001750499416,7,14,1,0.9999990250707763,0.051000000000000004,102.0
765,0,729542.4529309516,869014.77849762,9.234242646854781,7,14,1,0.9999994087907711,0.051000000000000004,102.0
766,0,729556.6250273087,869017.1274777137,23.59803323393234,7,14,1,0.9999987902641017,0.051000000000000004,102.0
767,0,729519.414640449,869005.1305965745,16.055526995949208,7,14,1,0.9999991028963485,0.051000000000000004,102.0
768,0,729519.7048593584,869014.1133968638,13.718868265677955,7,14,1,0.9999992045810572,0.051000000000000004,102.0
769,0,729523.1312448336,869043.5681773216,32.19577146152304,7,14,1,0.9999984548135035,0.051000000000000004,102.0
770,0,729528.296174042,869006.3015877847,8.44879476033433,7,14,1,0.999999446106215,0.051000000000000004,102.0
771,0,729532.40417752,869026.6478467247,13.635015580295159,7,14,1,0.9999992082828131,0.051000000000000004,102.0
772,0,729572.0099335861,868986.0023872185,47.15461364014027,7,14,1,0.9999979064363252,0.051000000000000004,102.0
773,0,729537.2594919894,869011.563756439,4.151569635663064,7,14,1,0.9999996624505898,0.051000000000000004,102.0
774,0,729535.8897888451,869008.5394540887,5.1588908002040235,7,14,1,0.9999996094600949,0.051000000000000004,102.0
775,0,729519.578239806,869010.2944693418,14.075993363821986,7,14,1,0.9999991888584403,0.051000000000000004,102.0
776,0,729542.3747272906,869007.5429237587,10.54368489472957,7,14,1,0.9999993477207447,0.051000000000000004,102.0
777,0,729526.4863792908,868992.2992870412,21.86460660849871,7,14,1,0.9999988603317201,0.051000000000000004,102.0
778,0,729532.9011161211,869021.833764989,8.798972333104944,7,14,1,0.9999994294021531,0.051000000000000004,102.0
779,0,729541.860697371,869006.1214798873,10.948034426960223,7,14,1,0.9999993291252078,0.051000000000000004,102.0
780,0,729535.8795965532,869028.268618171,15.42416883533046,7,14,1,0.9999991301039162,0.051000000000000004,102.0
781,0,729530.809721879,869004.0247710684,9.38275259452363,7,14,1,0.9999994017954518,0.051000000000000004,102.0
782,0,729546.9945419078,869013.0316153951,13.612258789068122,7,14,1,0.999999209288104,0.051000000000000004,102.0
783,0,729530.5322307271,869013.057875608,2.8500794546397232,7,14,1,0.9999997338796653,0.051000000000000004,102.0
784,0,729518.6327315317,868995.2200425795,23.138370150624638,7,14,1,0.9999988087534273,0.051000000000000004,102.0
785,0,729537.756974966,869014.5779778201,4.634522610367086,7,14,1,0.9999996368278841,0.051000000000000004,102.0
786,0,729530.9844937143,869004.1492954405,9.216054370289553,7,14,1,0.9999994096487762,0.051000000000000004,102.0
787,0,729537.0249540088,869022.9111010398,10.514301986965267,7,14,1,0.9999993490766435,0.051000000000000004,102.0
788,0,729543.602363987,869009.7678694668,10.73353814893156,7,14,1,0.9999993389749895,0.051000000000000004,102.0
789,0,729545.4054603425,869021.4856065868,14.688446061107529,7,14,1,0.9999991620526543,0.051000000000000004,102.0
790,0,729533.3713592149,869033.7633594067,20.715403071342646,7,14,1,0.9999989073203128,0.051000000000000004,102.0
791,0,729534.9736976005,869023.5399964998,10.61204104245122,7,14,1,0.9999993445688401,0.051000000000000004,102.0
792,0,729528.6756918567,869011.5064647475,4.952605261851902,7,14,1,0.9999996201734219,0.051000000000000004,102.0
793,0,729569.1201113953,869013.791207311,35.74554638473393,7,14,1,0.99999832117569,0.051000000000000004,102.0
794,0,729498.9763862399,869028.4064072263,37.678221034739515,7,14,1,0.9999982494223655,0.051000000000000004,102.0
795,0,729525.1392652686,869016.9253539338,9.109428895142754,7,14,1,0.9999994146843345,0.051000000000000004,102.0
796,0,729525.4863415608,868984.191074381,29.917651155984025,7,14,1,0.9999985419538204,0.051000000000000004,102.0
797,0,729553.8464217999,869004.737978411,22.087017712692866,7,14,1,0.9999988512884289,0.051000000000000004,102.0
798,0,729527.804905872,869035.4417686175,23.077910340722283,7,14,1,0.9999988111901272,0.051000000000000004,102.0
799,0,729536.4133663112,869015.7115254456,4.035094902594452,7,14,1,0.9999996686948324,0.051000000000000004,102.0
800,0,729523.3343666003,869014.7805257927,10.196205689571103,7,14,1,0.9999993637965301,0.051000000000000004,102.0
801,0,729521.325498831,869017.4397922363,12.831776229106946,7,14,1,0.9999992439438584,0.051000000000000004,102.0
802,0,729514.0010908797,869016.7690885045,19.735191817688253,7,14,1,0.9999989477606016,0.051000000000000004,102.0
803,0,729558.2218682725,869038.4079943843,35.49839273353255,7,14,1,0.9999983304009303,0.051000000000000004,102.0
804,0,729532.0977072205,869019.4164470889,6.496752894536576,7,14,1,0.9999995414694192,0.051000000000000004,102.0
805,0,729582.0456441918,869012.8180177764,48.663894511717416,7,14,1,0.999997853013859,0.051000000000000004,102.0
806,0,729519.2826753817,868997.6647615001,20.867246755061267,7,14,1,0.9999989010860458,0.051000000000000004,102.0
807,0,729541.0392562974,869025.8258959337,14.896467857829256,7,14,1,0.9999991529919607,0.051000000000000004,102.0
808,0,729551.8178413974,868985.8902921753,32.82389871156823,7,14,1,0.9999984309827321,0.051000000000000004,102.0
809,0,729563.9999837258,868957.1777250263,63.70970144800371,7,14,1,0.9999973351964027,0.051000000000000004,102.0
810,0,729552.8281711872,869025.8799804145,23.298131879822996,7,14,1,0.999998802319962,0.051000000000000004,102.0
811,0,729533.7684443545,869017.0940299298,4.0644558189976685,7,14,1,0.9999996671183093,0.051000000000000004,102.0
812,0,729523.7803247562,869008.1049502213,10.799589380656801,7,14,1,0.9999993359383881,0.051000000000000004,102.0
813,0,729525.3818171398,869000.2331189745,15.10720832638634,7,14,1,0.9999991438350131,0.051000000000000004,102.0
814,0,729538.7464921802,869040.9555644413,28.418463412548302,7,14,1,0.9999985999405088,0.051000000000000004,102.0
815,0,729538.7944098678,869016.5830983279,6.464380732094951,7,14,1,0.9999995430866839,0.051000000000000004,102.0
816,0,729536.9769958993,869002.6649587778,10.987656148302781,7,14,1,0.9999993273093233,0.051000000000000004,102.0
817,0,729529.3098210836,869013.5051271404,4.098051909244321,7,14,1,0.9999996653164366,0.051000000000000004,102.0
818,0,729524.5368686432,868995.5202079416,19.633226829187727,7,14,1,0.9999989519872449,0.051000000000000004,102.0
819,0,729533.3825072896,869000.4511520414,12.59680718121432,7,14,1,0.9999992544467678,0.051000000000000004,102.0
820,0,729505.5008913296,869027.1434978046,31.241907163271,7,14,1,0.9999984911617126,0.051000000000000004,102.0
821,0,729547.1730983936,869002.6898739224,17.247499713606366,7,14,1,0.9999990520258668,0.051000000000000004,102.0
822,0,729535.9285576022,869009.6320048616,4.260540806371944,7,14,1,0.9999996566320428,0.051000000000000004,102.0
823,0,729523.552041923,868987.7555385174,27.135592492334233,7,14,1,0.9999986499918756,0.051000000000000004,102.0
824,0,729550.5062644851,868996.9237277409,23.520655658813848,7,14,1,0.9999987933720402,0.051000000000000004,102.0
825,0,729538.5215717258,869011.7272865574,5.306256950058187,7,14,1,0.9999996018470756,0.051000000000000004,102.0
826,0,729524.6147106872,868995.8217572285,19.32905930134613,7,14,1,0.9999989646184417,0.051000000000000004,102.0
827,0,729529.4067876417,869014.1968647002,4.138191163033554,7,14,1,0.9999996631664858,0.051000000000000004,102.0
828,0,729539.830057496,869028.1215305584,16.394700996420756,7,14,1,0.9999990883566727,0.051000000000000004,102.0
829,0,729547.0509643414,869023.1354699635,16.987950174254546,7,14,1,0.9999990630495018,0.051000000000000004,102.0
830,0,729536.9773654653,869011.8934785282,3.775893563073286,7,14,1,0.9999996826871355,0.051000000000000004,102.0
831,0,729533.3387733264,869013.1509020876,0.11176399132365782,7,14,1,0.9999999034781473,0.051000000000000004,102.0
832,0,729549.9322293086,869012.5033362873,16.55889514008193,7,14,1,0.9999990813367479,0.051000000000000004,102.0
833,0,729531.0421561631,869000.9322928339,12.339595296796967,7,14,1,0.9999992659821902,0.051000000000000004,102.0
834,0,729541.5805809597,869025.7926979283,15.153887004004403,7,14,1,0.9999991418097469,0.051000000000000004,102.0
835,0,729530.3779398317,869017.5036132968,5.373917638635296,7,14,1,0.9999995983626543,0.051000000000000004,102.0
836,0,729535.0059266684,868998.1391342566,14.996974639167675,7,14,1,0.9999991486220493,0.051000000000000004,102.0
837,0,729536.6589916024,869016.1498781223,4.512056632762962,7,14,1,0.9999996432856999,0.051000000000000004,102.0
838,0,729530.1110483462,869016.3736954696,4.664929016274928,7,14,1,0.9999996352285181,0.051000000000000004,102.0
839,0,729507.4248919912,869019.4609622807,26.737862139121535,7,14,1,0.9999986655937506,0.051000000000000004,102.0
840,0,729555.7123720639,869042.2373388521,36.75122198463754,7,14,1,0.9999982837543421,0.051000000000000004,102.0
841,0,729531.648208401,869023.3117888232,10.409286587575187,7,14,1,0.9999993539278722,0.051000000000000004,102.0
842,0,729539.1200048992,869030.7639198854,18.62193869886036,7,14,1,0.9999989941184194,0.051000000000000004,102.0
843,0,729537.6446945462,869022.1070524091,10.01175493744376,7,14,1,0.999999372367063,0.051000000000000004,102.0
844,0,729526.2372110856,869020.8665020516,10.591591314174227,7,14,1,0.99999934551142,0.051000000000000004,102.0
845,0,729543.6691415675,869020.8527191585,12.912533932825138,7,14,1,0.9999992403416429,0.051000000000000004,102.0
846,0,729526.8468592421,869013.1786530897,6.536740348466584,7,14,1,0.9999995394734738,0.051000000000000004,102.0
847,0,729530.9684518027,869014.841982797,3.0075155165078193,7,14,1,0.999999725027536,0.051000000000000004,102.0
848,0,729532.0087970785,869006.379791048,6.80815376122497,7,14,1,0.999999525976796,0.051000000000000004,102.0
849,0,729545.1406944619,869004.5160244589,14.527694839668769,7,14,1,0.9999991690695124,0.051000000000000004,102.0
850,0,729540.4387927066,868996.8014510147,17.71279814093476,7,14,1,0.9999990323352574,0.051000000000000004,102.0
851,0,729529.9781673132,869016.916200602,5.152801432368365,7,14,1,0.9999996097753896,0.051000000000000004,102.0
852,0,729545.44959115,869020.7492843487,14.315379668182906,7,14,1,0.9999991783576377,0.051000000000000004,102.0
853,0,729538.7952201465,869011.8765289268,5.538233471055568,7,14,1,0.999999589928709,0.051000000000000004,102.0
854,0,729536.3881102095,869023.6139756639,10.985246514756073,7,14,1,0.9999993274197266,0.051000000000000004,102.0
855,0,729543.9536003862,869032.896167016,22.48786103662461,7,14,1,0.9999988350302578,0.051000000000000004,102.0
856,0,729552.7663223285,869013.1832641172,19.38450162156614,7,14,1,0.999998962313512,0.051000000000000004,102.0
857,0,729536.030133019,869016.026569427,3.985370233032855,7,14,1,0.9999996713686353,0.051000000000000004,102.0
858,0,729536.4624890845,869014.9041225362,3.59624117657863,7,14,1,0.9999996924668733,0.051000000000000004,102.0
859,0,729521.0013767061,869015.6295165104,12.647194336929932,7,14,1,0.9999992521917193,0.051000000000000004,102.0
860,0,729553.8826890348,869037.1714016381,31.657648593841028,7,14,1,0.9999984752954295,0.051000000000000004,102.0
861,0,729529.4302236775,869007.1595621399,7.0916903177616675,7,14,1,0.9999995119688944,0.051000000000000004,102.0
862,0,729521.9525060152,869006.5456265341,13.149918604220483,7,14,1,0.9999992297751562,0.051000000000000004,102.0
863,0,729532.8652476498,869004.806343752,8.257818196046504,7,14,1,0.9999994552638493,0.051000000000000004,102.0
864,0,729534.2459037813,869017.9733301537,5.000510226793977,7,14,1,0.9999996176795111,0.051000000000000004,102.0
865,0,729572.051014623,868995.8670228667,42.31376385216849,7,14,1,0.9999980799228342,0.051000000000000004,102.0
866,0,729537.7285306554,869025.2006528748,12.90650012233371,7,14,1,0.9999992406106495,0.051000000000000004,102.0
867,0,729527.3200169285,869010.1230404095,6.73099846808594,7,14,1,0.9999995298046386,0.051000000000000004,102.0
868,0,729526.4538221678,869050.390150622,37.97950718151777,7,14,1,0.9999982382967038,0.051000000000000004,102.0
869,0,729535.2372871601,868993.478851721,19.65683015977434,7,14,1,0.9999989510085013,0.051000000000000004,102.0
870,0,729523.0353727586,869024.0785959343,15.123944701963206,7,14,1,0.9999991431087416,0.051000000000000004,102.0
871,0,729536.2574985208,869007.2538228154,6.468293737252394,7,14,1,0.9999995428911279,0.051000000000000004,102.0
872,0,729542.2306686166,869012.8019741854,8.851794220379107,7,14,1,0.9999994268920531,0.051000000000000004,102.0
873,0,729533.5043501625,868996.9753810328,16.0730416405319,7,14,1,0.9999991021442413,0.051000000000000004,102.0
874,0,729516.9476937838,869024.5449068806,20.056815664616963,7,14,1,0.9999989344535573,0.051000000000000004,102.0
875,0,729542.0867799683,868998.5927882529,16.873649940221004,7,14,1,0.9999990679133234,0.051000000000000004,102.0
876,0,729532.3697651725,869033.928163005,20.90473923613805,7,14,1,0.9999988995479367,0.051000000000000004,102.0
877,0,729521.3000066658,868973.0634088985,41.77015568392115,7,14,1,0.9999980996208478,0.051000000000000004,102.0
878,0,729540.1874018932,869004.9518410398,10.576229838420733,7,14,1,0.9999993462196701,0.051000000000000004,102.0
879,0,729530.1045129941,869010.9590006913,3.886848215431368,7,14,1,0.9999996766809032,0.051000000000000004,102.0
880,0,729504.8163204726,869002.5016287798,30.450613593738556,7,14,1,0.9999985214648555,0.051000000000000004,102.0
881,0,729517.8505309303,869021.9578824114,17.90593091945862,7,14,1,0.999999024188701,0.051000000000000004,102.0
882,0,729549.4010996888,869039.8733314613,31.244243722686747,7,14,1,0.999998491072436,0.051000000000000004,102.0
883,0,729529.5878070673,869008.1238997105,6.216468855172464,7,14,1,0.9999995555151786,0.051000000000000004,102.0
884,0,729543.1261285847,869038.141847388,26.919241382388122,7,14,1,0.9999986584736809,0.051000000000000004,102.0
885,0,729545.48518453,869022.3086570329,15.23943926253388,7,14,1,0.9999991381006418,0.051000000000000004,102.0
886,0,729546.0800812942,869029.5552762337,20.82607366481098,7,14,1,0.9999989027757077,0.051000000000000004,102.0
887,0,729529.4941798312,868998.7270252041,14.839358968096606,7,14,1,0.9999991554772432,0.051000000000000004,102.0
888,0,729576.118257922,869017.7367387856,42.99241046466455,7,14,1,0.9999980553951394,0.051000000000000004,102.0
889,0,729551.6025245343,869035.8871878578,29.216557025553325,7,14,1,0.9999985690054596,0.051000000000000004,102.0
890,0,729543.4419566272,869005.0775517105,12.834493740324799,7,14,1,0.9999992438225804,0.051000000000000004,102.0
891,0,729549.755172865,869015.6204253718,16.573737642649196,7,14,1,0.9999990807027697,0.051000000000000004,102.0
892,0,729526.7053920941,869016.9034552984,7.710113798338232,7,14,1,0.9999994817228605,0.051000000000000004,102.0
893,0,729527.1404912656,869004.0561389814,10.94590879018923,7,14,1,0.999999329222658,0.051000000000000004,102.0
894,0,729535.7782590187,869016.2355635386,3.9876653297941673,7,14,1,0.9999996712451155,0.051000000000000004,102.0
895,0,729544.3758119984,869009.9107995543,11.432376492621609,7,14,1,0.9999993070021114,0.051000000000000004,102.0
896,0,729492.1202989985,869005.7731419029,41.89839030619665,7,14,1,0.9999980949700582,0.051000000000000004,102.0
897,0,729535.9549306737,869012.9093727958,2.5763678221343893,7,14,1,0.999999749430361,0.051000000000000004,102.0
898,0,729527.9460184213,869005.2463783023,9.508824604904996,7,14,1,0.99999939587144,0.051000000000000004,102.0
899,0,729522.4503394936,869015.2779446251,11.157080301338844,7,14,1,0.9999993195568935,0.051000000000000004,102.0
900,0,729544.8983129994,869026.1358698232,17.433075522178804,7,14,1,0.9999990441617065,0.051000000000000004,102.0
901,0,729540.6372530479,869007.5958809219,9.075219230537913,7,14,1,0.999999416302002,0.051000000000000004,102.0
902,0,729537.322735624,869006.550137162,7.599261814778862,7,14,1,0.9999994871146519,0.051000000000000004,102.0
903,0,729543.4697763433,869003.6415419756,13.792679471232702,7,14,1,0.9999992013257939,0.051000000000000004,102.0
904,0,729522.3269578383,869019.756868836,12.931740108212544,7,14,1,0.9999992394855128,0.051000000000000004,102.0
905,0,729536.3552603174,869003.1706555593,10.315021216954369,7,14,1,0.9999993582894818,0.051000000000000004,102.0
906,0,729518.7963539675,869015.8731042247,14.857020553425112,7,14,1,0.9999991547084655,0.051000000000000004,102.0
907,0,729531.9240274616,869028.6673538195,15.687320542594252,7,14,1,0.9999991187408127,0.051000000000000004,102.0
908,0,729535.8994532344,868999.094193333,14.178987215219008,7,14,1,0.9999991843368395,0.051000000000000004,102.0
909,0,729516.6941097322,869030.5598145663,24.190091692699113,7,14,1,0.9999987665424386,0.051000000000000004,102.0
910,0,729542.567982287,869010.9598499223,9.420036592130138,7,14,1,0.9999994000421422,0.051000000000000004,102.0
911,0,729539.0782958257,869002.9540436552,11.59015014695106,7,14,1,0.9999992998299414,0.051000000000000004,102.0
912,0,729526.148834543,869020.7229469968,10.546485557081319,7,14,1,0.999999347591539,0.051000000000000004,102.0
913,0,729528.6966574792,869032.5323257224,20.039853231753025,7,14,1,0.9999989351544337,0.051000000000000004,102.0
914,0,729554.1500890526,869005.721231285,22.022313639019252,7,14,1,0.9999988539176571,0.051000000000000004,102.0
915,0,729529.7090527233,869010.02223261,4.7589615614590075,7,14,1,0.999999630292362,0.051000000000000004,102.0
916,0,729527.8155615403,869002.7912833893,11.669957047187866,7,14,1,0.9999992962083214,0.051000000000000004,102.0
917,0,729524.9887585685,869008.1807659998,9.702627939689808,7,14,1,0.9999993867901388,0.051000000000000004,102.0
918,0,729524.1234541201,869001.1556085852,15.071632285746702,7,14,1,0.9999991453792884,0.051000000000000004,102.0
919,0,729533.7095718865,869003.7050920153,9.348597709530969,7,14,1,0.9999994034026269,0.051000000000000004,102.0
920,0,729533.8717105422,869022.7857844748,9.750116423699668,7,14,1,0.9999993845695285,0.051000000000000004,102.0
921,0,729530.3399377464,868995.4931153961,17.81652229746321,7,14,1,0.9999990279581484,0.051000000000000004,102.0
922,0,729498.5506286921,868989.5507107326,42.016253047268016,7,14,1,0.9999980906976839,0.051000000000000004,102.0
923,0,729527.7972957557,869010.5510789417,6.117728710143294,7,14,1,0.9999995604870036,0.051000000000000004,102.0
924,0,729513.5550724325,869011.6906803864,19.873622682108866,7,14,1,0.9999989420284761,0.051000000000000004,102.0
925,0,729519.9417911585,869025.8102427463,18.534372626721147,7,14,1,0.9999989977849951,0.051000000000000004,102.0
926,0,729516.9923343365,868994.027617499,25.107850205224665,7,14,1,0.9999987299719599,0.051000000000000004,102.0
927,0,729535.5139735158,869001.0276478343,12.207864184518987,7,14,1,0.9999992719058356,0.051000000000000004,102.0
928,0,729555.3228077148,869026.5576551256,25.766219599320344,7,14,1,0.9999987038829748,0.051000000000000004,102.0
929,0,729536.8606251777,869010.364413323,4.393200861322783,7,14,1,0.9999996495783703,0.051000000000000004,102.0
930,0,729536.4451862767,869017.4957491421,5.400384322823725,7,14,1,0.9999995970015109,0.051000000000000004,102.0
931,0,729520.9835849197,869019.8524189048,14.143147879001361,7,14,1,0.999999185909605,0.051000000000000004,102.0
932,0,729527.9723249272,869023.0204663496,11.345424285984018,7,14,1,0.9999993109619696,0.051000000000000004,102.0
933,0,729544.8582759239,869011.0934482125,11.64123270731984,7,14,1,0.9999992975113422,0.051000000000000004,102.0
934,0,729547.3894008903,869006.6543384575,15.397319892223413,7,14,1,0.999999131265146,0.051000000000000004,102.0
935,0,729538.3425567313,869004.2974444517,10.058614501910403,7,14,1,0.9999993701872464,0.051000000000000004,102.0
936,0,729536.1962150644,869018.7236188248,6.334924602254774,7,14,1,0.999999549567057,0.051000000000000004,102.0
937,0,729539.5307021854,869018.69159436,8.345870472858687,7,14,1,0.9999994510373356,0.051000000000000004,102.0
938,0,729549.4573645878,869044.8809022934,35.66152259014418,7,14,1,0.9999983243106751,0.051000000000000004,102.0
939,0,729517.313493448,869011.7083771832,16.124540205715313,7,14,1,0.9999990999336296,0.051000000000000004,102.0
940,0,729522.5560477157,869021.603050056,13.798447907258096,7,14,1,0.9999992010715167,0.051000000000000004,102.0
941,0,729537.4282702983,869004.1063485163,9.814394268212627,7,14,1,0.9999993815666951,0.051000000000000004,102.0
942,0,729527.4119530119,869019.1114469139,8.509456019519165,7,14,1,0.9999994432045443,0.051000000000000004,102.0
943,0,729519.8334365297,869027.3791165153,19.721906073372903,7,14,1,0.9999989483111045,0.051000000000000004,102.0
944,0,729563.356332402,869008.2122461277,30.361606732138075,7,14,1,0.9999985248821345,0.051000000000000004,102.0
945,0,729487.7687867542,868994.6192724908,49.195614035043604,7,14,1,0.9999978342644664,0.051000000000000004,102.0
946,0,729525.3798482325,869002.9972392445,12.847415817465958,7,14,1,0.9999992432459501,0.051000000000000004,102.0
947,0,729510.7639750133,869007.6923255043,23.243732873842287,7,14,1,0.9999988045096883,0.051000000000000004,102.0
948,0,729520.0402262767,869039.1937792689,29.353273217462196,7,14,1,0.9999985637213179,0.051000000000000004,102.0
949,0,729518.9999154562,869067.7957065954,56.605376285343674,7,14,1,0.9999975765828052,0.051000000000000004,102.0
950,0,729541.0063633171,869008.0611894745,9.110121940066735,7,14,1,0.9999994146515729,0.051000000000000004,102.0
951,0,729538.7542505135,869034.832236975,22.43685997511665,7,14,1,0.9999988370960121,0.051000000000000004,102.0
952,0,729552.079698815,868967.768157498,48.98829891791035,7,14,1,0.9999978415704159,0.051000000000000004,102.0
953,0,729559.1680142507,868998.3906996279,29.660389120448368,7,14,1,0.999998551867037,0.051000000000000004,102.0
954,0,729534.6675506326,869006.6091459835,6.565836067584955,7,14,1,0.9999995380224034,0.051000000000000004,102.0
955,0,729533.8073558044,869001.2623474235,11.793274519179969,7,14,1,0.9999992906204184,0.051000000000000004,102.0
956,0,729531.437829053,869012.4679006787,2.0291396410887232,7,14,1,0.9999997812026648,0.051000000000000004,102.0
957,0,729520.3569205728,869033.9174118154,24.600698702526657,7,14,1,0.9999987501510217,0.051000000000000004,102.0
958,0,729561.5476558979,869006.7361748574,28.8639271918589,7,14,1,0.9999985826550801,0.051000000000000004,102.0
959,0,729522.3495432705,868995.7392949082,20.52587209706881,7,14,1,0.9999989151131526,0.051000000000000004,102.0
960,0,729534.8370288494,869025.0504420619,12.090320547562955,7,14,1,0.9999992772006618,0.051000000000000004,102.0
961,0,729525.9549610945,869004.925397136,11.00641962779647,7,14,1,0.9999993264497675,0.051000000000000004,102.0
962,0,729522.6802352519,869021.5857458955,13.690428768251186,7,14,1,0.9999992058361108,0.051000000000000004,102.0
963,0,729519.833968541,869054.9427780281,44.0310451460753,7,14,1,0.9999980179905845,0.051000000000000004,102.0
964,0,729576.2348622136,869011.6612865649,42.87499918621376,7,14,1,0.9999980596336298,0.051000000000000004,102.0
965,0,729534.0455144478,868978.2047676838,34.849502998900086,7,14,1,0.9999983546761827,0.051000000000000004,102.0
966,0,729519.4692929996,869027.0252425151,19.721460781770627,7,14,1,0.9999989483295566,0.051000000000000004,102.0
967,0,729533.0174315725,868990.6349025262,22.41602628052096,7,14,1,0.9999988379401002,0.051000000000000004,102.0
968,0,729550.0538479482,869006.2506985008,18.003985669974284,7,14,1,0.999999020058494,0.051000000000000004,102.0
969,0,729521.2187775753,869019.6457674119,13.837708579193587,7,14,1,0.9999991993413593,0.051000000000000004,102.0
970,0,729532.8003810225,869020.731998867,7.70604222365133,7,14,1,0.9999994819206766,0.051000000000000004,102.0
971,0,729542.233553975,869019.4703686775,10.935820285068095,7,14,1,0.9999993296852111,0.051000000000000004,102.0
972,0,729534.1094938791,869008.2337790827,4.86879365166152,7,14,1,0.9999996245455045,0.051000000000000004,102.0
973,0,729518.7678744306,869055.0683345335,44.48924779658288,7,14,1,0.9999980015397286,0.051000000000000004,102.0
974,0,729535.4778743971,869001.752845711,11.487865375423807,7,14,1,0.9999993044777705,0.051000000000000004,102.0
975,0,729525.6119183393,869015.000237156,8.011873090881858,7,14,1,0.999999467108611,0.051000000000000004,102.0
976,0,729523.4252862455,869034.1087666728,23.29591364709409,7,14,1,0.999998802409235,0.051000000000000004,102.0
977,0,729519.0673481438,868995.3668512101,22.749488449915237,7,14,1,0.9999988244461592,0.051000000000000004,102.0
978,0,729533.0432950265,869029.3800224771,16.335581097304033,7,14,1,0.9999990908872467,0.051000000000000004,102.0
979,0,729543.5045691718,869026.9792818448,17.22040145753468,7,14,1,0.9999990531754369,0.051000000000000004,102.0
980,0,729511.7196670069,869002.5414839209,24.076033417815704,7,14,1,0.9999987711043162,0.051000000000000004,102.0
981,0,729534.7945559178,869047.1191213271,34.10041897125119,7,14,1,0.9999983828003126,0.051000000000000004,102.0
982,0,729538.1378637119,869020.4554490859,8.802633671716388,7,14,1,0.999999429228086,0.051000000000000004,102.0
