node_id,x,y,SF,TP,lambda,distance,PDR,Energy_mJ,Latency_ms,Reward
0,725956.5751648168,867732.64,7,20,1,3799.0780162772317,0.9999998163052197,0.07650000000000001,102.0,0.9012788860726616
1,725956.5751648168,868212.64,7,14,1,3665.269721713392,0.9999280349571457,0.051000000000000004,102.0,0.9262071047245874
2,725956.5751648168,867972.64,7,14,1,3725.0500605139464,0.9999270783802429,0.051000000000000004,102.0,0.9262061481476846
3,725956.5751648168,868692.64,7,14,1,3591.129417336137,0.9999292253069602,0.051000000000000004,102.0,0.9262082950744019
4,725956.5751648168,868452.64,7,14,1,3620.442833754315,0.9999287541350583,0.051000000000000004,102.0,0.9262078239025001
5,725956.5751648168,868692.64,8,14,1,3591.129417336137,0.9999365280856483,0.061200000000000004,194.0,0.8948202490158808
6,725956.5751648168,868692.64,7,14,1,3591.129417336137,0.9999292253069602,0.051000000000000004,102.0,0.9262082950744019
7,725956.5751648168,871092.64,7,14,1,4137.420970580232,0.9999205537826926,0.051000000000000004,102.0,0.9261996235501344
9,725956.5751648168,870372.6400000001,7,14,1,3826.491833138464,0.9999254615686494,0.051000000000000004,102.0,0.9262045313360912
10,725956.5751648168,870132.6400000001,7,20,1,3747.9375087508192,0.999999818326145,0.07650000000000001,102.0,0.9012788880935868
11,725956.5751648168,870612.6400000001,7,14,1,3918.193962612038,0.9999240067541605,0.051000000000000004,102.0,0.9262030765216023
13,726233.7032940277,867372.6400000001,7,14,1,3684.9450156650546,0.9999277198083126,0.051000000000000004,102.0,0.9262067895757544
14,726233.7032940277,867852.64,7,14,1,3497.774739405488,0.9999307305942716,0.051000000000000004,102.0,0.9262098003617134
15,726233.7032940277,868092.64,7,14,1,3425.643342088773,0.9999318987210483,0.051000000000000004,102.0,0.92621096848849
16,726233.7032940277,867852.64,7,14,1,3497.774739405488,0.9999307305942716,0.051000000000000004,102.0,0.9262098003617134
17,726233.7032940277,868092.64,7,14,1,3425.643342088773,0.9999318987210483,0.051000000000000004,102.0,0.92621096848849
18,726233.7032940277,867612.6400000001,8,14,1,3584.553521437334,0.9999366285121684,0.061200000000000004,194.0,0.8948203494424009
19,726233.7032940277,868332.64,7,14,1,3369.10024884555,0.9999328175619696,0.051000000000000004,102.0,0.9262118873294114
20,726233.7032940277,868332.64,7,14,1,3369.10024884555,0.9999328175619696,0.051000000000000004,102.0,0.9262118873294114
21,726233.7032940277,868332.64,7,14,1,3369.10024884555,0.9999328175619696,0.051000000000000004,102.0,0.9262118873294114
22,726233.7032940277,868572.64,7,14,1,3328.939871242068,0.9999334718980774,0.051000000000000004,102.0,0.9262125416655191
23,726233.7032940277,868572.64,7,14,1,3328.939871242068,0.9999334718980774,0.051000000000000004,102.0,0.9262125416655191
24,726233.7032940277,868572.64,7,14,1,3328.939871242068,0.9999334718980774,0.051000000000000004,102.0,0.9262125416655191
25,726233.7032940277,869052.64,8,14,1,3299.91651795817,0.9999410001859129,0.061200000000000004,194.0,0.8948247211161454
26,726233.7032940277,868572.64,7,14,1,3328.939871242068,0.9999334718980774,0.051000000000000004,102.0,0.9262125416655191
27,726233.7032940277,869052.64,7,14,1,3299.91651795817,0.9999339456796988,0.051000000000000004,102.0,0.9262130154471406
28,726233.7032940277,868572.64,8,20,1,3328.939871242068,0.9999998526347633,0.0918,194.0,0.8648835735649959
29,726233.7032940277,868572.64,7,14,1,3328.939871242068,0.9999334718980774,0.051000000000000004,102.0,0.9262125416655191
30,726233.7032940277,868812.64,7,14,1,3305.7593448282296,0.9999338502392136,0.051000000000000004,102.0,0.9262129200066553
31,726233.7032940277,869052.64,7,14,1,3299.91651795817,0.9999339456796988,0.051000000000000004,102.0,0.9262130154471406
32,726233.7032940277,869052.64,7,20,1,3299.91651795817,0.9999998362569206,0.07650000000000001,102.0,0.9012789060243623
33,726233.7032940277,869052.64,7,14,1,3299.91651795817,0.9999339456796988,0.051000000000000004,102.0,0.9262130154471406
34,726233.7032940277,869052.64,7,14,1,3299.91651795817,0.9999339456796988,0.051000000000000004,102.0,0.9262130154471406
35,726233.7032940277,869292.6399999999,8,14,1,3311.5031639826525,0.999940821256318,0.061200000000000004,194.0,0.8948245421865505
36,726233.7032940277,869292.6399999999,7,14,1,3311.5031639826525,0.9999337564461643,0.051000000000000004,102.0,0.9262128262136061
37,726233.7032940277,869772.6399999999,7,14,1,3385.9801482310886,0.9999325429645853,0.051000000000000004,102.0,0.9262116127320271
38,726233.7032940277,869532.6399999999,7,14,1,3340.3379147387277,0.9999332860423324,0.051000000000000004,102.0,0.9262123558097742
39,726233.7032940277,869292.6399999999,7,14,1,3311.5031639826525,0.9999337564461643,0.051000000000000004,102.0,0.9262128262136061
40,726233.7032940277,869292.6399999999,7,14,1,3311.5031639826525,0.9999337564461643,0.051000000000000004,102.0,0.9262128262136061
41,726233.7032940277,869532.6399999999,7,14,1,3340.3379147387277,0.9999332860423324,0.051000000000000004,102.0,0.9262123558097742
42,726233.7032940277,869532.6399999999,7,14,1,3340.3379147387277,0.9999332860423324,0.051000000000000004,102.0,0.9262123558097742
43,726233.7032940277,869532.6399999999,8,14,1,3340.3379147387277,0.9999403763369678,0.061200000000000004,194.0,0.8948240972672002
44,726233.7032940277,869772.6399999999,7,14,1,3385.9801482310886,0.9999325429645853,0.051000000000000004,102.0,0.9262116127320271
45,726233.7032940277,869772.6399999999,7,14,1,3385.9801482310886,0.9999325429645853,0.051000000000000004,102.0,0.9262116127320271
46,726233.7032940277,869772.6399999999,7,20,1,3385.9801482310886,0.9999998327794744,0.07650000000000001,102.0,0.9012789025469162
47,726233.7032940277,869772.6399999999,7,14,1,3385.9801482310886,0.9999325429645853,0.051000000000000004,102.0,0.9262116127320271
48,726233.7032940277,870012.6399999999,7,20,1,3447.762425659427,0.999999830293134,0.07650000000000001,102.0,0.9012789000605758
49,726233.7032940277,870012.6399999999,7,14,1,3447.762425659427,0.9999315400393222,0.051000000000000004,102.0,0.926210609806764
50,726233.7032940277,870252.6399999999,7,14,1,3524.8361555344572,0.9999302934946059,0.051000000000000004,102.0,0.9262093632620477
51,726233.7032940277,870012.6399999999,7,14,1,3447.762425659427,0.9999315400393222,0.051000000000000004,102.0,0.926210609806764
52,726233.7032940277,870252.6399999999,7,14,1,3524.8361555344572,0.9999302934946059,0.051000000000000004,102.0,0.9262093632620477
53,726233.7032940277,870252.6399999999,7,14,1,3524.8361555344572,0.9999302934946059,0.051000000000000004,102.0,0.9262093632620477
54,726233.7032940277,870252.6399999999,7,14,1,3524.8361555344572,0.9999302934946059,0.051000000000000004,102.0,0.9262093632620477
55,726233.7032940277,870972.64,7,20,1,3837.6923355169115,0.9999998147826007,0.07650000000000001,102.0,0.9012788845500425
56,726233.7032940277,870252.6399999999,7,14,1,3524.8361555344572,0.9999302934946059,0.051000000000000004,102.0,0.9262093632620477
57,726233.7032940277,870252.6399999999,7,14,1,3524.8361555344572,0.9999302934946059,0.051000000000000004,102.0,0.9262093632620477
58,726233.7032940277,870252.6399999999,7,14,1,3524.8361555344572,0.9999302934946059,0.051000000000000004,102.0,0.9262093632620477
59,726233.7032940277,870012.6399999999,7,14,1,3447.762425659427,0.9999315400393222,0.051000000000000004,102.0,0.926210609806764
61,726233.7032940277,870492.6399999999,7,14,1,3616.2237351879767,0.9999288219078534,0.051000000000000004,102.0,0.9262078916752952
62,726233.7032940277,870252.6399999999,8,14,1,3524.8361555344572,0.9999375416627649,0.061200000000000004,194.0,0.8948212625929974
63,726233.7032940277,870732.6399999999,7,14,1,3720.870635014181,0.9999271451653222,0.051000000000000004,102.0,0.926206214932764
64,726233.7032940277,871212.64,7,14,1,3965.6130221769313,0.9999232569292829,0.051000000000000004,102.0,0.9262023266967246
65,726233.7032940277,870732.6399999999,7,14,1,3720.870635014181,0.9999271451653222,0.051000000000000004,102.0,0.926206214932764
66,726233.7032940277,870732.6399999999,7,14,1,3720.870635014181,0.9999271451653222,0.051000000000000004,102.0,0.926206214932764
67,726233.7032940277,870732.6399999999,7,14,1,3720.870635014181,0.9999271451653222,0.051000000000000004,102.0,0.926206214932764
68,726233.7032940277,870732.6399999999,7,14,1,3720.870635014181,0.9999271451653222,0.051000000000000004,102.0,0.926206214932764
69,726233.7032940277,870732.6399999999,7,14,1,3720.870635014181,0.9999271451653222,0.051000000000000004,102.0,0.926206214932764
70,726233.7032940277,870732.6399999999,7,14,1,3720.870635014181,0.9999271451653222,0.051000000000000004,102.0,0.926206214932764
71,726233.7032940277,870972.64,7,14,1,3837.6923355169115,0.9999252835372165,0.051000000000000004,102.0,0.9262043533046583
72,726233.7032940277,870972.64,8,14,1,3837.6923355169115,0.9999327801820536,0.061200000000000004,194.0,0.8948165011122861
73,726233.7032940277,870972.64,7,14,1,3837.6923355169115,0.9999252835372165,0.051000000000000004,102.0,0.9262043533046583
74,726233.7032940277,871212.64,7,20,1,3965.6130221769313,0.9999998097583829,0.07650000000000001,102.0,0.9012788795258247
75,726233.7032940277,871212.64,7,27,1,3965.6130221769313,0.9999999998265221,0.10200000000000001,102.0,0.876279069593964
76,726510.8314232387,867492.6399999999,7,14,1,3383.4086543509366,0.9999325847806578,0.051000000000000004,102.0,0.9262116545480996
77,726510.8314232387,867492.6399999999,7,14,1,3383.4086543509366,0.9999325847806578,0.051000000000000004,102.0,0.9262116545480996
79,726510.8314232387,867492.6399999999,7,14,1,3383.4086543509366,0.9999325847806578,0.051000000000000004,102.0,0.9262116545480996
80,726510.8314232387,867492.6399999999,7,14,1,3383.4086543509366,0.9999325847806578,0.051000000000000004,102.0,0.9262116545480996
81,726510.8314232387,867972.64,7,14,1,3196.6017082965595,0.9999356384757625,0.051000000000000004,102.0,0.9262147082432043
82,726510.8314232387,867972.64,7,20,1,3196.6017082965595,0.9999998404534886,0.07650000000000001,102.0,0.9012789102209303
83,726510.8314232387,867732.64,7,14,1,3282.5688571468645,0.9999342292305984,0.051000000000000004,102.0,0.9262132989980402
84,726510.8314232387,867972.64,7,14,1,3196.6017082965595,0.9999356384757625,0.051000000000000004,102.0,0.9262147082432043
85,726510.8314232387,867972.64,7,14,1,3196.6017082965595,0.9999356384757625,0.051000000000000004,102.0,0.9262147082432043
86,726510.8314232387,868212.64,7,20,1,3126.73418458597,0.9999998433055434,0.07650000000000001,102.0,0.9012789130729851
87,726510.8314232387,867972.64,7,14,1,3196.6017082965595,0.9999356384757625,0.051000000000000004,102.0,0.9262147082432043
88,726510.8314232387,867972.64,8,14,1,3196.6017082965595,0.9999425994636908,0.061200000000000004,194.0,0.8948263203939233
89,726510.8314232387,868692.64,8,20,1,3039.485979603543,0.9999998637730451,0.0918,194.0,0.8648835847032776
90,726510.8314232387,868212.64,7,14,1,3126.73418458597,0.9999367889303822,0.051000000000000004,102.0,0.926215858697824
91,726510.8314232387,868452.64,7,14,1,3074.064221943403,0.9999376593255498,0.051000000000000004,102.0,0.9262167290929916
92,726510.8314232387,868212.64,7,14,1,3126.73418458597,0.9999367889303822,0.051000000000000004,102.0,0.926215858697824
93,726510.8314232387,868452.64,7,14,1,3074.064221943403,0.9999376593255498,0.051000000000000004,102.0,0.9262167290929916
94,726510.8314232387,868692.64,7,14,1,3039.485979603543,0.9999382322342913,0.051000000000000004,102.0,0.9262173020017331
95,726510.8314232387,868932.64,7,20,1,3023.620214210197,0.9999998475362469,0.07650000000000001,102.0,0.9012789173036887
96,726510.8314232387,868932.64,7,14,1,3023.620214210197,0.9999384955057009,0.051000000000000004,102.0,0.9262175652731427
97,726510.8314232387,869172.64,7,14,1,3026.7612028956837,0.9999384433650522,0.051000000000000004,102.0,0.926217513132494
98,726510.8314232387,869172.64,7,14,1,3026.7612028956837,0.9999384433650522,0.051000000000000004,102.0,0.926217513132494
99,726510.8314232387,869172.64,7,14,1,3026.7612028956837,0.9999384433650522,0.051000000000000004,102.0,0.926217513132494
100,726510.8314232387,869172.64,7,14,1,3026.7612028956837,0.9999384433650522,0.051000000000000004,102.0,0.926217513132494
101,726510.8314232387,869172.64,7,14,1,3026.7612028956837,0.9999384433650522,0.051000000000000004,102.0,0.926217513132494
102,726510.8314232387,869172.64,7,14,1,3026.7612028956837,0.9999384433650522,0.051000000000000004,102.0,0.926217513132494
103,726510.8314232387,869412.6399999999,7,14,1,3048.850202769635,0.999938076965811,0.051000000000000004,102.0,0.9262171467332528
104,726510.8314232387,869412.6399999999,7,14,1,3048.850202769635,0.999938076965811,0.051000000000000004,102.0,0.9262171467332528
105,726510.8314232387,869652.6399999999,7,14,1,3089.4808202192153,0.9999374042778632,0.051000000000000004,102.0,0.9262164740453049
106,726510.8314232387,869652.6399999999,7,20,1,3089.4808202192153,0.9999998448310287,0.07650000000000001,102.0,0.9012789145984704
107,726510.8314232387,869892.6400000001,7,20,1,3147.935183271212,0.9999998424388754,0.07650000000000001,102.0,0.9012789122063173
109,726510.8314232387,869892.6400000001,7,14,1,3147.935183271212,0.9999364393358114,0.051000000000000004,102.0,0.9262155091032532
110,726510.8314232387,869412.6399999999,7,14,1,3048.850202769635,0.999938076965811,0.051000000000000004,102.0,0.9262171467332528
111,726510.8314232387,870132.6400000001,7,14,1,3223.243722967722,0.9999352010020609,0.051000000000000004,102.0,0.9262142707695027
112,726510.8314232387,870132.6400000001,7,14,1,3223.243722967722,0.9999352010020609,0.051000000000000004,102.0,0.9262142707695027
113,726510.8314232387,870132.6400000001,7,14,1,3223.243722967722,0.9999352010020609,0.051000000000000004,102.0,0.9262142707695027
114,726510.8314232387,869412.6399999999,7,20,1,3048.850202769635,0.9999998464986626,0.07650000000000001,102.0,0.9012789162661045
115,726510.8314232387,869892.6400000001,7,14,1,3147.935183271212,0.9999364393358114,0.051000000000000004,102.0,0.9262155091032532
116,726510.8314232387,870372.6400000001,7,14,1,3314.257726433611,0.9999337114764442,0.051000000000000004,102.0,0.926212781243886
117,726510.8314232387,869892.6400000001,7,14,1,3147.935183271212,0.9999364393358114,0.051000000000000004,102.0,0.9262155091032532
118,726510.8314232387,869892.6400000001,7,14,1,3147.935183271212,0.9999364393358114,0.051000000000000004,102.0,0.9262155091032532
119,726510.8314232387,870372.6400000001,8,14,1,3314.257726433611,0.9999407787308381,0.061200000000000004,194.0,0.8948244996610706
120,726510.8314232387,870612.6400000001,7,14,1,3419.7234474148568,0.9999319947897364,0.051000000000000004,102.0,0.9262110645571782
121,726510.8314232387,870612.6400000001,7,14,1,3419.7234474148568,0.9999319947897364,0.051000000000000004,102.0,0.9262110645571782
122,726510.8314232387,870132.6400000001,7,14,1,3223.243722967722,0.9999352010020609,0.051000000000000004,102.0,0.9262142707695027
123,726510.8314232387,869652.6399999999,7,14,1,3089.4808202192153,0.9999374042778632,0.051000000000000004,102.0,0.9262164740453049
124,726510.8314232387,871332.64,7,14,1,3810.029001926443,0.9999257234183451,0.051000000000000004,102.0,0.9262047931857869
125,726510.8314232387,870612.6400000001,7,14,1,3419.7234474148568,0.9999319947897364,0.051000000000000004,102.0,0.9262110645571782
126,726510.8314232387,870852.6400000001,7,14,1,3538.3488573588975,0.9999300754664209,0.051000000000000004,102.0,0.9262091452338627
127,726510.8314232387,870612.6400000001,7,14,1,3419.7234474148568,0.9999319947897364,0.051000000000000004,102.0,0.9262110645571782
128,726510.8314232387,870612.6400000001,7,14,1,3419.7234474148568,0.9999319947897364,0.051000000000000004,102.0,0.9262110645571782
129,726510.8314232387,871092.64,7,14,1,3668.857699059286,0.9999279774636439,0.051000000000000004,102.0,0.9262070472310857
130,726510.8314232387,870852.6400000001,7,14,1,3538.3488573588975,0.9999300754664209,0.051000000000000004,102.0,0.9262091452338627
131,726510.8314232387,871092.64,9,14,1,3668.857699059286,0.9999641114030954,0.0714,349.0,0.848801320705421
133,726510.8314232387,870852.6400000001,7,14,1,3538.3488573588975,0.9999300754664209,0.051000000000000004,102.0,0.9262091452338627
134,726510.8314232387,871332.64,7,14,1,3810.029001926443,0.9999257234183451,0.051000000000000004,102.0,0.9262047931857869
135,726510.8314232387,870852.6400000001,7,14,1,3538.3488573588975,0.9999300754664209,0.051000000000000004,102.0,0.9262091452338627
136,726510.8314232387,871092.64,7,14,1,3668.857699059286,0.9999279774636439,0.051000000000000004,102.0,0.9262070472310857
137,726787.9595524498,867372.6400000001,7,20,1,3198.1688974510753,0.9999998403896463,0.07650000000000001,102.0,0.901278910157088
138,726787.9595524498,867372.6400000001,7,20,1,3198.1688974510753,0.9999998403896463,0.07650000000000001,102.0,0.901278910157088
139,726787.9595524498,867612.6400000001,7,14,1,3081.9617901910287,0.9999375286412355,0.051000000000000004,102.0,0.9262165984086773
140,726787.9595524498,868092.64,7,14,1,2895.59956405333,0.9999406292612055,0.051000000000000004,102.0,0.9262196990286473
141,726787.9595524498,867612.6400000001,7,14,1,3081.9617901910287,0.9999375286412355,0.051000000000000004,102.0,0.9262165984086773
142,726787.9595524498,868572.64,7,14,1,2780.522467899487,0.9999425621005623,0.051000000000000004,102.0,0.9262216318680041
143,726787.9595524498,868572.64,7,14,1,2780.522467899487,0.9999425621005623,0.051000000000000004,102.0,0.9262216318680041
144,726787.9595524498,868092.64,7,14,1,2895.59956405333,0.9999406292612055,0.051000000000000004,102.0,0.9262196990286473
145,726787.9595524498,868572.64,7,14,1,2780.522467899487,0.9999425621005623,0.051000000000000004,102.0,0.9262216318680041
146,726787.9595524498,868332.64,7,14,1,2828.4803366684105,0.9999417548475148,0.051000000000000004,102.0,0.9262208246149566
147,726787.9595524498,868332.64,7,14,1,2828.4803366684105,0.9999417548475148,0.051000000000000004,102.0,0.9262208246149566
148,726787.9595524498,868812.64,7,14,1,2752.727624387829,0.9999430311269245,0.051000000000000004,102.0,0.9262221008943663
149,726787.9595524498,868812.64,7,14,1,2752.727624387829,0.9999430311269245,0.051000000000000004,102.0,0.9262221008943663
150,726787.9595524498,868812.64,7,14,1,2752.727624387829,0.9999430311269245,0.051000000000000004,102.0,0.9262221008943663
151,726787.9595524498,868812.64,7,14,1,2752.727624387829,0.9999430311269245,0.051000000000000004,102.0,0.9262221008943663
152,726787.9595524498,869292.6399999999,7,14,1,2759.6227519745908,0.9999429146937813,0.051000000000000004,102.0,0.9262219844612231
153,726787.9595524498,869052.64,7,14,1,2745.7082062087134,0.9999431497138773,0.051000000000000004,102.0,0.9262222194813191
154,726787.9595524498,869052.64,7,14,1,2745.7082062087134,0.9999431497138773,0.051000000000000004,102.0,0.9262222194813191
155,726787.9595524498,869052.64,7,14,1,2745.7082062087134,0.9999431497138773,0.051000000000000004,102.0,0.9262222194813191
156,726787.9595524498,868812.64,7,14,1,2752.727624387829,0.9999430311269245,0.051000000000000004,102.0,0.9262221008943663
157,726787.9595524498,869292.6399999999,7,14,1,2759.6227519745908,0.9999429146937813,0.051000000000000004,102.0,0.9262219844612231
158,726787.9595524498,869292.6399999999,7,14,1,2759.6227519745908,0.9999429146937813,0.051000000000000004,102.0,0.9262219844612231
159,726787.9595524498,869532.6399999999,7,14,1,2794.1585339400067,0.9999423323126656,0.051000000000000004,102.0,0.9262214020801074
160,726787.9595524498,869292.6399999999,7,14,1,2759.6227519745908,0.9999429146937813,0.051000000000000004,102.0,0.9262219844612231
161,726787.9595524498,869532.6399999999,7,14,1,2794.1585339400067,0.9999423323126656,0.051000000000000004,102.0,0.9262214020801074
162,726787.9595524498,869772.6399999999,7,14,1,2848.5656201610873,0.9999414175092605,0.051000000000000004,102.0,0.9262204872767023
163,726787.9595524498,869532.6399999999,8,14,1,2794.1585339400067,0.9999488987846397,0.061200000000000004,194.0,0.8948326197148722
164,726787.9595524498,869772.6399999999,7,14,1,2848.5656201610873,0.9999414175092605,0.051000000000000004,102.0,0.9262204872767023
165,726787.9595524498,869772.6399999999,7,14,1,2848.5656201610873,0.9999414175092605,0.051000000000000004,102.0,0.9262204872767023
166,726787.9595524498,869772.6399999999,7,14,1,2848.5656201610873,0.9999414175092605,0.051000000000000004,102.0,0.9262204872767023
167,726787.9595524498,869772.6399999999,7,14,1,2848.5656201610873,0.9999414175092605,0.051000000000000004,102.0,0.9262204872767023
168,726787.9595524498,870012.6399999999,7,14,1,2921.734120678621,0.9999401922859212,0.051000000000000004,102.0,0.926219262053363
170,726787.9595524498,869772.6399999999,7,14,1,2848.5656201610873,0.9999414175092605,0.051000000000000004,102.0,0.9262204872767023
171,726787.9595524498,870012.6399999999,7,14,1,2921.734120678621,0.9999401922859212,0.051000000000000004,102.0,0.926219262053363
172,726787.9595524498,870492.6399999999,7,14,1,3118.739910778964,0.999936920865083,0.051000000000000004,102.0,0.9262159906325248
173,726787.9595524498,870972.64,7,20,1,3373.0323138437234,0.9999998333015925,0.07650000000000001,102.0,0.9012789030690344
174,726787.9595524498,869772.6399999999,7,14,1,2848.5656201610873,0.9999414175092605,0.051000000000000004,102.0,0.9262204872767023
175,726787.9595524498,870252.6399999999,8,14,1,3012.297205043292,0.9999454700798617,0.061200000000000004,194.0,0.8948291910100942
176,726787.9595524498,870012.6399999999,7,20,1,2921.734120678621,0.9999998517426536,0.07650000000000001,102.0,0.9012789215100955
177,726787.9595524498,870492.6399999999,7,14,1,3118.739910778964,0.999936920865083,0.051000000000000004,102.0,0.9262159906325248
178,726787.9595524498,870252.6399999999,7,14,1,3012.297205043292,0.9999386835511284,0.051000000000000004,102.0,0.9262177533185701
179,726787.9595524498,870492.6399999999,7,14,1,3118.739910778964,0.999936920865083,0.051000000000000004,102.0,0.9262159906325248
180,726787.9595524498,870732.6399999999,7,14,1,3239.4973083272553,0.9999349344371627,0.051000000000000004,102.0,0.9262140042046045
181,726787.9595524498,870492.6399999999,7,14,1,3118.739910778964,0.999936920865083,0.051000000000000004,102.0,0.9262159906325248
183,726787.9595524498,870252.6399999999,7,14,1,3012.297205043292,0.9999386835511284,0.051000000000000004,102.0,0.9262177533185701
184,726787.9595524498,870972.64,8,14,1,3373.0323138437234,0.9999398724937537,0.061200000000000004,194.0,0.8948235934239862
185,726787.9595524498,871212.64,7,20,1,3517.8901588605568,0.9999998274808231,0.07650000000000001,102.0,0.9012788972482649
186,727065.0876816608,867252.6399999999,8,14,1,3031.7510568830617,0.9999451659758299,0.061200000000000004,194.0,0.8948288869060624
187,727065.0876816608,867492.6399999999,8,14,1,2898.9857968754377,0.9999472467392103,0.061200000000000004,194.0,0.8948309676694428
188,727065.0876816608,867732.64,8,14,1,2780.633530341453,0.9999491125416358,0.061200000000000004,194.0,0.8948328334718683
189,727065.0876816608,867972.64,8,14,1,2678.605422534865,0.999950729660168,0.061200000000000004,194.0,0.8948344505904005
190,727065.0876816608,867972.64,7,14,1,2678.605422534865,0.9999442861908233,0.051000000000000004,102.0,0.9262233559582651
191,727065.0876816608,867972.64,7,14,1,2678.605422534865,0.9999442861908233,0.051000000000000004,102.0,0.9262233559582651
192,727065.0876816608,867972.64,7,14,1,2678.605422534865,0.9999442861908233,0.051000000000000004,102.0,0.9262233559582651
193,727065.0876816608,867972.64,7,14,1,2678.605422534865,0.9999442861908233,0.051000000000000004,102.0,0.9262233559582651
194,727065.0876816608,868452.64,7,14,1,2531.1134642250236,0.9999468028031081,0.051000000000000004,102.0,0.9262258725705499
195,727065.0876816608,868452.64,7,14,1,2531.1134642250236,0.9999468028031081,0.051000000000000004,102.0,0.9262258725705499
196,727065.0876816608,868452.64,7,14,1,2531.1134642250236,0.9999468028031081,0.051000000000000004,102.0,0.9262258725705499
197,727065.0876816608,868452.64,8,14,1,2531.1134642250236,0.9999530822939164,0.061200000000000004,194.0,0.8948368032241489
198,727065.0876816608,868932.64,7,14,1,2469.6039617576776,0.9999478602138103,0.051000000000000004,102.0,0.9262269299812521
200,727065.0876816608,868932.64,7,14,1,2469.6039617576776,0.9999478602138103,0.051000000000000004,102.0,0.9262269299812521
201,727065.0876816608,868932.64,7,14,1,2469.6039617576776,0.9999478602138103,0.051000000000000004,102.0,0.9262269299812521
202,727065.0876816608,868932.64,7,14,1,2469.6039617576776,0.9999478602138103,0.051000000000000004,102.0,0.9262269299812521
203,727065.0876816608,868932.64,7,20,1,2469.6039617576776,0.9999998707516691,0.07650000000000001,102.0,0.901278940519111
204,727065.0876816608,869172.64,7,14,1,2473.448585983389,0.9999477939803393,0.051000000000000004,102.0,0.9262268637477811
205,727065.0876816608,868932.64,7,14,1,2469.6039617576776,0.9999478602138103,0.051000000000000004,102.0,0.9262269299812521
206,727065.0876816608,869652.6399999999,7,14,1,2549.8149475307214,0.9999464822448461,0.051000000000000004,102.0,0.9262255520122878
207,727065.0876816608,869172.64,7,14,1,2473.448585983389,0.9999477939803393,0.051000000000000004,102.0,0.9262268637477811
208,727065.0876816608,869412.6399999999,8,14,1,2500.430380369976,0.9999535740260053,0.061200000000000004,194.0,0.8948372949562378
209,727065.0876816608,868932.64,7,20,1,2469.6039617576776,0.9999998707516691,0.07650000000000001,102.0,0.901278940519111
210,727065.0876816608,869172.64,7,14,1,2473.448585983389,0.9999477939803393,0.051000000000000004,102.0,0.9262268637477811
211,727065.0876816608,869412.6399999999,8,14,1,2500.430380369976,0.9999535740260053,0.061200000000000004,194.0,0.8948372949562378
212,727065.0876816608,869172.64,7,14,1,2473.448585983389,0.9999477939803393,0.051000000000000004,102.0,0.9262268637477811
213,727065.0876816608,869652.6399999999,7,14,1,2549.8149475307214,0.9999464822448461,0.051000000000000004,102.0,0.9262255520122878
214,727065.0876816608,869412.6399999999,7,14,1,2500.430380369976,0.9999473296796277,0.051000000000000004,102.0,0.9262263994470695
215,727065.0876816608,869892.6400000001,7,14,1,2620.3359414825914,0.9999452773075443,0.051000000000000004,102.0,0.9262243470749861
216,727065.0876816608,869652.6399999999,7,14,1,2549.8149475307214,0.9999464822448461,0.051000000000000004,102.0,0.9262255520122878
217,727065.0876816608,869412.6399999999,8,14,1,2500.430380369976,0.9999535740260053,0.061200000000000004,194.0,0.8948372949562378
218,727065.0876816608,869892.6400000001,7,20,1,2620.3359414825914,0.9999998643486021,0.07650000000000001,102.0,0.901278934116044
219,727065.0876816608,869652.6399999999,7,20,1,2549.8149475307214,0.9999998673356657,0.07650000000000001,102.0,0.9012789371031075
220,727065.0876816608,869892.6400000001,7,14,1,2620.3359414825914,0.9999452773075443,0.051000000000000004,102.0,0.9262243470749861
221,727065.0876816608,869892.6400000001,7,14,1,2620.3359414825914,0.9999452773075443,0.051000000000000004,102.0,0.9262243470749861
222,727065.0876816608,869892.6400000001,7,14,1,2620.3359414825914,0.9999452773075443,0.051000000000000004,102.0,0.9262243470749861
223,727065.0876816608,869892.6400000001,8,14,1,2620.3359414825914,0.9999516569556404,0.061200000000000004,194.0,0.8948353778858729
224,727065.0876816608,870132.6400000001,7,14,1,2710.3440050664276,0.9999437480113014,0.051000000000000004,102.0,0.9262228177787432
225,727065.0876816608,870132.6400000001,7,14,1,2710.3440050664276,0.9999437480113014,0.051000000000000004,102.0,0.9262228177787432
226,727065.0876816608,870132.6400000001,7,14,1,2710.3440050664276,0.9999437480113014,0.051000000000000004,102.0,0.9262228177787432
227,727065.0876816608,869892.6400000001,8,27,1,2620.3359414825914,0.9999999998907234,0.12240000000000001,194.0,0.834883720820956
228,727065.0876816608,869892.6400000001,7,14,1,2620.3359414825914,0.9999452773075443,0.051000000000000004,102.0,0.9262243470749861
230,727065.0876816608,870132.6400000001,7,14,1,2710.3440050664276,0.9999437480113014,0.051000000000000004,102.0,0.9262228177787432
231,727065.0876816608,870372.6400000001,7,14,1,2817.9724635584334,0.999941931505413,0.051000000000000004,102.0,0.9262210012728548
232,727065.0876816608,870612.6400000001,7,14,1,2941.287640634226,0.9999398658162147,0.051000000000000004,102.0,0.9262189355836565
233,727065.0876816608,870372.6400000001,7,14,1,2817.9724635584334,0.999941931505413,0.051000000000000004,102.0,0.9262210012728548
234,727065.0876816608,870372.6400000001,8,14,1,2817.9724635584334,0.9999485227563962,0.061200000000000004,194.0,0.8948322436866287
235,727065.0876816608,870612.6400000001,7,20,1,2941.287640634226,0.9999998509333192,0.07650000000000001,102.0,0.9012789207007611
236,727065.0876816608,871092.64,7,14,1,3227.56585433904,0.9999351300934497,0.051000000000000004,102.0,0.9262141998608915
237,727065.0876816608,870852.6400000001,7,14,1,3078.4049708447583,0.9999375874897722,0.051000000000000004,102.0,0.926216657257214
238,727065.0876816608,870612.6400000001,7,14,1,2941.287640634226,0.9999398658162147,0.051000000000000004,102.0,0.9262189355836565
239,727065.0876816608,871092.64,8,14,1,3227.56585433904,0.999942119422582,0.061200000000000004,194.0,0.8948258403528145
240,727065.0876816608,871092.64,7,14,1,3227.56585433904,0.9999351300934497,0.051000000000000004,102.0,0.9262141998608915
241,727065.0876816608,870612.6400000001,7,14,1,2941.287640634226,0.9999398658162147,0.051000000000000004,102.0,0.9262189355836565
242,727342.2158108717,867372.6400000001,7,14,1,2737.1789902694777,0.9999432938824697,0.051000000000000004,102.0,0.9262223636499115
243,727342.2158108717,866892.6400000001,7,14,1,3049.1540573779653,0.9999380719290559,0.051000000000000004,102.0,0.9262171416964977
244,727342.2158108717,867852.64,7,14,1,2479.4671169267476,0.9999476903336967,0.051000000000000004,102.0,0.9262267601011385
245,727342.2158108717,867612.6400000001,7,14,1,2600.4524614664087,0.9999456164317624,0.051000000000000004,102.0,0.9262246861992042
246,727342.2158108717,868092.64,7,14,1,2376.628150025798,0.9999494678068983,0.051000000000000004,102.0,0.9262285375743401
247,727342.2158108717,867612.6400000001,7,14,1,2600.4524614664087,0.9999456164317624,0.051000000000000004,102.0,0.9262246861992042
248,727342.2158108717,867612.6400000001,7,14,1,2600.4524614664087,0.9999456164317624,0.051000000000000004,102.0,0.9262246861992042
249,727342.2158108717,868092.64,7,14,1,2376.628150025798,0.9999494678068983,0.051000000000000004,102.0,0.9262285375743401
250,727342.2158108717,868332.64,7,14,1,2294.3769400578135,0.9999508996087481,0.051000000000000004,102.0,0.9262299693761898
251,727342.2158108717,868332.64,8,14,1,2294.3769400578135,0.9999568981058652,0.061200000000000004,194.0,0.8948406190360977
252,727342.2158108717,868572.64,7,14,1,2234.987633666698,0.9999519392919389,0.051000000000000004,102.0,0.9262310090593807
253,727342.2158108717,868332.64,7,20,1,2294.3769400578135,0.999999878286337,0.07650000000000001,102.0,0.9012789480537787
254,727342.2158108717,868092.64,7,20,1,2376.628150025798,0.9999998747369022,0.07650000000000001,102.0,0.901278944504344
255,727342.2158108717,868572.64,7,14,1,2234.987633666698,0.9999519392919389,0.051000000000000004,102.0,0.9262310090593807
256,727342.2158108717,868332.64,7,14,1,2294.3769400578135,0.9999508996087481,0.051000000000000004,102.0,0.9262299693761898
257,727342.2158108717,868332.64,7,14,1,2294.3769400578135,0.9999508996087481,0.051000000000000004,102.0,0.9262299693761898
258,727342.2158108717,868572.64,7,14,1,2234.987633666698,0.9999519392919389,0.051000000000000004,102.0,0.9262310090593807
259,727342.2158108717,868812.64,7,20,1,2200.3122283478483,0.9999998823743393,0.07650000000000001,102.0,0.9012789521417811
260,727342.2158108717,868572.64,7,14,1,2234.987633666698,0.9999519392919389,0.051000000000000004,102.0,0.9262310090593807
261,727342.2158108717,869052.64,7,14,1,2191.5241458380247,0.9999527033861672,0.051000000000000004,102.0,0.9262317731536089
262,727342.2158108717,869052.64,7,14,1,2191.5241458380247,0.9999527033861672,0.051000000000000004,102.0,0.9262317731536089
263,727342.2158108717,868812.64,7,14,1,2200.3122283478483,0.9999525486678159,0.051000000000000004,102.0,0.9262316184352577
264,727342.2158108717,868812.64,7,14,1,2200.3122283478483,0.9999525486678159,0.051000000000000004,102.0,0.9262316184352577
265,727342.2158108717,869052.64,7,14,1,2191.5241458380247,0.9999527033861672,0.051000000000000004,102.0,0.9262317731536089
266,727342.2158108717,869052.64,7,14,1,2191.5241458380247,0.9999527033861672,0.051000000000000004,102.0,0.9262317731536089
267,727342.2158108717,869052.64,7,14,1,2191.5241458380247,0.9999527033861672,0.051000000000000004,102.0,0.9262317731536089
268,727342.2158108717,869292.6399999999,7,14,1,2208.9323804419696,0.9999523970160984,0.051000000000000004,102.0,0.9262314667835402
269,727342.2158108717,869532.6399999999,7,14,1,2251.929492888039,0.9999516421924994,0.051000000000000004,102.0,0.9262307119599412
270,727342.2158108717,869292.6399999999,7,14,1,2208.9323804419696,0.9999523970160984,0.051000000000000004,102.0,0.9262314667835402
271,727342.2158108717,869292.6399999999,7,14,1,2208.9323804419696,0.9999523970160984,0.051000000000000004,102.0,0.9262314667835402
272,727342.2158108717,868812.64,7,14,1,2200.3122283478483,0.9999525486678159,0.051000000000000004,102.0,0.9262316184352577
273,727342.2158108717,869772.6399999999,7,14,1,2319.0926287047987,0.9999504683908367,0.051000000000000004,102.0,0.9262295381582785
274,727342.2158108717,869772.6399999999,7,14,1,2319.0926287047987,0.9999504683908367,0.051000000000000004,102.0,0.9262295381582785
275,727342.2158108717,869772.6399999999,8,14,1,2319.0926287047987,0.9999564973154664,0.061200000000000004,194.0,0.8948402182456989
276,727342.2158108717,869292.6399999999,7,14,1,2208.9323804419696,0.9999523970160984,0.051000000000000004,102.0,0.9262314667835402
277,727342.2158108717,870012.6399999999,7,14,1,2408.400880270327,0.9999489171657858,0.051000000000000004,102.0,0.9262279869332276
278,727342.2158108717,870012.6399999999,7,14,1,2408.400880270327,0.9999489171657858,0.051000000000000004,102.0,0.9262279869332276
279,727342.2158108717,869292.6399999999,7,14,1,2208.9323804419696,0.9999523970160984,0.051000000000000004,102.0,0.9262314667835402
280,727342.2158108717,870012.6399999999,7,14,1,2408.400880270327,0.9999489171657858,0.051000000000000004,102.0,0.9262279869332276
281,727342.2158108717,869532.6399999999,7,27,1,2251.929492888039,0.9999999998906901,0.10200000000000001,102.0,0.876279069658132
282,727342.2158108717,870252.6399999999,7,14,1,2517.498556039475,0.999947036446846,0.051000000000000004,102.0,0.9262261062142878
283,727342.2158108717,870012.6399999999,7,14,1,2408.400880270327,0.9999489171657858,0.051000000000000004,102.0,0.9262279869332276
284,727342.2158108717,870012.6399999999,7,14,1,2408.400880270327,0.9999489171657858,0.051000000000000004,102.0,0.9262279869332276
285,727342.2158108717,870012.6399999999,7,14,1,2408.400880270327,0.9999489171657858,0.051000000000000004,102.0,0.9262279869332276
286,727342.2158108717,870012.6399999999,7,14,1,2408.400880270327,0.9999489171657858,0.051000000000000004,102.0,0.9262279869332276
287,727342.2158108717,870732.6399999999,7,14,1,2785.3558729197866,0.9999424806269192,0.051000000000000004,102.0,0.9262215503943609
288,727342.2158108717,870732.6399999999,7,14,1,2785.3558729197866,0.9999424806269192,0.051000000000000004,102.0,0.9262215503943609
289,727342.2158108717,870492.6399999999,7,14,1,2643.937056594728,0.9999448753891984,0.051000000000000004,102.0,0.9262239451566402
290,727342.2158108717,870252.6399999999,7,20,1,2517.498556039475,0.9999998687095409,0.07650000000000001,102.0,0.9012789384769827
291,727342.2158108717,870972.64,7,14,1,2939.593767577955,0.999939894081681,0.051000000000000004,102.0,0.9262189638491228
292,727342.2158108717,870252.6399999999,7,14,1,2517.498556039475,0.999947036446846,0.051000000000000004,102.0,0.9262261062142878
293,727342.2158108717,870492.6399999999,7,14,1,2643.937056594728,0.9999448753891984,0.051000000000000004,102.0,0.9262239451566402
294,727342.2158108717,870732.6399999999,7,20,1,2785.3558729197866,0.9999998574155476,0.07650000000000001,102.0,0.9012789271829894
295,727342.2158108717,870732.6399999999,7,14,1,2785.3558729197866,0.9999424806269192,0.051000000000000004,102.0,0.9262215503943609
296,727342.2158108717,871212.64,7,14,1,3104.7408423179486,0.9999371520505075,0.051000000000000004,102.0,0.9262162218179493
297,727342.2158108717,870492.6399999999,8,14,1,2643.937056594728,0.9999512810356023,0.061200000000000004,194.0,0.8948350019658348
298,727342.2158108717,870972.64,7,14,1,2939.593767577955,0.999939894081681,0.051000000000000004,102.0,0.9262189638491228
299,727342.2158108717,871212.64,7,14,1,3104.7408423179486,0.9999371520505075,0.051000000000000004,102.0,0.9262162218179493
301,727619.3439400827,867732.64,7,14,1,2302.8216079862377,0.9999507521780715,0.051000000000000004,102.0,0.9262298219455133
302,727619.3439400827,867492.6399999999,8,14,1,2444.4187813536914,0.9999544737999725,0.061200000000000004,194.0,0.894838194730205
303,727619.3439400827,867732.64,8,14,1,2302.8216079862377,0.9999567611012451,0.061200000000000004,194.0,0.8948404820314776
304,727619.3439400827,867972.64,7,14,1,2178.5296733765945,0.9999529323688917,0.051000000000000004,102.0,0.9262320021363335
305,727619.3439400827,867492.6399999999,7,14,1,2444.4187813536914,0.9999482945625702,0.051000000000000004,102.0,0.926227364330012
306,727619.3439400827,867732.64,7,14,1,2302.8216079862377,0.9999507521780715,0.051000000000000004,102.0,0.9262298219455133
307,727619.3439400827,868212.64,7,14,1,2074.6555659569954,0.9999547719589791,0.051000000000000004,102.0,0.9262338417264209
308,727619.3439400827,867972.64,7,14,1,2178.5296733765945,0.9999529323688917,0.051000000000000004,102.0,0.9262320021363335
309,727619.3439400827,867972.64,7,20,1,2178.5296733765945,0.9999998833255289,0.07650000000000001,102.0,0.9012789530929707
310,727619.3439400827,868212.64,7,14,1,2074.6555659569954,0.9999547719589791,0.051000000000000004,102.0,0.9262338417264209
311,727619.3439400827,868212.64,7,14,1,2074.6555659569954,0.9999547719589791,0.051000000000000004,102.0,0.9262338417264209
312,727619.3439400827,868212.64,7,20,1,2074.6555659569954,0.9999998878858368,0.07650000000000001,102.0,0.9012789576532786
313,727619.3439400827,868932.64,7,14,1,1915.7265608845034,0.9999576197996743,0.051000000000000004,102.0,0.9262366895671161
314,727619.3439400827,868452.64,8,14,1,1994.3921121309995,0.9999618117228107,0.061200000000000004,194.0,0.8948455326530432
315,727619.3439400827,868452.64,7,14,1,1994.3921121309995,0.999956204990433,0.051000000000000004,102.0,0.9262352747578748
316,727619.3439400827,868692.64,7,14,1,1940.6710376837075,0.999957170035873,0.051000000000000004,102.0,0.9262362398033148
317,727619.3439400827,868932.64,7,14,1,1915.7265608845034,0.9999576197996743,0.051000000000000004,102.0,0.9262366895671161
318,727619.3439400827,868692.64,7,14,1,1940.6710376837075,0.999957170035873,0.051000000000000004,102.0,0.9262362398033148
319,727619.3439400827,868212.64,7,20,1,2074.6555659569954,0.9999998878858368,0.07650000000000001,102.0,0.9012789576532786
320,727619.3439400827,868932.64,7,14,1,1915.7265608845034,0.9999576197996743,0.051000000000000004,102.0,0.9262366895671161
321,727619.3439400827,868932.64,7,14,1,1915.7265608845034,0.9999576197996743,0.051000000000000004,102.0,0.9262366895671161
322,727619.3439400827,869172.64,7,14,1,1920.6802012965031,0.9999575303974887,0.051000000000000004,102.0,0.9262366001649305
323,727619.3439400827,868932.64,8,14,1,1915.7265608845034,0.9999631163488644,0.061200000000000004,194.0,0.8948468372790969
324,727619.3439400827,868932.64,7,14,1,1915.7265608845034,0.9999576197996743,0.051000000000000004,102.0,0.9262366895671161
325,727619.3439400827,868932.64,8,14,1,1915.7265608845034,0.9999631163488644,0.061200000000000004,194.0,0.8948468372790969
326,727619.3439400827,869172.64,7,14,1,1920.6802012965031,0.9999575303974887,0.051000000000000004,102.0,0.9262366001649305
327,727619.3439400827,869412.6399999999,7,14,1,1955.3047371768657,0.999956906675718,0.051000000000000004,102.0,0.9262359764431598
328,727619.3439400827,868932.64,7,14,1,1915.7265608845034,0.9999576197996743,0.051000000000000004,102.0,0.9262366895671161
329,727619.3439400827,869172.64,7,14,1,1920.6802012965031,0.9999575303974887,0.051000000000000004,102.0,0.9262366001649305
330,727619.3439400827,868932.64,7,14,1,1915.7265608845034,0.9999576197996743,0.051000000000000004,102.0,0.9262366895671161
331,727619.3439400827,869652.6399999999,8,14,1,2018.0735355284369,0.9999614203579597,0.061200000000000004,194.0,0.8948451412881921
332,727619.3439400827,869652.6399999999,7,14,1,2018.0735355284369,0.9999557810975652,0.051000000000000004,102.0,0.926234850865007
333,727619.3439400827,869412.6399999999,7,14,1,1955.3047371768657,0.999956906675718,0.051000000000000004,102.0,0.9262359764431598
334,727619.3439400827,869172.64,7,14,1,1920.6802012965031,0.9999575303974887,0.051000000000000004,102.0,0.9262366001649305
335,727619.3439400827,869892.6400000001,7,14,1,2106.4721632090486,0.999954206734637,0.051000000000000004,102.0,0.9262332765020788
336,727619.3439400827,869892.6400000001,7,14,1,2106.4721632090486,0.999954206734637,0.051000000000000004,102.0,0.9262332765020788
337,727619.3439400827,869892.6400000001,7,14,1,2106.4721632090486,0.999954206734637,0.051000000000000004,102.0,0.9262332765020788
338,727619.3439400827,869412.6399999999,7,14,1,1955.3047371768657,0.999956906675718,0.051000000000000004,102.0,0.9262359764431598
339,727619.3439400827,869652.6399999999,7,20,1,2018.0735355284369,0.9999998903874643,0.07650000000000001,102.0,0.9012789601549062
340,727619.3439400827,869892.6400000001,7,14,1,2106.4721632090486,0.999954206734637,0.051000000000000004,102.0,0.9262332765020788
341,727619.3439400827,869652.6399999999,7,14,1,2018.0735355284369,0.9999557810975652,0.051000000000000004,102.0,0.926234850865007
342,727619.3439400827,869892.6400000001,7,14,1,2106.4721632090486,0.999954206734637,0.051000000000000004,102.0,0.9262332765020788
343,727619.3439400827,869652.6399999999,7,14,1,2018.0735355284369,0.9999557810975652,0.051000000000000004,102.0,0.926234850865007
344,727619.3439400827,870132.6400000001,7,14,1,2217.4375197395466,0.9999522474941756,0.051000000000000004,102.0,0.9262313172616173
345,727619.3439400827,869652.6399999999,7,14,1,2018.0735355284369,0.9999557810975652,0.051000000000000004,102.0,0.926234850865007
346,727619.3439400827,869892.6400000001,7,14,1,2106.4721632090486,0.999954206734637,0.051000000000000004,102.0,0.9262332765020788
347,727619.3439400827,870132.6400000001,7,14,1,2217.4375197395466,0.9999522474941756,0.051000000000000004,102.0,0.9262313172616173
348,727619.3439400827,870132.6400000001,7,14,1,2217.4375197395466,0.9999522474941756,0.051000000000000004,102.0,0.9262313172616173
349,727619.3439400827,870372.6400000001,7,14,1,2347.7719935127298,0.9999499690736015,0.051000000000000004,102.0,0.9262290388410432
350,727619.3439400827,870132.6400000001,7,14,1,2217.4375197395466,0.9999522474941756,0.051000000000000004,102.0,0.9262313172616173
351,727619.3439400827,870612.6400000001,7,14,1,2494.441322841009,0.9999474326591449,0.051000000000000004,102.0,0.9262265024265867
352,727619.3439400827,869652.6399999999,7,14,1,2018.0735355284369,0.9999557810975652,0.051000000000000004,102.0,0.926234850865007
353,727619.3439400827,870612.6400000001,8,14,1,2494.441322841009,0.9999536701029076,0.061200000000000004,194.0,0.8948373910331401
354,727619.3439400827,870372.6400000001,7,14,1,2347.7719935127298,0.9999499690736015,0.051000000000000004,102.0,0.9262290388410432
355,727619.3439400827,870612.6400000001,7,14,1,2494.441322841009,0.9999474326591449,0.051000000000000004,102.0,0.9262265024265867
356,727619.3439400827,870612.6400000001,7,14,1,2494.441322841009,0.9999474326591449,0.051000000000000004,102.0,0.9262265024265867
357,727619.3439400827,870852.6400000001,7,14,1,2654.7394773632436,0.9999446916478533,0.051000000000000004,102.0,0.926223761415295
358,727619.3439400827,871092.64,8,14,1,2826.348505093533,0.9999483905992215,0.061200000000000004,194.0,0.894832111529454
359,727619.3439400827,870852.6400000001,7,14,1,2654.7394773632436,0.9999446916478533,0.051000000000000004,102.0,0.926223761415295
360,727619.3439400827,870852.6400000001,7,14,1,2654.7394773632436,0.9999446916478533,0.051000000000000004,102.0,0.926223761415295
361,727619.3439400827,870372.6400000001,7,14,1,2347.7719935127298,0.9999499690736015,0.051000000000000004,102.0,0.9262290388410432
362,727619.3439400827,871332.64,7,14,1,3007.3327138543314,0.9999387660391774,0.051000000000000004,102.0,0.9262178358066192
363,727619.3439400827,871332.64,7,14,1,3007.3327138543314,0.9999387660391774,0.051000000000000004,102.0,0.9262178358066192
364,727619.3439400827,871092.64,8,14,1,2826.348505093533,0.9999483905992215,0.061200000000000004,194.0,0.894832111529454
365,727619.3439400827,870612.6400000001,7,14,1,2494.441322841009,0.9999474326591449,0.051000000000000004,102.0,0.9262265024265867
367,727619.3439400827,871332.64,7,14,1,3007.3327138543314,0.9999387660391774,0.051000000000000004,102.0,0.9262178358066192
368,727619.3439400827,871092.64,7,14,1,2826.348505093533,0.9999417906780185,0.051000000000000004,102.0,0.9262208604454603
369,727619.3439400827,871332.64,7,14,1,3007.3327138543314,0.9999387660391774,0.051000000000000004,102.0,0.9262178358066192
370,727896.4720692937,867852.64,7,14,1,2006.4948821438884,0.9999559882384933,0.051000000000000004,102.0,0.9262350580059351
371,727896.4720692937,867852.64,7,14,1,2006.4948821438884,0.9999559882384933,0.051000000000000004,102.0,0.9262350580059351
372,727896.4720692937,867132.6400000001,7,14,1,2493.072235886307,0.9999474562064324,0.051000000000000004,102.0,0.9262265259738742
373,727896.4720692937,867612.6400000001,7,14,1,2154.2092592167737,0.9999533616075813,0.051000000000000004,102.0,0.9262324313750231
374,727896.4720692937,866892.6400000001,7,20,1,2678.7319749786625,0.9999998618862733,0.07650000000000001,102.0,0.9012789316537152
375,727896.4720692937,868092.64,7,14,1,1877.9312797979658,0.9999583033268197,0.051000000000000004,102.0,0.9262373730942615
376,727896.4720692937,868332.64,7,14,1,1772.6900663166232,0.9999602201335293,0.051000000000000004,102.0,0.926239289900971
377,727896.4720692937,868092.64,7,14,1,1877.9312797979658,0.9999583033268197,0.051000000000000004,102.0,0.9262373730942615
378,727896.4720692937,867852.64,7,14,1,2006.4948821438884,0.9999559882384933,0.051000000000000004,102.0,0.9262350580059351
379,727896.4720692937,868332.64,7,14,1,1772.6900663166232,0.9999602201335293,0.051000000000000004,102.0,0.926239289900971
380,727896.4720692937,868092.64,7,14,1,1877.9312797979658,0.9999583033268197,0.051000000000000004,102.0,0.9262373730942615
381,727896.4720692937,868572.64,7,14,1,1695.1207186485697,0.9999616463035313,0.051000000000000004,102.0,0.9262407160709731
382,727896.4720692937,868812.64,7,14,1,1649.1326297074024,0.9999624974662747,0.051000000000000004,102.0,0.9262415672337165
383,727896.4720692937,868092.64,8,14,1,1877.9312797979658,0.9999637457365422,0.061200000000000004,194.0,0.8948474666667747
384,727896.4720692937,868092.64,7,14,1,1877.9312797979658,0.9999583033268197,0.051000000000000004,102.0,0.9262373730942615
385,727896.4720692937,868572.64,7,14,1,1695.1207186485697,0.9999616463035313,0.051000000000000004,102.0,0.9262407160709731
386,727896.4720692937,868572.64,7,14,1,1695.1207186485697,0.9999616463035313,0.051000000000000004,102.0,0.9262407160709731
387,727896.4720692937,868332.64,7,14,1,1772.6900663166232,0.9999602201335293,0.051000000000000004,102.0,0.926239289900971
388,727896.4720692937,868572.64,8,14,1,1695.1207186485697,0.9999668150545317,0.061200000000000004,194.0,0.8948505359847642
389,727896.4720692937,868572.64,7,14,1,1695.1207186485697,0.9999616463035313,0.051000000000000004,102.0,0.9262407160709731
390,727896.4720692937,869052.64,7,14,1,1637.3889611022976,0.9999627155161487,0.051000000000000004,102.0,0.9262417852835905
391,727896.4720692937,868812.64,7,14,1,1649.1326297074024,0.9999624974662747,0.051000000000000004,102.0,0.9262415672337165
392,727896.4720692937,868572.64,7,14,1,1695.1207186485697,0.9999616463035313,0.051000000000000004,102.0,0.9262407160709731
393,727896.4720692937,868812.64,7,14,1,1649.1326297074024,0.9999624974662747,0.051000000000000004,102.0,0.9262415672337165
394,727896.4720692937,869052.64,7,14,1,1637.3889611022976,0.9999627155161487,0.051000000000000004,102.0,0.9262417852835905
395,727896.4720692937,869052.64,7,14,1,1637.3889611022976,0.9999627155161487,0.051000000000000004,102.0,0.9262417852835905
396,727896.4720692937,869052.64,7,14,1,1637.3889611022976,0.9999627155161487,0.051000000000000004,102.0,0.9262417852835905
397,727896.4720692937,869052.64,7,14,1,1637.3889611022976,0.9999627155161487,0.051000000000000004,102.0,0.9262417852835905
398,727896.4720692937,869052.64,7,14,1,1637.3889611022976,0.9999627155161487,0.051000000000000004,102.0,0.9262417852835905
399,727896.4720692937,869052.64,9,14,1,1637.3889611022976,0.9999822484825434,0.0714,349.0,0.8488194577848689
400,727896.4720692937,869052.64,7,14,1,1637.3889611022976,0.9999627155161487,0.051000000000000004,102.0,0.9262417852835905
401,727896.4720692937,869052.64,8,27,1,1637.3889611022976,0.9999999999272005,0.12240000000000001,194.0,0.834883720857433
402,727896.4720692937,869292.6399999999,7,14,1,1660.6163884273833,0.9999622845176082,0.051000000000000004,102.0,0.92624135428505
403,727896.4720692937,869052.64,7,14,1,1637.3889611022976,0.9999627155161487,0.051000000000000004,102.0,0.9262417852835905
404,727896.4720692937,869532.6399999999,7,14,1,1717.3965672166573,0.9999612355426907,0.051000000000000004,102.0,0.9262403053101325
405,727896.4720692937,869532.6399999999,8,14,1,1717.3965672166573,0.9999664387356548,0.061200000000000004,194.0,0.8948501596658873
406,727896.4720692937,869292.6399999999,7,14,1,1660.6163884273833,0.9999622845176082,0.051000000000000004,102.0,0.92624135428505
407,727896.4720692937,869532.6399999999,7,14,1,1717.3965672166573,0.9999612355426907,0.051000000000000004,102.0,0.9262403053101325
408,727896.4720692937,869052.64,7,14,1,1637.3889611022976,0.9999627155161487,0.051000000000000004,102.0,0.9262417852835905
409,727896.4720692937,869772.6399999999,7,14,1,1804.5650857371456,0.9999596374282724,0.051000000000000004,102.0,0.9262387071957142
410,727896.4720692937,869772.6399999999,8,14,1,1804.5650857371456,0.9999649724219796,0.061200000000000004,194.0,0.8948486933522121
411,727896.4720692937,869772.6399999999,7,14,1,1804.5650857371456,0.9999596374282724,0.051000000000000004,102.0,0.9262387071957142
412,727896.4720692937,869772.6399999999,7,14,1,1804.5650857371456,0.9999596374282724,0.051000000000000004,102.0,0.9262387071957142
413,727896.4720692937,869532.6399999999,7,14,1,1717.3965672166573,0.9999612355426907,0.051000000000000004,102.0,0.9262403053101325
414,727896.4720692937,869772.6399999999,7,14,1,1804.5650857371456,0.9999596374282724,0.051000000000000004,102.0,0.9262387071957142
415,727896.4720692937,870012.6399999999,7,14,1,1917.9831407589236,0.9999575790681752,0.051000000000000004,102.0,0.926236648835617
416,727896.4720692937,870492.6399999999,7,20,1,2206.505764185394,0.9999998821041992,0.07650000000000001,102.0,0.901278951871641
417,727896.4720692937,870012.6399999999,7,14,1,1917.9831407589236,0.9999575790681752,0.051000000000000004,102.0,0.926236648835617
418,727896.4720692937,870012.6399999999,7,14,1,1917.9831407589236,0.9999575790681752,0.051000000000000004,102.0,0.926236648835617
419,727896.4720692937,870012.6399999999,7,14,1,1917.9831407589236,0.9999575790681752,0.051000000000000004,102.0,0.926236648835617
420,727896.4720692937,869772.6399999999,7,14,1,1804.5650857371456,0.9999596374282724,0.051000000000000004,102.0,0.9262387071957142
421,727896.4720692937,869772.6399999999,7,14,1,1804.5650857371456,0.9999596374282724,0.051000000000000004,102.0,0.9262387071957142
422,727896.4720692937,870252.6399999999,7,14,1,2053.305507665486,0.999955152135798,0.051000000000000004,102.0,0.9262342219032398
423,727896.4720692937,870252.6399999999,7,14,1,2053.305507665486,0.999955152135798,0.051000000000000004,102.0,0.9262342219032398
424,727896.4720692937,870252.6399999999,7,14,1,2053.305507665486,0.999955152135798,0.051000000000000004,102.0,0.9262342219032398
425,727896.4720692937,870012.6399999999,7,14,1,1917.9831407589236,0.9999575790681752,0.051000000000000004,102.0,0.926236648835617
426,727896.4720692937,870012.6399999999,7,14,1,1917.9831407589236,0.9999575790681752,0.051000000000000004,102.0,0.926236648835617
427,727896.4720692937,870252.6399999999,7,14,1,2053.305507665486,0.999955152135798,0.051000000000000004,102.0,0.9262342219032398
428,727896.4720692937,870732.6399999999,7,14,1,2374.1254951997216,0.9999495112366517,0.051000000000000004,102.0,0.9262285810040934
429,727896.4720692937,870492.6399999999,7,14,1,2206.505764185394,0.9999524396958197,0.051000000000000004,102.0,0.9262315094632615
430,727896.4720692937,870492.6399999999,10,14,1,2206.505764185394,0.9999827037096759,0.0816,617.0,0.7764943316166527
431,727896.4720692937,870732.6399999999,7,14,1,2374.1254951997216,0.9999495112366517,0.051000000000000004,102.0,0.9262285810040934
432,727896.4720692937,870492.6399999999,7,14,1,2206.505764185394,0.9999524396958197,0.051000000000000004,102.0,0.9262315094632615
433,727896.4720692937,870492.6399999999,7,14,1,2206.505764185394,0.9999524396958197,0.051000000000000004,102.0,0.9262315094632615
434,727896.4720692937,870732.6399999999,7,20,1,2374.1254951997216,0.9999998748445648,0.07650000000000001,102.0,0.9012789446120065
435,727896.4720692937,870972.64,7,14,1,2553.3264668921074,0.9999464221028195,0.051000000000000004,102.0,0.9262254918702613
436,727896.4720692937,870732.6399999999,8,14,1,2374.1254951997216,0.9999556069723872,0.061200000000000004,194.0,0.8948393279026197
437,727896.4720692937,870972.64,7,14,1,2553.3264668921074,0.9999464221028195,0.051000000000000004,102.0,0.9262254918702613
438,727896.4720692937,870492.6399999999,8,14,1,2206.505764185394,0.9999583278283711,0.061200000000000004,194.0,0.8948420487586036
439,727896.4720692937,870972.64,7,14,1,2553.3264668921074,0.9999464221028195,0.051000000000000004,102.0,0.9262254918702613
440,727896.4720692937,870972.64,10,14,1,2553.3264668921074,0.9999803041591543,0.0816,617.0,0.7764919320661311
441,727896.4720692937,870972.64,7,14,1,2553.3264668921074,0.9999464221028195,0.051000000000000004,102.0,0.9262254918702613
443,727896.4720692937,871212.64,7,14,1,2741.8388402868873,0.9999432151072294,0.051000000000000004,102.0,0.9262222848746712
444,727896.4720692937,870732.6399999999,7,14,1,2374.1254951997216,0.9999495112366517,0.051000000000000004,102.0,0.9262285810040934
445,727896.4720692937,871212.64,8,14,1,2741.8388402868873,0.9999497264616728,0.061200000000000004,194.0,0.8948334473919053
446,728173.6001985049,867492.6399999999,7,14,1,2039.766581445762,0.999955393596799,0.051000000000000004,102.0,0.9262344633642408
447,728173.6001985049,867732.64,7,14,1,1867.7397801504862,0.999958488070379,0.051000000000000004,102.0,0.9262375578378208
448,728173.6001985049,867972.64,7,14,1,1712.1495454342169,0.999961332207937,0.051000000000000004,102.0,0.9262404019753788
449,728173.6001985049,868212.64,8,14,1,1577.8657248018933,0.9999688072309594,0.061200000000000004,194.0,0.8948525281611919
450,728173.6001985049,868212.64,7,14,1,1577.8657248018933,0.9999638251779789,0.051000000000000004,102.0,0.9262428949454207
451,728173.6001985049,868212.64,7,14,1,1577.8657248018933,0.9999638251779789,0.051000000000000004,102.0,0.9262428949454207
452,728173.6001985049,868212.64,7,14,1,1577.8657248018933,0.9999638251779789,0.051000000000000004,102.0,0.9262428949454207
453,728173.6001985049,867972.64,7,14,1,1712.1495454342169,0.999961332207937,0.051000000000000004,102.0,0.9262404019753788
454,728173.6001985049,868212.64,7,14,1,1577.8657248018933,0.9999638251779789,0.051000000000000004,102.0,0.9262428949454207
455,728173.6001985049,868212.64,7,14,1,1577.8657248018933,0.9999638251779789,0.051000000000000004,102.0,0.9262428949454207
456,728173.6001985049,868212.64,7,14,1,1577.8657248018933,0.9999638251779789,0.051000000000000004,102.0,0.9262428949454207
457,728173.6001985049,868212.64,7,14,1,1577.8657248018933,0.9999638251779789,0.051000000000000004,102.0,0.9262428949454207
458,728173.6001985049,868692.64,7,14,1,1397.0213329268176,0.9999672453890663,0.051000000000000004,102.0,0.9262463151565081
459,728173.6001985049,868212.64,7,14,1,1577.8657248018933,0.9999638251779789,0.051000000000000004,102.0,0.9262428949454207
460,728173.6001985049,868452.64,7,14,1,1470.7360147486065,0.9999658420059683,0.051000000000000004,102.0,0.9262449117734101
461,728173.6001985049,868692.64,7,14,1,1397.0213329268176,0.9999672453890663,0.051000000000000004,102.0,0.9262463151565081
462,728173.6001985049,868932.64,7,14,1,1362.1574006797568,0.9999679138343038,0.051000000000000004,102.0,0.9262469836017456
463,728173.6001985049,868932.64,7,14,1,1362.1574006797568,0.9999679138343038,0.051000000000000004,102.0,0.9262469836017456
465,728173.6001985049,868932.64,7,14,1,1362.1574006797568,0.9999679138343038,0.051000000000000004,102.0,0.9262469836017456
466,728173.6001985049,869172.64,7,14,1,1369.1153946255372,0.999967780180608,0.051000000000000004,102.0,0.9262468499480497
467,728173.6001985049,869172.64,7,14,1,1369.1153946255372,0.999967780180608,0.051000000000000004,102.0,0.9262468499480497
468,728173.6001985049,869172.64,8,14,1,1369.1153946255372,0.9999724051355865,0.061200000000000004,194.0,0.894856126065819
469,728173.6001985049,869172.64,8,27,1,1369.1153946255372,0.9999999999376248,0.12240000000000001,194.0,0.8348837208678573
470,728173.6001985049,868932.64,7,14,1,1362.1574006797568,0.9999679138343038,0.051000000000000004,102.0,0.9262469836017456
471,728173.6001985049,868932.64,8,14,1,1362.1574006797568,0.9999725262875864,0.061200000000000004,194.0,0.8948562472178189
472,728173.6001985049,868932.64,7,14,1,1362.1574006797568,0.9999679138343038,0.051000000000000004,102.0,0.9262469836017456
473,728173.6001985049,869172.64,7,14,1,1369.1153946255372,0.999967780180608,0.051000000000000004,102.0,0.9262468499480497
474,728173.6001985049,869412.6399999999,7,14,1,1417.279486683751,0.9999668583884206,0.051000000000000004,102.0,0.9262459281558624
475,728173.6001985049,869412.6399999999,8,14,1,1417.279486683751,0.999971568771073,0.061200000000000004,194.0,0.8948552897013055
476,728173.6001985049,869652.6399999999,7,14,1,1502.6926907882762,0.9999652376507926,0.051000000000000004,102.0,0.9262443074182344
477,728173.6001985049,869172.64,7,14,1,1369.1153946255372,0.999967780180608,0.051000000000000004,102.0,0.9262468499480497
478,728173.6001985049,869652.6399999999,7,14,1,1502.6926907882762,0.9999652376507926,0.051000000000000004,102.0,0.9262443074182344
479,728173.6001985049,869892.6400000001,7,14,1,1619.4719826297928,0.9999630487426178,0.051000000000000004,102.0,0.9262421185100596
480,728173.6001985049,870132.6400000001,7,14,1,1761.3897019390506,0.9999604271750636,0.051000000000000004,102.0,0.9262394969425054
481,728173.6001985049,869412.6399999999,7,14,1,1417.279486683751,0.9999668583884206,0.051000000000000004,102.0,0.9262459281558624
482,728173.6001985049,870132.6400000001,7,14,1,1761.3897019390506,0.9999604271750636,0.051000000000000004,102.0,0.9262394969425054
483,728173.6001985049,870132.6400000001,7,14,1,1761.3897019390506,0.9999604271750636,0.051000000000000004,102.0,0.9262394969425054
484,728173.6001985049,870372.6400000001,7,20,1,1922.8878962828285,0.9999998946251825,0.07650000000000001,102.0,0.9012789643926243
485,728173.6001985049,870132.6400000001,7,14,1,1761.3897019390506,0.9999604271750636,0.051000000000000004,102.0,0.9262394969425054
486,728173.6001985049,870372.6400000001,7,14,1,1922.8878962828285,0.9999574905671422,0.051000000000000004,102.0,0.926236560334584
487,728173.6001985049,870372.6400000001,7,14,1,1922.8878962828285,0.9999574905671422,0.051000000000000004,102.0,0.926236560334584
488,728173.6001985049,870372.6400000001,7,14,1,1922.8878962828285,0.9999574905671422,0.051000000000000004,102.0,0.926236560334584
489,728173.6001985049,870132.6400000001,7,14,1,1761.3897019390506,0.9999604271750636,0.051000000000000004,102.0,0.9262394969425054
490,728173.6001985049,870372.6400000001,7,14,1,1922.8878962828285,0.9999574905671422,0.051000000000000004,102.0,0.926236560334584
491,728173.6001985049,870372.6400000001,7,14,1,1922.8878962828285,0.9999574905671422,0.051000000000000004,102.0,0.926236560334584
492,728173.6001985049,870372.6400000001,7,14,1,1922.8878962828285,0.9999574905671422,0.051000000000000004,102.0,0.926236560334584
493,728173.6001985049,870372.6400000001,7,14,1,1922.8878962828285,0.9999574905671422,0.051000000000000004,102.0,0.926236560334584
494,728173.6001985049,870372.6400000001,7,14,1,1922.8878962828285,0.9999574905671422,0.051000000000000004,102.0,0.926236560334584
495,728173.6001985049,870612.6400000001,7,14,1,2099.45279566964,0.9999543312987574,0.051000000000000004,102.0,0.9262334010661992
496,728173.6001985049,870612.6400000001,7,20,1,2099.45279566964,0.9999998867934502,0.07650000000000001,102.0,0.901278956560892
497,728173.6001985049,870612.6400000001,7,14,1,2099.45279566964,0.9999543312987574,0.051000000000000004,102.0,0.9262334010661992
498,728173.6001985049,870852.6400000001,7,14,1,2287.598352163057,0.9999510180243342,0.051000000000000004,102.0,0.926230087791776
499,728173.6001985049,870612.6400000001,7,14,1,2099.45279566964,0.9999543312987574,0.051000000000000004,102.0,0.9262334010661992
500,728173.6001985049,870852.6400000001,7,14,1,2287.598352163057,0.9999510180243342,0.051000000000000004,102.0,0.926230087791776
501,728173.6001985049,871092.64,7,14,1,2484.6952328993416,0.999947600336464,0.051000000000000004,102.0,0.9262266701039058
502,728173.6001985049,870852.6400000001,7,14,1,2287.598352163057,0.9999510180243342,0.051000000000000004,102.0,0.926230087791776
503,728173.6001985049,871092.64,7,14,1,2484.6952328993416,0.999947600336464,0.051000000000000004,102.0,0.9262266701039058
504,728173.6001985049,871092.64,7,14,1,2484.6952328993416,0.999947600336464,0.051000000000000004,102.0,0.9262266701039058
505,728173.6001985049,871332.64,7,14,1,2688.775665608182,0.9999441136109408,0.051000000000000004,102.0,0.9262231833783826
506,728173.6001985049,871092.64,7,14,1,2484.6952328993416,0.999947600336464,0.051000000000000004,102.0,0.9262266701039058
507,728173.6001985049,871332.64,7,14,1,2688.775665608182,0.9999441136109408,0.051000000000000004,102.0,0.9262231833783826
508,728173.6001985049,871332.64,7,14,1,2688.775665608182,0.9999441136109408,0.051000000000000004,102.0,0.9262231833783826
509,728173.6001985049,871332.64,7,14,1,2688.775665608182,0.9999441136109408,0.051000000000000004,102.0,0.9262231833783826
510,728450.7283277158,867372.6400000001,7,14,1,1965.4714144626473,0.9999567239207627,0.051000000000000004,102.0,0.9262357936882045
511,728450.7283277158,867372.6400000001,7,14,1,1965.4714144626473,0.9999567239207627,0.051000000000000004,102.0,0.9262357936882045
512,728450.7283277158,867852.64,7,14,1,1587.036937257038,0.9999636537098882,0.051000000000000004,102.0,0.9262427234773299
513,728450.7283277158,867852.64,7,14,1,1587.036937257038,0.9999636537098882,0.051000000000000004,102.0,0.9262427234773299
514,728450.7283277158,867612.6400000001,7,20,1,1770.1079234453093,0.9999999015088804,0.07650000000000001,102.0,0.9012789712763222
515,728450.7283277158,868572.64,7,14,1,1168.8022839386597,0.9999716809797468,0.051000000000000004,102.0,0.9262507507471885
516,728450.7283277158,868092.64,7,27,1,1421.0173889830514,0.9999999999249254,0.10200000000000001,102.0,0.8762790696923672
517,728450.7283277158,867852.64,7,20,1,1587.036937257038,0.9999999099032878,0.07650000000000001,102.0,0.9012789796707296
518,728450.7283277158,868092.64,7,14,1,1421.0173889830514,0.9999667870928501,0.051000000000000004,102.0,0.9262458568602919
519,728450.7283277158,867852.64,7,14,1,1587.036937257038,0.9999636537098882,0.051000000000000004,102.0,0.9262427234773299
520,728450.7283277158,868092.64,7,14,1,1421.0173889830514,0.9999667870928501,0.051000000000000004,102.0,0.9262458568602919
521,728450.7283277158,868332.64,7,14,1,1278.7081759988155,0.9999695267679608,0.051000000000000004,102.0,0.9262485965354026
522,728450.7283277158,867852.64,7,14,1,1587.036937257038,0.9999636537098882,0.051000000000000004,102.0,0.9262427234773299
523,728450.7283277158,868092.64,8,14,1,1421.0173889830514,0.9999715040256388,0.061200000000000004,194.0,0.8948552249558713
524,728450.7283277158,868812.64,7,20,1,1101.0463017122559,0.9999999331399605,0.07650000000000001,102.0,0.9012790029074024
525,728450.7283277158,868332.64,7,14,1,1278.7081759988155,0.9999695267679608,0.051000000000000004,102.0,0.9262485965354026
526,728450.7283277158,868332.64,7,14,1,1278.7081759988155,0.9999695267679608,0.051000000000000004,102.0,0.9262485965354026
527,728450.7283277158,868812.64,7,20,1,1101.0463017122559,0.9999999331399605,0.07650000000000001,102.0,0.9012790029074024
528,728450.7283277158,868812.64,7,14,1,1101.0463017122559,0.9999730274606579,0.051000000000000004,102.0,0.9262520972280996
529,728450.7283277158,868812.64,7,14,1,1101.0463017122559,0.9999730274606579,0.051000000000000004,102.0,0.9262520972280996
530,728450.7283277158,869052.64,7,14,1,1083.3776525700746,0.9999733810494384,0.051000000000000004,102.0,0.9262524508168802
531,728450.7283277158,869052.64,7,14,1,1083.3776525700746,0.9999733810494384,0.051000000000000004,102.0,0.9262524508168802
532,728450.7283277158,869052.64,7,14,1,1083.3776525700746,0.9999733810494384,0.051000000000000004,102.0,0.9262524508168802
533,728450.7283277158,868572.64,7,14,1,1168.8022839386597,0.9999716809797468,0.051000000000000004,102.0,0.9262507507471885
534,728450.7283277158,868812.64,7,14,1,1101.0463017122559,0.9999730274606579,0.051000000000000004,102.0,0.9262520972280996
535,728450.7283277158,869532.6399999999,7,14,1,1200.8811336831561,0.999971048521896,0.051000000000000004,102.0,0.9262501182893378
536,728450.7283277158,869052.64,8,14,1,1083.3776525700746,0.999977455360418,0.061200000000000004,194.0,0.8948611762906505
537,728450.7283277158,869292.6399999999,10,14,1,1118.1732055733535,0.9999905525904351,0.0816,617.0,0.7765021804974119
538,728450.7283277158,869532.6399999999,7,14,1,1200.8811336831561,0.999971048521896,0.051000000000000004,102.0,0.9262501182893378
539,728450.7283277158,869772.6399999999,7,14,1,1322.5428827868286,0.9999686771862255,0.051000000000000004,102.0,0.9262477469536673
540,728450.7283277158,869292.6399999999,7,14,1,1118.1732055733535,0.9999726857054537,0.051000000000000004,102.0,0.9262517554728955
541,728450.7283277158,869772.6399999999,7,14,1,1322.5428827868286,0.9999686771862255,0.051000000000000004,102.0,0.9262477469536673
542,728450.7283277158,869772.6399999999,7,14,1,1322.5428827868286,0.9999686771862255,0.051000000000000004,102.0,0.9262477469536673
543,728450.7283277158,869772.6399999999,7,14,1,1322.5428827868286,0.9999686771862255,0.051000000000000004,102.0,0.9262477469536673
544,728450.7283277158,869772.6399999999,7,14,1,1322.5428827868286,0.9999686771862255,0.051000000000000004,102.0,0.9262477469536673
545,728450.7283277158,869772.6399999999,7,14,1,1322.5428827868286,0.9999686771862255,0.051000000000000004,102.0,0.9262477469536673
546,728450.7283277158,870012.6399999999,8,14,1,1473.541263889155,0.9999705966549294,0.061200000000000004,194.0,0.8948543175851619
547,728450.7283277158,870012.6399999999,7,14,1,1473.541263889155,0.9999657888581711,0.051000000000000004,102.0,0.9262448586256129
548,728450.7283277158,870012.6399999999,7,14,1,1473.541263889155,0.9999657888581711,0.051000000000000004,102.0,0.9262448586256129
549,728450.7283277158,870012.6399999999,7,14,1,1473.541263889155,0.9999657888581711,0.051000000000000004,102.0,0.9262448586256129
550,728450.7283277158,870252.6399999999,7,14,1,1645.8213864080153,0.9999625589186645,0.051000000000000004,102.0,0.9262416286861063
551,728450.7283277158,870012.6399999999,7,14,1,1473.541263889155,0.9999657888581711,0.051000000000000004,102.0,0.9262448586256129
552,728450.7283277158,869772.6399999999,7,14,1,1322.5428827868286,0.9999686771862255,0.051000000000000004,102.0,0.9262477469536673
553,728450.7283277158,870492.6399999999,7,14,1,1833.39363354735,0.9999591120403774,0.051000000000000004,102.0,0.9262381818078191
554,728450.7283277158,870252.6399999999,7,14,1,1645.8213864080153,0.9999625589186645,0.051000000000000004,102.0,0.9262416286861063
555,728450.7283277158,870492.6399999999,7,14,1,1833.39363354735,0.9999591120403774,0.051000000000000004,102.0,0.9262381818078191
556,728450.7283277158,870732.6399999999,7,14,1,2032.0276560878565,0.999955531749285,0.051000000000000004,102.0,0.9262346015167268
557,728450.7283277158,870252.6399999999,7,14,1,1645.8213864080153,0.9999625589186645,0.051000000000000004,102.0,0.9262416286861063
558,728450.7283277158,870732.6399999999,7,14,1,2032.0276560878565,0.999955531749285,0.051000000000000004,102.0,0.9262346015167268
559,728450.7283277158,870252.6399999999,7,20,1,1645.8213864080153,0.9999999071893719,0.07650000000000001,102.0,0.9012789769568138
560,728450.7283277158,870012.6399999999,8,14,1,1473.541263889155,0.9999705966549294,0.061200000000000004,194.0,0.8948543175851619
561,728450.7283277158,870972.64,7,14,1,2238.7810466145,0.9999518727332778,0.051000000000000004,102.0,0.9262309425007196
562,728450.7283277158,870972.64,8,20,1,2238.7810466145,0.9999998953967307,0.0918,194.0,0.8648836163269633
563,728450.7283277158,871212.64,8,14,1,2451.60044751471,0.999954358278038,0.061200000000000004,194.0,0.8948380792082705
564,728450.7283277158,870972.64,7,14,1,2238.7810466145,0.9999518727332778,0.051000000000000004,102.0,0.9262309425007196
565,728450.7283277158,870492.6399999999,8,14,1,1833.39363354735,0.9999644896149428,0.061200000000000004,194.0,0.8948482105451753
566,728450.7283277158,870732.6399999999,7,14,1,2032.0276560878565,0.999955531749285,0.051000000000000004,102.0,0.9262346015167268
567,728450.7283277158,870732.6399999999,7,20,1,2032.0276560878565,0.9999998897693371,0.07650000000000001,102.0,0.9012789595367788
568,728450.7283277158,870972.64,7,14,1,2238.7810466145,0.9999518727332778,0.051000000000000004,102.0,0.9262309425007196
569,728450.7283277158,870972.64,7,14,1,2238.7810466145,0.9999518727332778,0.051000000000000004,102.0,0.9262309425007196
570,728450.7283277158,871212.64,7,14,1,2451.60044751471,0.9999481706227336,0.051000000000000004,102.0,0.9262272403901753
571,728450.7283277158,871212.64,7,14,1,2451.60044751471,0.9999481706227336,0.051000000000000004,102.0,0.9262272403901753
572,728450.7283277158,870732.6399999999,7,14,1,2032.0276560878565,0.999955531749285,0.051000000000000004,102.0,0.9262346015167268
573,728450.7283277158,871212.64,8,20,1,2451.60044751471,0.9999998868603311,0.0918,194.0,0.8648836077905637
574,728450.7283277158,870972.64,7,14,1,2238.7810466145,0.9999518727332778,0.051000000000000004,102.0,0.9262309425007196
575,728450.7283277158,870972.64,7,20,1,2238.7810466145,0.9999998806987054,0.07650000000000001,102.0,0.9012789504661473
576,728450.7283277158,871212.64,7,14,1,2451.60044751471,0.9999481706227336,0.051000000000000004,102.0,0.9262272403901753
577,728450.7283277158,870972.64,7,14,1,2238.7810466145,0.9999518727332778,0.051000000000000004,102.0,0.9262309425007196
578,728727.8564569268,867492.6399999999,7,14,1,1720.613912221982,0.9999611762967391,0.051000000000000004,102.0,0.9262402460641809
579,728727.8564569268,867732.64,7,14,1,1512.7182204579574,0.9999650485387234,0.051000000000000004,102.0,0.9262441183061652
580,728727.8564569268,867492.6399999999,7,14,1,1720.613912221982,0.9999611762967391,0.051000000000000004,102.0,0.9262402460641809
581,728727.8564569268,867732.64,7,14,1,1512.7182204579574,0.9999650485387234,0.051000000000000004,102.0,0.9262441183061652
582,728727.8564569268,867492.6399999999,8,14,1,1720.613912221982,0.9999663844381111,0.061200000000000004,194.0,0.8948501053683436
583,728727.8564569268,867492.6399999999,7,14,1,1720.613912221982,0.9999611762967391,0.051000000000000004,102.0,0.9262402460641809
584,728727.8564569268,867732.64,7,20,1,1512.7182204579574,0.9999999133609687,0.07650000000000001,102.0,0.9012789831284106
585,728727.8564569268,867972.64,7,14,1,1315.7965625732188,0.9999688075995038,0.051000000000000004,102.0,0.9262478773669456
586,728727.8564569268,867492.6399999999,7,14,1,1720.613912221982,0.9999611762967391,0.051000000000000004,102.0,0.9262402460641809
587,728727.8564569268,867732.64,7,14,1,1512.7182204579574,0.9999650485387234,0.051000000000000004,102.0,0.9262441183061652
588,728727.8564569268,868692.64,7,14,1,866.9101065286559,0.9999778060243376,0.051000000000000004,102.0,0.9262568757917794
589,728727.8564569268,867732.64,7,14,1,1512.7182204579574,0.9999650485387234,0.051000000000000004,102.0,0.9262441183061652
590,728727.8564569268,868212.64,7,14,1,1135.5724431552164,0.9999723394976779,0.051000000000000004,102.0,0.9262514092651197
591,728727.8564569268,868212.64,7,14,1,1135.5724431552164,0.9999723394976779,0.051000000000000004,102.0,0.9262514092651197
592,728727.8564569268,868932.64,7,14,1,809.5290682708895,0.9999790115029672,0.051000000000000004,102.0,0.926258081270409
593,728727.8564569268,868692.64,7,14,1,866.9101065286559,0.9999778060243376,0.051000000000000004,102.0,0.9262568757917794
594,728727.8564569268,868452.64,7,14,1,981.2894339732372,0.9999754454736104,0.051000000000000004,102.0,0.9262545152410522
595,728727.8564569268,868452.64,7,14,1,981.2894339732372,0.9999754454736104,0.051000000000000004,102.0,0.9262545152410522
596,728727.8564569268,868692.64,7,14,1,866.9101065286559,0.9999778060243376,0.051000000000000004,102.0,0.9262568757917794
597,728727.8564569268,868452.64,7,14,1,981.2894339732372,0.9999754454736104,0.051000000000000004,102.0,0.9262545152410522
598,728727.8564569268,868452.64,7,14,1,981.2894339732372,0.9999754454736104,0.051000000000000004,102.0,0.9262545152410522
599,728727.8564569268,868692.64,7,14,1,866.9101065286559,0.9999778060243376,0.051000000000000004,102.0,0.9262568757917794
600,728727.8564569268,868212.64,7,14,1,1135.5724431552164,0.9999723394976779,0.051000000000000004,102.0,0.9262514092651197
601,728727.8564569268,868692.64,7,14,1,866.9101065286559,0.9999778060243376,0.051000000000000004,102.0,0.9262568757917794
602,728727.8564569268,868692.64,7,14,1,866.9101065286559,0.9999778060243376,0.051000000000000004,102.0,0.9262568757917794
603,728727.8564569268,868692.64,7,14,1,866.9101065286559,0.9999778060243376,0.051000000000000004,102.0,0.9262568757917794
604,728727.8564569268,868932.64,7,14,1,809.5290682708895,0.9999790115029672,0.051000000000000004,102.0,0.926258081270409
605,728727.8564569268,869172.64,7,14,1,821.1829832318394,0.999978765439365,0.051000000000000004,102.0,0.9262578352068068
606,728727.8564569268,868932.64,8,20,1,809.5290682708895,0.9999999565454617,0.0918,194.0,0.8648836774756943
607,728727.8564569268,868692.64,7,14,1,866.9101065286559,0.9999778060243376,0.051000000000000004,102.0,0.9262568757917794
608,728727.8564569268,868932.64,7,14,1,809.5290682708895,0.9999790115029672,0.051000000000000004,102.0,0.926258081270409
609,728727.8564569268,869172.64,7,14,1,821.1829832318394,0.999978765439365,0.051000000000000004,102.0,0.9262578352068068
610,728727.8564569268,868932.64,7,14,1,809.5290682708895,0.9999790115029672,0.051000000000000004,102.0,0.926258081270409
611,728727.8564569268,869172.64,7,14,1,821.1829832318394,0.999978765439365,0.051000000000000004,102.0,0.9262578352068068
612,728727.8564569268,868932.64,8,14,1,809.5290682708895,0.9999824694945706,0.061200000000000004,194.0,0.8948661904248031
613,728727.8564569268,869172.64,7,14,1,821.1829832318394,0.999978765439365,0.051000000000000004,102.0,0.9262578352068068
614,728727.8564569268,868932.64,7,14,1,809.5290682708895,0.9999790115029672,0.051000000000000004,102.0,0.926258081270409
615,728727.8564569268,869652.6399999999,7,14,1,1028.5668918925073,0.999974484767393,0.051000000000000004,102.0,0.9262535545348348
616,728727.8564569268,869172.64,7,14,1,821.1829832318394,0.999978765439365,0.051000000000000004,102.0,0.9262578352068068
617,728727.8564569268,869412.6399999999,7,14,1,899.1916767427618,0.9999771343112519,0.051000000000000004,102.0,0.9262562040786937
618,728727.8564569268,869412.6399999999,7,14,1,899.1916767427618,0.9999771343112519,0.051000000000000004,102.0,0.9262562040786937
619,728727.8564569268,869172.64,7,14,1,821.1829832318394,0.999978765439365,0.051000000000000004,102.0,0.9262578352068068
620,728727.8564569268,869172.64,8,20,1,821.1829832318394,0.9999999560060081,0.0918,194.0,0.8648836769362407
621,728727.8564569268,869652.6399999999,7,14,1,1028.5668918925073,0.999974484767393,0.051000000000000004,102.0,0.9262535545348348
622,728727.8564569268,868932.64,7,14,1,809.5290682708895,0.9999790115029672,0.051000000000000004,102.0,0.926258081270409
623,728727.8564569268,869412.6399999999,7,14,1,899.1916767427618,0.9999771343112519,0.051000000000000004,102.0,0.9262562040786937
624,728727.8564569268,869652.6399999999,9,14,1,1028.5668918925073,0.9999881665010104,0.0714,349.0,0.848825375803336
625,728727.8564569268,870132.6400000001,8,20,1,1379.2600227099458,0.999999931159793,0.0918,194.0,0.8648836520900256
626,728727.8564569268,869892.6400000001,7,14,1,1192.7086948084916,0.9999712093500916,0.051000000000000004,102.0,0.9262502791175334
627,728727.8564569268,869892.6400000001,7,14,1,1192.7086948084916,0.9999712093500916,0.051000000000000004,102.0,0.9262502791175334
628,728727.8564569268,869892.6400000001,7,14,1,1192.7086948084916,0.9999712093500916,0.051000000000000004,102.0,0.9262502791175334
629,728727.8564569268,869892.6400000001,7,14,1,1192.7086948084916,0.9999712093500916,0.051000000000000004,102.0,0.9262502791175334
630,728727.8564569268,869892.6400000001,7,14,1,1192.7086948084916,0.9999712093500916,0.051000000000000004,102.0,0.9262502791175334
631,728727.8564569268,869892.6400000001,7,14,1,1192.7086948084916,0.9999712093500916,0.051000000000000004,102.0,0.9262502791175334
632,728727.8564569268,870132.6400000001,7,14,1,1379.2600227099458,0.9999675855389244,0.051000000000000004,102.0,0.9262466553063662
633,728727.8564569268,870372.6400000001,7,14,1,1580.3045243939237,0.9999637795635518,0.051000000000000004,102.0,0.9262428493309935
634,728727.8564569268,869892.6400000001,7,14,1,1192.7086948084916,0.9999712093500916,0.051000000000000004,102.0,0.9262502791175334
635,728727.8564569268,869172.64,7,14,1,821.1829832318394,0.999978765439365,0.051000000000000004,102.0,0.9262578352068068
636,728727.8564569268,869892.6400000001,7,14,1,1192.7086948084916,0.9999712093500916,0.051000000000000004,102.0,0.9262502791175334
637,728727.8564569268,869892.6400000001,7,14,1,1192.7086948084916,0.9999712093500916,0.051000000000000004,102.0,0.9262502791175334
638,728727.8564569268,870372.6400000001,7,14,1,1580.3045243939237,0.9999637795635518,0.051000000000000004,102.0,0.9262428493309935
639,728727.8564569268,870372.6400000001,7,14,1,1580.3045243939237,0.9999637795635518,0.051000000000000004,102.0,0.9262428493309935
640,728727.8564569268,870372.6400000001,7,14,1,1580.3045243939237,0.9999637795635518,0.051000000000000004,102.0,0.9262428493309935
641,728727.8564569268,870132.6400000001,7,14,1,1379.2600227099458,0.9999675855389244,0.051000000000000004,102.0,0.9262466553063662
642,728727.8564569268,870612.6400000001,7,14,1,1790.9680537055847,0.9999598857618496,0.051000000000000004,102.0,0.9262389555292914
643,728727.8564569268,870612.6400000001,7,14,1,1790.9680537055847,0.9999598857618496,0.051000000000000004,102.0,0.9262389555292914
644,728727.8564569268,870372.6400000001,7,14,1,1580.3045243939237,0.9999637795635518,0.051000000000000004,102.0,0.9262428493309935
645,728727.8564569268,870132.6400000001,7,14,1,1379.2600227099458,0.9999675855389244,0.051000000000000004,102.0,0.9262466553063662
646,728727.8564569268,871092.64,7,20,1,2230.151324135117,0.9999998810741383,0.07650000000000001,102.0,0.90127895084158
647,728727.8564569268,870852.6400000001,7,14,1,2008.2257714131733,0.9999559572591454,0.051000000000000004,102.0,0.9262350270265872
648,728727.8564569268,870852.6400000001,7,14,1,2008.2257714131733,0.9999559572591454,0.051000000000000004,102.0,0.9262350270265872
649,728727.8564569268,870852.6400000001,7,14,1,2008.2257714131733,0.9999559572591454,0.051000000000000004,102.0,0.9262350270265872
650,728727.8564569268,870612.6400000001,7,14,1,1790.9680537055847,0.9999598857618496,0.051000000000000004,102.0,0.9262389555292914
651,728727.8564569268,870372.6400000001,7,14,1,1580.3045243939237,0.9999637795635518,0.051000000000000004,102.0,0.9262428493309935
652,728727.8564569268,870612.6400000001,7,14,1,1790.9680537055847,0.9999598857618496,0.051000000000000004,102.0,0.9262389555292914
653,728727.8564569268,870852.6400000001,7,14,1,2008.2257714131733,0.9999559572591454,0.051000000000000004,102.0,0.9262350270265872
654,728727.8564569268,870612.6400000001,9,14,1,1790.9680537055847,0.9999808043212085,0.0714,349.0,0.8488180136235342
655,728727.8564569268,870852.6400000001,7,14,1,2008.2257714131733,0.9999559572591454,0.051000000000000004,102.0,0.9262350270265872
656,728727.8564569268,871092.64,7,14,1,2230.151324135117,0.9999520241791849,0.051000000000000004,102.0,0.9262310939466267
657,728727.8564569268,871092.64,7,14,1,2230.151324135117,0.9999520241791849,0.051000000000000004,102.0,0.9262310939466267
658,728727.8564569268,870852.6400000001,7,14,1,2008.2257714131733,0.9999559572591454,0.051000000000000004,102.0,0.9262350270265872
659,728727.8564569268,871332.64,8,14,1,2455.4794049463385,0.9999542959015135,0.061200000000000004,194.0,0.894838016831746
660,729004.9845861378,867612.6400000001,7,14,1,1496.7787374199481,0.9999653493144861,0.051000000000000004,102.0,0.9262444190819279
661,729004.9845861378,867612.6400000001,7,27,1,1496.7787374199481,0.9999999999216753,0.10200000000000001,102.0,0.8762790696891172
662,729004.9845861378,866892.6400000001,7,14,1,2185.253772464484,0.9999528138486551,0.051000000000000004,102.0,0.9262318836160969
663,729004.9845861378,868332.64,7,14,1,861.4865799969301,0.9999779193228686,0.051000000000000004,102.0,0.9262569890903104
664,729004.9845861378,868092.64,7,14,1,1061.2987081593938,0.9999738243892375,0.051000000000000004,102.0,0.9262528941566793
665,729004.9845861378,867852.64,7,14,1,1275.0493199742466,0.9999695979214019,0.051000000000000004,102.0,0.9262486676888437
666,729004.9845861378,867612.6400000001,7,14,1,1496.7787374199481,0.9999653493144861,0.051000000000000004,102.0,0.9262444190819279
667,729004.9845861378,867612.6400000001,7,14,1,1496.7787374199481,0.9999653493144861,0.051000000000000004,102.0,0.9262444190819279
668,729004.9845861378,867612.6400000001,7,20,1,1496.7787374199481,0.999999914106569,0.07650000000000001,102.0,0.9012789838740108
669,729004.9845861378,868092.64,9,14,1,1061.2987081593938,0.9999878387560497,0.0714,349.0,0.8488250480583752
670,729004.9845861378,868092.64,7,14,1,1061.2987081593938,0.9999738243892375,0.051000000000000004,102.0,0.9262528941566793
671,729004.9845861378,867372.6400000001,7,14,1,1723.4101105710124,0.9999611248225213,0.051000000000000004,102.0,0.9262401945899631
672,729004.9845861378,867372.6400000001,7,14,1,1723.4101105710124,0.9999611248225213,0.051000000000000004,102.0,0.9262401945899631
673,729004.9845861378,868092.64,7,14,1,1061.2987081593938,0.9999738243892375,0.051000000000000004,102.0,0.9262528941566793
674,729004.9845861378,868092.64,7,14,1,1061.2987081593938,0.9999738243892375,0.051000000000000004,102.0,0.9262528941566793
675,729004.9845861378,868092.64,8,14,1,1061.2987081593938,0.9999778526189942,0.061200000000000004,194.0,0.8948615735492267
676,729004.9845861378,868332.64,7,14,1,861.4865799969301,0.9999779193228686,0.051000000000000004,102.0,0.9262569890903104
677,729004.9845861378,868332.64,7,14,1,861.4865799969301,0.9999779193228686,0.051000000000000004,102.0,0.9262569890903104
678,729004.9845861378,867852.64,7,14,1,1275.0493199742466,0.9999695979214019,0.051000000000000004,102.0,0.9262486676888437
679,729004.9845861378,868092.64,7,14,1,1061.2987081593938,0.9999738243892375,0.051000000000000004,102.0,0.9262528941566793
680,729004.9845861378,868332.64,8,14,1,861.4865799969301,0.9999815024326395,0.061200000000000004,194.0,0.894865223362872
681,729004.9845861378,868572.64,8,14,1,687.8686699427559,0.9999847681774483,0.061200000000000004,194.0,0.8948684891076808
682,729004.9845861378,868812.64,8,14,1,565.1260803244044,0.9999871442022629,0.061200000000000004,194.0,0.8948708651324954
683,729004.9845861378,868092.64,7,14,1,1061.2987081593938,0.9999738243892375,0.051000000000000004,102.0,0.9262528941566793
684,729004.9845861378,868332.64,7,14,1,861.4865799969301,0.9999779193228686,0.051000000000000004,102.0,0.9262569890903104
685,729004.9845861378,868572.64,7,14,1,687.8686699427559,0.9999816213682146,0.051000000000000004,102.0,0.9262606911356563
686,729004.9845861378,868572.64,7,20,1,687.8686699427559,0.9999999544430912,0.07650000000000001,102.0,0.901279024210533
687,729004.9845861378,868812.64,7,14,1,565.1260803244044,0.999984342161638,0.051000000000000004,102.0,0.9262634119290798
688,729004.9845861378,868812.64,7,14,1,565.1260803244044,0.999984342161638,0.051000000000000004,102.0,0.9262634119290798
689,729004.9845861378,868812.64,7,20,1,565.1260803244044,0.999999961187493,0.07650000000000001,102.0,0.9012790309549349
690,729004.9845861378,868572.64,7,14,1,687.8686699427559,0.9999816213682146,0.051000000000000004,102.0,0.9262606911356563
691,729004.9845861378,868572.64,7,14,1,687.8686699427559,0.9999816213682146,0.051000000000000004,102.0,0.9262606911356563
692,729004.9845861378,868812.64,7,14,1,565.1260803244044,0.999984342161638,0.051000000000000004,102.0,0.9262634119290798
693,729004.9845861378,868812.64,7,14,1,565.1260803244044,0.999984342161638,0.051000000000000004,102.0,0.9262634119290798
694,729004.9845861378,869052.64,7,14,1,529.8789165807922,0.9999851427613254,0.051000000000000004,102.0,0.9262642125287672
695,729004.9845861378,869052.64,7,20,1,529.8789165807922,0.9999999631720415,0.07650000000000001,102.0,0.9012790329394834
696,729004.9845861378,869052.64,7,14,1,529.8789165807922,0.9999851427613254,0.051000000000000004,102.0,0.9262642125287672
697,729004.9845861378,869292.6399999999,7,14,1,597.8092051907348,0.9999836079496025,0.051000000000000004,102.0,0.9262626777170443
698,729004.9845861378,869052.64,7,14,1,529.8789165807922,0.9999851427613254,0.051000000000000004,102.0,0.9262642125287672
699,729004.9845861378,869292.6399999999,7,20,1,597.8092051907348,0.999999959367505,0.07650000000000001,102.0,0.9012790291349467
700,729004.9845861378,869052.64,8,14,1,529.8789165807922,0.9999878389356911,0.061200000000000004,194.0,0.8948715598659236
701,729004.9845861378,869292.6399999999,7,14,1,597.8092051907348,0.9999836079496025,0.051000000000000004,102.0,0.9262626777170443
702,729004.9845861378,869052.64,7,14,1,529.8789165807922,0.9999851427613254,0.051000000000000004,102.0,0.9262642125287672
703,729004.9845861378,869292.6399999999,7,14,1,597.8092051907348,0.9999836079496025,0.051000000000000004,102.0,0.9262626777170443
704,729004.9845861378,869532.6399999999,7,14,1,741.0668157357549,0.9999804705440203,0.051000000000000004,102.0,0.9262595403114621
705,729004.9845861378,870492.6399999999,7,14,1,1571.1132179701576,0.9999639515420001,0.051000000000000004,102.0,0.9262430213094419
706,729004.9845861378,869772.6399999999,7,14,1,925.3022235781585,0.9999765942377913,0.051000000000000004,102.0,0.9262556640052331
707,729004.9845861378,869772.6399999999,7,14,1,925.3022235781585,0.9999765942377913,0.051000000000000004,102.0,0.9262556640052331
708,729004.9845861378,869532.6399999999,7,14,1,741.0668157357549,0.9999804705440203,0.051000000000000004,102.0,0.9262595403114621
709,729004.9845861378,870012.6399999999,7,14,1,1130.6583854253404,0.999972437177745,0.051000000000000004,102.0,0.9262515069451868
710,729004.9845861378,870252.6399999999,7,14,1,1347.513474554741,0.9999681955346784,0.051000000000000004,102.0,0.9262472653021202
711,729004.9845861378,870492.6399999999,7,14,1,1571.1132179701576,0.9999639515420001,0.051000000000000004,102.0,0.9262430213094419
712,729004.9845861378,870012.6399999999,7,14,1,1130.6583854253404,0.999972437177745,0.051000000000000004,102.0,0.9262515069451868
713,729004.9845861378,869772.6399999999,7,14,1,925.3022235781585,0.9999765942377913,0.051000000000000004,102.0,0.9262556640052331
714,729004.9845861378,870732.6399999999,8,14,1,1798.9443913735902,0.9999650666762449,0.061200000000000004,194.0,0.8948487876064773
715,729004.9845861378,870252.6399999999,8,14,1,1347.513474554741,0.999972781541433,0.061200000000000004,194.0,0.8948565024716655
716,729004.9845861378,870012.6399999999,7,14,1,1130.6583854253404,0.999972437177745,0.051000000000000004,102.0,0.9262515069451868
717,729004.9845861378,870252.6399999999,7,14,1,1347.513474554741,0.9999681955346784,0.051000000000000004,102.0,0.9262472653021202
718,729004.9845861378,870492.6399999999,7,20,1,1571.1132179701576,0.9999999106415931,0.07650000000000001,102.0,0.901278980409035
719,729004.9845861378,870732.6399999999,7,14,1,1798.9443913735902,0.9999597400417773,0.051000000000000004,102.0,0.9262388098092191
720,729004.9845861378,870972.64,7,14,1,2029.5824947089257,0.9999555754194773,0.051000000000000004,102.0,0.9262346451869191
721,729004.9845861378,870972.64,7,14,1,2029.5824947089257,0.9999555754194773,0.051000000000000004,102.0,0.9262346451869191
722,729004.9845861378,870972.64,7,14,1,2029.5824947089257,0.9999555754194773,0.051000000000000004,102.0,0.9262346451869191
723,729004.9845861378,871212.64,7,14,1,2262.169154241768,0.9999514628245544,0.051000000000000004,102.0,0.9262305325919962
724,729004.9845861378,871212.64,7,14,1,2262.169154241768,0.9999514628245544,0.051000000000000004,102.0,0.9262305325919962
725,729004.9845861378,870252.6399999999,7,14,1,1347.513474554741,0.9999681955346784,0.051000000000000004,102.0,0.9262472653021202
726,729004.9845861378,870972.64,7,14,1,2029.5824947089257,0.9999555754194773,0.051000000000000004,102.0,0.9262346451869191
727,729282.112715349,867492.6399999999,8,14,1,1541.0310714195114,0.999969437147137,0.061200000000000004,194.0,0.8948531580773695
728,729282.112715349,867732.64,7,14,1,1304.8298519937466,0.999969019859461,0.051000000000000004,102.0,0.9262480896269027
729,729282.112715349,867492.6399999999,7,14,1,1541.0310714195114,0.9999645157070142,0.051000000000000004,102.0,0.926243585474456
730,729282.112715349,867492.6399999999,8,14,1,1541.0310714195114,0.999969437147137,0.061200000000000004,194.0,0.8948531580773695
731,729282.112715349,867492.6399999999,9,14,1,1541.0310714195114,0.9999831633021189,0.0714,349.0,0.8488203726044445
732,729253.9451733046,866815.0222159065,7,14,1,2215.717101097784,0.9999522777309494,0.051000000000000004,102.0,0.9262313474983912
733,729282.112715349,868212.64,7,14,1,838.921511109377,0.9999783921275518,0.051000000000000004,102.0,0.9262574618949936
734,729282.112715349,867732.64,7,14,1,1304.8298519937466,0.999969019859461,0.051000000000000004,102.0,0.9262480896269027
735,729253.9451733046,866815.0222159065,7,14,1,2215.717101097784,0.9999522777309494,0.051000000000000004,102.0,0.9262313474983912
736,729282.112715349,867732.64,7,20,1,1304.8298519937466,0.999999923205536,0.07650000000000001,102.0,0.9012789929729778
737,729282.112715349,867492.6399999999,7,20,1,1541.0310714195114,0.9999999120401182,0.07650000000000001,102.0,0.90127898180756
738,729282.112715349,868452.64,7,14,1,614.1607943983803,0.999983243395794,0.051000000000000004,102.0,0.9262623131632358
739,729282.112715349,867492.6399999999,7,14,1,1541.0310714195114,0.9999645157070142,0.051000000000000004,102.0,0.926243585474456
740,729282.112715349,868212.64,7,14,1,838.921511109377,0.9999783921275518,0.051000000000000004,102.0,0.9262574618949936
741,729282.112715349,868212.64,8,14,1,838.921511109377,0.9999819214256362,0.061200000000000004,194.0,0.8948656423558687
742,729282.112715349,868932.64,7,14,1,263.8216073866348,0.9999915796233333,0.051000000000000004,102.0,0.9262706493907751
743,729282.112715349,867972.64,7,14,1,1070.3201026926627,0.9999736430394214,0.051000000000000004,102.0,0.9262527128068632
744,729282.112715349,867972.64,7,14,1,1070.3201026926627,0.9999736430394214,0.051000000000000004,102.0,0.9262527128068632
745,729282.112715349,868212.64,7,14,1,838.921511109377,0.9999783921275518,0.051000000000000004,102.0,0.9262574618949936
746,729282.112715349,868212.64,8,14,1,838.921511109377,0.9999819214256362,0.061200000000000004,194.0,0.8948656423558687
747,729282.112715349,868212.64,7,14,1,838.921511109377,0.9999783921275518,0.051000000000000004,102.0,0.9262574618949936
748,729282.112715349,868452.64,7,14,1,614.1607943983803,0.999983243395794,0.051000000000000004,102.0,0.9262623131632358
749,729282.112715349,868212.64,7,14,1,838.921511109377,0.9999783921275518,0.051000000000000004,102.0,0.9262574618949936
750,729282.112715349,867972.64,7,14,1,1070.3201026926627,0.9999736430394214,0.051000000000000004,102.0,0.9262527128068632
751,729282.112715349,868452.64,8,14,1,614.1607943983803,0.9999861873594206,0.061200000000000004,194.0,0.8948699082896531
752,729282.112715349,868692.64,7,14,1,407.1825892029995,0.9999880120139577,0.051000000000000004,102.0,0.9262670817813995
753,729282.112715349,868452.64,7,14,1,614.1607943983803,0.999983243395794,0.051000000000000004,102.0,0.9262623131632358
754,729282.112715349,868452.64,7,14,1,614.1607943983803,0.999983243395794,0.051000000000000004,102.0,0.9262623131632358
755,729282.112715349,868212.64,7,14,1,838.921511109377,0.9999783921275518,0.051000000000000004,102.0,0.9262574618949936
756,729282.112715349,868692.64,7,14,1,407.1825892029995,0.9999880120139577,0.051000000000000004,102.0,0.9262670817813995
757,729282.112715349,868692.64,8,14,1,407.1825892029995,0.9999903099336275,0.061200000000000004,194.0,0.89487403086386
758,729282.112715349,868692.64,7,14,1,407.1825892029995,0.9999880120139577,0.051000000000000004,102.0,0.9262670817813995
759,729282.112715349,868452.64,7,14,1,614.1607943983803,0.999983243395794,0.051000000000000004,102.0,0.9262623131632358
760,729282.112715349,868692.64,7,14,1,407.1825892029995,0.9999880120139577,0.051000000000000004,102.0,0.9262670817813995
761,729282.112715349,868932.64,7,14,1,263.8216073866348,0.9999915796233333,0.051000000000000004,102.0,0.9262706493907751
762,729282.112715349,868932.64,7,14,1,263.8216073866348,0.9999915796233333,0.051000000000000004,102.0,0.9262706493907751
763,729282.112715349,868932.64,7,27,1,263.8216073866348,0.999999999980967,0.10200000000000001,102.0,0.8762790697484089
764,729282.112715349,868932.64,7,14,1,263.8216073866348,0.9999915796233333,0.051000000000000004,102.0,0.9262706493907751
765,729282.112715349,868932.64,7,14,1,263.8216073866348,0.9999915796233333,0.051000000000000004,102.0,0.9262706493907751
766,729282.112715349,869172.64,7,14,1,297.66763360848745,0.9999907107760679,0.051000000000000004,102.0,0.9262697805435097
767,729282.112715349,868932.64,7,20,1,263.8216073866348,0.9999999791277978,0.07650000000000001,102.0,0.9012790488952397
768,729282.112715349,868692.64,7,14,1,407.1825892029995,0.9999880120139577,0.051000000000000004,102.0,0.9262670817813995
769,729282.112715349,869172.64,7,14,1,297.66763360848745,0.9999907107760679,0.051000000000000004,102.0,0.9262697805435097
770,729282.112715349,869412.6399999999,7,14,1,472.0277530738979,0.9999864784611318,0.051000000000000004,102.0,0.9262655482285735
771,729282.112715349,869172.64,9,14,1,297.66763360848745,0.9999959826007354,0.0714,349.0,0.848833191903061
772,729282.112715349,869412.6399999999,8,14,1,472.0277530738979,0.9999889930826094,0.061200000000000004,194.0,0.8948727140128419
773,729282.112715349,869412.6399999999,7,14,1,472.0277530738979,0.9999864784611318,0.051000000000000004,102.0,0.9262655482285735
774,729282.112715349,869412.6399999999,7,27,1,472.0277530738979,0.9999999999694364,0.10200000000000001,102.0,0.8762790697368783
775,729282.112715349,869172.64,7,14,1,297.66763360848745,0.9999907107760679,0.051000000000000004,102.0,0.9262697805435097
776,729282.112715349,869892.6400000001,7,14,1,914.7778740329854,0.9999768115839797,0.051000000000000004,102.0,0.9262558813514215
777,729282.112715349,869652.6399999999,7,14,1,687.1785643091218,0.9999816364019339,0.051000000000000004,102.0,0.9262607061693757
778,729282.112715349,869412.6399999999,8,14,1,472.0277530738979,0.9999889930826094,0.061200000000000004,194.0,0.8948727140128419
779,729282.112715349,870132.6400000001,7,14,1,1147.4418235337134,0.999972103880821,0.051000000000000004,102.0,0.9262511736482628
780,729282.112715349,869652.6399999999,7,14,1,687.1785643091218,0.9999816364019339,0.051000000000000004,102.0,0.9262607061693757
781,729282.112715349,869892.6400000001,7,14,1,914.7778740329854,0.9999768115839797,0.051000000000000004,102.0,0.9262558813514215
782,729282.112715349,870132.6400000001,7,14,1,1147.4418235337134,0.999972103880821,0.051000000000000004,102.0,0.9262511736482628
783,729282.112715349,869892.6400000001,8,14,1,914.7778740329854,0.9999805187304545,0.061200000000000004,194.0,0.894864239660687
784,729282.112715349,869652.6399999999,7,14,1,687.1785643091218,0.9999816364019339,0.051000000000000004,102.0,0.9262607061693757
785,729282.112715349,870852.6400000001,7,14,1,1856.6731745561922,0.9999586888868055,0.051000000000000004,102.0,0.9262377586542473
786,729282.112715349,870612.6400000001,7,14,1,1619.206934750004,0.9999630536771347,0.051000000000000004,102.0,0.9262421234445765
787,729282.112715349,870372.6400000001,7,14,1,1382.61596908485,0.9999675212073545,0.051000000000000004,102.0,0.9262465909747963
788,729282.112715349,870612.6400000001,7,14,1,1619.206934750004,0.9999630536771347,0.051000000000000004,102.0,0.9262421234445765
789,729282.112715349,870612.6400000001,8,14,1,1619.206934750004,0.999968102618283,0.061200000000000004,194.0,0.8948518235485154
790,729282.112715349,870372.6400000001,9,14,1,1382.61596908485,0.9999846834104006,0.0714,349.0,0.8488218927127262
791,729282.112715349,871092.64,7,20,1,2094.7170349930675,0.9999998870018899,0.07650000000000001,102.0,0.9012789567693317
792,729282.112715349,870612.6400000001,7,14,1,1619.206934750004,0.9999630536771347,0.051000000000000004,102.0,0.9262421234445765
793,729282.112715349,870852.6400000001,8,14,1,1856.6731745561922,0.9999641004922294,0.061200000000000004,194.0,0.8948478214224619
794,729282.112715349,870852.6400000001,7,14,1,1856.6731745561922,0.9999586888868055,0.051000000000000004,102.0,0.9262377586542473
795,729282.112715349,870372.6400000001,7,14,1,1382.61596908485,0.9999675212073545,0.051000000000000004,102.0,0.9262465909747963
796,729282.112715349,870852.6400000001,7,14,1,1856.6731745561922,0.9999586888868055,0.051000000000000004,102.0,0.9262377586542473
797,729282.112715349,870852.6400000001,7,14,1,1856.6731745561922,0.9999586888868055,0.051000000000000004,102.0,0.9262377586542473
798,729282.112715349,871332.64,7,14,1,2333.1617252698447,0.9999502233024627,0.051000000000000004,102.0,0.9262292930699045
799,729282.112715349,870852.6400000001,7,14,1,1856.6731745561922,0.9999586888868055,0.051000000000000004,102.0,0.9262377586542473
800,729282.112715349,870852.6400000001,8,14,1,1856.6731745561922,0.9999641004922294,0.061200000000000004,194.0,0.8948478214224619
801,729559.24084456,867372.6400000001,7,14,1,1640.6117570488727,0.9999626556485919,0.051000000000000004,102.0,0.9262417254160337
802,729559.24084456,867612.6400000001,7,14,1,1400.6466781244492,0.999967176057236,0.051000000000000004,102.0,0.9262462458246777
803,729559.24084456,867372.6400000001,7,14,1,1640.6117570488727,0.9999626556485919,0.051000000000000004,102.0,0.9262417254160337
804,729559.24084456,867852.64,7,14,1,1160.6960396742074,0.9999718413014085,0.051000000000000004,102.0,0.9262509110688503
805,729559.24084456,867612.6400000001,7,20,1,1400.6466781244492,0.9999999186349164,0.07650000000000001,102.0,0.9012789884023583
806,729559.24084456,867372.6400000001,7,14,1,1640.6117570488727,0.9999626556485919,0.051000000000000004,102.0,0.9262417254160337
807,729559.24084456,867852.64,7,14,1,1160.6960396742074,0.9999718413014085,0.051000000000000004,102.0,0.9262509110688503
808,729559.24084456,867612.6400000001,7,14,1,1400.6466781244492,0.999967176057236,0.051000000000000004,102.0,0.9262462458246777
809,729559.24084456,867612.6400000001,7,14,1,1400.6466781244492,0.999967176057236,0.051000000000000004,102.0,0.9262462458246777
810,729559.24084456,868092.64,9,14,1,920.7711312206734,0.9999892555187649,0.0714,349.0,0.8488264648210906
811,729559.24084456,867852.64,7,14,1,1160.6960396742074,0.9999718413014085,0.051000000000000004,102.0,0.9262509110688503
812,729559.24084456,867852.64,7,14,1,1160.6960396742074,0.9999718413014085,0.051000000000000004,102.0,0.9262509110688503
813,729559.24084456,867852.64,7,14,1,1160.6960396742074,0.9999718413014085,0.051000000000000004,102.0,0.9262509110688503
814,729559.24084456,868572.64,7,14,1,441.16644844935405,0.9999872031501222,0.051000000000000004,102.0,0.926266272917564
815,729559.24084456,867852.64,10,14,1,1160.6960396742074,0.9999902336731362,0.0816,617.0,0.776501861580113
816,729559.24084456,868092.64,8,14,1,920.7711312206734,0.9999804085951857,0.061200000000000004,194.0,0.8948641295254182
817,729559.24084456,868092.64,7,14,1,920.7711312206734,0.9999766877568889,0.051000000000000004,102.0,0.9262557575243306
818,729559.24084456,868092.64,7,14,1,920.7711312206734,0.9999766877568889,0.051000000000000004,102.0,0.9262557575243306
819,729559.24084456,868572.64,7,14,1,441.16644844935405,0.9999872031501222,0.051000000000000004,102.0,0.926266272917564
820,729559.24084456,868572.64,7,14,1,441.16644844935405,0.9999872031501222,0.051000000000000004,102.0,0.926266272917564
821,729559.24084456,868092.64,7,14,1,920.7711312206734,0.9999766877568889,0.051000000000000004,102.0,0.9262557575243306
822,729559.24084456,867852.64,7,14,1,1160.6960396742074,0.9999718413014085,0.051000000000000004,102.0,0.9262509110688503
823,729559.24084456,868332.64,7,14,1,680.8991523444624,0.9999817733243836,0.051000000000000004,102.0,0.9262608430918254
824,729559.24084456,868332.64,8,14,1,680.8991523444624,0.9999849014523216,0.061200000000000004,194.0,0.894868622382554
825,729559.24084456,868332.64,7,14,1,680.8991523444624,0.9999817733243836,0.051000000000000004,102.0,0.9262608430918254
826,729559.24084456,868332.64,7,14,1,680.8991523444624,0.9999817733243836,0.051000000000000004,102.0,0.9262608430918254
827,729559.24084456,868332.64,7,14,1,680.8991523444624,0.9999817733243836,0.051000000000000004,102.0,0.9262608430918254
828,729559.24084456,868332.64,8,14,1,680.8991523444624,0.9999849014523216,0.061200000000000004,194.0,0.894868622382554
829,729559.24084456,868572.64,7,14,1,441.16644844935405,0.9999872031501222,0.051000000000000004,102.0,0.926266272917564
830,729559.24084456,868572.64,8,14,1,441.16644844935405,0.9999896165220201,0.061200000000000004,194.0,0.8948733374522526
831,729559.24084456,868572.64,8,14,1,441.16644844935405,0.9999896165220201,0.061200000000000004,194.0,0.8948733374522526
832,729559.24084456,868572.64,7,14,1,441.16644844935405,0.9999872031501222,0.051000000000000004,102.0,0.926266272917564
833,729559.24084456,868572.64,7,14,1,441.16644844935405,0.9999872031501222,0.051000000000000004,102.0,0.926266272917564
834,729559.24084456,869052.64,7,14,1,47.28841703244715,0.999997901687939,0.051000000000000004,102.0,0.9262769714553808
835,729559.24084456,869052.64,7,14,1,47.28841703244715,0.999997901687939,0.051000000000000004,102.0,0.9262769714553808
836,729559.24084456,869052.64,7,20,1,47.28841703244715,0.9999999947987934,0.07650000000000001,102.0,0.9012790645662353
837,729559.24084456,869052.64,7,14,1,47.28841703244715,0.999997901687939,0.051000000000000004,102.0,0.9262769714553808
838,729559.24084456,869052.64,7,14,1,47.28841703244715,0.999997901687939,0.051000000000000004,102.0,0.9262769714553808
839,729559.24084456,869052.64,7,14,1,47.28841703244715,0.999997901687939,0.051000000000000004,102.0,0.9262769714553808
840,729559.24084456,869052.64,8,14,1,47.28841703244715,0.9999984683332307,0.061200000000000004,194.0,0.8948821892634632
841,729559.24084456,869052.64,7,14,1,47.28841703244715,0.999997901687939,0.051000000000000004,102.0,0.9262769714553808
842,729559.24084456,869052.64,7,14,1,47.28841703244715,0.999997901687939,0.051000000000000004,102.0,0.9262769714553808
843,729559.24084456,869292.6399999999,7,14,1,280.7852808809225,0.9999911417598962,0.051000000000000004,102.0,0.926270211527338
844,729559.24084456,868812.64,7,14,1,202.0693316944103,0.9999932206912873,0.051000000000000004,102.0,0.926272290458729
845,729559.24084456,869292.6399999999,7,14,1,280.7852808809225,0.9999911417598962,0.051000000000000004,102.0,0.926270211527338
846,729559.24084456,869772.6399999999,7,14,1,760.0320605785554,0.9999800639794499,0.051000000000000004,102.0,0.9262591337468917
847,729559.24084456,869052.64,7,14,1,47.28841703244715,0.999997901687939,0.051000000000000004,102.0,0.9262769714553808
848,729559.24084456,868812.64,7,14,1,202.0693316944103,0.9999932206912873,0.051000000000000004,102.0,0.926272290458729
849,729559.24084456,869052.64,7,14,1,47.28841703244715,0.999997901687939,0.051000000000000004,102.0,0.9262769714553808
850,729559.24084456,869532.6399999999,7,14,1,520.2350944845338,0.9999853634886968,0.051000000000000004,102.0,0.9262644332561386
851,729559.24084456,869532.6399999999,7,14,1,520.2350944845338,0.9999853634886968,0.051000000000000004,102.0,0.9262644332561386
852,729559.24084456,869532.6399999999,7,14,1,520.2350944845338,0.9999853634886968,0.051000000000000004,102.0,0.9262644332561386
853,729559.24084456,869532.6399999999,7,14,1,520.2350944845338,0.9999853634886968,0.051000000000000004,102.0,0.9262644332561386
854,729559.24084456,869532.6399999999,7,14,1,520.2350944845338,0.9999853634886968,0.051000000000000004,102.0,0.9262644332561386
855,729559.24084456,869772.6399999999,7,14,1,760.0320605785554,0.9999800639794499,0.051000000000000004,102.0,0.9262591337468917
856,729559.24084456,869772.6399999999,7,14,1,760.0320605785554,0.9999800639794499,0.051000000000000004,102.0,0.9262591337468917
857,729559.24084456,869532.6399999999,7,14,1,520.2350944845338,0.9999853634886968,0.051000000000000004,102.0,0.9262644332561386
858,729559.24084456,869772.6399999999,7,14,1,760.0320605785554,0.9999800639794499,0.051000000000000004,102.0,0.9262591337468917
859,729559.24084456,870012.6399999999,7,14,1,999.9264536360852,0.9999750657665101,0.051000000000000004,102.0,0.9262541355339519
860,729559.24084456,869772.6399999999,7,14,1,760.0320605785554,0.9999800639794499,0.051000000000000004,102.0,0.9262591337468917
861,729559.24084456,870012.6399999999,8,14,1,999.9264536360852,0.9999789628518645,0.061200000000000004,194.0,0.894862683782097
862,729559.24084456,870012.6399999999,8,14,1,999.9264536360852,0.9999789628518645,0.061200000000000004,194.0,0.894862683782097
863,729559.24084456,870492.6399999999,7,14,1,1479.8179860473192,0.9999656700075635,0.051000000000000004,102.0,0.9262447397750053
864,729559.24084456,870012.6399999999,7,14,1,999.9264536360852,0.9999750657665101,0.051000000000000004,102.0,0.9262541355339519
865,729559.24084456,870252.6399999999,7,14,1,1239.8617230381747,0.9999702841429362,0.051000000000000004,102.0,0.926249353910378
866,729559.24084456,870492.6399999999,7,20,1,1479.8179860473192,0.9999999149015423,0.07650000000000001,102.0,0.901278984668984
867,729559.24084456,870252.6399999999,7,20,1,1239.8617230381747,0.9999999263395712,0.07650000000000001,102.0,0.901278996107013
868,729559.24084456,870492.6399999999,7,14,1,1479.8179860473192,0.9999656700075635,0.051000000000000004,102.0,0.9262447397750053
869,729559.24084456,870252.6399999999,7,14,1,1239.8617230381747,0.9999702841429362,0.051000000000000004,102.0,0.926249353910378
870,729559.24084456,870252.6399999999,7,14,1,1239.8617230381747,0.9999702841429362,0.051000000000000004,102.0,0.926249353910378
871,729559.24084456,870732.6399999999,7,14,1,1719.7864551749142,0.999961191532043,0.051000000000000004,102.0,0.9262402612994848
872,729559.24084456,870492.6399999999,7,14,1,1479.8179860473192,0.9999656700075635,0.051000000000000004,102.0,0.9262447397750053
873,729559.24084456,870732.6399999999,7,14,1,1719.7864551749142,0.999961191532043,0.051000000000000004,102.0,0.9262402612994848
874,729559.24084456,870492.6399999999,7,14,1,1479.8179860473192,0.9999656700075635,0.051000000000000004,102.0,0.9262447397750053
875,729559.24084456,870972.64,7,14,1,1959.7626465920578,0.9999568265194666,0.051000000000000004,102.0,0.9262358962869084
876,729559.24084456,870972.64,7,14,1,1959.7626465920578,0.9999568265194666,0.051000000000000004,102.0,0.9262358962869084
877,729559.24084456,870972.64,7,14,1,1959.7626465920578,0.9999568265194666,0.051000000000000004,102.0,0.9262358962869084
878,729559.24084456,871212.64,7,14,1,2199.744032961907,0.999952558667731,0.051000000000000004,102.0,0.9262316284351728
879,729559.24084456,871212.64,7,14,1,2199.744032961907,0.999952558667731,0.051000000000000004,102.0,0.9262316284351728
880,729559.24084456,870732.6399999999,7,14,1,1719.7864551749142,0.999961191532043,0.051000000000000004,102.0,0.9262402612994848
881,729559.24084456,871212.64,7,14,1,2199.744032961907,0.999952558667731,0.051000000000000004,102.0,0.9262316284351728
882,729559.24084456,871212.64,7,14,1,2199.744032961907,0.999952558667731,0.051000000000000004,102.0,0.9262316284351728
883,729836.3689737709,867252.6399999999,7,14,1,1786.2914408503082,0.9999599712544603,0.051000000000000004,102.0,0.9262390410219021
884,729836.3689737709,867732.64,7,14,1,1315.7680155721519,0.9999688081516065,0.051000000000000004,102.0,0.9262478779190483
885,729836.3689737709,867252.6399999999,7,14,1,1786.2914408503082,0.9999599712544603,0.051000000000000004,102.0,0.9262390410219021
886,729836.3689737709,867492.6399999999,7,20,1,1550.3036125962628,0.9999999116085063,0.07650000000000001,102.0,0.9012789813759482
887,729836.3689737709,867972.64,7,14,1,1083.6280036879295,0.9999733760320086,0.051000000000000004,102.0,0.9262524457994504
888,729836.3689737709,867972.64,7,14,1,1083.6280036879295,0.9999733760320086,0.051000000000000004,102.0,0.9262524457994504
889,729836.3689737709,867732.64,7,14,1,1315.7680155721519,0.9999688081516065,0.051000000000000004,102.0,0.9262478779190483
890,729836.3689737709,867972.64,7,14,1,1083.6280036879295,0.9999733760320086,0.051000000000000004,102.0,0.9262524457994504
891,729836.3689737709,867972.64,7,14,1,1083.6280036879295,0.9999733760320086,0.051000000000000004,102.0,0.9262524457994504
892,729836.3689737709,868212.64,7,14,1,855.835165175337,0.9999780375212632,0.051000000000000004,102.0,0.926257107288705
893,729836.3689737709,868212.64,7,14,1,855.835165175337,0.9999780375212632,0.051000000000000004,102.0,0.926257107288705
894,729836.3689737709,867972.64,7,14,1,1083.6280036879295,0.9999733760320086,0.051000000000000004,102.0,0.9262524457994504
895,729836.3689737709,867972.64,7,14,1,1083.6280036879295,0.9999733760320086,0.051000000000000004,102.0,0.9262524457994504
896,729836.3689737709,867732.64,7,14,1,1315.7680155721519,0.9999688081516065,0.051000000000000004,102.0,0.9262478779190483
897,729836.3689737709,868212.64,7,14,1,855.835165175337,0.9999780375212632,0.051000000000000004,102.0,0.926257107288705
898,729836.3689737709,868212.64,8,14,1,855.835165175337,0.9999816072280958,0.061200000000000004,194.0,0.8948653281583283
899,729836.3689737709,868452.64,7,14,1,637.0698623578935,0.9999827356173976,0.051000000000000004,102.0,0.9262618053848394
900,729836.3689737709,868452.64,7,14,1,637.0698623578935,0.9999827356173976,0.051000000000000004,102.0,0.9262618053848394
901,729836.3689737709,868692.64,7,14,1,440.97867193177757,0.9999872075873538,0.051000000000000004,102.0,0.9262662773547956
902,729836.3689737709,868212.64,7,14,1,855.835165175337,0.9999780375212632,0.051000000000000004,102.0,0.926257107288705
903,729836.3689737709,867972.64,8,14,1,1083.6280036879295,0.999977450862277,0.061200000000000004,194.0,0.8948611717925095
904,729836.3689737709,868212.64,7,14,1,855.835165175337,0.9999780375212632,0.051000000000000004,102.0,0.926257107288705
905,729836.3689737709,868452.64,7,14,1,637.0698623578935,0.9999827356173976,0.051000000000000004,102.0,0.9262618053848394
906,729836.3689737709,867972.64,7,20,1,1083.6280036879295,0.9999999340040285,0.07650000000000001,102.0,0.9012790037714703
907,729836.3689737709,868212.64,7,14,1,855.835165175337,0.9999780375212632,0.051000000000000004,102.0,0.926257107288705
908,729836.3689737709,868212.64,7,14,1,855.835165175337,0.9999780375212632,0.051000000000000004,102.0,0.926257107288705
909,729836.3689737709,868212.64,7,20,1,855.835165175337,0.9999999455592653,0.07650000000000001,102.0,0.9012790153267071
910,729836.3689737709,868692.64,7,14,1,440.97867193177757,0.9999872075873538,0.051000000000000004,102.0,0.9262662773547956
911,729836.3689737709,868452.64,7,14,1,637.0698623578935,0.9999827356173976,0.051000000000000004,102.0,0.9262618053848394
912,729836.3689737709,868452.64,7,14,1,637.0698623578935,0.9999827356173976,0.051000000000000004,102.0,0.9262618053848394
913,729836.3689737709,868932.64,7,14,1,313.4746699060761,0.9999903112838132,0.051000000000000004,102.0,0.926269381051255
914,729836.3689737709,868692.64,7,14,1,440.97867193177757,0.9999872075873538,0.051000000000000004,102.0,0.9262662773547956
915,729836.3689737709,868932.64,7,14,1,313.4746699060761,0.9999903112838132,0.051000000000000004,102.0,0.926269381051255
916,729836.3689737709,868452.64,7,14,1,637.0698623578935,0.9999827356173976,0.051000000000000004,102.0,0.9262618053848394
917,729836.3689737709,868692.64,7,14,1,440.97867193177757,0.9999872075873538,0.051000000000000004,102.0,0.9262662773547956
918,729836.3689737709,868692.64,7,14,1,440.97867193177757,0.9999872075873538,0.051000000000000004,102.0,0.9262662773547956
919,729836.3689737709,868692.64,7,14,1,440.97867193177757,0.9999872075873538,0.051000000000000004,102.0,0.9262662773547956
920,729836.3689737709,868692.64,7,20,1,440.97867193177757,0.9999999682903747,0.07650000000000001,102.0,0.9012790380578165
921,729836.3689737709,868932.64,7,14,1,313.4746699060761,0.9999903112838132,0.051000000000000004,102.0,0.926269381051255
922,729836.3689737709,868932.64,7,14,1,313.4746699060761,0.9999903112838132,0.051000000000000004,102.0,0.926269381051255
923,729836.3689737709,868932.64,7,14,1,313.4746699060761,0.9999903112838132,0.051000000000000004,102.0,0.926269381051255
924,729836.3689737709,869172.64,7,14,1,342.4478766859745,0.9999895884213607,0.051000000000000004,102.0,0.9262686581888024
925,729836.3689737709,869172.64,7,14,1,342.4478766859745,0.9999895884213607,0.051000000000000004,102.0,0.9262686581888024
926,729836.3689737709,869412.6399999999,7,14,1,501.4725593894928,0.9999857950915573,0.051000000000000004,102.0,0.9262648648589991
927,729836.3689737709,869172.64,7,14,1,342.4478766859745,0.9999895884213607,0.051000000000000004,102.0,0.9262686581888024
928,729836.3689737709,868932.64,7,14,1,313.4746699060761,0.9999903112838132,0.051000000000000004,102.0,0.926269381051255
929,729836.3689737709,868932.64,7,14,1,313.4746699060761,0.9999903112838132,0.051000000000000004,102.0,0.926269381051255
930,729836.3689737709,869172.64,7,14,1,342.4478766859745,0.9999895884213607,0.051000000000000004,102.0,0.9262686581888024
931,729836.3689737709,869172.64,7,14,1,342.4478766859745,0.9999895884213607,0.051000000000000004,102.0,0.9262686581888024
932,729836.3689737709,869412.6399999999,7,14,1,501.4725593894928,0.9999857950915573,0.051000000000000004,102.0,0.9262648648589991
933,729836.3689737709,869412.6399999999,7,14,1,501.4725593894928,0.9999857950915573,0.051000000000000004,102.0,0.9262648648589991
934,729836.3689737709,869412.6399999999,7,14,1,501.4725593894928,0.9999857950915573,0.051000000000000004,102.0,0.9262648648589991
935,729836.3689737709,869412.6399999999,7,14,1,501.4725593894928,0.9999857950915573,0.051000000000000004,102.0,0.9262648648589991
936,729836.3689737709,869412.6399999999,7,14,1,501.4725593894928,0.9999857950915573,0.051000000000000004,102.0,0.9262648648589991
937,729836.3689737709,869892.6400000001,7,14,1,930.3134347997799,0.9999764909070489,0.051000000000000004,102.0,0.9262555606744907
938,729836.3689737709,869652.6399999999,7,14,1,707.7279896927926,0.999981189911151,0.051000000000000004,102.0,0.9262602596785928
939,729836.3689737709,869412.6399999999,7,14,1,501.4725593894928,0.9999857950915573,0.051000000000000004,102.0,0.9262648648589991
940,729836.3689737709,869412.6399999999,7,14,1,501.4725593894928,0.9999857950915573,0.051000000000000004,102.0,0.9262648648589991
941,729836.3689737709,869652.6399999999,7,14,1,707.7279896927926,0.999981189911151,0.051000000000000004,102.0,0.9262602596785928
942,729836.3689737709,869652.6399999999,7,14,1,707.7279896927926,0.999981189911151,0.051000000000000004,102.0,0.9262602596785928
943,729836.3689737709,869892.6400000001,7,14,1,930.3134347997799,0.9999764909070489,0.051000000000000004,102.0,0.9262555606744907
944,729836.3689737709,869652.6399999999,7,14,1,707.7279896927926,0.999981189911151,0.051000000000000004,102.0,0.9262602596785928
945,729836.3689737709,869412.6399999999,7,14,1,501.4725593894928,0.9999857950915573,0.051000000000000004,102.0,0.9262648648589991
946,729836.3689737709,869892.6400000001,8,14,1,930.3134347997799,0.9999802334410386,0.061200000000000004,194.0,0.8948639543712711
947,729836.3689737709,869892.6400000001,7,14,1,930.3134347997799,0.9999764909070489,0.051000000000000004,102.0,0.9262555606744907
948,729836.3689737709,869892.6400000001,7,14,1,930.3134347997799,0.9999764909070489,0.051000000000000004,102.0,0.9262555606744907
949,729836.3689737709,870132.6400000001,7,14,1,1159.8651932630055,0.9999718577450979,0.051000000000000004,102.0,0.9262509275125397
950,729836.3689737709,870132.6400000001,7,14,1,1159.8651932630055,0.9999718577450979,0.051000000000000004,102.0,0.9262509275125397
951,729836.3689737709,869652.6399999999,7,14,1,707.7279896927926,0.999981189911151,0.051000000000000004,102.0,0.9262602596785928
952,729836.3689737709,870132.6400000001,8,14,1,1159.8651932630055,0.9999760874743662,0.061200000000000004,194.0,0.8948598084045987
953,729836.3689737709,870372.6400000001,8,14,1,1392.9434468481102,0.9999719908734312,0.061200000000000004,194.0,0.8948557118036637
954,729836.3689737709,870372.6400000001,7,14,1,1392.9434468481102,0.9999673234148372,0.051000000000000004,102.0,0.926246393182279
955,729836.3689737709,870372.6400000001,7,14,1,1392.9434468481102,0.9999673234148372,0.051000000000000004,102.0,0.926246393182279
956,729836.3689737709,870372.6400000001,7,14,1,1392.9434468481102,0.9999673234148372,0.051000000000000004,102.0,0.926246393182279
957,729836.3689737709,870132.6400000001,7,20,1,1159.8651932630055,0.9999999302403662,0.07650000000000001,102.0,0.901279000007808
958,729836.3689737709,870612.6400000001,7,14,1,1628.0342827137147,0.9999628894139236,0.051000000000000004,102.0,0.9262419591813654
959,729836.3689737709,870612.6400000001,7,14,1,1628.0342827137147,0.9999628894139236,0.051000000000000004,102.0,0.9262419591813654
960,729836.3689737709,870612.6400000001,7,14,1,1628.0342827137147,0.9999628894139236,0.051000000000000004,102.0,0.9262419591813654
961,729836.3689737709,870612.6400000001,7,14,1,1628.0342827137147,0.9999628894139236,0.051000000000000004,102.0,0.9262419591813654
962,729836.3689737709,870852.6400000001,7,20,1,1864.3765191787909,0.9999998972491871,0.07650000000000001,102.0,0.9012789670166289
963,729836.3689737709,870612.6400000001,7,14,1,1628.0342827137147,0.9999628894139236,0.051000000000000004,102.0,0.9262419591813654
964,729836.3689737709,870852.6400000001,7,14,1,1864.3765191787909,0.9999585490775078,0.051000000000000004,102.0,0.9262376188449496
965,729836.3689737709,871092.64,7,14,1,2101.5479972722023,0.9999542941097895,0.051000000000000004,102.0,0.9262333638772313
966,729836.3689737709,870852.6400000001,7,14,1,1864.3765191787909,0.9999585490775078,0.051000000000000004,102.0,0.9262376188449496
967,729836.3689737709,870852.6400000001,7,14,1,1864.3765191787909,0.9999585490775078,0.051000000000000004,102.0,0.9262376188449496
968,729836.3689737709,870612.6400000001,7,14,1,1628.0342827137147,0.9999628894139236,0.051000000000000004,102.0,0.9262419591813654
969,729836.3689737709,870852.6400000001,7,14,1,1864.3765191787909,0.9999585490775078,0.051000000000000004,102.0,0.9262376188449496
970,729836.3689737709,870612.6400000001,7,14,1,1628.0342827137147,0.9999628894139236,0.051000000000000004,102.0,0.9262419591813654
971,729836.3689737709,870852.6400000001,7,14,1,1864.3765191787909,0.9999585490775078,0.051000000000000004,102.0,0.9262376188449496
972,729836.3689737709,871092.64,7,14,1,2101.5479972722023,0.9999542941097895,0.051000000000000004,102.0,0.9262333638772313
973,729836.3689737709,870852.6400000001,7,14,1,1864.3765191787909,0.9999585490775078,0.051000000000000004,102.0,0.9262376188449496
974,729836.3689737709,871332.64,7,14,1,2339.296510580224,0.9999501165174375,0.051000000000000004,102.0,0.9262291862848793
975,729836.3689737709,871092.64,8,14,1,2101.5479972722023,0.9999600457527313,0.061200000000000004,194.0,0.8948437666829638
976,729836.3689737709,871092.64,7,14,1,2101.5479972722023,0.9999542941097895,0.051000000000000004,102.0,0.9262333638772313
977,730080.2660425098,867166.5180147698,7,14,1,1925.8127300722579,0.999957437811385,0.051000000000000004,102.0,0.9262365075788268
978,730113.497102982,867852.64,10,14,1,1297.335663837281,0.9999892172989184,0.0816,617.0,0.7765008452058952
979,730113.497102982,869772.6399999999,8,14,1,955.778876757597,0.9999797671935957,0.061200000000000004,194.0,0.8948634881238282
980,730113.497102982,869532.6399999999,7,14,1,778.7869295783415,0.9999796637499504,0.051000000000000004,102.0,0.9262587335173922
981,730113.497102982,869532.6399999999,7,14,1,778.7869295783415,0.9999796637499504,0.051000000000000004,102.0,0.9262587335173922
982,730113.497102982,870972.64,7,14,1,2043.657055165136,0.9999553241818205,0.051000000000000004,102.0,0.9262343939492623
