device_id,x,y,best_gateway,distance_m,rssi_dbm,covered,shannon_capacity_bps,shannon_ok,packets_sent,packets_received,packets_lost
0,729499.2901638073,870112.4497088164,0,1099.908330959302,-102.44747720270902,True,67269.89885712398,True,100,98,2
1,727754.6718143016,868781.026180307,0,1793.7523748548808,-109.88168711733114,True,14150.30397009887,True,100,98,2
2,727108.571735743,870112.9886469311,0,2662.589618857026,-115.88564820425833,False,3656.8654889778163,True,100,0,100
3,729127.8394274627,868077.6221992816,0,1019.5592868916286,-101.29443697037011,True,83582.7917215063,True,100,98,2
4,726797.4529803251,867907.2565995676,0,2950.926155479802,-117.44854196197618,False,2559.439326774056,True,100,0,100
5,727780.089612132,870827.0123865547,0,2522.760479382846,-115.06566066081771,False,4407.582181476235,True,100,0,100
6,726509.6651327309,869323.1086176834,0,3039.540724044652,-117.89827882668219,False,2309.261283881348,True,100,0,100
7,728508.8496771527,870706.1571134076,0,1978.9272226168875,-111.37504379828621,True,10146.250697508978,True,100,98,2
8,729505.305324675,869021.8186805509,0,29.37997453574712,-47.38179952647267,True,2143400.621911212,True,100,92,8
9,726164.7002833944,870140.5907176429,0,3552.34018985373,-120.26800922580229,False,1341.735827954494,True,100,0,100
10,728528.4250066625,870040.1928285761,0,1436.9628014016155,-106.51059340005696,True,29449.756047766725,True,100,92,8
11,727923.4513807496,869594.0617687132,0,1711.5294877687788,-109.16845350839502,True,16563.13576896621,True,100,92,8
12,729803.7763047632,870878.2182561175,0,1884.6514970070025,-110.63308688260213,True,11975.032455126258,True,100,92,8
13,728201.8079410117,868140.3457247491,0,1592.0602270046184,-108.06858225149226,True,21067.435567281715,True,100,92,8
14,729597.9240258572,867654.382284966,0,1360.2201662631724,-105.67632232524151,True,35114.34517678243,True,100,92,8
15,729779.7616783397,868320.376536388,0,735.2145218712035,-96.3244926808796,True,188972.41306863012,True,100,92,8
16,726743.0296526282,871031.8215767744,0,3444.0182846917774,-119.79729069775968,False,1494.7013929564766,True,100,0,100
17,728875.6818928982,869092.2352154512,0,662.4178997231642,-94.73962207737124,True,234329.49585746886,True,100,85,15
18,728771.3027356504,867590.4050192297,0,1613.9057877166467,-108.27573626647641,True,20138.894760530235,True,100,85,15
19,729109.256648227,871179.4795010026,0,2207.5307019838865,-113.03673633364278,False,6981.949287659048,True,100,0,100
20,727265.2891716794,868355.2109661961,0,2361.543304202097,-114.06185698127727,False,5536.247452357619,True,100,0,100
21,726707.3246322251,868579.0692327409,0,2859.1584915761055,-116.96833805866254,False,2856.3199588385332,True,100,0,100
22,727007.7751647051,869451.8168421463,0,2563.4037654641825,-115.30859562752156,False,4170.551293925705,True,100,0,100
23,728670.505120697,868526.7935646166,0,990.4386522443372,-100.85396531798162,True,90585.04728006801,True,100,85,15
24,727612.7548642495,870135.4539165711,0,2224.5093900495895,-113.1531985162751,False,6800.646066876092,True,100,0,100
25,727598.2740416353,867627.7001069251,0,2379.868494049057,-114.17935358687868,False,5390.661002122936,True,100,0,100
26,726637.2259708007,870062.8515600052,0,3080.5178876004397,-118.10183072319705,False,2204.1680029433214,True,100,0,100
27,729442.1311529853,869512.7167397614,0,507.9066981891558,-90.70243790944443,True,369438.17856879527,True,100,85,15
28,728165.2747180257,870298.9210325524,0,1877.5120566965338,-110.57539570979833,True,12129.901074441825,True,100,85,15
29,728578.8689574439,869686.64384336,0,1168.2214464701847,-103.36338111981787,True,56264.804228522415,True,100,85,15
30,728276.9374457657,871156.5879571548,0,2484.6029416321553,-114.83399482734215,False,4645.994844623161,True,100,0,100
31,726243.3628516656,870857.1280588671,0,3771.5492454973078,-121.1781923950479,False,1088.8137343382286,True,100,0,100
32,726465.1922189815,868081.6164842672,0,3206.4324450804816,-118.71077330363586,False,1917.3283010486239,True,100,0,100
33,728637.9742384369,870194.881473059,0,1482.6943446799476,-106.98680708739859,True,26605.637316063505,True,100,85,15
34,729249.2350060333,868605.8248655593,0,496.558429472955,-90.35896255738369,True,381924.13617284584,True,100,85,15
35,728004.4689298992,869193.3244554411,0,1539.4726269538996,-107.5580189922458,True,23531.00356747436,True,100,85,15
36,729765.9236361096,870039.2949681962,0,1052.2496829101146,-101.77415812417058,True,76448.43189893034,True,100,85,15
37,727624.2147884,868088.6516054567,0,2121.167803676373,-112.43012592824518,False,8005.648847405752,True,100,0,100
38,726721.6706942819,870425.1890740544,0,3146.368693522679,-118.42333642623255,False,2047.777684595177,True,100,0,100
39,728789.7670972943,869804.2050732016,0,1085.7325396397214,-102.25029988729578,True,69859.196768137,True,100,85,15
40,729140.4549091147,870955.8923217021,0,1982.1531253339556,-111.39980205500139,True,10090.157327468287,True,100,85,15
41,726402.235914959,868822.7315337823,0,3136.8961123883555,-118.37750475954539,False,2069.378408072099,True,100,0,100
42,727158.975921927,870745.9028343786,0,2939.4516259781717,-117.38932111174594,False,2594.327588811467,True,100,0,100
43,727970.8853149902,870377.896361476,0,2074.622029326169,-112.09286447954852,False,8636.877529151281,True,100,0,100
44,729114.0343394857,867551.3633460406,0,1520.661243009228,-107.37113670374585,True,24498.413195233195,True,100,85,15
45,726447.854823687,869682.1756288634,0,3157.2135751437877,-118.47563865191584,False,2023.4011428286826,True,100,0,100
46,729799.3419644808,869148.1727387769,0,298.33474693955924,-82.61463434499449,True,684485.8818944972,True,100,85,15
47,726247.1337817289,870517.7738673491,0,3614.3281759375723,-120.53096541711427,False,1263.1824963708855,True,100,0,100
48,726587.4167165637,867640.2495557489,0,3250.1028610020867,-118.9163987093543,False,1829.1122101943865,True,100,0,100
49,728637.1925197892,870870.8211595744,0,2062.6064748864837,-112.00457318600456,False,8809.996861763673,True,100,0,100
50,729559.5689358015,870641.8851769471,0,1629.0272301071427,-108.41749203460705,True,19525.9272863139,True,100,85,15
51,727294.975231945,869203.2306020188,0,2246.4400076296793,-113.30231887569045,False,6575.234367205554,True,100,0,100
52,728023.5302712056,871038.8039405154,0,2526.4925265768325,-115.08813062730691,False,4385.110988592453,True,100,0,100
53,727815.2788285553,869068.0238268311,0,1718.9520038384906,-109.23423127068527,True,16325.096921893666,True,100,85,15
54,727257.0312071946,867790.5488465977,0,2583.8328858376217,-115.42925475018676,False,4057.5523924818813,True,100,0,100
55,726492.1440053704,871145.1480709523,0,3714.1228443870996,-120.94496923667083,False,1148.692355016715,True,100,0,100
56,727435.7482924194,868524.9452443979,0,2153.6496189548543,-112.66112670014829,False,7599.568858670517,True,100,0,100
57,727861.1919838098,869928.4045245785,0,1906.2945472324714,-110.80665019660862,True,11520.558922884074,True,100,85,15
58,727600.7055929569,869961.9328540476,0,2153.0131193184566,-112.65663366670121,False,7607.2715240727985,True,100,0,100
59,726278.451288296,869464.7135261942,0,3286.086196652328,-119.08376328982442,False,1760.300796391164,True,100,0,100
60,727948.9458683,868284.1169988009,0,1744.0510832162167,-109.45457204403893,True,15551.31573906736,True,100,85,15
61,728647.7799996372,868278.3347820418,0,1150.6834030665786,-103.13345471756074,True,58873.68164294096,True,100,85,15
62,729014.851389765,870305.0637221803,0,1392.1543050707621,-106.02905811566951,True,32607.94243592644,True,100,85,15
63,728332.325825935,867566.2383937782,0,1880.3677334350239,-110.59849765744785,True,12067.65414719855,True,100,85,15
64,728571.3791988578,869161.9458929753,0,973.4250450313426,-100.59058805702762,True,94983.0989061626,True,100,85,15
65,729781.7668883833,871007.1712685665,0,2009.5158756425697,-111.6082004549141,False,9629.80446959119,True,100,0,100
66,729854.6497357101,870592.8104917507,0,1612.0842309861132,-108.25857054428809,True,20214.344391094543,True,100,85,15
67,729358.0087032506,869005.7281331521,0,175.49704469441713,-74.54944326265155,True,1015933.4191408027,True,100,85,15
68,729781.6142747075,869465.4593599674,0,516.0340981177055,-90.9437439847205,True,360741.58570198325,True,100,85,15
69,726386.7355279729,868496.6570338578,0,3188.710934639541,-118.62653028659979,False,1954.6802629846595,True,100,0,100
70,729809.5322660642,867630.2410050837,0,1410.1377587600746,-106.2241539593506,True,31292.780985010675,True,100,85,15
71,729815.6022745575,870331.4748250989,0,1348.2801117424779,-105.54230449264635,True,36111.54833766691,True,100,85,15
72,726530.6043865714,870914.9560217832,0,3554.387246355055,-120.27676596739208,False,1339.0432014964845,True,100,0,100
73,729423.4179297778,867900.3103936772,0,1118.1757790729507,-102.69785282536019,True,64096.68610689801,True,100,85,15
74,729247.7370536478,868329.2167114107,0,741.1004178505763,-96.44569703464474,True,185720.47707655156,True,100,85,15
75,726267.9249670007,867885.8039234185,0,3454.524726230756,-119.84359069435088,False,1478.9158837937,True,100,0,100
76,729379.5456047176,867667.8636600417,0,1353.9695888854606,-105.60631184641109,True,35632.12949073972,True,100,85,15
77,729692.2198537353,868103.3975382185,0,923.4397490983301,-99.7892997628015,True,109356.07336514987,True,100,85,15
78,727835.0526275247,867916.1661657947,0,2021.7361186501696,-111.7003564466199,False,9432.811638378464,True,100,0,100
79,727250.0429889176,870289.9716089225,0,2616.1003834398552,-115.61790415610596,False,3886.9183150718914,True,100,0,100
80,727403.075507897,871020.7077515943,0,2927.2328677722294,-117.32600455091541,False,2632.151097430098,True,100,0,100
81,726743.0743809575,868860.6626552448,0,2794.436923160161,-116.62030088645918,False,3092.6107923991503,True,100,0,100
82,727740.6621266103,871012.5333926308,0,2685.4414361686813,-116.01554900178498,False,3550.1591405515173,True,100,0,100
83,729607.2305909825,868827.7380575682,0,199.51328863601964,-76.49901395502414,True,935344.2604529778,True,100,85,15
84,728242.7959514597,867840.6946511827,0,1743.5586420524617,-109.45027955867376,True,15566.048951831623,True,100,85,15
85,728221.3003742921,869463.147712639,0,1387.1015789188014,-105.97378931290748,True,32989.58208313534,True,100,85,15
86,727327.5564482115,868797.3238250772,0,2216.3214206447446,-113.09714603694844,False,6887.322073557023,True,100,0,100
87,728520.7484890344,870883.5851579044,0,2127.016026041422,-112.471976674019,False,7930.536573467603,True,100,0,100
88,728124.2296264559,870615.5284900647,0,2133.893851091943,-112.5210484193299,False,7843.342060910384,True,100,0,100
89,728606.1130332726,867684.4754111436,0,1620.164528542686,-108.3345691863685,True,19882.31741132845,True,100,85,15
90,728005.2746299162,868945.3307953086,0,1529.5781678684423,-107.46000866559449,True,24033.816014555672,True,100,85,15
91,729281.0751116058,869702.8140956538,0,734.4331911642503,-96.30833034820137,True,189408.4741109599,True,100,85,15
92,727025.1919447958,869199.0899686734,0,2515.048998069,-115.0191257632826,False,4454.481957565431,True,100,0,100
93,729387.3459494746,871072.9357827036,0,2065.0349394048817,-112.0224591438427,False,8774.65518893386,True,100,0,100
94,729695.2612035363,868536.4680181945,0,503.35172664951193,-90.56550469492421,True,374401.1795713951,True,100,85,15
95,729726.9105948952,867807.3059743231,0,1221.1998824920017,-104.03753638430679,True,49177.8988397039,True,100,85,15
96,728581.2090900796,871131.0522391761,0,2322.1605781447925,-113.80622868150228,False,5866.493213597391,True,100,0,100
97,727096.4552402233,868486.9227533516,0,2493.04960944768,-114.88558222309354,False,4591.826682763497,True,100,0,100
98,727798.8553169362,870416.5731098932,0,2231.2111700046853,-113.19892364078216,False,6730.733116724924,True,100,0,100
99,728887.309462478,869359.3438304608,0,732.9921362097272,-96.27847603922466,True,190215.43910862348,True,100,85,15
100,729133.1035610216,868786.6576919851,0,459.8488667231818,-89.19152921830477,True,425213.54975514294,True,100,85,15
101,726432.9075530581,867760.5430059519,0,3343.8866438978735,-119.3488041326988,False,1656.5628259537868,True,100,0,100
102,728578.3991549184,870390.738301265,0,1676.2780651520484,-108.8521121739595,True,17754.926626508117,True,100,85,15
103,729852.2803034761,868052.4693039319,0,1012.1594679288486,-101.18371296776438,True,85301.83686762744,True,100,85,15
104,726230.5538276751,870239.032804338,0,3522.9908068247923,-120.1419028464935,False,1381.1160635217166,True,100,0,100
105,728162.2453438888,868409.5641162053,0,1498.0493757816048,-107.14341447884439,True,25727.405317517478,True,100,85,15
106,726966.142840198,870558.9378748806,0,2996.7106102840403,-117.68256819366329,False,2426.0691716855854,True,100,0,100
107,728582.2173957312,867396.3817662766,0,1875.7224428256777,-110.56090011562493,True,12169.117024301591,True,100,85,15
108,729492.5518282794,867417.7720871805,0,1595.8184901284858,-108.1044222468643,True,20903.94955730117,True,100,85,15
109,727021.6102724313,870994.0087374465,0,3198.901348074347,-118.67502964312347,False,1933.0889458412807,True,100,0,100
110,729292.6843412064,868056.4623616078,0,986.4162938010992,-100.79210830903497,True,91603.66563880515,True,100,85,15
111,728909.7672714257,867560.0349022916,0,1581.1913115252426,-107.96445467467456,True,21549.28215532241,True,100,85,15
112,728016.1602021372,869760.1354212512,0,1691.1474724289064,-108.98635182974893,True,17239.534854539157,True,100,85,15
113,729070.8128277562,868537.7003351754,0,663.2630849789233,-94.75900393037443,True,233744.5076050412,True,100,85,15
114,727469.3403678256,867971.6700576516,0,2311.851258873085,-113.73859610715607,False,5957.062787324766,True,100,0,100
115,729492.6734089784,869148.4134172822,0,141.32548609582395,-71.25771707690379,True,1152276.397204497,True,100,85,15
116,729037.1975912374,867722.83221321,0,1382.3458723739761,-105.92158520275582,True,33353.793343681114,True,100,85,15
117,727245.8066066019,869961.6858135193,0,2476.4366816910765,-114.78395298990696,False,4699.142710655654,True,100,0,100
118,729002.4050467459,870726.9587562194,0,1794.2472512404252,-109.88588013503065,True,14137.17027053559,True,100,85,15
119,728876.7536097158,868315.2238566475,0,958.1802445386459,-100.35065243632026,True,99129.23987226759,True,100,85,15
120,727657.8409544644,869567.4347933417,0,1955.7258955174061,-111.19577951825377,True,10561.538244658523,True,100,85,15
121,728580.6022617032,869868.37491066,0,1280.3439744064049,-104.75643316746275,True,42488.89709379201,True,100,85,15
122,728880.3173961461,870325.3938062596,0,1465.8277523796692,-106.81290289620968,True,27613.4202261649,True,100,85,15
123,726323.6632983098,869261.9266957171,0,3219.3217824807953,-118.77175358380956,False,1890.7344326976392,True,100,0,100
124,727200.230610926,869429.639929872,0,2370.0184678619376,-114.11631055595485,False,5468.30044947761,True,100,0,100
125,729648.063609883,871046.2889252049,0,2036.45336433852,-111.8106064151648,False,9202.294457224436,True,100,0,100
126,726871.7979175255,869931.5077547049,0,2815.564036346476,-116.73478932386126,False,3012.81715511602,True,100,0,100
127,726547.9872773062,869039.492933212,0,2985.481815767682,-117.62550506005374,False,2457.9386083825157,True,100,0,100
128,727536.9238605364,870863.5428549302,0,2722.127790948604,-116.22179782919447,False,3387.0373549766273,True,100,0,100
129,728105.4803636933,871188.4214011343,0,2602.10996354156,-115.53639759694079,False,3959.7525814365467,True,100,0,100
130,728722.8836711895,869588.287059103,0,993.8486140098026,-100.90620827407332,True,89731.55678093592,True,100,85,15
131,729660.0641117825,869626.8665534125,0,626.7403404563213,-93.89806772136151,True,260396.42082896098,True,100,85,15
132,728622.8788848466,868904.5291308564,0,916.9200940376337,-99.68160215949709,True,111403.22164496084,True,100,85,15
133,726703.4588883846,870226.6788629225,0,3079.1467947708948,-118.09506378597868,False,2207.5841411094325,True,100,0,100
134,728899.240367728,869687.0388143574,0,925.3827178161475,-99.8212484567884,True,108754.07414333605,True,100,85,15
135,729308.4585973263,870823.952082615,0,1824.7944919519985,-110.14248864812814,True,13355.341925548391,True,100,85,15
136,729814.9229460914,868995.880555034,0,282.09493290300395,-81.76383498416877,True,719092.2152153541,True,100,85,15
137,727678.388026045,869028.6755309445,0,1855.0297788236528,-110.39228100102282,True,12634.390984569422,True,100,85,15
138,726440.1867304723,870430.914125839,0,3402.639763462156,-119.61355905121688,False,1559.0141406452656,True,100,0,100
139,726986.7973821422,869602.7399777225,0,2613.9344213119502,-115.60531407129126,False,3898.081652781463,True,100,0,100
140,727628.3354625271,867851.0460838682,0,2231.4537113716324,-113.20057588369399,False,6728.220113939696,True,100,0,100
141,726238.8575993066,871076.2623684071,0,3887.2177158295244,-121.6373602868336,False,979.8692048279738,True,100,0,100
142,729891.0252817356,868432.6901036835,0,681.7401542186163,-95.1766606082234,True,221314.47682836163,True,100,85,15
143,727723.2386259049,869248.8387512763,0,1825.403625423366,-110.14756180606408,True,13340.312881616208,True,100,85,15
144,726635.6434899117,868045.149512786,0,3055.0914027245417,-117.97584728232138,False,2268.6382353629965,True,100,0,100
145,726553.0313879156,869500.0591864656,0,3019.8462518138576,-117.79946913624849,False,2362.056785340917,True,100,0,100
146,728657.7444298351,868443.2359806364,0,1044.7001795844055,-101.66470842763584,True,78031.75262116155,True,100,85,15
147,729663.721528445,868212.053533069,0,811.5551891793435,-97.82613206587222,True,151013.80577883826,True,100,85,15
148,727462.0430798942,870092.324352981,0,2335.6184548173815,-113.89406643550542,False,5750.885880226721,True,100,0,100
149,729008.1867646647,871076.7055782559,0,2129.411876595556,-112.4890885191194,False,7900.023763263068,True,100,0,100
150,728439.4754912843,870187.5835381798,0,1605.0080183138466,-108.19170222395397,True,20510.80929366632,True,100,85,15
151,727600.0666297446,868463.276140909,0,2009.9415456460395,-111.61141995148922,False,9622.855431613469,True,100,0,100
152,727852.3440996548,869775.551469826,0,1845.8514877375148,-110.31688645739965,True,12847.942877435147,True,100,85,15
153,729563.364070023,867802.7364897128,0,1210.7044678741363,-103.9063350783583,True,50493.25797723124,True,100,85,15
154,726127.5471161756,869617.2979014853,0,3458.9883800528505,-119.86321860746156,False,1472.2741619240137,True,100,0,100
155,727412.4982674923,870448.7327081321,0,2561.0840900562457,-115.29483433802922,False,4183.634934726824,True,100,0,100
156,727382.4737455924,867656.7839393677,0,2542.7911585401885,-115.18587424412375,False,4288.671857695904,True,100,0,100
157,728826.8343210005,870126.0635341458,0,1318.3036286281556,-105.20054066160482,True,38771.19773932925,True,100,85,15
158,727915.8788497327,870938.5237866999,0,2514.676187797305,-115.01687242723192,False,4456.765431664714,True,100,0,100
159,726292.0193782226,868106.9437221506,0,3365.605597105641,-119.44721274391182,False,1619.6143201929092,True,100,0,100
160,728707.2836661093,868161.3884762096,0,1186.4858723417433,-103.59918999820081,True,53692.15765753088,True,100,85,15
161,728398.6762087314,867990.4740706624,0,1527.4782246587995,-107.43912597184533,True,24142.2388323087,True,100,85,15
162,728838.031197329,867756.1331764348,0,1436.439590499367,-106.50505782565885,True,29484.407113521163,True,100,85,15
163,728677.8750907852,869162.3635590432,0,868.4065256737204,-98.85530774109408,True,128029.12852671563,True,100,85,15
164,729725.0086625858,869956.6240658566,0,962.8232078208722,-100.42412924761638,True,97845.32950807076,True,100,85,15
165,729533.4531458598,869711.0551329426,0,697.9862195919343,-95.53463969367441,True,210934.99556049926,True,100,85,15
166,726757.2753895817,867653.0056733532,0,3091.3385831503383,-118.1551301031077,False,2177.4440256359844,True,100,0,100
167,727705.2566715105,870569.5476108863,0,2400.949604698691,-114.31340655489733,False,5229.162554558163,True,100,0,100
168,726811.6752268553,868710.6519923081,0,2738.426791321119,-116.31253972704381,False,3317.6427226686833,True,100,0,100
169,729643.6328631261,870729.0053856391,0,1719.4766025675606,-109.23886947181629,True,16308.435958413487,True,100,85,15
170,727749.9754083299,869988.2318832839,0,2032.5785147910535,-111.78165657071195,False,9262.287453945466,True,100,0,100
171,728869.6881542864,869906.831175624,0,1113.2209449241125,-102.63034791015616,True,64939.73786775481,True,100,85,15
172,727566.8292609396,869791.8947939951,0,2115.1316809673017,-112.38680935920347,False,8084.124566810798,True,100,0,100
173,728181.2128691268,869117.4139141068,0,1356.1594751080668,-105.63087669114373,True,35449.670872591865,True,100,85,15
174,726521.9487090067,867902.2048487888,0,3209.7616253392807,-118.72654731718157,False,1910.4136925260902,True,100,0,100
175,729413.1100231219,870227.839061744,0,1220.7066255196119,-104.03139556161616,True,49238.79287157039,True,100,85,15
176,726502.9308230493,868863.4379122898,0,3034.113194747558,-117.87111226964528,False,2323.6587943702198,True,100,0,100
177,726195.4252951533,868642.0459420155,0,3358.4838487270126,-119.41501424264783,False,1631.6123704303207,True,100,0,100
178,729217.115449473,869375.0373107018,0,480.65244028010824,-89.86409030507967,True,400121.7446252154,True,100,85,15
179,727801.8010310801,871130.2446033917,0,2735.0872309703614,-116.29399136917964,False,3331.7120346899305,True,100,0,100
180,727320.2214727656,870861.6187595269,0,2883.5887218302046,-117.0976661391247,False,2773.15692204354,True,100,0,100
181,726348.5056176652,867546.4013041173,0,3506.3316092522728,-120.06985453959766,False,1404.1298119119035,True,100,0,100
182,728528.5925100856,868416.8076618756,0,1168.361857345604,-103.36520796536013,True,56244.47607431735,True,100,85,15
183,728769.2141714933,870765.0902588577,0,1911.4093295293112,-110.84737955095052,True,11416.353800169105,True,100,85,15
184,728054.817924548,869439.7179562846,0,1538.860898749245,-107.55197776476057,True,23561.709362763897,True,100,85,15
185,728096.6764812083,867798.612482243,0,1881.2074388746778,-110.60528405941386,True,12049.42732660242,True,100,85,15
186,727382.6679820046,868410.8659340601,0,2233.403421342275,-113.21385119838268,False,6708.062227971768,True,100,0,100
187,726239.37905859,868842.2021668272,0,3298.4017640920197,-119.14062439238384,False,1737.5137809637529,True,100,0,100
188,729648.071577401,868348.0792618743,0,674.8124128339311,-95.02140719164682,True,225895.42195832316,True,100,85,15
189,729630.0248712606,869178.0593195469,0,191.22616476474255,-75.85415602164332,True,961982.2337112079,True,100,85,15
190,726267.7818735635,870019.133938872,0,3417.033226922466,-119.67772206508639,False,1536.247559196957,True,100,0,100
191,729635.7596443616,870120.677078863,0,1112.3322913207694,-102.61820907836653,True,65092.310003547216,True,100,85,15
192,729881.1470104747,870206.8747571026,0,1243.4362218021095,-104.31182300368624,True,46524.09715364724,True,100,85,15
193,726799.9494701248,870878.0651408909,0,3309.0332622704072,-119.18953964424132,False,1718.1461010460991,True,100,0,100
194,729930.8937556142,870769.0983120138,0,1800.46620316604,-109.93847407508535,True,13973.423649008224,True,100,85,15
195,728499.4746993759,871006.4689939198,0,2245.5614981938206,-113.29637336869843,False,6584.079597885137,True,100,0,100
196,726200.075411852,870329.9590822819,0,3583.982914859396,-120.40280757371583,False,1300.877613975222,True,100,0,100
197,727482.4185397546,869004.880786842,0,2050.9499587771775,-111.91842724442755,False,8982.171127571632,True,100,0,100
198,726075.0013905596,870472.8625757566,0,3753.823053208593,-121.10658289853218,False,1106.8602416116662,True,100,0,100
199,726563.4331665112,870359.6599935099,0,3260.939482203291,-118.96699586755635,False,1808.0317768026616,True,100,0,100
200,727212.1897720506,870591.0558515325,0,2806.748573516328,-116.68712287082086,False,3045.7875660083973,True,100,0,100
201,728277.4336788248,870864.1229666529,0,2236.902388606981,-113.23764616421369,False,6672.07903440457,True,100,0,100
202,727333.3226963546,868486.6232379939,0,2262.1394008715447,-113.40817774509338,False,6419.68582130161,True,100,0,100
203,727107.1304281226,868682.2056859345,0,2448.677671855703,-114.6126067406311,False,4885.7092229280115,True,100,0,100
204,727135.7185474101,869680.3581349502,0,2488.759089270297,-114.85940006983063,False,4619.240272834319,True,100,0,100
205,726124.7248605107,869262.2404508914,0,3417.7224102894606,-119.68078751446225,False,1535.1681886429722,True,100,0,100
206,726324.2298220141,869591.1837698116,0,3260.77949531545,-118.96625009798281,False,1808.340726701421,True,100,0,100
207,729202.5653394989,868460.2396072347,0,644.2361105036952,-94.31657724324626,True,247272.88750287297,True,100,85,15
208,729368.817824805,868812.1913831854,0,259.6600284415696,-80.50417851150955,True,770554.283710221,True,100,85,15
209,729366.4578166939,871154.076034673,0,2147.5020796067656,-112.61767575735668,False,7674.38054813282,True,100,0,100
210,727312.4245609952,868001.112226808,0,2440.609702768394,-114.56244167246032,False,4941.700227471493,True,100,0,100
211,728759.0140964366,870404.1325559502,0,1592.060760149317,-108.06858734172788,True,21067.412262543196,True,100,85,15
212,726912.2258432467,869258.5082426612,0,2632.592561513676,-115.71342774465336,False,3803.243810912369,True,100,0,100
213,727001.3074122851,868389.3343100713,0,2607.7376086965915,-115.56923616481728,False,3930.24706032762,True,100,0,100
214,728465.4200841318,867538.9557697105,0,1820.2990101950897,-110.10499565277797,True,13466.920365082731,True,100,85,15
215,728447.3370459208,868620.8581809484,0,1154.667951478063,-103.1859989154513,True,58268.617540559615,True,100,85,15
216,728909.7185193875,868584.0886632036,0,756.9299642933878,-96.76694942387567,True,177257.874228355,True,100,85,15
217,726478.4210350104,870739.8173427202,0,3509.1685983489165,-120.08214820531524,False,1400.1761008529634,True,100,0,100
218,726604.2052631022,869925.9939914981,0,3068.1156579126337,-118.04051044728334,False,2235.3170824145323,True,100,0,100
219,727794.4957846573,868881.57345199,0,1743.8212436040017,-109.45256874098567,True,15558.190067549576,True,100,85,15
220,727520.4273692248,870690.4634948005,0,2620.2134921412785,-115.64178375109643,False,3865.831639917181,True,100,0,100
221,728759.9675551155,867387.3840389943,0,1800.270832802829,-109.93682458530218,True,13978.531373134905,True,100,85,15
222,727955.7282182577,868478.1862944638,0,1665.8321358294284,-108.75709325554374,True,18128.564255756664,True,100,85,15
223,727808.25011846,867582.2949607376,0,2241.2253692083887,-113.26699354137025,False,6627.960250707554,True,100,0,100
224,727911.6331928722,870226.6217062061,0,2025.5080228131335,-111.7286888700389,False,9373.04099046472,True,100,0,100
225,727788.4297571478,868203.552832193,0,1923.5567230194158,-110.94367491507198,True,11173.602959652168,True,100,85,15
226,727141.1295783824,869226.8338474298,0,2401.7544197279813,-114.31850094983334,False,5223.120123584699,True,100,0,100
227,729271.6095633474,871117.1501359143,0,2120.298786464612,-112.42389726738213,False,8016.887150672494,True,100,0,100
228,729006.0606674574,870868.4754760808,0,1928.8778595681088,-110.98566548395625,True,11069.322361429267,True,100,85,15
229,726962.2217635416,870050.6875703478,0,2772.609591018141,-116.50110524261328,False,3177.9116668805486,True,100,0,100
230,728255.0425928761,868227.1147623885,0,1500.5996373478051,-107.1692693005143,True,25585.034199792084,True,100,85,15
231,729876.4808393782,868245.8064008243,0,840.4933488328664,-98.35869983638192,True,138805.7889499707,True,100,85,15
232,728692.6028974191,870760.8612873713,0,1939.4941270075049,-111.06909640970215,True,10864.92070870598,True,100,85,15
233,729282.8927181124,869536.1705330655,0,579.9700213498194,-92.71919409115253,True,298936.0374214114,True,100,85,15
234,728198.5942225253,870487.9048179769,0,1989.1504865761979,-111.45336741217506,True,9969.827335205,True,100,85,15
235,726900.6733652356,870287.4413755884,0,2924.897050481217,-117.31387045888766,False,2639.4619202915856,True,100,0,100
236,726684.923667313,867784.8017784156,0,3101.9647021634282,-118.20728980556454,False,2151.603326002259,True,100,0,100
237,727282.0667061061,868564.1362905211,0,2295.6103048903574,-113.63143579626227,False,6103.388748302585,True,100,0,100
238,727752.7533073942,869475.8093438859,0,1839.7448056566682,-110.26651548938234,True,12992.552704231293,True,100,85,15
239,726486.0683548554,868728.463492947,0,3060.545506733777,-118.0029594467058,False,2254.6075699664543,True,100,0,100
240,729364.471892548,867410.5876527365,0,1611.3555649098143,-108.25169841460489,True,20244.624729940886,True,100,85,15
241,726768.064806859,870037.0368412762,0,2948.783547802498,-117.4375013185345,False,2565.908086868614,True,100,0,100
242,728535.3824402042,869277.9261309578,0,1032.517743405227,-101.48641332494515,True,80666.97875103304,True,100,85,15
243,726383.9441746207,869424.2787941634,0,3176.139823325871,-118.56648645985189,False,1981.7435970468728,True,100,0,100
244,726746.735727789,871182.2837112572,0,3531.391214753784,-120.17810412912604,False,1369.6948355343204,True,100,0,100
245,729417.2902602624,868146.890321378,0,873.919749693401,-98.95150439244212,True,126009.67904827482,True,100,85,15
246,728722.7413645033,869327.6300989975,0,869.5047936096398,-98.87451932189778,True,127624.05380098532,True,100,85,15
247,726451.5609817117,870980.053544678,0,3656.017688342013,-120.70529008862233,False,1213.6496743510647,True,100,0,100
248,729015.0864281469,868036.6297361918,0,1105.455943493449,-102.52395036565804,True,66287.19145468256,True,100,85,15
249,729441.0248280508,868952.59003589,0,110.37223619171463,-67.50009445752931,True,1308132.8914368,True,100,85,15
250,728693.3035433916,869709.087587053,0,1090.927885457222,-102.32286150486394,True,68896.97631919676,True,100,85,15
251,727931.9905261477,870534.3284838808,0,2208.7529785297925,-113.04515018582804,False,6968.693589306166,True,100,0,100
252,728100.9612208043,868276.9914692645,0,1610.4514269095619,-108.24316706840739,True,20282.275628969444,True,100,85,15
253,728679.4705202696,870076.6311413345,0,1363.9202472181107,-105.71761417661196,True,34812.16257878671,True,100,85,15
254,728679.7822076728,871116.5806616424,0,2270.097640374386,-113.4615588042856,False,6342.624584030611,True,100,0,100
255,729614.645412853,867561.7829840104,0,1453.5609598256267,-106.68516375160016,True,28376.05779198966,True,100,85,15
256,726536.8667245021,867494.888212631,0,3359.1364348961565,-119.4179675236135,False,1630.5082207719038,True,100,0,100
257,727817.9357369593,869183.1322435726,0,1723.8256918376396,-109.27726721967423,True,16171.129404043524,True,100,85,15
258,728660.1974231648,869810.7761328273,0,1182.6816898070151,-103.550375560147,True,54216.286038369486,True,100,85,15
259,727314.8080992537,870105.3822574507,0,2472.87002210817,-114.7620451418877,False,4722.598799960484,True,100,0,100
260,727336.8445146822,870584.5097935349,0,2700.754010310741,-116.10197603743804,False,3480.8780751698937,True,100,0,100
261,728783.6888792631,868601.5653216706,0,855.1784823504191,-98.62198676796129,True,133019.05712022,True,100,85,15
262,728405.4034832498,871104.0689893736,0,2375.8260647671473,-114.15351249064736,False,5422.352907029099,True,100,0,100
263,729514.2956383722,870351.7364559862,0,1338.8031673520431,-105.43508559006008,True,36927.68849676188,True,100,85,15
264,729744.4035132261,867513.8041959764,0,1514.0466938394732,-107.30487442185418,True,24850.2558566751,True,100,85,15
265,729824.3758797772,869818.2911126096,0,856.1995022691099,-98.64012398611166,True,132626.50576694854,True,100,85,15
266,726380.1906259455,871102.4181545696,0,3782.5663034399577,-121.22252922816647,False,1077.7876358706017,True,100,0,100
267,729339.6060711314,870108.7555945334,0,1112.6845158140127,-102.62302155475842,True,65031.78674306308,True,100,85,15
268,729196.2370115514,868182.4825338667,0,896.3929745558694,-99.3374455438748,True,118129.99655732879,True,100,85,15
269,729760.8775909243,870729.904487296,0,1731.8464676652943,-109.34782858498725,True,15921.685112983048,True,100,85,15
270,728952.7210360281,867501.6880097896,0,1619.075276902779,-108.32434644226801,True,19926.67697260786,True,100,85,15
271,729035.7360887938,867501.9321638013,0,1590.9607304221986,-108.05808110409812,True,21115.564977273803,True,100,85,15
272,729787.0650043102,868228.9016291179,0,824.189633397976,-98.0609501693603,True,145548.46267285652,True,100,85,15
273,728374.2903081228,868137.4368222302,0,1452.6375780413678,-106.67550461319979,True,28434.50968213222,True,100,85,15
274,728727.0203093124,870984.2938737433,0,2129.7649773095577,-112.49160883673197,False,7895.539398822551,True,100,0,100
275,729542.6392242892,869409.478268931,0,396.51812201133436,-86.93920642121492,True,511698.7099979199,True,100,85,15
276,728702.686860925,868344.532156447,0,1066.2768089672043,-101.97544872612688,True,73603.99276878047,True,100,85,15
277,729589.1281866978,868411.3426682131,0,604.3057576779864,-93.34398562420533,True,278233.1241520969,True,100,85,15
278,727008.3913350186,870832.5767190544,0,3112.2396699402425,-118.25755619406158,False,2126.9891042251584,True,100,0,100
279,727809.338420543,867827.4256003031,0,2092.360732384579,-112.22227963391136,False,8389.11086651245,True,100,0,100
280,728843.7397830316,869269.2351846639,0,735.6537067659771,-96.33356996630891,True,188727.75653166167,True,100,85,15
281,727207.3804647201,870385.6221910499,0,2700.7492991645504,-116.10194952227599,False,3480.8991233927654,True,100,0,100
282,728497.5278943807,870283.2211701922,0,1638.9687711239776,-108.50997375140373,True,19135.591969151727,True,100,85,15
283,728001.1117434605,869924.5014151466,0,1782.8263701441083,-109.78881672195959,True,14444.224097516799,True,100,85,15
284,727682.6185085516,870954.639288661,0,2682.3330364345506,-115.99794444878243,False,3564.4376883436953,True,100,0,100
285,729602.445613376,870885.688729604,0,1873.8940351744,-110.54607600775013,True,12209.34846765034,True,100,85,15
286,729745.0855301308,870264.9206718713,0,1269.631375561359,-104.6287176209202,True,43615.113503642875,True,100,85,15
287,728023.9904924324,867969.5027652635,0,1834.993990316219,-110.22721261901036,True,13106.476177411641,True,100,85,15
288,729415.3754968026,869925.5666676293,0,920.0927288855897,-99.7341059532764,True,110401.77508654274,True,100,85,15
289,728767.3339059622,869168.2749980242,0,781.583573246334,-97.25413980926551,True,164866.24945816363,True,100,85,15
290,727744.7067936254,869768.4364217634,0,1941.6055946112413,-111.0856355151023,True,10824.837835108354,True,100,85,15
291,727749.9631375517,868495.4467015526,0,1856.9892686316275,-110.40832878998565,True,12589.380596829053,True,100,85,15
292,729829.5555741863,871113.4339393693,0,2121.148198093045,-112.42998543381583,False,8005.902170012699,True,100,0,100
293,727214.4011247958,870926.1762209217,0,3006.2457344203717,-117.73085671233787,False,2399.4211700892624,True,100,0,100
294,727330.2803845104,868633.3811476671,0,2235.5509442081943,-113.22845998889947,False,6685.948032101063,True,100,0,100
295,726369.376842968,870884.4908752602,0,3675.997809798624,-120.78813353847927,False,1190.7937609940682,True,100,0,100
296,728991.2117656302,869107.1734041991,0,550.2470844549202,-91.91952125259354,True,326267.01230680157,True,100,85,15
297,726335.9236218154,870138.2944986896,0,3389.643317003326,-119.55539003408474,False,1579.944085101394,True,100,0,100
298,728119.783248264,870403.0623297603,0,1982.4880143696168,-111.4023699626334,True,10084.356652799588,True,100,85,15
299,726577.7189699763,870446.4017492266,0,3284.845584320747,-119.07802355944973,False,1762.617446283881,True,100,0,100
300,727767.12166146,869672.5503678587,0,1885.3344345535306,-110.63859399089375,True,11960.34932082993,True,100,85,15
301,726875.0417473357,869545.1562602699,0,2711.038758915975,-116.15975043114334,False,3435.313786960148,True,100,0,100
302,728062.9154524883,869561.2780090902,0,1569.3047174586873,-107.84975480958623,True,22092.052022504904,True,100,85,15
303,726573.2675688849,869665.3461109779,0,3031.0998467418553,-117.85600849082074,False,2331.7019121049907,True,100,0,100
304,728753.5531751243,869084.2255354401,0,783.0387668935724,-97.28241423153183,True,164163.70270599963,True,100,85,15
305,727277.6016680069,867858.5977245566,0,2534.0114434031825,-115.1333000127459,False,4340.281020697328,True,100,0,100
306,729636.9112867495,869024.8212250525,0,104.22384920909482,-66.62884879920252,True,1344287.3923958323,True,100,85,15
307,728467.8074185909,867862.7290026492,0,1568.013873979907,-107.83724653697725,True,22152.013523495232,True,100,85,15
308,726354.3962153413,870315.4266203307,0,3435.388833082893,-119.75915648674453,False,1507.8287904378126,True,100,0,100
309,727856.9343527918,868711.0666591045,0,1703.403066927425,-109.09610986956531,True,16828.76113936657,True,100,85,15
310,727024.8797893968,869348.1410102248,0,2530.7522412382646,-115.11373705464162,False,4359.641117701336,True,100,0,100
311,729466.8877206766,867753.2584985832,0,1261.5624520381527,-104.53180641028186,True,44487.22269134932,True,100,85,15
312,729223.7406131387,870762.6410505209,0,1776.756016875583,-109.73697281900297,True,14610.8433679605,True,100,85,15
313,729043.4463644694,869757.1468586283,0,890.8757825157336,-99.24360036462652,True,120013.26974632562,True,100,85,15
314,728110.7761026936,870894.5688485496,0,2358.763362210313,-114.04395306985028,False,5558.769000199151,True,100,0,100
315,729329.0816588193,867969.5522250008,0,1063.3219310719674,-101.93326699607553,True,74192.87059306967,True,100,85,15
316,728871.041904627,868140.2238335039,0,1095.679429345759,-102.38892278471957,True,68030.44405920526,True,100,85,15
317,727991.8586854883,868230.3016677721,0,1728.8512613937692,-109.32151708979846,True,16014.266658589488,True,100,85,15
318,728591.617698043,867494.7102508933,0,1786.6943875737365,-109.8217595615729,True,14339.30013667524,True,100,85,15
319,728971.5496360805,870182.4293546195,0,1297.3148781476766,-104.95658895752719,True,40775.75469481054,True,100,85,15
320,728567.8828514986,868297.8293651235,0,1201.5400929021625,-103.7908393410901,True,51676.286197342175,True,100,85,15
321,727486.0594812472,869881.1083919028,0,2223.7130681323547,-113.14775619060471,False,6809.014601086568,True,100,0,100
322,729202.7838780758,871148.3582966181,0,2160.725828000878,-112.71098821392862,False,7514.599358480594,True,100,0,100
323,727678.7919552991,870052.5293791561,0,2125.9989589431125,-112.4647066632866,False,7943.534883449584,True,100,0,100
324,727876.7561707286,870843.7921792802,0,2468.9791209531813,-114.73810960599728,False,4748.357980296703,True,100,0,100
325,729525.3370221623,868781.2004412471,0,232.0069698819056,-78.79253612097631,True,840807.877861746,True,100,85,15
326,729335.1689576696,867616.9799071169,0,1410.0854984098419,-106.22359061858774,True,31296.50763990135,True,100,85,15
327,728279.2269644942,870352.5459098311,0,1834.946482640106,-110.22681908060788,True,13107.62174536246,True,100,85,15
328,727021.2177356781,870678.3767609694,0,3013.9790205087147,-117.7699078744023,False,2378.083610493385,True,100,0,100
329,728772.5745841744,868264.2241050773,0,1067.497572721226,-101.99284136693892,True,73362.28729417351,True,100,85,15
330,728454.2280784546,869700.1034206724,0,1279.2674362664382,-104.74364707737287,True,42600.47451655984,True,100,85,15
331,726443.3175515494,867883.7622194643,0,3289.931225182808,-119.10153867467682,False,1753.1455622967835,True,100,0,100
332,729251.37897,869036.3654954914,0,282.9339262017226,-81.80897591729733,True,717252.7200038007,True,100,85,15
333,729334.8165601125,869737.3290200668,0,750.9787436587515,-96.64696755881769,True,180391.70357629986,True,100,85,15
334,729731.4323146986,868416.0175463202,0,629.0517418061501,-93.95402292283327,True,258623.96832582657,True,100,85,15
335,726591.4482222892,868729.1597691766,0,2955.571543136522,-117.4724516749935,False,2545.4859754891254,True,100,0,100
336,728096.267723509,869232.6228008755,0,1453.7591152452928,-106.68723577883699,True,28363.533463424203,True,100,85,15
337,726268.6816871642,868558.9750961197,0,3296.0998854797954,-119.13001274511892,False,1741.7439902418878,True,100,0,100
338,728864.4480707338,868986.5367218041,0,669.430078110278,-94.89968275989943,True,229519.98462437742,True,100,85,15
339,726699.25128535,868154.1285207602,0,2961.4027657953857,-117.50241171804583,False,2528.108321371311,True,100,0,100
340,726774.8924204281,867540.2450629523,0,3127.0289756643656,-118.32961669318269,False,2092.190370159324,True,100,0,100
341,727381.1066456247,868341.924103112,0,2254.461375176547,-113.35649796868448,False,6495.166988612805,True,100,0,100
342,728097.6812625861,869059.9322316791,0,1436.4355456666478,-106.50501502345156,True,29484.67518889098,True,100,85,15
343,727257.3740420786,867627.4039625642,0,2664.6094910182655,-115.897174966266,False,3647.269903454098,True,100,0,100
344,726151.53702114,867948.0350251794,0,3545.556484923168,-120.23895430072866,False,1350.7086820893949,True,100,0,100
345,729227.4967127009,868892.1494405123,0,328.890667741204,-84.0968042699471,True,624580.8072751565,True,100,85,15
346,728360.0306384447,870675.7171869177,0,2034.9650205651105,-111.7994931956684,False,9225.279549964329,True,100,0,100
347,729064.4307407856,869605.5989164651,0,755.6315816635586,-96.74085353468175,True,177936.74272168544,True,100,85,15
348,729129.1406194362,868710.3834469615,0,504.98065332568945,-90.61461589550055,True,372618.9095917998,True,100,85,15
349,726460.5845911597,867621.7950916243,0,3373.0614224092114,-119.48084873704683,False,1607.174415119166,True,100,0,100
350,728378.9534149898,870880.2627510958,0,2195.2333014593664,-112.95182387974589,False,7117.117186056063,True,100,0,100
351,728666.0157316859,869002.1637185755,0,867.4049757683875,-98.83776681849957,True,128399.74782494965,True,100,85,15
352,726516.4189515389,868495.3401675258,0,3061.033976737369,-118.00538525657579,False,2253.3564134552694,True,100,0,100
353,727113.9926231181,869443.0078614217,0,2457.264338628673,-114.66581572798167,False,4827.004701441143,True,100,0,100
354,729713.7866044134,869436.3437580577,0,460.1284375729899,-89.20076762629377,True,424866.2660087008,True,100,85,15
355,729085.1237027867,870885.5618606275,0,1925.3930908368277,-110.95817931643474,True,11137.475092419894,True,100,85,15
356,728743.4100527219,870875.838744269,0,2023.343751885868,-111.71243854169849,False,9407.277738455989,True,100,0,100
357,728171.6774997624,867761.461790797,0,1849.5075750235887,-110.34696400378607,True,12762.33511631079,True,100,85,15
358,729113.6329948249,868301.5896553373,0,826.055032739776,-98.09531435193601,True,144759.55144305286,True,100,85,15
359,727841.7224010406,871031.8768994852,0,2633.8558948220443,-115.7207203459157,False,3796.9295309338463,True,100,0,100
360,726623.6922388431,870123.2624592715,0,3114.2656456980435,-118.26744792393204,False,2122.1784308738197,True,100,0,100
361,729598.7394042714,870983.3470423473,0,1971.3628203297646,-111.31682965435446,True,10279.340096171538,True,100,85,15
362,727020.7699903916,869980.9822110974,0,2692.5685254115656,-116.05583676910089,False,3517.6956537873903,True,100,0,100
363,729799.5252870388,870674.4528462547,0,1682.570855942604,-108.90906767581386,True,17534.48818761504,True,100,85,15
364,726217.1501874806,870938.8660106931,0,3834.825929717197,-121.43109793384309,False,1027.3940955393723,True,100,0,100
365,726485.4008086,868977.8875900999,0,3048.1543803951095,-117.94129356539679,False,2286.64575952412,True,100,0,100
366,726561.3354135181,871082.9966560474,0,3621.806777328083,-120.56238469751115,False,1254.1084959375266,True,100,0,100
367,726331.6569557068,867711.032789419,0,3456.3203304145604,-119.8514895070128,False,1476.2394916740045,True,100,0,100
368,728868.64110813,870445.7848714313,0,1579.4036119376233,-107.94725944031329,True,21629.844123096394,True,100,85,15
369,729857.0386356664,869205.7956212836,0,376.7180907393118,-86.1605766730985,True,542288.4665478381,True,100,85,15
370,729261.3958480053,868706.529708398,0,409.7883853100595,-87.43958757394739,True,492206.1738663142,True,100,85,15
371,726934.2893402994,871063.5129272854,0,3310.5057213559517,-119.19630199744245,False,1715.4855502905807,True,100,0,100
372,726697.537362885,870298.5106588657,0,3113.551989101281,-118.2639642640204,False,2123.8714140420607,True,100,0,100
373,729883.7255917131,870882.1765148224,0,1901.6636781492405,-110.76967990352323,True,11615.943643140308,True,100,85,15
374,729652.4572132268,871117.870046896,0,2108.1683510280623,-112.3366851212846,False,8175.872590416356,True,100,0,100
375,728020.496441496,868863.281108413,0,1520.2528717134521,-107.36705413592944,True,24519.955894773037,True,100,85,15
376,727326.4843606488,869920.3445839158,0,2386.0877150973497,-114.21902416626105,False,5342.3631790756635,True,100,0,100
377,727959.1502290731,870465.7474255473,0,2142.0519455300127,-112.57904994473178,False,7741.489500117804,True,100,0,100
378,729378.6966338092,869305.6761627893,0,330.96423962443976,-84.19233749197745,True,620739.4641678971,True,100,85,15
379,727188.545845103,869312.8432197949,0,2363.8911257050336,-114.07696145930089,False,5517.317241963291,True,100,0,100
380,729733.5188119732,868830.1631935015,0,271.1479231012533,-81.16221987838574,True,743640.5698320381,True,100,85,15
381,729808.9831249168,869357.4064505543,0,441.06775773769607,-88.5576859132131,True,449201.1312289055,True,100,85,15
382,727721.0296092507,870785.8306530209,0,2535.19174107669,-115.1403783982446,False,4333.296983387313,True,100,0,100
383,729826.9259051055,868312.3343378203,0,759.7463413745659,-96.82340160807883,True,175794.52542872334,True,100,85,15
384,729483.6979159602,869569.1059139961,0,558.2496585438782,-92.13899631368278,True,318678.04864492366,True,100,85,15
385,726280.0714366236,867938.941557148,0,3426.0159100114356,-119.71762814061789,False,1522.2552151853245,True,100,0,100
386,727803.9310340064,870248.0495431755,0,2125.1057730021207,-112.4583192880287,False,7954.972293818283,True,100,0,100
387,727695.2327023816,869924.7915212555,0,2051.8092545156674,-111.92479445167817,False,8969.333865274026,True,100,0,100
388,728752.8907428143,868489.1659134789,0,939.9970076839865,-100.05942648854898,True,104342.24943561474,True,100,85,15
389,727092.5493366917,868357.1597061042,0,2527.3969391715887,-115.09357093193339,False,4379.687427449287,True,100,0,100
390,727727.0889323526,867896.2843643636,0,2123.6276908020322,-112.44774328738606,False,7973.945396601975,True,100,0,100
391,729210.8051973488,867594.9048856145,0,1454.3815762006493,-106.69374275266135,True,28324.23536479165,True,100,85,15
392,726655.6871440634,868673.5702009806,0,2897.6223506578394,-117.17146240117042,False,2726.7843897440075,True,100,0,100
393,726684.9670157537,870791.0141009605,0,3357.735391142955,-119.41162638867968,False,1632.879911563879,True,100,0,100
394,726652.4987984347,867520.7115907543,0,3244.4485592068177,-118.88993124807511,False,1840.2366554949292,True,100,0,100
395,728352.805072847,870981.1477963526,0,2295.0001896578165,-113.6273954017116,False,6108.974444648609,True,100,0,100
396,727704.1086078143,868316.456177905,0,1957.3965522325861,-111.20875866553143,True,10530.924123427452,True,100,85,15
397,727849.694609363,870554.5877364266,0,2282.757758765522,-113.54609396459219,False,6222.444644845193,True,100,0,100
398,729863.7389327034,868896.3699790705,0,350.3913053413769,-85.05936623451078,True,586007.4074993351,True,100,85,15
399,727613.5036911689,870222.5088802325,0,2269.044542097513,-113.45450574597066,False,6352.754078608482,True,100,0,100
400,728800.3427572435,869556.989553727,0,912.7718389812643,-99.61267814369205,True,112727.80633418678,True,100,85,15
401,726715.3529073518,870157.4597438477,0,3041.504579535034,-117.90809661479034,False,2304.079966456997,True,100,0,100
402,728906.6417189108,867769.7711933018,0,1392.3200808843123,-106.03086803947612,True,32595.51299928623,True,100,85,15
403,726875.5608959505,870715.7642553967,0,3156.4261074033443,-118.47184694001393,False,2025.1586064939645,True,100,0,100
404,726650.1195719976,871079.5841261272,0,3547.325078606492,-120.24653462390908,False,1348.361949705434,True,100,0,100
405,729826.7932948188,868508.6774622543,0,583.5395845570735,-92.81246126503,True,295807.7524477945,True,100,85,15
406,729434.4557555043,867463.7600321701,0,1552.4620863246387,-107.68573509776155,True,22890.56646488441,True,100,85,15
407,726350.1040847243,869506.9108619529,0,3221.3270759368133,-118.78121880308919,False,1886.6396206220775,True,100,0,100
408,726581.7936825588,867805.3091109825,0,3189.103504917939,-118.62840151968831,False,1953.8427815055716,True,100,0,100
409,727655.4931467918,869167.4785733031,0,1884.1965900078358,-110.62941747175985,True,11984.825569616984,True,100,85,15
410,728739.15280825,870090.9790229364,0,1338.8961081972298,-105.43614077155917,True,36919.57617581074,True,100,85,15
411,727995.8917005246,871104.7165849535,0,2595.914982415935,-115.50016627458086,False,3992.5607472784623,True,100,0,100
412,728579.4068254237,869593.9662042055,0,1116.8945084195125,-102.68042544569,True,64313.45525354737,True,100,85,15
413,728565.2099555698,870919.0635038817,0,2137.7826518706265,-112.54872419555872,False,7794.57998126241,True,100,0,100
414,729664.2865296406,867984.2942769952,0,1037.0733234946922,-101.55333120863924,True,79669.7511409876,True,100,85,15
415,726236.9790471955,868943.4113991929,0,3297.1090103413535,-119.1346657169645,False,1739.8878770366614,True,100,0,100
416,728057.0733715162,867457.6582197248,0,2144.458321027753,-112.59611634493608,False,7711.767601051833,True,100,0,100
417,729586.1480875991,869130.8950492785,0,129.11393126366377,-69.88405866567638,True,1209234.2086768954,True,100,85,15
418,726705.0480386534,869997.7688988533,0,2994.818560940687,-117.67296806295882,False,2431.4019273313174,True,100,0,100
419,729869.469257116,870964.7093597131,0,1980.3724676740997,-111.38614079576617,True,10121.071474256318,True,100,85,15
420,726701.1268149582,870884.1150424748,0,3394.4534107989484,-119.57694483111555,False,1572.155969770776,True,100,0,100
421,728452.4321968814,867699.6108721673,0,1701.0467358943015,-109.07506860734875,True,16906.77861414623,True,100,85,15
422,729417.04462897,869097.7288134405,0,143.85665678625332,-71.52754870932041,True,1141091.2888532083,True,100,85,15
423,729095.4640765561,867921.8198698433,0,1175.827563380884,-103.46202727985889,True,55176.04832214691,True,100,85,15
424,729144.8902522061,868504.2960671362,0,640.1191023662658,-94.21912756456412,True,250300.92224485634,True,100,85,15
425,729739.0212700802,871065.8468062974,0,2063.055218189995,-112.00787982452805,False,8803.452676053925,True,100,0,100
426,728064.8067124042,870464.3707999287,0,2064.6798437665657,-112.01984513151201,False,8779.811688445616,True,100,0,100
427,729573.9961053279,867427.0225927196,0,1586.5670125104134,-108.01604471070537,True,21309.268037887632,True,100,85,15
428,728270.2468610263,868596.6428747585,0,1329.9795605591557,-105.33457383372743,True,37707.82996979295,True,100,85,15
429,729816.1204216157,867942.3144664776,0,1107.4624122806665,-102.55151482555989,True,65935.90236695706,True,100,85,15
430,729748.899155389,869081.4940294232,0,226.1470882974975,-78.40368501622858,True,856808.657265063,True,100,85,15
431,728312.5100282239,871095.1131446313,0,2413.579011626282,-114.3931532202376,False,5135.36084567326,True,100,0,100
432,726099.5919650781,870295.4095368896,0,3665.393087710097,-120.74421947795626,False,1202.8553852517205,True,100,0,100
433,727824.0095065566,868636.4919054552,0,1750.3321207529377,-109.50921619452144,True,15364.922355208351,True,100,85,15
434,729531.0608119707,868063.3128674605,0,949.7588171895342,-100.21646669229767,True,101506.49229553524,True,100,85,15
435,729007.1101708815,869260.0312125606,0,581.3097262752507,-92.75426563192988,True,297758.1844756358,True,100,85,15
436,726720.0231909705,868951.5159408246,0,2814.0022424602575,-116.72635537148687,False,3018.6249549292565,True,100,0,100
437,729371.3056043591,869492.1515641531,0,505.7462440575778,-90.63764331530051,True,371784.11019181873,True,100,85,15
438,728019.4433123296,869656.5337562959,0,1644.9823628205015,-108.56564360616304,True,18904.205518496263,True,100,85,15
439,726420.5389227727,868152.2411110903,0,3229.6487002358144,-118.82043498294317,False,1869.7678311694156,True,100,0,100
440,728938.5798503053,869849.2291030845,0,1026.1178993129488,-101.39190421855369,True,82092.20520138885,True,100,85,15
441,729302.3070067555,870661.6303553163,0,1664.6731401890243,-108.74651402588198,True,18170.62388600312,True,100,85,15
442,728166.7390503575,870558.094978088,0,2062.7013578661636,-112.00527240674943,False,8808.61263466701,True,100,0,100
443,726221.6237195851,869256.6014079062,0,3320.6706088010706,-119.24290293874091,False,1697.2622341887509,True,100,0,100
444,726668.7038084144,868878.904682343,0,2867.788378468515,-117.01414851622548,False,2826.5827873264666,True,100,0,100
445,728759.6184234193,867479.141446132,0,1718.0213567132541,-109.22599953843142,True,16354.706321190564,True,100,85,15
446,729821.5432852097,870135.2011921266,0,1158.5486451099773,-103.23699957789327,True,57686.37394838163,True,100,85,15
447,726590.756882069,869357.082484621,0,2962.6360329054073,-117.5087405215627,False,2524.452538527253,True,100,0,100
448,726383.5899604887,871177.3100966001,0,3821.6412364309117,-121.37874700549845,False,1039.8176491808088,True,100,0,100
449,726305.914855281,868883.1263885018,0,3230.0521010367847,-118.82233346591059,False,1868.9548758893618,True,100,0,100
450,726922.3874518385,869437.6045523889,0,2645.25370726176,-115.78635660996434,False,3740.563386133567,True,100,0,100
451,728523.7452860401,868202.5581102626,0,1294.6944815400361,-104.92585539094583,True,41034.74421912189,True,100,85,15
452,729655.1313628401,869989.2943134564,0,983.7917428911301,-100.75161105993895,True,92275.29363161305,True,100,85,15
453,727853.1843226606,868381.8201027259,0,1794.836764118245,-109.89087348524865,True,14121.544993472146,True,100,85,15
454,726739.7438577617,870608.0216433897,0,3216.849623095426,-118.76007658493528,False,1895.7982807039773,True,100,0,100
455,729535.0791279834,867624.6756422583,0,1388.394352460384,-105.98794934516695,True,32891.41879261454,True,100,85,15
456,727847.5945746683,869649.4201778381,0,1801.866126272208,-109.95028823320771,True,13936.892976477242,True,100,85,15
457,727256.8012645689,870050.1702212273,0,2501.652065617108,-114.93794174779917,False,4537.485438398558,True,100,0,100
458,726538.5001582674,870977.41786437,0,3581.592557207246,-120.39266626090067,False,1303.9079050892335,True,100,0,100
459,729376.1708463602,868068.9838360603,0,957.0802527809359,-100.33319244679952,True,99436.18138112093,True,100,85,15
460,727970.4644289605,869865.3767190791,0,1780.1816263172207,-109.76625099930308,True,14516.521779574288,True,100,85,15
461,727210.1648578321,870475.0262619013,0,2744.907735833143,-116.34847129049426,False,3290.555156854552,True,100,0,100
462,727764.7474516021,869564.8824162043,0,1852.690132035441,-110.37309759196518,True,12688.39993921024,True,100,85,15
463,728752.5661638451,870321.3260076472,0,1523.5364673208103,-107.39984988797423,True,24347.39932849374,True,100,85,15
464,727609.7225521463,871052.831035858,0,2803.74398433641,-116.67084241721079,False,3057.130361089692,True,100,0,100
465,726193.9101608119,870409.7961118286,0,3619.7679026278483,-120.55382536524029,False,1256.5740045885934,True,100,0,100
466,727119.8321297083,870530.6866573747,0,2851.0072781220338,-116.9249414096007,False,2884.7764468953205,True,100,0,100
467,729191.7897383941,870998.3569999286,0,2014.4561650954504,-111.64552375272172,False,9549.544103486283,True,100,0,100
468,726338.4651067124,870849.3980466044,0,3685.0248167888244,-120.82541459359419,False,1180.6486486331307,True,100,0,100
469,727852.3348990752,869270.522512923,0,1700.6179352657923,-109.07123642410758,True,16921.02479772069,True,100,85,15
470,729401.8448553816,868449.608715283,0,578.6031217432093,-92.68332703650762,True,300142.48346877785,True,100,85,15
471,726607.6386952235,870257.8645079283,0,3179.5149463183384,-118.58263048021803,False,1974.4306465769916,True,100,0,100
472,729727.3173798746,869528.3506011163,0,550.5794395640553,-91.92869962846078,True,325948.3655591244,True,100,85,15
473,729915.3528120754,868323.0669517756,0,788.6870229909582,-97.39166432602963,True,161466.41166866108,True,100,85,15
474,728006.4139741644,870321.0385730993,0,2010.5533604295865,-111.61604613445648,False,9612.878715139941,True,100,0,100
475,729578.1782750732,870792.7147763232,0,1780.2103113867013,-109.76649592843798,True,14515.7351957301,True,100,85,15
476,728954.2035373463,868460.7244342375,0,800.3109091081199,-97.61405578941536,True,156061.08006593186,True,100,85,15
477,728566.4519283056,870161.2323650874,0,1501.0580736772022,-107.17391231688104,True,25559.544942277935,True,100,85,15
478,727317.9928855589,870762.3154570872,0,2822.707942940283,-116.77330808668813,False,2986.4328715404813,True,100,0,100
479,728167.9543573435,867630.8942265345,0,1942.863357712806,-111.09547901546854,True,10801.050050095178,True,100,85,15
480,729791.3458082188,869586.0698099779,0,628.4033299183916,-93.93834671973848,True,259119.9857101679,True,100,85,15
481,727661.2853194638,870719.3224922457,0,2532.9696961372274,-115.12704979080625,False,4346.457178046198,True,100,0,100
482,727983.9426930667,870016.6931323452,0,1846.058296554526,-110.31858940122453,True,12843.081137797572,True,100,85,15
483,729591.7703740336,868903.9091197702,0,123.80852403343962,-69.24626911857709,True,1235687.689339519,True,100,85,15
484,727781.1235111579,870095.6561411752,0,2059.6845158839837,-111.98302464368794,False,8852.760102698183,True,100,0,100
485,726399.4926650244,868712.3756668812,0,3148.2521700452508,-118.43243289847261,False,2043.5172054639456,True,100,0,100
486,729665.0369474088,870312.5834276268,0,1306.1695291114152,-105.0599841846588,True,39915.11687114004,True,100,85,15
487,729620.1884014431,867818.8167634921,0,1197.4050061925648,-103.73843743395142,True,52220.89078771708,True,100,85,15
488,727571.0950547028,870951.705127301,0,2758.3986773811225,-116.4229962566997,False,3235.0700608071043,True,100,0,100
489,729799.3882061383,869043.3736551325,0,267.7565279321932,-80.97090237222713,True,751459.0196177189,True,100,85,15
490,728428.8775402363,870104.5106659286,0,1552.7746953765475,-107.68879557518623,True,22875.42195737118,True,100,85,15
491,727490.9893281735,867629.41625656,0,2466.9293879276333,-114.72548515288277,False,4762.0000924969345,True,100,0,100
492,726346.251811494,868042.6683919005,0,3331.5590608665784,-119.29266308495477,False,1678.0161791930848,True,100,0,100
493,727176.6733088652,869855.08848796,0,2502.5850891297982,-114.9436098420291,False,4531.641045058735,True,100,0,100
494,726805.118723823,870509.9343227609,0,3111.8906919533074,-118.2558516756186,False,2127.819161872312,True,100,0,100
495,728038.1933821879,870160.4610186073,0,1884.6772609081133,-110.63329467514458,True,11974.478119187765,True,100,85,15
496,727734.7141056015,870493.4847246839,0,2329.534241014062,-113.85441844311742,False,5802.788191134318,True,100,0,100
497,727882.5668514431,869836.2605538247,0,1844.6508011840995,-110.30699576866535,True,12876.214958984232,True,100,85,15
498,729096.0745171335,867471.7662866928,0,1602.1315616097572,-108.16443616008308,True,20632.86962603444,True,100,85,15
499,726180.1463506395,870226.2474165692,0,3565.9208094246355,-120.32600930065206,False,1324.0012348604637,True,100,0,100
500,727378.4490070536,870015.5188262687,0,2376.660132139484,-114.15884783707945,False,5415.79455920795,True,100,0,100
501,727977.5819162448,871028.9692834694,0,2546.4240227869245,-115.20757529576612,False,4267.546392443359,True,100,0,100
502,727997.3296392184,870608.6996011008,0,2214.814311102581,-113.08680623704491,False,6903.428869066392,True,100,0,100
503,728080.5827715562,869711.7875267531,0,1612.0628298966956,-108.25836875254579,True,20215.232926226316,True,100,85,15
504,727214.2521684467,869508.7028750669,0,2371.471643791,-114.12562776224419,False,5456.757041661051,True,100,0,100
505,728615.9458410644,870763.5051384367,0,1976.2745999881884,-111.35465511229175,True,10192.6716906115,True,100,85,15
506,728778.7506596087,868123.0120603039,0,1166.8867250942008,-103.34600447152988,True,56458.47535888515,True,100,85,15
507,729606.3408335058,870201.6768336294,0,1190.8468071895952,-103.65495638111817,True,53098.714450718784,True,100,85,15
508,726399.8434936987,869303.453177583,0,3146.934943328105,-118.42607176885244,False,2046.4956150787789,True,100,0,100
509,728955.9189371379,867611.0574363776,0,1516.2669030801778,-107.32714793693839,True,24731.464180217576,True,100,85,15
510,729844.5575820673,868417.2357758688,0,672.2097553710357,-94.96266837907355,True,227640.8868093407,True,100,85,15
511,728148.3895753269,868185.1255620512,0,1613.5710544997883,-108.27258330961153,True,20152.73317539375,True,100,85,15
512,727388.6677326799,870183.751478048,0,2443.3929104760487,-114.57976583018892,False,4922.292939455024,True,100,0,100
513,728767.0852256658,867707.1940871209,0,1514.0918352303588,-107.30532761313808,True,24847.833549446696,True,100,85,15
514,729596.0399642203,868292.2534152744,0,723.536284105012,-96.0811110293875,True,195598.70430011276,True,100,85,15
515,728031.1879858854,868748.3977826415,0,1525.302592168894,-107.41746029123566,True,24255.209936125422,True,100,85,15
516,727738.4763929218,870908.140213908,0,2610.148310405368,-115.58328147317111,False,3917.6938165193183,True,100,0,100
517,728699.3091075603,868620.562636351,0,921.7857590850837,-99.76204980080226,True,109871.44793927955,True,100,85,15
518,728846.8761834586,870658.0710048173,0,1782.4929492977585,-109.78597372320357,True,14453.31362470768,True,100,85,15
519,729095.1130157723,868455.3390613854,0,709.3068008515551,-95.77919433632414,True,203994.50572704032,True,100,85,15
520,726263.0246296743,871009.1626701283,0,3831.3747362509393,-121.41741209242755,False,1030.6275616783375,True,100,0,100
521,728434.9606013563,867413.8370953134,0,1940.1047479322801,-111.07388124741945,True,10853.30977254592,True,100,85,15
522,726558.3024336472,868003.9677959785,0,3141.529231958892,-118.39993868147417,False,2058.777014418547,True,100,0,100
523,728047.3731925575,871169.7365409086,0,2619.035833378317,-115.63495041533764,False,3871.854173570883,True,100,0,100
524,729271.5260774175,870891.9457259101,0,1897.0321408504742,-110.73261411755625,True,11712.342084319462,True,100,85,15
525,727452.6461208507,868468.1965846543,0,2150.865745862464,-112.6414656105271,False,7633.3314940413475,True,100,0,100
526,728484.3001576475,869118.887543654,0,1054.3754885783048,-101.80483554120765,True,76009.30227173957,True,100,85,15
527,726292.5177905877,870935.9322868839,0,3768.3432557058477,-121.16526594243055,False,1092.0495280124505,True,100,0,100
528,726596.5327115618,867922.1577261436,0,3132.889348300061,-118.35807696497186,False,2078.603067727357,True,100,0,100
529,727126.8558545919,869156.7685194261,0,2410.7828627244744,-114.37553334543618,False,5155.942347615477,True,100,0,100
530,727761.6947376899,868001.7181290617,0,2040.0001035669716,-111.83705663159749,False,9147.812681102545,True,100,0,100
531,726974.9432862015,870136.4017304914,0,2794.160434508895,-116.61879685527607,False,3093.6728624650364,True,100,0,100
532,727096.6363136687,870028.1740948828,0,2639.7012328451874,-115.75441713384362,False,3767.887698674855,True,100,0,100
533,728168.5115393836,868293.983658024,0,1542.683868068627,-107.58969283366652,True,23370.626914678458,True,100,85,15
534,728505.6145703607,869821.5290692417,0,1307.61322706192,-105.07677567511467,True,39776.88982838606,True,100,85,15
535,729267.7932631182,868123.3965630643,0,928.4602458426011,-99.87171596054397,True,107808.0570147436,True,100,85,15
536,726203.7171440934,869427.6791034413,0,3355.349594206691,-119.40082216166374,False,1636.9287867031853,True,100,0,100
537,726169.1954631465,871026.6938394927,0,3920.7442598073444,-121.76789803542077,False,950.931447200655,True,100,0,100
538,728501.2913562164,871066.8666411312,0,2298.528782907704,-113.65074812728527,False,6076.759449003955,True,100,0,100
539,729113.300468323,871025.1605761743,0,2055.469836411585,-111.95188877939678,False,8914.907367537373,True,100,0,100
540,726831.1570276868,871069.4031920399,0,3395.6397237452384,-119.58225619302169,False,1570.2427613405691,True,100,0,100
541,728953.6169776923,867815.6098682237,0,1330.413866543032,-105.33953669690422,True,37668.964463044314,True,100,85,15
542,727463.0309725261,867704.2766671635,0,2449.319692297203,-114.61659159691244,False,4881.288509481906,True,100,0,100
543,727108.1640467332,870312.0919816587,0,2751.181249223277,-116.3831721005925,False,3264.603467014078,True,100,0,100
544,729507.1720736178,870038.5293300336,0,1025.79454462374,-101.38711347754722,True,82164.97760370371,True,100,85,15
545,728567.8052302729,868095.5677844647,0,1331.9493968660777,-105.3570703933927,True,37531.94169348665,True,100,85,15
546,728854.186547086,867486.1277558333,0,1671.1718169385806,-108.80573860439608,True,17936.3543656301,True,100,85,15
547,728562.0379695613,870251.1218185641,0,1573.6029428927532,-107.89133056896084,True,21893.84296180708,True,100,85,15
548,728077.7571753775,869331.8825082702,0,1490.100279812916,-107.06254236935413,True,26177.50384645647,True,100,85,15
549,727849.6207406289,868929.8547094954,0,1685.7864857481604,-108.93808987845118,True,17423.16636098716,True,100,85,15
550,728493.8386923006,870768.6472840048,0,2040.255774605189,-111.83896155048441,False,9143.901117424557,True,100,0,100
551,727124.0647625923,870988.1779983194,0,3115.400712671198,-118.27298702201676,False,2119.4893113768935,True,100,0,100
552,729724.0601244536,869790.0758616759,0,800.0683199500622,-97.6094475945497,True,156171.91838429068,True,100,85,15
553,726532.4621467412,870854.2939225859,0,3520.717304786032,-120.13209042119036,False,1384.2281182594984,True,100,0,100
554,726490.3983773321,869725.8422629164,0,3125.318147189909,-118.32129817920836,False,2096.1783872924016,True,100,0,100
555,729569.9900791682,869850.5102164033,0,838.2423643675712,-98.31793621306517,True,139716.4738349738,True,100,85,15
556,729781.5765578783,870210.6618872205,0,1223.0471244009439,-104.06051168028907,True,48950.650414107906,True,100,85,15
557,729622.665785546,870051.3055232723,0,1042.0710954077788,-101.62640724160151,True,78591.97976423141,True,100,85,15
558,728156.8184321317,869501.184926083,0,1460.5144027834308,-106.7577045435743,True,27940.614071737516,True,100,85,15
559,727688.757215722,869989.7211887119,0,2087.1943218269766,-112.18470096113214,False,8460.331404545605,True,100,0,100
560,726562.3380434794,867557.6337090873,0,3308.3555578032638,-119.18642623616402,False,1719.372406949654,True,100,0,100
561,727281.2060392692,869243.1833147632,0,2263.871629331036,-113.41981289368547,False,6402.811242262808,True,100,0,100
562,729574.6422963311,869009.9943186557,0,41.404457185897506,-52.5966483389078,True,1926861.5977939307,True,100,85,15
563,728656.2997692438,870259.6642723373,0,1524.2115520851723,-107.40658370959055,True,24312.10959943798,True,100,85,15
564,726614.675195657,868816.7172286313,0,2925.274204418667,-117.31583035214321,False,2638.279715846284,True,100,0,100
565,729722.8329725865,870080.6964924125,0,1084.3115847324596,-102.23039342228118,True,70125.08688064571,True,100,85,15
566,729147.2645994811,868601.135168847,0,564.5821598547856,-92.31045027880096,True,312794.82603709085,True,100,85,15
567,728928.5179590898,868686.7195533897,0,687.2614584048445,-95.29926962811604,True,217730.4549728595,True,100,85,15
568,726638.4575869119,870399.2900161925,0,3209.676537784191,-118.72614436698092,False,1910.5900184166655,True,100,0,100
569,726897.5349622681,870937.7725789375,0,3263.7427039581407,-118.98005698909296,False,1802.629453602109,True,100,0,100
570,726713.2085320596,868493.0682483295,0,2867.683864133197,-117.0135945426722,False,2826.940549647597,True,100,0,100
571,727343.3165215504,867883.5273452628,0,2464.1672507414683,-114.7084563496347,False,4780.4628812597075,True,100,0,100
572,728199.842296852,868065.0224194181,0,1636.1664665344715,-108.48396206211574,True,19244.625045036144,True,100,85,15
573,728070.544289328,868309.8548920702,0,1623.0578601517739,-108.36169007708858,True,19765.083920752615,True,100,85,15
574,726336.4263403384,868592.946073547,0,3224.412793259965,-118.79577224606096,False,1880.3607617830705,True,100,0,100
575,728954.235521224,871087.1395564324,0,2153.4031382745966,-112.65938695736276,False,7602.550493337243,True,100,0,100
576,729052.699560806,871079.2317562161,0,2121.3334904916305,-112.43131319503065,False,8003.50842416458,True,100,0,100
577,729686.0856627453,870789.5287300711,0,1783.0134546095821,-109.790411713001,True,14439.127057430696,True,100,85,15
578,726347.8299320685,867952.1229012404,0,3357.5524238895623,-119.41079808214229,False,1633.1899655840782,True,100,0,100
579,726503.8515129788,867836.5783382981,0,3249.9237254315963,-118.91556089258334,False,1829.4633224161332,True,100,0,100
580,729763.685946335,868109.8624180903,0,932.1135351521134,-99.93140850325332,True,106696.89566161013,True,100,85,15
581,729392.2338759515,871207.5170310523,0,2198.980872465087,-112.97775081040857,False,7075.575554320636,True,100,0,100
582,726250.6964261932,869600.429682829,0,3334.7895419006677,-119.30739507987875,False,1672.3599780362517,True,100,0,100
583,729400.290785461,868664.4816238717,0,373.11986162204494,-86.01469286870585,True,548051.4281690286,True,100,85,15
584,729226.3452301659,868038.0254143879,0,1022.2343616191785,-101.33426663684517,True,82971.1147126668,True,100,85,15
585,728211.0275534496,869542.9067132708,0,1424.5246345023631,-106.37844873843311,True,30287.25368956994,True,100,85,15
586,729860.8490517078,868141.4889080276,0,931.0778360425201,-99.91450959941318,True,107010.60945347231,True,100,85,15
587,729051.7238061256,868683.552936834,0,583.5637484985789,-92.81309068543457,True,295786.68495872116,True,100,85,15
588,727975.0225435109,869565.4470267508,0,1653.3338275650126,-108.64261930580264,True,18588.63204186801,True,100,85,15
589,726919.1202708707,869629.6176569484,0,2685.9524716992346,-116.01844132249012,False,3547.8186851917962,True,100,0,100
590,728076.513659513,870303.1709037664,0,1945.9551701673977,-111.11964908545208,True,10742.855695676057,True,100,85,15
591,726771.9389174745,870272.0063801124,0,3034.851987619464,-117.87481302523767,False,2321.692263206379,True,100,0,100
592,727570.9011354863,868051.603388802,0,2185.321479081545,-112.88303670258794,False,7228.494154960921,True,100,0,100
593,729791.5093000629,869223.103225778,0,332.8055313001857,-84.27666875115371,True,617350.7906322785,True,100,85,15
594,727121.0751489704,869383.8296211772,0,2440.603172065007,-114.56240099867776,False,4941.745880733586,True,100,0,100
595,728919.437415914,869325.6763590048,0,688.9228661470395,-95.33597099047037,True,216663.4691479957,True,100,85,15
596,727870.4275447861,868848.6813836726,0,1671.0300764756487,-108.80444933546381,True,17941.4234931146,True,100,85,15
597,727877.4857149333,869970.7515629556,0,1912.8642674367236,-110.85894540949637,True,11386.929637851163,True,100,85,15
598,729578.708348046,867895.0804554202,0,1118.9081252671988,-102.7078049664142,True,63973.17031501483,True,100,85,15
599,728468.4607724188,869334.6625664064,0,1112.3920740575911,-102.6190260028893,True,65082.0328015443,True,100,85,15
600,729824.0734351752,867683.4473617243,0,1361.033560796451,-105.68540920071713,True,35047.64225362567,True,100,85,15
601,729706.5813492115,867756.0786362069,0,1268.8707300031888,-104.61960827551401,True,43696.44103768211,True,100,85,15
602,729596.7368502374,868196.0632747888,0,819.4607038563452,-97.97348463378891,True,147569.02339306602,True,100,85,15
603,726720.2925384112,870362.1786174738,0,3119.839959345108,-118.29463106966487,False,2109.014007228878,True,100,0,100
604,727229.6303205678,869190.0070185065,0,2310.506735299993,-113.72975336001164,False,5969.005682805775,True,100,0,100
605,728393.0619326807,868034.0872178779,0,1502.886210598454,-107.1924134893384,True,25458.211680030643,True,100,85,15
606,728930.0011772157,867422.0937688162,0,1701.538813639996,-109.0794651068225,True,16890.44867064607,True,100,85,15
607,728466.9737711403,868467.49243875,0,1197.8382828715598,-103.74393661525028,True,52163.50712517524,True,100,85,15
608,727752.7721463452,868148.0902124105,0,1979.5588719450845,-111.37989477589372,True,10135.23628695124,True,100,85,15
609,728355.8592189425,870226.5008586643,0,1690.8301745122449,-108.98349963720419,True,17250.335670676028,True,100,85,15
610,728855.2180987915,870380.4198111224,0,1526.2746324867478,-107.42714401249195,True,24204.655310131056,True,100,85,15
611,727201.0324526376,870130.2641858622,0,2586.085931962326,-115.4425033120521,False,4045.3308956298633,True,100,0,100
612,728161.846937248,870779.5872747998,0,2236.428772317764,-113.23442748323477,False,6676.935280498777,True,100,0,100
613,728885.8403231341,867618.1753056885,0,1537.8555743327972,-107.54204429165178,True,23612.279858202313,True,100,85,15
614,727570.159830282,868115.1958375748,0,2158.772839173396,-112.6972430857112,False,7537.929243669405,True,100,0,100
615,727913.0699124689,871150.7646688443,0,2682.3604627874524,-115.9980998682786,False,3564.3113836028015,True,100,0,100
616,728436.7372647827,870290.3151433314,0,1683.425711883175,-108.91678846378316,True,17504.807251069356,True,100,85,15
617,726202.9031874165,868536.6371130978,0,3364.3539621670366,-119.44155885098617,False,1621.7147410491102,True,100,0,100
618,726545.5213620052,869433.8468591053,0,3017.314519886421,-117.78672039361525,False,2368.95539492784,True,100,0,100
619,727605.1534498987,868557.2574216218,0,1981.3415563984458,-111.39357719637225,True,10104.232195772962,True,100,85,15
620,728730.5189023837,869251.6665215349,0,837.5380852214039,-98.30515976639592,True,140002.72032364772,True,100,85,15
621,729537.7969093116,869620.1648807541,0,607.1122306630174,-93.41441437351219,True,275937.8014137403,True,100,85,15
622,727814.015520115,868763.5795980366,0,1737.3437716531932,-109.39600165808538,True,15753.505030206643,True,100,85,15
623,728257.4689021097,869373.2260103505,0,1325.741754777826,-105.28606271727824,True,38089.63585316526,True,100,85,15
624,726922.139881508,867572.606370705,0,2982.174020251994,-117.60865438587906,False,2467.428889747516,True,100,0,100
625,728860.0325082869,870259.1601406803,0,1416.3695397777092,-106.29118024110021,True,30852.2740418552,True,100,85,15
626,727128.2105394127,870637.5518045,0,2902.3526359791176,-117.1962562337499,False,2711.3776635907902,True,100,0,100
627,727563.5042175583,870766.2377332725,0,2637.0251754861506,-115.73899965967892,False,3781.147985360723,True,100,0,100
628,728932.780725799,871014.6532172206,0,2089.742983236428,-112.2032506483796,False,8425.101822265227,True,100,0,100
629,727877.0011364822,869441.6142510904,0,1710.8915195642007,-109.16278657696124,True,16583.79781571709,True,100,85,15
630,729127.8480088105,868164.6760250941,0,940.3212836996818,-100.06466931899902,True,104246.64121548916,True,100,85,15
631,729422.4366587261,867981.36524902,0,1037.6486462400487,-101.56176133337739,True,79544.8212889334,True,100,85,15
632,727894.3539589705,870381.0935481742,0,2134.9019797335227,-112.52822789832359,False,7830.6639070065585,True,100,0,100
633,727619.4969325268,868996.9714636301,0,1913.922917689954,-110.86735549782662,True,11365.580070991617,True,100,85,15
634,726323.4327053988,868815.8906103383,0,3215.9698613596843,-118.75591895282126,False,1897.6045347236825,True,100,0,100
635,727950.8223370006,870855.3045358337,0,2428.627736365446,-114.487633271316,False,5026.374110021619,True,100,0,100
636,729398.4970392777,869432.67465772,0,440.7435494710254,-88.54650877061161,True,449626.8517470356,True,100,85,15
637,729284.9812534382,869379.1907648465,0,442.4175728606686,-88.60413290975349,True,447433.0094249267,True,100,85,15
638,728026.4361849909,869030.2977538698,0,1507.0144553901116,-107.23410963413869,True,25231.2066478937,True,100,85,15
639,726543.6301768781,870208.6427725703,0,3219.912162265078,-118.77454085757259,False,1889.527693934029,True,100,0,100
640,726176.086823039,869143.2997572044,0,3359.7902568032355,-119.42092582160099,False,1629.402941117654,True,100,0,100
641,729712.1347512419,869016.6834526774,0,178.81913238621834,-74.83448941875479,True,1004140.8739918014,True,100,85,15
642,728037.5098955822,869842.3026186661,0,1710.3135929998875,-109.15765115776334,True,16602.54318252086,True,100,85,15
643,726530.483787795,869609.049284672,0,3061.4393699484935,-118.00739820162947,False,2252.318723486392,True,100,0,100
644,728656.4607801125,869622.8637194738,0,1068.07685928254,-102.00108770439238,True,73247.91293437198,True,100,85,15
645,727760.6808660594,869064.2866700853,0,1773.4110496641174,-109.70832935396841,True,14703.689379820882,True,100,85,15
646,726726.6317009004,869938.1336006238,0,2955.2367690256883,-117.4707298566051,False,2546.488274174184,True,100,0,100
647,727178.0234125227,869630.0425862634,0,2434.795675614198,-114.52618826093502,False,4982.557454510137,True,100,0,100
648,728309.0162896075,868151.1851481987,0,1497.2781788197615,-107.13558733438693,True,25770.651095876034,True,100,85,15
649,728450.1289276289,870875.2751853471,0,2154.340903676829,-112.66600495600387,False,7591.2144304989715,True,100,0,100
650,726699.24267309,868836.0382040219,0,2839.6331490914827,-116.86417830778555,False,2925.0937942924625,True,100,0,100
651,727288.1333878916,868478.8995717164,0,2307.8873886432466,-113.71251148927774,False,5992.360084637857,True,100,0,100
652,727644.9432245585,869503.9518509624,0,1951.1674285059203,-111.16030881398196,True,10645.64499350108,True,100,85,15
653,729801.5590711767,870774.8362385458,0,1782.0659452125064,-109.78233198611785,True,14464.964873598856,True,100,85,15
654,729593.036122793,867512.8657153638,0,1501.3899671192112,-107.17727282944782,True,25541.11112846416,True,100,85,15
655,728377.2012230011,870396.3857012463,0,1802.8450542092528,-109.9585440987482,True,13911.419478198724,True,100,85,15
656,729796.5703593807,867556.0880432957,0,1480.5664797363647,-106.96497694311563,True,26730.245134292254,True,100,85,15
657,726255.6319898061,870354.7448463367,0,3541.6865701026163,-120.22235436244247,False,1355.8619474866034,True,100,0,100
658,728070.1802610178,871043.9128477055,0,2503.0379627355974,-114.94636027598203,False,4528.807741578114,True,100,0,100
659,729261.6485832543,871062.5792064663,0,2067.441714222355,-112.04016461346158,False,8739.806432094889,True,100,0,100
660,729175.6078066526,867469.8789546033,0,1584.1137235089946,-107.99252247292712,True,21418.387399806863,True,100,85,15
661,728600.5958387463,870816.7922777751,0,2030.6285459612102,-111.76706704749725,False,9292.665719411614,True,100,0,100
662,726255.0032919234,870445.1693139957,0,3577.4967218171487,-120.37527355655776,False,1309.121343576921,True,100,0,100
663,726390.3830853485,867867.1628170336,0,3345.348316916702,-119.35544700857582,False,1654.042495439468,True,100,0,100
664,726773.3984539356,870096.5892205873,0,2965.022877473464,-117.52098170223344,False,2517.396408259455,True,100,0,100
665,726108.0261935045,869552.3912848004,0,3467.524555715113,-119.90068408436917,False,1459.678897350845,True,100,0,100
666,729367.9424081503,869787.385698665,0,791.7871283064887,-97.45129530767008,True,160005.79810095884,True,100,85,15
667,729790.9113349835,870269.4783615391,0,1282.5371008742084,-104.78244779901664,True,42262.68103916063,True,100,85,15
668,726921.1355674446,870804.3339609774,0,3167.381558477963,-118.52451343260545,False,2000.8829243371497,True,100,0,100
669,728372.2863703946,867901.0812587973,0,1607.6661073616792,-108.21685496391127,True,20398.814409025235,True,100,85,15
670,727774.912931007,869146.039224087,0,1763.459554595693,-109.6227926211226,True,14984.33342658836,True,100,85,15
671,728556.894768713,867543.6184427125,0,1764.2997850082845,-109.63003334200067,True,14960.379110721016,True,100,85,15
672,727855.3731055579,870451.6399143453,0,2210.2262755468073,-113.05528581503398,False,6952.7580724084155,True,100,0,100
673,726328.4281160276,870746.8271644334,0,3643.8243280441393,-120.65451008811763,False,1227.875108111464,True,100,0,100
674,726729.0415427282,867816.2380286895,0,3049.026432403232,-117.9456416267794,False,2284.3719969599797,True,100,0,100
675,729223.574802177,869657.5272343783,0,715.0444220461068,-95.9016558095522,True,200565.83428316464,True,100,85,15
676,727602.4559017183,869839.3682884141,0,2100.2692637347545,-112.27962418664993,False,8281.55678796886,True,100,0,100
677,726579.1808260625,870048.8712635904,0,3130.4975204127295,-118.346467744469,False,2084.1348331933664,True,100,0,100
678,726461.5047976605,867939.4953650011,0,3254.0446150605835,-118.9348226085164,False,1821.4080485916909,True,100,0,100
679,728844.5747168515,869608.6319006591,0,910.5545674726769,-99.57570920183802,True,113442.93175274515,True,100,85,15
680,726308.4362186635,869542.1716317149,0,3268.031894799323,-119.00002002528805,False,1794.4033891615736,True,100,0,100
681,729771.6959337922,868526.413108842,0,541.8871070537244,-91.68680863370608,True,334382.55640744005,True,100,85,15
682,728743.9647395452,868424.757785772,0,984.501132906643,-100.76256770823392,True,92093.21150421267,True,100,85,15
683,728795.6408999463,870174.9111395006,0,1376.2613251357748,-105.85453170182248,True,33826.97329876443,True,100,85,15
684,728130.7518771283,871124.7450528257,0,2535.0470651188953,-115.13951093655716,False,4334.152285270972,True,100,0,100
685,729456.0209992873,870113.5218145243,0,1103.1666596794335,-102.49243947838396,True,66690.67046027909,True,100,85,15
686,728128.4562213657,869413.4967505137,0,1460.8473660756752,-106.76116946482665,True,27919.970393832646,True,100,85,15
687,727669.3251535732,870857.2275814825,0,2622.120863470326,-115.65284471318802,False,3856.102740729657,True,100,0,100
688,727619.2186447417,869336.691977158,0,1941.2982696999868,-111.0832293607746,True,10830.66027030279,True,100,85,15
689,726747.938589602,868722.0003118374,0,2800.580235741637,-116.65368068540893,False,3069.1325020524127,True,100,0,100
690,729248.6608644451,868419.1486515458,0,658.6276763912541,-94.65239917323345,True,236970.87620273975,True,100,85,15
691,729372.2982732835,867575.6667359946,0,1446.396692749183,-106.61005970345241,True,28833.48348806085,True,100,85,15
692,727564.1014879252,870144.6843736882,0,2271.233523284744,-113.46916264049125,False,6331.721846850343,True,100,0,100
693,729712.8848862295,868354.3326958802,0,682.7630745470236,-95.19945088893051,True,220646.02345398744,True,100,85,15
694,726850.8821477862,868761.9492619481,0,2694.1986590431225,-116.06503654749903,False,3510.3238894430456,True,100,0,100
695,729260.8113183237,868194.1514979249,0,863.0783580168637,-98.76175793326793,True,130014.22174585304,True,100,85,15
696,726826.9324003486,870922.9241900262,0,3312.439437941403,-119.20517813505802,False,1711.9995835983343,True,100,0,100
697,728739.166868223,869757.5645791788,0,1088.5789143936934,-102.29009712457999,True,69330.1012738117,True,100,85,15
698,728708.6940754442,870927.3204066611,0,2084.3271569799235,-112.16380604660439,False,8500.187376781201,True,100,0,100
699,729651.787214765,868440.415233847,0,584.7726983716018,-92.84454808910331,True,294734.5217162564,True,100,85,15
700,729304.9807421637,868939.7140304719,0,239.8633807329712,-79.29873826794025,True,819998.6954214767,True,100,85,15
701,726425.9009270071,870344.1723701223,0,3380.5457426326375,-119.51453858837372,False,1594.8099457122712,True,100,0,100
702,729478.5349871344,869663.5466833372,0,652.7834567960291,-94.51691989129431,True,241101.9057157373,True,100,85,15
703,727258.2050672394,869297.1973757898,0,2292.819932529677,-113.61294820064091,False,6128.988311318848,True,100,0,100
704,729310.8241756591,868626.6228862284,0,445.93636141806604,-88.72455100785515,True,442856.3898926093,True,100,85,15
705,728142.7271681011,868339.4072517873,0,1545.2048065030003,-107.61451176358656,True,23245.675256198057,True,100,85,15
706,729841.5508585233,870712.8174294189,0,1727.4638736697266,-109.30931408199565,True,16057.379594920822,True,100,85,15
707,729413.4848928433,869024.8243181442,0,120.44230793422368,-68.82726741285857,True,1253068.822868977,True,100,85,15
708,726384.7193513025,869598.9102690562,0,3202.6705432165554,-118.69292928727192,False,1925.1803172676032,True,100,0,100
709,729136.3560888082,868938.7756295365,0,403.8878166811574,-87.2191263489957,True,500777.1724862916,True,100,85,15
710,729505.3619126738,867847.8071322037,0,1165.5979106061134,-103.3292066093644,True,56646.23502709638,True,100,85,15
711,728722.1621246756,870795.8060074667,0,1958.6170589230048,-111.21823364630013,True,10508.629769014744,True,100,85,15
712,729201.4138467181,868725.0912973236,0,439.44755208201246,-88.50174673606561,True,451332.67572982237,True,100,85,15
713,728296.1751958323,869147.3595410313,0,1244.4439703069131,-104.32413717171069,True,46407.950658439186,True,100,85,15
714,729870.1425755677,869064.3386596345,0,340.6704779559736,-84.63170749386089,True,603108.2959139684,True,100,85,15
715,727646.8964752746,870093.637586873,0,2174.01556300963,-112.80419270527777,False,7358.256642180049,True,100,0,100
716,727505.9106204003,870269.3886326817,0,2385.1327822246003,-114.21293965480125,False,5349.743125680596,True,100,0,100
717,728272.6811189423,869628.7583401075,0,1402.9842901912193,-106.1468482826774,True,31807.993254857494,True,100,85,15
718,729302.9283395442,869044.9571404641,0,232.6198456433211,-78.83263671240326,True,839158.5337299214,True,100,85,15
719,729758.564568324,867608.8139521714,0,1422.1999326116381,-106.35362288040977,True,30447.014464441396,True,100,85,15
720,727809.0715143215,869713.6121401314,0,1861.1567706397204,-110.44240347949447,True,12494.321681127818,True,100,85,15
721,728298.0186699063,867695.4951033362,0,1806.1144979502467,-109.98608475750221,True,13826.766207573472,True,100,85,15
722,728479.9024772157,870929.7554000501,0,2187.108429111561,-112.8954610025283,False,7208.251668546178,True,100,0,100
723,726189.105663897,870495.5357599813,0,3658.099576655248,-120.71394331113198,False,1211.2420060590352,True,100,0,100
724,727501.1795249329,869099.7615305858,0,2034.0209440408091,-111.79243971686199,False,9239.897037099716,True,100,0,100
725,726486.8516983199,870998.8905907953,0,3636.5715624510854,-120.62422483968501,False,1236.43815231535,True,100,0,100
726,728960.6408123035,871141.3719095034,0,2204.012679780738,-113.01249310456875,False,7020.2819894423765,True,100,0,100
727,729873.8958173698,870312.644688732,0,1343.4534469005928,-105.48779176783587,True,36524.437641496865,True,100,85,15
728,728987.9035925101,870922.0462990452,0,1985.3737088649714,-111.42447932664132,True,10034.54752703273,True,100,85,15
729,728626.5687772987,869162.0343370793,0,918.9378578515025,-99.71501502945637,True,110765.15414339905,True,100,85,15
730,729744.9184656317,869996.3359080318,0,1005.7704871898934,-101.08746107155577,True,86818.55485759709,True,100,85,15
731,727752.3578202422,868629.0231783347,0,1821.9308294196646,-110.11861596545249,True,13426.283118831885,True,100,85,15
732,726971.1217374664,869737.3771832092,0,2662.6391351253956,-115.88593088224603,False,3656.629871799017,True,100,0,100
733,727787.980585437,870613.5160754028,0,2368.0694680764777,-114.10380534419289,False,5483.831397461574,True,100,0,100
734,729493.664290154,869513.54268348,0,502.04493202184284,-90.52599055815644,True,375837.0046619413,True,100,85,15
735,728579.4122259923,869099.1868745651,0,957.8192351502257,-100.34492440391855,True,99229.85858023053,True,100,85,15
736,729595.1495688889,870685.079778655,0,1673.1524825356712,-108.82374327481678,True,17865.706075631115,True,100,85,15
737,729568.9741679096,869075.3522076888,0,71.75051049389924,-60.9538748374524,True,1579859.4282913834,True,100,85,15
738,728666.9169461711,870715.2562124253,0,1910.013493331023,-110.83627523694153,True,11444.673062346033,True,100,85,15
739,726752.7932458334,868925.6177731628,0,2781.933777436514,-116.55213756644866,False,3141.109187011586,True,100,0,100
740,728526.5742311206,870971.2757452402,0,2201.857341604223,-112.99762121586627,False,7043.899053182658,True,100,0,100
741,728079.1454458794,869510.2958855246,0,1536.8642760492248,-107.53224304837634,True,23662.276737229604,True,100,85,15
742,729278.7765654289,869222.4538166993,0,329.6221544703973,-84.13057377890965,True,623222.6468296937,True,100,85,15
743,729644.7049295319,868520.0163410768,0,505.47036210557064,-90.62934936441411,True,372084.7211150861,True,100,85,15
744,727809.3254290173,869234.5440476827,0,1738.1942867591806,-109.40344113401484,True,15727.684606347904,True,100,85,15
745,729195.1438466944,870936.7631925025,0,1953.1985332536156,-111.17612363181954,True,10608.065490346276,True,100,85,15
746,729326.3509097543,867688.9004043159,0,1340.25063871256,-105.45151080029783,True,36801.59209085181,True,100,85,15
747,729528.0358972594,870616.0658212907,0,1603.0057161536515,-108.17272748522394,True,20595.679988180917,True,100,85,15
748,729672.7321989436,869198.0639373562,0,231.62459558394377,-78.76746359176278,True,841839.1884013391,True,100,85,15
749,728146.0222286192,869584.5702344498,0,1500.4326282964983,-107.16757749009223,True,25594.327789756448,True,100,85,15
750,726781.0631803944,870180.2630191206,0,2989.5545913745223,-117.64622709232009,False,2446.317673234501,True,100,0,100
751,728839.05043225,869053.8958302074,0,695.5010543731281,-95.48042274502355,True,212490.34775920707,True,100,85,15
752,728289.8835862458,868443.27713256,0,1367.799970558682,-105.76079065171518,True,34498.71111012624,True,100,85,15
753,727477.3967129958,870127.0653690882,0,2338.362858997194,-113.91191665256551,False,5727.667958799715,True,100,0,100
754,727789.7502192375,871020.5598162888,0,2658.9786387084214,-115.86501969321962,False,3674.1003495056502,True,100,0,100
755,729756.7919874517,870881.9474986466,0,1882.1882208422714,-110.613206791203,True,12028.18224609645,True,100,85,15
756,728838.2298101253,867812.2180688512,0,1387.529401671041,-105.97847680988679,True,32957.0568595899,True,100,85,15
757,728742.0141669384,869043.0448222213,0,791.9055269439812,-97.45356809162203,True,159950.2908514359,True,100,85,15
758,727263.7709613654,870995.2689750029,0,3013.323056528972,-117.76659931156692,False,2379.884077282733,True,100,0,100
759,727785.8206113083,869971.3852189208,0,1993.047068779877,-111.48311443667943,True,9903.607129363883,True,100,85,15
760,728265.0221270551,868180.6910230559,0,1517.0741644110637,-107.33523843514988,True,24688.446325524317,True,100,85,15
761,729909.0829695137,870800.4803154848,0,1826.4756063205764,-110.15648567129989,True,13313.915791406569,True,100,85,15
762,728764.0037843751,869612.3554403386,0,975.2134359732796,-100.6184886645669,True,94509.63301036059,True,100,85,15
763,729702.3781723073,869107.1920777113,0,193.46566552605736,-76.03113655870024,True,954669.4483728305,True,100,85,15
764,728021.6543549113,869143.8491152633,0,1517.3442896956935,-107.33794471135519,True,24674.072419071177,True,100,85,15
765,727308.6037589324,868745.4896254978,0,2240.7820282661824,-113.26398644308038,False,6632.467709109975,True,100,0,100
766,726833.3918539918,867946.2470160297,0,2903.0836355430424,-117.20008416923315,False,2709.0067209309022,True,100,0,100
767,729795.819514653,868436.9324242666,0,633.1053452299772,-94.05165930810054,True,255544.24666324793,True,100,85,15
768,726510.5081498295,868814.7406400065,0,3029.343159376081,-117.8471965317777,False,2336.407258173673,True,100,0,100
769,729335.2745099484,868024.874177372,0,1007.8509827944699,-101.11887132750387,True,86321.30491687529,True,100,85,15
770,727350.9534589342,870947.4290961719,0,2916.2670231881275,-117.26895504240002,False,2666.6994098600712,True,100,0,100
771,727665.9052881384,870163.6221218181,0,2193.428928309111,-112.93932484213704,False,7137.22920112471,True,100,0,100
772,729757.689809728,869151.1603193643,0,263.43237920136335,-80.72342039843312,True,761580.5968733978,True,100,85,15
773,727051.6202208588,869492.7565313858,0,2527.6656403161023,-115.09518687230667,False,4378.077737306508,True,100,0,100
774,729889.0066409045,869267.1949728439,0,437.1157339097694,-88.42087536955923,True,454418.2225321695,True,100,85,15
775,727570.8286294463,870092.3013424939,0,2239.6966764932176,-113.25662219411635,False,6643.518985539803,True,100,0,100
776,727679.4066775031,871046.0970155612,0,2751.420917004894,-116.38449621006612,False,3263.6172330411882,True,100,0,100
777,727017.5963964157,869596.7226597929,0,2582.5721125198065,-115.42183599702801,False,4064.41196193539,True,100,0,100
778,729324.6456409041,870269.3806724921,0,1273.5295937616754,-104.67531644812733,True,43201.17265399097,True,100,85,15
779,726646.8587395241,870335.4239359515,0,3174.975120411856,-118.56091142552903,False,1984.275239438184,True,100,0,100
780,726687.0744546549,869865.4978395597,0,2971.183568977244,-117.55253196445327,False,2499.300191876321,True,100,0,100
781,726804.9605042404,867656.7748658425,0,3046.90901648175,-117.93508200936381,False,2289.8979142417834,True,100,0,100
782,726130.7701140404,870100.2950965607,0,3572.061770550391,-120.3521636140176,False,1316.0806619024174,True,100,0,100
783,726310.1423653299,867894.255488403,0,3411.865301350851,-119.65471569906023,False,1544.3724484341255,True,100,0,100
784,727914.2883556226,871006.0651596417,0,2567.761980813444,-115.33441674884394,False,4146.110736855696,True,100,0,100
785,727244.2679746343,869412.2716952609,0,2323.6327663924903,-113.81586221972488,False,5853.703256531018,True,100,0,100
786,727341.7933472137,868430.1984707131,0,2267.7451273683478,-113.44579848616387,False,6365.281236877172,True,100,0,100
787,728710.5396237776,869676.3505981679,0,1056.864723009684,-101.84067906535535,True,75498.79448096505,True,100,85,15
788,727635.9902214594,870953.8680836959,0,2714.1635345534673,-116.17726039713621,False,3421.6214139039025,True,100,0,100
789,728399.2724527025,868243.1506999431,0,1370.7336846678018,-105.79335798693215,True,34263.9763022911,True,100,85,15
790,728827.9657200101,868338.5308762484,0,975.9977427564224,-100.63070846379043,True,94302.83244991337,True,100,85,15
791,727266.8777980935,870224.3646270406,0,2569.8527763060765,-115.34678853471743,False,4134.450651527176,True,100,0,100
792,729894.5015299425,870637.3707259523,0,1663.9667144540842,-108.74006220857541,True,18196.319758350983,True,100,85,15
793,727512.0497205013,870941.9883916329,0,2793.992457226742,-116.61788302693759,False,3094.3183379986153,True,100,0,100
794,727881.4170203428,869654.4270238986,0,1772.0693837030246,-109.69682527959665,True,14741.138292318781,True,100,85,15
795,727267.9167381857,870644.6427811836,0,2791.8149801130094,-116.60603216298584,False,3102.70120687889,True,100,0,100
796,726306.4276338428,869496.8124107007,0,3262.981706896108,-118.97651236603497,False,1804.0939857707538,True,100,0,100
797,727087.3103845611,870862.4376499716,0,3066.4776262381984,-118.03239301111532,False,2239.4731808853517,True,100,0,100
798,727638.5803873311,869648.0423899067,0,1998.33714683302,-111.52340665236002,True,9814.594053315344,True,100,85,15
799,729882.2474349265,869493.7338598467,0,593.9416648021535,-93.08103271836177,True,286872.7867306512,True,100,85,15
800,728087.4619218804,870988.313501081,0,2447.894955733167,-114.60774720876739,False,4891.105628000231,True,100,0,100
801,726887.1396332777,870347.8522748546,0,2963.7960970133922,-117.51469126233387,False,2521.019929320739,True,100,0,100
802,726511.7558946752,869467.493589012,0,3055.5761699522036,-117.97825900266032,False,2267.386651486396,True,100,0,100
803,726469.2915310006,870940.8222771613,0,3620.0415055200892,-120.55497424850202,False,1256.2427892577969,True,100,0,100
804,729573.8144192148,870124.6432987008,0,1112.3105649379072,-102.61791217885686,True,65096.04543918596,True,100,85,15
805,728695.1532231064,870231.6326380147,0,1479.0114874892984,-106.94900415120588,True,26821.76159552724,True,100,85,15
806,729035.5175808688,868081.4331376592,0,1056.307007380048,-101.83265562950325,True,75612.8292846934,True,100,85,15
807,729470.5035487284,869201.2411823942,0,198.39039090993623,-76.4132221606574,True,938886.9654747956,True,100,85,15
808,727484.0966680084,870606.5068105051,0,2595.8606190438754,-115.49984794805789,False,3992.850186220624,True,100,0,100
809,727767.9411560234,870038.4976285552,0,2041.6121142105394,-111.84906318999703,False,9123.185627764884,True,100,0,100
810,726890.8979244934,870008.2741886434,0,2823.649744155688,-116.77837884855184,False,2982.976652577434,True,100,0,100
811,729173.0444819609,868114.1421611918,0,968.4476945255441,-100.51266593657583,True,96314.95509203883,True,100,85,15
812,729091.0450226052,871110.1549882893,0,2143.2231738837722,-112.58735887722045,False,7727.00514471862,True,100,0,100
813,729036.6646152949,868623.69911755,0,631.1159593539228,-94.00382068895628,True,257051.12945335862,True,100,85,15
814,727367.0246952808,870846.3823740283,0,2837.959279909026,-116.85521559118223,False,2931.0878219415977,True,100,0,100
815,728029.5188306664,870985.2792926657,0,2480.146853360986,-114.80670888942709,False,4674.9003907466085,True,100,0,100
816,727355.3581063568,870676.0227361999,0,2740.2688667162365,-116.32276117903898,False,3309.914715530809,True,100,0,100
817,729837.4392115972,870936.6766683357,0,1947.4947254996691,-111.13167015434237,True,10714.025947897637,True,100,85,15
818,727025.0723631843,868612.5222830478,0,2540.060061349299,-115.16953950695233,False,4304.64147760431,True,100,0,100
819,729735.7855789971,870035.5634644384,0,1042.3408194217757,-101.63034109726196,True,78534.29217717353,True,100,85,15
820,727101.9708675465,868434.7518428884,0,2499.2129961217124,-114.92311447000581,False,4552.809124938255,True,100,0,100
821,729457.5500635257,867512.0545106144,0,1502.927215801169,-107.19282821345864,True,25455.944475517626,True,100,85,15
822,729877.9923489455,868297.8868404853,0,793.8905920436118,-97.49162293872814,True,159022.6713646462,True,100,85,15
823,727454.2817813106,868006.604655809,0,2309.8709766591473,-113.72557027062052,False,5974.663509111444,True,100,0,100
824,726349.0968442896,869472.300232348,0,3217.1999116761262,-118.7617316837638,False,1895.0797106914733,True,100,0,100
825,726209.2288296128,870276.6170268869,0,3556.1706495859094,-120.28439076346042,False,1336.7030241389925,True,100,0,100
826,729260.3842670834,867563.9833734047,0,1474.5712564181542,-106.90330174058303,True,27085.222114571512,True,100,85,15
827,729102.2545188145,867746.7875994293,0,1337.652254921654,-105.42201290964015,True,37028.325617724746,True,100,85,15
828,728667.9642292141,867618.1447598257,0,1641.5570882308966,-108.53395967569998,True,19035.569420580883,True,100,85,15
829,728760.3357294053,870977.8867360199,0,2111.412664412812,-112.36005927552259,False,8132.962280076926,True,100,0,100
830,729409.9906842324,868752.2650143217,0,288.50776359144925,-82.10551264993958,True,705177.9072208543,True,100,85,15
831,727906.9600080687,869763.5984539317,0,1791.2135525795022,-109.86015782812831,True,14217.924625580657,True,100,85,15
832,729301.5734897994,868839.5396619671,0,289.54058878674704,-82.15983086242113,True,702967.8567347378,True,100,85,15
833,728706.7996845852,869795.1525581597,0,1137.912035207867,-102.96380417776665,True,60863.62114004962,True,100,85,15
834,729032.4801472817,867965.5078967514,0,1161.1446358617743,-103.27102120725881,True,57300.72062359622,True,100,85,15
835,728205.5222402808,868218.622026561,0,1547.3455160054873,-107.63555552563012,True,23140.22042198531,True,100,85,15
836,729774.1667560433,868191.4102884575,0,856.2211050189917,-98.64050749986522,True,132618.21369345396,True,100,85,15
837,727671.1934306546,869950.7348121699,0,2084.910653497808,-112.16806069773658,False,8492.057009312346,True,100,0,100
838,727126.7896674467,869491.983367,0,2453.752645654449,-114.64407733037554,False,4850.903727666938,True,100,0,100
839,726933.8355021761,868362.9820395878,0,2679.570818862406,-115.98228338525864,False,3577.1877111459103,True,100,0,100
840,726483.6820594679,867798.6487609284,0,3282.575818867477,-119.06751680781602,False,1766.8660074277213,True,100,0,100
841,727692.1161244411,869564.2523935107,0,1921.9660078537675,-110.93109958436845,True,11205.017776879431,True,100,85,15
842,729429.0237942016,869468.2807132461,0,467.0141139837565,-89.42655020662835,True,416400.8706750714,True,100,85,15
843,729167.8918036431,868338.2267710549,0,767.4458900639968,-96.97667176232191,True,171857.63647101153,True,100,85,15
844,727815.945947533,869857.7502663065,0,1913.8888818014325,-110.86708518362252,True,11366.265677929887,True,100,85,15
845,729790.1290122891,867493.259894287,0,1541.3480566894332,-107.57652517221241,True,23437.1750585239,True,100,85,15
846,729204.6994388256,868824.1535679472,0,379.07996166165753,-86.25557898106048,True,538540.6395705394,True,100,85,15
847,728543.4336104713,870678.6849271789,0,1937.5797797656865,-111.0540857761216,True,10901.423920644438,True,100,85,15
848,729451.9393594126,869345.6018830935,0,342.3539311051874,-84.70663616680459,True,600107.6474862606,True,100,85,15
849,729763.1684837885,868205.2815749971,0,839.8428076067592,-98.34693025477486,True,139068.3232694047,True,100,85,15
850,728242.9553758976,867593.7435350885,0,1918.2305371596233,-110.90152801526503,True,11279.229127375189,True,100,85,15
851,726659.6208991632,870457.0001266187,0,3216.095248828386,-118.75651158612614,False,1897.3469647749798,True,100,0,100
852,726894.1713691559,870575.2178498438,0,3066.8525379056973,-118.03425130742367,False,2238.521062503498,True,100,0,100
853,728210.7401315562,871017.8961634255,0,2401.79825003285,-114.31877834205942,False,5222.79130797132,True,100,0,100
854,727459.9276715387,870868.7097362105,0,2782.5333634343424,-116.55541331270233,False,3138.761332171633,True,100,0,100
855,727023.1230045599,870125.0244322761,0,2745.4863758292654,-116.35167525194404,False,3288.150469306817,True,100,0,100
856,728030.1134267617,870782.8924047858,0,2322.068438796118,-113.80562554743227,False,5867.2948778211285,True,100,0,100
857,726285.1862952522,870890.2981921039,0,3751.6091454303337,-121.09761550593191,False,1109.1410471040147,True,100,0,100
858,729868.8055760168,870167.4266588251,0,1202.1109709033099,-103.79805962451198,True,51601.63262767228,True,100,85,15
859,729869.4368074697,868503.226773977,0,610.6487608965964,-93.50270180642026,True,273071.82396868675,True,100,85,15
860,726226.5646369543,868801.5279304287,0,3313.5469319052286,-119.2102594157369,False,1710.0071628014841,True,100,0,100
861,729246.6120458932,867399.8769686176,0,1638.477391793616,-108.50541586316143,True,19154.654844172263,True,100,85,15
862,728718.5571386754,869149.7501657739,0,826.179568194991,-98.09760576640895,True,144707.04587324528,True,100,85,15
863,728810.8648285876,867599.4812019668,0,1587.5195032028491,-108.02516743069143,True,21267.08896641593,True,100,85,15
864,728968.1265329755,867549.4293798129,0,1568.9871597904207,-107.84667863043477,True,22106.784286752703,True,100,85,15
865,728022.1276261996,868203.0770972136,0,1714.6096715790593,-109.19578441911302,True,16463.829942640365,True,100,85,15
866,728422.1617184781,870155.8983878688,0,1593.9897659482235,-108.08699350536746,True,20983.301669852768,True,100,85,15
867,729404.4588871526,867614.3997360258,0,1404.5956578813668,-106.16429625317696,True,31691.035838272015,True,100,85,15
868,729144.0224907572,868422.2867883523,0,707.5317053811513,-95.74110670690635,True,205067.28508008475,True,100,85,15
869,729926.9939294063,868949.7504365683,0,398.7017408898743,-87.02268461889496,True,508437.23962603527,True,100,85,15
870,729241.0342510359,867666.698669589,0,1377.7382222487602,-105.87083474842332,True,33711.36828520999,True,100,85,15
871,726278.3566393994,871050.1490214614,0,3839.8816562129105,-121.45112439203041,False,1022.6807951284687,True,100,0,100
872,729259.0439057946,868273.639415823,0,788.6704047715064,-97.3913440409366,True,161474.27899580024,True,100,85,15
873,726563.3011469034,869326.0158895053,0,2986.4927234007428,-117.63065113235606,False,2455.0475789348825,True,100,0,100
874,729786.1634378774,868020.8589963538,0,1023.9111677332872,-101.35917979461456,True,82590.31080933186,True,100,85,15
875,727958.9813458624,869205.9121870652,0,1586.1374358011467,-108.01192853918678,True,21328.32502672904,True,100,85,15
876,729229.5087667194,868502.2843432996,0,594.3245646438224,-93.09082883163968,True,286548.97513747634,True,100,85,15
877,728563.4917546633,868436.5171494375,0,1128.2912470068557,-102.83474266536047,True,62415.08597073738,True,100,85,15
878,726431.3738644327,871163.0155658312,0,3774.1939381491866,-121.18884744665624,False,1086.1537137789016,True,100,0,100
879,726592.7145580202,869988.4603643242,0,3098.183005595166,-118.18874735846433,False,2160.7544231288816,True,100,0,100
880,726621.1724271812,870197.453608662,0,3143.8126291805975,-118.41098289856276,False,2053.577803395338,True,100,0,100
881,727026.2311706014,869162.5479597525,0,2511.573133690265,-114.99810400663583,False,4475.829850364054,True,100,0,100
882,728430.6228315239,871144.1427442454,0,2399.476526050158,-114.30407769633797,False,5240.2453214032785,True,100,0,100
883,727422.7787081712,868340.208763774,0,2215.233860956019,-113.08968534187153,False,6898.940242879931,True,100,0,100
884,726575.744532368,870920.7586116402,0,3519.477631338349,-120.12673732594656,False,1385.928820367478,True,100,0,100
885,727858.4677133949,871137.5951798316,0,2705.3372642855475,-116.12774951406548,False,3460.47811217219,True,100,0,100
886,727796.0395042727,870500.6355485052,0,2287.1619342216713,-113.57539200204185,False,6181.317394287589,True,100,0,100
887,728689.1296169182,869848.4857324306,0,1187.7006948797955,-103.61474536965589,True,53526.05350688959,True,100,85,15
888,729814.4230565384,871006.3015626906,0,2012.952363524605,-111.63417241041648,False,9573.884960936222,True,100,0,100
889,727857.8153308837,868582.4189456316,0,1729.9950996566374,-109.33157055353769,True,15978.831193096048,True,100,85,15
890,727940.2589082129,869322.978155606,0,1622.9571226604596,-108.36074661823855,True,19769.151138341454,True,100,85,15
891,727347.8037861336,867982.8135302975,0,2416.2052552166956,-114.40968386020397,False,5116.12530949797,True,100,0,100
892,728695.1305979555,867774.7967342937,0,1495.3037763786185,-107.11553005422722,True,25881.778474132567,True,100,85,15
893,728682.1330740401,868378.1265627855,0,1061.9443106901185,-101.91356098929748,True,74469.27867334872,True,100,85,15
894,729785.9533962959,868951.5407326964,0,259.9867415663643,-80.52329203513835,True,769771.701118944,True,100,85,15
895,729612.8619865113,868235.0883843878,0,782.0329458301993,-97.2628767358417,True,164648.96318342784,True,100,85,15
896,726557.1639088357,870148.231873304,0,3185.3243785474256,-118.61037829052962,False,1961.924042132372,True,100,0,100
897,727253.2970157918,870424.6347986,0,2681.6356312204857,-115.9939918629339,False,3567.6513256514786,True,100,0,100
898,728040.9430554241,868905.8775192887,0,1496.2536257135569,-107.12518255285097,True,25828.24328072735,True,100,85,15
899,729183.4569741321,870753.2693284876,0,1775.0279141293229,-109.72218155093982,True,14658.717848547294,True,100,85,15
900,728529.0750882861,868310.0878507143,0,1225.8690013026062,-104.09554220941116,True,48605.92322764347,True,100,85,15
901,727348.3121131348,868313.2002387763,0,2294.38796844626,-113.62333998080557,False,6114.585968195137,True,100,0,100
902,727212.398027228,870016.4992069096,0,2528.5767529371874,-115.10066492913359,False,4372.625216692101,True,100,0,100
903,729740.4750017107,867885.2584863484,0,1146.6718144256433,-103.08036981377509,True,59490.35904486943,True,100,85,15
904,728549.7325040323,869828.5647602719,0,1277.7093093467959,-104.72512206709438,True,42762.593241739865,True,100,85,15
905,727154.792488862,870101.6049921508,0,2615.809025339804,-115.61621118622159,False,3888.4175899763386,True,100,0,100
906,729801.0506154491,868285.4987843856,0,775.255293267535,-97.13056590643423,True,167958.25605065437,True,100,85,15
907,729601.7929219827,869783.3741890175,0,773.3397346950826,-97.09296137788154,True,168906.10639302697,True,100,85,15
908,729091.0769837297,867605.747437829,0,1475.1817114508517,-106.90959318536423,True,27048.811999740672,True,100,85,15
909,728615.7307614522,868419.2169893356,0,1093.018360058532,-102.35196099868776,True,68514.16410956281,True,100,85,15
910,728701.6196007251,870408.1742605437,0,1624.2222596300269,-108.3725910338835,True,19718.147672948726,True,100,85,15
911,727046.5902244304,869320.4985965975,0,2505.6930972039313,-114.96247568005872,False,4512.241904616383,True,100,0,100
912,727480.8351053187,870186.9488975788,0,2364.4915802714186,-114.08082201555665,False,5512.489103056971,True,100,0,100
913,727355.7302831776,870618.3202029214,0,2705.34077136181,-116.12776921903964,False,3460.4625608782308,True,100,0,100
914,729715.41050395,867551.6472330587,0,1472.7180965690038,-106.88418681923093,True,27196.123614193228,True,100,85,15
915,728848.8482394171,868278.4546550028,0,1004.0934855172309,-101.0620952295863,True,87221.74214988126,True,100,85,15
916,726384.1003716354,869379.138490392,0,3170.4563891152843,-118.53926242849447,False,1994.1366557450951,True,100,0,100
917,727899.0414623356,871061.1126469327,0,2620.2012403434264,-115.64171267615426,False,3865.894233816759,True,100,0,100
918,727736.7231054305,871046.7696275045,0,2713.6349241000767,-116.17429969725353,False,3423.932806736311,True,100,0,100
919,728569.074044738,867724.4002520513,0,1609.5027829824453,-108.2342106185472,True,20321.873794218925,True,100,85,15
920,729560.3095452074,867460.9543652108,0,1552.3486380955694,-107.684624274559,True,22896.06560286948,True,100,85,15
921,728174.6392216436,870449.7069322921,0,1977.3794799153682,-111.36315080465214,True,10173.303648814543,True,100,85,15
922,729332.346430377,867478.035037496,0,1548.138341095218,-107.64334182688403,True,23101.315345291336,True,100,85,15
923,729574.5995426679,869476.7699638649,0,465.5319587178004,-89.3782325213231,True,418208.8663369882,True,100,85,15
924,729642.475707307,867778.8728977859,0,1239.0108041792041,-104.25762827047726,True,47038.291253332085,True,100,85,15
925,727855.6981260614,870379.6496564653,0,2163.808203877294,-112.73265670666736,False,7477.964518287016,True,100,0,100
926,727041.8275244405,869440.9146150973,0,2527.992665202532,-115.09715333377748,False,4376.119670200504,True,100,0,100
927,729737.7989080756,868238.3827037181,0,801.2098415417403,-97.63111963360573,True,155651.0840026916,True,100,85,15
928,727961.3569991519,868260.3821388696,0,1742.9016485966658,-109.44455082441428,True,15585.732661335793,True,100,85,15
929,729153.59610769,868055.3243762744,0,1030.286012038473,-101.45352312415459,True,81160.73302021905,True,100,85,15
930,727855.9626413707,870928.0778967214,0,2545.7601917132533,-115.20361218851804,False,4271.396694441628,True,100,0,100
931,727383.4963720501,869927.6763620649,0,2336.3190391699964,-113.89862518537706,False,5744.947485239291,True,100,0,100
932,727345.5805590731,870142.0871205513,0,2461.915239188281,-114.69455838136871,False,4795.583525526476,True,100,0,100
933,727931.5340092407,869957.38242402,0,1859.4486709290188,-110.42844680389784,True,12533.17282323981,True,100,85,15
934,728730.1572782771,868375.6081805371,0,1025.4161119917676,-101.38150479744307,True,82250.23937979018,True,100,85,15
935,728554.6413816513,871155.5502664833,0,2355.4407426403245,-114.02252640087099,False,5585.840475282805,True,100,0,100
936,727831.4714738636,869521.019781972,0,1776.0664191218664,-109.73107210328105,True,14629.924025093356,True,100,85,15
937,729850.11195515,867760.7815963642,0,1291.727647201249,-104.89098342503569,True,41330.38092622393,True,100,85,15
938,729799.244668593,868602.7301794033,0,488.9547138248085,-90.1244023072893,True,390519.8673721737,True,100,85,15
939,727829.4637446189,867858.182881262,0,2058.39682126907,-111.97351858864307,False,8871.689253305158,True,100,0,100
940,729300.3486606425,867973.095390427,0,1065.7558685033878,-101.96802064573158,True,73707.41711928982,True,100,85,15
941,727743.2898632671,870566.6781260221,0,2370.2372382961667,-114.11771359323475,False,5466.560641326957,True,100,0,100
942,728776.5996987617,868048.1838220019,0,1226.2452981828544,-104.1002074308479,True,48560.17382773714,True,100,85,15
943,729375.5880355587,870203.8489257792,0,1201.185471731782,-103.78635247772986,True,51722.72475223533,True,100,85,15
944,728944.4650787598,870794.0402941168,0,1875.8056988519309,-110.56157478317371,True,12167.289082499652,True,100,85,15
945,729883.4712496777,868074.6760713843,0,1001.5810107498004,-101.0240128712505,True,87829.78867408863,True,100,85,15
946,727366.187439666,870398.2166893932,0,2572.010349512029,-115.35954491346186,False,4122.462041982636,True,100,0,100
947,728413.9941693395,867562.2820005713,0,1832.4150687361478,-110.2058349078076,True,13168.845476944269,True,100,85,15
948,728587.7850948479,870185.1217808794,0,1505.9232946963305,-107.2230997962415,True,25290.963271909794,True,100,85,15
949,728614.359817073,867637.0372542149,0,1654.6933436169618,-108.65511319492373,True,18537.885479292625,True,100,85,15
950,729561.842523189,867712.3174186181,0,1301.0634770152997,-105.0004469988514,True,40408.68913819175,True,100,85,15
951,729010.2771082781,867777.9645853607,0,1341.3016893941121,-105.46342650564704,True,36710.358229943165,True,100,85,15
952,729401.9719879621,868112.0203382876,0,910.576353569104,-99.57607288283131,True,113435.8808872643,True,100,85,15
953,729663.2165419968,868242.4328918395,0,781.5015344314711,-97.25254422735392,True,164905.95031218848,True,100,85,15
954,726265.3693224195,869436.194452102,0,3295.2612945575574,-119.12614500397285,False,1743.2883674051448,True,100,0,100
955,729841.4924215723,868231.2621014911,0,840.3406019702952,-98.35593716111673,True,138867.38408605708,True,100,85,15
956,729385.9053277851,869064.4470608388,0,156.14185759576938,-72.77317696280224,True,1089474.6763563952,True,100,85,15
957,727174.9020072259,869950.7590405453,0,2538.0208535905695,-115.15733151504246,False,4316.614947817819,True,100,0,100
958,728474.8780086036,868635.0219071067,0,1123.9604351611056,-102.77628583241166,True,63128.62445776465,True,100,85,15
959,729191.6312213633,868273.7007097474,0,814.5173704375039,-97.88151226850694,True,149713.14743323886,True,100,85,15
960,728580.9429037435,869655.7580918045,0,1148.9702997367215,-103.11080808942444,True,59136.09936878399,True,100,85,15
961,727155.2315256745,870349.0587381378,0,2727.696191434216,-116.25285990601238,False,3363.1223339801554,True,100,0,100
962,728044.4745280128,869262.6996903163,0,1509.6595989663901,-107.26076614634094,True,25087.07106696089,True,100,85,15
963,727520.7400733954,869783.0465117965,0,2154.8718931119624,-112.66975097773845,False,7584.805154085947,True,100,0,100
964,727716.0353334721,869056.5946431833,0,1817.8379775912917,-110.08443103049026,True,13528.501022498887,True,100,85,15
965,726999.56606826,869926.872330677,0,2693.5308793058293,-116.06126855695462,False,3513.341321276045,True,100,0,100
966,729403.7226391967,868959.4660263493,0,140.27502004710016,-71.14431188046136,True,1156977.6418887603,True,100,85,15
967,729490.6401925659,867997.0952806142,0,1016.871058131877,-101.25430603644365,True,84202.67490566583,True,100,85,15
968,729667.0052421434,869441.2738513502,0,448.5784332550329,-88.81434364116,True,439450.78866465716,True,100,85,15
969,727616.8232932247,870657.7368858709,0,2525.473339387815,-115.08199758577466,False,4391.233110882934,True,100,0,100
970,727636.5870879854,870579.3428615411,0,2459.8641774577613,-114.6818894797899,False,4809.4080881897735,True,100,0,100
971,728636.1812211417,870174.4498209716,0,1467.5562263274244,-106.83081622610328,True,27508.001417262123,True,100,85,15
972,728283.3943915465,869441.6415781033,0,1321.3890151300598,-105.23607422502901,True,38486.69814688143,True,100,85,15
973,727601.8299564825,868101.754899427,0,2135.7132866446714,-112.53400323203624,False,7820.479870558056,True,100,0,100
974,728176.0536020213,871127.1869739328,0,2512.320541044557,-115.00262672226596,False,4471.228453691663,True,100,0,100
975,727477.0098491907,870778.7280797956,0,2710.368229341452,-116.1559904273768,False,3438.2610906133173,True,100,0,100
976,729652.2486544773,869601.3114382145,0,600.1380153046725,-93.2387898196574,True,281676.3516642862,True,100,85,15
977,727837.1962781907,869033.4844652199,0,1696.2787352638586,-109.03240262145908,True,17066.037198368555,True,100,85,15
978,727913.6762904505,869839.7159843129,0,1818.4320908691577,-110.08939804561699,True,13513.602529000813,True,100,85,15
979,729548.7851859471,868978.3554487792,0,37.98951988662233,-51.28823317342057,True,1981191.287721364,True,100,85,15
980,727091.9925247586,870682.8562704932,0,2957.773931587899,-117.48377419352093,False,2538.9047026783837,True,100,0,100
981,726939.7186287255,870624.1431575777,0,3053.2761187868987,-117.96681283126148,False,2273.332850608395,True,100,0,100
982,728236.8884736989,870917.0111181687,0,2303.4352529286334,-113.68316032243843,False,6032.323600112676,True,100,0,100
983,728645.5003141741,870815.8455182028,0,2009.5482948169602,-111.60844567687533,False,9629.27500483916,True,100,0,100
