device_id,x,y,best_gateway,distance_m,rssi_dbm,covered,shannon_capacity_bps,shannon_ok,packets_sent,packets_received,packets_lost
0,726016.1208932541,867978.9857291742,0,3666.0938046858496,-120.74712505856954,False,1202.053577681786,True,100,0,100
1,726051.8503689887,868425.9390313448,0,3530.6622866366906,-120.17496625114177,False,1370.6810765088262,True,100,0,100
2,726041.1676657555,868576.5230726558,0,3519.3642570284474,-120.12624766462763,False,1386.0844918110981,True,100,0,100
3,726028.943928194,869173.6013669455,0,3508.0831911033565,-120.07744593045483,False,1401.6870671833344,True,100,0,100
4,726005.0886896137,869588.1025582439,0,3574.815625280257,-120.36387766386434,False,1312.5485033402958,True,100,0,100
5,726032.9757220012,869680.8262963654,0,3563.500396352409,-120.31568840031713,False,1327.1398694028055,True,100,0,100
6,726048.2883348177,870301.1115497667,0,3715.470849635518,-120.95048504130361,False,1147.2389995303788,True,100,0,100
7,726004.1904684035,870565.4226281663,0,3855.487547972047,-121.51277566893819,False,1008.3058760523571,True,100,0,100
8,726022.1274168933,870543.8091538444,0,3830.387031652974,-121.41349304260049,False,1031.5553580464882,True,100,0,100
9,726035.0899747555,871050.9186208316,0,4048.539202173285,-122.25544221234239,False,850.190400976632,True,100,0,100
10,726297.5046025758,867405.223270514,0,3613.2917135652892,-120.52660587788469,False,1264.4467048980712,True,100,0,100
11,726273.4350854923,867640.4111066594,0,3537.1243637209964,-120.20276153894736,False,1361.9695286185697,True,100,0,100
12,726296.5393374376,867984.8255521185,0,3396.209892068352,-119.5848082911945,False,1569.3242934377593,True,100,0,100
13,726201.9741044809,867968.429579378,0,3491.325115001774,-120.0046602392016,False,1425.2832642193425,True,100,0,100
14,726357.329556409,867863.4540032516,0,3377.681748680681,-119.50165545012604,False,1599.52694705932,True,100,0,100
15,726182.3893873408,867890.0841552301,0,3534.125951826519,-120.18987081054536,False,1366.0028370552511,True,100,0,100
16,726242.6999563825,867902.1578194937,0,3473.1132081883925,-119.92516288698461,False,1451.5075585135178,True,100,0,100
17,726294.284879474,868114.1762530615,0,3361.482535033745,-119.42858007095157,False,1626.5466198449662,True,100,0,100
18,726197.508869123,867963.5605417378,0,3497.044216928493,-120.02953932602878,False,1417.1736044768568,True,100,0,100
19,726199.1393005915,868195.9684109653,0,3432.8746833006358,-119.74802824455793,False,1511.6811945638572,True,100,0,100
20,726314.467998355,868368.8246324304,0,3282.722331689122,-119.0681952354512,False,1766.5913676350774,True,100,0,100
21,726234.4806490098,868216.0278958722,0,3393.7925095882574,-119.57398503815563,False,1573.2231251911846,True,100,0,100
22,726145.8196543426,868457.8504356617,0,3432.731273888616,-119.74739323372738,False,1511.9013196523238,True,100,0,100
23,726332.692479857,868676.9941081783,0,3218.25552526252,-118.76671832402474,False,1892.9163715830286,True,100,0,100
24,726242.5977303056,868506.3804034151,0,3329.5341907072648,-119.2834217644771,False,1681.5740056617487,True,100,0,100
25,726085.652439757,868804.3544846748,0,3454.0114405908234,-119.84133201058252,False,1479.6820924149033,True,100,0,100
26,726224.0353946775,868824.8725988312,0,3314.663673071729,-119.21538140403622,False,1708.0011157513986,True,100,0,100
27,726336.611408335,868834.6453466085,0,3201.716159091868,-118.68839897630052,False,1927.1789047292982,True,100,0,100
28,726103.9587563794,868862.4605366724,0,3432.6989319401596,-119.74725002127704,False,1511.950968339876,True,100,0,100
29,726102.9330660829,869006.8529461437,0,3430.424719106552,-119.73717626012285,False,1515.4474022430963,True,100,0,100
30,726199.0098945093,868920.9237104934,0,3335.61524154916,-119.3111582362413,False,1670.9181975462877,True,100,0,100
31,726234.4626343328,869427.7413749039,0,3324.8496663446585,-119.26202046839073,False,1689.8421691286828,True,100,0,100
32,726313.1416964785,869173.1531452679,0,3224.187083017143,-118.79470818098605,False,1880.8191310567138,True,100,0,100
33,726141.7900475978,869409.9422991596,0,3414.703793385338,-119.66735629548586,False,1539.9030350790242,True,100,0,100
34,726167.370869729,869165.5455912522,0,3369.433058776922,-119.46448914013142,False,1613.2129067636854,True,100,0,100
35,726225.2665417949,869416.472791017,0,3332.591348605675,-119.29737218951283,False,1676.206098460735,True,100,0,100
36,726248.5531107445,869462.848617378,0,3315.4496718667006,-119.2189853915745,False,1706.591003728913,True,100,0,100
37,726288.5193186685,869508.704166673,0,3282.467733719089,-119.06701630011636,False,1767.0686492429438,True,100,0,100
38,726349.4753335924,869473.6867690263,0,3217.0235321486234,-118.76089832043188,False,1895.4414859698225,True,100,0,100
39,726350.9142484993,869523.1305256047,0,3223.0534993765814,-118.78936300450229,False,1883.1233647326724,True,100,0,100
40,726291.3887255553,869573.5030538362,0,3290.047611445266,-119.10207639886973,False,1752.929560517519,True,100,0,100
41,726208.9033077406,869656.7288411419,0,3386.186383103905,-119.53988006321073,False,1585.5718544247986,True,100,0,100
42,726307.6326691455,869897.576181666,0,3344.789871776137,-119.35290938161354,False,1655.004829189844,True,100,0,100
43,726313.9510160562,869643.5203939744,0,3280.5506769133763,-119.05813628463167,False,1770.6677711003472,True,100,0,100
44,726143.4858907661,870047.7249066107,0,3544.2497497066565,-120.23335110767881,False,1352.4459454628625,True,100,0,100
45,726141.7231327139,870080.4323298994,0,3555.616973442503,-120.28202397532006,False,1337.4289945459486,True,100,0,100
46,726092.828547621,870022.3766350112,0,3585.5131773104745,-120.4092963028809,False,1298.9424211759704,True,100,0,100
47,726269.4865961627,869915.2880663886,0,3386.2690033589383,-119.54025093408646,False,1585.4370518630622,True,100,0,100
48,726138.6916309004,870111.6681874469,0,3568.0022999561097,-120.33487939785694,False,1321.309706324541,True,100,0,100
49,726271.2026558578,870385.8762775483,0,3539.2399443827203,-120.21185023896821,False,1359.1329490749392,True,100,0,100
50,726182.4802273584,870351.8109287217,0,3608.4030857663124,-120.5060265939032,False,1270.4314683024259,True,100,0,100
51,726160.7316736575,870176.0781235596,0,3567.514443824238,-120.33280090426241,False,1321.9399117394873,True,100,0,100
52,726188.2327896877,870251.835374763,0,3567.122914307503,-120.33113260116335,False,1322.4459628319496,True,100,0,100
53,726235.3767099563,870220.5733604073,0,3512.08043729691,-120.09475589032068,False,1396.1329174061827,True,100,0,100
54,726221.5920643328,870296.6948390481,0,3551.8235297344486,-120.26579829917316,False,1342.416522323769,True,100,0,100
55,726186.5889643467,870351.1238062003,0,3604.332770542318,-120.48887081605443,False,1275.4421928495112,True,100,0,100
56,726155.6714537651,870214.1226552807,0,3584.8649880602898,-120.4065481422372,False,1299.7616797399942,True,100,0,100
57,726206.4391560648,870348.4693946306,0,3584.9190392811975,-120.40677732491305,False,1299.6933380526295,True,100,0,100
58,726173.6949580081,870216.7247833718,0,3568.7650394603475,-120.33812845279077,False,1320.3251828693192,True,100,0,100
59,726270.3045160254,870515.0540884897,0,3592.135761441982,-120.43734597220129,False,1290.6098602893915,True,100,0,100
60,726176.1650474161,870587.0061541833,0,3707.827353065789,-120.91918263871091,False,1155.511231071649,True,100,0,100
61,726183.0286144374,870464.5209425368,0,3651.2163436343344,-120.68531483584879,False,1219.225808161578,True,100,0,100
62,726141.0433869256,870808.6817913662,0,3838.226719337796,-121.44457185395572,False,1024.2205809201482,True,100,0,100
63,726274.4144542097,870803.6985065317,0,3718.4713581628066,-120.96275542263629,False,1144.0124563620323,True,100,0,100
64,726272.0957425659,870653.490080635,0,3650.585563957381,-120.68268862253866,False,1219.960817740623,True,100,0,100
65,726200.7911634779,870856.0676959902,0,3808.2288846528786,-121.32530649613452,False,1052.6542875671728,True,100,0,100
66,726279.3930483465,870791.5793268789,0,3708.2811547755264,-120.92104289338381,False,1155.0179673025052,True,100,0,100
67,726252.162922613,870599.3397987765,0,3644.510675998916,-120.65737293664337,False,1227.0687120084326,True,100,0,100
68,726169.1316412238,871025.874093168,0,3920.378083490534,-121.76647834264129,False,951.2415354811038,True,100,0,100
69,726103.5967238043,870925.4502939752,0,3926.8848753616594,-121.7916859230025,False,945.75068533697,True,100,0,100
70,726211.2647282429,870921.259259962,0,3831.116708203626,-121.41638837696131,False,1030.8698358919619,True,100,0,100
71,726321.0633745006,870847.7715290707,0,3699.3151880882306,-120.88424674379687,False,1164.8139064260545,True,100,0,100
72,726191.0345122596,871084.4260236438,0,3932.1250568678192,-121.81195625715945,False,941.3582322840313,True,100,0,100
73,726134.6073121271,871121.730804995,0,3999.7401714390003,-122.071112295944,False,886.9617191710308,True,100,0,100
74,726336.5116358969,871159.0962137986,0,3850.3535471062337,-121.49252131923186,False,1013.0061177047658,True,100,0,100
75,726341.3678281015,871266.0847024136,0,3907.024961047756,-121.71461650430169,False,962.638559001333,True,100,0,100
76,726566.591898057,867331.6331398193,0,3410.1162294248506,-119.64692135647233,False,1547.1347773596942,True,100,0,100
77,726457.6174218536,867512.9286812382,0,3422.0702618740142,-119.70011227775993,False,1528.381140786925,True,100,0,100
78,726602.9794965959,867421.2695633284,0,3334.8027081304745,-119.30745509276284,False,1672.3369755481895,True,100,0,100
79,726638.8061724307,867539.2922014163,0,3248.1401223674693,-118.90721646408316,False,1832.9639671277646,True,100,0,100
80,726630.7732667094,867775.0915660356,0,3155.5589242526817,-118.4676702982708,False,2027.0962426026038,True,100,0,100
81,726394.018611659,867721.6437870737,0,3394.583032185002,-119.57752526248055,False,1571.9467793796794,True,100,0,100
82,726442.1389803294,867700.6361877676,0,3358.285062374118,-119.41411452029449,False,1631.9488995074316,True,100,0,100
83,726519.4273101665,867819.7618907724,0,3241.562066143613,-118.8764019507119,False,1845.949078885011,True,100,0,100
84,726490.613805151,867765.5767802442,0,3288.5396906119745,-119.09510807611422,False,1755.7307628119672,True,100,0,100
85,726597.214339693,868058.8896874588,0,3087.2906035171623,-118.13521288860629,False,2187.3924954224794,True,100,0,100
86,726458.9320025691,867966.7862146338,0,3247.578600310737,-118.9045884846523,False,1834.0678332760879,True,100,0,100
87,726651.8290224279,867942.018159123,0,3074.1381375143483,-118.07031825738984,False,2220.1212377209526,True,100,0,100
88,726432.9502224103,867887.1674352954,0,3298.5066755830494,-119.1411078572893,False,1737.3212970394748,True,100,0,100
89,726545.2804473493,867913.5140486162,0,3183.958768193313,-118.6038602267907,False,1964.8547912690358,True,100,0,100
90,726400.409324158,868270.7087090468,0,3219.6940002936767,-118.7735109408884,False,1889.9735028731031,True,100,0,100
91,726464.1997473133,868169.8163850139,0,3182.887263333973,-118.59874397213521,False,1967.1582879622842,True,100,0,100
92,726499.7300320206,868366.9433948133,0,3101.6675145639456,-118.20583345143048,False,2152.3206719212394,True,100,0,100
93,726491.2860295785,868823.2297840714,0,3047.9837925938737,-117.94044286718307,False,2287.0908841410333,True,100,0,100
94,726456.3720367586,868699.9767168438,0,3092.868145707718,-118.16264919868044,False,2173.7000101589097,True,100,0,100
95,726606.9147045212,868700.9713971716,0,2943.0326207473186,-117.40782765551882,False,2583.3745689555894,True,100,0,100
96,726480.4612770354,868892.7973159048,0,3055.259066320659,-117.976681453168,False,2268.205257284947,True,100,0,100
97,726445.168020055,869062.3337015719,0,3088.5770608035505,-118.14154545493368,False,2184.224546594419,True,100,0,100
98,726544.8276402596,869144.3044886508,0,2991.4046099404654,-117.65563055081614,False,2441.062221358861,True,100,0,100
99,726421.9705470342,869232.4766907906,0,3119.108088936592,-118.29106487396618,False,2110.7364291406266,True,100,0,100
100,726465.6687784467,869050.2600096952,0,3067.908810004848,-118.03948563009406,False,2235.8413620970737,True,100,0,100
101,726578.8586027942,869260.5558909341,0,2964.840963938658,-117.52004908670395,False,2517.9333018307284,True,100,0,100
102,726630.081787472,869418.7533786795,0,2931.477221055981,-117.34802833522005,False,2618.933026703912,True,100,0,100
103,726399.4803726579,869340.598566232,0,3150.940813044341,-118.44540859273454,False,2037.4550795689465,True,100,0,100
104,726399.2572340656,869405.0847144768,0,3158.5166370384122,-118.48191090873497,False,2020.4972720010176,True,100,0,100
105,726581.8454055719,869466.820135689,0,2986.181884620951,-117.62906897857967,False,2455.9360627401325,True,100,0,100
106,726608.5995386002,869669.0425580606,0,2997.4120956524016,-117.6861259429565,False,2424.09583719626,True,100,0,100
107,726400.3646293251,869654.5582500381,0,3197.986770792653,-118.67068319992441,False,1935.0142128320692,True,100,0,100
108,726490.5581613032,869773.5087640482,0,3136.3775337466486,-118.37499170019201,False,2070.569357104127,True,100,0,100
109,726535.1919917564,869842.1782038916,0,3110.6890810300015,-118.2499811667101,False,2130.680417359761,True,100,0,100
110,726591.8056068106,870026.8615747757,0,3111.3456303849866,-118.25318904071555,False,2129.1164426142464,True,100,0,100
111,726534.6391652552,869923.3037382984,0,3133.816684003971,-118.36257559225643,False,2076.4634093098894,True,100,0,100
112,726566.9169247024,869825.9539217736,0,3075.7958305975326,-118.07851263615747,False,2215.961813479754,True,100,0,100
113,726575.2932640567,870221.8655159238,0,3195.5127291207773,-118.65891931553188,False,1940.2346242513534,True,100,0,100
114,726385.9049872996,870076.6614951952,0,3322.2963185806548,-119.25034277346815,False,1694.3707730280385,True,100,0,100
115,726483.8525235632,870151.5487511266,0,3255.085915485971,-118.93968595733601,False,1819.3797760571777,True,100,0,100
116,726604.6481887872,870032.2921751955,0,3100.987416186667,-118.20250013555496,False,2153.9634343435796,True,100,0,100
117,726517.4391414695,870387.7092477216,0,3314.4180974573933,-119.21425520742926,False,1708.4419941478898,True,100,0,100
118,726506.8458760374,870346.8660286452,0,3307.378867415092,-119.18193814980279,False,1721.141702780169,True,100,0,100
119,726412.2944066223,870329.707383254,0,3387.408788492343,-119.54536634833721,False,1583.5788866075675,True,100,0,100
120,726621.9408814218,870425.7070458286,0,3236.0256593087374,-118.85041848066484,False,1856.9695017302784,True,100,0,100
121,726583.6548189354,870424.6690466215,0,3270.065638636388,-119.00947645546532,False,1790.5197752775878,True,100,0,100
122,726528.5312596296,870485.1987116963,0,3346.0595819160403,-119.35867844998774,False,1652.817855532874,True,100,0,100
123,726536.5703392061,870497.2101524326,0,3344.155564289132,-119.3500265150776,False,1656.0987629482674,True,100,0,100
124,726476.8407917039,870641.0950540137,0,3463.0522369009564,-119.88106648835928,False,1466.2605610238654,True,100,0,100
125,726554.0423798908,870804.6330252503,0,3476.490855419974,-119.93993819734182,False,1446.5974358488436,True,100,0,100
126,726463.7986431186,870928.244960358,0,3618.018520677142,-120.54647749907228,False,1258.6944041312056,True,100,0,100
127,726551.3884367911,870891.2931669609,0,3524.178475474853,-120.14702630170919,False,1379.4939074099111,True,100,0,100
128,726615.8743593576,870899.5825810423,0,3474.2784099674595,-119.9302616134543,False,1449.811279774654,True,100,0,100
129,726492.604051507,871026.2982801575,0,3646.812508692184,-120.66697025212902,False,1224.3692257847827,True,100,0,100
130,726476.331805034,870984.4480536588,0,3637.541628187127,-120.62827902376755,False,1235.288405349607,True,100,0,100
131,726570.3858555708,870980.6389366045,0,3556.7542858832935,-120.28688522274942,False,1335.9383178059559,True,100,0,100
132,726554.9503657143,870980.4098047081,0,3569.4967941395507,-120.34124486851583,False,1319.3815382945638,True,100,0,100
133,726427.136499538,870985.1786563124,0,3679.373927478227,-120.80208742964471,False,1186.986421728684,True,100,0,100
134,726595.2899038577,871131.3512159096,0,3622.0615214245186,-120.56345379161397,False,1253.800883120094,True,100,0,100
135,726482.3283953851,871209.2251938045,0,3759.235074917628,-121.12848194511807,False,1101.3099760373777,True,100,0,100
136,726409.6305480214,871245.6639441723,0,3839.546484596727,-121.44979754546611,False,1022.9924052915906,True,100,0,100
137,726510.5616747658,871231.0527091719,0,3749.2285025411456,-121.08796684924346,False,1111.6003613586315,True,100,0,100
138,726906.6286065228,867396.4286402783,0,3084.3479680860046,-118.12071788394238,False,2194.6610113227753,True,100,0,100
139,726731.7805751036,867368.5236799956,0,3248.5892872598592,-118.90931827371026,False,1832.0815910398658,True,100,0,100
140,726881.4614195992,867557.5152265654,0,3025.088597178555,-117.82583344958239,False,2347.853757275822,True,100,0,100
141,726778.1018163582,867745.7953766544,0,3032.719349938375,-117.86412777846617,False,2327.3747682774138,True,100,0,100
142,726841.1273526658,867790.7043056173,0,2956.7295497176056,-117.47840605902593,False,2542.0228497651924,True,100,0,100
143,726707.7015629279,868117.7207114693,0,2964.1102671009576,-117.51630244896553,False,2520.0913343983584,True,100,0,100
144,726865.3159628534,868356.2198580883,0,2747.702277439085,-116.36393857964258,False,3278.962480975951,True,100,0,100
145,726777.6417891661,868364.7038152203,0,2830.9568915627065,-116.81766396664672,False,2956.3340896356867,True,100,0,100
146,726798.2984571304,868273.399530988,0,2833.307171466009,-116.83027813060707,False,2947.8295180960486,True,100,0,100
147,726830.4723721108,868690.7436009728,0,2722.030992512084,-116.22125729906008,False,3387.4550026762313,True,100,0,100
148,726772.452433001,868486.5563451207,0,2810.65521875066,-116.70826509885016,False,3031.1197755206904,True,100,0,100
149,726698.68459277,868621.5577283202,0,2861.5766971054613,-116.98118866862427,False,2847.9469956265657,True,100,0,100
150,726640.0960950464,868826.0534821069,0,2899.293947475501,-117.1802287120789,False,2721.32715735373,True,100,0,100
151,726760.9067770935,868853.654875522,0,2777.024703308242,-116.5252910077501,False,3160.4168777438276,True,100,0,100
152,726823.5235026188,868888.8326629833,0,2712.6750569689475,-116.16892209252863,False,3428.1350127877404,True,100,0,100
153,726837.4075952985,868981.6256885806,0,2696.1279156569176,-116.07591725886222,False,3501.6249416196542,True,100,0,100
154,726790.5932312087,869018.6230709546,0,2742.7645458981515,-116.33659844362255,False,3299.4813557796283,True,100,0,100
155,726857.3902283929,869185.1273688622,0,2681.4877091024514,-115.99315337332835,False,3568.3334257006695,True,100,0,100
156,726717.279827557,868914.8927016951,0,2817.783156090846,-116.74676490487224,False,3004.58954733761,True,100,0,100
157,726816.6175722221,869200.1839457836,0,2723.1707286879164,-116.22762045721643,False,3382.5416581157147,True,100,0,100
158,726694.7039589917,869309.0899865591,0,2854.041352797759,-116.94110914924985,False,2874.142050570013,True,100,0,100
159,726655.4814801837,869264.7091363939,0,2888.851399837757,-117.12538209325574,False,2755.6495462694356,True,100,0,100
160,726851.5204840101,869448.5075283624,0,2716.951947386064,-116.19286851100945,False,3409.461821707558,True,100,0,100
161,726640.8103959154,869513.3424177656,0,2935.484864739254,-117.36879459291248,False,2606.5300575864044,True,100,0,100
162,726784.3210640645,869594.4548910918,0,2809.83657481052,-116.70383714498075,False,3034.185935983175,True,100,0,100
163,726783.4464625191,869609.8507595788,0,2813.917175824026,-116.72589586278434,False,3018.941701167138,True,100,0,100
164,726750.8037492135,869848.5649017394,0,2905.2760895381407,-117.21155934524722,False,2701.9115616058916,True,100,0,100
165,726701.0949895259,869854.2518214275,0,2954.5336882947136,-117.46711311954553,False,2548.5949123457567,True,100,0,100
166,726669.4390175905,869747.6429886349,0,2956.6192705885646,-117.47783911239263,False,2542.3523896345746,True,100,0,100
167,726846.8530826275,869722.8119634475,0,2778.670985279367,-116.53429941760017,False,3153.9250691169923,True,100,0,100
168,726818.8430342649,870081.16580646,0,2917.0859973124357,-117.27322313933958,False,2664.099210166773,True,100,0,100
169,726785.1395207391,869992.6987053725,0,2917.5927045785684,-117.2758632524802,False,2662.4920668320674,True,100,0,100
170,726718.0284918126,870114.1139461629,0,3022.9699747244767,-117.81518417680473,False,2353.5805086494884,True,100,0,100
171,726731.555337835,870169.496620405,0,3031.070837320305,-117.85586301418124,False,2331.779516181377,True,100,0,100
172,726810.0078672724,870242.0681904727,0,2987.8158086433705,-117.6373837280764,False,2451.270350221976,True,100,0,100
173,726707.8237298896,870365.9341346761,0,3132.707321115482,-118.3571937708531,False,2079.0233940535777,True,100,0,100
174,726669.821243795,870298.5389866788,0,3138.8282146860415,-118.38686417280823,False,2064.9489328587065,True,100,0,100
175,726696.6399190372,870157.0579921826,0,3058.7002626535996,-117.99379221330165,False,2259.3419780611466,True,100,0,100
176,726710.1143367371,870270.804636207,0,3090.7233619344665,-118.15210472051334,False,2178.9522751303807,True,100,0,100
177,726758.9595771093,870442.6723427945,0,3121.0607351282115,-118.3005777006605,False,2106.144976042146,True,100,0,100
178,726857.4075906273,870581.9652513991,0,3101.9534168052255,-118.20723450473547,False,2151.630560793948,True,100,0,100
179,726717.4326625996,870479.128877985,0,3174.7022502198333,-118.55960499359117,False,1984.8689597192922,True,100,0,100
180,726649.5535553992,870506.3449711959,0,3247.486369079192,-118.90415678981049,False,1834.2492272029708,True,100,0,100
181,726765.753686663,870712.8525339975,0,3247.901723522421,-118.90610078912633,False,1833.4325185739385,True,100,0,100
182,726769.6586135648,870850.9945910093,0,3319.031899855795,-119.23539992808448,False,1700.183222254846,True,100,0,100
183,726854.8531025866,871058.2439598055,0,3370.0293925046985,-119.46717910412968,False,1612.2184646761025,True,100,0,100
184,726830.8603602261,870839.3806848272,0,3261.7290740500503,-118.97067596821614,False,1806.5079906586316,True,100,0,100
185,726860.1474956733,871273.1898662094,0,3500.595639458674,-120.04496816146889,False,1412.1674830960371,True,100,0,100
186,726722.1244159713,871126.4761731667,0,3517.0288038412264,-120.1161573794162,False,1389.2962411018434,True,100,0,100
187,726949.5830119688,867562.8997872644,0,2962.9130078395838,-117.5101615220364,False,2523.632430877064,True,100,0,100
188,727116.2052426117,867443.2207975235,0,2882.1905416511795,-117.09029410241591,False,2777.8321814525816,True,100,0,100
189,727143.8994666196,867773.3069857786,0,2691.931239440538,-116.0522386846772,False,3520.5829603480015,True,100,0,100
190,727114.5130940306,867676.0943029801,0,2763.7444751257485,-116.45242605933417,False,3213.415341682919,True,100,0,100
191,727193.646456603,867976.8991318521,0,2558.8807278163276,-115.28175151990685,False,4196.111130933636,True,100,0,100
192,726990.1992258994,867976.4314303888,0,2746.3146395208532,-116.35626021863852,False,3284.7123166394686,True,100,0,100
193,726938.8579778041,867920.7308354431,0,2815.067054259824,-116.73210604373783,False,3014.6637162169995,True,100,0,100
194,726995.6615691485,868310.2561381353,0,2633.214634061539,-115.71701910047541,False,3800.1329473152614,True,100,0,100
195,726999.2175514672,868485.2513632199,0,2588.518795568745,-115.45679629791447,False,4032.186757336644,True,100,0,100
196,727009.120898941,868421.1020478271,0,2592.714447230055,-115.48141406890015,False,4009.6466646085205,True,100,0,100
197,727003.2653112056,868506.0124766148,0,2580.396416609295,-115.40902505415309,False,4076.284294818262,True,100,0,100
198,727028.7348837662,868779.8607188206,0,2515.4509999418724,-115.02155516467174,False,4452.0213578084185,True,100,0,100
199,726918.3084960171,868675.5377351897,0,2636.7367391443963,-115.73733696766459,False,3782.5807920021634,True,100,0,100
200,726974.3183830613,868748.8195489611,0,2572.640971558193,-115.3632713656812,False,4118.966364730033,True,100,0,100
201,726999.8686536715,869055.5695388819,0,2533.8399606737253,-115.13227133613199,False,4341.296911151294,True,100,0,100
202,727143.6182022293,869047.3131955585,0,2389.979294488124,-114.24379484636572,False,5312.422050298951,True,100,0,100
203,726998.3840453777,869107.7724087689,0,2536.736497886921,-115.14963751121684,False,4324.178045202127,True,100,0,100
204,727028.9530162843,869281.2133058032,0,2518.713252759849,-115.04125545586675,False,4432.117596349319,True,100,0,100
205,727141.5663093006,869133.1019100106,0,2394.795908403895,-114.27439776132147,False,5275.659554929538,True,100,0,100
206,727186.4521631305,869161.7111325457,0,2351.602447654857,-113.99773662427599,False,5617.323056927114,True,100,0,100
207,727137.8245213192,869444.9073490218,0,2434.1399024329107,-114.5220937505473,False,4987.192813326592,True,100,0,100
208,727112.6597932142,869467.5457335109,0,2462.986129970798,-114.70116881579217,False,4788.385660886918,True,100,0,100
209,727022.1491591558,869453.2361893746,0,2549.487733469018,-115.22585243648469,False,4249.833826415345,True,100,0,100
210,726997.9381090933,869320.7024681281,0,2554.009157375537,-115.25278575311226,False,4223.864809241204,True,100,0,100
211,727135.3600513414,869371.68619806,0,2424.6592489521263,-114.46277496802365,False,5054.8261184664525,True,100,0,100
212,726973.5029309625,869468.8107994446,0,2600.1016714850407,-115.52466156650027,False,3970.3504821450642,True,100,0,100
213,727143.5236491648,869526.1915492355,0,2444.294399607897,-114.58537294485362,False,4916.027720531607,True,100,0,100
214,726983.3371688836,869670.1664547825,0,2633.316082618038,-115.71760470389181,False,3799.6259313546007,True,100,0,100
215,727036.1387254677,869527.2960697867,0,2549.608688780077,-115.22657356732567,False,4249.13646288642,True,100,0,100
216,726943.5346701582,869684.4152788391,0,2675.4178233536004,-115.95870655885497,False,3596.4673405223007,True,100,0,100
217,726991.7293550713,869681.4717659539,0,2628.042772282642,-115.68713502320603,False,3826.09567674072,True,100,0,100
218,726955.2491407263,869946.067924489,0,2741.733445372822,-116.33088304556608,False,3303.786835551415,True,100,0,100
219,727155.967836442,869790.4642788265,0,2501.25962941866,-114.93555707622477,False,4539.946506109894,True,100,0,100
220,727175.4377362038,869902.8919665576,0,2520.2272620089916,-115.05038967994062,False,4422.918880603984,True,100,0,100
221,726924.9578233954,869868.7680953172,0,2745.1670365727773,-116.34990713644518,False,3289.4772877578957,True,100,0,100
222,727163.4123952652,870107.9754820452,0,2610.6387792447404,-115.58613747046076,False,3915.1460747148917,True,100,0,100
223,727080.680205514,870134.6485471088,0,2696.9502299389897,-116.08055261892477,False,3497.925536072618,True,100,0,100
224,727135.60435393,870128.8150458428,0,2644.633041855101,-115.78278968873012,False,3743.605143862723,True,100,0,100
225,727049.9849290466,870004.1772468596,0,2673.8377822176376,-115.94972695025224,False,3603.837315598383,True,100,0,100
226,727075.0282743819,870020.2222469473,0,2656.635864614948,-115.85162109652927,False,3685.3377547192185,True,100,0,100
227,727149.3273914197,870477.8300483561,0,2798.0527563455703,-116.63995645483926,False,3078.764220184951,True,100,0,100
228,727080.0977926429,870419.0818824338,0,2827.601352313927,-116.79963632424564,False,2968.5307301760995,True,100,0,100
229,726974.5803184198,870350.4194686756,0,2887.181981125838,-117.11659555213213,False,2761.1878458522006,True,100,0,100
230,726984.6256553886,870675.227432946,0,3042.823965004074,-117.91468898210657,False,2300.6073421239857,True,100,0,100
231,727126.6817487519,870601.1204612881,0,2883.3955907319764,-117.09664805001587,False,2773.80211723133,True,100,0,100
232,727074.9417278174,870665.8411269927,0,2962.3365418194794,-117.50720385405704,False,2525.339699393277,True,100,0,100
233,726981.3443805327,870908.3073971695,0,3178.784760878238,-118.57913928184144,False,1976.0098187657427,True,100,0,100
234,726955.3765617724,870893.8704709288,0,3191.1397059513843,-118.63810362055762,False,1949.5062674449005,True,100,0,100
235,727146.2776883144,870781.7886342795,0,2970.941589388828,-117.55129396831438,False,2500.007825513825,True,100,0,100
236,726929.8134279758,870837.0045781416,0,3178.860672913832,-118.57950227353324,False,1975.8455684020346,True,100,0,100
237,727068.2529561068,870922.3859548188,0,3118.0451551872934,-118.28588401061643,False,2113.2412045088477,True,100,0,100
238,726992.4670974443,871087.9046734114,0,3280.4024553167806,-119.05744948998233,False,1770.9464366789305,True,100,0,100
239,727122.8189072503,871092.0683749862,0,3183.2230933814785,-118.60034768916046,False,1966.4359559199702,True,100,0,100
240,727118.6995136241,871111.961672788,0,3199.3590226901215,-118.67720423253171,False,1932.1264216871677,True,100,0,100
241,726956.3242086841,871132.7846290119,0,3336.805015648899,-119.31657903736368,False,1668.843497074904,True,100,0,100
242,727273.7581477396,867485.1989260081,0,2727.664163948149,-116.2526814292172,False,3363.2592661727717,True,100,0,100
243,727448.7389811433,867445.9048886406,0,2607.9906406060586,-115.57071099728175,False,3928.9270352408844,True,100,0,100
244,727313.6752928869,867484.804230724,0,2694.9134175163204,-116.06906858395975,False,3507.0978502997955,True,100,0,100
245,727408.7984730755,867552.8483323599,0,2577.9783760477367,-115.39477445673778,False,4089.531092690957,True,100,0,100
246,727237.7778288246,867808.9207296446,0,2592.225751337121,-115.47854872146138,False,4012.2637630354216,True,100,0,100
247,727244.1882068007,867950.758136837,0,2523.6433535973774,-115.07097928357031,False,4402.253014118639,True,100,0,100
248,727417.8118949321,867934.8388902,0,2374.466378805818,-114.14481086031012,False,5433.065967308002,True,100,0,100
249,727396.2996284821,867984.7454589963,0,2371.5907396438283,-114.12639110599284,False,5455.812373217176,True,100,0,100
250,727407.8862961956,868288.4909910036,0,2245.577495119104,-113.29648165222008,False,6583.918398265829,True,100,0,100
251,727351.7244413227,868414.5972304338,0,2262.2263013263737,-113.40876165615067,False,6418.837928697029,True,100,0,100
252,727467.4178141191,868286.0405062351,0,2190.1267109213018,-112.91642346651368,False,7174.224129490997,True,100,0,100
253,727269.3215362608,868460.4233980309,0,2330.504604017109,-113.86074878332359,False,5794.470467670957,True,100,0,100
254,727361.0369640671,868247.4568990954,0,2303.2835365354495,-113.68215911709497,False,6033.691418692311,True,100,0,100
255,727410.1167767383,868386.9793209295,0,2213.6207109387647,-113.07861233147099,False,6916.219142148584,True,100,0,100
256,727242.432761988,868307.472223981,0,2397.11876147882,-114.28913428512995,False,5258.046485353577,True,100,0,100
257,727339.623511524,868495.2040408349,0,2254.025152533234,-113.3535565301239,False,6499.489241571418,True,100,0,100
258,727280.8131768929,868507.9170657035,0,2308.486568634797,-113.71645732203538,False,5987.007471039369,True,100,0,100
259,727266.4006683117,868605.9369730166,0,2303.2206708989424,-113.68174423547397,False,6034.258307666343,True,100,0,100
260,727485.9457916166,868549.949764269,0,2099.131287837031,-112.27138606644054,False,8296.924720207891,True,100,0,100
261,727304.310743778,868865.0131658405,0,2233.9530238259936,-113.21759127444415,False,6702.39382435071,True,100,0,100
262,727331.8432578814,868721.414490733,0,2220.743957293502,-113.12744711693058,False,6840.332681415073,True,100,0,100
263,727332.7572331331,868937.8914028803,0,2201.8786666383453,-112.99776843044135,False,7043.664890086979,True,100,0,100
264,727338.7114456119,868688.3019042887,0,2218.5403876229025,-113.11235687474576,False,6863.694420877844,True,100,0,100
265,727352.2553143322,868990.8806102569,0,2181.2096971223496,-112.85440969249697,False,7275.347470787883,True,100,0,100
266,727290.4388679091,869094.7967656734,0,2244.401801639329,-113.28852130278372,False,6595.7791536431105,True,100,0,100
267,727381.4520928238,869114.5128730373,0,2154.2898473717046,-112.66564471557008,False,7591.831065263472,True,100,0,100
268,727341.2642256339,869156.3165203946,0,2196.7633823879387,-112.96241482607856,False,7100.118947416172,True,100,0,100
269,727331.2599345829,869247.9258475066,0,2214.580754133343,-113.08520324722157,False,6905.9292283037,True,100,0,100
270,727231.7467601022,869270.2770532282,0,2315.932514182128,-113.76540649944045,False,5920.996506559431,True,100,0,100
271,727386.9727064741,869185.2092859714,0,2153.2712406619876,-112.65845589826199,False,7604.146646858513,True,100,0,100
272,727311.3498022899,869412.3177324653,0,2257.585892582114,-113.3775498895301,False,6464.3148531337365,True,100,0,100
273,727268.4700791647,869550.0765607596,0,2327.6743792986463,-113.8422779217831,False,5818.77306251026,True,100,0,100
274,727248.4392827066,869437.1294961955,0,2323.9307646123593,-113.81781148383443,False,5851.118657151849,True,100,0,100
275,727446.5331665877,869695.0445233735,0,2195.428023579444,-112.95317212128023,False,7114.951073466139,True,100,0,100
276,727409.4761544049,869830.4715568369,0,2275.7408308160893,-113.49929805570318,False,6288.693093673238,True,100,0,100
277,727217.2794504382,869721.1710007958,0,2421.90035336538,-114.44546946989622,False,5074.727132826399,True,100,0,100
278,727229.0034790641,869996.806489935,0,2505.5463313319083,-114.96158532695355,False,4513.155579753931,True,100,0,100
279,727292.5239886974,870048.4923512257,0,2468.483855449312,-114.7350601906597,False,4751.649672289432,True,100,0,100
280,727268.3217364096,869896.4164511304,0,2431.1860582456147,-114.50363688086887,False,5008.14052081401,True,100,0,100
281,727361.8336606873,870138.0542377062,0,2445.625590330352,-114.59364895264956,False,4906.794733070948,True,100,0,100
282,727411.1248233436,870181.8291012199,0,2422.777166891312,-114.4509715223027,False,5068.391508598447,True,100,0,100
283,727398.53401519,870126.6889654897,0,2407.8201942395394,-114.35684183868315,False,5177.864489539744,True,100,0,100
284,727261.6958059843,870373.8371417886,0,2648.0394092080523,-115.80235554574968,False,3726.950061803468,True,100,0,100
285,727285.7455333786,870280.1128819574,0,2580.142615932709,-115.40752992035182,False,4077.672118238459,True,100,0,100
286,727403.2254859087,870173.5200581,0,2425.713598563044,-114.46938330036713,False,5047.246974837807,True,100,0,100
287,727419.4180440357,870519.9307105936,0,2596.0257843491813,-115.5008150583258,False,3991.970903774884,True,100,0,100
288,727252.3447867924,870564.1096760344,0,2758.391203525086,-116.42295507155121,False,3235.100466328069,True,100,0,100
289,727451.6023958186,870573.3502957581,0,2601.568761915413,-115.5332358218744,False,3962.604979156125,True,100,0,100
290,727235.7744825205,870526.04709185,0,2750.993656946053,-116.38213561584625,False,3265.375676073784,True,100,0,100
291,727194.9869020876,870730.0266593784,0,2901.0163607662917,-117.1892562330043,False,2715.7186444958784,True,100,0,100
292,727425.3861930447,870792.6708878767,0,2758.714130178893,-116.42473447721487,False,3233.7870530029377,True,100,0,100
293,727451.1782729579,870656.078935145,0,2652.344241685019,-115.8270461316984,False,3706.037274066293,True,100,0,100
294,727468.462762544,870927.2324483118,0,2815.633180541648,-116.73516260611166,False,3012.5603612140103,True,100,0,100
295,727237.1497555402,871020.9813877434,0,3050.28817126266,-117.95193047048353,False,2281.087301468675,True,100,0,100
296,727400.9830821132,870921.2161113264,0,2861.4722710072506,-116.98063396124827,False,2848.3079182253855,True,100,0,100
297,727253.4615155308,871046.363291942,0,3054.8628972946544,-117.9747103335044,False,2269.228503226543,True,100,0,100
298,727602.0028575173,867443.453246305,0,2488.735315005017,-114.85925486579887,False,4619.3927559462045,True,100,0,100
299,727654.280534676,867739.1135730019,0,2270.2141697162665,-113.46233905103075,False,6341.504980910064,True,100,0,100
300,727635.6149543351,867785.9242823027,0,2259.931512330957,-113.39333472884918,False,6441.276229302776,True,100,0,100
301,727638.150560378,868097.2506694181,0,2104.8781788420392,-112.31294380407674,False,8219.683465518028,True,100,0,100
302,727639.9715739844,868106.6601047107,0,2099.158631548153,-112.27158406743995,False,8296.555029465062,True,100,0,100
303,727562.898705876,868049.0293632721,0,2193.640594387069,-112.94079160227115,False,7134.866176742633,True,100,0,100
304,727593.724814965,868125.4647160888,0,2133.071831009835,-112.5151918183708,False,7853.699032264558,True,100,0,100
305,727613.610190217,868117.5258475523,0,2118.3499713845163,-112.40991989344842,False,8042.162556122435,True,100,0,100
306,727561.8396984412,868139.8757186617,0,2156.2299803938517,-112.6793278073866,False,7568.443702869304,True,100,0,100
307,727613.9132024297,868119.0325717101,0,2117.438754725605,-112.40338001436251,False,8054.015419418276,True,100,0,100
308,727523.973786516,868467.7394971498,0,2082.0628236751836,-112.14728403852122,False,8531.832022157285,True,100,0,100
309,727751.3110531118,868427.6504751734,0,1875.7359194947117,-110.56100932622256,True,12168.821111499394,True,100,85,15
310,727496.1973065209,868470.0210035498,0,2108.2933644840987,-112.33758646607225,False,8174.21380523131,True,100,0,100
311,727701.6524201317,868444.6044427542,0,1917.8831496609234,-110.89877502250862,True,11286.16208788133,True,100,85,15
312,727730.1988252338,868478.8586893915,0,1880.6229011479722,-110.60056021379114,True,12062.111744991073,True,100,85,15
313,727723.1925086172,868595.9905385197,0,1857.5877682371693,-110.41322699382,True,12575.673117984637,True,100,85,15
314,727738.2190846758,868674.7877079508,0,1826.7284728587629,-110.15858993314761,True,13307.698651682347,True,100,85,15
315,727732.0136310008,868652.8059756288,0,1837.0111219305174,-110.2439124991437,True,13057.952635582042,True,100,85,15
316,727543.2839988288,868968.0847690435,0,1990.5765079539226,-111.46426060333981,True,9945.528044252807,True,100,85,15
317,727627.4141324264,869013.3762937783,0,1905.9380458300616,-110.80380727944734,True,11527.866754126855,True,100,85,15
318,727765.3068538005,869181.0387125534,0,1776.006202882533,-109.73055673920283,True,14631.591650746339,True,100,85,15
319,727681.1960001793,869053.2607398338,0,1852.5921835379463,-110.37229395699619,True,12690.667349159352,True,100,85,15
320,727594.7071620646,869211.6663542907,0,1948.790738727922,-111.14178224683664,True,10689.832601815453,True,100,85,15
321,727690.4035317482,869310.8349745936,0,1866.848747271081,-110.48881964400354,True,12365.948103284445,True,100,85,15
322,727547.9849046684,869436.5784498238,0,2030.03532824279,-111.7626258567451,False,9301.932415369316,True,100,0,100
323,727729.642640149,869497.1133121728,0,1867.5296467277174,-110.4943626713612,True,12350.70314070636,True,100,85,15
324,727615.3747616436,869522.7220820358,0,1984.5361222374588,-111.41806528980112,True,10048.972716669441,True,100,85,15
325,727701.9993087195,869396.3748682862,0,1871.0362613984603,-110.52287715311654,True,12272.566427653892,True,100,85,15
326,727739.8650754726,869673.3989801201,0,1911.1859371548198,-110.84560293982071,True,11420.880114683121,True,100,85,15
327,727708.6249607409,869550.1309167376,0,1902.1211621564535,-110.77333620776844,True,11606.476276533811,True,100,85,15
328,727705.1859821541,869681.4679678029,0,1946.5222413765857,-111.12407796482351,True,10732.225306006658,True,100,85,15
329,727563.2700641918,869775.5042042556,0,2112.4703548631605,-112.36767180630427,False,8119.03477102501,True,100,0,100
330,727566.4102331053,869527.2683675087,0,2033.0424464912749,-111.78512561236941,False,9255.078478808082,True,100,0,100
331,727512.3748630794,869707.6849265143,0,2137.0167532970986,-112.54327744011245,False,7804.153141259301,True,100,0,100
332,727696.9271872604,869953.3283653519,0,2063.139471742127,-112.0085005804271,False,8802.224663721601,True,100,0,100
333,727676.7784549227,869993.3946615506,0,2099.5010017622258,-112.27406301681043,False,8291.927906665018,True,100,0,100
334,727688.309842502,869889.9692796693,0,2042.8253397935155,-111.8580932715736,False,9104.70632417572,True,100,0,100
335,727538.0859961112,869944.7264129978,0,2202.0610168069907,-112.99902720268685,False,7041.662967892563,True,100,0,100
336,727689.9844309577,869999.2163578253,0,2090.5720098188913,-112.20927960009266,False,8413.682517814266,True,100,0,100
337,727640.8824175418,869928.2532997992,0,2102.1427518687756,-112.29317716352558,False,8256.33467649693,True,100,0,100
338,727583.4532500969,869956.4664687524,0,2166.1266507599853,-112.74893459934789,False,7450.558661940346,True,100,0,100
339,727684.2141065334,869925.2144598463,0,2061.873177791398,-111.99916821765666,False,8820.704085412011,True,100,0,100
340,727524.0842403693,870131.1337054879,0,2299.396966532746,-113.65648839295861,False,6068.866384562821,True,100,0,100
341,727583.9788615166,870192.780239884,0,2278.54669210406,-113.51802764086173,False,6262.095043831606,True,100,0,100
342,727626.7565978436,870138.746059197,0,2214.1037990506325,-113.0819291988852,False,6911.03888154073,True,100,0,100
343,727672.3215693072,870080.0200481728,0,2145.1852003267245,-112.60126772334321,False,7702.818209594203,True,100,0,100
344,727514.4740381961,870205.966607194,0,2344.967747087776,-113.95479058174182,False,5672.277747155112,True,100,0,100
345,727728.8002616668,870402.2213749866,0,2277.3124668311907,-113.50979182728864,False,6273.777149906284,True,100,0,100
346,727653.912044792,870238.7239662615,0,2243.774813328615,-113.28427440449775,False,6602.115522978516,True,100,0,100
347,727653.353677037,870507.8348617986,0,2401.8158734989297,-114.3188898756196,False,5222.659103903138,True,100,0,100
348,727585.0486142586,870317.1444736861,0,2344.4615008390056,-113.95150869051182,False,5676.499027366228,True,100,0,100
349,727601.7567635401,870613.6391447987,0,2508.562495297286,-114.9798723745422,False,4494.426128119979,True,100,0,100
350,727691.0431492497,870679.5709352186,0,2484.216462302187,-114.83163023972187,False,4648.492788783961,True,100,0,100
351,727724.7776721475,870522.3105730037,0,2355.578913913408,-114.02341803194228,False,5584.711361966464,True,100,0,100
352,727648.4826055034,870626.0135054553,0,2480.7908913260903,-114.81065555244207,False,4670.7085107157,True,100,0,100
353,727574.8895786797,870924.1614696322,0,2736.393682862043,-116.30125027050826,False,3326.1989815513566,True,100,0,100
354,727692.4385902869,870865.9816315223,0,2611.943387824869,-115.5937315879057,False,3908.3795809058156,True,100,0,100
355,727595.5720434721,870802.9571498911,0,2637.9332114097815,-115.74423284781392,False,3776.6418471943293,True,100,0,100
356,727511.8433219148,870923.0709811542,0,2781.115931989186,-116.54766825464749,False,3144.315325057633,True,100,0,100
357,727686.230580477,870736.0405903922,0,2525.96307972432,-115.08494494680448,False,4388.289944189193,True,100,0,100
358,727722.1351992978,871068.6854881535,0,2739.720118488573,-116.3197169607008,False,3312.2144532178513,True,100,0,100
359,727540.5156987488,871079.5627459337,0,2870.852463150469,-117.0303805938698,False,2816.119849170522,True,100,0,100
360,727654.4392135532,871056.1344679373,0,2775.6856209367106,-116.51795964624448,False,3165.709915339102,True,100,0,100
361,727661.2161020491,871060.3710565497,0,2774.2277178820523,-116.50997372899877,False,3171.485523147824,True,100,0,100
362,727727.5722336975,871021.9946841807,0,2701.2263588983133,-116.1046342638686,False,3478.768565820007,True,100,0,100
363,727900.5402611316,867379.5819216082,0,2309.622144816611,-113.72393272283381,False,5976.879806240107,True,100,0,100
364,728048.0555073967,867602.3129032502,0,2048.4966847641554,-111.90023429034375,False,9018.949727680221,True,100,0,100
365,727903.523398814,867728.7753797022,0,2075.030522388925,-112.0958571252457,False,8631.068189167074,True,100,0,100
366,727786.0241299707,867827.1450426459,0,2111.7695580122513,-112.36262837718927,False,8128.259369799688,True,100,0,100
367,727955.1045426336,867871.1909070802,0,1948.0120428284586,-111.13570730927952,True,10704.360622210332,True,100,85,15
368,727938.43140407,867851.6244220409,0,1972.999118153944,-111.32944118994243,True,10250.36435237512,True,100,85,15
369,727932.2738617797,867772.7143525006,0,2025.3224807107201,-111.7272964163715,False,9375.969898077703,True,100,0,100
370,727953.0143623542,868222.1106148683,0,1767.2245402123508,-109.65521067772413,True,14877.371066054948,True,100,85,15
371,727919.564304982,868204.8927889183,0,1804.8434502315336,-109.97538382083015,True,13859.599241016924,True,100,85,15
372,727822.7144356744,868186.8676827129,0,1899.7078425720322,-110.75403854702049,True,11656.528696160662,True,100,85,15
373,727835.4609947382,867977.7647065003,0,1988.640038507342,-111.44946626791935,True,9978.543598667915,True,100,85,15
374,727913.4036480738,868250.1582765353,0,1790.6048729559307,-109.85499167169512,True,14234.196986773266,True,100,85,15
375,728044.8343796865,868312.5404931117,0,1645.1216492016886,-108.56693061455543,True,18898.887700735962,True,100,85,15
376,727868.8443418341,868265.3375383226,0,1824.7433998041674,-110.14206305105334,True,13356.603482621731,True,100,85,15
377,728038.7519597291,868357.5994397595,0,1632.0140868025453,-108.44533660731892,True,19407.61783430612,True,100,85,15
378,727877.0364135962,868302.0529380757,0,1802.4776164057057,-109.95544580885966,True,13920.97400675901,True,100,85,15
379,727860.3409463142,868576.6892801243,0,1728.9863186111666,-109.32270448573742,True,16010.0775311764,True,100,85,15
380,727903.2497098099,868572.5452506951,0,1688.577827826517,-108.96323788376172,True,17327.249639177055,True,100,85,15
381,727833.5012933089,868651.864350872,0,1737.8036966320649,-109.40002508495809,True,15739.535762782045,True,100,85,15
382,727900.4816871019,868760.4471323121,0,1652.2965012030234,-108.63307941296985,True,18627.469092048468,True,100,85,15
383,727782.2193538328,868799.0912499513,0,1764.1577382791504,-109.62880949058166,True,14964.425370305567,True,100,85,15
384,727872.0322961176,868872.2036917083,0,1667.2812243782087,-108.77031008295145,True,18076.148404827436,True,100,85,15
385,727801.7961342887,868815.7803527225,0,1742.7590271190618,-109.44330693384187,True,15590.009769133047,True,100,85,15
386,727744.9753324469,869064.2493496937,0,1789.1090213549055,-109.842288195743,True,14274.286551075647,True,100,85,15
387,727816.0944241347,869059.5005190374,0,1717.8853286218246,-109.22479597330428,True,16359.03982104929,True,100,85,15
388,727812.3745090136,869089.0099065513,0,1722.6523404510328,-109.26691734849514,True,16208.030364091772,True,100,85,15
389,727854.5495938173,869081.4318960749,0,1680.1938967596568,-108.88757909860756,True,17617.348959132247,True,100,85,15
390,727854.283064063,869020.246199886,0,1679.0844291884316,-108.87753869914192,True,17656.192772795785,True,100,85,15
391,727808.8711599407,869048.4102585163,0,1724.8430964031354,-109.2862358177051,True,16139.218126599915,True,100,85,15
392,727814.4675652438,869307.4741748328,0,1743.9147574729363,-109.45338384826672,True,15555.392678325012,True,100,85,15
393,728011.7390251291,869274.0322050907,0,1543.8291188358278,-107.60097298312543,True,23313.758866553406,True,100,85,15
394,727826.7680051611,869234.0287403899,0,1720.829072627422,-109.25082071274531,True,16265.580529617848,True,100,85,15
395,727874.5869673175,869352.9601759459,0,1693.2300517700937,-109.00505887341019,True,17168.85374309682,True,100,85,15
396,728035.1938232199,869259.6639602592,0,1518.3173239009957,-107.34768915648873,True,24622.381184277405,True,100,85,15
397,727832.3857941322,869641.2191184018,0,1813.245495383775,-110.04598125285479,True,13644.366879087147,True,100,85,15
398,727938.7448304491,869544.9165015115,0,1680.9623326822045,-108.89452936288342,True,17590.50777334435,True,100,85,15
399,727865.2568365869,869647.650482968,0,1784.7228763694493,-109.80497766456934,True,14392.659172439779,True,100,85,15
400,728021.2477723355,869523.802855207,0,1596.0290759727902,-108.10642796260952,True,20894.835822959576,True,100,85,15
401,727902.7847499213,869631.7660954546,0,1744.000072139318,-109.45412744962906,True,15552.841112321228,True,100,85,15
402,727782.453890044,869736.093148637,0,1894.3095742561095,-110.71078340013624,True,11769.47993466011,True,100,85,15
403,727840.5261387747,869817.3840118896,0,1874.1885396132514,-110.54846472665588,True,12202.856997987536,True,100,85,15
404,727922.2945953973,869807.5021683514,0,1796.28245008108,-109.90311193802296,True,14083.318400782413,True,100,85,15
405,727848.0175994086,869831.7717987971,0,1873.6667157720617,-110.54423196843703,True,12214.362024487764,True,100,85,15
406,727882.3938466675,869676.5954369989,0,1779.3062605108012,-109.75877473891428,True,14540.551306653657,True,100,85,15
407,727894.8003066776,869904.9520707013,0,1865.558283185929,-110.47830875882076,True,12394.90607761326,True,100,85,15
408,727833.2781892337,869979.8385998253,0,1955.7339022569406,-111.19584174816497,True,10561.391256003142,True,100,85,15
409,727933.5256978804,869914.4296840593,0,1836.2722874915228,-110.23779780060507,True,13075.69950522687,True,100,85,15
410,727956.1697973559,869963.1945964578,0,1841.2612482364452,-110.27903945349689,True,12956.45174488169,True,100,85,15
411,727780.0082102029,869982.4630494738,0,2003.4819590852476,-111.56249026209854,False,9728.995051901251,True,100,0,100
412,728014.6516100374,869951.0878765825,0,1785.0296642637556,-109.80759032194253,True,14384.339555160735,True,100,85,15
413,727821.4066022633,869949.2511391974,0,1951.203402162763,-111.16058905932351,True,10644.977945196424,True,100,85,15
414,727799.6775703419,870059.9746901715,0,2025.2504167217157,-111.72675555720183,False,9377.107789657606,True,100,0,100
415,727989.0903830042,870334.7469262833,0,2032.628142647429,-111.78202770000973,False,9261.515953137334,True,100,0,100
416,728025.3126291356,870265.743465281,0,1960.4531929396508,-111.23247671965667,True,10475.202447717404,True,100,85,15
417,727818.5095062483,870141.6297082001,0,2052.8844964864306,-111.9327580218136,False,8953.30327620688,True,100,0,100
418,727810.0042747026,870349.4735843752,0,2180.8038280560386,-112.85158102892782,False,7279.993218618997,True,100,0,100
419,727865.2268931443,870351.5362868166,0,2138.7231645107177,-112.55541006555896,False,7782.84467548767,True,100,0,100
420,727964.592716499,870485.2036392806,0,2151.322105326472,-112.64469039017891,False,7627.7837517129365,True,100,0,100
421,727952.4034595784,870473.6179041696,0,2152.3480448015225,-112.65193750466435,False,7615.330594244387,True,100,0,100
422,727960.0244204836,870359.190828212,0,2070.6048259837366,-112.0634027662101,False,8694.272907655652,True,100,0,100
423,727918.9934176832,870570.443337826,0,2243.1159584531765,-113.27981037946635,False,6608.782287808979,True,100,0,100
424,727922.7979771978,870481.7895031786,0,2179.684588245296,-112.84377787142343,False,7292.824065036192,True,100,0,100
425,727991.3778198885,870449.2705427692,0,2107.2161599573565,-112.32981808617603,False,8188.521110065872,True,100,0,100
426,727809.5399596978,870452.3168099181,0,2245.6542401145844,-113.2970011299717,False,6583.145115502586,True,100,0,100
427,728012.3350077842,870676.6877909973,0,2254.1341803952514,-113.35429175567279,False,6498.408610654408,True,100,0,100
428,727926.8143118477,870771.1105217808,0,2381.527683620363,-114.18994719879983,False,5377.721637728938,True,100,0,100
429,727817.5415121265,870764.1288802144,0,2451.574420432095,-114.63057784561762,False,4865.803676186252,True,100,0,100
430,727957.5987327712,870793.8081415069,0,2377.8206441025955,-114.16626826389036,False,5406.686165198213,True,100,0,100
431,727991.3739433973,871019.4158184723,0,2530.4396208397316,-115.11185926532795,False,4361.503916658937,True,100,0,100
432,727874.2099353676,871059.6387308487,0,2634.615890007814,-115.72510573909716,False,3793.1374452613622,True,100,0,100
433,727815.3421410779,870982.183077953,0,2613.2296047510663,-115.60121493530792,False,3901.7231017773834,True,100,0,100
434,727892.2872547838,870901.3439757386,0,2501.73473520821,-114.93844404882184,False,4536.967213489915,True,100,0,100
435,727893.0973601289,871217.4518203163,0,2747.67897604368,-116.3638096756251,False,3279.058926624152,True,100,0,100
436,727775.0284375974,871196.6004730067,0,2803.4821793460233,-116.66942299303214,False,3058.1212744276577,True,100,0,100
437,727830.6613687713,871163.4998436809,0,2742.901577344514,-116.33735784821944,False,3298.9097055347916,True,100,0,100
438,727862.2577530657,871093.3031070076,0,2668.319839361181,-115.91832598440273,False,3629.7272807844183,True,100,0,100
439,728293.7580531585,867534.6964559703,0,1929.2948654557633,-110.9889512971813,True,11061.202203454954,True,100,85,15
440,728166.0859816764,867573.989514985,0,1985.035596749821,-111.42189047117458,True,10040.367446240258,True,100,85,15
441,728069.8278315158,867651.8109594224,0,1998.7312670741267,-111.52640422358284,True,9808.003054175244,True,100,85,15
442,728267.6837698155,867687.179315536,0,1833.002919352169,-110.21071048263201,True,13154.595891234394,True,100,85,15
443,728213.4687812523,867999.393615278,0,1664.220460454505,-108.74237999713556,True,18187.08465061616,True,100,85,15
444,728309.3872918027,868215.9436481593,0,1460.6500890541527,-106.75911663314325,True,27932.199270588317,True,100,85,15
445,728230.8396736616,868211.064269516,0,1529.6242089191387,-107.46046619537704,True,24031.445626090066,True,100,85,15
446,728228.2882497065,868096.924570653,0,1594.5257172444362,-108.09210348478433,True,20960.00682669134,True,100,85,15
447,728162.0174650048,868172.4119588712,0,1608.497110718652,-108.22470997962891,True,20363.957743273833,True,100,85,15
448,728136.4256967361,868154.0123958474,0,1639.9334249732904,-108.51891761985465,True,19098.237460098102,True,100,85,15
449,728149.3277836398,868321.1903056568,0,1547.326557059627,-107.63536928179676,True,23141.151760530007,True,100,85,15
450,728141.1767676227,868397.952806634,0,1522.011872060535,-107.38463140173991,True,24427.330692391435,True,100,85,15
451,728171.4253382883,868338.1692025911,0,1519.978381214608,-107.36430938431113,True,24534.449209800307,True,100,85,15
452,728171.3546108159,868498.4902605454,0,1455.963084573728,-106.71026273070596,True,28224.69069810774,True,100,85,15
453,728148.1630860794,868484.7018179741,0,1482.5385484429453,-106.98520980941156,True,26614.736368948816,True,100,85,15
454,728114.8658252587,868781.3038819411,0,1437.2955494597807,-106.5141128280266,True,29427.744962989174,True,100,85,15
455,728212.0719527503,869049.172957864,0,1321.7733808484925,-105.24049504829682,True,38451.43409547243,True,100,85,15
456,728118.8537105481,868900.5354392503,0,1418.967804239866,-106.31903895659596,True,30670.86043432891,True,100,85,15
457,728144.0752737276,868842.1558974779,0,1399.7505170858963,-106.11177228103622,True,32044.31006138185,True,100,85,15
458,728072.9705299096,868886.1356147197,0,1465.887632321327,-106.81352382516698,True,27609.759851976945,True,100,85,15
459,728122.3039220246,869011.6958448641,0,1411.0488995091034,-106.23397225295754,True,31227.895487424128,True,100,85,15
460,728101.6358971621,869252.0753721899,0,1451.5286846817621,-106.66389679281855,True,28504.90099963656,True,100,85,15
461,728115.4727361967,869173.9120754262,0,1426.973217116131,-106.40455376687945,True,30120.091815034273,True,100,85,15
462,728225.5418702103,869069.4209897445,0,1309.0237937842664,-105.09316392380306,True,39642.394962510916,True,100,85,15
463,728075.261477006,869245.6558456623,0,1476.5246691058483,-106.92342475750692,True,26968.924793515027,True,100,85,15
464,728290.7502343484,869439.2609708047,0,1313.6587049218263,-105.1468891802679,True,39204.33069733007,True,100,85,15
465,728116.7342393636,869488.7856438516,0,1494.3603030386062,-107.1059362775461,True,25935.09021798493,True,100,85,15
466,728131.0649083237,869347.9573332176,0,1441.721112688143,-106.56084404219263,True,29136.912664436913,True,100,85,15
467,728168.4603466376,869450.1216216563,0,1433.1589959987616,-106.47030309370918,True,29702.820245794403,True,100,85,15
468,728149.9479923949,869743.4557334395,0,1564.375904049209,-107.80193912755509,True,22322.094534512176,True,100,85,15
469,728157.459046588,869529.9705482314,0,1469.7854041177586,-106.85388755878536,True,27372.776977248872,True,100,85,15
470,728261.3567712823,869554.8891591679,0,1382.585050971522,-105.92421498859025,True,33335.35894913573,True,100,85,15
471,728082.9850300556,869654.5526003005,0,1585.8959940468098,-108.00961457318068,True,21339.04524015063,True,100,85,15
472,728108.7944347023,869919.9366894008,0,1688.7195871696704,-108.96451392507737,True,17322.396138918557,True,100,85,15
473,728071.0808773153,869818.379302532,0,1669.359786333152,-108.78924816082196,True,18001.294062666475,True,100,85,15
474,728085.5088679604,869786.7306550841,0,1641.5854101189475,-108.53422192529142,True,19034.478570481762,True,100,85,15
475,728328.6816603948,870132.0638393081,0,1644.1960420995824,-108.55837594536158,True,18934.261568771464,True,100,85,15
476,728125.4550367765,870240.2182233768,0,1867.6374654527697,-110.49524021052235,True,12348.291314271346,True,100,85,15
477,728260.3663563639,870228.0844720465,0,1759.7601057403124,-109.59087137639379,True,15090.376979528228,True,100,85,15
478,728096.5821818828,870031.8243493265,0,1761.2979800992528,-109.60414929632283,True,15046.1801221569,True,100,85,15
479,728098.2950644594,870445.5024146789,0,2027.6228849366114,-111.7445514498107,False,9339.738259175614,True,100,0,100
480,728265.6344112487,870449.5554069849,0,1915.8814418820764,-110.88290207333077,True,11326.216119468334,True,100,85,15
481,728244.1467415112,870240.209485524,0,1779.8664444752524,-109.76355954085423,True,14525.168028227432,True,100,85,15
482,728187.2687349921,870382.920260511,0,1920.5294225301445,-110.91973377318028,True,11233.484697099004,True,100,85,15
483,728119.1665887828,870495.5051639668,0,2048.7894051979597,-111.9024061867307,False,9014.551346895754,True,100,0,100
484,728246.3256925961,870631.9974047083,0,2068.179524960315,-112.04558819995407,False,8729.158519712899,True,100,0,100
485,728255.9892009597,870574.6709450333,0,2017.4877930200826,-111.6683820483343,False,9500.711429949057,True,100,0,100
486,728200.5257370503,870671.9661767316,0,2127.9958558514845,-112.47897722511813,False,7918.039703951269,True,100,0,100
487,728260.7304632498,870606.5180674818,0,2039.2758886277443,-111.83165945354416,False,9158.904115797723,True,100,0,100
488,728112.6951590142,870983.7399484676,0,2429.36423694585,-114.49224218585388,False,5021.116277366474,True,100,0,100
489,728170.7119018708,870838.5512069525,0,2277.975863098709,-113.51421913295246,False,6267.4945699776135,True,100,0,100
490,728307.7279319802,870868.2859529728,0,2223.507357599732,-113.14634998046694,False,6811.178539078622,True,100,0,100
491,728270.3731574906,871012.4074461969,0,2364.840477494403,-114.08306476138168,False,5509.686162148713,True,100,0,100
492,728048.1856375705,871074.4741624852,0,2540.6910774412295,-115.17331518421831,False,4300.944981727346,True,100,0,100
493,728087.5261079266,871048.7806702293,0,2496.9051406334675,-114.9090715217968,False,4567.369334817045,True,100,0,100
494,728073.0082818101,871025.4675813616,0,2486.4337097746798,-114.84519097847827,False,4634.185239602308,True,100,0,100
495,728131.2613527366,870967.9409896476,0,2405.6981148149403,-114.3434394753938,False,5193.639846584195,True,100,0,100
496,728207.5717657972,871140.3049188377,0,2506.556727524199,-114.96771382519367,False,4506.870248205803,True,100,0,100
497,728060.1747440054,871146.8050187301,0,2592.8905522563796,-115.4824464847676,False,4008.7041093334506,True,100,0,100
498,728234.0701790844,871196.7694321481,0,2541.0001127218848,-115.17516395106722,False,4299.136130276076,True,100,0,100
499,728174.0849211569,871243.3144262794,0,2611.8197533888483,-115.59301207543302,False,3909.0201829165458,True,100,0,100
500,728147.4121154884,871276.7738665856,0,2654.2776552397436,-115.83812228568227,False,3696.6936115006934,True,100,0,100
501,728134.3903132589,871245.7934567693,0,2634.7965926287543,-115.72614825960585,False,3792.236520655006,True,100,0,100
502,728447.8308100147,867308.4489399429,0,2020.9121370681846,-111.69416012565415,False,9445.932914690227,True,100,0,100
503,728451.0669692066,867458.0703512554,0,1894.5611024509171,-110.71280157709636,True,11764.186435096275,True,100,85,15
504,728432.9275117918,867325.5116906696,0,2014.6423495246422,-111.6469285634749,False,9546.53593970441,True,100,0,100
505,728387.9079642228,867527.6718465161,0,1875.7523446738328,-110.56114242953805,True,12168.460469319596,True,100,85,15
506,728487.5049273919,867672.4887239374,0,1700.2798840586852,-109.06821458553756,True,16932.266589431147,True,100,85,15
507,728432.946266107,867530.4170848334,0,1846.388253650089,-110.3213060006664,True,12835.329183604754,True,100,85,15
508,728434.2260405392,867787.7076428628,0,1646.0827662200038,-108.57580838219573,True,18862.244094616046,True,100,85,15
509,728474.2847813143,867715.4893370635,0,1674.9138707784505,-108.83973677162727,True,17803.171486406834,True,100,85,15
510,728467.4882725236,867979.0542373298,0,1485.0091508287323,-107.01051954451377,True,26470.896093864874,True,100,85,15
511,728522.4954744567,867980.2975087865,0,1445.1463644507478,-106.59691421356774,True,28914.242926602354,True,100,85,15
512,728471.9258095917,867915.411659813,0,1526.9175962589118,-107.43354599838297,True,24171.28731969868,True,100,85,15
513,728305.0985217589,868115.5234418876,0,1521.2478004171194,-107.37699871511965,True,24467.511713086886,True,100,85,15
514,728456.739707181,868133.1915258422,0,1390.423888392734,-106.01015272212793,True,32738.03167137155,True,100,85,15
515,728336.1638938042,868159.3954865653,0,1470.3802437323875,-106.86003805905308,True,27336.832058719705,True,100,85,15
516,728417.4379102633,868117.5253696917,0,1430.825932763984,-106.44553809959467,True,29859.360837988643,True,100,85,15
517,728458.5800388656,868435.3406643359,0,1220.2069646112402,-104.02517248245982,True,49300.56946887183,True,100,85,15
518,728461.3422538514,868284.8920113205,0,1295.934734534863,-104.94040955982258,True,40911.915198867224,True,100,85,15
519,728514.7090980271,868265.371668976,0,1263.5999582842098,-104.55633610134439,True,44265.03634121706,True,100,85,15
520,728508.436102548,868463.4970751387,0,1162.9626497985018,-103.29480184383533,True,57032.45674275898,True,100,85,15
521,728370.6886953204,868506.7417288175,0,1268.1299389713008,-104.6107314537879,True,43775.82151847436,True,100,85,15
522,728342.6362307211,868725.8356462438,0,1224.870345228716,-104.08315420932537,True,48727.58819175044,True,100,85,15
523,728577.4635648426,868797.714839719,0,979.8471176908529,-100.6905411805679,True,93295.23102219826,True,100,85,15
524,728381.8450367486,868747.0753003804,0,1181.8296179613997,-103.53942043885506,True,54334.51382282313,True,100,85,15
525,728515.368337908,869075.7973307312,0,1019.9146543604342,-101.29973411540507,True,83501.23789278288,True,100,85,15
526,728383.038806774,869102.0764408393,0,1153.7517645658575,-103.17393323879195,True,58407.09015549952,True,100,85,15
527,728503.8925848586,869165.4530713173,0,1040.6766706237536,-101.60605366049847,True,78890.9927029297,True,100,85,15
528,728452.4686439248,869331.1391255781,0,1126.7110616603868,-102.8134395331981,True,62674.33212490212,True,100,85,15
529,728364.7379685636,869410.2246803571,0,1234.2575949251082,-104.19920329060805,True,47598.18634564594,True,100,85,15
530,728527.7674357765,869613.6953646574,0,1171.3038673604883,-103.40343520280564,True,55820.53785062659,True,100,85,15
531,728525.5730381769,869525.421239516,0,1130.5413056866146,-102.86502520549084,True,62048.11109615821,True,100,85,15
532,728524.8046553485,869657.8178668796,0,1197.025170840048,-103.73361489703149,True,52271.258487902014,True,100,85,15
533,728483.1811504748,869860.5620338966,0,1349.4827574010963,-105.55585689525584,True,36009.556322327975,True,100,85,15
534,728349.4332934147,869677.5343403631,0,1357.6369769503108,-105.64742803094676,True,35327.21078761475,True,100,85,15
535,728420.155530944,869850.5110467107,0,1393.0240611328936,-106.0385516257683,True,32542.794996674784,True,100,85,15
536,728480.4863578011,869966.7701831757,0,1420.588779985836,-106.33639330802914,True,30558.345547744248,True,100,85,15
537,728550.129586352,869913.5827067357,0,1333.2860516071335,-105.37231674917248,True,37413.158702781635,True,100,85,15
538,728534.8105315769,870139.6838067633,0,1505.4389633098801,-107.21821032421396,True,25317.543457490712,True,100,85,15
539,728504.4320222288,869921.2846478807,0,1372.4184652110391,-105.81202934242461,True,34130.054147736824,True,100,85,15
540,728338.275691478,870058.652807965,0,1587.9085034749303,-108.0288916048966,True,21249.892795919735,True,100,85,15
541,728436.34762597,870313.9535283416,0,1701.6814319574369,-109.08073910147151,True,16885.71947722576,True,100,85,15
542,728560.7251145383,870177.8298447632,0,1517.455556906974,-107.33905931254267,True,24668.154683156365,True,100,85,15
543,728349.5038694013,870324.0877756833,0,1766.4278071660765,-109.6483562473451,True,14899.925808418127,True,100,85,15
544,728528.5048762279,870268.09731173,0,1607.7357721287667,-108.21751362237909,True,20395.889446049023,True,100,85,15
545,728353.4156215466,870177.3283397524,0,1657.6339204790067,-108.68210188224036,True,18428.713868114544,True,100,85,15
546,728551.8779981667,870467.5494298742,0,1754.6524069522088,-109.54668837662068,True,15238.34228513497,True,100,85,15
547,728542.3798006386,870587.6828954597,0,1860.4933146137153,-110.4369839827317,True,12509.394080151324,True,100,85,15
548,728299.8558410796,870504.123815106,0,1935.1376826840647,-111.03491544917732,True,10948.215797205678,True,100,85,15
549,728491.6049520923,870600.1262577726,0,1898.4172941882455,-110.74370885460205,True,11683.406654717603,True,100,85,15
550,728474.486753904,870731.8191662709,0,2018.736818210404,-111.67778963518178,False,9480.684512886395,True,100,0,100
551,728404.1378473922,870866.8243526983,0,2170.606862348829,-112.78034100926403,False,7397.959805521684,True,100,0,100
552,728490.371948225,870632.9162475126,0,1926.5806681414856,-110.96755193481692,True,11114.18983613718,True,100,85,15
553,728461.9667747698,870687.1848020516,0,1987.5941773995767,-111.44147005377236,True,9996.43258096283,True,100,85,15
554,728449.4102476106,871052.6945479768,0,2309.762488850375,-113.72485634039326,False,5975.629660303045,True,100,0,100
555,728506.793925622,871051.5526345024,0,2282.375439487925,-113.54354798395957,False,6226.031251801714,True,100,0,100
556,728512.2302547634,870870.6720154261,0,2119.7592291852975,-112.42002871830488,False,8023.8748959339455,True,100,0,100
557,728578.940629963,870917.9135242138,0,2130.571359965392,-112.49736296645159,False,7885.310490321507,True,100,0,100
558,728432.2769374852,870956.5590718134,0,2233.723483088325,-113.21602934862047,False,6704.760483936867,True,100,0,100
559,728484.5354144316,871047.5454507218,0,2288.910505780826,-113.58700843771653,False,6165.084846494614,True,100,0,100
560,728500.6178781549,870882.1679248438,0,2135.4323147469004,-112.5320033662055,False,7824.0049015370505,True,100,0,100
561,728558.1380017957,870940.8446627103,0,2160.407821055366,-112.70875092919789,False,7518.391923383806,True,100,0,100
562,728469.9340682349,870924.1074359835,0,2186.990221987478,-112.89463944604151,False,7209.588485172979,True,100,0,100
563,728511.9867039493,870994.7971863624,0,2229.4470840486124,-113.1869009088255,False,6749.047025383337,True,100,0,100
564,728471.1355916727,871133.7269615084,0,2371.812503210672,-114.1278123953489,False,5454.053899898345,True,100,0,100
565,728483.3184705048,871147.3259032717,0,2378.575961200998,-114.17109588981248,False,5400.768475429335,True,100,0,100
566,728381.5413841717,871245.2573717579,0,2511.8386352435728,-114.99971076525856,False,4474.194603817997,True,100,0,100
567,728345.5137437803,871188.0091505125,0,2478.169705847598,-114.7945865288807,False,4687.799181385799,True,100,0,100
568,728593.7166078006,871230.8842011611,0,2408.6551386873657,-114.3621118384541,False,5171.674340676363,True,100,0,100
569,728558.7107414965,871261.5538320979,0,2450.63466859368,-114.6247500580884,False,4872.249995331255,True,100,0,100
570,728700.5310957398,867305.8524603631,0,1899.5207175757616,-110.75254121285225,True,11660.421061393334,True,100,85,15
571,728700.0323361738,867436.9344705596,0,1782.8689583602488,-109.7891798230631,True,14443.063599982732,True,100,85,15
572,728773.2414864143,867608.8484074667,0,1596.7477809091458,-108.11327124433785,True,20863.768961988008,True,100,85,15
573,728835.1296556976,867446.9149129902,0,1714.7457631171333,-109.1969908459073,True,16459.459566040903,True,100,85,15
574,728716.7242107898,867595.882432128,0,1635.6340483242277,-108.47901498773771,True,19265.42819628869,True,100,85,15
575,728812.0505846164,867832.636942421,0,1383.3638742119742,-105.93277505450817,True,33275.41842340797,True,100,85,15
576,728710.699196526,867762.7239576867,0,1496.7031816616418,-107.12974886560174,True,25802.953259883398,True,100,85,15
577,728815.9488238987,868015.6326620906,0,1228.6360841131032,-104.12981431250296,True,48270.70845729939,True,100,85,15
578,728692.5392357025,868056.7997501264,0,1273.3487696597683,-104.67315805542044,True,43220.26877684687,True,100,85,15
579,728812.3343171824,867912.7582173013,0,1315.503844223071,-105.16822425382904,True,39031.57446777895,True,100,85,15
580,728628.8478810822,868237.5222645734,0,1191.4699301839287,-103.66290801978731,True,53014.55738137819,True,100,85,15
581,728823.8619895595,868229.995300906,0,1056.6837685123442,-101.83807627303123,True,75535.77204153714,True,100,85,15
582,728790.3897284254,868204.7330083422,0,1097.9071509776024,-102.4197964820357,True,67628.55699268791,True,100,85,15
583,728735.1670020967,868084.1124766428,0,1224.7692071367342,-104.08189906137235,True,48739.930031819735,True,100,85,15
584,728583.0632551037,868438.7825607075,0,1110.3395037485896,-102.59095270088362,True,65435.97809733734,True,100,85,15
585,728677.9678784715,868576.0296107567,0,960.5652587487231,-100.38844063333063,True,98467.36962588754,True,100,85,15
586,728713.5261732582,868316.399626574,0,1075.85442470176,-102.11137286189157,True,71732.1500103905,True,100,85,15
587,728779.006085621,868538.7095951979,0,891.0975029317214,-99.24738293354214,True,119936.95489276396,True,100,85,15
588,728746.5297077107,868376.4842624237,0,1012.091689646029,-101.18269505978958,True,85317.76782521987,True,100,85,15
589,728684.733119644,868390.3302896132,0,1052.5956807664372,-101.77915542585309,True,76376.75977322184,True,100,85,15
590,728701.0463354429,868347.780258016,0,1065.5242744125917,-101.96471718393735,True,73753.45041507407,True,100,85,15
591,728643.0827813649,868473.0954054228,0,1041.2256969864445,-101.61407072173444,True,78773.10655309442,True,100,85,15
592,728766.2546523794,868446.6979841879,0,953.5274583661535,-100.2766621321066,True,100434.85302634008,True,100,85,15
593,728671.1142836714,868369.833613087,0,1075.7350068775002,-102.10968556267981,True,71755.14660367461,True,100,85,15
594,728644.6568010066,868608.8971543179,0,976.2859448941114,-100.63519629616032,True,94226.96960176922,True,100,85,15
595,728831.0576106359,868695.6448543919,0,770.6981657825326,-97.0409513886941,True,170222.3662197071,True,100,85,15
596,728811.0125422524,868699.1060570921,0,787.6212247226462,-97.37110938288512,True,161971.79357842455,True,100,85,15
597,728702.4608924009,868726.4191993009,0,878.9472967570214,-99.03869921747562,True,124198.31478928946,True,100,85,15
598,728764.1411223823,869054.4239891241,0,770.3219145505668,-97.03352885816196,True,170410.71601523977,True,100,85,15
599,728639.0876317559,868937.1928221748,0,897.4776972825972,-99.35582827411268,True,117763.55672812657,True,100,85,15
600,728747.6568249738,868995.5943988116,0,785.8896284698218,-97.3376545071419,True,162796.42951258805,True,100,85,15
601,728714.1467845979,869148.0306038868,0,830.2482112784567,-98.1722782013219,True,143002.79738539146,True,100,85,15
602,728647.5060556754,869160.5371445038,0,898.0368511506015,-99.36529554427375,True,117575.1515455089,True,100,85,15
603,728582.7348397742,869165.5794200372,0,962.7734570093307,-100.42334380005481,True,97858.98767151513,True,100,85,15
604,728783.1417340365,869177.0045791847,0,767.9131289184289,-96.98592324565422,True,171621.70190253426,True,100,85,15
605,728784.5140274074,869171.9847207324,0,765.5147095649864,-96.93837390687058,True,172836.38321436848,True,100,85,15
606,728664.5530909771,869171.5623297533,0,883.1375723620495,-99.110992665119,True,122710.28788731381,True,100,85,15
607,728731.2350184671,869293.625397831,0,849.766929899897,-98.52549390253994,True,135120.68328234294,True,100,85,15
608,728841.1957979195,869472.5974531181,0,830.8109849275993,-98.1825780539825,True,142768.75998327753,True,100,85,15
609,728730.5399606995,869517.308175084,0,948.0319839372041,-100.18880463115646,True,102001.79809137841,True,100,85,15
610,728720.1242500665,869402.1447942061,0,901.5096551086181,-99.42396338219494,True,116412.38948210527,True,100,85,15
611,728695.3580458359,869646.1640747602,0,1050.258824566789,-101.74537187509408,True,76862.3409792752,True,100,85,15
612,728688.2826352739,869689.8803578696,0,1082.6893423914041,-102.20763516159583,True,70430.08210329282,True,100,85,15
613,728730.4531686719,869640.0623870215,0,1018.7087840278119,-101.28175178390647,True,83778.34491046758,True,100,85,15
614,728789.2829795361,869551.691576849,0,918.5604505767259,-99.7087709894541,True,110884.19176456082,True,100,85,15
615,728635.6501163038,869566.703404185,0,1054.694310634964,-101.80943111517662,True,75943.69423426359,True,100,85,15
616,728707.562836979,869812.8303165934,0,1149.5852668082807,-103.11894162211746,True,59041.738542729705,True,100,85,15
617,728696.2656629542,870018.8249156877,0,1308.5331154182345,-105.08746512749599,True,39689.11759376359,True,100,85,15
618,728845.7779756737,869839.1837348843,0,1074.8134425376434,-102.09665813088732,True,71932.90264010114,True,100,85,15
619,728769.3107799062,870030.044101043,0,1272.0054001615567,-104.65711342733205,True,43362.45599840901,True,100,85,15
620,728640.7101695118,869847.5847774707,0,1221.9764428172507,-104.04719917902158,True,49082.21263339739,True,100,85,15
621,728641.2661861022,869822.7146404807,0,1204.7172136254667,-103.83097905339719,True,51262.4443114568,True,100,85,15
622,728753.8016707472,869759.1332037636,0,1079.0323765497221,-102.15620665853366,True,71123.29566816217,True,100,85,15
623,728682.3198831689,869889.0205655518,0,1221.2891587538797,-104.03864756765634,True,49166.887051559395,True,100,85,15
624,728806.3974488819,869812.3412269937,0,1080.416291158782,-102.17568934402588,True,70860.03279124084,True,100,85,15
625,728793.7413688034,870048.5996777667,0,1272.5360748194676,-104.66345360126347,True,43306.22010314419,True,100,85,15
626,728862.2233482066,870159.2249130678,0,1328.189531729153,-105.3141018541924,True,37868.53285500467,True,100,85,15
627,728653.1954436882,870161.220098693,0,1446.6951860711763,-106.61319627173165,True,28814.24471305407,True,100,85,15
628,728606.3860750129,870154.9425047508,0,1470.7621808652768,-106.863985886678,True,27313.783098309388,True,100,85,15
629,728636.985260336,870187.7539610084,0,1477.619217232298,-106.9346885745746,True,26904.02986164558,True,100,85,15
630,728800.6880109191,870368.3890104201,0,1540.6781920624503,-107.56991773461924,True,23470.63526177929,True,100,85,15
631,728718.6695241496,870240.255625231,0,1472.9884569817,-106.88697702332927,True,27179.90914408128,True,100,85,15
632,728663.1645900601,870280.3008171202,0,1537.238782664887,-107.53594664282394,True,23643.372789163433,True,100,85,15
633,728809.8993431927,870486.6840794244,0,1641.6228570681874,-108.53456866242982,True,19033.036378035267,True,100,85,15
634,728751.9485327458,870703.65702771,0,1862.4391979851687,-110.4528736218622,True,12465.252368976122,True,100,85,15
635,728713.8350167383,870638.2258199528,0,1820.0943065477431,-110.10328619009691,True,13472.029037416407,True,100,85,15
636,728641.0191523002,870707.1528571119,0,1914.726760854717,-110.87373825100723,True,11349.402918551768,True,100,85,15
637,728727.907206462,870492.4579431294,0,1684.4386134478916,-108.92593159639559,True,17469.720285675357,True,100,85,15
638,728749.1099328679,870703.094826327,0,1863.1219558613225,-110.45844493255647,True,12449.810815297222,True,100,85,15
639,728697.5642346388,870864.2564580473,0,2031.1171172178217,-111.77072381661988,False,9285.042499264637,True,100,0,100
640,728823.1108832394,870867.6294368723,0,1985.909708482522,-111.42858246301333,True,10025.330123115427,True,100,85,15
641,728619.09057756,870783.2773418812,0,1992.3634416843993,-111.4778997458925,True,9915.18460606711,True,100,85,15
642,728683.2398281712,870781.9248282063,0,1962.53463340113,-111.24860653606625,True,10437.471789464773,True,100,85,15
643,728820.0807917553,870741.8533505269,0,1870.1474916178158,-110.51565506805171,True,12292.311431312994,True,100,85,15
644,728645.1788663183,870856.6664594273,0,2046.387957590608,-111.88457900050346,False,9050.715753014152,True,100,0,100
645,728773.5166299858,870941.1746688612,0,2072.424135887327,-112.07675245352924,False,8668.219938859263,True,100,0,100
646,728775.1129378511,870757.9210449643,0,1902.4814437475836,-110.77621503182824,True,11599.027317262813,True,100,85,15
647,728867.1173945094,871126.0694299113,0,2215.5450584805976,-113.09182054110558,False,6895.613240907324,True,100,0,100
648,728804.966352441,871016.9018424692,0,2132.109812763126,-112.50833491330529,False,7865.841972913537,True,100,0,100
649,728838.535208864,871016.8862118023,0,2120.861693464664,-112.42793218151891,False,8009.605241437163,True,100,0,100
650,728845.419068655,871032.7816971216,0,2133.656867586442,-112.5193602275557,False,7846.3261332556085,True,100,0,100
651,728748.9086559382,871228.1780796055,0,2349.906420876993,-113.98676987750736,False,5631.306307717558,True,100,0,100
652,728715.5192675435,871194.9148437775,0,2330.086320620437,-113.85802035849228,False,5798.054030256764,True,100,0,100
653,728943.4362701687,867355.43778868,0,1759.4720000818763,-109.58838259799197,True,15098.674962444182,True,100,85,15
654,728998.7042631593,867467.0814228553,0,1635.8256966970412,-108.48079591387322,True,19257.936695105218,True,100,85,15
655,729106.2829593619,867455.3757654347,0,1615.1767898232351,-108.28770228009301,True,20086.457283047715,True,100,85,15
656,729085.5672947591,867493.9659760112,0,1583.7250506711573,-107.98879251893854,True,21435.73887760956,True,100,85,15
657,728958.4676576586,867476.4989434368,0,1640.5911978370398,-108.5250131994714,True,19072.81859175155,True,100,85,15
658,728988.9382667732,867533.2935560995,0,1576.7439898667462,-107.92164144882732,True,21750.393753572785,True,100,85,15
659,728880.3493357663,867635.5542699262,0,1524.4537687016928,-107.40899903992015,True,24299.463299520183,True,100,85,15
660,728975.6843271677,867622.5792273234,0,1498.1505237328897,-107.14444076544115,True,25721.73998777319,True,100,85,15
661,728914.5306904686,867552.4965507879,0,1586.2571199832973,-108.0130754559808,True,21323.01343574236,True,100,85,15
662,729096.5740044853,867785.0641378139,0,1303.369056759167,-105.02735921739612,True,40184.91199142532,True,100,85,15
663,728924.9211480251,867930.1338921632,0,1242.1499765838264,-104.29609124287947,True,46672.84880067674,True,100,85,15
664,728910.0656154474,867852.1198236594,0,1317.6831615761587,-105.19338486719779,True,38828.71818687268,True,100,85,15
665,729044.007814432,867851.3916049163,0,1260.536420757558,-104.51943894019702,True,44599.61788410653,True,100,85,15
666,728983.1403971975,867897.4722516927,0,1243.9006811422864,-104.31749969715824,True,46470.523298616856,True,100,85,15
667,729079.0254962423,868061.7841986769,0,1054.208391989707,-101.80242641776536,True,76043.71397157025,True,100,85,15
668,728942.684558854,868057.9560424935,0,1122.9999186842451,-102.76329036850589,True,63288.17282865297,True,100,85,15
669,728971.277190099,868073.2017597028,0,1095.1157677113954,-102.38110112251051,True,68132.57128782995,True,100,85,15
670,728927.7935134452,868001.574041859,0,1178.9076114542631,-103.50179200846205,True,54742.283976780454,True,100,85,15
671,729098.7129572647,868058.4852081547,0,1048.8762057811373,-101.72534816765572,True,77151.31456556515,True,100,85,15
672,729125.664484221,868028.2806705482,0,1065.8410450020494,-101.96923542410732,True,73690.49519610651,True,100,85,15
673,729153.4478760366,868112.3060775732,0,977.5995905755775,-100.65563538547075,True,93882.05252233637,True,100,85,15
674,728955.9530383374,868290.2209425815,0,925.1480625095272,-99.81739352746159,True,108826.58304991045,True,100,85,15
675,729044.1512926234,868464.8447699366,0,734.7565594721622,-96.3150215160215,True,189227.87691693308,True,100,85,15
676,729067.1852340116,868366.2565542259,0,797.2940700686664,-97.55664869032486,True,157445.38991415524,True,100,85,15
677,728886.2560530435,868323.5166848685,0,945.629763210577,-100.1502396531735,True,102695.3235032845,True,100,85,15
678,728916.088223625,868237.6935116607,0,991.071028718673,-100.86366733143511,True,90426.07498375433,True,100,85,15
679,728982.1909052867,868700.5149437849,0,633.6155853187979,-94.06390479352379,True,255159.16759146945,True,100,85,15
680,728986.0755124737,868620.6452261866,0,673.4300837973683,-94.9902379725168,True,226820.8011073657,True,100,85,15
681,729139.9968139001,868559.9218535154,0,600.0589034654508,-93.23678594143394,True,281742.11280653154,True,100,85,15
682,729087.9406985289,868544.7493629659,0,646.3084188758661,-94.365393459248,True,245762.48362530768,True,100,85,15
683,729104.0031391792,868725.3943886223,0,516.8144855312672,-90.96671372221363,True,359917.11738668854,True,100,85,15
684,728922.5624018244,868914.8685410728,0,618.6335225860728,-93.70017074668417,True,266708.11253262643,True,100,85,15
685,729017.9916481336,868684.1329772951,0,611.38801533661,-93.52109224430228,True,272476.4399552164,True,100,85,15
686,729116.3480694189,868839.6164678987,0,451.63941312087127,-88.91771420369015,True,435537.8352845518,True,100,85,15
687,728938.610719202,869065.8663891401,0,597.0803516402555,-93.1611472970706,True,284228.9781088091,True,100,85,15
688,728886.2800611332,869011.0958387918,0,647.0751005368105,-94.38341409690946,True,245206.00923353792,True,100,85,15
689,729120.9945376853,869056.9278072577,0,414.68350007022275,-87.62008644153741,True,485209.8668877103,True,100,85,15
690,729094.5033216903,869101.0655270313,0,447.5842936128308,-88.78061933334094,True,440729.1483553064,True,100,85,15
691,729114.5578412513,869308.5247002317,0,512.5258955719916,-90.84005346134428,True,364470.73155328527,True,100,85,15
692,729030.6958089939,869403.8150133435,0,636.6678173058649,-94.13695140976986,True,252867.59003577512,True,100,85,15
693,728905.6766147587,869302.4181201858,0,691.1581158939147,-95.3852094224581,True,215236.26029108802,True,100,85,15
694,728880.2816525978,869335.0288558448,0,728.1203739609823,-96.17711142141127,True,192969.74363520183,True,100,85,15
695,728955.2215328875,869447.4501248678,0,723.1334904622208,-96.07264664139767,True,195831.44861904831,True,100,85,15
696,728971.5414094554,869394.8924608042,0,679.2794181352419,-95.12169595510385,True,222930.8538535397,True,100,85,15
697,728904.3843116451,869546.3722344496,0,824.6289896393246,-98.06905093891373,True,145362.23890145114,True,100,85,15
698,729122.9763194403,869713.4520924698,0,811.7542192776414,-97.82985941269745,True,150926.03929898434,True,100,85,15
699,728982.4780986117,869658.3821111615,0,848.4641054024504,-98.50217159170248,True,135631.97673725703,True,100,85,15
700,729038.6773594364,869890.082523629,0,1006.9041720298659,-101.10458491141844,True,86547.19464153734,True,100,85,15
701,728955.0034726885,869984.872911681,0,1130.8802737394965,-102.86958200154093,True,61993.04693182429,True,100,85,15
702,728925.517828987,869959.8694856898,0,1125.119494083867,-102.79195273035785,True,62936.7250053116,True,100,85,15
703,728906.7853782839,870089.442619704,0,1245.458254526617,-104.33652113770621,True,46291.40232378945,True,100,85,15
704,728954.2113601216,870279.5806290387,0,1392.6435171965347,-106.03439866459672,True,32571.279290361126,True,100,85,15
705,728983.1897713492,870374.2001512949,0,1468.1133722298164,-106.83658580507202,True,27474.127204374065,True,100,85,15
706,729113.521542684,870169.9652203806,0,1230.717997783414,-104.15554930889952,True,48020.322010059645,True,100,85,15
707,728952.8458519633,870436.1272406592,0,1536.9068118197038,-107.53266374122927,True,23660.128717919448,True,100,85,15
708,728937.7480023635,870612.491511145,0,1706.7211042756949,-109.12568955597705,True,16719.665262551218,True,100,85,15
709,728961.936173642,870545.8817705264,0,1635.858017900321,-108.48109624376512,True,19256.673623474573,True,100,85,15
710,728941.8214125792,870469.4902186816,0,1571.9642536520794,-107.87549330972317,True,21969.147821933642,True,100,85,15
711,728941.1533176999,870813.6921722662,0,1895.5061475301015,-110.72038190459801,True,11744.324478747307,True,100,85,15
712,729043.3380204855,870832.8980765856,0,1884.6463878652285,-110.63304567571153,True,11975.142387238662,True,100,85,15
713,728861.0435247876,870710.2707877501,0,1825.511728219425,-110.14846196151252,True,13337.647906845628,True,100,85,15
714,728915.2146392039,870890.2219193582,0,1976.3090262096002,-111.35491989562298,True,10192.067510450986,True,100,85,15
715,729133.1450914962,870938.5733802966,0,1966.6553120835547,-111.2804887328059,True,10363.281325966895,True,100,85,15
716,729064.8630015698,870843.3045095088,0,1889.2443982049524,-110.67008501080868,True,11876.721405377262,True,100,85,15
717,729094.3530332224,871037.5280295425,0,2071.5102971331557,-112.07004837558607,False,8681.293936454435,True,100,0,100
718,729088.5761473707,871257.9836364401,0,2288.551458180949,-113.58462387013212,False,6168.413566412806,True,100,0,100
719,728944.1905994248,871111.1637468021,0,2179.246024721221,-112.8407191853553,False,7297.859550748378,True,100,0,100
720,729062.5595393396,871158.9486182784,0,2196.917240631581,-112.96347939709268,False,7098.412537240469,True,100,0,100
721,728876.2678103372,871203.5442200127,0,2286.906616169359,-113.57369508267783,False,6183.692145618054,True,100,0,100
722,729007.780308198,871114.7725724595,0,2166.421935945048,-112.75100655553868,False,7447.077331766122,True,100,0,100
723,729276.5159481425,867322.6412559197,0,1709.8276305162929,-109.15333158237551,True,16618.326208330833,True,100,85,15
724,729380.0084589071,867402.3869107056,0,1617.965026149757,-108.3139195391549,True,19972.01885706576,True,100,85,15
725,729296.1905498428,867557.0789770443,0,1475.1787492154863,-106.90956266239107,True,27048.98853401654,True,100,85,15
726,729260.8120070325,867626.5027082298,0,1413.0973048115352,-106.2560223823713,True,31082.623203086718,True,100,85,15
727,729417.9788216173,867466.2043693583,0,1551.1611604755522,-107.67299226675246,True,22953.724400031704,True,100,85,15
728,729206.7287701833,867551.3797109146,0,1497.7376874433055,-107.14025153147463,True,25744.872791957638,True,100,85,15
729,729174.5694735122,867434.2819175551,0,1619.0408928133993,-108.32402363191622,True,19928.07926727284,True,100,85,15
730,729175.5931677998,867411.0062685292,0,1641.5225350787844,-108.5336397209163,True,19036.90038074451,True,100,85,15
731,729240.7082182982,867610.7869968088,0,1432.4926061746323,-106.4632336160417,True,29747.42955983523,True,100,85,15
732,729193.2042339453,867616.3408477088,0,1437.5499702339423,-106.51680325005039,True,29410.928833994247,True,100,85,15
733,729230.5514590868,867718.8413603605,0,1329.1776549245747,-105.32540610793656,True,37779.71970257032,True,100,85,15
734,729342.1342839415,867612.4118342317,0,1413.649372150331,-106.26195966223851,True,31043.612727032585,True,100,85,15
735,729306.543880463,867688.7888685403,0,1343.5622981980541,-105.48902329997568,True,36515.062951469044,True,100,85,15
736,729385.205058876,867984.780386402,0,1038.9056123235202,-101.58016323397251,True,79272.65666326621,True,100,85,15
737,729372.1678009944,867906.9687994644,0,1117.7825699060354,-102.69250666131897,True,64163.11918527436,True,100,85,15
738,729334.0297922422,867893.1709866807,0,1137.49759833173,-102.9582670932163,True,60929.511869286594,True,100,85,15
739,729324.3619606731,868029.9063638818,0,1005.1296004648619,-101.0777722011073,True,86972.38684722132,True,100,85,15
740,729229.5918020437,868003.5678678534,0,1054.2118983918315,-101.80247697541607,True,76042.9916820482,True,100,85,15
741,729336.5921846356,867928.4503948523,0,1102.3211110447803,-102.48078437014196,True,66840.42087090004,True,100,85,15
742,729195.7275196472,868220.1181431193,0,861.8360220845598,-98.73986248050169,True,130481.85453767031,True,100,85,15
743,729279.9683807932,868209.6540596057,0,842.4243439114927,-98.39358179259472,True,138029.6405770849,True,100,85,15
744,729188.7788556555,868190.4143408102,0,891.9031983969321,-99.2611202463056,True,119660.08647367125,True,100,85,15
745,729265.2810204652,868133.8045486443,0,919.2213923979393,-99.7197042990577,True,110675.81783671922,True,100,85,15
746,729312.3255349147,868117.2487547093,0,922.6844183301306,-99.77686153106643,True,109591.09739791905,True,100,85,15
747,729287.0824067659,868556.7643362513,0,518.5196832252236,-91.01678364636984,True,358121.9799977577,True,100,85,15
748,729253.3252600182,868370.2942258628,0,701.1236476718703,-95.60281153727328,True,208987.85379132253,True,100,85,15
749,729264.5636128945,868398.432895707,0,670.838820218224,-94.93163652716082,True,228565.72475473306,True,100,85,15
750,729144.6978180376,868418.5952909654,0,710.2472026344753,-95.79933361631527,True,203428.48566006735,True,100,85,15
751,729249.2830137981,868425.2872085768,0,652.8266363825942,-94.51792531085997,True,241071.12270209417,True,100,85,15
752,729290.6353686164,868330.8888186039,0,724.072599459068,-96.09237395879401,True,195289.2465033398,True,100,85,15
753,729334.3657677006,868721.5274732028,0,352.9759160421111,-85.17107758931219,True,581550.8858731608,True,100,85,15
754,729377.0537430355,868639.7815733408,0,404.68832052721797,-87.24922347287429,True,499605.44355778967,True,100,85,15
755,729194.2314406888,868592.8993426508,0,539.9493792199244,-91.63235661702934,True,336291.46342694206,True,100,85,15
756,729211.3655834715,868784.4796298506,0,394.87772174633335,-86.876192132426,True,514163.09796667815,True,100,85,15
757,729264.8797625193,868728.7683666311,0,391.0297043996713,-86.72734123734702,True,519992.5784938392,True,100,85,15
758,729380.978137236,868909.8514822876,0,184.04260486962667,-75.2721430016804,True,986040.6811936069,True,100,85,15
759,729279.0228342344,868991.3182147722,0,255.25770474159046,-80.24426009211257,True,781201.0448674683,True,100,85,15
760,729354.7812632427,869017.7570801766,0,178.6324205643501,-74.81860991160083,True,1004797.7435899309,True,100,85,15
761,729219.0640025963,868903.8989152798,0,332.7087793467956,-84.27224913351873,True,617528.3307155581,True,100,85,15
762,729389.4749870073,868936.7440467334,0,162.86842974971796,-73.41429182434835,True,1062921.1741702096,True,100,85,15
763,729188.2206469583,869037.8905815847,0,346.02293513443675,-84.86867099973428,True,593625.0709280252,True,100,85,15
764,729352.0940518382,868934.2704004404,0,197.64540519815736,-76.35603528564,True,941248.6663102326,True,100,85,15
765,729418.0317780965,868903.7419484461,0,158.90618562339097,-73.03992810486176,True,1078425.243286784,True,100,85,15
766,729205.4660129582,869055.145928254,0,330.574947188722,-84.1744478029469,True,621458.5956148674,True,100,85,15
767,729359.8666005664,869121.9063591713,0,204.7994753143033,-76.89650938828015,True,918935.2269454541,True,100,85,15
768,729325.8285516859,869071.1493778647,0,215.49799258320724,-77.67051301344948,True,887010.7211978104,True,100,85,15
769,729416.4748794754,869443.0999194238,0,445.630965123645,-88.71413762137387,True,443251.7358591288,True,100,85,15
770,729334.0203225578,869477.2011350053,0,505.1256192385769,-90.61897885499515,True,372460.6986763322,True,100,85,15
771,729210.699821242,869315.8285645671,0,442.4566978513362,-88.60547708233116,True,447381.86358640686,True,100,85,15
772,729372.8652295842,869392.2341258151,0,411.73086542215935,-87.51146987928779,True,489417.6320891603,True,100,85,15
773,729216.9563440388,869540.7705875905,0,615.2847775711227,-93.6176659701378,True,269359.0587977827,True,100,85,15
774,729198.4760546573,869539.4001650267,0,623.8321732297283,-93.82737191849652,True,262643.5137834242,True,100,85,15
775,729212.6154242632,869760.9421249416,0,813.7483512425396,-97.86715425744859,True,150049.66747731902,True,100,85,15
776,729281.893116491,869827.4546434532,0,852.3237370701846,-98.57116042733021,True,134123.29357568774,True,100,85,15
777,729197.6238129854,869795.353092214,0,851.2825874372708,-98.55258125718159,True,134528.47613565144,True,100,85,15
778,729329.2157565451,869898.964184308,0,909.1106020221719,-99.55158528835392,True,113911.3371561766,True,100,85,15
779,729192.6405771408,870117.0656682497,0,1155.3757817008157,-103.19531409574635,True,58161.90152111523,True,100,85,15
780,729370.5050737582,870109.7617986504,0,1108.717475289519,-102.56873124830423,True,65717.27481522944,True,100,85,15
781,729347.3901609688,870137.9873092514,0,1140.1856180698467,-102.99414455287142,True,60503.63662424074,True,100,85,15
782,729420.760709535,870122.3429743681,0,1114.9734344298472,-102.65425819734409,True,64640.08007365973,True,100,85,15
783,729170.8080045494,870344.8515573108,0,1380.2475325860496,-105.89849428046274,True,33516.05605229264,True,100,85,15
784,729244.0433834656,870252.9132843151,0,1273.1510556477278,-104.67079770681093,True,43241.160231169066,True,100,85,15
785,729297.6462228416,870287.1849071219,0,1295.7348620375199,-104.93806503002307,True,40931.679559305354,True,100,85,15
786,729365.7400408702,870518.914489419,0,1515.1451076548817,-107.31589797459472,True,24791.39740775336,True,100,85,15
787,729194.5766129495,870649.1119614188,0,1670.7500405747865,-108.8019018119957,True,17951.443812495803,True,100,85,15
788,729252.1246686731,870662.5001357521,0,1673.2340635834375,-108.8244844067474,True,17862.8036375118,True,100,85,15
789,729211.2721451814,870911.2460528687,0,1925.3082758330142,-110.95750971681518,True,11139.140449124197,True,100,85,15
790,729320.3896176431,870847.2211005939,0,1846.4742784110333,-110.32201417907994,True,12833.309102546162,True,100,85,15
791,729369.7398438299,870750.6297567349,0,1745.2468727770006,-109.46499039707878,True,15515.612058898543,True,100,85,15
792,729376.5608769099,870749.5448921812,0,1743.540164173579,-109.45011846806814,True,15566.602127547176,True,100,85,15
793,729217.7464717852,870997.8929214097,0,2009.759503093892,-111.61004318111561,False,9625.826487870403,True,100,0,100
794,729320.5088832572,871168.9416863142,0,2166.3539967829784,-112.75052986524689,False,7447.8781324098045,True,100,0,100
795,729306.2789116956,871090.9832156742,0,2090.284687445004,-112.20719036882937,False,8417.637971767013,True,100,0,100
796,729195.2146520052,871000.5814912595,0,2016.0712259740449,-111.6577054946601,False,9523.489642419812,True,100,0,100
797,729202.5019606071,871229.0627724496,0,2240.5558688192764,-113.26245221688472,False,6634.768580581325,True,100,0,100
798,729238.3151672527,871209.2898173336,0,2215.949694879282,-113.09459639791635,False,6891.290339060725,True,100,0,100
799,729225.742299319,871202.2217293184,0,2210.659141984889,-113.05826245979662,False,6948.084902613351,True,100,0,100
800,729564.7780811627,867393.204161639,0,1620.1695671873108,-108.3346164586202,True,19882.112499936622,True,100,85,15
801,729611.5303348564,867467.363233286,0,1547.681459479308,-107.63885529907469,True,23123.72526354508,True,100,85,15
802,729478.8633888196,867332.3840705423,0,1681.5678966008138,-108.90000426235618,True,17569.39170788406,True,100,85,15
803,729584.3303099062,867344.7302009374,0,1669.1173883670915,-108.78704085294976,True,18010.00343352464,True,100,85,15
804,729595.1801631751,867682.5995687295,0,1331.9051765055844,-105.35656573892993,True,37535.8792054766,True,100,85,15
805,729647.5567923498,867525.6359872625,0,1491.810789238416,-107.07998103228911,True,26079.833340710164,True,100,85,15
806,729546.9530697026,867623.6912197258,0,1389.444270479177,-105.9994396287987,True,32811.95909389714,True,100,85,15
807,729532.2899301533,867607.9768890636,0,1405.0924331038661,-106.16967132376122,True,31655.084941285084,True,100,85,15
808,729639.5568002174,867538.4931644662,0,1478.3954436266968,-106.94267153881374,True,26858.1248191264,True,100,85,15
809,729506.9608841006,867649.6069920451,0,1363.7173203685813,-105.71535247555119,True,34828.652979798964,True,100,85,15
810,729573.5692111015,867894.8029720568,0,1118.9888933869097,-102.70890215738854,True,63959.56524601905,True,100,85,15
811,729564.7141649827,867868.1257069412,0,1145.3726635466332,-103.06313847788128,True,59691.70111820343,True,100,85,15
812,729431.318331833,867810.7814950282,0,1206.6092800005215,-103.85483313992695,True,51017.86756320301,True,100,85,15
813,729682.1583127335,867847.3734938891,0,1175.1549263914333,-103.45332939378534,True,55271.31791488754,True,100,85,15
814,729636.9540427809,867890.8704328713,0,1126.970628480259,-102.816940910832,True,62631.66074055557,True,100,85,15
815,729502.5227703074,867954.4357679919,0,1059.0819622616189,-101.87253499971918,True,75047.4012284094,True,100,85,15
816,729677.1591233046,868025.4425827303,0,998.0411955120978,-100.97019637141263,True,88694.65895614744,True,100,85,15
817,729443.628396607,868047.7941845282,0,969.4357476153199,-100.5281660550452,True,96048.90422241912,True,100,85,15
818,729521.2588290501,868158.8081459482,0,854.3463698650944,-98.60718924558893,True,133339.90741769163,True,100,85,15
819,729638.167116218,868027.4144618225,0,991.2118283374436,-100.86582665739407,True,90390.72260580322,True,100,85,15
820,729502.3704164674,868159.0891635534,0,854.5415692466345,-98.61066178517983,True,133264.566461292,True,100,85,15
821,729616.6455306502,868178.3897020112,0,838.8248832271379,-98.32849567726053,True,139480.1898306968,True,100,85,15
822,729480.4871703241,868109.2749019958,0,905.3387954854278,-99.4883895889183,True,115144.95529808413,True,100,85,15
823,729594.2884577302,868372.7121717333,0,643.2495620433587,-94.29328247175386,True,247995.16449653968,True,100,85,15
824,729519.9575817577,868292.9609623048,0,720.2325223381354,-96.01154548662346,True,197516.0782604999,True,100,85,15
825,729492.5583791061,868456.5633927298,0,557.9986869522832,-92.13216119444301,True,318913.4190460841,True,100,85,15
826,729615.9241214384,868221.7887859693,0,795.5767602472383,-97.52387309309778,True,158239.17576210524,True,100,85,15
827,729686.8788989137,868381.6456488845,0,649.819828646488,-94.44775357558895,True,243224.0588622615,True,100,85,15
828,729543.9890421735,868211.2966324667,0,801.842843399629,-97.64312400885493,True,155363.05954456626,True,100,85,15
829,729589.4789607744,868618.336570594,0,398.70270463635046,-87.02272136120875,True,508435.80493200634,True,100,85,15
830,729498.0441043322,868665.0792277367,0,349.7763352669856,-85.03266481129117,True,587073.2750961046,True,100,85,15
831,729524.34835835,868470.9178615627,0,542.2258193812897,-91.69630677981333,True,334049.9654906691,True,100,85,15
832,729599.5965111073,868504.6207031227,0,512.7454581295367,-90.84656377354617,True,364236.2435792442,True,100,85,15
833,729661.702209352,868641.8389664764,0,392.79182237616476,-86.79568531361033,True,517314.5944385498,True,100,85,15
834,729545.7305749452,868680.2947179478,0,333.00434727933185,-84.28574660980394,True,616986.1432279792,True,100,85,15
835,729560.0232607177,868948.630755701,0,69.73969504277986,-60.52180153875496,True,1597798.206004592,True,100,85,15
836,729641.2326371596,868739.3540052163,0,294.20750108655875,-82.40288094422637,True,693085.8160884838,True,100,85,15
837,729619.146612947,868848.1698083617,0,185.88277626649517,-75.42337026028625,True,979788.0738158873,True,100,85,15
838,729495.6251138633,869016.6120380486,0,37.89304947387103,-51.249584490864564,True,1982796.112467019,True,100,85,15
839,729586.5806041984,869093.0885053886,0,96.10620119131539,-65.39629939014553,True,1395442.1000586273,True,100,85,15
840,729607.8737691286,869184.7575314651,0,187.16423344593264,-75.52780009605878,True,975470.8952288915,True,100,85,15
841,729673.9618259658,869017.7526614743,0,140.68765911435406,-71.18896012325153,True,1155126.7120216636,True,100,85,15
842,729585.0061253681,868996.5713666216,0,54.22455257419711,-56.69685920147197,True,1756610.5100413065,True,100,85,15
843,729466.1893781305,869185.5397774476,0,185.08656038063347,-75.3581209623741,True,982485.741474962,True,100,85,15
844,729474.9804137093,869205.1572688393,0,200.76153394070155,-76.59381768541992,True,931429.8699518463,True,100,85,15
845,729480.874910046,869236.5075627713,0,229.51838241714725,-78.62861160609555,True,847551.6028070895,True,100,85,15
846,729488.2733781583,869162.6420387432,0,156.21848046162174,-72.78063431865324,True,1089165.7534816836,True,100,85,15
847,729622.6953324323,869162.6961281707,0,174.2713540866903,-74.4429101985484,True,1020341.4818513705,True,100,85,15
848,729573.759808549,869160.4064286123,0,152.77800836295216,-72.44212954701794,True,1103189.6405766606,True,100,85,15
849,729446.7838956128,869271.9555230201,0,272.9768051533662,-81.26440113080366,True,739467.0623085509,True,100,85,15
850,729422.5790263057,869512.8462303518,0,511.9062853567932,-90.8216661698622,True,365133.2551640815,True,100,85,15
851,729447.8203291701,869500.3136842538,0,494.69500969867926,-90.30181352841437,True,384013.38574096025,True,100,85,15
852,729508.8184451218,869507.7598769007,0,495.2989451176388,-90.32035910597051,True,383335.0378559518,True,100,85,15
853,729483.2737600176,869607.7197620361,0,596.7557864350659,-93.1528823590589,True,284501.26011271065,True,100,85,15
854,729505.8877753866,869566.5520789545,0,554.1641440787536,-92.02734478140468,True,322530.6964710256,True,100,85,15
855,729571.8650439183,869660.077301578,0,648.1535988579932,-94.40872778743149,True,244425.3275111328,True,100,85,15
856,729565.6596675585,869789.9205189903,0,777.523106601583,-97.17496565221398,True,166843.2836387497,True,100,85,15
857,729487.2051550938,869722.0513052682,0,710.4826297300744,-95.8043712583061,True,203287.03400738773,True,100,85,15
858,729597.011597733,870034.9941378767,0,1023.9060867252948,-101.35910436514885,True,82591.46168495453,True,100,85,15
859,729432.0205806929,870016.74243325,0,1008.7757964594093,-101.13281287844586,True,86101.31146102333,True,100,85,15
860,729634.361942295,870128.7467243472,0,1120.24101830151,-102.72590147025197,True,63749.08315803518,True,100,85,15
861,729643.3909938675,869946.4066952826,0,939.8020791308535,-100.05627405182732,True,104399.76841405954,True,100,85,15
862,729573.6902376758,870249.8102955297,0,1237.3990420875261,-104.23784214187198,True,47227.25603680151,True,100,85,15
863,729597.0722783586,870139.4459959507,0,1128.1779868721162,-102.83321675153067,True,62433.62553201381,True,100,85,15
864,729527.2239315457,870139.7623884887,0,1126.7101337782492,-102.81342701526026,True,62674.48472495671,True,100,85,15
865,729467.722747933,870556.8926536124,0,1545.2180872962838,-107.6146424072818,True,23245.019185541645,True,100,85,15
866,729657.5418289657,870408.2482869545,0,1400.6957341412647,-106.12203320986957,True,31975.013801869914,True,100,85,15
867,729442.1971017706,870464.1811846108,0,1453.9725052584765,-106.68946679195086,True,28350.053855008024,True,100,85,15
868,729445.2751230645,870521.8302767624,0,1511.3300079605553,-107.27757569234763,True,24996.574379805996,True,100,85,15
869,729587.8140726825,870681.350094601,0,1669.1699062648404,-108.78751911505927,True,18008.11601557819,True,100,85,15
870,729648.4609292813,870767.8120152181,0,1758.5145316937685,-109.58010865291445,True,15126.293068252224,True,100,85,15
871,729518.5522237722,870618.5992274808,0,1605.598518948237,-108.19729356057195,True,20485.86327703727,True,100,85,15
872,729494.3075183211,870772.363509864,0,1759.727801435998,-109.59059233844756,True,15091.307118739069,True,100,85,15
873,729518.7078286792,871050.2791469721,0,2037.2628604211402,-111.81664738038978,False,9189.823562740405,True,100,0,100
874,729528.6532913863,871039.1114899673,0,2026.0480181778332,-111.73274069369162,False,9364.523394450896,True,100,0,100
875,729528.975144468,870905.1834431222,0,1892.1195851032664,-110.693200337325,True,11815.696375237238,True,100,85,15
876,729479.6366163513,871080.9926163922,0,2068.621224465966,-112.04883417115788,False,8722.791890572797,True,100,0,100
877,729492.8293298344,871298.0372507969,0,2285.3276283670384,-113.56319645167846,False,6198.404389358649,True,100,0,100
878,729622.3213896129,871244.4576215621,0,2233.1616733918386,-113.2122057984135,False,6710.557461803247,True,100,0,100
879,729578.5191846113,871229.2844569456,0,2216.67574624455,-113.09957593151253,False,6883.542264995073,True,100,0,100
880,729492.0565390978,871130.5640327769,0,2117.8977495662593,-112.40667461088319,False,8048.042165922392,True,100,0,100
881,729456.0063880378,871221.6929702552,0,2209.97795461712,-113.05357795080869,False,6955.4407177243065,True,100,0,100
882,729594.1437109065,871134.6122939807,0,2122.4141674868283,-112.43905475915258,False,7989.565526631368,True,100,0,100
883,729899.1885016046,867523.7166480559,0,1533.6252558945548,-107.50017381768964,True,23826.55747951564,True,100,85,15
884,729893.0916055652,867439.3549174621,0,1614.3073552594308,-108.27951789404507,True,20122.308939237253,True,100,85,15
885,729786.3508793664,867522.7654014218,0,1511.6259242119017,-107.28055159933574,True,24980.58488502792,True,100,85,15
886,729827.7694640466,867468.7039198753,0,1572.1783640560493,-107.87756353632828,True,21959.290244939806,True,100,85,15
887,729957.159486013,867710.2032070282,0,1370.0626711452783,-105.78591517810314,True,34317.49347723552,True,100,85,15
888,729857.6582093211,867603.1180989204,0,1446.767340513535,-106.61395437359458,True,28809.596518964838,True,100,85,15
889,729773.7378011686,867814.810263062,0,1222.1330001764622,-104.0491464894518,True,49062.94893808864,True,100,85,15
890,729790.521693994,867910.4918044785,0,1132.1715725513304,-102.88692861280727,True,61783.80561771615,True,100,85,15
891,729926.5569762845,867977.5932800723,0,1107.6189935749323,-102.55366380637847,True,65908.58006565759,True,100,85,15
892,729759.757537761,868035.6640649504,0,1003.2844312528107,-101.04984255543454,True,87417.01791023357,True,100,85,15
893,729935.2018230739,867993.2024306685,0,1096.1801012430851,-102.39586699487995,True,67939.8793356399,True,100,85,15
894,729810.548839634,867865.5628666757,0,1180.5118155882901,-103.52246183815991,True,54517.96687906472,True,100,85,15
895,729886.8701393829,867970.4938735387,0,1100.8804182275662,-102.46090513916602,True,67096.47960221395,True,100,85,15
896,729885.7716708282,867936.8539301953,0,1132.4478892684883,-102.89063793261559,True,61739.13934040987,True,100,85,15
897,729722.4703586939,868216.0028029387,0,819.1947824304299,-97.96855121447578,True,147683.52906394837,True,100,85,15
898,729870.6039494035,868205.8305140429,0,874.8557703830631,-98.96777612419008,True,125670.27476477264,True,100,85,15
899,729790.0000918698,868198.2879973585,0,854.2459348779649,-98.60540222756006,True,133378.6901506785,True,100,85,15
900,729920.5874034119,868226.6080845189,0,876.6252252677068,-98.99848872278565,True,125031.37994367996,True,100,85,15
901,729840.1377518659,868325.1457765013,0,753.2301478615566,-96.69246929798615,True,179199.45533680136,True,100,85,15
902,729794.4113121752,868349.1359731824,0,713.4135147904194,-95.86694662996791,True,201534.42019852815,True,100,85,15
903,729898.2562781684,868077.5830948094,0,1004.1358227763823,-101.06273613182633,True,87211.53717676068,True,100,85,15
904,729768.6298134017,868323.9474879327,0,728.1784989289121,-96.17832479507523,True,192936.64230822038,True,100,85,15
905,729758.7126097124,868168.7154761943,0,873.9107931667606,-98.9513486085145,True,126012.93152934975,True,100,85,15
906,729922.7467027936,868301.008712606,0,811.5773869025999,-97.82654782021073,True,151004.01454677846,True,100,85,15
907,729795.7009004739,868206.6288239468,0,848.0403850264826,-98.49457870891247,True,135798.7146428074,True,100,85,15
908,729774.4244272192,868148.8993525663,0,897.1649143742162,-99.35052984175933,True,117869.09251875171,True,100,85,15
909,729859.4515284646,868318.1502125253,0,767.6280435748671,-96.98027913160149,True,171765.61701104106,True,100,85,15
910,729812.8299406561,868283.3114896065,0,781.4433707590235,-97.25141289423122,True,164934.10339047774,True,100,85,15
911,729805.3569395187,868499.6452608651,0,581.0253506232705,-92.74682785026495,True,298007.8250961431,True,100,85,15
912,729784.2103944934,868326.3270877148,0,731.1252985649054,-96.23971341025045,True,191266.08241195953,True,100,85,15
913,729713.3752252981,868469.7668637988,0,572.3507939859471,-92.51818013686976,True,305721.67174258135,True,100,85,15
914,729871.8960795472,868476.8549725072,0,634.1430343963322,-94.07655292412682,True,254761.70354352245,True,100,85,15
915,729941.3651782081,868493.5848028893,0,660.5591396445224,-94.69690970771285,True,235621.16462569765,True,100,85,15
916,729878.0694206739,868466.1594109432,0,646.4827964634152,-94.36949403299268,True,245635.8065583625,True,100,85,15
917,729770.8946811461,868627.4748102585,0,452.889909832673,-88.95974257221827,True,433949.2760309112,True,100,85,15
918,729910.5245006855,868594.3514747372,0,563.5452768152795,-92.28250849791498,True,313750.85368483624,True,100,85,15
919,729811.9725762852,868739.6697592584,0,390.3542512418134,-86.70106197282752,True,521022.9308803068,True,100,85,15
920,729849.6051968985,868602.1381722761,0,518.5364668390523,-91.01727564688599,True,358104.35454049223,True,100,85,15
921,729781.4239180976,869006.127272367,0,248.1688676805579,-79.81615547027553,True,798755.0819257222,True,100,85,15
922,729886.8791253177,868913.0662438227,0,367.3987686383427,-85.77981937417829,True,557349.191502072,True,100,85,15
923,729906.0717108069,869044.2561330169,0,374.0220723905362,-86.05140312837909,True,546600.3495632851,True,100,85,15
924,729917.2265941789,868959.0032399406,0,387.66310639523573,-86.59590650237084,True,525149.298676579,True,100,85,15
925,729927.0569962625,868990.585656112,0,394.34629505288274,-86.85572177200498,True,514964.10706214147,True,100,85,15
926,729768.2759084966,869145.7790206872,0,269.8168662727405,-81.08741828878806,True,746696.7878866913,True,100,85,15
927,729901.9499081421,869205.8091449415,0,415.9484328683646,-87.66638223344788,True,483418.54443599033,True,100,85,15
928,729907.8508446388,869185.8579036637,0,412.43824063086026,-87.53756239550415,True,488406.17494247644,True,100,85,15
929,729843.4681689721,869192.2871481214,0,358.17749248883877,-85.39344021106405,True,572693.8004611528,True,100,85,15
930,729824.483569538,869102.7959960209,0,304.6447922981806,-82.93278154911626,True,671582.8253769281,True,100,85,15
931,729734.8774206152,869272.8710625977,0,328.800222406275,-84.09262359213983,True,624748.9711076752,True,100,85,15
932,729836.9539656834,869535.8337281788,0,604.5304825744643,-93.34963715468173,True,278048.64164281025,True,100,85,15
933,729908.5160992884,869447.855461427,0,574.271122620506,-92.5690942374956,True,303997.4207359539,True,100,85,15
934,729756.4483765352,869404.5186881438,0,450.5605899442068,-88.88136206203583,True,436912.95722661034,True,100,85,15
935,729902.45565815,869297.1005428735,0,465.7374363148146,-89.38494018850551,True,417957.75392310583,True,100,85,15
936,729823.2788940638,869397.475697726,0,481.4832137958613,-89.89034027401284,True,399150.59119018336,True,100,85,15
937,729755.8077540072,869674.9200934694,0,698.2359695425067,-95.5400776188967,True,210779.32625807234,True,100,85,15
938,729735.3675370122,869633.1438122358,0,652.1526557130802,-94.50222435074247,True,241552.05380512786,True,100,85,15
939,729737.2571980321,869664.3821458537,0,682.4852998515629,-95.19326555189117,True,220827.34144809592,True,100,85,15
940,729885.1688752064,869702.1164083584,0,773.6675293691102,-97.09940295036122,True,168743.51285048015,True,100,85,15
941,729934.077756643,869611.3700576121,0,720.1008676005363,-96.00876669605802,True,197592.88191001094,True,100,85,15
942,729748.9925368152,870008.9911392642,0,1019.0004123866486,-101.2861025917483,True,83711.23295509939,True,100,85,15
943,729743.2157077899,869899.734912997,0,911.1637028566627,-99.58587437968772,True,113245.9729114582,True,100,85,15
944,729771.6582835699,869956.4661161045,0,973.0303592492593,-100.58442367733251,True,95087.94945740562,True,100,85,15
945,729794.9771600222,870004.0214742596,0,1024.9071214232936,-101.37395787716645,True,82365.07597981369,True,100,85,15
946,729719.516672052,870089.4615235107,0,1092.3727676286126,-102.3429802691454,True,68632.12126253116,True,100,85,15
947,729768.2300685112,870016.019825535,0,1030.0864781993237,-101.45057902000914,True,81205.04696674249,True,100,85,15
948,729824.0269867793,870262.6460863741,0,1282.9399642228325,-104.78722168427801,True,42221.284891014766,True,100,85,15
949,729760.6984863873,870064.5009497859,0,1075.7302947153962,-102.10961897893344,True,71756.05421213653,True,100,85,15
950,729948.6398698342,870200.8814743807,0,1258.3173487421896,-104.49265645307716,True,44843.87449912211,True,100,85,15
951,729808.3541799112,870031.6509298476,0,1055.0523323479342,-101.81459006634489,True,75870.09749028871,True,100,85,15
952,729881.1223115383,870154.8450933829,0,1193.564791474043,-103.68960997288856,True,52732.79337651342,True,100,85,15
953,729771.89694714,870340.1586358752,0,1348.358532002646,-105.5431885651358,True,36104.88708032461,True,100,85,15
954,729857.2787681462,870334.5471327634,0,1360.6002781003285,-105.6805694387311,True,35083.15460593977,True,100,85,15
955,729871.4671977877,870433.2754444698,0,1459.9001176359225,-106.75131002470164,True,27978.74907620124,True,100,85,15
956,729817.4459971415,870358.7921094663,0,1375.3836602600304,-105.84483511962486,True,33895.90265179718,True,100,85,15
957,729955.9116431957,870408.335802819,0,1457.8498533162285,-106.72994791193895,True,28106.495459113492,True,100,85,15
958,729892.9541129214,870498.3105138213,0,1528.1544945801643,-107.44585420880425,True,24107.256048051608,True,100,85,15
959,729870.554066107,870658.2244428579,0,1679.3575623175795,-108.88001109997431,True,17646.620108801242,True,100,85,15
960,729795.621400847,870608.1111717657,0,1616.460621524973,-108.29977952414868,True,20033.663267918193,True,100,85,15
961,729946.1978824202,870550.4434379055,0,1591.8423295654554,-108.06650171800415,True,21076.962955113646,True,100,85,15
962,729755.3065409655,870682.6345255395,0,1684.2544520156046,-108.92426964012225,True,17476.093093501793,True,100,85,15
963,729825.4136699825,870598.7246191947,0,1612.3287269449636,-108.26087571652118,True,20204.196809801066,True,100,85,15
964,729813.422941326,870746.8227416107,0,1756.2294718746296,-109.56034413218809,True,15192.462414210673,True,100,85,15
965,729749.4699645762,870899.8388274686,0,1899.1070505704538,-110.74923061448362,True,11669.031528191212,True,100,85,15
966,729864.680284784,870978.0233555961,0,1992.6927163980758,-111.48041166868813,True,9909.606079104185,True,100,85,15
967,729917.0865988099,870892.5436770135,0,1918.2485460233077,-110.90167071916014,True,11278.869863563277,True,100,85,15
968,729816.5904178782,870894.5113381415,0,1902.6427632990208,-110.77750387631976,True,11595.693931399932,True,100,85,15
969,729944.5207710892,870907.7883098549,0,1938.819536706891,-111.06380855494304,True,10877.766289150055,True,100,85,15
970,729953.1514011867,870787.8902918034,0,1823.7933840927144,-110.134147258217,True,13380.088453163824,True,100,85,15
971,729910.4374926679,871018.0700575638,0,2040.1526688056085,-111.83819337258487,False,9145.478299004337,True,100,0,100
972,729729.5485172675,871160.6790928773,0,2156.55337633708,-112.68160741068642,False,7564.5542293727085,True,100,0,100
973,729831.8000632714,871077.4874903888,0,2085.8799548194143,-112.17512587035421,False,8478.572688925511,True,100,0,100
974,729718.6179336805,871164.4251553483,0,2159.318655933247,-112.70108579367431,False,7531.399804037509,True,100,0,100
975,729785.1483944784,871078.7299273544,0,2080.950922433106,-112.13916432452669,False,8547.425864605104,True,100,0,100
976,729859.2042871454,871237.2572484278,0,2247.9308998303036,-113.3124034994353,False,6560.257974827489,True,100,0,100
977,729847.6316041056,871223.810237146,0,2232.9685939399856,-113.21089152106647,False,6712.551205674586,True,100,0,100
978,729976.1187929794,868336.9803001635,0,808.1696108009945,-97.76258805491618,True,152515.06710792464,True,100,85,15
979,729998.0013201855,868834.2508815001,0,497.870203221903,-90.39906473150344,True,380460.05517002434,True,100,85,15
980,729985.0118722159,869278.3856094853,0,523.8219610777483,-91.17142957476288,True,352595.5478393144,True,100,85,15
981,729966.2704904884,870257.2359004914,0,1317.3343388205508,-105.18936044386287,True,38861.10131397786,True,100,85,15
982,729998.1867762367,870738.6257037075,0,1787.069511253796,-109.82495059222418,True,14329.17559356385,True,100,85,15
983,729980.9056195713,870779.0239826718,0,1821.7852195233543,-110.11740109849899,True,13429.902964353287,True,100,85,15
