tipo de hurto,artículo,modalidad,nivel_severidad,modo,municipio,barrio_1,comuna,x,y,sitio,año_hecho,mes_hecho,día_hecho,día_semana_hecho,hora_hecho,extra_moda,tipo_noticia,categoria,tipo_delito,archivo_fuente,no,semana,barrioplaneacion,com,tipo_de_arma,ocupacion,sexo,edad,horah,fechao,fechah,diasem,jornadarh8,fh8,diasanio,estado_civil,escolaridad,tipo_violencia,feminicidios,procedimientofuerzapublica,poblacion_lgbtq,estratoplaneacion,dinámica,fecha_hecho,nivel_agrupado,peso_severidad,puntaje_individual,geometry
HURTO A PERSONAS,HURTO CALIFICADO. ART. 240 C.P.,ATRACO,Nivel 1,SUSTANCIA TÓXICA,CALI,Junín,09,-76.52645,3.43402,SIN INFORMACION,2023.0,octubre   ,6.0,6.0,05:15,3.0,DENUNCIA,Hurto,HURTO A PERSONAS,Hurtos_fiscalia.csv,,,,,,,,,,,,,,,,,,,,,,,,,Nivel 1,1,1,POINT (727788.3875014762 871834.9925767926)
HURTO A PERSONAS,HURTO CALIFICADO. ART. 240 C.P.,ATRACO,Nivel 1,SUSTANCIA TÓXICA,CALI,Junín,09,-76.52645,3.43402,SIN INFORMACION,2023.0,octubre   ,7.0,7.0,03:10,3.0,DENUNCIA,Hurto,HURTO A PERSONAS,Hurtos_fiscalia.csv,,,,,,,,,,,,,,,,,,,,,,,,,Nivel 1,1,1,POINT (727788.3875014762 871834.9925767926)
HURTO A PERSONAS,HURTO CALIFICADO. ART. 240 C.P.,ATRACO,Nivel 1,SUSTANCIA TÓXICA,CALI,Junín,09,-76.526464,3.433963,CAJERO ELECTRONICO,2023.0,diciembre ,8.0,6.0,08:00,3.0,DENUNCIA,Hurto,HURTO A PERSONAS,Hurtos_fiscalia.csv,,,,,,,,,,,,,,,,,,,,,,,,,Nivel 1,1,1,POINT (727786.8142251519 871828.6878459711)
HURTO A PERSONAS,HURTO CALIFICADO. ART. 240 C.P.,ATRACO,Nivel 1,SUSTANCIA TÓXICA,CALI,Junín,09,-76.52645,3.43402,SIN INFORMACION,2023.0,septiembre,8.0,6.0,15:15,3.0,DENUNCIA,Hurto,HURTO A PERSONAS,Hurtos_fiscalia.csv,,,,,,,,,,,,,,,,,,,,,,,,,Nivel 1,1,1,POINT (727788.3875014762 871834.9925767926)
HURTO A PERSONAS,HURTO CALIFICADO. ART. 240 C.P.,ATRACO,Nivel 1,SUSTANCIA TÓXICA,CALI,Junín,09,-76.52645,3.43402,SIN INFORMACION,2023.0,noviembre ,7.0,3.0,21:00,3.0,DENUNCIA,Hurto,HURTO A PERSONAS,Hurtos_fiscalia.csv,,,,,,,,,,,,,,,,,,,,,,,,,Nivel 1,1,1,POINT (727788.3875014762 871834.9925767926)
HURTO A PERSONAS,HURTO CALIFICADO. ART. 240 C.P.,ATRACO,Nivel 1,SUSTANCIA TÓXICA,CALI,Junín,09,-76.52645,3.43402,SIN INFORMACION,2023.0,octubre   ,6.0,6.0,19:00,3.0,DENUNCIA,Hurto,HURTO A PERSONAS,Hurtos_fiscalia.csv,,,,,,,,,,,,,,,,,,,,,,,,,Nivel 1,1,1,POINT (727788.3875014762 871834.9925767926)
HURTO A CELULARES,HURTO CALIFICADO. ART. 240 C.P.,ATRACO,Nivel 1,SIN ARMA,CALI,Junín,09,-76.52645,3.43402,SIN INFORMACION,2023.0,septiembre,7.0,5.0,18:30,3.0,DENUNCIA,Hurto,HURTO A CELULARES,Hurtos_fiscalia.csv,,,,,,,,,,,,,,,,,,,,,,,,,Nivel 1,1,1,POINT (727788.3875014762 871834.9925767926)
HURTO A CELULARES,HURTO CALIFICADO. ART. 240 C.P.,ATRACO,Nivel 1,SIN ARMA,CALI,Junín,09,-76.52645,3.43402,SIN INFORMACION,2023.0,abril     ,10.0,2.0,14:30,3.0,DENUNCIA,Hurto,HURTO A CELULARES,Hurtos_fiscalia.csv,,,,,,,,,,,,,,,,,,,,,,,,,Nivel 1,1,1,POINT (727788.3875014762 871834.9925767926)
HURTO A CELULARES,HURTO CALIFICADO. ART. 240 C.P.,ATRACO,Nivel 1,SIN ARMA,CALI,Junín,09,-76.52645,3.43402,SIN INFORMACION,2023.0,septiembre,29.0,6.0,18:30,3.0,DENUNCIA,Hurto,HURTO A CELULARES,Hurtos_fiscalia.csv,,,,,,,,,,,,,,,,,,,,,,,,,Nivel 1,1,1,POINT (727788.3875014762 871834.9925767926)
HURTO A CELULARES,HURTO CALIFICADO. ART. 240 C.P.,ATRACO,Nivel 1,SIN ARMA,CALI,Junín,09,-76.52645,3.43402,SIN INFORMACION,2023.0,septiembre,14.0,5.0,15:30,3.0,DENUNCIA,Hurto,HURTO A CELULARES,Hurtos_fiscalia.csv,,,,,,,,,,,,,,,,,,,,,,,,,Nivel 1,1,1,POINT (727788.3875014762 871834.9925767926)
HURTO A CELULARES,HURTO CALIFICADO. ART. 240 C.P.,ATRACO,Nivel 1,SIN ARMA,CALI,Junín,09,-76.52645,3.43402,SIN INFORMACION,2023.0,agosto    ,22.0,3.0,12:10,3.0,DENUNCIA,Hurto,HURTO A CELULARES,Hurtos_fiscalia.csv,,,,,,,,,,,,,,,,,,,,,,,,,Nivel 1,1,1,POINT (727788.3875014762 871834.9925767926)
HURTO A CELULARES,HURTO. ART. 239 C.P.,ATRACO,Nivel 1,SIN ARMA,CALI,Junín,09,-76.52645,3.43402,SIN INFORMACION,2023.0,julio     ,3.0,2.0,15:00,3.0,DENUNCIA,Hurto,HURTO A CELULARES,Hurtos_fiscalia.csv,,,,,,,,,,,,,,,,,,,,,,,,,Nivel 1,1,1,POINT (727788.3875014762 871834.9925767926)
HURTO A CELULARES,HURTO CALIFICADO. ART. 240 C.P.,ATRACO,Nivel 1,SIN ARMA,CALI,Junín,09,-76.52645,3.43402,SIN INFORMACION,2024.0,febrero   ,21.0,4.0,01:30,3.0,DENUNCIA,Hurto,HURTO A CELULARES,Hurtos_fiscalia.csv,,,,,,,,,,,,,,,,,,,,,,,,,Nivel 1,1,1,POINT (727788.3875014762 871834.9925767926)
HURTO A CELULARES,HURTO. ART. 239 C.P.,ATRACO,Nivel 1,SIN ARMA,CALI,Junín,09,-76.527346,3.433997,SIN INFORMACION,2024.0,noviembre ,18.0,2.0,07:30,3.0,DENUNCIA,Hurto,HURTO A CELULARES,Hurtos_fiscalia.csv,,,,,,,,,,,,,,,,,,,,,,,,,Nivel 1,1,1,POINT (727688.725606797 871832.7022956323)
HURTO A CELULARES,HURTO. ART. 239 C.P.,ATRACO,Nivel 1,SIN ARMA,CALI,Junín,09,-76.52645,3.43402,SIN INFORMACION,2024.0,febrero   ,13.0,3.0,00:30,3.0,DENUNCIA,Hurto,HURTO A CELULARES,Hurtos_fiscalia.csv,,,,,,,,,,,,,,,,,,,,,,,,,Nivel 1,1,1,POINT (727788.3875014762 871834.9925767926)
HURTO A PERSONAS,HURTO CALIFICADO. ART. 240 C.P.,ATRACO,Nivel 1,SIN ARMA,CALI,Junín,09,-76.52645,3.43402,SIN INFORMACION,2023.0,octubre   ,16.0,2.0,09:30,3.0,DENUNCIA,Hurto,HURTO A PERSONAS,Hurtos_fiscalia.csv,,,,,,,,,,,,,,,,,,,,,,,,,Nivel 1,1,1,POINT (727788.3875014762 871834.9925767926)
HURTO A PERSONAS,HURTO CALIFICADO. ART. 240 C.P.,ATRACO,Nivel 1,SIN ARMA,CALI,Junín,09,-76.52645,3.43402,SIN INFORMACION,2023.0,noviembre ,29.0,4.0,09:00,3.0,DENUNCIA,Hurto,HURTO A PERSONAS,Hurtos_fiscalia.csv,,,,,,,,,,,,,,,,,,,,,,,,,Nivel 1,1,1,POINT (727788.3875014762 871834.9925767926)
HURTO A PERSONAS,HURTO CALIFICADO. ART. 240 C.P.,ATRACO,Nivel 1,SIN ARMA,CALI,Junín,09,-76.527337,3.43419,SIN INFORMACION,2023.0,octubre   ,15.0,1.0,18:26,3.0,DENUNCIA,Hurto,HURTO A PERSONAS,Hurtos_fiscalia.csv,,,,,,,,,,,,,,,,,,,,,,,,,Nivel 1,1,1,POINT (727689.7813537808 871854.0608483674)
HURTO A PERSONAS,HURTO CALIFICADO. ART. 240 C.P.,ATRACO,Nivel 1,SIN ARMA,CALI,Junín,09,-76.52645,3.43402,SIN INFORMACION,2023.0,noviembre ,18.0,7.0,18:15,3.0,DENUNCIA,Hurto,HURTO A PERSONAS,Hurtos_fiscalia.csv,,,,,,,,,,,,,,,,,,,,,,,,,Nivel 1,1,1,POINT (727788.3875014762 871834.9925767926)
HURTO A PERSONAS,HURTO. ART. 239 C.P.,ATRACO,Nivel 1,SIN ARMA,CALI,Junín,09,-76.52645,3.43402,SIN INFORMACION,2023.0,julio     ,14.0,6.0,15:00,3.0,DENUNCIA,Hurto,HURTO A PERSONAS,Hurtos_fiscalia.csv,,,,,,,,,,,,,,,,,,,,,,,,,Nivel 1,1,1,POINT (727788.3875014762 871834.9925767926)
HURTO A PERSONAS,HURTO CALIFICADO. ART. 240 C.P.,ATRACO,Nivel 1,SIN ARMA,CALI,Junín,09,-76.527524,3.434234,SIN INFORMACION,2023.0,enero     ,25.0,4.0,00:00,3.0,DENUNCIA,Hurto,HURTO A PERSONAS,Hurtos_fiscalia.csv,,,,,,,,,,,,,,,,,,,,,,,,,Nivel 1,1,1,POINT (727668.9952213166 871858.984047224)
HURTO A PERSONAS,HURTO CALIFICADO. ART. 240 C.P.,ATRACO,Nivel 1,SIN ARMA,CALI,Junín,09,-76.52645,3.43402,SIN INFORMACION,2023.0,abril     ,14.0,6.0,16:45,3.0,DENUNCIA,Hurto,HURTO A PERSONAS,Hurtos_fiscalia.csv,,,,,,,,,,,,,,,,,,,,,,,,,Nivel 1,1,1,POINT (727788.3875014762 871834.9925767926)
HURTO A PERSONAS,HURTO. ART. 239 C.P.,ATRACO,Nivel 1,SIN ARMA,CALI,Junín,09,-76.52645,3.43402,SIN INFORMACION,2023.0,junio     ,7.0,4.0,09:00,3.0,DENUNCIA,Hurto,HURTO A PERSONAS,Hurtos_fiscalia.csv,,,,,,,,,,,,,,,,,,,,,,,,,Nivel 1,1,1,POINT (727788.3875014762 871834.9925767926)
HURTO A PERSONAS,HURTO. ART. 239 C.P.,ATRACO,Nivel 1,SIN ARMA,CALI,Junín,09,-76.52645,3.43402,SIN INFORMACION,2023.0,septiembre,3.0,1.0,13:51,3.0,DENUNCIA,Hurto,HURTO A PERSONAS,Hurtos_fiscalia.csv,,,,,,,,,,,,,,,,,,,,,,,,,Nivel 1,1,1,POINT (727788.3875014762 871834.9925767926)
HURTO A PERSONAS,HURTO CALIFICADO. ART. 240 C.P.,ATRACO,Nivel 1,SIN ARMA,CALI,Junín,09,-76.52645,3.43402,SIN INFORMACION,2023.0,junio     ,17.0,7.0,01:30,3.0,DENUNCIA,Hurto,HURTO A PERSONAS,Hurtos_fiscalia.csv,,,,,,,,,,,,,,,,,,,,,,,,,Nivel 1,1,1,POINT (727788.3875014762 871834.9925767926)
HURTO A PERSONAS,HURTO CALIFICADO. ART. 240 C.P.,ATRACO,Nivel 1,SIN ARMA,CALI,Junín,09,-76.526453,3.434077,VIA PUBLICA,2023.0,junio     ,14.0,4.0,10:30,3.0,DENUNCIA,Hurto,HURTO A PERSONAS,Hurtos_fiscalia.csv,,,,,,,,,,,,,,,,,,,,,,,,,Nivel 1,1,1,POINT (727788.0699959088 871841.3021513941)
HURTO A PERSONAS,HURTO CALIFICADO. ART. 240 C.P.,ATRACO,Nivel 1,SIN ARMA,CALI,Junín,09,-76.526463,3.434023,VIA PUBLICA,2023.0,mayo      ,21.0,1.0,10:38,3.0,DENUNCIA,Hurto,HURTO A PERSONAS,Hurtos_fiscalia.csv,,,,,,,,,,,,,,,,,,,,,,,,,Nivel 1,1,1,POINT (727786.9424599137 871835.3283187823)
HURTO A PERSONAS,HURTO CALIFICADO. ART. 240 C.P.,ATRACO,Nivel 1,SIN ARMA,CALI,Junín,09,-76.52645,3.43402,SIN INFORMACION,2023.0,agosto    ,9.0,4.0,21:00,3.0,DENUNCIA,Hurto,HURTO A PERSONAS,Hurtos_fiscalia.csv,,,,,,,,,,,,,,,,,,,,,,,,,Nivel 1,1,1,POINT (727788.3875014762 871834.9925767926)
HURTO A PERSONAS,HURTO. ART. 239 C.P.,ATRACO,Nivel 1,SIN ARMA,CALI,Junín,09,-76.52645,3.43402,SIN INFORMACION,2023.0,junio     ,19.0,2.0,14:00,3.0,DENUNCIA,Hurto,HURTO A PERSONAS,Hurtos_fiscalia.csv,,,,,,,,,,,,,,,,,,,,,,,,,Nivel 1,1,1,POINT (727788.3875014762 871834.9925767926)
HURTO A PERSONAS,HURTO CALIFICADO. ART. 240 C.P.,ATRACO,Nivel 1,SIN ARMA,CALI,Junín,09,-76.52645,3.43402,SIN INFORMACION,2023.0,octubre   ,5.0,5.0,20:30,3.0,DENUNCIA,Hurto,HURTO A PERSONAS,Hurtos_fiscalia.csv,,,,,,,,,,,,,,,,,,,,,,,,,Nivel 1,1,1,POINT (727788.3875014762 871834.9925767926)
HURTO A PERSONAS,HURTO. ART. 239 C.P.,ATRACO,Nivel 1,SIN ARMA,CALI,Junín,09,-76.52645,3.43402,SIN INFORMACION,2023.0,noviembre ,10.0,6.0,21:20,3.0,DENUNCIA,Hurto,HURTO A PERSONAS,Hurtos_fiscalia.csv,,,,,,,,,,,,,,,,,,,,,,,,,Nivel 1,1,1,POINT (727788.3875014762 871834.9925767926)
HURTO A PERSONAS,HURTO CALIFICADO. ART. 240 C.P.,ATRACO,Nivel 1,SIN ARMA,CALI,Junín,09,-76.52645,3.43402,SIN INFORMACION,2023.0,junio     ,3.0,7.0,09:20,3.0,DENUNCIA,Hurto,HURTO A PERSONAS,Hurtos_fiscalia.csv,,,,,,,,,,,,,,,,,,,,,,,,,Nivel 1,1,1,POINT (727788.3875014762 871834.9925767926)
HURTO A PERSONAS,HURTO CALIFICADO. ART. 240 C.P.,ATRACO,Nivel 1,SIN ARMA,CALI,Junín,09,-76.52645,3.43402,SIN INFORMACION,2023.0,septiembre,15.0,6.0,13:35,3.0,DENUNCIA,Hurto,HURTO A PERSONAS,Hurtos_fiscalia.csv,,,,,,,,,,,,,,,,,,,,,,,,,Nivel 1,1,1,POINT (727788.3875014762 871834.9925767926)
HURTO A PERSONAS,HURTO CALIFICADO. ART. 240 C.P.,ATRACO,Nivel 1,SIN ARMA,CALI,Junín,09,-76.52645,3.43402,SIN INFORMACION,2023.0,agosto    ,29.0,3.0,00:20,3.0,DENUNCIA,Hurto,HURTO A PERSONAS,Hurtos_fiscalia.csv,,,,,,,,,,,,,,,,,,,,,,,,,Nivel 1,1,1,POINT (727788.3875014762 871834.9925767926)
HURTO A PERSONAS,HURTO CALIFICADO. ART. 240 C.P.,ATRACO,Nivel 1,SIN ARMA,CALI,Junín,09,-76.52645,3.43402,SIN INFORMACION,2023.0,agosto    ,10.0,5.0,08:00,3.0,DENUNCIA,Hurto,HURTO A PERSONAS,Hurtos_fiscalia.csv,,,,,,,,,,,,,,,,,,,,,,,,,Nivel 1,1,1,POINT (727788.3875014762 871834.9925767926)
HURTO A PERSONAS,HURTO CALIFICADO. ART. 240 C.P.,ATRACO,Nivel 1,SIN ARMA,CALI,Junín,09,-76.52645,3.43402,SIN INFORMACION,2023.0,agosto    ,16.0,4.0,14:47,3.0,DENUNCIA,Hurto,HURTO A PERSONAS,Hurtos_fiscalia.csv,,,,,,,,,,,,,,,,,,,,,,,,,Nivel 1,1,1,POINT (727788.3875014762 871834.9925767926)
HURTO A PERSONAS,HURTO CALIFICADO. ART. 240 C.P.,ATRACO,Nivel 1,SIN ARMA,CALI,Junín,09,-76.52645,3.43402,SIN INFORMACION,2023.0,octubre   ,2.0,2.0,22:00,3.0,DENUNCIA,Hurto,HURTO A PERSONAS,Hurtos_fiscalia.csv,,,,,,,,,,,,,,,,,,,,,,,,,Nivel 1,1,1,POINT (727788.3875014762 871834.9925767926)
HURTO A PERSONAS,HURTO CALIFICADO. ART. 240 C.P.,ATRACO,Nivel 1,SIN ARMA,CALI,Junín,09,-76.52645,3.43402,SIN INFORMACION,2023.0,noviembre ,21.0,3.0,02:50,3.0,DENUNCIA,Hurto,HURTO A PERSONAS,Hurtos_fiscalia.csv,,,,,,,,,,,,,,,,,,,,,,,,,Nivel 1,1,1,POINT (727788.3875014762 871834.9925767926)
HURTO A PERSONAS,HURTO CALIFICADO. ART. 240 C.P.,ATRACO,Nivel 1,SIN ARMA,CALI,Junín,09,-76.52645,3.43402,SIN INFORMACION,2023.0,junio     ,24.0,7.0,21:30,3.0,DENUNCIA,Hurto,HURTO A PERSONAS,Hurtos_fiscalia.csv,,,,,,,,,,,,,,,,,,,,,,,,,Nivel 1,1,1,POINT (727788.3875014762 871834.9925767926)
HURTO A PERSONAS,HURTO CALIFICADO. ART. 240 C.P.,ATRACO,Nivel 1,SIN ARMA,CALI,Junín,09,-76.52645,3.43402,SIN INFORMACION,2023.0,septiembre,30.0,7.0,19:16,3.0,DENUNCIA,Hurto,HURTO A PERSONAS,Hurtos_fiscalia.csv,,,,,,,,,,,,,,,,,,,,,,,,,Nivel 1,1,1,POINT (727788.3875014762 871834.9925767926)
HURTO A PERSONAS,HURTO CALIFICADO. ART. 240 C.P.,ATRACO,Nivel 1,SIN ARMA,CALI,Junín,09,-76.526448,3.434064,VIA PUBLICA,2023.0,enero     ,31.0,3.0,20:30,3.0,DENUNCIA,Hurto,HURTO A PERSONAS,Hurtos_fiscalia.csv,,,,,,,,,,,,,,,,,,,,,,,,,Nivel 1,1,1,POINT (727788.6224221976 871839.86189589)
HURTO A PERSONAS,HURTO CALIFICADO. ART. 240 C.P.,ATRACO,Nivel 1,SIN ARMA,CALI,Junín,09,-76.526482,3.43402,VIA PUBLICA,2023.0,junio     ,2.0,6.0,00:20,3.0,DENUNCIA,Hurto,HURTO A PERSONAS,Hurtos_fiscalia.csv,,,,,,,,,,,,,,,,,,,,,,,,,Nivel 1,1,1,POINT (727784.8283822322 871835.0016946192)
HURTO A PERSONAS,HURTO CALIFICADO. ART. 240 C.P.,ATRACO,Nivel 1,SIN ARMA,CALI,Junín,09,-76.52645,3.43402,SIN INFORMACION,2023.0,junio     ,17.0,7.0,05:30,3.0,DENUNCIA,Hurto,HURTO A PERSONAS,Hurtos_fiscalia.csv,,,,,,,,,,,,,,,,,,,,,,,,,Nivel 1,1,1,POINT (727788.3875014762 871834.9925767926)
HURTO A PERSONAS,HURTO CALIFICADO. ART. 240 C.P.,ATRACO,Nivel 1,SIN ARMA,CALI,Junín,09,-76.52645,3.43402,SIN INFORMACION,2023.0,enero     ,19.0,5.0,12:30,3.0,DENUNCIA,Hurto,HURTO A PERSONAS,Hurtos_fiscalia.csv,,,,,,,,,,,,,,,,,,,,,,,,,Nivel 1,1,1,POINT (727788.3875014762 871834.9925767926)
HURTO A PERSONAS,HURTO CALIFICADO. ART. 240 C.P.,ATRACO,Nivel 1,SIN ARMA,CALI,Junín,09,-76.52645,3.43402,SIN INFORMACION,2023.0,agosto    ,31.0,5.0,21:35,3.0,DENUNCIA,Hurto,HURTO A PERSONAS,Hurtos_fiscalia.csv,,,,,,,,,,,,,,,,,,,,,,,,,Nivel 1,1,1,POINT (727788.3875014762 871834.9925767926)
HURTO A PERSONAS,HURTO CALIFICADO. ART. 240 C.P.,ATRACO,Nivel 1,SIN ARMA,CALI,Junín,09,-76.527008,3.434031,VIA PUBLICA,2023.0,septiembre,3.0,1.0,19:48,3.0,DENUNCIA,Hurto,HURTO A PERSONAS,Hurtos_fiscalia.csv,,,,,,,,,,,,,,,,,,,,,,,,,Nivel 1,1,1,POINT (727726.328467147 871836.3690587681)
HURTO A PERSONAS,HURTO. ART. 239 C.P.,ATRACO,Nivel 1,SIN ARMA,CALI,Junín,09,-76.52645,3.43402,SIN INFORMACION,2023.0,julio     ,4.0,3.0,21:22,3.0,DENUNCIA,Hurto,HURTO A PERSONAS,Hurtos_fiscalia.csv,,,,,,,,,,,,,,,,,,,,,,,,,Nivel 1,1,1,POINT (727788.3875014762 871834.9925767926)
HURTO A PERSONAS,HURTO. ART. 239 C.P.,ATRACO,Nivel 1,SIN ARMA,CALI,Junín,09,-76.52645,3.43402,SIN INFORMACION,2023.0,julio     ,10.0,2.0,09:42,3.0,DENUNCIA,Hurto,HURTO A PERSONAS,Hurtos_fiscalia.csv,,,,,,,,,,,,,,,,,,,,,,,,,Nivel 1,1,1,POINT (727788.3875014762 871834.9925767926)
HURTO A PERSONAS,HURTO CALIFICADO. ART. 240 C.P.,ATRACO,Nivel 1,SIN ARMA,CALI,Junín,09,-76.526431,3.433995,OTRO,2023.0,agosto    ,12.0,7.0,02:50,3.0,DENUNCIA,Hurto,HURTO A PERSONAS,Hurtos_fiscalia.csv,,,,,,,,,,,,,,,,,,,,,,,,,Nivel 1,1,1,POINT (727790.4936400985 871832.220180814)
HURTO A PERSONAS,HURTO CALIFICADO. ART. 240 C.P.,ATRACO,Nivel 1,SIN ARMA,CALI,Junín,09,-76.527816,3.434522,SIN INFORMACION,2023.0,julio     ,27.0,5.0,15:40,3.0,DENUNCIA,Hurto,HURTO A PERSONAS,Hurtos_fiscalia.csv,,,,,,,,,,,,,,,,,,,,,,,,,Nivel 1,1,1,POINT (727636.5999496443 871890.9429631237)
HURTO A PERSONAS,HURTO. ART. 239 C.P.,ATRACO,Nivel 1,SIN ARMA,CALI,Junín,09,-76.52645,3.43402,SIN INFORMACION,2024.0,febrero   ,7.0,4.0,00:00,3.0,DENUNCIA,Hurto,HURTO A PERSONAS,Hurtos_fiscalia.csv,,,,,,,,,,,,,,,,,,,,,,,,,Nivel 1,1,1,POINT (727788.3875014762 871834.9925767926)
HURTO A PERSONAS,HURTO CALIFICADO. ART. 240 C.P.,ATRACO,Nivel 1,SIN ARMA,CALI,Junín,09,-76.527639,3.43412,SIN INFORMACION,2024.0,febrero   ,16.0,6.0,20:00,3.0,DENUNCIA,Hurto,HURTO A PERSONAS,Hurtos_fiscalia.csv,,,,,,,,,,,,,,,,,,,,,,,,,Nivel 1,1,1,POINT (727656.17228812 871846.3993806022)
HURTO A PERSONAS,HURTO. ART. 239 C.P.,ATRACO,Nivel 1,SIN ARMA,CALI,Junín,09,-76.52645,3.43402,SIN INFORMACION,2024.0,enero     ,29.0,2.0,09:30,3.0,DENUNCIA,Hurto,HURTO A PERSONAS,Hurtos_fiscalia.csv,,,,,,,,,,,,,,,,,,,,,,,,,Nivel 1,1,1,POINT (727788.3875014762 871834.9925767926)
HURTO A PERSONAS,HURTO CALIFICADO. ART. 240 C.P.,ATRACO,Nivel 1,SIN ARMA,CALI,Junín,09,-76.52645,3.43402,SIN INFORMACION,2024.0,enero     ,17.0,4.0,20:15,3.0,DENUNCIA,Hurto,HURTO A PERSONAS,Hurtos_fiscalia.csv,,,,,,,,,,,,,,,,,,,,,,,,,Nivel 1,1,1,POINT (727788.3875014762 871834.9925767926)
HURTO A PERSONAS,HURTO. ART. 239 C.P.,ATRACO,Nivel 1,SIN ARMA,CALI,Junín,09,-76.527346,3.433997,SIN INFORMACION,2025.0,enero     ,25.0,7.0,11:07,3.0,QUERELLA,Hurto,HURTO A PERSONAS,Hurtos_fiscalia.csv,,,,,,,,,,,,,,,,,,,,,,,,,Nivel 1,1,1,POINT (727688.725606797 871832.7022956323)
HURTO A PERSONAS,HURTO. ART. 239 C.P.,ATRACO,Nivel 1,SIN ARMA,CALI,Junín,09,-76.527346,3.433997,SIN INFORMACION,2025.0,febrero   ,9.0,1.0,18:10,3.0,QUERELLA,Hurto,HURTO A PERSONAS,Hurtos_fiscalia.csv,,,,,,,,,,,,,,,,,,,,,,,,,Nivel 1,1,1,POINT (727688.725606797 871832.7022956323)
HURTO A PERSONAS,HURTO CALIFICADO. ART. 240 C.P.,ATRACO,Nivel 1,SIN ARMA,CALI,Junín,09,-76.527659,3.434129,SIN INFORMACION,2024.0,enero     ,24.0,4.0,20:00,3.0,DENUNCIA,Hurto,HURTO A PERSONAS,Hurtos_fiscalia.csv,,,,,,,,,,,,,,,,,,,,,,,,,Nivel 1,1,1,POINT (727653.950390051 871847.4011967222)
HURTO A PERSONAS,HURTO. ART. 239 C.P.,ATRACO,Nivel 1,SIN ARMA,CALI,Junín,09,-76.52645,3.43402,TRANSPORTE PUBLICO URBANO,2024.0,febrero   ,13.0,3.0,15:56,3.0,DENUNCIA,Hurto,HURTO A PERSONAS,Hurtos_fiscalia.csv,,,,,,,,,,,,,,,,,,,,,,,,,Nivel 1,1,1,POINT (727788.3875014762 871834.9925767926)
HURTO A PERSONAS,HURTO CALIFICADO. ART. 240 C.P.,ATRACO,Nivel 1,SIN ARMA,CALI,Junín,09,-76.52645,3.43402,SIN INFORMACION,2024.0,enero     ,12.0,6.0,16:00,3.0,DENUNCIA,Hurto,HURTO A PERSONAS,Hurtos_fiscalia.csv,,,,,,,,,,,,,,,,,,,,,,,,,Nivel 1,1,1,POINT (727788.3875014762 871834.9925767926)
HURTO A PERSONAS,HURTO. ART. 239 C.P.,ATRACO,Nivel 1,SIN ARMA,CALI,Junín,09,-76.52645,3.43402,SIN INFORMACION,2024.0,febrero   ,4.0,1.0,01:10,3.0,DENUNCIA,Hurto,HURTO A PERSONAS,Hurtos_fiscalia.csv,,,,,,,,,,,,,,,,,,,,,,,,,Nivel 1,1,1,POINT (727788.3875014762 871834.9925767926)
HURTO A PERSONAS,HURTO CALIFICADO. ART. 240 C.P.,ATRACO,Nivel 1,SIN ARMA,CALI,Junín,09,-76.52645,3.43402,SIN INFORMACION,2024.0,febrero   ,16.0,6.0,18:30,3.0,DENUNCIA,Hurto,HURTO A PERSONAS,Hurtos_fiscalia.csv,,,,,,,,,,,,,,,,,,,,,,,,,Nivel 1,1,1,POINT (727788.3875014762 871834.9925767926)
HURTO DE MOTOCICLETAS,HURTO CALIFICADO. ART. 240 C.P.,ATRACO,Nivel 1,SIN ARMA,CALI,Junín,09,-76.526492,3.434079,OTRO,2023.0,octubre   ,4.0,4.0,23:00,3.0,DENUNCIA,Hurto,HURTO DE MOTOCICLETAS,Hurtos_fiscalia.csv,,,,,,,,,,,,,,,,,,,,,,,,,Nivel 1,1,1,POINT (727783.7328866654 871841.5346225547)
HURTO DE MOTOCICLETAS,HURTO CALIFICADO. ART. 240 C.P.,ATRACO,Nivel 1,SIN ARMA,CALI,Junín,09,-76.52645,3.43402,SIN INFORMACION,2023.0,octubre   ,10.0,3.0,21:00,3.0,DENUNCIA,Hurto,HURTO DE MOTOCICLETAS,Hurtos_fiscalia.csv,,,,,,,,,,,,,,,,,,,,,,,,,Nivel 1,1,1,POINT (727788.3875014762 871834.9925767926)
HURTO DE MOTOCICLETAS,HURTO CALIFICADO. ART. 240 C.P.,ATRACO,Nivel 1,SIN ARMA,CALI,Junín,09,-76.52645,3.43402,SIN INFORMACION,2023.0,octubre   ,2.0,2.0,16:40,3.0,DENUNCIA,Hurto,HURTO DE MOTOCICLETAS,Hurtos_fiscalia.csv,,,,,,,,,,,,,,,,,,,,,,,,,Nivel 1,1,1,POINT (727788.3875014762 871834.9925767926)
HURTO DE MOTOCICLETAS,HURTO CALIFICADO. ART. 240 C.P.,ATRACO,Nivel 1,SIN ARMA,CALI,Junín,09,-76.52645,3.43402,SIN INFORMACION,2023.0,abril     ,1.0,7.0,03:15,3.0,DENUNCIA,Hurto,HURTO DE MOTOCICLETAS,Hurtos_fiscalia.csv,,,,,,,,,,,,,,,,,,,,,,,,,Nivel 1,1,1,POINT (727788.3875014762 871834.9925767926)
HURTO DE MOTOCICLETAS,HURTO CALIFICADO. ART. 240 C.P.,ATRACO,Nivel 1,SIN ARMA,CALI,Junín,09,-76.52645,3.43402,SIN INFORMACION,2023.0,diciembre ,2.0,7.0,00:00,3.0,DENUNCIA,Hurto,HURTO DE MOTOCICLETAS,Hurtos_fiscalia.csv,,,,,,,,,,,,,,,,,,,,,,,,,Nivel 1,1,1,POINT (727788.3875014762 871834.9925767926)
HURTO DE MOTOCICLETAS,HURTO CALIFICADO. ART. 240 C.P.,ATRACO,Nivel 1,SIN ARMA,CALI,Junín,09,-76.52645,3.43402,SIN INFORMACION,2023.0,septiembre,26.0,3.0,16:00,3.0,DENUNCIA,Hurto,HURTO DE MOTOCICLETAS,Hurtos_fiscalia.csv,,,,,,,,,,,,,,,,,,,,,,,,,Nivel 1,1,1,POINT (727788.3875014762 871834.9925767926)
HURTO DE MOTOCICLETAS,HURTO CALIFICADO. ART. 240 C.P.,ATRACO,Nivel 1,SIN ARMA,CALI,Junín,09,-76.526447,3.434028,VIA PUBLICA,2023.0,junio     ,21.0,4.0,14:45,3.0,DENUNCIA,Hurto,HURTO DE MOTOCICLETAS,Hurtos_fiscalia.csv,,,,,,,,,,,,,,,,,,,,,,,,,Nivel 1,1,1,POINT (727788.7234372088 871835.8771563575)
HURTO A CELULARES,HURTO CALIFICADO. ART. 240 C.P.,ATRACO,Nivel 1,ARMA DE FUEGO,CALI,Junín,09,-76.52645,3.43402,SIN INFORMACION,2023.0,abril     ,14.0,6.0,18:00,3.0,DENUNCIA,Hurto,HURTO A CELULARES,Hurtos_fiscalia.csv,,,,,,,,,,,,,,,,,,,,,,,,,Nivel 1,1,1,POINT (727788.3875014762 871834.9925767926)
HURTO A CELULARES,HURTO CALIFICADO. ART. 240 C.P.,ATRACO,Nivel 1,ARMA DE FUEGO,CALI,Junín,09,-76.526479,3.434078,OTRO,2023.0,octubre   ,1.0,1.0,01:40,3.0,DENUNCIA,Hurto,HURTO A CELULARES,Hurtos_fiscalia.csv,,,,,,,,,,,,,,,,,,,,,,,,,Nivel 1,1,1,POINT (727785.1784952444 871841.4202390476)
HURTO A CELULARES,HURTO CALIFICADO. ART. 240 C.P.,ATRACO,Nivel 1,ARMA DE FUEGO,CALI,Junín,09,-76.52645,3.43402,SIN INFORMACION,2023.0,junio     ,10.0,7.0,07:00,3.0,DENUNCIA,Hurto,HURTO A CELULARES,Hurtos_fiscalia.csv,,,,,,,,,,,,,,,,,,,,,,,,,Nivel 1,1,1,POINT (727788.3875014762 871834.9925767926)
HURTO A CELULARES,HURTO CALIFICADO. ART. 240 C.P.,ATRACO,Nivel 1,ARMA DE FUEGO,CALI,Junín,09,-76.52645,3.43402,SIN INFORMACION,2023.0,octubre   ,4.0,4.0,11:44,3.0,DENUNCIA,Hurto,HURTO A CELULARES,Hurtos_fiscalia.csv,,,,,,,,,,,,,,,,,,,,,,,,,Nivel 1,1,1,POINT (727788.3875014762 871834.9925767926)
HURTO A CELULARES,HURTO CALIFICADO. ART. 240 C.P.,ATRACO,Nivel 1,ARMA DE FUEGO,CALI,Junín,09,-76.52645,3.43402,SIN INFORMACION,2023.0,febrero   ,24.0,6.0,16:30,3.0,DENUNCIA,Hurto,HURTO A CELULARES,Hurtos_fiscalia.csv,,,,,,,,,,,,,,,,,,,,,,,,,Nivel 1,1,1,POINT (727788.3875014762 871834.9925767926)
HURTO A CELULARES,HURTO CALIFICADO. ART. 240 C.P.,ATRACO,Nivel 1,ARMA DE FUEGO,CALI,Junín,09,-76.52645,3.43402,SIN INFORMACION,2023.0,junio     ,2.0,6.0,13:30,3.0,DENUNCIA,Hurto,HURTO A CELULARES,Hurtos_fiscalia.csv,,,,,,,,,,,,,,,,,,,,,,,,,Nivel 1,1,1,POINT (727788.3875014762 871834.9925767926)
HURTO A CELULARES,HURTO CALIFICADO. ART. 240 C.P.,ATRACO,Nivel 1,ARMA DE FUEGO,CALI,Junín,09,-76.526321,3.434074,VIA PUBLICA,2023.0,enero     ,24.0,3.0,13:30,3.0,DENUNCIA,Hurto,HURTO A CELULARES,Hurtos_fiscalia.csv,,,,,,,,,,,,,,,,,,,,,,,,,Nivel 1,1,1,POINT (727802.7505104619 871840.9325031029)
HURTO A CELULARES,HURTO CALIFICADO. ART. 240 C.P.,ATRACO,Nivel 1,ARMA DE FUEGO,CALI,Junín,09,-76.52645,3.43402,SIN INFORMACION,2023.0,julio     ,24.0,2.0,14:00,3.0,DENUNCIA,Hurto,HURTO A CELULARES,Hurtos_fiscalia.csv,,,,,,,,,,,,,,,,,,,,,,,,,Nivel 1,1,1,POINT (727788.3875014762 871834.9925767926)
HURTO A CELULARES,HURTO CALIFICADO. ART. 240 C.P.,ATRACO,Nivel 1,ARMA DE FUEGO,CALI,Junín,09,-76.52645,3.43402,SIN INFORMACION,2023.0,octubre   ,19.0,5.0,12:00,3.0,DENUNCIA,Hurto,HURTO A CELULARES,Hurtos_fiscalia.csv,,,,,,,,,,,,,,,,,,,,,,,,,Nivel 1,1,1,POINT (727788.3875014762 871834.9925767926)
HURTO A CELULARES,HURTO CALIFICADO. ART. 240 C.P.,ATRACO,Nivel 1,ARMA DE FUEGO,CALI,Junín,09,-76.52694,3.434997,SIN INFORMACION,2023.0,mayo      ,15.0,2.0,09:30,3.0,DENUNCIA,Hurto,HURTO A CELULARES,Hurtos_fiscalia.csv,,,,,,,,,,,,,,,,,,,,,,,,,Nivel 1,1,1,POINT (727734.1655910296 871943.2659178863)
HURTO A CELULARES,HURTO CALIFICADO. ART. 240 C.P.,ATRACO,Nivel 1,ARMA DE FUEGO,CALI,Junín,09,-76.52645,3.43402,SIN INFORMACION,2023.0,julio     ,18.0,3.0,16:00,3.0,DENUNCIA,Hurto,HURTO A CELULARES,Hurtos_fiscalia.csv,,,,,,,,,,,,,,,,,,,,,,,,,Nivel 1,1,1,POINT (727788.3875014762 871834.9925767926)
HURTO A CELULARES,HURTO CALIFICADO. ART. 240 C.P.,ATRACO,Nivel 1,ARMA DE FUEGO,CALI,Junín,09,-76.52749,3.4345,SIN INFORMACION,2023.0,julio     ,28.0,6.0,13:00,3.0,DENUNCIA,Hurto,HURTO A CELULARES,Hurtos_fiscalia.csv,,,,,,,,,,,,,,,,,,,,,,,,,Nivel 1,1,1,POINT (727672.8522486406 871888.4150701927)
HURTO A CELULARES,HURTO CALIFICADO. ART. 240 C.P.,ATRACO,Nivel 1,ARMA DE FUEGO,CALI,Junín,09,-76.52645,3.43402,SIN INFORMACION,2023.0,octubre   ,19.0,5.0,21:30,3.0,DENUNCIA,Hurto,HURTO A CELULARES,Hurtos_fiscalia.csv,,,,,,,,,,,,,,,,,,,,,,,,,Nivel 1,1,1,POINT (727788.3875014762 871834.9925767926)
HURTO A CELULARES,HURTO CALIFICADO. ART. 240 C.P.,ATRACO,Nivel 1,ARMA DE FUEGO,CALI,Junín,09,-76.527,3.43404,VIA PUBLICA,2023.0,septiembre,6.0,4.0,09:00,3.0,DENUNCIA,Hurto,HURTO A CELULARES,Hurtos_fiscalia.csv,,,,,,,,,,,,,,,,,,,,,,,,,Nivel 1,1,1,POINT (727727.2207997385 871837.3628928626)
HURTO A CELULARES,HURTO CALIFICADO. ART. 240 C.P.,ATRACO,Nivel 1,ARMA DE FUEGO,CALI,Junín,09,-76.52645,3.43402,SIN INFORMACION,2023.0,abril     ,19.0,4.0,21:25,3.0,DENUNCIA,Hurto,HURTO A CELULARES,Hurtos_fiscalia.csv,,,,,,,,,,,,,,,,,,,,,,,,,Nivel 1,1,1,POINT (727788.3875014762 871834.9925767926)
HURTO A CELULARES,HURTO CALIFICADO. ART. 240 C.P.,ATRACO,Nivel 1,ARMA DE FUEGO,CALI,Junín,09,-76.52645,3.43402,SIN INFORMACION,2023.0,septiembre,23.0,7.0,17:01,3.0,DENUNCIA,Hurto,HURTO A CELULARES,Hurtos_fiscalia.csv,,,,,,,,,,,,,,,,,,,,,,,,,Nivel 1,1,1,POINT (727788.3875014762 871834.9925767926)
HURTO A CELULARES,HURTO CALIFICADO. ART. 240 C.P.,ATRACO,Nivel 1,ARMA DE FUEGO,CALI,Junín,09,-76.52645,3.43402,SIN INFORMACION,2024.0,enero     ,29.0,2.0,02:30,3.0,DENUNCIA,Hurto,HURTO A CELULARES,Hurtos_fiscalia.csv,,,,,,,,,,,,,,,,,,,,,,,,,Nivel 1,1,1,POINT (727788.3875014762 871834.9925767926)
HURTO A CELULARES,HURTO CALIFICADO. ART. 240 C.P.,ATRACO,Nivel 1,ARMA DE FUEGO,CALI,Junín,09,-76.52645,3.43402,SIN INFORMACION,2024.0,enero     ,21.0,1.0,01:20,3.0,DENUNCIA,Hurto,HURTO A CELULARES,Hurtos_fiscalia.csv,,,,,,,,,,,,,,,,,,,,,,,,,Nivel 1,1,1,POINT (727788.3875014762 871834.9925767926)
HURTO A CELULARES,HURTO CALIFICADO. ART. 240 C.P.,ATRACO,Nivel 1,ARMA DE FUEGO,CALI,Junín,09,-76.52725,3.434261,VIA PUBLICA,2025.0,enero     ,11.0,7.0,03:00,3.0,DENUNCIA,Hurto,HURTO A CELULARES,Hurtos_fiscalia.csv,,,,,,,,,,,,,,,,,,,,,,,,,Nivel 1,1,1,POINT (727699.4778525264 871861.8942842892)
HURTO A CELULARES,HURTO CALIFICADO. ART. 240 C.P.,ATRACO,Nivel 1,ARMA DE FUEGO,CALI,Junín,09,-76.52645,3.43402,SIN INFORMACION,2024.0,febrero   ,16.0,6.0,15:30,3.0,DENUNCIA,Hurto,HURTO A CELULARES,Hurtos_fiscalia.csv,,,,,,,,,,,,,,,,,,,,,,,,,Nivel 1,1,1,POINT (727788.3875014762 871834.9925767926)
HURTO A ESTABLECIMIENTOS,HURTO CALIFICADO. ART. 240 C.P.,ATRACO,Nivel 1,ARMA DE FUEGO,CALI,Junín,09,-76.52645,3.43402,SIN INFORMACION,2023.0,junio     ,21.0,4.0,05:40,3.0,DENUNCIA,Hurto,HURTO A ESTABLECIMIENTOS,Hurtos_fiscalia.csv,,,,,,,,,,,,,,,,,,,,,,,,,Nivel 1,1,1,POINT (727788.3875014762 871834.9925767926)
HURTO A ESTABLECIMIENTOS,HURTO CALIFICADO. ART. 240 C.P.,ATRACO,Nivel 1,ARMA DE FUEGO,CALI,Junín,09,-76.52645,3.43402,SIN INFORMACION,2023.0,junio     ,24.0,7.0,20:33,3.0,DENUNCIA,Hurto,HURTO A ESTABLECIMIENTOS,Hurtos_fiscalia.csv,,,,,,,,,,,,,,,,,,,,,,,,,Nivel 1,1,1,POINT (727788.3875014762 871834.9925767926)
HURTO A ESTABLECIMIENTOS,HURTO CALIFICADO. ART. 240 C.P.,ATRACO,Nivel 1,ARMA DE FUEGO,CALI,Junín,09,-76.52645,3.43402,SIN INFORMACION,2023.0,noviembre ,18.0,7.0,17:11,3.0,DENUNCIA,Hurto,HURTO A ESTABLECIMIENTOS,Hurtos_fiscalia.csv,,,,,,,,,,,,,,,,,,,,,,,,,Nivel 1,1,1,POINT (727788.3875014762 871834.9925767926)
HURTO A ESTABLECIMIENTOS,HURTO CALIFICADO. ART. 240 C.P.,ATRACO,Nivel 1,ARMA DE FUEGO,CALI,Junín,09,-76.52791,3.434084,LOCAL COMERCIAL,2023.0,marzo     ,8.0,4.0,17:30,3.0,DENUNCIA,Hurto,HURTO A ESTABLECIMIENTOS,Hurtos_fiscalia.csv,,,,,,,,,,,,,,,,,,,,,,,,,Nivel 1,1,1,POINT (727626.020757007 871842.492181866)
HURTO A ESTABLECIMIENTOS,HURTO CALIFICADO. ART. 240 C.P.,ATRACO,Nivel 1,ARMA DE FUEGO,CALI,Junín,09,-76.52827,3.434258,SIN INFORMACION,2023.0,octubre   ,25.0,4.0,15:15,3.0,COMPULSACION DE COPIAS,Hurto,HURTO A ESTABLECIMIENTOS,Hurtos_fiscalia.csv,,,,,,,,,,,,,,,,,,,,,,,,,Nivel 1,1,1,POINT (727586.0299943516 871861.8530510223)
HURTO A ESTABLECIMIENTOS,HURTO CALIFICADO. ART. 240 C.P.,ATRACO,Nivel 1,ARMA DE FUEGO,CALI,Junín,09,-76.52645,3.43402,SIN INFORMACION,2024.0,enero     ,31.0,4.0,18:10,3.0,DENUNCIA,Hurto,HURTO A ESTABLECIMIENTOS,Hurtos_fiscalia.csv,,,,,,,,,,,,,,,,,,,,,,,,,Nivel 1,1,1,POINT (727788.3875014762 871834.9925767926)
HURTO A ESTABLECIMIENTOS,HURTO CALIFICADO. ART. 240 C.P.,ATRACO,Nivel 1,ARMA DE FUEGO,CALI,Junín,09,-76.527955,3.433111,ESTABLECIMIENTO DE COMERCIO,2024.0,marzo     ,2.0,7.0,16:00,3.0,DENUNCIA,Hurto,HURTO A ESTABLECIMIENTOS,Hurtos_fiscalia.csv,,,,,,,,,,,,,,,,,,,,,,,,,Nivel 1,1,1,POINT (727620.739721142 871734.8139379084)
HURTO A ESTABLECIMIENTOS,HURTO CALIFICADO. ART. 240 C.P.,ATRACO,Nivel 1,ARMA DE FUEGO,CALI,Junín,09,-76.528217,3.433721,ESTABLECIMIENTO DE COMERCIO,2024.0,junio     ,26.0,4.0,15:27,3.0,DENUNCIA,Hurto,HURTO A ESTABLECIMIENTOS,Hurtos_fiscalia.csv,,,,,,,,,,,,,,,,,,,,,,,,,Nivel 1,1,1,POINT (727591.7724228287 871802.4030780247)
HURTO A FINCAS,HURTO CALIFICADO. ART. 240 C.P.,ATRACO,Nivel 1,ARMA DE FUEGO,CALI,Junín,09,-76.52645,3.43402,SIN INFORMACION,2023.0,julio     ,21.0,6.0,23:00,3.0,DENUNCIA,Hurto,HURTO A FINCAS,Hurtos_fiscalia.csv,,,,,,,,,,,,,,,,,,,,,,,,,Nivel 1,1,1,POINT (727788.3875014762 871834.9925767926)
HURTO A PERSONAS,HURTO CALIFICADO. ART. 240 C.P.,ATRACO,Nivel 1,ARMA DE FUEGO,CALI,Junín,09,-76.526454,3.434066,OTRO,2023.0,agosto    ,5.0,7.0,09:30,3.0,DENUNCIA,Hurto,HURTO A PERSONAS,Hurtos_fiscalia.csv,,,,,,,,,,,,,,,,,,,,,,,,,Nivel 1,1,1,POINT (727787.9556544637 871840.0849640839)
HURTO A PERSONAS,HURTO CALIFICADO. ART. 240 C.P.,ATRACO,Nivel 1,ARMA DE FUEGO,CALI,Junín,09,-76.52645,3.43402,SIN INFORMACION,2023.0,julio     ,21.0,6.0,04:00,3.0,DENUNCIA,Hurto,HURTO A PERSONAS,Hurtos_fiscalia.csv,,,,,,,,,,,,,,,,,,,,,,,,,Nivel 1,1,1,POINT (727788.3875014762 871834.9925767926)
HURTO A PERSONAS,HURTO CALIFICADO. ART. 240 C.P.,ATRACO,Nivel 1,ARMA DE FUEGO,CALI,Junín,09,-76.52645,3.43402,SIN INFORMACION,2023.0,agosto    ,19.0,7.0,19:36,3.0,DENUNCIA,Hurto,HURTO A PERSONAS,Hurtos_fiscalia.csv,,,,,,,,,,,,,,,,,,,,,,,,,Nivel 1,1,1,POINT (727788.3875014762 871834.9925767926)
HURTO A PERSONAS,HURTO CALIFICADO. ART. 240 C.P.,ATRACO,Nivel 1,ARMA DE FUEGO,CALI,Junín,09,-76.528008,3.434543,SIN INFORMACION,2023.0,agosto    ,15.0,3.0,12:42,3.0,DENUNCIA,Hurto,HURTO A PERSONAS,Hurtos_fiscalia.csv,,,,,,,,,,,,,,,,,,,,,,,,,Nivel 1,1,1,POINT (727615.2511813387 871893.3219783579)
HURTO A PERSONAS,HURTO CALIFICADO. ART. 240 C.P.,ATRACO,Nivel 1,ARMA DE FUEGO,CALI,Junín,09,-76.52645,3.43402,SIN INFORMACION,2023.0,diciembre ,12.0,3.0,13:24,3.0,DENUNCIA,Hurto,HURTO A PERSONAS,Hurtos_fiscalia.csv,,,,,,,,,,,,,,,,,,,,,,,,,Nivel 1,1,1,POINT (727788.3875014762 871834.9925767926)
HURTO A PERSONAS,HURTO CALIFICADO. ART. 240 C.P.,ATRACO,Nivel 1,ARMA DE FUEGO,CALI,Junín,09,-76.52645,3.43402,SIN INFORMACION,2023.0,septiembre,22.0,6.0,03:50,3.0,DENUNCIA,Hurto,HURTO A PERSONAS,Hurtos_fiscalia.csv,,,,,,,,,,,,,,,,,,,,,,,,,Nivel 1,1,1,POINT (727788.3875014762 871834.9925767926)
HURTO A PERSONAS,HURTO CALIFICADO. ART. 240 C.P.,ATRACO,Nivel 1,ARMA DE FUEGO,CALI,Junín,09,-76.526468,3.434051,VIA PUBLICA,2023.0,abril     ,22.0,7.0,10:00,3.0,DENUNCIA,Hurto,HURTO A PERSONAS,Hurtos_fiscalia.csv,,,,,,,,,,,,,,,,,,,,,,,,,Nivel 1,1,1,POINT (727786.3942867157 871838.4287637353)
HURTO A PERSONAS,HURTO CALIFICADO. ART. 240 C.P.,ATRACO,Nivel 1,ARMA DE FUEGO,CALI,Junín,09,-76.52645,3.43402,SIN INFORMACION,2023.0,diciembre ,7.0,5.0,17:30,3.0,DENUNCIA,Hurto,HURTO A PERSONAS,Hurtos_fiscalia.csv,,,,,,,,,,,,,,,,,,,,,,,,,Nivel 1,1,1,POINT (727788.3875014762 871834.9925767926)
HURTO A PERSONAS,HURTO CALIFICADO. ART. 240 C.P.,ATRACO,Nivel 1,ARMA DE FUEGO,CALI,Junín,09,-76.52645,3.43402,SIN INFORMACION,2023.0,abril     ,11.0,3.0,22:50,3.0,DENUNCIA,Hurto,HURTO A PERSONAS,Hurtos_fiscalia.csv,,,,,,,,,,,,,,,,,,,,,,,,,Nivel 1,1,1,POINT (727788.3875014762 871834.9925767926)
HURTO A PERSONAS,HURTO CALIFICADO. ART. 240 C.P.,ATRACO,Nivel 1,ARMA DE FUEGO,CALI,Junín,09,-76.527514,3.434217,SIN INFORMACION,2023.0,marzo     ,8.0,4.0,20:00,3.0,DENUNCIA,Hurto,HURTO A PERSONAS,Hurtos_fiscalia.csv,,,,,,,,,,,,,,,,,,,,,,,,,Nivel 1,1,1,POINT (727670.1026241588 871857.0996469884)
HURTO A PERSONAS,HURTO CALIFICADO. ART. 240 C.P.,ATRACO,Nivel 1,ARMA DE FUEGO,CALI,Junín,09,-76.52645,3.43402,SIN INFORMACION,2023.0,julio     ,9.0,1.0,02:40,3.0,DENUNCIA,Hurto,HURTO A PERSONAS,Hurtos_fiscalia.csv,,,,,,,,,,,,,,,,,,,,,,,,,Nivel 1,1,1,POINT (727788.3875014762 871834.9925767926)
HURTO A PERSONAS,HURTO CALIFICADO. ART. 240 C.P.,ATRACO,Nivel 1,ARMA DE FUEGO,CALI,Junín,09,-76.527071,3.434056,SIN INFORMACION,2023.0,marzo     ,3.0,6.0,05:00,3.0,DENUNCIA,Hurto,HURTO A PERSONAS,Hurtos_fiscalia.csv,,,,,,,,,,,,,,,,,,,,,,,,,Nivel 1,1,1,POINT (727719.328538538 871839.1539974117)
HURTO A PERSONAS,HURTO CALIFICADO. ART. 240 C.P.,ATRACO,Nivel 1,ARMA DE FUEGO,CALI,Junín,09,-76.52645,3.43402,SIN INFORMACION,2023.0,noviembre ,15.0,4.0,03:00,3.0,DENUNCIA,Hurto,HURTO A PERSONAS,Hurtos_fiscalia.csv,,,,,,,,,,,,,,,,,,,,,,,,,Nivel 1,1,1,POINT (727788.3875014762 871834.9925767926)
HURTO A PERSONAS,HURTO CALIFICADO. ART. 240 C.P.,ATRACO,Nivel 1,ARMA DE FUEGO,CALI,Junín,09,-76.52728,3.434155,SIN INFORMACION,2023.0,marzo     ,24.0,6.0,00:30,3.0,DENUNCIA,Hurto,HURTO A PERSONAS,Hurtos_fiscalia.csv,,,,,,,,,,,,,,,,,,,,,,,,,Nivel 1,1,1,POINT (727696.1111101233 871850.1708231131)
HURTO A PERSONAS,HURTO CALIFICADO. ART. 240 C.P.,ATRACO,Nivel 1,ARMA DE FUEGO,CALI,Junín,09,-76.52645,3.43402,SIN INFORMACION,2023.0,septiembre,16.0,7.0,04:35,3.0,DENUNCIA,Hurto,HURTO A PERSONAS,Hurtos_fiscalia.csv,,,,,,,,,,,,,,,,,,,,,,,,,Nivel 1,1,1,POINT (727788.3875014762 871834.9925767926)
HURTO A PERSONAS,HURTO CALIFICADO. ART. 240 C.P.,ATRACO,Nivel 1,ARMA DE FUEGO,CALI,Junín,09,-76.52645,3.43402,SIN INFORMACION,2023.0,enero     ,26.0,5.0,15:35,3.0,DENUNCIA,Hurto,HURTO A PERSONAS,Hurtos_fiscalia.csv,,,,,,,,,,,,,,,,,,,,,,,,,Nivel 1,1,1,POINT (727788.3875014762 871834.9925767926)
HURTO A PERSONAS,HURTO CALIFICADO. ART. 240 C.P.,ATRACO,Nivel 1,ARMA DE FUEGO,CALI,Junín,09,-76.52645,3.43402,SIN INFORMACION,2023.0,octubre   ,28.0,7.0,09:07,3.0,DENUNCIA,Hurto,HURTO A PERSONAS,Hurtos_fiscalia.csv,,,,,,,,,,,,,,,,,,,,,,,,,Nivel 1,1,1,POINT (727788.3875014762 871834.9925767926)
HURTO A PERSONAS,HURTO CALIFICADO. ART. 240 C.P.,ATRACO,Nivel 1,ARMA DE FUEGO,CALI,Junín,09,-76.52645,3.43402,SIN INFORMACION,2023.0,junio     ,3.0,7.0,12:30,3.0,DENUNCIA,Hurto,HURTO A PERSONAS,Hurtos_fiscalia.csv,,,,,,,,,,,,,,,,,,,,,,,,,Nivel 1,1,1,POINT (727788.3875014762 871834.9925767926)
HURTO A PERSONAS,HURTO CALIFICADO. ART. 240 C.P.,ATRACO,Nivel 1,ARMA DE FUEGO,CALI,Junín,09,-76.52645,3.43402,SIN INFORMACION,2023.0,julio     ,1.0,7.0,19:00,3.0,DENUNCIA,Hurto,HURTO A PERSONAS,Hurtos_fiscalia.csv,,,,,,,,,,,,,,,,,,,,,,,,,Nivel 1,1,1,POINT (727788.3875014762 871834.9925767926)
HURTO A PERSONAS,HURTO CALIFICADO. ART. 240 C.P.,ATRACO,Nivel 1,ARMA DE FUEGO,CALI,Junín,09,-76.52645,3.43402,SIN INFORMACION,2023.0,abril     ,18.0,3.0,11:00,3.0,DENUNCIA,Hurto,HURTO A PERSONAS,Hurtos_fiscalia.csv,,,,,,,,,,,,,,,,,,,,,,,,,Nivel 1,1,1,POINT (727788.3875014762 871834.9925767926)
HURTO A PERSONAS,HURTO CALIFICADO. ART. 240 C.P.,ATRACO,Nivel 1,ARMA DE FUEGO,CALI,Junín,09,-76.52645,3.43402,SIN INFORMACION,2023.0,noviembre ,24.0,6.0,00:00,3.0,DENUNCIA,Hurto,HURTO A PERSONAS,Hurtos_fiscalia.csv,,,,,,,,,,,,,,,,,,,,,,,,,Nivel 1,1,1,POINT (727788.3875014762 871834.9925767926)
HURTO A PERSONAS,HURTO CALIFICADO. ART. 240 C.P.,ATRACO,Nivel 1,ARMA DE FUEGO,CALI,Junín,09,-76.526461,3.434023,VIA PUBLICA,2023.0,mayo      ,17.0,4.0,04:00,3.0,DENUNCIA,Hurto,HURTO A PERSONAS,Hurtos_fiscalia.csv,,,,,,,,,,,,,,,,,,,,,,,,,Nivel 1,1,1,POINT (727787.1649048659 871835.3277489186)
HURTO A PERSONAS,HURTO CALIFICADO. ART. 240 C.P.,ATRACO,Nivel 1,ARMA DE FUEGO,CALI,Junín,09,-76.52645,3.43402,SIN INFORMACION,2023.0,agosto    ,30.0,4.0,16:10,3.0,DENUNCIA,Hurto,HURTO A PERSONAS,Hurtos_fiscalia.csv,,,,,,,,,,,,,,,,,,,,,,,,,Nivel 1,1,1,POINT (727788.3875014762 871834.9925767926)
HURTO A PERSONAS,HURTO CALIFICADO. ART. 240 C.P.,ATRACO,Nivel 1,ARMA DE FUEGO,CALI,Junín,09,-76.52645,3.43402,SIN INFORMACION,2023.0,octubre   ,31.0,3.0,16:30,3.0,DENUNCIA,Hurto,HURTO A PERSONAS,Hurtos_fiscalia.csv,,,,,,,,,,,,,,,,,,,,,,,,,Nivel 1,1,1,POINT (727788.3875014762 871834.9925767926)
HURTO A PERSONAS,HURTO CALIFICADO. ART. 240 C.P.,ATRACO,Nivel 1,ARMA DE FUEGO,CALI,Junín,09,-76.52645,3.43402,SIN INFORMACION,2023.0,junio     ,1.0,5.0,03:15,3.0,DENUNCIA,Hurto,HURTO A PERSONAS,Hurtos_fiscalia.csv,,,,,,,,,,,,,,,,,,,,,,,,,Nivel 1,1,1,POINT (727788.3875014762 871834.9925767926)
HURTO A PERSONAS,HURTO. ART. 239 C.P.,ATRACO,Nivel 1,ARMA DE FUEGO,CALI,Junín,09,-76.52645,3.43402,SIN INFORMACION,2023.0,octubre   ,27.0,6.0,15:49,3.0,QUERELLA,Hurto,HURTO A PERSONAS,Hurtos_fiscalia.csv,,,,,,,,,,,,,,,,,,,,,,,,,Nivel 1,1,1,POINT (727788.3875014762 871834.9925767926)
HURTO A PERSONAS,HURTO CALIFICADO. ART. 240 C.P.,ATRACO,Nivel 1,ARMA DE FUEGO,CALI,Junín,09,-76.526361,3.434074,OTRO,2023.0,agosto    ,31.0,5.0,20:20,3.0,DENUNCIA,Hurto,HURTO A PERSONAS,Hurtos_fiscalia.csv,,,,,,,,,,,,,,,,,,,,,,,,,Nivel 1,1,1,POINT (727798.3016120738 871840.943899981)
HURTO A PERSONAS,HURTO CALIFICADO. ART. 240 C.P.,ATRACO,Nivel 1,ARMA DE FUEGO,CALI,Junín,09,-76.52802,3.43473,VIA PUBLICA,2023.0,junio     ,30.0,6.0,09:00,3.0,DENUNCIA,Hurto,HURTO A PERSONAS,Hurtos_fiscalia.csv,,,,,,,,,,,,,,,,,,,,,,,,,Nivel 1,1,1,POINT (727613.9695761559 871914.022452792)
HURTO A PERSONAS,HURTO CALIFICADO. ART. 240 C.P.,ATRACO,Nivel 1,ARMA DE FUEGO,CALI,Junín,09,-76.52645,3.43402,SIN INFORMACION,2023.0,junio     ,30.0,6.0,00:40,3.0,DENUNCIA,Hurto,HURTO A PERSONAS,Hurtos_fiscalia.csv,,,,,,,,,,,,,,,,,,,,,,,,,Nivel 1,1,1,POINT (727788.3875014762 871834.9925767926)
HURTO A PERSONAS,HURTO CALIFICADO. ART. 240 C.P.,ATRACO,Nivel 1,ARMA DE FUEGO,CALI,Junín,09,-76.52645,3.43402,SIN INFORMACION,2023.0,julio     ,14.0,6.0,19:40,3.0,DENUNCIA,Hurto,HURTO A PERSONAS,Hurtos_fiscalia.csv,,,,,,,,,,,,,,,,,,,,,,,,,Nivel 1,1,1,POINT (727788.3875014762 871834.9925767926)
HURTO A PERSONAS,HURTO CALIFICADO. ART. 240 C.P.,ATRACO,Nivel 1,ARMA DE FUEGO,CALI,Junín,09,-76.52645,3.43402,SIN INFORMACION,2023.0,junio     ,26.0,2.0,09:30,3.0,DENUNCIA,Hurto,HURTO A PERSONAS,Hurtos_fiscalia.csv,,,,,,,,,,,,,,,,,,,,,,,,,Nivel 1,1,1,POINT (727788.3875014762 871834.9925767926)
HURTO A PERSONAS,HURTO CALIFICADO. ART. 240 C.P.,ATRACO,Nivel 1,ARMA DE FUEGO,CALI,Junín,09,-76.52645,3.43402,SIN INFORMACION,2023.0,agosto    ,31.0,5.0,12:10,3.0,DENUNCIA,Hurto,HURTO A PERSONAS,Hurtos_fiscalia.csv,,,,,,,,,,,,,,,,,,,,,,,,,Nivel 1,1,1,POINT (727788.3875014762 871834.9925767926)
HURTO A PERSONAS,HURTO CALIFICADO. ART. 240 C.P.,ATRACO,Nivel 1,ARMA DE FUEGO,CALI,Junín,09,-76.52645,3.43402,SIN INFORMACION,2023.0,octubre   ,5.0,5.0,00:52,3.0,DENUNCIA,Hurto,HURTO A PERSONAS,Hurtos_fiscalia.csv,,,,,,,,,,,,,,,,,,,,,,,,,Nivel 1,1,1,POINT (727788.3875014762 871834.9925767926)
HURTO A PERSONAS,HURTO CALIFICADO. ART. 240 C.P.,ATRACO,Nivel 1,ARMA DE FUEGO,CALI,Junín,09,-76.52645,3.43402,SIN INFORMACION,2023.0,agosto    ,25.0,6.0,02:11,3.0,DENUNCIA,Hurto,HURTO A PERSONAS,Hurtos_fiscalia.csv,,,,,,,,,,,,,,,,,,,,,,,,,Nivel 1,1,1,POINT (727788.3875014762 871834.9925767926)
HURTO A PERSONAS,HURTO CALIFICADO. ART. 240 C.P.,ATRACO,Nivel 1,ARMA DE FUEGO,CALI,Junín,09,-76.52645,3.43402,SIN INFORMACION,2023.0,octubre   ,10.0,3.0,04:00,3.0,DENUNCIA,Hurto,HURTO A PERSONAS,Hurtos_fiscalia.csv,,,,,,,,,,,,,,,,,,,,,,,,,Nivel 1,1,1,POINT (727788.3875014762 871834.9925767926)
HURTO A PERSONAS,HURTO CALIFICADO. ART. 240 C.P.,ATRACO,Nivel 1,ARMA DE FUEGO,CALI,Junín,09,-76.526504,3.433964,OTRO,2023.0,septiembre,30.0,7.0,00:50,3.0,DENUNCIA,Hurto,HURTO A PERSONAS,Hurtos_fiscalia.csv,,,,,,,,,,,,,,,,,,,,,,,,,Nivel 1,1,1,POINT (727782.3656093153 871828.809922449)
HURTO A PERSONAS,HURTO CALIFICADO. ART. 240 C.P.,ATRACO,Nivel 1,ARMA DE FUEGO,CALI,Junín,09,-76.526451,3.434014,VIA PUBLICA,2023.0,diciembre ,18.0,2.0,02:29,3.0,DENUNCIA,Hurto,HURTO A PERSONAS,Hurtos_fiscalia.csv,,,,,,,,,,,,,,,,,,,,,,,,,Nivel 1,1,1,POINT (727788.2745777693 871834.3287859547)
HURTO A PERSONAS,HURTO CALIFICADO. ART. 240 C.P.,ATRACO,Nivel 1,ARMA DE FUEGO,CALI,Junín,09,-76.52645,3.43402,SIN INFORMACION,2023.0,diciembre ,3.0,1.0,22:00,3.0,DENUNCIA,Hurto,HURTO A PERSONAS,Hurtos_fiscalia.csv,,,,,,,,,,,,,,,,,,,,,,,,,Nivel 1,1,1,POINT (727788.3875014762 871834.9925767926)
HURTO A PERSONAS,HURTO CALIFICADO. ART. 240 C.P.,ATRACO,Nivel 1,ARMA DE FUEGO,CALI,Junín,09,-76.52645,3.43402,SIN INFORMACION,2023.0,diciembre ,9.0,7.0,07:05,3.0,DENUNCIA,Hurto,HURTO A PERSONAS,Hurtos_fiscalia.csv,,,,,,,,,,,,,,,,,,,,,,,,,Nivel 1,1,1,POINT (727788.3875014762 871834.9925767926)
HURTO A PERSONAS,HURTO CALIFICADO. ART. 240 C.P.,ATRACO,Nivel 1,ARMA DE FUEGO,CALI,Junín,09,-76.52645,3.43402,SIN INFORMACION,2023.0,octubre   ,4.0,4.0,01:00,3.0,DENUNCIA,Hurto,HURTO A PERSONAS,Hurtos_fiscalia.csv,,,,,,,,,,,,,,,,,,,,,,,,,Nivel 1,1,1,POINT (727788.3875014762 871834.9925767926)
HURTO A PERSONAS,HURTO CALIFICADO. ART. 240 C.P.,ATRACO,Nivel 1,ARMA DE FUEGO,CALI,Junín,09,-76.52645,3.43402,SIN INFORMACION,2023.0,noviembre ,5.0,1.0,01:00,3.0,DENUNCIA,Hurto,HURTO A PERSONAS,Hurtos_fiscalia.csv,,,,,,,,,,,,,,,,,,,,,,,,,Nivel 1,1,1,POINT (727788.3875014762 871834.9925767926)
HURTO A PERSONAS,HURTO CALIFICADO. ART. 240 C.P.,ATRACO,Nivel 1,ARMA DE FUEGO,CALI,Junín,09,-76.52645,3.43402,SIN INFORMACION,2023.0,junio     ,30.0,6.0,17:00,3.0,DENUNCIA,Hurto,HURTO A PERSONAS,Hurtos_fiscalia.csv,,,,,,,,,,,,,,,,,,,,,,,,,Nivel 1,1,1,POINT (727788.3875014762 871834.9925767926)
HURTO A PERSONAS,HURTO CALIFICADO. ART. 240 C.P.,ATRACO,Nivel 1,ARMA DE FUEGO,CALI,Junín,09,-76.52645,3.43402,SIN INFORMACION,2023.0,abril     ,20.0,5.0,01:00,3.0,DENUNCIA,Hurto,HURTO A PERSONAS,Hurtos_fiscalia.csv,,,,,,,,,,,,,,,,,,,,,,,,,Nivel 1,1,1,POINT (727788.3875014762 871834.9925767926)
HURTO A PERSONAS,HURTO CALIFICADO. ART. 240 C.P.,ATRACO,Nivel 1,ARMA DE FUEGO,CALI,Junín,09,-76.52695,3.43321,VIA PUBLICA,2023.0,julio     ,21.0,6.0,11:00,3.0,DENUNCIA,Hurto,HURTO A PERSONAS,Hurtos_fiscalia.csv,,,,,,,,,,,,,,,,,,,,,,,,,Nivel 1,1,1,POINT (727732.5465672864 871745.4847950236)
HURTO A PERSONAS,HURTO CALIFICADO. ART. 240 C.P.,ATRACO,Nivel 1,ARMA DE FUEGO,CALI,Junín,09,-76.52645,3.43402,SIN INFORMACION,2023.0,noviembre ,7.0,3.0,22:00,3.0,DENUNCIA,Hurto,HURTO A PERSONAS,Hurtos_fiscalia.csv,,,,,,,,,,,,,,,,,,,,,,,,,Nivel 1,1,1,POINT (727788.3875014762 871834.9925767926)
HURTO A PERSONAS,HURTO. ART. 239 C.P.,ATRACO,Nivel 1,ARMA DE FUEGO,CALI,Junín,09,-76.52645,3.43402,SIN INFORMACION,2023.0,diciembre ,21.0,5.0,16:44,3.0,DENUNCIA,Hurto,HURTO A PERSONAS,Hurtos_fiscalia.csv,,,,,,,,,,,,,,,,,,,,,,,,,Nivel 1,1,1,POINT (727788.3875014762 871834.9925767926)
HURTO A PERSONAS,HURTO CALIFICADO. ART. 240 C.P.,ATRACO,Nivel 1,ARMA DE FUEGO,CALI,Junín,09,-76.52645,3.43402,SIN INFORMACION,2023.0,agosto    ,19.0,7.0,18:00,3.0,DENUNCIA,Hurto,HURTO A PERSONAS,Hurtos_fiscalia.csv,,,,,,,,,,,,,,,,,,,,,,,,,Nivel 1,1,1,POINT (727788.3875014762 871834.9925767926)
HURTO A PERSONAS,HURTO CALIFICADO. ART. 240 C.P.,ATRACO,Nivel 1,ARMA DE FUEGO,CALI,Junín,09,-76.52645,3.43402,SIN INFORMACION,2023.0,junio     ,10.0,7.0,14:30,3.0,DENUNCIA,Hurto,HURTO A PERSONAS,Hurtos_fiscalia.csv,,,,,,,,,,,,,,,,,,,,,,,,,Nivel 1,1,1,POINT (727788.3875014762 871834.9925767926)
HURTO A PERSONAS,HURTO CALIFICADO. ART. 240 C.P.,ATRACO,Nivel 1,ARMA DE FUEGO,CALI,Junín,09,-76.52645,3.43402,SIN INFORMACION,2023.0,noviembre ,30.0,5.0,04:30,3.0,DENUNCIA,Hurto,HURTO A PERSONAS,Hurtos_fiscalia.csv,,,,,,,,,,,,,,,,,,,,,,,,,Nivel 1,1,1,POINT (727788.3875014762 871834.9925767926)
HURTO A PERSONAS,HURTO CALIFICADO. ART. 240 C.P.,ATRACO,Nivel 1,ARMA DE FUEGO,CALI,Junín,09,-76.526453,3.434028,VIA PUBLICA,2023.0,mayo      ,25.0,5.0,11:30,3.0,DENUNCIA,Hurto,HURTO A PERSONAS,Hurtos_fiscalia.csv,,,,,,,,,,,,,,,,,,,,,,,,,Nivel 1,1,1,POINT (727788.0561023643 871835.8788659427)
HURTO A PERSONAS,HURTO CALIFICADO. ART. 240 C.P.,ATRACO,Nivel 1,ARMA DE FUEGO,CALI,Junín,09,-76.52645,3.43402,SIN INFORMACION,2023.0,octubre   ,19.0,5.0,12:00,3.0,DENUNCIA,Hurto,HURTO A PERSONAS,Hurtos_fiscalia.csv,,,,,,,,,,,,,,,,,,,,,,,,,Nivel 1,1,1,POINT (727788.3875014762 871834.9925767926)
HURTO A PERSONAS,HURTO CALIFICADO. ART. 240 C.P.,ATRACO,Nivel 1,ARMA DE FUEGO,CALI,Junín,09,-76.52645,3.43402,SIN INFORMACION,2023.0,noviembre ,5.0,1.0,08:43,3.0,DENUNCIA,Hurto,HURTO A PERSONAS,Hurtos_fiscalia.csv,,,,,,,,,,,,,,,,,,,,,,,,,Nivel 1,1,1,POINT (727788.3875014762 871834.9925767926)
HURTO A PERSONAS,HURTO CALIFICADO. ART. 240 C.P.,ATRACO,Nivel 1,ARMA DE FUEGO,CALI,Junín,09,-76.52645,3.43402,SIN INFORMACION,2023.0,noviembre ,29.0,4.0,11:30,3.0,DENUNCIA,Hurto,HURTO A PERSONAS,Hurtos_fiscalia.csv,,,,,,,,,,,,,,,,,,,,,,,,,Nivel 1,1,1,POINT (727788.3875014762 871834.9925767926)
HURTO A PERSONAS,HURTO CALIFICADO. ART. 240 C.P.,ATRACO,Nivel 1,ARMA DE FUEGO,CALI,Junín,09,-76.52645,3.43402,SIN INFORMACION,2023.0,junio     ,3.0,7.0,19:00,3.0,DENUNCIA,Hurto,HURTO A PERSONAS,Hurtos_fiscalia.csv,,,,,,,,,,,,,,,,,,,,,,,,,Nivel 1,1,1,POINT (727788.3875014762 871834.9925767926)
HURTO A PERSONAS,HURTO CALIFICADO. ART. 240 C.P.,ATRACO,Nivel 1,ARMA DE FUEGO,CALI,Junín,09,-76.526466,3.434078,VIA PUBLICA,2023.0,diciembre ,15.0,6.0,22:00,3.0,DENUNCIA,Hurto,HURTO A PERSONAS,Hurtos_fiscalia.csv,,,,,,,,,,,,,,,,,,,,,,,,,Nivel 1,1,1,POINT (727786.6243873546 871841.4165348585)
HURTO A PERSONAS,HURTO CALIFICADO. ART. 240 C.P.,ATRACO,Nivel 1,ARMA DE FUEGO,CALI,Junín,09,-76.52645,3.43402,SIN INFORMACION,2023.0,mayo      ,31.0,4.0,01:50,3.0,DENUNCIA,Hurto,HURTO A PERSONAS,Hurtos_fiscalia.csv,,,,,,,,,,,,,,,,,,,,,,,,,Nivel 1,1,1,POINT (727788.3875014762 871834.9925767926)
HURTO A PERSONAS,HURTO. ART. 239 C.P.,ATRACO,Nivel 1,ARMA DE FUEGO,CALI,Junín,09,-76.52645,3.43402,SIN INFORMACION,2023.0,noviembre ,21.0,3.0,03:45,3.0,QUERELLA,Hurto,HURTO A PERSONAS,Hurtos_fiscalia.csv,,,,,,,,,,,,,,,,,,,,,,,,,Nivel 1,1,1,POINT (727788.3875014762 871834.9925767926)
HURTO A PERSONAS,HURTO CALIFICADO. ART. 240 C.P.,ATRACO,Nivel 1,ARMA DE FUEGO,CALI,Junín,09,-76.52645,3.43402,SIN INFORMACION,2023.0,agosto    ,5.0,7.0,16:00,3.0,DENUNCIA,Hurto,HURTO A PERSONAS,Hurtos_fiscalia.csv,,,,,,,,,,,,,,,,,,,,,,,,,Nivel 1,1,1,POINT (727788.3875014762 871834.9925767926)
HURTO A PERSONAS,HURTO CALIFICADO. ART. 240 C.P.,ATRACO,Nivel 1,ARMA DE FUEGO,CALI,Junín,09,-76.52645,3.43402,SIN INFORMACION,2023.0,septiembre,19.0,3.0,11:36,3.0,DENUNCIA,Hurto,HURTO A PERSONAS,Hurtos_fiscalia.csv,,,,,,,,,,,,,,,,,,,,,,,,,Nivel 1,1,1,POINT (727788.3875014762 871834.9925767926)
HURTO A PERSONAS,HURTO CALIFICADO. ART. 240 C.P.,ATRACO,Nivel 1,ARMA DE FUEGO,CALI,Junín,09,-76.52645,3.43402,SIN INFORMACION,2023.0,septiembre,16.0,7.0,21:00,3.0,DENUNCIA,Hurto,HURTO A PERSONAS,Hurtos_fiscalia.csv,,,,,,,,,,,,,,,,,,,,,,,,,Nivel 1,1,1,POINT (727788.3875014762 871834.9925767926)
HURTO A PERSONAS,HURTO CALIFICADO. ART. 240 C.P.,ATRACO,Nivel 1,ARMA DE FUEGO,CALI,Junín,09,-76.52645,3.43402,SIN INFORMACION,2023.0,noviembre ,28.0,3.0,11:00,3.0,DENUNCIA,Hurto,HURTO A PERSONAS,Hurtos_fiscalia.csv,,,,,,,,,,,,,,,,,,,,,,,,,Nivel 1,1,1,POINT (727788.3875014762 871834.9925767926)
HURTO A PERSONAS,HURTO CALIFICADO. ART. 240 C.P.,ATRACO,Nivel 1,ARMA DE FUEGO,CALI,Junín,09,-76.527641,3.434359,SIN INFORMACION,2023.0,julio     ,24.0,2.0,12:00,3.0,DENUNCIA,Hurto,HURTO A PERSONAS,Hurtos_fiscalia.csv,,,,,,,,,,,,,,,,,,,,,,,,,Nivel 1,1,1,POINT (727656.0176461287 871872.8523257801)
HURTO A PERSONAS,HURTO CALIFICADO. ART. 240 C.P.,ATRACO,Nivel 1,ARMA DE FUEGO,CALI,Junín,09,-76.52645,3.43402,SIN INFORMACION,2023.0,octubre   ,28.0,7.0,01:30,3.0,DENUNCIA,Hurto,HURTO A PERSONAS,Hurtos_fiscalia.csv,,,,,,,,,,,,,,,,,,,,,,,,,Nivel 1,1,1,POINT (727788.3875014762 871834.9925767926)
HURTO A PERSONAS,HURTO CALIFICADO. ART. 240 C.P.,ATRACO,Nivel 1,ARMA DE FUEGO,CALI,Junín,09,-76.52645,3.43402,SIN INFORMACION,2023.0,julio     ,12.0,4.0,07:15,3.0,DENUNCIA,Hurto,HURTO A PERSONAS,Hurtos_fiscalia.csv,,,,,,,,,,,,,,,,,,,,,,,,,Nivel 1,1,1,POINT (727788.3875014762 871834.9925767926)
HURTO A PERSONAS,HURTO CALIFICADO. ART. 240 C.P.,ATRACO,Nivel 1,ARMA DE FUEGO,CALI,Junín,09,-76.527681,3.434442,VIA PUBLICA,2023.0,noviembre ,3.0,6.0,11:41,3.0,DENUNCIA,Hurto,HURTO A PERSONAS,Hurtos_fiscalia.csv,,,,,,,,,,,,,,,,,,,,,,,,,Nivel 1,1,1,POINT (727651.5922928668 871882.0501197142)
HURTO A PERSONAS,HURTO CALIFICADO. ART. 240 C.P.,ATRACO,Nivel 1,ARMA DE FUEGO,CALI,Junín,09,-76.52645,3.43402,SIN INFORMACION,2023.0,agosto    ,6.0,1.0,10:00,3.0,DENUNCIA,Hurto,HURTO A PERSONAS,Hurtos_fiscalia.csv,,,,,,,,,,,,,,,,,,,,,,,,,Nivel 1,1,1,POINT (727788.3875014762 871834.9925767926)
HURTO A PERSONAS,HURTO CALIFICADO. ART. 240 C.P.,ATRACO,Nivel 1,ARMA DE FUEGO,CALI,Junín,09,-76.52645,3.43402,SIN INFORMACION,2023.0,diciembre ,1.0,6.0,20:44,3.0,DENUNCIA,Hurto,HURTO A PERSONAS,Hurtos_fiscalia.csv,,,,,,,,,,,,,,,,,,,,,,,,,Nivel 1,1,1,POINT (727788.3875014762 871834.9925767926)
HURTO A PERSONAS,HURTO CALIFICADO. ART. 240 C.P.,ATRACO,Nivel 1,ARMA DE FUEGO,CALI,Junín,09,-76.5264,3.434075,OTRO,2023.0,octubre   ,3.0,3.0,15:40,3.0,DENUNCIA,Hurto,HURTO A PERSONAS,Hurtos_fiscalia.csv,,,,,,,,,,,,,,,,,,,,,,,,,Nivel 1,1,1,POINT (727793.9642195555 871841.0656914074)
HURTO A PERSONAS,HURTO CALIFICADO. ART. 240 C.P.,ATRACO,Nivel 1,ARMA DE FUEGO,CALI,Junín,09,-76.52645,3.43402,SIN INFORMACION,2023.0,diciembre ,20.0,4.0,23:50,3.0,DENUNCIA,Hurto,HURTO A PERSONAS,Hurtos_fiscalia.csv,,,,,,,,,,,,,,,,,,,,,,,,,Nivel 1,1,1,POINT (727788.3875014762 871834.9925767926)
HURTO A PERSONAS,HURTO CALIFICADO. ART. 240 C.P.,ATRACO,Nivel 1,ARMA DE FUEGO,CALI,Junín,09,-76.526451,3.434019,VIA PUBLICA,2023.0,junio     ,16.0,6.0,15:00,3.0,DENUNCIA,Hurto,HURTO A PERSONAS,Hurtos_fiscalia.csv,,,,,,,,,,,,,,,,,,,,,,,,,Nivel 1,1,1,POINT (727788.275995462 871834.8821824281)
HURTO A PERSONAS,HURTO CALIFICADO. ART. 240 C.P.,ATRACO,Nivel 1,ARMA DE FUEGO,CALI,Junín,09,-76.52645,3.43402,SIN INFORMACION,2023.0,junio     ,24.0,7.0,15:20,3.0,DENUNCIA,Hurto,HURTO A PERSONAS,Hurtos_fiscalia.csv,,,,,,,,,,,,,,,,,,,,,,,,,Nivel 1,1,1,POINT (727788.3875014762 871834.9925767926)
HURTO A PERSONAS,HURTO CALIFICADO. ART. 240 C.P.,ATRACO,Nivel 1,ARMA DE FUEGO,CALI,Junín,09,-76.52645,3.43402,SIN INFORMACION,2023.0,julio     ,11.0,3.0,10:30,3.0,DENUNCIA,Hurto,HURTO A PERSONAS,Hurtos_fiscalia.csv,,,,,,,,,,,,,,,,,,,,,,,,,Nivel 1,1,1,POINT (727788.3875014762 871834.9925767926)
HURTO A PERSONAS,HURTO CALIFICADO. ART. 240 C.P.,ATRACO,Nivel 1,ARMA DE FUEGO,CALI,Junín,09,-76.52645,3.43402,SIN INFORMACION,2023.0,julio     ,4.0,3.0,11:50,3.0,DENUNCIA,Hurto,HURTO A PERSONAS,Hurtos_fiscalia.csv,,,,,,,,,,,,,,,,,,,,,,,,,Nivel 1,1,1,POINT (727788.3875014762 871834.9925767926)
HURTO A PERSONAS,HURTO CALIFICADO. ART. 240 C.P.,ATRACO,Nivel 1,ARMA DE FUEGO,CALI,Junín,09,-76.52645,3.43402,SIN INFORMACION,2023.0,noviembre ,9.0,5.0,01:05,3.0,DENUNCIA,Hurto,HURTO A PERSONAS,Hurtos_fiscalia.csv,,,,,,,,,,,,,,,,,,,,,,,,,Nivel 1,1,1,POINT (727788.3875014762 871834.9925767926)
HURTO A PERSONAS,HURTO CALIFICADO. ART. 240 C.P.,ATRACO,Nivel 1,ARMA DE FUEGO,CALI,Junín,09,-76.527027,3.434042,OTRO,2023.0,agosto    ,10.0,5.0,06:00,3.0,DENUNCIA,Hurto,HURTO A PERSONAS,Hurtos_fiscalia.csv,,,,,,,,,,,,,,,,,,,,,,,,,Nivel 1,1,1,POINT (727724.2183589276 871837.5919464831)
HURTO A PERSONAS,HURTO CALIFICADO. ART. 240 C.P.,ATRACO,Nivel 1,ARMA DE FUEGO,CALI,Junín,09,-76.52645,3.43402,SIN INFORMACION,2023.0,agosto    ,4.0,6.0,16:38,3.0,DENUNCIA,Hurto,HURTO A PERSONAS,Hurtos_fiscalia.csv,,,,,,,,,,,,,,,,,,,,,,,,,Nivel 1,1,1,POINT (727788.3875014762 871834.9925767926)
HURTO A PERSONAS,HURTO CALIFICADO. ART. 240 C.P.,ATRACO,Nivel 1,ARMA DE FUEGO,CALI,Junín,09,-76.52645,3.43402,SIN INFORMACION,2023.0,agosto    ,16.0,4.0,21:00,3.0,DENUNCIA,Hurto,HURTO A PERSONAS,Hurtos_fiscalia.csv,,,,,,,,,,,,,,,,,,,,,,,,,Nivel 1,1,1,POINT (727788.3875014762 871834.9925767926)
HURTO A PERSONAS,HURTO CALIFICADO. ART. 240 C.P.,ATRACO,Nivel 1,ARMA DE FUEGO,CALI,Junín,09,-76.52645,3.43402,SIN INFORMACION,2023.0,junio     ,28.0,4.0,11:00,3.0,DENUNCIA,Hurto,HURTO A PERSONAS,Hurtos_fiscalia.csv,,,,,,,,,,,,,,,,,,,,,,,,,Nivel 1,1,1,POINT (727788.3875014762 871834.9925767926)
HURTO A PERSONAS,HURTO CALIFICADO. ART. 240 C.P.,ATRACO,Nivel 1,ARMA DE FUEGO,CALI,Junín,09,-76.52657,3.434444,VIA PUBLICA,2023.0,noviembre ,22.0,4.0,11:45,3.0,DENUNCIA,Hurto,HURTO A PERSONAS,Hurtos_fiscalia.csv,,,,,,,,,,,,,,,,,,,,,,,,,Nivel 1,1,1,POINT (727775.1610376041 871881.9547945472)
HURTO A PERSONAS,HURTO CALIFICADO. ART. 240 C.P.,ATRACO,Nivel 1,ARMA DE FUEGO,CALI,Junín,09,-76.52645,3.43402,SIN INFORMACION,2023.0,junio     ,3.0,7.0,02:00,3.0,DENUNCIA,Hurto,HURTO A PERSONAS,Hurtos_fiscalia.csv,,,,,,,,,,,,,,,,,,,,,,,,,Nivel 1,1,1,POINT (727788.3875014762 871834.9925767926)
HURTO A PERSONAS,HURTO CALIFICADO. ART. 240 C.P.,ATRACO,Nivel 1,ARMA DE FUEGO,CALI,Junín,09,-76.52645,3.43402,SIN INFORMACION,2023.0,abril     ,13.0,5.0,23:00,3.0,DENUNCIA,Hurto,HURTO A PERSONAS,Hurtos_fiscalia.csv,,,,,,,,,,,,,,,,,,,,,,,,,Nivel 1,1,1,POINT (727788.3875014762 871834.9925767926)
HURTO A PERSONAS,HURTO CALIFICADO. ART. 240 C.P.,ATRACO,Nivel 1,ARMA DE FUEGO,CALI,Junín,09,-76.52645,3.43402,SIN INFORMACION,2023.0,julio     ,7.0,6.0,11:10,3.0,DENUNCIA,Hurto,HURTO A PERSONAS,Hurtos_fiscalia.csv,,,,,,,,,,,,,,,,,,,,,,,,,Nivel 1,1,1,POINT (727788.3875014762 871834.9925767926)
HURTO A PERSONAS,HURTO CALIFICADO. ART. 240 C.P.,ATRACO,Nivel 1,ARMA DE FUEGO,CALI,Junín,09,-76.52645,3.43402,SIN INFORMACION,2023.0,mayo      ,29.0,2.0,09:20,3.0,DENUNCIA,Hurto,HURTO A PERSONAS,Hurtos_fiscalia.csv,,,,,,,,,,,,,,,,,,,,,,,,,Nivel 1,1,1,POINT (727788.3875014762 871834.9925767926)
HURTO A PERSONAS,HURTO CALIFICADO. ART. 240 C.P.,ATRACO,Nivel 1,ARMA DE FUEGO,CALI,Junín,09,-76.52645,3.43402,SIN INFORMACION,2023.0,octubre   ,20.0,6.0,10:00,3.0,DENUNCIA,Hurto,HURTO A PERSONAS,Hurtos_fiscalia.csv,,,,,,,,,,,,,,,,,,,,,,,,,Nivel 1,1,1,POINT (727788.3875014762 871834.9925767926)
HURTO A PERSONAS,HURTO CALIFICADO. ART. 240 C.P.,ATRACO,Nivel 1,ARMA DE FUEGO,CALI,Junín,09,-76.52645,3.43402,SIN INFORMACION,2023.0,septiembre,9.0,7.0,00:20,3.0,DENUNCIA,Hurto,HURTO A PERSONAS,Hurtos_fiscalia.csv,,,,,,,,,,,,,,,,,,,,,,,,,Nivel 1,1,1,POINT (727788.3875014762 871834.9925767926)
HURTO A PERSONAS,HURTO CALIFICADO. ART. 240 C.P.,ATRACO,Nivel 1,ARMA DE FUEGO,CALI,Junín,09,-76.52645,3.43402,SIN INFORMACION,2023.0,junio     ,23.0,6.0,08:00,3.0,DENUNCIA,Hurto,HURTO A PERSONAS,Hurtos_fiscalia.csv,,,,,,,,,,,,,,,,,,,,,,,,,Nivel 1,1,1,POINT (727788.3875014762 871834.9925767926)
HURTO A PERSONAS,HURTO CALIFICADO. ART. 240 C.P.,ATRACO,Nivel 1,ARMA DE FUEGO,CALI,Junín,09,-76.527861,3.434141,VIA PUBLICA,2023.0,noviembre ,1.0,4.0,02:00,3.0,DENUNCIA,Hurto,HURTO A PERSONAS,Hurtos_fiscalia.csv,,,,,,,,,,,,,,,,,,,,,,,,,Nivel 1,1,1,POINT (727631.4868352378 871848.7869382637)
HURTO A PERSONAS,HURTO CALIFICADO. ART. 240 C.P.,ATRACO,Nivel 1,ARMA DE FUEGO,CALI,Junín,09,-76.52645,3.43402,SIN INFORMACION,2023.0,agosto    ,24.0,5.0,03:50,3.0,DENUNCIA,Hurto,HURTO A PERSONAS,Hurtos_fiscalia.csv,,,,,,,,,,,,,,,,,,,,,,,,,Nivel 1,1,1,POINT (727788.3875014762 871834.9925767926)
HURTO A PERSONAS,HURTO CALIFICADO. ART. 240 C.P.,ATRACO,Nivel 1,ARMA DE FUEGO,CALI,Junín,09,-76.52645,3.43402,SIN INFORMACION,2023.0,mayo      ,30.0,3.0,13:30,3.0,DENUNCIA,Hurto,HURTO A PERSONAS,Hurtos_fiscalia.csv,,,,,,,,,,,,,,,,,,,,,,,,,Nivel 1,1,1,POINT (727788.3875014762 871834.9925767926)
HURTO A PERSONAS,HURTO CALIFICADO. ART. 240 C.P.,ATRACO,Nivel 1,ARMA DE FUEGO,CALI,Junín,09,-76.52645,3.43402,SIN INFORMACION,2023.0,abril     ,5.0,4.0,23:40,3.0,DENUNCIA,Hurto,HURTO A PERSONAS,Hurtos_fiscalia.csv,,,,,,,,,,,,,,,,,,,,,,,,,Nivel 1,1,1,POINT (727788.3875014762 871834.9925767926)
HURTO A PERSONAS,HURTO CALIFICADO. ART. 240 C.P.,ATRACO,Nivel 1,ARMA DE FUEGO,CALI,Junín,09,-76.52645,3.43402,SIN INFORMACION,2023.0,septiembre,15.0,6.0,23:00,3.0,DENUNCIA,Hurto,HURTO A PERSONAS,Hurtos_fiscalia.csv,,,,,,,,,,,,,,,,,,,,,,,,,Nivel 1,1,1,POINT (727788.3875014762 871834.9925767926)
HURTO A PERSONAS,HURTO CALIFICADO. ART. 240 C.P.,ATRACO,Nivel 1,ARMA DE FUEGO,CALI,Junín,09,-76.52645,3.43402,SIN INFORMACION,2023.0,noviembre ,16.0,5.0,03:40,3.0,DENUNCIA,Hurto,HURTO A PERSONAS,Hurtos_fiscalia.csv,,,,,,,,,,,,,,,,,,,,,,,,,Nivel 1,1,1,POINT (727788.3875014762 871834.9925767926)
HURTO A PERSONAS,HURTO CALIFICADO. ART. 240 C.P.,ATRACO,Nivel 1,ARMA DE FUEGO,CALI,Junín,09,-76.52802,3.43473,VIA PUBLICA,2023.0,septiembre,19.0,3.0,11:28,3.0,DENUNCIA,Hurto,HURTO A PERSONAS,Hurtos_fiscalia.csv,,,,,,,,,,,,,,,,,,,,,,,,,Nivel 1,1,1,POINT (727613.9695761559 871914.022452792)
HURTO A PERSONAS,HURTO CALIFICADO. ART. 240 C.P.,ATRACO,Nivel 1,ARMA DE FUEGO,CALI,Junín,09,-76.52645,3.43402,SIN INFORMACION,2023.0,junio     ,27.0,3.0,16:20,3.0,DENUNCIA,Hurto,HURTO A PERSONAS,Hurtos_fiscalia.csv,,,,,,,,,,,,,,,,,,,,,,,,,Nivel 1,1,1,POINT (727788.3875014762 871834.9925767926)
HURTO A PERSONAS,HURTO CALIFICADO. ART. 240 C.P.,ATRACO,Nivel 1,ARMA DE FUEGO,CALI,Junín,09,-76.52645,3.43402,SIN INFORMACION,2023.0,septiembre,9.0,7.0,02:00,3.0,DENUNCIA,Hurto,HURTO A PERSONAS,Hurtos_fiscalia.csv,,,,,,,,,,,,,,,,,,,,,,,,,Nivel 1,1,1,POINT (727788.3875014762 871834.9925767926)
HURTO A PERSONAS,HURTO CALIFICADO. ART. 240 C.P.,ATRACO,Nivel 1,ARMA DE FUEGO,CALI,Junín,09,-76.52645,3.43402,SIN INFORMACION,2023.0,septiembre,15.0,6.0,04:10,3.0,DENUNCIA,Hurto,HURTO A PERSONAS,Hurtos_fiscalia.csv,,,,,,,,,,,,,,,,,,,,,,,,,Nivel 1,1,1,POINT (727788.3875014762 871834.9925767926)
HURTO A PERSONAS,HURTO CALIFICADO. ART. 240 C.P.,ATRACO,Nivel 1,ARMA DE FUEGO,CALI,Junín,09,-76.526968,3.433744,SIN INFORMACION,2023.0,septiembre,27.0,4.0,12:10,3.0,DENUNCIA,Hurto,HURTO A PERSONAS,Hurtos_fiscalia.csv,,,,,,,,,,,,,,,,,,,,,,,,,Nivel 1,1,1,POINT (727730.6959781498 871804.5926892516)
HURTO A PERSONAS,HURTO CALIFICADO. ART. 240 C.P.,ATRACO,Nivel 1,ARMA DE FUEGO,CALI,Junín,09,-76.527715,3.434075,VIA PUBLICA,2023.0,agosto    ,24.0,5.0,21:18,3.0,DENUNCIA,Hurto,HURTO A PERSONAS,Hurtos_fiscalia.csv,,,,,,,,,,,,,,,,,,,,,,,,,Nivel 1,1,1,POINT (727647.7066070228 871841.440473843)
HURTO A PERSONAS,HURTO CALIFICADO. ART. 240 C.P.,ATRACO,Nivel 1,ARMA DE FUEGO,CALI,Junín,09,-76.52645,3.43402,SIN INFORMACION,2023.0,noviembre ,9.0,5.0,15:03,3.0,DENUNCIA,Hurto,HURTO A PERSONAS,Hurtos_fiscalia.csv,,,,,,,,,,,,,,,,,,,,,,,,,Nivel 1,1,1,POINT (727788.3875014762 871834.9925767926)
HURTO A PERSONAS,HURTO CALIFICADO. ART. 240 C.P.,ATRACO,Nivel 1,ARMA DE FUEGO,CALI,Junín,09,-76.52645,3.43402,SIN INFORMACION,2023.0,noviembre ,28.0,3.0,19:50,3.0,DENUNCIA,Hurto,HURTO A PERSONAS,Hurtos_fiscalia.csv,,,,,,,,,,,,,,,,,,,,,,,,,Nivel 1,1,1,POINT (727788.3875014762 871834.9925767926)
HURTO A PERSONAS,HURTO CALIFICADO. ART. 240 C.P.,ATRACO,Nivel 1,ARMA DE FUEGO,CALI,Junín,09,-76.52645,3.43402,SIN INFORMACION,2023.0,octubre   ,2.0,2.0,06:30,3.0,DENUNCIA,Hurto,HURTO A PERSONAS,Hurtos_fiscalia.csv,,,,,,,,,,,,,,,,,,,,,,,,,Nivel 1,1,1,POINT (727788.3875014762 871834.9925767926)
HURTO A PERSONAS,HURTO CALIFICADO. ART. 240 C.P.,ATRACO,Nivel 1,ARMA DE FUEGO,CALI,Junín,09,-76.526432,3.434011,OTRO,2023.0,abril     ,6.0,5.0,23:00,3.0,DENUNCIA,Hurto,HURTO A PERSONAS,Hurtos_fiscalia.csv,,,,,,,,,,,,,,,,,,,,,,,,,Nivel 1,1,1,POINT (727790.3869541863 871833.9913344295)
HURTO A PERSONAS,HURTO CALIFICADO. ART. 240 C.P.,ATRACO,Nivel 1,ARMA DE FUEGO,CALI,Junín,09,-76.52645,3.434063,PARQUEADERO,2023.0,abril     ,1.0,7.0,02:30,3.0,DENUNCIA,Hurto,HURTO A PERSONAS,Hurtos_fiscalia.csv,,,,,,,,,,,,,,,,,,,,,,,,,Nivel 1,1,1,POINT (727788.3996937161 871839.7517864628)
HURTO A PERSONAS,HURTO CALIFICADO. ART. 240 C.P.,ATRACO,Nivel 1,ARMA DE FUEGO,CALI,Junín,09,-76.52645,3.43402,SIN INFORMACION,2023.0,abril     ,26.0,4.0,07:30,3.0,DENUNCIA,Hurto,HURTO A PERSONAS,Hurtos_fiscalia.csv,,,,,,,,,,,,,,,,,,,,,,,,,Nivel 1,1,1,POINT (727788.3875014762 871834.9925767926)
HURTO A PERSONAS,HURTO CALIFICADO. ART. 240 C.P.,ATRACO,Nivel 1,ARMA DE FUEGO,CALI,Junín,09,-76.52645,3.43402,SIN INFORMACION,2023.0,octubre   ,3.0,3.0,15:00,3.0,DENUNCIA,Hurto,HURTO A PERSONAS,Hurtos_fiscalia.csv,,,,,,,,,,,,,,,,,,,,,,,,,Nivel 1,1,1,POINT (727788.3875014762 871834.9925767926)
HURTO A PERSONAS,HURTO CALIFICADO. ART. 240 C.P.,ATRACO,Nivel 1,ARMA DE FUEGO,CALI,Junín,09,-76.52645,3.43402,SIN INFORMACION,2023.0,septiembre,9.0,7.0,12:50,3.0,DENUNCIA,Hurto,HURTO A PERSONAS,Hurtos_fiscalia.csv,,,,,,,,,,,,,,,,,,,,,,,,,Nivel 1,1,1,POINT (727788.3875014762 871834.9925767926)
HURTO A PERSONAS,HURTO CALIFICADO. ART. 240 C.P.,ATRACO,Nivel 1,ARMA DE FUEGO,CALI,Junín,09,-76.52645,3.43402,SIN INFORMACION,2023.0,octubre   ,9.0,2.0,11:10,3.0,DENUNCIA,Hurto,HURTO A PERSONAS,Hurtos_fiscalia.csv,,,,,,,,,,,,,,,,,,,,,,,,,Nivel 1,1,1,POINT (727788.3875014762 871834.9925767926)
HURTO A PERSONAS,HURTO CALIFICADO. ART. 240 C.P.,ATRACO,Nivel 1,ARMA DE FUEGO,CALI,Junín,09,-76.52645,3.43402,SIN INFORMACION,2023.0,octubre   ,2.0,2.0,20:20,3.0,DENUNCIA,Hurto,HURTO A PERSONAS,Hurtos_fiscalia.csv,,,,,,,,,,,,,,,,,,,,,,,,,Nivel 1,1,1,POINT (727788.3875014762 871834.9925767926)
HURTO A PERSONAS,HURTO CALIFICADO. ART. 240 C.P.,ATRACO,Nivel 1,ARMA DE FUEGO,CALI,Junín,09,-76.52645,3.43402,SIN INFORMACION,2023.0,octubre   ,29.0,1.0,20:16,3.0,DENUNCIA,Hurto,HURTO A PERSONAS,Hurtos_fiscalia.csv,,,,,,,,,,,,,,,,,,,,,,,,,Nivel 1,1,1,POINT (727788.3875014762 871834.9925767926)
HURTO A PERSONAS,HURTO CALIFICADO. ART. 240 C.P.,ATRACO,Nivel 1,ARMA DE FUEGO,CALI,Junín,09,-76.52645,3.43402,SIN INFORMACION,2023.0,mayo      ,1.0,2.0,13:00,3.0,DENUNCIA,Hurto,HURTO A PERSONAS,Hurtos_fiscalia.csv,,,,,,,,,,,,,,,,,,,,,,,,,Nivel 1,1,1,POINT (727788.3875014762 871834.9925767926)
HURTO A PERSONAS,HURTO CALIFICADO. ART. 240 C.P.,ATRACO,Nivel 1,ARMA DE FUEGO,CALI,Junín,09,-76.52645,3.43402,SIN INFORMACION,2023.0,septiembre,11.0,2.0,01:15,3.0,DENUNCIA,Hurto,HURTO A PERSONAS,Hurtos_fiscalia.csv,,,,,,,,,,,,,,,,,,,,,,,,,Nivel 1,1,1,POINT (727788.3875014762 871834.9925767926)
HURTO A PERSONAS,HURTO. ART. 239 C.P.,ATRACO,Nivel 1,ARMA DE FUEGO,CALI,Junín,09,-76.52645,3.43402,SIN INFORMACION,2023.0,septiembre,10.0,1.0,13:00,3.0,QUERELLA,Hurto,HURTO A PERSONAS,Hurtos_fiscalia.csv,,,,,,,,,,,,,,,,,,,,,,,,,Nivel 1,1,1,POINT (727788.3875014762 871834.9925767926)
HURTO A PERSONAS,HURTO CALIFICADO. ART. 240 C.P.,ATRACO,Nivel 1,ARMA DE FUEGO,CALI,Junín,09,-76.52802,3.43473,VIA PUBLICA,2023.0,septiembre,30.0,7.0,10:15,3.0,DENUNCIA,Hurto,HURTO A PERSONAS,Hurtos_fiscalia.csv,,,,,,,,,,,,,,,,,,,,,,,,,Nivel 1,1,1,POINT (727613.9695761559 871914.022452792)
HURTO A PERSONAS,HURTO CALIFICADO. ART. 240 C.P.,ATRACO,Nivel 1,ARMA DE FUEGO,CALI,Junín,09,-76.52645,3.43402,SIN INFORMACION,2023.0,julio     ,1.0,7.0,18:00,3.0,DENUNCIA,Hurto,HURTO A PERSONAS,Hurtos_fiscalia.csv,,,,,,,,,,,,,,,,,,,,,,,,,Nivel 1,1,1,POINT (727788.3875014762 871834.9925767926)
HURTO A PERSONAS,HURTO CALIFICADO. ART. 240 C.P.,ATRACO,Nivel 1,ARMA DE FUEGO,CALI,Junín,09,-76.52645,3.43402,SIN INFORMACION,2023.0,noviembre ,25.0,7.0,05:00,3.0,DENUNCIA,Hurto,HURTO A PERSONAS,Hurtos_fiscalia.csv,,,,,,,,,,,,,,,,,,,,,,,,,Nivel 1,1,1,POINT (727788.3875014762 871834.9925767926)
HURTO A PERSONAS,HURTO CALIFICADO. ART. 240 C.P.,ATRACO,Nivel 1,ARMA DE FUEGO,CALI,Junín,09,-76.52645,3.43402,SIN INFORMACION,2023.0,julio     ,3.0,2.0,05:40,3.0,DENUNCIA,Hurto,HURTO A PERSONAS,Hurtos_fiscalia.csv,,,,,,,,,,,,,,,,,,,,,,,,,Nivel 1,1,1,POINT (727788.3875014762 871834.9925767926)
HURTO A PERSONAS,HURTO CALIFICADO. ART. 240 C.P.,ATRACO,Nivel 1,ARMA DE FUEGO,CALI,Junín,09,-76.52645,3.43402,SIN INFORMACION,2023.0,diciembre ,15.0,6.0,00:00,3.0,DENUNCIA,Hurto,HURTO A PERSONAS,Hurtos_fiscalia.csv,,,,,,,,,,,,,,,,,,,,,,,,,Nivel 1,1,1,POINT (727788.3875014762 871834.9925767926)
HURTO A PERSONAS,HURTO CALIFICADO. ART. 240 C.P.,ATRACO,Nivel 1,ARMA DE FUEGO,CALI,Junín,09,-76.526454,3.434015,VIA PUBLICA,2023.0,abril     ,20.0,5.0,12:33,3.0,DENUNCIA,Hurto,HURTO A PERSONAS,Hurtos_fiscalia.csv,,,,,,,,,,,,,,,,,,,,,,,,,Nivel 1,1,1,POINT (727787.9411938805 871834.4403200396)
HURTO A PERSONAS,HURTO CALIFICADO. ART. 240 C.P.,ATRACO,Nivel 1,ARMA DE FUEGO,CALI,Junín,09,-76.52645,3.43402,SIN INFORMACION,2023.0,julio     ,1.0,7.0,14:00,3.0,DENUNCIA,Hurto,HURTO A PERSONAS,Hurtos_fiscalia.csv,,,,,,,,,,,,,,,,,,,,,,,,,Nivel 1,1,1,POINT (727788.3875014762 871834.9925767926)
HURTO A PERSONAS,HURTO CALIFICADO. ART. 240 C.P.,ATRACO,Nivel 1,ARMA DE FUEGO,CALI,Junín,09,-76.527359,3.434308,SIN INFORMACION,2023.0,septiembre,5.0,3.0,14:40,3.0,DENUNCIA,Hurto,HURTO A PERSONAS,Hurtos_fiscalia.csv,,,,,,,,,,,,,,,,,,,,,,,,,Nivel 1,1,1,POINT (727687.3679303776 871867.1272851215)
HURTO A PERSONAS,HURTO CALIFICADO. ART. 240 C.P.,ATRACO,Nivel 1,ARMA DE FUEGO,CALI,Junín,09,-76.52645,3.43402,SIN INFORMACION,2023.0,junio     ,3.0,7.0,16:45,3.0,DENUNCIA,Hurto,HURTO A PERSONAS,Hurtos_fiscalia.csv,,,,,,,,,,,,,,,,,,,,,,,,,Nivel 1,1,1,POINT (727788.3875014762 871834.9925767926)
HURTO A PERSONAS,HURTO CALIFICADO. ART. 240 C.P.,ATRACO,Nivel 1,ARMA DE FUEGO,CALI,Junín,09,-76.52645,3.43402,SIN INFORMACION,2023.0,julio     ,2.0,1.0,21:00,3.0,DENUNCIA,Hurto,HURTO A PERSONAS,Hurtos_fiscalia.csv,,,,,,,,,,,,,,,,,,,,,,,,,Nivel 1,1,1,POINT (727788.3875014762 871834.9925767926)
HURTO A PERSONAS,HURTO CALIFICADO. ART. 240 C.P.,ATRACO,Nivel 1,ARMA DE FUEGO,CALI,Junín,09,-76.52645,3.43402,SIN INFORMACION,2023.0,mayo      ,13.0,7.0,15:30,3.0,DENUNCIA,Hurto,HURTO A PERSONAS,Hurtos_fiscalia.csv,,,,,,,,,,,,,,,,,,,,,,,,,Nivel 1,1,1,POINT (727788.3875014762 871834.9925767926)
HURTO A PERSONAS,HURTO CALIFICADO. ART. 240 C.P.,ATRACO,Nivel 1,ARMA DE FUEGO,CALI,Junín,09,-76.52645,3.43402,SIN INFORMACION,2023.0,junio     ,27.0,3.0,12:40,3.0,DENUNCIA,Hurto,HURTO A PERSONAS,Hurtos_fiscalia.csv,,,,,,,,,,,,,,,,,,,,,,,,,Nivel 1,1,1,POINT (727788.3875014762 871834.9925767926)
HURTO A PERSONAS,HURTO CALIFICADO. ART. 240 C.P.,ATRACO,Nivel 1,ARMA DE FUEGO,CALI,Junín,09,-76.52645,3.43402,SIN INFORMACION,2023.0,abril     ,19.0,4.0,10:30,3.0,DENUNCIA,Hurto,HURTO A PERSONAS,Hurtos_fiscalia.csv,,,,,,,,,,,,,,,,,,,,,,,,,Nivel 1,1,1,POINT (727788.3875014762 871834.9925767926)
HURTO A PERSONAS,HURTO CALIFICADO. ART. 240 C.P.,ATRACO,Nivel 1,ARMA DE FUEGO,CALI,Junín,09,-76.52645,3.43402,SIN INFORMACION,2023.0,mayo      ,29.0,2.0,09:20,3.0,DENUNCIA,Hurto,HURTO A PERSONAS,Hurtos_fiscalia.csv,,,,,,,,,,,,,,,,,,,,,,,,,Nivel 1,1,1,POINT (727788.3875014762 871834.9925767926)
HURTO A PERSONAS,HURTO CALIFICADO. ART. 240 C.P.,ATRACO,Nivel 1,ARMA DE FUEGO,CALI,Junín,09,-76.52645,3.43402,SIN INFORMACION,2023.0,julio     ,5.0,4.0,04:30,3.0,DENUNCIA,Hurto,HURTO A PERSONAS,Hurtos_fiscalia.csv,,,,,,,,,,,,,,,,,,,,,,,,,Nivel 1,1,1,POINT (727788.3875014762 871834.9925767926)
HURTO A PERSONAS,HURTO CALIFICADO. ART. 240 C.P.,ATRACO,Nivel 1,ARMA DE FUEGO,CALI,Junín,09,-76.52645,3.43402,SIN INFORMACION,2023.0,octubre   ,28.0,7.0,02:40,3.0,DENUNCIA,Hurto,HURTO A PERSONAS,Hurtos_fiscalia.csv,,,,,,,,,,,,,,,,,,,,,,,,,Nivel 1,1,1,POINT (727788.3875014762 871834.9925767926)
HURTO A PERSONAS,HURTO CALIFICADO. ART. 240 C.P.,ATRACO,Nivel 1,ARMA DE FUEGO,CALI,Junín,09,-76.527,3.43428,VIA PUBLICA,2023.0,febrero   ,2.0,5.0,06:00,3.0,DENUNCIA,Hurto,HURTO A PERSONAS,Hurtos_fiscalia.csv,,,,,,,,,,,,,,,,,,,,,,,,,Nivel 1,1,1,POINT (727727.2888671261 871863.9259345351)
HURTO A PERSONAS,HURTO CALIFICADO. ART. 240 C.P.,ATRACO,Nivel 1,ARMA DE FUEGO,CALI,Junín,09,-76.526611,3.434106,VIA PUBLICA,2023.0,noviembre ,9.0,5.0,13:45,3.0,DENUNCIA,Hurto,HURTO A PERSONAS,Hurtos_fiscalia.csv,,,,,,,,,,,,,,,,,,,,,,,,,Nivel 1,1,1,POINT (727770.505068164 871844.5568725567)
HURTO A PERSONAS,HURTO CALIFICADO. ART. 240 C.P.,ATRACO,Nivel 1,ARMA DE FUEGO,CALI,Junín,09,-76.527,3.43404,VIA PUBLICA,2023.0,octubre   ,27.0,6.0,01:30,3.0,DENUNCIA,Hurto,HURTO A PERSONAS,Hurtos_fiscalia.csv,,,,,,,,,,,,,,,,,,,,,,,,,Nivel 1,1,1,POINT (727727.2207997385 871837.3628928626)
HURTO A PERSONAS,HURTO CALIFICADO. ART. 240 C.P.,ATRACO,Nivel 1,ARMA DE FUEGO,CALI,Junín,09,-76.52645,3.43402,SIN INFORMACION,2023.0,agosto    ,3.0,5.0,13:20,3.0,DENUNCIA,Hurto,HURTO A PERSONAS,Hurtos_fiscalia.csv,,,,,,,,,,,,,,,,,,,,,,,,,Nivel 1,1,1,POINT (727788.3875014762 871834.9925767926)
HURTO A PERSONAS,HURTO CALIFICADO. ART. 240 C.P.,ATRACO,Nivel 1,ARMA DE FUEGO,CALI,Junín,09,-76.52645,3.43402,SIN INFORMACION,2023.0,agosto    ,17.0,5.0,18:30,3.0,DENUNCIA,Hurto,HURTO A PERSONAS,Hurtos_fiscalia.csv,,,,,,,,,,,,,,,,,,,,,,,,,Nivel 1,1,1,POINT (727788.3875014762 871834.9925767926)
HURTO A PERSONAS,HURTO CALIFICADO. ART. 240 C.P.,ATRACO,Nivel 1,ARMA DE FUEGO,CALI,Junín,09,-76.52645,3.43402,SIN INFORMACION,2023.0,noviembre ,2.0,5.0,21:00,3.0,DENUNCIA,Hurto,HURTO A PERSONAS,Hurtos_fiscalia.csv,,,,,,,,,,,,,,,,,,,,,,,,,Nivel 1,1,1,POINT (727788.3875014762 871834.9925767926)
HURTO A PERSONAS,HURTO CALIFICADO. ART. 240 C.P.,ATRACO,Nivel 1,ARMA DE FUEGO,CALI,Junín,09,-76.52645,3.43402,SIN INFORMACION,2023.0,marzo     ,11.0,7.0,08:30,3.0,DENUNCIA,Hurto,HURTO A PERSONAS,Hurtos_fiscalia.csv,,,,,,,,,,,,,,,,,,,,,,,,,Nivel 1,1,1,POINT (727788.3875014762 871834.9925767926)
HURTO A PERSONAS,HURTO CALIFICADO. ART. 240 C.P.,ATRACO,Nivel 1,ARMA DE FUEGO,CALI,Junín,09,-76.52645,3.43402,SIN INFORMACION,2023.0,septiembre,21.0,5.0,02:20,3.0,DENUNCIA,Hurto,HURTO A PERSONAS,Hurtos_fiscalia.csv,,,,,,,,,,,,,,,,,,,,,,,,,Nivel 1,1,1,POINT (727788.3875014762 871834.9925767926)
HURTO A PERSONAS,HURTO CALIFICADO. ART. 240 C.P.,ATRACO,Nivel 1,ARMA DE FUEGO,CALI,Junín,09,-76.52645,3.43402,SIN INFORMACION,2023.0,octubre   ,5.0,5.0,23:20,3.0,DENUNCIA,Hurto,HURTO A PERSONAS,Hurtos_fiscalia.csv,,,,,,,,,,,,,,,,,,,,,,,,,Nivel 1,1,1,POINT (727788.3875014762 871834.9925767926)
HURTO A PERSONAS,HURTO CALIFICADO. ART. 240 C.P.,ATRACO,Nivel 1,ARMA DE FUEGO,CALI,Junín,09,-76.52645,3.43402,SIN INFORMACION,2023.0,febrero   ,4.0,7.0,09:20,3.0,DENUNCIA,Hurto,HURTO A PERSONAS,Hurtos_fiscalia.csv,,,,,,,,,,,,,,,,,,,,,,,,,Nivel 1,1,1,POINT (727788.3875014762 871834.9925767926)
HURTO A PERSONAS,HURTO CALIFICADO. ART. 240 C.P.,ATRACO,Nivel 1,ARMA DE FUEGO,CALI,Junín,09,-76.52645,3.43402,SIN INFORMACION,2024.0,enero     ,15.0,2.0,17:00,3.0,DENUNCIA,Hurto,HURTO A PERSONAS,Hurtos_fiscalia.csv,,,,,,,,,,,,,,,,,,,,,,,,,Nivel 1,1,1,POINT (727788.3875014762 871834.9925767926)
HURTO A PERSONAS,HURTO CALIFICADO. ART. 240 C.P.,ATRACO,Nivel 1,ARMA DE FUEGO,CALI,Junín,09,-76.52751,3.43449,VIA PUBLICA,2024.0,marzo     ,14.0,5.0,17:35,3.0,DENUNCIA,Hurto,HURTO A PERSONAS,Hurtos_fiscalia.csv,,,,,,,,,,,,,,,,,,,,,,,,,Nivel 1,1,1,POINT (727670.624961501 871887.3139782101)
HURTO A PERSONAS,HURTO CALIFICADO. ART. 240 C.P.,ATRACO,Nivel 1,ARMA DE FUEGO,CALI,Junín,09,-76.52645,3.43402,SIN INFORMACION,2024.0,marzo     ,5.0,3.0,19:30,3.0,DENUNCIA,Hurto,HURTO A PERSONAS,Hurtos_fiscalia.csv,,,,,,,,,,,,,,,,,,,,,,,,,Nivel 1,1,1,POINT (727788.3875014762 871834.9925767926)
HURTO A PERSONAS,HURTO CALIFICADO. ART. 240 C.P.,ATRACO,Nivel 1,ARMA DE FUEGO,CALI,Junín,09,-76.52645,3.43402,SIN INFORMACION,2024.0,marzo     ,18.0,2.0,10:02,3.0,DENUNCIA,Hurto,HURTO A PERSONAS,Hurtos_fiscalia.csv,,,,,,,,,,,,,,,,,,,,,,,,,Nivel 1,1,1,POINT (727788.3875014762 871834.9925767926)
HURTO A PERSONAS,HURTO CALIFICADO. ART. 240 C.P.,ATRACO,Nivel 1,ARMA DE FUEGO,CALI,Junín,09,-76.52645,3.43402,SIN INFORMACION,2024.0,enero     ,6.0,7.0,15:00,3.0,DENUNCIA,Hurto,HURTO A PERSONAS,Hurtos_fiscalia.csv,,,,,,,,,,,,,,,,,,,,,,,,,Nivel 1,1,1,POINT (727788.3875014762 871834.9925767926)
HURTO A PERSONAS,HURTO CALIFICADO. ART. 240 C.P.,ATRACO,Nivel 1,ARMA DE FUEGO,CALI,Junín,09,-76.527179,3.433212,VIA PUBLICA,2024.0,enero     ,13.0,7.0,13:29,3.0,DENUNCIA,Hurto,HURTO A PERSONAS,Hurtos_fiscalia.csv,,,,,,,,,,,,,,,,,,,,,,,,,Nivel 1,1,1,POINT (727707.0771544053 871745.7714038509)
HURTO A PERSONAS,HURTO CALIFICADO. ART. 240 C.P.,ATRACO,Nivel 1,ARMA DE FUEGO,CALI,Junín,09,-76.527495,3.434505,SIN INFORMACION,2024.0,enero     ,27.0,7.0,15:18,3.0,DENUNCIA,Hurto,HURTO A PERSONAS,Hurtos_fiscalia.csv,,,,,,,,,,,,,,,,,,,,,,,,,Nivel 1,1,1,POINT (727672.2975546103 871888.9698925596)
HURTO A PERSONAS,HURTO CALIFICADO. ART. 240 C.P.,ATRACO,Nivel 1,ARMA DE FUEGO,CALI,Junín,09,-76.527405,3.434125,VIA PUBLICA,2024.0,febrero   ,20.0,3.0,02:00,3.0,DENUNCIA,Hurto,HURTO A PERSONAS,Hurtos_fiscalia.csv,,,,,,,,,,,,,,,,,,,,,,,,,Nivel 1,1,1,POINT (727682.1997836635 871846.8860725921)
HURTO A PERSONAS,HURTO CALIFICADO. ART. 240 C.P.,ATRACO,Nivel 1,ARMA DE FUEGO,CALI,Junín,09,-76.527425,3.433697,VIA PUBLICA,2024.0,febrero   ,11.0,1.0,01:00,3.0,DENUNCIA,Hurto,HURTO A PERSONAS,Hurtos_fiscalia.csv,,,,,,,,,,,,,,,,,,,,,,,,,Nivel 1,1,1,POINT (727679.8539336324 871799.5210011494)
HURTO A PERSONAS,HURTO CALIFICADO. ART. 240 C.P.,ATRACO,Nivel 1,ARMA DE FUEGO,CALI,Junín,09,-76.52645,3.43402,SIN INFORMACION,2024.0,marzo     ,14.0,5.0,11:15,3.0,DENUNCIA,Hurto,HURTO A PERSONAS,Hurtos_fiscalia.csv,,,,,,,,,,,,,,,,,,,,,,,,,Nivel 1,1,1,POINT (727788.3875014762 871834.9925767926)
HURTO A PERSONAS,HURTO CALIFICADO. ART. 240 C.P.,ATRACO,Nivel 1,ARMA DE FUEGO,CALI,Junín,09,-76.527873,3.434334,VIA PUBLICA,2024.0,abril     ,7.0,1.0,00:00,3.0,DENUNCIA,Hurto,HURTO A PERSONAS,Hurtos_fiscalia.csv,,,,,,,,,,,,,,,,,,,,,,,,,Nivel 1,1,1,POINT (727630.2069226222 871870.151486156)
HURTO A PERSONAS,HURTO CALIFICADO. ART. 240 C.P.,ATRACO,Nivel 1,ARMA DE FUEGO,CALI,Junín,09,-76.52798,3.433631,ESTABLECIMIENTO DE COMERCIO,2024.0,abril     ,20.0,7.0,11:00,3.0,DENUNCIA,Hurto,HURTO A PERSONAS,Hurtos_fiscalia.csv,,,,,,,,,,,,,,,,,,,,,,,,,Nivel 1,1,1,POINT (727618.1066581458 871792.3743619925)
HURTO A PERSONAS,HURTO CALIFICADO. ART. 240 C.P.,ATRACO,Nivel 1,ARMA DE FUEGO,CALI,Junín,09,-76.52787,3.434083,SIN INFORMACION,2025.0,agosto    ,12.0,3.0,12:00,3.0,DENUNCIA,Hurto,HURTO A PERSONAS,Hurtos_fiscalia.csv,,,,,,,,,,,,,,,,,,,,,,,,,Nivel 1,1,1,POINT (727630.4693767827 871842.3700983117)
HURTO A PERSONAS,HURTO. ART. 239 C.P.,ATRACO,Nivel 1,ARMA DE FUEGO,CALI,Junín,09,-76.52645,3.43402,SIN INFORMACION,2024.0,febrero   ,17.0,7.0,00:00,3.0,DENUNCIA,Hurto,HURTO A PERSONAS,Hurtos_fiscalia.csv,,,,,,,,,,,,,,,,,,,,,,,,,Nivel 1,1,1,POINT (727788.3875014762 871834.9925767926)
HURTO A PERSONAS,HURTO CALIFICADO. ART. 240 C.P.,ATRACO,Nivel 1,ARMA DE FUEGO,CALI,Junín,09,-76.52645,3.43402,SIN INFORMACION,2024.0,marzo     ,5.0,3.0,13:30,3.0,DENUNCIA,Hurto,HURTO A PERSONAS,Hurtos_fiscalia.csv,,,,,,,,,,,,,,,,,,,,,,,,,Nivel 1,1,1,POINT (727788.3875014762 871834.9925767926)
HURTO A PERSONAS,HURTO CALIFICADO. ART. 240 C.P.,ATRACO,Nivel 1,ARMA DE FUEGO,CALI,Junín,09,-76.527006,3.434493,VIA PUBLICA,2024.0,agosto    ,16.0,6.0,18:30,3.0,DENUNCIA,Hurto,HURTO A PERSONAS,Hurtos_fiscalia.csv,,,,,,,,,,,,,,,,,,,,,,,,,Nivel 1,1,1,POINT (727726.6819461166 871887.5023443138)
HURTO A PERSONAS,HURTO CALIFICADO. ART. 240 C.P.,ATRACO,Nivel 1,ARMA DE FUEGO,CALI,Junín,09,-76.52645,3.43402,SIN INFORMACION,2024.0,febrero   ,17.0,7.0,18:25,3.0,DENUNCIA,Hurto,HURTO A PERSONAS,Hurtos_fiscalia.csv,,,,,,,,,,,,,,,,,,,,,,,,,Nivel 1,1,1,POINT (727788.3875014762 871834.9925767926)
HURTO A PERSONAS,HURTO CALIFICADO. ART. 240 C.P.,ATRACO,Nivel 1,ARMA DE FUEGO,CALI,Junín,09,-76.52645,3.43402,SIN INFORMACION,2024.0,enero     ,18.0,5.0,22:10,3.0,DENUNCIA,Hurto,HURTO A PERSONAS,Hurtos_fiscalia.csv,,,,,,,,,,,,,,,,,,,,,,,,,Nivel 1,1,1,POINT (727788.3875014762 871834.9925767926)
HURTO A PERSONAS,HURTO CALIFICADO. ART. 240 C.P.,ATRACO,Nivel 1,ARMA DE FUEGO,CALI,Junín,09,-76.52645,3.43402,SIN INFORMACION,2024.0,marzo     ,19.0,3.0,12:30,3.0,DENUNCIA,Hurto,HURTO A PERSONAS,Hurtos_fiscalia.csv,,,,,,,,,,,,,,,,,,,,,,,,,Nivel 1,1,1,POINT (727788.3875014762 871834.9925767926)
HURTO A PERSONAS,HURTO CALIFICADO. ART. 240 C.P.,ATRACO,Nivel 1,ARMA DE FUEGO,CALI,Junín,09,-76.52645,3.43402,SIN INFORMACION,2024.0,febrero   ,23.0,6.0,10:44,3.0,DENUNCIA,Hurto,HURTO A PERSONAS,Hurtos_fiscalia.csv,,,,,,,,,,,,,,,,,,,,,,,,,Nivel 1,1,1,POINT (727788.3875014762 871834.9925767926)
HURTO A PERSONAS,HURTO CALIFICADO. ART. 240 C.P.,ATRACO,Nivel 1,ARMA DE FUEGO,CALI,Junín,09,-76.527346,3.433997,SIN INFORMACION,2025.0,marzo     ,27.0,5.0,19:30,3.0,DENUNCIA,Hurto,HURTO A PERSONAS,Hurtos_fiscalia.csv,,,,,,,,,,,,,,,,,,,,,,,,,Nivel 1,1,1,POINT (727688.725606797 871832.7022956323)
HURTO A PERSONAS,HURTO CALIFICADO. ART. 240 C.P.,ATRACO,Nivel 1,ARMA DE FUEGO,CALI,Junín,09,-76.527566,3.434622,SIN INFORMACION,2025.0,agosto    ,19.0,3.0,13:47,3.0,DENUNCIA,Hurto,HURTO A PERSONAS,Hurtos_fiscalia.csv,,,,,,,,,,,,,,,,,,,,,,,,,Nivel 1,1,1,POINT (727664.433950956 871901.9396227775)
HURTO A PERSONAS,HURTO CALIFICADO. ART. 240 C.P.,ATRACO,Nivel 1,ARMA DE FUEGO,CALI,Junín,09,-76.52645,3.43402,SIN INFORMACION,2024.0,enero     ,28.0,1.0,02:00,3.0,DENUNCIA,Hurto,HURTO A PERSONAS,Hurtos_fiscalia.csv,,,,,,,,,,,,,,,,,,,,,,,,,Nivel 1,1,1,POINT (727788.3875014762 871834.9925767926)
HURTO A PERSONAS,HURTO CALIFICADO. ART. 240 C.P.,ATRACO,Nivel 1,ARMA DE FUEGO,CALI,Junín,09,-76.526466,3.434078,VIA PUBLICA,2024.0,febrero   ,8.0,5.0,07:03,3.0,DENUNCIA,Hurto,HURTO A PERSONAS,Hurtos_fiscalia.csv,,,,,,,,,,,,,,,,,,,,,,,,,Nivel 1,1,1,POINT (727786.6243873546 871841.4165348585)
HURTO A PERSONAS,HURTO CALIFICADO. ART. 240 C.P.,ATRACO,Nivel 1,ARMA DE FUEGO,CALI,Junín,09,-76.52645,3.43402,SIN INFORMACION,2024.0,enero     ,6.0,7.0,23:40,3.0,DENUNCIA,Hurto,HURTO A PERSONAS,Hurtos_fiscalia.csv,,,,,,,,,,,,,,,,,,,,,,,,,Nivel 1,1,1,POINT (727788.3875014762 871834.9925767926)
HURTO A PERSONAS,HURTO CALIFICADO. ART. 240 C.P.,ATRACO,Nivel 1,ARMA DE FUEGO,CALI,Junín,09,-76.52645,3.43402,SIN INFORMACION,2024.0,febrero   ,1.0,5.0,00:15,3.0,DENUNCIA,Hurto,HURTO A PERSONAS,Hurtos_fiscalia.csv,,,,,,,,,,,,,,,,,,,,,,,,,Nivel 1,1,1,POINT (727788.3875014762 871834.9925767926)
HURTO A PERSONAS,HURTO CALIFICADO. ART. 240 C.P.,ATRACO,Nivel 1,ARMA DE FUEGO,CALI,Junín,09,-76.52645,3.43402,SIN INFORMACION,2024.0,febrero   ,22.0,5.0,13:30,3.0,DENUNCIA,Hurto,HURTO A PERSONAS,Hurtos_fiscalia.csv,,,,,,,,,,,,,,,,,,,,,,,,,Nivel 1,1,1,POINT (727788.3875014762 871834.9925767926)
HURTO A PERSONAS,HURTO CALIFICADO. ART. 240 C.P.,ATRACO,Nivel 1,ARMA DE FUEGO,CALI,Junín,09,-76.52749,3.4345,SIN INFORMACION,2024.0,marzo     ,10.0,1.0,08:57,3.0,DENUNCIA,Hurto,HURTO A PERSONAS,Hurtos_fiscalia.csv,,,,,,,,,,,,,,,,,,,,,,,,,Nivel 1,1,1,POINT (727672.8522486406 871888.4150701927)
HURTO A PERSONAS,HURTO CALIFICADO. ART. 240 C.P.,ATRACO,Nivel 1,ARMA DE FUEGO,CALI,Junín,09,-76.527742,3.433732,SIN INFORMACION,2025.0,junio     ,10.0,3.0,21:10,3.0,DENUNCIA,Hurto,HURTO A PERSONAS,Hurtos_fiscalia.csv,,,,,,,,,,,,,,,,,,,,,,,,,Nivel 1,1,1,POINT (727644.6062955644 871803.4851365291)
HURTO A PERSONAS,HURTO CALIFICADO. ART. 240 C.P.,ATRACO,Nivel 1,ARMA DE FUEGO,CALI,Junín,09,-76.52645,3.43402,SIN INFORMACION,2024.0,enero     ,19.0,6.0,04:47,3.0,DENUNCIA,Hurto,HURTO A PERSONAS,Hurtos_fiscalia.csv,,,,,,,,,,,,,,,,,,,,,,,,,Nivel 1,1,1,POINT (727788.3875014762 871834.9925767926)
HURTO A PERSONAS,HURTO CALIFICADO. ART. 240 C.P.,ATRACO,Nivel 1,ARMA DE FUEGO,CALI,Junín,09,-76.52645,3.43402,VIA PUBLICA,2024.0,enero     ,31.0,4.0,14:30,3.0,DENUNCIA,Hurto,HURTO A PERSONAS,Hurtos_fiscalia.csv,,,,,,,,,,,,,,,,,,,,,,,,,Nivel 1,1,1,POINT (727788.3875014762 871834.9925767926)
HURTO A PERSONAS,HURTO CALIFICADO. ART. 240 C.P.,ATRACO,Nivel 1,ARMA DE FUEGO,CALI,Junín,09,-76.52645,3.43402,SIN INFORMACION,2024.0,enero     ,10.0,4.0,19:40,3.0,DENUNCIA,Hurto,HURTO A PERSONAS,Hurtos_fiscalia.csv,,,,,,,,,,,,,,,,,,,,,,,,,Nivel 1,1,1,POINT (727788.3875014762 871834.9925767926)
HURTO A PERSONAS,HURTO CALIFICADO. ART. 240 C.P.,ATRACO,Nivel 1,ARMA DE FUEGO,CALI,Junín,09,-76.52645,3.43402,SIN INFORMACION,2024.0,febrero   ,14.0,4.0,02:30,3.0,DENUNCIA,Hurto,HURTO A PERSONAS,Hurtos_fiscalia.csv,,,,,,,,,,,,,,,,,,,,,,,,,Nivel 1,1,1,POINT (727788.3875014762 871834.9925767926)
HURTO A PERSONAS,HURTO CALIFICADO. ART. 240 C.P.,ATRACO,Nivel 1,ARMA DE FUEGO,CALI,Junín,09,-76.528069,3.433923,SIN INFORMACION,2025.0,agosto    ,30.0,7.0,06:40,3.0,DENUNCIA,Hurto,HURTO A PERSONAS,Hurtos_fiscalia.csv,,,,,,,,,,,,,,,,,,,,,,,,,Nivel 1,1,1,POINT (727608.2906845621 871824.7181272185)
HURTO A PERSONAS,HURTO CALIFICADO. ART. 240 C.P.,ATRACO,Nivel 1,ARMA DE FUEGO,CALI,Junín,09,-76.52645,3.43402,SIN INFORMACION,2024.0,enero     ,14.0,1.0,06:15,3.0,DENUNCIA,Hurto,HURTO A PERSONAS,Hurtos_fiscalia.csv,,,,,,,,,,,,,,,,,,,,,,,,,Nivel 1,1,1,POINT (727788.3875014762 871834.9925767926)
HURTO A PERSONAS,HURTO CALIFICADO. ART. 240 C.P.,ATRACO,Nivel 1,ARMA DE FUEGO,CALI,Junín,09,-76.52645,3.43402,SIN INFORMACION,2024.0,marzo     ,6.0,4.0,08:50,3.0,DENUNCIA,Hurto,HURTO A PERSONAS,Hurtos_fiscalia.csv,,,,,,,,,,,,,,,,,,,,,,,,,Nivel 1,1,1,POINT (727788.3875014762 871834.9925767926)
HURTO A PERSONAS,HURTO CALIFICADO. ART. 240 C.P.,ATRACO,Nivel 1,ARMA DE FUEGO,CALI,Junín,09,-76.52645,3.43402,SIN INFORMACION,2024.0,marzo     ,11.0,2.0,20:00,3.0,DENUNCIA,Hurto,HURTO A PERSONAS,Hurtos_fiscalia.csv,,,,,,,,,,,,,,,,,,,,,,,,,Nivel 1,1,1,POINT (727788.3875014762 871834.9925767926)
HURTO A PERSONAS,HURTO CALIFICADO. ART. 240 C.P.,ATRACO,Nivel 1,ARMA DE FUEGO,CALI,Junín,09,-76.52645,3.43402,SIN INFORMACION,2024.0,enero     ,2.0,3.0,06:10,3.0,DENUNCIA,Hurto,HURTO A PERSONAS,Hurtos_fiscalia.csv,,,,,,,,,,,,,,,,,,,,,,,,,Nivel 1,1,1,POINT (727788.3875014762 871834.9925767926)
HURTO A PERSONAS,HURTO CALIFICADO. ART. 240 C.P.,ATRACO,Nivel 1,ARMA DE FUEGO,CALI,Junín,09,-76.527346,3.433997,SIN INFORMACION,2025.0,junio     ,10.0,3.0,19:15,3.0,DENUNCIA,Hurto,HURTO A PERSONAS,Hurtos_fiscalia.csv,,,,,,,,,,,,,,,,,,,,,,,,,Nivel 1,1,1,POINT (727688.725606797 871832.7022956323)
HURTO A PERSONAS,HURTO CALIFICADO. ART. 240 C.P.,ATRACO,Nivel 1,ARMA DE FUEGO,CALI,Junín,09,-76.527346,3.433997,VIA PUBLICA,2025.0,agosto    ,19.0,3.0,20:00,3.0,DENUNCIA,Hurto,HURTO A PERSONAS,Hurtos_fiscalia.csv,,,,,,,,,,,,,,,,,,,,,,,,,Nivel 1,1,1,POINT (727688.725606797 871832.7022956323)
HURTO A RESIDENCIA,HURTO CALIFICADO. ART. 240 C.P.,ATRACO,Nivel 1,ARMA DE FUEGO,CALI,Junín,09,-76.52645,3.43402,SIN INFORMACION,2023.0,febrero   ,23.0,5.0,21:00,3.0,DENUNCIA,Hurto,HURTO A RESIDENCIA,Hurtos_fiscalia.csv,,,,,,,,,,,,,,,,,,,,,,,,,Nivel 1,1,1,POINT (727788.3875014762 871834.9925767926)
HURTO DE BICICLETAS,HURTO CALIFICADO. ART. 240 C.P.,ATRACO,Nivel 1,ARMA DE FUEGO,CALI,Junín,09,-76.52645,3.43402,SIN INFORMACION,2023.0,septiembre,23.0,7.0,22:10,3.0,DENUNCIA,Hurto,HURTO DE BICICLETAS,Hurtos_fiscalia.csv,,,,,,,,,,,,,,,,,,,,,,,,,Nivel 1,1,1,POINT (727788.3875014762 871834.9925767926)
HURTO DE BICICLETAS,HURTO CALIFICADO. ART. 240 C.P.,ATRACO,Nivel 1,ARMA DE FUEGO,CALI,Junín,09,-76.526434,3.434004,VIA PUBLICA,2023.0,junio     ,23.0,6.0,10:30,3.0,DENUNCIA,Hurto,HURTO DE BICICLETAS,Hurtos_fiscalia.csv,,,,,,,,,,,,,,,,,,,,,,,,,Nivel 1,1,1,POINT (727790.1625244869 871833.2171492316)
HURTO DE MOTOCICLETAS,HURTO CALIFICADO. ART. 240 C.P.,ATRACO,Nivel 1,ARMA DE FUEGO,CALI,Junín,09,-76.52645,3.43402,SIN INFORMACION,2023.0,septiembre,16.0,7.0,08:40,3.0,DENUNCIA,Hurto,HURTO DE MOTOCICLETAS,Hurtos_fiscalia.csv,,,,,,,,,,,,,,,,,,,,,,,,,Nivel 1,1,1,POINT (727788.3875014762 871834.9925767926)
HURTO DE MOTOCICLETAS,HURTO CALIFICADO. ART. 240 C.P.,ATRACO,Nivel 1,ARMA DE FUEGO,CALI,Junín,09,-76.52645,3.43402,SIN INFORMACION,2023.0,junio     ,15.0,5.0,15:03,3.0,DENUNCIA,Hurto,HURTO DE MOTOCICLETAS,Hurtos_fiscalia.csv,,,,,,,,,,,,,,,,,,,,,,,,,Nivel 1,1,1,POINT (727788.3875014762 871834.9925767926)
HURTO DE MOTOCICLETAS,HURTO CALIFICADO. ART. 240 C.P.,ATRACO,Nivel 1,ARMA DE FUEGO,CALI,Junín,09,-76.52645,3.43402,SIN INFORMACION,2023.0,noviembre ,10.0,6.0,15:00,3.0,DENUNCIA,Hurto,HURTO DE MOTOCICLETAS,Hurtos_fiscalia.csv,,,,,,,,,,,,,,,,,,,,,,,,,Nivel 1,1,1,POINT (727788.3875014762 871834.9925767926)
HURTO DE MOTOCICLETAS,HURTO CALIFICADO. ART. 240 C.P.,ATRACO,Nivel 1,ARMA DE FUEGO,CALI,Junín,09,-76.52645,3.43402,SIN INFORMACION,2023.0,octubre   ,26.0,5.0,16:05,3.0,DENUNCIA,Hurto,HURTO DE MOTOCICLETAS,Hurtos_fiscalia.csv,,,,,,,,,,,,,,,,,,,,,,,,,Nivel 1,1,1,POINT (727788.3875014762 871834.9925767926)
HURTO DE MOTOCICLETAS,HURTO CALIFICADO. ART. 240 C.P.,ATRACO,Nivel 1,ARMA DE FUEGO,CALI,Junín,09,-76.52645,3.43402,SIN INFORMACION,2023.0,diciembre ,15.0,6.0,03:20,3.0,DENUNCIA,Hurto,HURTO DE MOTOCICLETAS,Hurtos_fiscalia.csv,,,,,,,,,,,,,,,,,,,,,,,,,Nivel 1,1,1,POINT (727788.3875014762 871834.9925767926)
HURTO DE MOTOCICLETAS,HURTO CALIFICADO. ART. 240 C.P.,ATRACO,Nivel 1,ARMA DE FUEGO,CALI,Junín,09,-76.52645,3.43402,SIN INFORMACION,2023.0,junio     ,28.0,4.0,03:00,3.0,DENUNCIA,Hurto,HURTO DE MOTOCICLETAS,Hurtos_fiscalia.csv,,,,,,,,,,,,,,,,,,,,,,,,,Nivel 1,1,1,POINT (727788.3875014762 871834.9925767926)
HURTO DE MOTOCICLETAS,HURTO CALIFICADO. ART. 240 C.P.,ATRACO,Nivel 1,ARMA DE FUEGO,CALI,Junín,09,-76.52645,3.43402,SIN INFORMACION,2023.0,noviembre ,24.0,6.0,00:30,3.0,DENUNCIA,Hurto,HURTO DE MOTOCICLETAS,Hurtos_fiscalia.csv,,,,,,,,,,,,,,,,,,,,,,,,,Nivel 1,1,1,POINT (727788.3875014762 871834.9925767926)
HURTO DE MOTOCICLETAS,HURTO CALIFICADO. ART. 240 C.P.,ATRACO,Nivel 1,ARMA DE FUEGO,CALI,Junín,09,-76.52645,3.43402,SIN INFORMACION,2023.0,noviembre ,19.0,1.0,01:39,3.0,DENUNCIA,Hurto,HURTO DE MOTOCICLETAS,Hurtos_fiscalia.csv,,,,,,,,,,,,,,,,,,,,,,,,,Nivel 1,1,1,POINT (727788.3875014762 871834.9925767926)
HURTO DE MOTOCICLETAS,HURTO CALIFICADO. ART. 240 C.P.,ATRACO,Nivel 1,ARMA DE FUEGO,CALI,Junín,09,-76.526455,3.434041,VIA PUBLICA,2023.0,abril     ,29.0,7.0,12:48,3.0,DENUNCIA,Hurto,HURTO DE MOTOCICLETAS,Hurtos_fiscalia.csv,,,,,,,,,,,,,,,,,,,,,,,,,Nivel 1,1,1,POINT (727787.8373434423 871837.3182666411)
HURTO DE MOTOCICLETAS,HURTO CALIFICADO. ART. 240 C.P.,ATRACO,Nivel 1,ARMA DE FUEGO,CALI,Junín,09,-76.52645,3.43402,SIN INFORMACION,2023.0,octubre   ,12.0,5.0,03:30,3.0,DENUNCIA,Hurto,HURTO DE MOTOCICLETAS,Hurtos_fiscalia.csv,,,,,,,,,,,,,,,,,,,,,,,,,Nivel 1,1,1,POINT (727788.3875014762 871834.9925767926)
HURTO DE MOTOCICLETAS,HURTO CALIFICADO. ART. 240 C.P.,ATRACO,Nivel 1,ARMA DE FUEGO,CALI,Junín,09,-76.52645,3.43402,SIN INFORMACION,2023.0,noviembre ,19.0,1.0,04:30,3.0,DENUNCIA,Hurto,HURTO DE MOTOCICLETAS,Hurtos_fiscalia.csv,,,,,,,,,,,,,,,,,,,,,,,,,Nivel 1,1,1,POINT (727788.3875014762 871834.9925767926)
HURTO DE MOTOCICLETAS,HURTO CALIFICADO. ART. 240 C.P.,ATRACO,Nivel 1,ARMA DE FUEGO,CALI,Junín,09,-76.52645,3.43402,SIN INFORMACION,2023.0,abril     ,1.0,7.0,07:30,3.0,DENUNCIA,Hurto,HURTO DE MOTOCICLETAS,Hurtos_fiscalia.csv,,,,,,,,,,,,,,,,,,,,,,,,,Nivel 1,1,1,POINT (727788.3875014762 871834.9925767926)
HURTO DE MOTOCICLETAS,HURTO CALIFICADO. ART. 240 C.P.,ATRACO,Nivel 1,ARMA DE FUEGO,CALI,Junín,09,-76.52645,3.43402,SIN INFORMACION,2023.0,julio     ,14.0,6.0,15:00,3.0,DENUNCIA,Hurto,HURTO DE MOTOCICLETAS,Hurtos_fiscalia.csv,,,,,,,,,,,,,,,,,,,,,,,,,Nivel 1,1,1,POINT (727788.3875014762 871834.9925767926)
HURTO DE MOTOCICLETAS,HURTO CALIFICADO. ART. 240 C.P.,ATRACO,Nivel 1,ARMA DE FUEGO,CALI,Junín,09,-76.52645,3.43402,SIN INFORMACION,2023.0,marzo     ,22.0,4.0,14:40,3.0,DENUNCIA,Hurto,HURTO DE MOTOCICLETAS,Hurtos_fiscalia.csv,,,,,,,,,,,,,,,,,,,,,,,,,Nivel 1,1,1,POINT (727788.3875014762 871834.9925767926)
HURTO DE MOTOCICLETAS,HURTO CALIFICADO. ART. 240 C.P.,ATRACO,Nivel 1,ARMA DE FUEGO,CALI,Junín,09,-76.52645,3.43402,SIN INFORMACION,2023.0,octubre   ,2.0,2.0,02:10,3.0,DENUNCIA,Hurto,HURTO DE MOTOCICLETAS,Hurtos_fiscalia.csv,,,,,,,,,,,,,,,,,,,,,,,,,Nivel 1,1,1,POINT (727788.3875014762 871834.9925767926)
HURTO DE MOTOCICLETAS,HURTO CALIFICADO. ART. 240 C.P.,ATRACO,Nivel 1,ARMA DE FUEGO,CALI,Junín,09,-76.52645,3.43402,VIA PUBLICA,2023.0,junio     ,28.0,4.0,03:30,3.0,DENUNCIA,Hurto,HURTO DE MOTOCICLETAS,Hurtos_fiscalia.csv,,,,,,,,,,,,,,,,,,,,,,,,,Nivel 1,1,1,POINT (727788.3875014762 871834.9925767926)
HURTO DE MOTOCICLETAS,HURTO. ART. 239 C.P.,ATRACO,Nivel 1,ARMA DE FUEGO,CALI,Junín,09,-76.52645,3.43402,SIN INFORMACION,2023.0,marzo     ,16.0,5.0,05:10,3.0,QUERELLA,Hurto,HURTO DE MOTOCICLETAS,Hurtos_fiscalia.csv,,,,,,,,,,,,,,,,,,,,,,,,,Nivel 1,1,1,POINT (727788.3875014762 871834.9925767926)
HURTO DE MOTOCICLETAS,HURTO CALIFICADO. ART. 240 C.P.,ATRACO,Nivel 1,ARMA DE FUEGO,CALI,Junín,09,-76.52645,3.43402,SIN INFORMACION,2023.0,agosto    ,27.0,1.0,09:00,3.0,DENUNCIA,Hurto,HURTO DE MOTOCICLETAS,Hurtos_fiscalia.csv,,,,,,,,,,,,,,,,,,,,,,,,,Nivel 1,1,1,POINT (727788.3875014762 871834.9925767926)
HURTO DE MOTOCICLETAS,HURTO CALIFICADO. ART. 240 C.P.,ATRACO,Nivel 1,ARMA DE FUEGO,CALI,Junín,09,-76.526455,3.434012,VIA PUBLICA,2023.0,junio     ,27.0,3.0,05:00,3.0,DENUNCIA,Hurto,HURTO DE MOTOCICLETAS,Hurtos_fiscalia.csv,,,,,,,,,,,,,,,,,,,,,,,,,Nivel 1,1,1,POINT (727787.8291207878 871834.1085670849)
HURTO DE MOTOCICLETAS,HURTO CALIFICADO. ART. 240 C.P.,ATRACO,Nivel 1,ARMA DE FUEGO,CALI,Junín,09,-76.52645,3.43402,SIN INFORMACION,2023.0,abril     ,12.0,4.0,13:00,3.0,DENUNCIA,Hurto,HURTO DE MOTOCICLETAS,Hurtos_fiscalia.csv,,,,,,,,,,,,,,,,,,,,,,,,,Nivel 1,1,1,POINT (727788.3875014762 871834.9925767926)
HURTO DE MOTOCICLETAS,HURTO CALIFICADO. ART. 240 C.P.,ATRACO,Nivel 1,ARMA DE FUEGO,CALI,Junín,09,-76.52756,3.434241,SIN INFORMACION,2023.0,marzo     ,31.0,6.0,22:30,3.0,DENUNCIA,Hurto,HURTO DE MOTOCICLETAS,Hurtos_fiscalia.csv,,,,,,,,,,,,,,,,,,,,,,,,,Nivel 1,1,1,POINT (727664.9931956482 871859.769065643)
HURTO DE MOTOCICLETAS,HURTO CALIFICADO. ART. 240 C.P.,ATRACO,Nivel 1,ARMA DE FUEGO,CALI,Junín,09,-76.527998,3.434658,SIN INFORMACION,2023.0,enero     ,6.0,6.0,20:35,3.0,DENUNCIA,Hurto,HURTO DE MOTOCICLETAS,Hurtos_fiscalia.csv,,,,,,,,,,,,,,,,,,,,,,,,,Nivel 1,1,1,POINT (727616.3960399039 871906.0472605232)
HURTO DE MOTOCICLETAS,HURTO CALIFICADO. ART. 240 C.P.,ATRACO,Nivel 1,ARMA DE FUEGO,CALI,Junín,09,-76.52645,3.43402,SIN INFORMACION,2023.0,octubre   ,25.0,4.0,12:49,3.0,DENUNCIA,Hurto,HURTO DE MOTOCICLETAS,Hurtos_fiscalia.csv,,,,,,,,,,,,,,,,,,,,,,,,,Nivel 1,1,1,POINT (727788.3875014762 871834.9925767926)
HURTO DE MOTOCICLETAS,HURTO CALIFICADO. ART. 240 C.P.,ATRACO,Nivel 1,ARMA DE FUEGO,CALI,Junín,09,-76.52645,3.43402,SIN INFORMACION,2023.0,diciembre ,11.0,2.0,03:32,3.0,DENUNCIA,Hurto,HURTO DE MOTOCICLETAS,Hurtos_fiscalia.csv,,,,,,,,,,,,,,,,,,,,,,,,,Nivel 1,1,1,POINT (727788.3875014762 871834.9925767926)
HURTO DE MOTOCICLETAS,HURTO CALIFICADO. ART. 240 C.P.,ATRACO,Nivel 1,ARMA DE FUEGO,CALI,Junín,09,-76.52645,3.43402,SIN INFORMACION,2023.0,julio     ,11.0,3.0,04:10,3.0,DENUNCIA,Hurto,HURTO DE MOTOCICLETAS,Hurtos_fiscalia.csv,,,,,,,,,,,,,,,,,,,,,,,,,Nivel 1,1,1,POINT (727788.3875014762 871834.9925767926)
HURTO DE MOTOCICLETAS,HURTO. ART. 239 C.P.,ATRACO,Nivel 1,ARMA DE FUEGO,CALI,Junín,09,-76.52645,3.43402,SIN INFORMACION,2023.0,septiembre,19.0,3.0,23:00,3.0,QUERELLA,Hurto,HURTO DE MOTOCICLETAS,Hurtos_fiscalia.csv,,,,,,,,,,,,,,,,,,,,,,,,,Nivel 1,1,1,POINT (727788.3875014762 871834.9925767926)
HURTO DE MOTOCICLETAS,HURTO CALIFICADO. ART. 240 C.P.,ATRACO,Nivel 1,ARMA DE FUEGO,CALI,Junín,09,-76.52645,3.43402,VIA PUBLICA,2023.0,julio     ,6.0,5.0,03:15,3.0,DENUNCIA,Hurto,HURTO DE MOTOCICLETAS,Hurtos_fiscalia.csv,,,,,,,,,,,,,,,,,,,,,,,,,Nivel 1,1,1,POINT (727788.3875014762 871834.9925767926)
HURTO DE MOTOCICLETAS,HURTO. ART. 239 C.P.,ATRACO,Nivel 1,ARMA DE FUEGO,CALI,Junín,09,-76.52645,3.43402,SIN INFORMACION,2023.0,octubre   ,24.0,3.0,01:20,3.0,QUERELLA,Hurto,HURTO DE MOTOCICLETAS,Hurtos_fiscalia.csv,,,,,,,,,,,,,,,,,,,,,,,,,Nivel 1,1,1,POINT (727788.3875014762 871834.9925767926)
HURTO DE MOTOCICLETAS,HURTO CALIFICADO. ART. 240 C.P.,ATRACO,Nivel 1,ARMA DE FUEGO,CALI,Junín,09,-76.52645,3.43402,SIN INFORMACION,2023.0,agosto    ,25.0,6.0,03:00,3.0,DENUNCIA,Hurto,HURTO DE MOTOCICLETAS,Hurtos_fiscalia.csv,,,,,,,,,,,,,,,,,,,,,,,,,Nivel 1,1,1,POINT (727788.3875014762 871834.9925767926)
HURTO DE MOTOCICLETAS,HURTO CALIFICADO. ART. 240 C.P.,ATRACO,Nivel 1,ARMA DE FUEGO,CALI,Junín,09,-76.52645,3.43402,SIN INFORMACION,2024.0,enero     ,5.0,6.0,03:40,3.0,DENUNCIA,Hurto,HURTO DE MOTOCICLETAS,Hurtos_fiscalia.csv,,,,,,,,,,,,,,,,,,,,,,,,,Nivel 1,1,1,POINT (727788.3875014762 871834.9925767926)
HURTO DE MOTOCICLETAS,HURTO CALIFICADO. ART. 240 C.P.,ATRACO,Nivel 1,ARMA DE FUEGO,CALI,Junín,09,-76.52645,3.43402,SIN INFORMACION,2024.0,febrero   ,26.0,2.0,01:00,3.0,DENUNCIA,Hurto,HURTO DE MOTOCICLETAS,Hurtos_fiscalia.csv,,,,,,,,,,,,,,,,,,,,,,,,,Nivel 1,1,1,POINT (727788.3875014762 871834.9925767926)
HURTO DE MOTOCICLETAS,HURTO CALIFICADO. ART. 240 C.P.,ATRACO,Nivel 1,ARMA DE FUEGO,CALI,Junín,09,-76.527108,3.434127,VIA PUBLICA,2024.0,febrero   ,25.0,1.0,22:30,3.0,DENUNCIA,Hurto,HURTO DE MOTOCICLETAS,Hurtos_fiscalia.csv,,,,,,,,,,,,,,,,,,,,,,,,,Nivel 1,1,1,POINT (727715.233442246 871847.0227764866)
HURTO DE MOTOCICLETAS,HURTO CALIFICADO. ART. 240 C.P.,ATRACO,Nivel 1,ARMA DE FUEGO,CALI,Junín,09,-76.52645,3.43402,SIN INFORMACION,2024.0,febrero   ,2.0,6.0,21:40,3.0,DENUNCIA,Hurto,HURTO DE MOTOCICLETAS,Hurtos_fiscalia.csv,,,,,,,,,,,,,,,,,,,,,,,,,Nivel 1,1,1,POINT (727788.3875014762 871834.9925767926)
HURTO DE MOTOCICLETAS,HURTO CALIFICADO. ART. 240 C.P.,ATRACO,Nivel 1,ARMA DE FUEGO,CALI,Junín,09,-76.52645,3.43402,SIN INFORMACION,2024.0,enero     ,14.0,1.0,20:15,3.0,DENUNCIA,Hurto,HURTO DE MOTOCICLETAS,Hurtos_fiscalia.csv,,,,,,,,,,,,,,,,,,,,,,,,,Nivel 1,1,1,POINT (727788.3875014762 871834.9925767926)
HURTO DE VEHICULOS,HURTO CALIFICADO. ART. 240 C.P.,ATRACO,Nivel 1,ARMA DE FUEGO,CALI,Junín,09,-76.52645,3.43402,SIN INFORMACION,2023.0,agosto    ,23.0,4.0,13:30,3.0,DENUNCIA,Hurto,HURTO DE VEHICULOS,Hurtos_fiscalia.csv,,,,,,,,,,,,,,,,,,,,,,,,,Nivel 1,1,1,POINT (727788.3875014762 871834.9925767926)
HURTO DE VEHICULOS,HURTO CALIFICADO. ART. 240 C.P.,ATRACO,Nivel 1,ARMA DE FUEGO,CALI,Junín,09,-76.52645,3.43402,SIN INFORMACION,2023.0,noviembre ,8.0,4.0,01:00,3.0,DENUNCIA,Hurto,HURTO DE VEHICULOS,Hurtos_fiscalia.csv,,,,,,,,,,,,,,,,,,,,,,,,,Nivel 1,1,1,POINT (727788.3875014762 871834.9925767926)
HURTO DE VEHICULOS,HURTO CALIFICADO. ART. 240 C.P.,ATRACO,Nivel 1,ARMA DE FUEGO,CALI,Junín,09,-76.52645,3.43402,SIN INFORMACION,2023.0,septiembre,18.0,2.0,15:36,3.0,DENUNCIA,Hurto,HURTO DE VEHICULOS,Hurtos_fiscalia.csv,,,,,,,,,,,,,,,,,,,,,,,,,Nivel 1,1,1,POINT (727788.3875014762 871834.9925767926)
HURTO DE VEHICULOS,HURTO CALIFICADO. ART. 240 C.P.,ATRACO,Nivel 1,ARMA DE FUEGO,CALI,Junín,09,-76.52645,3.43402,SIN INFORMACION,2023.0,junio     ,27.0,3.0,04:50,3.0,DENUNCIA,Hurto,HURTO DE VEHICULOS,Hurtos_fiscalia.csv,,,,,,,,,,,,,,,,,,,,,,,,,Nivel 1,1,1,POINT (727788.3875014762 871834.9925767926)
HURTO DE VEHICULOS,HURTO CALIFICADO. ART. 240 C.P.,ATRACO,Nivel 1,ARMA DE FUEGO,CALI,Junín,09,-76.52645,3.43402,SIN INFORMACION,2023.0,septiembre,22.0,6.0,19:40,3.0,DENUNCIA,Hurto,HURTO DE VEHICULOS,Hurtos_fiscalia.csv,,,,,,,,,,,,,,,,,,,,,,,,,Nivel 1,1,1,POINT (727788.3875014762 871834.9925767926)
HURTO DE VEHICULOS,HURTO CALIFICADO. ART. 240 C.P.,ATRACO,Nivel 1,ARMA DE FUEGO,CALI,Junín,09,-76.52645,3.43402,SIN INFORMACION,2023.0,junio     ,17.0,7.0,03:00,3.0,DENUNCIA,Hurto,HURTO DE VEHICULOS,Hurtos_fiscalia.csv,,,,,,,,,,,,,,,,,,,,,,,,,Nivel 1,1,1,POINT (727788.3875014762 871834.9925767926)
HURTO DE VEHICULOS,HURTO CALIFICADO. ART. 240 C.P.,ATRACO,Nivel 1,ARMA DE FUEGO,CALI,Junín,09,-76.52645,3.43402,SIN INFORMACION,2024.0,febrero   ,28.0,4.0,15:00,3.0,DENUNCIA,Hurto,HURTO DE VEHICULOS,Hurtos_fiscalia.csv,,,,,,,,,,,,,,,,,,,,,,,,,Nivel 1,1,1,POINT (727788.3875014762 871834.9925767926)
HURTO DE VEHICULOS,HURTO CALIFICADO. ART. 240 C.P.,ATRACO,Nivel 1,ARMA DE FUEGO,CALI,Junín,09,-76.528064,3.434689,VIA PUBLICA,2024.0,mayo      ,29.0,4.0,20:00,3.0,DENUNCIA,Hurto,HURTO DE VEHICULOS,Hurtos_fiscalia.csv,,,,,,,,,,,,,,,,,,,,,,,,,Nivel 1,1,1,POINT (727609.0641499639 871909.4971438788)
HURTO DE VEHICULOS,HURTO CALIFICADO. ART. 240 C.P.,ATRACO,Nivel 1,ARMA DE FUEGO,CALI,Junín,09,-76.52645,3.43402,SIN INFORMACION,2024.0,febrero   ,2.0,6.0,23:40,3.0,DENUNCIA,Hurto,HURTO DE VEHICULOS,Hurtos_fiscalia.csv,,,,,,,,,,,,,,,,,,,,,,,,,Nivel 1,1,1,POINT (727788.3875014762 871834.9925767926)
HURTO DE VEHICULOS,HURTO CALIFICADO. ART. 240 C.P.,ATRACO,Nivel 1,ARMA DE FUEGO,CALI,Junín,09,-76.527961,3.433187,ESTABLECIMIENTO DE COMERCIO,2025.0,junio     ,3.0,3.0,09:50,3.0,DENUNCIA,Hurto,HURTO DE VEHICULOS,Hurtos_fiscalia.csv,,,,,,,,,,,,,,,,,,,,,,,,,Nivel 1,1,1,POINT (727620.0939417222 871743.2272838461)
HURTO A PERSONAS,HURTO CALIFICADO. ART. 240 C.P.,ATRACO,Nivel 1,ARMA CONTUNDENTE,CALI,Junín,09,-76.52645,3.43402,SIN INFORMACION,2024.0,febrero   ,23.0,6.0,09:30,3.0,DENUNCIA,Hurto,HURTO A PERSONAS,Hurtos_fiscalia.csv,,,,,,,,,,,,,,,,,,,,,,,,,Nivel 1,1,1,POINT (727788.3875014762 871834.9925767926)
HURTO DE MOTOCICLETAS,HURTO CALIFICADO. ART. 240 C.P.,ATRACO,Nivel 1,ARMA CONTUNDENTE,CALI,Junín,09,-76.52645,3.43402,SIN INFORMACION,2024.0,febrero   ,12.0,2.0,20:35,3.0,DENUNCIA,Hurto,HURTO DE MOTOCICLETAS,Hurtos_fiscalia.csv,,,,,,,,,,,,,,,,,,,,,,,,,Nivel 1,1,1,POINT (727788.3875014762 871834.9925767926)
HURTO A CELULARES,HURTO CALIFICADO. ART. 240 C.P.,ATRACO,Nivel 1,ARMA BLANCA,CALI,Junín,09,-76.52645,3.43402,SIN INFORMACION,2023.0,noviembre ,21.0,3.0,09:05,3.0,DENUNCIA,Hurto,HURTO A CELULARES,Hurtos_fiscalia.csv,,,,,,,,,,,,,,,,,,,,,,,,,Nivel 1,1,1,POINT (727788.3875014762 871834.9925767926)
HURTO A CELULARES,HURTO CALIFICADO. ART. 240 C.P.,ATRACO,Nivel 1,ARMA BLANCA,CALI,Junín,09,-76.52645,3.43402,SIN INFORMACION,2023.0,noviembre ,26.0,1.0,13:12,3.0,DENUNCIA,Hurto,HURTO A CELULARES,Hurtos_fiscalia.csv,,,,,,,,,,,,,,,,,,,,,,,,,Nivel 1,1,1,POINT (727788.3875014762 871834.9925767926)
HURTO A CELULARES,HURTO CALIFICADO. ART. 240 C.P.,ATRACO,Nivel 1,ARMA BLANCA,CALI,Junín,09,-76.52645,3.43402,SIN INFORMACION,2023.0,marzo     ,16.0,5.0,07:00,3.0,DENUNCIA,Hurto,HURTO A CELULARES,Hurtos_fiscalia.csv,,,,,,,,,,,,,,,,,,,,,,,,,Nivel 1,1,1,POINT (727788.3875014762 871834.9925767926)
HURTO A CELULARES,HURTO CALIFICADO. ART. 240 C.P.,ATRACO,Nivel 1,ARMA BLANCA,CALI,Junín,09,-76.52754,3.434441,SIN INFORMACION,2023.0,abril     ,30.0,1.0,09:00,3.0,DENUNCIA,Hurto,HURTO A CELULARES,Hurtos_fiscalia.csv,,,,,,,,,,,,,,,,,,,,,,,,,Nivel 1,1,1,POINT (727667.2743848129 871881.8992411563)
HURTO A CELULARES,HURTO CALIFICADO. ART. 240 C.P.,ATRACO,Nivel 1,ARMA BLANCA,CALI,Junín,09,-76.52645,3.43402,SIN INFORMACION,2023.0,junio     ,8.0,5.0,11:30,3.0,DENUNCIA,Hurto,HURTO A CELULARES,Hurtos_fiscalia.csv,,,,,,,,,,,,,,,,,,,,,,,,,Nivel 1,1,1,POINT (727788.3875014762 871834.9925767926)
HURTO A CELULARES,HURTO CALIFICADO. ART. 240 C.P.,ATRACO,Nivel 1,ARMA BLANCA,CALI,Junín,09,-76.52645,3.43402,SIN INFORMACION,2023.0,septiembre,11.0,2.0,01:00,3.0,DENUNCIA,Hurto,HURTO A CELULARES,Hurtos_fiscalia.csv,,,,,,,,,,,,,,,,,,,,,,,,,Nivel 1,1,1,POINT (727788.3875014762 871834.9925767926)
HURTO A CELULARES,HURTO CALIFICADO. ART. 240 C.P.,ATRACO,Nivel 1,ARMA BLANCA,CALI,Junín,09,-76.526427,3.434076,OTRO,2023.0,septiembre,14.0,5.0,21:30,3.0,DENUNCIA,Hurto,HURTO A CELULARES,Hurtos_fiscalia.csv,,,,,,,,,,,,,,,,,,,,,,,,,Nivel 1,1,1,POINT (727790.9614965246 871841.1840638237)
HURTO A CELULARES,HURTO CALIFICADO. ART. 240 C.P.,ATRACO,Nivel 1,ARMA BLANCA,CALI,Junín,09,-76.528252,3.434257,SIN INFORMACION,2023.0,mayo      ,4.0,5.0,15:57,3.0,DENUNCIA,Hurto,HURTO A CELULARES,Hurtos_fiscalia.csv,,,,,,,,,,,,,,,,,,,,,,,,,Nivel 1,1,1,POINT (727588.0317173433 871861.7372386762)
HURTO A CELULARES,HURTO CALIFICADO. ART. 240 C.P.,ATRACO,Nivel 1,ARMA BLANCA,CALI,Junín,09,-76.52645,3.43402,SIN INFORMACION,2023.0,diciembre ,30.0,7.0,06:30,3.0,DENUNCIA,Hurto,HURTO A CELULARES,Hurtos_fiscalia.csv,,,,,,,,,,,,,,,,,,,,,,,,,Nivel 1,1,1,POINT (727788.3875014762 871834.9925767926)
HURTO A CELULARES,HURTO CALIFICADO. ART. 240 C.P.,ATRACO,Nivel 1,ARMA BLANCA,CALI,Junín,09,-76.52645,3.43402,SIN INFORMACION,2023.0,junio     ,26.0,2.0,09:00,3.0,DENUNCIA,Hurto,HURTO A CELULARES,Hurtos_fiscalia.csv,,,,,,,,,,,,,,,,,,,,,,,,,Nivel 1,1,1,POINT (727788.3875014762 871834.9925767926)
HURTO A CELULARES,HURTO CALIFICADO. ART. 240 C.P.,ATRACO,Nivel 1,ARMA BLANCA,CALI,Junín,09,-76.52802,3.43473,VIA PUBLICA,2023.0,septiembre,12.0,3.0,02:00,3.0,DENUNCIA,Hurto,HURTO A CELULARES,Hurtos_fiscalia.csv,,,,,,,,,,,,,,,,,,,,,,,,,Nivel 1,1,1,POINT (727613.9695761559 871914.022452792)
HURTO A CELULARES,HURTO CALIFICADO. ART. 240 C.P.,ATRACO,Nivel 1,ARMA BLANCA,CALI,Junín,09,-76.52645,3.43402,SIN INFORMACION,2024.0,febrero   ,29.0,5.0,06:36,3.0,DENUNCIA,Hurto,HURTO A CELULARES,Hurtos_fiscalia.csv,,,,,,,,,,,,,,,,,,,,,,,,,Nivel 1,1,1,POINT (727788.3875014762 871834.9925767926)
HURTO A CELULARES,HURTO CALIFICADO. ART. 240 C.P.,ATRACO,Nivel 1,ARMA BLANCA,CALI,Junín,09,-76.527346,3.433997,SIN INFORMACION,2024.0,octubre   ,8.0,3.0,10:33,3.0,DENUNCIA,Hurto,HURTO A CELULARES,Hurtos_fiscalia.csv,,,,,,,,,,,,,,,,,,,,,,,,,Nivel 1,1,1,POINT (727688.725606797 871832.7022956323)
HURTO A CELULARES,HURTO CALIFICADO. ART. 240 C.P.,ATRACO,Nivel 1,ARMA BLANCA,CALI,Junín,09,-76.52645,3.43402,SIN INFORMACION,2024.0,enero     ,11.0,5.0,01:30,3.0,DENUNCIA,Hurto,HURTO A CELULARES,Hurtos_fiscalia.csv,,,,,,,,,,,,,,,,,,,,,,,,,Nivel 1,1,1,POINT (727788.3875014762 871834.9925767926)
HURTO A PERSONAS,HURTO CALIFICADO. ART. 240 C.P.,ATRACO,Nivel 1,ARMA BLANCA,CALI,Junín,09,-76.52645,3.43402,SIN INFORMACION,2023.0,noviembre ,8.0,4.0,16:42,3.0,DENUNCIA,Hurto,HURTO A PERSONAS,Hurtos_fiscalia.csv,,,,,,,,,,,,,,,,,,,,,,,,,Nivel 1,1,1,POINT (727788.3875014762 871834.9925767926)
HURTO A PERSONAS,HURTO CALIFICADO. ART. 240 C.P.,ATRACO,Nivel 1,ARMA BLANCA,CALI,Junín,09,-76.52802,3.43473,VIA PUBLICA,2023.0,agosto    ,22.0,3.0,03:30,3.0,DENUNCIA,Hurto,HURTO A PERSONAS,Hurtos_fiscalia.csv,,,,,,,,,,,,,,,,,,,,,,,,,Nivel 1,1,1,POINT (727613.9695761559 871914.022452792)
HURTO A PERSONAS,HURTO CALIFICADO. ART. 240 C.P.,ATRACO,Nivel 1,ARMA BLANCA,CALI,Junín,09,-76.52645,3.43402,SIN INFORMACION,2023.0,noviembre ,23.0,5.0,00:30,3.0,DENUNCIA,Hurto,HURTO A PERSONAS,Hurtos_fiscalia.csv,,,,,,,,,,,,,,,,,,,,,,,,,Nivel 1,1,1,POINT (727788.3875014762 871834.9925767926)
HURTO A PERSONAS,HURTO CALIFICADO. ART. 240 C.P.,ATRACO,Nivel 1,ARMA BLANCA,CALI,Junín,09,-76.52645,3.43402,SIN INFORMACION,2023.0,agosto    ,14.0,2.0,11:11,3.0,DENUNCIA,Hurto,HURTO A PERSONAS,Hurtos_fiscalia.csv,,,,,,,,,,,,,,,,,,,,,,,,,Nivel 1,1,1,POINT (727788.3875014762 871834.9925767926)
HURTO A PERSONAS,HURTO CALIFICADO. ART. 240 C.P.,ATRACO,Nivel 1,ARMA BLANCA,CALI,Junín,09,-76.526643,3.433988,VIA PUBLICA,2023.0,junio     ,15.0,5.0,11:03,3.0,DENUNCIA,Hurto,HURTO A PERSONAS,Hurtos_fiscalia.csv,,,,,,,,,,,,,,,,,,,,,,,,,Nivel 1,1,1,POINT (727766.9124883402 871831.5058325605)
HURTO A PERSONAS,HURTO CALIFICADO. ART. 240 C.P.,ATRACO,Nivel 1,ARMA BLANCA,CALI,Junín,09,-76.52645,3.43402,SIN INFORMACION,2023.0,diciembre ,28.0,5.0,02:00,3.0,DENUNCIA,Hurto,HURTO A PERSONAS,Hurtos_fiscalia.csv,,,,,,,,,,,,,,,,,,,,,,,,,Nivel 1,1,1,POINT (727788.3875014762 871834.9925767926)
HURTO A PERSONAS,HURTO CALIFICADO. ART. 240 C.P.,ATRACO,Nivel 1,ARMA BLANCA,CALI,Junín,09,-76.52645,3.43402,SIN INFORMACION,2023.0,agosto    ,27.0,1.0,22:00,3.0,DENUNCIA,Hurto,HURTO A PERSONAS,Hurtos_fiscalia.csv,,,,,,,,,,,,,,,,,,,,,,,,,Nivel 1,1,1,POINT (727788.3875014762 871834.9925767926)
HURTO A PERSONAS,HURTO CALIFICADO. ART. 240 C.P.,ATRACO,Nivel 1,ARMA BLANCA,CALI,Junín,09,-76.52645,3.43402,SIN INFORMACION,2023.0,agosto    ,26.0,7.0,00:30,3.0,DENUNCIA,Hurto,HURTO A PERSONAS,Hurtos_fiscalia.csv,,,,,,,,,,,,,,,,,,,,,,,,,Nivel 1,1,1,POINT (727788.3875014762 871834.9925767926)
HURTO A PERSONAS,HURTO CALIFICADO. ART. 240 C.P.,ATRACO,Nivel 1,ARMA BLANCA,CALI,Junín,09,-76.52645,3.43402,SIN INFORMACION,2023.0,abril     ,29.0,7.0,00:00,3.0,DENUNCIA,Hurto,HURTO A PERSONAS,Hurtos_fiscalia.csv,,,,,,,,,,,,,,,,,,,,,,,,,Nivel 1,1,1,POINT (727788.3875014762 871834.9925767926)
HURTO A PERSONAS,HURTO CALIFICADO. ART. 240 C.P.,ATRACO,Nivel 1,ARMA BLANCA,CALI,Junín,09,-76.526453,3.434077,OTRO,2023.0,septiembre,4.0,2.0,10:00,3.0,DENUNCIA,Hurto,HURTO A PERSONAS,Hurtos_fiscalia.csv,,,,,,,,,,,,,,,,,,,,,,,,,Nivel 1,1,1,POINT (727788.0699959088 871841.3021513941)
HURTO A PERSONAS,HURTO. ART. 239 C.P.,ATRACO,Nivel 1,ARMA BLANCA,CALI,Junín,09,-76.52645,3.43402,SIN INFORMACION,2023.0,octubre   ,21.0,7.0,10:00,3.0,QUERELLA,Hurto,HURTO A PERSONAS,Hurtos_fiscalia.csv,,,,,,,,,,,,,,,,,,,,,,,,,Nivel 1,1,1,POINT (727788.3875014762 871834.9925767926)
HURTO A PERSONAS,HURTO CALIFICADO. ART. 240 C.P.,ATRACO,Nivel 1,ARMA BLANCA,CALI,Junín,09,-76.52645,3.43402,SIN INFORMACION,2023.0,julio     ,13.0,5.0,15:30,3.0,DENUNCIA,Hurto,HURTO A PERSONAS,Hurtos_fiscalia.csv,,,,,,,,,,,,,,,,,,,,,,,,,Nivel 1,1,1,POINT (727788.3875014762 871834.9925767926)
HURTO A PERSONAS,HURTO CALIFICADO. ART. 240 C.P.,ATRACO,Nivel 1,ARMA BLANCA,CALI,Junín,09,-76.527764,3.434518,VIA PUBLICA,2023.0,abril     ,27.0,5.0,18:00,3.0,DENUNCIA,Hurto,HURTO A PERSONAS,Hurtos_fiscalia.csv,,,,,,,,,,,,,,,,,,,,,,,,,Nivel 1,1,1,POINT (727642.382386165 871890.4854188474)
HURTO A PERSONAS,HURTO CALIFICADO. ART. 240 C.P.,ATRACO,Nivel 1,ARMA BLANCA,CALI,Junín,09,-76.52645,3.43402,SIN INFORMACION,2023.0,junio     ,17.0,7.0,05:30,3.0,DENUNCIA,Hurto,HURTO A PERSONAS,Hurtos_fiscalia.csv,,,,,,,,,,,,,,,,,,,,,,,,,Nivel 1,1,1,POINT (727788.3875014762 871834.9925767926)
HURTO A PERSONAS,HURTO CALIFICADO. ART. 240 C.P.,ATRACO,Nivel 1,ARMA BLANCA,CALI,Junín,09,-76.52645,3.43402,SIN INFORMACION,2023.0,abril     ,13.0,5.0,01:00,3.0,DENUNCIA,Hurto,HURTO A PERSONAS,Hurtos_fiscalia.csv,,,,,,,,,,,,,,,,,,,,,,,,,Nivel 1,1,1,POINT (727788.3875014762 871834.9925767926)
HURTO A PERSONAS,HURTO CALIFICADO. ART. 240 C.P.,ATRACO,Nivel 1,ARMA BLANCA,CALI,Junín,09,-76.52645,3.43402,SIN INFORMACION,2023.0,abril     ,11.0,3.0,05:00,3.0,DENUNCIA,Hurto,HURTO A PERSONAS,Hurtos_fiscalia.csv,,,,,,,,,,,,,,,,,,,,,,,,,Nivel 1,1,1,POINT (727788.3875014762 871834.9925767926)
HURTO A PERSONAS,HURTO CALIFICADO. ART. 240 C.P.,ATRACO,Nivel 1,ARMA BLANCA,CALI,Junín,09,-76.52645,3.43402,SIN INFORMACION,2023.0,octubre   ,12.0,5.0,11:30,3.0,DENUNCIA,Hurto,HURTO A PERSONAS,Hurtos_fiscalia.csv,,,,,,,,,,,,,,,,,,,,,,,,,Nivel 1,1,1,POINT (727788.3875014762 871834.9925767926)
HURTO A PERSONAS,HURTO CALIFICADO. ART. 240 C.P.,ATRACO,Nivel 1,ARMA BLANCA,CALI,Junín,09,-76.52645,3.43402,SIN INFORMACION,2023.0,noviembre ,19.0,1.0,03:00,3.0,DENUNCIA,Hurto,HURTO A PERSONAS,Hurtos_fiscalia.csv,,,,,,,,,,,,,,,,,,,,,,,,,Nivel 1,1,1,POINT (727788.3875014762 871834.9925767926)
HURTO A PERSONAS,HURTO CALIFICADO. ART. 240 C.P.,ATRACO,Nivel 1,ARMA BLANCA,CALI,Junín,09,-76.52645,3.43402,SIN INFORMACION,2023.0,octubre   ,23.0,2.0,21:40,3.0,DENUNCIA,Hurto,HURTO A PERSONAS,Hurtos_fiscalia.csv,,,,,,,,,,,,,,,,,,,,,,,,,Nivel 1,1,1,POINT (727788.3875014762 871834.9925767926)
HURTO A PERSONAS,HURTO CALIFICADO. ART. 240 C.P.,ATRACO,Nivel 1,ARMA BLANCA,CALI,Junín,09,-76.52645,3.43402,SIN INFORMACION,2023.0,abril     ,29.0,7.0,00:00,3.0,DENUNCIA,Hurto,HURTO A PERSONAS,Hurtos_fiscalia.csv,,,,,,,,,,,,,,,,,,,,,,,,,Nivel 1,1,1,POINT (727788.3875014762 871834.9925767926)
HURTO A PERSONAS,HURTO CALIFICADO. ART. 240 C.P.,ATRACO,Nivel 1,ARMA BLANCA,CALI,Junín,09,-76.52645,3.43402,SIN INFORMACION,2023.0,noviembre ,11.0,7.0,02:20,3.0,DENUNCIA,Hurto,HURTO A PERSONAS,Hurtos_fiscalia.csv,,,,,,,,,,,,,,,,,,,,,,,,,Nivel 1,1,1,POINT (727788.3875014762 871834.9925767926)
HURTO A PERSONAS,HURTO CALIFICADO. ART. 240 C.P.,ATRACO,Nivel 1,ARMA BLANCA,CALI,Junín,09,-76.52645,3.43402,SIN INFORMACION,2023.0,noviembre ,11.0,7.0,00:54,3.0,DENUNCIA,Hurto,HURTO A PERSONAS,Hurtos_fiscalia.csv,,,,,,,,,,,,,,,,,,,,,,,,,Nivel 1,1,1,POINT (727788.3875014762 871834.9925767926)
HURTO A PERSONAS,HURTO CALIFICADO. ART. 240 C.P.,ATRACO,Nivel 1,ARMA BLANCA,CALI,Junín,09,-76.52645,3.43402,SIN INFORMACION,2023.0,agosto    ,4.0,6.0,09:30,3.0,DENUNCIA,Hurto,HURTO A PERSONAS,Hurtos_fiscalia.csv,,,,,,,,,,,,,,,,,,,,,,,,,Nivel 1,1,1,POINT (727788.3875014762 871834.9925767926)
HURTO A PERSONAS,HURTO CALIFICADO. ART. 240 C.P.,ATRACO,Nivel 1,ARMA BLANCA,CALI,Junín,09,-76.52645,3.43402,SIN INFORMACION,2023.0,julio     ,27.0,5.0,16:30,3.0,DENUNCIA,Hurto,HURTO A PERSONAS,Hurtos_fiscalia.csv,,,,,,,,,,,,,,,,,,,,,,,,,Nivel 1,1,1,POINT (727788.3875014762 871834.9925767926)
HURTO A PERSONAS,HURTO CALIFICADO. ART. 240 C.P.,ATRACO,Nivel 1,ARMA BLANCA,CALI,Junín,09,-76.52645,3.43402,SIN INFORMACION,2023.0,julio     ,30.0,1.0,23:00,3.0,DENUNCIA,Hurto,HURTO A PERSONAS,Hurtos_fiscalia.csv,,,,,,,,,,,,,,,,,,,,,,,,,Nivel 1,1,1,POINT (727788.3875014762 871834.9925767926)
HURTO A PERSONAS,HURTO CALIFICADO. ART. 240 C.P.,ATRACO,Nivel 1,ARMA BLANCA,CALI,Junín,09,-76.526479,3.434036,VIA PUBLICA,2023.0,julio     ,22.0,7.0,09:40,3.0,DENUNCIA,Hurto,HURTO A PERSONAS,Hurtos_fiscalia.csv,,,,,,,,,,,,,,,,,,,,,,,,,Nivel 1,1,1,POINT (727785.1665863497 871836.7717085702)
HURTO A PERSONAS,HURTO CALIFICADO. ART. 240 C.P.,ATRACO,Nivel 1,ARMA BLANCA,CALI,Junín,09,-76.52645,3.43402,SIN INFORMACION,2023.0,julio     ,12.0,4.0,03:30,3.0,DENUNCIA,Hurto,HURTO A PERSONAS,Hurtos_fiscalia.csv,,,,,,,,,,,,,,,,,,,,,,,,,Nivel 1,1,1,POINT (727788.3875014762 871834.9925767926)
HURTO A PERSONAS,HURTO CALIFICADO. ART. 240 C.P.,ATRACO,Nivel 1,ARMA BLANCA,CALI,Junín,09,-76.52645,3.43402,SIN INFORMACION,2023.0,septiembre,28.0,5.0,01:30,3.0,DENUNCIA,Hurto,HURTO A PERSONAS,Hurtos_fiscalia.csv,,,,,,,,,,,,,,,,,,,,,,,,,Nivel 1,1,1,POINT (727788.3875014762 871834.9925767926)
HURTO A PERSONAS,HURTO CALIFICADO. ART. 240 C.P.,ATRACO,Nivel 1,ARMA BLANCA,CALI,Junín,09,-76.52645,3.43402,SIN INFORMACION,2023.0,junio     ,24.0,7.0,14:00,3.0,DENUNCIA,Hurto,HURTO A PERSONAS,Hurtos_fiscalia.csv,,,,,,,,,,,,,,,,,,,,,,,,,Nivel 1,1,1,POINT (727788.3875014762 871834.9925767926)
HURTO A PERSONAS,HURTO CALIFICADO. ART. 240 C.P.,ATRACO,Nivel 1,ARMA BLANCA,CALI,Junín,09,-76.52645,3.43402,SIN INFORMACION,2023.0,diciembre ,5.0,3.0,11:45,3.0,DENUNCIA,Hurto,HURTO A PERSONAS,Hurtos_fiscalia.csv,,,,,,,,,,,,,,,,,,,,,,,,,Nivel 1,1,1,POINT (727788.3875014762 871834.9925767926)
HURTO A PERSONAS,HURTO CALIFICADO. ART. 240 C.P.,ATRACO,Nivel 1,ARMA BLANCA,CALI,Junín,09,-76.52645,3.43402,SIN INFORMACION,2023.0,octubre   ,24.0,3.0,04:00,3.0,DENUNCIA,Hurto,HURTO A PERSONAS,Hurtos_fiscalia.csv,,,,,,,,,,,,,,,,,,,,,,,,,Nivel 1,1,1,POINT (727788.3875014762 871834.9925767926)
HURTO A PERSONAS,HURTO CALIFICADO. ART. 240 C.P.,ATRACO,Nivel 1,ARMA BLANCA,CALI,Junín,09,-76.52645,3.43402,SIN INFORMACION,2023.0,mayo      ,14.0,1.0,16:00,3.0,DENUNCIA,Hurto,HURTO A PERSONAS,Hurtos_fiscalia.csv,,,,,,,,,,,,,,,,,,,,,,,,,Nivel 1,1,1,POINT (727788.3875014762 871834.9925767926)
HURTO A PERSONAS,HURTO CALIFICADO. ART. 240 C.P.,ATRACO,Nivel 1,ARMA BLANCA,CALI,Junín,09,-76.52645,3.43402,SIN INFORMACION,2023.0,febrero   ,27.0,2.0,19:35,3.0,DENUNCIA,Hurto,HURTO A PERSONAS,Hurtos_fiscalia.csv,,,,,,,,,,,,,,,,,,,,,,,,,Nivel 1,1,1,POINT (727788.3875014762 871834.9925767926)
HURTO A PERSONAS,HURTO CALIFICADO. ART. 240 C.P.,ATRACO,Nivel 1,ARMA BLANCA,CALI,Junín,09,-76.52645,3.43402,SIN INFORMACION,2023.0,septiembre,27.0,4.0,15:40,3.0,DENUNCIA,Hurto,HURTO A PERSONAS,Hurtos_fiscalia.csv,,,,,,,,,,,,,,,,,,,,,,,,,Nivel 1,1,1,POINT (727788.3875014762 871834.9925767926)
HURTO A PERSONAS,HURTO CALIFICADO. ART. 240 C.P.,ATRACO,Nivel 1,ARMA BLANCA,CALI,Junín,09,-76.526502,3.433971,OTRO,2023.0,agosto    ,9.0,4.0,14:35,3.0,DENUNCIA,Hurto,HURTO A PERSONAS,Hurtos_fiscalia.csv,,,,,,,,,,,,,,,,,,,,,,,,,Nivel 1,1,1,POINT (727782.5900390708 871829.5841076772)
HURTO A PERSONAS,HURTO CALIFICADO. ART. 240 C.P.,ATRACO,Nivel 1,ARMA BLANCA,CALI,Junín,09,-76.52645,3.43402,SIN INFORMACION,2023.0,septiembre,18.0,2.0,23:54,3.0,DENUNCIA,Hurto,HURTO A PERSONAS,Hurtos_fiscalia.csv,,,,,,,,,,,,,,,,,,,,,,,,,Nivel 1,1,1,POINT (727788.3875014762 871834.9925767926)
HURTO A PERSONAS,HURTO CALIFICADO. ART. 240 C.P.,ATRACO,Nivel 1,ARMA BLANCA,CALI,Junín,09,-76.52645,3.43402,SIN INFORMACION,2023.0,diciembre ,3.0,1.0,00:30,3.0,DENUNCIA,Hurto,HURTO A PERSONAS,Hurtos_fiscalia.csv,,,,,,,,,,,,,,,,,,,,,,,,,Nivel 1,1,1,POINT (727788.3875014762 871834.9925767926)
HURTO A PERSONAS,HURTO CALIFICADO. ART. 240 C.P.,ATRACO,Nivel 1,ARMA BLANCA,CALI,Junín,09,-76.52645,3.43402,SIN INFORMACION,2023.0,enero     ,5.0,5.0,10:00,3.0,DENUNCIA,Hurto,HURTO A PERSONAS,Hurtos_fiscalia.csv,,,,,,,,,,,,,,,,,,,,,,,,,Nivel 1,1,1,POINT (727788.3875014762 871834.9925767926)
HURTO A PERSONAS,HURTO CALIFICADO. ART. 240 C.P.,ATRACO,Nivel 1,ARMA BLANCA,CALI,Junín,09,-76.52645,3.43402,SIN INFORMACION,2023.0,octubre   ,7.0,7.0,04:00,3.0,DENUNCIA,Hurto,HURTO A PERSONAS,Hurtos_fiscalia.csv,,,,,,,,,,,,,,,,,,,,,,,,,Nivel 1,1,1,POINT (727788.3875014762 871834.9925767926)
HURTO A PERSONAS,HURTO CALIFICADO. ART. 240 C.P.,ATRACO,Nivel 1,ARMA BLANCA,CALI,Junín,09,-76.527484,3.434538,SIN INFORMACION,2023.0,agosto    ,28.0,2.0,15:47,3.0,DENUNCIA,Hurto,HURTO A PERSONAS,Hurtos_fiscalia.csv,,,,,,,,,,,,,,,,,,,,,,,,,Nivel 1,1,1,POINT (727673.5303642703 871892.6191761239)
HURTO A PERSONAS,HURTO CALIFICADO. ART. 240 C.P.,ATRACO,Nivel 1,ARMA BLANCA,CALI,Junín,09,-76.52645,3.43402,SIN INFORMACION,2023.0,junio     ,16.0,6.0,02:50,3.0,DENUNCIA,Hurto,HURTO A PERSONAS,Hurtos_fiscalia.csv,,,,,,,,,,,,,,,,,,,,,,,,,Nivel 1,1,1,POINT (727788.3875014762 871834.9925767926)
HURTO A PERSONAS,HURTO CALIFICADO. ART. 240 C.P.,ATRACO,Nivel 1,ARMA BLANCA,CALI,Junín,09,-76.52645,3.43402,SIN INFORMACION,2023.0,noviembre ,7.0,3.0,07:30,3.0,DENUNCIA,Hurto,HURTO A PERSONAS,Hurtos_fiscalia.csv,,,,,,,,,,,,,,,,,,,,,,,,,Nivel 1,1,1,POINT (727788.3875014762 871834.9925767926)
HURTO A PERSONAS,HURTO CALIFICADO. ART. 240 C.P.,ATRACO,Nivel 1,ARMA BLANCA,CALI,Junín,09,-76.52645,3.43402,SIN INFORMACION,2023.0,agosto    ,8.0,3.0,23:30,3.0,DENUNCIA,Hurto,HURTO A PERSONAS,Hurtos_fiscalia.csv,,,,,,,,,,,,,,,,,,,,,,,,,Nivel 1,1,1,POINT (727788.3875014762 871834.9925767926)
HURTO A PERSONAS,HURTO CALIFICADO. ART. 240 C.P.,ATRACO,Nivel 1,ARMA BLANCA,CALI,Junín,09,-76.52645,3.43402,SIN INFORMACION,2023.0,abril     ,1.0,7.0,06:00,3.0,DENUNCIA,Hurto,HURTO A PERSONAS,Hurtos_fiscalia.csv,,,,,,,,,,,,,,,,,,,,,,,,,Nivel 1,1,1,POINT (727788.3875014762 871834.9925767926)
HURTO A PERSONAS,HURTO CALIFICADO. ART. 240 C.P.,ATRACO,Nivel 1,ARMA BLANCA,CALI,Junín,09,-76.52645,3.43402,SIN INFORMACION,2023.0,diciembre ,27.0,4.0,16:00,3.0,DENUNCIA,Hurto,HURTO A PERSONAS,Hurtos_fiscalia.csv,,,,,,,,,,,,,,,,,,,,,,,,,Nivel 1,1,1,POINT (727788.3875014762 871834.9925767926)
HURTO A PERSONAS,HURTO CALIFICADO. ART. 240 C.P.,ATRACO,Nivel 1,ARMA BLANCA,CALI,Junín,09,-76.52645,3.43402,SIN INFORMACION,2023.0,mayo      ,31.0,4.0,07:30,3.0,DENUNCIA,Hurto,HURTO A PERSONAS,Hurtos_fiscalia.csv,,,,,,,,,,,,,,,,,,,,,,,,,Nivel 1,1,1,POINT (727788.3875014762 871834.9925767926)
HURTO A PERSONAS,HURTO CALIFICADO. ART. 240 C.P.,ATRACO,Nivel 1,ARMA BLANCA,CALI,Junín,09,-76.52645,3.43402,SIN INFORMACION,2023.0,julio     ,26.0,4.0,14:00,3.0,DENUNCIA,Hurto,HURTO A PERSONAS,Hurtos_fiscalia.csv,,,,,,,,,,,,,,,,,,,,,,,,,Nivel 1,1,1,POINT (727788.3875014762 871834.9925767926)
HURTO A PERSONAS,HURTO CALIFICADO. ART. 240 C.P.,ATRACO,Nivel 1,ARMA BLANCA,CALI,Junín,09,-76.52645,3.43402,SIN INFORMACION,2023.0,diciembre ,1.0,6.0,14:33,3.0,DENUNCIA,Hurto,HURTO A PERSONAS,Hurtos_fiscalia.csv,,,,,,,,,,,,,,,,,,,,,,,,,Nivel 1,1,1,POINT (727788.3875014762 871834.9925767926)
HURTO A PERSONAS,HURTO CALIFICADO. ART. 240 C.P.,ATRACO,Nivel 1,ARMA BLANCA,CALI,Junín,09,-76.52645,3.43402,SIN INFORMACION,2023.0,enero     ,30.0,2.0,09:00,3.0,DENUNCIA,Hurto,HURTO A PERSONAS,Hurtos_fiscalia.csv,,,,,,,,,,,,,,,,,,,,,,,,,Nivel 1,1,1,POINT (727788.3875014762 871834.9925767926)
HURTO A PERSONAS,HURTO CALIFICADO. ART. 240 C.P.,ATRACO,Nivel 1,ARMA BLANCA,CALI,Junín,09,-76.52645,3.43402,SIN INFORMACION,2023.0,abril     ,10.0,2.0,17:00,3.0,DENUNCIA,Hurto,HURTO A PERSONAS,Hurtos_fiscalia.csv,,,,,,,,,,,,,,,,,,,,,,,,,Nivel 1,1,1,POINT (727788.3875014762 871834.9925767926)
HURTO A PERSONAS,HURTO CALIFICADO. ART. 240 C.P.,ATRACO,Nivel 1,ARMA BLANCA,CALI,Junín,09,-76.52645,3.43402,SIN INFORMACION,2023.0,octubre   ,25.0,4.0,20:40,3.0,DENUNCIA,Hurto,HURTO A PERSONAS,Hurtos_fiscalia.csv,,,,,,,,,,,,,,,,,,,,,,,,,Nivel 1,1,1,POINT (727788.3875014762 871834.9925767926)
HURTO A PERSONAS,HURTO CALIFICADO. ART. 240 C.P.,ATRACO,Nivel 1,ARMA BLANCA,CALI,Junín,09,-76.52645,3.43402,SIN INFORMACION,2023.0,septiembre,5.0,3.0,00:40,3.0,DENUNCIA,Hurto,HURTO A PERSONAS,Hurtos_fiscalia.csv,,,,,,,,,,,,,,,,,,,,,,,,,Nivel 1,1,1,POINT (727788.3875014762 871834.9925767926)
HURTO A PERSONAS,HURTO CALIFICADO. ART. 240 C.P.,ATRACO,Nivel 1,ARMA BLANCA,CALI,Junín,09,-76.52645,3.43402,SIN INFORMACION,2023.0,abril     ,14.0,6.0,02:30,3.0,DENUNCIA,Hurto,HURTO A PERSONAS,Hurtos_fiscalia.csv,,,,,,,,,,,,,,,,,,,,,,,,,Nivel 1,1,1,POINT (727788.3875014762 871834.9925767926)
HURTO A PERSONAS,HURTO CALIFICADO. ART. 240 C.P.,ATRACO,Nivel 1,ARMA BLANCA,CALI,Junín,09,-76.52645,3.43402,SIN INFORMACION,2024.0,febrero   ,8.0,5.0,15:00,3.0,DENUNCIA,Hurto,HURTO A PERSONAS,Hurtos_fiscalia.csv,,,,,,,,,,,,,,,,,,,,,,,,,Nivel 1,1,1,POINT (727788.3875014762 871834.9925767926)
HURTO A PERSONAS,HURTO CALIFICADO. ART. 240 C.P.,ATRACO,Nivel 1,ARMA BLANCA,CALI,Junín,09,-76.52645,3.43402,SIN INFORMACION,2024.0,enero     ,10.0,4.0,13:00,3.0,DENUNCIA,Hurto,HURTO A PERSONAS,Hurtos_fiscalia.csv,,,,,,,,,,,,,,,,,,,,,,,,,Nivel 1,1,1,POINT (727788.3875014762 871834.9925767926)
HURTO A PERSONAS,HURTO CALIFICADO. ART. 240 C.P.,ATRACO,Nivel 1,ARMA BLANCA,CALI,Junín,09,-76.52645,3.43402,SIN INFORMACION,2024.0,febrero   ,15.0,5.0,15:00,3.0,DENUNCIA,Hurto,HURTO A PERSONAS,Hurtos_fiscalia.csv,,,,,,,,,,,,,,,,,,,,,,,,,Nivel 1,1,1,POINT (727788.3875014762 871834.9925767926)
HURTO A PERSONAS,HURTO CALIFICADO. ART. 240 C.P.,ATRACO,Nivel 1,ARMA BLANCA,CALI,Junín,09,-76.52645,3.43402,SIN INFORMACION,2024.0,febrero   ,3.0,7.0,04:00,3.0,DENUNCIA,Hurto,HURTO A PERSONAS,Hurtos_fiscalia.csv,,,,,,,,,,,,,,,,,,,,,,,,,Nivel 1,1,1,POINT (727788.3875014762 871834.9925767926)
HURTO A PERSONAS,HURTO CALIFICADO. ART. 240 C.P.,ATRACO,Nivel 1,ARMA BLANCA,CALI,Junín,09,-76.52645,3.43402,SIN INFORMACION,2024.0,marzo     ,10.0,1.0,16:30,3.0,DENUNCIA,Hurto,HURTO A PERSONAS,Hurtos_fiscalia.csv,,,,,,,,,,,,,,,,,,,,,,,,,Nivel 1,1,1,POINT (727788.3875014762 871834.9925767926)
HURTO A PERSONAS,HURTO CALIFICADO. ART. 240 C.P.,ATRACO,Nivel 1,ARMA BLANCA,CALI,Junín,09,-76.526504,3.434256,CERCA AL DOMICILIO,2024.0,marzo     ,3.0,1.0,13:30,3.0,DENUNCIA,Hurto,HURTO A PERSONAS,Hurtos_fiscalia.csv,,,,,,,,,,,,,,,,,,,,,,,,,Nivel 1,1,1,POINT (727782.4484066118 871861.1282778286)
HURTO A PERSONAS,HURTO CALIFICADO. ART. 240 C.P.,ATRACO,Nivel 1,ARMA BLANCA,CALI,Junín,09,-76.52645,3.43402,SIN INFORMACION,2024.0,enero     ,25.0,5.0,17:36,3.0,DENUNCIA,Hurto,HURTO A PERSONAS,Hurtos_fiscalia.csv,,,,,,,,,,,,,,,,,,,,,,,,,Nivel 1,1,1,POINT (727788.3875014762 871834.9925767926)
HURTO A PERSONAS,HURTO CALIFICADO. ART. 240 C.P.,ATRACO,Nivel 1,ARMA BLANCA,CALI,Junín,09,-76.527434,3.434011,VIA PUBLICA,2024.0,febrero   ,17.0,7.0,08:30,3.0,DENUNCIA,Hurto,HURTO A PERSONAS,Hurtos_fiscalia.csv,,,,,,,,,,,,,,,,,,,,,,,,,Nivel 1,1,1,POINT (727678.9419930186 871834.2768902397)
HURTO A PERSONAS,HURTO CALIFICADO. ART. 240 C.P.,ATRACO,Nivel 1,ARMA BLANCA,CALI,Junín,09,-76.52645,3.43402,SIN INFORMACION,2024.0,febrero   ,27.0,3.0,22:40,3.0,DENUNCIA,Hurto,HURTO A PERSONAS,Hurtos_fiscalia.csv,,,,,,,,,,,,,,,,,,,,,,,,,Nivel 1,1,1,POINT (727788.3875014762 871834.9925767926)
HURTO A PERSONAS,HURTO CALIFICADO. ART. 240 C.P.,ATRACO,Nivel 1,ARMA BLANCA,CALI,Junín,09,-76.527457,3.43426,SIN INFORMACION,2024.0,mayo      ,14.0,3.0,19:00,3.0,DENUNCIA,Hurto,HURTO A PERSONAS,Hurtos_fiscalia.csv,,,,,,,,,,,,,,,,,,,,,,,,,Nivel 1,1,1,POINT (727676.4545067975 871861.842611413)
HURTO A PERSONAS,HURTO CALIFICADO. ART. 240 C.P.,ATRACO,Nivel 1,ARMA BLANCA,CALI,Junín,09,-76.52645,3.43402,SIN INFORMACION,2024.0,enero     ,11.0,5.0,01:00,3.0,DENUNCIA,Hurto,HURTO A PERSONAS,Hurtos_fiscalia.csv,,,,,,,,,,,,,,,,,,,,,,,,,Nivel 1,1,1,POINT (727788.3875014762 871834.9925767926)
HURTO A PERSONAS,HURTO CALIFICADO. ART. 240 C.P.,ATRACO,Nivel 1,ARMA BLANCA,CALI,Junín,09,-76.52645,3.43402,SIN INFORMACION,2024.0,febrero   ,1.0,5.0,22:00,3.0,DENUNCIA,Hurto,HURTO A PERSONAS,Hurtos_fiscalia.csv,,,,,,,,,,,,,,,,,,,,,,,,,Nivel 1,1,1,POINT (727788.3875014762 871834.9925767926)
HURTO DE MOTOCICLETAS,HURTO CALIFICADO. ART. 240 C.P.,ATRACO,Nivel 1,ARMA BLANCA,CALI,Junín,09,-76.52645,3.43402,SIN INFORMACION,2023.0,diciembre ,5.0,3.0,05:50,3.0,DENUNCIA,Hurto,HURTO DE MOTOCICLETAS,Hurtos_fiscalia.csv,,,,,,,,,,,,,,,,,,,,,,,,,Nivel 1,1,1,POINT (727788.3875014762 871834.9925767926)
HURTO DE MOTOCICLETAS,HURTO CALIFICADO. ART. 240 C.P.,ATRACO,Nivel 1,ARMA BLANCA,CALI,Junín,09,-76.52645,3.43402,SIN INFORMACION,2024.0,enero     ,28.0,1.0,06:15,3.0,DENUNCIA,Hurto,HURTO DE MOTOCICLETAS,Hurtos_fiscalia.csv,,,,,,,,,,,,,,,,,,,,,,,,,Nivel 1,1,1,POINT (727788.3875014762 871834.9925767926)
HURTO DE VEHICULOS,HURTO CALIFICADO. ART. 240 C.P.,ATRACO,Nivel 1,ARMA BLANCA,CALI,Junín,09,-76.52645,3.43402,SIN INFORMACION,2023.0,octubre   ,8.0,1.0,01:00,3.0,DENUNCIA,Hurto,HURTO DE VEHICULOS,Hurtos_fiscalia.csv,,,,,,,,,,,,,,,,,,,,,,,,,Nivel 1,1,1,POINT (727788.3875014762 871834.9925767926)
HURTO A ESTABLECIMIENTOS,HURTO CALIFICADO. ART. 240 C.P.,VIOLACION DE CERRADURA,Nivel 1,,CALI,Junín,09,-76.527098,3.433271,TRANSPORTE MASIVO,2023.0,febrero   ,4.0,7.0,00:11,3.0,DENUNCIA,Hurto,HURTO A ESTABLECIMIENTOS,Hurtos_fiscalia.csv,,,,,,,,,,,,,,,,,,,,,,,,,Nivel 1,1,1,POINT (727716.1029165429 871752.2784048538)
HURTO A ESTABLECIMIENTOS,HURTO CALIFICADO. ART. 240 C.P.,VIOLACION DE CERRADURA,Nivel 1,,CALI,Junín,09,-76.52645,3.43402,SIN INFORMACION,2023.0,septiembre,28.0,5.0,06:30,3.0,DENUNCIA,Hurto,HURTO A ESTABLECIMIENTOS,Hurtos_fiscalia.csv,,,,,,,,,,,,,,,,,,,,,,,,,Nivel 1,1,1,POINT (727788.3875014762 871834.9925767926)
HURTO A ESTABLECIMIENTOS,HURTO CALIFICADO. ART. 240 C.P.,VIOLACION DE CERRADURA,Nivel 1,,CALI,Junín,09,-76.526453,3.434077,OTRO,2023.0,septiembre,28.0,5.0,21:10,3.0,DENUNCIA,Hurto,HURTO A ESTABLECIMIENTOS,Hurtos_fiscalia.csv,,,,,,,,,,,,,,,,,,,,,,,,,Nivel 1,1,1,POINT (727788.0699959088 871841.3021513941)
HURTO A ESTABLECIMIENTOS,HURTO CALIFICADO. ART. 240 C.P.,VIOLACION DE CERRADURA,Nivel 1,,CALI,Junín,09,-76.52645,3.43402,SIN INFORMACION,2023.0,abril     ,9.0,1.0,01:25,3.0,DENUNCIA,Hurto,HURTO A ESTABLECIMIENTOS,Hurtos_fiscalia.csv,,,,,,,,,,,,,,,,,,,,,,,,,Nivel 1,1,1,POINT (727788.3875014762 871834.9925767926)
HURTO A ESTABLECIMIENTOS,HURTO CALIFICADO. ART. 240 C.P.,VIOLACION DE CERRADURA,Nivel 1,,CALI,Junín,09,-76.52645,3.43402,SIN INFORMACION,2023.0,julio     ,13.0,5.0,13:00,3.0,DENUNCIA,Hurto,HURTO A ESTABLECIMIENTOS,Hurtos_fiscalia.csv,,,,,,,,,,,,,,,,,,,,,,,,,Nivel 1,1,1,POINT (727788.3875014762 871834.9925767926)
HURTO A ESTABLECIMIENTOS,HURTO CALIFICADO. ART. 240 C.P.,VIOLACION DE CERRADURA,Nivel 1,,CALI,Junín,09,-76.52645,3.43402,SIN INFORMACION,2023.0,noviembre ,14.0,3.0,19:00,3.0,DENUNCIA,Hurto,HURTO A ESTABLECIMIENTOS,Hurtos_fiscalia.csv,,,,,,,,,,,,,,,,,,,,,,,,,Nivel 1,1,1,POINT (727788.3875014762 871834.9925767926)
HURTO A ESTABLECIMIENTOS,HURTO CALIFICADO. ART. 240 C.P.,VIOLACION DE CERRADURA,Nivel 1,,CALI,Junín,09,-76.52645,3.43402,SIN INFORMACION,2023.0,mayo      ,26.0,6.0,02:00,3.0,DENUNCIA,Hurto,HURTO A ESTABLECIMIENTOS,Hurtos_fiscalia.csv,,,,,,,,,,,,,,,,,,,,,,,,,Nivel 1,1,1,POINT (727788.3875014762 871834.9925767926)
HURTO A ESTABLECIMIENTOS,HURTO CALIFICADO. ART. 240 C.P.,VIOLACION DE CERRADURA,Nivel 1,,CALI,Junín,09,-76.52645,3.43402,SIN INFORMACION,2023.0,noviembre ,7.0,3.0,05:48,3.0,DENUNCIA,Hurto,HURTO A ESTABLECIMIENTOS,Hurtos_fiscalia.csv,,,,,,,,,,,,,,,,,,,,,,,,,Nivel 1,1,1,POINT (727788.3875014762 871834.9925767926)
HURTO A ESTABLECIMIENTOS,HURTO. ART. 239 C.P.,VIOLACION DE CERRADURA,Nivel 1,,CALI,Junín,09,-76.526938,3.43435,VIA PUBLICA,2024.0,marzo     ,22.0,6.0,09:18,3.0,DENUNCIA,Hurto,HURTO A ESTABLECIMIENTOS,Hurtos_fiscalia.csv,,,,,,,,,,,,,,,,,,,,,,,,,Nivel 1,1,1,POINT (727734.204514754 871871.6558172584)
HURTO A PERSONAS,HURTO CALIFICADO. ART. 240 C.P.,VIOLACION DE CERRADURA,Nivel 1,,CALI,Junín,09,-76.52645,3.43402,SIN INFORMACION,2023.0,junio     ,1.0,5.0,20:00,3.0,DENUNCIA,Hurto,HURTO A PERSONAS,Hurtos_fiscalia.csv,,,,,,,,,,,,,,,,,,,,,,,,,Nivel 1,1,1,POINT (727788.3875014762 871834.9925767926)
HURTO A PERSONAS,HURTO CALIFICADO. ART. 240 C.P.,VIOLACION DE CERRADURA,Nivel 1,,CALI,Junín,09,-76.527967,3.434388,SIN INFORMACION,2023.0,octubre   ,7.0,7.0,14:30,3.0,DENUNCIA,Hurto,HURTO A PERSONAS,Hurtos_fiscalia.csv,,,,,,,,,,,,,,,,,,,,,,,,,Nivel 1,1,1,POINT (727619.7673240523 871876.1549768719)
HURTO A PERSONAS,HURTO CALIFICADO. ART. 240 C.P.,VIOLACION DE CERRADURA,Nivel 1,,CALI,Junín,09,-76.52645,3.43402,SIN INFORMACION,2023.0,enero     ,16.0,2.0,10:15,3.0,DENUNCIA,Hurto,HURTO A PERSONAS,Hurtos_fiscalia.csv,,,,,,,,,,,,,,,,,,,,,,,,,Nivel 1,1,1,POINT (727788.3875014762 871834.9925767926)
HURTO A PERSONAS,HURTO CALIFICADO. ART. 240 C.P.,VIOLACION DE CERRADURA,Nivel 1,,CALI,Junín,09,-76.52645,3.43402,SIN INFORMACION,2023.0,agosto    ,10.0,5.0,20:00,3.0,DENUNCIA,Hurto,HURTO A PERSONAS,Hurtos_fiscalia.csv,,,,,,,,,,,,,,,,,,,,,,,,,Nivel 1,1,1,POINT (727788.3875014762 871834.9925767926)
HURTO A PERSONAS,HURTO CALIFICADO. ART. 240 C.P.,VIOLACION DE CERRADURA,Nivel 1,,CALI,Junín,09,-76.52645,3.43402,SIN INFORMACION,2023.0,septiembre,10.0,1.0,02:50,3.0,DENUNCIA,Hurto,HURTO A PERSONAS,Hurtos_fiscalia.csv,,,,,,,,,,,,,,,,,,,,,,,,,Nivel 1,1,1,POINT (727788.3875014762 871834.9925767926)
HURTO A PERSONAS,HURTO CALIFICADO. ART. 240 C.P.,VIOLACION DE CERRADURA,Nivel 1,,CALI,Junín,09,-76.52645,3.43402,SIN INFORMACION,2023.0,noviembre ,4.0,7.0,16:34,3.0,DENUNCIA,Hurto,HURTO A PERSONAS,Hurtos_fiscalia.csv,,,,,,,,,,,,,,,,,,,,,,,,,Nivel 1,1,1,POINT (727788.3875014762 871834.9925767926)
HURTO A PERSONAS,HURTO CALIFICADO. ART. 240 C.P.,VIOLACION DE CERRADURA,Nivel 1,,CALI,Junín,09,-76.52645,3.43402,SIN INFORMACION,2023.0,noviembre ,13.0,2.0,20:05,3.0,DENUNCIA,Hurto,HURTO A PERSONAS,Hurtos_fiscalia.csv,,,,,,,,,,,,,,,,,,,,,,,,,Nivel 1,1,1,POINT (727788.3875014762 871834.9925767926)
HURTO A PERSONAS,HURTO CALIFICADO. ART. 240 C.P.,VIOLACION DE CERRADURA,Nivel 1,,CALI,Junín,09,-76.52645,3.43402,SIN INFORMACION,2023.0,julio     ,7.0,6.0,11:30,3.0,DENUNCIA,Hurto,HURTO A PERSONAS,Hurtos_fiscalia.csv,,,,,,,,,,,,,,,,,,,,,,,,,Nivel 1,1,1,POINT (727788.3875014762 871834.9925767926)
HURTO A PERSONAS,HURTO CALIFICADO. ART. 240 C.P.,VIOLACION DE CERRADURA,Nivel 1,,CALI,Junín,09,-76.52645,3.43402,SIN INFORMACION,2023.0,octubre   ,3.0,3.0,03:14,3.0,DENUNCIA,Hurto,HURTO A PERSONAS,Hurtos_fiscalia.csv,,,,,,,,,,,,,,,,,,,,,,,,,Nivel 1,1,1,POINT (727788.3875014762 871834.9925767926)
HURTO A PERSONAS,HURTO CALIFICADO. ART. 240 C.P.,VIOLACION DE CERRADURA,Nivel 1,,CALI,Junín,09,-76.527407,3.43445,VIA PUBLICA,2023.0,noviembre ,1.0,4.0,22:20,3.0,DENUNCIA,Hurto,HURTO A PERSONAS,Hurtos_fiscalia.csv,,,,,,,,,,,,,,,,,,,,,,,,,Nivel 1,1,1,POINT (727682.0695319483 871882.8574392959)
HURTO A PERSONAS,HURTO. ART. 239 C.P.,VIOLACION DE CERRADURA,Nivel 1,,CALI,Junín,09,-76.52645,3.43402,SIN INFORMACION,2023.0,julio     ,22.0,7.0,12:00,3.0,DENUNCIA,Hurto,HURTO A PERSONAS,Hurtos_fiscalia.csv,,,,,,,,,,,,,,,,,,,,,,,,,Nivel 1,1,1,POINT (727788.3875014762 871834.9925767926)
HURTO A PERSONAS,HURTO CALIFICADO. ART. 240 C.P.,VIOLACION DE CERRADURA,Nivel 1,,CALI,Junín,09,-76.52645,3.43402,SIN INFORMACION,2023.0,septiembre,8.0,6.0,06:54,3.0,DENUNCIA,Hurto,HURTO A PERSONAS,Hurtos_fiscalia.csv,,,,,,,,,,,,,,,,,,,,,,,,,Nivel 1,1,1,POINT (727788.3875014762 871834.9925767926)
HURTO A PERSONAS,HURTO CALIFICADO. ART. 240 C.P.,VIOLACION DE CERRADURA,Nivel 1,,CALI,Junín,09,-76.526532,3.43408,OTRO,2023.0,septiembre,21.0,5.0,22:00,3.0,DENUNCIA,Hurto,HURTO A PERSONAS,Hurtos_fiscalia.csv,,,,,,,,,,,,,,,,,,,,,,,,,Nivel 1,1,1,POINT (727779.2842712875 871841.656699549)
HURTO A PERSONAS,HURTO CALIFICADO. ART. 240 C.P.,VIOLACION DE CERRADURA,Nivel 1,,CALI,Junín,09,-76.52645,3.43402,SIN INFORMACION,2024.0,febrero   ,21.0,4.0,00:00,3.0,DENUNCIA,Hurto,HURTO A PERSONAS,Hurtos_fiscalia.csv,,,,,,,,,,,,,,,,,,,,,,,,,Nivel 1,1,1,POINT (727788.3875014762 871834.9925767926)
HURTO A PERSONAS,HURTO CALIFICADO. ART. 240 C.P.,VIOLACION DE CERRADURA,Nivel 1,,CALI,Junín,09,-76.52645,3.43402,SIN INFORMACION,2024.0,marzo     ,2.0,7.0,19:00,3.0,DENUNCIA,Hurto,HURTO A PERSONAS,Hurtos_fiscalia.csv,,,,,,,,,,,,,,,,,,,,,,,,,Nivel 1,1,1,POINT (727788.3875014762 871834.9925767926)
HURTO A PERSONAS,HURTO. ART. 239 C.P.,VIOLACION DE CERRADURA,Nivel 1,,CALI,Junín,09,-76.52783,3.434094,SIN INFORMACION,2024.0,junio     ,19.0,4.0,03:00,3.0,DENUNCIA,Hurto,HURTO A PERSONAS,Hurtos_fiscalia.csv,,,,,,,,,,,,,,,,,,,,,,,,,Nivel 1,1,1,POINT (727634.9214008898 871843.5761678554)
HURTO A PERSONAS,HURTO CALIFICADO. ART. 240 C.P.,VIOLACION DE CERRADURA,Nivel 1,,CALI,Junín,09,-76.527261,3.433994,SIN INFORMACION,2024.0,noviembre ,23.0,7.0,07:00,3.0,DENUNCIA,Hurto,HURTO A PERSONAS,Hurtos_fiscalia.csv,,,,,,,,,,,,,,,,,,,,,,,,,Nivel 1,1,1,POINT (727698.1786725285 871832.3460301743)
HURTO A PERSONAS,HURTO CALIFICADO. ART. 240 C.P.,VIOLACION DE CERRADURA,Nivel 1,,CALI,Junín,09,-76.527484,3.434265,SIN INFORMACION,2024.0,noviembre ,25.0,2.0,09:00,3.0,DENUNCIA,Hurto,HURTO A PERSONAS,Hurtos_fiscalia.csv,,,,,,,,,,,,,,,,,,,,,,,,,Nivel 1,1,1,POINT (727673.4529168315 871862.403705182)
HURTO A PERSONAS,HURTO CALIFICADO. ART. 240 C.P.,VIOLACION DE CERRADURA,Nivel 1,,CALI,Junín,09,-76.527489,3.434244,SIN INFORMACION,2024.0,enero     ,2.0,3.0,14:50,3.0,DENUNCIA,Hurto,HURTO A PERSONAS,Hurtos_fiscalia.csv,,,,,,,,,,,,,,,,,,,,,,,,,Nivel 1,1,1,POINT (727672.8908469148 871860.0808635408)
HURTO A PERSONAS,HURTO. ART. 239 C.P.,VIOLACION DE CERRADURA,Nivel 1,,CALI,Junín,09,-76.52645,3.43402,SIN INFORMACION,2024.0,febrero   ,17.0,7.0,21:13,3.0,DENUNCIA,Hurto,HURTO A PERSONAS,Hurtos_fiscalia.csv,,,,,,,,,,,,,,,,,,,,,,,,,Nivel 1,1,1,POINT (727788.3875014762 871834.9925767926)
HURTO A PERSONAS,HURTO CALIFICADO. ART. 240 C.P.,VIOLACION DE CERRADURA,Nivel 1,,CALI,Junín,09,-76.52645,3.43402,SIN INFORMACION,2024.0,marzo     ,20.0,4.0,05:39,3.0,DENUNCIA,Hurto,HURTO A PERSONAS,Hurtos_fiscalia.csv,,,,,,,,,,,,,,,,,,,,,,,,,Nivel 1,1,1,POINT (727788.3875014762 871834.9925767926)
HURTO A PERSONAS,HURTO CALIFICADO. ART. 240 C.P.,VIOLACION DE CERRADURA,Nivel 1,,CALI,Junín,09,-76.527982,3.433177,SIN INFORMACION,2024.0,febrero   ,9.0,6.0,15:00,3.0,DENUNCIA,Hurto,HURTO A PERSONAS,Hurtos_fiscalia.csv,,,,,,,,,,,,,,,,,,,,,,,,,Nivel 1,1,1,POINT (727617.7554285896 871742.1264754683)
HURTO A PERSONAS,HURTO CALIFICADO. ART. 240 C.P.,VIOLACION DE CERRADURA,Nivel 1,,CALI,Junín,09,-76.52645,3.43402,SIN INFORMACION,2024.0,febrero   ,16.0,6.0,03:00,3.0,DENUNCIA,Hurto,HURTO A PERSONAS,Hurtos_fiscalia.csv,,,,,,,,,,,,,,,,,,,,,,,,,Nivel 1,1,1,POINT (727788.3875014762 871834.9925767926)
HURTO A PERSONAS,HURTO CALIFICADO. ART. 240 C.P.,VIOLACION DE CERRADURA,Nivel 1,,CALI,Junín,09,-76.526437,3.433962,VIA PUBLICA,2024.0,marzo     ,11.0,2.0,11:24,3.0,DENUNCIA,Hurto,HURTO A PERSONAS,Hurtos_fiscalia.csv,,,,,,,,,,,,,,,,,,,,,,,,,Nivel 1,1,1,POINT (727789.8169486251 871828.5694736873)
HURTO A RESIDENCIA,HURTO CALIFICADO. ART. 240 C.P.,VIOLACION DE CERRADURA,Nivel 1,,CALI,Junín,09,-76.52645,3.43402,SIN INFORMACION,2023.0,agosto    ,21.0,2.0,02:00,3.0,DENUNCIA,Hurto,HURTO A RESIDENCIA,Hurtos_fiscalia.csv,,,,,,,,,,,,,,,,,,,,,,,,,Nivel 1,1,1,POINT (727788.3875014762 871834.9925767926)
HURTO A RESIDENCIA,HURTO CALIFICADO. ART. 240 C.P.,VIOLACION DE CERRADURA,Nivel 1,,CALI,Junín,09,-76.52645,3.43402,SIN INFORMACION,2023.0,octubre   ,17.0,3.0,09:58,3.0,DENUNCIA,Hurto,HURTO A RESIDENCIA,Hurtos_fiscalia.csv,,,,,,,,,,,,,,,,,,,,,,,,,Nivel 1,1,1,POINT (727788.3875014762 871834.9925767926)
HURTO A RESIDENCIA,HURTO CALIFICADO. ART. 240 C.P.,VIOLACION DE CERRADURA,Nivel 1,,CALI,Junín,09,-76.52645,3.43402,SIN INFORMACION,2023.0,mayo      ,15.0,2.0,15:00,3.0,DENUNCIA,Hurto,HURTO A RESIDENCIA,Hurtos_fiscalia.csv,,,,,,,,,,,,,,,,,,,,,,,,,Nivel 1,1,1,POINT (727788.3875014762 871834.9925767926)
HURTO A RESIDENCIA,HURTO CALIFICADO. ART. 240 C.P.,VIOLACION DE CERRADURA,Nivel 1,,CALI,Junín,09,-76.52645,3.43402,SIN INFORMACION,2023.0,junio     ,27.0,3.0,02:00,3.0,DENUNCIA,Hurto,HURTO A RESIDENCIA,Hurtos_fiscalia.csv,,,,,,,,,,,,,,,,,,,,,,,,,Nivel 1,1,1,POINT (727788.3875014762 871834.9925767926)
HURTO A RESIDENCIA,HURTO CALIFICADO. ART. 240 C.P.,VIOLACION DE CERRADURA,Nivel 1,,CALI,Junín,09,-76.52645,3.43402,SIN INFORMACION,2023.0,abril     ,13.0,5.0,08:00,3.0,DENUNCIA,Hurto,HURTO A RESIDENCIA,Hurtos_fiscalia.csv,,,,,,,,,,,,,,,,,,,,,,,,,Nivel 1,1,1,POINT (727788.3875014762 871834.9925767926)
HURTO A RESIDENCIA,HURTO CALIFICADO. ART. 240 C.P.,VIOLACION DE CERRADURA,Nivel 1,,CALI,Junín,09,-76.52645,3.43402,SIN INFORMACION,2023.0,septiembre,17.0,1.0,00:15,3.0,DENUNCIA,Hurto,HURTO A RESIDENCIA,Hurtos_fiscalia.csv,,,,,,,,,,,,,,,,,,,,,,,,,Nivel 1,1,1,POINT (727788.3875014762 871834.9925767926)
HURTO A RESIDENCIA,HURTO CALIFICADO. ART. 240 C.P.,VIOLACION DE CERRADURA,Nivel 1,,CALI,Junín,09,-76.52645,3.43402,SIN INFORMACION,2023.0,noviembre ,10.0,6.0,10:00,3.0,DENUNCIA,Hurto,HURTO A RESIDENCIA,Hurtos_fiscalia.csv,,,,,,,,,,,,,,,,,,,,,,,,,Nivel 1,1,1,POINT (727788.3875014762 871834.9925767926)
HURTO A RESIDENCIA,HURTO CALIFICADO. ART. 240 C.P.,VIOLACION DE CERRADURA,Nivel 1,,CALI,Junín,09,-76.52645,3.43402,SIN INFORMACION,2024.0,febrero   ,10.0,7.0,03:30,3.0,DENUNCIA,Hurto,HURTO A RESIDENCIA,Hurtos_fiscalia.csv,,,,,,,,,,,,,,,,,,,,,,,,,Nivel 1,1,1,POINT (727788.3875014762 871834.9925767926)
HURTO A RESIDENCIA,HURTO CALIFICADO. ART. 240 C.P.,VIOLACION DE CERRADURA,Nivel 1,,CALI,Junín,09,-76.527346,3.433997,SIN INFORMACION,2024.0,julio     ,6.0,7.0,09:22,3.0,DENUNCIA,Hurto,HURTO A RESIDENCIA,Hurtos_fiscalia.csv,,,,,,,,,,,,,,,,,,,,,,,,,Nivel 1,1,1,POINT (727688.725606797 871832.7022956323)
HURTO A RESIDENCIA,HURTO CALIFICADO. ART. 240 C.P.,VIOLACION DE CERRADURA,Nivel 1,,CALI,Junín,09,-76.52645,3.43402,SIN INFORMACION,2024.0,marzo     ,5.0,3.0,06:59,3.0,DENUNCIA,Hurto,HURTO A RESIDENCIA,Hurtos_fiscalia.csv,,,,,,,,,,,,,,,,,,,,,,,,,Nivel 1,1,1,POINT (727788.3875014762 871834.9925767926)
HURTO DE AUTOPARTES,HURTO CALIFICADO. ART. 240 C.P.,VIOLACION DE CERRADURA,Nivel 1,,CALI,Junín,09,-76.527,3.43404,VIA PUBLICA,2023.0,marzo     ,25.0,7.0,17:00,3.0,DENUNCIA,Hurto,HURTO DE AUTOPARTES,Hurtos_fiscalia.csv,,,,,,,,,,,,,,,,,,,,,,,,,Nivel 1,1,1,POINT (727727.2207997385 871837.3628928626)
HURTO DE AUTOPARTES,HURTO CALIFICADO. ART. 240 C.P.,VIOLACION DE CERRADURA,Nivel 1,,CALI,Junín,09,-76.52645,3.43402,SIN INFORMACION,2024.0,febrero   ,11.0,1.0,18:00,3.0,DENUNCIA,Hurto,HURTO DE AUTOPARTES,Hurtos_fiscalia.csv,,,,,,,,,,,,,,,,,,,,,,,,,Nivel 1,1,1,POINT (727788.3875014762 871834.9925767926)
HURTO A ESTABLECIMIENTOS,HURTO CALIFICADO. ART. 240 C.P.,VENTOSA,Nivel 1,,CALI,Junín,09,-76.52645,3.43402,DOMICILIO,2023.0,mayo      ,22.0,2.0,09:30,3.0,DENUNCIA,Hurto,HURTO A ESTABLECIMIENTOS,Hurtos_fiscalia.csv,,,,,,,,,,,,,,,,,,,,,,,,,Nivel 1,1,1,POINT (727788.3875014762 871834.9925767926)
HURTO A ESTABLECIMIENTOS,HURTO CALIFICADO. ART. 240 C.P.,VENTOSA,Nivel 1,,CALI,Junín,09,-76.52645,3.43402,SIN INFORMACION,2023.0,junio     ,21.0,4.0,06:10,3.0,DENUNCIA,Hurto,HURTO A ESTABLECIMIENTOS,Hurtos_fiscalia.csv,,,,,,,,,,,,,,,,,,,,,,,,,Nivel 1,1,1,POINT (727788.3875014762 871834.9925767926)
HURTO A RESIDENCIA,HURTO CALIFICADO. ART. 240 C.P.,VENTOSA,Nivel 1,,CALI,Junín,09,-76.52645,3.43402,SIN INFORMACION,2023.0,mayo      ,16.0,3.0,08:15,3.0,DENUNCIA,Hurto,HURTO A RESIDENCIA,Hurtos_fiscalia.csv,,,,,,,,,,,,,,,,,,,,,,,,,Nivel 1,1,1,POINT (727788.3875014762 871834.9925767926)
HURTO A RESIDENCIA,HURTO CALIFICADO. ART. 240 C.P.,VENTOSA,Nivel 1,,CALI,Junín,09,-76.526506,3.434079,OTRO,2023.0,septiembre,20.0,4.0,23:40,3.0,DENUNCIA,Hurto,HURTO A RESIDENCIA,Hurtos_fiscalia.csv,,,,,,,,,,,,,,,,,,,,,,,,,Nivel 1,1,1,POINT (727782.1757720553 871841.5386117259)
HURTO A RESIDENCIA,HURTO CALIFICADO. ART. 240 C.P.,VENTOSA,Nivel 1,,CALI,Junín,09,-76.52645,3.43402,SIN INFORMACION,2023.0,noviembre ,17.0,6.0,07:41,3.0,DENUNCIA,Hurto,HURTO A RESIDENCIA,Hurtos_fiscalia.csv,,,,,,,,,,,,,,,,,,,,,,,,,Nivel 1,1,1,POINT (727788.3875014762 871834.9925767926)
HURTO A RESIDENCIA,HURTO CALIFICADO. ART. 240 C.P.,VENTOSA,Nivel 1,,CALI,Junín,09,-76.526582,3.434036,VIA PUBLICA,2023.0,noviembre ,20.0,2.0,15:00,3.0,DENUNCIA,Hurto,HURTO A RESIDENCIA,Hurtos_fiscalia.csv,,,,,,,,,,,,,,,,,,,,,,,,,Nivel 1,1,1,POINT (727773.7106709261 871836.8010574859)
HURTO A ESTABLECIMIENTOS,HURTO CALIFICADO. ART. 240 C.P.,VANDALISMO/SAQUEO,Nivel 1,,CALI,Junín,09,-76.526502,3.43409,OTRO,2023.0,septiembre,14.0,5.0,09:48,3.0,DENUNCIA,Hurto,HURTO A ESTABLECIMIENTOS,Hurtos_fiscalia.csv,,,,,,,,,,,,,,,,,,,,,,,,,Nivel 1,1,1,POINT (727782.6237809968 871842.7549442498)
HURTO A ESTABLECIMIENTOS,HURTO CALIFICADO. ART. 240 C.P.,VANDALISMO/SAQUEO,Nivel 1,,CALI,Junín,09,-76.52645,3.43402,SIN INFORMACION,2023.0,enero     ,2.0,2.0,05:50,3.0,DENUNCIA,Hurto,HURTO A ESTABLECIMIENTOS,Hurtos_fiscalia.csv,,,,,,,,,,,,,,,,,,,,,,,,,Nivel 1,1,1,POINT (727788.3875014762 871834.9925767926)
HURTO A ESTABLECIMIENTOS,HURTO CALIFICADO. ART. 240 C.P.,VANDALISMO/SAQUEO,Nivel 1,,CALI,Junín,09,-76.52645,3.43402,SIN INFORMACION,2023.0,noviembre ,2.0,5.0,05:30,3.0,DENUNCIA,Hurto,HURTO A ESTABLECIMIENTOS,Hurtos_fiscalia.csv,,,,,,,,,,,,,,,,,,,,,,,,,Nivel 1,1,1,POINT (727788.3875014762 871834.9925767926)
HURTO A ESTABLECIMIENTOS,HURTO CALIFICADO. ART. 240 C.P.,VANDALISMO/SAQUEO,Nivel 1,,CALI,Junín,09,-76.52754,3.434246,SIN INFORMACION,2025.0,abril     ,17.0,5.0,08:45,3.0,DENUNCIA,Hurto,HURTO A ESTABLECIMIENTOS,Hurtos_fiscalia.csv,,,,,,,,,,,,,,,,,,,,,,,,,Nivel 1,1,1,POINT (727667.2190648785 871860.3167610314)
HURTO A PERSONAS,HURTO CALIFICADO. ART. 240 C.P.,ROMPIMIENTO DE VIDRIO,Nivel 1,,CALI,Junín,09,-76.52645,3.43402,SIN INFORMACION,2023.0,abril     ,14.0,6.0,07:30,3.0,DENUNCIA,Hurto,HURTO A PERSONAS,Hurtos_fiscalia.csv,,,,,,,,,,,,,,,,,,,,,,,,,Nivel 1,1,1,POINT (727788.3875014762 871834.9925767926)
HURTO A PERSONAS,HURTO CALIFICADO. ART. 240 C.P.,ROMPIMIENTO DE VIDRIO,Nivel 1,,CALI,Junín,09,-76.52645,3.43402,SIN INFORMACION,2023.0,octubre   ,9.0,2.0,12:49,3.0,DENUNCIA,Hurto,HURTO A PERSONAS,Hurtos_fiscalia.csv,,,,,,,,,,,,,,,,,,,,,,,,,Nivel 1,1,1,POINT (727788.3875014762 871834.9925767926)
HURTO A PERSONAS,HURTO CALIFICADO. ART. 240 C.P.,ROMPIMIENTO DE VIDRIO,Nivel 1,,CALI,Junín,09,-76.52645,3.43402,SIN INFORMACION,2023.0,octubre   ,19.0,5.0,00:40,3.0,DENUNCIA,Hurto,HURTO A PERSONAS,Hurtos_fiscalia.csv,,,,,,,,,,,,,,,,,,,,,,,,,Nivel 1,1,1,POINT (727788.3875014762 871834.9925767926)
HURTO A PERSONAS,HURTO CALIFICADO. ART. 240 C.P.,ROMPIMIENTO DE VIDRIO,Nivel 1,,CALI,Junín,09,-76.52645,3.43402,SIN INFORMACION,2023.0,diciembre ,21.0,5.0,18:30,3.0,DENUNCIA,Hurto,HURTO A PERSONAS,Hurtos_fiscalia.csv,,,,,,,,,,,,,,,,,,,,,,,,,Nivel 1,1,1,POINT (727788.3875014762 871834.9925767926)
HURTO A PERSONAS,HURTO CALIFICADO. ART. 240 C.P.,ROMPIMIENTO DE VIDRIO,Nivel 1,,CALI,Junín,09,-76.526598,3.434018,VIA PUBLICA,2023.0,agosto    ,30.0,4.0,12:00,3.0,DENUNCIA,Hurto,HURTO A PERSONAS,Hurtos_fiscalia.csv,,,,,,,,,,,,,,,,,,,,,,,,,Nivel 1,1,1,POINT (727771.9260071537 871834.8133891287)
HURTO A PERSONAS,HURTO CALIFICADO. ART. 240 C.P.,ROMPIMIENTO DE VIDRIO,Nivel 1,,CALI,Junín,09,-76.526907,3.434066,OTRO,2023.0,septiembre,2.0,7.0,21:00,3.0,DENUNCIA,Hurto,HURTO A PERSONAS,Hurtos_fiscalia.csv,,,,,,,,,,,,,,,,,,,,,,,,,Nivel 1,1,1,POINT (727737.5718670418 871840.2140513773)
HURTO A PERSONAS,HURTO CALIFICADO. ART. 240 C.P.,ROMPIMIENTO DE VIDRIO,Nivel 1,,CALI,Junín,09,-76.52645,3.43402,SIN INFORMACION,2023.0,junio     ,27.0,3.0,21:20,3.0,DENUNCIA,Hurto,HURTO A PERSONAS,Hurtos_fiscalia.csv,,,,,,,,,,,,,,,,,,,,,,,,,Nivel 1,1,1,POINT (727788.3875014762 871834.9925767926)
HURTO A PERSONAS,HURTO CALIFICADO. ART. 240 C.P.,ROMPIMIENTO DE VIDRIO,Nivel 1,,CALI,Junín,09,-76.52645,3.43402,SIN INFORMACION,2023.0,julio     ,6.0,5.0,23:45,3.0,DENUNCIA,Hurto,HURTO A PERSONAS,Hurtos_fiscalia.csv,,,,,,,,,,,,,,,,,,,,,,,,,Nivel 1,1,1,POINT (727788.3875014762 871834.9925767926)
HURTO A PERSONAS,HURTO CALIFICADO. ART. 240 C.P.,ROMPIMIENTO DE VIDRIO,Nivel 1,,CALI,Junín,09,-76.526464,3.434015,PARQUEADERO,2023.0,mayo      ,3.0,4.0,05:30,3.0,DENUNCIA,Hurto,HURTO A PERSONAS,Hurtos_fiscalia.csv,,,,,,,,,,,,,,,,,,,,,,,,,Nivel 1,1,1,POINT (727786.8289691155 871834.4431693482)
HURTO A PERSONAS,HURTO. ART. 239 C.P.,ROMPIMIENTO DE VIDRIO,Nivel 1,,CALI,Junín,09,-76.52645,3.43402,SIN INFORMACION,2023.0,abril     ,14.0,6.0,02:00,3.0,DENUNCIA,Hurto,HURTO A PERSONAS,Hurtos_fiscalia.csv,,,,,,,,,,,,,,,,,,,,,,,,,Nivel 1,1,1,POINT (727788.3875014762 871834.9925767926)
HURTO A PERSONAS,HURTO CALIFICADO. ART. 240 C.P.,ROMPIMIENTO DE VIDRIO,Nivel 1,,CALI,Junín,09,-76.52645,3.43402,SIN INFORMACION,2024.0,enero     ,13.0,7.0,01:00,3.0,DENUNCIA,Hurto,HURTO A PERSONAS,Hurtos_fiscalia.csv,,,,,,,,,,,,,,,,,,,,,,,,,Nivel 1,1,1,POINT (727788.3875014762 871834.9925767926)
HURTO A PERSONAS,HURTO CALIFICADO. ART. 240 C.P.,ROMPIMIENTO DE VIDRIO,Nivel 1,,CALI,Junín,09,-76.52645,3.43402,SIN INFORMACION,2024.0,marzo     ,17.0,1.0,14:25,3.0,DENUNCIA,Hurto,HURTO A PERSONAS,Hurtos_fiscalia.csv,,,,,,,,,,,,,,,,,,,,,,,,,Nivel 1,1,1,POINT (727788.3875014762 871834.9925767926)
HURTO A PERSONAS,HURTO CALIFICADO. ART. 240 C.P.,ROMPIMIENTO DE VIDRIO,Nivel 1,,CALI,Junín,09,-76.52645,3.43402,SIN INFORMACION,2024.0,enero     ,28.0,1.0,00:00,3.0,DENUNCIA,Hurto,HURTO A PERSONAS,Hurtos_fiscalia.csv,,,,,,,,,,,,,,,,,,,,,,,,,Nivel 1,1,1,POINT (727788.3875014762 871834.9925767926)
HURTO A PERSONAS,HURTO CALIFICADO. ART. 240 C.P.,ROMPIMIENTO DE VIDRIO,Nivel 1,,CALI,Junín,09,-76.52645,3.43402,SIN INFORMACION,2024.0,febrero   ,10.0,7.0,05:30,3.0,DENUNCIA,Hurto,HURTO A PERSONAS,Hurtos_fiscalia.csv,,,,,,,,,,,,,,,,,,,,,,,,,Nivel 1,1,1,POINT (727788.3875014762 871834.9925767926)
HURTO A CELULARES,HURTO CALIFICADO. ART. 240 C.P.,RAPONAZO,Nivel 1,,CALI,Junín,09,-76.52645,3.43402,SIN INFORMACION,2023.0,noviembre ,2.0,5.0,15:00,3.0,DENUNCIA,Hurto,HURTO A CELULARES,Hurtos_fiscalia.csv,,,,,,,,,,,,,,,,,,,,,,,,,Nivel 1,1,1,POINT (727788.3875014762 871834.9925767926)
HURTO A CELULARES,HURTO. ART. 239 C.P.,RAPONAZO,Nivel 1,,CALI,Junín,09,-76.52802,3.43473,VIA PUBLICA,2023.0,noviembre ,15.0,4.0,05:03,3.0,DENUNCIA,Hurto,HURTO A CELULARES,Hurtos_fiscalia.csv,,,,,,,,,,,,,,,,,,,,,,,,,Nivel 1,1,1,POINT (727613.9695761559 871914.022452792)
HURTO A CELULARES,HURTO CALIFICADO. ART. 240 C.P.,RAPONAZO,Nivel 1,,CALI,Junín,09,-76.52645,3.43402,SIN INFORMACION,2023.0,junio     ,27.0,3.0,03:00,3.0,DENUNCIA,Hurto,HURTO A CELULARES,Hurtos_fiscalia.csv,,,,,,,,,,,,,,,,,,,,,,,,,Nivel 1,1,1,POINT (727788.3875014762 871834.9925767926)
HURTO A CELULARES,HURTO CALIFICADO. ART. 240 C.P.,RAPONAZO,Nivel 1,,CALI,Junín,09,-76.52802,3.43473,VIA PUBLICA,2023.0,diciembre ,8.0,6.0,00:50,3.0,DENUNCIA,Hurto,HURTO A CELULARES,Hurtos_fiscalia.csv,,,,,,,,,,,,,,,,,,,,,,,,,Nivel 1,1,1,POINT (727613.9695761559 871914.022452792)
HURTO A CELULARES,HURTO. ART. 239 C.P.,RAPONAZO,Nivel 1,,CALI,Junín,09,-76.526448,3.434014,VIA PUBLICA,2023.0,agosto    ,20.0,1.0,04:00,3.0,DENUNCIA,Hurto,HURTO A CELULARES,Hurtos_fiscalia.csv,,,,,,,,,,,,,,,,,,,,,,,,,Nivel 1,1,1,POINT (727788.6082451963 871834.3279311657)
HURTO A CELULARES,HURTO CALIFICADO. ART. 240 C.P.,RAPONAZO,Nivel 1,,CALI,Junín,09,-76.528212,3.433963,VIA PUBLICA,2023.0,mayo      ,18.0,5.0,18:42,3.0,DENUNCIA,Hurto,HURTO A CELULARES,Hurtos_fiscalia.csv,,,,,,,,,,,,,,,,,,,,,,,,,Nivel 1,1,1,POINT (727592.397198438 871829.1860769063)
HURTO A CELULARES,HURTO. ART. 239 C.P.,RAPONAZO,Nivel 1,,CALI,Junín,09,-76.52645,3.43402,SIN INFORMACION,2023.0,abril     ,5.0,4.0,23:57,3.0,DENUNCIA,Hurto,HURTO A CELULARES,Hurtos_fiscalia.csv,,,,,,,,,,,,,,,,,,,,,,,,,Nivel 1,1,1,POINT (727788.3875014762 871834.9925767926)
HURTO A CELULARES,HURTO CALIFICADO. ART. 240 C.P.,RAPONAZO,Nivel 1,,CALI,Junín,09,-76.526455,3.434025,VIA PUBLICA,2023.0,mayo      ,3.0,4.0,15:30,3.0,DENUNCIA,Hurto,HURTO A CELULARES,Hurtos_fiscalia.csv,,,,,,,,,,,,,,,,,,,,,,,,,Nivel 1,1,1,POINT (727787.8328067967 871835.5473979203)
HURTO A CELULARES,HURTO. ART. 239 C.P.,RAPONAZO,Nivel 1,,CALI,Junín,09,-76.52645,3.43402,SIN INFORMACION,2024.0,marzo     ,7.0,5.0,06:30,3.0,DENUNCIA,Hurto,HURTO A CELULARES,Hurtos_fiscalia.csv,,,,,,,,,,,,,,,,,,,,,,,,,Nivel 1,1,1,POINT (727788.3875014762 871834.9925767926)
HURTO A CELULARES,HURTO CALIFICADO. ART. 240 C.P.,RAPONAZO,Nivel 1,,CALI,Junín,09,-76.527999,3.434074,VIA PUBLICA,2025.0,abril     ,11.0,6.0,20:02,3.0,DENUNCIA,Hurto,HURTO A CELULARES,Hurtos_fiscalia.csv,,,,,,,,,,,,,,,,,,,,,,,,,Nivel 1,1,1,POINT (727616.1191090444 871841.4107625256)
HURTO A CELULARES,HURTO. ART. 239 C.P.,RAPONAZO,Nivel 1,,CALI,Junín,09,-76.52645,3.43402,SIN INFORMACION,2024.0,marzo     ,18.0,2.0,03:59,3.0,DENUNCIA,Hurto,HURTO A CELULARES,Hurtos_fiscalia.csv,,,,,,,,,,,,,,,,,,,,,,,,,Nivel 1,1,1,POINT (727788.3875014762 871834.9925767926)
HURTO A CELULARES,HURTO CALIFICADO. ART. 240 C.P.,RAPONAZO,Nivel 1,,CALI,Junín,09,-76.52645,3.43402,SIN INFORMACION,2024.0,enero     ,13.0,7.0,16:00,3.0,DENUNCIA,Hurto,HURTO A CELULARES,Hurtos_fiscalia.csv,,,,,,,,,,,,,,,,,,,,,,,,,Nivel 1,1,1,POINT (727788.3875014762 871834.9925767926)
HURTO A PERSONAS,HURTO CALIFICADO. ART. 240 C.P.,RAPONAZO,Nivel 1,,CALI,Junín,09,-76.52645,3.43402,SIN INFORMACION,2023.0,noviembre ,3.0,6.0,21:50,3.0,DENUNCIA,Hurto,HURTO A PERSONAS,Hurtos_fiscalia.csv,,,,,,,,,,,,,,,,,,,,,,,,,Nivel 1,1,1,POINT (727788.3875014762 871834.9925767926)
HURTO A PERSONAS,HURTO. ART. 239 C.P.,RAPONAZO,Nivel 1,,CALI,Junín,09,-76.526371,3.434018,VIA PUBLICA,2023.0,octubre   ,25.0,4.0,04:00,3.0,QUERELLA,Hurto,HURTO A PERSONAS,Hurtos_fiscalia.csv,,,,,,,,,,,,,,,,,,,,,,,,,Nivel 1,1,1,POINT (727797.1735096831 871834.7487090938)
HURTO A PERSONAS,HURTO. ART. 239 C.P.,RAPONAZO,Nivel 1,,CALI,Junín,09,-76.52645,3.43402,SIN INFORMACION,2023.0,julio     ,29.0,7.0,08:30,3.0,DENUNCIA,Hurto,HURTO A PERSONAS,Hurtos_fiscalia.csv,,,,,,,,,,,,,,,,,,,,,,,,,Nivel 1,1,1,POINT (727788.3875014762 871834.9925767926)
HURTO A PERSONAS,HURTO CALIFICADO. ART. 240 C.P.,RAPONAZO,Nivel 1,,CALI,Junín,09,-76.52645,3.43402,SIN INFORMACION,2023.0,octubre   ,5.0,5.0,21:00,3.0,DENUNCIA,Hurto,HURTO A PERSONAS,Hurtos_fiscalia.csv,,,,,,,,,,,,,,,,,,,,,,,,,Nivel 1,1,1,POINT (727788.3875014762 871834.9925767926)
HURTO A PERSONAS,HURTO. ART. 239 C.P.,RAPONAZO,Nivel 1,,CALI,Junín,09,-76.52645,3.43402,SIN INFORMACION,2023.0,diciembre ,3.0,1.0,05:30,3.0,DENUNCIA,Hurto,HURTO A PERSONAS,Hurtos_fiscalia.csv,,,,,,,,,,,,,,,,,,,,,,,,,Nivel 1,1,1,POINT (727788.3875014762 871834.9925767926)
HURTO A PERSONAS,HURTO. ART. 239 C.P.,RAPONAZO,Nivel 1,,CALI,Junín,09,-76.52645,3.43402,SIN INFORMACION,2023.0,noviembre ,14.0,3.0,18:30,3.0,DENUNCIA,Hurto,HURTO A PERSONAS,Hurtos_fiscalia.csv,,,,,,,,,,,,,,,,,,,,,,,,,Nivel 1,1,1,POINT (727788.3875014762 871834.9925767926)
HURTO A PERSONAS,HURTO. ART. 239 C.P.,RAPONAZO,Nivel 1,,CALI,Junín,09,-76.52645,3.43402,SIN INFORMACION,2023.0,noviembre ,26.0,1.0,00:30,3.0,DENUNCIA,Hurto,HURTO A PERSONAS,Hurtos_fiscalia.csv,,,,,,,,,,,,,,,,,,,,,,,,,Nivel 1,1,1,POINT (727788.3875014762 871834.9925767926)
HURTO A PERSONAS,HURTO. ART. 239 C.P.,RAPONAZO,Nivel 1,,CALI,Junín,09,-76.52645,3.43402,SIN INFORMACION,2023.0,abril     ,25.0,3.0,05:00,3.0,DENUNCIA,Hurto,HURTO A PERSONAS,Hurtos_fiscalia.csv,,,,,,,,,,,,,,,,,,,,,,,,,Nivel 1,1,1,POINT (727788.3875014762 871834.9925767926)
HURTO A PERSONAS,HURTO. ART. 239 C.P.,RAPONAZO,Nivel 1,,CALI,Junín,09,-76.52645,3.43402,SIN INFORMACION,2023.0,octubre   ,22.0,1.0,04:20,3.0,DENUNCIA,Hurto,HURTO A PERSONAS,Hurtos_fiscalia.csv,,,,,,,,,,,,,,,,,,,,,,,,,Nivel 1,1,1,POINT (727788.3875014762 871834.9925767926)
HURTO A PERSONAS,HURTO CALIFICADO. ART. 240 C.P.,RAPONAZO,Nivel 1,,CALI,Junín,09,-76.52645,3.43402,SIN INFORMACION,2023.0,octubre   ,13.0,6.0,23:20,3.0,DENUNCIA,Hurto,HURTO A PERSONAS,Hurtos_fiscalia.csv,,,,,,,,,,,,,,,,,,,,,,,,,Nivel 1,1,1,POINT (727788.3875014762 871834.9925767926)
HURTO A PERSONAS,HURTO. ART. 239 C.P.,RAPONAZO,Nivel 1,,CALI,Junín,09,-76.52645,3.43402,SIN INFORMACION,2023.0,octubre   ,25.0,4.0,11:40,3.0,DENUNCIA,Hurto,HURTO A PERSONAS,Hurtos_fiscalia.csv,,,,,,,,,,,,,,,,,,,,,,,,,Nivel 1,1,1,POINT (727788.3875014762 871834.9925767926)
HURTO A PERSONAS,HURTO. ART. 239 C.P.,RAPONAZO,Nivel 1,,CALI,Junín,09,-76.52645,3.43402,SIN INFORMACION,2023.0,diciembre ,2.0,7.0,17:45,3.0,DENUNCIA,Hurto,HURTO A PERSONAS,Hurtos_fiscalia.csv,,,,,,,,,,,,,,,,,,,,,,,,,Nivel 1,1,1,POINT (727788.3875014762 871834.9925767926)
HURTO A PERSONAS,HURTO. ART. 239 C.P.,RAPONAZO,Nivel 1,,CALI,Junín,09,-76.52645,3.43402,SIN INFORMACION,2023.0,noviembre ,11.0,7.0,01:25,3.0,DENUNCIA,Hurto,HURTO A PERSONAS,Hurtos_fiscalia.csv,,,,,,,,,,,,,,,,,,,,,,,,,Nivel 1,1,1,POINT (727788.3875014762 871834.9925767926)
HURTO A PERSONAS,HURTO CALIFICADO. ART. 240 C.P.,RAPONAZO,Nivel 1,,CALI,Junín,09,-76.52645,3.43402,SIN INFORMACION,2023.0,octubre   ,23.0,2.0,16:28,3.0,DENUNCIA,Hurto,HURTO A PERSONAS,Hurtos_fiscalia.csv,,,,,,,,,,,,,,,,,,,,,,,,,Nivel 1,1,1,POINT (727788.3875014762 871834.9925767926)
HURTO A PERSONAS,HURTO CALIFICADO. ART. 240 C.P.,RAPONAZO,Nivel 1,,CALI,Junín,09,-76.52645,3.43402,SIN INFORMACION,2023.0,junio     ,17.0,7.0,13:30,3.0,DENUNCIA,Hurto,HURTO A PERSONAS,Hurtos_fiscalia.csv,,,,,,,,,,,,,,,,,,,,,,,,,Nivel 1,1,1,POINT (727788.3875014762 871834.9925767926)
HURTO A PERSONAS,HURTO. ART. 239 C.P.,RAPONAZO,Nivel 1,,CALI,Junín,09,-76.52645,3.43402,SIN INFORMACION,2023.0,septiembre,9.0,7.0,21:30,3.0,DENUNCIA,Hurto,HURTO A PERSONAS,Hurtos_fiscalia.csv,,,,,,,,,,,,,,,,,,,,,,,,,Nivel 1,1,1,POINT (727788.3875014762 871834.9925767926)
HURTO A PERSONAS,HURTO CALIFICADO. ART. 240 C.P.,RAPONAZO,Nivel 1,,CALI,Junín,09,-76.52645,3.43402,SIN INFORMACION,2023.0,diciembre ,1.0,6.0,16:00,3.0,DENUNCIA,Hurto,HURTO A PERSONAS,Hurtos_fiscalia.csv,,,,,,,,,,,,,,,,,,,,,,,,,Nivel 1,1,1,POINT (727788.3875014762 871834.9925767926)
HURTO A PERSONAS,HURTO CALIFICADO. ART. 240 C.P.,RAPONAZO,Nivel 1,,CALI,Junín,09,-76.52645,3.43402,SIN INFORMACION,2023.0,septiembre,18.0,2.0,22:11,3.0,DENUNCIA,Hurto,HURTO A PERSONAS,Hurtos_fiscalia.csv,,,,,,,,,,,,,,,,,,,,,,,,,Nivel 1,1,1,POINT (727788.3875014762 871834.9925767926)
HURTO A PERSONAS,HURTO. ART. 239 C.P.,RAPONAZO,Nivel 1,,CALI,Junín,09,-76.527174,3.434133,SIN INFORMACION,2023.0,octubre   ,22.0,1.0,15:30,3.0,DENUNCIA,Hurto,HURTO A PERSONAS,Hurtos_fiscalia.csv,,,,,,,,,,,,,,,,,,,,,,,,,Nivel 1,1,1,POINT (727707.8944577213 871847.7056639142)
HURTO A PERSONAS,HURTO CALIFICADO. ART. 240 C.P.,RAPONAZO,Nivel 1,,CALI,Junín,09,-76.52645,3.43402,SIN INFORMACION,2023.0,agosto    ,9.0,4.0,04:00,3.0,DENUNCIA,Hurto,HURTO A PERSONAS,Hurtos_fiscalia.csv,,,,,,,,,,,,,,,,,,,,,,,,,Nivel 1,1,1,POINT (727788.3875014762 871834.9925767926)
HURTO A PERSONAS,HURTO. ART. 239 C.P.,RAPONAZO,Nivel 1,,CALI,Junín,09,-76.527491,3.434395,SIN INFORMACION,2023.0,noviembre ,4.0,7.0,18:10,3.0,DENUNCIA,Hurto,HURTO A PERSONAS,Hurtos_fiscalia.csv,,,,,,,,,,,,,,,,,,,,,,,,,Nivel 1,1,1,POINT (727672.7112381741 871876.7940202365)
HURTO A PERSONAS,HURTO CALIFICADO. ART. 240 C.P.,RAPONAZO,Nivel 1,,CALI,Junín,09,-76.52645,3.43402,SIN INFORMACION,2023.0,noviembre ,10.0,6.0,16:20,3.0,DENUNCIA,Hurto,HURTO A PERSONAS,Hurtos_fiscalia.csv,,,,,,,,,,,,,,,,,,,,,,,,,Nivel 1,1,1,POINT (727788.3875014762 871834.9925767926)
HURTO A PERSONAS,HURTO. ART. 239 C.P.,RAPONAZO,Nivel 1,,CALI,Junín,09,-76.52645,3.43402,SIN INFORMACION,2023.0,julio     ,2.0,1.0,16:30,3.0,DENUNCIA,Hurto,HURTO A PERSONAS,Hurtos_fiscalia.csv,,,,,,,,,,,,,,,,,,,,,,,,,Nivel 1,1,1,POINT (727788.3875014762 871834.9925767926)
HURTO A PERSONAS,HURTO CALIFICADO. ART. 240 C.P.,RAPONAZO,Nivel 1,,CALI,Junín,09,-76.52645,3.43402,SIN INFORMACION,2023.0,septiembre,18.0,2.0,15:00,3.0,DENUNCIA,Hurto,HURTO A PERSONAS,Hurtos_fiscalia.csv,,,,,,,,,,,,,,,,,,,,,,,,,Nivel 1,1,1,POINT (727788.3875014762 871834.9925767926)
HURTO A PERSONAS,HURTO CALIFICADO. ART. 240 C.P.,RAPONAZO,Nivel 1,,CALI,Junín,09,-76.52645,3.43402,SIN INFORMACION,2023.0,noviembre ,20.0,2.0,00:20,3.0,DENUNCIA,Hurto,HURTO A PERSONAS,Hurtos_fiscalia.csv,,,,,,,,,,,,,,,,,,,,,,,,,Nivel 1,1,1,POINT (727788.3875014762 871834.9925767926)
HURTO A PERSONAS,HURTO. ART. 239 C.P.,RAPONAZO,Nivel 1,,CALI,Junín,09,-76.52645,3.43402,SIN INFORMACION,2023.0,mayo      ,29.0,2.0,05:00,3.0,DENUNCIA,Hurto,HURTO A PERSONAS,Hurtos_fiscalia.csv,,,,,,,,,,,,,,,,,,,,,,,,,Nivel 1,1,1,POINT (727788.3875014762 871834.9925767926)
HURTO A PERSONAS,HURTO. ART. 239 C.P.,RAPONAZO,Nivel 1,,CALI,Junín,09,-76.52645,3.43402,SIN INFORMACION,2023.0,junio     ,30.0,6.0,16:00,3.0,DENUNCIA,Hurto,HURTO A PERSONAS,Hurtos_fiscalia.csv,,,,,,,,,,,,,,,,,,,,,,,,,Nivel 1,1,1,POINT (727788.3875014762 871834.9925767926)
HURTO A PERSONAS,HURTO. ART. 239 C.P.,RAPONAZO,Nivel 1,,CALI,Junín,09,-76.52645,3.43402,SIN INFORMACION,2024.0,enero     ,17.0,4.0,21:30,3.0,DENUNCIA,Hurto,HURTO A PERSONAS,Hurtos_fiscalia.csv,,,,,,,,,,,,,,,,,,,,,,,,,Nivel 1,1,1,POINT (727788.3875014762 871834.9925767926)
HURTO A PERSONAS,HURTO. ART. 239 C.P.,RAPONAZO,Nivel 1,,CALI,Junín,09,-76.52645,3.43402,SIN INFORMACION,2024.0,febrero   ,16.0,6.0,02:00,3.0,DENUNCIA,Hurto,HURTO A PERSONAS,Hurtos_fiscalia.csv,,,,,,,,,,,,,,,,,,,,,,,,,Nivel 1,1,1,POINT (727788.3875014762 871834.9925767926)
HURTO A PERSONAS,HURTO. ART. 239 C.P.,RAPONAZO,Nivel 1,,CALI,Junín,09,-76.527785,3.434708,SIN INFORMACION,2024.0,octubre   ,21.0,2.0,03:38,3.0,DENUNCIA,Hurto,HURTO A PERSONAS,Hurtos_fiscalia.csv,,,,,,,,,,,,,,,,,,,,,,,,,Nivel 1,1,1,POINT (727640.1006242044 871911.5204936335)
HURTO A PERSONAS,HURTO. ART. 239 C.P.,RAPONAZO,Nivel 1,,CALI,Junín,09,-76.528159,3.434094,VIA PUBLICA,2024.0,abril     ,25.0,5.0,00:30,3.0,DENUNCIA,Hurto,HURTO A PERSONAS,Hurtos_fiscalia.csv,,,,,,,,,,,,,,,,,,,,,,,,,Nivel 1,1,1,POINT (727598.3291672597 871843.6699712101)
HURTO A PERSONAS,HURTO CALIFICADO. ART. 240 C.P.,RAPONAZO,Nivel 1,,CALI,Junín,09,-76.52645,3.43402,SIN INFORMACION,2024.0,enero     ,29.0,2.0,19:20,3.0,DENUNCIA,Hurto,HURTO A PERSONAS,Hurtos_fiscalia.csv,,,,,,,,,,,,,,,,,,,,,,,,,Nivel 1,1,1,POINT (727788.3875014762 871834.9925767926)
HURTO A PERSONAS,HURTO. ART. 239 C.P.,RAPONAZO,Nivel 1,,CALI,Junín,09,-76.527514,3.434217,SIN INFORMACION,2024.0,enero     ,4.0,5.0,11:23,3.0,DENUNCIA,Hurto,HURTO A PERSONAS,Hurtos_fiscalia.csv,,,,,,,,,,,,,,,,,,,,,,,,,Nivel 1,1,1,POINT (727670.1026241588 871857.0996469884)
HURTO A PERSONAS,HURTO. ART. 239 C.P.,RAPONAZO,Nivel 1,,CALI,Junín,09,-76.52795,3.434404,VIA PUBLICA,2024.0,enero     ,21.0,1.0,19:00,3.0,DENUNCIA,Hurto,HURTO A PERSONAS,Hurtos_fiscalia.csv,,,,,,,,,,,,,,,,,,,,,,,,,Nivel 1,1,1,POINT (727621.6626474313 871877.9210002561)
HURTO A PERSONAS,HURTO. ART. 239 C.P.,RAPONAZO,Nivel 1,,CALI,Junín,09,-76.52645,3.43402,SIN INFORMACION,2024.0,febrero   ,5.0,2.0,21:30,3.0,DENUNCIA,Hurto,HURTO A PERSONAS,Hurtos_fiscalia.csv,,,,,,,,,,,,,,,,,,,,,,,,,Nivel 1,1,1,POINT (727788.3875014762 871834.9925767926)
HURTO A PERSONAS,HURTO CALIFICADO. ART. 240 C.P.,RAPONAZO,Nivel 1,,CALI,Junín,09,-76.52645,3.43402,SIN INFORMACION,2024.0,enero     ,24.0,4.0,21:00,3.0,DENUNCIA,Hurto,HURTO A PERSONAS,Hurtos_fiscalia.csv,,,,,,,,,,,,,,,,,,,,,,,,,Nivel 1,1,1,POINT (727788.3875014762 871834.9925767926)
HURTO A PERSONAS,HURTO CALIFICADO. ART. 240 C.P.,RAPONAZO,Nivel 1,,CALI,Junín,09,-76.52645,3.43402,SIN INFORMACION,2024.0,enero     ,26.0,6.0,00:40,3.0,DENUNCIA,Hurto,HURTO A PERSONAS,Hurtos_fiscalia.csv,,,,,,,,,,,,,,,,,,,,,,,,,Nivel 1,1,1,POINT (727788.3875014762 871834.9925767926)
HURTO A PERSONAS,HURTO CALIFICADO. ART. 240 C.P.,RAPONAZO,Nivel 1,,CALI,Junín,09,-76.52645,3.43402,SIN INFORMACION,2024.0,enero     ,23.0,3.0,20:00,3.0,DENUNCIA,Hurto,HURTO A PERSONAS,Hurtos_fiscalia.csv,,,,,,,,,,,,,,,,,,,,,,,,,Nivel 1,1,1,POINT (727788.3875014762 871834.9925767926)
HURTO A PERSONAS,HURTO CALIFICADO. ART. 240 C.P.,RAPONAZO,Nivel 1,,CALI,Junín,09,-76.52645,3.43402,SIN INFORMACION,2024.0,marzo     ,19.0,3.0,15:00,3.0,DENUNCIA,Hurto,HURTO A PERSONAS,Hurtos_fiscalia.csv,,,,,,,,,,,,,,,,,,,,,,,,,Nivel 1,1,1,POINT (727788.3875014762 871834.9925767926)
HURTO A PERSONAS,HURTO. ART. 239 C.P.,RAPONAZO,Nivel 1,,CALI,Junín,09,-76.527648,3.433245,VIA PUBLICA,2025.0,febrero   ,25.0,3.0,22:45,3.0,DENUNCIA,Hurto,HURTO A PERSONAS,Hurtos_fiscalia.csv,,,,,,,,,,,,,,,,,,,,,,,,,Nivel 1,1,1,POINT (727654.9230913315 871749.5574774913)
HURTO A PERSONAS,HURTO CALIFICADO. ART. 240 C.P.,RAPONAZO,Nivel 1,,CALI,Junín,09,-76.526421,3.433966,VIA PUBLICA,2024.0,febrero   ,17.0,7.0,23:00,3.0,DENUNCIA,Hurto,HURTO A PERSONAS,Hurtos_fiscalia.csv,,,,,,,,,,,,,,,,,,,,,,,,,Nivel 1,1,1,POINT (727791.5976424278 871829.0076320884)
HURTO DE AUTOPARTES,HURTO CALIFICADO. ART. 240 C.P.,RAPONAZO,Nivel 1,,CALI,Junín,09,-76.52645,3.43402,SIN INFORMACION,2023.0,agosto    ,19.0,7.0,11:40,3.0,DENUNCIA,Hurto,HURTO DE AUTOPARTES,Hurtos_fiscalia.csv,,,,,,,,,,,,,,,,,,,,,,,,,Nivel 1,1,1,POINT (727788.3875014762 871834.9925767926)
HURTO DE AUTOPARTES,HURTO CALIFICADO. ART. 240 C.P.,RAPONAZO,Nivel 1,,CALI,Junín,09,-76.52645,3.434016,VIA PUBLICA,2023.0,diciembre ,17.0,1.0,01:46,3.0,DENUNCIA,Hurto,HURTO DE AUTOPARTES,Hurtos_fiscalia.csv,,,,,,,,,,,,,,,,,,,,,,,,,Nivel 1,1,1,POINT (727788.3863673221 871834.5498596142)
HURTO DE AUTOPARTES,HURTO. ART. 239 C.P.,RAPONAZO,Nivel 1,,CALI,Junín,09,-76.52645,3.43402,SIN INFORMACION,2023.0,octubre   ,16.0,2.0,10:30,3.0,QUERELLA,Hurto,HURTO DE AUTOPARTES,Hurtos_fiscalia.csv,,,,,,,,,,,,,,,,,,,,,,,,,Nivel 1,1,1,POINT (727788.3875014762 871834.9925767926)
HURTO DE AUTOPARTES,HURTO CALIFICADO. ART. 240 C.P.,RAPONAZO,Nivel 1,,CALI,Junín,09,-76.527554,3.434281,SIN INFORMACION,2024.0,enero     ,10.0,4.0,09:06,3.0,DENUNCIA,Hurto,HURTO DE AUTOPARTES,Hurtos_fiscalia.csv,,,,,,,,,,,,,,,,,,,,,,,,,Nivel 1,1,1,POINT (727665.671878367 871864.1945306272)
HURTO DE AUTOPARTES,HURTO CALIFICADO. ART. 240 C.P.,RAPONAZO,Nivel 1,,CALI,Junín,09,-76.527505,3.434031,VIA PUBLICA,2024.0,febrero   ,29.0,5.0,12:09,3.0,DENUNCIA,Hurto,HURTO DE AUTOPARTES,Hurtos_fiscalia.csv,,,,,,,,,,,,,,,,,,,,,,,,,Nivel 1,1,1,POINT (727671.0508644372 871836.5107163148)
HURTO DE AUTOPARTES,HURTO CALIFICADO. ART. 240 C.P.,RAPONAZO,Nivel 1,,CALI,Junín,09,-76.52801,3.434169,SIN INFORMACION,2024.0,enero     ,27.0,7.0,07:10,3.0,DENUNCIA,Hurto,HURTO DE AUTOPARTES,Hurtos_fiscalia.csv,,,,,,,,,,,,,,,,,,,,,,,,,Nivel 1,1,1,POINT (727614.9226146527 871851.9284440511)
HURTO A ESTABLECIMIENTOS,HURTO. ART. 239 C.P.,MECHERO/HORMIGUEO,Nivel 1,,CALI,Junín,09,-76.52645,3.43402,SIN INFORMACION,2024.0,febrero   ,29.0,5.0,10:23,3.0,DENUNCIA,Hurto,HURTO A ESTABLECIMIENTOS,Hurtos_fiscalia.csv,,,,,,,,,,,,,,,,,,,,,,,,,Nivel 1,1,1,POINT (727788.3875014762 871834.9925767926)
HURTO A ESTABLECIMIENTOS,HURTO CALIFICADO. ART. 240 C.P.,LLAVE MAESTRA,Nivel 1,,CALI,Junín,09,-76.527982,3.433177,DOMICILIO,2023.0,julio     ,31.0,2.0,12:30,3.0,ACTOS URGENTES,Hurto,HURTO A ESTABLECIMIENTOS,Hurtos_fiscalia.csv,,,,,,,,,,,,,,,,,,,,,,,,,Nivel 1,1,1,POINT (727617.7554285896 871742.1264754683)
HURTO A RESIDENCIA,HURTO CALIFICADO. ART. 240 C.P.,LLAVE MAESTRA,Nivel 1,,CALI,Junín,09,-76.527982,3.433177,SIN INFORMACION,2023.0,julio     ,31.0,2.0,12:30,3.0,DENUNCIA,Hurto,HURTO A RESIDENCIA,Hurtos_fiscalia.csv,,,,,,,,,,,,,,,,,,,,,,,,,Nivel 1,1,1,POINT (727617.7554285896 871742.1264754683)
HURTO DE BICICLETAS,HURTO CALIFICADO. ART. 240 C.P.,HALADO,Nivel 1,,CALI,Junín,09,-76.52645,3.43402,SIN INFORMACION,2023.0,junio     ,1.0,5.0,08:00,3.0,DENUNCIA,Hurto,HURTO DE BICICLETAS,Hurtos_fiscalia.csv,,,,,,,,,,,,,,,,,,,,,,,,,Nivel 1,1,1,POINT (727788.3875014762 871834.9925767926)
HURTO DE MOTOCICLETAS,HURTO CALIFICADO. ART. 240 C.P.,HALADO,Nivel 1,,CALI,Junín,09,-76.52645,3.43402,SIN INFORMACION,2023.0,julio     ,6.0,5.0,00:30,3.0,DENUNCIA,Hurto,HURTO DE MOTOCICLETAS,Hurtos_fiscalia.csv,,,,,,,,,,,,,,,,,,,,,,,,,Nivel 1,1,1,POINT (727788.3875014762 871834.9925767926)
HURTO DE MOTOCICLETAS,HURTO CALIFICADO. ART. 240 C.P.,HALADO,Nivel 1,,CALI,Junín,09,-76.52645,3.43402,SIN INFORMACION,2023.0,noviembre ,6.0,2.0,07:45,3.0,DENUNCIA,Hurto,HURTO DE MOTOCICLETAS,Hurtos_fiscalia.csv,,,,,,,,,,,,,,,,,,,,,,,,,Nivel 1,1,1,POINT (727788.3875014762 871834.9925767926)
HURTO DE MOTOCICLETAS,HURTO CALIFICADO. ART. 240 C.P.,HALADO,Nivel 1,,CALI,Junín,09,-76.52645,3.43402,SIN INFORMACION,2023.0,noviembre ,14.0,3.0,01:30,3.0,DENUNCIA,Hurto,HURTO DE MOTOCICLETAS,Hurtos_fiscalia.csv,,,,,,,,,,,,,,,,,,,,,,,,,Nivel 1,1,1,POINT (727788.3875014762 871834.9925767926)
HURTO DE MOTOCICLETAS,HURTO CALIFICADO. ART. 240 C.P.,HALADO,Nivel 1,,CALI,Junín,09,-76.52645,3.43402,SIN INFORMACION,2023.0,junio     ,21.0,4.0,18:00,3.0,DENUNCIA,Hurto,HURTO DE MOTOCICLETAS,Hurtos_fiscalia.csv,,,,,,,,,,,,,,,,,,,,,,,,,Nivel 1,1,1,POINT (727788.3875014762 871834.9925767926)
HURTO DE MOTOCICLETAS,HURTO CALIFICADO. ART. 240 C.P.,HALADO,Nivel 1,,CALI,Junín,09,-76.52645,3.43402,SIN INFORMACION,2023.0,septiembre,11.0,2.0,23:20,3.0,DENUNCIA,Hurto,HURTO DE MOTOCICLETAS,Hurtos_fiscalia.csv,,,,,,,,,,,,,,,,,,,,,,,,,Nivel 1,1,1,POINT (727788.3875014762 871834.9925767926)
HURTO DE MOTOCICLETAS,HURTO CALIFICADO. ART. 240 C.P.,HALADO,Nivel 1,,CALI,Junín,09,-76.526384,3.434024,VIA PUBLICA,2023.0,abril     ,14.0,6.0,01:20,3.0,DENUNCIA,Hurto,HURTO DE MOTOCICLETAS,Hurtos_fiscalia.csv,,,,,,,,,,,,,,,,,,,,,,,,,Nivel 1,1,1,POINT (727795.7293187699 871835.4164888094)
HURTO DE MOTOCICLETAS,HURTO CALIFICADO. ART. 240 C.P.,HALADO,Nivel 1,,CALI,Junín,09,-76.52645,3.43402,SIN INFORMACION,2023.0,julio     ,2.0,1.0,21:30,3.0,DENUNCIA,Hurto,HURTO DE MOTOCICLETAS,Hurtos_fiscalia.csv,,,,,,,,,,,,,,,,,,,,,,,,,Nivel 1,1,1,POINT (727788.3875014762 871834.9925767926)
HURTO DE MOTOCICLETAS,HURTO CALIFICADO. ART. 240 C.P.,HALADO,Nivel 1,,CALI,Junín,09,-76.526461,3.434025,VIA PUBLICA,2023.0,abril     ,13.0,5.0,10:30,3.0,DENUNCIA,Hurto,HURTO DE MOTOCICLETAS,Hurtos_fiscalia.csv,,,,,,,,,,,,,,,,,,,,,,,,,Nivel 1,1,1,POINT (727787.1654719464 871835.5491075097)
HURTO DE MOTOCICLETAS,HURTO CALIFICADO. ART. 240 C.P.,HALADO,Nivel 1,,CALI,Junín,09,-76.52645,3.43402,SIN INFORMACION,2023.0,junio     ,23.0,6.0,10:00,3.0,DENUNCIA,Hurto,HURTO DE MOTOCICLETAS,Hurtos_fiscalia.csv,,,,,,,,,,,,,,,,,,,,,,,,,Nivel 1,1,1,POINT (727788.3875014762 871834.9925767926)
HURTO DE MOTOCICLETAS,HURTO CALIFICADO. ART. 240 C.P.,HALADO,Nivel 1,,CALI,Junín,09,-76.52645,3.43402,SIN INFORMACION,2023.0,octubre   ,28.0,7.0,11:15,3.0,DENUNCIA,Hurto,HURTO DE MOTOCICLETAS,Hurtos_fiscalia.csv,,,,,,,,,,,,,,,,,,,,,,,,,Nivel 1,1,1,POINT (727788.3875014762 871834.9925767926)
HURTO DE MOTOCICLETAS,HURTO CALIFICADO. ART. 240 C.P.,HALADO,Nivel 1,,CALI,Junín,09,-76.52645,3.43402,SIN INFORMACION,2023.0,agosto    ,28.0,2.0,00:09,3.0,DENUNCIA,Hurto,HURTO DE MOTOCICLETAS,Hurtos_fiscalia.csv,,,,,,,,,,,,,,,,,,,,,,,,,Nivel 1,1,1,POINT (727788.3875014762 871834.9925767926)
HURTO DE MOTOCICLETAS,HURTO CALIFICADO. ART. 240 C.P.,HALADO,Nivel 1,,CALI,Junín,09,-76.52645,3.43402,SIN INFORMACION,2023.0,septiembre,26.0,3.0,21:40,3.0,DENUNCIA,Hurto,HURTO DE MOTOCICLETAS,Hurtos_fiscalia.csv,,,,,,,,,,,,,,,,,,,,,,,,,Nivel 1,1,1,POINT (727788.3875014762 871834.9925767926)
HURTO DE MOTOCICLETAS,HURTO CALIFICADO. ART. 240 C.P.,HALADO,Nivel 1,,CALI,Junín,09,-76.52645,3.43402,SIN INFORMACION,2023.0,septiembre,2.0,7.0,13:00,3.0,DENUNCIA,Hurto,HURTO DE MOTOCICLETAS,Hurtos_fiscalia.csv,,,,,,,,,,,,,,,,,,,,,,,,,Nivel 1,1,1,POINT (727788.3875014762 871834.9925767926)
HURTO DE MOTOCICLETAS,HURTO CALIFICADO. ART. 240 C.P.,HALADO,Nivel 1,,CALI,Junín,09,-76.52645,3.43402,SIN INFORMACION,2023.0,agosto    ,8.0,3.0,05:30,3.0,DENUNCIA,Hurto,HURTO DE MOTOCICLETAS,Hurtos_fiscalia.csv,,,,,,,,,,,,,,,,,,,,,,,,,Nivel 1,1,1,POINT (727788.3875014762 871834.9925767926)
HURTO DE MOTOCICLETAS,HURTO CALIFICADO. ART. 240 C.P.,HALADO,Nivel 1,,CALI,Junín,09,-76.52645,3.43402,SIN INFORMACION,2023.0,julio     ,31.0,2.0,14:00,3.0,DENUNCIA,Hurto,HURTO DE MOTOCICLETAS,Hurtos_fiscalia.csv,,,,,,,,,,,,,,,,,,,,,,,,,Nivel 1,1,1,POINT (727788.3875014762 871834.9925767926)
HURTO DE MOTOCICLETAS,HURTO CALIFICADO. ART. 240 C.P.,HALADO,Nivel 1,,CALI,Junín,09,-76.52645,3.43402,SIN INFORMACION,2023.0,junio     ,30.0,6.0,18:00,3.0,DENUNCIA,Hurto,HURTO DE MOTOCICLETAS,Hurtos_fiscalia.csv,,,,,,,,,,,,,,,,,,,,,,,,,Nivel 1,1,1,POINT (727788.3875014762 871834.9925767926)
HURTO DE MOTOCICLETAS,HURTO CALIFICADO. ART. 240 C.P.,HALADO,Nivel 1,,CALI,Junín,09,-76.52678,3.434453,DOMICILIO,2023.0,noviembre ,26.0,1.0,00:00,3.0,DENUNCIA,Hurto,HURTO DE MOTOCICLETAS,Hurtos_fiscalia.csv,,,,,,,,,,,,,,,,,,,,,,,,,Nivel 1,1,1,POINT (727751.8068767858 871883.0107566635)
HURTO DE MOTOCICLETAS,HURTO CALIFICADO. ART. 240 C.P.,HALADO,Nivel 1,,CALI,Junín,09,-76.52645,3.43402,SIN INFORMACION,2023.0,septiembre,19.0,3.0,06:00,3.0,DENUNCIA,Hurto,HURTO DE MOTOCICLETAS,Hurtos_fiscalia.csv,,,,,,,,,,,,,,,,,,,,,,,,,Nivel 1,1,1,POINT (727788.3875014762 871834.9925767926)
HURTO DE MOTOCICLETAS,HURTO CALIFICADO. ART. 240 C.P.,HALADO,Nivel 1,,CALI,Junín,09,-76.52645,3.43402,SIN INFORMACION,2023.0,septiembre,23.0,7.0,03:22,3.0,DENUNCIA,Hurto,HURTO DE MOTOCICLETAS,Hurtos_fiscalia.csv,,,,,,,,,,,,,,,,,,,,,,,,,Nivel 1,1,1,POINT (727788.3875014762 871834.9925767926)
HURTO DE MOTOCICLETAS,HURTO CALIFICADO. ART. 240 C.P.,HALADO,Nivel 1,,CALI,Junín,09,-76.52645,3.43402,SIN INFORMACION,2023.0,agosto    ,25.0,6.0,17:40,3.0,DENUNCIA,Hurto,HURTO DE MOTOCICLETAS,Hurtos_fiscalia.csv,,,,,,,,,,,,,,,,,,,,,,,,,Nivel 1,1,1,POINT (727788.3875014762 871834.9925767926)
HURTO DE MOTOCICLETAS,HURTO CALIFICADO. ART. 240 C.P.,HALADO,Nivel 1,,CALI,Junín,09,-76.52645,3.43402,SIN INFORMACION,2023.0,octubre   ,15.0,1.0,07:00,3.0,DENUNCIA,Hurto,HURTO DE MOTOCICLETAS,Hurtos_fiscalia.csv,,,,,,,,,,,,,,,,,,,,,,,,,Nivel 1,1,1,POINT (727788.3875014762 871834.9925767926)
HURTO DE MOTOCICLETAS,HURTO CALIFICADO. ART. 240 C.P.,HALADO,Nivel 1,,CALI,Junín,09,-76.52645,3.43402,SIN INFORMACION,2023.0,septiembre,13.0,4.0,19:50,3.0,DENUNCIA,Hurto,HURTO DE MOTOCICLETAS,Hurtos_fiscalia.csv,,,,,,,,,,,,,,,,,,,,,,,,,Nivel 1,1,1,POINT (727788.3875014762 871834.9925767926)
HURTO DE MOTOCICLETAS,HURTO CALIFICADO. ART. 240 C.P.,HALADO,Nivel 1,,CALI,Junín,09,-76.52645,3.43402,SIN INFORMACION,2023.0,septiembre,30.0,7.0,10:00,3.0,DENUNCIA,Hurto,HURTO DE MOTOCICLETAS,Hurtos_fiscalia.csv,,,,,,,,,,,,,,,,,,,,,,,,,Nivel 1,1,1,POINT (727788.3875014762 871834.9925767926)
HURTO DE MOTOCICLETAS,HURTO CALIFICADO. ART. 240 C.P.,HALADO,Nivel 1,,CALI,Junín,09,-76.52645,3.43402,SIN INFORMACION,2023.0,octubre   ,18.0,4.0,01:00,3.0,DENUNCIA,Hurto,HURTO DE MOTOCICLETAS,Hurtos_fiscalia.csv,,,,,,,,,,,,,,,,,,,,,,,,,Nivel 1,1,1,POINT (727788.3875014762 871834.9925767926)
HURTO DE MOTOCICLETAS,HURTO CALIFICADO. ART. 240 C.P.,HALADO,Nivel 1,,CALI,Junín,09,-76.52645,3.43402,SIN INFORMACION,2023.0,abril     ,3.0,2.0,13:00,3.0,DENUNCIA,Hurto,HURTO DE MOTOCICLETAS,Hurtos_fiscalia.csv,,,,,,,,,,,,,,,,,,,,,,,,,Nivel 1,1,1,POINT (727788.3875014762 871834.9925767926)
HURTO DE MOTOCICLETAS,HURTO. ART. 239 C.P.,HALADO,Nivel 1,,CALI,Junín,09,-76.52645,3.43402,SIN INFORMACION,2023.0,octubre   ,6.0,6.0,05:00,3.0,QUERELLA,Hurto,HURTO DE MOTOCICLETAS,Hurtos_fiscalia.csv,,,,,,,,,,,,,,,,,,,,,,,,,Nivel 1,1,1,POINT (727788.3875014762 871834.9925767926)
HURTO DE MOTOCICLETAS,HURTO CALIFICADO. ART. 240 C.P.,HALADO,Nivel 1,,CALI,Junín,09,-76.527092,3.434029,SIN INFORMACION,2023.0,marzo     ,10.0,6.0,14:15,3.0,DENUNCIA,Hurto,HURTO DE MOTOCICLETAS,Hurtos_fiscalia.csv,,,,,,,,,,,,,,,,,,,,,,,,,Nivel 1,1,1,POINT (727716.9852079429 871836.171640169)
HURTO DE MOTOCICLETAS,HURTO CALIFICADO. ART. 240 C.P.,HALADO,Nivel 1,,CALI,Junín,09,-76.52645,3.43402,SIN INFORMACION,2023.0,noviembre ,1.0,4.0,09:00,3.0,DENUNCIA,Hurto,HURTO DE MOTOCICLETAS,Hurtos_fiscalia.csv,,,,,,,,,,,,,,,,,,,,,,,,,Nivel 1,1,1,POINT (727788.3875014762 871834.9925767926)
HURTO DE MOTOCICLETAS,HURTO CALIFICADO. ART. 240 C.P.,HALADO,Nivel 1,,CALI,Junín,09,-76.52645,3.43402,SIN INFORMACION,2023.0,noviembre ,15.0,4.0,01:10,3.0,DENUNCIA,Hurto,HURTO DE MOTOCICLETAS,Hurtos_fiscalia.csv,,,,,,,,,,,,,,,,,,,,,,,,,Nivel 1,1,1,POINT (727788.3875014762 871834.9925767926)
HURTO DE MOTOCICLETAS,HURTO CALIFICADO. ART. 240 C.P.,HALADO,Nivel 1,,CALI,Junín,09,-76.52645,3.43402,SIN INFORMACION,2023.0,octubre   ,7.0,7.0,20:22,3.0,DENUNCIA,Hurto,HURTO DE MOTOCICLETAS,Hurtos_fiscalia.csv,,,,,,,,,,,,,,,,,,,,,,,,,Nivel 1,1,1,POINT (727788.3875014762 871834.9925767926)
HURTO DE MOTOCICLETAS,HURTO CALIFICADO. ART. 240 C.P.,HALADO,Nivel 1,,CALI,Junín,09,-76.526493,3.434027,VIA PUBLICA,2023.0,marzo     ,30.0,5.0,22:00,3.0,DENUNCIA,Hurto,HURTO DE MOTOCICLETAS,Hurtos_fiscalia.csv,,,,,,,,,,,,,,,,,,,,,,,,,Nivel 1,1,1,POINT (727783.6069197815 871835.7795839868)
HURTO DE MOTOCICLETAS,HURTO CALIFICADO. ART. 240 C.P.,HALADO,Nivel 1,,CALI,Junín,09,-76.52645,3.43402,SIN INFORMACION,2023.0,noviembre ,15.0,4.0,16:00,3.0,DENUNCIA,Hurto,HURTO DE MOTOCICLETAS,Hurtos_fiscalia.csv,,,,,,,,,,,,,,,,,,,,,,,,,Nivel 1,1,1,POINT (727788.3875014762 871834.9925767926)
HURTO DE MOTOCICLETAS,HURTO CALIFICADO. ART. 240 C.P.,HALADO,Nivel 1,,CALI,Junín,09,-76.52749,3.4345,SIN INFORMACION,2023.0,octubre   ,21.0,7.0,18:00,3.0,DENUNCIA,Hurto,HURTO DE MOTOCICLETAS,Hurtos_fiscalia.csv,,,,,,,,,,,,,,,,,,,,,,,,,Nivel 1,1,1,POINT (727672.8522486406 871888.4150701927)
HURTO DE MOTOCICLETAS,HURTO CALIFICADO. ART. 240 C.P.,HALADO,Nivel 1,,CALI,Junín,09,-76.526458,3.43402,VIA PUBLICA,2023.0,marzo     ,3.0,6.0,10:30,3.0,DENUNCIA,Hurto,HURTO DE MOTOCICLETAS,Hurtos_fiscalia.csv,,,,,,,,,,,,,,,,,,,,,,,,,Nivel 1,1,1,POINT (727787.4977216714 871834.9948562379)
HURTO DE MOTOCICLETAS,HURTO CALIFICADO. ART. 240 C.P.,HALADO,Nivel 1,,CALI,Junín,09,-76.52645,3.43402,SIN INFORMACION,2023.0,octubre   ,1.0,1.0,10:30,3.0,DENUNCIA,Hurto,HURTO DE MOTOCICLETAS,Hurtos_fiscalia.csv,,,,,,,,,,,,,,,,,,,,,,,,,Nivel 1,1,1,POINT (727788.3875014762 871834.9925767926)
HURTO DE MOTOCICLETAS,HURTO CALIFICADO. ART. 240 C.P.,HALADO,Nivel 1,,CALI,Junín,09,-76.52645,3.43402,SIN INFORMACION,2023.0,julio     ,11.0,3.0,15:00,3.0,DENUNCIA,Hurto,HURTO DE MOTOCICLETAS,Hurtos_fiscalia.csv,,,,,,,,,,,,,,,,,,,,,,,,,Nivel 1,1,1,POINT (727788.3875014762 871834.9925767926)
HURTO DE MOTOCICLETAS,HURTO CALIFICADO. ART. 240 C.P.,HALADO,Nivel 1,,CALI,Junín,09,-76.52645,3.43402,SIN INFORMACION,2023.0,junio     ,23.0,6.0,22:35,3.0,DENUNCIA,Hurto,HURTO DE MOTOCICLETAS,Hurtos_fiscalia.csv,,,,,,,,,,,,,,,,,,,,,,,,,Nivel 1,1,1,POINT (727788.3875014762 871834.9925767926)
HURTO DE MOTOCICLETAS,HURTO CALIFICADO. ART. 240 C.P.,HALADO,Nivel 1,,CALI,Junín,09,-76.52645,3.43402,SIN INFORMACION,2023.0,noviembre ,27.0,2.0,02:13,3.0,DENUNCIA,Hurto,HURTO DE MOTOCICLETAS,Hurtos_fiscalia.csv,,,,,,,,,,,,,,,,,,,,,,,,,Nivel 1,1,1,POINT (727788.3875014762 871834.9925767926)
HURTO DE MOTOCICLETAS,HURTO CALIFICADO. ART. 240 C.P.,HALADO,Nivel 1,,CALI,Junín,09,-76.52802,3.43473,VIA PUBLICA,2023.0,agosto    ,17.0,5.0,13:30,3.0,DENUNCIA,Hurto,HURTO DE MOTOCICLETAS,Hurtos_fiscalia.csv,,,,,,,,,,,,,,,,,,,,,,,,,Nivel 1,1,1,POINT (727613.9695761559 871914.022452792)
HURTO DE MOTOCICLETAS,HURTO CALIFICADO. ART. 240 C.P.,HALADO,Nivel 1,,CALI,Junín,09,-76.52645,3.43402,SIN INFORMACION,2023.0,octubre   ,26.0,5.0,22:30,3.0,DENUNCIA,Hurto,HURTO DE MOTOCICLETAS,Hurtos_fiscalia.csv,,,,,,,,,,,,,,,,,,,,,,,,,Nivel 1,1,1,POINT (727788.3875014762 871834.9925767926)
HURTO DE MOTOCICLETAS,HURTO CALIFICADO. ART. 240 C.P.,HALADO,Nivel 1,,CALI,Junín,09,-76.527505,3.434254,SIN INFORMACION,2024.0,febrero   ,16.0,6.0,02:40,3.0,DENUNCIA,Hurto,HURTO DE MOTOCICLETAS,Hurtos_fiscalia.csv,,,,,,,,,,,,,,,,,,,,,,,,,Nivel 1,1,1,POINT (727671.1141231419 871861.1922184972)
HURTO DE MOTOCICLETAS,HURTO CALIFICADO. ART. 240 C.P.,HALADO,Nivel 1,,CALI,Junín,09,-76.52645,3.43402,SIN INFORMACION,2024.0,enero     ,14.0,1.0,01:02,3.0,DENUNCIA,Hurto,HURTO DE MOTOCICLETAS,Hurtos_fiscalia.csv,,,,,,,,,,,,,,,,,,,,,,,,,Nivel 1,1,1,POINT (727788.3875014762 871834.9925767926)
HURTO DE MOTOCICLETAS,HURTO CALIFICADO. ART. 240 C.P.,HALADO,Nivel 1,,CALI,Junín,09,-76.527346,3.433997,SIN INFORMACION,2024.0,noviembre ,1.0,6.0,10:30,3.0,COMPULSACION DE COPIAS,Hurto,HURTO DE MOTOCICLETAS,Hurtos_fiscalia.csv,,,,,,,,,,,,,,,,,,,,,,,,,Nivel 1,1,1,POINT (727688.725606797 871832.7022956323)
HURTO DE MOTOCICLETAS,HURTO CALIFICADO. ART. 240 C.P.,HALADO,Nivel 1,,CALI,Junín,09,-76.52802,3.43447,SIN INFORMACION,2024.0,enero     ,27.0,7.0,21:30,3.0,DENUNCIA,Hurto,HURTO DE MOTOCICLETAS,Hurtos_fiscalia.csv,,,,,,,,,,,,,,,,,,,,,,,,,Nivel 1,1,1,POINT (727613.8957962445 871885.2458021882)
HURTO DE MOTOCICLETAS,HURTO CALIFICADO. ART. 240 C.P.,HALADO,Nivel 1,,CALI,Junín,09,-76.52645,3.43402,SIN INFORMACION,2024.0,marzo     ,4.0,2.0,20:00,3.0,DENUNCIA,Hurto,HURTO DE MOTOCICLETAS,Hurtos_fiscalia.csv,,,,,,,,,,,,,,,,,,,,,,,,,Nivel 1,1,1,POINT (727788.3875014762 871834.9925767926)
HURTO DE MOTOCICLETAS,HURTO CALIFICADO. ART. 240 C.P.,HALADO,Nivel 1,,CALI,Junín,09,-76.527056,3.434373,VIA PUBLICA,2024.0,septiembre,6.0,6.0,23:00,3.0,DENUNCIA,Hurto,HURTO DE MOTOCICLETAS,Hurtos_fiscalia.csv,,,,,,,,,,,,,,,,,,,,,,,,,Nivel 1,1,1,POINT (727721.0867855262 871874.2350747148)
HURTO DE MOTOCICLETAS,HURTO CALIFICADO. ART. 240 C.P.,HALADO,Nivel 1,,CALI,Junín,09,-76.52645,3.43402,SIN INFORMACION,2024.0,febrero   ,16.0,6.0,04:30,3.0,DENUNCIA,Hurto,HURTO DE MOTOCICLETAS,Hurtos_fiscalia.csv,,,,,,,,,,,,,,,,,,,,,,,,,Nivel 1,1,1,POINT (727788.3875014762 871834.9925767926)
HURTO DE MOTOCICLETAS,HURTO CALIFICADO. ART. 240 C.P.,HALADO,Nivel 1,,CALI,Junín,09,-76.526907,3.434997,VIA PUBLICA,2024.0,agosto    ,15.0,5.0,01:02,3.0,DENUNCIA,Hurto,HURTO DE MOTOCICLETAS,Hurtos_fiscalia.csv,,,,,,,,,,,,,,,,,,,,,,,,,Nivel 1,1,1,POINT (727737.8359302569 871943.2565107028)
HURTO DE MOTOCICLETAS,HURTO CALIFICADO. ART. 240 C.P.,HALADO,Nivel 1,,CALI,Junín,09,-76.527524,3.434246,SIN INFORMACION,2025.0,abril     ,1.0,3.0,02:00,3.0,DENUNCIA,Hurto,HURTO DE MOTOCICLETAS,Hurtos_fiscalia.csv,,,,,,,,,,,,,,,,,,,,,,,,,Nivel 1,1,1,POINT (727668.9986254955 871860.3121998289)
HURTO DE MOTOCICLETAS,HURTO CALIFICADO. ART. 240 C.P.,HALADO,Nivel 1,,CALI,Junín,09,-76.527168,3.433544,VIA PUBLICA,2025.0,agosto    ,23.0,7.0,12:00,3.0,DENUNCIA,Hurto,HURTO DE MOTOCICLETAS,Hurtos_fiscalia.csv,,,,,,,,,,,,,,,,,,,,,,,,,Nivel 1,1,1,POINT (727708.3947482676 871782.5138145194)
HURTO DE MOTOCICLETAS,HURTO CALIFICADO. ART. 240 C.P.,HALADO,Nivel 1,,CALI,Junín,09,-76.52645,3.43402,SIN INFORMACION,2024.0,enero     ,12.0,6.0,16:50,3.0,DENUNCIA,Hurto,HURTO DE MOTOCICLETAS,Hurtos_fiscalia.csv,,,,,,,,,,,,,,,,,,,,,,,,,Nivel 1,1,1,POINT (727788.3875014762 871834.9925767926)
HURTO DE VEHICULOS,HURTO CALIFICADO. ART. 240 C.P.,HALADO,Nivel 1,,CALI,Junín,09,-76.52645,3.43402,SIN INFORMACION,2023.0,noviembre ,16.0,5.0,03:00,3.0,DENUNCIA,Hurto,HURTO DE VEHICULOS,Hurtos_fiscalia.csv,,,,,,,,,,,,,,,,,,,,,,,,,Nivel 1,1,1,POINT (727788.3875014762 871834.9925767926)
HURTO DE VEHICULOS,HURTO CALIFICADO. ART. 240 C.P.,HALADO,Nivel 1,,CALI,Junín,09,-76.527297,3.433996,VIA PUBLICA,2023.0,diciembre ,15.0,6.0,03:00,3.0,DENUNCIA,Hurto,HURTO DE VEHICULOS,Hurtos_fiscalia.csv,,,,,,,,,,,,,,,,,,,,,,,,,Nivel 1,1,1,POINT (727694.175228111 871832.5776497967)
HURTO DE VEHICULOS,HURTO CALIFICADO. ART. 240 C.P.,HALADO,Nivel 1,,CALI,Junín,09,-76.52645,3.43402,SIN INFORMACION,2023.0,diciembre ,1.0,6.0,00:00,3.0,DENUNCIA,Hurto,HURTO DE VEHICULOS,Hurtos_fiscalia.csv,,,,,,,,,,,,,,,,,,,,,,,,,Nivel 1,1,1,POINT (727788.3875014762 871834.9925767926)
HURTO DE VEHICULOS,HURTO CALIFICADO. ART. 240 C.P.,HALADO,Nivel 1,,CALI,Junín,09,-76.526943,3.434448,VIA PUBLICA,2023.0,marzo     ,26.0,1.0,00:00,3.0,DENUNCIA,Hurto,HURTO DE VEHICULOS,Hurtos_fiscalia.csv,,,,,,,,,,,,,,,,,,,,,,,,,Nivel 1,1,1,POINT (727733.6761978329 871882.5038172646)
HURTO DE VEHICULOS,HURTO CALIFICADO. ART. 240 C.P.,HALADO,Nivel 1,,CALI,Junín,09,-76.52645,3.43402,VIA PUBLICA,2023.0,agosto    ,1.0,3.0,02:30,3.0,DENUNCIA,Hurto,HURTO DE VEHICULOS,Hurtos_fiscalia.csv,,,,,,,,,,,,,,,,,,,,,,,,,Nivel 1,1,1,POINT (727788.3875014762 871834.9925767926)
HURTO DE VEHICULOS,HURTO CALIFICADO. ART. 240 C.P.,HALADO,Nivel 1,,CALI,Junín,09,-76.52645,3.43402,SIN INFORMACION,2023.0,septiembre,23.0,7.0,18:00,3.0,DENUNCIA,Hurto,HURTO DE VEHICULOS,Hurtos_fiscalia.csv,,,,,,,,,,,,,,,,,,,,,,,,,Nivel 1,1,1,POINT (727788.3875014762 871834.9925767926)
HURTO DE VEHICULOS,HURTO CALIFICADO. ART. 240 C.P.,HALADO,Nivel 1,,CALI,Junín,09,-76.52645,3.43402,SIN INFORMACION,2023.0,octubre   ,2.0,2.0,01:30,3.0,DENUNCIA,Hurto,HURTO DE VEHICULOS,Hurtos_fiscalia.csv,,,,,,,,,,,,,,,,,,,,,,,,,Nivel 1,1,1,POINT (727788.3875014762 871834.9925767926)
HURTO DE VEHICULOS,HURTO CALIFICADO. ART. 240 C.P.,HALADO,Nivel 1,,CALI,Junín,09,-76.52645,3.43402,SIN INFORMACION,2023.0,septiembre,7.0,5.0,21:00,3.0,DENUNCIA,Hurto,HURTO DE VEHICULOS,Hurtos_fiscalia.csv,,,,,,,,,,,,,,,,,,,,,,,,,Nivel 1,1,1,POINT (727788.3875014762 871834.9925767926)
HURTO DE VEHICULOS,HURTO CALIFICADO. ART. 240 C.P.,HALADO,Nivel 1,,CALI,Junín,09,-76.526453,3.434025,VIA PUBLICA,2023.0,junio     ,13.0,3.0,07:00,3.0,DENUNCIA,Hurto,HURTO DE VEHICULOS,Hurtos_fiscalia.csv,,,,,,,,,,,,,,,,,,,,,,,,,Nivel 1,1,1,POINT (727788.0552517457 871835.5468280581)
HURTO DE VEHICULOS,HURTO CALIFICADO. ART. 240 C.P.,HALADO,Nivel 1,,CALI,Junín,09,-76.52645,3.43402,SIN INFORMACION,2023.0,mayo      ,28.0,1.0,09:30,3.0,DENUNCIA,Hurto,HURTO DE VEHICULOS,Hurtos_fiscalia.csv,,,,,,,,,,,,,,,,,,,,,,,,,Nivel 1,1,1,POINT (727788.3875014762 871834.9925767926)
HURTO DE VEHICULOS,HURTO CALIFICADO. ART. 240 C.P.,HALADO,Nivel 1,,CALI,Junín,09,-76.52645,3.43402,SIN INFORMACION,2023.0,septiembre,20.0,4.0,23:14,3.0,DENUNCIA,Hurto,HURTO DE VEHICULOS,Hurtos_fiscalia.csv,,,,,,,,,,,,,,,,,,,,,,,,,Nivel 1,1,1,POINT (727788.3875014762 871834.9925767926)
HURTO DE VEHICULOS,HURTO CALIFICADO. ART. 240 C.P.,HALADO,Nivel 1,,CALI,Junín,09,-76.52645,3.43402,SIN INFORMACION,2023.0,noviembre ,13.0,2.0,00:55,3.0,DENUNCIA,Hurto,HURTO DE VEHICULOS,Hurtos_fiscalia.csv,,,,,,,,,,,,,,,,,,,,,,,,,Nivel 1,1,1,POINT (727788.3875014762 871834.9925767926)
HURTO DE VEHICULOS,HURTO CALIFICADO. ART. 240 C.P.,HALADO,Nivel 1,,CALI,Junín,09,-76.52645,3.43402,SIN INFORMACION,2023.0,noviembre ,22.0,4.0,22:28,3.0,DENUNCIA,Hurto,HURTO DE VEHICULOS,Hurtos_fiscalia.csv,,,,,,,,,,,,,,,,,,,,,,,,,Nivel 1,1,1,POINT (727788.3875014762 871834.9925767926)
HURTO DE VEHICULOS,HURTO CALIFICADO. ART. 240 C.P.,HALADO,Nivel 1,,CALI,Junín,09,-76.526585,3.434082,OTRO,2023.0,septiembre,11.0,2.0,09:30,3.0,DENUNCIA,Hurto,HURTO DE VEHICULOS,Hurtos_fiscalia.csv,,,,,,,,,,,,,,,,,,,,,,,,,Nivel 1,1,1,POINT (727773.3900471239 871841.8931603959)
HURTO DE VEHICULOS,HURTO CALIFICADO. ART. 240 C.P.,HALADO,Nivel 1,,CALI,Junín,09,-76.52645,3.43402,SIN INFORMACION,2023.0,noviembre ,4.0,7.0,02:39,3.0,DENUNCIA,Hurto,HURTO DE VEHICULOS,Hurtos_fiscalia.csv,,,,,,,,,,,,,,,,,,,,,,,,,Nivel 1,1,1,POINT (727788.3875014762 871834.9925767926)
HURTO DE VEHICULOS,HURTO CALIFICADO. ART. 240 C.P.,HALADO,Nivel 1,,CALI,Junín,09,-76.526463,3.434025,VIA PUBLICA,2023.0,junio     ,24.0,7.0,03:00,3.0,DENUNCIA,Hurto,HURTO DE VEHICULOS,Hurtos_fiscalia.csv,,,,,,,,,,,,,,,,,,,,,,,,,Nivel 1,1,1,POINT (727786.9430269946 871835.5496773737)
HURTO DE VEHICULOS,HURTO CALIFICADO. ART. 240 C.P.,HALADO,Nivel 1,,CALI,Junín,09,-76.52645,3.43402,SIN INFORMACION,2023.0,octubre   ,2.0,2.0,00:40,3.0,DENUNCIA,Hurto,HURTO DE VEHICULOS,Hurtos_fiscalia.csv,,,,,,,,,,,,,,,,,,,,,,,,,Nivel 1,1,1,POINT (727788.3875014762 871834.9925767926)
HURTO DE VEHICULOS,HURTO CALIFICADO. ART. 240 C.P.,HALADO,Nivel 1,,CALI,Junín,09,-76.52645,3.43402,SIN INFORMACION,2023.0,junio     ,25.0,1.0,16:15,3.0,DENUNCIA,Hurto,HURTO DE VEHICULOS,Hurtos_fiscalia.csv,,,,,,,,,,,,,,,,,,,,,,,,,Nivel 1,1,1,POINT (727788.3875014762 871834.9925767926)
HURTO DE VEHICULOS,HURTO CALIFICADO. ART. 240 C.P.,HALADO,Nivel 1,,CALI,Junín,09,-76.52645,3.43402,SIN INFORMACION,2023.0,junio     ,21.0,4.0,06:00,3.0,DENUNCIA,Hurto,HURTO DE VEHICULOS,Hurtos_fiscalia.csv,,,,,,,,,,,,,,,,,,,,,,,,,Nivel 1,1,1,POINT (727788.3875014762 871834.9925767926)
HURTO DE VEHICULOS,HURTO. ART. 239 C.P.,HALADO,Nivel 1,,CALI,Junín,09,-76.52645,3.43402,SIN INFORMACION,2023.0,marzo     ,17.0,6.0,16:50,3.0,QUERELLA,Hurto,HURTO DE VEHICULOS,Hurtos_fiscalia.csv,,,,,,,,,,,,,,,,,,,,,,,,,Nivel 1,1,1,POINT (727788.3875014762 871834.9925767926)
HURTO DE VEHICULOS,HURTO. ART. 239 C.P.,HALADO,Nivel 1,,CALI,Junín,09,-76.52645,3.43402,SIN INFORMACION,2023.0,octubre   ,31.0,3.0,09:00,3.0,QUERELLA,Hurto,HURTO DE VEHICULOS,Hurtos_fiscalia.csv,,,,,,,,,,,,,,,,,,,,,,,,,Nivel 1,1,1,POINT (727788.3875014762 871834.9925767926)
HURTO DE VEHICULOS,HURTO CALIFICADO. ART. 240 C.P.,HALADO,Nivel 1,,CALI,Junín,09,-76.52645,3.43402,SIN INFORMACION,2023.0,abril     ,28.0,6.0,05:00,3.0,DENUNCIA,Hurto,HURTO DE VEHICULOS,Hurtos_fiscalia.csv,,,,,,,,,,,,,,,,,,,,,,,,,Nivel 1,1,1,POINT (727788.3875014762 871834.9925767926)
HURTO DE VEHICULOS,HURTO CALIFICADO. ART. 240 C.P.,HALADO,Nivel 1,,CALI,Junín,09,-76.52645,3.43402,SIN INFORMACION,2023.0,julio     ,15.0,7.0,08:30,3.0,DENUNCIA,Hurto,HURTO DE VEHICULOS,Hurtos_fiscalia.csv,,,,,,,,,,,,,,,,,,,,,,,,,Nivel 1,1,1,POINT (727788.3875014762 871834.9925767926)
HURTO DE VEHICULOS,HURTO CALIFICADO. ART. 240 C.P.,HALADO,Nivel 1,,CALI,Junín,09,-76.52645,3.43402,SIN INFORMACION,2023.0,octubre   ,13.0,6.0,16:30,3.0,DENUNCIA,Hurto,HURTO DE VEHICULOS,Hurtos_fiscalia.csv,,,,,,,,,,,,,,,,,,,,,,,,,Nivel 1,1,1,POINT (727788.3875014762 871834.9925767926)
HURTO DE VEHICULOS,HURTO. ART. 239 C.P.,HALADO,Nivel 1,,CALI,Junín,09,-76.52645,3.43402,SIN INFORMACION,2024.0,enero     ,14.0,1.0,19:00,3.0,QUERELLA,Hurto,HURTO DE VEHICULOS,Hurtos_fiscalia.csv,,,,,,,,,,,,,,,,,,,,,,,,,Nivel 1,1,1,POINT (727788.3875014762 871834.9925767926)
HURTO DE VEHICULOS,HURTO CALIFICADO. ART. 240 C.P.,HALADO,Nivel 1,,CALI,Junín,09,-76.52645,3.43402,SIN INFORMACION,2024.0,enero     ,21.0,1.0,08:42,3.0,DENUNCIA,Hurto,HURTO DE VEHICULOS,Hurtos_fiscalia.csv,,,,,,,,,,,,,,,,,,,,,,,,,Nivel 1,1,1,POINT (727788.3875014762 871834.9925767926)
HURTO DE VEHICULOS,HURTO CALIFICADO. ART. 240 C.P.,HALADO,Nivel 1,,CALI,Junín,09,-76.52703,3.43405,VIA PUBLICA,2024.0,febrero   ,5.0,2.0,06:30,3.0,DENUNCIA,Hurto,HURTO DE VEHICULOS,Hurtos_fiscalia.csv,,,,,,,,,,,,,,,,,,,,,,,,,Nivel 1,1,1,POINT (727723.8869602336 871838.4782362223)
HURTO DE VEHICULOS,HURTO CALIFICADO. ART. 240 C.P.,HALADO,Nivel 1,,CALI,Junín,09,-76.52645,3.43402,SIN INFORMACION,2024.0,febrero   ,13.0,3.0,01:28,3.0,DENUNCIA,Hurto,HURTO DE VEHICULOS,Hurtos_fiscalia.csv,,,,,,,,,,,,,,,,,,,,,,,,,Nivel 1,1,1,POINT (727788.3875014762 871834.9925767926)
HURTO DE VEHICULOS,HURTO CALIFICADO. ART. 240 C.P.,HALADO,Nivel 1,,CALI,Junín,09,-76.527346,3.433997,SIN INFORMACION,2025.0,junio     ,19.0,5.0,10:05,3.0,DENUNCIA,Hurto,HURTO DE VEHICULOS,Hurtos_fiscalia.csv,,,,,,,,,,,,,,,,,,,,,,,,,Nivel 1,1,1,POINT (727688.725606797 871832.7022956323)
HURTO DE VEHICULOS,HURTO CALIFICADO. ART. 240 C.P.,HALADO,Nivel 1,,CALI,Junín,09,-76.52645,3.43402,SIN INFORMACION,2024.0,marzo     ,9.0,7.0,21:30,3.0,DENUNCIA,Hurto,HURTO DE VEHICULOS,Hurtos_fiscalia.csv,,,,,,,,,,,,,,,,,,,,,,,,,Nivel 1,1,1,POINT (727788.3875014762 871834.9925767926)
HURTO DE VEHICULOS,HURTO CALIFICADO. ART. 240 C.P.,HALADO,Nivel 1,,CALI,Junín,09,-76.52645,3.43402,VIA PUBLICA,2024.0,febrero   ,28.0,4.0,05:00,3.0,DENUNCIA,Hurto,HURTO DE VEHICULOS,Hurtos_fiscalia.csv,,,,,,,,,,,,,,,,,,,,,,,,,Nivel 1,1,1,POINT (727788.3875014762 871834.9925767926)
HURTO A PERSONAS,HURTO CALIFICADO. ART. 240 C.P.,FLETEO,Nivel 1,,CALI,Junín,09,-76.52645,3.43402,SIN INFORMACION,2023.0,julio     ,19.0,4.0,21:19,3.0,DENUNCIA,Hurto,HURTO A PERSONAS,Hurtos_fiscalia.csv,,,,,,,,,,,,,,,,,,,,,,,,,Nivel 1,1,1,POINT (727788.3875014762 871834.9925767926)
HURTO A CELULARES,HURTO. ART. 239 C.P.,FACTOR DE OPORTUNIDAD,Nivel 1,,CALI,Junín,09,-76.528141,3.434016,LOCAL COMERCIAL,2023.0,mayo      ,10.0,4.0,17:30,3.0,DENUNCIA,Hurto,HURTO A CELULARES,Hurtos_fiscalia.csv,,,,,,,,,,,,,,,,,,,,,,,,,Nivel 1,1,1,POINT (727600.3090426347 871835.0318429045)
HURTO A CELULARES,HURTO. ART. 239 C.P.,FACTOR DE OPORTUNIDAD,Nivel 1,,CALI,Junín,09,-76.52645,3.43402,SIN INFORMACION,2023.0,mayo      ,10.0,4.0,15:00,3.0,QUERELLA,Hurto,HURTO A CELULARES,Hurtos_fiscalia.csv,,,,,,,,,,,,,,,,,,,,,,,,,Nivel 1,1,1,POINT (727788.3875014762 871834.9925767926)
HURTO A CELULARES,HURTO CALIFICADO. ART. 240 C.P.,FACTOR DE OPORTUNIDAD,Nivel 1,,CALI,Junín,09,-76.52645,3.43402,SIN INFORMACION,2023.0,junio     ,24.0,7.0,14:00,3.0,DENUNCIA,Hurto,HURTO A CELULARES,Hurtos_fiscalia.csv,,,,,,,,,,,,,,,,,,,,,,,,,Nivel 1,1,1,POINT (727788.3875014762 871834.9925767926)
HURTO A CELULARES,HURTO CALIFICADO. ART. 240 C.P.,FACTOR DE OPORTUNIDAD,Nivel 1,,CALI,Junín,09,-76.526321,3.434072,LUGAR DE TRABAJO,2023.0,abril     ,27.0,5.0,04:00,3.0,DENUNCIA,Hurto,HURTO A CELULARES,Hurtos_fiscalia.csv,,,,,,,,,,,,,,,,,,,,,,,,,Nivel 1,1,1,POINT (727802.7499434059 871840.7111445348)
HURTO A CELULARES,HURTO. ART. 239 C.P.,FACTOR DE OPORTUNIDAD,Nivel 1,,CALI,Junín,09,-76.52645,3.43402,SIN INFORMACION,2023.0,abril     ,9.0,1.0,22:00,3.0,DENUNCIA,Hurto,HURTO A CELULARES,Hurtos_fiscalia.csv,,,,,,,,,,,,,,,,,,,,,,,,,Nivel 1,1,1,POINT (727788.3875014762 871834.9925767926)
HURTO A CELULARES,HURTO CALIFICADO. ART. 240 C.P.,FACTOR DE OPORTUNIDAD,Nivel 1,,CALI,Junín,09,-76.526384,3.43396,OTRO,2023.0,enero     ,30.0,2.0,10:30,3.0,DENUNCIA,Hurto,HURTO A CELULARES,Hurtos_fiscalia.csv,,,,,,,,,,,,,,,,,,,,,,,,,Nivel 1,1,1,POINT (727795.7111729321 871828.3330143063)
HURTO A CELULARES,HURTO. ART. 239 C.P.,FACTOR DE OPORTUNIDAD,Nivel 1,,CALI,Junín,09,-76.52645,3.43402,SIN INFORMACION,2023.0,abril     ,16.0,1.0,12:35,3.0,DENUNCIA,Hurto,HURTO A CELULARES,Hurtos_fiscalia.csv,,,,,,,,,,,,,,,,,,,,,,,,,Nivel 1,1,1,POINT (727788.3875014762 871834.9925767926)
HURTO A CELULARES,HURTO. ART. 239 C.P.,FACTOR DE OPORTUNIDAD,Nivel 1,,CALI,Junín,09,-76.52645,3.43402,SIN INFORMACION,2023.0,septiembre,28.0,5.0,05:00,3.0,DENUNCIA,Hurto,HURTO A CELULARES,Hurtos_fiscalia.csv,,,,,,,,,,,,,,,,,,,,,,,,,Nivel 1,1,1,POINT (727788.3875014762 871834.9925767926)
HURTO A CELULARES,HURTO. ART. 239 C.P.,FACTOR DE OPORTUNIDAD,Nivel 1,,CALI,Junín,09,-76.52645,3.43402,SIN INFORMACION,2024.0,enero     ,9.0,3.0,22:00,3.0,DENUNCIA,Hurto,HURTO A CELULARES,Hurtos_fiscalia.csv,,,,,,,,,,,,,,,,,,,,,,,,,Nivel 1,1,1,POINT (727788.3875014762 871834.9925767926)
HURTO A ESTABLECIMIENTOS,HURTO. ART. 239 C.P.,FACTOR DE OPORTUNIDAD,Nivel 1,,CALI,Junín,09,-76.52645,3.43402,SIN INFORMACION,2023.0,mayo      ,5.0,6.0,13:30,3.0,DENUNCIA,Hurto,HURTO A ESTABLECIMIENTOS,Hurtos_fiscalia.csv,,,,,,,,,,,,,,,,,,,,,,,,,Nivel 1,1,1,POINT (727788.3875014762 871834.9925767926)
HURTO A ESTABLECIMIENTOS,HURTO. ART. 239 C.P.,FACTOR DE OPORTUNIDAD,Nivel 1,,CALI,Junín,09,-76.52645,3.43402,SIN INFORMACION,2023.0,julio     ,3.0,2.0,23:25,3.0,DENUNCIA,Hurto,HURTO A ESTABLECIMIENTOS,Hurtos_fiscalia.csv,,,,,,,,,,,,,,,,,,,,,,,,,Nivel 1,1,1,POINT (727788.3875014762 871834.9925767926)
HURTO A ESTABLECIMIENTOS,HURTO. ART. 239 C.P.,FACTOR DE OPORTUNIDAD,Nivel 1,,CALI,Junín,09,-76.52645,3.43402,SIN INFORMACION,2023.0,julio     ,4.0,3.0,19:00,3.0,DENUNCIA,Hurto,HURTO A ESTABLECIMIENTOS,Hurtos_fiscalia.csv,,,,,,,,,,,,,,,,,,,,,,,,,Nivel 1,1,1,POINT (727788.3875014762 871834.9925767926)
HURTO A ESTABLECIMIENTOS,HURTO. ART. 239 C.P.,FACTOR DE OPORTUNIDAD,Nivel 1,,CALI,Junín,09,-76.52645,3.43402,SIN INFORMACION,2023.0,agosto    ,3.0,5.0,15:00,3.0,DENUNCIA,Hurto,HURTO A ESTABLECIMIENTOS,Hurtos_fiscalia.csv,,,,,,,,,,,,,,,,,,,,,,,,,Nivel 1,1,1,POINT (727788.3875014762 871834.9925767926)
HURTO A ESTABLECIMIENTOS,HURTO. ART. 239 C.P.,FACTOR DE OPORTUNIDAD,Nivel 1,,CALI,Junín,09,-76.52645,3.43402,SIN INFORMACION,2023.0,abril     ,5.0,4.0,15:00,3.0,DENUNCIA,Hurto,HURTO A ESTABLECIMIENTOS,Hurtos_fiscalia.csv,,,,,,,,,,,,,,,,,,,,,,,,,Nivel 1,1,1,POINT (727788.3875014762 871834.9925767926)
HURTO A ESTABLECIMIENTOS,HURTO. ART. 239 C.P.,FACTOR DE OPORTUNIDAD,Nivel 1,,CALI,Junín,09,-76.52645,3.43402,SIN INFORMACION,2023.0,diciembre ,4.0,2.0,13:00,3.0,DENUNCIA,Hurto,HURTO A ESTABLECIMIENTOS,Hurtos_fiscalia.csv,,,,,,,,,,,,,,,,,,,,,,,,,Nivel 1,1,1,POINT (727788.3875014762 871834.9925767926)
HURTO A ESTABLECIMIENTOS,HURTO CALIFICADO. ART. 240 C.P.,FACTOR DE OPORTUNIDAD,Nivel 1,,CALI,Junín,09,-76.52645,3.43402,SIN INFORMACION,2023.0,diciembre ,5.0,3.0,21:20,3.0,DENUNCIA,Hurto,HURTO A ESTABLECIMIENTOS,Hurtos_fiscalia.csv,,,,,,,,,,,,,,,,,,,,,,,,,Nivel 1,1,1,POINT (727788.3875014762 871834.9925767926)
HURTO A ESTABLECIMIENTOS,HURTO. ART. 239 C.P.,FACTOR DE OPORTUNIDAD,Nivel 1,,CALI,Junín,09,-76.52645,3.43402,SIN INFORMACION,2023.0,mayo      ,6.0,7.0,13:00,3.0,DENUNCIA,Hurto,HURTO A ESTABLECIMIENTOS,Hurtos_fiscalia.csv,,,,,,,,,,,,,,,,,,,,,,,,,Nivel 1,1,1,POINT (727788.3875014762 871834.9925767926)
HURTO A ESTABLECIMIENTOS,HURTO CALIFICADO. ART. 240 C.P.,FACTOR DE OPORTUNIDAD,Nivel 1,,CALI,Junín,09,-76.52645,3.43402,SIN INFORMACION,2023.0,agosto    ,20.0,1.0,12:00,3.0,DENUNCIA,Hurto,HURTO A ESTABLECIMIENTOS,Hurtos_fiscalia.csv,,,,,,,,,,,,,,,,,,,,,,,,,Nivel 1,1,1,POINT (727788.3875014762 871834.9925767926)
HURTO A ESTABLECIMIENTOS,HURTO. ART. 239 C.P.,FACTOR DE OPORTUNIDAD,Nivel 1,,CALI,Junín,09,-76.52645,3.43402,SIN INFORMACION,2023.0,noviembre ,21.0,3.0,15:17,3.0,DENUNCIA,Hurto,HURTO A ESTABLECIMIENTOS,Hurtos_fiscalia.csv,,,,,,,,,,,,,,,,,,,,,,,,,Nivel 1,1,1,POINT (727788.3875014762 871834.9925767926)
HURTO A ESTABLECIMIENTOS,HURTO CALIFICADO. ART. 240 C.P.,FACTOR DE OPORTUNIDAD,Nivel 1,,CALI,Junín,09,-76.52645,3.43402,SIN INFORMACION,2023.0,noviembre ,27.0,2.0,20:25,3.0,DENUNCIA,Hurto,HURTO A ESTABLECIMIENTOS,Hurtos_fiscalia.csv,,,,,,,,,,,,,,,,,,,,,,,,,Nivel 1,1,1,POINT (727788.3875014762 871834.9925767926)
HURTO A ESTABLECIMIENTOS,HURTO. ART. 239 C.P.,FACTOR DE OPORTUNIDAD,Nivel 1,,CALI,Junín,09,-76.52645,3.43402,SIN INFORMACION,2023.0,agosto    ,3.0,5.0,12:15,3.0,DENUNCIA,Hurto,HURTO A ESTABLECIMIENTOS,Hurtos_fiscalia.csv,,,,,,,,,,,,,,,,,,,,,,,,,Nivel 1,1,1,POINT (727788.3875014762 871834.9925767926)
HURTO A ESTABLECIMIENTOS,HURTO. ART. 239 C.P.,FACTOR DE OPORTUNIDAD,Nivel 1,,CALI,Junín,09,-76.52802,3.43473,LOCAL COMERCIAL,2023.0,abril     ,15.0,7.0,06:00,3.0,DENUNCIA,Hurto,HURTO A ESTABLECIMIENTOS,Hurtos_fiscalia.csv,,,,,,,,,,,,,,,,,,,,,,,,,Nivel 1,1,1,POINT (727613.9695761559 871914.022452792)
HURTO A ESTABLECIMIENTOS,HURTO. ART. 239 C.P.,FACTOR DE OPORTUNIDAD,Nivel 1,,CALI,Junín,09,-76.52645,3.43402,SIN INFORMACION,2023.0,septiembre,25.0,2.0,19:30,3.0,DENUNCIA,Hurto,HURTO A ESTABLECIMIENTOS,Hurtos_fiscalia.csv,,,,,,,,,,,,,,,,,,,,,,,,,Nivel 1,1,1,POINT (727788.3875014762 871834.9925767926)
HURTO A ESTABLECIMIENTOS,HURTO. ART. 239 C.P.,FACTOR DE OPORTUNIDAD,Nivel 1,,CALI,Junín,09,-76.52645,3.43402,SIN INFORMACION,2023.0,julio     ,7.0,6.0,21:00,3.0,DENUNCIA,Hurto,HURTO A ESTABLECIMIENTOS,Hurtos_fiscalia.csv,,,,,,,,,,,,,,,,,,,,,,,,,Nivel 1,1,1,POINT (727788.3875014762 871834.9925767926)
HURTO A ESTABLECIMIENTOS,HURTO. ART. 239 C.P.,FACTOR DE OPORTUNIDAD,Nivel 1,,CALI,Junín,09,-76.52645,3.43402,SIN INFORMACION,2023.0,junio     ,17.0,7.0,15:15,3.0,DENUNCIA,Hurto,HURTO A ESTABLECIMIENTOS,Hurtos_fiscalia.csv,,,,,,,,,,,,,,,,,,,,,,,,,Nivel 1,1,1,POINT (727788.3875014762 871834.9925767926)
HURTO A ESTABLECIMIENTOS,HURTO. ART. 239 C.P.,FACTOR DE OPORTUNIDAD,Nivel 1,,CALI,Junín,09,-76.52645,3.43402,SIN INFORMACION,2023.0,mayo      ,18.0,5.0,19:00,3.0,DENUNCIA,Hurto,HURTO A ESTABLECIMIENTOS,Hurtos_fiscalia.csv,,,,,,,,,,,,,,,,,,,,,,,,,Nivel 1,1,1,POINT (727788.3875014762 871834.9925767926)
HURTO A ESTABLECIMIENTOS,HURTO. ART. 239 C.P.,FACTOR DE OPORTUNIDAD,Nivel 1,,CALI,Junín,09,-76.52645,3.43402,SIN INFORMACION,2023.0,julio     ,1.0,7.0,14:49,3.0,DENUNCIA,Hurto,HURTO A ESTABLECIMIENTOS,Hurtos_fiscalia.csv,,,,,,,,,,,,,,,,,,,,,,,,,Nivel 1,1,1,POINT (727788.3875014762 871834.9925767926)
HURTO A ESTABLECIMIENTOS,HURTO CALIFICADO. ART. 240 C.P.,FACTOR DE OPORTUNIDAD,Nivel 1,,CALI,Junín,09,-76.52645,3.43402,SIN INFORMACION,2023.0,julio     ,6.0,5.0,09:24,3.0,DENUNCIA,Hurto,HURTO A ESTABLECIMIENTOS,Hurtos_fiscalia.csv,,,,,,,,,,,,,,,,,,,,,,,,,Nivel 1,1,1,POINT (727788.3875014762 871834.9925767926)
HURTO A ESTABLECIMIENTOS,HURTO. ART. 239 C.P.,FACTOR DE OPORTUNIDAD,Nivel 1,,CALI,Junín,09,-76.52645,3.43402,SIN INFORMACION,2023.0,octubre   ,26.0,5.0,23:50,3.0,DENUNCIA,Hurto,HURTO A ESTABLECIMIENTOS,Hurtos_fiscalia.csv,,,,,,,,,,,,,,,,,,,,,,,,,Nivel 1,1,1,POINT (727788.3875014762 871834.9925767926)
HURTO A ESTABLECIMIENTOS,HURTO CALIFICADO. ART. 240 C.P.,FACTOR DE OPORTUNIDAD,Nivel 1,,CALI,Junín,09,-76.52645,3.43402,SIN INFORMACION,2023.0,octubre   ,24.0,3.0,11:19,3.0,DENUNCIA,Hurto,HURTO A ESTABLECIMIENTOS,Hurtos_fiscalia.csv,,,,,,,,,,,,,,,,,,,,,,,,,Nivel 1,1,1,POINT (727788.3875014762 871834.9925767926)
HURTO A ESTABLECIMIENTOS,HURTO. ART. 239 C.P.,FACTOR DE OPORTUNIDAD,Nivel 1,,CALI,Junín,09,-76.526997,3.434031,ESTABLECIMIENTO DE COMERCIO,2023.0,julio     ,10.0,2.0,18:43,3.0,DENUNCIA,Hurto,HURTO A ESTABLECIMIENTOS,Hurtos_fiscalia.csv,,,,,,,,,,,,,,,,,,,,,,,,,Nivel 1,1,1,POINT (727727.551914863 871836.3659238166)
HURTO A ESTABLECIMIENTOS,HURTO. ART. 239 C.P.,FACTOR DE OPORTUNIDAD,Nivel 1,,CALI,Junín,09,-76.526968,3.434315,SIN INFORMACION,2023.0,octubre   ,3.0,3.0,10:31,3.0,DENUNCIA,Hurto,HURTO A ESTABLECIMIENTOS,Hurtos_fiscalia.csv,,,,,,,,,,,,,,,,,,,,,,,,,Nivel 1,1,1,POINT (727730.8579135403 871867.790590914)
HURTO A ESTABLECIMIENTOS,HURTO. ART. 239 C.P.,FACTOR DE OPORTUNIDAD,Nivel 1,,CALI,Junín,09,-76.52645,3.43402,SIN INFORMACION,2023.0,septiembre,22.0,6.0,16:30,3.0,DENUNCIA,Hurto,HURTO A ESTABLECIMIENTOS,Hurtos_fiscalia.csv,,,,,,,,,,,,,,,,,,,,,,,,,Nivel 1,1,1,POINT (727788.3875014762 871834.9925767926)
HURTO A ESTABLECIMIENTOS,HURTO. ART. 239 C.P.,FACTOR DE OPORTUNIDAD,Nivel 1,,CALI,Junín,09,-76.52645,3.43402,SIN INFORMACION,2023.0,febrero   ,10.0,6.0,13:00,3.0,QUERELLA,Hurto,HURTO A ESTABLECIMIENTOS,Hurtos_fiscalia.csv,,,,,,,,,,,,,,,,,,,,,,,,,Nivel 1,1,1,POINT (727788.3875014762 871834.9925767926)
HURTO A ESTABLECIMIENTOS,HURTO. ART. 239 C.P.,FACTOR DE OPORTUNIDAD,Nivel 1,,CALI,Junín,09,-76.52645,3.43402,SIN INFORMACION,2023.0,mayo      ,23.0,3.0,13:30,3.0,DENUNCIA,Hurto,HURTO A ESTABLECIMIENTOS,Hurtos_fiscalia.csv,,,,,,,,,,,,,,,,,,,,,,,,,Nivel 1,1,1,POINT (727788.3875014762 871834.9925767926)
HURTO A ESTABLECIMIENTOS,HURTO CALIFICADO. ART. 240 C.P.,FACTOR DE OPORTUNIDAD,Nivel 1,,CALI,Junín,09,-76.52645,3.43402,SIN INFORMACION,2023.0,octubre   ,21.0,7.0,03:00,3.0,DENUNCIA,Hurto,HURTO A ESTABLECIMIENTOS,Hurtos_fiscalia.csv,,,,,,,,,,,,,,,,,,,,,,,,,Nivel 1,1,1,POINT (727788.3875014762 871834.9925767926)
HURTO A ESTABLECIMIENTOS,HURTO. ART. 239 C.P.,FACTOR DE OPORTUNIDAD,Nivel 1,,CALI,Junín,09,-76.527466,3.434524,SIN INFORMACION,2023.0,febrero   ,19.0,1.0,13:00,3.0,DENUNCIA,Hurto,HURTO A ESTABLECIMIENTOS,Hurtos_fiscalia.csv,,,,,,,,,,,,,,,,,,,,,,,,,Nivel 1,1,1,POINT (727675.5283974844 871891.0645331437)
HURTO A ESTABLECIMIENTOS,HURTO. ART. 239 C.P.,FACTOR DE OPORTUNIDAD,Nivel 1,,CALI,Junín,09,-76.52645,3.43402,SIN INFORMACION,2023.0,septiembre,14.0,5.0,02:36,3.0,DENUNCIA,Hurto,HURTO A ESTABLECIMIENTOS,Hurtos_fiscalia.csv,,,,,,,,,,,,,,,,,,,,,,,,,Nivel 1,1,1,POINT (727788.3875014762 871834.9925767926)
HURTO A ESTABLECIMIENTOS,HURTO. ART. 239 C.P.,FACTOR DE OPORTUNIDAD,Nivel 1,,CALI,Junín,09,-76.52645,3.43402,SIN INFORMACION,2023.0,junio     ,24.0,7.0,05:00,3.0,DENUNCIA,Hurto,HURTO A ESTABLECIMIENTOS,Hurtos_fiscalia.csv,,,,,,,,,,,,,,,,,,,,,,,,,Nivel 1,1,1,POINT (727788.3875014762 871834.9925767926)
HURTO A ESTABLECIMIENTOS,HURTO CALIFICADO. ART. 240 C.P.,FACTOR DE OPORTUNIDAD,Nivel 1,,CALI,Junín,09,-76.526454,3.434025,VIA PUBLICA,2023.0,abril     ,21.0,6.0,10:52,3.0,DENUNCIA,Hurto,HURTO A ESTABLECIMIENTOS,Hurtos_fiscalia.csv,,,,,,,,,,,,,,,,,,,,,,,,,Nivel 1,1,1,POINT (727787.9440292721 871835.5471129891)
HURTO A ESTABLECIMIENTOS,HURTO CALIFICADO. ART. 240 C.P.,FACTOR DE OPORTUNIDAD,Nivel 1,,CALI,Junín,09,-76.526465,3.434002,OTRO,2023.0,abril     ,11.0,3.0,02:30,3.0,DENUNCIA,Hurto,HURTO A ESTABLECIMIENTOS,Hurtos_fiscalia.csv,,,,,,,,,,,,,,,,,,,,,,,,,Nivel 1,1,1,POINT (727786.7140606265 871833.0046234339)
HURTO A ESTABLECIMIENTOS,HURTO. ART. 239 C.P.,FACTOR DE OPORTUNIDAD,Nivel 1,,CALI,Junín,09,-76.52645,3.43402,SIN INFORMACION,2023.0,enero     ,30.0,2.0,13:00,3.0,DENUNCIA,Hurto,HURTO A ESTABLECIMIENTOS,Hurtos_fiscalia.csv,,,,,,,,,,,,,,,,,,,,,,,,,Nivel 1,1,1,POINT (727788.3875014762 871834.9925767926)
HURTO A ESTABLECIMIENTOS,HURTO. ART. 239 C.P.,FACTOR DE OPORTUNIDAD,Nivel 1,,CALI,Junín,09,-76.52645,3.43402,SIN INFORMACION,2023.0,agosto    ,30.0,4.0,07:50,3.0,QUERELLA,Hurto,HURTO A ESTABLECIMIENTOS,Hurtos_fiscalia.csv,,,,,,,,,,,,,,,,,,,,,,,,,Nivel 1,1,1,POINT (727788.3875014762 871834.9925767926)
HURTO A ESTABLECIMIENTOS,HURTO. ART. 239 C.P.,FACTOR DE OPORTUNIDAD,Nivel 1,,CALI,Junín,09,-76.52802,3.43473,VIA PUBLICA,2023.0,diciembre ,6.0,4.0,15:59,3.0,DENUNCIA,Hurto,HURTO A ESTABLECIMIENTOS,Hurtos_fiscalia.csv,,,,,,,,,,,,,,,,,,,,,,,,,Nivel 1,1,1,POINT (727613.9695761559 871914.022452792)
HURTO A ESTABLECIMIENTOS,HURTO. ART. 239 C.P.,FACTOR DE OPORTUNIDAD,Nivel 1,,CALI,Junín,09,-76.52645,3.43402,SIN INFORMACION,2023.0,abril     ,1.0,7.0,15:00,3.0,DENUNCIA,Hurto,HURTO A ESTABLECIMIENTOS,Hurtos_fiscalia.csv,,,,,,,,,,,,,,,,,,,,,,,,,Nivel 1,1,1,POINT (727788.3875014762 871834.9925767926)
HURTO A ESTABLECIMIENTOS,HURTO. ART. 239 C.P.,FACTOR DE OPORTUNIDAD,Nivel 1,,CALI,Junín,09,-76.52645,3.43402,SIN INFORMACION,2023.0,septiembre,21.0,5.0,21:30,3.0,DENUNCIA,Hurto,HURTO A ESTABLECIMIENTOS,Hurtos_fiscalia.csv,,,,,,,,,,,,,,,,,,,,,,,,,Nivel 1,1,1,POINT (727788.3875014762 871834.9925767926)
HURTO A ESTABLECIMIENTOS,HURTO. ART. 239 C.P.,FACTOR DE OPORTUNIDAD,Nivel 1,,CALI,Junín,09,-76.52645,3.43402,SIN INFORMACION,2023.0,julio     ,21.0,6.0,19:13,3.0,DENUNCIA,Hurto,HURTO A ESTABLECIMIENTOS,Hurtos_fiscalia.csv,,,,,,,,,,,,,,,,,,,,,,,,,Nivel 1,1,1,POINT (727788.3875014762 871834.9925767926)
HURTO A ESTABLECIMIENTOS,HURTO CALIFICADO. ART. 240 C.P.,FACTOR DE OPORTUNIDAD,Nivel 1,,CALI,Junín,09,-76.52645,3.43402,SIN INFORMACION,2023.0,octubre   ,4.0,4.0,22:00,3.0,DENUNCIA,Hurto,HURTO A ESTABLECIMIENTOS,Hurtos_fiscalia.csv,,,,,,,,,,,,,,,,,,,,,,,,,Nivel 1,1,1,POINT (727788.3875014762 871834.9925767926)
HURTO A ESTABLECIMIENTOS,HURTO. ART. 239 C.P.,FACTOR DE OPORTUNIDAD,Nivel 1,,CALI,Junín,09,-76.52645,3.433966,ESTABLECIMIENTO DE COMERCIO,2023.0,agosto    ,4.0,6.0,03:00,3.0,DENUNCIA,Hurto,HURTO A ESTABLECIMIENTOS,Hurtos_fiscalia.csv,,,,,,,,,,,,,,,,,,,,,,,,,Nivel 1,1,1,POINT (727788.3721905071 871829.0158948861)
HURTO A ESTABLECIMIENTOS,HURTO CALIFICADO. ART. 240 C.P.,FACTOR DE OPORTUNIDAD,Nivel 1,,CALI,Junín,09,-76.52645,3.43402,SIN INFORMACION,2023.0,diciembre ,6.0,4.0,16:13,3.0,DENUNCIA,Hurto,HURTO A ESTABLECIMIENTOS,Hurtos_fiscalia.csv,,,,,,,,,,,,,,,,,,,,,,,,,Nivel 1,1,1,POINT (727788.3875014762 871834.9925767926)
HURTO A ESTABLECIMIENTOS,HURTO. ART. 239 C.P.,FACTOR DE OPORTUNIDAD,Nivel 1,,CALI,Junín,09,-76.52645,3.43402,SIN INFORMACION,2023.0,abril     ,14.0,6.0,15:00,3.0,DENUNCIA,Hurto,HURTO A ESTABLECIMIENTOS,Hurtos_fiscalia.csv,,,,,,,,,,,,,,,,,,,,,,,,,Nivel 1,1,1,POINT (727788.3875014762 871834.9925767926)
HURTO A ESTABLECIMIENTOS,HURTO. ART. 239 C.P.,FACTOR DE OPORTUNIDAD,Nivel 1,,CALI,Junín,09,-76.52645,3.43402,SIN INFORMACION,2023.0,febrero   ,1.0,4.0,08:57,3.0,DENUNCIA,Hurto,HURTO A ESTABLECIMIENTOS,Hurtos_fiscalia.csv,,,,,,,,,,,,,,,,,,,,,,,,,Nivel 1,1,1,POINT (727788.3875014762 871834.9925767926)
HURTO A ESTABLECIMIENTOS,HURTO. ART. 239 C.P.,FACTOR DE OPORTUNIDAD,Nivel 1,,CALI,Junín,09,-76.52645,3.43402,SIN INFORMACION,2023.0,septiembre,29.0,6.0,15:00,3.0,QUERELLA,Hurto,HURTO A ESTABLECIMIENTOS,Hurtos_fiscalia.csv,,,,,,,,,,,,,,,,,,,,,,,,,Nivel 1,1,1,POINT (727788.3875014762 871834.9925767926)
HURTO A ESTABLECIMIENTOS,HURTO. ART. 239 C.P.,FACTOR DE OPORTUNIDAD,Nivel 1,,CALI,Junín,09,-76.52645,3.43402,SIN INFORMACION,2023.0,septiembre,14.0,5.0,15:00,3.0,DENUNCIA,Hurto,HURTO A ESTABLECIMIENTOS,Hurtos_fiscalia.csv,,,,,,,,,,,,,,,,,,,,,,,,,Nivel 1,1,1,POINT (727788.3875014762 871834.9925767926)
HURTO A ESTABLECIMIENTOS,HURTO. ART. 239 C.P.,FACTOR DE OPORTUNIDAD,Nivel 1,,CALI,Junín,09,-76.52645,3.43402,SIN INFORMACION,2023.0,junio     ,23.0,6.0,07:10,3.0,DENUNCIA,Hurto,HURTO A ESTABLECIMIENTOS,Hurtos_fiscalia.csv,,,,,,,,,,,,,,,,,,,,,,,,,Nivel 1,1,1,POINT (727788.3875014762 871834.9925767926)
HURTO A ESTABLECIMIENTOS,HURTO. ART. 239 C.P.,FACTOR DE OPORTUNIDAD,Nivel 1,,CALI,Junín,09,-76.52645,3.43402,SIN INFORMACION,2023.0,septiembre,11.0,2.0,05:00,3.0,DENUNCIA,Hurto,HURTO A ESTABLECIMIENTOS,Hurtos_fiscalia.csv,,,,,,,,,,,,,,,,,,,,,,,,,Nivel 1,1,1,POINT (727788.3875014762 871834.9925767926)
HURTO A ESTABLECIMIENTOS,HURTO. ART. 239 C.P.,FACTOR DE OPORTUNIDAD,Nivel 1,,CALI,Junín,09,-76.52645,3.43402,SIN INFORMACION,2023.0,noviembre ,3.0,6.0,11:50,3.0,DENUNCIA,Hurto,HURTO A ESTABLECIMIENTOS,Hurtos_fiscalia.csv,,,,,,,,,,,,,,,,,,,,,,,,,Nivel 1,1,1,POINT (727788.3875014762 871834.9925767926)
HURTO A ESTABLECIMIENTOS,HURTO. ART. 239 C.P.,FACTOR DE OPORTUNIDAD,Nivel 1,,CALI,Junín,09,-76.52645,3.43402,SIN INFORMACION,2023.0,octubre   ,18.0,4.0,19:33,3.0,DENUNCIA,Hurto,HURTO A ESTABLECIMIENTOS,Hurtos_fiscalia.csv,,,,,,,,,,,,,,,,,,,,,,,,,Nivel 1,1,1,POINT (727788.3875014762 871834.9925767926)
HURTO A ESTABLECIMIENTOS,HURTO. ART. 239 C.P.,FACTOR DE OPORTUNIDAD,Nivel 1,,CALI,Junín,09,-76.52645,3.43402,SIN INFORMACION,2023.0,mayo      ,26.0,6.0,09:30,3.0,DENUNCIA,Hurto,HURTO A ESTABLECIMIENTOS,Hurtos_fiscalia.csv,,,,,,,,,,,,,,,,,,,,,,,,,Nivel 1,1,1,POINT (727788.3875014762 871834.9925767926)
HURTO A ESTABLECIMIENTOS,HURTO. ART. 239 C.P.,FACTOR DE OPORTUNIDAD,Nivel 1,,CALI,Junín,09,-76.52645,3.43402,SIN INFORMACION,2023.0,julio     ,23.0,1.0,23:00,3.0,DENUNCIA,Hurto,HURTO A ESTABLECIMIENTOS,Hurtos_fiscalia.csv,,,,,,,,,,,,,,,,,,,,,,,,,Nivel 1,1,1,POINT (727788.3875014762 871834.9925767926)
HURTO A ESTABLECIMIENTOS,HURTO CALIFICADO. ART. 240 C.P.,FACTOR DE OPORTUNIDAD,Nivel 1,,CALI,Junín,09,-76.52645,3.43402,SIN INFORMACION,2023.0,septiembre,7.0,5.0,09:26,3.0,DENUNCIA,Hurto,HURTO A ESTABLECIMIENTOS,Hurtos_fiscalia.csv,,,,,,,,,,,,,,,,,,,,,,,,,Nivel 1,1,1,POINT (727788.3875014762 871834.9925767926)
HURTO A ESTABLECIMIENTOS,HURTO. ART. 239 C.P.,FACTOR DE OPORTUNIDAD,Nivel 1,,CALI,Junín,09,-76.52645,3.43402,SIN INFORMACION,2023.0,mayo      ,3.0,4.0,22:30,3.0,DENUNCIA,Hurto,HURTO A ESTABLECIMIENTOS,Hurtos_fiscalia.csv,,,,,,,,,,,,,,,,,,,,,,,,,Nivel 1,1,1,POINT (727788.3875014762 871834.9925767926)
HURTO A ESTABLECIMIENTOS,HURTO. ART. 239 C.P.,FACTOR DE OPORTUNIDAD,Nivel 1,,CALI,Junín,09,-76.52645,3.43402,SIN INFORMACION,2023.0,marzo     ,30.0,5.0,10:30,3.0,DENUNCIA,Hurto,HURTO A ESTABLECIMIENTOS,Hurtos_fiscalia.csv,,,,,,,,,,,,,,,,,,,,,,,,,Nivel 1,1,1,POINT (727788.3875014762 871834.9925767926)
HURTO A ESTABLECIMIENTOS,HURTO. ART. 239 C.P.,FACTOR DE OPORTUNIDAD,Nivel 1,,CALI,Junín,09,-76.52645,3.43402,SIN INFORMACION,2023.0,marzo     ,27.0,2.0,18:00,3.0,DENUNCIA,Hurto,HURTO A ESTABLECIMIENTOS,Hurtos_fiscalia.csv,,,,,,,,,,,,,,,,,,,,,,,,,Nivel 1,1,1,POINT (727788.3875014762 871834.9925767926)
HURTO A ESTABLECIMIENTOS,HURTO. ART. 239 C.P.,FACTOR DE OPORTUNIDAD,Nivel 1,,CALI,Junín,09,-76.52645,3.43402,SIN INFORMACION,2024.0,enero     ,15.0,2.0,07:40,3.0,DENUNCIA,Hurto,HURTO A ESTABLECIMIENTOS,Hurtos_fiscalia.csv,,,,,,,,,,,,,,,,,,,,,,,,,Nivel 1,1,1,POINT (727788.3875014762 871834.9925767926)
HURTO A ESTABLECIMIENTOS,HURTO. ART. 239 C.P.,FACTOR DE OPORTUNIDAD,Nivel 1,,CALI,Junín,09,-76.52645,3.43402,ESTABLECIMIENTO DE COMERCIO,2024.0,enero     ,20.0,7.0,18:00,3.0,DENUNCIA,Hurto,HURTO A ESTABLECIMIENTOS,Hurtos_fiscalia.csv,,,,,,,,,,,,,,,,,,,,,,,,,Nivel 1,1,1,POINT (727788.3875014762 871834.9925767926)
HURTO A ESTABLECIMIENTOS,HURTO CALIFICADO. ART. 240 C.P.,FACTOR DE OPORTUNIDAD,Nivel 1,,CALI,Junín,09,-76.527346,3.433997,SIN INFORMACION,2024.0,marzo     ,22.0,6.0,08:46,3.0,DENUNCIA,Hurto,HURTO A ESTABLECIMIENTOS,Hurtos_fiscalia.csv,,,,,,,,,,,,,,,,,,,,,,,,,Nivel 1,1,1,POINT (727688.725606797 871832.7022956323)
HURTO A ESTABLECIMIENTOS,HURTO. ART. 239 C.P.,FACTOR DE OPORTUNIDAD,Nivel 1,,CALI,Junín,09,-76.52645,3.43402,SIN INFORMACION,2024.0,enero     ,15.0,2.0,02:20,3.0,QUERELLA,Hurto,HURTO A ESTABLECIMIENTOS,Hurtos_fiscalia.csv,,,,,,,,,,,,,,,,,,,,,,,,,Nivel 1,1,1,POINT (727788.3875014762 871834.9925767926)
HURTO A ESTABLECIMIENTOS,HURTO CALIFICADO. ART. 240 C.P.,FACTOR DE OPORTUNIDAD,Nivel 1,,CALI,Junín,09,-76.527346,3.433997,SIN INFORMACION,2024.0,marzo     ,22.0,6.0,09:32,3.0,DENUNCIA,Hurto,HURTO A ESTABLECIMIENTOS,Hurtos_fiscalia.csv,,,,,,,,,,,,,,,,,,,,,,,,,Nivel 1,1,1,POINT (727688.725606797 871832.7022956323)
HURTO A ESTABLECIMIENTOS,HURTO CALIFICADO. ART. 240 C.P.,FACTOR DE OPORTUNIDAD,Nivel 1,,CALI,Junín,09,-76.527346,3.433997,SIN INFORMACION,2024.0,marzo     ,18.0,2.0,09:08,3.0,DENUNCIA,Hurto,HURTO A ESTABLECIMIENTOS,Hurtos_fiscalia.csv,,,,,,,,,,,,,,,,,,,,,,,,,Nivel 1,1,1,POINT (727688.725606797 871832.7022956323)
HURTO A ESTABLECIMIENTOS,HURTO CALIFICADO. ART. 240 C.P.,FACTOR DE OPORTUNIDAD,Nivel 1,,CALI,Junín,09,-76.52754,3.434254,SIN INFORMACION,2024.0,enero     ,22.0,2.0,14:30,3.0,DENUNCIA,Hurto,HURTO A ESTABLECIMIENTOS,Hurtos_fiscalia.csv,,,,,,,,,,,,,,,,,,,,,,,,,Nivel 1,1,1,POINT (727667.2213343525 871861.202196112)
HURTO A ESTABLECIMIENTOS,HURTO CALIFICADO. ART. 240 C.P.,FACTOR DE OPORTUNIDAD,Nivel 1,,CALI,Junín,09,-76.527346,3.433997,SIN INFORMACION,2024.0,marzo     ,22.0,6.0,09:08,3.0,DENUNCIA,Hurto,HURTO A ESTABLECIMIENTOS,Hurtos_fiscalia.csv,,,,,,,,,,,,,,,,,,,,,,,,,Nivel 1,1,1,POINT (727688.725606797 871832.7022956323)
HURTO A ESTABLECIMIENTOS,HURTO. ART. 239 C.P.,FACTOR DE OPORTUNIDAD,Nivel 1,,CALI,Junín,09,-76.527346,3.433997,SIN INFORMACION,2024.0,noviembre ,5.0,3.0,21:36,3.0,QUERELLA,Hurto,HURTO A ESTABLECIMIENTOS,Hurtos_fiscalia.csv,,,,,,,,,,,,,,,,,,,,,,,,,Nivel 1,1,1,POINT (727688.725606797 871832.7022956323)
HURTO A ESTABLECIMIENTOS,HURTO. ART. 239 C.P.,FACTOR DE OPORTUNIDAD,Nivel 1,,CALI,Junín,09,-76.527346,3.433997,SIN INFORMACION,2025.0,abril     ,4.0,6.0,08:43,3.0,DENUNCIA,Hurto,HURTO A ESTABLECIMIENTOS,Hurtos_fiscalia.csv,,,,,,,,,,,,,,,,,,,,,,,,,Nivel 1,1,1,POINT (727688.725606797 871832.7022956323)
HURTO A ESTABLECIMIENTOS,HURTO CALIFICADO. ART. 240 C.P.,FACTOR DE OPORTUNIDAD,Nivel 1,,CALI,Junín,09,-76.52645,3.43402,SIN INFORMACION,2024.0,febrero   ,24.0,7.0,10:00,3.0,DENUNCIA,Hurto,HURTO A ESTABLECIMIENTOS,Hurtos_fiscalia.csv,,,,,,,,,,,,,,,,,,,,,,,,,Nivel 1,1,1,POINT (727788.3875014762 871834.9925767926)
HURTO A ESTABLECIMIENTOS,HURTO CALIFICADO. ART. 240 C.P.,FACTOR DE OPORTUNIDAD,Nivel 1,,CALI,Junín,09,-76.52737,3.4338,VIA PUBLICA,2024.0,junio     ,1.0,7.0,07:43,3.0,DENUNCIA,Hurto,HURTO A ESTABLECIMIENTOS,Hurtos_fiscalia.csv,,,,,,,,,,,,,,,,,,,,,,,,,Nivel 1,1,1,POINT (727686.0003893278 871810.9053004923)
HURTO A ESTABLECIMIENTOS,HURTO CALIFICADO. ART. 240 C.P.,FACTOR DE OPORTUNIDAD,Nivel 1,,CALI,Junín,09,-76.526559,3.43423,SIN INFORMACION,2025.0,abril     ,6.0,1.0,23:00,3.0,DENUNCIA,Hurto,HURTO A ESTABLECIMIENTOS,Hurtos_fiscalia.csv,,,,,,,,,,,,,,,,,,,,,,,,,Nivel 1,1,1,POINT (727776.3237988087 871858.2662886803)
HURTO A ESTABLECIMIENTOS,HURTO CALIFICADO. ART. 240 C.P.,FACTOR DE OPORTUNIDAD,Nivel 1,,CALI,Junín,09,-76.52645,3.43402,SIN INFORMACION,2024.0,marzo     ,8.0,6.0,07:43,3.0,DENUNCIA,Hurto,HURTO A ESTABLECIMIENTOS,Hurtos_fiscalia.csv,,,,,,,,,,,,,,,,,,,,,,,,,Nivel 1,1,1,POINT (727788.3875014762 871834.9925767926)
HURTO A ESTABLECIMIENTOS,HURTO. ART. 239 C.P.,FACTOR DE OPORTUNIDAD,Nivel 1,,CALI,Junín,09,-76.52645,3.43402,SIN INFORMACION,2024.0,marzo     ,7.0,5.0,20:40,3.0,DENUNCIA,Hurto,HURTO A ESTABLECIMIENTOS,Hurtos_fiscalia.csv,,,,,,,,,,,,,,,,,,,,,,,,,Nivel 1,1,1,POINT (727788.3875014762 871834.9925767926)
HURTO A ESTABLECIMIENTOS,HURTO. ART. 239 C.P.,FACTOR DE OPORTUNIDAD,Nivel 1,,CALI,Junín,09,-76.527346,3.433997,SIN INFORMACION,2025.0,marzo     ,21.0,6.0,11:41,3.0,DENUNCIA,Hurto,HURTO A ESTABLECIMIENTOS,Hurtos_fiscalia.csv,,,,,,,,,,,,,,,,,,,,,,,,,Nivel 1,1,1,POINT (727688.725606797 871832.7022956323)
HURTO A ESTABLECIMIENTOS,HURTO CALIFICADO. ART. 240 C.P.,FACTOR DE OPORTUNIDAD,Nivel 1,,CALI,Junín,09,-76.527346,3.433997,SIN INFORMACION,2024.0,marzo     ,22.0,6.0,09:00,3.0,DENUNCIA,Hurto,HURTO A ESTABLECIMIENTOS,Hurtos_fiscalia.csv,,,,,,,,,,,,,,,,,,,,,,,,,Nivel 1,1,1,POINT (727688.725606797 871832.7022956323)
HURTO A ESTABLECIMIENTOS,HURTO. ART. 239 C.P.,FACTOR DE OPORTUNIDAD,Nivel 1,,CALI,Junín,09,-76.527916,3.433483,ESTABLECIMIENTO DE COMERCIO,2025.0,enero     ,31.0,6.0,06:03,3.0,DENUNCIA,Hurto,HURTO A ESTABLECIMIENTOS,Hurtos_fiscalia.csv,,,,,,,,,,,,,,,,,,,,,,,,,Nivel 1,1,1,POINT (727625.1829241258 871775.975563932)
HURTO A ESTABLECIMIENTOS,HURTO. ART. 239 C.P.,FACTOR DE OPORTUNIDAD,Nivel 1,,CALI,Junín,09,-76.527346,3.433997,SIN INFORMACION,2024.0,agosto    ,26.0,2.0,09:31,3.0,DENUNCIA,Hurto,HURTO A ESTABLECIMIENTOS,Hurtos_fiscalia.csv,,,,,,,,,,,,,,,,,,,,,,,,,Nivel 1,1,1,POINT (727688.725606797 871832.7022956323)
HURTO A FINCAS,HURTO CALIFICADO. ART. 240 C.P.,FACTOR DE OPORTUNIDAD,Nivel 1,,CALI,Junín,09,-76.526423,3.434068,CAMPO ABIERTO,2023.0,mayo      ,8.0,2.0,20:30,3.0,DENUNCIA,Hurto,HURTO A FINCAS,Hurtos_fiscalia.csv,,,,,,,,,,,,,,,,,,,,,,,,,Nivel 1,1,1,POINT (727791.404118072 871840.297489756)
HURTO A PERSONAS,HURTO. ART. 239 C.P.,FACTOR DE OPORTUNIDAD,Nivel 1,,CALI,Junín,09,-76.52645,3.43402,SIN INFORMACION,2023.0,octubre   ,7.0,7.0,10:30,3.0,DENUNCIA,Hurto,HURTO A PERSONAS,Hurtos_fiscalia.csv,,,,,,,,,,,,,,,,,,,,,,,,,Nivel 1,1,1,POINT (727788.3875014762 871834.9925767926)
HURTO A PERSONAS,HURTO CALIFICADO. ART. 240 C.P.,FACTOR DE OPORTUNIDAD,Nivel 1,,CALI,Junín,09,-76.52645,3.43402,SIN INFORMACION,2023.0,octubre   ,13.0,6.0,04:39,3.0,DENUNCIA,Hurto,HURTO A PERSONAS,Hurtos_fiscalia.csv,,,,,,,,,,,,,,,,,,,,,,,,,Nivel 1,1,1,POINT (727788.3875014762 871834.9925767926)
HURTO A PERSONAS,HURTO CALIFICADO. ART. 240 C.P.,FACTOR DE OPORTUNIDAD,Nivel 1,,CALI,Junín,09,-76.528056,3.433691,SIN INFORMACION,2023.0,septiembre,6.0,4.0,11:30,3.0,DENUNCIA,Hurto,HURTO A PERSONAS,Hurtos_fiscalia.csv,,,,,,,,,,,,,,,,,,,,,,,,,Nivel 1,1,1,POINT (727609.6707584541 871799.0367937492)
HURTO A PERSONAS,HURTO CALIFICADO. ART. 240 C.P.,FACTOR DE OPORTUNIDAD,Nivel 1,,CALI,Junín,09,-76.526945,3.433981,VIA PUBLICA,2023.0,noviembre ,25.0,7.0,18:00,3.0,DENUNCIA,Hurto,HURTO A PERSONAS,Hurtos_fiscalia.csv,,,,,,,,,,,,,,,,,,,,,,,,,Nivel 1,1,1,POINT (727733.3213059928 871830.817137463)
HURTO A PERSONAS,HURTO. ART. 239 C.P.,FACTOR DE OPORTUNIDAD,Nivel 1,,CALI,Junín,09,-76.52645,3.43402,SIN INFORMACION,2023.0,agosto    ,28.0,2.0,23:57,3.0,QUERELLA,Hurto,HURTO A PERSONAS,Hurtos_fiscalia.csv,,,,,,,,,,,,,,,,,,,,,,,,,Nivel 1,1,1,POINT (727788.3875014762 871834.9925767926)
HURTO A PERSONAS,HURTO. ART. 239 C.P.,FACTOR DE OPORTUNIDAD,Nivel 1,,CALI,Junín,09,-76.52645,3.43402,SIN INFORMACION,2023.0,noviembre ,18.0,7.0,01:12,3.0,DENUNCIA,Hurto,HURTO A PERSONAS,Hurtos_fiscalia.csv,,,,,,,,,,,,,,,,,,,,,,,,,Nivel 1,1,1,POINT (727788.3875014762 871834.9925767926)
HURTO A PERSONAS,HURTO. ART. 239 C.P.,FACTOR DE OPORTUNIDAD,Nivel 1,,CALI,Junín,09,-76.52645,3.43402,SIN INFORMACION,2023.0,septiembre,21.0,5.0,02:50,3.0,QUERELLA,Hurto,HURTO A PERSONAS,Hurtos_fiscalia.csv,,,,,,,,,,,,,,,,,,,,,,,,,Nivel 1,1,1,POINT (727788.3875014762 871834.9925767926)
HURTO A PERSONAS,HURTO. ART. 239 C.P.,FACTOR DE OPORTUNIDAD,Nivel 1,,CALI,Junín,09,-76.52645,3.43402,SIN INFORMACION,2023.0,octubre   ,3.0,3.0,06:58,3.0,QUERELLA,Hurto,HURTO A PERSONAS,Hurtos_fiscalia.csv,,,,,,,,,,,,,,,,,,,,,,,,,Nivel 1,1,1,POINT (727788.3875014762 871834.9925767926)
HURTO A PERSONAS,HURTO. ART. 239 C.P.,FACTOR DE OPORTUNIDAD,Nivel 1,,CALI,Junín,09,-76.52645,3.43402,SIN INFORMACION,2023.0,septiembre,11.0,2.0,22:57,3.0,QUERELLA,Hurto,HURTO A PERSONAS,Hurtos_fiscalia.csv,,,,,,,,,,,,,,,,,,,,,,,,,Nivel 1,1,1,POINT (727788.3875014762 871834.9925767926)
HURTO A PERSONAS,HURTO CALIFICADO. ART. 240 C.P.,FACTOR DE OPORTUNIDAD,Nivel 1,,CALI,Junín,09,-76.52645,3.43402,SIN INFORMACION,2023.0,julio     ,4.0,3.0,08:00,3.0,DENUNCIA,Hurto,HURTO A PERSONAS,Hurtos_fiscalia.csv,,,,,,,,,,,,,,,,,,,,,,,,,Nivel 1,1,1,POINT (727788.3875014762 871834.9925767926)
HURTO A PERSONAS,HURTO. ART. 239 C.P.,FACTOR DE OPORTUNIDAD,Nivel 1,,CALI,Junín,09,-76.52645,3.43402,SIN INFORMACION,2023.0,septiembre,15.0,6.0,20:00,3.0,DENUNCIA,Hurto,HURTO A PERSONAS,Hurtos_fiscalia.csv,,,,,,,,,,,,,,,,,,,,,,,,,Nivel 1,1,1,POINT (727788.3875014762 871834.9925767926)
HURTO A PERSONAS,HURTO. ART. 239 C.P.,FACTOR DE OPORTUNIDAD,Nivel 1,,CALI,Junín,09,-76.52645,3.43402,SIN INFORMACION,2023.0,agosto    ,31.0,5.0,09:08,3.0,QUERELLA,Hurto,HURTO A PERSONAS,Hurtos_fiscalia.csv,,,,,,,,,,,,,,,,,,,,,,,,,Nivel 1,1,1,POINT (727788.3875014762 871834.9925767926)
HURTO A PERSONAS,HURTO. ART. 239 C.P.,FACTOR DE OPORTUNIDAD,Nivel 1,,CALI,Junín,09,-76.52645,3.43402,SIN INFORMACION,2023.0,octubre   ,30.0,2.0,00:00,3.0,DENUNCIA,Hurto,HURTO A PERSONAS,Hurtos_fiscalia.csv,,,,,,,,,,,,,,,,,,,,,,,,,Nivel 1,1,1,POINT (727788.3875014762 871834.9925767926)
HURTO A PERSONAS,HURTO CALIFICADO. ART. 240 C.P.,FACTOR DE OPORTUNIDAD,Nivel 1,,CALI,Junín,09,-76.52645,3.43402,SIN INFORMACION,2023.0,mayo      ,31.0,4.0,01:15,3.0,DENUNCIA,Hurto,HURTO A PERSONAS,Hurtos_fiscalia.csv,,,,,,,,,,,,,,,,,,,,,,,,,Nivel 1,1,1,POINT (727788.3875014762 871834.9925767926)
HURTO A PERSONAS,HURTO CALIFICADO. ART. 240 C.P.,FACTOR DE OPORTUNIDAD,Nivel 1,,CALI,Junín,09,-76.52645,3.43402,SIN INFORMACION,2023.0,agosto    ,18.0,6.0,16:50,3.0,DENUNCIA,Hurto,HURTO A PERSONAS,Hurtos_fiscalia.csv,,,,,,,,,,,,,,,,,,,,,,,,,Nivel 1,1,1,POINT (727788.3875014762 871834.9925767926)
HURTO A PERSONAS,HURTO. ART. 239 C.P.,FACTOR DE OPORTUNIDAD,Nivel 1,,CALI,Junín,09,-76.52645,3.43402,SIN INFORMACION,2023.0,noviembre ,7.0,3.0,20:10,3.0,DENUNCIA,Hurto,HURTO A PERSONAS,Hurtos_fiscalia.csv,,,,,,,,,,,,,,,,,,,,,,,,,Nivel 1,1,1,POINT (727788.3875014762 871834.9925767926)
HURTO A PERSONAS,HURTO. ART. 239 C.P.,FACTOR DE OPORTUNIDAD,Nivel 1,,CALI,Junín,09,-76.52645,3.43402,SIN INFORMACION,2023.0,mayo      ,16.0,3.0,18:30,3.0,DENUNCIA,Hurto,HURTO A PERSONAS,Hurtos_fiscalia.csv,,,,,,,,,,,,,,,,,,,,,,,,,Nivel 1,1,1,POINT (727788.3875014762 871834.9925767926)
HURTO A PERSONAS,HURTO. ART. 239 C.P.,FACTOR DE OPORTUNIDAD,Nivel 1,,CALI,Junín,09,-76.52645,3.43402,SIN INFORMACION,2023.0,octubre   ,3.0,3.0,05:00,3.0,DENUNCIA,Hurto,HURTO A PERSONAS,Hurtos_fiscalia.csv,,,,,,,,,,,,,,,,,,,,,,,,,Nivel 1,1,1,POINT (727788.3875014762 871834.9925767926)
HURTO A PERSONAS,HURTO. ART. 239 C.P.,FACTOR DE OPORTUNIDAD,Nivel 1,,CALI,Junín,09,-76.52645,3.43402,SIN INFORMACION,2023.0,agosto    ,18.0,6.0,21:28,3.0,QUERELLA,Hurto,HURTO A PERSONAS,Hurtos_fiscalia.csv,,,,,,,,,,,,,,,,,,,,,,,,,Nivel 1,1,1,POINT (727788.3875014762 871834.9925767926)
HURTO A PERSONAS,HURTO. ART. 239 C.P.,FACTOR DE OPORTUNIDAD,Nivel 1,,CALI,Junín,09,-76.52645,3.43402,SIN INFORMACION,2023.0,octubre   ,22.0,1.0,01:20,3.0,DENUNCIA,Hurto,HURTO A PERSONAS,Hurtos_fiscalia.csv,,,,,,,,,,,,,,,,,,,,,,,,,Nivel 1,1,1,POINT (727788.3875014762 871834.9925767926)
HURTO A PERSONAS,HURTO. ART. 239 C.P.,FACTOR DE OPORTUNIDAD,Nivel 1,,CALI,Junín,09,-76.52645,3.43402,SIN INFORMACION,2023.0,noviembre ,28.0,3.0,20:36,3.0,QUERELLA,Hurto,HURTO A PERSONAS,Hurtos_fiscalia.csv,,,,,,,,,,,,,,,,,,,,,,,,,Nivel 1,1,1,POINT (727788.3875014762 871834.9925767926)
HURTO A PERSONAS,HURTO. ART. 239 C.P.,FACTOR DE OPORTUNIDAD,Nivel 1,,CALI,Junín,09,-76.526469,3.433981,VIA PUBLICA,2023.0,mayo      ,1.0,2.0,13:36,3.0,QUERELLA,Hurto,HURTO A PERSONAS,Hurtos_fiscalia.csv,,,,,,,,,,,,,,,,,,,,,,,,,Nivel 1,1,1,POINT (727786.2632164026 871830.681497938)
HURTO A PERSONAS,HURTO. ART. 239 C.P.,FACTOR DE OPORTUNIDAD,Nivel 1,,CALI,Junín,09,-76.52645,3.43402,SIN INFORMACION,2023.0,julio     ,28.0,6.0,15:00,3.0,DENUNCIA,Hurto,HURTO A PERSONAS,Hurtos_fiscalia.csv,,,,,,,,,,,,,,,,,,,,,,,,,Nivel 1,1,1,POINT (727788.3875014762 871834.9925767926)
HURTO A PERSONAS,HURTO. ART. 239 C.P.,FACTOR DE OPORTUNIDAD,Nivel 1,,CALI,Junín,09,-76.526411,3.433923,VIA PUBLICA,2023.0,enero     ,16.0,2.0,15:57,3.0,QUERELLA,Hurto,HURTO A PERSONAS,Hurtos_fiscalia.csv,,,,,,,,,,,,,,,,,,,,,,,,,Nivel 1,1,1,POINT (727792.6976755126 871824.2455733466)
HURTO A PERSONAS,HURTO. ART. 239 C.P.,FACTOR DE OPORTUNIDAD,Nivel 1,,CALI,Junín,09,-76.52645,3.43402,SIN INFORMACION,2023.0,septiembre,1.0,6.0,15:30,3.0,DENUNCIA,Hurto,HURTO A PERSONAS,Hurtos_fiscalia.csv,,,,,,,,,,,,,,,,,,,,,,,,,Nivel 1,1,1,POINT (727788.3875014762 871834.9925767926)
HURTO A PERSONAS,HURTO. ART. 239 C.P.,FACTOR DE OPORTUNIDAD,Nivel 1,,CALI,Junín,09,-76.52645,3.43402,SIN INFORMACION,2023.0,agosto    ,8.0,3.0,23:40,3.0,QUERELLA,Hurto,HURTO A PERSONAS,Hurtos_fiscalia.csv,,,,,,,,,,,,,,,,,,,,,,,,,Nivel 1,1,1,POINT (727788.3875014762 871834.9925767926)
HURTO A PERSONAS,HURTO. ART. 239 C.P.,FACTOR DE OPORTUNIDAD,Nivel 1,,CALI,Junín,09,-76.526585,3.434082,OTRO,2023.0,septiembre,4.0,2.0,09:00,3.0,DENUNCIA,Hurto,HURTO A PERSONAS,Hurtos_fiscalia.csv,,,,,,,,,,,,,,,,,,,,,,,,,Nivel 1,1,1,POINT (727773.3900471239 871841.8931603959)
HURTO A PERSONAS,HURTO. ART. 239 C.P.,FACTOR DE OPORTUNIDAD,Nivel 1,,CALI,Junín,09,-76.52645,3.43402,SIN INFORMACION,2023.0,diciembre ,5.0,3.0,19:00,3.0,QUERELLA,Hurto,HURTO A PERSONAS,Hurtos_fiscalia.csv,,,,,,,,,,,,,,,,,,,,,,,,,Nivel 1,1,1,POINT (727788.3875014762 871834.9925767926)
HURTO A PERSONAS,HURTO CALIFICADO. ART. 240 C.P.,FACTOR DE OPORTUNIDAD,Nivel 1,,CALI,Junín,09,-76.52645,3.43402,SIN INFORMACION,2023.0,junio     ,19.0,2.0,12:00,3.0,DENUNCIA,Hurto,HURTO A PERSONAS,Hurtos_fiscalia.csv,,,,,,,,,,,,,,,,,,,,,,,,,Nivel 1,1,1,POINT (727788.3875014762 871834.9925767926)
HURTO A PERSONAS,HURTO. ART. 239 C.P.,FACTOR DE OPORTUNIDAD,Nivel 1,,CALI,Junín,09,-76.52645,3.43402,SIN INFORMACION,2023.0,octubre   ,17.0,3.0,21:00,3.0,DENUNCIA,Hurto,HURTO A PERSONAS,Hurtos_fiscalia.csv,,,,,,,,,,,,,,,,,,,,,,,,,Nivel 1,1,1,POINT (727788.3875014762 871834.9925767926)
HURTO A PERSONAS,HURTO. ART. 239 C.P.,FACTOR DE OPORTUNIDAD,Nivel 1,,CALI,Junín,09,-76.52645,3.43402,SIN INFORMACION,2023.0,enero     ,23.0,2.0,11:45,3.0,QUERELLA,Hurto,HURTO A PERSONAS,Hurtos_fiscalia.csv,,,,,,,,,,,,,,,,,,,,,,,,,Nivel 1,1,1,POINT (727788.3875014762 871834.9925767926)
HURTO A PERSONAS,HURTO. ART. 239 C.P.,FACTOR DE OPORTUNIDAD,Nivel 1,,CALI,Junín,09,-76.52645,3.43402,SIN INFORMACION,2023.0,febrero   ,14.0,3.0,09:00,3.0,DENUNCIA,Hurto,HURTO A PERSONAS,Hurtos_fiscalia.csv,,,,,,,,,,,,,,,,,,,,,,,,,Nivel 1,1,1,POINT (727788.3875014762 871834.9925767926)
HURTO A PERSONAS,HURTO. ART. 239 C.P.,FACTOR DE OPORTUNIDAD,Nivel 1,,CALI,Junín,09,-76.52645,3.43402,SIN INFORMACION,2023.0,octubre   ,28.0,7.0,22:30,3.0,DENUNCIA,Hurto,HURTO A PERSONAS,Hurtos_fiscalia.csv,,,,,,,,,,,,,,,,,,,,,,,,,Nivel 1,1,1,POINT (727788.3875014762 871834.9925767926)
HURTO A PERSONAS,HURTO. ART. 239 C.P.,FACTOR DE OPORTUNIDAD,Nivel 1,,CALI,Junín,09,-76.52645,3.43402,SIN INFORMACION,2023.0,septiembre,29.0,6.0,22:50,3.0,QUERELLA,Hurto,HURTO A PERSONAS,Hurtos_fiscalia.csv,,,,,,,,,,,,,,,,,,,,,,,,,Nivel 1,1,1,POINT (727788.3875014762 871834.9925767926)
HURTO A PERSONAS,HURTO. ART. 239 C.P.,FACTOR DE OPORTUNIDAD,Nivel 1,,CALI,Junín,09,-76.52645,3.43402,SIN INFORMACION,2023.0,mayo      ,25.0,5.0,16:03,3.0,QUERELLA,Hurto,HURTO A PERSONAS,Hurtos_fiscalia.csv,,,,,,,,,,,,,,,,,,,,,,,,,Nivel 1,1,1,POINT (727788.3875014762 871834.9925767926)
HURTO A PERSONAS,HURTO. ART. 239 C.P.,FACTOR DE OPORTUNIDAD,Nivel 1,,CALI,Junín,09,-76.52645,3.43402,SIN INFORMACION,2023.0,agosto    ,24.0,5.0,13:17,3.0,QUERELLA,Hurto,HURTO A PERSONAS,Hurtos_fiscalia.csv,,,,,,,,,,,,,,,,,,,,,,,,,Nivel 1,1,1,POINT (727788.3875014762 871834.9925767926)
HURTO A PERSONAS,HURTO. ART. 239 C.P.,FACTOR DE OPORTUNIDAD,Nivel 1,,CALI,Junín,09,-76.52645,3.43402,SIN INFORMACION,2023.0,abril     ,21.0,6.0,15:00,3.0,DENUNCIA,Hurto,HURTO A PERSONAS,Hurtos_fiscalia.csv,,,,,,,,,,,,,,,,,,,,,,,,,Nivel 1,1,1,POINT (727788.3875014762 871834.9925767926)
HURTO A PERSONAS,HURTO. ART. 239 C.P.,FACTOR DE OPORTUNIDAD,Nivel 1,,CALI,Junín,09,-76.52645,3.43402,SIN INFORMACION,2023.0,julio     ,6.0,5.0,11:30,3.0,DENUNCIA,Hurto,HURTO A PERSONAS,Hurtos_fiscalia.csv,,,,,,,,,,,,,,,,,,,,,,,,,Nivel 1,1,1,POINT (727788.3875014762 871834.9925767926)
HURTO A PERSONAS,HURTO. ART. 239 C.P.,FACTOR DE OPORTUNIDAD,Nivel 1,,CALI,Junín,09,-76.52645,3.43402,SIN INFORMACION,2023.0,julio     ,20.0,5.0,06:00,3.0,DENUNCIA,Hurto,HURTO A PERSONAS,Hurtos_fiscalia.csv,,,,,,,,,,,,,,,,,,,,,,,,,Nivel 1,1,1,POINT (727788.3875014762 871834.9925767926)
HURTO A PERSONAS,HURTO. ART. 239 C.P.,FACTOR DE OPORTUNIDAD,Nivel 1,,CALI,Junín,09,-76.52645,3.43402,SIN INFORMACION,2023.0,diciembre ,21.0,5.0,02:14,3.0,DENUNCIA,Hurto,HURTO A PERSONAS,Hurtos_fiscalia.csv,,,,,,,,,,,,,,,,,,,,,,,,,Nivel 1,1,1,POINT (727788.3875014762 871834.9925767926)
HURTO A PERSONAS,HURTO. ART. 239 C.P.,FACTOR DE OPORTUNIDAD,Nivel 1,,CALI,Junín,09,-76.52645,3.43402,SIN INFORMACION,2023.0,abril     ,25.0,3.0,15:31,3.0,DENUNCIA,Hurto,HURTO A PERSONAS,Hurtos_fiscalia.csv,,,,,,,,,,,,,,,,,,,,,,,,,Nivel 1,1,1,POINT (727788.3875014762 871834.9925767926)
HURTO A PERSONAS,HURTO. ART. 239 C.P.,FACTOR DE OPORTUNIDAD,Nivel 1,,CALI,Junín,09,-76.527457,3.43427,SIN INFORMACION,2023.0,mayo      ,8.0,2.0,16:09,3.0,DENUNCIA,Hurto,HURTO A PERSONAS,Hurtos_fiscalia.csv,,,,,,,,,,,,,,,,,,,,,,,,,Nivel 1,1,1,POINT (727676.457343556 871862.9494051954)
HURTO A PERSONAS,HURTO CALIFICADO. ART. 240 C.P.,FACTOR DE OPORTUNIDAD,Nivel 1,,CALI,Junín,09,-76.527897,3.433834,DOMICILIO,2023.0,agosto    ,23.0,4.0,07:00,3.0,DENUNCIA,Hurto,HURTO A PERSONAS,Hurtos_fiscalia.csv,,,,,,,,,,,,,,,,,,,,,,,,,Nivel 1,1,1,POINT (727627.3957252274 871814.8186219935)
HURTO A PERSONAS,HURTO. ART. 239 C.P.,FACTOR DE OPORTUNIDAD,Nivel 1,,CALI,Junín,09,-76.526504,3.433964,OTRO,2023.0,septiembre,19.0,3.0,22:55,3.0,QUERELLA,Hurto,HURTO A PERSONAS,Hurtos_fiscalia.csv,,,,,,,,,,,,,,,,,,,,,,,,,Nivel 1,1,1,POINT (727782.3656093153 871828.809922449)
HURTO A PERSONAS,HURTO. ART. 239 C.P.,FACTOR DE OPORTUNIDAD,Nivel 1,,CALI,Junín,09,-76.52645,3.43402,SIN INFORMACION,2023.0,junio     ,9.0,6.0,15:56,3.0,DENUNCIA,Hurto,HURTO A PERSONAS,Hurtos_fiscalia.csv,,,,,,,,,,,,,,,,,,,,,,,,,Nivel 1,1,1,POINT (727788.3875014762 871834.9925767926)
HURTO A PERSONAS,HURTO. ART. 239 C.P.,FACTOR DE OPORTUNIDAD,Nivel 1,,CALI,Junín,09,-76.526506,3.434079,VIA PUBLICA,2023.0,julio     ,20.0,5.0,05:00,3.0,DENUNCIA,Hurto,HURTO A PERSONAS,Hurtos_fiscalia.csv,,,,,,,,,,,,,,,,,,,,,,,,,Nivel 1,1,1,POINT (727782.1757720553 871841.5386117259)
HURTO A PERSONAS,HURTO CALIFICADO. ART. 240 C.P.,FACTOR DE OPORTUNIDAD,Nivel 1,,CALI,Junín,09,-76.52645,3.43402,SIN INFORMACION,2023.0,agosto    ,7.0,2.0,21:56,3.0,DENUNCIA,Hurto,HURTO A PERSONAS,Hurtos_fiscalia.csv,,,,,,,,,,,,,,,,,,,,,,,,,Nivel 1,1,1,POINT (727788.3875014762 871834.9925767926)
HURTO A PERSONAS,HURTO. ART. 239 C.P.,FACTOR DE OPORTUNIDAD,Nivel 1,,CALI,Junín,09,-76.52645,3.43402,SIN INFORMACION,2023.0,noviembre ,15.0,4.0,23:00,3.0,DENUNCIA,Hurto,HURTO A PERSONAS,Hurtos_fiscalia.csv,,,,,,,,,,,,,,,,,,,,,,,,,Nivel 1,1,1,POINT (727788.3875014762 871834.9925767926)
HURTO A PERSONAS,HURTO. ART. 239 C.P.,FACTOR DE OPORTUNIDAD,Nivel 1,,CALI,Junín,09,-76.52645,3.43402,SIN INFORMACION,2023.0,julio     ,12.0,4.0,18:40,3.0,DENUNCIA,Hurto,HURTO A PERSONAS,Hurtos_fiscalia.csv,,,,,,,,,,,,,,,,,,,,,,,,,Nivel 1,1,1,POINT (727788.3875014762 871834.9925767926)
HURTO A PERSONAS,HURTO. ART. 239 C.P.,FACTOR DE OPORTUNIDAD,Nivel 1,,CALI,Junín,09,-76.52645,3.43402,SIN INFORMACION,2023.0,mayo      ,25.0,5.0,13:00,3.0,DENUNCIA,Hurto,HURTO A PERSONAS,Hurtos_fiscalia.csv,,,,,,,,,,,,,,,,,,,,,,,,,Nivel 1,1,1,POINT (727788.3875014762 871834.9925767926)
HURTO A PERSONAS,HURTO. ART. 239 C.P.,FACTOR DE OPORTUNIDAD,Nivel 1,,CALI,Junín,09,-76.52645,3.43402,SIN INFORMACION,2023.0,octubre   ,16.0,2.0,12:00,3.0,DENUNCIA,Hurto,HURTO A PERSONAS,Hurtos_fiscalia.csv,,,,,,,,,,,,,,,,,,,,,,,,,Nivel 1,1,1,POINT (727788.3875014762 871834.9925767926)
HURTO A PERSONAS,HURTO CALIFICADO. ART. 240 C.P.,FACTOR DE OPORTUNIDAD,Nivel 1,,CALI,Junín,09,-76.52645,3.43402,SIN INFORMACION,2023.0,marzo     ,14.0,3.0,09:00,3.0,DENUNCIA,Hurto,HURTO A PERSONAS,Hurtos_fiscalia.csv,,,,,,,,,,,,,,,,,,,,,,,,,Nivel 1,1,1,POINT (727788.3875014762 871834.9925767926)
HURTO A PERSONAS,HURTO. ART. 239 C.P.,FACTOR DE OPORTUNIDAD,Nivel 1,,CALI,Junín,09,-76.52645,3.43402,SIN INFORMACION,2023.0,agosto    ,19.0,7.0,19:00,3.0,DENUNCIA,Hurto,HURTO A PERSONAS,Hurtos_fiscalia.csv,,,,,,,,,,,,,,,,,,,,,,,,,Nivel 1,1,1,POINT (727788.3875014762 871834.9925767926)
HURTO A PERSONAS,HURTO CALIFICADO. ART. 240 C.P.,FACTOR DE OPORTUNIDAD,Nivel 1,,CALI,Junín,09,-76.52645,3.43402,SIN INFORMACION,2023.0,junio     ,10.0,7.0,20:00,3.0,DENUNCIA,Hurto,HURTO A PERSONAS,Hurtos_fiscalia.csv,,,,,,,,,,,,,,,,,,,,,,,,,Nivel 1,1,1,POINT (727788.3875014762 871834.9925767926)
HURTO A PERSONAS,HURTO CALIFICADO. ART. 240 C.P.,FACTOR DE OPORTUNIDAD,Nivel 1,,CALI,Junín,09,-76.52645,3.43402,SIN INFORMACION,2023.0,septiembre,25.0,2.0,05:00,3.0,DENUNCIA,Hurto,HURTO A PERSONAS,Hurtos_fiscalia.csv,,,,,,,,,,,,,,,,,,,,,,,,,Nivel 1,1,1,POINT (727788.3875014762 871834.9925767926)
HURTO A PERSONAS,HURTO. ART. 239 C.P.,FACTOR DE OPORTUNIDAD,Nivel 1,,CALI,Junín,09,-76.526492,3.434079,DOMICILIO,2023.0,octubre   ,16.0,2.0,01:00,3.0,DENUNCIA,Hurto,HURTO A PERSONAS,Hurtos_fiscalia.csv,,,,,,,,,,,,,,,,,,,,,,,,,Nivel 1,1,1,POINT (727783.7328866654 871841.5346225547)
HURTO A PERSONAS,HURTO. ART. 239 C.P.,FACTOR DE OPORTUNIDAD,Nivel 1,,CALI,Junín,09,-76.52645,3.43402,SIN INFORMACION,2023.0,marzo     ,31.0,6.0,16:30,3.0,QUERELLA,Hurto,HURTO A PERSONAS,Hurtos_fiscalia.csv,,,,,,,,,,,,,,,,,,,,,,,,,Nivel 1,1,1,POINT (727788.3875014762 871834.9925767926)
HURTO A PERSONAS,HURTO. ART. 239 C.P.,FACTOR DE OPORTUNIDAD,Nivel 1,,CALI,Junín,09,-76.52645,3.43402,SIN INFORMACION,2023.0,agosto    ,7.0,2.0,12:45,3.0,DENUNCIA,Hurto,HURTO A PERSONAS,Hurtos_fiscalia.csv,,,,,,,,,,,,,,,,,,,,,,,,,Nivel 1,1,1,POINT (727788.3875014762 871834.9925767926)
HURTO A PERSONAS,HURTO. ART. 239 C.P.,FACTOR DE OPORTUNIDAD,Nivel 1,,CALI,Junín,09,-76.52645,3.43402,SIN INFORMACION,2023.0,agosto    ,3.0,5.0,06:00,3.0,DENUNCIA,Hurto,HURTO A PERSONAS,Hurtos_fiscalia.csv,,,,,,,,,,,,,,,,,,,,,,,,,Nivel 1,1,1,POINT (727788.3875014762 871834.9925767926)
HURTO A PERSONAS,HURTO. ART. 239 C.P.,FACTOR DE OPORTUNIDAD,Nivel 1,,CALI,Junín,09,-76.52645,3.43402,SIN INFORMACION,2023.0,noviembre ,2.0,5.0,00:14,3.0,QUERELLA,Hurto,HURTO A PERSONAS,Hurtos_fiscalia.csv,,,,,,,,,,,,,,,,,,,,,,,,,Nivel 1,1,1,POINT (727788.3875014762 871834.9925767926)
HURTO A PERSONAS,HURTO. ART. 239 C.P.,FACTOR DE OPORTUNIDAD,Nivel 1,,CALI,Junín,09,-76.52645,3.43402,SIN INFORMACION,2023.0,julio     ,10.0,2.0,12:44,3.0,QUERELLA,Hurto,HURTO A PERSONAS,Hurtos_fiscalia.csv,,,,,,,,,,,,,,,,,,,,,,,,,Nivel 1,1,1,POINT (727788.3875014762 871834.9925767926)
HURTO A PERSONAS,HURTO. ART. 239 C.P.,FACTOR DE OPORTUNIDAD,Nivel 1,,CALI,Junín,09,-76.52645,3.43402,SIN INFORMACION,2023.0,septiembre,27.0,4.0,01:50,3.0,QUERELLA,Hurto,HURTO A PERSONAS,Hurtos_fiscalia.csv,,,,,,,,,,,,,,,,,,,,,,,,,Nivel 1,1,1,POINT (727788.3875014762 871834.9925767926)
HURTO A PERSONAS,HURTO. ART. 239 C.P.,FACTOR DE OPORTUNIDAD,Nivel 1,,CALI,Junín,09,-76.52645,3.43402,SIN INFORMACION,2023.0,agosto    ,23.0,4.0,23:28,3.0,QUERELLA,Hurto,HURTO A PERSONAS,Hurtos_fiscalia.csv,,,,,,,,,,,,,,,,,,,,,,,,,Nivel 1,1,1,POINT (727788.3875014762 871834.9925767926)
HURTO A PERSONAS,HURTO. ART. 239 C.P.,FACTOR DE OPORTUNIDAD,Nivel 1,,CALI,Junín,09,-76.52805,3.433615,ESTABLECIMIENTO DE COMERCIO,2023.0,julio     ,8.0,7.0,12:30,3.0,DENUNCIA,Hurto,HURTO A PERSONAS,Hurtos_fiscalia.csv,,,,,,,,,,,,,,,,,,,,,,,,,Nivel 1,1,1,POINT (727610.3165335723 871790.6234468261)
HURTO A PERSONAS,HURTO. ART. 239 C.P.,FACTOR DE OPORTUNIDAD,Nivel 1,,CALI,Junín,09,-76.52645,3.43402,SIN INFORMACION,2023.0,junio     ,16.0,6.0,20:00,3.0,DENUNCIA,Hurto,HURTO A PERSONAS,Hurtos_fiscalia.csv,,,,,,,,,,,,,,,,,,,,,,,,,Nivel 1,1,1,POINT (727788.3875014762 871834.9925767926)
HURTO A PERSONAS,HURTO CALIFICADO. ART. 240 C.P.,FACTOR DE OPORTUNIDAD,Nivel 1,,CALI,Junín,09,-76.52645,3.43402,SIN INFORMACION,2023.0,noviembre ,6.0,2.0,20:00,3.0,DENUNCIA,Hurto,HURTO A PERSONAS,Hurtos_fiscalia.csv,,,,,,,,,,,,,,,,,,,,,,,,,Nivel 1,1,1,POINT (727788.3875014762 871834.9925767926)
HURTO A PERSONAS,HURTO. ART. 239 C.P.,FACTOR DE OPORTUNIDAD,Nivel 1,,CALI,Junín,09,-76.52645,3.43402,SIN INFORMACION,2023.0,julio     ,12.0,4.0,04:00,3.0,DENUNCIA,Hurto,HURTO A PERSONAS,Hurtos_fiscalia.csv,,,,,,,,,,,,,,,,,,,,,,,,,Nivel 1,1,1,POINT (727788.3875014762 871834.9925767926)
HURTO A PERSONAS,HURTO. ART. 239 C.P.,FACTOR DE OPORTUNIDAD,Nivel 1,,CALI,Junín,09,-76.52645,3.43402,SIN INFORMACION,2023.0,junio     ,30.0,6.0,05:30,3.0,QUERELLA,Hurto,HURTO A PERSONAS,Hurtos_fiscalia.csv,,,,,,,,,,,,,,,,,,,,,,,,,Nivel 1,1,1,POINT (727788.3875014762 871834.9925767926)
HURTO A PERSONAS,HURTO. ART. 239 C.P.,FACTOR DE OPORTUNIDAD,Nivel 1,,CALI,Junín,09,-76.52645,3.43402,SIN INFORMACION,2023.0,junio     ,30.0,6.0,13:00,3.0,QUERELLA,Hurto,HURTO A PERSONAS,Hurtos_fiscalia.csv,,,,,,,,,,,,,,,,,,,,,,,,,Nivel 1,1,1,POINT (727788.3875014762 871834.9925767926)
HURTO A PERSONAS,HURTO. ART. 239 C.P.,FACTOR DE OPORTUNIDAD,Nivel 1,,CALI,Junín,09,-76.52645,3.43402,SIN INFORMACION,2023.0,septiembre,19.0,3.0,21:19,3.0,QUERELLA,Hurto,HURTO A PERSONAS,Hurtos_fiscalia.csv,,,,,,,,,,,,,,,,,,,,,,,,,Nivel 1,1,1,POINT (727788.3875014762 871834.9925767926)
HURTO A PERSONAS,HURTO. ART. 239 C.P.,FACTOR DE OPORTUNIDAD,Nivel 1,,CALI,Junín,09,-76.52645,3.43402,SIN INFORMACION,2023.0,noviembre ,12.0,1.0,19:30,3.0,DENUNCIA,Hurto,HURTO A PERSONAS,Hurtos_fiscalia.csv,,,,,,,,,,,,,,,,,,,,,,,,,Nivel 1,1,1,POINT (727788.3875014762 871834.9925767926)
HURTO A PERSONAS,HURTO. ART. 239 C.P.,FACTOR DE OPORTUNIDAD,Nivel 1,,CALI,Junín,09,-76.52645,3.43402,SIN INFORMACION,2023.0,octubre   ,18.0,4.0,14:42,3.0,DENUNCIA,Hurto,HURTO A PERSONAS,Hurtos_fiscalia.csv,,,,,,,,,,,,,,,,,,,,,,,,,Nivel 1,1,1,POINT (727788.3875014762 871834.9925767926)
HURTO A PERSONAS,HURTO. ART. 239 C.P.,FACTOR DE OPORTUNIDAD,Nivel 1,,CALI,Junín,09,-76.52645,3.43402,SIN INFORMACION,2023.0,noviembre ,30.0,5.0,11:30,3.0,DENUNCIA,Hurto,HURTO A PERSONAS,Hurtos_fiscalia.csv,,,,,,,,,,,,,,,,,,,,,,,,,Nivel 1,1,1,POINT (727788.3875014762 871834.9925767926)
HURTO A PERSONAS,HURTO. ART. 239 C.P.,FACTOR DE OPORTUNIDAD,Nivel 1,,CALI,Junín,09,-76.52645,3.43402,SIN INFORMACION,2023.0,noviembre ,8.0,4.0,20:00,3.0,DENUNCIA,Hurto,HURTO A PERSONAS,Hurtos_fiscalia.csv,,,,,,,,,,,,,,,,,,,,,,,,,Nivel 1,1,1,POINT (727788.3875014762 871834.9925767926)
HURTO A PERSONAS,HURTO. ART. 239 C.P.,FACTOR DE OPORTUNIDAD,Nivel 1,,CALI,Junín,09,-76.52645,3.43402,SIN INFORMACION,2023.0,junio     ,25.0,1.0,18:30,3.0,DENUNCIA,Hurto,HURTO A PERSONAS,Hurtos_fiscalia.csv,,,,,,,,,,,,,,,,,,,,,,,,,Nivel 1,1,1,POINT (727788.3875014762 871834.9925767926)
HURTO A PERSONAS,HURTO CALIFICADO. ART. 240 C.P.,FACTOR DE OPORTUNIDAD,Nivel 1,,CALI,Junín,09,-76.526447,3.434072,VIA PUBLICA,2023.0,abril     ,28.0,6.0,04:27,3.0,DENUNCIA,Hurto,HURTO A PERSONAS,Hurtos_fiscalia.csv,,,,,,,,,,,,,,,,,,,,,,,,,Nivel 1,1,1,POINT (727788.7359130047 871840.7470453122)
HURTO A PERSONAS,HURTO. ART. 239 C.P.,FACTOR DE OPORTUNIDAD,Nivel 1,,CALI,Junín,09,-76.52645,3.43402,SIN INFORMACION,2023.0,septiembre,27.0,4.0,13:00,3.0,QUERELLA,Hurto,HURTO A PERSONAS,Hurtos_fiscalia.csv,,,,,,,,,,,,,,,,,,,,,,,,,Nivel 1,1,1,POINT (727788.3875014762 871834.9925767926)
HURTO A PERSONAS,HURTO. ART. 239 C.P.,FACTOR DE OPORTUNIDAD,Nivel 1,,CALI,Junín,09,-76.52645,3.43402,SIN INFORMACION,2023.0,diciembre ,6.0,4.0,17:26,3.0,QUERELLA,Hurto,HURTO A PERSONAS,Hurtos_fiscalia.csv,,,,,,,,,,,,,,,,,,,,,,,,,Nivel 1,1,1,POINT (727788.3875014762 871834.9925767926)
HURTO A PERSONAS,HURTO CALIFICADO. ART. 240 C.P.,FACTOR DE OPORTUNIDAD,Nivel 1,,CALI,Junín,09,-76.52645,3.43402,SIN INFORMACION,2023.0,octubre   ,15.0,1.0,21:00,3.0,DENUNCIA,Hurto,HURTO A PERSONAS,Hurtos_fiscalia.csv,,,,,,,,,,,,,,,,,,,,,,,,,Nivel 1,1,1,POINT (727788.3875014762 871834.9925767926)
HURTO A PERSONAS,HURTO. ART. 239 C.P.,FACTOR DE OPORTUNIDAD,Nivel 1,,CALI,Junín,09,-76.52645,3.43402,SIN INFORMACION,2023.0,abril     ,30.0,1.0,07:30,3.0,DENUNCIA,Hurto,HURTO A PERSONAS,Hurtos_fiscalia.csv,,,,,,,,,,,,,,,,,,,,,,,,,Nivel 1,1,1,POINT (727788.3875014762 871834.9925767926)
HURTO A PERSONAS,HURTO CALIFICADO. ART. 240 C.P.,FACTOR DE OPORTUNIDAD,Nivel 1,,CALI,Junín,09,-76.52645,3.43402,SIN INFORMACION,2023.0,septiembre,8.0,6.0,10:16,3.0,DENUNCIA,Hurto,HURTO A PERSONAS,Hurtos_fiscalia.csv,,,,,,,,,,,,,,,,,,,,,,,,,Nivel 1,1,1,POINT (727788.3875014762 871834.9925767926)
HURTO A PERSONAS,HURTO CALIFICADO. ART. 240 C.P.,FACTOR DE OPORTUNIDAD,Nivel 1,,CALI,Junín,09,-76.52645,3.43402,SIN INFORMACION,2023.0,marzo     ,19.0,1.0,14:11,3.0,DENUNCIA,Hurto,HURTO A PERSONAS,Hurtos_fiscalia.csv,,,,,,,,,,,,,,,,,,,,,,,,,Nivel 1,1,1,POINT (727788.3875014762 871834.9925767926)
HURTO A PERSONAS,HURTO. ART. 239 C.P.,FACTOR DE OPORTUNIDAD,Nivel 1,,CALI,Junín,09,-76.52645,3.43402,SIN INFORMACION,2023.0,septiembre,9.0,7.0,01:45,3.0,DENUNCIA,Hurto,HURTO A PERSONAS,Hurtos_fiscalia.csv,,,,,,,,,,,,,,,,,,,,,,,,,Nivel 1,1,1,POINT (727788.3875014762 871834.9925767926)
HURTO A PERSONAS,HURTO. ART. 239 C.P.,FACTOR DE OPORTUNIDAD,Nivel 1,,CALI,Junín,09,-76.52645,3.43402,SIN INFORMACION,2023.0,abril     ,12.0,4.0,16:30,3.0,DENUNCIA,Hurto,HURTO A PERSONAS,Hurtos_fiscalia.csv,,,,,,,,,,,,,,,,,,,,,,,,,Nivel 1,1,1,POINT (727788.3875014762 871834.9925767926)
HURTO A PERSONAS,HURTO. ART. 239 C.P.,FACTOR DE OPORTUNIDAD,Nivel 1,,CALI,Junín,09,-76.52645,3.43402,SIN INFORMACION,2023.0,julio     ,27.0,5.0,08:00,3.0,DENUNCIA,Hurto,HURTO A PERSONAS,Hurtos_fiscalia.csv,,,,,,,,,,,,,,,,,,,,,,,,,Nivel 1,1,1,POINT (727788.3875014762 871834.9925767926)
HURTO A PERSONAS,HURTO. ART. 239 C.P.,FACTOR DE OPORTUNIDAD,Nivel 1,,CALI,Junín,09,-76.52645,3.43402,SIN INFORMACION,2023.0,mayo      ,29.0,2.0,10:02,3.0,QUERELLA,Hurto,HURTO A PERSONAS,Hurtos_fiscalia.csv,,,,,,,,,,,,,,,,,,,,,,,,,Nivel 1,1,1,POINT (727788.3875014762 871834.9925767926)
HURTO A PERSONAS,HURTO CALIFICADO. ART. 240 C.P.,FACTOR DE OPORTUNIDAD,Nivel 1,,CALI,Junín,09,-76.52645,3.43402,SIN INFORMACION,2023.0,septiembre,22.0,6.0,16:00,3.0,DENUNCIA,Hurto,HURTO A PERSONAS,Hurtos_fiscalia.csv,,,,,,,,,,,,,,,,,,,,,,,,,Nivel 1,1,1,POINT (727788.3875014762 871834.9925767926)
HURTO A PERSONAS,HURTO. ART. 239 C.P.,FACTOR DE OPORTUNIDAD,Nivel 1,,CALI,Junín,09,-76.526439,3.434009,CERCA ENTIDAD FINANCIERA,2023.0,marzo     ,21.0,3.0,13:47,3.0,DENUNCIA,Hurto,HURTO A PERSONAS,Hurtos_fiscalia.csv,,,,,,,,,,,,,,,,,,,,,,,,,Nivel 1,1,1,POINT (727789.6078297888 871833.7719703367)
HURTO A PERSONAS,HURTO. ART. 239 C.P.,FACTOR DE OPORTUNIDAD,Nivel 1,,CALI,Junín,09,-76.52645,3.43402,SIN INFORMACION,2023.0,junio     ,20.0,3.0,11:30,3.0,DENUNCIA,Hurto,HURTO A PERSONAS,Hurtos_fiscalia.csv,,,,,,,,,,,,,,,,,,,,,,,,,Nivel 1,1,1,POINT (727788.3875014762 871834.9925767926)
HURTO A PERSONAS,HURTO. ART. 239 C.P.,FACTOR DE OPORTUNIDAD,Nivel 1,,CALI,Junín,09,-76.52645,3.43402,SIN INFORMACION,2023.0,noviembre ,1.0,4.0,15:30,3.0,QUERELLA,Hurto,HURTO A PERSONAS,Hurtos_fiscalia.csv,,,,,,,,,,,,,,,,,,,,,,,,,Nivel 1,1,1,POINT (727788.3875014762 871834.9925767926)
HURTO A PERSONAS,HURTO. ART. 239 C.P.,FACTOR DE OPORTUNIDAD,Nivel 1,,CALI,Junín,09,-76.52645,3.43402,SIN INFORMACION,2023.0,septiembre,21.0,5.0,22:01,3.0,QUERELLA,Hurto,HURTO A PERSONAS,Hurtos_fiscalia.csv,,,,,,,,,,,,,,,,,,,,,,,,,Nivel 1,1,1,POINT (727788.3875014762 871834.9925767926)
HURTO A PERSONAS,HURTO CALIFICADO. ART. 240 C.P.,FACTOR DE OPORTUNIDAD,Nivel 1,,CALI,Junín,09,-76.52645,3.43402,SIN INFORMACION,2023.0,julio     ,12.0,4.0,21:30,3.0,DENUNCIA,Hurto,HURTO A PERSONAS,Hurtos_fiscalia.csv,,,,,,,,,,,,,,,,,,,,,,,,,Nivel 1,1,1,POINT (727788.3875014762 871834.9925767926)
HURTO A PERSONAS,HURTO CALIFICADO. ART. 240 C.P.,FACTOR DE OPORTUNIDAD,Nivel 1,,CALI,Junín,09,-76.52645,3.43402,SIN INFORMACION,2023.0,mayo      ,15.0,2.0,09:30,3.0,DENUNCIA,Hurto,HURTO A PERSONAS,Hurtos_fiscalia.csv,,,,,,,,,,,,,,,,,,,,,,,,,Nivel 1,1,1,POINT (727788.3875014762 871834.9925767926)
HURTO A PERSONAS,HURTO CALIFICADO. ART. 240 C.P.,FACTOR DE OPORTUNIDAD,Nivel 1,,CALI,Junín,09,-76.52645,3.43402,SIN INFORMACION,2023.0,agosto    ,25.0,6.0,23:37,3.0,DENUNCIA,Hurto,HURTO A PERSONAS,Hurtos_fiscalia.csv,,,,,,,,,,,,,,,,,,,,,,,,,Nivel 1,1,1,POINT (727788.3875014762 871834.9925767926)
HURTO A PERSONAS,HURTO. ART. 239 C.P.,FACTOR DE OPORTUNIDAD,Nivel 1,,CALI,Junín,09,-76.52645,3.43402,SIN INFORMACION,2023.0,agosto    ,22.0,3.0,20:44,3.0,QUERELLA,Hurto,HURTO A PERSONAS,Hurtos_fiscalia.csv,,,,,,,,,,,,,,,,,,,,,,,,,Nivel 1,1,1,POINT (727788.3875014762 871834.9925767926)
HURTO A PERSONAS,HURTO CALIFICADO. ART. 240 C.P.,FACTOR DE OPORTUNIDAD,Nivel 1,,CALI,Junín,09,-76.52645,3.43402,SIN INFORMACION,2023.0,noviembre ,2.0,5.0,14:53,3.0,DENUNCIA,Hurto,HURTO A PERSONAS,Hurtos_fiscalia.csv,,,,,,,,,,,,,,,,,,,,,,,,,Nivel 1,1,1,POINT (727788.3875014762 871834.9925767926)
HURTO A PERSONAS,HURTO CALIFICADO. ART. 240 C.P.,FACTOR DE OPORTUNIDAD,Nivel 1,,CALI,Junín,09,-76.52645,3.43402,SIN INFORMACION,2024.0,enero     ,28.0,1.0,14:00,3.0,DENUNCIA,Hurto,HURTO A PERSONAS,Hurtos_fiscalia.csv,,,,,,,,,,,,,,,,,,,,,,,,,Nivel 1,1,1,POINT (727788.3875014762 871834.9925767926)
HURTO A PERSONAS,HURTO. ART. 239 C.P.,FACTOR DE OPORTUNIDAD,Nivel 1,,CALI,Junín,09,-76.527346,3.433997,SIN INFORMACION,2025.0,febrero   ,9.0,1.0,17:53,3.0,QUERELLA,Hurto,HURTO A PERSONAS,Hurtos_fiscalia.csv,,,,,,,,,,,,,,,,,,,,,,,,,Nivel 1,1,1,POINT (727688.725606797 871832.7022956323)
HURTO A PERSONAS,HURTO CALIFICADO. ART. 240 C.P.,FACTOR DE OPORTUNIDAD,Nivel 1,,CALI,Junín,09,-76.527346,3.433997,SIN INFORMACION,2025.0,septiembre,6.0,7.0,08:43,3.0,DENUNCIA,Hurto,HURTO A PERSONAS,Hurtos_fiscalia.csv,,,,,,,,,,,,,,,,,,,,,,,,,Nivel 1,1,1,POINT (727688.725606797 871832.7022956323)
HURTO A PERSONAS,HURTO. ART. 239 C.P.,FACTOR DE OPORTUNIDAD,Nivel 1,,CALI,Junín,09,-76.52645,3.43402,SIN INFORMACION,2024.0,febrero   ,8.0,5.0,01:00,3.0,QUERELLA,Hurto,HURTO A PERSONAS,Hurtos_fiscalia.csv,,,,,,,,,,,,,,,,,,,,,,,,,Nivel 1,1,1,POINT (727788.3875014762 871834.9925767926)
HURTO A PERSONAS,HURTO CALIFICADO. ART. 240 C.P.,FACTOR DE OPORTUNIDAD,Nivel 1,,CALI,Junín,09,-76.52645,3.43402,SIN INFORMACION,2024.0,febrero   ,15.0,5.0,01:20,3.0,DENUNCIA,Hurto,HURTO A PERSONAS,Hurtos_fiscalia.csv,,,,,,,,,,,,,,,,,,,,,,,,,Nivel 1,1,1,POINT (727788.3875014762 871834.9925767926)
HURTO A PERSONAS,HURTO. ART. 239 C.P.,FACTOR DE OPORTUNIDAD,Nivel 1,,CALI,Junín,09,-76.52645,3.43402,SIN INFORMACION,2024.0,enero     ,14.0,1.0,03:31,3.0,DENUNCIA,Hurto,HURTO A PERSONAS,Hurtos_fiscalia.csv,,,,,,,,,,,,,,,,,,,,,,,,,Nivel 1,1,1,POINT (727788.3875014762 871834.9925767926)
HURTO A PERSONAS,HURTO. ART. 239 C.P.,FACTOR DE OPORTUNIDAD,Nivel 1,,CALI,Junín,09,-76.52645,3.43402,SIN INFORMACION,2024.0,marzo     ,9.0,7.0,19:00,3.0,QUERELLA,Hurto,HURTO A PERSONAS,Hurtos_fiscalia.csv,,,,,,,,,,,,,,,,,,,,,,,,,Nivel 1,1,1,POINT (727788.3875014762 871834.9925767926)
HURTO A PERSONAS,HURTO. ART. 239 C.P.,FACTOR DE OPORTUNIDAD,Nivel 1,,CALI,Junín,09,-76.528069,3.433923,SIN INFORMACION,2025.0,abril     ,4.0,6.0,18:00,3.0,DENUNCIA,Hurto,HURTO A PERSONAS,Hurtos_fiscalia.csv,,,,,,,,,,,,,,,,,,,,,,,,,Nivel 1,1,1,POINT (727608.2906845621 871824.7181272185)
HURTO A PERSONAS,HURTO. ART. 239 C.P.,FACTOR DE OPORTUNIDAD,Nivel 1,,CALI,Junín,09,-76.52645,3.43402,SIN INFORMACION,2024.0,febrero   ,6.0,3.0,13:20,3.0,DENUNCIA,Hurto,HURTO A PERSONAS,Hurtos_fiscalia.csv,,,,,,,,,,,,,,,,,,,,,,,,,Nivel 1,1,1,POINT (727788.3875014762 871834.9925767926)
HURTO A PERSONAS,HURTO. ART. 239 C.P.,FACTOR DE OPORTUNIDAD,Nivel 1,,CALI,Junín,09,-76.52645,3.43402,SIN INFORMACION,2024.0,febrero   ,16.0,6.0,07:12,3.0,DENUNCIA,Hurto,HURTO A PERSONAS,Hurtos_fiscalia.csv,,,,,,,,,,,,,,,,,,,,,,,,,Nivel 1,1,1,POINT (727788.3875014762 871834.9925767926)
HURTO A PERSONAS,HURTO. ART. 239 C.P.,FACTOR DE OPORTUNIDAD,Nivel 1,,CALI,Junín,09,-76.52645,3.43402,SIN INFORMACION,2024.0,marzo     ,2.0,7.0,15:30,3.0,DENUNCIA,Hurto,HURTO A PERSONAS,Hurtos_fiscalia.csv,,,,,,,,,,,,,,,,,,,,,,,,,Nivel 1,1,1,POINT (727788.3875014762 871834.9925767926)
HURTO A PERSONAS,HURTO CALIFICADO. ART. 240 C.P.,FACTOR DE OPORTUNIDAD,Nivel 1,,CALI,Junín,09,-76.526775,3.433257,DOMICILIO,2024.0,octubre   ,22.0,3.0,10:15,3.0,DENUNCIA,Hurto,HURTO A PERSONAS,Hurtos_fiscalia.csv,,,,,,,,,,,,,,,,,,,,,,,,,Nivel 1,1,1,POINT (727752.0238479057 871750.6368635569)
HURTO A PERSONAS,HURTO. ART. 239 C.P.,FACTOR DE OPORTUNIDAD,Nivel 1,,CALI,Junín,09,-76.527346,3.433997,SIN INFORMACION,2025.0,febrero   ,9.0,1.0,17:30,3.0,QUERELLA,Hurto,HURTO A PERSONAS,Hurtos_fiscalia.csv,,,,,,,,,,,,,,,,,,,,,,,,,Nivel 1,1,1,POINT (727688.725606797 871832.7022956323)
HURTO A PERSONAS,HURTO. ART. 239 C.P.,FACTOR DE OPORTUNIDAD,Nivel 1,,CALI,Junín,09,-76.527478,3.433911,VIA PUBLICA,2025.0,julio     ,29.0,3.0,09:07,3.0,DENUNCIA,Hurto,HURTO A PERSONAS,Hurtos_fiscalia.csv,,,,,,,,,,,,,,,,,,,,,,,,,Nivel 1,1,1,POINT (727674.019835078 871823.2214943612)
HURTO A PERSONAS,HURTO. ART. 239 C.P.,FACTOR DE OPORTUNIDAD,Nivel 1,,CALI,Junín,09,-76.52645,3.43402,SIN INFORMACION,2024.0,enero     ,22.0,2.0,15:30,3.0,DENUNCIA,Hurto,HURTO A PERSONAS,Hurtos_fiscalia.csv,,,,,,,,,,,,,,,,,,,,,,,,,Nivel 1,1,1,POINT (727788.3875014762 871834.9925767926)
HURTO A PERSONAS,HURTO. ART. 239 C.P.,FACTOR DE OPORTUNIDAD,Nivel 1,,CALI,Junín,09,-76.52645,3.43402,SIN INFORMACION,2024.0,enero     ,23.0,3.0,16:55,3.0,QUERELLA,Hurto,HURTO A PERSONAS,Hurtos_fiscalia.csv,,,,,,,,,,,,,,,,,,,,,,,,,Nivel 1,1,1,POINT (727788.3875014762 871834.9925767926)
HURTO A PERSONAS,HURTO CALIFICADO. ART. 240 C.P.,FACTOR DE OPORTUNIDAD,Nivel 1,,CALI,Junín,09,-76.52645,3.43402,SIN INFORMACION,2024.0,febrero   ,20.0,3.0,02:30,3.0,DENUNCIA,Hurto,HURTO A PERSONAS,Hurtos_fiscalia.csv,,,,,,,,,,,,,,,,,,,,,,,,,Nivel 1,1,1,POINT (727788.3875014762 871834.9925767926)
HURTO A PERSONAS,HURTO. ART. 239 C.P.,FACTOR DE OPORTUNIDAD,Nivel 1,,CALI,Junín,09,-76.52645,3.43402,SIN INFORMACION,2024.0,marzo     ,2.0,7.0,18:00,3.0,DENUNCIA,Hurto,HURTO A PERSONAS,Hurtos_fiscalia.csv,,,,,,,,,,,,,,,,,,,,,,,,,Nivel 1,1,1,POINT (727788.3875014762 871834.9925767926)
HURTO A PERSONAS,HURTO. ART. 239 C.P.,FACTOR DE OPORTUNIDAD,Nivel 1,,CALI,Junín,09,-76.526735,3.434478,VIA PUBLICA,2024.0,marzo     ,13.0,4.0,06:50,3.0,QUERELLA,Hurto,HURTO A PERSONAS,Hurtos_fiscalia.csv,,,,,,,,,,,,,,,,,,,,,,,,,Nivel 1,1,1,POINT (727756.8189772597 871885.7649145547)
HURTO A PERSONAS,HURTO. ART. 239 C.P.,FACTOR DE OPORTUNIDAD,Nivel 1,,CALI,Junín,09,-76.52645,3.43402,SIN INFORMACION,2024.0,febrero   ,12.0,2.0,16:00,3.0,DENUNCIA,Hurto,HURTO A PERSONAS,Hurtos_fiscalia.csv,,,,,,,,,,,,,,,,,,,,,,,,,Nivel 1,1,1,POINT (727788.3875014762 871834.9925767926)
HURTO A PERSONAS,HURTO. ART. 239 C.P.,FACTOR DE OPORTUNIDAD,Nivel 1,,CALI,Junín,09,-76.52645,3.43402,SIN INFORMACION,2024.0,enero     ,19.0,6.0,15:00,3.0,DENUNCIA,Hurto,HURTO A PERSONAS,Hurtos_fiscalia.csv,,,,,,,,,,,,,,,,,,,,,,,,,Nivel 1,1,1,POINT (727788.3875014762 871834.9925767926)
HURTO A PERSONAS,HURTO. ART. 239 C.P.,FACTOR DE OPORTUNIDAD,Nivel 1,,CALI,Junín,09,-76.52645,3.43402,SIN INFORMACION,2024.0,febrero   ,9.0,6.0,18:12,3.0,QUERELLA,Hurto,HURTO A PERSONAS,Hurtos_fiscalia.csv,,,,,,,,,,,,,,,,,,,,,,,,,Nivel 1,1,1,POINT (727788.3875014762 871834.9925767926)
HURTO A PERSONAS,HURTO CALIFICADO. ART. 240 C.P.,FACTOR DE OPORTUNIDAD,Nivel 1,,CALI,Junín,09,-76.527349,3.43405,DOMICILIO,2024.0,febrero   ,10.0,7.0,09:00,3.0,DENUNCIA,Hurto,HURTO A PERSONAS,Hurtos_fiscalia.csv,,,,,,,,,,,,,,,,,,,,,,,,,Nivel 1,1,1,POINT (727688.40697224 871838.5691572817)
HURTO A PERSONAS,HURTO. ART. 239 C.P.,FACTOR DE OPORTUNIDAD,Nivel 1,,CALI,Junín,09,-76.52645,3.43402,SIN INFORMACION,2024.0,febrero   ,14.0,4.0,11:14,3.0,DENUNCIA,Hurto,HURTO A PERSONAS,Hurtos_fiscalia.csv,,,,,,,,,,,,,,,,,,,,,,,,,Nivel 1,1,1,POINT (727788.3875014762 871834.9925767926)
HURTO A PERSONAS,HURTO. ART. 239 C.P.,FACTOR DE OPORTUNIDAD,Nivel 1,,CALI,Junín,09,-76.52645,3.43402,SIN INFORMACION,2024.0,marzo     ,8.0,6.0,06:01,3.0,QUERELLA,Hurto,HURTO A PERSONAS,Hurtos_fiscalia.csv,,,,,,,,,,,,,,,,,,,,,,,,,Nivel 1,1,1,POINT (727788.3875014762 871834.9925767926)
HURTO A PERSONAS,HURTO CALIFICADO. ART. 240 C.P.,FACTOR DE OPORTUNIDAD,Nivel 1,,CALI,Junín,09,-76.52645,3.43402,SIN INFORMACION,2024.0,marzo     ,13.0,4.0,10:47,3.0,DENUNCIA,Hurto,HURTO A PERSONAS,Hurtos_fiscalia.csv,,,,,,,,,,,,,,,,,,,,,,,,,Nivel 1,1,1,POINT (727788.3875014762 871834.9925767926)
HURTO A PERSONAS,HURTO. ART. 239 C.P.,FACTOR DE OPORTUNIDAD,Nivel 1,,CALI,Junín,09,-76.527538,3.434233,SIN INFORMACION,2024.0,mayo      ,3.0,6.0,20:00,3.0,DENUNCIA,Hurto,HURTO A PERSONAS,Hurtos_fiscalia.csv,,,,,,,,,,,,,,,,,,,,,,,,,Nivel 1,1,1,POINT (727667.4378220751 871858.8773588758)
HURTO A PERSONAS,HURTO. ART. 239 C.P.,FACTOR DE OPORTUNIDAD,Nivel 1,,CALI,Junín,09,-76.527346,3.433997,SIN INFORMACION,2025.0,julio     ,2.0,4.0,17:51,3.0,DENUNCIA,Hurto,HURTO A PERSONAS,Hurtos_fiscalia.csv,,,,,,,,,,,,,,,,,,,,,,,,,Nivel 1,1,1,POINT (727688.725606797 871832.7022956323)
HURTO A PERSONAS,HURTO. ART. 239 C.P.,FACTOR DE OPORTUNIDAD,Nivel 1,,CALI,Junín,09,-76.527346,3.433997,SIN INFORMACION,2025.0,julio     ,24.0,5.0,09:46,3.0,QUERELLA,Hurto,HURTO A PERSONAS,Hurtos_fiscalia.csv,,,,,,,,,,,,,,,,,,,,,,,,,Nivel 1,1,1,POINT (727688.725606797 871832.7022956323)
HURTO A PERSONAS,HURTO. ART. 239 C.P.,FACTOR DE OPORTUNIDAD,Nivel 1,,CALI,Junín,09,-76.527346,3.433997,SIN INFORMACION,2024.0,marzo     ,22.0,6.0,11:15,3.0,QUERELLA,Hurto,HURTO A PERSONAS,Hurtos_fiscalia.csv,,,,,,,,,,,,,,,,,,,,,,,,,Nivel 1,1,1,POINT (727688.725606797 871832.7022956323)
HURTO A PERSONAS,HURTO. ART. 239 C.P.,FACTOR DE OPORTUNIDAD,Nivel 1,,CALI,Junín,09,-76.527346,3.433997,SIN INFORMACION,2024.0,diciembre ,9.0,2.0,10:31,3.0,QUERELLA,Hurto,HURTO A PERSONAS,Hurtos_fiscalia.csv,,,,,,,,,,,,,,,,,,,,,,,,,Nivel 1,1,1,POINT (727688.725606797 871832.7022956323)
HURTO A PERSONAS,HURTO. ART. 239 C.P.,FACTOR DE OPORTUNIDAD,Nivel 1,,CALI,Junín,09,-76.527944,3.434196,OTRO,2025.0,marzo     ,5.0,4.0,06:41,3.0,DENUNCIA,Hurto,HURTO A PERSONAS,Hurtos_fiscalia.csv,,,,,,,,,,,,,,,,,,,,,,,,,Nivel 1,1,1,POINT (727622.2709658156 871854.8979703776)
HURTO A PERSONAS,HURTO. ART. 239 C.P.,FACTOR DE OPORTUNIDAD,Nivel 1,,CALI,Junín,09,-76.527346,3.433997,SIN INFORMACION,2025.0,abril     ,26.0,7.0,10:40,3.0,DENUNCIA,Hurto,HURTO A PERSONAS,Hurtos_fiscalia.csv,,,,,,,,,,,,,,,,,,,,,,,,,Nivel 1,1,1,POINT (727688.725606797 871832.7022956323)
HURTO A PERSONAS,HURTO CALIFICADO. ART. 240 C.P.,FACTOR DE OPORTUNIDAD,Nivel 1,,CALI,Junín,09,-76.527346,3.433997,SIN INFORMACION,2025.0,julio     ,9.0,4.0,18:42,3.0,DENUNCIA,Hurto,HURTO A PERSONAS,Hurtos_fiscalia.csv,,,,,,,,,,,,,,,,,,,,,,,,,Nivel 1,1,1,POINT (727688.725606797 871832.7022956323)
HURTO A PERSONAS,HURTO. ART. 239 C.P.,FACTOR DE OPORTUNIDAD,Nivel 1,,CALI,Junín,09,-76.52645,3.43402,SIN INFORMACION,2024.0,enero     ,27.0,7.0,20:30,3.0,DENUNCIA,Hurto,HURTO A PERSONAS,Hurtos_fiscalia.csv,,,,,,,,,,,,,,,,,,,,,,,,,Nivel 1,1,1,POINT (727788.3875014762 871834.9925767926)
HURTO A PERSONAS,HURTO. ART. 239 C.P.,FACTOR DE OPORTUNIDAD,Nivel 1,,CALI,Junín,09,-76.52645,3.43402,SIN INFORMACION,2024.0,enero     ,4.0,5.0,19:50,3.0,DENUNCIA,Hurto,HURTO A PERSONAS,Hurtos_fiscalia.csv,,,,,,,,,,,,,,,,,,,,,,,,,Nivel 1,1,1,POINT (727788.3875014762 871834.9925767926)
HURTO A PERSONAS,HURTO CALIFICADO. ART. 240 C.P.,FACTOR DE OPORTUNIDAD,Nivel 1,,CALI,Junín,09,-76.52645,3.43402,SIN INFORMACION,2024.0,marzo     ,4.0,2.0,06:39,3.0,DENUNCIA,Hurto,HURTO A PERSONAS,Hurtos_fiscalia.csv,,,,,,,,,,,,,,,,,,,,,,,,,Nivel 1,1,1,POINT (727788.3875014762 871834.9925767926)
HURTO A PERSONAS,HURTO. ART. 239 C.P.,FACTOR DE OPORTUNIDAD,Nivel 1,,CALI,Junín,09,-76.52645,3.43402,SIN INFORMACION,2024.0,febrero   ,5.0,2.0,04:59,3.0,DENUNCIA,Hurto,HURTO A PERSONAS,Hurtos_fiscalia.csv,,,,,,,,,,,,,,,,,,,,,,,,,Nivel 1,1,1,POINT (727788.3875014762 871834.9925767926)
HURTO A PERSONAS,HURTO CALIFICADO. ART. 240 C.P.,FACTOR DE OPORTUNIDAD,Nivel 1,,CALI,Junín,09,-76.52645,3.43402,SIN INFORMACION,2024.0,marzo     ,10.0,1.0,02:30,3.0,DENUNCIA,Hurto,HURTO A PERSONAS,Hurtos_fiscalia.csv,,,,,,,,,,,,,,,,,,,,,,,,,Nivel 1,1,1,POINT (727788.3875014762 871834.9925767926)
HURTO A PERSONAS,HURTO. ART. 239 C.P.,FACTOR DE OPORTUNIDAD,Nivel 1,,CALI,Junín,09,-76.52749,3.4345,SIN INFORMACION,2024.0,marzo     ,14.0,5.0,10:12,3.0,DENUNCIA,Hurto,HURTO A PERSONAS,Hurtos_fiscalia.csv,,,,,,,,,,,,,,,,,,,,,,,,,Nivel 1,1,1,POINT (727672.8522486406 871888.4150701927)
HURTO A PERSONAS,HURTO. ART. 239 C.P.,FACTOR DE OPORTUNIDAD,Nivel 1,,CALI,Junín,09,-76.527346,3.433997,SIN INFORMACION,2024.0,agosto    ,15.0,5.0,09:40,3.0,DENUNCIA,Hurto,HURTO A PERSONAS,Hurtos_fiscalia.csv,,,,,,,,,,,,,,,,,,,,,,,,,Nivel 1,1,1,POINT (727688.725606797 871832.7022956323)
HURTO A PERSONAS,HURTO. ART. 239 C.P.,FACTOR DE OPORTUNIDAD,Nivel 1,,CALI,Junín,09,-76.52645,3.43402,SIN INFORMACION,2024.0,febrero   ,7.0,4.0,13:00,3.0,QUERELLA,Hurto,HURTO A PERSONAS,Hurtos_fiscalia.csv,,,,,,,,,,,,,,,,,,,,,,,,,Nivel 1,1,1,POINT (727788.3875014762 871834.9925767926)
HURTO A PERSONAS,HURTO. ART. 239 C.P.,FACTOR DE OPORTUNIDAD,Nivel 1,,CALI,Junín,09,-76.52645,3.43402,SIN INFORMACION,2024.0,marzo     ,19.0,3.0,00:00,3.0,DENUNCIA,Hurto,HURTO A PERSONAS,Hurtos_fiscalia.csv,,,,,,,,,,,,,,,,,,,,,,,,,Nivel 1,1,1,POINT (727788.3875014762 871834.9925767926)
HURTO A RESIDENCIA,HURTO CALIFICADO. ART. 240 C.P.,FACTOR DE OPORTUNIDAD,Nivel 1,,CALI,Junín,09,-76.52645,3.43402,SIN INFORMACION,2023.0,diciembre ,5.0,3.0,23:43,3.0,DENUNCIA,Hurto,HURTO A RESIDENCIA,Hurtos_fiscalia.csv,,,,,,,,,,,,,,,,,,,,,,,,,Nivel 1,1,1,POINT (727788.3875014762 871834.9925767926)
HURTO A RESIDENCIA,HURTO CALIFICADO. ART. 240 C.P.,FACTOR DE OPORTUNIDAD,Nivel 1,,CALI,Junín,09,-76.52645,3.43402,SIN INFORMACION,2023.0,junio     ,21.0,4.0,09:30,3.0,DENUNCIA,Hurto,HURTO A RESIDENCIA,Hurtos_fiscalia.csv,,,,,,,,,,,,,,,,,,,,,,,,,Nivel 1,1,1,POINT (727788.3875014762 871834.9925767926)
HURTO A RESIDENCIA,HURTO CALIFICADO. ART. 240 C.P.,FACTOR DE OPORTUNIDAD,Nivel 1,,CALI,Junín,09,-76.52645,3.43402,SIN INFORMACION,2023.0,noviembre ,23.0,5.0,09:00,3.0,DENUNCIA,Hurto,HURTO A RESIDENCIA,Hurtos_fiscalia.csv,,,,,,,,,,,,,,,,,,,,,,,,,Nivel 1,1,1,POINT (727788.3875014762 871834.9925767926)
HURTO A RESIDENCIA,HURTO CALIFICADO. ART. 240 C.P.,FACTOR DE OPORTUNIDAD,Nivel 1,,CALI,Junín,09,-76.526435,3.434052,DOMICILIO,2023.0,agosto    ,29.0,3.0,08:26,3.0,DENUNCIA,Hurto,HURTO A RESIDENCIA,Hurtos_fiscalia.csv,,,,,,,,,,,,,,,,,,,,,,,,,Nivel 1,1,1,POINT (727790.0649118146 871838.5300402415)
HURTO A RESIDENCIA,HURTO. ART. 239 C.P.,FACTOR DE OPORTUNIDAD,Nivel 1,,CALI,Junín,09,-76.52645,3.43402,SIN INFORMACION,2023.0,julio     ,20.0,5.0,19:30,3.0,DENUNCIA,Hurto,HURTO A RESIDENCIA,Hurtos_fiscalia.csv,,,,,,,,,,,,,,,,,,,,,,,,,Nivel 1,1,1,POINT (727788.3875014762 871834.9925767926)
HURTO A RESIDENCIA,HURTO. ART. 239 C.P.,FACTOR DE OPORTUNIDAD,Nivel 1,,CALI,Junín,09,-76.526449,3.434035,DOMICILIO,2023.0,marzo     ,4.0,7.0,15:00,3.0,QUERELLA,Hurto,HURTO A RESIDENCIA,Hurtos_fiscalia.csv,,,,,,,,,,,,,,,,,,,,,,,,,Nivel 1,1,1,POINT (727788.502977038 871836.6524812806)
HURTO A RESIDENCIA,HURTO. ART. 239 C.P.,FACTOR DE OPORTUNIDAD,Nivel 1,,CALI,Junín,09,-76.52645,3.43402,SIN INFORMACION,2023.0,junio     ,21.0,4.0,11:00,3.0,DENUNCIA,Hurto,HURTO A RESIDENCIA,Hurtos_fiscalia.csv,,,,,,,,,,,,,,,,,,,,,,,,,Nivel 1,1,1,POINT (727788.3875014762 871834.9925767926)
HURTO A RESIDENCIA,HURTO CALIFICADO. ART. 240 C.P.,FACTOR DE OPORTUNIDAD,Nivel 1,,CALI,Junín,09,-76.52645,3.43402,SIN INFORMACION,2023.0,agosto    ,28.0,2.0,09:00,3.0,DENUNCIA,Hurto,HURTO A RESIDENCIA,Hurtos_fiscalia.csv,,,,,,,,,,,,,,,,,,,,,,,,,Nivel 1,1,1,POINT (727788.3875014762 871834.9925767926)
HURTO A RESIDENCIA,HURTO CALIFICADO. ART. 240 C.P.,FACTOR DE OPORTUNIDAD,Nivel 1,,CALI,Junín,09,-76.52645,3.43402,SIN INFORMACION,2023.0,agosto    ,31.0,5.0,12:18,3.0,DENUNCIA,Hurto,HURTO A RESIDENCIA,Hurtos_fiscalia.csv,,,,,,,,,,,,,,,,,,,,,,,,,Nivel 1,1,1,POINT (727788.3875014762 871834.9925767926)
HURTO A RESIDENCIA,HURTO CALIFICADO. ART. 240 C.P.,FACTOR DE OPORTUNIDAD,Nivel 1,,CALI,Junín,09,-76.527008,3.434845,DOMICILIO,2023.0,octubre   ,30.0,2.0,07:30,3.0,DENUNCIA,Hurto,HURTO A RESIDENCIA,Hurtos_fiscalia.csv,,,,,,,,,,,,,,,,,,,,,,,,,Nivel 1,1,1,POINT (727726.55934846 871926.4620427407)
HURTO A RESIDENCIA,HURTO. ART. 239 C.P.,FACTOR DE OPORTUNIDAD,Nivel 1,,CALI,Junín,09,-76.52645,3.43402,SIN INFORMACION,2023.0,octubre   ,28.0,7.0,20:40,3.0,DENUNCIA,Hurto,HURTO A RESIDENCIA,Hurtos_fiscalia.csv,,,,,,,,,,,,,,,,,,,,,,,,,Nivel 1,1,1,POINT (727788.3875014762 871834.9925767926)
HURTO A RESIDENCIA,HURTO CALIFICADO. ART. 240 C.P.,FACTOR DE OPORTUNIDAD,Nivel 1,,CALI,Junín,09,-76.52645,3.43402,SIN INFORMACION,2023.0,septiembre,7.0,5.0,15:30,3.0,DENUNCIA,Hurto,HURTO A RESIDENCIA,Hurtos_fiscalia.csv,,,,,,,,,,,,,,,,,,,,,,,,,Nivel 1,1,1,POINT (727788.3875014762 871834.9925767926)
HURTO A RESIDENCIA,HURTO CALIFICADO. ART. 240 C.P.,FACTOR DE OPORTUNIDAD,Nivel 1,,CALI,Junín,09,-76.52645,3.43402,SIN INFORMACION,2023.0,mayo      ,30.0,3.0,15:00,3.0,DENUNCIA,Hurto,HURTO A RESIDENCIA,Hurtos_fiscalia.csv,,,,,,,,,,,,,,,,,,,,,,,,,Nivel 1,1,1,POINT (727788.3875014762 871834.9925767926)
HURTO A RESIDENCIA,HURTO CALIFICADO. ART. 240 C.P.,FACTOR DE OPORTUNIDAD,Nivel 1,,CALI,Junín,09,-76.52645,3.43402,SIN INFORMACION,2024.0,enero     ,26.0,6.0,07:15,3.0,DENUNCIA,Hurto,HURTO A RESIDENCIA,Hurtos_fiscalia.csv,,,,,,,,,,,,,,,,,,,,,,,,,Nivel 1,1,1,POINT (727788.3875014762 871834.9925767926)
HURTO A RESIDENCIA,HURTO CALIFICADO. ART. 240 C.P.,FACTOR DE OPORTUNIDAD,Nivel 1,,CALI,Junín,09,-76.526981,3.434947,DOMICILIO,2025.0,febrero   ,6.0,5.0,12:35,3.0,ACTOS URGENTES,Hurto,HURTO A RESIDENCIA,Hurtos_fiscalia.csv,,,,,,,,,,,,,,,,,,,,,,,,,Nivel 1,1,1,POINT (727729.5912885244 871937.7436387624)
HURTO A RESIDENCIA,HURTO. ART. 239 C.P.,FACTOR DE OPORTUNIDAD,Nivel 1,,CALI,Junín,09,-76.52645,3.43402,SIN INFORMACION,2024.0,marzo     ,14.0,5.0,11:08,3.0,DENUNCIA,Hurto,HURTO A RESIDENCIA,Hurtos_fiscalia.csv,,,,,,,,,,,,,,,,,,,,,,,,,Nivel 1,1,1,POINT (727788.3875014762 871834.9925767926)
HURTO DE AUTOPARTES,HURTO CALIFICADO. ART. 240 C.P.,FACTOR DE OPORTUNIDAD,Nivel 1,,CALI,Junín,09,-76.52645,3.43402,SIN INFORMACION,2023.0,agosto    ,5.0,7.0,12:30,3.0,DENUNCIA,Hurto,HURTO DE AUTOPARTES,Hurtos_fiscalia.csv,,,,,,,,,,,,,,,,,,,,,,,,,Nivel 1,1,1,POINT (727788.3875014762 871834.9925767926)
HURTO DE AUTOPARTES,HURTO CALIFICADO. ART. 240 C.P.,FACTOR DE OPORTUNIDAD,Nivel 1,,CALI,Junín,09,-76.52645,3.43402,SIN INFORMACION,2023.0,octubre   ,9.0,2.0,03:30,3.0,DENUNCIA,Hurto,HURTO DE AUTOPARTES,Hurtos_fiscalia.csv,,,,,,,,,,,,,,,,,,,,,,,,,Nivel 1,1,1,POINT (727788.3875014762 871834.9925767926)
HURTO DE AUTOPARTES,HURTO. ART. 239 C.P.,FACTOR DE OPORTUNIDAD,Nivel 1,,CALI,Junín,09,-76.52645,3.43402,SIN INFORMACION,2023.0,octubre   ,29.0,1.0,04:13,3.0,QUERELLA,Hurto,HURTO DE AUTOPARTES,Hurtos_fiscalia.csv,,,,,,,,,,,,,,,,,,,,,,,,,Nivel 1,1,1,POINT (727788.3875014762 871834.9925767926)
HURTO DE AUTOPARTES,HURTO. ART. 239 C.P.,FACTOR DE OPORTUNIDAD,Nivel 1,,CALI,Junín,09,-76.52645,3.43402,SIN INFORMACION,2023.0,septiembre,22.0,6.0,16:18,3.0,QUERELLA,Hurto,HURTO DE AUTOPARTES,Hurtos_fiscalia.csv,,,,,,,,,,,,,,,,,,,,,,,,,Nivel 1,1,1,POINT (727788.3875014762 871834.9925767926)
HURTO DE AUTOPARTES,HURTO. ART. 239 C.P.,FACTOR DE OPORTUNIDAD,Nivel 1,,CALI,Junín,09,-76.52645,3.43402,SIN INFORMACION,2023.0,agosto    ,1.0,3.0,22:30,3.0,QUERELLA,Hurto,HURTO DE AUTOPARTES,Hurtos_fiscalia.csv,,,,,,,,,,,,,,,,,,,,,,,,,Nivel 1,1,1,POINT (727788.3875014762 871834.9925767926)
HURTO DE AUTOPARTES,HURTO CALIFICADO. ART. 240 C.P.,FACTOR DE OPORTUNIDAD,Nivel 1,,CALI,Junín,09,-76.52645,3.43402,SIN INFORMACION,2023.0,agosto    ,22.0,3.0,00:30,3.0,DENUNCIA,Hurto,HURTO DE AUTOPARTES,Hurtos_fiscalia.csv,,,,,,,,,,,,,,,,,,,,,,,,,Nivel 1,1,1,POINT (727788.3875014762 871834.9925767926)
HURTO DE AUTOPARTES,HURTO CALIFICADO. ART. 240 C.P.,FACTOR DE OPORTUNIDAD,Nivel 1,,CALI,Junín,09,-76.52645,3.43402,SIN INFORMACION,2023.0,julio     ,16.0,1.0,02:00,3.0,DENUNCIA,Hurto,HURTO DE AUTOPARTES,Hurtos_fiscalia.csv,,,,,,,,,,,,,,,,,,,,,,,,,Nivel 1,1,1,POINT (727788.3875014762 871834.9925767926)
HURTO DE AUTOPARTES,HURTO. ART. 239 C.P.,FACTOR DE OPORTUNIDAD,Nivel 1,,CALI,Junín,09,-76.52645,3.43402,SIN INFORMACION,2023.0,enero     ,15.0,1.0,22:00,3.0,QUERELLA,Hurto,HURTO DE AUTOPARTES,Hurtos_fiscalia.csv,,,,,,,,,,,,,,,,,,,,,,,,,Nivel 1,1,1,POINT (727788.3875014762 871834.9925767926)
HURTO DE AUTOPARTES,HURTO CALIFICADO. ART. 240 C.P.,FACTOR DE OPORTUNIDAD,Nivel 1,,CALI,Junín,09,-76.52645,3.43402,SIN INFORMACION,2023.0,junio     ,29.0,5.0,20:00,3.0,DENUNCIA,Hurto,HURTO DE AUTOPARTES,Hurtos_fiscalia.csv,,,,,,,,,,,,,,,,,,,,,,,,,Nivel 1,1,1,POINT (727788.3875014762 871834.9925767926)
HURTO DE AUTOPARTES,HURTO. ART. 239 C.P.,FACTOR DE OPORTUNIDAD,Nivel 1,,CALI,Junín,09,-76.52645,3.43402,SIN INFORMACION,2023.0,septiembre,28.0,5.0,23:30,3.0,QUERELLA,Hurto,HURTO DE AUTOPARTES,Hurtos_fiscalia.csv,,,,,,,,,,,,,,,,,,,,,,,,,Nivel 1,1,1,POINT (727788.3875014762 871834.9925767926)
HURTO DE AUTOPARTES,HURTO CALIFICADO. ART. 240 C.P.,FACTOR DE OPORTUNIDAD,Nivel 1,,CALI,Junín,09,-76.52802,3.43473,VIA PUBLICA,2023.0,septiembre,10.0,1.0,20:19,3.0,DENUNCIA,Hurto,HURTO DE AUTOPARTES,Hurtos_fiscalia.csv,,,,,,,,,,,,,,,,,,,,,,,,,Nivel 1,1,1,POINT (727613.9695761559 871914.022452792)
HURTO DE AUTOPARTES,HURTO CALIFICADO. ART. 240 C.P.,FACTOR DE OPORTUNIDAD,Nivel 1,,CALI,Junín,09,-76.52645,3.43402,SIN INFORMACION,2023.0,noviembre ,23.0,5.0,10:35,3.0,DENUNCIA,Hurto,HURTO DE AUTOPARTES,Hurtos_fiscalia.csv,,,,,,,,,,,,,,,,,,,,,,,,,Nivel 1,1,1,POINT (727788.3875014762 871834.9925767926)
HURTO DE AUTOPARTES,HURTO CALIFICADO. ART. 240 C.P.,FACTOR DE OPORTUNIDAD,Nivel 1,,CALI,Junín,09,-76.526451,3.43402,ZONA DE PARQUEO,2023.0,mayo      ,10.0,4.0,18:45,3.0,DENUNCIA,Hurto,HURTO DE AUTOPARTES,Hurtos_fiscalia.csv,,,,,,,,,,,,,,,,,,,,,,,,,Nivel 1,1,1,POINT (727788.2762790008 871834.9928617228)
HURTO DE AUTOPARTES,HURTO. ART. 239 C.P.,FACTOR DE OPORTUNIDAD,Nivel 1,,CALI,Junín,09,-76.52645,3.43402,SIN INFORMACION,2023.0,julio     ,22.0,7.0,15:00,3.0,QUERELLA,Hurto,HURTO DE AUTOPARTES,Hurtos_fiscalia.csv,,,,,,,,,,,,,,,,,,,,,,,,,Nivel 1,1,1,POINT (727788.3875014762 871834.9925767926)
HURTO DE AUTOPARTES,HURTO CALIFICADO. ART. 240 C.P.,FACTOR DE OPORTUNIDAD,Nivel 1,,CALI,Junín,09,-76.52645,3.43402,SIN INFORMACION,2023.0,noviembre ,6.0,2.0,09:58,3.0,DENUNCIA,Hurto,HURTO DE AUTOPARTES,Hurtos_fiscalia.csv,,,,,,,,,,,,,,,,,,,,,,,,,Nivel 1,1,1,POINT (727788.3875014762 871834.9925767926)
HURTO DE AUTOPARTES,HURTO. ART. 239 C.P.,FACTOR DE OPORTUNIDAD,Nivel 1,,CALI,Junín,09,-76.52645,3.43402,SIN INFORMACION,2023.0,noviembre ,1.0,4.0,15:32,3.0,QUERELLA,Hurto,HURTO DE AUTOPARTES,Hurtos_fiscalia.csv,,,,,,,,,,,,,,,,,,,,,,,,,Nivel 1,1,1,POINT (727788.3875014762 871834.9925767926)
HURTO DE AUTOPARTES,HURTO. ART. 239 C.P.,FACTOR DE OPORTUNIDAD,Nivel 1,,CALI,Junín,09,-76.52645,3.43402,SIN INFORMACION,2023.0,octubre   ,9.0,2.0,12:00,3.0,QUERELLA,Hurto,HURTO DE AUTOPARTES,Hurtos_fiscalia.csv,,,,,,,,,,,,,,,,,,,,,,,,,Nivel 1,1,1,POINT (727788.3875014762 871834.9925767926)
HURTO DE AUTOPARTES,HURTO. ART. 239 C.P.,FACTOR DE OPORTUNIDAD,Nivel 1,,CALI,Junín,09,-76.52645,3.43402,SIN INFORMACION,2023.0,diciembre ,10.0,1.0,11:15,3.0,QUERELLA,Hurto,HURTO DE AUTOPARTES,Hurtos_fiscalia.csv,,,,,,,,,,,,,,,,,,,,,,,,,Nivel 1,1,1,POINT (727788.3875014762 871834.9925767926)
HURTO DE AUTOPARTES,HURTO CALIFICADO. ART. 240 C.P.,FACTOR DE OPORTUNIDAD,Nivel 1,,CALI,Junín,09,-76.52645,3.43402,SIN INFORMACION,2023.0,mayo      ,14.0,1.0,09:00,3.0,DENUNCIA,Hurto,HURTO DE AUTOPARTES,Hurtos_fiscalia.csv,,,,,,,,,,,,,,,,,,,,,,,,,Nivel 1,1,1,POINT (727788.3875014762 871834.9925767926)
HURTO DE AUTOPARTES,HURTO CALIFICADO. ART. 240 C.P.,FACTOR DE OPORTUNIDAD,Nivel 1,,CALI,Junín,09,-76.52645,3.43402,SIN INFORMACION,2023.0,septiembre,20.0,4.0,20:00,3.0,DENUNCIA,Hurto,HURTO DE AUTOPARTES,Hurtos_fiscalia.csv,,,,,,,,,,,,,,,,,,,,,,,,,Nivel 1,1,1,POINT (727788.3875014762 871834.9925767926)
HURTO DE AUTOPARTES,HURTO CALIFICADO. ART. 240 C.P.,FACTOR DE OPORTUNIDAD,Nivel 1,,CALI,Junín,09,-76.52645,3.43402,SIN INFORMACION,2023.0,octubre   ,28.0,7.0,16:16,3.0,DENUNCIA,Hurto,HURTO DE AUTOPARTES,Hurtos_fiscalia.csv,,,,,,,,,,,,,,,,,,,,,,,,,Nivel 1,1,1,POINT (727788.3875014762 871834.9925767926)
HURTO DE AUTOPARTES,HURTO CALIFICADO. ART. 240 C.P.,FACTOR DE OPORTUNIDAD,Nivel 1,,CALI,Junín,09,-76.52802,3.43473,VIA PUBLICA,2023.0,septiembre,11.0,2.0,22:00,3.0,DENUNCIA,Hurto,HURTO DE AUTOPARTES,Hurtos_fiscalia.csv,,,,,,,,,,,,,,,,,,,,,,,,,Nivel 1,1,1,POINT (727613.9695761559 871914.022452792)
HURTO DE AUTOPARTES,HURTO CALIFICADO. ART. 240 C.P.,FACTOR DE OPORTUNIDAD,Nivel 1,,CALI,Junín,09,-76.52645,3.43402,SIN INFORMACION,2023.0,marzo     ,14.0,3.0,18:00,3.0,DENUNCIA,Hurto,HURTO DE AUTOPARTES,Hurtos_fiscalia.csv,,,,,,,,,,,,,,,,,,,,,,,,,Nivel 1,1,1,POINT (727788.3875014762 871834.9925767926)
HURTO DE AUTOPARTES,HURTO. ART. 239 C.P.,FACTOR DE OPORTUNIDAD,Nivel 1,,CALI,Junín,09,-76.52645,3.43402,SIN INFORMACION,2024.0,enero     ,2.0,3.0,19:30,3.0,QUERELLA,Hurto,HURTO DE AUTOPARTES,Hurtos_fiscalia.csv,,,,,,,,,,,,,,,,,,,,,,,,,Nivel 1,1,1,POINT (727788.3875014762 871834.9925767926)
HURTO DE AUTOPARTES,HURTO CALIFICADO. ART. 240 C.P.,FACTOR DE OPORTUNIDAD,Nivel 1,,CALI,Junín,09,-76.52645,3.43402,SIN INFORMACION,2024.0,febrero   ,2.0,6.0,19:30,3.0,DENUNCIA,Hurto,HURTO DE AUTOPARTES,Hurtos_fiscalia.csv,,,,,,,,,,,,,,,,,,,,,,,,,Nivel 1,1,1,POINT (727788.3875014762 871834.9925767926)
HURTO DE AUTOPARTES,HURTO. ART. 239 C.P.,FACTOR DE OPORTUNIDAD,Nivel 1,,CALI,Junín,09,-76.52645,3.43402,SIN INFORMACION,2024.0,febrero   ,24.0,7.0,18:00,3.0,DENUNCIA,Hurto,HURTO DE AUTOPARTES,Hurtos_fiscalia.csv,,,,,,,,,,,,,,,,,,,,,,,,,Nivel 1,1,1,POINT (727788.3875014762 871834.9925767926)
HURTO DE AUTOPARTES,HURTO CALIFICADO. ART. 240 C.P.,FACTOR DE OPORTUNIDAD,Nivel 1,,CALI,Junín,09,-76.527514,3.43418,VIA PUBLICA,2024.0,junio     ,25.0,3.0,09:09,3.0,DENUNCIA,Hurto,HURTO DE AUTOPARTES,Hurtos_fiscalia.csv,,,,,,,,,,,,,,,,,,,,,,,,,Nivel 1,1,1,POINT (727670.0921281102 871853.0045098236)
HURTO DE AUTOPARTES,HURTO CALIFICADO. ART. 240 C.P.,FACTOR DE OPORTUNIDAD,Nivel 1,,CALI,Junín,09,-76.52645,3.43402,SIN INFORMACION,2024.0,enero     ,31.0,4.0,03:00,3.0,DENUNCIA,Hurto,HURTO DE AUTOPARTES,Hurtos_fiscalia.csv,,,,,,,,,,,,,,,,,,,,,,,,,Nivel 1,1,1,POINT (727788.3875014762 871834.9925767926)
HURTO DE AUTOPARTES,HURTO. ART. 239 C.P.,FACTOR DE OPORTUNIDAD,Nivel 1,,CALI,Junín,09,-76.52645,3.43402,SIN INFORMACION,2024.0,enero     ,5.0,6.0,19:00,3.0,QUERELLA,Hurto,HURTO DE AUTOPARTES,Hurtos_fiscalia.csv,,,,,,,,,,,,,,,,,,,,,,,,,Nivel 1,1,1,POINT (727788.3875014762 871834.9925767926)
HURTO DE BICICLETAS,HURTO CALIFICADO. ART. 240 C.P.,FACTOR DE OPORTUNIDAD,Nivel 1,,CALI,Junín,09,-76.52645,3.43402,SIN INFORMACION,2024.0,febrero   ,19.0,2.0,01:30,3.0,DENUNCIA,Hurto,HURTO DE BICICLETAS,Hurtos_fiscalia.csv,,,,,,,,,,,,,,,,,,,,,,,,,Nivel 1,1,1,POINT (727788.3875014762 871834.9925767926)
HURTO DE MOTOCICLETAS,HURTO CALIFICADO. ART. 240 C.P.,FACTOR DE OPORTUNIDAD,Nivel 1,,CALI,Junín,09,-76.52645,3.43402,SIN INFORMACION,2023.0,junio     ,25.0,1.0,02:30,3.0,DENUNCIA,Hurto,HURTO DE MOTOCICLETAS,Hurtos_fiscalia.csv,,,,,,,,,,,,,,,,,,,,,,,,,Nivel 1,1,1,POINT (727788.3875014762 871834.9925767926)
HURTO DE MOTOCICLETAS,HURTO CALIFICADO. ART. 240 C.P.,FACTOR DE OPORTUNIDAD,Nivel 1,,CALI,Junín,09,-76.52645,3.43402,SIN INFORMACION,2023.0,septiembre,1.0,6.0,13:40,3.0,DENUNCIA,Hurto,HURTO DE MOTOCICLETAS,Hurtos_fiscalia.csv,,,,,,,,,,,,,,,,,,,,,,,,,Nivel 1,1,1,POINT (727788.3875014762 871834.9925767926)
HURTO DE MOTOCICLETAS,HURTO CALIFICADO. ART. 240 C.P.,FACTOR DE OPORTUNIDAD,Nivel 1,,CALI,Junín,09,-76.527307,3.434376,DOMICILIO,2025.0,junio     ,19.0,5.0,00:00,3.0,DENUNCIA,Hurto,HURTO DE MOTOCICLETAS,Hurtos_fiscalia.csv,,,,,,,,,,,,,,,,,,,,,,,,,Nivel 1,1,1,POINT (727693.1707903548 871874.6386590429)
HURTO DE VEHICULOS,HURTO CALIFICADO. ART. 240 C.P.,FACTOR DE OPORTUNIDAD,Nivel 1,,CALI,Junín,09,-76.52645,3.43402,SIN INFORMACION,2023.0,enero     ,4.0,4.0,10:52,3.0,DENUNCIA,Hurto,HURTO DE VEHICULOS,Hurtos_fiscalia.csv,,,,,,,,,,,,,,,,,,,,,,,,,Nivel 1,1,1,POINT (727788.3875014762 871834.9925767926)
HURTO DE VEHICULOS,HURTO CALIFICADO. ART. 240 C.P.,FACTOR DE OPORTUNIDAD,Nivel 1,,CALI,Junín,09,-76.52645,3.43402,SIN INFORMACION,2023.0,agosto    ,20.0,1.0,01:00,3.0,DENUNCIA,Hurto,HURTO DE VEHICULOS,Hurtos_fiscalia.csv,,,,,,,,,,,,,,,,,,,,,,,,,Nivel 1,1,1,POINT (727788.3875014762 871834.9925767926)
HURTO DE VEHICULOS,HURTO. ART. 239 C.P.,FACTOR DE OPORTUNIDAD,Nivel 1,,CALI,Junín,09,-76.527346,3.433997,SIN INFORMACION,2024.0,octubre   ,6.0,1.0,07:47,3.0,QUERELLA,Hurto,HURTO DE VEHICULOS,Hurtos_fiscalia.csv,,,,,,,,,,,,,,,,,,,,,,,,,Nivel 1,1,1,POINT (727688.725606797 871832.7022956323)
HURTO A ESTABLECIMIENTOS,HURTO. ART. 239 C.P.,ENGAÑO,Nivel 1,,CALI,Junín,09,-76.526447,3.434017,VIA PUBLICA,2023.0,julio     ,7.0,6.0,06:10,3.0,DENUNCIA,Hurto,HURTO A ESTABLECIMIENTOS,Hurtos_fiscalia.csv,,,,,,,,,,,,,,,,,,,,,,,,,Nivel 1,1,1,POINT (727788.7203182847 871834.6596841194)
HURTO A ESTABLECIMIENTOS,HURTO CALIFICADO. ART. 240 C.P.,ENGAÑO,Nivel 1,,CALI,Junín,09,-76.52645,3.43402,SIN INFORMACION,2023.0,octubre   ,8.0,1.0,02:00,3.0,DENUNCIA,Hurto,HURTO A ESTABLECIMIENTOS,Hurtos_fiscalia.csv,,,,,,,,,,,,,,,,,,,,,,,,,Nivel 1,1,1,POINT (727788.3875014762 871834.9925767926)
HURTO A ESTABLECIMIENTOS,HURTO. ART. 239 C.P.,ENGAÑO,Nivel 1,,CALI,Junín,09,-76.52645,3.43402,SIN INFORMACION,2023.0,febrero   ,23.0,5.0,05:00,3.0,DENUNCIA,Hurto,HURTO A ESTABLECIMIENTOS,Hurtos_fiscalia.csv,,,,,,,,,,,,,,,,,,,,,,,,,Nivel 1,1,1,POINT (727788.3875014762 871834.9925767926)
HURTO A ESTABLECIMIENTOS,HURTO CALIFICADO. ART. 240 C.P.,ENGAÑO,Nivel 1,,CALI,Junín,09,-76.52645,3.43402,SIN INFORMACION,2023.0,enero     ,16.0,2.0,07:00,3.0,DENUNCIA,Hurto,HURTO A ESTABLECIMIENTOS,Hurtos_fiscalia.csv,,,,,,,,,,,,,,,,,,,,,,,,,Nivel 1,1,1,POINT (727788.3875014762 871834.9925767926)
HURTO A ESTABLECIMIENTOS,HURTO. ART. 239 C.P.,ENGAÑO,Nivel 1,,CALI,Junín,09,-76.52645,3.43402,SIN INFORMACION,2023.0,abril     ,24.0,2.0,07:48,3.0,DENUNCIA,Hurto,HURTO A ESTABLECIMIENTOS,Hurtos_fiscalia.csv,,,,,,,,,,,,,,,,,,,,,,,,,Nivel 1,1,1,POINT (727788.3875014762 871834.9925767926)
HURTO A ESTABLECIMIENTOS,HURTO. ART. 239 C.P.,ENGAÑO,Nivel 1,,CALI,Junín,09,-76.52645,3.43402,SIN INFORMACION,2024.0,febrero   ,2.0,6.0,15:00,3.0,DENUNCIA,Hurto,HURTO A ESTABLECIMIENTOS,Hurtos_fiscalia.csv,,,,,,,,,,,,,,,,,,,,,,,,,Nivel 1,1,1,POINT (727788.3875014762 871834.9925767926)
HURTO A PERSONAS,HURTO. ART. 239 C.P.,ENGAÑO,Nivel 1,,CALI,Junín,09,-76.526407,3.433947,OTRO,2023.0,septiembre,20.0,4.0,15:27,3.0,QUERELLA,Hurto,HURTO A PERSONAS,Hurtos_fiscalia.csv,,,,,,,,,,,,,,,,,,,,,,,,,Nivel 1,1,1,POINT (727793.1493700836 871826.9007366586)
HURTO A PERSONAS,HURTO. ART. 239 C.P.,ENGAÑO,Nivel 1,,CALI,Junín,09,-76.52645,3.43402,SIN INFORMACION,2023.0,julio     ,15.0,7.0,04:00,3.0,DENUNCIA,Hurto,HURTO A PERSONAS,Hurtos_fiscalia.csv,,,,,,,,,,,,,,,,,,,,,,,,,Nivel 1,1,1,POINT (727788.3875014762 871834.9925767926)
HURTO A PERSONAS,HURTO. ART. 239 C.P.,ENGAÑO,Nivel 1,,CALI,Junín,09,-76.527,3.43406,SIN INFORMACION,2023.0,agosto    ,8.0,3.0,14:48,3.0,QUERELLA,Hurto,HURTO A PERSONAS,Hurtos_fiscalia.csv,,,,,,,,,,,,,,,,,,,,,,,,,Nivel 1,1,1,POINT (727727.2264718394 871839.5764796645)
HURTO A PERSONAS,HURTO. ART. 239 C.P.,ENGAÑO,Nivel 1,,CALI,Junín,09,-76.52645,3.43402,SIN INFORMACION,2024.0,febrero   ,26.0,2.0,17:30,3.0,DENUNCIA,Hurto,HURTO A PERSONAS,Hurtos_fiscalia.csv,,,,,,,,,,,,,,,,,,,,,,,,,Nivel 1,1,1,POINT (727788.3875014762 871834.9925767926)
HURTO A PERSONAS,HURTO. ART. 239 C.P.,ENGAÑO,Nivel 1,,CALI,Junín,09,-76.52645,3.43402,SIN INFORMACION,2024.0,marzo     ,14.0,5.0,05:48,3.0,DENUNCIA,Hurto,HURTO A PERSONAS,Hurtos_fiscalia.csv,,,,,,,,,,,,,,,,,,,,,,,,,Nivel 1,1,1,POINT (727788.3875014762 871834.9925767926)
HURTO A PERSONAS,HURTO. ART. 239 C.P.,ENGAÑO,Nivel 1,,CALI,Junín,09,-76.527346,3.433997,DOMICILIO,2025.0,marzo     ,13.0,5.0,09:07,3.0,QUERELLA,Hurto,HURTO A PERSONAS,Hurtos_fiscalia.csv,,,,,,,,,,,,,,,,,,,,,,,,,Nivel 1,1,1,POINT (727688.725606797 871832.7022956323)
HURTO A RESIDENCIA,HURTO. ART. 239 C.P.,ENGAÑO,Nivel 1,,CALI,Junín,09,-76.52645,3.43402,SIN INFORMACION,2023.0,septiembre,11.0,2.0,16:00,3.0,DENUNCIA,Hurto,HURTO A RESIDENCIA,Hurtos_fiscalia.csv,,,,,,,,,,,,,,,,,,,,,,,,,Nivel 1,1,1,POINT (727788.3875014762 871834.9925767926)
HURTO A RESIDENCIA,HURTO CALIFICADO. ART. 240 C.P.,ENGAÑO,Nivel 1,,CALI,Junín,09,-76.52645,3.43402,SIN INFORMACION,2023.0,abril     ,23.0,1.0,13:00,3.0,DENUNCIA,Hurto,HURTO A RESIDENCIA,Hurtos_fiscalia.csv,,,,,,,,,,,,,,,,,,,,,,,,,Nivel 1,1,1,POINT (727788.3875014762 871834.9925767926)
HURTO DE MOTOCICLETAS,HURTO. ART. 239 C.P.,ENGAÑO,Nivel 1,,CALI,Junín,09,-76.52645,3.43402,SIN INFORMACION,2023.0,julio     ,1.0,7.0,20:00,3.0,QUERELLA,Hurto,HURTO DE MOTOCICLETAS,Hurtos_fiscalia.csv,,,,,,,,,,,,,,,,,,,,,,,,,Nivel 1,1,1,POINT (727788.3875014762 871834.9925767926)
HURTO DE MOTOCICLETAS,HURTO. ART. 239 C.P.,ENGAÑO,Nivel 1,,CALI,Junín,09,-76.52645,3.43402,SIN INFORMACION,2023.0,agosto    ,16.0,4.0,14:00,3.0,QUERELLA,Hurto,HURTO DE MOTOCICLETAS,Hurtos_fiscalia.csv,,,,,,,,,,,,,,,,,,,,,,,,,Nivel 1,1,1,POINT (727788.3875014762 871834.9925767926)
HURTO DE MOTOCICLETAS,HURTO CALIFICADO. ART. 240 C.P.,ENGAÑO,Nivel 1,,CALI,Junín,09,-76.52645,3.43402,SIN INFORMACION,2023.0,septiembre,11.0,2.0,22:18,3.0,DENUNCIA,Hurto,HURTO DE MOTOCICLETAS,Hurtos_fiscalia.csv,,,,,,,,,,,,,,,,,,,,,,,,,Nivel 1,1,1,POINT (727788.3875014762 871834.9925767926)
HURTO DE MOTOCICLETAS,HURTO CALIFICADO. ART. 240 C.P.,ENGAÑO,Nivel 1,,CALI,Junín,09,-76.52645,3.43402,SIN INFORMACION,2023.0,octubre   ,3.0,3.0,23:20,3.0,DENUNCIA,Hurto,HURTO DE MOTOCICLETAS,Hurtos_fiscalia.csv,,,,,,,,,,,,,,,,,,,,,,,,,Nivel 1,1,1,POINT (727788.3875014762 871834.9925767926)
HURTO DE VEHICULOS,HURTO CALIFICADO. ART. 240 C.P.,ENGAÑO,Nivel 1,,CALI,Junín,09,-76.52645,3.43402,SIN INFORMACION,2023.0,julio     ,21.0,6.0,13:00,3.0,DENUNCIA,Hurto,HURTO DE VEHICULOS,Hurtos_fiscalia.csv,,,,,,,,,,,,,,,,,,,,,,,,,Nivel 1,1,1,POINT (727788.3875014762 871834.9925767926)
HURTO DE VEHICULOS,HURTO CALIFICADO. ART. 240 C.P.,ENGAÑO,Nivel 1,,CALI,Junín,09,-76.52645,3.43402,SIN INFORMACION,2023.0,mayo      ,14.0,1.0,07:00,3.0,DENUNCIA,Hurto,HURTO DE VEHICULOS,Hurtos_fiscalia.csv,,,,,,,,,,,,,,,,,,,,,,,,,Nivel 1,1,1,POINT (727788.3875014762 871834.9925767926)
HURTO DE VEHICULOS,HURTO CALIFICADO. ART. 240 C.P.,ENGAÑO,Nivel 1,,CALI,Junín,09,-76.52655,3.43409,OTRO,2023.0,agosto    ,30.0,4.0,08:23,3.0,DENUNCIA,Hurto,HURTO DE VEHICULOS,Hurtos_fiscalia.csv,,,,,,,,,,,,,,,,,,,,,,,,,Nivel 1,1,1,POINT (727777.2851022827 871842.7686216031)
HURTO A ESTABLECIMIENTOS,HURTO CALIFICADO. ART. 240 C.P.,DESCUELGUE DE MERCANCIA,Nivel 1,,CALI,Junín,09,-76.527968,3.434818,ESTABLECIMIENTO DE COMERCIO,2024.0,diciembre ,3.0,3.0,10:40,3.0,ACTOS URGENTES,Hurto,HURTO A ESTABLECIMIENTOS,Hurtos_fiscalia.csv,,,,,,,,,,,,,,,,,,,,,,,,,Nivel 1,1,1,POINT (727619.7781196255 871923.7474130862)
HURTO A CELULARES,HURTO CALIFICADO. ART. 240 C.P.,COSQUILLEO,Nivel 1,,CALI,Junín,09,-76.52645,3.43402,SIN INFORMACION,2023.0,enero     ,26.0,5.0,12:00,3.0,DENUNCIA,Hurto,HURTO A CELULARES,Hurtos_fiscalia.csv,,,,,,,,,,,,,,,,,,,,,,,,,Nivel 1,1,1,POINT (727788.3875014762 871834.9925767926)
HURTO A CELULARES,HURTO CALIFICADO. ART. 240 C.P.,COSQUILLEO,Nivel 1,,CALI,Junín,09,-76.52645,3.43402,SIN INFORMACION,2023.0,noviembre ,18.0,7.0,19:00,3.0,DENUNCIA,Hurto,HURTO A CELULARES,Hurtos_fiscalia.csv,,,,,,,,,,,,,,,,,,,,,,,,,Nivel 1,1,1,POINT (727788.3875014762 871834.9925767926)
HURTO A CELULARES,HURTO CALIFICADO. ART. 240 C.P.,COSQUILLEO,Nivel 1,,CALI,Junín,09,-76.52645,3.43402,SIN INFORMACION,2023.0,agosto    ,15.0,3.0,09:00,3.0,DENUNCIA,Hurto,HURTO A CELULARES,Hurtos_fiscalia.csv,,,,,,,,,,,,,,,,,,,,,,,,,Nivel 1,1,1,POINT (727788.3875014762 871834.9925767926)
HURTO A CELULARES,HURTO CALIFICADO. ART. 240 C.P.,COSQUILLEO,Nivel 1,,CALI,Junín,09,-76.52645,3.43402,SIN INFORMACION,2023.0,abril     ,13.0,5.0,07:20,3.0,DENUNCIA,Hurto,HURTO A CELULARES,Hurtos_fiscalia.csv,,,,,,,,,,,,,,,,,,,,,,,,,Nivel 1,1,1,POINT (727788.3875014762 871834.9925767926)
HURTO A CELULARES,HURTO CALIFICADO. ART. 240 C.P.,COSQUILLEO,Nivel 1,,CALI,Junín,09,-76.52645,3.43402,SIN INFORMACION,2023.0,febrero   ,21.0,3.0,02:39,3.0,DENUNCIA,Hurto,HURTO A CELULARES,Hurtos_fiscalia.csv,,,,,,,,,,,,,,,,,,,,,,,,,Nivel 1,1,1,POINT (727788.3875014762 871834.9925767926)
HURTO A CELULARES,HURTO CALIFICADO. ART. 240 C.P.,COSQUILLEO,Nivel 1,,CALI,Junín,09,-76.52645,3.43402,SIN INFORMACION,2023.0,marzo     ,10.0,6.0,12:36,3.0,DENUNCIA,Hurto,HURTO A CELULARES,Hurtos_fiscalia.csv,,,,,,,,,,,,,,,,,,,,,,,,,Nivel 1,1,1,POINT (727788.3875014762 871834.9925767926)
HURTO A CELULARES,HURTO CALIFICADO. ART. 240 C.P.,COSQUILLEO,Nivel 1,,CALI,Junín,09,-76.52645,3.43402,TRANSPORTE MASIVO,2023.0,mayo      ,4.0,5.0,09:45,3.0,DENUNCIA,Hurto,HURTO A CELULARES,Hurtos_fiscalia.csv,,,,,,,,,,,,,,,,,,,,,,,,,Nivel 1,1,1,POINT (727788.3875014762 871834.9925767926)
HURTO A CELULARES,HURTO. ART. 239 C.P.,COSQUILLEO,Nivel 1,,CALI,Junín,09,-76.52645,3.43402,SIN INFORMACION,2023.0,febrero   ,18.0,7.0,05:00,3.0,DENUNCIA,Hurto,HURTO A CELULARES,Hurtos_fiscalia.csv,,,,,,,,,,,,,,,,,,,,,,,,,Nivel 1,1,1,POINT (727788.3875014762 871834.9925767926)
HURTO A CELULARES,HURTO. ART. 239 C.P.,COSQUILLEO,Nivel 1,,CALI,Junín,09,-76.52802,3.43473,TRANSPORTE PUBLICO URBANO,2023.0,octubre   ,5.0,5.0,23:00,3.0,DENUNCIA,Hurto,HURTO A CELULARES,Hurtos_fiscalia.csv,,,,,,,,,,,,,,,,,,,,,,,,,Nivel 1,1,1,POINT (727613.9695761559 871914.022452792)
HURTO A CELULARES,HURTO CALIFICADO. ART. 240 C.P.,COSQUILLEO,Nivel 1,,CALI,Junín,09,-76.526475,3.434052,VIA PUBLICA,2023.0,diciembre ,25.0,2.0,19:00,3.0,DENUNCIA,Hurto,HURTO A CELULARES,Hurtos_fiscalia.csv,,,,,,,,,,,,,,,,,,,,,,,,,Nivel 1,1,1,POINT (727785.6160129474 871838.5414375791)
HURTO A CELULARES,HURTO. ART. 239 C.P.,COSQUILLEO,Nivel 1,,CALI,Junín,09,-76.5282,3.43412,VIA PUBLICA,2023.0,diciembre ,25.0,2.0,16:30,3.0,DENUNCIA,Hurto,HURTO A CELULARES,Hurtos_fiscalia.csv,,,,,,,,,,,,,,,,,,,,,,,,,Nivel 1,1,1,POINT (727593.7764177278 871846.559327298)
HURTO A CELULARES,HURTO. ART. 239 C.P.,COSQUILLEO,Nivel 1,,CALI,Junín,09,-76.52645,3.43402,SIN INFORMACION,2023.0,mayo      ,13.0,7.0,18:00,3.0,DENUNCIA,Hurto,HURTO A CELULARES,Hurtos_fiscalia.csv,,,,,,,,,,,,,,,,,,,,,,,,,Nivel 1,1,1,POINT (727788.3875014762 871834.9925767926)
HURTO A CELULARES,HURTO CALIFICADO. ART. 240 C.P.,COSQUILLEO,Nivel 1,,CALI,Junín,09,-76.527055,3.4341,OTRO,2023.0,marzo     ,1.0,4.0,05:30,3.0,DENUNCIA,Hurto,HURTO A CELULARES,Hurtos_fiscalia.csv,,,,,,,,,,,,,,,,,,,,,,,,,Nivel 1,1,1,POINT (727721.1205778896 871844.0193285025)
HURTO A CELULARES,HURTO. ART. 239 C.P.,COSQUILLEO,Nivel 1,,CALI,Junín,09,-76.52645,3.43402,SIN INFORMACION,2023.0,abril     ,10.0,2.0,14:50,3.0,DENUNCIA,Hurto,HURTO A CELULARES,Hurtos_fiscalia.csv,,,,,,,,,,,,,,,,,,,,,,,,,Nivel 1,1,1,POINT (727788.3875014762 871834.9925767926)
HURTO A CELULARES,HURTO CALIFICADO. ART. 240 C.P.,COSQUILLEO,Nivel 1,,CALI,Junín,09,-76.52645,3.43402,SIN INFORMACION,2023.0,septiembre,10.0,1.0,20:00,3.0,DENUNCIA,Hurto,HURTO A CELULARES,Hurtos_fiscalia.csv,,,,,,,,,,,,,,,,,,,,,,,,,Nivel 1,1,1,POINT (727788.3875014762 871834.9925767926)
HURTO A CELULARES,HURTO. ART. 239 C.P.,COSQUILLEO,Nivel 1,,CALI,Junín,09,-76.52645,3.43402,SIN INFORMACION,2023.0,junio     ,8.0,5.0,08:30,3.0,DENUNCIA,Hurto,HURTO A CELULARES,Hurtos_fiscalia.csv,,,,,,,,,,,,,,,,,,,,,,,,,Nivel 1,1,1,POINT (727788.3875014762 871834.9925767926)
HURTO A CELULARES,HURTO CALIFICADO. ART. 240 C.P.,COSQUILLEO,Nivel 1,,CALI,Junín,09,-76.52645,3.43402,SIN INFORMACION,2023.0,marzo     ,10.0,6.0,17:00,3.0,DENUNCIA,Hurto,HURTO A CELULARES,Hurtos_fiscalia.csv,,,,,,,,,,,,,,,,,,,,,,,,,Nivel 1,1,1,POINT (727788.3875014762 871834.9925767926)
HURTO A CELULARES,HURTO CALIFICADO. ART. 240 C.P.,COSQUILLEO,Nivel 1,,CALI,Junín,09,-76.52645,3.43402,SIN INFORMACION,2023.0,noviembre ,27.0,2.0,23:00,3.0,DENUNCIA,Hurto,HURTO A CELULARES,Hurtos_fiscalia.csv,,,,,,,,,,,,,,,,,,,,,,,,,Nivel 1,1,1,POINT (727788.3875014762 871834.9925767926)
HURTO A CELULARES,HURTO. ART. 239 C.P.,COSQUILLEO,Nivel 1,,CALI,Junín,09,-76.52645,3.43402,SIN INFORMACION,2023.0,octubre   ,2.0,2.0,12:10,3.0,DENUNCIA,Hurto,HURTO A CELULARES,Hurtos_fiscalia.csv,,,,,,,,,,,,,,,,,,,,,,,,,Nivel 1,1,1,POINT (727788.3875014762 871834.9925767926)
HURTO A CELULARES,HURTO CALIFICADO. ART. 240 C.P.,COSQUILLEO,Nivel 1,,CALI,Junín,09,-76.52645,3.43402,SIN INFORMACION,2023.0,septiembre,7.0,5.0,16:00,3.0,DENUNCIA,Hurto,HURTO A CELULARES,Hurtos_fiscalia.csv,,,,,,,,,,,,,,,,,,,,,,,,,Nivel 1,1,1,POINT (727788.3875014762 871834.9925767926)
HURTO A CELULARES,HURTO. ART. 239 C.P.,COSQUILLEO,Nivel 1,,CALI,Junín,09,-76.52802,3.43473,ESTACION DE ARTICULADO,2023.0,julio     ,17.0,2.0,01:00,3.0,DENUNCIA,Hurto,HURTO A CELULARES,Hurtos_fiscalia.csv,,,,,,,,,,,,,,,,,,,,,,,,,Nivel 1,1,1,POINT (727613.9695761559 871914.022452792)
HURTO A CELULARES,HURTO CALIFICADO. ART. 240 C.P.,COSQUILLEO,Nivel 1,,CALI,Junín,09,-76.52645,3.43402,TRANSPORTE MASIVO,2023.0,junio     ,13.0,3.0,17:45,3.0,DENUNCIA,Hurto,HURTO A CELULARES,Hurtos_fiscalia.csv,,,,,,,,,,,,,,,,,,,,,,,,,Nivel 1,1,1,POINT (727788.3875014762 871834.9925767926)
HURTO A CELULARES,HURTO. ART. 239 C.P.,COSQUILLEO,Nivel 1,,CALI,Junín,09,-76.52645,3.43402,SIN INFORMACION,2023.0,noviembre ,19.0,1.0,00:00,3.0,DENUNCIA,Hurto,HURTO A CELULARES,Hurtos_fiscalia.csv,,,,,,,,,,,,,,,,,,,,,,,,,Nivel 1,1,1,POINT (727788.3875014762 871834.9925767926)
HURTO A CELULARES,HURTO CALIFICADO. ART. 240 C.P.,COSQUILLEO,Nivel 1,,CALI,Junín,09,-76.52645,3.43402,SIN INFORMACION,2023.0,febrero   ,9.0,5.0,12:40,3.0,DENUNCIA,Hurto,HURTO A CELULARES,Hurtos_fiscalia.csv,,,,,,,,,,,,,,,,,,,,,,,,,Nivel 1,1,1,POINT (727788.3875014762 871834.9925767926)
HURTO A CELULARES,HURTO. ART. 239 C.P.,COSQUILLEO,Nivel 1,,CALI,Junín,09,-76.52645,3.43402,SIN INFORMACION,2023.0,marzo     ,17.0,6.0,07:48,3.0,DENUNCIA,Hurto,HURTO A CELULARES,Hurtos_fiscalia.csv,,,,,,,,,,,,,,,,,,,,,,,,,Nivel 1,1,1,POINT (727788.3875014762 871834.9925767926)
HURTO A CELULARES,HURTO CALIFICADO. ART. 240 C.P.,COSQUILLEO,Nivel 1,,CALI,Junín,09,-76.52645,3.43402,SIN INFORMACION,2023.0,octubre   ,25.0,4.0,22:48,3.0,DENUNCIA,Hurto,HURTO A CELULARES,Hurtos_fiscalia.csv,,,,,,,,,,,,,,,,,,,,,,,,,Nivel 1,1,1,POINT (727788.3875014762 871834.9925767926)
HURTO A CELULARES,HURTO. ART. 239 C.P.,COSQUILLEO,Nivel 1,,CALI,Junín,09,-76.52645,3.43402,SIN INFORMACION,2023.0,septiembre,12.0,3.0,13:00,3.0,DENUNCIA,Hurto,HURTO A CELULARES,Hurtos_fiscalia.csv,,,,,,,,,,,,,,,,,,,,,,,,,Nivel 1,1,1,POINT (727788.3875014762 871834.9925767926)
HURTO A CELULARES,HURTO. ART. 239 C.P.,COSQUILLEO,Nivel 1,,CALI,Junín,09,-76.52645,3.43402,SIN INFORMACION,2023.0,abril     ,25.0,3.0,02:00,3.0,DENUNCIA,Hurto,HURTO A CELULARES,Hurtos_fiscalia.csv,,,,,,,,,,,,,,,,,,,,,,,,,Nivel 1,1,1,POINT (727788.3875014762 871834.9925767926)
HURTO A CELULARES,HURTO. ART. 239 C.P.,COSQUILLEO,Nivel 1,,CALI,Junín,09,-76.52645,3.43402,SIN INFORMACION,2023.0,julio     ,4.0,3.0,12:30,3.0,DENUNCIA,Hurto,HURTO A CELULARES,Hurtos_fiscalia.csv,,,,,,,,,,,,,,,,,,,,,,,,,Nivel 1,1,1,POINT (727788.3875014762 871834.9925767926)
HURTO A CELULARES,HURTO. ART. 239 C.P.,COSQUILLEO,Nivel 1,,CALI,Junín,09,-76.52645,3.43402,SIN INFORMACION,2023.0,diciembre ,1.0,6.0,22:00,3.0,DENUNCIA,Hurto,HURTO A CELULARES,Hurtos_fiscalia.csv,,,,,,,,,,,,,,,,,,,,,,,,,Nivel 1,1,1,POINT (727788.3875014762 871834.9925767926)
HURTO A CELULARES,HURTO. ART. 239 C.P.,COSQUILLEO,Nivel 1,,CALI,Junín,09,-76.52645,3.43402,SIN INFORMACION,2024.0,enero     ,18.0,5.0,12:30,3.0,DENUNCIA,Hurto,HURTO A CELULARES,Hurtos_fiscalia.csv,,,,,,,,,,,,,,,,,,,,,,,,,Nivel 1,1,1,POINT (727788.3875014762 871834.9925767926)
HURTO A CELULARES,HURTO. ART. 239 C.P.,COSQUILLEO,Nivel 1,,CALI,Junín,09,-76.52645,3.43402,TRANSPORTE MASIVO,2024.0,febrero   ,8.0,5.0,09:30,3.0,DENUNCIA,Hurto,HURTO A CELULARES,Hurtos_fiscalia.csv,,,,,,,,,,,,,,,,,,,,,,,,,Nivel 1,1,1,POINT (727788.3875014762 871834.9925767926)
HURTO A CELULARES,HURTO. ART. 239 C.P.,COSQUILLEO,Nivel 1,,CALI,Junín,09,-76.52645,3.43402,SIN INFORMACION,2024.0,marzo     ,15.0,6.0,22:30,3.0,DENUNCIA,Hurto,HURTO A CELULARES,Hurtos_fiscalia.csv,,,,,,,,,,,,,,,,,,,,,,,,,Nivel 1,1,1,POINT (727788.3875014762 871834.9925767926)
HURTO A CELULARES,HURTO. ART. 239 C.P.,COSQUILLEO,Nivel 1,,CALI,Junín,09,-76.528006,3.434474,TRANSPORTE PUBLICO RURAL,2025.0,marzo     ,17.0,2.0,12:00,3.0,DENUNCIA,Hurto,HURTO A CELULARES,Hurtos_fiscalia.csv,,,,,,,,,,,,,,,,,,,,,,,,,Nivel 1,1,1,POINT (727615.454047005 871885.6845277869)
HURTO A CELULARES,HURTO. ART. 239 C.P.,COSQUILLEO,Nivel 1,,CALI,Junín,09,-76.52645,3.43402,SIN INFORMACION,2024.0,marzo     ,9.0,7.0,06:00,3.0,DENUNCIA,Hurto,HURTO A CELULARES,Hurtos_fiscalia.csv,,,,,,,,,,,,,,,,,,,,,,,,,Nivel 1,1,1,POINT (727788.3875014762 871834.9925767926)
HURTO A PERSONAS,HURTO. ART. 239 C.P.,COSQUILLEO,Nivel 1,,CALI,Junín,09,-76.52645,3.43402,SIN INFORMACION,2023.0,mayo      ,25.0,5.0,10:00,3.0,DENUNCIA,Hurto,HURTO A PERSONAS,Hurtos_fiscalia.csv,,,,,,,,,,,,,,,,,,,,,,,,,Nivel 1,1,1,POINT (727788.3875014762 871834.9925767926)
HURTO A PERSONAS,HURTO. ART. 239 C.P.,COSQUILLEO,Nivel 1,,CALI,Junín,09,-76.52645,3.43402,SIN INFORMACION,2023.0,noviembre ,11.0,7.0,12:50,3.0,DENUNCIA,Hurto,HURTO A PERSONAS,Hurtos_fiscalia.csv,,,,,,,,,,,,,,,,,,,,,,,,,Nivel 1,1,1,POINT (727788.3875014762 871834.9925767926)
HURTO A PERSONAS,HURTO. ART. 239 C.P.,COSQUILLEO,Nivel 1,,CALI,Junín,09,-76.52645,3.43402,SIN INFORMACION,2023.0,agosto    ,8.0,3.0,04:39,3.0,DENUNCIA,Hurto,HURTO A PERSONAS,Hurtos_fiscalia.csv,,,,,,,,,,,,,,,,,,,,,,,,,Nivel 1,1,1,POINT (727788.3875014762 871834.9925767926)
HURTO A PERSONAS,HURTO. ART. 239 C.P.,COSQUILLEO,Nivel 1,,CALI,Junín,09,-76.52645,3.43402,SIN INFORMACION,2023.0,septiembre,25.0,2.0,15:30,3.0,DENUNCIA,Hurto,HURTO A PERSONAS,Hurtos_fiscalia.csv,,,,,,,,,,,,,,,,,,,,,,,,,Nivel 1,1,1,POINT (727788.3875014762 871834.9925767926)
HURTO A PERSONAS,HURTO. ART. 239 C.P.,COSQUILLEO,Nivel 1,,CALI,Junín,09,-76.52645,3.43402,SIN INFORMACION,2023.0,agosto    ,1.0,3.0,07:17,3.0,DENUNCIA,Hurto,HURTO A PERSONAS,Hurtos_fiscalia.csv,,,,,,,,,,,,,,,,,,,,,,,,,Nivel 1,1,1,POINT (727788.3875014762 871834.9925767926)
HURTO A PERSONAS,HURTO. ART. 239 C.P.,COSQUILLEO,Nivel 1,,CALI,Junín,09,-76.52645,3.43402,SIN INFORMACION,2023.0,septiembre,11.0,2.0,22:45,3.0,DENUNCIA,Hurto,HURTO A PERSONAS,Hurtos_fiscalia.csv,,,,,,,,,,,,,,,,,,,,,,,,,Nivel 1,1,1,POINT (727788.3875014762 871834.9925767926)
HURTO A PERSONAS,HURTO. ART. 239 C.P.,COSQUILLEO,Nivel 1,,CALI,Junín,09,-76.52645,3.43402,SIN INFORMACION,2023.0,diciembre ,8.0,6.0,20:00,3.0,DENUNCIA,Hurto,HURTO A PERSONAS,Hurtos_fiscalia.csv,,,,,,,,,,,,,,,,,,,,,,,,,Nivel 1,1,1,POINT (727788.3875014762 871834.9925767926)
HURTO A PERSONAS,HURTO. ART. 239 C.P.,COSQUILLEO,Nivel 1,,CALI,Junín,09,-76.52645,3.43402,SIN INFORMACION,2023.0,noviembre ,27.0,2.0,16:23,3.0,DENUNCIA,Hurto,HURTO A PERSONAS,Hurtos_fiscalia.csv,,,,,,,,,,,,,,,,,,,,,,,,,Nivel 1,1,1,POINT (727788.3875014762 871834.9925767926)
HURTO A PERSONAS,HURTO. ART. 239 C.P.,COSQUILLEO,Nivel 1,,CALI,Junín,09,-76.52645,3.43402,SIN INFORMACION,2023.0,junio     ,7.0,4.0,23:30,3.0,DENUNCIA,Hurto,HURTO A PERSONAS,Hurtos_fiscalia.csv,,,,,,,,,,,,,,,,,,,,,,,,,Nivel 1,1,1,POINT (727788.3875014762 871834.9925767926)
HURTO A PERSONAS,HURTO. ART. 239 C.P.,COSQUILLEO,Nivel 1,,CALI,Junín,09,-76.52645,3.43402,SIN INFORMACION,2023.0,septiembre,27.0,4.0,15:20,3.0,DENUNCIA,Hurto,HURTO A PERSONAS,Hurtos_fiscalia.csv,,,,,,,,,,,,,,,,,,,,,,,,,Nivel 1,1,1,POINT (727788.3875014762 871834.9925767926)
HURTO A PERSONAS,HURTO. ART. 239 C.P.,COSQUILLEO,Nivel 1,,CALI,Junín,09,-76.52645,3.43402,SIN INFORMACION,2023.0,septiembre,9.0,7.0,13:00,3.0,DENUNCIA,Hurto,HURTO A PERSONAS,Hurtos_fiscalia.csv,,,,,,,,,,,,,,,,,,,,,,,,,Nivel 1,1,1,POINT (727788.3875014762 871834.9925767926)
HURTO A PERSONAS,HURTO. ART. 239 C.P.,COSQUILLEO,Nivel 1,,CALI,Junín,09,-76.52645,3.43402,SIN INFORMACION,2023.0,noviembre ,10.0,6.0,05:00,3.0,DENUNCIA,Hurto,HURTO A PERSONAS,Hurtos_fiscalia.csv,,,,,,,,,,,,,,,,,,,,,,,,,Nivel 1,1,1,POINT (727788.3875014762 871834.9925767926)
HURTO A PERSONAS,HURTO. ART. 239 C.P.,COSQUILLEO,Nivel 1,,CALI,Junín,09,-76.52645,3.43402,SIN INFORMACION,2023.0,abril     ,1.0,7.0,17:00,3.0,DENUNCIA,Hurto,HURTO A PERSONAS,Hurtos_fiscalia.csv,,,,,,,,,,,,,,,,,,,,,,,,,Nivel 1,1,1,POINT (727788.3875014762 871834.9925767926)
HURTO A PERSONAS,HURTO. ART. 239 C.P.,COSQUILLEO,Nivel 1,,CALI,Junín,09,-76.52802,3.43473,TRANSPORTE MASIVO,2023.0,noviembre ,11.0,7.0,18:35,3.0,DENUNCIA,Hurto,HURTO A PERSONAS,Hurtos_fiscalia.csv,,,,,,,,,,,,,,,,,,,,,,,,,Nivel 1,1,1,POINT (727613.9695761559 871914.022452792)
HURTO A PERSONAS,HURTO. ART. 239 C.P.,COSQUILLEO,Nivel 1,,CALI,Junín,09,-76.52645,3.43402,SIN INFORMACION,2023.0,marzo     ,24.0,6.0,09:00,3.0,DENUNCIA,Hurto,HURTO A PERSONAS,Hurtos_fiscalia.csv,,,,,,,,,,,,,,,,,,,,,,,,,Nivel 1,1,1,POINT (727788.3875014762 871834.9925767926)
HURTO A PERSONAS,HURTO CALIFICADO. ART. 240 C.P.,COSQUILLEO,Nivel 1,,CALI,Junín,09,-76.52645,3.43402,SIN INFORMACION,2023.0,noviembre ,11.0,7.0,11:00,3.0,DENUNCIA,Hurto,HURTO A PERSONAS,Hurtos_fiscalia.csv,,,,,,,,,,,,,,,,,,,,,,,,,Nivel 1,1,1,POINT (727788.3875014762 871834.9925767926)
HURTO A PERSONAS,HURTO CALIFICADO. ART. 240 C.P.,COSQUILLEO,Nivel 1,,CALI,Junín,09,-76.52645,3.43402,SIN INFORMACION,2023.0,diciembre ,2.0,7.0,19:00,3.0,DENUNCIA,Hurto,HURTO A PERSONAS,Hurtos_fiscalia.csv,,,,,,,,,,,,,,,,,,,,,,,,,Nivel 1,1,1,POINT (727788.3875014762 871834.9925767926)
HURTO A PERSONAS,HURTO. ART. 239 C.P.,COSQUILLEO,Nivel 1,,CALI,Junín,09,-76.52645,3.43402,SIN INFORMACION,2023.0,septiembre,25.0,2.0,22:27,3.0,DENUNCIA,Hurto,HURTO A PERSONAS,Hurtos_fiscalia.csv,,,,,,,,,,,,,,,,,,,,,,,,,Nivel 1,1,1,POINT (727788.3875014762 871834.9925767926)
HURTO A PERSONAS,HURTO. ART. 239 C.P.,COSQUILLEO,Nivel 1,,CALI,Junín,09,-76.52645,3.43402,SIN INFORMACION,2023.0,diciembre ,14.0,5.0,13:00,3.0,DENUNCIA,Hurto,HURTO A PERSONAS,Hurtos_fiscalia.csv,,,,,,,,,,,,,,,,,,,,,,,,,Nivel 1,1,1,POINT (727788.3875014762 871834.9925767926)
HURTO A PERSONAS,HURTO. ART. 239 C.P.,COSQUILLEO,Nivel 1,,CALI,Junín,09,-76.52645,3.43402,SIN INFORMACION,2023.0,noviembre ,29.0,4.0,16:20,3.0,DENUNCIA,Hurto,HURTO A PERSONAS,Hurtos_fiscalia.csv,,,,,,,,,,,,,,,,,,,,,,,,,Nivel 1,1,1,POINT (727788.3875014762 871834.9925767926)
HURTO A PERSONAS,HURTO. ART. 239 C.P.,COSQUILLEO,Nivel 1,,CALI,Junín,09,-76.52645,3.43402,SIN INFORMACION,2023.0,mayo      ,26.0,6.0,12:30,3.0,DENUNCIA,Hurto,HURTO A PERSONAS,Hurtos_fiscalia.csv,,,,,,,,,,,,,,,,,,,,,,,,,Nivel 1,1,1,POINT (727788.3875014762 871834.9925767926)
HURTO A PERSONAS,HURTO CALIFICADO. ART. 240 C.P.,COSQUILLEO,Nivel 1,,CALI,Junín,09,-76.52645,3.43402,SIN INFORMACION,2023.0,febrero   ,2.0,5.0,08:00,3.0,DENUNCIA,Hurto,HURTO A PERSONAS,Hurtos_fiscalia.csv,,,,,,,,,,,,,,,,,,,,,,,,,Nivel 1,1,1,POINT (727788.3875014762 871834.9925767926)
HURTO A PERSONAS,HURTO. ART. 239 C.P.,COSQUILLEO,Nivel 1,,CALI,Junín,09,-76.52645,3.43402,SIN INFORMACION,2023.0,noviembre ,12.0,1.0,01:42,3.0,DENUNCIA,Hurto,HURTO A PERSONAS,Hurtos_fiscalia.csv,,,,,,,,,,,,,,,,,,,,,,,,,Nivel 1,1,1,POINT (727788.3875014762 871834.9925767926)
HURTO A PERSONAS,HURTO. ART. 239 C.P.,COSQUILLEO,Nivel 1,,CALI,Junín,09,-76.526944,3.434016,VIA PUBLICA,2023.0,agosto    ,18.0,6.0,05:20,3.0,QUERELLA,Hurto,HURTO A PERSONAS,Hurtos_fiscalia.csv,,,,,,,,,,,,,,,,,,,,,,,,,Nivel 1,1,1,POINT (727733.442454314 871834.6906292164)
HURTO A PERSONAS,HURTO. ART. 239 C.P.,COSQUILLEO,Nivel 1,,CALI,Junín,09,-76.52645,3.43402,SIN INFORMACION,2023.0,octubre   ,8.0,1.0,18:25,3.0,DENUNCIA,Hurto,HURTO A PERSONAS,Hurtos_fiscalia.csv,,,,,,,,,,,,,,,,,,,,,,,,,Nivel 1,1,1,POINT (727788.3875014762 871834.9925767926)
HURTO A PERSONAS,HURTO CALIFICADO. ART. 240 C.P.,COSQUILLEO,Nivel 1,,CALI,Junín,09,-76.52645,3.43402,SIN INFORMACION,2023.0,agosto    ,25.0,6.0,04:09,3.0,DENUNCIA,Hurto,HURTO A PERSONAS,Hurtos_fiscalia.csv,,,,,,,,,,,,,,,,,,,,,,,,,Nivel 1,1,1,POINT (727788.3875014762 871834.9925767926)
HURTO A PERSONAS,HURTO. ART. 239 C.P.,COSQUILLEO,Nivel 1,,CALI,Junín,09,-76.52645,3.43402,SIN INFORMACION,2023.0,noviembre ,24.0,6.0,03:00,3.0,DENUNCIA,Hurto,HURTO A PERSONAS,Hurtos_fiscalia.csv,,,,,,,,,,,,,,,,,,,,,,,,,Nivel 1,1,1,POINT (727788.3875014762 871834.9925767926)
HURTO A PERSONAS,HURTO. ART. 239 C.P.,COSQUILLEO,Nivel 1,,CALI,Junín,09,-76.52645,3.43402,SIN INFORMACION,2023.0,mayo      ,9.0,3.0,06:00,3.0,DENUNCIA,Hurto,HURTO A PERSONAS,Hurtos_fiscalia.csv,,,,,,,,,,,,,,,,,,,,,,,,,Nivel 1,1,1,POINT (727788.3875014762 871834.9925767926)
HURTO A PERSONAS,HURTO. ART. 239 C.P.,COSQUILLEO,Nivel 1,,CALI,Junín,09,-76.526506,3.434079,TRANSPORTE MASIVO,2023.0,febrero   ,28.0,3.0,01:23,3.0,DENUNCIA,Hurto,HURTO A PERSONAS,Hurtos_fiscalia.csv,,,,,,,,,,,,,,,,,,,,,,,,,Nivel 1,1,1,POINT (727782.1757720553 871841.5386117259)
HURTO A PERSONAS,HURTO. ART. 239 C.P.,COSQUILLEO,Nivel 1,,CALI,Junín,09,-76.52645,3.43402,SIN INFORMACION,2023.0,septiembre,21.0,5.0,13:00,3.0,DENUNCIA,Hurto,HURTO A PERSONAS,Hurtos_fiscalia.csv,,,,,,,,,,,,,,,,,,,,,,,,,Nivel 1,1,1,POINT (727788.3875014762 871834.9925767926)
HURTO A PERSONAS,HURTO CALIFICADO. ART. 240 C.P.,COSQUILLEO,Nivel 1,,CALI,Junín,09,-76.52645,3.43402,SIN INFORMACION,2023.0,agosto    ,21.0,2.0,01:00,3.0,DENUNCIA,Hurto,HURTO A PERSONAS,Hurtos_fiscalia.csv,,,,,,,,,,,,,,,,,,,,,,,,,Nivel 1,1,1,POINT (727788.3875014762 871834.9925767926)
HURTO A PERSONAS,HURTO CALIFICADO. ART. 240 C.P.,COSQUILLEO,Nivel 1,,CALI,Junín,09,-76.52645,3.43402,SIN INFORMACION,2023.0,noviembre ,22.0,4.0,00:15,3.0,DENUNCIA,Hurto,HURTO A PERSONAS,Hurtos_fiscalia.csv,,,,,,,,,,,,,,,,,,,,,,,,,Nivel 1,1,1,POINT (727788.3875014762 871834.9925767926)
HURTO A PERSONAS,HURTO. ART. 239 C.P.,COSQUILLEO,Nivel 1,,CALI,Junín,09,-76.52645,3.43402,SIN INFORMACION,2023.0,abril     ,2.0,1.0,08:30,3.0,DENUNCIA,Hurto,HURTO A PERSONAS,Hurtos_fiscalia.csv,,,,,,,,,,,,,,,,,,,,,,,,,Nivel 1,1,1,POINT (727788.3875014762 871834.9925767926)
HURTO A PERSONAS,HURTO. ART. 239 C.P.,COSQUILLEO,Nivel 1,,CALI,Junín,09,-76.52645,3.43402,SIN INFORMACION,2023.0,agosto    ,23.0,4.0,15:00,3.0,DENUNCIA,Hurto,HURTO A PERSONAS,Hurtos_fiscalia.csv,,,,,,,,,,,,,,,,,,,,,,,,,Nivel 1,1,1,POINT (727788.3875014762 871834.9925767926)
HURTO A PERSONAS,HURTO. ART. 239 C.P.,COSQUILLEO,Nivel 1,,CALI,Junín,09,-76.527365,3.43448,VIA PUBLICA,2023.0,septiembre,11.0,2.0,23:29,3.0,QUERELLA,Hurto,HURTO A PERSONAS,Hurtos_fiscalia.csv,,,,,,,,,,,,,,,,,,,,,,,,,Nivel 1,1,1,POINT (727686.7493875138 871886.165847278)
HURTO A PERSONAS,HURTO. ART. 239 C.P.,COSQUILLEO,Nivel 1,,CALI,Junín,09,-76.52645,3.43402,SIN INFORMACION,2023.0,noviembre ,24.0,6.0,16:00,3.0,DENUNCIA,Hurto,HURTO A PERSONAS,Hurtos_fiscalia.csv,,,,,,,,,,,,,,,,,,,,,,,,,Nivel 1,1,1,POINT (727788.3875014762 871834.9925767926)
HURTO A PERSONAS,HURTO. ART. 239 C.P.,COSQUILLEO,Nivel 1,,CALI,Junín,09,-76.52645,3.43402,SIN INFORMACION,2023.0,abril     ,6.0,5.0,08:00,3.0,DENUNCIA,Hurto,HURTO A PERSONAS,Hurtos_fiscalia.csv,,,,,,,,,,,,,,,,,,,,,,,,,Nivel 1,1,1,POINT (727788.3875014762 871834.9925767926)
HURTO A PERSONAS,HURTO. ART. 239 C.P.,COSQUILLEO,Nivel 1,,CALI,Junín,09,-76.52645,3.43402,SIN INFORMACION,2023.0,octubre   ,28.0,7.0,16:00,3.0,DENUNCIA,Hurto,HURTO A PERSONAS,Hurtos_fiscalia.csv,,,,,,,,,,,,,,,,,,,,,,,,,Nivel 1,1,1,POINT (727788.3875014762 871834.9925767926)
HURTO A PERSONAS,HURTO. ART. 239 C.P.,COSQUILLEO,Nivel 1,,CALI,Junín,09,-76.52645,3.43402,SIN INFORMACION,2023.0,enero     ,28.0,7.0,15:00,3.0,DENUNCIA,Hurto,HURTO A PERSONAS,Hurtos_fiscalia.csv,,,,,,,,,,,,,,,,,,,,,,,,,Nivel 1,1,1,POINT (727788.3875014762 871834.9925767926)
HURTO A PERSONAS,HURTO. ART. 239 C.P.,COSQUILLEO,Nivel 1,,CALI,Junín,09,-76.52645,3.43402,SIN INFORMACION,2023.0,diciembre ,4.0,2.0,12:11,3.0,DENUNCIA,Hurto,HURTO A PERSONAS,Hurtos_fiscalia.csv,,,,,,,,,,,,,,,,,,,,,,,,,Nivel 1,1,1,POINT (727788.3875014762 871834.9925767926)
HURTO A PERSONAS,HURTO. ART. 239 C.P.,COSQUILLEO,Nivel 1,,CALI,Junín,09,-76.52645,3.43402,SIN INFORMACION,2023.0,diciembre ,17.0,1.0,22:00,3.0,DENUNCIA,Hurto,HURTO A PERSONAS,Hurtos_fiscalia.csv,,,,,,,,,,,,,,,,,,,,,,,,,Nivel 1,1,1,POINT (727788.3875014762 871834.9925767926)
HURTO A PERSONAS,HURTO. ART. 239 C.P.,COSQUILLEO,Nivel 1,,CALI,Junín,09,-76.52645,3.43402,SIN INFORMACION,2023.0,noviembre ,11.0,7.0,19:30,3.0,DENUNCIA,Hurto,HURTO A PERSONAS,Hurtos_fiscalia.csv,,,,,,,,,,,,,,,,,,,,,,,,,Nivel 1,1,1,POINT (727788.3875014762 871834.9925767926)
HURTO A PERSONAS,HURTO. ART. 239 C.P.,COSQUILLEO,Nivel 1,,CALI,Junín,09,-76.52645,3.43402,SIN INFORMACION,2023.0,julio     ,18.0,3.0,10:20,3.0,DENUNCIA,Hurto,HURTO A PERSONAS,Hurtos_fiscalia.csv,,,,,,,,,,,,,,,,,,,,,,,,,Nivel 1,1,1,POINT (727788.3875014762 871834.9925767926)
HURTO A PERSONAS,HURTO. ART. 239 C.P.,COSQUILLEO,Nivel 1,,CALI,Junín,09,-76.52645,3.43402,SIN INFORMACION,2023.0,octubre   ,6.0,6.0,10:00,3.0,DENUNCIA,Hurto,HURTO A PERSONAS,Hurtos_fiscalia.csv,,,,,,,,,,,,,,,,,,,,,,,,,Nivel 1,1,1,POINT (727788.3875014762 871834.9925767926)
HURTO A PERSONAS,HURTO. ART. 239 C.P.,COSQUILLEO,Nivel 1,,CALI,Junín,09,-76.52645,3.43402,SIN INFORMACION,2023.0,marzo     ,4.0,7.0,08:28,3.0,DENUNCIA,Hurto,HURTO A PERSONAS,Hurtos_fiscalia.csv,,,,,,,,,,,,,,,,,,,,,,,,,Nivel 1,1,1,POINT (727788.3875014762 871834.9925767926)
HURTO A PERSONAS,HURTO. ART. 239 C.P.,COSQUILLEO,Nivel 1,,CALI,Junín,09,-76.52645,3.43402,SIN INFORMACION,2023.0,diciembre ,12.0,3.0,14:00,3.0,DENUNCIA,Hurto,HURTO A PERSONAS,Hurtos_fiscalia.csv,,,,,,,,,,,,,,,,,,,,,,,,,Nivel 1,1,1,POINT (727788.3875014762 871834.9925767926)
HURTO A PERSONAS,HURTO. ART. 239 C.P.,COSQUILLEO,Nivel 1,,CALI,Junín,09,-76.528267,3.43422,TRANSPORTE MASIVO,2023.0,febrero   ,6.0,2.0,08:00,3.0,DENUNCIA,Hurto,HURTO A PERSONAS,Hurtos_fiscalia.csv,,,,,,,,,,,,,,,,,,,,,,,,,Nivel 1,1,1,POINT (727586.3528789706 871857.6463766211)
HURTO A PERSONAS,HURTO. ART. 239 C.P.,COSQUILLEO,Nivel 1,,CALI,Junín,09,-76.52645,3.43402,SIN INFORMACION,2023.0,septiembre,13.0,4.0,21:30,3.0,DENUNCIA,Hurto,HURTO A PERSONAS,Hurtos_fiscalia.csv,,,,,,,,,,,,,,,,,,,,,,,,,Nivel 1,1,1,POINT (727788.3875014762 871834.9925767926)
HURTO A PERSONAS,HURTO. ART. 239 C.P.,COSQUILLEO,Nivel 1,,CALI,Junín,09,-76.52645,3.43402,SIN INFORMACION,2023.0,octubre   ,10.0,3.0,19:30,3.0,DENUNCIA,Hurto,HURTO A PERSONAS,Hurtos_fiscalia.csv,,,,,,,,,,,,,,,,,,,,,,,,,Nivel 1,1,1,POINT (727788.3875014762 871834.9925767926)
HURTO A PERSONAS,HURTO. ART. 239 C.P.,COSQUILLEO,Nivel 1,,CALI,Junín,09,-76.52645,3.43402,SIN INFORMACION,2023.0,mayo      ,8.0,2.0,12:00,3.0,DENUNCIA,Hurto,HURTO A PERSONAS,Hurtos_fiscalia.csv,,,,,,,,,,,,,,,,,,,,,,,,,Nivel 1,1,1,POINT (727788.3875014762 871834.9925767926)
HURTO A PERSONAS,HURTO. ART. 239 C.P.,COSQUILLEO,Nivel 1,,CALI,Junín,09,-76.52645,3.43402,SIN INFORMACION,2023.0,junio     ,20.0,3.0,19:00,3.0,DENUNCIA,Hurto,HURTO A PERSONAS,Hurtos_fiscalia.csv,,,,,,,,,,,,,,,,,,,,,,,,,Nivel 1,1,1,POINT (727788.3875014762 871834.9925767926)
HURTO A PERSONAS,HURTO. ART. 239 C.P.,COSQUILLEO,Nivel 1,,CALI,Junín,09,-76.52645,3.43402,SIN INFORMACION,2023.0,septiembre,3.0,1.0,17:30,3.0,DENUNCIA,Hurto,HURTO A PERSONAS,Hurtos_fiscalia.csv,,,,,,,,,,,,,,,,,,,,,,,,,Nivel 1,1,1,POINT (727788.3875014762 871834.9925767926)
HURTO A PERSONAS,HURTO. ART. 239 C.P.,COSQUILLEO,Nivel 1,,CALI,Junín,09,-76.52645,3.43402,SIN INFORMACION,2023.0,septiembre,11.0,2.0,14:00,3.0,QUERELLA,Hurto,HURTO A PERSONAS,Hurtos_fiscalia.csv,,,,,,,,,,,,,,,,,,,,,,,,,Nivel 1,1,1,POINT (727788.3875014762 871834.9925767926)
HURTO A PERSONAS,HURTO. ART. 239 C.P.,COSQUILLEO,Nivel 1,,CALI,Junín,09,-76.52645,3.43402,SIN INFORMACION,2023.0,agosto    ,27.0,1.0,10:06,3.0,DENUNCIA,Hurto,HURTO A PERSONAS,Hurtos_fiscalia.csv,,,,,,,,,,,,,,,,,,,,,,,,,Nivel 1,1,1,POINT (727788.3875014762 871834.9925767926)
HURTO A PERSONAS,HURTO. ART. 239 C.P.,COSQUILLEO,Nivel 1,,CALI,Junín,09,-76.526519,3.434029,TRANSPORTE MASIVO,2023.0,abril     ,25.0,3.0,01:00,3.0,DENUNCIA,Hurto,HURTO A PERSONAS,Hurtos_fiscalia.csv,,,,,,,,,,,,,,,,,,,,,,,,,Nivel 1,1,1,POINT (727780.7157024265 871836.008350958)
HURTO A PERSONAS,HURTO. ART. 239 C.P.,COSQUILLEO,Nivel 1,,CALI,Junín,09,-76.52645,3.43402,SIN INFORMACION,2023.0,marzo     ,14.0,3.0,14:30,3.0,DENUNCIA,Hurto,HURTO A PERSONAS,Hurtos_fiscalia.csv,,,,,,,,,,,,,,,,,,,,,,,,,Nivel 1,1,1,POINT (727788.3875014762 871834.9925767926)
HURTO A PERSONAS,HURTO. ART. 239 C.P.,COSQUILLEO,Nivel 1,,CALI,Junín,09,-76.52645,3.43402,SIN INFORMACION,2023.0,mayo      ,23.0,3.0,12:30,3.0,DENUNCIA,Hurto,HURTO A PERSONAS,Hurtos_fiscalia.csv,,,,,,,,,,,,,,,,,,,,,,,,,Nivel 1,1,1,POINT (727788.3875014762 871834.9925767926)
HURTO A PERSONAS,HURTO. ART. 239 C.P.,COSQUILLEO,Nivel 1,,CALI,Junín,09,-76.52645,3.43402,SIN INFORMACION,2023.0,septiembre,7.0,5.0,05:00,3.0,QUERELLA,Hurto,HURTO A PERSONAS,Hurtos_fiscalia.csv,,,,,,,,,,,,,,,,,,,,,,,,,Nivel 1,1,1,POINT (727788.3875014762 871834.9925767926)
HURTO A PERSONAS,HURTO. ART. 239 C.P.,COSQUILLEO,Nivel 1,,CALI,Junín,09,-76.52645,3.43402,SIN INFORMACION,2023.0,noviembre ,21.0,3.0,08:00,3.0,DENUNCIA,Hurto,HURTO A PERSONAS,Hurtos_fiscalia.csv,,,,,,,,,,,,,,,,,,,,,,,,,Nivel 1,1,1,POINT (727788.3875014762 871834.9925767926)
HURTO A PERSONAS,HURTO. ART. 239 C.P.,COSQUILLEO,Nivel 1,,CALI,Junín,09,-76.52645,3.43402,SIN INFORMACION,2023.0,julio     ,21.0,6.0,13:00,3.0,DENUNCIA,Hurto,HURTO A PERSONAS,Hurtos_fiscalia.csv,,,,,,,,,,,,,,,,,,,,,,,,,Nivel 1,1,1,POINT (727788.3875014762 871834.9925767926)
HURTO A PERSONAS,HURTO. ART. 239 C.P.,COSQUILLEO,Nivel 1,,CALI,Junín,09,-76.526471,3.43405,TRANSPORTE MASIVO,2023.0,septiembre,27.0,4.0,22:18,3.0,DENUNCIA,Hurto,HURTO A PERSONAS,Hurtos_fiscalia.csv,,,,,,,,,,,,,,,,,,,,,,,,,Nivel 1,1,1,POINT (727786.060335753 871838.3189392441)
HURTO A PERSONAS,HURTO CALIFICADO. ART. 240 C.P.,COSQUILLEO,Nivel 1,,CALI,Junín,09,-76.526423,3.434047,TRANSPORTE MASIVO,2023.0,junio     ,15.0,5.0,22:30,3.0,DENUNCIA,Hurto,HURTO A PERSONAS,Hurtos_fiscalia.csv,,,,,,,,,,,,,,,,,,,,,,,,,Nivel 1,1,1,POINT (727791.3981637603 871837.9732246146)
HURTO A PERSONAS,HURTO. ART. 239 C.P.,COSQUILLEO,Nivel 1,,CALI,Junín,09,-76.52645,3.43402,SIN INFORMACION,2023.0,septiembre,14.0,5.0,07:00,3.0,DENUNCIA,Hurto,HURTO A PERSONAS,Hurtos_fiscalia.csv,,,,,,,,,,,,,,,,,,,,,,,,,Nivel 1,1,1,POINT (727788.3875014762 871834.9925767926)
HURTO A PERSONAS,HURTO. ART. 239 C.P.,COSQUILLEO,Nivel 1,,CALI,Junín,09,-76.52645,3.43402,SIN INFORMACION,2023.0,noviembre ,27.0,2.0,20:00,3.0,DENUNCIA,Hurto,HURTO A PERSONAS,Hurtos_fiscalia.csv,,,,,,,,,,,,,,,,,,,,,,,,,Nivel 1,1,1,POINT (727788.3875014762 871834.9925767926)
HURTO A PERSONAS,HURTO. ART. 239 C.P.,COSQUILLEO,Nivel 1,,CALI,Junín,09,-76.52645,3.43402,SIN INFORMACION,2023.0,septiembre,3.0,1.0,10:00,3.0,DENUNCIA,Hurto,HURTO A PERSONAS,Hurtos_fiscalia.csv,,,,,,,,,,,,,,,,,,,,,,,,,Nivel 1,1,1,POINT (727788.3875014762 871834.9925767926)
HURTO A PERSONAS,HURTO CALIFICADO. ART. 240 C.P.,COSQUILLEO,Nivel 1,,CALI,Junín,09,-76.526432,3.433953,VIA PUBLICA,2023.0,agosto    ,29.0,3.0,18:00,3.0,DENUNCIA,Hurto,HURTO A PERSONAS,Hurtos_fiscalia.csv,,,,,,,,,,,,,,,,,,,,,,,,,Nivel 1,1,1,POINT (727790.3705092452 871827.5719354323)
HURTO A PERSONAS,HURTO CALIFICADO. ART. 240 C.P.,COSQUILLEO,Nivel 1,,CALI,Junín,09,-76.52645,3.43402,VIA PUBLICA,2023.0,diciembre ,7.0,5.0,18:30,3.0,DENUNCIA,Hurto,HURTO A PERSONAS,Hurtos_fiscalia.csv,,,,,,,,,,,,,,,,,,,,,,,,,Nivel 1,1,1,POINT (727788.3875014762 871834.9925767926)
HURTO A PERSONAS,HURTO CALIFICADO. ART. 240 C.P.,COSQUILLEO,Nivel 1,,CALI,Junín,09,-76.52645,3.43402,SIN INFORMACION,2023.0,julio     ,24.0,2.0,15:00,3.0,DENUNCIA,Hurto,HURTO A PERSONAS,Hurtos_fiscalia.csv,,,,,,,,,,,,,,,,,,,,,,,,,Nivel 1,1,1,POINT (727788.3875014762 871834.9925767926)
HURTO A PERSONAS,HURTO CALIFICADO. ART. 240 C.P.,COSQUILLEO,Nivel 1,,CALI,Junín,09,-76.52645,3.43402,SIN INFORMACION,2023.0,noviembre ,25.0,7.0,20:20,3.0,DENUNCIA,Hurto,HURTO A PERSONAS,Hurtos_fiscalia.csv,,,,,,,,,,,,,,,,,,,,,,,,,Nivel 1,1,1,POINT (727788.3875014762 871834.9925767926)
HURTO A PERSONAS,HURTO. ART. 239 C.P.,COSQUILLEO,Nivel 1,,CALI,Junín,09,-76.527346,3.433997,SIN INFORMACION,2025.0,enero     ,30.0,5.0,11:58,3.0,DENUNCIA,Hurto,HURTO A PERSONAS,Hurtos_fiscalia.csv,,,,,,,,,,,,,,,,,,,,,,,,,Nivel 1,1,1,POINT (727688.725606797 871832.7022956323)
HURTO A PERSONAS,HURTO. ART. 239 C.P.,COSQUILLEO,Nivel 1,,CALI,Junín,09,-76.52645,3.43402,SIN INFORMACION,2024.0,febrero   ,3.0,7.0,22:30,3.0,DENUNCIA,Hurto,HURTO A PERSONAS,Hurtos_fiscalia.csv,,,,,,,,,,,,,,,,,,,,,,,,,Nivel 1,1,1,POINT (727788.3875014762 871834.9925767926)
HURTO A PERSONAS,HURTO. ART. 239 C.P.,COSQUILLEO,Nivel 1,,CALI,Junín,09,-76.52645,3.43402,SIN INFORMACION,2024.0,febrero   ,13.0,3.0,17:00,3.0,DENUNCIA,Hurto,HURTO A PERSONAS,Hurtos_fiscalia.csv,,,,,,,,,,,,,,,,,,,,,,,,,Nivel 1,1,1,POINT (727788.3875014762 871834.9925767926)
HURTO A PERSONAS,HURTO. ART. 239 C.P.,COSQUILLEO,Nivel 1,,CALI,Junín,09,-76.52645,3.43402,SIN INFORMACION,2024.0,febrero   ,12.0,2.0,12:17,3.0,DENUNCIA,Hurto,HURTO A PERSONAS,Hurtos_fiscalia.csv,,,,,,,,,,,,,,,,,,,,,,,,,Nivel 1,1,1,POINT (727788.3875014762 871834.9925767926)
HURTO A PERSONAS,HURTO. ART. 239 C.P.,COSQUILLEO,Nivel 1,,CALI,Junín,09,-76.527346,3.433997,SIN INFORMACION,2024.0,agosto    ,1.0,5.0,10:43,3.0,DENUNCIA,Hurto,HURTO A PERSONAS,Hurtos_fiscalia.csv,,,,,,,,,,,,,,,,,,,,,,,,,Nivel 1,1,1,POINT (727688.725606797 871832.7022956323)
HURTO A PERSONAS,HURTO. ART. 239 C.P.,COSQUILLEO,Nivel 1,,CALI,Junín,09,-76.52645,3.43402,SIN INFORMACION,2024.0,enero     ,22.0,2.0,20:30,3.0,DENUNCIA,Hurto,HURTO A PERSONAS,Hurtos_fiscalia.csv,,,,,,,,,,,,,,,,,,,,,,,,,Nivel 1,1,1,POINT (727788.3875014762 871834.9925767926)
HURTO A PERSONAS,HURTO. ART. 239 C.P.,COSQUILLEO,Nivel 1,,CALI,Junín,09,-76.52797,3.434475,VIA PUBLICA,2025.0,mayo      ,24.0,7.0,19:00,3.0,DENUNCIA,Hurto,HURTO A PERSONAS,Hurtos_fiscalia.csv,,,,,,,,,,,,,,,,,,,,,,,,,Nivel 1,1,1,POINT (727619.4583425559 871885.784941908)
HURTO A PERSONAS,HURTO. ART. 239 C.P.,COSQUILLEO,Nivel 1,,CALI,Junín,09,-76.52645,3.43402,SIN INFORMACION,2024.0,enero     ,2.0,3.0,15:00,3.0,DENUNCIA,Hurto,HURTO A PERSONAS,Hurtos_fiscalia.csv,,,,,,,,,,,,,,,,,,,,,,,,,Nivel 1,1,1,POINT (727788.3875014762 871834.9925767926)
HURTO A PERSONAS,HURTO. ART. 239 C.P.,COSQUILLEO,Nivel 1,,CALI,Junín,09,-76.52645,3.43402,SIN INFORMACION,2024.0,febrero   ,15.0,5.0,12:00,3.0,DENUNCIA,Hurto,HURTO A PERSONAS,Hurtos_fiscalia.csv,,,,,,,,,,,,,,,,,,,,,,,,,Nivel 1,1,1,POINT (727788.3875014762 871834.9925767926)
HURTO A PERSONAS,HURTO. ART. 239 C.P.,COSQUILLEO,Nivel 1,,CALI,Junín,09,-76.52645,3.43402,SIN INFORMACION,2024.0,febrero   ,24.0,7.0,23:45,3.0,DENUNCIA,Hurto,HURTO A PERSONAS,Hurtos_fiscalia.csv,,,,,,,,,,,,,,,,,,,,,,,,,Nivel 1,1,1,POINT (727788.3875014762 871834.9925767926)
HURTO A PERSONAS,HURTO. ART. 239 C.P.,COSQUILLEO,Nivel 1,,CALI,Junín,09,-76.526482,3.434084,TRANSPORTE MASIVO,2024.0,febrero   ,25.0,1.0,15:00,3.0,DENUNCIA,Hurto,HURTO A PERSONAS,Hurtos_fiscalia.csv,,,,,,,,,,,,,,,,,,,,,,,,,Nivel 1,1,1,POINT (727784.8465291152 871842.0851696475)
HURTO A PERSONAS,HURTO. ART. 239 C.P.,COSQUILLEO,Nivel 1,,CALI,Junín,09,-76.527346,3.433997,SIN INFORMACION,2025.0,mayo      ,21.0,4.0,08:06,3.0,DENUNCIA,Hurto,HURTO A PERSONAS,Hurtos_fiscalia.csv,,,,,,,,,,,,,,,,,,,,,,,,,Nivel 1,1,1,POINT (727688.725606797 871832.7022956323)
HURTO A PERSONAS,HURTO. ART. 239 C.P.,COSQUILLEO,Nivel 1,,CALI,Junín,09,-76.526655,3.434038,VIA PUBLICA,2024.0,enero     ,12.0,6.0,21:00,3.0,DENUNCIA,Hurto,HURTO A PERSONAS,Hurtos_fiscalia.csv,,,,,,,,,,,,,,,,,,,,,,,,,Nivel 1,1,1,POINT (727765.591996494 871837.0432175465)
HURTO A PERSONAS,HURTO. ART. 239 C.P.,COSQUILLEO,Nivel 1,,CALI,Junín,09,-76.52645,3.43402,SIN INFORMACION,2024.0,febrero   ,6.0,3.0,21:30,3.0,QUERELLA,Hurto,HURTO A PERSONAS,Hurtos_fiscalia.csv,,,,,,,,,,,,,,,,,,,,,,,,,Nivel 1,1,1,POINT (727788.3875014762 871834.9925767926)
HURTO A PERSONAS,HURTO. ART. 239 C.P.,COSQUILLEO,Nivel 1,,CALI,Junín,09,-76.52645,3.43402,SIN INFORMACION,2024.0,febrero   ,17.0,7.0,11:03,3.0,DENUNCIA,Hurto,HURTO A PERSONAS,Hurtos_fiscalia.csv,,,,,,,,,,,,,,,,,,,,,,,,,Nivel 1,1,1,POINT (727788.3875014762 871834.9925767926)
HURTO A PERSONAS,HURTO. ART. 239 C.P.,COSQUILLEO,Nivel 1,,CALI,Junín,09,-76.52645,3.43402,SIN INFORMACION,2024.0,marzo     ,3.0,1.0,11:05,3.0,QUERELLA,Hurto,HURTO A PERSONAS,Hurtos_fiscalia.csv,,,,,,,,,,,,,,,,,,,,,,,,,Nivel 1,1,1,POINT (727788.3875014762 871834.9925767926)
HURTO A PERSONAS,HURTO. ART. 239 C.P.,COSQUILLEO,Nivel 1,,CALI,Junín,09,-76.527346,3.433997,SIN INFORMACION,2024.0,octubre   ,5.0,7.0,17:21,3.0,DENUNCIA,Hurto,HURTO A PERSONAS,Hurtos_fiscalia.csv,,,,,,,,,,,,,,,,,,,,,,,,,Nivel 1,1,1,POINT (727688.725606797 871832.7022956323)
HURTO A PERSONAS,HURTO. ART. 239 C.P.,COSQUILLEO,Nivel 1,,CALI,Junín,09,-76.52645,3.43402,SIN INFORMACION,2024.0,enero     ,5.0,6.0,22:30,3.0,DENUNCIA,Hurto,HURTO A PERSONAS,Hurtos_fiscalia.csv,,,,,,,,,,,,,,,,,,,,,,,,,Nivel 1,1,1,POINT (727788.3875014762 871834.9925767926)
HURTO A PERSONAS,HURTO. ART. 239 C.P.,COSQUILLEO,Nivel 1,,CALI,Junín,09,-76.527346,3.433997,SIN INFORMACION,2025.0,mayo      ,30.0,6.0,08:44,3.0,QUERELLA,Hurto,HURTO A PERSONAS,Hurtos_fiscalia.csv,,,,,,,,,,,,,,,,,,,,,,,,,Nivel 1,1,1,POINT (727688.725606797 871832.7022956323)
HURTO A PERSONAS,HURTO. ART. 239 C.P.,COSQUILLEO,Nivel 1,,CALI,Junín,09,-76.52645,3.43402,SIN INFORMACION,2024.0,enero     ,26.0,6.0,11:00,3.0,DENUNCIA,Hurto,HURTO A PERSONAS,Hurtos_fiscalia.csv,,,,,,,,,,,,,,,,,,,,,,,,,Nivel 1,1,1,POINT (727788.3875014762 871834.9925767926)
HURTO A PERSONAS,HURTO. ART. 239 C.P.,COSQUILLEO,Nivel 1,,CALI,Junín,09,-76.52645,3.43402,SIN INFORMACION,2024.0,febrero   ,13.0,3.0,14:00,3.0,DENUNCIA,Hurto,HURTO A PERSONAS,Hurtos_fiscalia.csv,,,,,,,,,,,,,,,,,,,,,,,,,Nivel 1,1,1,POINT (727788.3875014762 871834.9925767926)
HURTO A PERSONAS,HURTO. ART. 239 C.P.,COSQUILLEO,Nivel 1,,CALI,Junín,09,-76.52645,3.43402,SIN INFORMACION,2024.0,enero     ,31.0,4.0,20:19,3.0,DENUNCIA,Hurto,HURTO A PERSONAS,Hurtos_fiscalia.csv,,,,,,,,,,,,,,,,,,,,,,,,,Nivel 1,1,1,POINT (727788.3875014762 871834.9925767926)
HURTO A PERSONAS,HURTO. ART. 239 C.P.,COSQUILLEO,Nivel 1,,CALI,Junín,09,-76.52645,3.43402,SIN INFORMACION,2024.0,marzo     ,9.0,7.0,15:15,3.0,DENUNCIA,Hurto,HURTO A PERSONAS,Hurtos_fiscalia.csv,,,,,,,,,,,,,,,,,,,,,,,,,Nivel 1,1,1,POINT (727788.3875014762 871834.9925767926)
HURTO A PERSONAS,HURTO. ART. 239 C.P.,COSQUILLEO,Nivel 1,,CALI,Junín,09,-76.52645,3.43402,SIN INFORMACION,2024.0,marzo     ,15.0,6.0,23:00,3.0,QUERELLA,Hurto,HURTO A PERSONAS,Hurtos_fiscalia.csv,,,,,,,,,,,,,,,,,,,,,,,,,Nivel 1,1,1,POINT (727788.3875014762 871834.9925767926)
HURTO A PERSONAS,HURTO. ART. 239 C.P.,COSQUILLEO,Nivel 1,,CALI,Junín,09,-76.52645,3.43402,SIN INFORMACION,2024.0,marzo     ,14.0,5.0,14:30,3.0,DENUNCIA,Hurto,HURTO A PERSONAS,Hurtos_fiscalia.csv,,,,,,,,,,,,,,,,,,,,,,,,,Nivel 1,1,1,POINT (727788.3875014762 871834.9925767926)
HURTO A PERSONAS,HURTO. ART. 239 C.P.,COSQUILLEO,Nivel 1,,CALI,Junín,09,-76.527346,3.433997,SIN INFORMACION,2025.0,abril     ,8.0,3.0,09:03,3.0,QUERELLA,Hurto,HURTO A PERSONAS,Hurtos_fiscalia.csv,,,,,,,,,,,,,,,,,,,,,,,,,Nivel 1,1,1,POINT (727688.725606797 871832.7022956323)
HURTO A PERSONAS,HURTO CALIFICADO. ART. 240 C.P.,COSQUILLEO,Nivel 1,,CALI,Junín,09,-76.527495,3.434505,TRANSPORTE MASIVO,2024.0,enero     ,16.0,3.0,14:01,3.0,DENUNCIA,Hurto,HURTO A PERSONAS,Hurtos_fiscalia.csv,,,,,,,,,,,,,,,,,,,,,,,,,Nivel 1,1,1,POINT (727672.2975546103 871888.9698925596)
,,,Nivel 4,,,,,-76.52796845,3.434092261,,,,,,,,,Homicidio,Homicidio,Homicidios_fiscalia.csv,1123.0,7.0,Junín,9.0,ARMA DE FUEGO,OFICIOS VARIOS,M,26.0,2:17:00,2024.0,2/11/2024,DOMINGO,00:00-02:59,MADRUGADA,42.0,SIN ESTABLECER,SIN ESTABLECER,DELINCUENCIA,N,N,N,3.0,,,Nivel 4,6,6,POINT (727619.5221403681 871843.4231691946)
,ACTO SEXUAL VIOLENTO. ART. 206 C.P.,,Nivel 3,,CALI,Junín,09,-76.52645,3.43402,SIN INFORMACION,2023.0,enero     ,1.0,1.0,14:16,,DENUNCIA,Delitos Sexuales,DELITOS SEXUALES,Delitos_Sexuales_fiscalia.csv,,,,,,,,,,,,,,,,,,,,,,,DELITOS SEXUALES,1/1/2023,Nivel 3,4,4,POINT (727788.3875014762 871834.9925767926)
,ACTO SEXUAL VIOLENTO. ART. 206 C.P.,,Nivel 3,,CALI,Junín,09,-76.52645,3.43402,SIN INFORMACION,2023.0,enero     ,4.0,4.0,06:00,,DENUNCIA,Delitos Sexuales,DELITOS SEXUALES,Delitos_Sexuales_fiscalia.csv,,,,,,,,,,,,,,,,,,,,,,,DELITOS SEXUALES,1/4/2023,Nivel 3,4,4,POINT (727788.3875014762 871834.9925767926)
,ACCESO CARNAL ABUSIVO CON MENOR DE CATORCE AÑOS. ART. 208 C.P.,,Nivel 3,,CALI,Junín,09,-76.52645,3.43402,SIN INFORMACION,2023.0,enero     ,4.0,4.0,22:00,,DENUNCIA,Delitos Sexuales,DELITOS SEXUALES,Delitos_Sexuales_fiscalia.csv,,,,,,,,,,,,,,,,,,,,,,,DELITOS SEXUALES,1/4/2023,Nivel 3,4,4,POINT (727788.3875014762 871834.9925767926)
,ACTOS SEXUALES CON MENOR DE CATORCE AÑOS. ART. 209 C.P.,,Nivel 3,,CALI,Junín,09,-76.52645,3.43402,SIN INFORMACION,2023.0,febrero   ,10.0,6.0,15:00,,DENUNCIA,Delitos Sexuales,DELITOS SEXUALES,Delitos_Sexuales_fiscalia.csv,,,,,,,,,,,,,,,,,,,,,,,DELITOS SEXUALES,2/10/2023,Nivel 3,4,4,POINT (727788.3875014762 871834.9925767926)
,ACCESO CARNAL ABUSIVO CON MENOR DE CATORCE AÑOS. ART. 208 C.P.,,Nivel 3,,CALI,Junín,09,-76.52645,3.43402,SIN INFORMACION,2023.0,febrero   ,17.0,6.0,21:00,,DENUNCIA,Delitos Sexuales,DELITOS SEXUALES,Delitos_Sexuales_fiscalia.csv,,,,,,,,,,,,,,,,,,,,,,,DELITOS SEXUALES,2/17/2023,Nivel 3,4,4,POINT (727788.3875014762 871834.9925767926)
,ACCESO CARNAL ABUSIVO CON MENOR DE CATORCE AÑOS. ART. 208 C.P.,,Nivel 3,,CALI,Junín,09,-76.52645,3.43402,SIN INFORMACION,2023.0,marzo     ,1.0,4.0,19:30,,DENUNCIA,Delitos Sexuales,DELITOS SEXUALES,Delitos_Sexuales_fiscalia.csv,,,,,,,,,,,,,,,,,,,,,,,DELITOS SEXUALES,3/1/2023,Nivel 3,4,4,POINT (727788.3875014762 871834.9925767926)
,ACTOS SEXUALES CON MENOR DE CATORCE AÑOS. ART. 209 C.P.,,Nivel 3,,CALI,Junín,09,-76.52645,3.43402,SIN INFORMACION,2023.0,abril     ,15.0,7.0,19:30,,DENUNCIA,Delitos Sexuales,DELITOS SEXUALES,Delitos_Sexuales_fiscalia.csv,,,,,,,,,,,,,,,,,,,,,,,DELITOS SEXUALES,4/15/2023,Nivel 3,4,4,POINT (727788.3875014762 871834.9925767926)
,ACTO SEXUAL VIOLENTO CON MENOR DE CATORCE AÑOS ART. 209 C.P. ,,Nivel 3,,CALI,Junín,09,-76.52645,3.43402,SIN INFORMACION,2023.0,mayo      ,1.0,2.0,05:46,,DENUNCIA,Delitos Sexuales,DELITOS SEXUALES,Delitos_Sexuales_fiscalia.csv,,,,,,,,,,,,,,,,,,,,,,,DELITOS SEXUALES,5/1/2023,Nivel 3,4,4,POINT (727788.3875014762 871834.9925767926)
,ACCESO CARNAL ABUSIVO CON MENOR DE CATORCE AÑOS. ART. 208 C.P.,,Nivel 3,,CALI,Junín,09,-76.52645,3.43402,SIN INFORMACION,2023.0,mayo      ,3.0,4.0,09:02,,DENUNCIA,Delitos Sexuales,DELITOS SEXUALES,Delitos_Sexuales_fiscalia.csv,,,,,,,,,,,,,,,,,,,,,,,DELITOS SEXUALES,5/3/2023,Nivel 3,4,4,POINT (727788.3875014762 871834.9925767926)
,ACOSO SEXUAL ART. 210A C.P.  ADICIONADO LEY 1257 DE 2008,,Nivel 3,,CALI,Junín,09,-76.52645,3.43402,SIN INFORMACION,2023.0,mayo      ,8.0,2.0,16:00,,DENUNCIA,Delitos Sexuales,DELITOS SEXUALES,Delitos_Sexuales_fiscalia.csv,,,,,,,,,,,,,,,,,,,,,,,DELITOS SEXUALES,5/8/2023,Nivel 3,4,4,POINT (727788.3875014762 871834.9925767926)
,ACTOS SEXUALES CON MENOR DE CATORCE AÑOS. ART. 209 C.P.,,Nivel 3,,CALI,Junín,09,-76.52645,3.43402,SIN INFORMACION,2023.0,mayo      ,10.0,4.0,14:56,,DENUNCIA,Delitos Sexuales,DELITOS SEXUALES,Delitos_Sexuales_fiscalia.csv,,,,,,,,,,,,,,,,,,,,,,,DELITOS SEXUALES,5/10/2023,Nivel 3,4,4,POINT (727788.3875014762 871834.9925767926)
,ACCESO CARNAL ABUSIVO CON MENOR DE CATORCE AÑOS. ART. 208 C.P.,,Nivel 3,,CALI,Junín,09,-76.52645,3.43402,SIN INFORMACION,2023.0,mayo      ,15.0,2.0,13:03,,DENUNCIA,Delitos Sexuales,DELITOS SEXUALES,Delitos_Sexuales_fiscalia.csv,,,,,,,,,,,,,,,,,,,,,,,DELITOS SEXUALES,5/15/2023,Nivel 3,4,4,POINT (727788.3875014762 871834.9925767926)
,ACCESO CARNAL ABUSIVO CON MENOR DE CATORCE AÑOS. ART. 208 C.P.,,Nivel 3,,CALI,Junín,09,-76.52645,3.43402,SIN INFORMACION,2023.0,mayo      ,19.0,6.0,16:10,,DENUNCIA,Delitos Sexuales,DELITOS SEXUALES,Delitos_Sexuales_fiscalia.csv,,,,,,,,,,,,,,,,,,,,,,,DELITOS SEXUALES,5/19/2023,Nivel 3,4,4,POINT (727788.3875014762 871834.9925767926)
,ACTO SEXUAL VIOLENTO. ART. 206 C.P.,,Nivel 3,,CALI,Junín,09,-76.52645,3.43402,SIN INFORMACION,2023.0,mayo      ,27.0,7.0,07:00,,DENUNCIA,Delitos Sexuales,DELITOS SEXUALES,Delitos_Sexuales_fiscalia.csv,,,,,,,,,,,,,,,,,,,,,,,DELITOS SEXUALES,5/27/2023,Nivel 3,4,4,POINT (727788.3875014762 871834.9925767926)
,ACCESO CARNAL VIOLENTO. ART. 205 C.P.,,Nivel 3,,CALI,Junín,09,-76.52645,3.43402,SIN INFORMACION,2023.0,junio     ,1.0,5.0,05:11,,DENUNCIA,Delitos Sexuales,DELITOS SEXUALES,Delitos_Sexuales_fiscalia.csv,,,,,,,,,,,,,,,,,,,,,,,DELITOS SEXUALES,6/1/2023,Nivel 3,4,4,POINT (727788.3875014762 871834.9925767926)
,ACCESO CARNAL ABUSIVO CON MENOR DE CATORCE AÑOS. ART. 208 C.P.,,Nivel 3,,CALI,Junín,09,-76.52645,3.43402,SIN INFORMACION,2023.0,junio     ,2.0,6.0,11:00,,DENUNCIA,Delitos Sexuales,DELITOS SEXUALES,Delitos_Sexuales_fiscalia.csv,,,,,,,,,,,,,,,,,,,,,,,DELITOS SEXUALES,6/2/2023,Nivel 3,4,4,POINT (727788.3875014762 871834.9925767926)
,ACTO SEXUAL VIOLENTO. ART. 206 C.P.,,Nivel 3,,CALI,Junín,09,-76.52645,3.43402,SIN INFORMACION,2023.0,junio     ,5.0,2.0,04:30,,DENUNCIA,Delitos Sexuales,DELITOS SEXUALES,Delitos_Sexuales_fiscalia.csv,,,,,,,,,,,,,,,,,,,,,,,DELITOS SEXUALES,6/5/2023,Nivel 3,4,4,POINT (727788.3875014762 871834.9925767926)
,DEMANDA DE EXPLOT.SEX. COMERC. MENOR DE 18 AÑOS Adic. Art 217A C.P. Ley 1329 de 2009,,Nivel 3,,CALI,Junín,09,-76.52645,3.43402,SIN INFORMACION,2023.0,junio     ,27.0,3.0,08:33,,DENUNCIA,Delitos Sexuales,DELITOS SEXUALES,Delitos_Sexuales_fiscalia.csv,,,,,,,,,,,,,,,,,,,,,,,DELITOS SEXUALES,6/27/2023,Nivel 3,4,4,POINT (727788.3875014762 871834.9925767926)
,INDUCCION A LA PROSTITUCION ART. 213 C.P.,,Nivel 3,,CALI,Junín,09,-76.52645,3.43402,SIN INFORMACION,2023.0,junio     ,30.0,6.0,19:03,,DENUNCIA,Delitos Sexuales,DELITOS SEXUALES,Delitos_Sexuales_fiscalia.csv,,,,,,,,,,,,,,,,,,,,,,,DELITOS SEXUALES,6/30/2023,Nivel 3,4,4,POINT (727788.3875014762 871834.9925767926)
,PORNOGRAFIA CON MENORES ART. 218 C.P.,,Nivel 3,,CALI,Junín,09,-76.52645,3.43402,SIN INFORMACION,2023.0,junio     ,30.0,6.0,21:00,,DENUNCIA,Delitos Sexuales,DELITOS SEXUALES,Delitos_Sexuales_fiscalia.csv,,,,,,,,,,,,,,,,,,,,,,,DELITOS SEXUALES,6/30/2023,Nivel 3,4,4,POINT (727788.3875014762 871834.9925767926)
,ACTOS SEXUALES CON MENOR DE CATORCE AÑOS. ART. 209 C.P.,,Nivel 3,,CALI,Junín,09,-76.52645,3.43402,SIN INFORMACION,2023.0,julio     ,1.0,7.0,10:49,,DENUNCIA,Delitos Sexuales,DELITOS SEXUALES,Delitos_Sexuales_fiscalia.csv,,,,,,,,,,,,,,,,,,,,,,,DELITOS SEXUALES,7/1/2023,Nivel 3,4,4,POINT (727788.3875014762 871834.9925767926)
,ACTOS SEXUALES CON MENOR DE CATORCE AÑOS. ART. 209 C.P.,,Nivel 3,,CALI,Junín,09,-76.52645,3.43402,SIN INFORMACION,2023.0,julio     ,13.0,5.0,19:00,,DENUNCIA,Delitos Sexuales,DELITOS SEXUALES,Delitos_Sexuales_fiscalia.csv,,,,,,,,,,,,,,,,,,,,,,,DELITOS SEXUALES,7/13/2023,Nivel 3,4,4,POINT (727788.3875014762 871834.9925767926)
,ACTOS SEXUALES CON MENOR DE CATORCE AÑOS. ART. 209 C.P.,,Nivel 3,,CALI,Junín,09,-76.52645,3.43402,SIN INFORMACION,2023.0,julio     ,18.0,3.0,17:24,,DENUNCIA,Delitos Sexuales,DELITOS SEXUALES,Delitos_Sexuales_fiscalia.csv,,,,,,,,,,,,,,,,,,,,,,,DELITOS SEXUALES,7/18/2023,Nivel 3,4,4,POINT (727788.3875014762 871834.9925767926)
,ACCESO CARNAL VIOLENTO. ART. 205 C.P.,,Nivel 3,,CALI,Junín,09,-76.52645,3.43402,SIN INFORMACION,2023.0,julio     ,20.0,5.0,23:30,,DENUNCIA,Delitos Sexuales,DELITOS SEXUALES,Delitos_Sexuales_fiscalia.csv,,,,,,,,,,,,,,,,,,,,,,,DELITOS SEXUALES,7/20/2023,Nivel 3,4,4,POINT (727788.3875014762 871834.9925767926)
,ACCESO CARNAL VIOLENTO. ART. 205 C.P.,,Nivel 3,,CALI,Junín,09,-76.52645,3.43402,SIN INFORMACION,2023.0,julio     ,23.0,1.0,15:00,,DENUNCIA,Delitos Sexuales,DELITOS SEXUALES,Delitos_Sexuales_fiscalia.csv,,,,,,,,,,,,,,,,,,,,,,,DELITOS SEXUALES,7/23/2023,Nivel 3,4,4,POINT (727788.3875014762 871834.9925767926)
,ACCESO CARNAL ABUSIVO EN PERSONA PROTEGIDA MENOR DE CATORCE AÑOS ART. 138,,Nivel 3,,CALI,Junín,09,-76.52645,3.43402,SIN INFORMACION,2023.0,julio     ,25.0,3.0,11:36,,DENUNCIA,Delitos Sexuales,DELITOS SEXUALES,Delitos_Sexuales_fiscalia.csv,,,,,,,,,,,,,,,,,,,,,,,DELITOS SEXUALES,7/25/2023,Nivel 3,4,4,POINT (727788.3875014762 871834.9925767926)
,ACCESO CARNAL ABUSIVO CON MENOR DE CATORCE AÑOS. ART. 208 C.P.,,Nivel 3,,CALI,Junín,09,-76.52645,3.43402,SIN INFORMACION,2023.0,agosto    ,1.0,3.0,20:00,,DENUNCIA,Delitos Sexuales,DELITOS SEXUALES,Delitos_Sexuales_fiscalia.csv,,,,,,,,,,,,,,,,,,,,,,,DELITOS SEXUALES,8/1/2023,Nivel 3,4,4,POINT (727788.3875014762 871834.9925767926)
,ACOSO SEXUAL ART. 210A C.P.  ADICIONADO LEY 1257 DE 2008,,Nivel 3,,CALI,Junín,09,-76.52645,3.43402,SIN INFORMACION,2023.0,agosto    ,5.0,7.0,05:00,,DENUNCIA,Delitos Sexuales,DELITOS SEXUALES,Delitos_Sexuales_fiscalia.csv,,,,,,,,,,,,,,,,,,,,,,,DELITOS SEXUALES,8/5/2023,Nivel 3,4,4,POINT (727788.3875014762 871834.9925767926)
,ACCESO CARNAL VIOLENTO. ART. 205 C.P.,,Nivel 3,,CALI,Junín,09,-76.52645,3.43402,SIN INFORMACION,2023.0,agosto    ,9.0,4.0,14:00,,DENUNCIA,Delitos Sexuales,DELITOS SEXUALES,Delitos_Sexuales_fiscalia.csv,,,,,,,,,,,,,,,,,,,,,,,DELITOS SEXUALES,8/9/2023,Nivel 3,4,4,POINT (727788.3875014762 871834.9925767926)
,ACOSO SEXUAL ART. 210A C.P.  ADICIONADO LEY 1257 DE 2008,,Nivel 3,,CALI,Junín,09,-76.52645,3.43402,SIN INFORMACION,2023.0,agosto    ,9.0,4.0,09:47,,DENUNCIA,Delitos Sexuales,DELITOS SEXUALES,Delitos_Sexuales_fiscalia.csv,,,,,,,,,,,,,,,,,,,,,,,DELITOS SEXUALES,8/9/2023,Nivel 3,4,4,POINT (727788.3875014762 871834.9925767926)
,ACCESO CARNAL ABUSIVO CON MENOR DE CATORCE AÑOS. ART. 208 C.P.,,Nivel 3,,CALI,Junín,09,-76.52645,3.43402,SIN INFORMACION,2023.0,agosto    ,14.0,2.0,17:31,,DENUNCIA,Delitos Sexuales,DELITOS SEXUALES,Delitos_Sexuales_fiscalia.csv,,,,,,,,,,,,,,,,,,,,,,,DELITOS SEXUALES,8/14/2023,Nivel 3,4,4,POINT (727788.3875014762 871834.9925767926)
,ACCESO CARNAL ABUSIVO CON MENOR DE CATORCE AÑOS. ART. 208 C.P.,,Nivel 3,,CALI,Junín,09,-76.52645,3.43402,SIN INFORMACION,2023.0,agosto    ,14.0,2.0,08:00,,DENUNCIA,Delitos Sexuales,DELITOS SEXUALES,Delitos_Sexuales_fiscalia.csv,,,,,,,,,,,,,,,,,,,,,,,DELITOS SEXUALES,8/14/2023,Nivel 3,4,4,POINT (727788.3875014762 871834.9925767926)
,ACCESO CARNAL O ACTO SEXUAL ABUSIVOS CON INCAPAZ DE RESISTIR. ART. 210 C.P.,,Nivel 3,,CALI,Junín,09,-76.52645,3.43402,SIN INFORMACION,2023.0,agosto    ,15.0,3.0,18:13,,DENUNCIA,Delitos Sexuales,DELITOS SEXUALES,Delitos_Sexuales_fiscalia.csv,,,,,,,,,,,,,,,,,,,,,,,DELITOS SEXUALES,8/15/2023,Nivel 3,4,4,POINT (727788.3875014762 871834.9925767926)
,ACTOS SEXUALES CON MENOR DE CATORCE AÑOS. ART. 209 C.P.,,Nivel 3,,CALI,Junín,09,-76.52645,3.43402,SIN INFORMACION,2023.0,agosto    ,25.0,6.0,21:00,,DENUNCIA,Delitos Sexuales,DELITOS SEXUALES,Delitos_Sexuales_fiscalia.csv,,,,,,,,,,,,,,,,,,,,,,,DELITOS SEXUALES,8/25/2023,Nivel 3,4,4,POINT (727788.3875014762 871834.9925767926)
,ACCESO CARNAL O ACTO SEXUAL ABUSIVOS CON INCAPAZ DE RESISTIR. ART. 210 C.P.,,Nivel 3,,CALI,Junín,09,-76.52645,3.43402,SIN INFORMACION,2023.0,agosto    ,28.0,2.0,22:30,,DENUNCIA,Delitos Sexuales,DELITOS SEXUALES,Delitos_Sexuales_fiscalia.csv,,,,,,,,,,,,,,,,,,,,,,,DELITOS SEXUALES,8/28/2023,Nivel 3,4,4,POINT (727788.3875014762 871834.9925767926)
,ACCESO CARNAL O ACTO SEXUAL ABUSIVOS CON INCAPAZ DE RESISTIR. ART. 210 C.P.,,Nivel 3,,CALI,Junín,09,-76.52645,3.43402,SIN INFORMACION,2023.0,septiembre,3.0,1.0,14:00,,DENUNCIA,Delitos Sexuales,DELITOS SEXUALES,Delitos_Sexuales_fiscalia.csv,,,,,,,,,,,,,,,,,,,,,,,DELITOS SEXUALES,9/3/2023,Nivel 3,4,4,POINT (727788.3875014762 871834.9925767926)
,INDUCCION A LA PROSTITUCION ART. 213 C.P.,,Nivel 3,,CALI,Junín,09,-76.52645,3.43402,SIN INFORMACION,2023.0,septiembre,6.0,4.0,12:10,,DENUNCIA,Delitos Sexuales,DELITOS SEXUALES,Delitos_Sexuales_fiscalia.csv,,,,,,,,,,,,,,,,,,,,,,,DELITOS SEXUALES,9/6/2023,Nivel 3,4,4,POINT (727788.3875014762 871834.9925767926)
,ACTOS SEXUALES CON MENOR DE CATORCE AÑOS. ART. 209 C.P.,,Nivel 3,,CALI,Junín,09,-76.52645,3.43402,SIN INFORMACION,2023.0,septiembre,8.0,6.0,08:25,,DENUNCIA,Delitos Sexuales,DELITOS SEXUALES,Delitos_Sexuales_fiscalia.csv,,,,,,,,,,,,,,,,,,,,,,,DELITOS SEXUALES,9/8/2023,Nivel 3,4,4,POINT (727788.3875014762 871834.9925767926)
,ACCESO CARNAL VIOLENTO. ART. 205 C.P.,,Nivel 3,,CALI,Junín,09,-76.52645,3.43402,SIN INFORMACION,2023.0,septiembre,9.0,7.0,09:26,,DENUNCIA,Delitos Sexuales,DELITOS SEXUALES,Delitos_Sexuales_fiscalia.csv,,,,,,,,,,,,,,,,,,,,,,,DELITOS SEXUALES,9/9/2023,Nivel 3,4,4,POINT (727788.3875014762 871834.9925767926)
,ACCESO CARNAL ABUSIVO CON MENOR DE CATORCE AÑOS. ART. 208 C.P.,,Nivel 3,,CALI,Junín,09,-76.52645,3.43402,SIN INFORMACION,2023.0,septiembre,12.0,3.0,18:00,,DENUNCIA,Delitos Sexuales,DELITOS SEXUALES,Delitos_Sexuales_fiscalia.csv,,,,,,,,,,,,,,,,,,,,,,,DELITOS SEXUALES,9/12/2023,Nivel 3,4,4,POINT (727788.3875014762 871834.9925767926)
,ACOSO SEXUAL ART. 210A C.P.  ADICIONADO LEY 1257 DE 2008,,Nivel 3,,CALI,Junín,09,-76.52645,3.43402,SIN INFORMACION,2023.0,septiembre,15.0,6.0,12:23,,DENUNCIA,Delitos Sexuales,DELITOS SEXUALES,Delitos_Sexuales_fiscalia.csv,,,,,,,,,,,,,,,,,,,,,,,DELITOS SEXUALES,9/15/2023,Nivel 3,4,4,POINT (727788.3875014762 871834.9925767926)
,ACTOS SEXUALES CON MENOR DE CATORCE AÑOS. ART. 209 C.P.,,Nivel 3,,CALI,Junín,09,-76.52645,3.43402,SIN INFORMACION,2023.0,septiembre,15.0,6.0,15:00,,DENUNCIA,Delitos Sexuales,DELITOS SEXUALES,Delitos_Sexuales_fiscalia.csv,,,,,,,,,,,,,,,,,,,,,,,DELITOS SEXUALES,9/15/2023,Nivel 3,4,4,POINT (727788.3875014762 871834.9925767926)
,ACTOS SEXUALES CON MENOR DE CATORCE AÑOS. ART. 209 C.P.,,Nivel 3,,CALI,Junín,09,-76.52645,3.43402,SIN INFORMACION,2023.0,septiembre,16.0,7.0,08:00,,DENUNCIA,Delitos Sexuales,DELITOS SEXUALES,Delitos_Sexuales_fiscalia.csv,,,,,,,,,,,,,,,,,,,,,,,DELITOS SEXUALES,9/16/2023,Nivel 3,4,4,POINT (727788.3875014762 871834.9925767926)
,ACTOS SEXUALES CON MENOR DE CATORCE AÑOS. ART. 209 C.P.,,Nivel 3,,CALI,Junín,09,-76.52645,3.43402,SIN INFORMACION,2023.0,septiembre,18.0,2.0,14:15,,DENUNCIA,Delitos Sexuales,DELITOS SEXUALES,Delitos_Sexuales_fiscalia.csv,,,,,,,,,,,,,,,,,,,,,,,DELITOS SEXUALES,9/18/2023,Nivel 3,4,4,POINT (727788.3875014762 871834.9925767926)
,ACOSO SEXUAL ART. 210A C.P.  ADICIONADO LEY 1257 DE 2008,,Nivel 3,,CALI,Junín,09,-76.52645,3.43402,SIN INFORMACION,2023.0,septiembre,18.0,2.0,11:40,,DENUNCIA,Delitos Sexuales,DELITOS SEXUALES,Delitos_Sexuales_fiscalia.csv,,,,,,,,,,,,,,,,,,,,,,,DELITOS SEXUALES,9/18/2023,Nivel 3,4,4,POINT (727788.3875014762 871834.9925767926)
,ACCESO CARNAL VIOLENTO. ART. 205 C.P.,,Nivel 3,,CALI,Junín,09,-76.52645,3.43402,SIN INFORMACION,2023.0,septiembre,24.0,1.0,18:00,,DENUNCIA,Delitos Sexuales,DELITOS SEXUALES,Delitos_Sexuales_fiscalia.csv,,,,,,,,,,,,,,,,,,,,,,,DELITOS SEXUALES,9/24/2023,Nivel 3,4,4,POINT (727788.3875014762 871834.9925767926)
,ACTOS SEXUALES CON MENOR DE CATORCE AÑOS. ART. 209 C.P.,,Nivel 3,,CALI,Junín,09,-76.52645,3.43402,SIN INFORMACION,2023.0,septiembre,27.0,4.0,05:00,,DENUNCIA,Delitos Sexuales,DELITOS SEXUALES,Delitos_Sexuales_fiscalia.csv,,,,,,,,,,,,,,,,,,,,,,,DELITOS SEXUALES,9/27/2023,Nivel 3,4,4,POINT (727788.3875014762 871834.9925767926)
,ACTOS SEXUALES CON MENOR DE CATORCE AÑOS. ART. 209 C.P.,,Nivel 3,,CALI,Junín,09,-76.52645,3.43402,SIN INFORMACION,2023.0,septiembre,27.0,4.0,13:00,,DENUNCIA,Delitos Sexuales,DELITOS SEXUALES,Delitos_Sexuales_fiscalia.csv,,,,,,,,,,,,,,,,,,,,,,,DELITOS SEXUALES,9/27/2023,Nivel 3,4,4,POINT (727788.3875014762 871834.9925767926)
,ACCESO CARNAL ABUSIVO CON MENOR DE CATORCE AÑOS. ART. 208 C.P.,,Nivel 3,,CALI,Junín,09,-76.52645,3.43402,SIN INFORMACION,2023.0,septiembre,30.0,7.0,07:00,,DENUNCIA,Delitos Sexuales,DELITOS SEXUALES,Delitos_Sexuales_fiscalia.csv,,,,,,,,,,,,,,,,,,,,,,,DELITOS SEXUALES,9/30/2023,Nivel 3,4,4,POINT (727788.3875014762 871834.9925767926)
,ACOSO SEXUAL ART. 210A C.P.  ADICIONADO LEY 1257 DE 2008,,Nivel 3,,CALI,Junín,09,-76.52645,3.43402,SIN INFORMACION,2023.0,septiembre,30.0,7.0,00:00,,DENUNCIA,Delitos Sexuales,DELITOS SEXUALES,Delitos_Sexuales_fiscalia.csv,,,,,,,,,,,,,,,,,,,,,,,DELITOS SEXUALES,9/30/2023,Nivel 3,4,4,POINT (727788.3875014762 871834.9925767926)
,ACTOS SEXUALES CON MENOR DE CATORCE AÑOS. ART. 209 C.P.,,Nivel 3,,CALI,Junín,09,-76.52645,3.43402,SIN INFORMACION,2023.0,octubre   ,3.0,3.0,20:17,,DENUNCIA,Delitos Sexuales,DELITOS SEXUALES,Delitos_Sexuales_fiscalia.csv,,,,,,,,,,,,,,,,,,,,,,,DELITOS SEXUALES,10/3/2023,Nivel 3,4,4,POINT (727788.3875014762 871834.9925767926)
,ACTOS SEXUALES CON MENOR DE CATORCE AÑOS. ART. 209 C.P.,,Nivel 3,,CALI,Junín,09,-76.52645,3.43402,SIN INFORMACION,2023.0,octubre   ,5.0,5.0,02:35,,DENUNCIA,Delitos Sexuales,DELITOS SEXUALES,Delitos_Sexuales_fiscalia.csv,,,,,,,,,,,,,,,,,,,,,,,DELITOS SEXUALES,10/5/2023,Nivel 3,4,4,POINT (727788.3875014762 871834.9925767926)
,ACTOS SEXUALES CON MENOR DE CATORCE AÑOS. ART. 209 C.P.,,Nivel 3,,CALI,Junín,09,-76.52645,3.43402,SIN INFORMACION,2023.0,octubre   ,6.0,6.0,01:00,,DENUNCIA,Delitos Sexuales,DELITOS SEXUALES,Delitos_Sexuales_fiscalia.csv,,,,,,,,,,,,,,,,,,,,,,,DELITOS SEXUALES,10/6/2023,Nivel 3,4,4,POINT (727788.3875014762 871834.9925767926)
,ACCESO CARNAL ABUSIVO CON MENOR DE CATORCE AÑOS. ART. 208 C.P.,,Nivel 3,,CALI,Junín,09,-76.52645,3.43402,SIN INFORMACION,2023.0,octubre   ,7.0,7.0,04:00,,DENUNCIA,Delitos Sexuales,DELITOS SEXUALES,Delitos_Sexuales_fiscalia.csv,,,,,,,,,,,,,,,,,,,,,,,DELITOS SEXUALES,10/7/2023,Nivel 3,4,4,POINT (727788.3875014762 871834.9925767926)
,ACTOS SEXUALES CON MENOR DE CATORCE AÑOS. ART. 209 C.P.,,Nivel 3,,CALI,Junín,09,-76.52645,3.43402,SIN INFORMACION,2023.0,octubre   ,9.0,2.0,11:17,,DENUNCIA,Delitos Sexuales,DELITOS SEXUALES,Delitos_Sexuales_fiscalia.csv,,,,,,,,,,,,,,,,,,,,,,,DELITOS SEXUALES,10/9/2023,Nivel 3,4,4,POINT (727788.3875014762 871834.9925767926)
,ACCESO CARNAL VIOLENTO. ART. 205 C.P.,,Nivel 3,,CALI,Junín,09,-76.52645,3.43402,SIN INFORMACION,2023.0,octubre   ,15.0,1.0,10:15,,DENUNCIA,Delitos Sexuales,DELITOS SEXUALES,Delitos_Sexuales_fiscalia.csv,,,,,,,,,,,,,,,,,,,,,,,DELITOS SEXUALES,10/15/2023,Nivel 3,4,4,POINT (727788.3875014762 871834.9925767926)
,ACCESO CARNAL VIOLENTO. ART. 205 C.P.,,Nivel 3,,CALI,Junín,09,-76.52645,3.43402,SIN INFORMACION,2023.0,octubre   ,17.0,3.0,18:30,,DENUNCIA,Delitos Sexuales,DELITOS SEXUALES,Delitos_Sexuales_fiscalia.csv,,,,,,,,,,,,,,,,,,,,,,,DELITOS SEXUALES,10/17/2023,Nivel 3,4,4,POINT (727788.3875014762 871834.9925767926)
,ACTOS SEXUALES CON MENOR DE CATORCE AÑOS. ART. 209 C.P.,,Nivel 3,,CALI,Junín,09,-76.52645,3.43402,SIN INFORMACION,2023.0,octubre   ,17.0,3.0,11:38,,DENUNCIA,Delitos Sexuales,DELITOS SEXUALES,Delitos_Sexuales_fiscalia.csv,,,,,,,,,,,,,,,,,,,,,,,DELITOS SEXUALES,10/17/2023,Nivel 3,4,4,POINT (727788.3875014762 871834.9925767926)
,ACCESO CARNAL ABUSIVO CON MENOR DE CATORCE AÑOS. ART. 208 C.P.,,Nivel 3,,CALI,Junín,09,-76.52645,3.43402,SIN INFORMACION,2023.0,octubre   ,18.0,4.0,20:00,,DENUNCIA,Delitos Sexuales,DELITOS SEXUALES,Delitos_Sexuales_fiscalia.csv,,,,,,,,,,,,,,,,,,,,,,,DELITOS SEXUALES,10/18/2023,Nivel 3,4,4,POINT (727788.3875014762 871834.9925767926)
,PORNOGRAFIA CON MENORES ART. 218 C.P.,,Nivel 3,,CALI,Junín,09,-76.52645,3.43402,SIN INFORMACION,2023.0,octubre   ,19.0,5.0,21:04,,DENUNCIA,Delitos Sexuales,DELITOS SEXUALES,Delitos_Sexuales_fiscalia.csv,,,,,,,,,,,,,,,,,,,,,,,DELITOS SEXUALES,10/19/2023,Nivel 3,4,4,POINT (727788.3875014762 871834.9925767926)
,ACCESO CARNAL ABUSIVO CON MENOR DE CATORCE AÑOS. ART. 208 C.P.,,Nivel 3,,CALI,Junín,09,-76.52645,3.43402,SIN INFORMACION,2023.0,octubre   ,19.0,5.0,18:18,,DENUNCIA,Delitos Sexuales,DELITOS SEXUALES,Delitos_Sexuales_fiscalia.csv,,,,,,,,,,,,,,,,,,,,,,,DELITOS SEXUALES,10/19/2023,Nivel 3,4,4,POINT (727788.3875014762 871834.9925767926)
,ACTOS SEXUALES CON MENOR DE CATORCE AÑOS. ART. 209 C.P.,,Nivel 3,,CALI,Junín,09,-76.52645,3.43402,SIN INFORMACION,2023.0,octubre   ,20.0,6.0,21:00,,DENUNCIA,Delitos Sexuales,DELITOS SEXUALES,Delitos_Sexuales_fiscalia.csv,,,,,,,,,,,,,,,,,,,,,,,DELITOS SEXUALES,10/20/2023,Nivel 3,4,4,POINT (727788.3875014762 871834.9925767926)
,ACTOS SEXUALES CON MENOR DE CATORCE AÑOS. ART. 209 C.P.,,Nivel 3,,CALI,Junín,09,-76.52645,3.43402,SIN INFORMACION,2023.0,octubre   ,24.0,3.0,11:42,,DENUNCIA,Delitos Sexuales,DELITOS SEXUALES,Delitos_Sexuales_fiscalia.csv,,,,,,,,,,,,,,,,,,,,,,,DELITOS SEXUALES,10/24/2023,Nivel 3,4,4,POINT (727788.3875014762 871834.9925767926)
,ACOSO SEXUAL ART. 210A C.P.  ADICIONADO LEY 1257 DE 2008,,Nivel 3,,CALI,Junín,09,-76.52645,3.43402,SIN INFORMACION,2023.0,octubre   ,25.0,4.0,14:33,,DENUNCIA,Delitos Sexuales,DELITOS SEXUALES,Delitos_Sexuales_fiscalia.csv,,,,,,,,,,,,,,,,,,,,,,,DELITOS SEXUALES,10/25/2023,Nivel 3,4,4,POINT (727788.3875014762 871834.9925767926)
,ACOSO SEXUAL ART. 210A C.P.  ADICIONADO LEY 1257 DE 2008,,Nivel 3,,CALI,Junín,09,-76.52645,3.43402,SIN INFORMACION,2023.0,octubre   ,31.0,3.0,11:40,,DENUNCIA,Delitos Sexuales,DELITOS SEXUALES,Delitos_Sexuales_fiscalia.csv,,,,,,,,,,,,,,,,,,,,,,,DELITOS SEXUALES,10/31/2023,Nivel 3,4,4,POINT (727788.3875014762 871834.9925767926)
,ACOSO SEXUAL ART. 210A C.P.  ADICIONADO LEY 1257 DE 2008,,Nivel 3,,CALI,Junín,09,-76.52645,3.43402,SIN INFORMACION,2023.0,noviembre ,2.0,5.0,19:30,,DENUNCIA,Delitos Sexuales,DELITOS SEXUALES,Delitos_Sexuales_fiscalia.csv,,,,,,,,,,,,,,,,,,,,,,,DELITOS SEXUALES,11/2/2023,Nivel 3,4,4,POINT (727788.3875014762 871834.9925767926)
,ACTOS SEXUALES CON MENOR DE CATORCE AÑOS. ART. 209 C.P.,,Nivel 3,,CALI,Junín,09,-76.52645,3.43402,SIN INFORMACION,2023.0,noviembre ,4.0,7.0,20:00,,DENUNCIA,Delitos Sexuales,DELITOS SEXUALES,Delitos_Sexuales_fiscalia.csv,,,,,,,,,,,,,,,,,,,,,,,DELITOS SEXUALES,11/4/2023,Nivel 3,4,4,POINT (727788.3875014762 871834.9925767926)
,ACOSO SEXUAL ART. 210A C.P.  ADICIONADO LEY 1257 DE 2008,,Nivel 3,,CALI,Junín,09,-76.52645,3.43402,SIN INFORMACION,2023.0,noviembre ,5.0,1.0,15:37,,DENUNCIA,Delitos Sexuales,DELITOS SEXUALES,Delitos_Sexuales_fiscalia.csv,,,,,,,,,,,,,,,,,,,,,,,DELITOS SEXUALES,11/5/2023,Nivel 3,4,4,POINT (727788.3875014762 871834.9925767926)
,ACTO SEXUAL VIOLENTO. ART. 206 C.P.,,Nivel 3,,CALI,Junín,09,-76.52645,3.43402,SIN INFORMACION,2023.0,noviembre ,7.0,3.0,14:25,,DENUNCIA,Delitos Sexuales,DELITOS SEXUALES,Delitos_Sexuales_fiscalia.csv,,,,,,,,,,,,,,,,,,,,,,,DELITOS SEXUALES,11/7/2023,Nivel 3,4,4,POINT (727788.3875014762 871834.9925767926)
,ACTO SEXUAL VIOLENTO. ART. 206 C.P.,,Nivel 3,,CALI,Junín,09,-76.52645,3.43402,SIN INFORMACION,2023.0,noviembre ,12.0,1.0,04:49,,DENUNCIA,Delitos Sexuales,DELITOS SEXUALES,Delitos_Sexuales_fiscalia.csv,,,,,,,,,,,,,,,,,,,,,,,DELITOS SEXUALES,11/12/2023,Nivel 3,4,4,POINT (727788.3875014762 871834.9925767926)
,ACCESO CARNAL ABUSIVO CON MENOR DE CATORCE AÑOS. ART. 208 C.P.,,Nivel 3,,CALI,Junín,09,-76.52645,3.43402,SIN INFORMACION,2023.0,noviembre ,15.0,4.0,15:00,,DENUNCIA,Delitos Sexuales,DELITOS SEXUALES,Delitos_Sexuales_fiscalia.csv,,,,,,,,,,,,,,,,,,,,,,,DELITOS SEXUALES,11/15/2023,Nivel 3,4,4,POINT (727788.3875014762 871834.9925767926)
,ACTOS SEXUALES CON MENOR DE CATORCE AÑOS. ART. 209 C.P.,,Nivel 3,,CALI,Junín,09,-76.52645,3.43402,SIN INFORMACION,2023.0,noviembre ,16.0,5.0,04:54,,DENUNCIA,Delitos Sexuales,DELITOS SEXUALES,Delitos_Sexuales_fiscalia.csv,,,,,,,,,,,,,,,,,,,,,,,DELITOS SEXUALES,11/16/2023,Nivel 3,4,4,POINT (727788.3875014762 871834.9925767926)
,ACTOS SEXUALES CON MENOR DE CATORCE AÑOS. ART. 209 C.P.,,Nivel 3,,CALI,Junín,09,-76.52645,3.43402,SIN INFORMACION,2023.0,noviembre ,18.0,7.0,23:45,,DENUNCIA,Delitos Sexuales,DELITOS SEXUALES,Delitos_Sexuales_fiscalia.csv,,,,,,,,,,,,,,,,,,,,,,,DELITOS SEXUALES,11/18/2023,Nivel 3,4,4,POINT (727788.3875014762 871834.9925767926)
,ACCESO CARNAL O ACTO SEXUAL EN PERSONA PUESTA EN INCAPACIDAD DE RESISTIR. ART. 207 C.P.,,Nivel 3,,CALI,Junín,09,-76.52645,3.43402,SIN INFORMACION,2023.0,noviembre ,19.0,1.0,01:00,,DENUNCIA,Delitos Sexuales,DELITOS SEXUALES,Delitos_Sexuales_fiscalia.csv,,,,,,,,,,,,,,,,,,,,,,,DELITOS SEXUALES,11/19/2023,Nivel 3,4,4,POINT (727788.3875014762 871834.9925767926)
,ACCESO CARNAL ABUSIVO CON MENOR DE CATORCE AÑOS. ART. 208 C.P.,,Nivel 3,,CALI,Junín,09,-76.52645,3.43402,SIN INFORMACION,2023.0,noviembre ,20.0,2.0,23:00,,DENUNCIA,Delitos Sexuales,DELITOS SEXUALES,Delitos_Sexuales_fiscalia.csv,,,,,,,,,,,,,,,,,,,,,,,DELITOS SEXUALES,11/20/2023,Nivel 3,4,4,POINT (727788.3875014762 871834.9925767926)
,ACCESO CARNAL VIOLENTO. ART. 205 C.P.,,Nivel 3,,CALI,Junín,09,-76.52645,3.43402,SIN INFORMACION,2023.0,noviembre ,22.0,4.0,13:52,,DENUNCIA,Delitos Sexuales,DELITOS SEXUALES,Delitos_Sexuales_fiscalia.csv,,,,,,,,,,,,,,,,,,,,,,,DELITOS SEXUALES,11/22/2023,Nivel 3,4,4,POINT (727788.3875014762 871834.9925767926)
,ACTOS SEXUALES CON MENOR DE CATORCE AÑOS. ART. 209 C.P.,,Nivel 3,,CALI,Junín,09,-76.52645,3.43402,SIN INFORMACION,2023.0,noviembre ,29.0,4.0,11:46,,DENUNCIA,Delitos Sexuales,DELITOS SEXUALES,Delitos_Sexuales_fiscalia.csv,,,,,,,,,,,,,,,,,,,,,,,DELITOS SEXUALES,11/29/2023,Nivel 3,4,4,POINT (727788.3875014762 871834.9925767926)
,ACTOS SEXUALES CON MENOR DE CATORCE AÑOS. ART. 209 C.P.,,Nivel 3,,CALI,Junín,09,-76.52645,3.43402,SIN INFORMACION,2023.0,noviembre ,29.0,4.0,11:11,,DENUNCIA,Delitos Sexuales,DELITOS SEXUALES,Delitos_Sexuales_fiscalia.csv,,,,,,,,,,,,,,,,,,,,,,,DELITOS SEXUALES,11/29/2023,Nivel 3,4,4,POINT (727788.3875014762 871834.9925767926)
,ACTOS SEXUALES CON MENOR DE CATORCE AÑOS. ART. 209 C.P.,,Nivel 3,,CALI,Junín,09,-76.52645,3.43402,SIN INFORMACION,2023.0,noviembre ,29.0,4.0,10:37,,DENUNCIA,Delitos Sexuales,DELITOS SEXUALES,Delitos_Sexuales_fiscalia.csv,,,,,,,,,,,,,,,,,,,,,,,DELITOS SEXUALES,11/29/2023,Nivel 3,4,4,POINT (727788.3875014762 871834.9925767926)
,ACTOS SEXUALES CON MENOR DE CATORCE AÑOS. ART. 209 C.P.,,Nivel 3,,CALI,Junín,09,-76.52645,3.43402,SIN INFORMACION,2023.0,noviembre ,30.0,5.0,11:16,,DENUNCIA,Delitos Sexuales,DELITOS SEXUALES,Delitos_Sexuales_fiscalia.csv,,,,,,,,,,,,,,,,,,,,,,,DELITOS SEXUALES,11/30/2023,Nivel 3,4,4,POINT (727788.3875014762 871834.9925767926)
,ACTOS SEXUALES CON MENOR DE CATORCE AÑOS. ART. 209 C.P.,,Nivel 3,,CALI,Junín,09,-76.52645,3.43402,SIN INFORMACION,2023.0,noviembre ,30.0,5.0,17:17,,DENUNCIA,Delitos Sexuales,DELITOS SEXUALES,Delitos_Sexuales_fiscalia.csv,,,,,,,,,,,,,,,,,,,,,,,DELITOS SEXUALES,11/30/2023,Nivel 3,4,4,POINT (727788.3875014762 871834.9925767926)
,ACTOS SEXUALES CON MENOR DE CATORCE AÑOS. ART. 209 C.P.,,Nivel 3,,CALI,Junín,09,-76.52645,3.43402,SIN INFORMACION,2023.0,diciembre ,7.0,5.0,15:15,,DENUNCIA,Delitos Sexuales,DELITOS SEXUALES,Delitos_Sexuales_fiscalia.csv,,,,,,,,,,,,,,,,,,,,,,,DELITOS SEXUALES,12/7/2023,Nivel 3,4,4,POINT (727788.3875014762 871834.9925767926)
,ACTOS SEXUALES CON MENOR DE CATORCE AÑOS. ART. 209 C.P.,,Nivel 3,,CALI,Junín,09,-76.52645,3.43402,SIN INFORMACION,2023.0,diciembre ,13.0,4.0,11:44,,DENUNCIA,Delitos Sexuales,DELITOS SEXUALES,Delitos_Sexuales_fiscalia.csv,,,,,,,,,,,,,,,,,,,,,,,DELITOS SEXUALES,12/13/2023,Nivel 3,4,4,POINT (727788.3875014762 871834.9925767926)
,ACTOS SEXUALES CON MENOR DE CATORCE AÑOS. ART. 209 C.P.,,Nivel 3,,CALI,Junín,09,-76.52645,3.43402,SIN INFORMACION,2023.0,diciembre ,13.0,4.0,10:24,,DENUNCIA,Delitos Sexuales,DELITOS SEXUALES,Delitos_Sexuales_fiscalia.csv,,,,,,,,,,,,,,,,,,,,,,,DELITOS SEXUALES,12/13/2023,Nivel 3,4,4,POINT (727788.3875014762 871834.9925767926)
,ACTOS SEXUALES CON MENOR DE CATORCE AÑOS. ART. 209 C.P.,,Nivel 3,,CALI,Junín,09,-76.52645,3.43402,SIN INFORMACION,2024.0,enero     ,1.0,2.0,15:00,,DENUNCIA,Delitos Sexuales,DELITOS SEXUALES,Delitos_Sexuales_fiscalia.csv,,,,,,,,,,,,,,,,,,,,,,,DELITOS SEXUALES,1/1/2024,Nivel 3,4,4,POINT (727788.3875014762 871834.9925767926)
,ACTO SEXUAL VIOLENTO CON MENOR DE CATORCE AÑOS ART. 209 C.P. ,,Nivel 3,,CALI,Junín,09,-76.52645,3.43402,SIN INFORMACION,2024.0,enero     ,1.0,2.0,07:00,,DENUNCIA,Delitos Sexuales,DELITOS SEXUALES,Delitos_Sexuales_fiscalia.csv,,,,,,,,,,,,,,,,,,,,,,,DELITOS SEXUALES,1/1/2024,Nivel 3,4,4,POINT (727788.3875014762 871834.9925767926)
,ACTO SEXUAL VIOLENTO CON MENOR DE CATORCE AÑOS ART. 209 C.P. ,,Nivel 3,,CALI,Junín,09,-76.52645,3.43402,SIN INFORMACION,2024.0,enero     ,1.0,2.0,07:00,,DENUNCIA,Delitos Sexuales,DELITOS SEXUALES,Delitos_Sexuales_fiscalia.csv,,,,,,,,,,,,,,,,,,,,,,,DELITOS SEXUALES,1/1/2024,Nivel 3,4,4,POINT (727788.3875014762 871834.9925767926)
,ACCESO CARNAL O ACTO SEXUAL ABUSIVOS CON INCAPAZ DE RESISTIR. ART. 210 C.P.,,Nivel 3,,CALI,Junín,09,-76.52645,3.43402,SIN INFORMACION,2024.0,enero     ,9.0,3.0,07:00,,DENUNCIA,Delitos Sexuales,DELITOS SEXUALES,Delitos_Sexuales_fiscalia.csv,,,,,,,,,,,,,,,,,,,,,,,DELITOS SEXUALES,1/9/2024,Nivel 3,4,4,POINT (727788.3875014762 871834.9925767926)
,ACTOS SEXUALES CON MENOR DE CATORCE AÑOS. ART. 209 C.P.,,Nivel 3,,CALI,Junín,09,-76.52645,3.43402,SIN INFORMACION,2024.0,enero     ,16.0,3.0,20:00,,DENUNCIA,Delitos Sexuales,DELITOS SEXUALES,Delitos_Sexuales_fiscalia.csv,,,,,,,,,,,,,,,,,,,,,,,DELITOS SEXUALES,1/16/2024,Nivel 3,4,4,POINT (727788.3875014762 871834.9925767926)
,ACCESO CARNAL ABUSIVO CON MENOR DE CATORCE AÑOS. ART. 208 C.P.,,Nivel 3,,CALI,Junín,09,-76.52645,3.43402,SIN INFORMACION,2024.0,enero     ,23.0,3.0,21:10,,DENUNCIA,Delitos Sexuales,DELITOS SEXUALES,Delitos_Sexuales_fiscalia.csv,,,,,,,,,,,,,,,,,,,,,,,DELITOS SEXUALES,1/23/2024,Nivel 3,4,4,POINT (727788.3875014762 871834.9925767926)
,ACOSO SEXUAL ART. 210A C.P.  ADICIONADO LEY 1257 DE 2008,,Nivel 3,,CALI,Junín,09,-76.52645,3.43402,SIN INFORMACION,2024.0,enero     ,23.0,3.0,02:13,,DENUNCIA,Delitos Sexuales,DELITOS SEXUALES,Delitos_Sexuales_fiscalia.csv,,,,,,,,,,,,,,,,,,,,,,,DELITOS SEXUALES,1/23/2024,Nivel 3,4,4,POINT (727788.3875014762 871834.9925767926)
,ACCESO CARNAL ABUSIVO CON MENOR DE CATORCE AÑOS. ART. 208 C.P.,,Nivel 3,,CALI,Junín,09,-76.52645,3.43402,SIN INFORMACION,2024.0,enero     ,25.0,5.0,19:18,,DENUNCIA,Delitos Sexuales,DELITOS SEXUALES,Delitos_Sexuales_fiscalia.csv,,,,,,,,,,,,,,,,,,,,,,,DELITOS SEXUALES,1/25/2024,Nivel 3,4,4,POINT (727788.3875014762 871834.9925767926)
,ACCESO CARNAL ABUSIVO CON MENOR DE CATORCE AÑOS. ART. 208 C.P.,,Nivel 3,,CALI,Junín,09,-76.52645,3.43402,SIN INFORMACION,2024.0,enero     ,29.0,2.0,18:35,,DENUNCIA,Delitos Sexuales,DELITOS SEXUALES,Delitos_Sexuales_fiscalia.csv,,,,,,,,,,,,,,,,,,,,,,,DELITOS SEXUALES,1/29/2024,Nivel 3,4,4,POINT (727788.3875014762 871834.9925767926)
,ACOSO SEXUAL ART. 210A C.P.  ADICIONADO LEY 1257 DE 2008,,Nivel 3,,CALI,Junín,09,-76.52645,3.43402,SIN INFORMACION,2024.0,enero     ,29.0,2.0,11:05,,DENUNCIA,Delitos Sexuales,DELITOS SEXUALES,Delitos_Sexuales_fiscalia.csv,,,,,,,,,,,,,,,,,,,,,,,DELITOS SEXUALES,1/29/2024,Nivel 3,4,4,POINT (727788.3875014762 871834.9925767926)
,ACCESO CARNAL VIOLENTO. ART. 205 C.P.,,Nivel 3,,CALI,Junín,09,-76.52645,3.43402,SIN INFORMACION,2024.0,febrero   ,11.0,1.0,21:03,,DENUNCIA,Delitos Sexuales,DELITOS SEXUALES,Delitos_Sexuales_fiscalia.csv,,,,,,,,,,,,,,,,,,,,,,,DELITOS SEXUALES,2/11/2024,Nivel 3,4,4,POINT (727788.3875014762 871834.9925767926)
,ACCESO CARNAL O ACTO SEXUAL EN PERSONA PUESTA EN INCAPACIDAD DE RESISTIR. ART. 207 C.P.,,Nivel 3,,CALI,Junín,09,-76.526979,3.433202,SIN INFORMACION,2024.0,marzo     ,2.0,7.0,08:00,,DENUNCIA,Delitos Sexuales,DELITOS SEXUALES,Delitos_Sexuales_fiscalia.csv,,,,,,,,,,,,,,,,,,,,,,,DELITOS SEXUALES,3/2/2024,Nivel 3,4,4,POINT (727729.3188432816 871744.6076231068)
,ACOSO SEXUAL ART. 210A C.P.  ADICIONADO LEY 1257 DE 2008,,Nivel 3,,CALI,Junín,09,-76.527371,3.434062,SIN INFORMACION,2024.0,marzo     ,2.0,7.0,05:12,,DENUNCIA,Delitos Sexuales,DELITOS SEXUALES,Delitos_Sexuales_fiscalia.csv,,,,,,,,,,,,,,,,,,,,,,,DELITOS SEXUALES,3/2/2024,Nivel 3,4,4,POINT (727685.9634799872 871839.9035805863)
,ACCESO CARNAL ABUSIVO CON MENOR DE CATORCE AÑOS. ART. 208 C.P.,,Nivel 3,,CALI,Junín,09,-76.527971,3.434595,DOMICILIO,2024.0,abril     ,10.0,4.0,14:24,,DENUNCIA,Delitos Sexuales,DELITOS SEXUALES,Delitos_Sexuales_fiscalia.csv,,,,,,,,,,,,,,,,,,,,,,,DELITOS SEXUALES,4/10/2024,Nivel 3,4,4,POINT (727619.3811709485 871899.0667576006)
,ACTO SEXUAL VIOLENTO CON MENOR DE CATORCE AÑOS ART. 209 C.P. ,,Nivel 3,,CALI,Junín,09,-76.52665,3.434129,DOMICILIO,2024.0,mayo      ,27.0,2.0,17:00,,DENUNCIA,Delitos Sexuales,DELITOS SEXUALES,Delitos_Sexuales_fiscalia.csv,,,,,,,,,,,,,,,,,,,,,,,DELITOS SEXUALES,5/27/2024,Nivel 3,4,4,POINT (727766.1739135531 871847.1136100938)
,ACOSO SEXUAL ART. 210A C.P.  ADICIONADO LEY 1257 DE 2008,,Nivel 3,,CALI,Junín,09,-76.526507,3.434327,DOMICILIO,2024.0,septiembre,7.0,7.0,01:00,,DENUNCIA,Delitos Sexuales,DELITOS SEXUALES,Delitos_Sexuales_fiscalia.csv,,,,,,,,,,,,,,,,,,,,,,,DELITOS SEXUALES,9/7/2024,Nivel 3,4,4,POINT (727782.1348725621 871868.9873629855)
,ACCESO CARNAL VIOLENTO. ART. 205 C.P.,,Nivel 3,,CALI,Junín,09,-76.526632,3.433554,DOMICILIO,2025.0,enero     ,18.0,7.0,19:20,,DENUNCIA,Delitos Sexuales,DELITOS SEXUALES,Delitos_Sexuales_fiscalia.csv,,,,,,,,,,,,,,,,,,,,,,,DELITOS SEXUALES,1/18/2025,Nivel 3,4,4,POINT (727768.0128797246 871783.4678779355)
,ACTOS SEXUALES CON MENOR DE CATORCE AÑOS. ART. 209 C.P.,,Nivel 3,,CALI,Junín,09,-76.527638,3.433916,DOMICILIO,2025.0,marzo     ,10.0,2.0,08:00,,DENUNCIA,Delitos Sexuales,DELITOS SEXUALES,Delitos_Sexuales_fiscalia.csv,,,,,,,,,,,,,,,,,,,,,,,DELITOS SEXUALES,3/10/2025,Nivel 3,4,4,POINT (727656.2256406774 871823.8204994068)
,ACCESO CARNAL VIOLENTO. ART. 205 C.P.,,Nivel 3,,CALI,Junín,09,-76.527708,3.43467,DOMICILIO,2025.0,abril     ,14.0,2.0,10:00,,DENUNCIA,Delitos Sexuales,DELITOS SEXUALES,Delitos_Sexuales_fiscalia.csv,,,,,,,,,,,,,,,,,,,,,,,DELITOS SEXUALES,4/14/2025,Nivel 3,4,4,POINT (727648.6539747918 871907.2927207873)
,ACTO SEXUAL VIOLENTO. ART. 206 C.P.,,Nivel 3,,CALI,Junín,09,-76.527346,3.433997,SIN INFORMACION,2025.0,mayo      ,4.0,1.0,10:26,,DENUNCIA,Delitos Sexuales,DELITOS SEXUALES,Delitos_Sexuales_fiscalia.csv,,,,,,,,,,,,,,,,,,,,,,,DELITOS SEXUALES,5/4/2025,Nivel 3,4,4,POINT (727688.725606797 871832.7022956323)
,ACTO SEXUAL VIOLENTO CON MENOR DE CATORCE AÑOS ART. 209 C.P. ,,Nivel 3,,CALI,Junín,09,-76.527346,3.433997,SIN INFORMACION,2025.0,mayo      ,19.0,2.0,11:23,,DENUNCIA,Delitos Sexuales,DELITOS SEXUALES,Delitos_Sexuales_fiscalia.csv,,,,,,,,,,,,,,,,,,,,,,,DELITOS SEXUALES,5/19/2025,Nivel 3,4,4,POINT (727688.725606797 871832.7022956323)
,ACTO SEXUAL VIOLENTO CON MENOR DE CATORCE AÑOS ART. 209 C.P. ,,Nivel 3,,CALI,Junín,09,-76.527346,3.433997,SIN INFORMACION,2025.0,mayo      ,19.0,2.0,07:38,,DENUNCIA,Delitos Sexuales,DELITOS SEXUALES,Delitos_Sexuales_fiscalia.csv,,,,,,,,,,,,,,,,,,,,,,,DELITOS SEXUALES,5/19/2025,Nivel 3,4,4,POINT (727688.725606797 871832.7022956323)
,ACTO SEXUAL VIOLENTO CON MENOR DE CATORCE AÑOS ART. 209 C.P. ,,Nivel 3,,CALI,Junín,09,-76.527346,3.433997,SIN INFORMACION,2025.0,mayo      ,20.0,3.0,10:13,,DENUNCIA,Delitos Sexuales,DELITOS SEXUALES,Delitos_Sexuales_fiscalia.csv,,,,,,,,,,,,,,,,,,,,,,,DELITOS SEXUALES,5/20/2025,Nivel 3,4,4,POINT (727688.725606797 871832.7022956323)
,LESIONES PERSONALES AGRAVADAS POR CIRCUNSTANCIAS ART 104 C.P. ART. 119 C.P.,,Nivel 3,,CALI,Junín,09,-76.52645,3.43402,SIN INFORMACION,2023.0,marzo     ,30.0,5.0,00:00,,DENUNCIA,Lesiones Personales,LESIONES PERSONALES,Lesiones_fiscalia.csv,,,,,,,,,,,,,,,,,,,,,,,LESIONES PERSONALES,3/30/2023,Nivel 3,4,4,POINT (727788.3875014762 871834.9925767926)
,LESIONES PERSONALES AGRAVADAS POR CIRCUNSTANCIAS ART 104 C.P. ART. 119 C.P.,,Nivel 3,,CALI,Junín,09,-76.52645,3.43402,SIN INFORMACION,2023.0,julio     ,27.0,5.0,23:30,,DENUNCIA,Lesiones Personales,LESIONES PERSONALES,Lesiones_fiscalia.csv,,,,,,,,,,,,,,,,,,,,,,,LESIONES PERSONALES,7/27/2023,Nivel 3,4,4,POINT (727788.3875014762 871834.9925767926)
,LESIONES PERSONALES AGRAVADAS POR CIRCUNSTANCIAS ART 104 C.P. ART. 119 C.P.,,Nivel 3,,CALI,Junín,09,-76.52645,3.43402,SIN INFORMACION,2023.0,octubre   ,9.0,2.0,04:59,,DENUNCIA,Lesiones Personales,LESIONES PERSONALES,Lesiones_fiscalia.csv,,,,,,,,,,,,,,,,,,,,,,,LESIONES PERSONALES,10/9/2023,Nivel 3,4,4,POINT (727788.3875014762 871834.9925767926)
,LESIONES PERSONALES AGRAVADAS POR CIRCUNSTANCIAS ART 104 C.P. ART. 119 C.P.,,Nivel 3,,CALI,Junín,09,-76.52645,3.43402,SIN INFORMACION,2023.0,octubre   ,22.0,1.0,23:30,,DENUNCIA,Lesiones Personales,LESIONES PERSONALES,Lesiones_fiscalia.csv,,,,,,,,,,,,,,,,,,,,,,,LESIONES PERSONALES,10/22/2023,Nivel 3,4,4,POINT (727788.3875014762 871834.9925767926)
,LESIONES PERSONALES AGRAVADAS POR CIRCUNSTANCIAS ART 104 C.P. ART. 119 C.P.,,Nivel 3,,CALI,Junín,09,-76.52645,3.43402,SIN INFORMACION,2024.0,enero     ,10.0,4.0,14:39,,DENUNCIA,Lesiones Personales,LESIONES PERSONALES,Lesiones_fiscalia.csv,,,,,,,,,,,,,,,,,,,,,,,LESIONES PERSONALES,1/10/2024,Nivel 3,4,4,POINT (727788.3875014762 871834.9925767926)
,LESIONES PERSONALES AGRAVADAS POR CIRCUNSTANCIAS ART 104 C.P. ART. 119 C.P.,,Nivel 3,,CALI,Junín,09,-76.527346,3.433997,SIN INFORMACION,2024.0,abril     ,2.0,3.0,11:47,,DENUNCIA,Lesiones Personales,LESIONES PERSONALES,Lesiones_fiscalia.csv,,,,,,,,,,,,,,,,,,,,,,,LESIONES PERSONALES,4/2/2024,Nivel 3,4,4,POINT (727688.725606797 871832.7022956323)
,LESIONES PERSONALES AGRAVADAS POR CIRCUNSTANCIAS ART 104 C.P. ART. 119 C.P.,,Nivel 3,,CALI,Junín,09,-76.527346,3.433997,SIN INFORMACION,2024.0,noviembre ,8.0,6.0,22:30,,DENUNCIA,Lesiones Personales,LESIONES PERSONALES,Lesiones_fiscalia.csv,,,,,,,,,,,,,,,,,,,,,,,LESIONES PERSONALES,11/8/2024,Nivel 3,4,4,POINT (727688.725606797 871832.7022956323)
,LESIONES PERSONALES AGRAVADAS POR CIRCUNSTANCIAS ART 104 C.P. ART. 119 C.P.,,Nivel 3,,CALI,Junín,09,-76.527346,3.433997,SIN INFORMACION,2025.0,enero     ,20.0,2.0,16:29,,DENUNCIA,Lesiones Personales,LESIONES PERSONALES,Lesiones_fiscalia.csv,,,,,,,,,,,,,,,,,,,,,,,LESIONES PERSONALES,1/20/2025,Nivel 3,4,4,POINT (727688.725606797 871832.7022956323)
,LESIONES PERSONALES CON DEFORMIDAD FISICA PERMANENTE ART. 113 C.P.INCISO 2,,Nivel 3,,CALI,Junín,09,-76.52645,3.43402,SIN INFORMACION,2023.0,febrero   ,22.0,4.0,02:00,,DENUNCIA,Lesiones Personales,LESIONES PERSONALES,Lesiones_fiscalia.csv,,,,,,,,,,,,,,,,,,,,,,,LESIONES PERSONALES,2/22/2023,Nivel 3,4,4,POINT (727788.3875014762 871834.9925767926)
,LESIONES PERSONALES CON DEFORMIDAD FISICA PERMANENTE ART. 113 C.P.INCISO 2,,Nivel 3,,CALI,Junín,09,-76.52645,3.43402,SIN INFORMACION,2023.0,marzo     ,14.0,3.0,22:00,,DENUNCIA,Lesiones Personales,LESIONES PERSONALES,Lesiones_fiscalia.csv,,,,,,,,,,,,,,,,,,,,,,,LESIONES PERSONALES,3/14/2023,Nivel 3,4,4,POINT (727788.3875014762 871834.9925767926)
,LESIONES PERSONALES CON DEFORMIDAD FISICA PERMANENTE ART. 113 C.P.INCISO 2,,Nivel 3,,CALI,Junín,09,-76.52645,3.43402,SIN INFORMACION,2023.0,marzo     ,24.0,6.0,19:00,,DENUNCIA,Lesiones Personales,LESIONES PERSONALES,Lesiones_fiscalia.csv,,,,,,,,,,,,,,,,,,,,,,,LESIONES PERSONALES,3/24/2023,Nivel 3,4,4,POINT (727788.3875014762 871834.9925767926)
,LESIONES PERSONALES CON DEFORMIDAD FISICA PERMANENTE ART. 113 C.P.INCISO 2,,Nivel 3,,CALI,Junín,09,-76.52645,3.43402,SIN INFORMACION,2023.0,abril     ,10.0,2.0,16:59,,DENUNCIA,Lesiones Personales,LESIONES PERSONALES,Lesiones_fiscalia.csv,,,,,,,,,,,,,,,,,,,,,,,LESIONES PERSONALES,4/10/2023,Nivel 3,4,4,POINT (727788.3875014762 871834.9925767926)
,LESIONES PERSONALES CON DEFORMIDAD FISICA PERMANENTE ART. 113 C.P.INCISO 2,,Nivel 3,,CALI,Junín,09,-76.52645,3.43402,SIN INFORMACION,2023.0,mayo      ,1.0,2.0,05:00,,DENUNCIA,Lesiones Personales,LESIONES PERSONALES,Lesiones_fiscalia.csv,,,,,,,,,,,,,,,,,,,,,,,LESIONES PERSONALES,5/1/2023,Nivel 3,4,4,POINT (727788.3875014762 871834.9925767926)
,LESIONES PERSONALES CON DEFORMIDAD FISICA PERMANENTE ART. 113 C.P.INCISO 2,,Nivel 3,,CALI,Junín,09,-76.52645,3.43402,SIN INFORMACION,2023.0,mayo      ,15.0,2.0,14:30,,DENUNCIA,Lesiones Personales,LESIONES PERSONALES,Lesiones_fiscalia.csv,,,,,,,,,,,,,,,,,,,,,,,LESIONES PERSONALES,5/15/2023,Nivel 3,4,4,POINT (727788.3875014762 871834.9925767926)
,LESIONES PERSONALES CON DEFORMIDAD FISICA PERMANENTE ART. 113 C.P.INCISO 2,,Nivel 3,,CALI,Junín,09,-76.526736,3.434451,SIN INFORMACION,2023.0,agosto    ,24.0,5.0,15:44,,DENUNCIA,Lesiones Personales,LESIONES PERSONALES,Lesiones_fiscalia.csv,,,,,,,,,,,,,,,,,,,,,,,LESIONES PERSONALES,8/24/2023,Nivel 3,4,4,POINT (727756.7000973823 871882.7768579411)
,LESIONES PERSONALES CON DEFORMIDAD FISICA PERMANENTE ART. 113 C.P.INCISO 2,,Nivel 3,,CALI,Junín,09,-76.52645,3.43402,SIN INFORMACION,2023.0,septiembre,28.0,5.0,01:00,,DENUNCIA,Lesiones Personales,LESIONES PERSONALES,Lesiones_fiscalia.csv,,,,,,,,,,,,,,,,,,,,,,,LESIONES PERSONALES,9/28/2023,Nivel 3,4,4,POINT (727788.3875014762 871834.9925767926)
,LESIONES PERSONALES CON DEFORMIDAD FISICA PERMANENTE ART. 113 C.P.INCISO 2,,Nivel 3,,CALI,Junín,09,-76.52645,3.43402,SIN INFORMACION,2023.0,octubre   ,4.0,4.0,16:15,,DENUNCIA,Lesiones Personales,LESIONES PERSONALES,Lesiones_fiscalia.csv,,,,,,,,,,,,,,,,,,,,,,,LESIONES PERSONALES,10/4/2023,Nivel 3,4,4,POINT (727788.3875014762 871834.9925767926)
,LESIONES PERSONALES CON DEFORMIDAD FISICA PERMANENTE ART. 113 C.P.INCISO 2,,Nivel 3,,CALI,Junín,09,-76.52645,3.43402,SIN INFORMACION,2023.0,octubre   ,8.0,1.0,14:30,,DENUNCIA,Lesiones Personales,LESIONES PERSONALES,Lesiones_fiscalia.csv,,,,,,,,,,,,,,,,,,,,,,,LESIONES PERSONALES,10/8/2023,Nivel 3,4,4,POINT (727788.3875014762 871834.9925767926)
,LESIONES PERSONALES CON DEFORMIDAD FISICA PERMANENTE ART. 113 C.P.INCISO 2,,Nivel 3,,CALI,Junín,09,-76.52645,3.43402,SIN INFORMACION,2023.0,noviembre ,22.0,4.0,00:30,,DENUNCIA,Lesiones Personales,LESIONES PERSONALES,Lesiones_fiscalia.csv,,,,,,,,,,,,,,,,,,,,,,,LESIONES PERSONALES,11/22/2023,Nivel 3,4,4,POINT (727788.3875014762 871834.9925767926)
,LESIONES PERSONALES CON DEFORMIDAD FISICA PERMANENTE ART. 113 C.P.INCISO 2,,Nivel 3,,CALI,Junín,09,-76.52645,3.43402,SIN INFORMACION,2023.0,diciembre ,4.0,2.0,19:00,,DENUNCIA,Lesiones Personales,LESIONES PERSONALES,Lesiones_fiscalia.csv,,,,,,,,,,,,,,,,,,,,,,,LESIONES PERSONALES,12/4/2023,Nivel 3,4,4,POINT (727788.3875014762 871834.9925767926)
,LESIONES PERSONALES CON DEFORMIDAD FISICA PERMANENTE ART. 113 C.P.INCISO 2,,Nivel 3,,CALI,Junín,09,-76.52645,3.43402,SIN INFORMACION,2024.0,febrero   ,14.0,4.0,06:00,,DENUNCIA,Lesiones Personales,LESIONES PERSONALES,Lesiones_fiscalia.csv,,,,,,,,,,,,,,,,,,,,,,,LESIONES PERSONALES,2/14/2024,Nivel 3,4,4,POINT (727788.3875014762 871834.9925767926)
,LESIONES PERSONALES CON DEFORMIDAD FISICA PERMANENTE ART. 113 C.P.INCISO 2,,Nivel 3,,CALI,Junín,09,-76.52645,3.43402,SIN INFORMACION,2024.0,febrero   ,14.0,4.0,04:30,,DENUNCIA,Lesiones Personales,LESIONES PERSONALES,Lesiones_fiscalia.csv,,,,,,,,,,,,,,,,,,,,,,,LESIONES PERSONALES,2/14/2024,Nivel 3,4,4,POINT (727788.3875014762 871834.9925767926)
,LESIONES PERSONALES CON DEFORMIDAD FISICA PERMANENTE ART. 113 C.P.INCISO 2,,Nivel 3,,CALI,Junín,09,-76.52645,3.43402,SIN INFORMACION,2024.0,febrero   ,23.0,6.0,04:30,,DENUNCIA,Lesiones Personales,LESIONES PERSONALES,Lesiones_fiscalia.csv,,,,,,,,,,,,,,,,,,,,,,,LESIONES PERSONALES,2/23/2024,Nivel 3,4,4,POINT (727788.3875014762 871834.9925767926)
,LESIONES ART. 111 C.P.,,Nivel 2,,CALI,Junín,09,-76.52645,3.43402,SIN INFORMACION,2023.0,enero     ,6.0,6.0,13:15,,DENUNCIA,Lesiones Personales,LESIONES PERSONALES,Lesiones_fiscalia.csv,,,,,,,,,,,,,,,,,,,,,,,LESIONES PERSONALES,1/6/2023,Nivel 2,2,2,POINT (727788.3875014762 871834.9925767926)
,LESIONES ART. 111 C.P.,,Nivel 2,,CALI,Junín,09,-76.52645,3.43402,SIN INFORMACION,2023.0,enero     ,8.0,1.0,20:00,,DENUNCIA,Lesiones Personales,LESIONES PERSONALES,Lesiones_fiscalia.csv,,,,,,,,,,,,,,,,,,,,,,,LESIONES PERSONALES,1/8/2023,Nivel 2,2,2,POINT (727788.3875014762 871834.9925767926)
,LESIONES ART. 111 C.P.,,Nivel 2,,CALI,Junín,09,-76.527466,3.434503,SIN INFORMACION,2023.0,enero     ,11.0,4.0,03:05,,DENUNCIA,Lesiones Personales,LESIONES PERSONALES,Lesiones_fiscalia.csv,,,,,,,,,,,,,,,,,,,,,,,LESIONES PERSONALES,1/11/2023,Nivel 2,2,2,POINT (727675.522439839 871888.7402661749)
,LESIONES ART. 111 C.P.,,Nivel 2,,CALI,Junín,09,-76.52645,3.43402,SIN INFORMACION,2023.0,enero     ,23.0,2.0,09:25,,DENUNCIA,Lesiones Personales,LESIONES PERSONALES,Lesiones_fiscalia.csv,,,,,,,,,,,,,,,,,,,,,,,LESIONES PERSONALES,1/23/2023,Nivel 2,2,2,POINT (727788.3875014762 871834.9925767926)
,LESIONES ART. 111 C.P.,,Nivel 2,,CALI,Junín,09,-76.52645,3.43402,SIN INFORMACION,2023.0,febrero   ,26.0,1.0,09:12,,DENUNCIA,Lesiones Personales,LESIONES PERSONALES,Lesiones_fiscalia.csv,,,,,,,,,,,,,,,,,,,,,,,LESIONES PERSONALES,2/26/2023,Nivel 2,2,2,POINT (727788.3875014762 871834.9925767926)
,LESIONES ART. 111 C.P.,,Nivel 2,,CALI,Junín,09,-76.52645,3.43402,SIN INFORMACION,2023.0,febrero   ,27.0,2.0,20:00,,DENUNCIA,Lesiones Personales,LESIONES PERSONALES,Lesiones_fiscalia.csv,,,,,,,,,,,,,,,,,,,,,,,LESIONES PERSONALES,2/27/2023,Nivel 2,2,2,POINT (727788.3875014762 871834.9925767926)
,LESIONES ART. 111 C.P.,,Nivel 2,,CALI,Junín,09,-76.52645,3.43402,SIN INFORMACION,2023.0,febrero   ,27.0,2.0,10:00,,DENUNCIA,Lesiones Personales,LESIONES PERSONALES,Lesiones_fiscalia.csv,,,,,,,,,,,,,,,,,,,,,,,LESIONES PERSONALES,2/27/2023,Nivel 2,2,2,POINT (727788.3875014762 871834.9925767926)
,LESIONES ART. 111 C.P.,,Nivel 2,,CALI,Junín,09,-76.527444,3.434217,SIN INFORMACION,2023.0,marzo     ,3.0,6.0,14:00,,DENUNCIA,Lesiones Personales,LESIONES PERSONALES,Lesiones_fiscalia.csv,,,,,,,,,,,,,,,,,,,,,,,LESIONES PERSONALES,3/3/2023,Nivel 2,2,2,POINT (727677.8882017856 871857.079692328)
,LESIONES ART. 111 C.P.,,Nivel 2,,CALI,Junín,09,-76.52645,3.43402,SIN INFORMACION,2023.0,marzo     ,3.0,6.0,00:00,,DENUNCIA,Lesiones Personales,LESIONES PERSONALES,Lesiones_fiscalia.csv,,,,,,,,,,,,,,,,,,,,,,,LESIONES PERSONALES,3/3/2023,Nivel 2,2,2,POINT (727788.3875014762 871834.9925767926)
,LESIONES ART. 111 C.P.,,Nivel 2,,CALI,Junín,09,-76.52645,3.43402,SIN INFORMACION,2023.0,marzo     ,12.0,1.0,13:00,,DENUNCIA,Lesiones Personales,LESIONES PERSONALES,Lesiones_fiscalia.csv,,,,,,,,,,,,,,,,,,,,,,,LESIONES PERSONALES,3/12/2023,Nivel 2,2,2,POINT (727788.3875014762 871834.9925767926)
,LESIONES ART. 111 C.P.,,Nivel 2,,CALI,Junín,09,-76.52645,3.43402,SIN INFORMACION,2023.0,marzo     ,14.0,3.0,11:13,,DENUNCIA,Lesiones Personales,LESIONES PERSONALES,Lesiones_fiscalia.csv,,,,,,,,,,,,,,,,,,,,,,,LESIONES PERSONALES,3/14/2023,Nivel 2,2,2,POINT (727788.3875014762 871834.9925767926)
,LESIONES ART. 111 C.P.,,Nivel 2,,CALI,Junín,09,-76.52645,3.43402,SIN INFORMACION,2023.0,marzo     ,17.0,6.0,13:30,,DENUNCIA,Lesiones Personales,LESIONES PERSONALES,Lesiones_fiscalia.csv,,,,,,,,,,,,,,,,,,,,,,,LESIONES PERSONALES,3/17/2023,Nivel 2,2,2,POINT (727788.3875014762 871834.9925767926)
,LESIONES ART. 111 C.P.,,Nivel 2,,CALI,Junín,09,-76.52645,3.43402,SIN INFORMACION,2023.0,marzo     ,26.0,1.0,01:16,,DENUNCIA,Lesiones Personales,LESIONES PERSONALES,Lesiones_fiscalia.csv,,,,,,,,,,,,,,,,,,,,,,,LESIONES PERSONALES,3/26/2023,Nivel 2,2,2,POINT (727788.3875014762 871834.9925767926)
,LESIONES ART. 111 C.P.,,Nivel 2,,CALI,Junín,09,-76.52645,3.43402,SIN INFORMACION,2023.0,abril     ,5.0,4.0,11:30,,DENUNCIA,Lesiones Personales,LESIONES PERSONALES,Lesiones_fiscalia.csv,,,,,,,,,,,,,,,,,,,,,,,LESIONES PERSONALES,4/5/2023,Nivel 2,2,2,POINT (727788.3875014762 871834.9925767926)
,LESIONES ART. 111 C.P.,,Nivel 2,,CALI,Junín,09,-76.52645,3.43402,SIN INFORMACION,2023.0,abril     ,9.0,1.0,03:00,,DENUNCIA,Lesiones Personales,LESIONES PERSONALES,Lesiones_fiscalia.csv,,,,,,,,,,,,,,,,,,,,,,,LESIONES PERSONALES,4/9/2023,Nivel 2,2,2,POINT (727788.3875014762 871834.9925767926)
,LESIONES ART. 111 C.P.,,Nivel 2,,CALI,Junín,09,-76.52645,3.43402,SIN INFORMACION,2023.0,abril     ,10.0,2.0,11:30,,DENUNCIA,Lesiones Personales,LESIONES PERSONALES,Lesiones_fiscalia.csv,,,,,,,,,,,,,,,,,,,,,,,LESIONES PERSONALES,4/10/2023,Nivel 2,2,2,POINT (727788.3875014762 871834.9925767926)
,LESIONES ART. 111 C.P.,,Nivel 2,,CALI,Junín,09,-76.52723,3.434353,SIN INFORMACION,2023.0,abril     ,18.0,3.0,17:57,,DENUNCIA,Lesiones Personales,LESIONES PERSONALES,Lesiones_fiscalia.csv,,,,,,,,,,,,,,,,,,,,,,,LESIONES PERSONALES,4/18/2023,Nivel 2,2,2,POINT (727701.7283988502 871872.0710845242)
,LESIONES ART. 111 C.P.,,Nivel 2,,CALI,Junín,09,-76.52812,3.434678,SIN INFORMACION,2023.0,abril     ,19.0,4.0,17:40,,DENUNCIA,Lesiones Personales,LESIONES PERSONALES,Lesiones_fiscalia.csv,,,,,,,,,,,,,,,,,,,,,,,LESIONES PERSONALES,4/19/2023,Nivel 2,2,2,POINT (727602.8325664203 871908.2956400258)
,LESIONES ART. 111 C.P.,,Nivel 2,,CALI,Junín,09,-76.52645,3.43402,SIN INFORMACION,2023.0,mayo      ,13.0,7.0,18:00,,DENUNCIA,Lesiones Personales,LESIONES PERSONALES,Lesiones_fiscalia.csv,,,,,,,,,,,,,,,,,,,,,,,LESIONES PERSONALES,5/13/2023,Nivel 2,2,2,POINT (727788.3875014762 871834.9925767926)
,LESIONES ART. 111 C.P.,,Nivel 2,,CALI,Junín,09,-76.52645,3.43402,SIN INFORMACION,2023.0,mayo      ,15.0,2.0,16:10,,DENUNCIA,Lesiones Personales,LESIONES PERSONALES,Lesiones_fiscalia.csv,,,,,,,,,,,,,,,,,,,,,,,LESIONES PERSONALES,5/15/2023,Nivel 2,2,2,POINT (727788.3875014762 871834.9925767926)
,LESIONES ART. 111 C.P.,,Nivel 2,,CALI,Junín,09,-76.52645,3.43402,SIN INFORMACION,2023.0,mayo      ,15.0,2.0,14:30,,DENUNCIA,Lesiones Personales,LESIONES PERSONALES,Lesiones_fiscalia.csv,,,,,,,,,,,,,,,,,,,,,,,LESIONES PERSONALES,5/15/2023,Nivel 2,2,2,POINT (727788.3875014762 871834.9925767926)
,LESIONES ART. 111 C.P.,,Nivel 2,,CALI,Junín,09,-76.52645,3.43402,SIN INFORMACION,2023.0,mayo      ,20.0,7.0,00:55,,DENUNCIA,Lesiones Personales,LESIONES PERSONALES,Lesiones_fiscalia.csv,,,,,,,,,,,,,,,,,,,,,,,LESIONES PERSONALES,5/20/2023,Nivel 2,2,2,POINT (727788.3875014762 871834.9925767926)
,LESIONES ART. 111 C.P.,,Nivel 2,,CALI,Junín,09,-76.52645,3.43402,SIN INFORMACION,2023.0,mayo      ,24.0,4.0,14:00,,DENUNCIA,Lesiones Personales,LESIONES PERSONALES,Lesiones_fiscalia.csv,,,,,,,,,,,,,,,,,,,,,,,LESIONES PERSONALES,5/24/2023,Nivel 2,2,2,POINT (727788.3875014762 871834.9925767926)
,LESIONES ART. 111 C.P.,,Nivel 2,,CALI,Junín,09,-76.52645,3.43402,SIN INFORMACION,2023.0,junio     ,3.0,7.0,02:30,,DENUNCIA,Lesiones Personales,LESIONES PERSONALES,Lesiones_fiscalia.csv,,,,,,,,,,,,,,,,,,,,,,,LESIONES PERSONALES,6/3/2023,Nivel 2,2,2,POINT (727788.3875014762 871834.9925767926)
,LESIONES ART. 111 C.P.,,Nivel 2,,CALI,Junín,09,-76.52645,3.43402,SIN INFORMACION,2023.0,junio     ,17.0,7.0,18:00,,DENUNCIA,Lesiones Personales,LESIONES PERSONALES,Lesiones_fiscalia.csv,,,,,,,,,,,,,,,,,,,,,,,LESIONES PERSONALES,6/17/2023,Nivel 2,2,2,POINT (727788.3875014762 871834.9925767926)
,LESIONES ART. 111 C.P.,,Nivel 2,,CALI,Junín,09,-76.52645,3.43402,SIN INFORMACION,2023.0,junio     ,19.0,2.0,14:00,,DENUNCIA,Lesiones Personales,LESIONES PERSONALES,Lesiones_fiscalia.csv,,,,,,,,,,,,,,,,,,,,,,,LESIONES PERSONALES,6/19/2023,Nivel 2,2,2,POINT (727788.3875014762 871834.9925767926)
,LESIONES ART. 111 C.P.,,Nivel 2,,CALI,Junín,09,-76.52645,3.43402,SIN INFORMACION,2023.0,junio     ,20.0,3.0,01:30,,DENUNCIA,Lesiones Personales,LESIONES PERSONALES,Lesiones_fiscalia.csv,,,,,,,,,,,,,,,,,,,,,,,LESIONES PERSONALES,6/20/2023,Nivel 2,2,2,POINT (727788.3875014762 871834.9925767926)
,LESIONES ART. 111 C.P.,,Nivel 2,,CALI,Junín,09,-76.52645,3.43402,SIN INFORMACION,2023.0,junio     ,20.0,3.0,21:50,,DENUNCIA,Lesiones Personales,LESIONES PERSONALES,Lesiones_fiscalia.csv,,,,,,,,,,,,,,,,,,,,,,,LESIONES PERSONALES,6/20/2023,Nivel 2,2,2,POINT (727788.3875014762 871834.9925767926)
,LESIONES ART. 111 C.P.,,Nivel 2,,CALI,Junín,09,-76.52645,3.43402,SIN INFORMACION,2023.0,junio     ,22.0,5.0,21:00,,DENUNCIA,Lesiones Personales,LESIONES PERSONALES,Lesiones_fiscalia.csv,,,,,,,,,,,,,,,,,,,,,,,LESIONES PERSONALES,6/22/2023,Nivel 2,2,2,POINT (727788.3875014762 871834.9925767926)
,LESIONES ART. 111 C.P.,,Nivel 2,,CALI,Junín,09,-76.52645,3.43402,SIN INFORMACION,2023.0,junio     ,23.0,6.0,22:31,,DENUNCIA,Lesiones Personales,LESIONES PERSONALES,Lesiones_fiscalia.csv,,,,,,,,,,,,,,,,,,,,,,,LESIONES PERSONALES,6/23/2023,Nivel 2,2,2,POINT (727788.3875014762 871834.9925767926)
,LESIONES ART. 111 C.P.,,Nivel 2,,CALI,Junín,09,-76.52645,3.43402,SIN INFORMACION,2023.0,julio     ,8.0,7.0,14:00,,DENUNCIA,Lesiones Personales,LESIONES PERSONALES,Lesiones_fiscalia.csv,,,,,,,,,,,,,,,,,,,,,,,LESIONES PERSONALES,7/8/2023,Nivel 2,2,2,POINT (727788.3875014762 871834.9925767926)
,LESIONES ART. 111 C.P.,,Nivel 2,,CALI,Junín,09,-76.52645,3.43402,SIN INFORMACION,2023.0,julio     ,9.0,1.0,10:20,,DENUNCIA,Lesiones Personales,LESIONES PERSONALES,Lesiones_fiscalia.csv,,,,,,,,,,,,,,,,,,,,,,,LESIONES PERSONALES,7/9/2023,Nivel 2,2,2,POINT (727788.3875014762 871834.9925767926)
,LESIONES ART. 111 C.P.,,Nivel 2,,CALI,Junín,09,-76.52645,3.43402,SIN INFORMACION,2023.0,julio     ,13.0,5.0,18:15,,DENUNCIA,Lesiones Personales,LESIONES PERSONALES,Lesiones_fiscalia.csv,,,,,,,,,,,,,,,,,,,,,,,LESIONES PERSONALES,7/13/2023,Nivel 2,2,2,POINT (727788.3875014762 871834.9925767926)
,LESIONES ART. 111 C.P.,,Nivel 2,,CALI,Junín,09,-76.52645,3.43402,SIN INFORMACION,2023.0,julio     ,17.0,2.0,22:09,,DENUNCIA,Lesiones Personales,LESIONES PERSONALES,Lesiones_fiscalia.csv,,,,,,,,,,,,,,,,,,,,,,,LESIONES PERSONALES,7/17/2023,Nivel 2,2,2,POINT (727788.3875014762 871834.9925767926)
,LESIONES ART. 111 C.P.,,Nivel 2,,CALI,Junín,09,-76.527666,3.434235,SIN INFORMACION,2023.0,agosto    ,2.0,4.0,00:00,,DENUNCIA,Lesiones Personales,LESIONES PERSONALES,Lesiones_fiscalia.csv,,,,,,,,,,,,,,,,,,,,,,,LESIONES PERSONALES,8/2/2023,Nivel 2,2,2,POINT (727653.2019035988 871859.1352081954)
,LESIONES ART. 111 C.P.,,Nivel 2,,CALI,Junín,09,-76.52645,3.43402,SIN INFORMACION,2023.0,agosto    ,9.0,4.0,11:30,,DENUNCIA,Lesiones Personales,LESIONES PERSONALES,Lesiones_fiscalia.csv,,,,,,,,,,,,,,,,,,,,,,,LESIONES PERSONALES,8/9/2023,Nivel 2,2,2,POINT (727788.3875014762 871834.9925767926)
,LESIONES ART. 111 C.P.,,Nivel 2,,CALI,Junín,09,-76.52645,3.43402,SIN INFORMACION,2023.0,agosto    ,14.0,2.0,21:52,,DENUNCIA,Lesiones Personales,LESIONES PERSONALES,Lesiones_fiscalia.csv,,,,,,,,,,,,,,,,,,,,,,,LESIONES PERSONALES,8/14/2023,Nivel 2,2,2,POINT (727788.3875014762 871834.9925767926)
,LESIONES ART. 111 C.P.,,Nivel 2,,CALI,Junín,09,-76.52645,3.43402,SIN INFORMACION,2023.0,agosto    ,18.0,6.0,22:03,,DENUNCIA,Lesiones Personales,LESIONES PERSONALES,Lesiones_fiscalia.csv,,,,,,,,,,,,,,,,,,,,,,,LESIONES PERSONALES,8/18/2023,Nivel 2,2,2,POINT (727788.3875014762 871834.9925767926)
,LESIONES ART. 111 C.P.,,Nivel 2,,CALI,Junín,09,-76.52645,3.43402,SIN INFORMACION,2023.0,septiembre,4.0,2.0,20:08,,DENUNCIA,Lesiones Personales,LESIONES PERSONALES,Lesiones_fiscalia.csv,,,,,,,,,,,,,,,,,,,,,,,LESIONES PERSONALES,9/4/2023,Nivel 2,2,2,POINT (727788.3875014762 871834.9925767926)
,LESIONES ART. 111 C.P.,,Nivel 2,,CALI,Junín,09,-76.52645,3.43402,SIN INFORMACION,2023.0,septiembre,7.0,5.0,19:35,,DENUNCIA,Lesiones Personales,LESIONES PERSONALES,Lesiones_fiscalia.csv,,,,,,,,,,,,,,,,,,,,,,,LESIONES PERSONALES,9/7/2023,Nivel 2,2,2,POINT (727788.3875014762 871834.9925767926)
,LESIONES ART. 111 C.P.,,Nivel 2,,CALI,Junín,09,-76.52645,3.43402,SIN INFORMACION,2023.0,septiembre,10.0,1.0,20:31,,DENUNCIA,Lesiones Personales,LESIONES PERSONALES,Lesiones_fiscalia.csv,,,,,,,,,,,,,,,,,,,,,,,LESIONES PERSONALES,9/10/2023,Nivel 2,2,2,POINT (727788.3875014762 871834.9925767926)
,LESIONES ART. 111 C.P.,,Nivel 2,,CALI,Junín,09,-76.52645,3.43402,SIN INFORMACION,2023.0,septiembre,10.0,1.0,10:30,,DENUNCIA,Lesiones Personales,LESIONES PERSONALES,Lesiones_fiscalia.csv,,,,,,,,,,,,,,,,,,,,,,,LESIONES PERSONALES,9/10/2023,Nivel 2,2,2,POINT (727788.3875014762 871834.9925767926)
,LESIONES ART. 111 C.P.,,Nivel 2,,CALI,Junín,09,-76.52645,3.43402,SIN INFORMACION,2023.0,septiembre,12.0,3.0,05:00,,DENUNCIA,Lesiones Personales,LESIONES PERSONALES,Lesiones_fiscalia.csv,,,,,,,,,,,,,,,,,,,,,,,LESIONES PERSONALES,9/12/2023,Nivel 2,2,2,POINT (727788.3875014762 871834.9925767926)
,LESIONES ART. 111 C.P.,,Nivel 2,,CALI,Junín,09,-76.52645,3.43402,SIN INFORMACION,2023.0,septiembre,12.0,3.0,20:47,,DENUNCIA,Lesiones Personales,LESIONES PERSONALES,Lesiones_fiscalia.csv,,,,,,,,,,,,,,,,,,,,,,,LESIONES PERSONALES,9/12/2023,Nivel 2,2,2,POINT (727788.3875014762 871834.9925767926)
,LESIONES ART. 111 C.P.,,Nivel 2,,CALI,Junín,09,-76.52645,3.43402,SIN INFORMACION,2023.0,septiembre,14.0,5.0,23:58,,DENUNCIA,Lesiones Personales,LESIONES PERSONALES,Lesiones_fiscalia.csv,,,,,,,,,,,,,,,,,,,,,,,LESIONES PERSONALES,9/14/2023,Nivel 2,2,2,POINT (727788.3875014762 871834.9925767926)
,LESIONES ART. 111 C.P.,,Nivel 2,,CALI,Junín,09,-76.52645,3.43402,SIN INFORMACION,2023.0,septiembre,18.0,2.0,23:30,,DENUNCIA,Lesiones Personales,LESIONES PERSONALES,Lesiones_fiscalia.csv,,,,,,,,,,,,,,,,,,,,,,,LESIONES PERSONALES,9/18/2023,Nivel 2,2,2,POINT (727788.3875014762 871834.9925767926)
,LESIONES ART. 111 C.P.,,Nivel 2,,CALI,Junín,09,-76.52645,3.43402,SIN INFORMACION,2023.0,septiembre,18.0,2.0,20:20,,DENUNCIA,Lesiones Personales,LESIONES PERSONALES,Lesiones_fiscalia.csv,,,,,,,,,,,,,,,,,,,,,,,LESIONES PERSONALES,9/18/2023,Nivel 2,2,2,POINT (727788.3875014762 871834.9925767926)
,LESIONES ART. 111 C.P.,,Nivel 2,,CALI,Junín,09,-76.52645,3.43402,SIN INFORMACION,2023.0,septiembre,19.0,3.0,22:20,,DENUNCIA,Lesiones Personales,LESIONES PERSONALES,Lesiones_fiscalia.csv,,,,,,,,,,,,,,,,,,,,,,,LESIONES PERSONALES,9/19/2023,Nivel 2,2,2,POINT (727788.3875014762 871834.9925767926)
,LESIONES ART. 111 C.P.,,Nivel 2,,CALI,Junín,09,-76.52645,3.43402,SIN INFORMACION,2023.0,septiembre,20.0,4.0,23:38,,DENUNCIA,Lesiones Personales,LESIONES PERSONALES,Lesiones_fiscalia.csv,,,,,,,,,,,,,,,,,,,,,,,LESIONES PERSONALES,9/20/2023,Nivel 2,2,2,POINT (727788.3875014762 871834.9925767926)
,LESIONES ART. 111 C.P.,,Nivel 2,,CALI,Junín,09,-76.52645,3.43402,SIN INFORMACION,2023.0,septiembre,20.0,4.0,16:00,,DENUNCIA,Lesiones Personales,LESIONES PERSONALES,Lesiones_fiscalia.csv,,,,,,,,,,,,,,,,,,,,,,,LESIONES PERSONALES,9/20/2023,Nivel 2,2,2,POINT (727788.3875014762 871834.9925767926)
,LESIONES ART. 111 C.P.,,Nivel 2,,CALI,Junín,09,-76.52645,3.43402,SIN INFORMACION,2023.0,septiembre,24.0,1.0,17:30,,DENUNCIA,Lesiones Personales,LESIONES PERSONALES,Lesiones_fiscalia.csv,,,,,,,,,,,,,,,,,,,,,,,LESIONES PERSONALES,9/24/2023,Nivel 2,2,2,POINT (727788.3875014762 871834.9925767926)
,LESIONES ART. 111 C.P.,,Nivel 2,,CALI,Junín,09,-76.52749,3.4345,SIN INFORMACION,2023.0,septiembre,25.0,2.0,02:30,,DENUNCIA,Lesiones Personales,LESIONES PERSONALES,Lesiones_fiscalia.csv,,,,,,,,,,,,,,,,,,,,,,,LESIONES PERSONALES,9/25/2023,Nivel 2,2,2,POINT (727672.8522486406 871888.4150701927)
,LESIONES ART. 111 C.P.,,Nivel 2,,CALI,Junín,09,-76.52645,3.43402,SIN INFORMACION,2023.0,septiembre,27.0,4.0,19:00,,DENUNCIA,Lesiones Personales,LESIONES PERSONALES,Lesiones_fiscalia.csv,,,,,,,,,,,,,,,,,,,,,,,LESIONES PERSONALES,9/27/2023,Nivel 2,2,2,POINT (727788.3875014762 871834.9925767926)
,LESIONES ART. 111 C.P.,,Nivel 2,,CALI,Junín,09,-76.52645,3.43402,SIN INFORMACION,2023.0,septiembre,29.0,6.0,18:00,,DENUNCIA,Lesiones Personales,LESIONES PERSONALES,Lesiones_fiscalia.csv,,,,,,,,,,,,,,,,,,,,,,,LESIONES PERSONALES,9/29/2023,Nivel 2,2,2,POINT (727788.3875014762 871834.9925767926)
,LESIONES ART. 111 C.P.,,Nivel 2,,CALI,Junín,09,-76.52645,3.43402,SIN INFORMACION,2023.0,septiembre,29.0,6.0,15:00,,DENUNCIA,Lesiones Personales,LESIONES PERSONALES,Lesiones_fiscalia.csv,,,,,,,,,,,,,,,,,,,,,,,LESIONES PERSONALES,9/29/2023,Nivel 2,2,2,POINT (727788.3875014762 871834.9925767926)
,LESIONES ART. 111 C.P.,,Nivel 2,,CALI,Junín,09,-76.52645,3.43402,SIN INFORMACION,2023.0,septiembre,29.0,6.0,00:30,,DENUNCIA,Lesiones Personales,LESIONES PERSONALES,Lesiones_fiscalia.csv,,,,,,,,,,,,,,,,,,,,,,,LESIONES PERSONALES,9/29/2023,Nivel 2,2,2,POINT (727788.3875014762 871834.9925767926)
,LESIONES ART. 111 C.P.,,Nivel 2,,CALI,Junín,09,-76.52645,3.43402,SIN INFORMACION,2023.0,octubre   ,4.0,4.0,11:09,,DENUNCIA,Lesiones Personales,LESIONES PERSONALES,Lesiones_fiscalia.csv,,,,,,,,,,,,,,,,,,,,,,,LESIONES PERSONALES,10/4/2023,Nivel 2,2,2,POINT (727788.3875014762 871834.9925767926)
,LESIONES ART. 111 C.P.,,Nivel 2,,CALI,Junín,09,-76.52645,3.43402,SIN INFORMACION,2023.0,octubre   ,5.0,5.0,21:55,,DENUNCIA,Lesiones Personales,LESIONES PERSONALES,Lesiones_fiscalia.csv,,,,,,,,,,,,,,,,,,,,,,,LESIONES PERSONALES,10/5/2023,Nivel 2,2,2,POINT (727788.3875014762 871834.9925767926)
,LESIONES ART. 111 C.P.,,Nivel 2,,CALI,Junín,09,-76.52645,3.43402,SIN INFORMACION,2023.0,octubre   ,8.0,1.0,18:10,,DENUNCIA,Lesiones Personales,LESIONES PERSONALES,Lesiones_fiscalia.csv,,,,,,,,,,,,,,,,,,,,,,,LESIONES PERSONALES,10/8/2023,Nivel 2,2,2,POINT (727788.3875014762 871834.9925767926)
,LESIONES ART. 111 C.P.,,Nivel 2,,CALI,Junín,09,-76.52749,3.4345,SIN INFORMACION,2023.0,octubre   ,10.0,3.0,09:21,,DENUNCIA,Lesiones Personales,LESIONES PERSONALES,Lesiones_fiscalia.csv,,,,,,,,,,,,,,,,,,,,,,,LESIONES PERSONALES,10/10/2023,Nivel 2,2,2,POINT (727672.8522486406 871888.4150701927)
,LESIONES ART. 111 C.P.,,Nivel 2,,CALI,Junín,09,-76.52645,3.43402,SIN INFORMACION,2023.0,octubre   ,11.0,4.0,06:10,,DENUNCIA,Lesiones Personales,LESIONES PERSONALES,Lesiones_fiscalia.csv,,,,,,,,,,,,,,,,,,,,,,,LESIONES PERSONALES,10/11/2023,Nivel 2,2,2,POINT (727788.3875014762 871834.9925767926)
,LESIONES ART. 111 C.P.,,Nivel 2,,CALI,Junín,09,-76.52645,3.43402,SIN INFORMACION,2023.0,octubre   ,11.0,4.0,02:30,,DENUNCIA,Lesiones Personales,LESIONES PERSONALES,Lesiones_fiscalia.csv,,,,,,,,,,,,,,,,,,,,,,,LESIONES PERSONALES,10/11/2023,Nivel 2,2,2,POINT (727788.3875014762 871834.9925767926)
,LESIONES ART. 111 C.P.,,Nivel 2,,CALI,Junín,09,-76.52645,3.43402,SIN INFORMACION,2023.0,octubre   ,20.0,6.0,15:30,,DENUNCIA,Lesiones Personales,LESIONES PERSONALES,Lesiones_fiscalia.csv,,,,,,,,,,,,,,,,,,,,,,,LESIONES PERSONALES,10/20/2023,Nivel 2,2,2,POINT (727788.3875014762 871834.9925767926)
,LESIONES ART. 111 C.P.,,Nivel 2,,CALI,Junín,09,-76.52645,3.43402,SIN INFORMACION,2023.0,octubre   ,22.0,1.0,03:00,,DENUNCIA,Lesiones Personales,LESIONES PERSONALES,Lesiones_fiscalia.csv,,,,,,,,,,,,,,,,,,,,,,,LESIONES PERSONALES,10/22/2023,Nivel 2,2,2,POINT (727788.3875014762 871834.9925767926)
,LESIONES ART. 111 C.P.,,Nivel 2,,CALI,Junín,09,-76.52645,3.43402,SIN INFORMACION,2023.0,octubre   ,29.0,1.0,15:30,,DENUNCIA,Lesiones Personales,LESIONES PERSONALES,Lesiones_fiscalia.csv,,,,,,,,,,,,,,,,,,,,,,,LESIONES PERSONALES,10/29/2023,Nivel 2,2,2,POINT (727788.3875014762 871834.9925767926)
,LESIONES ART. 111 C.P.,,Nivel 2,,CALI,Junín,09,-76.52645,3.43402,SIN INFORMACION,2023.0,octubre   ,30.0,2.0,03:00,,DENUNCIA,Lesiones Personales,LESIONES PERSONALES,Lesiones_fiscalia.csv,,,,,,,,,,,,,,,,,,,,,,,LESIONES PERSONALES,10/30/2023,Nivel 2,2,2,POINT (727788.3875014762 871834.9925767926)
,LESIONES ART. 111 C.P.,,Nivel 2,,CALI,Junín,09,-76.52645,3.43402,SIN INFORMACION,2023.0,octubre   ,31.0,3.0,18:30,,DENUNCIA,Lesiones Personales,LESIONES PERSONALES,Lesiones_fiscalia.csv,,,,,,,,,,,,,,,,,,,,,,,LESIONES PERSONALES,10/31/2023,Nivel 2,2,2,POINT (727788.3875014762 871834.9925767926)
,LESIONES ART. 111 C.P.,,Nivel 2,,CALI,Junín,09,-76.52645,3.43402,SIN INFORMACION,2023.0,noviembre ,5.0,1.0,21:11,,DENUNCIA,Lesiones Personales,LESIONES PERSONALES,Lesiones_fiscalia.csv,,,,,,,,,,,,,,,,,,,,,,,LESIONES PERSONALES,11/5/2023,Nivel 2,2,2,POINT (727788.3875014762 871834.9925767926)
,LESIONES ART. 111 C.P.,,Nivel 2,,CALI,Junín,09,-76.52645,3.43402,SIN INFORMACION,2023.0,noviembre ,7.0,3.0,01:10,,DENUNCIA,Lesiones Personales,LESIONES PERSONALES,Lesiones_fiscalia.csv,,,,,,,,,,,,,,,,,,,,,,,LESIONES PERSONALES,11/7/2023,Nivel 2,2,2,POINT (727788.3875014762 871834.9925767926)
,LESIONES ART. 111 C.P.,,Nivel 2,,CALI,Junín,09,-76.52645,3.43402,SIN INFORMACION,2023.0,noviembre ,11.0,7.0,22:38,,DENUNCIA,Lesiones Personales,LESIONES PERSONALES,Lesiones_fiscalia.csv,,,,,,,,,,,,,,,,,,,,,,,LESIONES PERSONALES,11/11/2023,Nivel 2,2,2,POINT (727788.3875014762 871834.9925767926)
,LESIONES ART. 111 C.P.,,Nivel 2,,CALI,Junín,09,-76.52645,3.43402,SIN INFORMACION,2023.0,noviembre ,12.0,1.0,10:16,,DENUNCIA,Lesiones Personales,LESIONES PERSONALES,Lesiones_fiscalia.csv,,,,,,,,,,,,,,,,,,,,,,,LESIONES PERSONALES,11/12/2023,Nivel 2,2,2,POINT (727788.3875014762 871834.9925767926)
,LESIONES ART. 111 C.P.,,Nivel 2,,CALI,Junín,09,-76.52645,3.43402,SIN INFORMACION,2023.0,noviembre ,13.0,2.0,15:00,,DENUNCIA,Lesiones Personales,LESIONES PERSONALES,Lesiones_fiscalia.csv,,,,,,,,,,,,,,,,,,,,,,,LESIONES PERSONALES,11/13/2023,Nivel 2,2,2,POINT (727788.3875014762 871834.9925767926)
,LESIONES ART. 111 C.P.,,Nivel 2,,CALI,Junín,09,-76.52645,3.43402,SIN INFORMACION,2023.0,noviembre ,15.0,4.0,14:30,,DENUNCIA,Lesiones Personales,LESIONES PERSONALES,Lesiones_fiscalia.csv,,,,,,,,,,,,,,,,,,,,,,,LESIONES PERSONALES,11/15/2023,Nivel 2,2,2,POINT (727788.3875014762 871834.9925767926)
,LESIONES ART. 111 C.P.,,Nivel 2,,CALI,Junín,09,-76.52645,3.43402,SIN INFORMACION,2023.0,noviembre ,17.0,6.0,22:15,,DENUNCIA,Lesiones Personales,LESIONES PERSONALES,Lesiones_fiscalia.csv,,,,,,,,,,,,,,,,,,,,,,,LESIONES PERSONALES,11/17/2023,Nivel 2,2,2,POINT (727788.3875014762 871834.9925767926)
,LESIONES ART. 111 C.P.,,Nivel 2,,CALI,Junín,09,-76.52645,3.43402,SIN INFORMACION,2023.0,noviembre ,17.0,6.0,09:00,,DENUNCIA,Lesiones Personales,LESIONES PERSONALES,Lesiones_fiscalia.csv,,,,,,,,,,,,,,,,,,,,,,,LESIONES PERSONALES,11/17/2023,Nivel 2,2,2,POINT (727788.3875014762 871834.9925767926)
,LESIONES ART. 111 C.P.,,Nivel 2,,CALI,Junín,09,-76.52645,3.43402,SIN INFORMACION,2023.0,noviembre ,18.0,7.0,06:30,,DENUNCIA,Lesiones Personales,LESIONES PERSONALES,Lesiones_fiscalia.csv,,,,,,,,,,,,,,,,,,,,,,,LESIONES PERSONALES,11/18/2023,Nivel 2,2,2,POINT (727788.3875014762 871834.9925767926)
,LESIONES ART. 111 C.P.,,Nivel 2,,CALI,Junín,09,-76.52645,3.43402,SIN INFORMACION,2023.0,noviembre ,21.0,3.0,15:44,,DENUNCIA,Lesiones Personales,LESIONES PERSONALES,Lesiones_fiscalia.csv,,,,,,,,,,,,,,,,,,,,,,,LESIONES PERSONALES,11/21/2023,Nivel 2,2,2,POINT (727788.3875014762 871834.9925767926)
,LESIONES ART. 111 C.P.,,Nivel 2,,CALI,Junín,09,-76.52645,3.43402,SIN INFORMACION,2023.0,noviembre ,24.0,6.0,18:49,,DENUNCIA,Lesiones Personales,LESIONES PERSONALES,Lesiones_fiscalia.csv,,,,,,,,,,,,,,,,,,,,,,,LESIONES PERSONALES,11/24/2023,Nivel 2,2,2,POINT (727788.3875014762 871834.9925767926)
,LESIONES ART. 111 C.P.,,Nivel 2,,CALI,Junín,09,-76.52645,3.43402,SIN INFORMACION,2023.0,noviembre ,25.0,7.0,01:30,,DENUNCIA,Lesiones Personales,LESIONES PERSONALES,Lesiones_fiscalia.csv,,,,,,,,,,,,,,,,,,,,,,,LESIONES PERSONALES,11/25/2023,Nivel 2,2,2,POINT (727788.3875014762 871834.9925767926)
,LESIONES ART. 111 C.P.,,Nivel 2,,CALI,Junín,09,-76.52645,3.43402,SIN INFORMACION,2023.0,noviembre ,25.0,7.0,23:32,,DENUNCIA,Lesiones Personales,LESIONES PERSONALES,Lesiones_fiscalia.csv,,,,,,,,,,,,,,,,,,,,,,,LESIONES PERSONALES,11/25/2023,Nivel 2,2,2,POINT (727788.3875014762 871834.9925767926)
,LESIONES ART. 111 C.P.,,Nivel 2,,CALI,Junín,09,-76.52645,3.43402,SIN INFORMACION,2023.0,noviembre ,29.0,4.0,00:10,,DENUNCIA,Lesiones Personales,LESIONES PERSONALES,Lesiones_fiscalia.csv,,,,,,,,,,,,,,,,,,,,,,,LESIONES PERSONALES,11/29/2023,Nivel 2,2,2,POINT (727788.3875014762 871834.9925767926)
,LESIONES ART. 111 C.P.,,Nivel 2,,CALI,Junín,09,-76.52645,3.43402,SIN INFORMACION,2023.0,noviembre ,30.0,5.0,21:48,,DENUNCIA,Lesiones Personales,LESIONES PERSONALES,Lesiones_fiscalia.csv,,,,,,,,,,,,,,,,,,,,,,,LESIONES PERSONALES,11/30/2023,Nivel 2,2,2,POINT (727788.3875014762 871834.9925767926)
,LESIONES ART. 111 C.P.,,Nivel 2,,CALI,Junín,09,-76.52645,3.43402,SIN INFORMACION,2023.0,diciembre ,1.0,6.0,13:00,,DENUNCIA,Lesiones Personales,LESIONES PERSONALES,Lesiones_fiscalia.csv,,,,,,,,,,,,,,,,,,,,,,,LESIONES PERSONALES,12/1/2023,Nivel 2,2,2,POINT (727788.3875014762 871834.9925767926)
,LESIONES ART. 111 C.P.,,Nivel 2,,CALI,Junín,09,-76.52645,3.43402,SIN INFORMACION,2023.0,diciembre ,3.0,1.0,07:40,,DENUNCIA,Lesiones Personales,LESIONES PERSONALES,Lesiones_fiscalia.csv,,,,,,,,,,,,,,,,,,,,,,,LESIONES PERSONALES,12/3/2023,Nivel 2,2,2,POINT (727788.3875014762 871834.9925767926)
,LESIONES ART. 111 C.P.,,Nivel 2,,CALI,Junín,09,-76.52645,3.43402,SIN INFORMACION,2023.0,diciembre ,10.0,1.0,12:09,,DENUNCIA,Lesiones Personales,LESIONES PERSONALES,Lesiones_fiscalia.csv,,,,,,,,,,,,,,,,,,,,,,,LESIONES PERSONALES,12/10/2023,Nivel 2,2,2,POINT (727788.3875014762 871834.9925767926)
,LESIONES ART. 111 C.P.,,Nivel 2,,CALI,Junín,09,-76.526459,3.433869,SIN INFORMACION,2023.0,diciembre ,15.0,6.0,17:00,,DENUNCIA,Lesiones Personales,LESIONES PERSONALES,Lesiones_fiscalia.csv,,,,,,,,,,,,,,,,,,,,,,,LESIONES PERSONALES,12/15/2023,Nivel 2,2,2,POINT (727787.3436856368 871818.2825675918)
,LESIONES ART. 111 C.P.,,Nivel 2,,CALI,Junín,09,-76.52645,3.43402,SIN INFORMACION,2023.0,diciembre ,16.0,7.0,14:30,,DENUNCIA,Lesiones Personales,LESIONES PERSONALES,Lesiones_fiscalia.csv,,,,,,,,,,,,,,,,,,,,,,,LESIONES PERSONALES,12/16/2023,Nivel 2,2,2,POINT (727788.3875014762 871834.9925767926)
,LESIONES ART. 111 C.P.,,Nivel 2,,CALI,Junín,09,-76.52645,3.43402,SIN INFORMACION,2023.0,diciembre ,21.0,5.0,03:00,,DENUNCIA,Lesiones Personales,LESIONES PERSONALES,Lesiones_fiscalia.csv,,,,,,,,,,,,,,,,,,,,,,,LESIONES PERSONALES,12/21/2023,Nivel 2,2,2,POINT (727788.3875014762 871834.9925767926)
,LESIONES ART. 111 C.P.,,Nivel 2,,CALI,Junín,09,-76.52645,3.43402,SIN INFORMACION,2024.0,enero     ,7.0,1.0,12:57,,DENUNCIA,Lesiones Personales,LESIONES PERSONALES,Lesiones_fiscalia.csv,,,,,,,,,,,,,,,,,,,,,,,LESIONES PERSONALES,1/7/2024,Nivel 2,2,2,POINT (727788.3875014762 871834.9925767926)
,LESIONES ART. 111 C.P.,,Nivel 2,,CALI,Junín,09,-76.52645,3.43402,SIN INFORMACION,2024.0,enero     ,8.0,2.0,02:09,,DENUNCIA,Lesiones Personales,LESIONES PERSONALES,Lesiones_fiscalia.csv,,,,,,,,,,,,,,,,,,,,,,,LESIONES PERSONALES,1/8/2024,Nivel 2,2,2,POINT (727788.3875014762 871834.9925767926)
,LESIONES ART. 111 C.P.,,Nivel 2,,CALI,Junín,09,-76.52645,3.43402,SIN INFORMACION,2024.0,enero     ,12.0,6.0,04:00,,DENUNCIA,Lesiones Personales,LESIONES PERSONALES,Lesiones_fiscalia.csv,,,,,,,,,,,,,,,,,,,,,,,LESIONES PERSONALES,1/12/2024,Nivel 2,2,2,POINT (727788.3875014762 871834.9925767926)
,LESIONES ART. 111 C.P.,,Nivel 2,,CALI,Junín,09,-76.52645,3.43402,SIN INFORMACION,2024.0,enero     ,17.0,4.0,22:33,,DENUNCIA,Lesiones Personales,LESIONES PERSONALES,Lesiones_fiscalia.csv,,,,,,,,,,,,,,,,,,,,,,,LESIONES PERSONALES,1/17/2024,Nivel 2,2,2,POINT (727788.3875014762 871834.9925767926)
,LESIONES ART. 111 C.P.,,Nivel 2,,CALI,Junín,09,-76.52645,3.43402,SIN INFORMACION,2024.0,enero     ,20.0,7.0,00:00,,DENUNCIA,Lesiones Personales,LESIONES PERSONALES,Lesiones_fiscalia.csv,,,,,,,,,,,,,,,,,,,,,,,LESIONES PERSONALES,1/20/2024,Nivel 2,2,2,POINT (727788.3875014762 871834.9925767926)
,LESIONES ART. 111 C.P.,,Nivel 2,,CALI,Junín,09,-76.52645,3.43402,SIN INFORMACION,2024.0,enero     ,21.0,1.0,18:00,,DENUNCIA,Lesiones Personales,LESIONES PERSONALES,Lesiones_fiscalia.csv,,,,,,,,,,,,,,,,,,,,,,,LESIONES PERSONALES,1/21/2024,Nivel 2,2,2,POINT (727788.3875014762 871834.9925767926)
,LESIONES ART. 111 C.P.,,Nivel 2,,CALI,Junín,09,-76.52645,3.43402,SIN INFORMACION,2024.0,enero     ,21.0,1.0,21:39,,DENUNCIA,Lesiones Personales,LESIONES PERSONALES,Lesiones_fiscalia.csv,,,,,,,,,,,,,,,,,,,,,,,LESIONES PERSONALES,1/21/2024,Nivel 2,2,2,POINT (727788.3875014762 871834.9925767926)
,LESIONES ART. 111 C.P.,,Nivel 2,,CALI,Junín,09,-76.52645,3.43402,SIN INFORMACION,2024.0,enero     ,23.0,3.0,21:23,,DENUNCIA,Lesiones Personales,LESIONES PERSONALES,Lesiones_fiscalia.csv,,,,,,,,,,,,,,,,,,,,,,,LESIONES PERSONALES,1/23/2024,Nivel 2,2,2,POINT (727788.3875014762 871834.9925767926)
,LESIONES ART. 111 C.P.,,Nivel 2,,CALI,Junín,09,-76.52645,3.43402,SIN INFORMACION,2024.0,enero     ,25.0,5.0,22:30,,DENUNCIA,Lesiones Personales,LESIONES PERSONALES,Lesiones_fiscalia.csv,,,,,,,,,,,,,,,,,,,,,,,LESIONES PERSONALES,1/25/2024,Nivel 2,2,2,POINT (727788.3875014762 871834.9925767926)
,LESIONES ART. 111 C.P.,,Nivel 2,,CALI,Junín,09,-76.52645,3.43402,SIN INFORMACION,2024.0,enero     ,29.0,2.0,01:00,,DENUNCIA,Lesiones Personales,LESIONES PERSONALES,Lesiones_fiscalia.csv,,,,,,,,,,,,,,,,,,,,,,,LESIONES PERSONALES,1/29/2024,Nivel 2,2,2,POINT (727788.3875014762 871834.9925767926)
,LESIONES ART. 111 C.P.,,Nivel 2,,CALI,Junín,09,-76.52645,3.43402,SIN INFORMACION,2024.0,febrero   ,1.0,5.0,01:39,,DENUNCIA,Lesiones Personales,LESIONES PERSONALES,Lesiones_fiscalia.csv,,,,,,,,,,,,,,,,,,,,,,,LESIONES PERSONALES,2/1/2024,Nivel 2,2,2,POINT (727788.3875014762 871834.9925767926)
,LESIONES ART. 111 C.P.,,Nivel 2,,CALI,Junín,09,-76.52645,3.43402,SIN INFORMACION,2024.0,febrero   ,2.0,6.0,10:53,,DENUNCIA,Lesiones Personales,LESIONES PERSONALES,Lesiones_fiscalia.csv,,,,,,,,,,,,,,,,,,,,,,,LESIONES PERSONALES,2/2/2024,Nivel 2,2,2,POINT (727788.3875014762 871834.9925767926)
,LESIONES ART. 111 C.P.,,Nivel 2,,CALI,Junín,09,-76.52645,3.43402,SIN INFORMACION,2024.0,febrero   ,10.0,7.0,06:00,,DENUNCIA,Lesiones Personales,LESIONES PERSONALES,Lesiones_fiscalia.csv,,,,,,,,,,,,,,,,,,,,,,,LESIONES PERSONALES,2/10/2024,Nivel 2,2,2,POINT (727788.3875014762 871834.9925767926)
,LESIONES ART. 111 C.P.,,Nivel 2,,CALI,Junín,09,-76.52645,3.43402,SIN INFORMACION,2024.0,febrero   ,13.0,3.0,22:27,,DENUNCIA,Lesiones Personales,LESIONES PERSONALES,Lesiones_fiscalia.csv,,,,,,,,,,,,,,,,,,,,,,,LESIONES PERSONALES,2/13/2024,Nivel 2,2,2,POINT (727788.3875014762 871834.9925767926)
,LESIONES ART. 111 C.P.,,Nivel 2,,CALI,Junín,09,-76.52645,3.43402,SIN INFORMACION,2024.0,febrero   ,16.0,6.0,20:31,,DENUNCIA,Lesiones Personales,LESIONES PERSONALES,Lesiones_fiscalia.csv,,,,,,,,,,,,,,,,,,,,,,,LESIONES PERSONALES,2/16/2024,Nivel 2,2,2,POINT (727788.3875014762 871834.9925767926)
,LESIONES ART. 111 C.P.,,Nivel 2,,CALI,Junín,09,-76.52645,3.43402,SIN INFORMACION,2024.0,febrero   ,17.0,7.0,15:55,,DENUNCIA,Lesiones Personales,LESIONES PERSONALES,Lesiones_fiscalia.csv,,,,,,,,,,,,,,,,,,,,,,,LESIONES PERSONALES,2/17/2024,Nivel 2,2,2,POINT (727788.3875014762 871834.9925767926)
,LESIONES ART. 111 C.P.,,Nivel 2,,CALI,Junín,09,-76.52645,3.43402,SIN INFORMACION,2024.0,febrero   ,23.0,6.0,12:00,,DENUNCIA,Lesiones Personales,LESIONES PERSONALES,Lesiones_fiscalia.csv,,,,,,,,,,,,,,,,,,,,,,,LESIONES PERSONALES,2/23/2024,Nivel 2,2,2,POINT (727788.3875014762 871834.9925767926)
,LESIONES ART. 111 C.P.,,Nivel 2,,CALI,Junín,09,-76.52645,3.43402,SIN INFORMACION,2024.0,febrero   ,25.0,1.0,22:37,,DENUNCIA,Lesiones Personales,LESIONES PERSONALES,Lesiones_fiscalia.csv,,,,,,,,,,,,,,,,,,,,,,,LESIONES PERSONALES,2/25/2024,Nivel 2,2,2,POINT (727788.3875014762 871834.9925767926)
,LESIONES ART. 111 C.P.,,Nivel 2,,CALI,Junín,09,-76.52645,3.43402,SIN INFORMACION,2024.0,febrero   ,25.0,1.0,13:24,,DENUNCIA,Lesiones Personales,LESIONES PERSONALES,Lesiones_fiscalia.csv,,,,,,,,,,,,,,,,,,,,,,,LESIONES PERSONALES,2/25/2024,Nivel 2,2,2,POINT (727788.3875014762 871834.9925767926)
,LESIONES ART. 111 C.P.,,Nivel 2,,CALI,Junín,09,-76.52645,3.43402,SIN INFORMACION,2024.0,febrero   ,25.0,1.0,20:02,,DENUNCIA,Lesiones Personales,LESIONES PERSONALES,Lesiones_fiscalia.csv,,,,,,,,,,,,,,,,,,,,,,,LESIONES PERSONALES,2/25/2024,Nivel 2,2,2,POINT (727788.3875014762 871834.9925767926)
,LESIONES ART. 111 C.P.,,Nivel 2,,CALI,Junín,09,-76.52645,3.43402,SIN INFORMACION,2024.0,marzo     ,8.0,6.0,08:40,,DENUNCIA,Lesiones Personales,LESIONES PERSONALES,Lesiones_fiscalia.csv,,,,,,,,,,,,,,,,,,,,,,,LESIONES PERSONALES,3/8/2024,Nivel 2,2,2,POINT (727788.3875014762 871834.9925767926)
,LESIONES ART. 111 C.P.,,Nivel 2,,CALI,Junín,09,-76.52645,3.43402,SIN INFORMACION,2024.0,marzo     ,9.0,7.0,21:00,,DENUNCIA,Lesiones Personales,LESIONES PERSONALES,Lesiones_fiscalia.csv,,,,,,,,,,,,,,,,,,,,,,,LESIONES PERSONALES,3/9/2024,Nivel 2,2,2,POINT (727788.3875014762 871834.9925767926)
,LESIONES ART. 111 C.P.,,Nivel 2,,CALI,Junín,09,-76.527346,3.433997,SIN INFORMACION,2024.0,septiembre,7.0,7.0,08:00,,DENUNCIA,Lesiones Personales,LESIONES PERSONALES,Lesiones_fiscalia.csv,,,,,,,,,,,,,,,,,,,,,,,LESIONES PERSONALES,9/7/2024,Nivel 2,2,2,POINT (727688.725606797 871832.7022956323)
,LESIONES ART. 111 C.P.,,Nivel 2,,CALI,Junín,09,-76.527316,3.4343,SIN INFORMACION,2024.0,noviembre ,18.0,2.0,08:50,,DENUNCIA,Lesiones Personales,LESIONES PERSONALES,Lesiones_fiscalia.csv,,,,,,,,,,,,,,,,,,,,,,,LESIONES PERSONALES,11/18/2024,Nivel 2,2,2,POINT (727692.1482292307 871866.229592712)
,LESIONES ART. 111 C.P.,,Nivel 2,,CALI,Junín,09,-76.527346,3.433997,SIN INFORMACION,2025.0,enero     ,30.0,5.0,08:04,,DENUNCIA,Lesiones Personales,LESIONES PERSONALES,Lesiones_fiscalia.csv,,,,,,,,,,,,,,,,,,,,,,,LESIONES PERSONALES,1/30/2025,Nivel 2,2,2,POINT (727688.725606797 871832.7022956323)
,LESIONES ART. 111 C.P.,,Nivel 2,,CALI,Junín,09,-76.527346,3.433997,SIN INFORMACION,2025.0,mayo      ,15.0,5.0,20:30,,DENUNCIA,Lesiones Personales,LESIONES PERSONALES,Lesiones_fiscalia.csv,,,,,,,,,,,,,,,,,,,,,,,LESIONES PERSONALES,5/15/2025,Nivel 2,2,2,POINT (727688.725606797 871832.7022956323)
,LESIONES ART. 111 C.P.,,Nivel 2,,CALI,Junín,09,-76.527346,3.433997,SIN INFORMACION,2025.0,junio     ,19.0,5.0,10:19,,DENUNCIA,Lesiones Personales,LESIONES PERSONALES,Lesiones_fiscalia.csv,,,,,,,,,,,,,,,,,,,,,,,LESIONES PERSONALES,6/19/2025,Nivel 2,2,2,POINT (727688.725606797 871832.7022956323)
,LESIONES ART. 111 C.P.,,Nivel 2,,CALI,Junín,09,-76.527346,3.433997,SIN INFORMACION,2025.0,agosto    ,1.0,6.0,19:26,,DENUNCIA,Lesiones Personales,LESIONES PERSONALES,Lesiones_fiscalia.csv,,,,,,,,,,,,,,,,,,,,,,,LESIONES PERSONALES,8/1/2025,Nivel 2,2,2,POINT (727688.725606797 871832.7022956323)
,LESIONES ART. 111 C.P.,,Nivel 2,,CALI,Junín,09,-76.527742,3.433732,SIN INFORMACION,2025.0,agosto    ,1.0,6.0,15:30,,DENUNCIA,Lesiones Personales,LESIONES PERSONALES,Lesiones_fiscalia.csv,,,,,,,,,,,,,,,,,,,,,,,LESIONES PERSONALES,8/1/2025,Nivel 2,2,2,POINT (727644.6062955644 871803.4851365291)
,LESIONES ART. 111 C.P.,,Nivel 2,,CALI,Junín,09,-76.527346,3.433997,SIN INFORMACION,2025.0,septiembre,17.0,4.0,21:10,,DENUNCIA,Lesiones Personales,LESIONES PERSONALES,Lesiones_fiscalia.csv,,,,,,,,,,,,,,,,,,,,,,,LESIONES PERSONALES,9/17/2025,Nivel 2,2,2,POINT (727688.725606797 871832.7022956323)
,VIOLENCIA INTRAFAMILIAR ART. 229 C.P.,,Nivel 3,,CALI,Junín,09,-76.52645,3.43402,SIN INFORMACION,2023.0,enero     ,1.0,1.0,14:00,,DENUNCIA,Violencia Intrafamiliar,VIOLENCIA INTRAFAMILIAR,Violencia_Intrafamiliar_fiscalia.csv,,,,,,,,,,,,,,,,,,,,,,,VIOLENCIA INTRAFAMILIAR,1/1/2023,Nivel 3,4,4,POINT (727788.3875014762 871834.9925767926)
,VIOLENCIA INTRAFAMILIAR ART. 229 C.P.,,Nivel 3,,CALI,Junín,09,-76.52645,3.43402,SIN INFORMACION,2023.0,enero     ,1.0,1.0,14:35,,DENUNCIA,Violencia Intrafamiliar,VIOLENCIA INTRAFAMILIAR,Violencia_Intrafamiliar_fiscalia.csv,,,,,,,,,,,,,,,,,,,,,,,VIOLENCIA INTRAFAMILIAR,1/1/2023,Nivel 3,4,4,POINT (727788.3875014762 871834.9925767926)
,VIOLENCIA INTRAFAMILIAR ART. 229 C.P.,,Nivel 3,,CALI,Junín,09,-76.52645,3.43402,SIN INFORMACION,2023.0,enero     ,1.0,1.0,14:00,,DENUNCIA,Violencia Intrafamiliar,VIOLENCIA INTRAFAMILIAR,Violencia_Intrafamiliar_fiscalia.csv,,,,,,,,,,,,,,,,,,,,,,,VIOLENCIA INTRAFAMILIAR,1/1/2023,Nivel 3,4,4,POINT (727788.3875014762 871834.9925767926)
,VIOLENCIA INTRAFAMILIAR ART. 229 C.P.,,Nivel 3,,CALI,Junín,09,-76.52645,3.43402,SIN INFORMACION,2023.0,febrero   ,1.0,4.0,21:22,,DENUNCIA,Violencia Intrafamiliar,VIOLENCIA INTRAFAMILIAR,Violencia_Intrafamiliar_fiscalia.csv,,,,,,,,,,,,,,,,,,,,,,,VIOLENCIA INTRAFAMILIAR,2/1/2023,Nivel 3,4,4,POINT (727788.3875014762 871834.9925767926)
,VIOLENCIA INTRAFAMILIAR ART. 229 C.P.,,Nivel 3,,CALI,Junín,09,-76.52645,3.43402,SIN INFORMACION,2023.0,febrero   ,2.0,5.0,06:00,,DENUNCIA,Violencia Intrafamiliar,VIOLENCIA INTRAFAMILIAR,Violencia_Intrafamiliar_fiscalia.csv,,,,,,,,,,,,,,,,,,,,,,,VIOLENCIA INTRAFAMILIAR,2/2/2023,Nivel 3,4,4,POINT (727788.3875014762 871834.9925767926)
,VIOLENCIA INTRAFAMILIAR ART. 229 C.P.,,Nivel 3,,CALI,Junín,09,-76.52645,3.43402,SIN INFORMACION,2023.0,febrero   ,19.0,1.0,11:27,,DENUNCIA,Violencia Intrafamiliar,VIOLENCIA INTRAFAMILIAR,Violencia_Intrafamiliar_fiscalia.csv,,,,,,,,,,,,,,,,,,,,,,,VIOLENCIA INTRAFAMILIAR,2/19/2023,Nivel 3,4,4,POINT (727788.3875014762 871834.9925767926)
,VIOLENCIA INTRAFAMILIAR ART. 229 C.P.,,Nivel 3,,CALI,Junín,09,-76.52645,3.43402,SIN INFORMACION,2023.0,marzo     ,13.0,2.0,10:00,,DENUNCIA,Violencia Intrafamiliar,VIOLENCIA INTRAFAMILIAR,Violencia_Intrafamiliar_fiscalia.csv,,,,,,,,,,,,,,,,,,,,,,,VIOLENCIA INTRAFAMILIAR,3/13/2023,Nivel 3,4,4,POINT (727788.3875014762 871834.9925767926)
,VIOLENCIA INTRAFAMILIAR ART. 229 C.P.,,Nivel 3,,CALI,Junín,09,-76.52645,3.43402,SIN INFORMACION,2023.0,marzo     ,18.0,7.0,07:00,,DENUNCIA,Violencia Intrafamiliar,VIOLENCIA INTRAFAMILIAR,Violencia_Intrafamiliar_fiscalia.csv,,,,,,,,,,,,,,,,,,,,,,,VIOLENCIA INTRAFAMILIAR,3/18/2023,Nivel 3,4,4,POINT (727788.3875014762 871834.9925767926)
,VIOLENCIA INTRAFAMILIAR ART. 229 C.P.,,Nivel 3,,CALI,Junín,09,-76.52645,3.43402,SIN INFORMACION,2023.0,marzo     ,31.0,6.0,06:00,,DENUNCIA,Violencia Intrafamiliar,VIOLENCIA INTRAFAMILIAR,Violencia_Intrafamiliar_fiscalia.csv,,,,,,,,,,,,,,,,,,,,,,,VIOLENCIA INTRAFAMILIAR,3/31/2023,Nivel 3,4,4,POINT (727788.3875014762 871834.9925767926)
,VIOLENCIA INTRAFAMILIAR ART. 229 C.P.,,Nivel 3,,CALI,Junín,09,-76.52645,3.43402,SIN INFORMACION,2023.0,abril     ,8.0,7.0,16:30,,DENUNCIA,Violencia Intrafamiliar,VIOLENCIA INTRAFAMILIAR,Violencia_Intrafamiliar_fiscalia.csv,,,,,,,,,,,,,,,,,,,,,,,VIOLENCIA INTRAFAMILIAR,4/8/2023,Nivel 3,4,4,POINT (727788.3875014762 871834.9925767926)
,VIOLENCIA INTRAFAMILIAR ART. 229 C.P.,,Nivel 3,,CALI,Junín,09,-76.52645,3.43402,SIN INFORMACION,2023.0,abril     ,10.0,2.0,14:00,,DENUNCIA,Violencia Intrafamiliar,VIOLENCIA INTRAFAMILIAR,Violencia_Intrafamiliar_fiscalia.csv,,,,,,,,,,,,,,,,,,,,,,,VIOLENCIA INTRAFAMILIAR,4/10/2023,Nivel 3,4,4,POINT (727788.3875014762 871834.9925767926)
,VIOLENCIA INTRAFAMILIAR ART. 229 C.P.,,Nivel 3,,CALI,Junín,09,-76.52645,3.43402,SIN INFORMACION,2023.0,abril     ,25.0,3.0,15:30,,DENUNCIA,Violencia Intrafamiliar,VIOLENCIA INTRAFAMILIAR,Violencia_Intrafamiliar_fiscalia.csv,,,,,,,,,,,,,,,,,,,,,,,VIOLENCIA INTRAFAMILIAR,4/25/2023,Nivel 3,4,4,POINT (727788.3875014762 871834.9925767926)
,VIOLENCIA INTRAFAMILIAR ART. 229 C.P.,,Nivel 3,,CALI,Junín,09,-76.52645,3.43402,SIN INFORMACION,2023.0,mayo      ,2.0,3.0,23:50,,DENUNCIA,Violencia Intrafamiliar,VIOLENCIA INTRAFAMILIAR,Violencia_Intrafamiliar_fiscalia.csv,,,,,,,,,,,,,,,,,,,,,,,VIOLENCIA INTRAFAMILIAR,5/2/2023,Nivel 3,4,4,POINT (727788.3875014762 871834.9925767926)
,VIOLENCIA INTRAFAMILIAR ART. 229 C.P.,,Nivel 3,,CALI,Junín,09,-76.52645,3.43402,SIN INFORMACION,2023.0,mayo      ,4.0,5.0,10:21,,DENUNCIA,Violencia Intrafamiliar,VIOLENCIA INTRAFAMILIAR,Violencia_Intrafamiliar_fiscalia.csv,,,,,,,,,,,,,,,,,,,,,,,VIOLENCIA INTRAFAMILIAR,5/4/2023,Nivel 3,4,4,POINT (727788.3875014762 871834.9925767926)
,VIOLENCIA INTRAFAMILIAR ART. 229 C.P.,,Nivel 3,,CALI,Junín,09,-76.52645,3.43402,SIN INFORMACION,2023.0,mayo      ,10.0,4.0,14:02,,DENUNCIA,Violencia Intrafamiliar,VIOLENCIA INTRAFAMILIAR,Violencia_Intrafamiliar_fiscalia.csv,,,,,,,,,,,,,,,,,,,,,,,VIOLENCIA INTRAFAMILIAR,5/10/2023,Nivel 3,4,4,POINT (727788.3875014762 871834.9925767926)
,VIOLENCIA INTRAFAMILIAR ART. 229 C.P.,,Nivel 3,,CALI,Junín,09,-76.52645,3.43402,SIN INFORMACION,2023.0,mayo      ,18.0,5.0,01:45,,DENUNCIA,Violencia Intrafamiliar,VIOLENCIA INTRAFAMILIAR,Violencia_Intrafamiliar_fiscalia.csv,,,,,,,,,,,,,,,,,,,,,,,VIOLENCIA INTRAFAMILIAR,5/18/2023,Nivel 3,4,4,POINT (727788.3875014762 871834.9925767926)
,VIOLENCIA INTRAFAMILIAR ART. 229 C.P.,,Nivel 3,,CALI,Junín,09,-76.52645,3.43402,SIN INFORMACION,2023.0,mayo      ,22.0,2.0,05:00,,DENUNCIA,Violencia Intrafamiliar,VIOLENCIA INTRAFAMILIAR,Violencia_Intrafamiliar_fiscalia.csv,,,,,,,,,,,,,,,,,,,,,,,VIOLENCIA INTRAFAMILIAR,5/22/2023,Nivel 3,4,4,POINT (727788.3875014762 871834.9925767926)
,VIOLENCIA INTRAFAMILIAR ART. 229 C.P.,,Nivel 3,,CALI,Junín,09,-76.52645,3.43402,SIN INFORMACION,2023.0,mayo      ,23.0,3.0,03:00,,DENUNCIA,Violencia Intrafamiliar,VIOLENCIA INTRAFAMILIAR,Violencia_Intrafamiliar_fiscalia.csv,,,,,,,,,,,,,,,,,,,,,,,VIOLENCIA INTRAFAMILIAR,5/23/2023,Nivel 3,4,4,POINT (727788.3875014762 871834.9925767926)
,VIOLENCIA INTRAFAMILIAR ART. 229 C.P.,,Nivel 3,,CALI,Junín,09,-76.52645,3.43402,SIN INFORMACION,2023.0,mayo      ,24.0,4.0,21:30,,DENUNCIA,Violencia Intrafamiliar,VIOLENCIA INTRAFAMILIAR,Violencia_Intrafamiliar_fiscalia.csv,,,,,,,,,,,,,,,,,,,,,,,VIOLENCIA INTRAFAMILIAR,5/24/2023,Nivel 3,4,4,POINT (727788.3875014762 871834.9925767926)
,VIOLENCIA INTRAFAMILIAR ART. 229 C.P.,,Nivel 3,,CALI,Junín,09,-76.52645,3.43402,SIN INFORMACION,2023.0,mayo      ,26.0,6.0,04:30,,DENUNCIA,Violencia Intrafamiliar,VIOLENCIA INTRAFAMILIAR,Violencia_Intrafamiliar_fiscalia.csv,,,,,,,,,,,,,,,,,,,,,,,VIOLENCIA INTRAFAMILIAR,5/26/2023,Nivel 3,4,4,POINT (727788.3875014762 871834.9925767926)
,VIOLENCIA INTRAFAMILIAR ART. 229 C.P.,,Nivel 3,,CALI,Junín,09,-76.52645,3.43402,SIN INFORMACION,2023.0,mayo      ,31.0,4.0,22:00,,DENUNCIA,Violencia Intrafamiliar,VIOLENCIA INTRAFAMILIAR,Violencia_Intrafamiliar_fiscalia.csv,,,,,,,,,,,,,,,,,,,,,,,VIOLENCIA INTRAFAMILIAR,5/31/2023,Nivel 3,4,4,POINT (727788.3875014762 871834.9925767926)
,VIOLENCIA INTRAFAMILIAR ART. 229 C.P.,,Nivel 3,,CALI,Junín,09,-76.52645,3.43402,SIN INFORMACION,2023.0,junio     ,9.0,6.0,15:00,,DENUNCIA,Violencia Intrafamiliar,VIOLENCIA INTRAFAMILIAR,Violencia_Intrafamiliar_fiscalia.csv,,,,,,,,,,,,,,,,,,,,,,,VIOLENCIA INTRAFAMILIAR,6/9/2023,Nivel 3,4,4,POINT (727788.3875014762 871834.9925767926)
,VIOLENCIA INTRAFAMILIAR ART. 229 C.P.,,Nivel 3,,CALI,Junín,09,-76.52645,3.43402,SIN INFORMACION,2023.0,junio     ,11.0,1.0,13:00,,DENUNCIA,Violencia Intrafamiliar,VIOLENCIA INTRAFAMILIAR,Violencia_Intrafamiliar_fiscalia.csv,,,,,,,,,,,,,,,,,,,,,,,VIOLENCIA INTRAFAMILIAR,6/11/2023,Nivel 3,4,4,POINT (727788.3875014762 871834.9925767926)
,VIOLENCIA INTRAFAMILIAR ART. 229 C.P.,,Nivel 3,,CALI,Junín,09,-76.52645,3.43402,SIN INFORMACION,2023.0,junio     ,12.0,2.0,06:00,,DENUNCIA,Violencia Intrafamiliar,VIOLENCIA INTRAFAMILIAR,Violencia_Intrafamiliar_fiscalia.csv,,,,,,,,,,,,,,,,,,,,,,,VIOLENCIA INTRAFAMILIAR,6/12/2023,Nivel 3,4,4,POINT (727788.3875014762 871834.9925767926)
,VIOLENCIA INTRAFAMILIAR ART. 229 C.P.,,Nivel 3,,CALI,Junín,09,-76.52645,3.43402,SIN INFORMACION,2023.0,junio     ,12.0,2.0,08:12,,DENUNCIA,Violencia Intrafamiliar,VIOLENCIA INTRAFAMILIAR,Violencia_Intrafamiliar_fiscalia.csv,,,,,,,,,,,,,,,,,,,,,,,VIOLENCIA INTRAFAMILIAR,6/12/2023,Nivel 3,4,4,POINT (727788.3875014762 871834.9925767926)
,VIOLENCIA INTRAFAMILIAR ART. 229 C.P.,,Nivel 3,,CALI,Junín,09,-76.52645,3.43402,SIN INFORMACION,2023.0,junio     ,13.0,3.0,16:24,,DENUNCIA,Violencia Intrafamiliar,VIOLENCIA INTRAFAMILIAR,Violencia_Intrafamiliar_fiscalia.csv,,,,,,,,,,,,,,,,,,,,,,,VIOLENCIA INTRAFAMILIAR,6/13/2023,Nivel 3,4,4,POINT (727788.3875014762 871834.9925767926)
,VIOLENCIA INTRAFAMILIAR ART. 229 C.P.,,Nivel 3,,CALI,Junín,09,-76.52645,3.43402,SIN INFORMACION,2023.0,junio     ,13.0,3.0,20:00,,DENUNCIA,Violencia Intrafamiliar,VIOLENCIA INTRAFAMILIAR,Violencia_Intrafamiliar_fiscalia.csv,,,,,,,,,,,,,,,,,,,,,,,VIOLENCIA INTRAFAMILIAR,6/13/2023,Nivel 3,4,4,POINT (727788.3875014762 871834.9925767926)
,VIOLENCIA INTRAFAMILIAR ART. 229 C.P.,,Nivel 3,,CALI,Junín,09,-76.52645,3.43402,SIN INFORMACION,2023.0,junio     ,15.0,5.0,01:00,,DENUNCIA,Violencia Intrafamiliar,VIOLENCIA INTRAFAMILIAR,Violencia_Intrafamiliar_fiscalia.csv,,,,,,,,,,,,,,,,,,,,,,,VIOLENCIA INTRAFAMILIAR,6/15/2023,Nivel 3,4,4,POINT (727788.3875014762 871834.9925767926)
,VIOLENCIA INTRAFAMILIAR ART. 229 C.P.,,Nivel 3,,CALI,Junín,09,-76.52645,3.43402,SIN INFORMACION,2023.0,junio     ,17.0,7.0,00:00,,DENUNCIA,Violencia Intrafamiliar,VIOLENCIA INTRAFAMILIAR,Violencia_Intrafamiliar_fiscalia.csv,,,,,,,,,,,,,,,,,,,,,,,VIOLENCIA INTRAFAMILIAR,6/17/2023,Nivel 3,4,4,POINT (727788.3875014762 871834.9925767926)
,VIOLENCIA INTRAFAMILIAR ART. 229 C.P.,,Nivel 3,,CALI,Junín,09,-76.52645,3.43402,SIN INFORMACION,2023.0,junio     ,18.0,1.0,11:00,,DENUNCIA,Violencia Intrafamiliar,VIOLENCIA INTRAFAMILIAR,Violencia_Intrafamiliar_fiscalia.csv,,,,,,,,,,,,,,,,,,,,,,,VIOLENCIA INTRAFAMILIAR,6/18/2023,Nivel 3,4,4,POINT (727788.3875014762 871834.9925767926)
,VIOLENCIA INTRAFAMILIAR ART. 229 C.P.,,Nivel 3,,CALI,Junín,09,-76.52645,3.43402,SIN INFORMACION,2023.0,junio     ,20.0,3.0,20:55,,DENUNCIA,Violencia Intrafamiliar,VIOLENCIA INTRAFAMILIAR,Violencia_Intrafamiliar_fiscalia.csv,,,,,,,,,,,,,,,,,,,,,,,VIOLENCIA INTRAFAMILIAR,6/20/2023,Nivel 3,4,4,POINT (727788.3875014762 871834.9925767926)
,VIOLENCIA INTRAFAMILIAR ART. 229 C.P.,,Nivel 3,,CALI,Junín,09,-76.52645,3.43402,SIN INFORMACION,2023.0,junio     ,22.0,5.0,04:30,,DENUNCIA,Violencia Intrafamiliar,VIOLENCIA INTRAFAMILIAR,Violencia_Intrafamiliar_fiscalia.csv,,,,,,,,,,,,,,,,,,,,,,,VIOLENCIA INTRAFAMILIAR,6/22/2023,Nivel 3,4,4,POINT (727788.3875014762 871834.9925767926)
,VIOLENCIA INTRAFAMILIAR ART. 229 C.P.,,Nivel 3,,CALI,Junín,09,-76.52645,3.43402,SIN INFORMACION,2023.0,junio     ,22.0,5.0,00:30,,DENUNCIA,Violencia Intrafamiliar,VIOLENCIA INTRAFAMILIAR,Violencia_Intrafamiliar_fiscalia.csv,,,,,,,,,,,,,,,,,,,,,,,VIOLENCIA INTRAFAMILIAR,6/22/2023,Nivel 3,4,4,POINT (727788.3875014762 871834.9925767926)
,VIOLENCIA INTRAFAMILIAR ART. 229 C.P.,,Nivel 3,,CALI,Junín,09,-76.52645,3.43402,SIN INFORMACION,2023.0,junio     ,23.0,6.0,02:00,,DENUNCIA,Violencia Intrafamiliar,VIOLENCIA INTRAFAMILIAR,Violencia_Intrafamiliar_fiscalia.csv,,,,,,,,,,,,,,,,,,,,,,,VIOLENCIA INTRAFAMILIAR,6/23/2023,Nivel 3,4,4,POINT (727788.3875014762 871834.9925767926)
,VIOLENCIA INTRAFAMILIAR ART. 229 C.P.,,Nivel 3,,CALI,Junín,09,-76.52645,3.43402,SIN INFORMACION,2023.0,junio     ,24.0,7.0,21:40,,DENUNCIA,Violencia Intrafamiliar,VIOLENCIA INTRAFAMILIAR,Violencia_Intrafamiliar_fiscalia.csv,,,,,,,,,,,,,,,,,,,,,,,VIOLENCIA INTRAFAMILIAR,6/24/2023,Nivel 3,4,4,POINT (727788.3875014762 871834.9925767926)
,VIOLENCIA INTRAFAMILIAR ART. 229 C.P.,,Nivel 3,,CALI,Junín,09,-76.52645,3.43402,SIN INFORMACION,2023.0,junio     ,24.0,7.0,09:00,,DENUNCIA,Violencia Intrafamiliar,VIOLENCIA INTRAFAMILIAR,Violencia_Intrafamiliar_fiscalia.csv,,,,,,,,,,,,,,,,,,,,,,,VIOLENCIA INTRAFAMILIAR,6/24/2023,Nivel 3,4,4,POINT (727788.3875014762 871834.9925767926)
,VIOLENCIA INTRAFAMILIAR ART. 229 C.P.,,Nivel 3,,CALI,Junín,09,-76.52645,3.43402,SIN INFORMACION,2023.0,junio     ,28.0,4.0,12:47,,DENUNCIA,Violencia Intrafamiliar,VIOLENCIA INTRAFAMILIAR,Violencia_Intrafamiliar_fiscalia.csv,,,,,,,,,,,,,,,,,,,,,,,VIOLENCIA INTRAFAMILIAR,6/28/2023,Nivel 3,4,4,POINT (727788.3875014762 871834.9925767926)
,VIOLENCIA INTRAFAMILIAR ART. 229 C.P.,,Nivel 3,,CALI,Junín,09,-76.52645,3.43402,SIN INFORMACION,2023.0,junio     ,29.0,5.0,16:30,,DENUNCIA,Violencia Intrafamiliar,VIOLENCIA INTRAFAMILIAR,Violencia_Intrafamiliar_fiscalia.csv,,,,,,,,,,,,,,,,,,,,,,,VIOLENCIA INTRAFAMILIAR,6/29/2023,Nivel 3,4,4,POINT (727788.3875014762 871834.9925767926)
,VIOLENCIA INTRAFAMILIAR ART. 229 C.P.,,Nivel 3,,CALI,Junín,09,-76.52645,3.43402,SIN INFORMACION,2023.0,julio     ,2.0,1.0,06:00,,DENUNCIA,Violencia Intrafamiliar,VIOLENCIA INTRAFAMILIAR,Violencia_Intrafamiliar_fiscalia.csv,,,,,,,,,,,,,,,,,,,,,,,VIOLENCIA INTRAFAMILIAR,7/2/2023,Nivel 3,4,4,POINT (727788.3875014762 871834.9925767926)
,VIOLENCIA INTRAFAMILIAR ART. 229 C.P.,,Nivel 3,,CALI,Junín,09,-76.52645,3.43402,SIN INFORMACION,2023.0,julio     ,4.0,3.0,12:00,,DENUNCIA,Violencia Intrafamiliar,VIOLENCIA INTRAFAMILIAR,Violencia_Intrafamiliar_fiscalia.csv,,,,,,,,,,,,,,,,,,,,,,,VIOLENCIA INTRAFAMILIAR,7/4/2023,Nivel 3,4,4,POINT (727788.3875014762 871834.9925767926)
,VIOLENCIA INTRAFAMILIAR ART. 229 C.P.,,Nivel 3,,CALI,Junín,09,-76.52645,3.43402,SIN INFORMACION,2023.0,julio     ,4.0,3.0,01:00,,DENUNCIA,Violencia Intrafamiliar,VIOLENCIA INTRAFAMILIAR,Violencia_Intrafamiliar_fiscalia.csv,,,,,,,,,,,,,,,,,,,,,,,VIOLENCIA INTRAFAMILIAR,7/4/2023,Nivel 3,4,4,POINT (727788.3875014762 871834.9925767926)
,VIOLENCIA INTRAFAMILIAR ART. 229 C.P.,,Nivel 3,,CALI,Junín,09,-76.52645,3.43402,SIN INFORMACION,2023.0,julio     ,4.0,3.0,01:30,,DENUNCIA,Violencia Intrafamiliar,VIOLENCIA INTRAFAMILIAR,Violencia_Intrafamiliar_fiscalia.csv,,,,,,,,,,,,,,,,,,,,,,,VIOLENCIA INTRAFAMILIAR,7/4/2023,Nivel 3,4,4,POINT (727788.3875014762 871834.9925767926)
,VIOLENCIA INTRAFAMILIAR ART. 229 C.P.,,Nivel 3,,CALI,Junín,09,-76.52645,3.43402,SIN INFORMACION,2023.0,julio     ,5.0,4.0,20:30,,DENUNCIA,Violencia Intrafamiliar,VIOLENCIA INTRAFAMILIAR,Violencia_Intrafamiliar_fiscalia.csv,,,,,,,,,,,,,,,,,,,,,,,VIOLENCIA INTRAFAMILIAR,7/5/2023,Nivel 3,4,4,POINT (727788.3875014762 871834.9925767926)
,VIOLENCIA INTRAFAMILIAR ART. 229 C.P.,,Nivel 3,,CALI,Junín,09,-76.52645,3.43402,SIN INFORMACION,2023.0,julio     ,6.0,5.0,03:00,,DENUNCIA,Violencia Intrafamiliar,VIOLENCIA INTRAFAMILIAR,Violencia_Intrafamiliar_fiscalia.csv,,,,,,,,,,,,,,,,,,,,,,,VIOLENCIA INTRAFAMILIAR,7/6/2023,Nivel 3,4,4,POINT (727788.3875014762 871834.9925767926)
,VIOLENCIA INTRAFAMILIAR ART. 229 C.P.,,Nivel 3,,CALI,Junín,09,-76.52645,3.43402,SIN INFORMACION,2023.0,julio     ,6.0,5.0,03:00,,DENUNCIA,Violencia Intrafamiliar,VIOLENCIA INTRAFAMILIAR,Violencia_Intrafamiliar_fiscalia.csv,,,,,,,,,,,,,,,,,,,,,,,VIOLENCIA INTRAFAMILIAR,7/6/2023,Nivel 3,4,4,POINT (727788.3875014762 871834.9925767926)
,VIOLENCIA INTRAFAMILIAR ART. 229 C.P.,,Nivel 3,,CALI,Junín,09,-76.52645,3.43402,SIN INFORMACION,2023.0,julio     ,6.0,5.0,04:00,,DENUNCIA,Violencia Intrafamiliar,VIOLENCIA INTRAFAMILIAR,Violencia_Intrafamiliar_fiscalia.csv,,,,,,,,,,,,,,,,,,,,,,,VIOLENCIA INTRAFAMILIAR,7/6/2023,Nivel 3,4,4,POINT (727788.3875014762 871834.9925767926)
,VIOLENCIA INTRAFAMILIAR ART. 229 C.P.,,Nivel 3,,CALI,Junín,09,-76.52645,3.43402,SIN INFORMACION,2023.0,julio     ,7.0,6.0,12:25,,DENUNCIA,Violencia Intrafamiliar,VIOLENCIA INTRAFAMILIAR,Violencia_Intrafamiliar_fiscalia.csv,,,,,,,,,,,,,,,,,,,,,,,VIOLENCIA INTRAFAMILIAR,7/7/2023,Nivel 3,4,4,POINT (727788.3875014762 871834.9925767926)
,VIOLENCIA INTRAFAMILIAR ART. 229 C.P.,,Nivel 3,,CALI,Junín,09,-76.52645,3.43402,SIN INFORMACION,2023.0,julio     ,7.0,6.0,23:18,,DENUNCIA,Violencia Intrafamiliar,VIOLENCIA INTRAFAMILIAR,Violencia_Intrafamiliar_fiscalia.csv,,,,,,,,,,,,,,,,,,,,,,,VIOLENCIA INTRAFAMILIAR,7/7/2023,Nivel 3,4,4,POINT (727788.3875014762 871834.9925767926)
,VIOLENCIA INTRAFAMILIAR ART. 229 C.P.,,Nivel 3,,CALI,Junín,09,-76.52645,3.43402,SIN INFORMACION,2023.0,julio     ,11.0,3.0,03:00,,DENUNCIA,Violencia Intrafamiliar,VIOLENCIA INTRAFAMILIAR,Violencia_Intrafamiliar_fiscalia.csv,,,,,,,,,,,,,,,,,,,,,,,VIOLENCIA INTRAFAMILIAR,7/11/2023,Nivel 3,4,4,POINT (727788.3875014762 871834.9925767926)
,VIOLENCIA INTRAFAMILIAR ART. 229 C.P.,,Nivel 3,,CALI,Junín,09,-76.52645,3.43402,SIN INFORMACION,2023.0,julio     ,11.0,3.0,11:30,,DENUNCIA,Violencia Intrafamiliar,VIOLENCIA INTRAFAMILIAR,Violencia_Intrafamiliar_fiscalia.csv,,,,,,,,,,,,,,,,,,,,,,,VIOLENCIA INTRAFAMILIAR,7/11/2023,Nivel 3,4,4,POINT (727788.3875014762 871834.9925767926)
,VIOLENCIA INTRAFAMILIAR ART. 229 C.P.,,Nivel 3,,CALI,Junín,09,-76.52645,3.43402,SIN INFORMACION,2023.0,julio     ,16.0,1.0,20:00,,DENUNCIA,Violencia Intrafamiliar,VIOLENCIA INTRAFAMILIAR,Violencia_Intrafamiliar_fiscalia.csv,,,,,,,,,,,,,,,,,,,,,,,VIOLENCIA INTRAFAMILIAR,7/16/2023,Nivel 3,4,4,POINT (727788.3875014762 871834.9925767926)
,VIOLENCIA INTRAFAMILIAR ART. 229 C.P.,,Nivel 3,,CALI,Junín,09,-76.52645,3.43402,SIN INFORMACION,2023.0,julio     ,17.0,2.0,14:14,,DENUNCIA,Violencia Intrafamiliar,VIOLENCIA INTRAFAMILIAR,Violencia_Intrafamiliar_fiscalia.csv,,,,,,,,,,,,,,,,,,,,,,,VIOLENCIA INTRAFAMILIAR,7/17/2023,Nivel 3,4,4,POINT (727788.3875014762 871834.9925767926)
,VIOLENCIA INTRAFAMILIAR ART. 229 C.P.,,Nivel 3,,CALI,Junín,09,-76.52645,3.43402,SIN INFORMACION,2023.0,julio     ,18.0,3.0,19:30,,DENUNCIA,Violencia Intrafamiliar,VIOLENCIA INTRAFAMILIAR,Violencia_Intrafamiliar_fiscalia.csv,,,,,,,,,,,,,,,,,,,,,,,VIOLENCIA INTRAFAMILIAR,7/18/2023,Nivel 3,4,4,POINT (727788.3875014762 871834.9925767926)
,VIOLENCIA INTRAFAMILIAR ART. 229 C.P.,,Nivel 3,,CALI,Junín,09,-76.52645,3.43402,SIN INFORMACION,2023.0,julio     ,20.0,5.0,21:20,,DENUNCIA,Violencia Intrafamiliar,VIOLENCIA INTRAFAMILIAR,Violencia_Intrafamiliar_fiscalia.csv,,,,,,,,,,,,,,,,,,,,,,,VIOLENCIA INTRAFAMILIAR,7/20/2023,Nivel 3,4,4,POINT (727788.3875014762 871834.9925767926)
,VIOLENCIA INTRAFAMILIAR ART. 229 C.P.,,Nivel 3,,CALI,Junín,09,-76.527584,3.43445,SIN INFORMACION,2023.0,julio     ,22.0,7.0,16:15,,DENUNCIA,Violencia Intrafamiliar,VIOLENCIA INTRAFAMILIAR,Violencia_Intrafamiliar_fiscalia.csv,,,,,,,,,,,,,,,,,,,,,,,VIOLENCIA INTRAFAMILIAR,7/22/2023,Nivel 3,4,4,POINT (727662.3831473514 871882.9078998279)
,VIOLENCIA INTRAFAMILIAR ART. 229 C.P.,,Nivel 3,,CALI,Junín,09,-76.52645,3.43402,SIN INFORMACION,2023.0,julio     ,22.0,7.0,13:00,,DENUNCIA,Violencia Intrafamiliar,VIOLENCIA INTRAFAMILIAR,Violencia_Intrafamiliar_fiscalia.csv,,,,,,,,,,,,,,,,,,,,,,,VIOLENCIA INTRAFAMILIAR,7/22/2023,Nivel 3,4,4,POINT (727788.3875014762 871834.9925767926)
,VIOLENCIA INTRAFAMILIAR ART. 229 C.P.,,Nivel 3,,CALI,Junín,09,-76.52645,3.43402,SIN INFORMACION,2023.0,julio     ,23.0,1.0,07:00,,DENUNCIA,Violencia Intrafamiliar,VIOLENCIA INTRAFAMILIAR,Violencia_Intrafamiliar_fiscalia.csv,,,,,,,,,,,,,,,,,,,,,,,VIOLENCIA INTRAFAMILIAR,7/23/2023,Nivel 3,4,4,POINT (727788.3875014762 871834.9925767926)
,VIOLENCIA INTRAFAMILIAR ART. 229 C.P.,,Nivel 3,,CALI,Junín,09,-76.52744,3.433671,DOMICILIO,2023.0,julio     ,24.0,2.0,17:00,,DENUNCIA,Violencia Intrafamiliar,VIOLENCIA INTRAFAMILIAR,Violencia_Intrafamiliar_fiscalia.csv,,,,,,,,,,,,,,,,,,,,,,,VIOLENCIA INTRAFAMILIAR,7/24/2023,Nivel 3,4,4,POINT (727678.178220446 871796.647612653)
,VIOLENCIA INTRAFAMILIAR ART. 229 C.P.,,Nivel 3,,CALI,Junín,09,-76.52645,3.43402,SIN INFORMACION,2023.0,julio     ,26.0,4.0,14:01,,DENUNCIA,Violencia Intrafamiliar,VIOLENCIA INTRAFAMILIAR,Violencia_Intrafamiliar_fiscalia.csv,,,,,,,,,,,,,,,,,,,,,,,VIOLENCIA INTRAFAMILIAR,7/26/2023,Nivel 3,4,4,POINT (727788.3875014762 871834.9925767926)
,VIOLENCIA INTRAFAMILIAR ART. 229 C.P.,,Nivel 3,,CALI,Junín,09,-76.52645,3.43402,SIN INFORMACION,2023.0,julio     ,29.0,7.0,12:30,,DENUNCIA,Violencia Intrafamiliar,VIOLENCIA INTRAFAMILIAR,Violencia_Intrafamiliar_fiscalia.csv,,,,,,,,,,,,,,,,,,,,,,,VIOLENCIA INTRAFAMILIAR,7/29/2023,Nivel 3,4,4,POINT (727788.3875014762 871834.9925767926)
,VIOLENCIA INTRAFAMILIAR ART. 229 C.P.,,Nivel 3,,CALI,Junín,09,-76.52645,3.43402,SIN INFORMACION,2023.0,julio     ,30.0,1.0,01:00,,DENUNCIA,Violencia Intrafamiliar,VIOLENCIA INTRAFAMILIAR,Violencia_Intrafamiliar_fiscalia.csv,,,,,,,,,,,,,,,,,,,,,,,VIOLENCIA INTRAFAMILIAR,7/30/2023,Nivel 3,4,4,POINT (727788.3875014762 871834.9925767926)
,VIOLENCIA INTRAFAMILIAR ART. 229 C.P.,,Nivel 3,,CALI,Junín,09,-76.52645,3.43402,SIN INFORMACION,2023.0,julio     ,31.0,2.0,10:40,,DENUNCIA,Violencia Intrafamiliar,VIOLENCIA INTRAFAMILIAR,Violencia_Intrafamiliar_fiscalia.csv,,,,,,,,,,,,,,,,,,,,,,,VIOLENCIA INTRAFAMILIAR,7/31/2023,Nivel 3,4,4,POINT (727788.3875014762 871834.9925767926)
,VIOLENCIA INTRAFAMILIAR ART. 229 C.P.,,Nivel 3,,CALI,Junín,09,-76.52645,3.43402,SIN INFORMACION,2023.0,agosto    ,1.0,3.0,15:00,,DENUNCIA,Violencia Intrafamiliar,VIOLENCIA INTRAFAMILIAR,Violencia_Intrafamiliar_fiscalia.csv,,,,,,,,,,,,,,,,,,,,,,,VIOLENCIA INTRAFAMILIAR,8/1/2023,Nivel 3,4,4,POINT (727788.3875014762 871834.9925767926)
,VIOLENCIA INTRAFAMILIAR ART. 229 C.P.,,Nivel 3,,CALI,Junín,09,-76.52645,3.43402,SIN INFORMACION,2023.0,agosto    ,3.0,5.0,06:30,,DENUNCIA,Violencia Intrafamiliar,VIOLENCIA INTRAFAMILIAR,Violencia_Intrafamiliar_fiscalia.csv,,,,,,,,,,,,,,,,,,,,,,,VIOLENCIA INTRAFAMILIAR,8/3/2023,Nivel 3,4,4,POINT (727788.3875014762 871834.9925767926)
,VIOLENCIA INTRAFAMILIAR ART. 229 C.P.,,Nivel 3,,CALI,Junín,09,-76.52645,3.43402,SIN INFORMACION,2023.0,agosto    ,6.0,1.0,11:00,,DENUNCIA,Violencia Intrafamiliar,VIOLENCIA INTRAFAMILIAR,Violencia_Intrafamiliar_fiscalia.csv,,,,,,,,,,,,,,,,,,,,,,,VIOLENCIA INTRAFAMILIAR,8/6/2023,Nivel 3,4,4,POINT (727788.3875014762 871834.9925767926)
,VIOLENCIA INTRAFAMILIAR ART. 229 C.P.,,Nivel 3,,CALI,Junín,09,-76.52645,3.43402,SIN INFORMACION,2023.0,agosto    ,8.0,3.0,04:30,,DENUNCIA,Violencia Intrafamiliar,VIOLENCIA INTRAFAMILIAR,Violencia_Intrafamiliar_fiscalia.csv,,,,,,,,,,,,,,,,,,,,,,,VIOLENCIA INTRAFAMILIAR,8/8/2023,Nivel 3,4,4,POINT (727788.3875014762 871834.9925767926)
,VIOLENCIA INTRAFAMILIAR ART. 229 C.P.,,Nivel 3,,CALI,Junín,09,-76.52645,3.43402,SIN INFORMACION,2023.0,agosto    ,11.0,6.0,16:11,,DENUNCIA,Violencia Intrafamiliar,VIOLENCIA INTRAFAMILIAR,Violencia_Intrafamiliar_fiscalia.csv,,,,,,,,,,,,,,,,,,,,,,,VIOLENCIA INTRAFAMILIAR,8/11/2023,Nivel 3,4,4,POINT (727788.3875014762 871834.9925767926)
,VIOLENCIA INTRAFAMILIAR ART. 229 C.P.,,Nivel 3,,CALI,Junín,09,-76.52645,3.43402,SIN INFORMACION,2023.0,agosto    ,12.0,7.0,06:00,,DENUNCIA,Violencia Intrafamiliar,VIOLENCIA INTRAFAMILIAR,Violencia_Intrafamiliar_fiscalia.csv,,,,,,,,,,,,,,,,,,,,,,,VIOLENCIA INTRAFAMILIAR,8/12/2023,Nivel 3,4,4,POINT (727788.3875014762 871834.9925767926)
,VIOLENCIA INTRAFAMILIAR ART. 229 C.P.,,Nivel 3,,CALI,Junín,09,-76.52645,3.43402,SIN INFORMACION,2023.0,agosto    ,13.0,1.0,20:59,,DENUNCIA,Violencia Intrafamiliar,VIOLENCIA INTRAFAMILIAR,Violencia_Intrafamiliar_fiscalia.csv,,,,,,,,,,,,,,,,,,,,,,,VIOLENCIA INTRAFAMILIAR,8/13/2023,Nivel 3,4,4,POINT (727788.3875014762 871834.9925767926)
,VIOLENCIA INTRAFAMILIAR ART. 229 C.P.,,Nivel 3,,CALI,Junín,09,-76.52645,3.43402,SIN INFORMACION,2023.0,agosto    ,13.0,1.0,10:30,,DENUNCIA,Violencia Intrafamiliar,VIOLENCIA INTRAFAMILIAR,Violencia_Intrafamiliar_fiscalia.csv,,,,,,,,,,,,,,,,,,,,,,,VIOLENCIA INTRAFAMILIAR,8/13/2023,Nivel 3,4,4,POINT (727788.3875014762 871834.9925767926)
,VIOLENCIA INTRAFAMILIAR ART. 229 C.P.,,Nivel 3,,CALI,Junín,09,-76.52645,3.43402,SIN INFORMACION,2023.0,agosto    ,14.0,2.0,11:00,,DENUNCIA,Violencia Intrafamiliar,VIOLENCIA INTRAFAMILIAR,Violencia_Intrafamiliar_fiscalia.csv,,,,,,,,,,,,,,,,,,,,,,,VIOLENCIA INTRAFAMILIAR,8/14/2023,Nivel 3,4,4,POINT (727788.3875014762 871834.9925767926)
,VIOLENCIA INTRAFAMILIAR ART. 229 C.P.,,Nivel 3,,CALI,Junín,09,-76.52645,3.43402,SIN INFORMACION,2023.0,agosto    ,14.0,2.0,15:30,,DENUNCIA,Violencia Intrafamiliar,VIOLENCIA INTRAFAMILIAR,Violencia_Intrafamiliar_fiscalia.csv,,,,,,,,,,,,,,,,,,,,,,,VIOLENCIA INTRAFAMILIAR,8/14/2023,Nivel 3,4,4,POINT (727788.3875014762 871834.9925767926)
,VIOLENCIA INTRAFAMILIAR ART. 229 C.P.,,Nivel 3,,CALI,Junín,09,-76.52645,3.43402,SIN INFORMACION,2023.0,agosto    ,15.0,3.0,05:00,,DENUNCIA,Violencia Intrafamiliar,VIOLENCIA INTRAFAMILIAR,Violencia_Intrafamiliar_fiscalia.csv,,,,,,,,,,,,,,,,,,,,,,,VIOLENCIA INTRAFAMILIAR,8/15/2023,Nivel 3,4,4,POINT (727788.3875014762 871834.9925767926)
,VIOLENCIA INTRAFAMILIAR ART. 229 C.P.,,Nivel 3,,CALI,Junín,09,-76.52645,3.43402,SIN INFORMACION,2023.0,agosto    ,17.0,5.0,12:30,,DENUNCIA,Violencia Intrafamiliar,VIOLENCIA INTRAFAMILIAR,Violencia_Intrafamiliar_fiscalia.csv,,,,,,,,,,,,,,,,,,,,,,,VIOLENCIA INTRAFAMILIAR,8/17/2023,Nivel 3,4,4,POINT (727788.3875014762 871834.9925767926)
,VIOLENCIA INTRAFAMILIAR ART. 229 C.P.,,Nivel 3,,CALI,Junín,09,-76.52645,3.43402,SIN INFORMACION,2023.0,agosto    ,18.0,6.0,06:15,,DENUNCIA,Violencia Intrafamiliar,VIOLENCIA INTRAFAMILIAR,Violencia_Intrafamiliar_fiscalia.csv,,,,,,,,,,,,,,,,,,,,,,,VIOLENCIA INTRAFAMILIAR,8/18/2023,Nivel 3,4,4,POINT (727788.3875014762 871834.9925767926)
,VIOLENCIA INTRAFAMILIAR ART. 229 C.P.,,Nivel 3,,CALI,Junín,09,-76.52645,3.43402,SIN INFORMACION,2023.0,agosto    ,20.0,1.0,22:00,,DENUNCIA,Violencia Intrafamiliar,VIOLENCIA INTRAFAMILIAR,Violencia_Intrafamiliar_fiscalia.csv,,,,,,,,,,,,,,,,,,,,,,,VIOLENCIA INTRAFAMILIAR,8/20/2023,Nivel 3,4,4,POINT (727788.3875014762 871834.9925767926)
,VIOLENCIA INTRAFAMILIAR ART. 229 C.P.,,Nivel 3,,CALI,Junín,09,-76.52645,3.43402,SIN INFORMACION,2023.0,agosto    ,22.0,3.0,18:00,,DENUNCIA,Violencia Intrafamiliar,VIOLENCIA INTRAFAMILIAR,Violencia_Intrafamiliar_fiscalia.csv,,,,,,,,,,,,,,,,,,,,,,,VIOLENCIA INTRAFAMILIAR,8/22/2023,Nivel 3,4,4,POINT (727788.3875014762 871834.9925767926)
,VIOLENCIA INTRAFAMILIAR ART. 229 C.P.,,Nivel 3,,CALI,Junín,09,-76.52645,3.43402,SIN INFORMACION,2023.0,agosto    ,22.0,3.0,14:00,,DENUNCIA,Violencia Intrafamiliar,VIOLENCIA INTRAFAMILIAR,Violencia_Intrafamiliar_fiscalia.csv,,,,,,,,,,,,,,,,,,,,,,,VIOLENCIA INTRAFAMILIAR,8/22/2023,Nivel 3,4,4,POINT (727788.3875014762 871834.9925767926)
,VIOLENCIA INTRAFAMILIAR ART. 229 C.P.,,Nivel 3,,CALI,Junín,09,-76.52645,3.43402,SIN INFORMACION,2023.0,agosto    ,23.0,4.0,15:00,,DENUNCIA,Violencia Intrafamiliar,VIOLENCIA INTRAFAMILIAR,Violencia_Intrafamiliar_fiscalia.csv,,,,,,,,,,,,,,,,,,,,,,,VIOLENCIA INTRAFAMILIAR,8/23/2023,Nivel 3,4,4,POINT (727788.3875014762 871834.9925767926)
,VIOLENCIA INTRAFAMILIAR ART. 229 C.P.,,Nivel 3,,CALI,Junín,09,-76.52645,3.43402,SIN INFORMACION,2023.0,agosto    ,23.0,4.0,23:34,,DENUNCIA,Violencia Intrafamiliar,VIOLENCIA INTRAFAMILIAR,Violencia_Intrafamiliar_fiscalia.csv,,,,,,,,,,,,,,,,,,,,,,,VIOLENCIA INTRAFAMILIAR,8/23/2023,Nivel 3,4,4,POINT (727788.3875014762 871834.9925767926)
,VIOLENCIA INTRAFAMILIAR ART. 229 C.P.,,Nivel 3,,CALI,Junín,09,-76.52645,3.43402,SIN INFORMACION,2023.0,agosto    ,24.0,5.0,11:13,,DENUNCIA,Violencia Intrafamiliar,VIOLENCIA INTRAFAMILIAR,Violencia_Intrafamiliar_fiscalia.csv,,,,,,,,,,,,,,,,,,,,,,,VIOLENCIA INTRAFAMILIAR,8/24/2023,Nivel 3,4,4,POINT (727788.3875014762 871834.9925767926)
,VIOLENCIA INTRAFAMILIAR ART. 229 C.P.,,Nivel 3,,CALI,Junín,09,-76.52645,3.43402,SIN INFORMACION,2023.0,agosto    ,25.0,6.0,12:00,,DENUNCIA,Violencia Intrafamiliar,VIOLENCIA INTRAFAMILIAR,Violencia_Intrafamiliar_fiscalia.csv,,,,,,,,,,,,,,,,,,,,,,,VIOLENCIA INTRAFAMILIAR,8/25/2023,Nivel 3,4,4,POINT (727788.3875014762 871834.9925767926)
,VIOLENCIA INTRAFAMILIAR ART. 229 C.P.,,Nivel 3,,CALI,Junín,09,-76.52645,3.43402,SIN INFORMACION,2023.0,agosto    ,28.0,2.0,01:30,,DENUNCIA,Violencia Intrafamiliar,VIOLENCIA INTRAFAMILIAR,Violencia_Intrafamiliar_fiscalia.csv,,,,,,,,,,,,,,,,,,,,,,,VIOLENCIA INTRAFAMILIAR,8/28/2023,Nivel 3,4,4,POINT (727788.3875014762 871834.9925767926)
,VIOLENCIA INTRAFAMILIAR ART. 229 C.P.,,Nivel 3,,CALI,Junín,09,-76.52645,3.43402,SIN INFORMACION,2023.0,agosto    ,29.0,3.0,22:24,,DENUNCIA,Violencia Intrafamiliar,VIOLENCIA INTRAFAMILIAR,Violencia_Intrafamiliar_fiscalia.csv,,,,,,,,,,,,,,,,,,,,,,,VIOLENCIA INTRAFAMILIAR,8/29/2023,Nivel 3,4,4,POINT (727788.3875014762 871834.9925767926)
,VIOLENCIA INTRAFAMILIAR ART. 229 C.P.,,Nivel 3,,CALI,Junín,09,-76.52645,3.43402,SIN INFORMACION,2023.0,septiembre,1.0,6.0,10:59,,DENUNCIA,Violencia Intrafamiliar,VIOLENCIA INTRAFAMILIAR,Violencia_Intrafamiliar_fiscalia.csv,,,,,,,,,,,,,,,,,,,,,,,VIOLENCIA INTRAFAMILIAR,9/1/2023,Nivel 3,4,4,POINT (727788.3875014762 871834.9925767926)
,VIOLENCIA INTRAFAMILIAR ART. 229 C.P.,,Nivel 3,,CALI,Junín,09,-76.52645,3.43402,SIN INFORMACION,2023.0,septiembre,2.0,7.0,08:00,,DENUNCIA,Violencia Intrafamiliar,VIOLENCIA INTRAFAMILIAR,Violencia_Intrafamiliar_fiscalia.csv,,,,,,,,,,,,,,,,,,,,,,,VIOLENCIA INTRAFAMILIAR,9/2/2023,Nivel 3,4,4,POINT (727788.3875014762 871834.9925767926)
,VIOLENCIA INTRAFAMILIAR ART. 229 C.P.,,Nivel 3,,CALI,Junín,09,-76.52645,3.43402,SIN INFORMACION,2023.0,septiembre,4.0,2.0,22:21,,DENUNCIA,Violencia Intrafamiliar,VIOLENCIA INTRAFAMILIAR,Violencia_Intrafamiliar_fiscalia.csv,,,,,,,,,,,,,,,,,,,,,,,VIOLENCIA INTRAFAMILIAR,9/4/2023,Nivel 3,4,4,POINT (727788.3875014762 871834.9925767926)
,VIOLENCIA INTRAFAMILIAR ART. 229 C.P.,,Nivel 3,,CALI,Junín,09,-76.52645,3.43402,SIN INFORMACION,2023.0,septiembre,5.0,3.0,23:11,,DENUNCIA,Violencia Intrafamiliar,VIOLENCIA INTRAFAMILIAR,Violencia_Intrafamiliar_fiscalia.csv,,,,,,,,,,,,,,,,,,,,,,,VIOLENCIA INTRAFAMILIAR,9/5/2023,Nivel 3,4,4,POINT (727788.3875014762 871834.9925767926)
,VIOLENCIA INTRAFAMILIAR ART. 229 C.P.,,Nivel 3,,CALI,Junín,09,-76.52645,3.43402,SIN INFORMACION,2023.0,septiembre,5.0,3.0,22:46,,DENUNCIA,Violencia Intrafamiliar,VIOLENCIA INTRAFAMILIAR,Violencia_Intrafamiliar_fiscalia.csv,,,,,,,,,,,,,,,,,,,,,,,VIOLENCIA INTRAFAMILIAR,9/5/2023,Nivel 3,4,4,POINT (727788.3875014762 871834.9925767926)
,VIOLENCIA INTRAFAMILIAR ART. 229 C.P.,,Nivel 3,,CALI,Junín,09,-76.52645,3.43402,SIN INFORMACION,2023.0,septiembre,6.0,4.0,23:30,,DENUNCIA,Violencia Intrafamiliar,VIOLENCIA INTRAFAMILIAR,Violencia_Intrafamiliar_fiscalia.csv,,,,,,,,,,,,,,,,,,,,,,,VIOLENCIA INTRAFAMILIAR,9/6/2023,Nivel 3,4,4,POINT (727788.3875014762 871834.9925767926)
,VIOLENCIA INTRAFAMILIAR ART. 229 C.P.,,Nivel 3,,CALI,Junín,09,-76.52645,3.43402,SIN INFORMACION,2023.0,septiembre,6.0,4.0,01:48,,DENUNCIA,Violencia Intrafamiliar,VIOLENCIA INTRAFAMILIAR,Violencia_Intrafamiliar_fiscalia.csv,,,,,,,,,,,,,,,,,,,,,,,VIOLENCIA INTRAFAMILIAR,9/6/2023,Nivel 3,4,4,POINT (727788.3875014762 871834.9925767926)
,VIOLENCIA INTRAFAMILIAR ART. 229 C.P.,,Nivel 3,,CALI,Junín,09,-76.52645,3.43402,SIN INFORMACION,2023.0,septiembre,8.0,6.0,00:00,,DENUNCIA,Violencia Intrafamiliar,VIOLENCIA INTRAFAMILIAR,Violencia_Intrafamiliar_fiscalia.csv,,,,,,,,,,,,,,,,,,,,,,,VIOLENCIA INTRAFAMILIAR,9/8/2023,Nivel 3,4,4,POINT (727788.3875014762 871834.9925767926)
,VIOLENCIA INTRAFAMILIAR ART. 229 C.P.,,Nivel 3,,CALI,Junín,09,-76.52645,3.43402,SIN INFORMACION,2023.0,septiembre,9.0,7.0,08:00,,DENUNCIA,Violencia Intrafamiliar,VIOLENCIA INTRAFAMILIAR,Violencia_Intrafamiliar_fiscalia.csv,,,,,,,,,,,,,,,,,,,,,,,VIOLENCIA INTRAFAMILIAR,9/9/2023,Nivel 3,4,4,POINT (727788.3875014762 871834.9925767926)
,VIOLENCIA INTRAFAMILIAR ART. 229 C.P.,,Nivel 3,,CALI,Junín,09,-76.52645,3.43402,SIN INFORMACION,2023.0,septiembre,9.0,7.0,05:56,,DENUNCIA,Violencia Intrafamiliar,VIOLENCIA INTRAFAMILIAR,Violencia_Intrafamiliar_fiscalia.csv,,,,,,,,,,,,,,,,,,,,,,,VIOLENCIA INTRAFAMILIAR,9/9/2023,Nivel 3,4,4,POINT (727788.3875014762 871834.9925767926)
,VIOLENCIA INTRAFAMILIAR ART. 229 C.P.,,Nivel 3,,CALI,Junín,09,-76.52645,3.43402,SIN INFORMACION,2023.0,septiembre,10.0,1.0,22:00,,DENUNCIA,Violencia Intrafamiliar,VIOLENCIA INTRAFAMILIAR,Violencia_Intrafamiliar_fiscalia.csv,,,,,,,,,,,,,,,,,,,,,,,VIOLENCIA INTRAFAMILIAR,9/10/2023,Nivel 3,4,4,POINT (727788.3875014762 871834.9925767926)
,VIOLENCIA INTRAFAMILIAR ART. 229 C.P.,,Nivel 3,,CALI,Junín,09,-76.52645,3.43402,SIN INFORMACION,2023.0,septiembre,10.0,1.0,15:30,,DENUNCIA,Violencia Intrafamiliar,VIOLENCIA INTRAFAMILIAR,Violencia_Intrafamiliar_fiscalia.csv,,,,,,,,,,,,,,,,,,,,,,,VIOLENCIA INTRAFAMILIAR,9/10/2023,Nivel 3,4,4,POINT (727788.3875014762 871834.9925767926)
,VIOLENCIA INTRAFAMILIAR ART. 229 C.P.,,Nivel 3,,CALI,Junín,09,-76.52645,3.43402,SIN INFORMACION,2023.0,septiembre,10.0,1.0,07:00,,DENUNCIA,Violencia Intrafamiliar,VIOLENCIA INTRAFAMILIAR,Violencia_Intrafamiliar_fiscalia.csv,,,,,,,,,,,,,,,,,,,,,,,VIOLENCIA INTRAFAMILIAR,9/10/2023,Nivel 3,4,4,POINT (727788.3875014762 871834.9925767926)
,VIOLENCIA INTRAFAMILIAR ART. 229 C.P.,,Nivel 3,,CALI,Junín,09,-76.52645,3.43402,SIN INFORMACION,2023.0,septiembre,10.0,1.0,11:11,,DENUNCIA,Violencia Intrafamiliar,VIOLENCIA INTRAFAMILIAR,Violencia_Intrafamiliar_fiscalia.csv,,,,,,,,,,,,,,,,,,,,,,,VIOLENCIA INTRAFAMILIAR,9/10/2023,Nivel 3,4,4,POINT (727788.3875014762 871834.9925767926)
,VIOLENCIA INTRAFAMILIAR ART. 229 C.P.,,Nivel 3,,CALI,Junín,09,-76.52645,3.43402,SIN INFORMACION,2023.0,septiembre,11.0,2.0,17:30,,DENUNCIA,Violencia Intrafamiliar,VIOLENCIA INTRAFAMILIAR,Violencia_Intrafamiliar_fiscalia.csv,,,,,,,,,,,,,,,,,,,,,,,VIOLENCIA INTRAFAMILIAR,9/11/2023,Nivel 3,4,4,POINT (727788.3875014762 871834.9925767926)
,VIOLENCIA INTRAFAMILIAR ART. 229 C.P.,,Nivel 3,,CALI,Junín,09,-76.52645,3.43402,SIN INFORMACION,2023.0,septiembre,12.0,3.0,23:40,,DENUNCIA,Violencia Intrafamiliar,VIOLENCIA INTRAFAMILIAR,Violencia_Intrafamiliar_fiscalia.csv,,,,,,,,,,,,,,,,,,,,,,,VIOLENCIA INTRAFAMILIAR,9/12/2023,Nivel 3,4,4,POINT (727788.3875014762 871834.9925767926)
,VIOLENCIA INTRAFAMILIAR ART. 229 C.P.,,Nivel 3,,CALI,Junín,09,-76.52645,3.43402,SIN INFORMACION,2023.0,septiembre,15.0,6.0,14:00,,DENUNCIA,Violencia Intrafamiliar,VIOLENCIA INTRAFAMILIAR,Violencia_Intrafamiliar_fiscalia.csv,,,,,,,,,,,,,,,,,,,,,,,VIOLENCIA INTRAFAMILIAR,9/15/2023,Nivel 3,4,4,POINT (727788.3875014762 871834.9925767926)
,VIOLENCIA INTRAFAMILIAR ART. 229 C.P.,,Nivel 3,,CALI,Junín,09,-76.52645,3.43402,SIN INFORMACION,2023.0,septiembre,17.0,1.0,19:00,,DENUNCIA,Violencia Intrafamiliar,VIOLENCIA INTRAFAMILIAR,Violencia_Intrafamiliar_fiscalia.csv,,,,,,,,,,,,,,,,,,,,,,,VIOLENCIA INTRAFAMILIAR,9/17/2023,Nivel 3,4,4,POINT (727788.3875014762 871834.9925767926)
,VIOLENCIA INTRAFAMILIAR ART. 229 C.P.,,Nivel 3,,CALI,Junín,09,-76.52645,3.43402,SIN INFORMACION,2023.0,septiembre,18.0,2.0,23:36,,DENUNCIA,Violencia Intrafamiliar,VIOLENCIA INTRAFAMILIAR,Violencia_Intrafamiliar_fiscalia.csv,,,,,,,,,,,,,,,,,,,,,,,VIOLENCIA INTRAFAMILIAR,9/18/2023,Nivel 3,4,4,POINT (727788.3875014762 871834.9925767926)
,VIOLENCIA INTRAFAMILIAR ART. 229 C.P.,,Nivel 3,,CALI,Junín,09,-76.52645,3.43402,SIN INFORMACION,2023.0,septiembre,19.0,3.0,20:56,,DENUNCIA,Violencia Intrafamiliar,VIOLENCIA INTRAFAMILIAR,Violencia_Intrafamiliar_fiscalia.csv,,,,,,,,,,,,,,,,,,,,,,,VIOLENCIA INTRAFAMILIAR,9/19/2023,Nivel 3,4,4,POINT (727788.3875014762 871834.9925767926)
,VIOLENCIA INTRAFAMILIAR ART. 229 C.P.,,Nivel 3,,CALI,Junín,09,-76.52645,3.43402,SIN INFORMACION,2023.0,septiembre,20.0,4.0,11:00,,DENUNCIA,Violencia Intrafamiliar,VIOLENCIA INTRAFAMILIAR,Violencia_Intrafamiliar_fiscalia.csv,,,,,,,,,,,,,,,,,,,,,,,VIOLENCIA INTRAFAMILIAR,9/20/2023,Nivel 3,4,4,POINT (727788.3875014762 871834.9925767926)
,VIOLENCIA INTRAFAMILIAR ART. 229 C.P.,,Nivel 3,,CALI,Junín,09,-76.52645,3.43402,SIN INFORMACION,2023.0,septiembre,22.0,6.0,15:00,,DENUNCIA,Violencia Intrafamiliar,VIOLENCIA INTRAFAMILIAR,Violencia_Intrafamiliar_fiscalia.csv,,,,,,,,,,,,,,,,,,,,,,,VIOLENCIA INTRAFAMILIAR,9/22/2023,Nivel 3,4,4,POINT (727788.3875014762 871834.9925767926)
,VIOLENCIA INTRAFAMILIAR ART. 229 C.P.,,Nivel 3,,CALI,Junín,09,-76.52645,3.43402,SIN INFORMACION,2023.0,septiembre,22.0,6.0,21:32,,DENUNCIA,Violencia Intrafamiliar,VIOLENCIA INTRAFAMILIAR,Violencia_Intrafamiliar_fiscalia.csv,,,,,,,,,,,,,,,,,,,,,,,VIOLENCIA INTRAFAMILIAR,9/22/2023,Nivel 3,4,4,POINT (727788.3875014762 871834.9925767926)
,VIOLENCIA INTRAFAMILIAR ART. 229 C.P.,,Nivel 3,,CALI,Junín,09,-76.52645,3.43402,SIN INFORMACION,2023.0,septiembre,23.0,7.0,21:00,,DENUNCIA,Violencia Intrafamiliar,VIOLENCIA INTRAFAMILIAR,Violencia_Intrafamiliar_fiscalia.csv,,,,,,,,,,,,,,,,,,,,,,,VIOLENCIA INTRAFAMILIAR,9/23/2023,Nivel 3,4,4,POINT (727788.3875014762 871834.9925767926)
,VIOLENCIA INTRAFAMILIAR ART. 229 C.P.,,Nivel 3,,CALI,Junín,09,-76.52645,3.43402,SIN INFORMACION,2023.0,septiembre,24.0,1.0,16:30,,DENUNCIA,Violencia Intrafamiliar,VIOLENCIA INTRAFAMILIAR,Violencia_Intrafamiliar_fiscalia.csv,,,,,,,,,,,,,,,,,,,,,,,VIOLENCIA INTRAFAMILIAR,9/24/2023,Nivel 3,4,4,POINT (727788.3875014762 871834.9925767926)
,VIOLENCIA INTRAFAMILIAR ART. 229 C.P.,,Nivel 3,,CALI,Junín,09,-76.52645,3.43402,SIN INFORMACION,2023.0,septiembre,25.0,2.0,15:57,,DENUNCIA,Violencia Intrafamiliar,VIOLENCIA INTRAFAMILIAR,Violencia_Intrafamiliar_fiscalia.csv,,,,,,,,,,,,,,,,,,,,,,,VIOLENCIA INTRAFAMILIAR,9/25/2023,Nivel 3,4,4,POINT (727788.3875014762 871834.9925767926)
,VIOLENCIA INTRAFAMILIAR ART. 229 C.P.,,Nivel 3,,CALI,Junín,09,-76.52645,3.43402,SIN INFORMACION,2023.0,septiembre,25.0,2.0,11:40,,DENUNCIA,Violencia Intrafamiliar,VIOLENCIA INTRAFAMILIAR,Violencia_Intrafamiliar_fiscalia.csv,,,,,,,,,,,,,,,,,,,,,,,VIOLENCIA INTRAFAMILIAR,9/25/2023,Nivel 3,4,4,POINT (727788.3875014762 871834.9925767926)
,VIOLENCIA INTRAFAMILIAR ART. 229 C.P.,,Nivel 3,,CALI,Junín,09,-76.52645,3.43402,SIN INFORMACION,2023.0,septiembre,25.0,2.0,02:55,,DENUNCIA,Violencia Intrafamiliar,VIOLENCIA INTRAFAMILIAR,Violencia_Intrafamiliar_fiscalia.csv,,,,,,,,,,,,,,,,,,,,,,,VIOLENCIA INTRAFAMILIAR,9/25/2023,Nivel 3,4,4,POINT (727788.3875014762 871834.9925767926)
,VIOLENCIA INTRAFAMILIAR ART. 229 C.P.,,Nivel 3,,CALI,Junín,09,-76.52645,3.43402,SIN INFORMACION,2023.0,septiembre,26.0,3.0,14:48,,DENUNCIA,Violencia Intrafamiliar,VIOLENCIA INTRAFAMILIAR,Violencia_Intrafamiliar_fiscalia.csv,,,,,,,,,,,,,,,,,,,,,,,VIOLENCIA INTRAFAMILIAR,9/26/2023,Nivel 3,4,4,POINT (727788.3875014762 871834.9925767926)
,VIOLENCIA INTRAFAMILIAR ART. 229 C.P.,,Nivel 3,,CALI,Junín,09,-76.52645,3.43402,SIN INFORMACION,2023.0,septiembre,28.0,5.0,15:00,,DENUNCIA,Violencia Intrafamiliar,VIOLENCIA INTRAFAMILIAR,Violencia_Intrafamiliar_fiscalia.csv,,,,,,,,,,,,,,,,,,,,,,,VIOLENCIA INTRAFAMILIAR,9/28/2023,Nivel 3,4,4,POINT (727788.3875014762 871834.9925767926)
,VIOLENCIA INTRAFAMILIAR ART. 229 C.P.,,Nivel 3,,CALI,Junín,09,-76.52645,3.43402,SIN INFORMACION,2023.0,septiembre,28.0,5.0,12:29,,DENUNCIA,Violencia Intrafamiliar,VIOLENCIA INTRAFAMILIAR,Violencia_Intrafamiliar_fiscalia.csv,,,,,,,,,,,,,,,,,,,,,,,VIOLENCIA INTRAFAMILIAR,9/28/2023,Nivel 3,4,4,POINT (727788.3875014762 871834.9925767926)
,VIOLENCIA INTRAFAMILIAR ART. 229 C.P.,,Nivel 3,,CALI,Junín,09,-76.52645,3.43402,SIN INFORMACION,2023.0,septiembre,29.0,6.0,15:28,,DENUNCIA,Violencia Intrafamiliar,VIOLENCIA INTRAFAMILIAR,Violencia_Intrafamiliar_fiscalia.csv,,,,,,,,,,,,,,,,,,,,,,,VIOLENCIA INTRAFAMILIAR,9/29/2023,Nivel 3,4,4,POINT (727788.3875014762 871834.9925767926)
,VIOLENCIA INTRAFAMILIAR ART. 229 C.P.,,Nivel 3,,CALI,Junín,09,-76.52645,3.43402,SIN INFORMACION,2023.0,octubre   ,1.0,1.0,01:00,,DENUNCIA,Violencia Intrafamiliar,VIOLENCIA INTRAFAMILIAR,Violencia_Intrafamiliar_fiscalia.csv,,,,,,,,,,,,,,,,,,,,,,,VIOLENCIA INTRAFAMILIAR,10/1/2023,Nivel 3,4,4,POINT (727788.3875014762 871834.9925767926)
,VIOLENCIA INTRAFAMILIAR ART. 229 C.P.,,Nivel 3,,CALI,Junín,09,-76.52645,3.43402,SIN INFORMACION,2023.0,octubre   ,2.0,2.0,06:00,,DENUNCIA,Violencia Intrafamiliar,VIOLENCIA INTRAFAMILIAR,Violencia_Intrafamiliar_fiscalia.csv,,,,,,,,,,,,,,,,,,,,,,,VIOLENCIA INTRAFAMILIAR,10/2/2023,Nivel 3,4,4,POINT (727788.3875014762 871834.9925767926)
,VIOLENCIA INTRAFAMILIAR ART. 229 C.P.,,Nivel 3,,CALI,Junín,09,-76.52645,3.43402,SIN INFORMACION,2023.0,octubre   ,2.0,2.0,21:28,,DENUNCIA,Violencia Intrafamiliar,VIOLENCIA INTRAFAMILIAR,Violencia_Intrafamiliar_fiscalia.csv,,,,,,,,,,,,,,,,,,,,,,,VIOLENCIA INTRAFAMILIAR,10/2/2023,Nivel 3,4,4,POINT (727788.3875014762 871834.9925767926)
,VIOLENCIA INTRAFAMILIAR ART. 229 C.P.,,Nivel 3,,CALI,Junín,09,-76.52645,3.43402,SIN INFORMACION,2023.0,octubre   ,3.0,3.0,07:00,,DENUNCIA,Violencia Intrafamiliar,VIOLENCIA INTRAFAMILIAR,Violencia_Intrafamiliar_fiscalia.csv,,,,,,,,,,,,,,,,,,,,,,,VIOLENCIA INTRAFAMILIAR,10/3/2023,Nivel 3,4,4,POINT (727788.3875014762 871834.9925767926)
,VIOLENCIA INTRAFAMILIAR ART. 229 C.P.,,Nivel 3,,CALI,Junín,09,-76.52645,3.43402,SIN INFORMACION,2023.0,octubre   ,3.0,3.0,05:21,,DENUNCIA,Violencia Intrafamiliar,VIOLENCIA INTRAFAMILIAR,Violencia_Intrafamiliar_fiscalia.csv,,,,,,,,,,,,,,,,,,,,,,,VIOLENCIA INTRAFAMILIAR,10/3/2023,Nivel 3,4,4,POINT (727788.3875014762 871834.9925767926)
,VIOLENCIA INTRAFAMILIAR ART. 229 C.P.,,Nivel 3,,CALI,Junín,09,-76.52645,3.43402,SIN INFORMACION,2023.0,octubre   ,3.0,3.0,23:09,,DENUNCIA,Violencia Intrafamiliar,VIOLENCIA INTRAFAMILIAR,Violencia_Intrafamiliar_fiscalia.csv,,,,,,,,,,,,,,,,,,,,,,,VIOLENCIA INTRAFAMILIAR,10/3/2023,Nivel 3,4,4,POINT (727788.3875014762 871834.9925767926)
,VIOLENCIA INTRAFAMILIAR ART. 229 C.P.,,Nivel 3,,CALI,Junín,09,-76.52645,3.43402,SIN INFORMACION,2023.0,octubre   ,4.0,4.0,04:52,,DENUNCIA,Violencia Intrafamiliar,VIOLENCIA INTRAFAMILIAR,Violencia_Intrafamiliar_fiscalia.csv,,,,,,,,,,,,,,,,,,,,,,,VIOLENCIA INTRAFAMILIAR,10/4/2023,Nivel 3,4,4,POINT (727788.3875014762 871834.9925767926)
,VIOLENCIA INTRAFAMILIAR ART. 229 C.P.,,Nivel 3,,CALI,Junín,09,-76.52645,3.43402,SIN INFORMACION,2023.0,octubre   ,5.0,5.0,02:30,,DENUNCIA,Violencia Intrafamiliar,VIOLENCIA INTRAFAMILIAR,Violencia_Intrafamiliar_fiscalia.csv,,,,,,,,,,,,,,,,,,,,,,,VIOLENCIA INTRAFAMILIAR,10/5/2023,Nivel 3,4,4,POINT (727788.3875014762 871834.9925767926)
,VIOLENCIA INTRAFAMILIAR ART. 229 C.P.,,Nivel 3,,CALI,Junín,09,-76.52645,3.43402,SIN INFORMACION,2023.0,octubre   ,5.0,5.0,06:42,,DENUNCIA,Violencia Intrafamiliar,VIOLENCIA INTRAFAMILIAR,Violencia_Intrafamiliar_fiscalia.csv,,,,,,,,,,,,,,,,,,,,,,,VIOLENCIA INTRAFAMILIAR,10/5/2023,Nivel 3,4,4,POINT (727788.3875014762 871834.9925767926)
,VIOLENCIA INTRAFAMILIAR ART. 229 C.P.,,Nivel 3,,CALI,Junín,09,-76.52645,3.43402,SIN INFORMACION,2023.0,octubre   ,8.0,1.0,10:23,,DENUNCIA,Violencia Intrafamiliar,VIOLENCIA INTRAFAMILIAR,Violencia_Intrafamiliar_fiscalia.csv,,,,,,,,,,,,,,,,,,,,,,,VIOLENCIA INTRAFAMILIAR,10/8/2023,Nivel 3,4,4,POINT (727788.3875014762 871834.9925767926)
,VIOLENCIA INTRAFAMILIAR ART. 229 C.P.,,Nivel 3,,CALI,Junín,09,-76.52645,3.43402,SIN INFORMACION,2023.0,octubre   ,8.0,1.0,20:00,,DENUNCIA,Violencia Intrafamiliar,VIOLENCIA INTRAFAMILIAR,Violencia_Intrafamiliar_fiscalia.csv,,,,,,,,,,,,,,,,,,,,,,,VIOLENCIA INTRAFAMILIAR,10/8/2023,Nivel 3,4,4,POINT (727788.3875014762 871834.9925767926)
,VIOLENCIA INTRAFAMILIAR ART. 229 C.P.,,Nivel 3,,CALI,Junín,09,-76.52645,3.43402,SIN INFORMACION,2023.0,octubre   ,9.0,2.0,14:00,,DENUNCIA,Violencia Intrafamiliar,VIOLENCIA INTRAFAMILIAR,Violencia_Intrafamiliar_fiscalia.csv,,,,,,,,,,,,,,,,,,,,,,,VIOLENCIA INTRAFAMILIAR,10/9/2023,Nivel 3,4,4,POINT (727788.3875014762 871834.9925767926)
,VIOLENCIA INTRAFAMILIAR ART. 229 C.P.,,Nivel 3,,CALI,Junín,09,-76.52645,3.43402,SIN INFORMACION,2023.0,octubre   ,9.0,2.0,06:21,,DENUNCIA,Violencia Intrafamiliar,VIOLENCIA INTRAFAMILIAR,Violencia_Intrafamiliar_fiscalia.csv,,,,,,,,,,,,,,,,,,,,,,,VIOLENCIA INTRAFAMILIAR,10/9/2023,Nivel 3,4,4,POINT (727788.3875014762 871834.9925767926)
,VIOLENCIA INTRAFAMILIAR ART. 229 C.P.,,Nivel 3,,CALI,Junín,09,-76.52645,3.43402,SIN INFORMACION,2023.0,octubre   ,9.0,2.0,02:00,,DENUNCIA,Violencia Intrafamiliar,VIOLENCIA INTRAFAMILIAR,Violencia_Intrafamiliar_fiscalia.csv,,,,,,,,,,,,,,,,,,,,,,,VIOLENCIA INTRAFAMILIAR,10/9/2023,Nivel 3,4,4,POINT (727788.3875014762 871834.9925767926)
,VIOLENCIA INTRAFAMILIAR ART. 229 C.P.,,Nivel 3,,CALI,Junín,09,-76.52645,3.43402,SIN INFORMACION,2023.0,octubre   ,14.0,7.0,06:00,,DENUNCIA,Violencia Intrafamiliar,VIOLENCIA INTRAFAMILIAR,Violencia_Intrafamiliar_fiscalia.csv,,,,,,,,,,,,,,,,,,,,,,,VIOLENCIA INTRAFAMILIAR,10/14/2023,Nivel 3,4,4,POINT (727788.3875014762 871834.9925767926)
,VIOLENCIA INTRAFAMILIAR ART. 229 C.P.,,Nivel 3,,CALI,Junín,09,-76.52645,3.43402,SIN INFORMACION,2023.0,octubre   ,15.0,1.0,15:20,,DENUNCIA,Violencia Intrafamiliar,VIOLENCIA INTRAFAMILIAR,Violencia_Intrafamiliar_fiscalia.csv,,,,,,,,,,,,,,,,,,,,,,,VIOLENCIA INTRAFAMILIAR,10/15/2023,Nivel 3,4,4,POINT (727788.3875014762 871834.9925767926)
,VIOLENCIA INTRAFAMILIAR ART. 229 C.P.,,Nivel 3,,CALI,Junín,09,-76.52645,3.43402,SIN INFORMACION,2023.0,octubre   ,15.0,1.0,23:00,,DENUNCIA,Violencia Intrafamiliar,VIOLENCIA INTRAFAMILIAR,Violencia_Intrafamiliar_fiscalia.csv,,,,,,,,,,,,,,,,,,,,,,,VIOLENCIA INTRAFAMILIAR,10/15/2023,Nivel 3,4,4,POINT (727788.3875014762 871834.9925767926)
,VIOLENCIA INTRAFAMILIAR ART. 229 C.P.,,Nivel 3,,CALI,Junín,09,-76.52645,3.43402,SIN INFORMACION,2023.0,octubre   ,16.0,2.0,13:25,,DENUNCIA,Violencia Intrafamiliar,VIOLENCIA INTRAFAMILIAR,Violencia_Intrafamiliar_fiscalia.csv,,,,,,,,,,,,,,,,,,,,,,,VIOLENCIA INTRAFAMILIAR,10/16/2023,Nivel 3,4,4,POINT (727788.3875014762 871834.9925767926)
,VIOLENCIA INTRAFAMILIAR ART. 229 C.P.,,Nivel 3,,CALI,Junín,09,-76.52645,3.43402,SIN INFORMACION,2023.0,octubre   ,17.0,3.0,05:32,,DENUNCIA,Violencia Intrafamiliar,VIOLENCIA INTRAFAMILIAR,Violencia_Intrafamiliar_fiscalia.csv,,,,,,,,,,,,,,,,,,,,,,,VIOLENCIA INTRAFAMILIAR,10/17/2023,Nivel 3,4,4,POINT (727788.3875014762 871834.9925767926)
,VIOLENCIA INTRAFAMILIAR ART. 229 C.P.,,Nivel 3,,CALI,Junín,09,-76.52645,3.43402,SIN INFORMACION,2023.0,octubre   ,19.0,5.0,20:11,,DENUNCIA,Violencia Intrafamiliar,VIOLENCIA INTRAFAMILIAR,Violencia_Intrafamiliar_fiscalia.csv,,,,,,,,,,,,,,,,,,,,,,,VIOLENCIA INTRAFAMILIAR,10/19/2023,Nivel 3,4,4,POINT (727788.3875014762 871834.9925767926)
,VIOLENCIA INTRAFAMILIAR ART. 229 C.P.,,Nivel 3,,CALI,Junín,09,-76.52645,3.43402,SIN INFORMACION,2023.0,octubre   ,20.0,6.0,19:14,,DENUNCIA,Violencia Intrafamiliar,VIOLENCIA INTRAFAMILIAR,Violencia_Intrafamiliar_fiscalia.csv,,,,,,,,,,,,,,,,,,,,,,,VIOLENCIA INTRAFAMILIAR,10/20/2023,Nivel 3,4,4,POINT (727788.3875014762 871834.9925767926)
,VIOLENCIA INTRAFAMILIAR ART. 229 C.P.,,Nivel 3,,CALI,Junín,09,-76.52645,3.43402,SIN INFORMACION,2023.0,octubre   ,23.0,2.0,00:00,,DENUNCIA,Violencia Intrafamiliar,VIOLENCIA INTRAFAMILIAR,Violencia_Intrafamiliar_fiscalia.csv,,,,,,,,,,,,,,,,,,,,,,,VIOLENCIA INTRAFAMILIAR,10/23/2023,Nivel 3,4,4,POINT (727788.3875014762 871834.9925767926)
,VIOLENCIA INTRAFAMILIAR ART. 229 C.P.,,Nivel 3,,CALI,Junín,09,-76.52645,3.43402,SIN INFORMACION,2023.0,octubre   ,25.0,4.0,15:14,,DENUNCIA,Violencia Intrafamiliar,VIOLENCIA INTRAFAMILIAR,Violencia_Intrafamiliar_fiscalia.csv,,,,,,,,,,,,,,,,,,,,,,,VIOLENCIA INTRAFAMILIAR,10/25/2023,Nivel 3,4,4,POINT (727788.3875014762 871834.9925767926)
,VIOLENCIA INTRAFAMILIAR ART. 229 C.P.,,Nivel 3,,CALI,Junín,09,-76.52645,3.43402,SIN INFORMACION,2023.0,octubre   ,28.0,7.0,14:36,,DENUNCIA,Violencia Intrafamiliar,VIOLENCIA INTRAFAMILIAR,Violencia_Intrafamiliar_fiscalia.csv,,,,,,,,,,,,,,,,,,,,,,,VIOLENCIA INTRAFAMILIAR,10/28/2023,Nivel 3,4,4,POINT (727788.3875014762 871834.9925767926)
,VIOLENCIA INTRAFAMILIAR ART. 229 C.P.,,Nivel 3,,CALI,Junín,09,-76.52645,3.43402,SIN INFORMACION,2023.0,octubre   ,30.0,2.0,01:30,,DENUNCIA,Violencia Intrafamiliar,VIOLENCIA INTRAFAMILIAR,Violencia_Intrafamiliar_fiscalia.csv,,,,,,,,,,,,,,,,,,,,,,,VIOLENCIA INTRAFAMILIAR,10/30/2023,Nivel 3,4,4,POINT (727788.3875014762 871834.9925767926)
,VIOLENCIA INTRAFAMILIAR ART. 229 C.P.,,Nivel 3,,CALI,Junín,09,-76.52645,3.43402,SIN INFORMACION,2023.0,octubre   ,30.0,2.0,12:54,,DENUNCIA,Violencia Intrafamiliar,VIOLENCIA INTRAFAMILIAR,Violencia_Intrafamiliar_fiscalia.csv,,,,,,,,,,,,,,,,,,,,,,,VIOLENCIA INTRAFAMILIAR,10/30/2023,Nivel 3,4,4,POINT (727788.3875014762 871834.9925767926)
,VIOLENCIA INTRAFAMILIAR ART. 229 C.P.,,Nivel 3,,CALI,Junín,09,-76.52645,3.43402,SIN INFORMACION,2023.0,noviembre ,2.0,5.0,19:00,,DENUNCIA,Violencia Intrafamiliar,VIOLENCIA INTRAFAMILIAR,Violencia_Intrafamiliar_fiscalia.csv,,,,,,,,,,,,,,,,,,,,,,,VIOLENCIA INTRAFAMILIAR,11/2/2023,Nivel 3,4,4,POINT (727788.3875014762 871834.9925767926)
,VIOLENCIA INTRAFAMILIAR ART. 229 C.P.,,Nivel 3,,CALI,Junín,09,-76.52645,3.43402,SIN INFORMACION,2023.0,noviembre ,3.0,6.0,12:27,,DENUNCIA,Violencia Intrafamiliar,VIOLENCIA INTRAFAMILIAR,Violencia_Intrafamiliar_fiscalia.csv,,,,,,,,,,,,,,,,,,,,,,,VIOLENCIA INTRAFAMILIAR,11/3/2023,Nivel 3,4,4,POINT (727788.3875014762 871834.9925767926)
,VIOLENCIA INTRAFAMILIAR ART. 229 C.P.,,Nivel 3,,CALI,Junín,09,-76.52645,3.43402,SIN INFORMACION,2023.0,noviembre ,3.0,6.0,22:12,,DENUNCIA,Violencia Intrafamiliar,VIOLENCIA INTRAFAMILIAR,Violencia_Intrafamiliar_fiscalia.csv,,,,,,,,,,,,,,,,,,,,,,,VIOLENCIA INTRAFAMILIAR,11/3/2023,Nivel 3,4,4,POINT (727788.3875014762 871834.9925767926)
,VIOLENCIA INTRAFAMILIAR ART. 229 C.P.,,Nivel 3,,CALI,Junín,09,-76.52645,3.43402,SIN INFORMACION,2023.0,noviembre ,3.0,6.0,16:30,,DENUNCIA,Violencia Intrafamiliar,VIOLENCIA INTRAFAMILIAR,Violencia_Intrafamiliar_fiscalia.csv,,,,,,,,,,,,,,,,,,,,,,,VIOLENCIA INTRAFAMILIAR,11/3/2023,Nivel 3,4,4,POINT (727788.3875014762 871834.9925767926)
,VIOLENCIA INTRAFAMILIAR ART. 229 C.P.,,Nivel 3,,CALI,Junín,09,-76.52645,3.43402,SIN INFORMACION,2023.0,noviembre ,5.0,1.0,00:20,,DENUNCIA,Violencia Intrafamiliar,VIOLENCIA INTRAFAMILIAR,Violencia_Intrafamiliar_fiscalia.csv,,,,,,,,,,,,,,,,,,,,,,,VIOLENCIA INTRAFAMILIAR,11/5/2023,Nivel 3,4,4,POINT (727788.3875014762 871834.9925767926)
,VIOLENCIA INTRAFAMILIAR ART. 229 C.P.,,Nivel 3,,CALI,Junín,09,-76.52645,3.43402,SIN INFORMACION,2023.0,noviembre ,6.0,2.0,19:40,,DENUNCIA,Violencia Intrafamiliar,VIOLENCIA INTRAFAMILIAR,Violencia_Intrafamiliar_fiscalia.csv,,,,,,,,,,,,,,,,,,,,,,,VIOLENCIA INTRAFAMILIAR,11/6/2023,Nivel 3,4,4,POINT (727788.3875014762 871834.9925767926)
,VIOLENCIA INTRAFAMILIAR ART. 229 C.P.,,Nivel 3,,CALI,Junín,09,-76.52645,3.43402,SIN INFORMACION,2023.0,noviembre ,6.0,2.0,10:00,,DENUNCIA,Violencia Intrafamiliar,VIOLENCIA INTRAFAMILIAR,Violencia_Intrafamiliar_fiscalia.csv,,,,,,,,,,,,,,,,,,,,,,,VIOLENCIA INTRAFAMILIAR,11/6/2023,Nivel 3,4,4,POINT (727788.3875014762 871834.9925767926)
,VIOLENCIA INTRAFAMILIAR ART. 229 C.P.,,Nivel 3,,CALI,Junín,09,-76.52645,3.43402,SIN INFORMACION,2023.0,noviembre ,7.0,3.0,15:00,,DENUNCIA,Violencia Intrafamiliar,VIOLENCIA INTRAFAMILIAR,Violencia_Intrafamiliar_fiscalia.csv,,,,,,,,,,,,,,,,,,,,,,,VIOLENCIA INTRAFAMILIAR,11/7/2023,Nivel 3,4,4,POINT (727788.3875014762 871834.9925767926)
,VIOLENCIA INTRAFAMILIAR ART. 229 C.P.,,Nivel 3,,CALI,Junín,09,-76.52645,3.43402,SIN INFORMACION,2023.0,noviembre ,7.0,3.0,00:00,,DENUNCIA,Violencia Intrafamiliar,VIOLENCIA INTRAFAMILIAR,Violencia_Intrafamiliar_fiscalia.csv,,,,,,,,,,,,,,,,,,,,,,,VIOLENCIA INTRAFAMILIAR,11/7/2023,Nivel 3,4,4,POINT (727788.3875014762 871834.9925767926)
,VIOLENCIA INTRAFAMILIAR ART. 229 C.P.,,Nivel 3,,CALI,Junín,09,-76.52645,3.43402,SIN INFORMACION,2023.0,noviembre ,7.0,3.0,05:00,,DENUNCIA,Violencia Intrafamiliar,VIOLENCIA INTRAFAMILIAR,Violencia_Intrafamiliar_fiscalia.csv,,,,,,,,,,,,,,,,,,,,,,,VIOLENCIA INTRAFAMILIAR,11/7/2023,Nivel 3,4,4,POINT (727788.3875014762 871834.9925767926)
,VIOLENCIA INTRAFAMILIAR ART. 229 C.P.,,Nivel 3,,CALI,Junín,09,-76.52645,3.43402,SIN INFORMACION,2023.0,noviembre ,7.0,3.0,15:00,,DENUNCIA,Violencia Intrafamiliar,VIOLENCIA INTRAFAMILIAR,Violencia_Intrafamiliar_fiscalia.csv,,,,,,,,,,,,,,,,,,,,,,,VIOLENCIA INTRAFAMILIAR,11/7/2023,Nivel 3,4,4,POINT (727788.3875014762 871834.9925767926)
,VIOLENCIA INTRAFAMILIAR ART. 229 C.P.,,Nivel 3,,CALI,Junín,09,-76.52645,3.43402,SIN INFORMACION,2023.0,noviembre ,7.0,3.0,15:51,,DENUNCIA,Violencia Intrafamiliar,VIOLENCIA INTRAFAMILIAR,Violencia_Intrafamiliar_fiscalia.csv,,,,,,,,,,,,,,,,,,,,,,,VIOLENCIA INTRAFAMILIAR,11/7/2023,Nivel 3,4,4,POINT (727788.3875014762 871834.9925767926)
,VIOLENCIA INTRAFAMILIAR ART. 229 C.P.,,Nivel 3,,CALI,Junín,09,-76.52645,3.43402,SIN INFORMACION,2023.0,noviembre ,9.0,5.0,04:00,,DENUNCIA,Violencia Intrafamiliar,VIOLENCIA INTRAFAMILIAR,Violencia_Intrafamiliar_fiscalia.csv,,,,,,,,,,,,,,,,,,,,,,,VIOLENCIA INTRAFAMILIAR,11/9/2023,Nivel 3,4,4,POINT (727788.3875014762 871834.9925767926)
,VIOLENCIA INTRAFAMILIAR ART. 229 C.P.,,Nivel 3,,CALI,Junín,09,-76.52645,3.43402,SIN INFORMACION,2023.0,noviembre ,11.0,7.0,21:14,,DENUNCIA,Violencia Intrafamiliar,VIOLENCIA INTRAFAMILIAR,Violencia_Intrafamiliar_fiscalia.csv,,,,,,,,,,,,,,,,,,,,,,,VIOLENCIA INTRAFAMILIAR,11/11/2023,Nivel 3,4,4,POINT (727788.3875014762 871834.9925767926)
,VIOLENCIA INTRAFAMILIAR ART. 229 C.P.,,Nivel 3,,CALI,Junín,09,-76.52645,3.43402,SIN INFORMACION,2023.0,noviembre ,11.0,7.0,23:56,,DENUNCIA,Violencia Intrafamiliar,VIOLENCIA INTRAFAMILIAR,Violencia_Intrafamiliar_fiscalia.csv,,,,,,,,,,,,,,,,,,,,,,,VIOLENCIA INTRAFAMILIAR,11/11/2023,Nivel 3,4,4,POINT (727788.3875014762 871834.9925767926)
,VIOLENCIA INTRAFAMILIAR ART. 229 C.P.,,Nivel 3,,CALI,Junín,09,-76.52645,3.43402,SIN INFORMACION,2023.0,noviembre ,12.0,1.0,04:00,,DENUNCIA,Violencia Intrafamiliar,VIOLENCIA INTRAFAMILIAR,Violencia_Intrafamiliar_fiscalia.csv,,,,,,,,,,,,,,,,,,,,,,,VIOLENCIA INTRAFAMILIAR,11/12/2023,Nivel 3,4,4,POINT (727788.3875014762 871834.9925767926)
,VIOLENCIA INTRAFAMILIAR ART. 229 C.P.,,Nivel 3,,CALI,Junín,09,-76.52645,3.43402,SIN INFORMACION,2023.0,noviembre ,15.0,4.0,23:01,,DENUNCIA,Violencia Intrafamiliar,VIOLENCIA INTRAFAMILIAR,Violencia_Intrafamiliar_fiscalia.csv,,,,,,,,,,,,,,,,,,,,,,,VIOLENCIA INTRAFAMILIAR,11/15/2023,Nivel 3,4,4,POINT (727788.3875014762 871834.9925767926)
,VIOLENCIA INTRAFAMILIAR ART. 229 C.P.,,Nivel 3,,CALI,Junín,09,-76.52645,3.43402,SIN INFORMACION,2023.0,noviembre ,15.0,4.0,20:00,,DENUNCIA,Violencia Intrafamiliar,VIOLENCIA INTRAFAMILIAR,Violencia_Intrafamiliar_fiscalia.csv,,,,,,,,,,,,,,,,,,,,,,,VIOLENCIA INTRAFAMILIAR,11/15/2023,Nivel 3,4,4,POINT (727788.3875014762 871834.9925767926)
,VIOLENCIA INTRAFAMILIAR ART. 229 C.P.,,Nivel 3,,CALI,Junín,09,-76.52645,3.43402,SIN INFORMACION,2023.0,noviembre ,16.0,5.0,23:41,,DENUNCIA,Violencia Intrafamiliar,VIOLENCIA INTRAFAMILIAR,Violencia_Intrafamiliar_fiscalia.csv,,,,,,,,,,,,,,,,,,,,,,,VIOLENCIA INTRAFAMILIAR,11/16/2023,Nivel 3,4,4,POINT (727788.3875014762 871834.9925767926)
,VIOLENCIA INTRAFAMILIAR ART. 229 C.P.,,Nivel 3,,CALI,Junín,09,-76.52645,3.43402,SIN INFORMACION,2023.0,noviembre ,16.0,5.0,14:00,,DENUNCIA,Violencia Intrafamiliar,VIOLENCIA INTRAFAMILIAR,Violencia_Intrafamiliar_fiscalia.csv,,,,,,,,,,,,,,,,,,,,,,,VIOLENCIA INTRAFAMILIAR,11/16/2023,Nivel 3,4,4,POINT (727788.3875014762 871834.9925767926)
,VIOLENCIA INTRAFAMILIAR ART. 229 C.P.,,Nivel 3,,CALI,Junín,09,-76.52645,3.43402,SIN INFORMACION,2023.0,noviembre ,16.0,5.0,09:31,,DENUNCIA,Violencia Intrafamiliar,VIOLENCIA INTRAFAMILIAR,Violencia_Intrafamiliar_fiscalia.csv,,,,,,,,,,,,,,,,,,,,,,,VIOLENCIA INTRAFAMILIAR,11/16/2023,Nivel 3,4,4,POINT (727788.3875014762 871834.9925767926)
,VIOLENCIA INTRAFAMILIAR ART. 229 C.P.,,Nivel 3,,CALI,Junín,09,-76.52645,3.43402,SIN INFORMACION,2023.0,noviembre ,16.0,5.0,11:11,,DENUNCIA,Violencia Intrafamiliar,VIOLENCIA INTRAFAMILIAR,Violencia_Intrafamiliar_fiscalia.csv,,,,,,,,,,,,,,,,,,,,,,,VIOLENCIA INTRAFAMILIAR,11/16/2023,Nivel 3,4,4,POINT (727788.3875014762 871834.9925767926)
,VIOLENCIA INTRAFAMILIAR ART. 229 C.P.,,Nivel 3,,CALI,Junín,09,-76.52645,3.43402,SIN INFORMACION,2023.0,noviembre ,17.0,6.0,19:46,,DENUNCIA,Violencia Intrafamiliar,VIOLENCIA INTRAFAMILIAR,Violencia_Intrafamiliar_fiscalia.csv,,,,,,,,,,,,,,,,,,,,,,,VIOLENCIA INTRAFAMILIAR,11/17/2023,Nivel 3,4,4,POINT (727788.3875014762 871834.9925767926)
,VIOLENCIA INTRAFAMILIAR ART. 229 C.P.,,Nivel 3,,CALI,Junín,09,-76.52645,3.43402,SIN INFORMACION,2023.0,noviembre ,19.0,1.0,16:39,,DENUNCIA,Violencia Intrafamiliar,VIOLENCIA INTRAFAMILIAR,Violencia_Intrafamiliar_fiscalia.csv,,,,,,,,,,,,,,,,,,,,,,,VIOLENCIA INTRAFAMILIAR,11/19/2023,Nivel 3,4,4,POINT (727788.3875014762 871834.9925767926)
,VIOLENCIA INTRAFAMILIAR ART. 229 C.P.,,Nivel 3,,CALI,Junín,09,-76.52645,3.43402,SIN INFORMACION,2023.0,noviembre ,20.0,2.0,16:00,,DENUNCIA,Violencia Intrafamiliar,VIOLENCIA INTRAFAMILIAR,Violencia_Intrafamiliar_fiscalia.csv,,,,,,,,,,,,,,,,,,,,,,,VIOLENCIA INTRAFAMILIAR,11/20/2023,Nivel 3,4,4,POINT (727788.3875014762 871834.9925767926)
,VIOLENCIA INTRAFAMILIAR ART. 229 C.P.,,Nivel 3,,CALI,Junín,09,-76.52645,3.43402,SIN INFORMACION,2023.0,noviembre ,21.0,3.0,20:00,,DENUNCIA,Violencia Intrafamiliar,VIOLENCIA INTRAFAMILIAR,Violencia_Intrafamiliar_fiscalia.csv,,,,,,,,,,,,,,,,,,,,,,,VIOLENCIA INTRAFAMILIAR,11/21/2023,Nivel 3,4,4,POINT (727788.3875014762 871834.9925767926)
,VIOLENCIA INTRAFAMILIAR ART. 229 C.P.,,Nivel 3,,CALI,Junín,09,-76.52645,3.43402,SIN INFORMACION,2023.0,noviembre ,21.0,3.0,21:00,,DENUNCIA,Violencia Intrafamiliar,VIOLENCIA INTRAFAMILIAR,Violencia_Intrafamiliar_fiscalia.csv,,,,,,,,,,,,,,,,,,,,,,,VIOLENCIA INTRAFAMILIAR,11/21/2023,Nivel 3,4,4,POINT (727788.3875014762 871834.9925767926)
,VIOLENCIA INTRAFAMILIAR ART. 229 C.P.,,Nivel 3,,CALI,Junín,09,-76.52645,3.43402,SIN INFORMACION,2023.0,noviembre ,22.0,4.0,17:00,,DENUNCIA,Violencia Intrafamiliar,VIOLENCIA INTRAFAMILIAR,Violencia_Intrafamiliar_fiscalia.csv,,,,,,,,,,,,,,,,,,,,,,,VIOLENCIA INTRAFAMILIAR,11/22/2023,Nivel 3,4,4,POINT (727788.3875014762 871834.9925767926)
,VIOLENCIA INTRAFAMILIAR ART. 229 C.P.,,Nivel 3,,CALI,Junín,09,-76.52645,3.43402,SIN INFORMACION,2023.0,noviembre ,22.0,4.0,22:08,,DENUNCIA,Violencia Intrafamiliar,VIOLENCIA INTRAFAMILIAR,Violencia_Intrafamiliar_fiscalia.csv,,,,,,,,,,,,,,,,,,,,,,,VIOLENCIA INTRAFAMILIAR,11/22/2023,Nivel 3,4,4,POINT (727788.3875014762 871834.9925767926)
,VIOLENCIA INTRAFAMILIAR ART. 229 C.P.,,Nivel 3,,CALI,Junín,09,-76.52645,3.43402,SIN INFORMACION,2023.0,noviembre ,23.0,5.0,16:40,,DENUNCIA,Violencia Intrafamiliar,VIOLENCIA INTRAFAMILIAR,Violencia_Intrafamiliar_fiscalia.csv,,,,,,,,,,,,,,,,,,,,,,,VIOLENCIA INTRAFAMILIAR,11/23/2023,Nivel 3,4,4,POINT (727788.3875014762 871834.9925767926)
,VIOLENCIA INTRAFAMILIAR ART. 229 C.P.,,Nivel 3,,CALI,Junín,09,-76.52645,3.43402,SIN INFORMACION,2023.0,noviembre ,23.0,5.0,08:00,,DENUNCIA,Violencia Intrafamiliar,VIOLENCIA INTRAFAMILIAR,Violencia_Intrafamiliar_fiscalia.csv,,,,,,,,,,,,,,,,,,,,,,,VIOLENCIA INTRAFAMILIAR,11/23/2023,Nivel 3,4,4,POINT (727788.3875014762 871834.9925767926)
,VIOLENCIA INTRAFAMILIAR ART. 229 C.P.,,Nivel 3,,CALI,Junín,09,-76.52645,3.43402,SIN INFORMACION,2023.0,noviembre ,24.0,6.0,21:00,,DENUNCIA,Violencia Intrafamiliar,VIOLENCIA INTRAFAMILIAR,Violencia_Intrafamiliar_fiscalia.csv,,,,,,,,,,,,,,,,,,,,,,,VIOLENCIA INTRAFAMILIAR,11/24/2023,Nivel 3,4,4,POINT (727788.3875014762 871834.9925767926)
,VIOLENCIA INTRAFAMILIAR ART. 229 C.P.,,Nivel 3,,CALI,Junín,09,-76.52645,3.43402,SIN INFORMACION,2023.0,noviembre ,24.0,6.0,00:00,,DENUNCIA,Violencia Intrafamiliar,VIOLENCIA INTRAFAMILIAR,Violencia_Intrafamiliar_fiscalia.csv,,,,,,,,,,,,,,,,,,,,,,,VIOLENCIA INTRAFAMILIAR,11/24/2023,Nivel 3,4,4,POINT (727788.3875014762 871834.9925767926)
,VIOLENCIA INTRAFAMILIAR ART. 229 C.P.,,Nivel 3,,CALI,Junín,09,-76.52645,3.43402,SIN INFORMACION,2023.0,noviembre ,24.0,6.0,15:29,,DENUNCIA,Violencia Intrafamiliar,VIOLENCIA INTRAFAMILIAR,Violencia_Intrafamiliar_fiscalia.csv,,,,,,,,,,,,,,,,,,,,,,,VIOLENCIA INTRAFAMILIAR,11/24/2023,Nivel 3,4,4,POINT (727788.3875014762 871834.9925767926)
,VIOLENCIA INTRAFAMILIAR ART. 229 C.P.,,Nivel 3,,CALI,Junín,09,-76.52645,3.43402,SIN INFORMACION,2023.0,noviembre ,26.0,1.0,11:12,,DENUNCIA,Violencia Intrafamiliar,VIOLENCIA INTRAFAMILIAR,Violencia_Intrafamiliar_fiscalia.csv,,,,,,,,,,,,,,,,,,,,,,,VIOLENCIA INTRAFAMILIAR,11/26/2023,Nivel 3,4,4,POINT (727788.3875014762 871834.9925767926)
,VIOLENCIA INTRAFAMILIAR ART. 229 C.P.,,Nivel 3,,CALI,Junín,09,-76.52645,3.43402,SIN INFORMACION,2023.0,noviembre ,26.0,1.0,04:00,,DENUNCIA,Violencia Intrafamiliar,VIOLENCIA INTRAFAMILIAR,Violencia_Intrafamiliar_fiscalia.csv,,,,,,,,,,,,,,,,,,,,,,,VIOLENCIA INTRAFAMILIAR,11/26/2023,Nivel 3,4,4,POINT (727788.3875014762 871834.9925767926)
,VIOLENCIA INTRAFAMILIAR ART. 229 C.P.,,Nivel 3,,CALI,Junín,09,-76.52645,3.43402,SIN INFORMACION,2023.0,noviembre ,27.0,2.0,15:14,,DENUNCIA,Violencia Intrafamiliar,VIOLENCIA INTRAFAMILIAR,Violencia_Intrafamiliar_fiscalia.csv,,,,,,,,,,,,,,,,,,,,,,,VIOLENCIA INTRAFAMILIAR,11/27/2023,Nivel 3,4,4,POINT (727788.3875014762 871834.9925767926)
,VIOLENCIA INTRAFAMILIAR ART. 229 C.P.,,Nivel 3,,CALI,Junín,09,-76.52645,3.43402,SIN INFORMACION,2023.0,noviembre ,27.0,2.0,11:00,,DENUNCIA,Violencia Intrafamiliar,VIOLENCIA INTRAFAMILIAR,Violencia_Intrafamiliar_fiscalia.csv,,,,,,,,,,,,,,,,,,,,,,,VIOLENCIA INTRAFAMILIAR,11/27/2023,Nivel 3,4,4,POINT (727788.3875014762 871834.9925767926)
,VIOLENCIA INTRAFAMILIAR ART. 229 C.P.,,Nivel 3,,CALI,Junín,09,-76.52645,3.43402,SIN INFORMACION,2023.0,noviembre ,29.0,4.0,03:00,,DENUNCIA,Violencia Intrafamiliar,VIOLENCIA INTRAFAMILIAR,Violencia_Intrafamiliar_fiscalia.csv,,,,,,,,,,,,,,,,,,,,,,,VIOLENCIA INTRAFAMILIAR,11/29/2023,Nivel 3,4,4,POINT (727788.3875014762 871834.9925767926)
,VIOLENCIA INTRAFAMILIAR ART. 229 C.P.,,Nivel 3,,CALI,Junín,09,-76.52645,3.43402,SIN INFORMACION,2023.0,noviembre ,30.0,5.0,23:00,,DENUNCIA,Violencia Intrafamiliar,VIOLENCIA INTRAFAMILIAR,Violencia_Intrafamiliar_fiscalia.csv,,,,,,,,,,,,,,,,,,,,,,,VIOLENCIA INTRAFAMILIAR,11/30/2023,Nivel 3,4,4,POINT (727788.3875014762 871834.9925767926)
,VIOLENCIA INTRAFAMILIAR ART. 229 C.P.,,Nivel 3,,CALI,Junín,09,-76.52645,3.43402,SIN INFORMACION,2023.0,diciembre ,3.0,1.0,15:11,,DENUNCIA,Violencia Intrafamiliar,VIOLENCIA INTRAFAMILIAR,Violencia_Intrafamiliar_fiscalia.csv,,,,,,,,,,,,,,,,,,,,,,,VIOLENCIA INTRAFAMILIAR,12/3/2023,Nivel 3,4,4,POINT (727788.3875014762 871834.9925767926)
,VIOLENCIA INTRAFAMILIAR ART. 229 C.P.,,Nivel 3,,CALI,Junín,09,-76.52645,3.43402,SIN INFORMACION,2023.0,diciembre ,4.0,2.0,11:08,,DENUNCIA,Violencia Intrafamiliar,VIOLENCIA INTRAFAMILIAR,Violencia_Intrafamiliar_fiscalia.csv,,,,,,,,,,,,,,,,,,,,,,,VIOLENCIA INTRAFAMILIAR,12/4/2023,Nivel 3,4,4,POINT (727788.3875014762 871834.9925767926)
,VIOLENCIA INTRAFAMILIAR ART. 229 C.P.,,Nivel 3,,CALI,Junín,09,-76.52645,3.43402,SIN INFORMACION,2023.0,diciembre ,5.0,3.0,10:07,,DENUNCIA,Violencia Intrafamiliar,VIOLENCIA INTRAFAMILIAR,Violencia_Intrafamiliar_fiscalia.csv,,,,,,,,,,,,,,,,,,,,,,,VIOLENCIA INTRAFAMILIAR,12/5/2023,Nivel 3,4,4,POINT (727788.3875014762 871834.9925767926)
,VIOLENCIA INTRAFAMILIAR ART. 229 C.P.,,Nivel 3,,CALI,Junín,09,-76.52645,3.43402,SIN INFORMACION,2023.0,diciembre ,8.0,6.0,13:37,,DENUNCIA,Violencia Intrafamiliar,VIOLENCIA INTRAFAMILIAR,Violencia_Intrafamiliar_fiscalia.csv,,,,,,,,,,,,,,,,,,,,,,,VIOLENCIA INTRAFAMILIAR,12/8/2023,Nivel 3,4,4,POINT (727788.3875014762 871834.9925767926)
,VIOLENCIA INTRAFAMILIAR ART. 229 C.P.,,Nivel 3,,CALI,Junín,09,-76.52645,3.43402,SIN INFORMACION,2023.0,diciembre ,8.0,6.0,04:50,,DENUNCIA,Violencia Intrafamiliar,VIOLENCIA INTRAFAMILIAR,Violencia_Intrafamiliar_fiscalia.csv,,,,,,,,,,,,,,,,,,,,,,,VIOLENCIA INTRAFAMILIAR,12/8/2023,Nivel 3,4,4,POINT (727788.3875014762 871834.9925767926)
,VIOLENCIA INTRAFAMILIAR ART. 229 C.P.,,Nivel 3,,CALI,Junín,09,-76.52645,3.43402,SIN INFORMACION,2023.0,diciembre ,8.0,6.0,00:00,,DENUNCIA,Violencia Intrafamiliar,VIOLENCIA INTRAFAMILIAR,Violencia_Intrafamiliar_fiscalia.csv,,,,,,,,,,,,,,,,,,,,,,,VIOLENCIA INTRAFAMILIAR,12/8/2023,Nivel 3,4,4,POINT (727788.3875014762 871834.9925767926)
,VIOLENCIA INTRAFAMILIAR ART. 229 C.P.,,Nivel 3,,CALI,Junín,09,-76.52645,3.43402,SIN INFORMACION,2023.0,diciembre ,11.0,2.0,04:36,,DENUNCIA,Violencia Intrafamiliar,VIOLENCIA INTRAFAMILIAR,Violencia_Intrafamiliar_fiscalia.csv,,,,,,,,,,,,,,,,,,,,,,,VIOLENCIA INTRAFAMILIAR,12/11/2023,Nivel 3,4,4,POINT (727788.3875014762 871834.9925767926)
,VIOLENCIA INTRAFAMILIAR ART. 229 C.P.,,Nivel 3,,CALI,Junín,09,-76.52645,3.43402,SIN INFORMACION,2023.0,diciembre ,11.0,2.0,19:19,,DENUNCIA,Violencia Intrafamiliar,VIOLENCIA INTRAFAMILIAR,Violencia_Intrafamiliar_fiscalia.csv,,,,,,,,,,,,,,,,,,,,,,,VIOLENCIA INTRAFAMILIAR,12/11/2023,Nivel 3,4,4,POINT (727788.3875014762 871834.9925767926)
,VIOLENCIA INTRAFAMILIAR ART. 229 C.P.,,Nivel 3,,CALI,Junín,09,-76.52645,3.43402,SIN INFORMACION,2023.0,diciembre ,13.0,4.0,15:19,,DENUNCIA,Violencia Intrafamiliar,VIOLENCIA INTRAFAMILIAR,Violencia_Intrafamiliar_fiscalia.csv,,,,,,,,,,,,,,,,,,,,,,,VIOLENCIA INTRAFAMILIAR,12/13/2023,Nivel 3,4,4,POINT (727788.3875014762 871834.9925767926)
,VIOLENCIA INTRAFAMILIAR ART. 229 C.P.,,Nivel 3,,CALI,Junín,09,-76.52645,3.43402,SIN INFORMACION,2023.0,diciembre ,15.0,6.0,23:09,,DENUNCIA,Violencia Intrafamiliar,VIOLENCIA INTRAFAMILIAR,Violencia_Intrafamiliar_fiscalia.csv,,,,,,,,,,,,,,,,,,,,,,,VIOLENCIA INTRAFAMILIAR,12/15/2023,Nivel 3,4,4,POINT (727788.3875014762 871834.9925767926)
,VIOLENCIA INTRAFAMILIAR ART. 229 C.P.,,Nivel 3,,CALI,Junín,09,-76.52645,3.43402,SIN INFORMACION,2023.0,diciembre ,15.0,6.0,03:30,,DENUNCIA,Violencia Intrafamiliar,VIOLENCIA INTRAFAMILIAR,Violencia_Intrafamiliar_fiscalia.csv,,,,,,,,,,,,,,,,,,,,,,,VIOLENCIA INTRAFAMILIAR,12/15/2023,Nivel 3,4,4,POINT (727788.3875014762 871834.9925767926)
,VIOLENCIA INTRAFAMILIAR ART. 229 C.P.,,Nivel 3,,CALI,Junín,09,-76.52645,3.43402,SIN INFORMACION,2023.0,diciembre ,16.0,7.0,17:00,,DENUNCIA,Violencia Intrafamiliar,VIOLENCIA INTRAFAMILIAR,Violencia_Intrafamiliar_fiscalia.csv,,,,,,,,,,,,,,,,,,,,,,,VIOLENCIA INTRAFAMILIAR,12/16/2023,Nivel 3,4,4,POINT (727788.3875014762 871834.9925767926)
,VIOLENCIA INTRAFAMILIAR ART. 229 C.P.,,Nivel 3,,CALI,Junín,09,-76.52645,3.43402,SIN INFORMACION,2023.0,diciembre ,17.0,1.0,14:45,,DENUNCIA,Violencia Intrafamiliar,VIOLENCIA INTRAFAMILIAR,Violencia_Intrafamiliar_fiscalia.csv,,,,,,,,,,,,,,,,,,,,,,,VIOLENCIA INTRAFAMILIAR,12/17/2023,Nivel 3,4,4,POINT (727788.3875014762 871834.9925767926)
,VIOLENCIA INTRAFAMILIAR ART. 229 C.P.,,Nivel 3,,CALI,Junín,09,-76.52645,3.43402,SIN INFORMACION,2023.0,diciembre ,19.0,3.0,13:00,,DENUNCIA,Violencia Intrafamiliar,VIOLENCIA INTRAFAMILIAR,Violencia_Intrafamiliar_fiscalia.csv,,,,,,,,,,,,,,,,,,,,,,,VIOLENCIA INTRAFAMILIAR,12/19/2023,Nivel 3,4,4,POINT (727788.3875014762 871834.9925767926)
,VIOLENCIA INTRAFAMILIAR ART. 229 C.P.,,Nivel 3,,CALI,Junín,09,-76.52645,3.43402,SIN INFORMACION,2023.0,diciembre ,24.0,1.0,22:00,,DENUNCIA,Violencia Intrafamiliar,VIOLENCIA INTRAFAMILIAR,Violencia_Intrafamiliar_fiscalia.csv,,,,,,,,,,,,,,,,,,,,,,,VIOLENCIA INTRAFAMILIAR,12/24/2023,Nivel 3,4,4,POINT (727788.3875014762 871834.9925767926)
,VIOLENCIA INTRAFAMILIAR ART. 229 C.P.,,Nivel 3,,CALI,Junín,09,-76.52645,3.43402,SIN INFORMACION,2024.0,enero     ,1.0,2.0,14:00,,DENUNCIA,Violencia Intrafamiliar,VIOLENCIA INTRAFAMILIAR,Violencia_Intrafamiliar_fiscalia.csv,,,,,,,,,,,,,,,,,,,,,,,VIOLENCIA INTRAFAMILIAR,1/1/2024,Nivel 3,4,4,POINT (727788.3875014762 871834.9925767926)
,VIOLENCIA INTRAFAMILIAR ART. 229 C.P.,,Nivel 3,,CALI,Junín,09,-76.52645,3.43402,SIN INFORMACION,2024.0,enero     ,1.0,2.0,22:00,,DENUNCIA,Violencia Intrafamiliar,VIOLENCIA INTRAFAMILIAR,Violencia_Intrafamiliar_fiscalia.csv,,,,,,,,,,,,,,,,,,,,,,,VIOLENCIA INTRAFAMILIAR,1/1/2024,Nivel 3,4,4,POINT (727788.3875014762 871834.9925767926)
,VIOLENCIA INTRAFAMILIAR ART. 229 C.P.,,Nivel 3,,CALI,Junín,09,-76.52645,3.43402,SIN INFORMACION,2024.0,enero     ,3.0,4.0,02:00,,DENUNCIA,Violencia Intrafamiliar,VIOLENCIA INTRAFAMILIAR,Violencia_Intrafamiliar_fiscalia.csv,,,,,,,,,,,,,,,,,,,,,,,VIOLENCIA INTRAFAMILIAR,1/3/2024,Nivel 3,4,4,POINT (727788.3875014762 871834.9925767926)
,VIOLENCIA INTRAFAMILIAR ART. 229 C.P.,,Nivel 3,,CALI,Junín,09,-76.52645,3.43402,SIN INFORMACION,2024.0,enero     ,10.0,4.0,00:00,,DENUNCIA,Violencia Intrafamiliar,VIOLENCIA INTRAFAMILIAR,Violencia_Intrafamiliar_fiscalia.csv,,,,,,,,,,,,,,,,,,,,,,,VIOLENCIA INTRAFAMILIAR,1/10/2024,Nivel 3,4,4,POINT (727788.3875014762 871834.9925767926)
,VIOLENCIA INTRAFAMILIAR ART. 229 C.P.,,Nivel 3,,CALI,Junín,09,-76.52645,3.43402,SIN INFORMACION,2024.0,enero     ,13.0,7.0,19:15,,DENUNCIA,Violencia Intrafamiliar,VIOLENCIA INTRAFAMILIAR,Violencia_Intrafamiliar_fiscalia.csv,,,,,,,,,,,,,,,,,,,,,,,VIOLENCIA INTRAFAMILIAR,1/13/2024,Nivel 3,4,4,POINT (727788.3875014762 871834.9925767926)
,VIOLENCIA INTRAFAMILIAR ART. 229 C.P.,,Nivel 3,,CALI,Junín,09,-76.52645,3.43402,SIN INFORMACION,2024.0,enero     ,14.0,1.0,21:30,,DENUNCIA,Violencia Intrafamiliar,VIOLENCIA INTRAFAMILIAR,Violencia_Intrafamiliar_fiscalia.csv,,,,,,,,,,,,,,,,,,,,,,,VIOLENCIA INTRAFAMILIAR,1/14/2024,Nivel 3,4,4,POINT (727788.3875014762 871834.9925767926)
,VIOLENCIA INTRAFAMILIAR ART. 229 C.P.,,Nivel 3,,CALI,Junín,09,-76.52645,3.43402,SIN INFORMACION,2024.0,enero     ,15.0,2.0,00:19,,DENUNCIA,Violencia Intrafamiliar,VIOLENCIA INTRAFAMILIAR,Violencia_Intrafamiliar_fiscalia.csv,,,,,,,,,,,,,,,,,,,,,,,VIOLENCIA INTRAFAMILIAR,1/15/2024,Nivel 3,4,4,POINT (727788.3875014762 871834.9925767926)
,VIOLENCIA INTRAFAMILIAR ART. 229 C.P.,,Nivel 3,,CALI,Junín,09,-76.52645,3.43402,SIN INFORMACION,2024.0,enero     ,16.0,3.0,19:00,,DENUNCIA,Violencia Intrafamiliar,VIOLENCIA INTRAFAMILIAR,Violencia_Intrafamiliar_fiscalia.csv,,,,,,,,,,,,,,,,,,,,,,,VIOLENCIA INTRAFAMILIAR,1/16/2024,Nivel 3,4,4,POINT (727788.3875014762 871834.9925767926)
,VIOLENCIA INTRAFAMILIAR ART. 229 C.P.,,Nivel 3,,CALI,Junín,09,-76.52645,3.43402,SIN INFORMACION,2024.0,enero     ,16.0,3.0,05:12,,DENUNCIA,Violencia Intrafamiliar,VIOLENCIA INTRAFAMILIAR,Violencia_Intrafamiliar_fiscalia.csv,,,,,,,,,,,,,,,,,,,,,,,VIOLENCIA INTRAFAMILIAR,1/16/2024,Nivel 3,4,4,POINT (727788.3875014762 871834.9925767926)
,VIOLENCIA INTRAFAMILIAR ART. 229 C.P.,,Nivel 3,,CALI,Junín,09,-76.52645,3.43402,SIN INFORMACION,2024.0,enero     ,18.0,5.0,22:20,,DENUNCIA,Violencia Intrafamiliar,VIOLENCIA INTRAFAMILIAR,Violencia_Intrafamiliar_fiscalia.csv,,,,,,,,,,,,,,,,,,,,,,,VIOLENCIA INTRAFAMILIAR,1/18/2024,Nivel 3,4,4,POINT (727788.3875014762 871834.9925767926)
,VIOLENCIA INTRAFAMILIAR ART. 229 C.P.,,Nivel 3,,CALI,Junín,09,-76.52645,3.43402,SIN INFORMACION,2024.0,enero     ,21.0,1.0,15:20,,DENUNCIA,Violencia Intrafamiliar,VIOLENCIA INTRAFAMILIAR,Violencia_Intrafamiliar_fiscalia.csv,,,,,,,,,,,,,,,,,,,,,,,VIOLENCIA INTRAFAMILIAR,1/21/2024,Nivel 3,4,4,POINT (727788.3875014762 871834.9925767926)
,VIOLENCIA INTRAFAMILIAR ART. 229 C.P.,,Nivel 3,,CALI,Junín,09,-76.52645,3.43402,SIN INFORMACION,2024.0,enero     ,23.0,3.0,00:00,,DENUNCIA,Violencia Intrafamiliar,VIOLENCIA INTRAFAMILIAR,Violencia_Intrafamiliar_fiscalia.csv,,,,,,,,,,,,,,,,,,,,,,,VIOLENCIA INTRAFAMILIAR,1/23/2024,Nivel 3,4,4,POINT (727788.3875014762 871834.9925767926)
,VIOLENCIA INTRAFAMILIAR ART. 229 C.P.,,Nivel 3,,CALI,Junín,09,-76.52645,3.43402,SIN INFORMACION,2024.0,enero     ,24.0,4.0,02:00,,DENUNCIA,Violencia Intrafamiliar,VIOLENCIA INTRAFAMILIAR,Violencia_Intrafamiliar_fiscalia.csv,,,,,,,,,,,,,,,,,,,,,,,VIOLENCIA INTRAFAMILIAR,1/24/2024,Nivel 3,4,4,POINT (727788.3875014762 871834.9925767926)
,VIOLENCIA INTRAFAMILIAR ART. 229 C.P.,,Nivel 3,,CALI,Junín,09,-76.52645,3.43402,SIN INFORMACION,2024.0,enero     ,27.0,7.0,04:00,,DENUNCIA,Violencia Intrafamiliar,VIOLENCIA INTRAFAMILIAR,Violencia_Intrafamiliar_fiscalia.csv,,,,,,,,,,,,,,,,,,,,,,,VIOLENCIA INTRAFAMILIAR,1/27/2024,Nivel 3,4,4,POINT (727788.3875014762 871834.9925767926)
,VIOLENCIA INTRAFAMILIAR ART. 229 C.P.,,Nivel 3,,CALI,Junín,09,-76.52645,3.43402,SIN INFORMACION,2024.0,enero     ,28.0,1.0,05:43,,DENUNCIA,Violencia Intrafamiliar,VIOLENCIA INTRAFAMILIAR,Violencia_Intrafamiliar_fiscalia.csv,,,,,,,,,,,,,,,,,,,,,,,VIOLENCIA INTRAFAMILIAR,1/28/2024,Nivel 3,4,4,POINT (727788.3875014762 871834.9925767926)
,VIOLENCIA INTRAFAMILIAR ART. 229 C.P.,,Nivel 3,,CALI,Junín,09,-76.52645,3.43402,SIN INFORMACION,2024.0,enero     ,29.0,2.0,13:00,,DENUNCIA,Violencia Intrafamiliar,VIOLENCIA INTRAFAMILIAR,Violencia_Intrafamiliar_fiscalia.csv,,,,,,,,,,,,,,,,,,,,,,,VIOLENCIA INTRAFAMILIAR,1/29/2024,Nivel 3,4,4,POINT (727788.3875014762 871834.9925767926)
,VIOLENCIA INTRAFAMILIAR ART. 229 C.P.,,Nivel 3,,CALI,Junín,09,-76.52645,3.43402,SIN INFORMACION,2024.0,enero     ,29.0,2.0,01:00,,DENUNCIA,Violencia Intrafamiliar,VIOLENCIA INTRAFAMILIAR,Violencia_Intrafamiliar_fiscalia.csv,,,,,,,,,,,,,,,,,,,,,,,VIOLENCIA INTRAFAMILIAR,1/29/2024,Nivel 3,4,4,POINT (727788.3875014762 871834.9925767926)
,VIOLENCIA INTRAFAMILIAR ART. 229 C.P.,,Nivel 3,,CALI,Junín,09,-76.52645,3.43402,SIN INFORMACION,2024.0,febrero   ,1.0,5.0,15:00,,DENUNCIA,Violencia Intrafamiliar,VIOLENCIA INTRAFAMILIAR,Violencia_Intrafamiliar_fiscalia.csv,,,,,,,,,,,,,,,,,,,,,,,VIOLENCIA INTRAFAMILIAR,2/1/2024,Nivel 3,4,4,POINT (727788.3875014762 871834.9925767926)
,VIOLENCIA INTRAFAMILIAR ART. 229 C.P.,,Nivel 3,,CALI,Junín,09,-76.52645,3.43402,SIN INFORMACION,2024.0,febrero   ,5.0,2.0,23:22,,DENUNCIA,Violencia Intrafamiliar,VIOLENCIA INTRAFAMILIAR,Violencia_Intrafamiliar_fiscalia.csv,,,,,,,,,,,,,,,,,,,,,,,VIOLENCIA INTRAFAMILIAR,2/5/2024,Nivel 3,4,4,POINT (727788.3875014762 871834.9925767926)
,VIOLENCIA INTRAFAMILIAR ART. 229 C.P.,,Nivel 3,,CALI,Junín,09,-76.52645,3.43402,SIN INFORMACION,2024.0,febrero   ,7.0,4.0,18:00,,DENUNCIA,Violencia Intrafamiliar,VIOLENCIA INTRAFAMILIAR,Violencia_Intrafamiliar_fiscalia.csv,,,,,,,,,,,,,,,,,,,,,,,VIOLENCIA INTRAFAMILIAR,2/7/2024,Nivel 3,4,4,POINT (727788.3875014762 871834.9925767926)
,VIOLENCIA INTRAFAMILIAR ART. 229 C.P.,,Nivel 3,,CALI,Junín,09,-76.52645,3.43402,SIN INFORMACION,2024.0,febrero   ,7.0,4.0,08:20,,DENUNCIA,Violencia Intrafamiliar,VIOLENCIA INTRAFAMILIAR,Violencia_Intrafamiliar_fiscalia.csv,,,,,,,,,,,,,,,,,,,,,,,VIOLENCIA INTRAFAMILIAR,2/7/2024,Nivel 3,4,4,POINT (727788.3875014762 871834.9925767926)
,VIOLENCIA INTRAFAMILIAR ART. 229 C.P.,,Nivel 3,,CALI,Junín,09,-76.52645,3.43402,SIN INFORMACION,2024.0,febrero   ,8.0,5.0,22:06,,DENUNCIA,Violencia Intrafamiliar,VIOLENCIA INTRAFAMILIAR,Violencia_Intrafamiliar_fiscalia.csv,,,,,,,,,,,,,,,,,,,,,,,VIOLENCIA INTRAFAMILIAR,2/8/2024,Nivel 3,4,4,POINT (727788.3875014762 871834.9925767926)
,VIOLENCIA INTRAFAMILIAR ART. 229 C.P.,,Nivel 3,,CALI,Junín,09,-76.52645,3.43402,SIN INFORMACION,2024.0,febrero   ,10.0,7.0,23:20,,DENUNCIA,Violencia Intrafamiliar,VIOLENCIA INTRAFAMILIAR,Violencia_Intrafamiliar_fiscalia.csv,,,,,,,,,,,,,,,,,,,,,,,VIOLENCIA INTRAFAMILIAR,2/10/2024,Nivel 3,4,4,POINT (727788.3875014762 871834.9925767926)
,VIOLENCIA INTRAFAMILIAR ART. 229 C.P.,,Nivel 3,,CALI,Junín,09,-76.52645,3.43402,SIN INFORMACION,2024.0,febrero   ,11.0,1.0,15:00,,DENUNCIA,Violencia Intrafamiliar,VIOLENCIA INTRAFAMILIAR,Violencia_Intrafamiliar_fiscalia.csv,,,,,,,,,,,,,,,,,,,,,,,VIOLENCIA INTRAFAMILIAR,2/11/2024,Nivel 3,4,4,POINT (727788.3875014762 871834.9925767926)
,VIOLENCIA INTRAFAMILIAR ART. 229 C.P.,,Nivel 3,,CALI,Junín,09,-76.52645,3.43402,SIN INFORMACION,2024.0,febrero   ,15.0,5.0,19:30,,DENUNCIA,Violencia Intrafamiliar,VIOLENCIA INTRAFAMILIAR,Violencia_Intrafamiliar_fiscalia.csv,,,,,,,,,,,,,,,,,,,,,,,VIOLENCIA INTRAFAMILIAR,2/15/2024,Nivel 3,4,4,POINT (727788.3875014762 871834.9925767926)
,VIOLENCIA INTRAFAMILIAR ART. 229 C.P.,,Nivel 3,,CALI,Junín,09,-76.52645,3.43402,SIN INFORMACION,2024.0,febrero   ,17.0,7.0,14:00,,DENUNCIA,Violencia Intrafamiliar,VIOLENCIA INTRAFAMILIAR,Violencia_Intrafamiliar_fiscalia.csv,,,,,,,,,,,,,,,,,,,,,,,VIOLENCIA INTRAFAMILIAR,2/17/2024,Nivel 3,4,4,POINT (727788.3875014762 871834.9925767926)
,VIOLENCIA INTRAFAMILIAR ART. 229 C.P.,,Nivel 3,,CALI,Junín,09,-76.52645,3.43402,SIN INFORMACION,2024.0,febrero   ,18.0,1.0,06:00,,DENUNCIA,Violencia Intrafamiliar,VIOLENCIA INTRAFAMILIAR,Violencia_Intrafamiliar_fiscalia.csv,,,,,,,,,,,,,,,,,,,,,,,VIOLENCIA INTRAFAMILIAR,2/18/2024,Nivel 3,4,4,POINT (727788.3875014762 871834.9925767926)
,VIOLENCIA INTRAFAMILIAR ART. 229 C.P.,,Nivel 3,,CALI,Junín,09,-76.52645,3.43402,SIN INFORMACION,2024.0,febrero   ,19.0,2.0,00:30,,DENUNCIA,Violencia Intrafamiliar,VIOLENCIA INTRAFAMILIAR,Violencia_Intrafamiliar_fiscalia.csv,,,,,,,,,,,,,,,,,,,,,,,VIOLENCIA INTRAFAMILIAR,2/19/2024,Nivel 3,4,4,POINT (727788.3875014762 871834.9925767926)
,VIOLENCIA INTRAFAMILIAR ART. 229 C.P.,,Nivel 3,,CALI,Junín,09,-76.52645,3.43402,SIN INFORMACION,2024.0,febrero   ,21.0,4.0,10:54,,DENUNCIA,Violencia Intrafamiliar,VIOLENCIA INTRAFAMILIAR,Violencia_Intrafamiliar_fiscalia.csv,,,,,,,,,,,,,,,,,,,,,,,VIOLENCIA INTRAFAMILIAR,2/21/2024,Nivel 3,4,4,POINT (727788.3875014762 871834.9925767926)
,VIOLENCIA INTRAFAMILIAR ART. 229 C.P.,,Nivel 3,,CALI,Junín,09,-76.52645,3.43402,SIN INFORMACION,2024.0,febrero   ,26.0,2.0,15:00,,DENUNCIA,Violencia Intrafamiliar,VIOLENCIA INTRAFAMILIAR,Violencia_Intrafamiliar_fiscalia.csv,,,,,,,,,,,,,,,,,,,,,,,VIOLENCIA INTRAFAMILIAR,2/26/2024,Nivel 3,4,4,POINT (727788.3875014762 871834.9925767926)
,VIOLENCIA INTRAFAMILIAR ART. 229 C.P.,,Nivel 3,,CALI,Junín,09,-76.52645,3.43402,SIN INFORMACION,2024.0,febrero   ,26.0,2.0,09:46,,DENUNCIA,Violencia Intrafamiliar,VIOLENCIA INTRAFAMILIAR,Violencia_Intrafamiliar_fiscalia.csv,,,,,,,,,,,,,,,,,,,,,,,VIOLENCIA INTRAFAMILIAR,2/26/2024,Nivel 3,4,4,POINT (727788.3875014762 871834.9925767926)
,VIOLENCIA INTRAFAMILIAR ART. 229 C.P.,,Nivel 3,,CALI,Junín,09,-76.52645,3.43402,SIN INFORMACION,2024.0,marzo     ,5.0,3.0,10:00,,DENUNCIA,Violencia Intrafamiliar,VIOLENCIA INTRAFAMILIAR,Violencia_Intrafamiliar_fiscalia.csv,,,,,,,,,,,,,,,,,,,,,,,VIOLENCIA INTRAFAMILIAR,3/5/2024,Nivel 3,4,4,POINT (727788.3875014762 871834.9925767926)
,VIOLENCIA INTRAFAMILIAR ART. 229 C.P.,,Nivel 3,,CALI,Junín,09,-76.52645,3.43402,SIN INFORMACION,2024.0,marzo     ,8.0,6.0,12:20,,DENUNCIA,Violencia Intrafamiliar,VIOLENCIA INTRAFAMILIAR,Violencia_Intrafamiliar_fiscalia.csv,,,,,,,,,,,,,,,,,,,,,,,VIOLENCIA INTRAFAMILIAR,3/8/2024,Nivel 3,4,4,POINT (727788.3875014762 871834.9925767926)
,VIOLENCIA INTRAFAMILIAR ART. 229 C.P.,,Nivel 3,,CALI,Junín,09,-76.52749,3.4345,SIN INFORMACION,2024.0,marzo     ,11.0,2.0,12:22,,DENUNCIA,Violencia Intrafamiliar,VIOLENCIA INTRAFAMILIAR,Violencia_Intrafamiliar_fiscalia.csv,,,,,,,,,,,,,,,,,,,,,,,VIOLENCIA INTRAFAMILIAR,3/11/2024,Nivel 3,4,4,POINT (727672.8522486406 871888.4150701927)
,VIOLENCIA INTRAFAMILIAR ART. 229 C.P.,,Nivel 3,,CALI,Junín,09,-76.52645,3.43402,SIN INFORMACION,2024.0,marzo     ,12.0,3.0,03:00,,DENUNCIA,Violencia Intrafamiliar,VIOLENCIA INTRAFAMILIAR,Violencia_Intrafamiliar_fiscalia.csv,,,,,,,,,,,,,,,,,,,,,,,VIOLENCIA INTRAFAMILIAR,3/12/2024,Nivel 3,4,4,POINT (727788.3875014762 871834.9925767926)
,VIOLENCIA INTRAFAMILIAR ART. 229 C.P.,,Nivel 3,,CALI,Junín,09,-76.527346,3.433997,SIN INFORMACION,2024.0,marzo     ,22.0,6.0,11:28,,DENUNCIA,Violencia Intrafamiliar,VIOLENCIA INTRAFAMILIAR,Violencia_Intrafamiliar_fiscalia.csv,,,,,,,,,,,,,,,,,,,,,,,VIOLENCIA INTRAFAMILIAR,3/22/2024,Nivel 3,4,4,POINT (727688.725606797 871832.7022956323)
,VIOLENCIA INTRAFAMILIAR ART. 229 C.P.,,Nivel 3,,CALI,Junín,09,-76.52703,3.433131,DOMICILIO,2024.0,marzo     ,28.0,5.0,17:00,,DENUNCIA,Violencia Intrafamiliar,VIOLENCIA INTRAFAMILIAR,Violencia_Intrafamiliar_fiscalia.csv,,,,,,,,,,,,,,,,,,,,,,,VIOLENCIA INTRAFAMILIAR,3/28/2024,Nivel 3,4,4,POINT (727723.6263588346 871736.7639211984)
,VIOLENCIA INTRAFAMILIAR ART. 229 C.P.,,Nivel 3,,CALI,Junín,09,-76.527346,3.433997,SIN INFORMACION,2024.0,agosto    ,21.0,4.0,08:22,,DENUNCIA,Violencia Intrafamiliar,VIOLENCIA INTRAFAMILIAR,Violencia_Intrafamiliar_fiscalia.csv,,,,,,,,,,,,,,,,,,,,,,,VIOLENCIA INTRAFAMILIAR,8/21/2024,Nivel 3,4,4,POINT (727688.725606797 871832.7022956323)
,VIOLENCIA INTRAFAMILIAR ART. 229 C.P.,,Nivel 3,,CALI,Junín,09,-76.527694,3.434428,SIN INFORMACION,2024.0,octubre   ,4.0,6.0,01:00,,DENUNCIA,Violencia Intrafamiliar,VIOLENCIA INTRAFAMILIAR,Violencia_Intrafamiliar_fiscalia.csv,,,,,,,,,,,,,,,,,,,,,,,VIOLENCIA INTRAFAMILIAR,10/4/2024,Nivel 3,4,4,POINT (727650.1424279499 871880.5043145635)
,VIOLENCIA INTRAFAMILIAR ART. 229 C.P.,,Nivel 3,,CALI,Junín,09,-76.527346,3.433997,SIN INFORMACION,2024.0,octubre   ,22.0,3.0,16:36,,DENUNCIA,Violencia Intrafamiliar,VIOLENCIA INTRAFAMILIAR,Violencia_Intrafamiliar_fiscalia.csv,,,,,,,,,,,,,,,,,,,,,,,VIOLENCIA INTRAFAMILIAR,10/22/2024,Nivel 3,4,4,POINT (727688.725606797 871832.7022956323)
,VIOLENCIA INTRAFAMILIAR ART. 229 C.P.,,Nivel 3,,CALI,Junín,09,-76.527346,3.433997,SIN INFORMACION,2025.0,marzo     ,14.0,6.0,11:31,,DENUNCIA,Violencia Intrafamiliar,VIOLENCIA INTRAFAMILIAR,Violencia_Intrafamiliar_fiscalia.csv,,,,,,,,,,,,,,,,,,,,,,,VIOLENCIA INTRAFAMILIAR,3/14/2025,Nivel 3,4,4,POINT (727688.725606797 871832.7022956323)
,VIOLENCIA INTRAFAMILIAR ART. 229 C.P.,,Nivel 3,,CALI,Junín,09,-76.527346,3.433997,SIN INFORMACION,2025.0,abril     ,24.0,5.0,09:37,,DENUNCIA,Violencia Intrafamiliar,VIOLENCIA INTRAFAMILIAR,Violencia_Intrafamiliar_fiscalia.csv,,,,,,,,,,,,,,,,,,,,,,,VIOLENCIA INTRAFAMILIAR,4/24/2025,Nivel 3,4,4,POINT (727688.725606797 871832.7022956323)
,VIOLENCIA INTRAFAMILIAR ART. 229 C.P.,,Nivel 3,,CALI,Junín,09,-76.527346,3.433997,SIN INFORMACION,2025.0,abril     ,25.0,6.0,07:28,,DENUNCIA,Violencia Intrafamiliar,VIOLENCIA INTRAFAMILIAR,Violencia_Intrafamiliar_fiscalia.csv,,,,,,,,,,,,,,,,,,,,,,,VIOLENCIA INTRAFAMILIAR,4/25/2025,Nivel 3,4,4,POINT (727688.725606797 871832.7022956323)
,VIOLENCIA INTRAFAMILIAR ART. 229 C.P.,,Nivel 3,,CALI,Junín,09,-76.527346,3.433997,SIN INFORMACION,2025.0,mayo      ,12.0,2.0,09:30,,DENUNCIA,Violencia Intrafamiliar,VIOLENCIA INTRAFAMILIAR,Violencia_Intrafamiliar_fiscalia.csv,,,,,,,,,,,,,,,,,,,,,,,VIOLENCIA INTRAFAMILIAR,5/12/2025,Nivel 3,4,4,POINT (727688.725606797 871832.7022956323)
,VIOLENCIA INTRAFAMILIAR ART. 229 C.P.,,Nivel 3,,CALI,Junín,09,-76.527346,3.433997,SIN INFORMACION,2025.0,mayo      ,13.0,3.0,09:45,,DENUNCIA,Violencia Intrafamiliar,VIOLENCIA INTRAFAMILIAR,Violencia_Intrafamiliar_fiscalia.csv,,,,,,,,,,,,,,,,,,,,,,,VIOLENCIA INTRAFAMILIAR,5/13/2025,Nivel 3,4,4,POINT (727688.725606797 871832.7022956323)
,VIOLENCIA INTRAFAMILIAR ART. 229 C.P.,,Nivel 3,,CALI,Junín,09,-76.527346,3.433997,SIN INFORMACION,2025.0,mayo      ,19.0,2.0,09:45,,DENUNCIA,Violencia Intrafamiliar,VIOLENCIA INTRAFAMILIAR,Violencia_Intrafamiliar_fiscalia.csv,,,,,,,,,,,,,,,,,,,,,,,VIOLENCIA INTRAFAMILIAR,5/19/2025,Nivel 3,4,4,POINT (727688.725606797 871832.7022956323)
,VIOLENCIA INTRAFAMILIAR ART. 229 C.P.,,Nivel 3,,CALI,Junín,09,-76.527346,3.433997,SIN INFORMACION,2025.0,mayo      ,20.0,3.0,10:58,,DENUNCIA,Violencia Intrafamiliar,VIOLENCIA INTRAFAMILIAR,Violencia_Intrafamiliar_fiscalia.csv,,,,,,,,,,,,,,,,,,,,,,,VIOLENCIA INTRAFAMILIAR,5/20/2025,Nivel 3,4,4,POINT (727688.725606797 871832.7022956323)
,VIOLENCIA INTRAFAMILIAR ART. 229 C.P.,,Nivel 3,,CALI,Junín,09,-76.527346,3.433997,SIN INFORMACION,2025.0,mayo      ,31.0,7.0,09:07,,DENUNCIA,Violencia Intrafamiliar,VIOLENCIA INTRAFAMILIAR,Violencia_Intrafamiliar_fiscalia.csv,,,,,,,,,,,,,,,,,,,,,,,VIOLENCIA INTRAFAMILIAR,5/31/2025,Nivel 3,4,4,POINT (727688.725606797 871832.7022956323)
,VIOLENCIA INTRAFAMILIAR ART. 229 C.P.,,Nivel 3,,CALI,Junín,09,-76.527346,3.433997,SIN INFORMACION,2025.0,junio     ,19.0,5.0,10:14,,DENUNCIA,Violencia Intrafamiliar,VIOLENCIA INTRAFAMILIAR,Violencia_Intrafamiliar_fiscalia.csv,,,,,,,,,,,,,,,,,,,,,,,VIOLENCIA INTRAFAMILIAR,6/19/2025,Nivel 3,4,4,POINT (727688.725606797 871832.7022956323)
,VIOLENCIA INTRAFAMILIAR ART. 229 C.P.,,Nivel 3,,CALI,Junín,09,-76.527346,3.433997,SIN INFORMACION,2025.0,julio     ,28.0,2.0,07:53,,DENUNCIA,Violencia Intrafamiliar,VIOLENCIA INTRAFAMILIAR,Violencia_Intrafamiliar_fiscalia.csv,,,,,,,,,,,,,,,,,,,,,,,VIOLENCIA INTRAFAMILIAR,7/28/2025,Nivel 3,4,4,POINT (727688.725606797 871832.7022956323)
,VIOLENCIA INTRAFAMILIAR ART. 229 C.P.,,Nivel 3,,CALI,Junín,09,-76.527346,3.433997,SIN INFORMACION,2025.0,septiembre,18.0,5.0,10:38,,DENUNCIA,Violencia Intrafamiliar,VIOLENCIA INTRAFAMILIAR,Violencia_Intrafamiliar_fiscalia.csv,,,,,,,,,,,,,,,,,,,,,,,VIOLENCIA INTRAFAMILIAR,9/18/2025,Nivel 3,4,4,POINT (727688.725606797 871832.7022956323)
,VIOLENCIA INTRAFAMILIAR ART. 229 C.P.,,Nivel 3,,CALI,Junín,09,-76.527346,3.433997,SIN INFORMACION,2025.0,septiembre,18.0,5.0,10:53,,DENUNCIA,Violencia Intrafamiliar,VIOLENCIA INTRAFAMILIAR,Violencia_Intrafamiliar_fiscalia.csv,,,,,,,,,,,,,,,,,,,,,,,VIOLENCIA INTRAFAMILIAR,9/18/2025,Nivel 3,4,4,POINT (727688.725606797 871832.7022956323)
,EXTORSION. ART. 244 C.P.,,Nivel 1,,CALI,Junín,09,-76.52645,3.43402,SIN INFORMACION,2023.0,enero     ,9.0,2.0,19:00,,DENUNCIA,Extorsion,EXTORSION,Extorsion_fiscalia.csv,,,,,,,,,,,,,,,,,,,,,,,EXTORSION,1/9/2023,Nivel 1,1,1,POINT (727788.3875014762 871834.9925767926)
,EXTORSION. ART. 244 C.P.,,Nivel 1,,CALI,Junín,09,-76.52645,3.43402,SIN INFORMACION,2023.0,enero     ,27.0,6.0,09:50,,DENUNCIA,Extorsion,EXTORSION,Extorsion_fiscalia.csv,,,,,,,,,,,,,,,,,,,,,,,EXTORSION,1/27/2023,Nivel 1,1,1,POINT (727788.3875014762 871834.9925767926)
,EXTORSION. ART. 244 C.P.,,Nivel 1,,CALI,Junín,09,-76.526413,3.433992,DOMICILIO,2023.0,enero     ,28.0,7.0,09:20,,DENUNCIA,Extorsion,EXTORSION,Extorsion_fiscalia.csv,,,,,,,,,,,,,,,,,,,,,,,EXTORSION,1/28/2023,Nivel 1,1,1,POINT (727792.4947940616 871831.8830142916)
,EXTORSION. ART. 244 C.P.,,Nivel 1,,CALI,Junín,09,-76.52645,3.43402,SIN INFORMACION,2023.0,febrero   ,5.0,1.0,06:00,,DENUNCIA,Extorsion,EXTORSION,Extorsion_fiscalia.csv,,,,,,,,,,,,,,,,,,,,,,,EXTORSION,2/5/2023,Nivel 1,1,1,POINT (727788.3875014762 871834.9925767926)
,EXTORSION. ART. 244 C.P.,,Nivel 1,,CALI,Junín,09,-76.52645,3.43402,SIN INFORMACION,2023.0,marzo     ,1.0,4.0,11:40,,DENUNCIA,Extorsion,EXTORSION,Extorsion_fiscalia.csv,,,,,,,,,,,,,,,,,,,,,,,EXTORSION,3/1/2023,Nivel 1,1,1,POINT (727788.3875014762 871834.9925767926)
,EXTORSION. ART. 244 C.P.,,Nivel 1,,CALI,Junín,09,-76.52645,3.43402,SIN INFORMACION,2023.0,marzo     ,15.0,4.0,23:00,,DENUNCIA,Extorsion,EXTORSION,Extorsion_fiscalia.csv,,,,,,,,,,,,,,,,,,,,,,,EXTORSION,3/15/2023,Nivel 1,1,1,POINT (727788.3875014762 871834.9925767926)
,EXTORSION. ART. 244 C.P.,,Nivel 1,,CALI,Junín,09,-76.52645,3.43402,SIN INFORMACION,2023.0,marzo     ,15.0,4.0,00:34,,DENUNCIA,Extorsion,EXTORSION,Extorsion_fiscalia.csv,,,,,,,,,,,,,,,,,,,,,,,EXTORSION,3/15/2023,Nivel 1,1,1,POINT (727788.3875014762 871834.9925767926)
,EXTORSION. ART. 244 C.P.,,Nivel 1,,CALI,Junín,09,-76.52645,3.43402,SIN INFORMACION,2023.0,marzo     ,17.0,6.0,14:31,,DENUNCIA,Extorsion,EXTORSION,Extorsion_fiscalia.csv,,,,,,,,,,,,,,,,,,,,,,,EXTORSION,3/17/2023,Nivel 1,1,1,POINT (727788.3875014762 871834.9925767926)
,EXTORSION. ART. 244 C.P.,,Nivel 1,,CALI,Junín,09,-76.52645,3.43402,SIN INFORMACION,2023.0,abril     ,12.0,4.0,09:10,,DENUNCIA,Extorsion,EXTORSION,Extorsion_fiscalia.csv,,,,,,,,,,,,,,,,,,,,,,,EXTORSION,4/12/2023,Nivel 1,1,1,POINT (727788.3875014762 871834.9925767926)
,EXTORSION. ART. 244 C.P.,,Nivel 1,,CALI,Junín,09,-76.52645,3.43402,SIN INFORMACION,2023.0,abril     ,12.0,4.0,15:30,,DENUNCIA,Extorsion,EXTORSION,Extorsion_fiscalia.csv,,,,,,,,,,,,,,,,,,,,,,,EXTORSION,4/12/2023,Nivel 1,1,1,POINT (727788.3875014762 871834.9925767926)
,EXTORSION. ART. 244 C.P.,,Nivel 1,,CALI,Junín,09,-76.52645,3.43402,SIN INFORMACION,2023.0,abril     ,17.0,2.0,12:00,,DENUNCIA,Extorsion,EXTORSION,Extorsion_fiscalia.csv,,,,,,,,,,,,,,,,,,,,,,,EXTORSION,4/17/2023,Nivel 1,1,1,POINT (727788.3875014762 871834.9925767926)
,EXTORSION. ART. 244 C.P.,,Nivel 1,,CALI,Junín,09,-76.52645,3.43402,SIN INFORMACION,2023.0,abril     ,28.0,6.0,06:30,,DENUNCIA,Extorsion,EXTORSION,Extorsion_fiscalia.csv,,,,,,,,,,,,,,,,,,,,,,,EXTORSION,4/28/2023,Nivel 1,1,1,POINT (727788.3875014762 871834.9925767926)
,EXTORSION. ART. 244 C.P.,,Nivel 1,,CALI,Junín,09,-76.52645,3.43402,SIN INFORMACION,2023.0,mayo      ,9.0,3.0,10:45,,DENUNCIA,Extorsion,EXTORSION,Extorsion_fiscalia.csv,,,,,,,,,,,,,,,,,,,,,,,EXTORSION,5/9/2023,Nivel 1,1,1,POINT (727788.3875014762 871834.9925767926)
,EXTORSION. ART. 244 C.P.,,Nivel 1,,CALI,Junín,09,-76.52645,3.43402,SIN INFORMACION,2023.0,mayo      ,10.0,4.0,22:00,,DENUNCIA,Extorsion,EXTORSION,Extorsion_fiscalia.csv,,,,,,,,,,,,,,,,,,,,,,,EXTORSION,5/10/2023,Nivel 1,1,1,POINT (727788.3875014762 871834.9925767926)
,EXTORSION. ART. 244 C.P.,,Nivel 1,,CALI,Junín,09,-76.52645,3.43402,SIN INFORMACION,2023.0,mayo      ,19.0,6.0,12:25,,DENUNCIA,Extorsion,EXTORSION,Extorsion_fiscalia.csv,,,,,,,,,,,,,,,,,,,,,,,EXTORSION,5/19/2023,Nivel 1,1,1,POINT (727788.3875014762 871834.9925767926)
,EXTORSION. ART. 244 C.P.,,Nivel 1,,CALI,Junín,09,-76.52645,3.43402,SIN INFORMACION,2023.0,mayo      ,20.0,7.0,04:11,,DENUNCIA,Extorsion,EXTORSION,Extorsion_fiscalia.csv,,,,,,,,,,,,,,,,,,,,,,,EXTORSION,5/20/2023,Nivel 1,1,1,POINT (727788.3875014762 871834.9925767926)
,EXTORSION. ART. 244 C.P.,,Nivel 1,,CALI,Junín,09,-76.52645,3.43402,SIN INFORMACION,2023.0,julio     ,6.0,5.0,19:00,,DENUNCIA,Extorsion,EXTORSION,Extorsion_fiscalia.csv,,,,,,,,,,,,,,,,,,,,,,,EXTORSION,7/6/2023,Nivel 1,1,1,POINT (727788.3875014762 871834.9925767926)
,EXTORSION. ART. 244 C.P.,,Nivel 1,,CALI,Junín,09,-76.52645,3.43402,SIN INFORMACION,2023.0,julio     ,10.0,2.0,19:00,,DENUNCIA,Extorsion,EXTORSION,Extorsion_fiscalia.csv,,,,,,,,,,,,,,,,,,,,,,,EXTORSION,7/10/2023,Nivel 1,1,1,POINT (727788.3875014762 871834.9925767926)
,EXTORSION. ART. 244 C.P.,,Nivel 1,,CALI,Junín,09,-76.52645,3.43402,SIN INFORMACION,2023.0,julio     ,11.0,3.0,11:00,,DENUNCIA,Extorsion,EXTORSION,Extorsion_fiscalia.csv,,,,,,,,,,,,,,,,,,,,,,,EXTORSION,7/11/2023,Nivel 1,1,1,POINT (727788.3875014762 871834.9925767926)
,EXTORSION. ART. 244 C.P.,,Nivel 1,,CALI,Junín,09,-76.52645,3.43402,SIN INFORMACION,2023.0,julio     ,23.0,1.0,16:45,,DENUNCIA,Extorsion,EXTORSION,Extorsion_fiscalia.csv,,,,,,,,,,,,,,,,,,,,,,,EXTORSION,7/23/2023,Nivel 1,1,1,POINT (727788.3875014762 871834.9925767926)
,EXTORSION. ART. 244 C.P.,,Nivel 1,,CALI,Junín,09,-76.52645,3.43402,SIN INFORMACION,2023.0,agosto    ,6.0,1.0,13:45,,DENUNCIA,Extorsion,EXTORSION,Extorsion_fiscalia.csv,,,,,,,,,,,,,,,,,,,,,,,EXTORSION,8/6/2023,Nivel 1,1,1,POINT (727788.3875014762 871834.9925767926)
,EXTORSION. ART. 244 C.P.,,Nivel 1,,CALI,Junín,09,-76.52645,3.43402,SIN INFORMACION,2023.0,agosto    ,8.0,3.0,19:00,,DENUNCIA,Extorsion,EXTORSION,Extorsion_fiscalia.csv,,,,,,,,,,,,,,,,,,,,,,,EXTORSION,8/8/2023,Nivel 1,1,1,POINT (727788.3875014762 871834.9925767926)
,EXTORSION. ART. 244 C.P.,,Nivel 1,,CALI,Junín,09,-76.52645,3.43402,SIN INFORMACION,2023.0,agosto    ,10.0,5.0,10:00,,DENUNCIA,Extorsion,EXTORSION,Extorsion_fiscalia.csv,,,,,,,,,,,,,,,,,,,,,,,EXTORSION,8/10/2023,Nivel 1,1,1,POINT (727788.3875014762 871834.9925767926)
,EXTORSION. ART. 244 C.P.,,Nivel 1,,CALI,Junín,09,-76.52645,3.43402,SIN INFORMACION,2023.0,agosto    ,18.0,6.0,21:43,,DENUNCIA,Extorsion,EXTORSION,Extorsion_fiscalia.csv,,,,,,,,,,,,,,,,,,,,,,,EXTORSION,8/18/2023,Nivel 1,1,1,POINT (727788.3875014762 871834.9925767926)
,EXTORSION. ART. 244 C.P.,,Nivel 1,,CALI,Junín,09,-76.52645,3.43402,SIN INFORMACION,2023.0,agosto    ,31.0,5.0,15:30,,DENUNCIA,Extorsion,EXTORSION,Extorsion_fiscalia.csv,,,,,,,,,,,,,,,,,,,,,,,EXTORSION,8/31/2023,Nivel 1,1,1,POINT (727788.3875014762 871834.9925767926)
,EXTORSION. ART. 244 C.P.,,Nivel 1,,CALI,Junín,09,-76.52645,3.43402,SIN INFORMACION,2023.0,septiembre,13.0,4.0,20:00,,DENUNCIA,Extorsion,EXTORSION,Extorsion_fiscalia.csv,,,,,,,,,,,,,,,,,,,,,,,EXTORSION,9/13/2023,Nivel 1,1,1,POINT (727788.3875014762 871834.9925767926)
,EXTORSION. ART. 244 C.P.,,Nivel 1,,CALI,Junín,09,-76.52645,3.43402,SIN INFORMACION,2023.0,septiembre,14.0,5.0,14:01,,DENUNCIA,Extorsion,EXTORSION,Extorsion_fiscalia.csv,,,,,,,,,,,,,,,,,,,,,,,EXTORSION,9/14/2023,Nivel 1,1,1,POINT (727788.3875014762 871834.9925767926)
,EXTORSION. ART. 244 C.P.,,Nivel 1,,CALI,Junín,09,-76.52645,3.43402,SIN INFORMACION,2023.0,septiembre,29.0,6.0,23:30,,DENUNCIA,Extorsion,EXTORSION,Extorsion_fiscalia.csv,,,,,,,,,,,,,,,,,,,,,,,EXTORSION,9/29/2023,Nivel 1,1,1,POINT (727788.3875014762 871834.9925767926)
,EXTORSION. ART. 244 C.P.,,Nivel 1,,CALI,Junín,09,-76.52645,3.43402,SIN INFORMACION,2023.0,octubre   ,1.0,1.0,19:00,,DENUNCIA,Extorsion,EXTORSION,Extorsion_fiscalia.csv,,,,,,,,,,,,,,,,,,,,,,,EXTORSION,10/1/2023,Nivel 1,1,1,POINT (727788.3875014762 871834.9925767926)
,EXTORSION. ART. 244 C.P.,,Nivel 1,,CALI,Junín,09,-76.52645,3.43402,SIN INFORMACION,2023.0,octubre   ,2.0,2.0,19:20,,DENUNCIA,Extorsion,EXTORSION,Extorsion_fiscalia.csv,,,,,,,,,,,,,,,,,,,,,,,EXTORSION,10/2/2023,Nivel 1,1,1,POINT (727788.3875014762 871834.9925767926)
,EXTORSION. ART. 244 C.P.,,Nivel 1,,CALI,Junín,09,-76.52645,3.43402,SIN INFORMACION,2023.0,octubre   ,8.0,1.0,19:37,,DENUNCIA,Extorsion,EXTORSION,Extorsion_fiscalia.csv,,,,,,,,,,,,,,,,,,,,,,,EXTORSION,10/8/2023,Nivel 1,1,1,POINT (727788.3875014762 871834.9925767926)
,EXTORSION. ART. 244 C.P.,,Nivel 1,,CALI,Junín,09,-76.52645,3.43402,SIN INFORMACION,2023.0,octubre   ,13.0,6.0,04:30,,DENUNCIA,Extorsion,EXTORSION,Extorsion_fiscalia.csv,,,,,,,,,,,,,,,,,,,,,,,EXTORSION,10/13/2023,Nivel 1,1,1,POINT (727788.3875014762 871834.9925767926)
,EXTORSION. ART. 244 C.P.,,Nivel 1,,CALI,Junín,09,-76.52645,3.43402,SIN INFORMACION,2023.0,octubre   ,29.0,1.0,15:40,,DENUNCIA,Extorsion,EXTORSION,Extorsion_fiscalia.csv,,,,,,,,,,,,,,,,,,,,,,,EXTORSION,10/29/2023,Nivel 1,1,1,POINT (727788.3875014762 871834.9925767926)
,EXTORSION. ART. 244 C.P.,,Nivel 1,,CALI,Junín,09,-76.52645,3.43402,SIN INFORMACION,2023.0,noviembre ,2.0,5.0,16:18,,DENUNCIA,Extorsion,EXTORSION,Extorsion_fiscalia.csv,,,,,,,,,,,,,,,,,,,,,,,EXTORSION,11/2/2023,Nivel 1,1,1,POINT (727788.3875014762 871834.9925767926)
,EXTORSION. ART. 244 C.P.,,Nivel 1,,CALI,Junín,09,-76.52645,3.43402,SIN INFORMACION,2023.0,noviembre ,3.0,6.0,16:54,,DENUNCIA,Extorsion,EXTORSION,Extorsion_fiscalia.csv,,,,,,,,,,,,,,,,,,,,,,,EXTORSION,11/3/2023,Nivel 1,1,1,POINT (727788.3875014762 871834.9925767926)
,EXTORSION. ART. 244 C.P.,,Nivel 1,,CALI,Junín,09,-76.52645,3.43402,SIN INFORMACION,2023.0,noviembre ,3.0,6.0,18:46,,DENUNCIA,Extorsion,EXTORSION,Extorsion_fiscalia.csv,,,,,,,,,,,,,,,,,,,,,,,EXTORSION,11/3/2023,Nivel 1,1,1,POINT (727788.3875014762 871834.9925767926)
,EXTORSION. ART. 244 C.P.,,Nivel 1,,CALI,Junín,09,-76.52645,3.43402,SIN INFORMACION,2023.0,noviembre ,3.0,6.0,16:20,,DENUNCIA,Extorsion,EXTORSION,Extorsion_fiscalia.csv,,,,,,,,,,,,,,,,,,,,,,,EXTORSION,11/3/2023,Nivel 1,1,1,POINT (727788.3875014762 871834.9925767926)
,EXTORSION. ART. 244 C.P.,,Nivel 1,,CALI,Junín,09,-76.52645,3.43402,SIN INFORMACION,2023.0,noviembre ,4.0,7.0,18:40,,DENUNCIA,Extorsion,EXTORSION,Extorsion_fiscalia.csv,,,,,,,,,,,,,,,,,,,,,,,EXTORSION,11/4/2023,Nivel 1,1,1,POINT (727788.3875014762 871834.9925767926)
,EXTORSION. ART. 244 C.P.,,Nivel 1,,CALI,Junín,09,-76.52645,3.43402,SIN INFORMACION,2023.0,noviembre ,7.0,3.0,17:35,,DENUNCIA,Extorsion,EXTORSION,Extorsion_fiscalia.csv,,,,,,,,,,,,,,,,,,,,,,,EXTORSION,11/7/2023,Nivel 1,1,1,POINT (727788.3875014762 871834.9925767926)
,EXTORSION. ART. 244 C.P.,,Nivel 1,,CALI,Junín,09,-76.52645,3.43402,SIN INFORMACION,2023.0,noviembre ,14.0,3.0,20:54,,DENUNCIA,Extorsion,EXTORSION,Extorsion_fiscalia.csv,,,,,,,,,,,,,,,,,,,,,,,EXTORSION,11/14/2023,Nivel 1,1,1,POINT (727788.3875014762 871834.9925767926)
,EXTORSION. ART. 244 C.P.,,Nivel 1,,CALI,Junín,09,-76.52645,3.43402,SIN INFORMACION,2023.0,noviembre ,17.0,6.0,12:15,,DENUNCIA,Extorsion,EXTORSION,Extorsion_fiscalia.csv,,,,,,,,,,,,,,,,,,,,,,,EXTORSION,11/17/2023,Nivel 1,1,1,POINT (727788.3875014762 871834.9925767926)
,EXTORSION. ART. 244 C.P.,,Nivel 1,,CALI,Junín,09,-76.52645,3.43402,SIN INFORMACION,2023.0,diciembre ,18.0,2.0,04:44,,DENUNCIA,Extorsion,EXTORSION,Extorsion_fiscalia.csv,,,,,,,,,,,,,,,,,,,,,,,EXTORSION,12/18/2023,Nivel 1,1,1,POINT (727788.3875014762 871834.9925767926)
,EXTORSION. ART. 244 C.P.,,Nivel 1,,CALI,Junín,09,-76.52645,3.43402,SIN INFORMACION,2024.0,enero     ,6.0,7.0,14:00,,DENUNCIA,Extorsion,EXTORSION,Extorsion_fiscalia.csv,,,,,,,,,,,,,,,,,,,,,,,EXTORSION,1/6/2024,Nivel 1,1,1,POINT (727788.3875014762 871834.9925767926)
,EXTORSION. ART. 244 C.P.,,Nivel 1,,CALI,Junín,09,-76.52645,3.43402,SIN INFORMACION,2024.0,enero     ,12.0,6.0,15:15,,DENUNCIA,Extorsion,EXTORSION,Extorsion_fiscalia.csv,,,,,,,,,,,,,,,,,,,,,,,EXTORSION,1/12/2024,Nivel 1,1,1,POINT (727788.3875014762 871834.9925767926)
,EXTORSION. ART. 244 C.P.,,Nivel 1,,CALI,Junín,09,-76.52645,3.43402,SIN INFORMACION,2024.0,enero     ,20.0,7.0,00:00,,DENUNCIA,Extorsion,EXTORSION,Extorsion_fiscalia.csv,,,,,,,,,,,,,,,,,,,,,,,EXTORSION,1/20/2024,Nivel 1,1,1,POINT (727788.3875014762 871834.9925767926)
,EXTORSION. ART. 244 C.P.,,Nivel 1,,CALI,Junín,09,-76.52645,3.43402,SIN INFORMACION,2024.0,febrero   ,3.0,7.0,19:30,,DENUNCIA,Extorsion,EXTORSION,Extorsion_fiscalia.csv,,,,,,,,,,,,,,,,,,,,,,,EXTORSION,2/3/2024,Nivel 1,1,1,POINT (727788.3875014762 871834.9925767926)
,EXTORSION. ART. 244 C.P.,,Nivel 1,,CALI,Junín,09,-76.527346,3.433997,SIN INFORMACION,2024.0,marzo     ,6.0,4.0,12:42,,DENUNCIA,Extorsion,EXTORSION,Extorsion_fiscalia.csv,,,,,,,,,,,,,,,,,,,,,,,EXTORSION,3/6/2024,Nivel 1,1,1,POINT (727688.725606797 871832.7022956323)
,EXTORSION. ART. 244 C.P.,,Nivel 1,,CALI,Junín,09,-76.52645,3.43402,SIN INFORMACION,2024.0,marzo     ,13.0,4.0,15:00,,DENUNCIA,Extorsion,EXTORSION,Extorsion_fiscalia.csv,,,,,,,,,,,,,,,,,,,,,,,EXTORSION,3/13/2024,Nivel 1,1,1,POINT (727788.3875014762 871834.9925767926)
,EXTORSION. ART. 244 C.P.,,Nivel 1,,CALI,Junín,09,-76.527505,3.434249,SIN INFORMACION,2024.0,agosto    ,28.0,4.0,15:17,,DENUNCIA,Extorsion,EXTORSION,Extorsion_fiscalia.csv,,,,,,,,,,,,,,,,,,,,,,,EXTORSION,8/28/2024,Nivel 1,1,1,POINT (727671.1127047403 871860.6388215862)
,EXTORSION. ART. 244 C.P.,,Nivel 1,,CALI,Junín,09,-76.527346,3.433997,SIN INFORMACION,2024.0,diciembre ,23.0,2.0,13:42,,DENUNCIA,Extorsion,EXTORSION,Extorsion_fiscalia.csv,,,,,,,,,,,,,,,,,,,,,,,EXTORSION,12/23/2024,Nivel 1,1,1,POINT (727688.725606797 871832.7022956323)
,EXTORSION. ART. 244 C.P.,,Nivel 1,,CALI,Junín,09,-76.527346,3.433997,SIN INFORMACION,2025.0,febrero   ,1.0,7.0,09:08,,DENUNCIA,Extorsion,EXTORSION,Extorsion_fiscalia.csv,,,,,,,,,,,,,,,,,,,,,,,EXTORSION,2/1/2025,Nivel 1,1,1,POINT (727688.725606797 871832.7022956323)
,EXTORSION. ART. 244 C.P.,,Nivel 1,,CALI,Junín,09,-76.527346,3.433997,SIN INFORMACION,2025.0,junio     ,21.0,7.0,07:59,,DENUNCIA,Extorsion,EXTORSION,Extorsion_fiscalia.csv,,,,,,,,,,,,,,,,,,,,,,,EXTORSION,6/21/2025,Nivel 1,1,1,POINT (727688.725606797 871832.7022956323)
