Dinámica,Artículo,Municipio,BARRIO_1,COMUNA,x,y,Sitio,Año_Hecho,Mes_Hecho,Día_Hecho,Fecha_Hecho,Día_Semana_Hecho,Hora_Hecho,Tipo_Noticia,NIVEL_SEVERIDAD
EXTORSION,EXTORSION. ART. 244 C.P.,CALI,Urbanización La Merced,02,-76.512672,3.478067,SIN INFORMACION,2023,enero     ,1,1/1/2023,1,09:30,DENUNCIA,Nivel 1
EXTORSION,EXTORSION. ART. 244 C.P.,CALI,Villa del Sol,05,-76.495051,3.481017,SIN INFORMACION,2023,enero     ,2,1/2/2023,2,15:00,DENUNCIA,Nivel 1
EXTORSION,EXTORSION. ART. 244 C.P.,CALI,Centenario,02,-76.536467,3.454136,SIN INFORMACION,2023,enero     ,3,1/3/2023,3,15:19,DENUNCIA,Nivel 1
EXTORSION,EXTORSION. ART. 244 C.P.,CALI,El Morichal,15,-76.508046,3.391353,SIN INFORMACION,2023,enero     ,3,1/3/2023,3,09:56,DENUNCIA,Nivel 1
EXTORSION,EXTORSION. ART. 244 C.P.,CALI,Santa Anita - La Selva,17,-76.540515,3.401786,SIN INFORMACION,2023,enero     ,3,1/3/2023,3,18:50,DENUNCIA,Nivel 1
EXTORSION,EXTORSION. ART. 244 C.P.,CALI,La Flora,02,-76.521835,3.48738,SIN INFORMACION,2023,enero     ,3,1/3/2023,3,15:46,DENUNCIA,Nivel 1
EXTORSION,EXTORSION. ART. 244 C.P.,CALI,Los Comuneros I,15,-76.492501,3.41616,SIN INFORMACION,2023,enero     ,3,1/3/2023,3,15:14,DENUNCIA,Nivel 1
EXTORSION,EXTORSION. ART. 244 C.P.,CALI,Urbanización Calimio,06,-76.483176,3.487219,SIN INFORMACION,2023,enero     ,3,1/3/2023,3,15:30,DENUNCIA,Nivel 1
EXTORSION,EXTORSION. ART. 244 C.P.,CALI,Los Comuneros II,13,-76.492424,3.426265,SIN INFORMACION,2023,enero     ,4,1/4/2023,4,03:30,DENUNCIA,Nivel 1
EXTORSION,EXTORSION. ART. 244 C.P.,CALI,Aguablanca,11,-76.51886,3.42912,SIN INFORMACION,2023,enero     ,4,1/4/2023,4,12:00,DENUNCIA,Nivel 1
EXTORSION,EXTORSION. ART. 244 C.P.,CALI,Los Comuneros I,15,-76.492943,3.414429,DOMICILIO,2023,enero     ,4,1/4/2023,4,07:00,DENUNCIA,Nivel 1
EXTORSION,EXTORSION. ART. 244 C.P.,CALI,El Ingenio,17,-76.53122,3.383574,SIN INFORMACION,2023,enero     ,4,1/4/2023,4,13:00,DENUNCIA,Nivel 1
EXTORSION,EXTORSION. ART. 244 C.P.,CALI,Base Aérea,07,-76.501976,3.453338,SIN INFORMACION,2023,enero     ,4,1/4/2023,4,05:19,DENUNCIA,Nivel 1
EXTORSION,EXTORSION. ART. 244 C.P.,CALI,Rural,Rural,-76.565224,3.404547,SIN INFORMACION,2023,enero     ,5,1/5/2023,5,16:00,DENUNCIA,Nivel 1
EXTORSION,EXTORSION. ART. 244 C.P.,CALI,Alfonso Lopez P. 3a Etapa,07,-76.485163,3.452118,SIN INFORMACION,2023,enero     ,6,1/6/2023,6,14:00,DENUNCIA,Nivel 1
EXTORSION,EXTORSION. ART. 244 C.P.,CALI,Chiminangos I,05,-76.491562,3.477217,SIN INFORMACION,2023,enero     ,6,1/6/2023,6,00:00,DENUNCIA,Nivel 1
EXTORSION,EXTORSION. ART. 244 C.P.,CALI,Ciudadela del Rio - CVC,21,-76.464744,3.426342,DOMICILIO,2023,enero     ,6,1/6/2023,6,08:19,DENUNCIA,Nivel 1
EXTORSION,EXTORSION. ART. 244 C.P.,CALI,San Pedro,03,-76.52985,3.45182,SIN INFORMACION,2023,enero     ,6,1/6/2023,6,10:00,DENUNCIA,Nivel 1
EXTORSION,EXTORSION. ART. 244 C.P.,CALI,Belisario Caicedo,20,-76.55671,3.41615,SIN INFORMACION,2023,enero     ,7,1/7/2023,7,09:20,DENUNCIA,Nivel 1
EXTORSION,EXTORSION. ART. 244 C.P.,CALI,El Cedro,19,-76.53878,3.43439,EDIFICIO,2023,enero     ,7,1/7/2023,7,00:00,DENUNCIA,Nivel 1
EXTORSION,EXTORSION. ART. 244 C.P.,CALI,Lili,17,-76.522123,3.378878,DOMICILIO,2023,enero     ,8,1/8/2023,1,02:00,DENUNCIA,Nivel 1
EXTORSION,EXTORSION. ART. 244 C.P.,CALI,Doce de Octubre,12,-76.502529,3.429447,SIN INFORMACION,2023,enero     ,8,1/8/2023,1,17:15,DENUNCIA,Nivel 1
EXTORSION,EXTORSION. ART. 244 C.P.,CALI,Mariano Ramos,16,-76.51523,3.401521,SIN INFORMACION,2023,enero     ,9,1/9/2023,2,12:00,DENUNCIA,Nivel 1
EXTORSION,EXTORSION. ART. 244 C.P.,CALI,Junín,09,-76.52645,3.43402,SIN INFORMACION,2023,enero     ,9,1/9/2023,2,19:00,DENUNCIA,Nivel 1
EXTORSION,EXTORSION. ART. 244 C.P.,CALI,Desepaz Invicali,21,-76.463987,3.429351,SIN INFORMACION,2023,enero     ,10,1/10/2023,3,07:00,DENUNCIA,Nivel 1
EXTORSION,EXTORSION. ART. 244 C.P.,CALI,Ciudad Talanga,21,-76.464575,3.435965,SIN INFORMACION,2023,enero     ,10,1/10/2023,3,22:00,DENUNCIA,Nivel 1
EXTORSION,EXTORSION. ART. 244 C.P.,CALI,Ciudad Córdoba,15,-76.5073,3.401997,SIN INFORMACION,2023,enero     ,10,1/10/2023,3,06:00,DENUNCIA,Nivel 1
EXTORSION,EXTORSION. ART. 244 C.P.,CALI,Brisas de Los Álamos,02,-76.503618,3.49445,SIN INFORMACION,2023,enero     ,10,1/10/2023,3,12:12,DENUNCIA,Nivel 1
EXTORSION,EXTORSION. ART. 244 C.P.,CALI,El Vallado,15,-76.497848,3.406626,SIN INFORMACION,2023,enero     ,10,1/10/2023,3,16:32,DENUNCIA,Nivel 1
EXTORSION,EXTORSION. ART. 244 C.P.,CALI,Planta de Tratamiento,21,-76.47935,3.44072,CENTRO COMERCIAL,2023,enero     ,10,1/10/2023,3,21:00,DENUNCIA,Nivel 1
EXTORSION,EXTORSION. ART. 244 C.P.,CALI,San Carlos,11,-76.5142,3.419688,SIN INFORMACION,2023,enero     ,10,1/10/2023,3,05:10,DENUNCIA,Nivel 1
EXTORSION,EXTORSION. ART. 244 C.P.,CALI,Rural,Rural,-76.56845,3.403223,SIN INFORMACION,2023,enero     ,11,1/11/2023,4,06:00,DENUNCIA,Nivel 1
EXTORSION,EXTORSION. ART. 244 C.P.,CALI,Rural,Rural,-76.52979,3.297805,ESTABLECIMIENTO DE COMERCIO,2023,enero     ,11,1/11/2023,4,00:00,DENUNCIA,Nivel 1
EXTORSION,EXTORSION. ART. 244 C.P.,CALI,Villanueva,12,-76.508441,3.431226,SIN INFORMACION,2023,enero     ,11,1/11/2023,4,18:00,DENUNCIA,Nivel 1
EXTORSION,EXTORSION. ART. 244 C.P.,CALI,El Diamante,13,-76.504363,3.419363,SIN INFORMACION,2023,enero     ,12,1/12/2023,5,05:00,DENUNCIA,Nivel 1
EXTORSION,EXTORSION. ART. 244 C.P.,CALI,Los Sauces,11,-76.514755,3.418043,SIN INFORMACION,2023,enero     ,12,1/12/2023,5,12:30,DENUNCIA,Nivel 1
EXTORSION,EXTORSION. ART. 244 C.P.,CALI,San Vicente,02,-76.525715,3.461895,SIN INFORMACION,2023,enero     ,12,1/12/2023,5,16:40,DENUNCIA,Nivel 1
EXTORSION,EXTORSION. ART. 244 C.P.,CALI,Ciudad de Los Álamos,02,-76.512248,3.483711,DOMICILIO,2023,enero     ,13,1/13/2023,6,11:16,DENUNCIA,Nivel 1
EXTORSION,EXTORSION. ART. 244 C.P.,CALI,Urbanización La Nueva Base,08,-76.491496,3.448495,SIN INFORMACION,2023,enero     ,13,1/13/2023,6,18:00,DENUNCIA,Nivel 1
EXTORSION,EXTORSION. ART. 244 C.P.,CALI,Bellavista,19,-76.554419,3.443737,SIN INFORMACION,2023,enero     ,14,1/14/2023,7,09:34,DENUNCIA,Nivel 1
EXTORSION,EXTORSION. ART. 244 C.P.,CALI,San Antonio,03,-76.538515,3.448426,SIN INFORMACION,2023,enero     ,14,1/14/2023,7,16:07,DENUNCIA,Nivel 1
EXTORSION,EXTORSION. ART. 244 C.P.,CALI,Ciudadela Floralia,06,-76.48837,3.495761,SIN INFORMACION,2023,enero     ,14,1/14/2023,7,01:00,DENUNCIA,Nivel 1
EXTORSION,EXTORSION. ART. 244 C.P.,CALI,Sucre,09,-76.527515,3.448239,DOMICILIO,2023,enero     ,14,1/14/2023,7,00:00,DENUNCIA,Nivel 1
EXTORSION,EXTORSION. ART. 244 C.P.,CALI,Bellavista,19,-76.552161,3.446315,SIN INFORMACION,2023,enero     ,15,1/15/2023,1,14:00,DENUNCIA,Nivel 1
EXTORSION,EXTORSION. ART. 244 C.P.,CALI,Compartir,21,-76.469346,3.430708,DOMICILIO,2023,enero     ,15,1/15/2023,1,19:00,DENUNCIA,Nivel 1
EXTORSION,EXTORSION. ART. 244 C.P.,CALI,El Bosque,02,-76.52611,3.484802,SIN INFORMACION,2023,enero     ,15,1/15/2023,1,08:00,DENUNCIA,Nivel 1
EXTORSION,EXTORSION. ART. 244 C.P.,CALI,El Lido,19,-76.55306,3.419409,SIN INFORMACION,2023,enero     ,16,1/16/2023,2,01:00,DENUNCIA,Nivel 1
EXTORSION,EXTORSION. ART. 244 C.P.,CALI,Compartir,21,-76.464756,3.433069,SIN INFORMACION,2023,enero     ,17,1/17/2023,3,19:19,DENUNCIA,Nivel 1
EXTORSION,EXTORSION. ART. 244 C.P.,CALI,Alfonso Lopez P. 3a Etapa,07,-76.4792,3.450804,OTRO,2023,enero     ,17,1/17/2023,3,03:00,DENUNCIA,Nivel 1
EXTORSION,EXTORSION. ART. 244 C.P.,CALI,Senderos de La Flora,02,-76.520134,3.491441,SIN INFORMACION,2023,enero     ,17,1/17/2023,3,10:00,DENUNCIA,Nivel 1
EXTORSION,EXTORSION. ART. 244 C.P.,CALI,Manzanares,04,-76.509826,3.465453,SIN INFORMACION,2023,enero     ,18,1/18/2023,4,14:00,DENUNCIA,Nivel 1
EXTORSION,EXTORSION. ART. 244 C.P.,CALI,Los Guaduales,06,-76.49966,3.490036,ESTABLECIMIENTO DE COMERCIO,2023,enero     ,18,1/18/2023,4,09:30,DENUNCIA,Nivel 1
EXTORSION,EXTORSION. ART. 244 C.P.,CALI,Ciudad Capri,17,-76.540576,3.392273,SIN INFORMACION,2023,enero     ,18,1/18/2023,4,11:56,DENUNCIA,Nivel 1
EXTORSION,EXTORSION. ART. 244 C.P.,CALI,El Peñón,03,-76.53783,3.449953,SIN INFORMACION,2023,enero     ,20,1/20/2023,6,16:30,DENUNCIA,Nivel 1
EXTORSION,EXTORSION. ART. 244 C.P.,CALI,Bochalema,81,-76.52195,3.356305,DOMICILIO,2023,enero     ,20,1/20/2023,6,00:00,DENUNCIA,Nivel 1
EXTORSION,EXTORSION. ART. 244 C.P.,CALI,Rural,Rural,-76.553967,3.480652,SIN INFORMACION,2023,enero     ,20,1/20/2023,6,15:00,DENUNCIA,Nivel 1
EXTORSION,EXTORSION. ART. 244 C.P.,CALI,Mojica,15,-76.489891,3.418374,SIN INFORMACION,2023,enero     ,20,1/20/2023,6,17:00,DENUNCIA,Nivel 1
EXTORSION,EXTORSION. ART. 244 C.P.,CALI,Valle Grande,21,-76.469932,3.436898,DOMICILIO,2023,enero     ,20,1/20/2023,6,21:00,DENUNCIA,Nivel 1
EXTORSION,EXTORSION. ART. 244 C.P.,CALI,Urbanización Ciudad Jardín,22,-76.532295,3.365983,SIN INFORMACION,2023,enero     ,20,1/20/2023,6,16:30,DENUNCIA,Nivel 1
EXTORSION,EXTORSION. ART. 244 C.P.,CALI,José Manuel Marroquín I,14,-76.48126,3.425037,SIN INFORMACION,2023,enero     ,21,1/21/2023,7,17:12,DENUNCIA,Nivel 1
EXTORSION,EXTORSION. ART. 244 C.P.,CALI,Ciudad Meléndez 2,81,-76.505365,3.371432,OTRO,2023,enero     ,21,1/21/2023,7,11:30,DENUNCIA,Nivel 1
EXTORSION,EXTORSION. ART. 244 C.P.,CALI,Sector Alto de los Chorros,18,-76.560703,3.390796,SIN INFORMACION,2023,enero     ,22,1/22/2023,1,10:00,DENUNCIA,Nivel 1
EXTORSION,EXTORSION. ART. 244 C.P.,CALI,Ciudadela Floralia,06,-76.491454,3.495732,SIN INFORMACION,2023,enero     ,22,1/22/2023,1,17:56,DENUNCIA,Nivel 1
EXTORSION,EXTORSION. ART. 244 C.P.,CALI,Alirio Mora Beltrán,14,-76.480429,3.434613,SIN INFORMACION,2023,enero     ,23,1/23/2023,2,12:40,DENUNCIA,Nivel 1
EXTORSION,EXTORSION. ART. 244 C.P.,CALI,Compartir,21,-76.462668,3.43238,SIN INFORMACION,2023,enero     ,23,1/23/2023,2,21:33,DENUNCIA,Nivel 1
EXTORSION,EXTORSION. ART. 244 C.P.,CALI,Santa Elena,10,-76.520764,3.425272,ESTABLECIMIENTO DE COMERCIO,2023,enero     ,23,1/23/2023,2,14:00,DENUNCIA,Nivel 1
EXTORSION,EXTORSION. ART. 244 C.P.,CALI,La Independencia,11,-76.517628,3.415284,SIN INFORMACION,2023,enero     ,23,1/23/2023,2,07:00,DENUNCIA,Nivel 1
EXTORSION,EXTORSION. ART. 244 C.P.,CALI,Ciudad Córdoba,15,-76.507873,3.401278,SIN INFORMACION,2023,enero     ,24,1/24/2023,3,11:23,DENUNCIA,Nivel 1
EXTORSION,EXTORSION. ART. 244 C.P.,CALI,Senderos de La Flora,02,-76.520884,3.489876,RED VIRTUAL O INTERNET,2023,enero     ,24,1/24/2023,3,19:00,DENUNCIA,Nivel 1
EXTORSION,EXTORSION. ART. 244 C.P.,CALI,El Ingenio,17,-76.531738,3.382765,SIN INFORMACION,2023,enero     ,24,1/24/2023,3,16:49,DENUNCIA,Nivel 1
EXTORSION,EXTORSION. ART. 244 C.P.,CALI,Belén,20,-76.55551,3.428208,SIN INFORMACION,2023,enero     ,24,1/24/2023,3,18:30,DENUNCIA,Nivel 1
EXTORSION,EXTORSION. ART. 244 C.P.,CALI,Colseguros Andes,10,-76.52703,3.430486,SIN INFORMACION,2023,enero     ,24,1/24/2023,3,17:30,DENUNCIA,Nivel 1
EXTORSION,EXTORSION. ART. 244 C.P.,CALI,El Paraíso,12,-76.504875,3.432464,SIN INFORMACION,2023,enero     ,25,1/25/2023,4,10:30,DENUNCIA,Nivel 1
EXTORSION,EXTORSION. ART. 244 C.P.,CALI,Sector Alto Jordán,18,-76.55318,3.374148,SIN INFORMACION,2023,enero     ,25,1/25/2023,4,14:37,DENUNCIA,Nivel 1
EXTORSION,EXTORSION. ART. 244 C.P.,CALI,Lili,17,-76.51853,3.36582,SIN INFORMACION,2023,enero     ,25,1/25/2023,4,14:44,DENUNCIA,Nivel 1
EXTORSION,EXTORSION. ART. 244 C.P.,CALI,Urbanización La Merced,02,-76.51517,3.480387,SIN INFORMACION,2023,enero     ,25,1/25/2023,4,16:00,DENUNCIA,Nivel 1
EXTORSION,EXTORSION. ART. 244 C.P.,CALI,Fátima,04,-76.51755,3.46311,SIN INFORMACION,2023,enero     ,26,1/26/2023,5,09:30,DENUNCIA,Nivel 1
EXTORSION,EXTORSION. ART. 244 C.P.,CALI,República de Israel,16,-76.513263,3.409377,SIN INFORMACION,2023,enero     ,26,1/26/2023,5,19:15,DENUNCIA,Nivel 1
EXTORSION,EXTORSION. ART. 244 C.P.,CALI,Las Américas,08,-76.506065,3.449067,SIN INFORMACION,2023,enero     ,26,1/26/2023,5,13:20,DENUNCIA,Nivel 1
EXTORSION,EXTORSION. ART. 244 C.P.,CALI,Urbanización Ciudad Jardín,22,-76.536785,3.359523,SIN INFORMACION,2023,enero     ,27,1/27/2023,6,19:00,DENUNCIA,Nivel 1
EXTORSION,EXTORSION. ART. 244 C.P.,CALI,Calima,04,-76.502362,3.483906,DOMICILIO,2023,enero     ,27,1/27/2023,6,11:30,DENUNCIA,Nivel 1
EXTORSION,EXTORSION. ART. 244 C.P.,CALI,Parcelaciones Pance,22,-76.53121,3.338972,SIN INFORMACION,2023,enero     ,27,1/27/2023,6,20:10,DENUNCIA,Nivel 1
EXTORSION,EXTORSION. ART. 244 C.P.,CALI,Junín,09,-76.52645,3.43402,SIN INFORMACION,2023,enero     ,27,1/27/2023,6,09:50,DENUNCIA,Nivel 1
EXTORSION,EXTORSION. ART. 244 C.P.,CALI,Junín,09,-76.526413,3.433992,DOMICILIO,2023,enero     ,28,1/28/2023,7,09:20,DENUNCIA,Nivel 1
EXTORSION,EXTORSION. ART. 244 C.P.,CALI,La Base,08,-76.494332,3.448404,SIN INFORMACION,2023,enero     ,28,1/28/2023,7,15:15,DENUNCIA,Nivel 1
EXTORSION,EXTORSION. ART. 244 C.P.,CALI,Aranjuez,09,-76.524213,3.436932,AREA RURAL,2023,enero     ,28,1/28/2023,7,18:00,DENUNCIA,Nivel 1
EXTORSION,EXTORSION. ART. 244 C.P.,CALI,Urbanización San Joaquin,17,-76.526163,3.377797,SIN INFORMACION,2023,enero     ,28,1/28/2023,7,08:54,DENUNCIA,Nivel 1
EXTORSION,EXTORSION. ART. 244 C.P.,CALI,Cañaveralejo - Seguros Patria,19,-76.5414,3.404204,SIN INFORMACION,2023,enero     ,29,1/29/2023,1,18:00,DENUNCIA,Nivel 1
EXTORSION,EXTORSION. ART. 244 C.P.,CALI,El Jordán,18,-76.550593,3.374359,SIN INFORMACION,2023,enero     ,30,1/30/2023,2,11:19,DENUNCIA,Nivel 1
EXTORSION,EXTORSION. ART. 244 C.P.,CALI,Cristóbal Colón,10,-76.52655,3.427091,RED VIRTUAL O INTERNET,2023,enero     ,30,1/30/2023,2,15:30,DENUNCIA,Nivel 1
EXTORSION,EXTORSION. ART. 244 C.P.,CALI,Ciudadela Comfandi,17,-76.521983,3.383512,VIA PUBLICA,2023,enero     ,30,1/30/2023,2,12:00,DENUNCIA,Nivel 1
EXTORSION,EXTORSION. ART. 244 C.P.,CALI,Urbanización La Merced,02,-76.512704,3.481671,SIN INFORMACION,2023,enero     ,30,1/30/2023,2,07:00,DENUNCIA,Nivel 1
EXTORSION,EXTORSION. ART. 244 C.P.,CALI,Los Comuneros I,15,-76.495032,3.415183,DOMICILIO,2023,enero     ,30,1/30/2023,2,15:45,DENUNCIA,Nivel 1
EXTORSION,EXTORSION. ART. 244 C.P.,CALI,Bello Horizonte,12,-76.504206,3.433801,VIA PUBLICA,2023,enero     ,31,1/31/2023,3,08:00,DENUNCIA,Nivel 1
EXTORSION,EXTORSION. ART. 244 C.P.,CALI,Omar Torrijos,13,-76.486207,3.426611,SIN INFORMACION,2023,enero     ,31,1/31/2023,3,16:10,DENUNCIA,Nivel 1
EXTORSION,EXTORSION. ART. 244 C.P.,CALI,Villa del Prado - El Guabito,05,-76.490754,3.466034,SIN INFORMACION,2023,enero     ,31,1/31/2023,3,15:45,DENUNCIA,Nivel 1
EXTORSION,EXTORSION. ART. 244 C.P.,CALI,Los Robles,13,-76.49554,3.421069,SIN INFORMACION,2023,febrero   ,1,2/1/2023,4,19:00,DENUNCIA,Nivel 1
EXTORSION,EXTORSION. ART. 244 C.P.,CALI,Los Parques Barranquilla,05,-76.496399,3.477143,SIN INFORMACION,2023,febrero   ,1,2/1/2023,4,15:43,DENUNCIA,Nivel 1
EXTORSION,EXTORSION. ART. 244 C.P.,CALI,Compartir,21,-76.466629,3.431688,SIN INFORMACION,2023,febrero   ,1,2/1/2023,4,08:00,DENUNCIA,Nivel 1
EXTORSION,EXTORSION. ART. 244 C.P.,CALI,Cristóbal Colón,10,-76.52587,3.424082,SIN INFORMACION,2023,febrero   ,2,2/2/2023,5,13:00,DENUNCIA,Nivel 1
EXTORSION,EXTORSION. ART. 244 C.P.,CALI,El Pondaje,13,-76.497912,3.429489,SIN INFORMACION,2023,febrero   ,2,2/2/2023,5,08:30,DENUNCIA,Nivel 1
EXTORSION,EXTORSION. ART. 244 C.P.,CALI,Nueva Tequendama,19,-76.54155,3.411699,SIN INFORMACION,2023,febrero   ,2,2/2/2023,5,15:00,DENUNCIA,Nivel 1
EXTORSION,EXTORSION. ART. 244 C.P.,CALI,Los Andes B - La Riviera,05,-76.49604,3.468659,SIN INFORMACION,2023,febrero   ,2,2/2/2023,5,17:00,DENUNCIA,Nivel 1
EXTORSION,EXTORSION. ART. 244 C.P.,CALI,San Fernando Nuevo,19,-76.539261,3.428354,SIN INFORMACION,2023,febrero   ,2,2/2/2023,5,10:10,DENUNCIA,Nivel 1
EXTORSION,EXTORSION. ART. 244 C.P.,CALI,Saavedra Galindo,08,-76.512392,3.442565,SIN INFORMACION,2023,febrero   ,2,2/2/2023,5,16:26,DENUNCIA,Nivel 1
EXTORSION,EXTORSION. ART. 244 C.P.,CALI,Caldas,18,-76.549527,3.394892,SIN INFORMACION,2023,febrero   ,3,2/3/2023,6,10:24,DENUNCIA,Nivel 1
EXTORSION,EXTORSION. ART. 244 C.P.,CALI,Villa del Sur,11,-76.518432,3.412408,SIN INFORMACION,2023,febrero   ,3,2/3/2023,6,09:00,DENUNCIA,Nivel 1
EXTORSION,EXTORSION. ART. 244 C.P.,CALI,Cañaverales - Los Samanes,17,-76.52481,3.40209,SIN INFORMACION,2023,febrero   ,3,2/3/2023,6,16:30,DENUNCIA,Nivel 1
EXTORSION,EXTORSION. ART. 244 C.P.,CALI,San Cayetano,03,-76.538867,3.443799,SIN INFORMACION,2023,febrero   ,4,2/4/2023,7,11:50,DENUNCIA,Nivel 1
EXTORSION,EXTORSION. ART. 244 C.P.,CALI,Rural,Rural,-76.631005,3.4679,VIA PUBLICA,2023,febrero   ,4,2/4/2023,7,19:00,DENUNCIA,Nivel 1
EXTORSION,EXTORSION. ART. 244 C.P.,CALI,Promociones Populares B,14,-76.469065,3.424469,SIN INFORMACION,2023,febrero   ,5,2/5/2023,1,15:37,DENUNCIA,Nivel 1
EXTORSION,EXTORSION. ART. 244 C.P.,CALI,Junín,09,-76.52645,3.43402,SIN INFORMACION,2023,febrero   ,5,2/5/2023,1,06:00,DENUNCIA,Nivel 1
EXTORSION,EXTORSION. ART. 244 C.P.,CALI,Aguacatal,01,-76.561515,3.457133,SIN INFORMACION,2023,febrero   ,5,2/5/2023,1,23:00,DENUNCIA,Nivel 1
EXTORSION,EXTORSION. ART. 244 C.P.,CALI,Caney,17,-76.514493,3.380038,SIN INFORMACION,2023,febrero   ,6,2/6/2023,2,10:00,DENUNCIA,Nivel 1
EXTORSION,EXTORSION. ART. 244 C.P.,CALI,Urbanización Boyaca,11,-76.52043,3.422603,SIN INFORMACION,2023,febrero   ,6,2/6/2023,2,03:00,DENUNCIA,Nivel 1
EXTORSION,EXTORSION. ART. 244 C.P.,CALI,San Antonio,03,-76.538543,3.448411,SIN INFORMACION,2023,febrero   ,6,2/6/2023,2,09:00,DENUNCIA,Nivel 1
EXTORSION,EXTORSION. ART. 244 C.P.,CALI,Chipichape,02,-76.528185,3.476354,SIN INFORMACION,2023,febrero   ,6,2/6/2023,2,16:40,DENUNCIA,Nivel 1
EXTORSION,EXTORSION. ART. 244 C.P.,CALI,Paso del Comercio,06,-76.485453,3.493774,SIN INFORMACION,2023,febrero   ,7,2/7/2023,3,16:40,DENUNCIA,Nivel 1
EXTORSION,EXTORSION. ART. 244 C.P.,CALI,Flora Industrial,04,-76.500092,3.48057,SIN INFORMACION,2023,febrero   ,7,2/7/2023,3,22:30,DENUNCIA,Nivel 1
EXTORSION,EXTORSION. ART. 244 C.P.,CALI,Lili,17,-76.52341,3.37877,SIN INFORMACION,2023,febrero   ,7,2/7/2023,3,10:00,DENUNCIA,Nivel 1
EXTORSION,EXTORSION. ART. 244 C.P.,CALI,Prados del Sur,18,-76.554226,3.38844,SIN INFORMACION,2023,febrero   ,7,2/7/2023,3,11:33,DENUNCIA,Nivel 1
EXTORSION,EXTORSION. ART. 244 C.P.,CALI,San Cristóbal,10,-76.520284,3.431034,SIN INFORMACION,2023,febrero   ,8,2/8/2023,4,10:00,DENUNCIA,Nivel 1
EXTORSION,EXTORSION. ART. 244 C.P.,CALI,El Jardín,11,-76.517462,3.420298,OTRO,2023,febrero   ,8,2/8/2023,4,17:20,DENUNCIA,Nivel 1
EXTORSION,EXTORSION. ART. 244 C.P.,CALI,Senderos de La Flora,02,-76.52068,3.489839,SIN INFORMACION,2023,febrero   ,9,2/9/2023,5,21:30,DENUNCIA,Nivel 1
EXTORSION,EXTORSION. ART. 244 C.P.,CALI,Primavera,11,-76.509026,3.423904,SIN INFORMACION,2023,febrero   ,9,2/9/2023,5,13:43,DENUNCIA,Nivel 1
EXTORSION,EXTORSION. ART. 244 C.P.,CALI,Santa Anita - La Selva,17,-76.540515,3.401786,LUGAR DE TRABAJO,2023,febrero   ,9,2/9/2023,5,17:16,DENUNCIA,Nivel 1
EXTORSION,EXTORSION. ART. 244 C.P.,CALI,Lili,17,-76.51576,3.371224,SIN INFORMACION,2023,febrero   ,10,2/10/2023,6,21:30,DENUNCIA,Nivel 1
EXTORSION,EXTORSION. ART. 244 C.P.,CALI,Cristóbal Colón,10,-76.52593,3.42341,SIN INFORMACION,2023,febrero   ,10,2/10/2023,6,22:17,DENUNCIA,Nivel 1
EXTORSION,EXTORSION. ART. 244 C.P.,CALI,Ciudadela Floralia,06,-76.494546,3.491737,DOMICILIO,2023,febrero   ,10,2/10/2023,6,16:22,DENUNCIA,Nivel 1
EXTORSION,EXTORSION. ART. 244 C.P.,CALI,Calimio Desepaz,21,-76.469277,3.414542,SIN INFORMACION,2023,febrero   ,10,2/10/2023,6,16:30,DENUNCIA,Nivel 1
EXTORSION,EXTORSION. ART. 244 C.P.,CALI,Urbanización Rio Lili,22,-76.52674,3.36339,SIN INFORMACION,2023,febrero   ,10,2/10/2023,6,16:00,DENUNCIA,Nivel 1
EXTORSION,EXTORSION. ART. 244 C.P.,CALI,Santa Fé,08,-76.50671,3.439603,SIN INFORMACION,2023,febrero   ,11,2/11/2023,7,08:00,DENUNCIA,Nivel 1
EXTORSION,EXTORSION. ART. 244 C.P.,CALI,Alto Nápoles,18,-76.55697,3.385665,SIN INFORMACION,2023,febrero   ,11,2/11/2023,7,15:44,DENUNCIA,Nivel 1
EXTORSION,EXTORSION. ART. 244 C.P.,CALI,Los Comuneros I,15,-76.49405,3.40782,VIA PUBLICA,2023,febrero   ,12,2/12/2023,1,16:15,DENUNCIA,Nivel 1
EXTORSION,EXTORSION. ART. 244 C.P.,CALI,Terrón Colorado,01,-76.566231,3.452733,SIN INFORMACION,2023,febrero   ,13,2/13/2023,2,09:00,DENUNCIA,Nivel 1
EXTORSION,EXTORSION. ART. 244 C.P.,CALI,Francisco Eladio Ramírez,18,-76.546887,3.388193,SIN INFORMACION,2023,febrero   ,13,2/13/2023,2,10:32,DENUNCIA,Nivel 1
EXTORSION,EXTORSION. ART. 244 C.P.,CALI,Fepicol,07,-76.48524,3.463783,SIN INFORMACION,2023,febrero   ,13,2/13/2023,2,16:56,DENUNCIA,Nivel 1
EXTORSION,EXTORSION. ART. 244 C.P.,CALI,El Piloto,03,-76.524484,3.461137,SIN INFORMACION,2023,febrero   ,14,2/14/2023,3,11:00,DENUNCIA,Nivel 1
EXTORSION,EXTORSION. ART. 244 C.P.,CALI,Urbanización Boyaca,11,-76.519955,3.425382,SIN INFORMACION,2023,febrero   ,14,2/14/2023,3,20:00,DENUNCIA,Nivel 1
EXTORSION,EXTORSION. ART. 244 C.P.,CALI,Calima,04,-76.501076,3.485547,SIN INFORMACION,2023,febrero   ,14,2/14/2023,3,11:50,DENUNCIA,Nivel 1
EXTORSION,EXTORSION. ART. 244 C.P.,CALI,La Selva,10,-76.528116,3.410656,SIN INFORMACION,2023,febrero   ,14,2/14/2023,3,13:00,DENUNCIA,Nivel 1
EXTORSION,EXTORSION. ART. 244 C.P.,CALI,El Poblado I,13,-76.49781,3.420189,SIN INFORMACION,2023,febrero   ,15,2/15/2023,4,09:49,DENUNCIA,Nivel 1
EXTORSION,EXTORSION. ART. 244 C.P.,CALI,Los Libertadores,03,-76.53688,3.44257,SIN INFORMACION,2023,febrero   ,15,2/15/2023,4,10:33,DENUNCIA,Nivel 1
EXTORSION,EXTORSION. ART. 244 C.P.,CALI,Brisas del Limonar,16,-76.521835,3.402043,SIN INFORMACION,2023,febrero   ,17,2/17/2023,6,15:37,DENUNCIA,Nivel 1
EXTORSION,EXTORSION. ART. 244 C.P.,CALI,El Troncal,08,-76.50382,3.449114,SIN INFORMACION,2023,febrero   ,17,2/17/2023,6,22:30,DENUNCIA,Nivel 1
EXTORSION,EXTORSION. ART. 244 C.P.,CALI,San Nicolás,03,-76.52834,3.452535,SIN INFORMACION,2023,febrero   ,17,2/17/2023,6,09:30,DENUNCIA,Nivel 1
EXTORSION,EXTORSION. ART. 244 C.P.,CALI,Caldas,18,-76.547385,3.394565,SIN INFORMACION,2023,febrero   ,18,2/18/2023,7,15:00,DENUNCIA,Nivel 1
EXTORSION,EXTORSION. ART. 244 C.P.,CALI,San Pedro,03,-76.52881,3.44996,LUGAR DE TRABAJO,2023,febrero   ,18,2/18/2023,7,11:36,DENUNCIA,Nivel 1
EXTORSION,EXTORSION. ART. 244 C.P.,CALI,Bosques del Limonar,17,-76.535225,3.402019,SIN INFORMACION,2023,febrero   ,18,2/18/2023,7,11:30,DENUNCIA,Nivel 1
EXTORSION,EXTORSION. ART. 244 C.P.,CALI,San Pedro,03,-76.530319,3.452938,ESTABLECIMIENTO DE COMERCIO,2023,febrero   ,18,2/18/2023,7,12:00,DENUNCIA,Nivel 1
EXTORSION,EXTORSION. ART. 244 C.P.,CALI,Brisas de Los Álamos,02,-76.503783,3.493488,SIN INFORMACION,2023,febrero   ,18,2/18/2023,7,11:35,DENUNCIA,Nivel 1
EXTORSION,EXTORSION. ART. 244 C.P.,CALI,Puerta del Sol,14,-76.474537,3.432139,SIN INFORMACION,2023,febrero   ,20,2/20/2023,2,13:58,DENUNCIA,Nivel 1
EXTORSION,EXTORSION. ART. 244 C.P.,CALI,Cristóbal Colón,10,-76.524393,3.425336,DOMICILIO,2023,febrero   ,20,2/20/2023,2,20:00,DENUNCIA,Nivel 1
EXTORSION,EXTORSION. ART. 244 C.P.,CALI,El Refugio,19,-76.548217,3.398177,ESTABLECIMIENTO DE GIROS,2023,febrero   ,22,2/22/2023,4,02:00,DENUNCIA,Nivel 1
EXTORSION,EXTORSION. ART. 244 C.P.,CALI,Siloé,20,-76.556365,3.421773,SIN INFORMACION,2023,febrero   ,22,2/22/2023,4,23:15,DENUNCIA,Nivel 1
EXTORSION,EXTORSION. ART. 244 C.P.,CALI,Laureano Gómez,15,-76.494774,3.411567,SIN INFORMACION,2023,febrero   ,22,2/22/2023,4,15:00,DENUNCIA,Nivel 1
EXTORSION,EXTORSION. ART. 244 C.P.,CALI,Urbanización Ciudad Jardín,22,-76.53731,3.360175,SIN INFORMACION,2023,febrero   ,22,2/22/2023,4,00:30,DENUNCIA,Nivel 1
EXTORSION,EXTORSION. ART. 244 C.P.,CALI,San Pedro,03,-76.53012,3.4523,EDIFICIO,2023,febrero   ,23,2/23/2023,5,01:30,DENUNCIA,Nivel 1
EXTORSION,EXTORSION. ART. 244 C.P.,CALI,Mayapan - Las Vegas,17,-76.54267,3.377086,SIN INFORMACION,2023,febrero   ,23,2/23/2023,5,02:30,DENUNCIA,Nivel 1
EXTORSION,EXTORSION. ART. 244 C.P.,CALI,Mario Correa Rengifo,18,-76.557516,3.38603,SIN INFORMACION,2023,febrero   ,24,2/24/2023,6,12:05,DENUNCIA,Nivel 1
EXTORSION,EXTORSION. ART. 244 C.P.,CALI,El Lido,19,-76.5529,3.42131,SIN INFORMACION,2023,febrero   ,24,2/24/2023,6,14:00,DENUNCIA,Nivel 1
EXTORSION,EXTORSION. ART. 244 C.P.,CALI,Lili,17,-76.52007,3.370775,SIN INFORMACION,2023,febrero   ,24,2/24/2023,6,14:53,DENUNCIA,Nivel 1
EXTORSION,EXTORSION. ART. 244 C.P.,CALI,San Vicente,02,-76.525182,3.471062,ESTACION TRANSPORTE MASIVO,2023,febrero   ,25,2/25/2023,7,16:00,DENUNCIA,Nivel 1
EXTORSION,EXTORSION. ART. 244 C.P.,CALI,República de Israel,16,-76.51198,3.407194,SIN INFORMACION,2023,febrero   ,25,2/25/2023,7,04:45,DENUNCIA,Nivel 1
EXTORSION,EXTORSION. ART. 244 C.P.,CALI,Olaya Herrera,04,-76.50907,3.476116,SIN INFORMACION,2023,febrero   ,25,2/25/2023,7,15:00,DENUNCIA,Nivel 1
EXTORSION,EXTORSION. ART. 244 C.P.,CALI,El Gran Limonar - Cataya,17,-76.541954,3.399695,SIN INFORMACION,2023,febrero   ,26,2/26/2023,1,04:00,DENUNCIA,Nivel 1
EXTORSION,EXTORSION. ART. 244 C.P.,CALI,Cañaverales - Los Samanes,17,-76.526682,3.404519,VIA PUBLICA,2023,febrero   ,26,2/26/2023,1,22:00,DENUNCIA,Nivel 1
EXTORSION,EXTORSION. ART. 244 C.P.,CALI,Alfonso Lopez P. 1a Etapa,07,-76.480198,3.464351,SIN INFORMACION,2023,febrero   ,27,2/27/2023,2,17:00,DENUNCIA,Nivel 1
EXTORSION,EXTORSION. ART. 244 C.P.,CALI,Sector Puente del Comercio,06,-76.49633,3.487234,SIN INFORMACION,2023,febrero   ,27,2/27/2023,2,15:00,DENUNCIA,Nivel 1
EXTORSION,EXTORSION. ART. 244 C.P.,CALI,Prados de Oriente,11,-76.51374,3.430881,SIN INFORMACION,2023,febrero   ,28,2/28/2023,3,03:00,DENUNCIA,Nivel 1
EXTORSION,EXTORSION. ART. 244 C.P.,CALI,Vipasa,02,-76.517845,3.478774,ESTABLECIMIENTO DE COMERCIO,2023,marzo     ,1,3/1/2023,4,07:30,DENUNCIA,Nivel 1
EXTORSION,EXTORSION. ART. 244 C.P.,CALI,Junín,09,-76.52645,3.43402,SIN INFORMACION,2023,marzo     ,1,3/1/2023,4,11:40,DENUNCIA,Nivel 1
EXTORSION,EXTORSION. ART. 244 C.P.,CALI,Caney,17,-76.521576,3.388738,SIN INFORMACION,2023,marzo     ,1,3/1/2023,4,01:00,DENUNCIA,Nivel 1
EXTORSION,EXTORSION. ART. 244 C.P.,CALI,El Refugio,19,-76.54903,3.398245,DOMICILIO,2023,marzo     ,2,3/2/2023,5,09:00,DENUNCIA,Nivel 1
EXTORSION,EXTORSION. ART. 244 C.P.,CALI,Ciudad Capri,17,-76.54068,3.39024,EDIFICIO,2023,marzo     ,3,3/3/2023,6,08:00,DENUNCIA,Nivel 1
EXTORSION,EXTORSION. ART. 244 C.P.,CALI,Guayaquil,09,-76.525252,3.439113,SIN INFORMACION,2023,marzo     ,4,3/4/2023,7,14:30,DENUNCIA,Nivel 1
EXTORSION,EXTORSION. ART. 244 C.P.,CALI,Santa Rosa,03,-76.53117,3.445837,SIN INFORMACION,2023,marzo     ,4,3/4/2023,7,13:30,DENUNCIA,Nivel 1
EXTORSION,EXTORSION. ART. 244 C.P.,CALI,Calima,04,-76.500585,3.485933,SIN INFORMACION,2023,marzo     ,5,3/5/2023,1,22:19,DENUNCIA,Nivel 1
EXTORSION,EXTORSION. ART. 244 C.P.,CALI,Caney,17,-76.519822,3.382763,SIN INFORMACION,2023,marzo     ,6,3/6/2023,2,15:08,DENUNCIA,Nivel 1
EXTORSION,EXTORSION. ART. 244 C.P.,CALI,El Limonar,17,-76.528614,3.404443,DOMICILIO,2023,marzo     ,6,3/6/2023,2,18:14,DENUNCIA,Nivel 1
EXTORSION,EXTORSION. ART. 244 C.P.,CALI,El Piloto,03,-76.523582,3.460496,DOMICILIO,2023,marzo     ,7,3/7/2023,3,00:00,DENUNCIA,Nivel 1
EXTORSION,EXTORSION. ART. 244 C.P.,CALI,Metropolitano del Norte,05,-76.488219,3.476523,DOMICILIO,2023,marzo     ,7,3/7/2023,3,17:00,DENUNCIA,Nivel 1
EXTORSION,EXTORSION. ART. 244 C.P.,CALI,La Libertad,10,-76.524187,3.423383,SIN INFORMACION,2023,marzo     ,8,3/8/2023,4,10:43,DENUNCIA,Nivel 1
EXTORSION,EXTORSION. ART. 244 C.P.,CALI,Altos de Menga,02,-76.533301,3.489698,SIN INFORMACION,2023,marzo     ,8,3/8/2023,4,08:30,DENUNCIA,Nivel 1
EXTORSION,EXTORSION. ART. 244 C.P.,CALI,Promociones Populares B,14,-76.472121,3.427045,DOMICILIO,2023,marzo     ,9,3/9/2023,5,11:09,DENUNCIA,Nivel 1
EXTORSION,EXTORSION. ART. 244 C.P.,CALI,Laureano Gómez,15,-76.495534,3.408968,SIN INFORMACION,2023,marzo     ,9,3/9/2023,5,09:30,DENUNCIA,Nivel 1
EXTORSION,EXTORSION. ART. 244 C.P.,CALI,San Fernando Viejo,19,-76.545273,3.435152,LOCAL COMERCIAL,2023,marzo     ,9,3/9/2023,5,14:05,DENUNCIA,Nivel 1
EXTORSION,EXTORSION. ART. 244 C.P.,CALI,Calima,04,-76.49772,3.48621,CENTRO COMERCIAL,2023,marzo     ,10,3/10/2023,6,19:00,DENUNCIA,Nivel 1
EXTORSION,EXTORSION. ART. 244 C.P.,CALI,El Diamante,13,-76.499844,3.421797,SIN INFORMACION,2023,marzo     ,10,3/10/2023,6,19:00,DENUNCIA,Nivel 1
EXTORSION,EXTORSION. ART. 244 C.P.,CALI,El Vallado,15,-76.50235,3.407032,SIN INFORMACION,2023,marzo     ,11,3/11/2023,7,10:00,DENUNCIA,Nivel 1
EXTORSION,EXTORSION. ART. 244 C.P.,CALI,El Guabal,10,-76.52807,3.41621,DOMICILIO,2023,marzo     ,11,3/11/2023,7,09:00,DENUNCIA,Nivel 1
EXTORSION,EXTORSION. ART. 244 C.P.,CALI,El Sena,05,-76.503516,3.465806,SIN INFORMACION,2023,marzo     ,11,3/11/2023,7,16:00,DENUNCIA,Nivel 1
EXTORSION,EXTORSION. ART. 244 C.P.,CALI,Villa del Prado - El Guabito,05,-76.48946,3.467631,SIN INFORMACION,2023,marzo     ,11,3/11/2023,7,02:00,DENUNCIA,Nivel 1
EXTORSION,EXTORSION. ART. 244 C.P.,CALI,20 de Julio,11,-76.51227,3.435356,SIN INFORMACION,2023,marzo     ,11,3/11/2023,7,03:30,DENUNCIA,Nivel 1
EXTORSION,EXTORSION. ART. 244 C.P.,CALI,Mojica,15,-76.4898,3.414914,SIN INFORMACION,2023,marzo     ,11,3/11/2023,7,08:00,DENUNCIA,Nivel 1
EXTORSION,EXTORSION. ART. 244 C.P.,CALI,Primavera,11,-76.509018,3.422474,SIN INFORMACION,2023,marzo     ,11,3/11/2023,7,14:55,DENUNCIA,Nivel 1
EXTORSION,EXTORSION. ART. 244 C.P.,CALI,San Carlos,11,-76.513476,3.422282,SIN INFORMACION,2023,marzo     ,12,3/12/2023,1,10:00,DENUNCIA,Nivel 1
EXTORSION,EXTORSION. ART. 244 C.P.,CALI,Cristóbal Colón,10,-76.52677,3.419026,SIN INFORMACION,2023,marzo     ,13,3/13/2023,2,10:00,DENUNCIA,Nivel 1
EXTORSION,EXTORSION. ART. 244 C.P.,CALI,Cañaveralejo - Seguros Patria,19,-76.542545,3.40089,DOMICILIO,2023,marzo     ,14,3/14/2023,3,13:00,DENUNCIA,Nivel 1
EXTORSION,EXTORSION. ART. 244 C.P.,CALI,Junín,09,-76.52645,3.43402,SIN INFORMACION,2023,marzo     ,15,3/15/2023,4,23:00,DENUNCIA,Nivel 1
EXTORSION,EXTORSION. ART. 244 C.P.,CALI,Junín,09,-76.52645,3.43402,SIN INFORMACION,2023,marzo     ,15,3/15/2023,4,00:34,DENUNCIA,Nivel 1
EXTORSION,EXTORSION. ART. 244 C.P.,CALI,Cuarteles de Nápoles,18,-76.54496,3.38606,SIN INFORMACION,2023,marzo     ,15,3/15/2023,4,13:00,DENUNCIA,Nivel 1
EXTORSION,EXTORSION. ART. 244 C.P.,CALI,Siloé,20,-76.55586,3.42074,SIN INFORMACION,2023,marzo     ,15,3/15/2023,4,19:00,DENUNCIA,Nivel 1
EXTORSION,EXTORSION. ART. 244 C.P.,CALI,Urbanización El Angel del Hogar,07,-76.48134,3.446171,SIN INFORMACION,2023,marzo     ,16,3/16/2023,5,08:00,DENUNCIA,Nivel 1
EXTORSION,EXTORSION. ART. 244 C.P.,CALI,Buenos Aires,18,-76.55107,3.391627,SIN INFORMACION,2023,marzo     ,16,3/16/2023,5,01:30,DENUNCIA,Nivel 1
EXTORSION,EXTORSION. ART. 244 C.P.,CALI,Las Delicias,04,-76.51044,3.461479,SIN INFORMACION,2023,marzo     ,16,3/16/2023,5,14:36,DENUNCIA,Nivel 1
EXTORSION,EXTORSION. ART. 244 C.P.,CALI,Caney,17,-76.516627,3.379949,DOMICILIO,2023,marzo     ,16,3/16/2023,5,20:25,DENUNCIA,Nivel 1
EXTORSION,EXTORSION. ART. 244 C.P.,CALI,Rural,Rural,-76.47813,3.312547,SIN INFORMACION,2023,marzo     ,16,3/16/2023,5,14:00,DENUNCIA,Nivel 1
EXTORSION,EXTORSION. ART. 244 C.P.,CALI,Junín,09,-76.52645,3.43402,SIN INFORMACION,2023,marzo     ,17,3/17/2023,6,14:31,DENUNCIA,Nivel 1
EXTORSION,EXTORSION. ART. 244 C.P.,CALI,El Bosque,02,-76.529106,3.485518,SIN INFORMACION,2023,marzo     ,17,3/17/2023,6,21:00,DENUNCIA,Nivel 1
EXTORSION,EXTORSION. ART. 244 C.P.,CALI,José Manuel Marroquín I,14,-76.47855,3.425665,CENTRO COMERCIAL,2023,marzo     ,18,3/18/2023,7,16:50,DENUNCIA,Nivel 1
EXTORSION,EXTORSION. ART. 244 C.P.,CALI,Calipso,13,-76.49966,3.425368,SIN INFORMACION,2023,marzo     ,20,3/20/2023,2,17:00,DENUNCIA,Nivel 1
EXTORSION,EXTORSION. ART. 244 C.P.,CALI,Alfonso Lopez P. 3a Etapa,07,-76.4834,3.455909,SIN INFORMACION,2023,marzo     ,20,3/20/2023,2,10:00,DENUNCIA,Nivel 1
EXTORSION,EXTORSION. ART. 244 C.P.,CALI,Rural,Rural,-76.63628,3.455681,SIN INFORMACION,2023,marzo     ,21,3/21/2023,3,22:00,DENUNCIA,Nivel 1
EXTORSION,EXTORSION. ART. 244 C.P.,CALI,Rural,Rural,-76.636705,3.45483,DOMICILIO,2023,marzo     ,21,3/21/2023,3,10:30,DENUNCIA,Nivel 1
EXTORSION,EXTORSION. ART. 244 C.P.,CALI,El Jordán,18,-76.5518,3.374024,SIN INFORMACION,2023,marzo     ,21,3/21/2023,3,15:00,DENUNCIA,Nivel 1
EXTORSION,EXTORSION. ART. 244 C.P.,CALI,El Calvario,03,-76.530401,3.448023,SIN INFORMACION,2023,marzo     ,23,3/23/2023,5,08:55,DENUNCIA,Nivel 1
EXTORSION,EXTORSION. ART. 244 C.P.,CALI,Salomia,04,-76.504053,3.462098,SIN INFORMACION,2023,marzo     ,23,3/23/2023,5,16:30,DENUNCIA,Nivel 1
EXTORSION,EXTORSION. ART. 244 C.P.,CALI,Omar Torrijos,13,-76.486404,3.426461,SIN INFORMACION,2023,marzo     ,23,3/23/2023,5,10:23,DENUNCIA,Nivel 1
EXTORSION,EXTORSION. ART. 244 C.P.,CALI,Santa Elena,10,-76.5211,3.42739,LUGAR DE TRABAJO,2023,marzo     ,24,3/24/2023,6,00:00,DENUNCIA,Nivel 1
EXTORSION,EXTORSION. ART. 244 C.P.,CALI,Chiminangos II,05,-76.49304,3.478937,SIN INFORMACION,2023,marzo     ,24,3/24/2023,6,21:00,DENUNCIA,Nivel 1
EXTORSION,EXTORSION. ART. 244 C.P.,CALI,Los Libertadores,03,-76.54004,3.442896,SIN INFORMACION,2023,marzo     ,24,3/24/2023,6,11:00,DENUNCIA,Nivel 1
EXTORSION,EXTORSION. ART. 244 C.P.,CALI,Rural,Rural,-76.60634,3.520819,SIN INFORMACION,2023,marzo     ,25,3/25/2023,7,18:00,DENUNCIA,Nivel 1
EXTORSION,EXTORSION. ART. 244 C.P.,CALI,El Calvario,03,-76.527726,3.446799,SIN INFORMACION,2023,marzo     ,25,3/25/2023,7,10:46,DENUNCIA,Nivel 1
EXTORSION,EXTORSION. ART. 244 C.P.,CALI,San Cristóbal,10,-76.52138,3.430073,SIN INFORMACION,2023,marzo     ,25,3/25/2023,7,05:30,DENUNCIA,Nivel 1
EXTORSION,EXTORSION. ART. 244 C.P.,CALI,El Morichal,15,-76.502866,3.402691,DOMICILIO,2023,marzo     ,25,3/25/2023,7,15:00,DENUNCIA,Nivel 1
EXTORSION,EXTORSION. ART. 244 C.P.,CALI,Lili,17,-76.51679,3.371308,SIN INFORMACION,2023,marzo     ,26,3/26/2023,1,17:34,DENUNCIA,Nivel 1
EXTORSION,EXTORSION. ART. 244 C.P.,CALI,Prados del Sur,18,-76.55495,3.39008,SIN INFORMACION,2023,marzo     ,26,3/26/2023,1,13:24,DENUNCIA,Nivel 1
EXTORSION,EXTORSION. ART. 244 C.P.,CALI,Caney,17,-76.518251,3.381509,SIN INFORMACION,2023,marzo     ,27,3/27/2023,2,10:34,DENUNCIA,Nivel 1
EXTORSION,EXTORSION. ART. 244 C.P.,CALI,Los Comuneros II,13,-76.492656,3.425106,SIN INFORMACION,2023,marzo     ,27,3/27/2023,2,15:00,DENUNCIA,Nivel 1
EXTORSION,EXTORSION. ART. 244 C.P.,CALI,Calima,04,-76.49866,3.481944,SIN INFORMACION,2023,marzo     ,27,3/27/2023,2,12:00,DENUNCIA,Nivel 1
EXTORSION,EXTORSION. ART. 244 C.P.,CALI,Sector Alto Jordán,18,-76.557771,3.37345,SIN INFORMACION,2023,marzo     ,28,3/28/2023,3,19:04,DENUNCIA,Nivel 1
EXTORSION,EXTORSION. ART. 244 C.P.,CALI,El Paraíso,12,-76.50692,3.43215,SIN INFORMACION,2023,marzo     ,28,3/28/2023,3,17:00,DENUNCIA,Nivel 1
EXTORSION,EXTORSION. ART. 244 C.P.,CALI,La Floresta,08,-76.51321,3.443884,ESTABLECIMIENTO DE COMERCIO,2023,marzo     ,28,3/28/2023,3,04:00,DENUNCIA,Nivel 1
EXTORSION,EXTORSION. ART. 244 C.P.,CALI,Doce de Octubre,12,-76.502528,3.428915,SIN INFORMACION,2023,marzo     ,29,3/29/2023,4,19:08,DENUNCIA,Nivel 1
EXTORSION,EXTORSION. ART. 244 C.P.,CALI,El Diamante,13,-76.50224,3.419484,ESTABLECIMIENTO CARCELARIO,2023,marzo     ,29,3/29/2023,4,14:00,DENUNCIA,Nivel 1
EXTORSION,EXTORSION. ART. 244 C.P.,CALI,Urbanización Tequendama,19,-76.545123,3.418361,ESTABLECIMIENTO DE COMERCIO,2023,marzo     ,30,3/30/2023,5,18:15,DENUNCIA,Nivel 1
EXTORSION,EXTORSION. ART. 244 C.P.,CALI,Los Naranjos II,14,-76.478424,3.433496,SIN INFORMACION,2023,marzo     ,30,3/30/2023,5,12:00,DENUNCIA,Nivel 1
EXTORSION,EXTORSION. ART. 244 C.P.,CALI,Unicentro Cali,17,-76.54002,3.37297,SIN INFORMACION,2023,marzo     ,30,3/30/2023,5,09:17,DENUNCIA,Nivel 1
EXTORSION,EXTORSION. ART. 244 C.P.,CALI,Desepaz Invicali,21,-76.461678,3.427292,SIN INFORMACION,2023,marzo     ,30,3/30/2023,5,17:35,DENUNCIA,Nivel 1
EXTORSION,EXTORSION. ART. 244 C.P.,CALI,Siloé,20,-76.55715,3.41832,ESTABLECIMIENTO DE COMERCIO,2023,marzo     ,31,3/31/2023,6,23:30,DENUNCIA,Nivel 1
EXTORSION,EXTORSION. ART. 244 C.P.,CALI,Cristóbal Colón,10,-76.52619,3.424129,SIN INFORMACION,2023,marzo     ,31,3/31/2023,6,09:30,DENUNCIA,Nivel 1
EXTORSION,EXTORSION. ART. 244 C.P.,CALI,Urbanización Tequendama,19,-76.547068,3.422626,SIN INFORMACION,2023,abril     ,1,4/1/2023,7,13:00,DENUNCIA,Nivel 1
EXTORSION,EXTORSION. ART. 244 C.P.,CALI,Colseguros Andes,10,-76.526358,3.429174,SIN INFORMACION,2023,abril     ,1,4/1/2023,7,17:54,DENUNCIA,Nivel 1
EXTORSION,EXTORSION. ART. 244 C.P.,CALI,Charco Azul,13,-76.484831,3.44319,SIN INFORMACION,2023,abril     ,2,4/2/2023,1,06:00,DENUNCIA,Nivel 1
EXTORSION,EXTORSION. ART. 244 C.P.,CALI,Villa del Sur,11,-76.51907,3.41285,ESTABLECIMIENTO PUBLICO,2023,abril     ,2,4/2/2023,1,13:00,DENUNCIA,Nivel 1
EXTORSION,EXTORSION. ART. 244 C.P.,CALI,Urbanización Militar,19,-76.54075,3.41217,SIN INFORMACION,2023,abril     ,3,4/3/2023,2,17:17,DENUNCIA,Nivel 1
EXTORSION,EXTORSION. ART. 244 C.P.,CALI,Terrón Colorado,01,-76.570468,3.454057,SIN INFORMACION,2023,abril     ,3,4/3/2023,2,12:00,DENUNCIA,Nivel 1
EXTORSION,EXTORSION. ART. 244 C.P.,CALI,Manuela Beltrán,14,-76.475003,3.423253,SIN INFORMACION,2023,abril     ,5,4/5/2023,4,15:00,DENUNCIA,Nivel 1
EXTORSION,EXTORSION. ART. 244 C.P.,CALI,Chiminangos II,05,-76.493164,3.477701,SIN INFORMACION,2023,abril     ,5,4/5/2023,4,12:35,DENUNCIA,Nivel 1
EXTORSION,EXTORSION. ART. 244 C.P.,CALI,Parcelaciones Pance,22,-76.537668,3.340523,SIN INFORMACION,2023,abril     ,7,4/7/2023,6,22:08,DENUNCIA,Nivel 1
EXTORSION,EXTORSION. ART. 244 C.P.,CALI,Cañaverales - Los Samanes,17,-76.52613,3.40353,SIN INFORMACION,2023,abril     ,9,4/9/2023,1,20:00,DENUNCIA,Nivel 1
EXTORSION,EXTORSION. ART. 244 C.P.,CALI,Calipso,13,-76.49911,3.424759,SIN INFORMACION,2023,abril     ,10,4/10/2023,2,05:00,DENUNCIA,Nivel 1
EXTORSION,EXTORSION. ART. 244 C.P.,CALI,La Flora,02,-76.524333,3.47665,SIN INFORMACION,2023,abril     ,10,4/10/2023,2,19:00,DENUNCIA,Nivel 1
EXTORSION,EXTORSION. ART. 244 C.P.,CALI,Omar Torrijos,13,-76.4874,3.424034,DOMICILIO,2023,abril     ,11,4/11/2023,3,14:00,DENUNCIA,Nivel 1
EXTORSION,EXTORSION. ART. 244 C.P.,CALI,Nueva Floresta,12,-76.501906,3.442882,SIN INFORMACION,2023,abril     ,11,4/11/2023,3,09:39,DENUNCIA,Nivel 1
EXTORSION,EXTORSION. ART. 244 C.P.,CALI,Sector Puente del Comercio,06,-76.496251,3.488257,SIN INFORMACION,2023,abril     ,11,4/11/2023,3,22:55,DENUNCIA,Nivel 1
EXTORSION,EXTORSION. ART. 244 C.P.,CALI,Guayaquil,09,-76.524611,3.437921,SIN INFORMACION,2023,abril     ,11,4/11/2023,3,16:00,DENUNCIA,Nivel 1
EXTORSION,EXTORSION. ART. 244 C.P.,CALI,Lourdes,18,-76.55476,3.391549,SIN INFORMACION,2023,abril     ,11,4/11/2023,3,18:00,DENUNCIA,Nivel 1
EXTORSION,EXTORSION. ART. 244 C.P.,CALI,Los Andes B - La Riviera,05,-76.49705,3.469388,SIN INFORMACION,2023,abril     ,12,4/12/2023,4,18:30,DENUNCIA,Nivel 1
EXTORSION,EXTORSION. ART. 244 C.P.,CALI,Junín,09,-76.52645,3.43402,SIN INFORMACION,2023,abril     ,12,4/12/2023,4,09:10,DENUNCIA,Nivel 1
EXTORSION,EXTORSION. ART. 244 C.P.,CALI,Junín,09,-76.52645,3.43402,SIN INFORMACION,2023,abril     ,12,4/12/2023,4,15:30,DENUNCIA,Nivel 1
EXTORSION,EXTORSION. ART. 244 C.P.,CALI,Los Comuneros I,15,-76.492499,3.41149,SIN INFORMACION,2023,abril     ,12,4/12/2023,4,10:30,DENUNCIA,Nivel 1
EXTORSION,EXTORSION. ART. 244 C.P.,CALI,Jorge Eliécer Gaitán,06,-76.485154,3.469665,SIN INFORMACION,2023,abril     ,13,4/13/2023,5,05:18,DENUNCIA,Nivel 1
EXTORSION,EXTORSION. ART. 244 C.P.,CALI,Villa Colombia,08,-76.501236,3.450672,SIN INFORMACION,2023,abril     ,13,4/13/2023,5,04:40,DENUNCIA,Nivel 1
EXTORSION,EXTORSION. ART. 244 C.P.,CALI,San Juan Bosco,03,-76.52991,3.44394,SIN INFORMACION,2023,abril     ,13,4/13/2023,5,08:04,DENUNCIA,Nivel 1
EXTORSION,EXTORSION. ART. 244 C.P.,CALI,Bretaña,09,-76.53132,3.437604,SIN INFORMACION,2023,abril     ,14,4/14/2023,6,11:17,DENUNCIA,Nivel 1
EXTORSION,EXTORSION. ART. 244 C.P.,CALI,San Luís,06,-76.486256,3.477488,DOMICILIO,2023,abril     ,14,4/14/2023,6,08:30,DENUNCIA,Nivel 1
EXTORSION,EXTORSION. ART. 244 C.P.,CALI,La Rivera I,06,-76.486855,3.476565,SIN INFORMACION,2023,abril     ,14,4/14/2023,6,11:07,DENUNCIA,Nivel 1
EXTORSION,EXTORSION. ART. 244 C.P.,CALI,San Luís,06,-76.486256,3.477488,DOMICILIO,2023,abril     ,14,4/14/2023,6,08:30,DENUNCIA,Nivel 1
EXTORSION,EXTORSION. ART. 244 C.P.,CALI,Mojica,15,-76.486433,3.417983,SIN INFORMACION,2023,abril     ,15,4/15/2023,7,14:00,DENUNCIA,Nivel 1
EXTORSION,EXTORSION. ART. 244 C.P.,CALI,Polvorines,18,-76.552925,3.372194,SIN INFORMACION,2023,abril     ,15,4/15/2023,7,23:00,DENUNCIA,Nivel 1
EXTORSION,EXTORSION. ART. 244 C.P.,CALI,San Judas Tadeo I,10,-76.52455,3.409191,OTRO,2023,abril     ,15,4/15/2023,7,19:30,DENUNCIA,Nivel 1
EXTORSION,EXTORSION. ART. 244 C.P.,CALI,Torres de Comfandi,05,-76.499927,3.47894,DOMICILIO,2023,abril     ,17,4/17/2023,2,09:30,DENUNCIA,Nivel 1
EXTORSION,EXTORSION. ART. 244 C.P.,CALI,Junín,09,-76.52645,3.43402,SIN INFORMACION,2023,abril     ,17,4/17/2023,2,12:00,DENUNCIA,Nivel 1
EXTORSION,EXTORSION. ART. 244 C.P.,CALI,Siloé,20,-76.557826,3.421838,DOMICILIO,2023,abril     ,18,4/18/2023,3,11:00,DENUNCIA,Nivel 1
EXTORSION,EXTORSION. ART. 244 C.P.,CALI,Urbanización Ciudad Jardín,22,-76.531316,3.367411,SIN INFORMACION,2023,abril     ,19,4/19/2023,4,16:13,DENUNCIA,Nivel 1
EXTORSION,EXTORSION. ART. 244 C.P.,CALI,Desepaz Invicali,21,-76.463738,3.421787,SIN INFORMACION,2023,abril     ,19,4/19/2023,4,21:54,DENUNCIA,Nivel 1
EXTORSION,EXTORSION. ART. 244 C.P.,CALI,Terrón Colorado,01,-76.558902,3.454721,SIN INFORMACION,2023,abril     ,20,4/20/2023,5,15:00,DENUNCIA,Nivel 1
EXTORSION,EXTORSION. ART. 244 C.P.,CALI,Rural,Rural,-76.54965,3.485693,RED VIRTUAL O INTERNET,2023,abril     ,21,4/21/2023,6,01:00,DENUNCIA,Nivel 1
EXTORSION,EXTORSION. ART. 244 C.P.,CALI,Mariano Ramos,16,-76.51548,3.4067,SIN INFORMACION,2023,abril     ,21,4/21/2023,6,14:19,DENUNCIA,Nivel 1
EXTORSION,EXTORSION. ART. 244 C.P.,CALI,Mariano Ramos,16,-76.517746,3.404597,SIN INFORMACION,2023,abril     ,21,4/21/2023,6,22:00,DENUNCIA,Nivel 1
EXTORSION,EXTORSION. ART. 244 C.P.,CALI,Sector Alto de los Chorros,18,-76.557008,3.394399,SIN INFORMACION,2023,abril     ,21,4/21/2023,6,23:57,DENUNCIA,Nivel 1
EXTORSION,EXTORSION. ART. 244 C.P.,CALI,La Independencia,11,-76.51632,3.414833,SIN INFORMACION,2023,abril     ,24,4/24/2023,2,17:00,DENUNCIA,Nivel 1
EXTORSION,EXTORSION. ART. 244 C.P.,CALI,Jorge Eliécer Gaitán,06,-76.483284,3.470932,SIN INFORMACION,2023,abril     ,24,4/24/2023,2,23:00,DENUNCIA,Nivel 1
EXTORSION,EXTORSION. ART. 244 C.P.,CALI,Ciudadela Floralia,06,-76.49538,3.49786,LUGAR DE TRABAJO,2023,abril     ,24,4/24/2023,2,10:30,DENUNCIA,Nivel 1
EXTORSION,EXTORSION. ART. 244 C.P.,CALI,Sector Alto Jordán,18,-76.55743,3.377296,SIN INFORMACION,2023,abril     ,25,4/25/2023,3,07:00,DENUNCIA,Nivel 1
EXTORSION,EXTORSION. ART. 244 C.P.,CALI,Caney,17,-76.51694,3.382798,SIN INFORMACION,2023,abril     ,25,4/25/2023,3,07:30,DENUNCIA,Nivel 1
EXTORSION,EXTORSION. ART. 244 C.P.,CALI,Rural,Rural,-76.63355,3.328075,VIA PUBLICA,2023,abril     ,25,4/25/2023,3,07:00,DENUNCIA,Nivel 1
EXTORSION,EXTORSION. ART. 244 C.P.,CALI,Urbanización La Nueva Base,08,-76.490357,3.449254,DOMICILIO,2023,abril     ,25,4/25/2023,3,08:00,DENUNCIA,Nivel 1
EXTORSION,EXTORSION. ART. 244 C.P.,CALI,El Guabal,10,-76.530034,3.418475,SIN INFORMACION,2023,abril     ,26,4/26/2023,4,11:59,DENUNCIA,Nivel 1
EXTORSION,EXTORSION. ART. 244 C.P.,CALI,El Cortijo,20,-76.5594,3.416657,OTRO,2023,abril     ,27,4/27/2023,5,18:00,DENUNCIA,Nivel 1
EXTORSION,EXTORSION. ART. 244 C.P.,CALI,Brisas de Los Álamos,02,-76.502591,3.492219,DOMICILIO,2023,abril     ,27,4/27/2023,5,14:00,DENUNCIA,Nivel 1
EXTORSION,EXTORSION. ART. 244 C.P.,CALI,Atanasio Girardot,08,-76.50858,3.442615,SIN INFORMACION,2023,abril     ,27,4/27/2023,5,10:00,DENUNCIA,Nivel 1
EXTORSION,EXTORSION. ART. 244 C.P.,CALI,Alameda,09,-76.537062,3.436894,SIN INFORMACION,2023,abril     ,27,4/27/2023,5,22:34,DENUNCIA,Nivel 1
EXTORSION,EXTORSION. ART. 244 C.P.,CALI,Alto Nápoles,18,-76.553463,3.384216,SIN INFORMACION,2023,abril     ,28,4/28/2023,6,21:00,DENUNCIA,Nivel 1
EXTORSION,EXTORSION. ART. 244 C.P.,CALI,José Manuel Marroquín I,14,-76.479786,3.423049,DOMICILIO,2023,abril     ,28,4/28/2023,6,11:01,DENUNCIA,Nivel 1
EXTORSION,EXTORSION. ART. 244 C.P.,CALI,Junín,09,-76.52645,3.43402,SIN INFORMACION,2023,abril     ,28,4/28/2023,6,06:30,DENUNCIA,Nivel 1
EXTORSION,EXTORSION. ART. 244 C.P.,CALI,Alfonso Lopez P. 1a Etapa,07,-76.481835,3.463655,VIA PUBLICA,2023,abril     ,28,4/28/2023,6,09:00,DENUNCIA,Nivel 1
EXTORSION,EXTORSION. ART. 244 C.P.,CALI,Urbanización Calimio,06,-76.484582,3.488215,DOMICILIO,2023,abril     ,28,4/28/2023,6,05:06,DENUNCIA,Nivel 1
EXTORSION,EXTORSION. ART. 244 C.P.,CALI,Los Guayacanes,05,-76.489707,3.474583,SIN INFORMACION,2023,abril     ,28,4/28/2023,6,15:00,DENUNCIA,Nivel 1
EXTORSION,EXTORSION. ART. 244 C.P.,CALI,La Rivera I,06,-76.48509,3.47561,SIN INFORMACION,2023,abril     ,29,4/29/2023,7,00:00,DENUNCIA,Nivel 1
EXTORSION,EXTORSION. ART. 244 C.P.,CALI,José Manuel Marroquín II,14,-76.483266,3.431796,SIN INFORMACION,2023,abril     ,29,4/29/2023,7,02:15,DENUNCIA,Nivel 1
EXTORSION,EXTORSION. ART. 244 C.P.,CALI,Villa del Prado - El Guabito,05,-76.48935,3.468229,SIN INFORMACION,2023,abril     ,30,4/30/2023,1,10:00,DENUNCIA,Nivel 1
EXTORSION,EXTORSION. ART. 244 C.P.,CALI,Siloé,20,-76.55572,3.421134,SIN INFORMACION,2023,abril     ,30,4/30/2023,1,15:00,DENUNCIA,Nivel 1
EXTORSION,EXTORSION. ART. 244 C.P.,CALI,Manuel María Buenaventura,09,-76.5225,3.43722,SIN INFORMACION,2023,abril     ,30,4/30/2023,1,09:54,DENUNCIA,Nivel 1
EXTORSION,EXTORSION. ART. 244 C.P.,CALI,Las Orquídeas,14,-76.478398,3.414109,SIN INFORMACION,2023,abril     ,30,4/30/2023,1,12:00,DENUNCIA,Nivel 1
EXTORSION,EXTORSION. ART. 244 C.P.,CALI,El Lido,19,-76.55146,3.423364,SIN INFORMACION,2023,abril     ,30,4/30/2023,1,16:30,DENUNCIA,Nivel 1
EXTORSION,EXTORSION. ART. 244 C.P.,CALI,La Rivera I,06,-76.48571,3.47237,DOMICILIO,2023,abril     ,30,4/30/2023,1,04:41,DENUNCIA,Nivel 1
EXTORSION,EXTORSION. ART. 244 C.P.,CALI,Los Parques Barranquilla,05,-76.499452,3.479191,SIN INFORMACION,2023,mayo      ,1,5/1/2023,2,12:16,DENUNCIA,Nivel 1
EXTORSION,EXTORSION. ART. 244 C.P.,CALI,Puerto Mallarino,07,-76.479675,3.450214,RED VIRTUAL O INTERNET,2023,mayo      ,1,5/1/2023,2,08:30,DENUNCIA,Nivel 1
EXTORSION,EXTORSION. ART. 244 C.P.,CALI,Calima,04,-76.49772,3.48621,ESTABLECIMIENTO DE COMERCIO,2023,mayo      ,1,5/1/2023,2,10:00,DENUNCIA,Nivel 1
EXTORSION,EXTORSION. ART. 244 C.P.,CALI,Mariano Ramos,16,-76.52012,3.402344,SIN INFORMACION,2023,mayo      ,1,5/1/2023,2,08:00,DENUNCIA,Nivel 1
EXTORSION,EXTORSION. ART. 244 C.P.,CALI,Sector Alto de los Chorros,18,-76.559106,3.389571,SIN INFORMACION,2023,mayo      ,1,5/1/2023,2,09:00,DENUNCIA,Nivel 1
EXTORSION,EXTORSION. ART. 244 C.P.,CALI,Santander,04,-76.51363,3.46552,CENTRO COMERCIAL,2023,mayo      ,1,5/1/2023,2,18:30,DENUNCIA,Nivel 1
EXTORSION,EXTORSION. ART. 244 C.P.,CALI,Calima,04,-76.49772,3.48621,ESTABLECIMIENTO DE COMERCIO,2023,mayo      ,1,5/1/2023,2,10:00,DENUNCIA,Nivel 1
EXTORSION,EXTORSION. ART. 244 C.P.,CALI,La Isla,04,-76.515335,3.47142,SIN INFORMACION,2023,mayo      ,1,5/1/2023,2,16:41,DENUNCIA,Nivel 1
EXTORSION,EXTORSION. ART. 244 C.P.,CALI,Urbanización Boyaca,11,-76.52067,3.421699,SIN INFORMACION,2023,mayo      ,2,5/2/2023,3,18:00,DENUNCIA,Nivel 1
EXTORSION,EXTORSION. ART. 244 C.P.,CALI,Los Guayacanes,05,-76.491726,3.47329,SIN INFORMACION,2023,mayo      ,2,5/2/2023,3,21:00,DENUNCIA,Nivel 1
EXTORSION,EXTORSION. ART. 244 C.P.,CALI,El Sena,05,-76.50088,3.46483,DOMICILIO,2023,mayo      ,2,5/2/2023,3,00:00,DENUNCIA,Nivel 1
EXTORSION,EXTORSION. ART. 244 C.P.,CALI,La Flora,02,-76.52363,3.481903,SIN INFORMACION,2023,mayo      ,2,5/2/2023,3,11:00,DENUNCIA,Nivel 1
EXTORSION,EXTORSION. ART. 244 C.P.,CALI,La Merced,03,-76.536043,3.450576,SIN INFORMACION,2023,mayo      ,2,5/2/2023,3,18:50,DENUNCIA,Nivel 1
EXTORSION,EXTORSION. ART. 244 C.P.,CALI,Antonio Nariño,16,-76.50531,3.41646,SIN INFORMACION,2023,mayo      ,2,5/2/2023,3,05:00,DENUNCIA,Nivel 1
EXTORSION,EXTORSION. ART. 244 C.P.,CALI,Bretaña,09,-76.532118,3.43449,SIN INFORMACION,2023,mayo      ,3,5/3/2023,4,12:16,DENUNCIA,Nivel 1
EXTORSION,EXTORSION. ART. 244 C.P.,CALI,San Fernando Viejo,19,-76.5445,3.43012,LUGAR DE TRABAJO,2023,mayo      ,3,5/3/2023,4,17:30,DENUNCIA,Nivel 1
EXTORSION,EXTORSION. ART. 244 C.P.,CALI,Lili,17,-76.52011,3.375065,ESTABLECIMIENTO DE COMERCIO,2023,mayo      ,3,5/3/2023,4,17:30,DENUNCIA,Nivel 1
EXTORSION,EXTORSION. ART. 244 C.P.,CALI,Ciudad Córdoba,15,-76.504939,3.406543,SIN INFORMACION,2023,mayo      ,3,5/3/2023,4,08:30,DENUNCIA,Nivel 1
EXTORSION,EXTORSION. ART. 244 C.P.,CALI,El Diamante,13,-76.504306,3.420155,SIN INFORMACION,2023,mayo      ,4,5/4/2023,5,18:15,DENUNCIA,Nivel 1
EXTORSION,EXTORSION. ART. 244 C.P.,CALI,Compartir,21,-76.462949,3.432244,SIN INFORMACION,2023,mayo      ,5,5/5/2023,6,07:21,DENUNCIA,Nivel 1
EXTORSION,EXTORSION. ART. 244 C.P.,CALI,El Jordán,18,-76.552284,3.376777,DOMICILIO,2023,mayo      ,5,5/5/2023,6,00:00,DENUNCIA,Nivel 1
EXTORSION,EXTORSION. ART. 244 C.P.,CALI,Sector Alto Jordán,18,-76.55387,3.377399,SIN INFORMACION,2023,mayo      ,5,5/5/2023,6,18:00,DENUNCIA,Nivel 1
EXTORSION,EXTORSION. ART. 244 C.P.,CALI,El Morichal,15,-76.506476,3.393749,SIN INFORMACION,2023,mayo      ,5,5/5/2023,6,04:11,DENUNCIA,Nivel 1
EXTORSION,EXTORSION. ART. 244 C.P.,CALI,Base Aérea,07,-76.492805,3.453247,OTRO,2023,mayo      ,5,5/5/2023,6,12:15,DENUNCIA,Nivel 1
EXTORSION,EXTORSION. ART. 244 C.P.,CALI,Alfonso Lopez P. 2a Etapa,07,-76.48014,3.459288,SIN INFORMACION,2023,mayo      ,5,5/5/2023,6,11:00,DENUNCIA,Nivel 1
EXTORSION,EXTORSION. ART. 244 C.P.,CALI,Vipasa,02,-76.51539,3.482734,SIN INFORMACION,2023,mayo      ,6,5/6/2023,7,09:00,DENUNCIA,Nivel 1
EXTORSION,EXTORSION. ART. 244 C.P.,CALI,Miraflores,19,-76.542247,3.440432,SIN INFORMACION,2023,mayo      ,6,5/6/2023,7,16:30,DENUNCIA,Nivel 1
EXTORSION,EXTORSION. ART. 244 C.P.,CALI,El Guabal,10,-76.531706,3.415877,SIN INFORMACION,2023,mayo      ,7,5/7/2023,1,08:55,DENUNCIA,Nivel 1
EXTORSION,EXTORSION. ART. 244 C.P.,CALI,Camino Real - Los Fundadores,19,-76.541,3.409988,SIN INFORMACION,2023,mayo      ,8,5/8/2023,2,07:00,DENUNCIA,Nivel 1
EXTORSION,EXTORSION. ART. 244 C.P.,CALI,Los Naranjos,14,-76.48017,3.433802,SIN INFORMACION,2023,mayo      ,8,5/8/2023,2,05:31,DENUNCIA,Nivel 1
EXTORSION,EXTORSION. ART. 244 C.P.,CALI,Barrio Obrero,09,-76.52014,3.446369,SIN INFORMACION,2023,mayo      ,9,5/9/2023,3,15:58,DENUNCIA,Nivel 1
EXTORSION,EXTORSION. ART. 244 C.P.,CALI,Los Comuneros I,15,-76.49373,3.416413,SIN INFORMACION,2023,mayo      ,9,5/9/2023,3,06:00,DENUNCIA,Nivel 1
EXTORSION,EXTORSION. ART. 244 C.P.,CALI,Junín,09,-76.52645,3.43402,SIN INFORMACION,2023,mayo      ,9,5/9/2023,3,10:45,DENUNCIA,Nivel 1
EXTORSION,EXTORSION. ART. 244 C.P.,CALI,Cristóbal Colón,10,-76.520867,3.42428,DOMICILIO,2023,mayo      ,9,5/9/2023,3,17:00,DENUNCIA,Nivel 1
EXTORSION,EXTORSION. ART. 244 C.P.,CALI,Calimio Desepaz,21,-76.469198,3.413949,SIN INFORMACION,2023,mayo      ,10,5/10/2023,4,21:30,DENUNCIA,Nivel 1
EXTORSION,EXTORSION. ART. 244 C.P.,CALI,La Hacienda,17,-76.529046,3.393679,DOMICILIO,2023,mayo      ,10,5/10/2023,4,00:00,DENUNCIA,Nivel 1
EXTORSION,EXTORSION. ART. 244 C.P.,CALI,Los Guayacanes,05,-76.48965,3.472814,SIN INFORMACION,2023,mayo      ,10,5/10/2023,4,16:00,DENUNCIA,Nivel 1
EXTORSION,EXTORSION. ART. 244 C.P.,CALI,Junín,09,-76.52645,3.43402,SIN INFORMACION,2023,mayo      ,10,5/10/2023,4,22:00,DENUNCIA,Nivel 1
EXTORSION,EXTORSION. ART. 244 C.P.,CALI,Parcelaciones Pance,22,-76.53197,3.339968,SIN INFORMACION,2023,mayo      ,10,5/10/2023,4,19:30,DENUNCIA,Nivel 1
EXTORSION,EXTORSION. ART. 244 C.P.,CALI,Bretaña,09,-76.532264,3.437625,SIN INFORMACION,2023,mayo      ,10,5/10/2023,4,10:00,DENUNCIA,Nivel 1
EXTORSION,EXTORSION. ART. 244 C.P.,CALI,Fonaviemcali,06,-76.488734,3.485728,SIN INFORMACION,2023,mayo      ,11,5/11/2023,5,14:20,DENUNCIA,Nivel 1
EXTORSION,EXTORSION. ART. 244 C.P.,CALI,Aguablanca,11,-76.518171,3.43419,DOMICILIO,2023,mayo      ,11,5/11/2023,5,08:54,DENUNCIA,Nivel 1
EXTORSION,EXTORSION. ART. 244 C.P.,CALI,Simón Bolívar,08,-76.516592,3.441969,SIN INFORMACION,2023,mayo      ,11,5/11/2023,5,09:54,DENUNCIA,Nivel 1
EXTORSION,EXTORSION. ART. 244 C.P.,CALI,Cañaverales - Los Samanes,17,-76.52691,3.40623,SIN INFORMACION,2023,mayo      ,12,5/12/2023,6,16:15,DENUNCIA,Nivel 1
EXTORSION,EXTORSION. ART. 244 C.P.,CALI,El Vallado,15,-76.496585,3.407795,DOMICILIO,2023,mayo      ,12,5/12/2023,6,00:00,DENUNCIA,Nivel 1
EXTORSION,EXTORSION. ART. 244 C.P.,CALI,San Luis II,06,-76.48945,3.488036,SIN INFORMACION,2023,mayo      ,13,5/13/2023,7,01:00,DENUNCIA,Nivel 1
EXTORSION,EXTORSION. ART. 244 C.P.,CALI,La Flora,02,-76.52424,3.487374,SIN INFORMACION,2023,mayo      ,13,5/13/2023,7,10:00,DENUNCIA,Nivel 1
EXTORSION,EXTORSION. ART. 244 C.P.,CALI,Los Naranjos II,14,-76.47557,3.43479,OTRO,2023,mayo      ,13,5/13/2023,7,16:30,DENUNCIA,Nivel 1
EXTORSION,EXTORSION. ART. 244 C.P.,CALI,Los Alcázares,06,-76.491349,3.489714,SIN INFORMACION,2023,mayo      ,14,5/14/2023,1,01:00,DENUNCIA,Nivel 1
EXTORSION,EXTORSION. ART. 244 C.P.,CALI,Alirio Mora Beltrán,14,-76.48086,3.436473,SIN INFORMACION,2023,mayo      ,15,5/15/2023,2,09:00,DENUNCIA,Nivel 1
EXTORSION,EXTORSION. ART. 244 C.P.,CALI,Buenos Aires,18,-76.55276,3.39348,SIN INFORMACION,2023,mayo      ,15,5/15/2023,2,14:00,DENUNCIA,Nivel 1
EXTORSION,EXTORSION. ART. 244 C.P.,CALI,Sucre,09,-76.524394,3.448877,ESTABLECIMIENTO DE COMERCIO,2023,mayo      ,15,5/15/2023,2,08:00,DENUNCIA,Nivel 1
EXTORSION,EXTORSION. ART. 244 C.P.,CALI,Caney,17,-76.51503,3.3818,DOMICILIO,2023,mayo      ,15,5/15/2023,2,11:00,DENUNCIA,Nivel 1
EXTORSION,EXTORSION. ART. 244 C.P.,CALI,Siete de Agosto,07,-76.48671,3.450689,RED VIRTUAL O INTERNET,2023,mayo      ,15,5/15/2023,2,07:00,DENUNCIA,Nivel 1
EXTORSION,EXTORSION. ART. 244 C.P.,CALI,Caney,17,-76.51503,3.3818,DOMICILIO,2023,mayo      ,15,5/15/2023,2,11:00,DENUNCIA,Nivel 1
EXTORSION,EXTORSION. ART. 244 C.P.,CALI,Camino Real - Joaquin Borrero Sinisterra,19,-76.545508,3.404929,VIA PUBLICA,2023,mayo      ,15,5/15/2023,2,14:00,DENUNCIA,Nivel 1
EXTORSION,EXTORSION. ART. 244 C.P.,CALI,Guillermo Valencia,04,-76.507488,3.473271,DOMICILIO,2023,mayo      ,16,5/16/2023,3,16:50,DENUNCIA,Nivel 1
EXTORSION,EXTORSION. ART. 244 C.P.,CALI,Primero de Mayo,17,-76.535553,3.403575,DOMICILIO,2023,mayo      ,16,5/16/2023,3,15:00,DENUNCIA,Nivel 1
EXTORSION,EXTORSION. ART. 244 C.P.,CALI,Unicentro Cali,17,-76.538442,3.377449,SIN INFORMACION,2023,mayo      ,17,5/17/2023,4,01:35,DENUNCIA,Nivel 1
EXTORSION,EXTORSION. ART. 244 C.P.,CALI,Rafael Uribe Uribe,08,-76.51153,3.440443,SIN INFORMACION,2023,mayo      ,18,5/18/2023,5,10:29,DENUNCIA,Nivel 1
EXTORSION,EXTORSION. ART. 244 C.P.,CALI,Metropolitano del Norte,05,-76.492296,3.483917,SIN INFORMACION,2023,mayo      ,18,5/18/2023,5,15:33,DENUNCIA,Nivel 1
EXTORSION,EXTORSION. ART. 244 C.P.,CALI,Prados del Norte,02,-76.52123,3.46555,PARQUEADERO,2023,mayo      ,18,5/18/2023,5,22:00,DENUNCIA,Nivel 1
EXTORSION,EXTORSION. ART. 244 C.P.,CALI,Siloé,20,-76.55765,3.418359,SIN INFORMACION,2023,mayo      ,18,5/18/2023,5,07:30,DENUNCIA,Nivel 1
EXTORSION,EXTORSION. ART. 244 C.P.,CALI,Junín,09,-76.52645,3.43402,SIN INFORMACION,2023,mayo      ,19,5/19/2023,6,12:25,DENUNCIA,Nivel 1
EXTORSION,EXTORSION. ART. 244 C.P.,CALI,Bochalema,81,-76.518525,3.354762,SIN INFORMACION,2023,mayo      ,19,5/19/2023,6,16:13,DENUNCIA,Nivel 1
EXTORSION,EXTORSION. ART. 244 C.P.,CALI,San Juan Bosco,03,-76.535198,3.445397,SIN INFORMACION,2023,mayo      ,19,5/19/2023,6,10:36,DENUNCIA,Nivel 1
EXTORSION,EXTORSION. ART. 244 C.P.,CALI,Junín,09,-76.52645,3.43402,SIN INFORMACION,2023,mayo      ,20,5/20/2023,7,04:11,DENUNCIA,Nivel 1
EXTORSION,EXTORSION. ART. 244 C.P.,CALI,Urbanización Boyaca,11,-76.520296,3.424889,ESTABLECIMIENTO DE COMERCIO,2023,mayo      ,20,5/20/2023,7,19:00,DENUNCIA,Nivel 1
EXTORSION,EXTORSION. ART. 244 C.P.,CALI,Tierra Blanca,20,-76.56013,3.42088,VIA PUBLICA,2023,mayo      ,21,5/21/2023,1,19:00,DENUNCIA,Nivel 1
EXTORSION,EXTORSION. ART. 244 C.P.,CALI,Salomia,04,-76.504734,3.463703,SIN INFORMACION,2023,mayo      ,23,5/23/2023,3,10:30,DENUNCIA,Nivel 1
EXTORSION,EXTORSION. ART. 244 C.P.,CALI,La Esmeralda,04,-76.508279,3.459261,SIN INFORMACION,2023,mayo      ,23,5/23/2023,3,23:00,DENUNCIA,Nivel 1
EXTORSION,EXTORSION. ART. 244 C.P.,CALI,Jorge Isaacs,04,-76.517202,3.460285,SIN INFORMACION,2023,mayo      ,23,5/23/2023,3,10:30,DENUNCIA,Nivel 1
EXTORSION,EXTORSION. ART. 244 C.P.,CALI,República de Israel,16,-76.51327,3.405413,SIN INFORMACION,2023,mayo      ,23,5/23/2023,3,09:17,DENUNCIA,Nivel 1
EXTORSION,EXTORSION. ART. 244 C.P.,CALI,Aguacatal,01,-76.549488,3.45783,AREA RURAL,2023,mayo      ,24,5/24/2023,4,00:00,DENUNCIA,Nivel 1
EXTORSION,EXTORSION. ART. 244 C.P.,CALI,Urbanización El Angel del Hogar,07,-76.481911,3.450183,DOMICILIO,2023,mayo      ,24,5/24/2023,4,14:00,DENUNCIA,Nivel 1
EXTORSION,EXTORSION. ART. 244 C.P.,CALI,Primero de Mayo,17,-76.534142,3.40565,DOMICILIO,2023,mayo      ,24,5/24/2023,4,10:00,DENUNCIA,Nivel 1
EXTORSION,EXTORSION. ART. 244 C.P.,CALI,Urbanización El Angel del Hogar,07,-76.481911,3.450183,DOMICILIO,2023,mayo      ,24,5/24/2023,4,14:00,DENUNCIA,Nivel 1
EXTORSION,EXTORSION. ART. 244 C.P.,CALI,Cuarteles de Nápoles,18,-76.54955,3.381676,SIN INFORMACION,2023,mayo      ,25,5/25/2023,5,17:30,DENUNCIA,Nivel 1
EXTORSION,EXTORSION. ART. 244 C.P.,CALI,San Antonio,03,-76.53786,3.446565,DOMICILIO,2023,mayo      ,26,5/26/2023,6,09:51,DENUNCIA,Nivel 1
EXTORSION,EXTORSION. ART. 244 C.P.,CALI,Cristóbal Colón,10,-76.52349,3.421873,SIN INFORMACION,2023,mayo      ,26,5/26/2023,6,10:00,DENUNCIA,Nivel 1
EXTORSION,EXTORSION. ART. 244 C.P.,CALI,Cristóbal Colón,10,-76.525623,3.418792,SIN INFORMACION,2023,mayo      ,27,5/27/2023,7,10:02,DENUNCIA,Nivel 1
EXTORSION,EXTORSION. ART. 244 C.P.,CALI,Saavedra Galindo,08,-76.51352,3.44155,SIN INFORMACION,2023,mayo      ,28,5/28/2023,1,12:00,DENUNCIA,Nivel 1
EXTORSION,EXTORSION. ART. 244 C.P.,CALI,Potrero Grande,21,-76.47309,3.410247,SIN INFORMACION,2023,mayo      ,28,5/28/2023,1,23:00,DENUNCIA,Nivel 1
EXTORSION,EXTORSION. ART. 244 C.P.,CALI,Los Lagos,13,-76.48625,3.430836,SIN INFORMACION,2023,mayo      ,28,5/28/2023,1,10:30,DENUNCIA,Nivel 1
EXTORSION,EXTORSION. ART. 244 C.P.,CALI,El Jordán,18,-76.549346,3.372761,SIN INFORMACION,2023,mayo      ,29,5/29/2023,2,14:50,DENUNCIA,Nivel 1
EXTORSION,EXTORSION. ART. 244 C.P.,CALI,Cristóbal Colón,10,-76.526213,3.42465,SIN INFORMACION,2023,mayo      ,29,5/29/2023,2,19:44,DENUNCIA,Nivel 1
EXTORSION,EXTORSION. ART. 244 C.P.,CALI,Parcelaciones Pance,22,-76.524393,3.360642,FINCA,2023,mayo      ,29,5/29/2023,2,07:30,DENUNCIA,Nivel 1
EXTORSION,EXTORSION. ART. 244 C.P.,CALI,Marroquín III,13,-76.48545,3.432494,SIN INFORMACION,2023,mayo      ,29,5/29/2023,2,01:30,DENUNCIA,Nivel 1
EXTORSION,EXTORSION. ART. 244 C.P.,CALI,Alfonso Lopez P. 1a Etapa,07,-76.481815,3.463119,SIN INFORMACION,2023,mayo      ,29,5/29/2023,2,10:26,DENUNCIA,Nivel 1
EXTORSION,EXTORSION. ART. 244 C.P.,CALI,Alfonso Bonilla Aragón,14,-76.481021,3.41818,SIN INFORMACION,2023,mayo      ,29,5/29/2023,2,13:00,DENUNCIA,Nivel 1
EXTORSION,EXTORSION. ART. 244 C.P.,CALI,La Hacienda,17,-76.530171,3.394091,SIN INFORMACION,2023,mayo      ,29,5/29/2023,2,14:30,DENUNCIA,Nivel 1
EXTORSION,EXTORSION. ART. 244 C.P.,CALI,San Cayetano,03,-76.536787,3.443907,LUGAR DE TRABAJO,2023,mayo      ,30,5/30/2023,3,15:10,DENUNCIA,Nivel 1
EXTORSION,EXTORSION. ART. 244 C.P.,CALI,Mariano Ramos,16,-76.515829,3.403349,SIN INFORMACION,2023,mayo      ,30,5/30/2023,3,22:00,DENUNCIA,Nivel 1
EXTORSION,EXTORSION. ART. 244 C.P.,CALI,Calimio Desepaz,21,-76.46779,3.41432,SIN INFORMACION,2023,mayo      ,30,5/30/2023,3,21:30,DENUNCIA,Nivel 1
EXTORSION,EXTORSION. ART. 244 C.P.,CALI,Los Lagos,13,-76.486498,3.428847,SIN INFORMACION,2023,mayo      ,30,5/30/2023,3,22:30,DENUNCIA,Nivel 1
EXTORSION,EXTORSION. ART. 244 C.P.,CALI,Valle Grande,21,-76.472168,3.437466,SIN INFORMACION,2023,mayo      ,30,5/30/2023,3,22:31,DENUNCIA,Nivel 1
EXTORSION,EXTORSION. ART. 244 C.P.,CALI,Ciudad Córdoba,15,-76.51289,3.399412,LUGAR DE TRABAJO,2023,mayo      ,31,5/31/2023,4,20:30,DENUNCIA,Nivel 1
EXTORSION,EXTORSION. ART. 244 C.P.,CALI,Los Lagos,13,-76.486905,3.430837,SIN INFORMACION,2023,mayo      ,31,5/31/2023,4,04:43,DENUNCIA,Nivel 1
EXTORSION,EXTORSION. ART. 244 C.P.,CALI,República de Israel,16,-76.512729,3.406,SIN INFORMACION,2023,mayo      ,31,5/31/2023,4,15:00,DENUNCIA,Nivel 1
EXTORSION,EXTORSION. ART. 244 C.P.,CALI,Urbanización Tequendama,19,-76.546789,3.418746,VIA PUBLICA,2023,junio     ,1,6/1/2023,5,00:00,DENUNCIA,Nivel 1
EXTORSION,EXTORSION. ART. 244 C.P.,CALI,Cristóbal Colón,10,-76.522917,3.419715,SIN INFORMACION,2023,junio     ,1,6/1/2023,5,10:57,DENUNCIA,Nivel 1
EXTORSION,EXTORSION. ART. 244 C.P.,CALI,Ciudadela Floralia,06,-76.494537,3.497354,SIN INFORMACION,2023,junio     ,1,6/1/2023,5,09:00,DENUNCIA,Nivel 1
EXTORSION,EXTORSION. ART. 244 C.P.,CALI,Santa Fé,08,-76.50398,3.44011,SIN INFORMACION,2023,junio     ,1,6/1/2023,5,20:00,DENUNCIA,Nivel 1
EXTORSION,EXTORSION. ART. 244 C.P.,CALI,El Vallado,15,-76.50072,3.40819,SIN INFORMACION,2023,junio     ,2,6/2/2023,6,09:19,DENUNCIA,Nivel 1
EXTORSION,EXTORSION. ART. 244 C.P.,CALI,Prados de Oriente,11,-76.511579,3.428707,DOMICILIO,2023,junio     ,2,6/2/2023,6,00:00,DENUNCIA,Nivel 1
EXTORSION,EXTORSION. ART. 244 C.P.,CALI,Valle Grande,21,-76.4697,3.43845,SIN INFORMACION,2023,junio     ,2,6/2/2023,6,16:30,DENUNCIA,Nivel 1
EXTORSION,EXTORSION. ART. 244 C.P.,CALI,Polvorines,18,-76.55295,3.37168,SIN INFORMACION,2023,junio     ,3,6/3/2023,7,10:00,DENUNCIA,Nivel 1
EXTORSION,EXTORSION. ART. 244 C.P.,CALI,Sucre,09,-76.52445,3.44979,SIN INFORMACION,2023,junio     ,3,6/3/2023,7,19:00,DENUNCIA,Nivel 1
EXTORSION,EXTORSION. ART. 244 C.P.,CALI,Manuela Beltrán,14,-76.474919,3.418103,SIN INFORMACION,2023,junio     ,4,6/4/2023,1,11:30,DENUNCIA,Nivel 1
EXTORSION,EXTORSION. ART. 244 C.P.,CALI,Caney,17,-76.51967,3.386059,SIN INFORMACION,2023,junio     ,5,6/5/2023,2,20:30,DENUNCIA,Nivel 1
EXTORSION,EXTORSION. ART. 244 C.P.,CALI,El Troncal,08,-76.50849,3.449179,SIN INFORMACION,2023,junio     ,6,6/6/2023,3,10:00,DENUNCIA,Nivel 1
EXTORSION,EXTORSION. ART. 244 C.P.,CALI,Siete de Agosto,07,-76.48488,3.44734,SIN INFORMACION,2023,junio     ,6,6/6/2023,3,20:20,DENUNCIA,Nivel 1
EXTORSION,EXTORSION. ART. 244 C.P.,CALI,Manuel María Buenaventura,09,-76.5225,3.43722,SIN INFORMACION,2023,junio     ,7,6/7/2023,4,18:00,DENUNCIA,Nivel 1
EXTORSION,EXTORSION. ART. 244 C.P.,CALI,Industrial,08,-76.51073,3.45014,ESTABLECIMIENTO DE COMERCIO,2023,junio     ,7,6/7/2023,4,00:00,DENUNCIA,Nivel 1
EXTORSION,EXTORSION. ART. 244 C.P.,CALI,El Dorado,10,-76.52841,3.42168,SIN INFORMACION,2023,junio     ,8,6/8/2023,5,04:00,DENUNCIA,Nivel 1
EXTORSION,EXTORSION. ART. 244 C.P.,CALI,San Luis II,06,-76.486491,3.490298,DOMICILIO,2023,junio     ,8,6/8/2023,5,10:00,DENUNCIA,Nivel 1
EXTORSION,EXTORSION. ART. 244 C.P.,CALI,Terrón Colorado,01,-76.561145,3.451416,AREA RURAL,2023,junio     ,8,6/8/2023,5,07:00,DENUNCIA,Nivel 1
EXTORSION,EXTORSION. ART. 244 C.P.,CALI,Rural,Rural,-76.602563,3.493828,AREA RURAL,2023,junio     ,8,6/8/2023,5,08:15,DENUNCIA,Nivel 1
EXTORSION,EXTORSION. ART. 244 C.P.,CALI,Rafael Uribe Uribe,08,-76.51149,3.440086,SIN INFORMACION,2023,junio     ,9,6/9/2023,6,14:00,DENUNCIA,Nivel 1
EXTORSION,EXTORSION. ART. 244 C.P.,CALI,Los Lagos,13,-76.48631,3.43011,SIN INFORMACION,2023,junio     ,10,6/10/2023,7,21:00,DENUNCIA,Nivel 1
EXTORSION,EXTORSION. ART. 244 C.P.,CALI,El Poblado I,13,-76.49465,3.41866,ESTABLECIMIENTO DE COMERCIO,2023,junio     ,10,6/10/2023,7,20:00,DENUNCIA,Nivel 1
EXTORSION,EXTORSION. ART. 244 C.P.,CALI,Terrón Colorado,01,-76.562699,3.453555,VIA PUBLICA,2023,junio     ,10,6/10/2023,7,20:00,DENUNCIA,Nivel 1
EXTORSION,EXTORSION. ART. 244 C.P.,CALI,Jorge Eliécer Gaitán,06,-76.483476,3.472059,SIN INFORMACION,2023,junio     ,10,6/10/2023,7,11:00,DENUNCIA,Nivel 1
EXTORSION,EXTORSION. ART. 244 C.P.,CALI,Santa Fé,08,-76.5069,3.439955,LUGAR DE TRABAJO,2023,junio     ,10,6/10/2023,7,00:00,DENUNCIA,Nivel 1
EXTORSION,EXTORSION. ART. 244 C.P.,CALI,Caldas,18,-76.548131,3.39478,DOMICILIO,2023,junio     ,10,6/10/2023,7,10:00,DENUNCIA,Nivel 1
EXTORSION,EXTORSION. ART. 244 C.P.,CALI,Ulpiano Lloreda,13,-76.490373,3.439798,SIN INFORMACION,2023,junio     ,11,6/11/2023,1,21:12,DENUNCIA,Nivel 1
EXTORSION,EXTORSION. ART. 244 C.P.,CALI,Manuel María Buenaventura,09,-76.5225,3.43722,SIN INFORMACION,2023,junio     ,11,6/11/2023,1,16:00,DENUNCIA,Nivel 1
EXTORSION,EXTORSION. ART. 244 C.P.,CALI,Siloé,20,-76.555914,3.422716,DOMICILIO,2023,junio     ,12,6/12/2023,2,09:00,DENUNCIA,Nivel 1
EXTORSION,EXTORSION. ART. 244 C.P.,CALI,Antonio Nariño,16,-76.503235,3.40961,OTRO,2023,junio     ,13,6/13/2023,3,02:00,DENUNCIA,Nivel 1
EXTORSION,EXTORSION. ART. 244 C.P.,CALI,Lili,17,-76.52016,3.3722,ESTABLECIMIENTO DE COMERCIO,2023,junio     ,14,6/14/2023,4,08:15,DENUNCIA,Nivel 1
EXTORSION,EXTORSION. ART. 244 C.P.,CALI,Lili,17,-76.52025,3.37215,SIN INFORMACION,2023,junio     ,14,6/14/2023,4,08:00,DENUNCIA,Nivel 1
EXTORSION,EXTORSION. ART. 244 C.P.,CALI,Urbanización La Merced,02,-76.512428,3.479645,DOMICILIO,2023,junio     ,14,6/14/2023,4,10:00,DENUNCIA,Nivel 1
EXTORSION,EXTORSION. ART. 244 C.P.,CALI,Alfonso Bonilla Aragón,14,-76.485485,3.42297,DOMICILIO,2023,junio     ,15,6/15/2023,5,22:30,DENUNCIA,Nivel 1
EXTORSION,EXTORSION. ART. 244 C.P.,CALI,El Sena,05,-76.50308,3.468247,RED VIRTUAL O INTERNET,2023,junio     ,15,6/15/2023,5,09:30,DENUNCIA,Nivel 1
EXTORSION,EXTORSION. ART. 244 C.P.,CALI,Aranjuez,09,-76.523188,3.436398,SIN INFORMACION,2023,junio     ,15,6/15/2023,5,19:25,DENUNCIA,Nivel 1
EXTORSION,EXTORSION. ART. 244 C.P.,CALI,Manuela Beltrán,14,-76.477121,3.417127,ESTABLECIMIENTO DE COMERCIO,2023,junio     ,16,6/16/2023,6,17:00,DENUNCIA,Nivel 1
EXTORSION,EXTORSION. ART. 244 C.P.,CALI,Las Orquídeas,14,-76.477278,3.417084,ESTABLECIMIENTO DE COMERCIO,2023,junio     ,16,6/16/2023,6,16:00,DENUNCIA,Nivel 1
EXTORSION,EXTORSION. ART. 244 C.P.,CALI,San Luis II,06,-76.487503,3.490847,SIN INFORMACION,2023,junio     ,16,6/16/2023,6,10:36,DENUNCIA,Nivel 1
EXTORSION,EXTORSION. ART. 244 C.P.,CALI,Ciudad Córdoba,15,-76.50557,3.40274,ESTABLECIMIENTO DE COMERCIO,2023,junio     ,17,6/17/2023,7,08:00,DENUNCIA,Nivel 1
EXTORSION,EXTORSION. ART. 244 C.P.,CALI,Caney,17,-76.515952,3.387126,ESTABLECIMIENTO DE COMERCIO,2023,junio     ,17,6/17/2023,7,18:20,DENUNCIA,Nivel 1
EXTORSION,EXTORSION. ART. 244 C.P.,CALI,La Isla,04,-76.51132,3.474743,SIN INFORMACION,2023,junio     ,18,6/18/2023,1,00:45,DENUNCIA,Nivel 1
EXTORSION,EXTORSION. ART. 244 C.P.,CALI,Parcelaciones Pance,22,-76.535438,3.348843,DOMICILIO,2023,junio     ,18,6/18/2023,1,10:00,DENUNCIA,Nivel 1
EXTORSION,EXTORSION. ART. 244 C.P.,CALI,El Diamante,13,-76.502866,3.418541,SIN INFORMACION,2023,junio     ,18,6/18/2023,1,08:40,DENUNCIA,Nivel 1
EXTORSION,EXTORSION. ART. 244 C.P.,CALI,El Cedro,19,-76.537116,3.435063,SIN INFORMACION,2023,junio     ,19,6/19/2023,2,10:51,DENUNCIA,Nivel 1
EXTORSION,EXTORSION. ART. 244 C.P.,CALI,Prados de Oriente,11,-76.51388,3.433423,SIN INFORMACION,2023,junio     ,19,6/19/2023,2,10:00,DENUNCIA,Nivel 1
EXTORSION,EXTORSION. ART. 244 C.P.,CALI,El Trébol,08,-76.495944,3.444012,SIN INFORMACION,2023,junio     ,19,6/19/2023,2,22:30,DENUNCIA,Nivel 1
EXTORSION,EXTORSION. ART. 244 C.P.,CALI,Panamericano,10,-76.53402,3.41335,DOMICILIO,2023,junio     ,19,6/19/2023,2,15:19,DENUNCIA,Nivel 1
EXTORSION,EXTORSION. ART. 244 C.P.,CALI,El Guabal,10,-76.524797,3.416256,SIN INFORMACION,2023,junio     ,19,6/19/2023,2,00:25,DENUNCIA,Nivel 1
EXTORSION,EXTORSION. ART. 244 C.P.,CALI,Mariano Ramos,16,-76.517975,3.40023,DOMICILIO,2023,junio     ,20,6/20/2023,3,09:00,DENUNCIA,Nivel 1
EXTORSION,EXTORSION. ART. 244 C.P.,CALI,Jorge Eliécer Gaitán,06,-76.4833,3.469874,SIN INFORMACION,2023,junio     ,21,6/21/2023,4,20:00,DENUNCIA,Nivel 1
EXTORSION,EXTORSION. ART. 244 C.P.,CALI,Ciudad Córdoba,15,-76.508547,3.400912,SIN INFORMACION,2023,junio     ,21,6/21/2023,4,16:22,DENUNCIA,Nivel 1
EXTORSION,EXTORSION. ART. 244 C.P.,CALI,El Remanso,21,-76.46685,3.41787,DOMICILIO,2023,junio     ,22,6/22/2023,5,22:00,DENUNCIA,Nivel 1
EXTORSION,EXTORSION. ART. 244 C.P.,CALI,Urbanización San Joaquin,17,-76.527822,3.370788,SIN INFORMACION,2023,junio     ,22,6/22/2023,5,17:00,DENUNCIA,Nivel 1
EXTORSION,EXTORSION. ART. 244 C.P.,CALI,Junín,09,-76.528173,3.435144,SIN INFORMACION,2023,junio     ,23,6/23/2023,6,18:00,DENUNCIA,Nivel 1
EXTORSION,EXTORSION. ART. 244 C.P.,CALI,Nueva Floresta,12,-76.49803,3.435273,SIN INFORMACION,2023,junio     ,23,6/23/2023,6,18:30,DENUNCIA,Nivel 1
EXTORSION,EXTORSION. ART. 244 C.P.,CALI,Vipasa,02,-76.515158,3.482015,SIN INFORMACION,2023,junio     ,24,6/24/2023,7,06:50,DENUNCIA,Nivel 1
EXTORSION,EXTORSION. ART. 244 C.P.,CALI,Lili,17,-76.51959,3.37257,DOMICILIO,2023,junio     ,24,6/24/2023,7,16:30,DENUNCIA,Nivel 1
EXTORSION,EXTORSION. ART. 244 C.P.,CALI,San Carlos,11,-76.514435,3.421374,SIN INFORMACION,2023,junio     ,24,6/24/2023,7,19:00,DENUNCIA,Nivel 1
EXTORSION,EXTORSION. ART. 244 C.P.,CALI,Los Cámbulos,19,-76.54104,3.417306,EDIFICIO,2023,junio     ,24,6/24/2023,7,12:00,DENUNCIA,Nivel 1
EXTORSION,EXTORSION. ART. 244 C.P.,CALI,Cañaverales - Los Samanes,17,-76.524716,3.401077,LUGAR DE TRABAJO,2023,junio     ,25,6/25/2023,1,20:00,DENUNCIA,Nivel 1
EXTORSION,EXTORSION. ART. 244 C.P.,CALI,Paso del Comercio,06,-76.489013,3.492864,DOMICILIO,2023,junio     ,25,6/25/2023,1,23:00,DENUNCIA,Nivel 1
EXTORSION,EXTORSION. ART. 244 C.P.,CALI,Cañaverales - Los Samanes,17,-76.524716,3.401077,VIA PUBLICA,2023,junio     ,25,6/25/2023,1,20:00,DENUNCIA,Nivel 1
EXTORSION,EXTORSION. ART. 244 C.P.,CALI,Alameda,09,-76.536194,3.439496,SIN INFORMACION,2023,junio     ,26,6/26/2023,2,17:30,DENUNCIA,Nivel 1
EXTORSION,EXTORSION. ART. 244 C.P.,CALI,San Pedro Claver,11,-76.505395,3.424045,SIN INFORMACION,2023,junio     ,27,6/27/2023,3,19:00,DENUNCIA,Nivel 1
EXTORSION,EXTORSION. ART. 244 C.P.,CALI,Sindical,12,-76.500826,3.431403,SIN INFORMACION,2023,junio     ,27,6/27/2023,3,16:00,DENUNCIA,Nivel 1
EXTORSION,EXTORSION. ART. 244 C.P.,CALI,El Ingenio,17,-76.527353,3.385047,DOMICILIO,2023,junio     ,28,6/28/2023,4,00:00,DENUNCIA,Nivel 1
EXTORSION,EXTORSION. ART. 244 C.P.,CALI,Manuela Beltrán,14,-76.477118,3.417229,ESTABLECIMIENTO DE COMERCIO,2023,junio     ,29,6/29/2023,5,12:00,DENUNCIA,Nivel 1
EXTORSION,EXTORSION. ART. 244 C.P.,CALI,Los Naranjos,14,-76.481762,3.434112,DOMICILIO,2023,junio     ,29,6/29/2023,5,18:10,DENUNCIA,Nivel 1
EXTORSION,EXTORSION. ART. 244 C.P.,CALI,San Pedro,03,-76.533576,3.45088,VIA PUBLICA,2023,junio     ,30,6/30/2023,6,19:30,DENUNCIA,Nivel 1
EXTORSION,EXTORSION. ART. 244 C.P.,CALI,El Morichal,15,-76.50949,3.394856,OTRO,2023,junio     ,30,6/30/2023,6,15:00,DENUNCIA,Nivel 1
EXTORSION,EXTORSION. ART. 244 C.P.,CALI,Granada,02,-76.533054,3.45829,ESTABLECIMIENTO DE COMERCIO,2023,junio     ,30,6/30/2023,6,16:00,DENUNCIA,Nivel 1
EXTORSION,EXTORSION. ART. 244 C.P.,CALI,Ciudad 2000,16,-76.523432,3.392024,SIN INFORMACION,2023,julio     ,1,7/1/2023,7,11:33,DENUNCIA,Nivel 1
EXTORSION,EXTORSION. ART. 244 C.P.,CALI,San Nicolás,03,-76.52467,3.455369,SIN INFORMACION,2023,julio     ,1,7/1/2023,7,07:00,DENUNCIA,Nivel 1
EXTORSION,EXTORSION. ART. 244 C.P.,CALI,Venezuela - Urbanización Cañaveralejo,20,-76.55771,3.41573,OTRO,2023,julio     ,1,7/1/2023,7,13:00,DENUNCIA,Nivel 1
EXTORSION,EXTORSION. ART. 244 C.P.,CALI,Santa Mónica,02,-76.53213,3.46512,SIN INFORMACION,2023,julio     ,1,7/1/2023,7,15:28,DENUNCIA,Nivel 1
EXTORSION,EXTORSION. ART. 244 C.P.,CALI,San Fernando Viejo,19,-76.543314,3.432496,SIN INFORMACION,2023,julio     ,2,7/2/2023,1,13:40,DENUNCIA,Nivel 1
EXTORSION,EXTORSION. ART. 244 C.P.,CALI,Urbanización La Merced,02,-76.513596,3.480983,OTRO,2023,julio     ,2,7/2/2023,1,11:00,DENUNCIA,Nivel 1
EXTORSION,EXTORSION. ART. 244 C.P.,CALI,Ciudadela Floralia,06,-76.493079,3.495634,DOMICILIO,2023,julio     ,2,7/2/2023,1,18:00,DENUNCIA,Nivel 1
EXTORSION,EXTORSION. ART. 244 C.P.,CALI,Los Farallones,18,-76.552471,3.390233,SIN INFORMACION,2023,julio     ,2,7/2/2023,1,04:00,DENUNCIA,Nivel 1
EXTORSION,EXTORSION. ART. 244 C.P.,CALI,Las Américas,08,-76.50812,3.448408,SIN INFORMACION,2023,julio     ,3,7/3/2023,2,17:00,DENUNCIA,Nivel 1
EXTORSION,EXTORSION. ART. 244 C.P.,CALI,Belalcázar,09,-76.521,3.4415,LUGAR DE TRABAJO,2023,julio     ,4,7/4/2023,3,02:00,DENUNCIA,Nivel 1
EXTORSION,EXTORSION. ART. 244 C.P.,CALI,Alirio Mora Beltrán,14,-76.479199,3.437573,SIN INFORMACION,2023,julio     ,4,7/4/2023,3,21:00,DENUNCIA,Nivel 1
EXTORSION,EXTORSION. ART. 244 C.P.,CALI,Manuela Beltrán,14,-76.470661,3.422425,DOMICILIO,2023,julio     ,4,7/4/2023,3,02:30,DENUNCIA,Nivel 1
EXTORSION,EXTORSION. ART. 244 C.P.,CALI,El Sena,05,-76.503514,3.465627,SIN INFORMACION,2023,julio     ,5,7/5/2023,4,00:48,DENUNCIA,Nivel 1
EXTORSION,EXTORSION. ART. 244 C.P.,CALI,Junín,09,-76.52645,3.43402,SIN INFORMACION,2023,julio     ,6,7/6/2023,5,19:00,DENUNCIA,Nivel 1
EXTORSION,EXTORSION. ART. 244 C.P.,CALI,Manuela Beltrán,14,-76.476683,3.418007,SIN INFORMACION,2023,julio     ,7,7/7/2023,6,22:12,DENUNCIA,Nivel 1
EXTORSION,EXTORSION. ART. 244 C.P.,CALI,Chipichape,02,-76.52784,3.47508,CENTRO COMERCIAL,2023,julio     ,7,7/7/2023,6,09:30,DENUNCIA,Nivel 1
EXTORSION,EXTORSION. ART. 244 C.P.,CALI,Atanasio Girardot,08,-76.508225,3.442445,SIN INFORMACION,2023,julio     ,7,7/7/2023,6,14:03,DENUNCIA,Nivel 1
EXTORSION,EXTORSION. ART. 244 C.P.,CALI,Manuela Beltrán,14,-76.470122,3.422666,SIN INFORMACION,2023,julio     ,7,7/7/2023,6,09:00,DENUNCIA,Nivel 1
EXTORSION,EXTORSION. ART. 244 C.P.,CALI,El Rodeo,12,-76.505249,3.438559,SIN INFORMACION,2023,julio     ,7,7/7/2023,6,15:43,DENUNCIA,Nivel 1
EXTORSION,EXTORSION. ART. 244 C.P.,CALI,Municipal,08,-76.5122,3.447705,SIN INFORMACION,2023,julio     ,9,7/9/2023,1,02:30,DENUNCIA,Nivel 1
EXTORSION,EXTORSION. ART. 244 C.P.,CALI,El Ingenio,17,-76.529335,3.381115,SIN INFORMACION,2023,julio     ,10,7/10/2023,2,14:00,DENUNCIA,Nivel 1
EXTORSION,EXTORSION. ART. 244 C.P.,CALI,Sector Alto de los Chorros,18,-76.561552,3.388367,SIN INFORMACION,2023,julio     ,10,7/10/2023,2,09:00,DENUNCIA,Nivel 1
EXTORSION,EXTORSION. ART. 244 C.P.,CALI,Junín,09,-76.52645,3.43402,SIN INFORMACION,2023,julio     ,10,7/10/2023,2,19:00,DENUNCIA,Nivel 1
EXTORSION,EXTORSION. ART. 244 C.P.,CALI,Junín,09,-76.52645,3.43402,SIN INFORMACION,2023,julio     ,11,7/11/2023,3,11:00,DENUNCIA,Nivel 1
EXTORSION,EXTORSION. ART. 244 C.P.,CALI,Santa Elena,10,-76.524047,3.430045,SIN INFORMACION,2023,julio     ,11,7/11/2023,3,11:00,DENUNCIA,Nivel 1
EXTORSION,EXTORSION. ART. 244 C.P.,CALI,Sindical,12,-76.499489,3.428984,LUGAR DE TRABAJO,2023,julio     ,11,7/11/2023,3,11:00,DENUNCIA,Nivel 1
EXTORSION,EXTORSION. ART. 244 C.P.,CALI,Club Campestre,22,-76.540427,3.372708,DOMICILIO,2023,julio     ,11,7/11/2023,3,00:00,DENUNCIA,Nivel 1
EXTORSION,EXTORSION. ART. 244 C.P.,CALI,Rural,Rural,-76.556799,3.475071,SIN INFORMACION,2023,julio     ,11,7/11/2023,3,02:10,DENUNCIA,Nivel 1
EXTORSION,EXTORSION. ART. 244 C.P.,CALI,Ciudadela Comfandi,17,-76.522989,3.385361,SIN INFORMACION,2023,julio     ,12,7/12/2023,4,19:00,DENUNCIA,Nivel 1
EXTORSION,EXTORSION. ART. 244 C.P.,CALI,Torres de Comfandi,05,-76.49864,3.474934,SIN INFORMACION,2023,julio     ,12,7/12/2023,4,02:30,DENUNCIA,Nivel 1
EXTORSION,EXTORSION. ART. 244 C.P.,CALI,San Nicolás,03,-76.526562,3.450804,VIA PUBLICA,2023,julio     ,12,7/12/2023,4,02:30,DENUNCIA,Nivel 1
EXTORSION,EXTORSION. ART. 244 C.P.,CALI,Torres de Comfandi,05,-76.49865,3.47488,DOMICILIO,2023,julio     ,12,7/12/2023,4,00:21,DENUNCIA,Nivel 1
EXTORSION,EXTORSION. ART. 244 C.P.,CALI,Belén,20,-76.552182,3.429363,DOMICILIO,2023,julio     ,13,7/13/2023,5,15:03,DENUNCIA,Nivel 1
EXTORSION,EXTORSION. ART. 244 C.P.,CALI,Atanasio Girardot,08,-76.508633,3.443884,SIN INFORMACION,2023,julio     ,13,7/13/2023,5,22:30,DENUNCIA,Nivel 1
EXTORSION,EXTORSION. ART. 244 C.P.,CALI,Fepicol,07,-76.484684,3.46179,DOMICILIO,2023,julio     ,14,7/14/2023,6,10:51,DENUNCIA,Nivel 1
EXTORSION,EXTORSION. ART. 244 C.P.,CALI,Unidad Residencial Santiago de Cali,19,-76.546861,3.415306,SIN INFORMACION,2023,julio     ,14,7/14/2023,6,22:00,DENUNCIA,Nivel 1
EXTORSION,EXTORSION. ART. 244 C.P.,CALI,Aranjuez,09,-76.52268,3.436641,SIN INFORMACION,2023,julio     ,18,7/18/2023,3,14:00,DENUNCIA,Nivel 1
EXTORSION,EXTORSION. ART. 244 C.P.,CALI,Las Delicias,04,-76.506999,3.46266,ESTABLECIMIENTO DE COMERCIO,2023,julio     ,19,7/19/2023,4,16:15,DENUNCIA,Nivel 1
EXTORSION,EXTORSION. ART. 244 C.P.,CALI,Terrón Colorado,01,-76.561265,3.452808,LUGAR DE EVENTOS,2023,julio     ,20,7/20/2023,5,16:00,DENUNCIA,Nivel 1
EXTORSION,EXTORSION. ART. 244 C.P.,CALI,Rural,Rural,-76.54225,3.301434,VIA PUBLICA,2023,julio     ,20,7/20/2023,5,10:00,DENUNCIA,Nivel 1
EXTORSION,EXTORSION. ART. 244 C.P.,CALI,Granada,02,-76.533185,3.458645,VIA PUBLICA,2023,julio     ,21,7/21/2023,6,09:00,DENUNCIA,Nivel 1
EXTORSION,EXTORSION. ART. 244 C.P.,CALI,Primavera,11,-76.50855,3.422063,SIN INFORMACION,2023,julio     ,21,7/21/2023,6,20:30,DENUNCIA,Nivel 1
EXTORSION,EXTORSION. ART. 244 C.P.,CALI,Cuarto de Legua - Guadalupe,19,-76.549247,3.406683,SIN INFORMACION,2023,julio     ,21,7/21/2023,6,05:00,DENUNCIA,Nivel 1
EXTORSION,EXTORSION. ART. 244 C.P.,CALI,San Cristóbal,10,-76.52072,3.430682,SIN INFORMACION,2023,julio     ,22,7/22/2023,7,15:51,DENUNCIA,Nivel 1
EXTORSION,EXTORSION. ART. 244 C.P.,CALI,Junín,09,-76.52645,3.43402,SIN INFORMACION,2023,julio     ,23,7/23/2023,1,16:45,DENUNCIA,Nivel 1
EXTORSION,EXTORSION. ART. 244 C.P.,CALI,Pizamos III - Las Dalias,21,-76.47588,3.407819,SIN INFORMACION,2023,julio     ,24,7/24/2023,2,04:59,DENUNCIA,Nivel 1
EXTORSION,EXTORSION. ART. 244 C.P.,CALI,Urbanización Calimio,06,-76.485275,3.489917,SIN INFORMACION,2023,julio     ,24,7/24/2023,2,10:28,DENUNCIA,Nivel 1
EXTORSION,EXTORSION. ART. 244 C.P.,CALI,Brisas de Los Álamos,02,-76.5031,3.49316,SIN INFORMACION,2023,julio     ,24,7/24/2023,2,15:00,DENUNCIA,Nivel 1
EXTORSION,EXTORSION. ART. 244 C.P.,CALI,Rural,Rural,-76.644873,3.432517,ESTABLECIMIENTO CARCELARIO,2023,julio     ,24,7/24/2023,2,08:00,DENUNCIA,Nivel 1
EXTORSION,EXTORSION. ART. 244 C.P.,CALI,Ciudadela Comfandi,17,-76.524383,3.382731,DOMICILIO,2023,julio     ,24,7/24/2023,2,16:00,DENUNCIA,Nivel 1
EXTORSION,EXTORSION. ART. 244 C.P.,CALI,Siete de Agosto,07,-76.485878,3.444747,DOMICILIO,2023,julio     ,24,7/24/2023,2,13:00,DENUNCIA,Nivel 1
EXTORSION,EXTORSION. ART. 244 C.P.,CALI,El Recuerdo,11,-76.51598,3.43058,SIN INFORMACION,2023,julio     ,25,7/25/2023,3,14:32,DENUNCIA,Nivel 1
EXTORSION,EXTORSION. ART. 244 C.P.,CALI,Bellavista,19,-76.552155,3.44447,ESTABLECIMIENTO DE COMERCIO,2023,julio     ,26,7/26/2023,4,16:35,DENUNCIA,Nivel 1
EXTORSION,EXTORSION. ART. 244 C.P.,CALI,Santander,04,-76.512411,3.463395,SIN INFORMACION,2023,julio     ,26,7/26/2023,4,10:10,DENUNCIA,Nivel 1
EXTORSION,EXTORSION. ART. 244 C.P.,CALI,Rural,Rural,-76.494945,3.36404,OTRO,2023,julio     ,26,7/26/2023,4,15:00,DENUNCIA,Nivel 1
EXTORSION,EXTORSION. ART. 244 C.P.,CALI,Sucre,09,-76.524582,3.447043,SIN INFORMACION,2023,julio     ,28,7/28/2023,6,15:19,DENUNCIA,Nivel 1
EXTORSION,EXTORSION. ART. 244 C.P.,CALI,San Carlos,11,-76.513696,3.422734,SIN INFORMACION,2023,julio     ,29,7/29/2023,7,12:00,DENUNCIA,Nivel 1
EXTORSION,EXTORSION. ART. 244 C.P.,CALI,Las Granjas,10,-76.527311,3.409845,SIN INFORMACION,2023,julio     ,30,7/30/2023,1,11:36,DENUNCIA,Nivel 1
EXTORSION,EXTORSION. ART. 244 C.P.,CALI,Urbanización El Angel del Hogar,07,-76.482701,3.449766,SIN INFORMACION,2023,agosto    ,1,8/1/2023,3,14:00,DENUNCIA,Nivel 1
EXTORSION,EXTORSION. ART. 244 C.P.,CALI,Marroquín III,13,-76.48538,3.43315,SIN INFORMACION,2023,agosto    ,1,8/1/2023,3,14:37,DENUNCIA,Nivel 1
EXTORSION,EXTORSION. ART. 244 C.P.,CALI,Santa Elena,10,-76.52123,3.4271,SIN INFORMACION,2023,agosto    ,1,8/1/2023,3,19:20,DENUNCIA,Nivel 1
EXTORSION,EXTORSION. ART. 244 C.P.,CALI,El Calvario,03,-76.52874,3.449575,LOCAL COMERCIAL,2023,agosto    ,1,8/1/2023,3,12:30,DENUNCIA,Nivel 1
EXTORSION,EXTORSION. ART. 244 C.P.,CALI,Marroquín III,13,-76.48419,3.43242,SIN INFORMACION,2023,agosto    ,1,8/1/2023,3,04:30,DENUNCIA,Nivel 1
EXTORSION,EXTORSION. ART. 244 C.P.,CALI,Sector Puente del Comercio,06,-76.49501,3.486736,EDIFICIO,2023,agosto    ,1,8/1/2023,3,13:30,DENUNCIA,Nivel 1
EXTORSION,EXTORSION. ART. 244 C.P.,CALI,El Prado,11,-76.517072,3.435835,DOMICILIO,2023,agosto    ,2,8/2/2023,4,14:00,DENUNCIA,Nivel 1
EXTORSION,EXTORSION. ART. 244 C.P.,CALI,Ciudad de Los Álamos,02,-76.506001,3.484646,DOMICILIO,2023,agosto    ,2,8/2/2023,4,18:00,DENUNCIA,Nivel 1
EXTORSION,EXTORSION. ART. 244 C.P.,CALI,Terrón Colorado,01,-76.559409,3.45317,SIN INFORMACION,2023,agosto    ,2,8/2/2023,4,11:05,DENUNCIA,Nivel 1
EXTORSION,EXTORSION. ART. 244 C.P.,CALI,Vista Hermosa,01,-76.572433,3.453723,SIN INFORMACION,2023,agosto    ,2,8/2/2023,4,06:12,DENUNCIA,Nivel 1
EXTORSION,EXTORSION. ART. 244 C.P.,CALI,Ciudadela Comfandi,17,-76.524,3.38394,VIA PUBLICA,2023,agosto    ,3,8/3/2023,5,10:00,DENUNCIA,Nivel 1
EXTORSION,EXTORSION. ART. 244 C.P.,CALI,Rural,Rural,-76.523872,3.293744,VIA PUBLICA,2023,agosto    ,3,8/3/2023,5,15:12,DENUNCIA,Nivel 1
EXTORSION,EXTORSION. ART. 244 C.P.,CALI,Rural,Rural,-76.549304,3.288592,AREA RURAL,2023,agosto    ,3,8/3/2023,5,09:30,DENUNCIA,Nivel 1
EXTORSION,EXTORSION. ART. 244 C.P.,CALI,San Fernando Viejo,19,-76.54198,3.43507,SIN INFORMACION,2023,agosto    ,4,8/4/2023,6,23:00,DENUNCIA,Nivel 1
EXTORSION,EXTORSION. ART. 244 C.P.,CALI,San Fernando Viejo,19,-76.54198,3.43507,SIN INFORMACION,2023,agosto    ,4,8/4/2023,6,23:00,DENUNCIA,Nivel 1
EXTORSION,EXTORSION. ART. 244 C.P.,CALI,San Nicolás,03,-76.528434,3.452829,SIN INFORMACION,2023,agosto    ,4,8/4/2023,6,13:00,DENUNCIA,Nivel 1
EXTORSION,EXTORSION. ART. 244 C.P.,CALI,El Guabal,10,-76.52873,3.418539,SIN INFORMACION,2023,agosto    ,4,8/4/2023,6,09:00,DENUNCIA,Nivel 1
EXTORSION,EXTORSION. ART. 244 C.P.,CALI,Villa del Sur,11,-76.520098,3.411147,SIN INFORMACION,2023,agosto    ,5,8/5/2023,7,12:00,DENUNCIA,Nivel 1
EXTORSION,EXTORSION. ART. 244 C.P.,CALI,Benjamín Herrera,08,-76.51601,3.44857,SIN INFORMACION,2023,agosto    ,6,8/6/2023,1,13:30,DENUNCIA,Nivel 1
EXTORSION,EXTORSION. ART. 244 C.P.,CALI,Junín,09,-76.52645,3.43402,SIN INFORMACION,2023,agosto    ,6,8/6/2023,1,13:45,DENUNCIA,Nivel 1
EXTORSION,EXTORSION. ART. 244 C.P.,CALI,Junín,09,-76.52645,3.43402,SIN INFORMACION,2023,agosto    ,8,8/8/2023,3,19:00,DENUNCIA,Nivel 1
EXTORSION,EXTORSION. ART. 244 C.P.,CALI,El Calvario,03,-76.52991,3.44771,SIN INFORMACION,2023,agosto    ,8,8/8/2023,3,10:55,DENUNCIA,Nivel 1
EXTORSION,EXTORSION. ART. 244 C.P.,CALI,La Independencia,11,-76.518579,3.415908,SIN INFORMACION,2023,agosto    ,8,8/8/2023,3,08:38,DENUNCIA,Nivel 1
EXTORSION,EXTORSION. ART. 244 C.P.,CALI,Los Andes,05,-76.49819,3.469976,SIN INFORMACION,2023,agosto    ,8,8/8/2023,3,13:00,DENUNCIA,Nivel 1
EXTORSION,EXTORSION. ART. 244 C.P.,CALI,La Rivera I,06,-76.48644,3.475126,RED VIRTUAL O INTERNET,2023,agosto    ,8,8/8/2023,3,06:30,DENUNCIA,Nivel 1
EXTORSION,EXTORSION. ART. 244 C.P.,CALI,Parcelaciones Pance,22,-76.544368,3.336832,SIN INFORMACION,2023,agosto    ,9,8/9/2023,4,07:20,DENUNCIA,Nivel 1
EXTORSION,EXTORSION. ART. 244 C.P.,CALI,Bochalema,81,-76.517655,3.356105,SIN INFORMACION,2023,agosto    ,9,8/9/2023,4,16:35,DENUNCIA,Nivel 1
EXTORSION,EXTORSION. ART. 244 C.P.,CALI,La Rivera I,06,-76.485301,3.476991,SIN INFORMACION,2023,agosto    ,9,8/9/2023,4,08:00,DENUNCIA,Nivel 1
EXTORSION,EXTORSION. ART. 244 C.P.,CALI,San Pedro,03,-76.531094,3.452936,SIN INFORMACION,2023,agosto    ,9,8/9/2023,4,23:30,DENUNCIA,Nivel 1
EXTORSION,EXTORSION. ART. 244 C.P.,CALI,Junín,09,-76.52645,3.43402,SIN INFORMACION,2023,agosto    ,10,8/10/2023,5,10:00,DENUNCIA,Nivel 1
EXTORSION,EXTORSION. ART. 244 C.P.,CALI,Urbanización Ciudad Jardín,22,-76.541305,3.35815,DOMICILIO,2023,agosto    ,10,8/10/2023,5,13:00,DENUNCIA,Nivel 1
EXTORSION,EXTORSION. ART. 244 C.P.,CALI,Petecuy Tercera Etapa,06,-76.480667,3.477666,SIN INFORMACION,2023,agosto    ,10,8/10/2023,5,13:00,DENUNCIA,Nivel 1
EXTORSION,EXTORSION. ART. 244 C.P.,CALI,El Refugio,19,-76.550064,3.400205,SIN INFORMACION,2023,agosto    ,10,8/10/2023,5,10:00,DENUNCIA,Nivel 1
EXTORSION,EXTORSION. ART. 244 C.P.,CALI,Rural,Rural,-76.630972,3.468393,SIN INFORMACION,2023,agosto    ,11,8/11/2023,6,19:00,DENUNCIA,Nivel 1
EXTORSION,EXTORSION. ART. 244 C.P.,CALI,San Nicolás,03,-76.52848,3.45159,CENTRO COMERCIAL,2023,agosto    ,12,8/12/2023,7,14:20,DENUNCIA,Nivel 1
EXTORSION,EXTORSION. ART. 244 C.P.,CALI,Altos de Menga,02,-76.529273,3.487508,SIN INFORMACION,2023,agosto    ,13,8/13/2023,1,13:27,DENUNCIA,Nivel 1
EXTORSION,EXTORSION. ART. 244 C.P.,CALI,Antonio Nariño,16,-76.51008,3.41476,SIN INFORMACION,2023,agosto    ,14,8/14/2023,2,08:00,DENUNCIA,Nivel 1
EXTORSION,EXTORSION. ART. 244 C.P.,CALI,Terrón Colorado,01,-76.554536,3.45544,DOMICILIO,2023,agosto    ,14,8/14/2023,2,10:00,DENUNCIA,Nivel 1
EXTORSION,EXTORSION. ART. 244 C.P.,CALI,San Juan Bosco,03,-76.53499,3.44541,SIN INFORMACION,2023,agosto    ,15,8/15/2023,3,09:57,DENUNCIA,Nivel 1
EXTORSION,EXTORSION. ART. 244 C.P.,CALI,Siloé,20,-76.55317,3.421848,CAMPO ABIERTO,2023,agosto    ,15,8/15/2023,3,02:00,DENUNCIA,Nivel 1
EXTORSION,EXTORSION. ART. 244 C.P.,CALI,Santa Fé,08,-76.50642,3.440038,LUGAR DE TRABAJO,2023,agosto    ,15,8/15/2023,3,01:30,DENUNCIA,Nivel 1
EXTORSION,EXTORSION. ART. 244 C.P.,CALI,Salomia,04,-76.506638,3.469842,DOMICILIO,2023,agosto    ,15,8/15/2023,3,16:00,DENUNCIA,Nivel 1
EXTORSION,EXTORSION. ART. 244 C.P.,CALI,El Diamante,13,-76.50398,3.42003,SIN INFORMACION,2023,agosto    ,16,8/16/2023,4,03:30,DENUNCIA,Nivel 1
EXTORSION,EXTORSION. ART. 244 C.P.,CALI,El Gran Limonar,17,-76.54264,3.399684,SIN INFORMACION,2023,agosto    ,16,8/16/2023,4,14:00,DENUNCIA,Nivel 1
EXTORSION,EXTORSION. ART. 244 C.P.,CALI,Los Portales - Nuevo Rey,17,-76.54388,3.39363,DOMICILIO,2023,agosto    ,16,8/16/2023,4,10:07,DENUNCIA,Nivel 1
EXTORSION,EXTORSION. ART. 244 C.P.,CALI,Sector Alto Jordán,18,-76.553256,3.376883,SIN INFORMACION,2023,agosto    ,18,8/18/2023,6,14:30,DENUNCIA,Nivel 1
EXTORSION,EXTORSION. ART. 244 C.P.,CALI,Junín,09,-76.52645,3.43402,SIN INFORMACION,2023,agosto    ,18,8/18/2023,6,21:43,DENUNCIA,Nivel 1
EXTORSION,EXTORSION. ART. 244 C.P.,CALI,Benjamín Herrera,08,-76.518,3.44656,SIN INFORMACION,2023,agosto    ,18,8/18/2023,6,22:20,DENUNCIA,Nivel 1
EXTORSION,EXTORSION. ART. 244 C.P.,CALI,Normandia,02,-76.54391,3.454603,SIN INFORMACION,2023,agosto    ,19,8/19/2023,7,19:00,DENUNCIA,Nivel 1
EXTORSION,EXTORSION. ART. 244 C.P.,CALI,Promociones Populares B,14,-76.474156,3.424838,SIN INFORMACION,2023,agosto    ,19,8/19/2023,7,10:00,DENUNCIA,Nivel 1
EXTORSION,EXTORSION. ART. 244 C.P.,CALI,San Antonio,03,-76.538941,3.446866,DOMICILIO,2023,agosto    ,19,8/19/2023,7,08:00,DENUNCIA,Nivel 1
EXTORSION,EXTORSION. ART. 244 C.P.,CALI,Promociones Populares B,14,-76.471532,3.426142,SIN INFORMACION,2023,agosto    ,20,8/20/2023,1,00:00,DENUNCIA,Nivel 1
EXTORSION,EXTORSION. ART. 244 C.P.,CALI,Manuel María Buenaventura,09,-76.5225,3.43722,SIN INFORMACION,2023,agosto    ,20,8/20/2023,1,19:00,DENUNCIA,Nivel 1
EXTORSION,EXTORSION. ART. 244 C.P.,CALI,El Guabal,10,-76.525062,3.416566,DOMICILIO,2023,agosto    ,20,8/20/2023,1,14:00,DENUNCIA,Nivel 1
EXTORSION,EXTORSION. ART. 244 C.P.,CALI,Prados de Oriente,11,-76.512316,3.433025,SIN INFORMACION,2023,agosto    ,20,8/20/2023,1,20:00,DENUNCIA,Nivel 1
EXTORSION,EXTORSION. ART. 244 C.P.,CALI,Departamental,10,-76.533186,3.419756,SIN INFORMACION,2023,agosto    ,21,8/21/2023,2,20:46,DENUNCIA,Nivel 1
EXTORSION,EXTORSION. ART. 244 C.P.,CALI,Primitivo Crespo,08,-76.51414,3.438115,CENTRO COMERCIAL,2023,agosto    ,21,8/21/2023,2,12:00,DENUNCIA,Nivel 1
EXTORSION,EXTORSION. ART. 244 C.P.,CALI,Villa del Lago,13,-76.488548,3.438357,SIN INFORMACION,2023,agosto    ,21,8/21/2023,2,16:17,DENUNCIA,Nivel 1
EXTORSION,EXTORSION. ART. 244 C.P.,CALI,Prados del Norte,02,-76.520728,3.467624,DOMICILIO,2023,agosto    ,21,8/21/2023,2,22:11,DENUNCIA,Nivel 1
EXTORSION,EXTORSION. ART. 244 C.P.,CALI,Rural,Rural,-76.558365,3.363629,SIN INFORMACION,2023,agosto    ,22,8/22/2023,3,18:00,DENUNCIA,Nivel 1
EXTORSION,EXTORSION. ART. 244 C.P.,CALI,El Vergel,13,-76.498007,3.41513,DOMICILIO,2023,agosto    ,23,8/23/2023,4,13:00,DENUNCIA,Nivel 1
EXTORSION,EXTORSION. ART. 244 C.P.,CALI,Cañaverales - Los Samanes,17,-76.5256,3.40388,SIN INFORMACION,2023,agosto    ,24,8/24/2023,5,11:00,DENUNCIA,Nivel 1
EXTORSION,EXTORSION. ART. 244 C.P.,CALI,El Retiro,15,-76.498452,3.41257,DOMICILIO,2023,agosto    ,25,8/25/2023,6,00:30,DENUNCIA,Nivel 1
EXTORSION,EXTORSION. ART. 244 C.P.,CALI,Vista Hermosa,01,-76.57646,3.452705,DOMICILIO,2023,agosto    ,25,8/25/2023,6,15:00,DENUNCIA,Nivel 1
EXTORSION,EXTORSION. ART. 244 C.P.,CALI,Sector Meléndez,18,-76.54304,3.37652,SIN INFORMACION,2023,agosto    ,25,8/25/2023,6,23:15,DENUNCIA,Nivel 1
EXTORSION,EXTORSION. ART. 244 C.P.,CALI,El Dorado,10,-76.52874,3.421577,SIN INFORMACION,2023,agosto    ,25,8/25/2023,6,19:00,DENUNCIA,Nivel 1
EXTORSION,EXTORSION. ART. 244 C.P.,CALI,La Esmeralda,04,-76.507883,3.460456,SIN INFORMACION,2023,agosto    ,27,8/27/2023,1,10:30,DENUNCIA,Nivel 1
EXTORSION,EXTORSION. ART. 244 C.P.,CALI,Terrón Colorado,01,-76.55548,3.453858,SIN INFORMACION,2023,agosto    ,27,8/27/2023,1,10:30,DENUNCIA,Nivel 1
EXTORSION,EXTORSION. ART. 244 C.P.,CALI,Granada,02,-76.53297,3.456305,LUGAR DE TRABAJO,2023,agosto    ,28,8/28/2023,2,20:00,DENUNCIA,Nivel 1
EXTORSION,EXTORSION. ART. 244 C.P.,CALI,El Guabal,10,-76.530107,3.41631,EDIFICIO,2023,agosto    ,28,8/28/2023,2,16:00,DENUNCIA,Nivel 1
EXTORSION,EXTORSION. ART. 244 C.P.,CALI,Sector Altos de Santa Isabel,19,-76.553301,3.432592,SIN INFORMACION,2023,agosto    ,29,8/29/2023,3,13:47,DENUNCIA,Nivel 1
EXTORSION,EXTORSION. ART. 244 C.P.,CALI,San Nicolás,03,-76.52747,3.450429,SIN INFORMACION,2023,agosto    ,30,8/30/2023,4,20:00,DENUNCIA,Nivel 1
EXTORSION,EXTORSION. ART. 244 C.P.,CALI,Ciudadela Floralia,06,-76.492383,3.501265,SIN INFORMACION,2023,agosto    ,30,8/30/2023,4,09:27,DENUNCIA,Nivel 1
EXTORSION,EXTORSION. ART. 244 C.P.,CALI,Ciudadela Floralia,06,-76.49265,3.496848,SIN INFORMACION,2023,agosto    ,30,8/30/2023,4,22:00,DENUNCIA,Nivel 1
EXTORSION,EXTORSION. ART. 244 C.P.,CALI,Las Orquídeas,14,-76.473435,3.412795,SIN INFORMACION,2023,agosto    ,30,8/30/2023,4,12:30,DENUNCIA,Nivel 1
EXTORSION,EXTORSION. ART. 244 C.P.,CALI,Junín,09,-76.52645,3.43402,SIN INFORMACION,2023,agosto    ,31,8/31/2023,5,15:30,DENUNCIA,Nivel 1
EXTORSION,EXTORSION. ART. 244 C.P.,CALI,El Morichal,15,-76.50203,3.400254,SIN INFORMACION,2023,agosto    ,31,8/31/2023,5,12:00,DENUNCIA,Nivel 1
EXTORSION,EXTORSION. ART. 244 C.P.,CALI,San Fernando Viejo,19,-76.545772,3.434433,VIA PUBLICA,2023,agosto    ,31,8/31/2023,5,05:22,DENUNCIA,Nivel 1
EXTORSION,EXTORSION. ART. 244 C.P.,CALI,Santa Rosa,03,-76.53237,3.44691,ESTABLECIMIENTO DE COMERCIO,2023,agosto    ,31,8/31/2023,5,20:30,DENUNCIA,Nivel 1
EXTORSION,EXTORSION. ART. 244 C.P.,CALI,El Recuerdo,11,-76.515982,3.431573,SIN INFORMACION,2023,septiembre,1,9/1/2023,6,07:00,DENUNCIA,Nivel 1
EXTORSION,EXTORSION. ART. 244 C.P.,CALI,El Vergel,13,-76.500912,3.419045,LUGAR DE TRABAJO,2023,septiembre,1,9/1/2023,6,08:00,DENUNCIA,Nivel 1
EXTORSION,EXTORSION. ART. 244 C.P.,CALI,Pizamos II,21,-76.472055,3.401975,DOMICILIO,2023,septiembre,1,9/1/2023,6,15:30,DENUNCIA,Nivel 1
EXTORSION,EXTORSION. ART. 244 C.P.,CALI,José Holguín Garcés,11,-76.521903,3.406312,VIA PUBLICA,2023,septiembre,1,9/1/2023,6,07:30,DENUNCIA,Nivel 1
EXTORSION,EXTORSION. ART. 244 C.P.,CALI,Petecuy Segunda Etapa,06,-76.482436,3.480129,SIN INFORMACION,2023,septiembre,2,9/2/2023,7,15:56,DENUNCIA,Nivel 1
EXTORSION,EXTORSION. ART. 244 C.P.,CALI,Ciudad Córdoba,15,-76.506444,3.400175,SIN INFORMACION,2023,septiembre,4,9/4/2023,2,14:58,DENUNCIA,Nivel 1
EXTORSION,EXTORSION. ART. 244 C.P.,CALI,20 de Julio,11,-76.51341,3.435717,SIN INFORMACION,2023,septiembre,4,9/4/2023,2,10:00,DENUNCIA,Nivel 1
EXTORSION,EXTORSION. ART. 244 C.P.,CALI,Santa Fé,08,-76.50607,3.44021,SIN INFORMACION,2023,septiembre,4,9/4/2023,2,06:44,DENUNCIA,Nivel 1
EXTORSION,EXTORSION. ART. 244 C.P.,CALI,Mojica,15,-76.488728,3.411882,SIN INFORMACION,2023,septiembre,4,9/4/2023,2,13:49,DENUNCIA,Nivel 1
EXTORSION,EXTORSION. ART. 244 C.P.,CALI,Bretaña,09,-76.532585,3.438539,DOMICILIO,2023,septiembre,4,9/4/2023,2,09:00,DENUNCIA,Nivel 1
EXTORSION,EXTORSION. ART. 244 C.P.,CALI,Mojica,15,-76.487809,3.415253,OTRO,2023,septiembre,5,9/5/2023,3,10:00,DENUNCIA,Nivel 1
EXTORSION,EXTORSION. ART. 244 C.P.,CALI,Ciudad 2000,16,-76.517105,3.390903,SIN INFORMACION,2023,septiembre,5,9/5/2023,3,19:30,DENUNCIA,Nivel 1
EXTORSION,EXTORSION. ART. 244 C.P.,CALI,Urbanización Rio Lili,22,-76.5298,3.36708,OTRO,2023,septiembre,5,9/5/2023,3,14:00,DENUNCIA,Nivel 1
EXTORSION,EXTORSION. ART. 244 C.P.,CALI,Aguacatal,01,-76.550354,3.457399,SIN INFORMACION,2023,septiembre,6,9/6/2023,4,09:00,DENUNCIA,Nivel 1
EXTORSION,EXTORSION. ART. 244 C.P.,CALI,Parcelaciones Pance,22,-76.53041,3.34828,OTRO,2023,septiembre,7,9/7/2023,5,14:00,DENUNCIA,Nivel 1
EXTORSION,EXTORSION. ART. 244 C.P.,CALI,Compartir,21,-76.46677,3.430195,SIN INFORMACION,2023,septiembre,7,9/7/2023,5,13:00,DENUNCIA,Nivel 1
EXTORSION,EXTORSION. ART. 244 C.P.,CALI,Los Andes,05,-76.500718,3.472227,SIN INFORMACION,2023,septiembre,7,9/7/2023,5,22:00,DENUNCIA,Nivel 1
EXTORSION,EXTORSION. ART. 244 C.P.,CALI,Urbanización El Angel del Hogar,07,-76.48297,3.44524,SIN INFORMACION,2023,septiembre,8,9/8/2023,6,21:29,DENUNCIA,Nivel 1
EXTORSION,EXTORSION. ART. 244 C.P.,CALI,Mariano Ramos,16,-76.52004,3.40188,SIN INFORMACION,2023,septiembre,8,9/8/2023,6,14:22,DENUNCIA,Nivel 1
EXTORSION,EXTORSION. ART. 244 C.P.,CALI,Petecuy Segunda Etapa,06,-76.482058,3.480664,SIN INFORMACION,2023,septiembre,8,9/8/2023,6,00:00,DENUNCIA,Nivel 1
EXTORSION,EXTORSION. ART. 244 C.P.,CALI,Ciudad Capri,17,-76.54186,3.387904,DOMICILIO,2023,septiembre,9,9/9/2023,7,08:00,DENUNCIA,Nivel 1
EXTORSION,EXTORSION. ART. 244 C.P.,CALI,Ciudadela Floralia,06,-76.49693,3.49599,SIN INFORMACION,2023,septiembre,9,9/9/2023,7,05:46,DENUNCIA,Nivel 1
EXTORSION,EXTORSION. ART. 244 C.P.,CALI,La Rivera I,06,-76.4864,3.476689,OTRO,2023,septiembre,9,9/9/2023,7,11:45,DENUNCIA,Nivel 1
EXTORSION,EXTORSION. ART. 244 C.P.,CALI,Ciudad Córdoba,15,-76.50864,3.401246,SIN INFORMACION,2023,septiembre,10,9/10/2023,1,16:47,DENUNCIA,Nivel 1
EXTORSION,EXTORSION. ART. 244 C.P.,CALI,La Merced,03,-76.537702,3.450929,SIN INFORMACION,2023,septiembre,10,9/10/2023,1,08:30,DENUNCIA,Nivel 1
EXTORSION,EXTORSION. ART. 244 C.P.,CALI,Ciudad 2000,16,-76.521363,3.395489,SIN INFORMACION,2023,septiembre,11,9/11/2023,2,18:30,DENUNCIA,Nivel 1
EXTORSION,EXTORSION. ART. 244 C.P.,CALI,La Merced,03,-76.53477,3.4493,SIN INFORMACION,2023,septiembre,11,9/11/2023,2,23:38,DENUNCIA,Nivel 1
EXTORSION,EXTORSION. ART. 244 C.P.,CALI,Guayaquil,09,-76.526096,3.436168,SIN INFORMACION,2023,septiembre,12,9/12/2023,3,20:40,DENUNCIA,Nivel 1
EXTORSION,EXTORSION. ART. 244 C.P.,CALI,Rural,Rural,-76.54686,3.28664,TRANSPORTE PUBLICO RURAL,2023,septiembre,12,9/12/2023,3,10:00,DENUNCIA,Nivel 1
EXTORSION,EXTORSION. ART. 244 C.P.,CALI,Junín,09,-76.52645,3.43402,SIN INFORMACION,2023,septiembre,13,9/13/2023,4,20:00,DENUNCIA,Nivel 1
EXTORSION,EXTORSION. ART. 244 C.P.,CALI,Siloé,20,-76.554597,3.422032,SIN INFORMACION,2023,septiembre,13,9/13/2023,4,07:00,DENUNCIA,Nivel 1
EXTORSION,EXTORSION. ART. 244 C.P.,CALI,Caney,17,-76.514878,3.382503,SIN INFORMACION,2023,septiembre,13,9/13/2023,4,15:00,DENUNCIA,Nivel 1
EXTORSION,EXTORSION. ART. 244 C.P.,CALI,Prados de Oriente,11,-76.511604,3.432722,ESTABLECIMIENTO CARCELARIO,2023,septiembre,13,9/13/2023,4,07:00,DENUNCIA,Nivel 1
EXTORSION,EXTORSION. ART. 244 C.P.,CALI,El Vallado,15,-76.500823,3.406724,SIN INFORMACION,2023,septiembre,13,9/13/2023,4,22:30,DENUNCIA,Nivel 1
EXTORSION,EXTORSION. ART. 244 C.P.,CALI,Junín,09,-76.52645,3.43402,SIN INFORMACION,2023,septiembre,14,9/14/2023,5,14:01,DENUNCIA,Nivel 1
EXTORSION,EXTORSION. ART. 244 C.P.,CALI,Ciudad Capri,17,-76.53857,3.39142,DOMICILIO,2023,septiembre,14,9/14/2023,5,11:00,DENUNCIA,Nivel 1
EXTORSION,EXTORSION. ART. 244 C.P.,CALI,San Pedro,03,-76.53309,3.4497,SIN INFORMACION,2023,septiembre,15,9/15/2023,6,15:37,DENUNCIA,Nivel 1
EXTORSION,EXTORSION. ART. 244 C.P.,CALI,Vista Hermosa,01,-76.57599,3.454255,ESTABLECIMIENTO DE SALUD,2023,septiembre,15,9/15/2023,6,09:23,DENUNCIA,Nivel 1
EXTORSION,EXTORSION. ART. 244 C.P.,CALI,San Pedro,03,-76.53314,3.451065,SIN INFORMACION,2023,septiembre,15,9/15/2023,6,10:00,DENUNCIA,Nivel 1
EXTORSION,EXTORSION. ART. 244 C.P.,CALI,Las Quintas de Don Simón,17,-76.534364,3.388051,SIN INFORMACION,2023,septiembre,15,9/15/2023,6,16:30,DENUNCIA,Nivel 1
EXTORSION,EXTORSION. ART. 244 C.P.,CALI,Junín,09,-76.52611,3.434031,RED VIRTUAL O INTERNET,2023,septiembre,15,9/15/2023,6,20:56,DENUNCIA,Nivel 1
EXTORSION,EXTORSION. ART. 244 C.P.,CALI,20 de Julio,11,-76.513227,3.43419,DOMICILIO,2023,septiembre,16,9/16/2023,7,22:30,DENUNCIA,Nivel 1
EXTORSION,EXTORSION. ART. 244 C.P.,CALI,El Vergel,13,-76.499855,3.41675,SIN INFORMACION,2023,septiembre,16,9/16/2023,7,16:00,DENUNCIA,Nivel 1
EXTORSION,EXTORSION. ART. 244 C.P.,CALI,Flora Industrial,04,-76.505809,3.48168,SIN INFORMACION,2023,septiembre,16,9/16/2023,7,01:30,DENUNCIA,Nivel 1
EXTORSION,EXTORSION. ART. 244 C.P.,CALI,Unión de Vivienda Popular,16,-76.5083,3.406725,OTRO,2023,septiembre,18,9/18/2023,2,21:46,DENUNCIA,Nivel 1
EXTORSION,EXTORSION. ART. 244 C.P.,CALI,El Rodeo,12,-76.504586,3.435786,SIN INFORMACION,2023,septiembre,18,9/18/2023,2,18:36,DENUNCIA,Nivel 1
EXTORSION,EXTORSION. ART. 244 C.P.,CALI,Ulpiano Lloreda,13,-76.492308,3.439295,DOMICILIO,2023,septiembre,19,9/19/2023,3,10:00,DENUNCIA,Nivel 1
EXTORSION,EXTORSION. ART. 244 C.P.,CALI,El Gran Limonar - Cataya,17,-76.541561,3.400537,DOMICILIO,2023,septiembre,20,9/20/2023,4,11:30,DENUNCIA,Nivel 1
EXTORSION,EXTORSION. ART. 244 C.P.,CALI,Belalcázar,09,-76.51913,3.444054,SIN INFORMACION,2023,septiembre,20,9/20/2023,4,07:00,DENUNCIA,Nivel 1
EXTORSION,EXTORSION. ART. 244 C.P.,CALI,Primitivo Crespo,08,-76.514875,3.436383,ESTABLECIMIENTO CARCELARIO,2023,septiembre,21,9/21/2023,5,14:00,DENUNCIA,Nivel 1
EXTORSION,EXTORSION. ART. 244 C.P.,CALI,San Pedro,03,-76.53314,3.449735,SIN INFORMACION,2023,septiembre,21,9/21/2023,5,05:00,DENUNCIA,Nivel 1
EXTORSION,EXTORSION. ART. 244 C.P.,CALI,Ciudad Córdoba,15,-76.51008,3.398742,SIN INFORMACION,2023,septiembre,22,9/22/2023,6,11:15,DENUNCIA,Nivel 1
EXTORSION,EXTORSION. ART. 244 C.P.,CALI,Ciudad Córdoba,15,-76.510058,3.398356,SIN INFORMACION,2023,septiembre,22,9/22/2023,6,16:00,DENUNCIA,Nivel 1
EXTORSION,EXTORSION. ART. 244 C.P.,CALI,Los Guaduales,06,-76.496269,3.4932,VIA PUBLICA,2023,septiembre,23,9/23/2023,7,13:00,DENUNCIA,Nivel 1
EXTORSION,EXTORSION. ART. 244 C.P.,CALI,Junín,09,-76.524324,3.435503,LUGAR DE TRABAJO,2023,septiembre,23,9/23/2023,7,12:55,DENUNCIA,Nivel 1
EXTORSION,EXTORSION. ART. 244 C.P.,CALI,San Cristóbal,10,-76.522819,3.429843,SIN INFORMACION,2023,septiembre,23,9/23/2023,7,01:00,DENUNCIA,Nivel 1
EXTORSION,EXTORSION. ART. 244 C.P.,CALI,Lili,17,-76.519284,3.370104,SIN INFORMACION,2023,septiembre,24,9/24/2023,1,23:00,DENUNCIA,Nivel 1
EXTORSION,EXTORSION. ART. 244 C.P.,CALI,El Morichal,15,-76.51015,3.392064,DOMICILIO,2023,septiembre,24,9/24/2023,1,08:00,DENUNCIA,Nivel 1
EXTORSION,EXTORSION. ART. 244 C.P.,CALI,Rural,Rural,-76.55847,3.3635,SIN INFORMACION,2023,septiembre,25,9/25/2023,2,04:10,DENUNCIA,Nivel 1
EXTORSION,EXTORSION. ART. 244 C.P.,CALI,Jorge Eliécer Gaitán,06,-76.48293,3.47501,SIN INFORMACION,2023,septiembre,25,9/25/2023,2,08:39,DENUNCIA,Nivel 1
EXTORSION,EXTORSION. ART. 244 C.P.,CALI,Menga,02,-76.5239,3.492667,RED VIRTUAL O INTERNET,2023,septiembre,25,9/25/2023,2,10:30,DENUNCIA,Nivel 1
EXTORSION,EXTORSION. ART. 244 C.P.,CALI,Nueva Floresta,12,-76.49968,3.434844,DOMICILIO,2023,septiembre,25,9/25/2023,2,14:00,DENUNCIA,Nivel 1
EXTORSION,EXTORSION. ART. 244 C.P.,CALI,Planta de Tratamiento,21,-76.477662,3.441041,SIN INFORMACION,2023,septiembre,26,9/26/2023,3,11:00,DENUNCIA,Nivel 1
EXTORSION,EXTORSION. ART. 244 C.P.,CALI,Rural,Rural,-76.59106,3.34431,SIN INFORMACION,2023,septiembre,26,9/26/2023,3,09:00,DENUNCIA,Nivel 1
EXTORSION,EXTORSION. ART. 244 C.P.,CALI,Rural,Rural,-76.589374,3.344265,CAMPO ABIERTO,2023,septiembre,27,9/27/2023,4,10:30,DENUNCIA,Nivel 1
EXTORSION,EXTORSION. ART. 244 C.P.,CALI,Nueva Floresta,12,-76.495974,3.436699,SIN INFORMACION,2023,septiembre,27,9/27/2023,4,11:31,DENUNCIA,Nivel 1
EXTORSION,EXTORSION. ART. 244 C.P.,CALI,Junín,09,-76.52645,3.43402,SIN INFORMACION,2023,septiembre,29,9/29/2023,6,23:30,DENUNCIA,Nivel 1
EXTORSION,EXTORSION. ART. 244 C.P.,CALI,Mojica,15,-76.483803,3.413997,SIN INFORMACION,2023,septiembre,30,9/30/2023,7,23:00,DENUNCIA,Nivel 1
EXTORSION,EXTORSION. ART. 244 C.P.,CALI,Lili,17,-76.51622,3.371361,RED VIRTUAL O INTERNET,2023,septiembre,30,9/30/2023,7,02:00,DENUNCIA,Nivel 1
EXTORSION,EXTORSION. ART. 244 C.P.,CALI,El Diamante,13,-76.50202,3.421554,SIN INFORMACION,2023,octubre   ,1,10/1/2023,1,06:30,DENUNCIA,Nivel 1
EXTORSION,EXTORSION. ART. 244 C.P.,CALI,Junín,09,-76.52645,3.43402,SIN INFORMACION,2023,octubre   ,1,10/1/2023,1,19:00,DENUNCIA,Nivel 1
EXTORSION,EXTORSION. ART. 244 C.P.,CALI,Los Alcázares,06,-76.491974,3.487644,SIN INFORMACION,2023,octubre   ,1,10/1/2023,1,10:00,DENUNCIA,Nivel 1
EXTORSION,EXTORSION. ART. 244 C.P.,CALI,Urbanización Colseguros,19,-76.530476,3.428219,OTRO,2023,octubre   ,1,10/1/2023,1,17:30,DENUNCIA,Nivel 1
EXTORSION,EXTORSION. ART. 244 C.P.,CALI,Los Robles,13,-76.496765,3.421416,SIN INFORMACION,2023,octubre   ,2,10/2/2023,2,07:00,DENUNCIA,Nivel 1
EXTORSION,EXTORSION. ART. 244 C.P.,CALI,Junín,09,-76.52645,3.43402,SIN INFORMACION,2023,octubre   ,2,10/2/2023,2,19:20,DENUNCIA,Nivel 1
EXTORSION,EXTORSION. ART. 244 C.P.,CALI,Torres de Comfandi,05,-76.498116,3.47546,SIN INFORMACION,2023,octubre   ,2,10/2/2023,2,10:00,DENUNCIA,Nivel 1
EXTORSION,EXTORSION. ART. 244 C.P.,CALI,San Pedro,03,-76.531545,3.451746,SIN INFORMACION,2023,octubre   ,2,10/2/2023,2,11:00,DENUNCIA,Nivel 1
EXTORSION,EXTORSION. ART. 244 C.P.,CALI,Ciudad 2000,16,-76.519689,3.394196,SIN INFORMACION,2023,octubre   ,2,10/2/2023,2,21:21,DENUNCIA,Nivel 1
EXTORSION,EXTORSION. ART. 244 C.P.,CALI,San Pedro,03,-76.533032,3.449762,SIN INFORMACION,2023,octubre   ,3,10/3/2023,3,08:04,DENUNCIA,Nivel 1
EXTORSION,EXTORSION. ART. 244 C.P.,CALI,El Ingenio,17,-76.530182,3.383072,DOMICILIO,2023,octubre   ,3,10/3/2023,3,14:30,DENUNCIA,Nivel 1
EXTORSION,EXTORSION. ART. 244 C.P.,CALI,Villa del Prado - El Guabito,05,-76.49583,3.46638,SIN INFORMACION,2023,octubre   ,3,10/3/2023,3,14:40,DENUNCIA,Nivel 1
EXTORSION,EXTORSION. ART. 244 C.P.,CALI,Los Robles,13,-76.49434,3.42191,SIN INFORMACION,2023,octubre   ,4,10/4/2023,4,03:00,DENUNCIA,Nivel 1
EXTORSION,EXTORSION. ART. 244 C.P.,CALI,Cañaveralejo - Seguros Patria,19,-76.541854,3.402932,DOMICILIO,2023,octubre   ,5,10/5/2023,5,14:37,DENUNCIA,Nivel 1
EXTORSION,EXTORSION. ART. 244 C.P.,CALI,Lleras Camargo,20,-76.56216,3.419578,SIN INFORMACION,2023,octubre   ,6,10/6/2023,6,22:30,DENUNCIA,Nivel 1
EXTORSION,EXTORSION. ART. 244 C.P.,CALI,Chapinero,08,-76.498642,3.444205,SIN INFORMACION,2023,octubre   ,6,10/6/2023,6,11:00,DENUNCIA,Nivel 1
EXTORSION,EXTORSION. ART. 244 C.P.,CALI,La Base,08,-76.4964,3.451047,OTRO,2023,octubre   ,7,10/7/2023,7,14:13,DENUNCIA,Nivel 1
EXTORSION,EXTORSION. ART. 244 C.P.,CALI,Los Comuneros I,15,-76.49291,3.40718,DOMICILIO,2023,octubre   ,7,10/7/2023,7,23:55,DENUNCIA,Nivel 1
EXTORSION,EXTORSION. ART. 244 C.P.,CALI,Junín,09,-76.527885,3.43539,SIN INFORMACION,2023,octubre   ,7,10/7/2023,7,19:30,DENUNCIA,Nivel 1
EXTORSION,EXTORSION. ART. 244 C.P.,CALI,Junín,09,-76.52645,3.43402,SIN INFORMACION,2023,octubre   ,8,10/8/2023,1,19:37,DENUNCIA,Nivel 1
EXTORSION,EXTORSION. ART. 244 C.P.,CALI,Doce de Octubre,12,-76.5039,3.42872,SIN INFORMACION,2023,octubre   ,10,10/10/2023,3,02:00,DENUNCIA,Nivel 1
EXTORSION,EXTORSION. ART. 244 C.P.,CALI,Granada,02,-76.534519,3.456508,SIN INFORMACION,2023,octubre   ,11,10/11/2023,4,20:45,DENUNCIA,Nivel 1
EXTORSION,EXTORSION. ART. 244 C.P.,CALI,El Refugio,19,-76.549674,3.400927,VIA PUBLICA,2023,octubre   ,12,10/12/2023,5,11:10,DENUNCIA,Nivel 1
EXTORSION,EXTORSION. ART. 244 C.P.,CALI,San Nicolás,03,-76.524399,3.452393,ESTABLECIMIENTO DE COMERCIO,2023,octubre   ,13,10/13/2023,6,11:00,DENUNCIA,Nivel 1
EXTORSION,EXTORSION. ART. 244 C.P.,CALI,Junín,09,-76.52645,3.43402,SIN INFORMACION,2023,octubre   ,13,10/13/2023,6,04:30,DENUNCIA,Nivel 1
EXTORSION,EXTORSION. ART. 244 C.P.,CALI,Villa del Prado - El Guabito,05,-76.486215,3.467898,DOMICILIO,2023,octubre   ,14,10/14/2023,7,00:27,DENUNCIA,Nivel 1
EXTORSION,EXTORSION. ART. 244 C.P.,CALI,Industrial,08,-76.510043,3.454081,SIN INFORMACION,2023,octubre   ,15,10/15/2023,1,19:39,DENUNCIA,Nivel 1
EXTORSION,EXTORSION. ART. 244 C.P.,CALI,Siete de Agosto,07,-76.48901,3.44482,SIN INFORMACION,2023,octubre   ,15,10/15/2023,1,00:00,DENUNCIA,Nivel 1
EXTORSION,EXTORSION. ART. 244 C.P.,CALI,Ciudad Talanga,21,-76.47252,3.433248,SIN INFORMACION,2023,octubre   ,17,10/17/2023,3,06:00,DENUNCIA,Nivel 1
EXTORSION,EXTORSION. ART. 244 C.P.,CALI,Ciudad Meléndez 1,81,-76.511856,3.370824,SIN INFORMACION,2023,octubre   ,17,10/17/2023,3,06:00,DENUNCIA,Nivel 1
EXTORSION,EXTORSION. ART. 244 C.P.,CALI,Aguacatal,01,-76.559449,3.459695,SIN INFORMACION,2023,octubre   ,17,10/17/2023,3,07:56,DENUNCIA,Nivel 1
EXTORSION,EXTORSION. ART. 244 C.P.,CALI,Antonio Nariño,16,-76.50646,3.412606,SIN INFORMACION,2023,octubre   ,17,10/17/2023,3,00:30,DENUNCIA,Nivel 1
EXTORSION,EXTORSION. ART. 244 C.P.,CALI,Caney,17,-76.51816,3.38204,SIN INFORMACION,2023,octubre   ,18,10/18/2023,4,22:06,DENUNCIA,Nivel 1
EXTORSION,EXTORSION. ART. 244 C.P.,CALI,Prados de Oriente,11,-76.513225,3.433727,VIA PUBLICA,2023,octubre   ,19,10/19/2023,5,15:16,DENUNCIA,Nivel 1
EXTORSION,EXTORSION. ART. 244 C.P.,CALI,Santa Mónica Popular,08,-76.508831,3.435786,SIN INFORMACION,2023,octubre   ,19,10/19/2023,5,14:04,DENUNCIA,Nivel 1
EXTORSION,EXTORSION. ART. 244 C.P.,CALI,Santa Teresita,02,-76.545702,3.450638,SIN INFORMACION,2023,octubre   ,20,10/20/2023,6,16:00,DENUNCIA,Nivel 1
EXTORSION,EXTORSION. ART. 244 C.P.,CALI,Ciudad Córdoba,15,-76.513891,3.398416,SIN INFORMACION,2023,octubre   ,20,10/20/2023,6,14:00,DENUNCIA,Nivel 1
EXTORSION,EXTORSION. ART. 244 C.P.,CALI,La Isla,04,-76.515995,3.469747,SIN INFORMACION,2023,octubre   ,21,10/21/2023,7,16:41,DENUNCIA,Nivel 1
EXTORSION,EXTORSION. ART. 244 C.P.,CALI,Terrón Colorado,01,-76.562612,3.453203,SIN INFORMACION,2023,octubre   ,22,10/22/2023,1,05:45,DENUNCIA,Nivel 1
EXTORSION,EXTORSION. ART. 244 C.P.,CALI,Sucre,09,-76.524451,3.447407,SIN INFORMACION,2023,octubre   ,22,10/22/2023,1,10:00,DENUNCIA,Nivel 1
EXTORSION,EXTORSION. ART. 244 C.P.,CALI,Los Portales - Nuevo Rey,17,-76.53796,3.39588,SIN INFORMACION,2023,octubre   ,23,10/23/2023,2,16:30,DENUNCIA,Nivel 1
EXTORSION,EXTORSION. ART. 244 C.P.,CALI,Cristóbal Colón,10,-76.522162,3.424034,SIN INFORMACION,2023,octubre   ,24,10/24/2023,3,17:39,DENUNCIA,Nivel 1
EXTORSION,EXTORSION. ART. 244 C.P.,CALI,Petecuy Primera Etapa,06,-76.47889,3.47544,SIN INFORMACION,2023,octubre   ,24,10/24/2023,3,15:30,DENUNCIA,Nivel 1
EXTORSION,EXTORSION. ART. 244 C.P.,CALI,La Merced,03,-76.533979,3.449292,SIN INFORMACION,2023,octubre   ,25,10/25/2023,4,12:30,DENUNCIA,Nivel 1
EXTORSION,EXTORSION. ART. 244 C.P.,CALI,Saavedra Galindo,08,-76.513695,3.443034,RED VIRTUAL O INTERNET,2023,octubre   ,26,10/26/2023,5,04:00,DENUNCIA,Nivel 1
EXTORSION,EXTORSION. ART. 244 C.P.,CALI,Las Vegas del Lili,81,-76.509545,3.371511,DOMICILIO,2023,octubre   ,27,10/27/2023,6,14:00,DENUNCIA,Nivel 1
EXTORSION,EXTORSION. ART. 244 C.P.,CALI,Torres de Comfandi,05,-76.50322,3.47408,ESTABLECIMIENTO DE SALUD,2023,octubre   ,27,10/27/2023,6,00:00,DENUNCIA,Nivel 1
EXTORSION,EXTORSION. ART. 244 C.P.,CALI,San Pedro,03,-76.533014,3.449785,SIN INFORMACION,2023,octubre   ,27,10/27/2023,6,01:00,DENUNCIA,Nivel 1
EXTORSION,EXTORSION. ART. 244 C.P.,CALI,Antonio Nariño,16,-76.50545,3.412231,SIN INFORMACION,2023,octubre   ,28,10/28/2023,7,07:30,DENUNCIA,Nivel 1
EXTORSION,EXTORSION. ART. 244 C.P.,CALI,San Pascual,03,-76.528066,3.444259,SIN INFORMACION,2023,octubre   ,29,10/29/2023,1,15:40,DENUNCIA,Nivel 1
EXTORSION,EXTORSION. ART. 244 C.P.,CALI,Junín,09,-76.52645,3.43402,SIN INFORMACION,2023,octubre   ,29,10/29/2023,1,15:40,DENUNCIA,Nivel 1
EXTORSION,EXTORSION. ART. 244 C.P.,CALI,Unión de Vivienda Popular,16,-76.50772,3.408311,SIN INFORMACION,2023,octubre   ,29,10/29/2023,1,15:30,DENUNCIA,Nivel 1
EXTORSION,EXTORSION. ART. 244 C.P.,CALI,San Luís,06,-76.488151,3.48143,SIN INFORMACION,2023,octubre   ,29,10/29/2023,1,18:00,DENUNCIA,Nivel 1
EXTORSION,EXTORSION. ART. 244 C.P.,CALI,El Cedro,19,-76.53713,3.42804,SIN INFORMACION,2023,octubre   ,29,10/29/2023,1,12:48,DENUNCIA,Nivel 1
EXTORSION,EXTORSION. ART. 244 C.P.,CALI,Terrón Colorado,01,-76.568698,3.454268,SIN INFORMACION,2023,octubre   ,30,10/30/2023,2,00:05,DENUNCIA,Nivel 1
EXTORSION,EXTORSION. ART. 244 C.P.,CALI,República de Israel,16,-76.51109,3.402281,SIN INFORMACION,2023,octubre   ,31,10/31/2023,3,10:00,DENUNCIA,Nivel 1
EXTORSION,EXTORSION. ART. 244 C.P.,CALI,Doce de Octubre,12,-76.50352,3.426737,SIN INFORMACION,2023,noviembre ,1,11/1/2023,4,03:00,DENUNCIA,Nivel 1
EXTORSION,EXTORSION. ART. 244 C.P.,CALI,Junín,09,-76.52645,3.43402,SIN INFORMACION,2023,noviembre ,2,11/2/2023,5,16:18,DENUNCIA,Nivel 1
EXTORSION,EXTORSION. ART. 244 C.P.,CALI,3 de Julio,19,-76.542337,3.432665,SIN INFORMACION,2023,noviembre ,2,11/2/2023,5,18:00,DENUNCIA,Nivel 1
EXTORSION,EXTORSION. ART. 244 C.P.,CALI,Siloé,20,-76.5579,3.417325,SIN INFORMACION,2023,noviembre ,2,11/2/2023,5,12:00,DENUNCIA,Nivel 1
EXTORSION,EXTORSION. ART. 244 C.P.,CALI,Junín,09,-76.52645,3.43402,SIN INFORMACION,2023,noviembre ,3,11/3/2023,6,16:54,DENUNCIA,Nivel 1
EXTORSION,EXTORSION. ART. 244 C.P.,CALI,Lili,17,-76.522085,3.37728,DOMICILIO,2023,noviembre ,3,11/3/2023,6,19:24,DENUNCIA,Nivel 1
EXTORSION,EXTORSION. ART. 244 C.P.,CALI,Junín,09,-76.52645,3.43402,SIN INFORMACION,2023,noviembre ,3,11/3/2023,6,18:46,DENUNCIA,Nivel 1
EXTORSION,EXTORSION. ART. 244 C.P.,CALI,Junín,09,-76.52645,3.43402,SIN INFORMACION,2023,noviembre ,3,11/3/2023,6,16:20,DENUNCIA,Nivel 1
EXTORSION,EXTORSION. ART. 244 C.P.,CALI,Santa Elena,10,-76.523967,3.42839,SIN INFORMACION,2023,noviembre ,4,11/4/2023,7,04:00,DENUNCIA,Nivel 1
EXTORSION,EXTORSION. ART. 244 C.P.,CALI,Junín,09,-76.52645,3.43402,SIN INFORMACION,2023,noviembre ,4,11/4/2023,7,18:40,DENUNCIA,Nivel 1
EXTORSION,EXTORSION. ART. 244 C.P.,CALI,Alfonso Lopez P. 3a Etapa,07,-76.481237,3.452401,SIN INFORMACION,2023,noviembre ,4,11/4/2023,7,15:30,DENUNCIA,Nivel 1
EXTORSION,EXTORSION. ART. 244 C.P.,CALI,Primero de Mayo,17,-76.53481,3.406917,SIN INFORMACION,2023,noviembre ,5,11/5/2023,1,12:28,DENUNCIA,Nivel 1
EXTORSION,EXTORSION. ART. 244 C.P.,CALI,Rural,Rural,-76.55024,3.485061,SIN INFORMACION,2023,noviembre ,7,11/7/2023,3,07:00,DENUNCIA,Nivel 1
EXTORSION,EXTORSION. ART. 244 C.P.,CALI,Junín,09,-76.52645,3.43402,SIN INFORMACION,2023,noviembre ,7,11/7/2023,3,17:35,DENUNCIA,Nivel 1
EXTORSION,EXTORSION. ART. 244 C.P.,CALI,El Pondaje,13,-76.495874,3.43007,SIN INFORMACION,2023,noviembre ,7,11/7/2023,3,09:00,DENUNCIA,Nivel 1
EXTORSION,EXTORSION. ART. 244 C.P.,CALI,Venezuela - Urbanización Cañaveralejo,20,-76.56314,3.413435,SIN INFORMACION,2023,noviembre ,8,11/8/2023,4,10:06,DENUNCIA,Nivel 1
EXTORSION,EXTORSION. ART. 244 C.P.,CALI,Altos de Menga,02,-76.534164,3.490183,DOMICILIO,2023,noviembre ,9,11/9/2023,5,07:00,DENUNCIA,Nivel 1
EXTORSION,EXTORSION. ART. 244 C.P.,CALI,Los Farallones,18,-76.5532,3.39118,SIN INFORMACION,2023,noviembre ,9,11/9/2023,5,20:34,DENUNCIA,Nivel 1
EXTORSION,EXTORSION. ART. 244 C.P.,CALI,San Nicolás,03,-76.52709,3.45495,SIN INFORMACION,2023,noviembre ,10,11/10/2023,6,13:10,DENUNCIA,Nivel 1
EXTORSION,EXTORSION. ART. 244 C.P.,CALI,Chiminangos II,05,-76.493355,3.47775,SIN INFORMACION,2023,noviembre ,11,11/11/2023,7,13:00,DENUNCIA,Nivel 1
EXTORSION,EXTORSION. ART. 244 C.P.,CALI,Santa Rita,02,-76.552624,3.451633,DOMICILIO,2023,noviembre ,11,11/11/2023,7,17:30,DENUNCIA,Nivel 1
EXTORSION,EXTORSION. ART. 244 C.P.,CALI,San Fernando Viejo,19,-76.545304,3.43017,SIN INFORMACION,2023,noviembre ,13,11/13/2023,2,00:30,DENUNCIA,Nivel 1
EXTORSION,EXTORSION. ART. 244 C.P.,CALI,Puerta del Sol,14,-76.473335,3.433323,SIN INFORMACION,2023,noviembre ,13,11/13/2023,2,10:18,DENUNCIA,Nivel 1
EXTORSION,EXTORSION. ART. 244 C.P.,CALI,Junín,09,-76.526625,3.435305,VIA PUBLICA,2023,noviembre ,13,11/13/2023,2,13:15,DENUNCIA,Nivel 1
EXTORSION,EXTORSION. ART. 244 C.P.,CALI,Desepaz Invicali,21,-76.462823,3.42897,SIN INFORMACION,2023,noviembre ,14,11/14/2023,3,14:02,DENUNCIA,Nivel 1
EXTORSION,EXTORSION. ART. 244 C.P.,CALI,Junín,09,-76.52645,3.43402,SIN INFORMACION,2023,noviembre ,14,11/14/2023,3,20:54,DENUNCIA,Nivel 1
EXTORSION,EXTORSION. ART. 244 C.P.,CALI,Villa del Prado - El Guabito,05,-76.49671,3.465505,ESTABLECIMIENTO EDUCATIVO,2023,noviembre ,14,11/14/2023,3,16:01,DENUNCIA,Nivel 1
EXTORSION,EXTORSION. ART. 244 C.P.,CALI,El Diamante,13,-76.504607,3.420716,SIN INFORMACION,2023,noviembre ,14,11/14/2023,3,03:15,DENUNCIA,Nivel 1
EXTORSION,EXTORSION. ART. 244 C.P.,CALI,Champagnat,19,-76.535192,3.433267,DOMICILIO,2023,noviembre ,15,11/15/2023,4,09:00,DENUNCIA,Nivel 1
EXTORSION,EXTORSION. ART. 244 C.P.,CALI,Alfonso Bonilla Aragón,14,-76.481574,3.418879,SIN INFORMACION,2023,noviembre ,16,11/16/2023,5,10:00,DENUNCIA,Nivel 1
EXTORSION,EXTORSION. ART. 244 C.P.,CALI,Junín,09,-76.52645,3.43402,SIN INFORMACION,2023,noviembre ,17,11/17/2023,6,12:15,DENUNCIA,Nivel 1
EXTORSION,EXTORSION. ART. 244 C.P.,CALI,Antonio Nariño,16,-76.50694,3.415289,RED VIRTUAL O INTERNET,2023,noviembre ,17,11/17/2023,6,06:00,DENUNCIA,Nivel 1
EXTORSION,EXTORSION. ART. 244 C.P.,CALI,Cañaveral,19,-76.56358,3.40835,LUGAR DE TRABAJO,2023,noviembre ,17,11/17/2023,6,15:58,DENUNCIA,Nivel 1
EXTORSION,EXTORSION. ART. 244 C.P.,CALI,El Retiro,15,-76.500373,3.409653,SIN INFORMACION,2023,noviembre ,17,11/17/2023,6,14:25,DENUNCIA,Nivel 1
EXTORSION,EXTORSION. ART. 244 C.P.,CALI,Bellavista,19,-76.551824,3.44081,SIN INFORMACION,2023,noviembre ,18,11/18/2023,7,12:00,DENUNCIA,Nivel 1
EXTORSION,EXTORSION. ART. 244 C.P.,CALI,San Pedro,03,-76.531545,3.451746,SIN INFORMACION,2023,noviembre ,18,11/18/2023,7,06:21,DENUNCIA,Nivel 1
EXTORSION,EXTORSION. ART. 244 C.P.,CALI,San Vicente,02,-76.526297,3.466577,SIN INFORMACION,2023,noviembre ,18,11/18/2023,7,00:30,DENUNCIA,Nivel 1
EXTORSION,EXTORSION. ART. 244 C.P.,CALI,Ciudad Córdoba,15,-76.507107,3.401397,SIN INFORMACION,2023,noviembre ,20,11/20/2023,2,14:28,DENUNCIA,Nivel 1
EXTORSION,EXTORSION. ART. 244 C.P.,CALI,Alférez Real,18,-76.54797,3.389992,LOCAL COMERCIAL,2023,noviembre ,21,11/21/2023,3,18:00,DENUNCIA,Nivel 1
EXTORSION,EXTORSION. ART. 244 C.P.,CALI,Lourdes,18,-76.556782,3.391531,SIN INFORMACION,2023,noviembre ,21,11/21/2023,3,08:16,DENUNCIA,Nivel 1
EXTORSION,EXTORSION. ART. 244 C.P.,CALI,Santa Elena,10,-76.524967,3.431757,SIN INFORMACION,2023,noviembre ,23,11/23/2023,5,16:34,DENUNCIA,Nivel 1
EXTORSION,EXTORSION. ART. 244 C.P.,CALI,Alirio Mora Beltrán,14,-76.479419,3.435861,SIN INFORMACION,2023,noviembre ,24,11/24/2023,6,08:00,DENUNCIA,Nivel 1
EXTORSION,EXTORSION. ART. 244 C.P.,CALI,Los Andes,05,-76.50084,3.47219,SIN INFORMACION,2023,noviembre ,25,11/25/2023,7,19:30,DENUNCIA,Nivel 1
EXTORSION,EXTORSION. ART. 244 C.P.,CALI,Compartir,21,-76.467705,3.432392,SIN INFORMACION,2023,noviembre ,25,11/25/2023,7,20:00,DENUNCIA,Nivel 1
EXTORSION,EXTORSION. ART. 244 C.P.,CALI,Villa Colombia,08,-76.50022,3.449362,SIN INFORMACION,2023,noviembre ,25,11/25/2023,7,10:00,DENUNCIA,Nivel 1
EXTORSION,EXTORSION. ART. 244 C.P.,CALI,Las Ceibas,07,-76.487873,3.456968,SIN INFORMACION,2023,noviembre ,25,11/25/2023,7,17:00,DENUNCIA,Nivel 1
EXTORSION,EXTORSION. ART. 244 C.P.,CALI,Rodrigo Lara Bonilla,13,-76.488965,3.426215,SIN INFORMACION,2023,noviembre ,27,11/27/2023,2,15:44,DENUNCIA,Nivel 1
EXTORSION,EXTORSION. ART. 244 C.P.,CALI,Las Quintas de Don Simón,17,-76.535633,3.387391,SIN INFORMACION,2023,noviembre ,28,11/28/2023,3,14:40,DENUNCIA,Nivel 1
EXTORSION,EXTORSION. ART. 244 C.P.,CALI,El Limonar,17,-76.527688,3.39998,SIN INFORMACION,2023,noviembre ,30,11/30/2023,5,18:52,DENUNCIA,Nivel 1
EXTORSION,EXTORSION. ART. 244 C.P.,CALI,PP1,81,-76.52187,3.353612,SIN INFORMACION,2023,diciembre ,1,12/1/2023,6,12:30,DENUNCIA,Nivel 1
EXTORSION,EXTORSION. ART. 244 C.P.,CALI,Lili,17,-76.51952,3.3771,EDIFICIO,2023,diciembre ,2,12/2/2023,7,02:00,DENUNCIA,Nivel 1
EXTORSION,EXTORSION. ART. 244 C.P.,CALI,Rural,Rural,-76.594255,3.345265,VIA PUBLICA,2023,diciembre ,2,12/2/2023,7,00:00,DENUNCIA,Nivel 1
EXTORSION,EXTORSION. ART. 244 C.P.,CALI,Los Cámbulos,19,-76.540952,3.418774,ESTABLECIMIENTO DE COMERCIO,2023,diciembre ,3,12/3/2023,1,11:30,DENUNCIA,Nivel 1
EXTORSION,EXTORSION. ART. 244 C.P.,CALI,San Pedro,03,-76.531088,3.450079,SIN INFORMACION,2023,diciembre ,4,12/4/2023,2,17:57,DENUNCIA,Nivel 1
EXTORSION,EXTORSION. ART. 244 C.P.,CALI,Rural,Rural,-76.617469,3.514093,SIN INFORMACION,2023,diciembre ,5,12/5/2023,3,15:10,DENUNCIA,Nivel 1
EXTORSION,EXTORSION. ART. 244 C.P.,CALI,Urbanización San Joaquin,17,-76.52736,3.37093,VIA PUBLICA,2023,diciembre ,5,12/5/2023,3,15:00,DENUNCIA,Nivel 1
EXTORSION,EXTORSION. ART. 244 C.P.,CALI,Urbanización La Flora,02,-76.515601,3.488551,DOMICILIO,2023,diciembre ,5,12/5/2023,3,12:00,DENUNCIA,Nivel 1
EXTORSION,EXTORSION. ART. 244 C.P.,CALI,El Poblado I,13,-76.498122,3.420839,SIN INFORMACION,2023,diciembre ,6,12/6/2023,4,06:25,DENUNCIA,Nivel 1
EXTORSION,EXTORSION. ART. 244 C.P.,CALI,Bochalema,81,-76.518351,3.356985,DOMICILIO,2023,diciembre ,6,12/6/2023,4,10:00,DENUNCIA,Nivel 1
EXTORSION,EXTORSION. ART. 244 C.P.,CALI,Villa del Sol,05,-76.494853,3.480991,SIN INFORMACION,2023,diciembre ,8,12/8/2023,6,04:59,DENUNCIA,Nivel 1
EXTORSION,EXTORSION. ART. 244 C.P.,CALI,Los Alcázares,06,-76.492358,3.487661,SIN INFORMACION,2023,diciembre ,8,12/8/2023,6,15:30,DENUNCIA,Nivel 1
EXTORSION,EXTORSION. ART. 244 C.P.,CALI,Ciudadela del Rio - CVC,21,-76.46609,3.428476,SIN INFORMACION,2023,diciembre ,8,12/8/2023,6,11:00,DENUNCIA,Nivel 1
EXTORSION,EXTORSION. ART. 244 C.P.,CALI,Rural,Rural,-76.63355,3.328075,TRANSPORTE PUBLICO RURAL,2023,diciembre ,10,12/10/2023,1,15:00,DENUNCIA,Nivel 1
EXTORSION,EXTORSION. ART. 244 C.P.,CALI,Rural,Rural,-76.593958,3.34168,AREA RURAL,2023,diciembre ,10,12/10/2023,1,12:30,DENUNCIA,Nivel 1
EXTORSION,EXTORSION. ART. 244 C.P.,CALI,Unicentro Cali,17,-76.53938,3.37721,SIN INFORMACION,2023,diciembre ,10,12/10/2023,1,21:30,DENUNCIA,Nivel 1
EXTORSION,EXTORSION. ART. 244 C.P.,CALI,Villanueva,12,-76.50791,3.430343,ESTABLECIMIENTO CARCELARIO,2023,diciembre ,10,12/10/2023,1,08:00,DENUNCIA,Nivel 1
EXTORSION,EXTORSION. ART. 244 C.P.,CALI,Barrio Obrero,09,-76.52288,3.4502,SIN INFORMACION,2023,diciembre ,11,12/11/2023,2,08:03,DENUNCIA,Nivel 1
EXTORSION,EXTORSION. ART. 244 C.P.,CALI,Las Orquídeas,14,-76.474571,3.414943,SIN INFORMACION,2023,diciembre ,11,12/11/2023,2,00:30,DENUNCIA,Nivel 1
EXTORSION,EXTORSION. ART. 244 C.P.,CALI,Brisas de Mayo,20,-76.56455,3.418996,SIN INFORMACION,2023,diciembre ,11,12/11/2023,2,15:46,DENUNCIA,Nivel 1
EXTORSION,EXTORSION. ART. 244 C.P.,CALI,La Base,08,-76.49453,3.452426,DOMICILIO,2023,diciembre ,12,12/12/2023,3,16:30,DENUNCIA,Nivel 1
EXTORSION,EXTORSION. ART. 244 C.P.,CALI,Rural,Rural,-76.553848,3.43862,SIN INFORMACION,2023,diciembre ,12,12/12/2023,3,15:00,DENUNCIA,Nivel 1
EXTORSION,EXTORSION. ART. 244 C.P.,CALI,Fonaviemcali,06,-76.48893,3.485018,SIN INFORMACION,2023,diciembre ,13,12/13/2023,4,06:11,DENUNCIA,Nivel 1
EXTORSION,EXTORSION. ART. 244 C.P.,CALI,Los Chorros,18,-76.553572,3.394025,DOMICILIO,2023,diciembre ,14,12/14/2023,5,11:00,DENUNCIA,Nivel 1
EXTORSION,EXTORSION. ART. 244 C.P.,CALI,Lili,17,-76.520095,3.371962,SIN INFORMACION,2023,diciembre ,16,12/16/2023,7,16:30,DENUNCIA,Nivel 1
EXTORSION,EXTORSION. ART. 244 C.P.,CALI,Rural,Rural,-76.606894,3.482189,DOMICILIO,2023,diciembre ,16,12/16/2023,7,09:15,DENUNCIA,Nivel 1
EXTORSION,EXTORSION. ART. 244 C.P.,CALI,Junín,09,-76.52645,3.43402,SIN INFORMACION,2023,diciembre ,18,12/18/2023,2,04:44,DENUNCIA,Nivel 1
EXTORSION,EXTORSION. ART. 244 C.P.,CALI,Cuarteles de Nápoles,18,-76.549518,3.381975,VIA PUBLICA,2023,diciembre ,19,12/19/2023,3,15:10,DENUNCIA,Nivel 1
EXTORSION,EXTORSION. ART. 244 C.P.,CALI,San Vicente,02,-76.52711,3.46557,AREA RURAL,2023,diciembre ,19,12/19/2023,3,14:45,DENUNCIA,Nivel 1
EXTORSION,EXTORSION. ART. 244 C.P.,CALI,Urbanización Colseguros,19,-76.53325,3.42625,CENTRO COMERCIAL,2023,diciembre ,20,12/20/2023,4,00:00,DENUNCIA,Nivel 1
EXTORSION,EXTORSION. ART. 244 C.P.,CALI,Base Aérea,07,-76.50516,3.454462,SIN INFORMACION,2023,diciembre ,21,12/21/2023,5,20:06,DENUNCIA,Nivel 1
EXTORSION,EXTORSION. ART. 244 C.P.,CALI,Urbanización Tequendama,19,-76.546394,3.423975,LUGAR DE TRABAJO,2023,diciembre ,21,12/21/2023,5,09:30,DENUNCIA,Nivel 1
EXTORSION,EXTORSION. ART. 244 C.P.,CALI,Rural,Rural,-76.547801,3.487809,SIN INFORMACION,2023,diciembre ,21,12/21/2023,5,15:19,DENUNCIA,Nivel 1
EXTORSION,EXTORSION. ART. 244 C.P.,CALI,Urbanización La Nueva Base,08,-76.49277,3.445915,SIN INFORMACION,2023,diciembre ,22,12/22/2023,6,03:00,DENUNCIA,Nivel 1
EXTORSION,EXTORSION. ART. 244 C.P.,CALI,La Alianza,04,-76.506606,3.472576,PARADERO DE TRANSPORTE,2023,diciembre ,26,12/26/2023,3,11:00,DENUNCIA,Nivel 1
EXTORSION,EXTORSION. ART. 244 C.P.,CALI,San Nicolás,03,-76.523621,3.451964,SIN INFORMACION,2023,diciembre ,28,12/28/2023,5,10:41,DENUNCIA,Nivel 1
EXTORSION,EXTORSION. ART. 244 C.P.,CALI,La Floresta,08,-76.510451,3.445005,LUGAR DE TRABAJO,2023,diciembre ,29,12/29/2023,6,15:00,DENUNCIA,Nivel 1
EXTORSION,EXTORSION. ART. 244 C.P.,CALI,El Peñón,03,-76.542709,3.450955,HOTEL / HOSTAL,2023,diciembre ,29,12/29/2023,6,16:00,DENUNCIA,Nivel 1
EXTORSION,EXTORSION. ART. 244 C.P.,CALI,Planta de Tratamiento,21,-76.47673,3.440543,DOMICILIO,2024,enero     ,1,1/1/2024,2,10:00,DENUNCIA,Nivel 1
EXTORSION,EXTORSION. ART. 244 C.P.,CALI,Los Comuneros I,15,-76.493673,3.406978,DOMICILIO,2024,enero     ,2,1/2/2024,3,00:00,DENUNCIA,Nivel 1
EXTORSION,EXTORSION. ART. 244 C.P.,CALI,Planta de Tratamiento,21,-76.476714,3.440549,DOMICILIO,2024,enero     ,2,1/2/2024,3,10:00,DENUNCIA,Nivel 1
EXTORSION,EXTORSION. ART. 244 C.P.,CALI,Chipichape,02,-76.52692,3.477866,CENTRO COMERCIAL,2024,enero     ,2,1/2/2024,3,11:00,DENUNCIA,Nivel 1
EXTORSION,EXTORSION. ART. 244 C.P.,CALI,Manuela Beltrán,14,-76.473147,3.420281,SIN INFORMACION,2024,enero     ,3,1/3/2024,4,04:23,DENUNCIA,Nivel 1
EXTORSION,EXTORSION. ART. 244 C.P.,CALI,El Ingenio,17,-76.528563,3.38055,ESTABLECIMIENTO DE COMERCIO,2024,enero     ,3,1/3/2024,4,08:00,DENUNCIA,Nivel 1
EXTORSION,EXTORSION. ART. 244 C.P.,CALI,Juanambú,02,-76.537792,3.457485,DOMICILIO,2024,enero     ,4,1/4/2024,5,15:00,DENUNCIA,Nivel 1
EXTORSION,EXTORSION. ART. 244 C.P.,CALI,Andalucía,81,-76.515806,3.355864,SIN INFORMACION,2024,enero     ,4,1/4/2024,5,10:54,DENUNCIA,Nivel 1
EXTORSION,EXTORSION. ART. 244 C.P.,CALI,Villa Colombia,08,-76.500565,3.44835,LOCAL COMERCIAL,2024,enero     ,5,1/5/2024,6,17:00,DENUNCIA,Nivel 1
EXTORSION,EXTORSION. ART. 244 C.P.,CALI,El Lido,19,-76.5485,3.417859,SIN INFORMACION,2024,enero     ,5,1/5/2024,6,03:00,DENUNCIA,Nivel 1
EXTORSION,EXTORSION. ART. 244 C.P.,CALI,El Poblado I,13,-76.498436,3.417437,SIN INFORMACION,2024,enero     ,5,1/5/2024,6,17:00,DENUNCIA,Nivel 1
EXTORSION,EXTORSION. ART. 244 C.P.,CALI,Pizamos I,21,-76.474495,3.402559,SIN INFORMACION,2024,enero     ,5,1/5/2024,6,15:00,DENUNCIA,Nivel 1
EXTORSION,EXTORSION. ART. 244 C.P.,CALI,El Piloto,03,-76.523862,3.460562,SIN INFORMACION,2024,enero     ,6,1/6/2024,7,15:25,DENUNCIA,Nivel 1
EXTORSION,EXTORSION. ART. 244 C.P.,CALI,Brisas de Los Álamos,02,-76.50296,3.493783,SIN INFORMACION,2024,enero     ,6,1/6/2024,7,05:30,DENUNCIA,Nivel 1
EXTORSION,EXTORSION. ART. 244 C.P.,CALI,Junín,09,-76.52645,3.43402,SIN INFORMACION,2024,enero     ,6,1/6/2024,7,14:00,DENUNCIA,Nivel 1
EXTORSION,EXTORSION. ART. 244 C.P.,CALI,Alirio Mora Beltrán,14,-76.4792,3.43388,SIN INFORMACION,2024,enero     ,6,1/6/2024,7,02:00,DENUNCIA,Nivel 1
EXTORSION,EXTORSION. ART. 244 C.P.,CALI,Villa Colombia,08,-76.49887,3.449683,SIN INFORMACION,2024,enero     ,7,1/7/2024,1,23:00,DENUNCIA,Nivel 1
EXTORSION,EXTORSION. ART. 244 C.P.,CALI,El Peñón,03,-76.540427,3.450695,SIN INFORMACION,2024,enero     ,8,1/8/2024,2,08:07,DENUNCIA,Nivel 1
EXTORSION,EXTORSION. ART. 244 C.P.,CALI,Pampa Linda,19,-76.555244,3.406027,SIN INFORMACION,2024,enero     ,8,1/8/2024,2,17:00,DENUNCIA,Nivel 1
EXTORSION,EXTORSION. ART. 244 C.P.,CALI,El Poblado II,13,-76.49162,3.41868,DOMICILIO,2024,enero     ,9,1/9/2024,3,21:00,DENUNCIA,Nivel 1
EXTORSION,EXTORSION. ART. 244 C.P.,CALI,Paso del Comercio,06,-76.490194,3.493411,SIN INFORMACION,2024,enero     ,9,1/9/2024,3,10:00,DENUNCIA,Nivel 1
EXTORSION,EXTORSION. ART. 244 C.P.,CALI,Potrero Grande,21,-76.472494,3.407975,DOMICILIO,2024,enero     ,10,1/10/2024,4,00:00,DENUNCIA,Nivel 1
EXTORSION,EXTORSION. ART. 244 C.P.,CALI,La Independencia,11,-76.519167,3.41735,SIN INFORMACION,2024,enero     ,10,1/10/2024,4,12:06,DENUNCIA,Nivel 1
EXTORSION,EXTORSION. ART. 244 C.P.,CALI,El Vallado,15,-76.499482,3.406477,SIN INFORMACION,2024,enero     ,10,1/10/2024,4,22:02,DENUNCIA,Nivel 1
EXTORSION,EXTORSION. ART. 244 C.P.,CALI,Sector Alto de los Chorros,18,-76.559193,3.389466,VIA PUBLICA,2024,enero     ,10,1/10/2024,4,18:30,DENUNCIA,Nivel 1
EXTORSION,EXTORSION. ART. 244 C.P.,CALI,Las Quintas de Don Simón,17,-76.534215,3.388105,OTRO,2024,enero     ,10,1/10/2024,4,15:17,DENUNCIA,Nivel 1
EXTORSION,EXTORSION. ART. 244 C.P.,CALI,Terrón Colorado,01,-76.554779,3.452445,DOMICILIO,2024,enero     ,12,1/12/2024,6,14:00,DENUNCIA,Nivel 1
EXTORSION,EXTORSION. ART. 244 C.P.,CALI,Rural,Rural,-76.58563,3.42178,AREA RURAL,2024,enero     ,12,1/12/2024,6,12:30,DENUNCIA,Nivel 1
EXTORSION,EXTORSION. ART. 244 C.P.,CALI,Junín,09,-76.52645,3.43402,SIN INFORMACION,2024,enero     ,12,1/12/2024,6,15:15,DENUNCIA,Nivel 1
EXTORSION,EXTORSION. ART. 244 C.P.,CALI,Caldas,18,-76.54765,3.394373,SIN INFORMACION,2024,enero     ,12,1/12/2024,6,00:00,DENUNCIA,Nivel 1
EXTORSION,EXTORSION. ART. 244 C.P.,CALI,PP6-PP8-PP10,81,-76.53002,3.3242,VIA PUBLICA,2024,enero     ,13,1/13/2024,7,14:00,DENUNCIA,Nivel 1
EXTORSION,EXTORSION. ART. 244 C.P.,CALI,San Pedro,03,-76.533835,3.452135,SIN INFORMACION,2024,enero     ,15,1/15/2024,2,10:36,DENUNCIA,Nivel 1
EXTORSION,EXTORSION. ART. 244 C.P.,CALI,Simón Bolívar,08,-76.51617,3.4415,SIN INFORMACION,2024,enero     ,16,1/16/2024,3,21:20,DENUNCIA,Nivel 1
EXTORSION,EXTORSION. ART. 244 C.P.,CALI,Rural,Rural,-76.492807,3.406581,DOMICILIO,2024,enero     ,17,1/17/2024,4,16:00,DENUNCIA,Nivel 1
EXTORSION,EXTORSION. ART. 244 C.P.,CALI,El Gran Limonar,17,-76.54421,3.40065,DOMICILIO,2024,enero     ,17,1/17/2024,4,17:00,DENUNCIA,Nivel 1
EXTORSION,EXTORSION. ART. 244 C.P.,CALI,Prados de Oriente,11,-76.51155,3.428663,SIN INFORMACION,2024,enero     ,18,1/18/2024,5,06:00,DENUNCIA,Nivel 1
EXTORSION,EXTORSION. ART. 244 C.P.,CALI,Aranjuez,09,-76.5225,3.436555,DOMICILIO,2024,enero     ,19,1/19/2024,6,10:00,DENUNCIA,Nivel 1
EXTORSION,EXTORSION. ART. 244 C.P.,CALI,Primero de Mayo,17,-76.53105,3.40502,VIA PUBLICA,2024,enero     ,19,1/19/2024,6,11:10,DENUNCIA,Nivel 1
EXTORSION,EXTORSION. ART. 244 C.P.,CALI,Potrero Grande,21,-76.467008,3.409221,DOMICILIO,2024,enero     ,20,1/20/2024,7,11:00,DENUNCIA,Nivel 1
EXTORSION,EXTORSION. ART. 244 C.P.,CALI,Junín,09,-76.52645,3.43402,SIN INFORMACION,2024,enero     ,20,1/20/2024,7,00:00,DENUNCIA,Nivel 1
EXTORSION,EXTORSION. ART. 244 C.P.,CALI,Cañaveral,19,-76.563155,3.408914,SIN INFORMACION,2024,enero     ,21,1/21/2024,1,13:00,DENUNCIA,Nivel 1
EXTORSION,EXTORSION. ART. 244 C.P.,CALI,3 de Julio,19,-76.5411,3.43293,SIN INFORMACION,2024,enero     ,21,1/21/2024,1,19:16,DENUNCIA,Nivel 1
EXTORSION,EXTORSION. ART. 244 C.P.,CALI,El Vergel,13,-76.50151,3.415645,SIN INFORMACION,2024,enero     ,22,1/22/2024,2,14:46,DENUNCIA,Nivel 1
EXTORSION,EXTORSION. ART. 244 C.P.,CALI,Santa Isabel,19,-76.546997,3.427277,SIN INFORMACION,2024,enero     ,22,1/22/2024,2,18:30,DENUNCIA,Nivel 1
EXTORSION,EXTORSION. ART. 244 C.P.,CALI,Base Aérea,07,-76.501572,3.460056,SIN INFORMACION,2024,enero     ,23,1/23/2024,3,23:56,DENUNCIA,Nivel 1
EXTORSION,EXTORSION. ART. 244 C.P.,CALI,Siloé,20,-76.55586,3.42074,SIN INFORMACION,2024,enero     ,23,1/23/2024,3,20:14,DENUNCIA,Nivel 1
EXTORSION,EXTORSION. ART. 244 C.P.,CALI,El Troncal,08,-76.50803,3.44959,SIN INFORMACION,2024,enero     ,23,1/23/2024,3,20:15,DENUNCIA,Nivel 1
EXTORSION,EXTORSION. ART. 244 C.P.,CALI,Rural,Rural,-76.55847,3.3635,SIN INFORMACION,2024,enero     ,23,1/23/2024,3,00:26,DENUNCIA,Nivel 1
EXTORSION,EXTORSION. ART. 244 C.P.,CALI,Rural,Rural,-76.55847,3.3635,SIN INFORMACION,2024,enero     ,23,1/23/2024,3,00:22,DENUNCIA,Nivel 1
EXTORSION,EXTORSION. ART. 244 C.P.,CALI,Atanasio Girardot,08,-76.509296,3.443665,SIN INFORMACION,2024,enero     ,24,1/24/2024,4,01:08,DENUNCIA,Nivel 1
EXTORSION,EXTORSION. ART. 244 C.P.,CALI,San Pedro,03,-76.531401,3.45184,SIN INFORMACION,2024,enero     ,24,1/24/2024,4,13:33,DENUNCIA,Nivel 1
EXTORSION,EXTORSION. ART. 244 C.P.,CALI,Ciudad 2000,16,-76.521165,3.39854,DOMICILIO,2024,enero     ,25,1/25/2024,5,14:47,DENUNCIA,Nivel 1
EXTORSION,EXTORSION. ART. 244 C.P.,CALI,Ciudad 2000,16,-76.521165,3.39854,DOMICILIO,2024,enero     ,25,1/25/2024,5,14:47,DENUNCIA,Nivel 1
EXTORSION,EXTORSION. ART. 244 C.P.,CALI,Ciudad 2000,16,-76.521165,3.39854,DOMICILIO,2024,enero     ,25,1/25/2024,5,14:47,DENUNCIA,Nivel 1
EXTORSION,EXTORSION. ART. 244 C.P.,CALI,Ciudad Capri,17,-76.541544,3.386553,DOMICILIO,2024,enero     ,25,1/25/2024,5,18:00,DENUNCIA,Nivel 1
EXTORSION,EXTORSION. ART. 244 C.P.,CALI,Panamericano,10,-76.533394,3.416585,SIN INFORMACION,2024,enero     ,26,1/26/2024,6,09:28,DENUNCIA,Nivel 1
EXTORSION,EXTORSION. ART. 244 C.P.,CALI,Sindical,12,-76.498827,3.429698,SIN INFORMACION,2024,enero     ,26,1/26/2024,6,20:00,DENUNCIA,Nivel 1
EXTORSION,EXTORSION. ART. 244 C.P.,CALI,San Nicolás,03,-76.523343,3.45456,ESTABLECIMIENTO CARCELARIO,2024,enero     ,27,1/27/2024,7,19:08,DENUNCIA,Nivel 1
EXTORSION,EXTORSION. ART. 244 C.P.,CALI,Guayaquil,09,-76.526619,3.439896,DOMICILIO,2024,enero     ,27,1/27/2024,7,06:00,DENUNCIA,Nivel 1
EXTORSION,EXTORSION. ART. 244 C.P.,CALI,Rural,Rural,-76.54349,3.318135,DOMICILIO,2024,enero     ,27,1/27/2024,7,16:04,DENUNCIA,Nivel 1
EXTORSION,EXTORSION. ART. 244 C.P.,CALI,Ciudad Capri,17,-76.542438,3.391699,ESTABLECIMIENTO DE COMERCIO,2024,enero     ,27,1/27/2024,7,14:54,DENUNCIA,Nivel 1
EXTORSION,EXTORSION. ART. 244 C.P.,CALI,El Vallado,15,-76.499313,3.40713,SIN INFORMACION,2024,enero     ,27,1/27/2024,7,20:42,DENUNCIA,Nivel 1
EXTORSION,EXTORSION. ART. 244 C.P.,CALI,El Calvario,03,-76.529173,3.448635,ESTABLECIMIENTO DE COMERCIO,2024,enero     ,29,1/29/2024,2,16:30,DENUNCIA,Nivel 1
EXTORSION,EXTORSION. ART. 244 C.P.,CALI,El Vergel,13,-76.500084,3.415529,SIN INFORMACION,2024,enero     ,29,1/29/2024,2,10:08,DENUNCIA,Nivel 1
EXTORSION,EXTORSION. ART. 244 C.P.,CALI,Rural,Rural,-76.532902,3.480268,FINCA,2024,enero     ,31,1/31/2024,4,11:56,DENUNCIA,Nivel 1
EXTORSION,EXTORSION. ART. 244 C.P.,CALI,Alfonso Lopez P. 3a Etapa,07,-76.485105,3.452103,SIN INFORMACION,2024,enero     ,31,1/31/2024,4,11:06,DENUNCIA,Nivel 1
EXTORSION,EXTORSION. ART. 244 C.P.,CALI,La Hacienda,17,-76.533787,3.397055,SIN INFORMACION,2024,febrero   ,1,2/1/2024,5,21:00,DENUNCIA,Nivel 1
EXTORSION,EXTORSION. ART. 244 C.P.,CALI,Santa Elena,10,-76.52371,3.42754,SIN INFORMACION,2024,febrero   ,1,2/1/2024,5,08:45,DENUNCIA,Nivel 1
EXTORSION,EXTORSION. ART. 244 C.P.,CALI,Manuel María Buenaventura,09,-76.522215,3.437411,ESTABLECIMIENTO CARCELARIO,2024,febrero   ,1,2/1/2024,5,08:06,DENUNCIA,Nivel 1
EXTORSION,EXTORSION. ART. 244 C.P.,CALI,El Trébol,08,-76.493603,3.442359,SIN INFORMACION,2024,febrero   ,2,2/2/2024,6,23:00,DENUNCIA,Nivel 1
EXTORSION,EXTORSION. ART. 244 C.P.,CALI,Aguablanca,11,-76.51807,3.4304,SIN INFORMACION,2024,febrero   ,2,2/2/2024,6,22:12,DENUNCIA,Nivel 1
EXTORSION,EXTORSION. ART. 244 C.P.,CALI,San Nicolás,03,-76.518781,3.452981,SIN INFORMACION,2024,febrero   ,2,2/2/2024,6,19:27,DENUNCIA,Nivel 1
EXTORSION,EXTORSION. ART. 244 C.P.,CALI,Cristóbal Colón,10,-76.527211,3.418838,VIA PUBLICA,2024,febrero   ,3,2/3/2024,7,09:00,DENUNCIA,Nivel 1
EXTORSION,EXTORSION. ART. 244 C.P.,CALI,Junín,09,-76.52645,3.43402,SIN INFORMACION,2024,febrero   ,3,2/3/2024,7,19:30,DENUNCIA,Nivel 1
EXTORSION,EXTORSION. ART. 244 C.P.,CALI,Olímpico,10,-76.53141,3.42019,SIN INFORMACION,2024,febrero   ,3,2/3/2024,7,14:29,DENUNCIA,Nivel 1
EXTORSION,EXTORSION. ART. 244 C.P.,CALI,Pampa Linda,19,-76.553725,3.40571,SIN INFORMACION,2024,febrero   ,3,2/3/2024,7,16:00,DENUNCIA,Nivel 1
EXTORSION,EXTORSION. ART. 244 C.P.,CALI,El Dorado,10,-76.527442,3.418338,VIA PUBLICA,2024,febrero   ,3,2/3/2024,7,09:00,DENUNCIA,Nivel 1
EXTORSION,EXTORSION. ART. 244 C.P.,CALI,Parcelaciones Pance,22,-76.529015,3.358429,SIN INFORMACION,2024,febrero   ,3,2/3/2024,7,04:30,DENUNCIA,Nivel 1
EXTORSION,EXTORSION. ART. 244 C.P.,CALI,Urbanización La Nueva Base,08,-76.491099,3.450794,VIA PUBLICA,2024,febrero   ,5,2/5/2024,2,19:00,DENUNCIA,Nivel 1
EXTORSION,EXTORSION. ART. 244 C.P.,CALI,Versalles,02,-76.527238,3.460788,SIN INFORMACION,2024,febrero   ,5,2/5/2024,2,14:00,DENUNCIA,Nivel 1
EXTORSION,EXTORSION. ART. 244 C.P.,CALI,Metropolitano del Norte,05,-76.495618,3.483718,DOMICILIO,2024,febrero   ,6,2/6/2024,3,00:00,DENUNCIA,Nivel 1
EXTORSION,EXTORSION. ART. 244 C.P.,CALI,Pampa Linda,19,-76.547954,3.406033,SIN INFORMACION,2024,febrero   ,6,2/6/2024,3,08:00,DENUNCIA,Nivel 1
EXTORSION,EXTORSION. ART. 244 C.P.,CALI,José Manuel Marroquín II,14,-76.482002,3.429292,SIN INFORMACION,2024,febrero   ,7,2/7/2024,4,20:00,DENUNCIA,Nivel 1
EXTORSION,EXTORSION. ART. 244 C.P.,CALI,Parcelaciones Pance,22,-76.52817,3.357065,SIN INFORMACION,2024,febrero   ,7,2/7/2024,4,00:42,DENUNCIA,Nivel 1
EXTORSION,EXTORSION. ART. 244 C.P.,CALI,El Sena,05,-76.50448,3.470405,SIN INFORMACION,2024,febrero   ,8,2/8/2024,5,14:00,DENUNCIA,Nivel 1
EXTORSION,EXTORSION. ART. 244 C.P.,CALI,Ciudad Córdoba,15,-76.512725,3.394214,DOMICILIO,2024,febrero   ,8,2/8/2024,5,22:46,DENUNCIA,Nivel 1
EXTORSION,EXTORSION. ART. 244 C.P.,CALI,Ciudadela del Rio - CVC,21,-76.466315,3.429369,SIN INFORMACION,2024,febrero   ,9,2/9/2024,6,08:08,DENUNCIA,Nivel 1
EXTORSION,EXTORSION. ART. 244 C.P.,CALI,Ulpiano Lloreda,13,-76.48901,3.44329,DOMICILIO,2024,febrero   ,9,2/9/2024,6,13:00,DENUNCIA,Nivel 1
EXTORSION,EXTORSION. ART. 244 C.P.,CALI,Colseguros Andes,10,-76.527954,3.429511,LOCAL COMERCIAL,2024,febrero   ,10,2/10/2024,7,12:30,DENUNCIA,Nivel 1
EXTORSION,EXTORSION. ART. 244 C.P.,CALI,Villa Colombia,08,-76.500929,3.448524,SIN INFORMACION,2024,febrero   ,10,2/10/2024,7,14:13,DENUNCIA,Nivel 1
EXTORSION,EXTORSION. ART. 244 C.P.,CALI,El Poblado II,13,-76.48863,3.421808,SIN INFORMACION,2024,febrero   ,10,2/10/2024,7,16:00,DENUNCIA,Nivel 1
EXTORSION,EXTORSION. ART. 244 C.P.,CALI,Primitivo Crespo,08,-76.515886,3.436324,DOMICILIO,2024,febrero   ,12,2/12/2024,2,00:00,DENUNCIA,Nivel 1
EXTORSION,EXTORSION. ART. 244 C.P.,CALI,Omar Torrijos,13,-76.487416,3.425717,SIN INFORMACION,2024,febrero   ,12,2/12/2024,2,18:02,DENUNCIA,Nivel 1
EXTORSION,EXTORSION. ART. 244 C.P.,CALI,El Diamante,13,-76.501986,3.423037,SIN INFORMACION,2024,febrero   ,12,2/12/2024,2,05:00,DENUNCIA,Nivel 1
EXTORSION,EXTORSION. ART. 244 C.P.,CALI,El Calvario,03,-76.528913,3.449784,ESTABLECIMIENTO CARCELARIO,2024,febrero   ,13,2/13/2024,3,15:00,DENUNCIA,Nivel 1
EXTORSION,EXTORSION. ART. 244 C.P.,CALI,Rural,Rural,-76.464954,3.436725,DOMICILIO,2024,febrero   ,14,2/14/2024,4,22:00,DENUNCIA,Nivel 1
EXTORSION,EXTORSION. ART. 244 C.P.,CALI,Rural,Rural,-76.464954,3.436725,DOMICILIO,2024,febrero   ,14,2/14/2024,4,22:00,DENUNCIA,Nivel 1
EXTORSION,EXTORSION. ART. 244 C.P.,CALI,Valle Grande,21,-76.470514,3.436122,SIN INFORMACION,2024,febrero   ,14,2/14/2024,4,21:14,DENUNCIA,Nivel 1
EXTORSION,EXTORSION. ART. 244 C.P.,CALI,El Trébol,08,-76.49362,3.442244,OTRO,2024,febrero   ,14,2/14/2024,4,09:30,DENUNCIA,Nivel 1
EXTORSION,EXTORSION. ART. 244 C.P.,CALI,Rural,Rural,-76.464954,3.436725,DOMICILIO,2024,febrero   ,14,2/14/2024,4,22:00,DENUNCIA,Nivel 1
EXTORSION,EXTORSION. ART. 244 C.P.,CALI,Rural,Rural,-76.464954,3.436725,DOMICILIO,2024,febrero   ,14,2/14/2024,4,22:00,DENUNCIA,Nivel 1
EXTORSION,EXTORSION. ART. 244 C.P.,CALI,Los Alcázares,06,-76.493583,3.487742,SIN INFORMACION,2024,febrero   ,14,2/14/2024,4,18:00,DENUNCIA,Nivel 1
EXTORSION,EXTORSION. ART. 244 C.P.,CALI,San Nicolás,03,-76.529457,3.453335,SIN INFORMACION,2024,febrero   ,15,2/15/2024,5,09:21,DENUNCIA,Nivel 1
EXTORSION,EXTORSION. ART. 244 C.P.,CALI,Eucaristico,19,-76.539388,3.423283,SIN INFORMACION,2024,febrero   ,16,2/16/2024,6,06:17,DENUNCIA,Nivel 1
EXTORSION,EXTORSION. ART. 244 C.P.,CALI,Petecuy Tercera Etapa,06,-76.482443,3.476639,DOMICILIO,2024,febrero   ,17,2/17/2024,7,13:00,DENUNCIA,Nivel 1
EXTORSION,EXTORSION. ART. 244 C.P.,CALI,Nueva Floresta,12,-76.49864,3.43611,ESTABLECIMIENTO DE COMERCIO,2024,febrero   ,17,2/17/2024,7,10:00,DENUNCIA,Nivel 1
EXTORSION,EXTORSION. ART. 244 C.P.,CALI,Rodrigo Lara Bonilla,13,-76.488949,3.426008,SIN INFORMACION,2024,febrero   ,18,2/18/2024,1,02:05,DENUNCIA,Nivel 1
EXTORSION,EXTORSION. ART. 244 C.P.,CALI,El Morichal,15,-76.506504,3.399678,SIN INFORMACION,2024,febrero   ,19,2/19/2024,2,11:38,DENUNCIA,Nivel 1
EXTORSION,EXTORSION. ART. 244 C.P.,CALI,Lili,17,-76.51878,3.37859,SIN INFORMACION,2024,febrero   ,19,2/19/2024,2,14:02,DENUNCIA,Nivel 1
EXTORSION,EXTORSION. ART. 244 C.P.,CALI,El Retiro,15,-76.498145,3.409044,DOMICILIO,2024,febrero   ,20,2/20/2024,3,00:00,DENUNCIA,Nivel 1
EXTORSION,EXTORSION. ART. 244 C.P.,CALI,Omar Torrijos,13,-76.486577,3.425732,SIN INFORMACION,2024,febrero   ,20,2/20/2024,3,22:00,DENUNCIA,Nivel 1
EXTORSION,EXTORSION. ART. 244 C.P.,CALI,El Guabal,10,-76.527587,3.417921,SIN INFORMACION,2024,febrero   ,20,2/20/2024,3,23:15,DENUNCIA,Nivel 1
EXTORSION,EXTORSION. ART. 244 C.P.,CALI,Caldas,18,-76.551053,3.394475,DOMICILIO,2024,febrero   ,21,2/21/2024,4,10:12,DENUNCIA,Nivel 1
EXTORSION,EXTORSION. ART. 244 C.P.,CALI,Junín,09,-76.52611,3.433738,OTRO,2024,febrero   ,21,2/21/2024,4,16:00,DENUNCIA,Nivel 1
EXTORSION,EXTORSION. ART. 244 C.P.,CALI,Rural,Rural,-76.544601,3.294069,LOCAL COMERCIAL,2024,febrero   ,22,2/22/2024,5,11:00,DENUNCIA,Nivel 1
EXTORSION,EXTORSION. ART. 244 C.P.,CALI,Las Delicias,04,-76.50812,3.463058,SIN INFORMACION,2024,febrero   ,22,2/22/2024,5,15:00,DENUNCIA,Nivel 1
EXTORSION,EXTORSION. ART. 244 C.P.,CALI,José Manuel Marroquín I,14,-76.479647,3.42334,SIN INFORMACION,2024,febrero   ,22,2/22/2024,5,05:20,DENUNCIA,Nivel 1
EXTORSION,EXTORSION. ART. 244 C.P.,CALI,Vipasa,02,-76.51771,3.479036,SIN INFORMACION,2024,febrero   ,23,2/23/2024,6,19:15,DENUNCIA,Nivel 1
EXTORSION,EXTORSION. ART. 244 C.P.,CALI,Compartir,21,-76.463882,3.43171,SIN INFORMACION,2024,febrero   ,23,2/23/2024,6,22:00,DENUNCIA,Nivel 1
EXTORSION,EXTORSION. ART. 244 C.P.,CALI,San Pedro,03,-76.530831,3.451964,SIN INFORMACION,2024,febrero   ,24,2/24/2024,7,05:54,DENUNCIA,Nivel 1
EXTORSION,EXTORSION. ART. 244 C.P.,CALI,Ciudad Capri,17,-76.539098,3.391033,SIN INFORMACION,2024,febrero   ,25,2/25/2024,1,11:58,DENUNCIA,Nivel 1
EXTORSION,EXTORSION. ART. 244 C.P.,CALI,PP4-PP5,81,-76.524456,3.33872,ESTABLECIMIENTO DE COMERCIO,2024,febrero   ,25,2/25/2024,1,11:00,DENUNCIA,Nivel 1
EXTORSION,EXTORSION. ART. 244 C.P.,CALI,San Cristóbal,10,-76.521535,3.43052,SIN INFORMACION,2024,febrero   ,26,2/26/2024,2,13:45,DENUNCIA,Nivel 1
EXTORSION,EXTORSION. ART. 244 C.P.,CALI,Parcelaciones Pance,22,-76.524544,3.33765,ESTABLECIMIENTO DE COMERCIO,2024,febrero   ,26,2/26/2024,2,13:09,DENUNCIA,Nivel 1
EXTORSION,EXTORSION. ART. 244 C.P.,CALI,Lili,17,-76.5166,3.364815,SIN INFORMACION,2024,febrero   ,26,2/26/2024,2,14:30,DENUNCIA,Nivel 1
EXTORSION,EXTORSION. ART. 244 C.P.,CALI,San Pedro,03,-76.531174,3.451964,SIN INFORMACION,2024,febrero   ,26,2/26/2024,2,06:32,DENUNCIA,Nivel 1
EXTORSION,EXTORSION. ART. 244 C.P.,CALI,República de Israel,16,-76.51091,3.404067,SIN INFORMACION,2024,febrero   ,26,2/26/2024,2,08:30,DENUNCIA,Nivel 1
EXTORSION,EXTORSION. ART. 244 C.P.,CALI,Omar Torrijos,13,-76.48675,3.425179,SIN INFORMACION,2024,febrero   ,26,2/26/2024,2,17:00,DENUNCIA,Nivel 1
EXTORSION,EXTORSION. ART. 244 C.P.,CALI,Los Lagos,13,-76.487073,3.427845,SIN INFORMACION,2024,febrero   ,27,2/27/2024,3,02:00,DENUNCIA,Nivel 1
EXTORSION,EXTORSION. ART. 244 C.P.,CALI,Unicentro Cali,17,-76.538103,3.376657,SIN INFORMACION,2024,febrero   ,27,2/27/2024,3,16:32,DENUNCIA,Nivel 1
EXTORSION,EXTORSION. ART. 244 C.P.,CALI,San Nicolás,03,-76.527418,3.455634,ESTABLECIMIENTO DE COMERCIO,2024,febrero   ,28,2/28/2024,4,15:23,DENUNCIA,Nivel 1
EXTORSION,EXTORSION. ART. 244 C.P.,CALI,San Nicolás,03,-76.527418,3.455634,ESTABLECIMIENTO DE COMERCIO,2024,febrero   ,28,2/28/2024,4,15:23,DENUNCIA,Nivel 1
EXTORSION,EXTORSION. ART. 244 C.P.,CALI,Los Lideres,21,-76.46527,3.420031,OTRO,2024,febrero   ,28,2/28/2024,4,10:30,DENUNCIA,Nivel 1
EXTORSION,EXTORSION. ART. 244 C.P.,CALI,Chapinero,08,-76.497426,3.443631,DOMICILIO,2024,febrero   ,29,2/29/2024,5,16:46,DENUNCIA,Nivel 1
EXTORSION,EXTORSION. ART. 244 C.P.,CALI,El Morichal,15,-76.509551,3.393938,SIN INFORMACION,2024,marzo     ,1,3/1/2024,6,17:39,DENUNCIA,Nivel 1
EXTORSION,EXTORSION. ART. 244 C.P.,CALI,Rural,Rural,-76.56684,3.377111,SIN INFORMACION,2024,marzo     ,1,3/1/2024,6,22:00,DENUNCIA,Nivel 1
EXTORSION,EXTORSION. ART. 244 C.P.,CALI,PP4-PP5,81,-76.52446,3.338677,DOMICILIO,2024,marzo     ,1,3/1/2024,6,10:00,DENUNCIA,Nivel 1
EXTORSION,EXTORSION. ART. 244 C.P.,CALI,El Pondaje,13,-76.495211,3.430681,SIN INFORMACION,2024,marzo     ,2,3/2/2024,7,03:00,DENUNCIA,Nivel 1
EXTORSION,EXTORSION. ART. 244 C.P.,CALI,Puerta del Sol,14,-76.47267,3.43282,SIN INFORMACION,2024,marzo     ,3,3/3/2024,1,19:50,DENUNCIA,Nivel 1
EXTORSION,EXTORSION. ART. 244 C.P.,CALI,San Vicente,02,-76.525596,3.471949,DOMICILIO,2024,marzo     ,4,3/4/2024,2,12:00,DENUNCIA,Nivel 1
EXTORSION,EXTORSION. ART. 244 C.P.,CALI,Las Américas,08,-76.50383,3.446743,SIN INFORMACION,2024,marzo     ,4,3/4/2024,2,10:00,DENUNCIA,Nivel 1
EXTORSION,EXTORSION. ART. 244 C.P.,CALI,San Vicente,02,-76.525596,3.471949,DOMICILIO,2024,marzo     ,4,3/4/2024,2,12:00,DENUNCIA,Nivel 1
EXTORSION,EXTORSION. ART. 244 C.P.,CALI,Los Andes B - La Riviera,05,-76.49633,3.4672,SIN INFORMACION,2024,marzo     ,5,3/5/2024,3,01:00,DENUNCIA,Nivel 1
EXTORSION,EXTORSION. ART. 244 C.P.,CALI,San Juan Bosco,03,-76.535637,3.443054,SIN INFORMACION,2024,marzo     ,5,3/5/2024,3,07:30,DENUNCIA,Nivel 1
EXTORSION,EXTORSION. ART. 244 C.P.,CALI,Junín,09,-76.527346,3.433997,SIN INFORMACION,2024,marzo     ,6,3/6/2024,4,12:42,DENUNCIA,Nivel 1
EXTORSION,EXTORSION. ART. 244 C.P.,CALI,Eucaristico,19,-76.541276,3.42553,SIN INFORMACION,2024,marzo     ,6,3/6/2024,4,21:09,DENUNCIA,Nivel 1
EXTORSION,EXTORSION. ART. 244 C.P.,CALI,Eucaristico,19,-76.538979,3.423379,SIN INFORMACION,2024,marzo     ,6,3/6/2024,4,15:30,DENUNCIA,Nivel 1
EXTORSION,EXTORSION. ART. 244 C.P.,CALI,El Bosque,02,-76.52982,3.48494,SIN INFORMACION,2024,marzo     ,6,3/6/2024,4,02:00,DENUNCIA,Nivel 1
EXTORSION,EXTORSION. ART. 244 C.P.,CALI,Evaristo Garcia,04,-76.506225,3.47751,SIN INFORMACION,2024,marzo     ,7,3/7/2024,5,16:09,DENUNCIA,Nivel 1
EXTORSION,EXTORSION. ART. 244 C.P.,CALI,Omar Torrijos,13,-76.486982,3.423951,SIN INFORMACION,2024,marzo     ,8,3/8/2024,6,15:59,DENUNCIA,Nivel 1
EXTORSION,EXTORSION. ART. 244 C.P.,CALI,Junín,09,-76.525123,3.435933,SIN INFORMACION,2024,marzo     ,9,3/9/2024,7,14:30,DENUNCIA,Nivel 1
EXTORSION,EXTORSION. ART. 244 C.P.,CALI,Promociones Populares B,14,-76.475244,3.427303,SIN INFORMACION,2024,marzo     ,10,3/10/2024,1,18:30,DENUNCIA,Nivel 1
EXTORSION,EXTORSION. ART. 244 C.P.,CALI,Los Comuneros I,15,-76.49332,3.41048,DOMICILIO,2024,marzo     ,11,3/11/2024,2,19:00,DENUNCIA,Nivel 1
EXTORSION,EXTORSION. ART. 244 C.P.,CALI,Rural,Rural,-76.547125,3.28618,SIN INFORMACION,2024,marzo     ,11,3/11/2024,2,11:39,DENUNCIA,Nivel 1
EXTORSION,EXTORSION. ART. 244 C.P.,CALI,Parcelaciones Pance,22,-76.52816,3.33866,AREA RURAL,2024,marzo     ,11,3/11/2024,2,06:40,DENUNCIA,Nivel 1
EXTORSION,EXTORSION. ART. 244 C.P.,CALI,PP6-PP8-PP10,81,-76.534726,3.32283,SIN INFORMACION,2024,marzo     ,11,3/11/2024,2,03:20,DENUNCIA,Nivel 1
EXTORSION,EXTORSION. ART. 244 C.P.,CALI,Villanueva,12,-76.50952,3.4326,LOCAL COMERCIAL,2024,marzo     ,11,3/11/2024,2,14:00,DENUNCIA,Nivel 1
EXTORSION,EXTORSION. ART. 244 C.P.,CALI,Las Granjas,10,-76.527144,3.411404,SIN INFORMACION,2024,marzo     ,12,3/12/2024,3,13:30,DENUNCIA,Nivel 1
EXTORSION,EXTORSION. ART. 244 C.P.,CALI,La Rivera I,06,-76.486115,3.47244,RED VIRTUAL O INTERNET,2024,marzo     ,12,3/12/2024,3,11:00,DENUNCIA,Nivel 1
EXTORSION,EXTORSION. ART. 244 C.P.,CALI,Torres de Comfandi,05,-76.500952,3.47899,SIN INFORMACION,2024,marzo     ,13,3/13/2024,4,02:00,DENUNCIA,Nivel 1
EXTORSION,EXTORSION. ART. 244 C.P.,CALI,Buenos Aires,18,-76.546946,3.392919,SIN INFORMACION,2024,marzo     ,13,3/13/2024,4,21:30,DENUNCIA,Nivel 1
EXTORSION,EXTORSION. ART. 244 C.P.,CALI,Junín,09,-76.52645,3.43402,SIN INFORMACION,2024,marzo     ,13,3/13/2024,4,15:00,DENUNCIA,Nivel 1
EXTORSION,EXTORSION. ART. 244 C.P.,CALI,San Pedro,03,-76.533131,3.449924,SIN INFORMACION,2024,marzo     ,15,3/15/2024,6,09:58,DENUNCIA,Nivel 1
EXTORSION,EXTORSION. ART. 244 C.P.,CALI,Ciudad Capri,17,-76.541898,3.389461,SIN INFORMACION,2024,marzo     ,15,3/15/2024,6,17:00,DENUNCIA,Nivel 1
EXTORSION,EXTORSION. ART. 244 C.P.,CALI,Rural,Rural,-76.55871,3.363971,SIN INFORMACION,2024,marzo     ,15,3/15/2024,6,04:00,DENUNCIA,Nivel 1
EXTORSION,EXTORSION. ART. 244 C.P.,CALI,San Pedro,03,-76.533131,3.449924,SIN INFORMACION,2024,marzo     ,16,3/16/2024,7,13:25,DENUNCIA,Nivel 1
EXTORSION,EXTORSION. ART. 244 C.P.,CALI,Lili,17,-76.519814,3.371721,SIN INFORMACION,2024,marzo     ,16,3/16/2024,7,20:24,DENUNCIA,Nivel 1
EXTORSION,EXTORSION. ART. 244 C.P.,CALI,Ciudadela Floralia,06,-76.494748,3.498893,SIN INFORMACION,2024,marzo     ,16,3/16/2024,7,00:00,DENUNCIA,Nivel 1
EXTORSION,EXTORSION. ART. 244 C.P.,CALI,El Cedro,19,-76.537138,3.427133,CENTRO COMERCIAL,2024,marzo     ,17,3/17/2024,1,00:00,DENUNCIA,Nivel 1
EXTORSION,EXTORSION. ART. 244 C.P.,CALI,Ciudad 2000,16,-76.522705,3.398228,SIN INFORMACION,2024,marzo     ,17,3/17/2024,1,13:00,DENUNCIA,Nivel 1
EXTORSION,EXTORSION. ART. 244 C.P.,CALI,Bretaña,09,-76.531647,3.439777,ESTABLECIMIENTO DE COMERCIO,2024,marzo     ,18,3/18/2024,2,10:31,DENUNCIA,Nivel 1
EXTORSION,EXTORSION. ART. 244 C.P.,CALI,Fonaviemcali,06,-76.48923,3.483459,SIN INFORMACION,2024,marzo     ,18,3/18/2024,2,18:00,DENUNCIA,Nivel 1
EXTORSION,EXTORSION. ART. 244 C.P.,CALI,Los Libertadores,03,-76.53899,3.44206,SIN INFORMACION,2024,marzo     ,18,3/18/2024,2,18:30,DENUNCIA,Nivel 1
EXTORSION,EXTORSION. ART. 244 C.P.,CALI,Aranjuez,09,-76.52147,3.435527,EDIFICIO,2024,marzo     ,18,3/18/2024,2,16:58,DENUNCIA,Nivel 1
EXTORSION,EXTORSION. ART. 244 C.P.,CALI,Mojica,15,-76.484801,3.416627,DOMICILIO,2024,marzo     ,19,3/19/2024,3,00:00,DENUNCIA,Nivel 1
EXTORSION,EXTORSION. ART. 244 C.P.,CALI,Rural,Rural,-76.547911,3.465501,SIN INFORMACION,2024,marzo     ,19,3/19/2024,3,15:54,DENUNCIA,Nivel 1
EXTORSION,EXTORSION. ART. 244 C.P.,CALI,Ciudad Córdoba,15,-76.50417,3.404222,DOMICILIO,2024,marzo     ,20,3/20/2024,4,22:00,DENUNCIA,Nivel 1
EXTORSION,EXTORSION. ART. 244 C.P.,CALI,Cañaverales - Los Samanes,17,-76.52632,3.405156,DOMICILIO,2024,marzo     ,20,3/20/2024,4,08:00,DENUNCIA,Nivel 1
EXTORSION,EXTORSION. ART. 244 C.P.,CALI,Urbanización Tequendama,19,-76.543415,3.42198,ESTABLECIMIENTO DE COMERCIO,2024,marzo     ,20,3/20/2024,4,10:41,DENUNCIA,Nivel 1
EXTORSION,EXTORSION. ART. 244 C.P.,CALI,La Independencia,11,-76.518393,3.416486,SIN INFORMACION,2024,marzo     ,21,3/21/2024,5,15:00,DENUNCIA,Nivel 1
EXTORSION,EXTORSION. ART. 244 C.P.,CALI,Primero de Mayo,17,-76.535107,3.405914,SIN INFORMACION,2024,marzo     ,21,3/21/2024,5,00:00,DENUNCIA,Nivel 1
EXTORSION,EXTORSION. ART. 244 C.P.,CALI,Alfonso Bonilla Aragón,14,-76.481908,3.417149,SIN INFORMACION,2024,marzo     ,22,3/22/2024,6,10:00,DENUNCIA,Nivel 1
EXTORSION,EXTORSION. ART. 244 C.P.,CALI,La Independencia,11,-76.51769,3.415573,SIN INFORMACION,2024,marzo     ,23,3/23/2024,7,20:30,DENUNCIA,Nivel 1
EXTORSION,EXTORSION. ART. 244 C.P.,CALI,Calimio Desepaz,21,-76.468897,3.411243,DOMICILIO,2024,marzo     ,23,3/23/2024,7,17:20,DENUNCIA,Nivel 1
EXTORSION,EXTORSION. ART. 244 C.P.,CALI,San Nicolás,03,-76.518781,3.452981,SIN INFORMACION,2024,marzo     ,23,3/23/2024,7,05:00,DENUNCIA,Nivel 1
EXTORSION,EXTORSION. ART. 244 C.P.,CALI,Los Parques Barranquilla,05,-76.495051,3.474807,SIN INFORMACION,2024,marzo     ,24,3/24/2024,1,11:00,DENUNCIA,Nivel 1
EXTORSION,EXTORSION. ART. 244 C.P.,CALI,Parcelaciones Pance,22,-76.530265,3.343285,SIN INFORMACION,2024,marzo     ,25,3/25/2024,2,14:40,DENUNCIA,Nivel 1
EXTORSION,EXTORSION. ART. 244 C.P.,CALI,El Lido,19,-76.550079,3.422252,DOMICILIO,2024,marzo     ,25,3/25/2024,2,15:40,DENUNCIA,Nivel 1
EXTORSION,EXTORSION. ART. 244 C.P.,CALI,El Guabal,10,-76.52957,3.413954,SIN INFORMACION,2024,marzo     ,26,3/26/2024,3,05:20,DENUNCIA,Nivel 1
EXTORSION,EXTORSION. ART. 244 C.P.,CALI,Ciudad 2000,16,-76.520022,3.398836,SIN INFORMACION,2024,marzo     ,26,3/26/2024,3,16:30,DENUNCIA,Nivel 1
EXTORSION,EXTORSION. ART. 244 C.P.,CALI,Terrón Colorado,01,-76.563012,3.452583,SIN INFORMACION,2024,marzo     ,30,3/30/2024,7,07:05,DENUNCIA,Nivel 1
EXTORSION,EXTORSION. ART. 244 C.P.,CALI,Fepicol,07,-76.483713,3.458952,DOMICILIO,2024,marzo     ,31,3/31/2024,1,09:00,DENUNCIA,Nivel 1
EXTORSION,EXTORSION. ART. 244 C.P.,CALI,San Fernando Viejo,19,-76.543532,3.432789,SIN INFORMACION,2024,abril     ,1,4/1/2024,2,04:00,DENUNCIA,Nivel 1
EXTORSION,EXTORSION. ART. 244 C.P.,CALI,El Morichal,15,-76.50793,3.392443,DOMICILIO,2024,abril     ,1,4/1/2024,2,00:00,DENUNCIA,Nivel 1
EXTORSION,EXTORSION. ART. 244 C.P.,CALI,Mojica,15,-76.488732,3.418749,SIN INFORMACION,2024,abril     ,2,4/2/2024,3,08:07,DENUNCIA,Nivel 1
EXTORSION,EXTORSION. ART. 244 C.P.,CALI,Porvenir,04,-76.512878,3.459683,LOCAL COMERCIAL,2024,abril     ,2,4/2/2024,3,10:06,DENUNCIA,Nivel 1
EXTORSION,EXTORSION. ART. 244 C.P.,CALI,Brisas de Los Álamos,02,-76.499496,3.496578,SIN INFORMACION,2024,abril     ,4,4/4/2024,5,00:50,DENUNCIA,Nivel 1
EXTORSION,EXTORSION. ART. 244 C.P.,CALI,Maracaibo,11,-76.517078,3.418432,SIN INFORMACION,2024,abril     ,5,4/5/2024,6,01:00,DENUNCIA,Nivel 1
EXTORSION,EXTORSION. ART. 244 C.P.,CALI,Sucre,09,-76.524402,3.443054,ESTABLECIMIENTO DE COMERCIO,2024,abril     ,5,4/5/2024,6,15:00,DENUNCIA,Nivel 1
EXTORSION,EXTORSION. ART. 244 C.P.,CALI,Ciudadela Floralia,06,-76.492606,3.491602,SIN INFORMACION,2024,abril     ,5,4/5/2024,6,13:48,DENUNCIA,Nivel 1
EXTORSION,EXTORSION. ART. 244 C.P.,CALI,El Jordán,18,-76.552221,3.373064,SIN INFORMACION,2024,abril     ,6,4/6/2024,7,01:00,DENUNCIA,Nivel 1
EXTORSION,EXTORSION. ART. 244 C.P.,CALI,San Pedro,03,-76.53289,3.451621,SIN INFORMACION,2024,abril     ,6,4/6/2024,7,03:21,DENUNCIA,Nivel 1
EXTORSION,EXTORSION. ART. 244 C.P.,CALI,Promociones Populares B,14,-76.476533,3.429623,DOMICILIO,2024,abril     ,6,4/6/2024,7,08:50,DENUNCIA,Nivel 1
EXTORSION,EXTORSION. ART. 244 C.P.,CALI,Laureano Gómez,15,-76.495731,3.413373,DOMICILIO,2024,abril     ,7,4/7/2024,1,13:24,DENUNCIA,Nivel 1
EXTORSION,EXTORSION. ART. 244 C.P.,CALI,Caney,17,-76.515163,3.382944,SIN INFORMACION,2024,abril     ,8,4/8/2024,2,15:30,DENUNCIA,Nivel 1
EXTORSION,EXTORSION. ART. 244 C.P.,CALI,Santa Mónica Popular,08,-76.51015,3.436609,SIN INFORMACION,2024,abril     ,9,4/9/2024,3,11:00,DENUNCIA,Nivel 1
EXTORSION,EXTORSION. ART. 244 C.P.,CALI,Puerta del Sol,14,-76.47344,3.431461,SIN INFORMACION,2024,abril     ,9,4/9/2024,3,03:20,DENUNCIA,Nivel 1
EXTORSION,EXTORSION. ART. 244 C.P.,CALI,Urbanización Boyaca,11,-76.518887,3.423146,DOMICILIO,2024,abril     ,10,4/10/2024,4,16:00,DENUNCIA,Nivel 1
EXTORSION,EXTORSION. ART. 244 C.P.,CALI,San Nicolás,03,-76.518781,3.452981,SIN INFORMACION,2024,abril     ,10,4/10/2024,4,15:16,DENUNCIA,Nivel 1
EXTORSION,EXTORSION. ART. 244 C.P.,CALI,San Vicente,02,-76.52415,3.466304,SIN INFORMACION,2024,abril     ,11,4/11/2024,5,10:00,DENUNCIA,Nivel 1
EXTORSION,EXTORSION. ART. 244 C.P.,CALI,Rural,Rural,-76.49846,3.390968,SIN INFORMACION,2024,abril     ,11,4/11/2024,5,12:00,DENUNCIA,Nivel 1
EXTORSION,EXTORSION. ART. 244 C.P.,CALI,3 de Julio,19,-76.538716,3.43719,SIN INFORMACION,2024,abril     ,11,4/11/2024,5,16:16,DENUNCIA,Nivel 1
EXTORSION,EXTORSION. ART. 244 C.P.,CALI,San Nicolás,03,-76.518781,3.452981,SIN INFORMACION,2024,abril     ,12,4/12/2024,6,15:08,DENUNCIA,Nivel 1
EXTORSION,EXTORSION. ART. 244 C.P.,CALI,San Pedro,03,-76.533035,3.449737,SIN INFORMACION,2024,abril     ,12,4/12/2024,6,01:30,DENUNCIA,Nivel 1
EXTORSION,EXTORSION. ART. 244 C.P.,CALI,San Cristóbal,10,-76.523176,3.433308,SIN INFORMACION,2024,abril     ,13,4/13/2024,7,20:45,DENUNCIA,Nivel 1
EXTORSION,EXTORSION. ART. 244 C.P.,CALI,La Gran Colombia,11,-76.507904,3.420859,SIN INFORMACION,2024,abril     ,13,4/13/2024,7,14:10,DENUNCIA,Nivel 1
EXTORSION,EXTORSION. ART. 244 C.P.,CALI,Prados del Sur,18,-76.554453,3.390187,SIN INFORMACION,2024,abril     ,13,4/13/2024,7,19:00,DENUNCIA,Nivel 1
EXTORSION,EXTORSION. ART. 244 C.P.,CALI,Juanambú,02,-76.53714,3.456784,SIN INFORMACION,2024,abril     ,13,4/13/2024,7,08:00,DENUNCIA,Nivel 1
EXTORSION,EXTORSION. ART. 244 C.P.,CALI,Sector Alto de los Chorros,18,-76.560023,3.389942,SIN INFORMACION,2024,abril     ,14,4/14/2024,1,22:00,DENUNCIA,Nivel 1
EXTORSION,EXTORSION. ART. 244 C.P.,CALI,Jorge Eliécer Gaitán,06,-76.484949,3.469252,SIN INFORMACION,2024,abril     ,14,4/14/2024,1,10:00,DENUNCIA,Nivel 1
EXTORSION,EXTORSION. ART. 244 C.P.,CALI,Valle Grande,21,-76.465589,3.436553,SIN INFORMACION,2024,abril     ,15,4/15/2024,2,08:00,DENUNCIA,Nivel 1
EXTORSION,EXTORSION. ART. 244 C.P.,CALI,San Nicolás,03,-76.518781,3.452981,SIN INFORMACION,2024,abril     ,15,4/15/2024,2,15:00,DENUNCIA,Nivel 1
EXTORSION,EXTORSION. ART. 244 C.P.,CALI,Urbanización Ciudad Jardín,22,-76.540043,3.357552,DOMICILIO,2024,abril     ,15,4/15/2024,2,11:16,DENUNCIA,Nivel 1
EXTORSION,EXTORSION. ART. 244 C.P.,CALI,Santa Elena,10,-76.52279,3.427431,SIN INFORMACION,2024,abril     ,15,4/15/2024,2,09:30,DENUNCIA,Nivel 1
EXTORSION,EXTORSION. ART. 244 C.P.,CALI,Planta de Tratamiento,21,-76.476002,3.440309,SIN INFORMACION,2024,abril     ,15,4/15/2024,2,09:00,DENUNCIA,Nivel 1
EXTORSION,EXTORSION. ART. 244 C.P.,CALI,San Judas Tadeo I,10,-76.524232,3.411797,SIN INFORMACION,2024,abril     ,16,4/16/2024,3,22:00,DENUNCIA,Nivel 1
EXTORSION,EXTORSION. ART. 244 C.P.,CALI,San Pedro,03,-76.534264,3.451964,SIN INFORMACION,2024,abril     ,17,4/17/2024,4,03:17,DENUNCIA,Nivel 1
EXTORSION,EXTORSION. ART. 244 C.P.,CALI,Brisas de Los Álamos,02,-76.502135,3.494644,SIN INFORMACION,2024,abril     ,17,4/17/2024,4,05:00,DENUNCIA,Nivel 1
EXTORSION,EXTORSION. ART. 244 C.P.,CALI,San Nicolás,03,-76.529114,3.453335,SIN INFORMACION,2024,abril     ,18,4/18/2024,5,07:51,DENUNCIA,Nivel 1
EXTORSION,EXTORSION. ART. 244 C.P.,CALI,Sector Cañaveralejo Guadalupe,19,-76.557873,3.410439,SIN INFORMACION,2024,abril     ,18,4/18/2024,5,14:09,DENUNCIA,Nivel 1
EXTORSION,EXTORSION. ART. 244 C.P.,CALI,Alfonso Barberena A.,12,-76.509125,3.434629,SIN INFORMACION,2024,abril     ,19,4/19/2024,6,17:18,DENUNCIA,Nivel 1
EXTORSION,EXTORSION. ART. 244 C.P.,CALI,La Libertad,10,-76.524682,3.422467,SIN INFORMACION,2024,abril     ,19,4/19/2024,6,17:10,DENUNCIA,Nivel 1
EXTORSION,EXTORSION. ART. 244 C.P.,CALI,La Independencia,11,-76.521565,3.414414,SIN INFORMACION,2024,abril     ,20,4/20/2024,7,05:11,DENUNCIA,Nivel 1
EXTORSION,EXTORSION. ART. 244 C.P.,CALI,Champagnat,19,-76.534521,3.426433,SIN INFORMACION,2024,abril     ,21,4/21/2024,1,18:38,DENUNCIA,Nivel 1
EXTORSION,EXTORSION. ART. 244 C.P.,CALI,El Poblado II,13,-76.490819,3.419591,DOMICILIO,2024,abril     ,22,4/22/2024,2,15:00,DENUNCIA,Nivel 1
EXTORSION,EXTORSION. ART. 244 C.P.,CALI,Santa Mónica,02,-76.532196,3.468743,SIN INFORMACION,2024,abril     ,22,4/22/2024,2,16:30,DENUNCIA,Nivel 1
EXTORSION,EXTORSION. ART. 244 C.P.,CALI,Eduardo Santos,12,-76.504902,3.430481,SIN INFORMACION,2024,abril     ,23,4/23/2024,3,22:00,DENUNCIA,Nivel 1
EXTORSION,EXTORSION. ART. 244 C.P.,CALI,Guayaquil,09,-76.528062,3.439374,DOMICILIO,2024,abril     ,23,4/23/2024,3,17:00,DENUNCIA,Nivel 1
EXTORSION,EXTORSION. ART. 244 C.P.,CALI,Urbanización San Joaquin,17,-76.525861,3.374969,OTRO,2024,abril     ,24,4/24/2024,4,08:40,DENUNCIA,Nivel 1
EXTORSION,EXTORSION. ART. 244 C.P.,CALI,San Nicolás,03,-76.518781,3.452981,SIN INFORMACION,2024,abril     ,25,4/25/2024,5,23:00,DENUNCIA,Nivel 1
EXTORSION,EXTORSION. ART. 244 C.P.,CALI,El Guabal,10,-76.529263,3.417386,SIN INFORMACION,2024,abril     ,25,4/25/2024,5,09:00,DENUNCIA,Nivel 1
EXTORSION,EXTORSION. ART. 244 C.P.,CALI,Urbanización Ciudad Jardín,22,-76.53497,3.363947,SIN INFORMACION,2024,abril     ,25,4/25/2024,5,16:00,DENUNCIA,Nivel 1
EXTORSION,EXTORSION. ART. 244 C.P.,CALI,Eucaristico,19,-76.54054,3.424599,HOGARES / GERIATRICO,2024,abril     ,26,4/26/2024,6,03:00,DENUNCIA,Nivel 1
EXTORSION,EXTORSION. ART. 244 C.P.,CALI,Aguablanca,11,-76.519424,3.431111,SIN INFORMACION,2024,abril     ,27,4/27/2024,7,14:00,DENUNCIA,Nivel 1
EXTORSION,EXTORSION. ART. 244 C.P.,CALI,Los Guaduales,06,-76.49935,3.491484,SIN INFORMACION,2024,abril     ,28,4/28/2024,1,00:00,DENUNCIA,Nivel 1
EXTORSION,EXTORSION. ART. 244 C.P.,CALI,Lili,17,-76.518227,3.367918,SIN INFORMACION,2024,abril     ,29,4/29/2024,2,23:00,DENUNCIA,Nivel 1
EXTORSION,EXTORSION. ART. 244 C.P.,CALI,Lili,17,-76.51448,3.374042,SIN INFORMACION,2024,abril     ,29,4/29/2024,2,03:00,DENUNCIA,Nivel 1
EXTORSION,EXTORSION. ART. 244 C.P.,CALI,José Manuel Marroquín I,14,-76.480071,3.424544,DOMICILIO,2024,mayo      ,1,5/1/2024,4,07:48,DENUNCIA,Nivel 1
EXTORSION,EXTORSION. ART. 244 C.P.,CALI,San Pedro,03,-76.530887,3.45129,SIN INFORMACION,2024,mayo      ,1,5/1/2024,4,20:00,DENUNCIA,Nivel 1
EXTORSION,EXTORSION. ART. 244 C.P.,CALI,Rural,Rural,-76.60104,3.34434,SIN INFORMACION,2024,mayo      ,1,5/1/2024,4,09:30,DENUNCIA,Nivel 1
EXTORSION,EXTORSION. ART. 244 C.P.,CALI,El Pondaje,13,-76.49626,3.430196,SIN INFORMACION,2024,mayo      ,1,5/1/2024,4,01:00,DENUNCIA,Nivel 1
EXTORSION,EXTORSION. ART. 244 C.P.,CALI,Sucre,09,-76.52371,3.450818,SIN INFORMACION,2024,mayo      ,3,5/3/2024,6,10:00,DENUNCIA,Nivel 1
EXTORSION,EXTORSION. ART. 244 C.P.,CALI,La Cascada,19,-76.554053,3.401193,SIN INFORMACION,2024,mayo      ,3,5/3/2024,6,11:11,DENUNCIA,Nivel 1
EXTORSION,EXTORSION. ART. 244 C.P.,CALI,Lili,17,-76.516879,3.36984,SIN INFORMACION,2024,mayo      ,5,5/5/2024,1,01:00,DENUNCIA,Nivel 1
EXTORSION,EXTORSION. ART. 244 C.P.,CALI,Nueva Tequendama,19,-76.544952,3.410644,SIN INFORMACION,2024,mayo      ,5,5/5/2024,1,01:08,DENUNCIA,Nivel 1
EXTORSION,EXTORSION. ART. 244 C.P.,CALI,Sucre,09,-76.524798,3.446673,SIN INFORMACION,2024,mayo      ,5,5/5/2024,1,09:51,DENUNCIA,Nivel 1
EXTORSION,EXTORSION. ART. 244 C.P.,CALI,La Flora,02,-76.523094,3.483143,SIN INFORMACION,2024,mayo      ,6,5/6/2024,2,22:00,DENUNCIA,Nivel 1
EXTORSION,EXTORSION. ART. 244 C.P.,CALI,Fepicol,07,-76.485252,3.464279,VIA PUBLICA,2024,mayo      ,6,5/6/2024,2,00:00,DENUNCIA,Nivel 1
EXTORSION,EXTORSION. ART. 244 C.P.,CALI,La Selva,10,-76.529782,3.411683,SIN INFORMACION,2024,mayo      ,6,5/6/2024,2,15:00,DENUNCIA,Nivel 1
EXTORSION,EXTORSION. ART. 244 C.P.,CALI,Calima,04,-76.502508,3.485979,ESTABLECIMIENTO DE COMERCIO,2024,mayo      ,7,5/7/2024,3,07:14,DENUNCIA,Nivel 1
EXTORSION,EXTORSION. ART. 244 C.P.,CALI,Urbanización San Joaquin,17,-76.52626,3.36849,SIN INFORMACION,2024,mayo      ,7,5/7/2024,3,20:00,DENUNCIA,Nivel 1
EXTORSION,EXTORSION. ART. 244 C.P.,CALI,José Manuel Marroquín I,14,-76.478905,3.425407,SIN INFORMACION,2024,mayo      ,8,5/8/2024,4,16:00,DENUNCIA,Nivel 1
EXTORSION,EXTORSION. ART. 244 C.P.,CALI,República de Israel,16,-76.514106,3.409324,SIN INFORMACION,2024,mayo      ,8,5/8/2024,4,19:50,DENUNCIA,Nivel 1
EXTORSION,EXTORSION. ART. 244 C.P.,CALI,Senderos de La Flora,02,-76.519838,3.490243,SIN INFORMACION,2024,mayo      ,9,5/9/2024,5,16:30,DENUNCIA,Nivel 1
EXTORSION,EXTORSION. ART. 244 C.P.,CALI,Santa Anita - La Selva,17,-76.540405,3.403016,SIN INFORMACION,2024,mayo      ,9,5/9/2024,5,23:00,DENUNCIA,Nivel 1
EXTORSION,EXTORSION. ART. 244 C.P.,CALI,Santander,04,-76.519957,3.461159,ESTACION DE SERVICIO,2024,mayo      ,9,5/9/2024,5,10:25,DENUNCIA,Nivel 1
EXTORSION,EXTORSION. ART. 244 C.P.,CALI,José Manuel Marroquín I,14,-76.482576,3.427091,SIN INFORMACION,2024,mayo      ,9,5/9/2024,5,14:00,DENUNCIA,Nivel 1
EXTORSION,EXTORSION. ART. 244 C.P.,CALI,San Pedro,03,-76.534555,3.451975,SIN INFORMACION,2024,mayo      ,10,5/10/2024,6,23:00,DENUNCIA,Nivel 1
EXTORSION,EXTORSION. ART. 244 C.P.,CALI,San Pedro,03,-76.534555,3.451975,SIN INFORMACION,2024,mayo      ,10,5/10/2024,6,23:00,DENUNCIA,Nivel 1
EXTORSION,EXTORSION. ART. 244 C.P.,CALI,Granada,02,-76.533132,3.458256,SIN INFORMACION,2024,mayo      ,10,5/10/2024,6,02:00,DENUNCIA,Nivel 1
EXTORSION,EXTORSION. ART. 244 C.P.,CALI,Aguablanca,11,-76.51725,3.432918,DOMICILIO,2024,mayo      ,11,5/11/2024,7,11:00,DENUNCIA,Nivel 1
EXTORSION,EXTORSION. ART. 244 C.P.,CALI,Santa Fé,08,-76.50531,3.441091,SIN INFORMACION,2024,mayo      ,11,5/11/2024,7,21:00,DENUNCIA,Nivel 1
EXTORSION,EXTORSION. ART. 244 C.P.,CALI,Alto Nápoles,18,-76.553195,3.387865,SIN INFORMACION,2024,mayo      ,11,5/11/2024,7,19:50,DENUNCIA,Nivel 1
EXTORSION,EXTORSION. ART. 244 C.P.,CALI,El Piloto,03,-76.526188,3.459585,VIA PUBLICA,2024,mayo      ,13,5/13/2024,2,21:22,DENUNCIA,Nivel 1
EXTORSION,EXTORSION. ART. 244 C.P.,CALI,Rural,Rural,-76.560662,3.380189,SIN INFORMACION,2024,mayo      ,14,5/14/2024,3,20:50,DENUNCIA,Nivel 1
EXTORSION,EXTORSION. ART. 244 C.P.,CALI,Sector Altos de Santa Isabel,19,-76.552585,3.430655,SIN INFORMACION,2024,mayo      ,14,5/14/2024,3,18:54,DENUNCIA,Nivel 1
EXTORSION,EXTORSION. ART. 244 C.P.,CALI,San Cristóbal,10,-76.521298,3.430043,DOMICILIO,2024,mayo      ,14,5/14/2024,3,08:38,DENUNCIA,Nivel 1
EXTORSION,EXTORSION. ART. 244 C.P.,CALI,Alfonso Lopez P. 2a Etapa,07,-76.479037,3.46137,SIN INFORMACION,2024,mayo      ,14,5/14/2024,3,18:31,DENUNCIA,Nivel 1
EXTORSION,EXTORSION. ART. 244 C.P.,CALI,El Diamante,13,-76.501763,3.423677,SIN INFORMACION,2024,mayo      ,14,5/14/2024,3,12:00,DENUNCIA,Nivel 1
EXTORSION,EXTORSION. ART. 244 C.P.,CALI,El Morichal,15,-76.502092,3.39965,SIN INFORMACION,2024,mayo      ,15,5/15/2024,4,10:00,DENUNCIA,Nivel 1
EXTORSION,EXTORSION. ART. 244 C.P.,CALI,Eucaristico,19,-76.538587,3.427555,SIN INFORMACION,2024,mayo      ,15,5/15/2024,4,18:00,DENUNCIA,Nivel 1
EXTORSION,EXTORSION. ART. 244 C.P.,CALI,Calipso,13,-76.498833,3.426252,SIN INFORMACION,2024,mayo      ,15,5/15/2024,4,09:18,DENUNCIA,Nivel 1
EXTORSION,EXTORSION. ART. 244 C.P.,CALI,Urbanización San Joaquin,17,-76.529083,3.368314,LOCAL COMERCIAL,2024,mayo      ,15,5/15/2024,4,14:38,DENUNCIA,Nivel 1
EXTORSION,EXTORSION. ART. 244 C.P.,CALI,Manuela Beltrán,14,-76.472567,3.42001,SIN INFORMACION,2024,mayo      ,16,5/16/2024,5,04:59,DENUNCIA,Nivel 1
EXTORSION,EXTORSION. ART. 244 C.P.,CALI,Santa Elena,10,-76.524132,3.428118,DOMICILIO,2024,mayo      ,16,5/16/2024,5,17:04,DENUNCIA,Nivel 1
EXTORSION,EXTORSION. ART. 244 C.P.,CALI,San Nicolás,03,-76.518781,3.452981,SIN INFORMACION,2024,mayo      ,16,5/16/2024,5,09:01,DENUNCIA,Nivel 1
EXTORSION,EXTORSION. ART. 244 C.P.,CALI,Laureano Gómez,15,-76.495155,3.409522,RED VIRTUAL O INTERNET,2024,mayo      ,16,5/16/2024,5,15:00,DENUNCIA,Nivel 1
EXTORSION,EXTORSION. ART. 244 C.P.,CALI,Lili,17,-76.519273,3.374158,DOMICILIO,2024,mayo      ,17,5/17/2024,6,09:00,DENUNCIA,Nivel 1
EXTORSION,EXTORSION. ART. 244 C.P.,CALI,San Luis II,06,-76.488425,3.491107,SIN INFORMACION,2024,mayo      ,19,5/19/2024,1,18:34,DENUNCIA,Nivel 1
EXTORSION,EXTORSION. ART. 244 C.P.,CALI,San Nicolás,03,-76.518781,3.452981,SIN INFORMACION,2024,mayo      ,20,5/20/2024,2,08:37,DENUNCIA,Nivel 1
EXTORSION,EXTORSION. ART. 244 C.P.,CALI,San Fernando Viejo,19,-76.546279,3.434191,DOMICILIO,2024,mayo      ,20,5/20/2024,2,17:00,DENUNCIA,Nivel 1
EXTORSION,EXTORSION. ART. 244 C.P.,CALI,San Nicolás,03,-76.518781,3.452981,SIN INFORMACION,2024,mayo      ,21,5/21/2024,3,03:08,DENUNCIA,Nivel 1
EXTORSION,EXTORSION. ART. 244 C.P.,CALI,San Antonio,03,-76.54153,3.44906,DOMICILIO,2024,mayo      ,21,5/21/2024,3,00:00,DENUNCIA,Nivel 1
EXTORSION,EXTORSION. ART. 244 C.P.,CALI,Urbanización La Merced,02,-76.514692,3.478839,SIN INFORMACION,2024,mayo      ,21,5/21/2024,3,18:00,DENUNCIA,Nivel 1
EXTORSION,EXTORSION. ART. 244 C.P.,CALI,Ciudadela Comfandi,17,-76.521484,3.38289,LUGAR DE TRABAJO,2024,mayo      ,22,5/22/2024,4,10:44,DENUNCIA,Nivel 1
EXTORSION,EXTORSION. ART. 244 C.P.,CALI,San Nicolás,03,-76.518781,3.452981,SIN INFORMACION,2024,mayo      ,22,5/22/2024,4,20:00,DENUNCIA,Nivel 1
EXTORSION,EXTORSION. ART. 244 C.P.,CALI,Benjamín Herrera,08,-76.514163,3.448021,SIN INFORMACION,2024,mayo      ,23,5/23/2024,5,05:27,DENUNCIA,Nivel 1
EXTORSION,EXTORSION. ART. 244 C.P.,CALI,República de Israel,16,-76.508824,3.404531,SIN INFORMACION,2024,mayo      ,23,5/23/2024,5,22:25,DENUNCIA,Nivel 1
EXTORSION,EXTORSION. ART. 244 C.P.,CALI,Sector Alto de los Chorros,18,-76.561488,3.388262,SIN INFORMACION,2024,mayo      ,24,5/24/2024,6,13:49,DENUNCIA,Nivel 1
EXTORSION,EXTORSION. ART. 244 C.P.,CALI,Promociones Populares B,14,-76.469446,3.428134,SIN INFORMACION,2024,mayo      ,25,5/25/2024,7,19:24,DENUNCIA,Nivel 1
EXTORSION,EXTORSION. ART. 244 C.P.,CALI,Los Parques Barranquilla,05,-76.49496,3.477707,SIN INFORMACION,2024,mayo      ,26,5/26/2024,1,11:00,DENUNCIA,Nivel 1
EXTORSION,EXTORSION. ART. 244 C.P.,CALI,Ciudadela Floralia,06,-76.495804,3.498903,SIN INFORMACION,2024,mayo      ,27,5/27/2024,2,08:00,DENUNCIA,Nivel 1
EXTORSION,EXTORSION. ART. 244 C.P.,CALI,Paso del Comercio,06,-76.485092,3.493865,SIN INFORMACION,2024,mayo      ,27,5/27/2024,2,12:00,DENUNCIA,Nivel 1
EXTORSION,EXTORSION. ART. 244 C.P.,CALI,Sector Alto de los Chorros,18,-76.560643,3.390743,SIN INFORMACION,2024,mayo      ,27,5/27/2024,2,14:35,DENUNCIA,Nivel 1
EXTORSION,EXTORSION. ART. 244 C.P.,CALI,Ciudadela Floralia,06,-76.493441,3.490198,SIN INFORMACION,2024,mayo      ,29,5/29/2024,4,06:11,DENUNCIA,Nivel 1
EXTORSION,EXTORSION. ART. 244 C.P.,CALI,Rural,Rural,-76.560877,3.447527,SIN INFORMACION,2024,mayo      ,29,5/29/2024,4,12:32,DENUNCIA,Nivel 1
EXTORSION,EXTORSION. ART. 244 C.P.,CALI,Ciudad Capri,17,-76.542131,3.389573,SIN INFORMACION,2024,mayo      ,30,5/30/2024,5,10:00,DENUNCIA,Nivel 1
EXTORSION,EXTORSION. ART. 244 C.P.,CALI,Doce de Octubre,12,-76.502948,3.427085,SIN INFORMACION,2024,mayo      ,30,5/30/2024,5,04:49,DENUNCIA,Nivel 1
EXTORSION,EXTORSION. ART. 244 C.P.,CALI,Nueva Tequendama,19,-76.546072,3.41143,SIN INFORMACION,2024,mayo      ,30,5/30/2024,5,02:01,DENUNCIA,Nivel 1
EXTORSION,EXTORSION. ART. 244 C.P.,CALI,San Juan Bosco,03,-76.532462,3.444721,SIN INFORMACION,2024,mayo      ,30,5/30/2024,5,15:04,DENUNCIA,Nivel 1
EXTORSION,EXTORSION. ART. 244 C.P.,CALI,Alameda,09,-76.536046,3.436496,SIN INFORMACION,2024,mayo      ,30,5/30/2024,5,09:58,DENUNCIA,Nivel 1
EXTORSION,EXTORSION. ART. 244 C.P.,CALI,San Pascual,03,-76.527476,3.445461,DOMICILIO,2024,mayo      ,31,5/31/2024,6,00:00,DENUNCIA,Nivel 1
EXTORSION,EXTORSION. ART. 244 C.P.,CALI,Rural,Rural,-76.547919,3.488346,SIN INFORMACION,2024,junio     ,1,6/1/2024,7,03:00,DENUNCIA,Nivel 1
EXTORSION,EXTORSION. ART. 244 C.P.,CALI,Pizamos II,21,-76.471866,3.403198,SIN INFORMACION,2024,junio     ,1,6/1/2024,7,15:41,DENUNCIA,Nivel 1
EXTORSION,EXTORSION. ART. 244 C.P.,CALI,Parcelaciones Pance,22,-76.537781,3.346565,SIN INFORMACION,2024,junio     ,1,6/1/2024,7,11:28,DENUNCIA,Nivel 1
EXTORSION,EXTORSION. ART. 244 C.P.,CALI,Guayaquil,09,-76.527452,3.441254,SIN INFORMACION,2024,junio     ,1,6/1/2024,7,22:00,DENUNCIA,Nivel 1
EXTORSION,EXTORSION. ART. 244 C.P.,CALI,El Cedro,19,-76.538142,3.433945,SIN INFORMACION,2024,junio     ,2,6/2/2024,1,18:45,DENUNCIA,Nivel 1
EXTORSION,EXTORSION. ART. 244 C.P.,CALI,Polvorines,18,-76.559332,3.374859,SIN INFORMACION,2024,junio     ,3,6/3/2024,2,20:00,DENUNCIA,Nivel 1
EXTORSION,EXTORSION. ART. 244 C.P.,CALI,Manuela Beltrán,14,-76.472456,3.419332,SIN INFORMACION,2024,junio     ,3,6/3/2024,2,14:00,DENUNCIA,Nivel 1
EXTORSION,EXTORSION. ART. 244 C.P.,CALI,Aranjuez,09,-76.523352,3.437244,SIN INFORMACION,2024,junio     ,3,6/3/2024,2,00:00,DENUNCIA,Nivel 1
EXTORSION,EXTORSION. ART. 244 C.P.,CALI,Valle Grande,21,-76.471347,3.43757,SIN INFORMACION,2024,junio     ,4,6/4/2024,3,09:00,DENUNCIA,Nivel 1
EXTORSION,EXTORSION. ART. 244 C.P.,CALI,El Morichal,15,-76.50505,3.399257,SIN INFORMACION,2024,junio     ,4,6/4/2024,3,13:00,DENUNCIA,Nivel 1
EXTORSION,EXTORSION. ART. 244 C.P.,CALI,Los Comuneros II,13,-76.49407,3.425694,SIN INFORMACION,2024,junio     ,4,6/4/2024,3,09:47,DENUNCIA,Nivel 1
EXTORSION,EXTORSION. ART. 244 C.P.,CALI,Benjamín Herrera,08,-76.517343,3.44585,DOMICILIO,2024,junio     ,7,6/7/2024,6,09:00,DENUNCIA,Nivel 1
EXTORSION,EXTORSION. ART. 244 C.P.,CALI,Juanambú,02,-76.537415,3.456913,DOMICILIO,2024,junio     ,7,6/7/2024,6,10:02,DENUNCIA,Nivel 1
EXTORSION,EXTORSION. ART. 244 C.P.,CALI,Urbanización La Flora,02,-76.512249,3.490145,DOMICILIO,2024,junio     ,8,6/8/2024,7,00:00,DENUNCIA,Nivel 1
EXTORSION,EXTORSION. ART. 244 C.P.,CALI,Santa Fé,08,-76.502415,3.442171,SIN INFORMACION,2024,junio     ,8,6/8/2024,7,12:52,DENUNCIA,Nivel 1
EXTORSION,EXTORSION. ART. 244 C.P.,CALI,Urbanización La Flora,02,-76.512249,3.490145,DOMICILIO,2024,junio     ,8,6/8/2024,7,00:00,DENUNCIA,Nivel 1
EXTORSION,EXTORSION. ART. 244 C.P.,CALI,Alfonso Barberena A.,12,-76.510903,3.434454,SIN INFORMACION,2024,junio     ,8,6/8/2024,7,21:38,DENUNCIA,Nivel 1
EXTORSION,EXTORSION. ART. 244 C.P.,CALI,Los Guayacanes,05,-76.489479,3.473229,SIN INFORMACION,2024,junio     ,9,6/9/2024,1,15:48,DENUNCIA,Nivel 1
EXTORSION,EXTORSION. ART. 244 C.P.,CALI,Panamericano,10,-76.534558,3.411844,SIN INFORMACION,2024,junio     ,9,6/9/2024,1,01:00,DENUNCIA,Nivel 1
EXTORSION,EXTORSION. ART. 244 C.P.,CALI,El Verdal - Gonchelandia,81,-76.51818,3.359915,SIN INFORMACION,2024,junio     ,10,6/10/2024,2,02:00,DENUNCIA,Nivel 1
EXTORSION,EXTORSION. ART. 244 C.P.,CALI,El Calvario,03,-76.528916,3.449482,VIA PUBLICA,2024,junio     ,11,6/11/2024,3,11:00,DENUNCIA,Nivel 1
EXTORSION,EXTORSION. ART. 244 C.P.,CALI,Lili,17,-76.517674,3.368224,SIN INFORMACION,2024,junio     ,11,6/11/2024,3,23:00,DENUNCIA,Nivel 1
EXTORSION,EXTORSION. ART. 244 C.P.,CALI,Manuela Beltrán,14,-76.47077,3.423184,SIN INFORMACION,2024,junio     ,11,6/11/2024,3,02:45,DENUNCIA,Nivel 1
EXTORSION,EXTORSION. ART. 244 C.P.,CALI,El Recuerdo,11,-76.51589,3.42931,SIN INFORMACION,2024,junio     ,12,6/12/2024,4,08:30,DENUNCIA,Nivel 1
EXTORSION,EXTORSION. ART. 244 C.P.,CALI,Valle Grande,21,-76.47244,3.437655,SIN INFORMACION,2024,junio     ,12,6/12/2024,4,01:30,DENUNCIA,Nivel 1
EXTORSION,EXTORSION. ART. 244 C.P.,CALI,Rural,Rural,-76.560728,3.380118,DOMICILIO,2024,junio     ,12,6/12/2024,4,10:28,DENUNCIA,Nivel 1
EXTORSION,EXTORSION. ART. 244 C.P.,CALI,Prados de Oriente,11,-76.511575,3.429731,SIN INFORMACION,2024,junio     ,13,6/13/2024,5,14:18,DENUNCIA,Nivel 1
EXTORSION,EXTORSION. ART. 244 C.P.,CALI,Los Comuneros I,15,-76.494125,3.415457,RED VIRTUAL O INTERNET,2024,junio     ,13,6/13/2024,5,04:30,DENUNCIA,Nivel 1
EXTORSION,EXTORSION. ART. 244 C.P.,CALI,La Flora,02,-76.524847,3.484218,SIN INFORMACION,2024,junio     ,13,6/13/2024,5,16:44,DENUNCIA,Nivel 1
EXTORSION,EXTORSION. ART. 244 C.P.,CALI,Ciudadela Comfandi,17,-76.522384,3.38361,ESTABLECIMIENTO PUBLICO,2024,junio     ,14,6/14/2024,6,08:00,DENUNCIA,Nivel 1
EXTORSION,EXTORSION. ART. 244 C.P.,CALI,Los Alcázares,06,-76.491183,3.487567,SIN INFORMACION,2024,junio     ,14,6/14/2024,6,16:30,DENUNCIA,Nivel 1
EXTORSION,EXTORSION. ART. 244 C.P.,CALI,Urbanización San Joaquin,17,-76.52946,3.371025,SIN INFORMACION,2024,junio     ,14,6/14/2024,6,12:40,DENUNCIA,Nivel 1
EXTORSION,EXTORSION. ART. 244 C.P.,CALI,Las Orquídeas,14,-76.47747,3.414541,SIN INFORMACION,2024,junio     ,14,6/14/2024,6,01:00,DENUNCIA,Nivel 1
EXTORSION,EXTORSION. ART. 244 C.P.,CALI,Menga,02,-76.525765,3.492358,SIN INFORMACION,2024,junio     ,14,6/14/2024,6,15:20,DENUNCIA,Nivel 1
EXTORSION,EXTORSION. ART. 244 C.P.,CALI,El Rodeo,12,-76.506191,3.435469,SIN INFORMACION,2024,junio     ,15,6/15/2024,7,20:00,DENUNCIA,Nivel 1
EXTORSION,EXTORSION. ART. 244 C.P.,CALI,Alirio Mora Beltrán,14,-76.47736,3.433637,SIN INFORMACION,2024,junio     ,15,6/15/2024,7,10:30,DENUNCIA,Nivel 1
EXTORSION,EXTORSION. ART. 244 C.P.,CALI,Los Naranjos II,14,-76.477341,3.433465,SIN INFORMACION,2024,junio     ,16,6/16/2024,1,03:30,DENUNCIA,Nivel 1
EXTORSION,EXTORSION. ART. 244 C.P.,CALI,Rural,Rural,-76.578798,3.371596,SIN INFORMACION,2024,junio     ,16,6/16/2024,1,05:02,DENUNCIA,Nivel 1
EXTORSION,EXTORSION. ART. 244 C.P.,CALI,Prados del Norte,02,-76.521697,3.469387,SIN INFORMACION,2024,junio     ,16,6/16/2024,1,10:29,DENUNCIA,Nivel 1
EXTORSION,EXTORSION. ART. 244 C.P.,CALI,Los Naranjos II,14,-76.476432,3.433908,SIN INFORMACION,2024,junio     ,17,6/17/2024,2,19:00,DENUNCIA,Nivel 1
EXTORSION,EXTORSION. ART. 244 C.P.,CALI,Industrial,08,-76.515758,3.455479,SIN INFORMACION,2024,junio     ,18,6/18/2024,3,19:13,DENUNCIA,Nivel 1
EXTORSION,EXTORSION. ART. 244 C.P.,CALI,Ciudadela Floralia,06,-76.493617,3.49974,SIN INFORMACION,2024,junio     ,18,6/18/2024,3,13:18,DENUNCIA,Nivel 1
EXTORSION,EXTORSION. ART. 244 C.P.,CALI,San Nicolás,03,-76.518781,3.452981,SIN INFORMACION,2024,junio     ,18,6/18/2024,3,05:46,DENUNCIA,Nivel 1
EXTORSION,EXTORSION. ART. 244 C.P.,CALI,Siloé,20,-76.557355,3.421624,SIN INFORMACION,2024,junio     ,18,6/18/2024,3,20:17,DENUNCIA,Nivel 1
EXTORSION,EXTORSION. ART. 244 C.P.,CALI,San Nicolás,03,-76.518781,3.452981,SIN INFORMACION,2024,junio     ,19,6/19/2024,4,05:17,DENUNCIA,Nivel 1
EXTORSION,EXTORSION. ART. 244 C.P.,CALI,Unicentro Cali,17,-76.53953,3.377,SIN INFORMACION,2024,junio     ,19,6/19/2024,4,11:00,DENUNCIA,Nivel 1
EXTORSION,EXTORSION. ART. 244 C.P.,CALI,La Independencia,11,-76.519157,3.416352,SIN INFORMACION,2024,junio     ,19,6/19/2024,4,14:35,DENUNCIA,Nivel 1
EXTORSION,EXTORSION. ART. 244 C.P.,CALI,Alfonso Bonilla Aragón,14,-76.481062,3.416525,SIN INFORMACION,2024,junio     ,20,6/20/2024,5,20:00,DENUNCIA,Nivel 1
EXTORSION,EXTORSION. ART. 244 C.P.,CALI,Rural,Rural,-76.493131,3.406608,DOMICILIO,2024,junio     ,20,6/20/2024,5,09:10,DENUNCIA,Nivel 1
EXTORSION,EXTORSION. ART. 244 C.P.,CALI,El Cedro,19,-76.538375,3.428998,SIN INFORMACION,2024,junio     ,20,6/20/2024,5,14:30,DENUNCIA,Nivel 1
EXTORSION,EXTORSION. ART. 244 C.P.,CALI,Terrón Colorado,01,-76.560995,3.451842,SIN INFORMACION,2024,junio     ,20,6/20/2024,5,15:42,DENUNCIA,Nivel 1
EXTORSION,EXTORSION. ART. 244 C.P.,CALI,Aguablanca,11,-76.518761,3.431277,DOMICILIO,2024,junio     ,21,6/21/2024,6,10:50,DENUNCIA,Nivel 1
EXTORSION,EXTORSION. ART. 244 C.P.,CALI,Las Américas,08,-76.504046,3.448088,SIN INFORMACION,2024,junio     ,21,6/21/2024,6,21:00,DENUNCIA,Nivel 1
EXTORSION,EXTORSION. ART. 244 C.P.,CALI,San Fernando Viejo,19,-76.546186,3.435835,VIA PUBLICA,2024,junio     ,22,6/22/2024,7,15:00,DENUNCIA,Nivel 1
EXTORSION,EXTORSION. ART. 244 C.P.,CALI,Polvorines,18,-76.554877,3.370264,SIN INFORMACION,2024,junio     ,22,6/22/2024,7,15:50,DENUNCIA,Nivel 1
EXTORSION,EXTORSION. ART. 244 C.P.,CALI,Bellavista,19,-76.55303,3.440892,SIN INFORMACION,2024,junio     ,23,6/23/2024,1,23:00,DENUNCIA,Nivel 1
EXTORSION,EXTORSION. ART. 244 C.P.,CALI,Planta de Tratamiento,21,-76.476783,3.442747,SIN INFORMACION,2024,junio     ,24,6/24/2024,2,08:46,DENUNCIA,Nivel 1
EXTORSION,EXTORSION. ART. 244 C.P.,CALI,Unicentro Cali,17,-76.539209,3.37429,SIN INFORMACION,2024,junio     ,24,6/24/2024,2,15:37,DENUNCIA,Nivel 1
EXTORSION,EXTORSION. ART. 244 C.P.,CALI,Ciudad Capri,17,-76.543253,3.386898,SIN INFORMACION,2024,junio     ,28,6/28/2024,6,07:00,DENUNCIA,Nivel 1
EXTORSION,EXTORSION. ART. 244 C.P.,CALI,Unicentro Cali,17,-76.539781,3.372808,EDIFICIO,2024,junio     ,28,6/28/2024,6,16:54,DENUNCIA,Nivel 1
EXTORSION,EXTORSION. ART. 244 C.P.,CALI,Barrio Obrero,09,-76.52036,3.44902,SIN INFORMACION,2024,junio     ,28,6/28/2024,6,22:00,DENUNCIA,Nivel 1
EXTORSION,EXTORSION. ART. 244 C.P.,CALI,La Fortaleza,11,-76.5142,3.42719,SIN INFORMACION,2024,junio     ,28,6/28/2024,6,21:30,DENUNCIA,Nivel 1
EXTORSION,EXTORSION. ART. 244 C.P.,CALI,Torres de Comfandi,05,-76.499829,3.476408,SIN INFORMACION,2024,junio     ,29,6/29/2024,7,13:02,DENUNCIA,Nivel 1
EXTORSION,EXTORSION. ART. 244 C.P.,CALI,Urbanización Colseguros,19,-76.532526,3.432956,VIA PUBLICA,2024,junio     ,30,6/30/2024,1,08:03,DENUNCIA,Nivel 1
EXTORSION,EXTORSION. ART. 244 C.P.,CALI,Cuarteles de Nápoles,18,-76.546094,3.384009,LOCAL COMERCIAL,2024,junio     ,30,6/30/2024,1,07:25,DENUNCIA,Nivel 1
EXTORSION,EXTORSION. ART. 244 C.P.,CALI,Municipal,08,-76.512059,3.448016,SIN INFORMACION,2024,junio     ,30,6/30/2024,1,02:26,DENUNCIA,Nivel 1
EXTORSION,EXTORSION. ART. 244 C.P.,CALI,Atanasio Girardot,08,-76.508736,3.447118,SIN INFORMACION,2024,junio     ,30,6/30/2024,1,09:00,DENUNCIA,Nivel 1
EXTORSION,EXTORSION. ART. 244 C.P.,CALI,Lleras Restrepo II,13,-76.493739,3.434845,SIN INFORMACION,2024,julio     ,1,7/1/2024,2,13:46,DENUNCIA,Nivel 1
EXTORSION,EXTORSION. ART. 244 C.P.,CALI,Villa Colombia,08,-76.49909,3.44591,LUGAR DE RECREACION / PARQUE,2024,julio     ,1,7/1/2024,2,02:30,DENUNCIA,Nivel 1
EXTORSION,EXTORSION. ART. 244 C.P.,CALI,Alfonso Bonilla Aragón,14,-76.483717,3.418158,DOMICILIO,2024,julio     ,1,7/1/2024,2,00:57,DENUNCIA,Nivel 1
EXTORSION,EXTORSION. ART. 244 C.P.,CALI,Los Comuneros II,13,-76.492719,3.42466,SIN INFORMACION,2024,julio     ,1,7/1/2024,2,12:00,DENUNCIA,Nivel 1
EXTORSION,EXTORSION. ART. 244 C.P.,CALI,Ciudad Córdoba,15,-76.50831,3.401141,SIN INFORMACION,2024,julio     ,1,7/1/2024,2,13:00,DENUNCIA,Nivel 1
EXTORSION,EXTORSION. ART. 244 C.P.,CALI,San Nicolás,03,-76.518781,3.452981,SIN INFORMACION,2024,julio     ,2,7/2/2024,3,07:29,DENUNCIA,Nivel 1
EXTORSION,EXTORSION. ART. 244 C.P.,CALI,Ciudad 2000,16,-76.51546,3.392846,SIN INFORMACION,2024,julio     ,2,7/2/2024,3,14:52,DENUNCIA,Nivel 1
EXTORSION,EXTORSION. ART. 244 C.P.,CALI,Valle Grande,21,-76.469215,3.439441,SIN INFORMACION,2024,julio     ,2,7/2/2024,3,20:30,DENUNCIA,Nivel 1
EXTORSION,EXTORSION. ART. 244 C.P.,CALI,Santa Mónica,02,-76.528919,3.470347,SIN INFORMACION,2024,julio     ,2,7/2/2024,3,02:30,DENUNCIA,Nivel 1
EXTORSION,EXTORSION. ART. 244 C.P.,CALI,Vipasa,02,-76.515815,3.475183,DOMICILIO,2024,julio     ,2,7/2/2024,3,00:00,DENUNCIA,Nivel 1
EXTORSION,EXTORSION. ART. 244 C.P.,CALI,Urbanización Militar,19,-76.540508,3.412738,SIN INFORMACION,2024,julio     ,3,7/3/2024,4,18:00,DENUNCIA,Nivel 1
EXTORSION,EXTORSION. ART. 244 C.P.,CALI,Rural,Rural,-76.589483,3.442006,SIN INFORMACION,2024,julio     ,3,7/3/2024,4,23:00,DENUNCIA,Nivel 1
EXTORSION,EXTORSION. ART. 244 C.P.,CALI,El Ingenio,17,-76.529366,3.382326,SIN INFORMACION,2024,julio     ,5,7/5/2024,6,22:00,DENUNCIA,Nivel 1
EXTORSION,EXTORSION. ART. 244 C.P.,CALI,San Vicente,02,-76.52465,3.470545,SIN INFORMACION,2024,julio     ,6,7/6/2024,7,11:00,DENUNCIA,Nivel 1
EXTORSION,EXTORSION. ART. 244 C.P.,CALI,Potrero Grande,21,-76.470905,3.405306,SIN INFORMACION,2024,julio     ,7,7/7/2024,1,15:08,DENUNCIA,Nivel 1
EXTORSION,EXTORSION. ART. 244 C.P.,CALI,Asturias,12,-76.501503,3.439985,SIN INFORMACION,2024,julio     ,8,7/8/2024,2,19:15,DENUNCIA,Nivel 1
EXTORSION,EXTORSION. ART. 244 C.P.,CALI,Ciudadela Floralia,06,-76.493417,3.490448,DOMICILIO,2024,julio     ,8,7/8/2024,2,09:00,DENUNCIA,Nivel 1
EXTORSION,EXTORSION. ART. 244 C.P.,CALI,Prados de Oriente,11,-76.512133,3.430717,ESTABLECIMIENTO CARCELARIO,2024,julio     ,8,7/8/2024,2,08:57,DENUNCIA,Nivel 1
EXTORSION,EXTORSION. ART. 244 C.P.,CALI,Jorge Eliécer Gaitán,06,-76.48146,3.469067,SIN INFORMACION,2024,julio     ,8,7/8/2024,2,09:00,DENUNCIA,Nivel 1
EXTORSION,EXTORSION. ART. 244 C.P.,CALI,Mariano Ramos,16,-76.517923,3.405073,SIN INFORMACION,2024,julio     ,8,7/8/2024,2,20:30,DENUNCIA,Nivel 1
EXTORSION,EXTORSION. ART. 244 C.P.,CALI,El Poblado I,13,-76.49896,3.420837,SIN INFORMACION,2024,julio     ,10,7/10/2024,4,03:00,DENUNCIA,Nivel 1
EXTORSION,EXTORSION. ART. 244 C.P.,CALI,San Pedro Claver,11,-76.503708,3.425302,SIN INFORMACION,2024,julio     ,10,7/10/2024,4,02:00,DENUNCIA,Nivel 1
EXTORSION,EXTORSION. ART. 244 C.P.,CALI,San Pedro,03,-76.533039,3.453223,SIN INFORMACION,2024,julio     ,10,7/10/2024,4,13:11,DENUNCIA,Nivel 1
EXTORSION,EXTORSION. ART. 244 C.P.,CALI,Prados del Norte,02,-76.520129,3.472763,EDIFICIO,2024,julio     ,11,7/11/2024,5,09:29,DENUNCIA,Nivel 1
EXTORSION,EXTORSION. ART. 244 C.P.,CALI,Colseguros Andes,10,-76.528618,3.424398,SIN INFORMACION,2024,julio     ,11,7/11/2024,5,13:00,DENUNCIA,Nivel 1
EXTORSION,EXTORSION. ART. 244 C.P.,CALI,Cuarteles de Nápoles,18,-76.546378,3.385021,DOMICILIO,2024,julio     ,11,7/11/2024,5,00:00,DENUNCIA,Nivel 1
EXTORSION,EXTORSION. ART. 244 C.P.,CALI,Primitivo Crespo,08,-76.515729,3.437877,SIN INFORMACION,2024,julio     ,12,7/12/2024,6,14:30,DENUNCIA,Nivel 1
EXTORSION,EXTORSION. ART. 244 C.P.,CALI,El Sena,05,-76.502136,3.465851,SIN INFORMACION,2024,julio     ,12,7/12/2024,6,05:30,DENUNCIA,Nivel 1
EXTORSION,EXTORSION. ART. 244 C.P.,CALI,Unión de Vivienda Popular,16,-76.511394,3.412841,SIN INFORMACION,2024,julio     ,13,7/13/2024,7,13:29,DENUNCIA,Nivel 1
EXTORSION,EXTORSION. ART. 244 C.P.,CALI,Urbanización La Nueva Base,08,-76.487185,3.451799,VIA PUBLICA,2024,julio     ,14,7/14/2024,1,14:00,DENUNCIA,Nivel 1
EXTORSION,EXTORSION. ART. 244 C.P.,CALI,El Morichal,15,-76.500488,3.402413,SIN INFORMACION,2024,julio     ,15,7/15/2024,2,10:00,DENUNCIA,Nivel 1
EXTORSION,EXTORSION. ART. 244 C.P.,CALI,El Retiro,15,-76.498602,3.411735,SIN INFORMACION,2024,julio     ,15,7/15/2024,2,14:26,DENUNCIA,Nivel 1
EXTORSION,EXTORSION. ART. 244 C.P.,CALI,El Refugio,19,-76.551973,3.398007,SIN INFORMACION,2024,julio     ,15,7/15/2024,2,09:36,DENUNCIA,Nivel 1
EXTORSION,EXTORSION. ART. 244 C.P.,CALI,Rural,Rural,-76.56338,3.388166,SIN INFORMACION,2024,julio     ,17,7/17/2024,4,17:30,DENUNCIA,Nivel 1
EXTORSION,EXTORSION. ART. 244 C.P.,CALI,Rural,Rural,-76.570736,3.519837,SIN INFORMACION,2024,julio     ,17,7/17/2024,4,20:35,DENUNCIA,Nivel 1
EXTORSION,EXTORSION. ART. 244 C.P.,CALI,Chipichape,02,-76.529106,3.474726,SIN INFORMACION,2024,julio     ,19,7/19/2024,6,13:41,DENUNCIA,Nivel 1
EXTORSION,EXTORSION. ART. 244 C.P.,CALI,Colseguros Andes,10,-76.527887,3.429032,ESTABLECIMIENTO DE COMERCIO,2024,julio     ,19,7/19/2024,6,06:00,DENUNCIA,Nivel 1
EXTORSION,EXTORSION. ART. 244 C.P.,CALI,Siloé,20,-76.55384,3.420174,SIN INFORMACION,2024,julio     ,19,7/19/2024,6,09:00,DENUNCIA,Nivel 1
EXTORSION,EXTORSION. ART. 244 C.P.,CALI,Villa del Prado - El Guabito,05,-76.488115,3.468359,SIN INFORMACION,2024,julio     ,19,7/19/2024,6,14:30,DENUNCIA,Nivel 1
EXTORSION,EXTORSION. ART. 244 C.P.,CALI,Los Libertadores,03,-76.538478,3.442655,SIN INFORMACION,2024,julio     ,20,7/20/2024,7,19:00,DENUNCIA,Nivel 1
EXTORSION,EXTORSION. ART. 244 C.P.,CALI,Doce de Octubre,12,-76.501738,3.427771,DOMICILIO,2024,julio     ,23,7/23/2024,3,21:19,DENUNCIA,Nivel 1
EXTORSION,EXTORSION. ART. 244 C.P.,CALI,San Nicolás,03,-76.518781,3.452981,SIN INFORMACION,2024,julio     ,23,7/23/2024,3,15:35,DENUNCIA,Nivel 1
EXTORSION,EXTORSION. ART. 244 C.P.,CALI,El Rodeo,12,-76.50421,3.435118,SIN INFORMACION,2024,julio     ,24,7/24/2024,4,23:00,DENUNCIA,Nivel 1
EXTORSION,EXTORSION. ART. 244 C.P.,CALI,Caney,17,-76.518921,3.380494,SIN INFORMACION,2024,julio     ,25,7/25/2024,5,17:02,DENUNCIA,Nivel 1
EXTORSION,EXTORSION. ART. 244 C.P.,CALI,El Bosque,02,-76.52869,3.487059,SIN INFORMACION,2024,julio     ,26,7/26/2024,6,16:30,DENUNCIA,Nivel 1
EXTORSION,EXTORSION. ART. 244 C.P.,CALI,San Pedro,03,-76.533131,3.449924,SIN INFORMACION,2024,julio     ,26,7/26/2024,6,22:00,DENUNCIA,Nivel 1
EXTORSION,EXTORSION. ART. 244 C.P.,CALI,Mojica,15,-76.488323,3.417026,SIN INFORMACION,2024,julio     ,26,7/26/2024,6,14:40,DENUNCIA,Nivel 1
EXTORSION,EXTORSION. ART. 244 C.P.,CALI,Promociones Populares B,14,-76.475346,3.425613,SIN INFORMACION,2024,julio     ,28,7/28/2024,1,22:15,DENUNCIA,Nivel 1
EXTORSION,EXTORSION. ART. 244 C.P.,CALI,Ciudad Córdoba,15,-76.504944,3.404955,SIN INFORMACION,2024,julio     ,28,7/28/2024,1,09:14,DENUNCIA,Nivel 1
EXTORSION,EXTORSION. ART. 244 C.P.,CALI,Ciudadela Floralia,06,-76.491513,3.499255,SIN INFORMACION,2024,julio     ,29,7/29/2024,2,15:16,DENUNCIA,Nivel 1
EXTORSION,EXTORSION. ART. 244 C.P.,CALI,Ciudad 2000,16,-76.515672,3.395234,DOMICILIO,2024,julio     ,29,7/29/2024,2,08:00,DENUNCIA,Nivel 1
EXTORSION,EXTORSION. ART. 244 C.P.,CALI,Mojica,15,-76.484807,3.41494,SIN INFORMACION,2024,julio     ,29,7/29/2024,2,00:00,DENUNCIA,Nivel 1
EXTORSION,EXTORSION. ART. 244 C.P.,CALI,Santa Elena,10,-76.525982,3.426839,DOMICILIO,2024,julio     ,30,7/30/2024,3,16:30,DENUNCIA,Nivel 1
EXTORSION,EXTORSION. ART. 244 C.P.,CALI,Los Parques Barranquilla,05,-76.497111,3.479767,RED VIRTUAL O INTERNET,2024,julio     ,30,7/30/2024,3,20:30,DENUNCIA,Nivel 1
EXTORSION,EXTORSION. ART. 244 C.P.,CALI,San Luís,06,-76.486571,3.477275,DOMICILIO,2024,julio     ,31,7/31/2024,4,23:00,DENUNCIA,Nivel 1
EXTORSION,EXTORSION. ART. 244 C.P.,CALI,Urbanización Ciudad Jardín,22,-76.5358,3.358946,SIN INFORMACION,2024,julio     ,31,7/31/2024,4,12:00,DENUNCIA,Nivel 1
EXTORSION,EXTORSION. ART. 244 C.P.,CALI,Fenalco Kennedy,12,-76.500901,3.438977,SIN INFORMACION,2024,julio     ,31,7/31/2024,4,23:00,DENUNCIA,Nivel 1
EXTORSION,EXTORSION. ART. 244 C.P.,CALI,El Remanso,21,-76.466884,3.418115,SIN INFORMACION,2024,agosto    ,1,8/1/2024,5,10:00,DENUNCIA,Nivel 1
EXTORSION,EXTORSION. ART. 244 C.P.,CALI,Desepaz Invicali,21,-76.46288,3.423524,SIN INFORMACION,2024,agosto    ,1,8/1/2024,5,06:00,DENUNCIA,Nivel 1
EXTORSION,EXTORSION. ART. 244 C.P.,CALI,San Judas Tadeo I,10,-76.522721,3.409216,SIN INFORMACION,2024,agosto    ,1,8/1/2024,5,15:24,DENUNCIA,Nivel 1
EXTORSION,EXTORSION. ART. 244 C.P.,CALI,Mojica,15,-76.487955,3.415372,SIN INFORMACION,2024,agosto    ,2,8/2/2024,6,08:31,DENUNCIA,Nivel 1
EXTORSION,EXTORSION. ART. 244 C.P.,CALI,Parcelaciones Pance,22,-76.535048,3.350364,DOMICILIO,2024,agosto    ,2,8/2/2024,6,10:14,DENUNCIA,Nivel 1
EXTORSION,EXTORSION. ART. 244 C.P.,CALI,Los Robles,13,-76.49592,3.420223,DOMICILIO,2024,agosto    ,3,8/3/2024,7,12:15,DENUNCIA,Nivel 1
EXTORSION,EXTORSION. ART. 244 C.P.,CALI,Rural,Rural,-76.56479,3.435925,SIN INFORMACION,2024,agosto    ,3,8/3/2024,7,14:42,DENUNCIA,Nivel 1
EXTORSION,EXTORSION. ART. 244 C.P.,CALI,Barrio Obrero,09,-76.521805,3.44964,SIN INFORMACION,2024,agosto    ,3,8/3/2024,7,09:00,DENUNCIA,Nivel 1
EXTORSION,EXTORSION. ART. 244 C.P.,CALI,Rural,Rural,-76.56479,3.435925,SIN INFORMACION,2024,agosto    ,3,8/3/2024,7,14:42,DENUNCIA,Nivel 1
EXTORSION,EXTORSION. ART. 244 C.P.,CALI,San Fernando Nuevo,19,-76.54377,3.426355,SIN INFORMACION,2024,agosto    ,4,8/4/2024,1,11:00,DENUNCIA,Nivel 1
EXTORSION,EXTORSION. ART. 244 C.P.,CALI,Villa del Sur,11,-76.517719,3.412518,SIN INFORMACION,2024,agosto    ,5,8/5/2024,2,13:00,DENUNCIA,Nivel 1
EXTORSION,EXTORSION. ART. 244 C.P.,CALI,Benjamín Herrera,08,-76.51786,3.448312,SIN INFORMACION,2024,agosto    ,5,8/5/2024,2,09:30,DENUNCIA,Nivel 1
EXTORSION,EXTORSION. ART. 244 C.P.,CALI,Rural,Rural,-76.655932,3.324353,AREA RURAL,2024,agosto    ,5,8/5/2024,2,11:10,DENUNCIA,Nivel 1
EXTORSION,EXTORSION. ART. 244 C.P.,CALI,La Independencia,11,-76.521565,3.414414,SIN INFORMACION,2024,agosto    ,6,8/6/2024,3,08:25,DENUNCIA,Nivel 1
EXTORSION,EXTORSION. ART. 244 C.P.,CALI,El Vergel,13,-76.502263,3.417609,SIN INFORMACION,2024,agosto    ,6,8/6/2024,3,20:00,DENUNCIA,Nivel 1
EXTORSION,EXTORSION. ART. 244 C.P.,CALI,San Vicente,02,-76.527153,3.46418,SIN INFORMACION,2024,agosto    ,8,8/8/2024,5,12:00,DENUNCIA,Nivel 1
EXTORSION,EXTORSION. ART. 244 C.P.,CALI,Jorge Isaacs,04,-76.517466,3.458988,VIA PUBLICA,2024,agosto    ,8,8/8/2024,5,05:32,DENUNCIA,Nivel 1
EXTORSION,EXTORSION. ART. 244 C.P.,CALI,Bellavista,19,-76.547592,3.445954,ESTABLECIMIENTO DE COMERCIO,2024,agosto    ,8,8/8/2024,5,15:00,DENUNCIA,Nivel 1
EXTORSION,EXTORSION. ART. 244 C.P.,CALI,Urbanización El Angel del Hogar,07,-76.4824,3.449166,OTRO,2024,agosto    ,8,8/8/2024,5,08:30,DENUNCIA,Nivel 1
EXTORSION,EXTORSION. ART. 244 C.P.,CALI,Guayaquil,09,-76.52951,3.439405,DOMICILIO,2024,agosto    ,9,8/9/2024,6,13:00,DENUNCIA,Nivel 1
EXTORSION,EXTORSION. ART. 244 C.P.,CALI,Guayaquil,09,-76.52951,3.439405,DOMICILIO,2024,agosto    ,9,8/9/2024,6,13:00,DENUNCIA,Nivel 1
EXTORSION,EXTORSION. ART. 244 C.P.,CALI,Centenario,02,-76.539016,3.452473,SIN INFORMACION,2024,agosto    ,9,8/9/2024,6,08:56,DENUNCIA,Nivel 1
EXTORSION,EXTORSION. ART. 244 C.P.,CALI,Ciudadela Pasoancho,17,-76.533588,3.387534,SIN INFORMACION,2024,agosto    ,9,8/9/2024,6,11:12,DENUNCIA,Nivel 1
EXTORSION,EXTORSION. ART. 244 C.P.,CALI,Barrio Obrero,09,-76.521649,3.450437,DOMICILIO,2024,agosto    ,9,8/9/2024,6,20:26,DENUNCIA,Nivel 1
EXTORSION,EXTORSION. ART. 244 C.P.,CALI,Polvorines,18,-76.554954,3.371337,SIN INFORMACION,2024,agosto    ,9,8/9/2024,6,14:00,DENUNCIA,Nivel 1
EXTORSION,EXTORSION. ART. 244 C.P.,CALI,Nueva Floresta,12,-76.497284,3.43896,SIN INFORMACION,2024,agosto    ,9,8/9/2024,6,10:39,DENUNCIA,Nivel 1
EXTORSION,EXTORSION. ART. 244 C.P.,CALI,Benjamín Herrera,08,-76.51811,3.44737,SIN INFORMACION,2024,agosto    ,9,8/9/2024,6,23:30,DENUNCIA,Nivel 1
EXTORSION,EXTORSION. ART. 244 C.P.,CALI,Ciudad Córdoba,15,-76.505099,3.406729,DOMICILIO,2024,agosto    ,9,8/9/2024,6,14:23,DENUNCIA,Nivel 1
EXTORSION,EXTORSION. ART. 244 C.P.,CALI,La Base,08,-76.496248,3.450596,SIN INFORMACION,2024,agosto    ,10,8/10/2024,7,23:00,DENUNCIA,Nivel 1
EXTORSION,EXTORSION. ART. 244 C.P.,CALI,Urbanización San Joaquin,17,-76.52946,3.371025,SIN INFORMACION,2024,agosto    ,10,8/10/2024,7,15:50,DENUNCIA,Nivel 1
EXTORSION,EXTORSION. ART. 244 C.P.,CALI,El Rodeo,12,-76.507502,3.434871,SIN INFORMACION,2024,agosto    ,10,8/10/2024,7,08:12,DENUNCIA,Nivel 1
EXTORSION,EXTORSION. ART. 244 C.P.,CALI,San Nicolás,03,-76.51878,3.452952,SIN INFORMACION,2024,agosto    ,10,8/10/2024,7,05:30,DENUNCIA,Nivel 1
EXTORSION,EXTORSION. ART. 244 C.P.,CALI,Paseo de Los Almendros,05,-76.49479,3.472786,SIN INFORMACION,2024,agosto    ,10,8/10/2024,7,18:59,DENUNCIA,Nivel 1
EXTORSION,EXTORSION. ART. 244 C.P.,CALI,Mojica,15,-76.485,3.415784,SIN INFORMACION,2024,agosto    ,11,8/11/2024,1,04:30,DENUNCIA,Nivel 1
EXTORSION,EXTORSION. ART. 244 C.P.,CALI,San Nicolás,03,-76.527466,3.453185,SIN INFORMACION,2024,agosto    ,11,8/11/2024,1,16:00,DENUNCIA,Nivel 1
EXTORSION,EXTORSION. ART. 244 C.P.,CALI,Los Lagos,13,-76.488226,3.430793,SIN INFORMACION,2024,agosto    ,12,8/12/2024,2,12:00,DENUNCIA,Nivel 1
EXTORSION,EXTORSION. ART. 244 C.P.,CALI,Guayaquil,09,-76.528253,3.441673,SIN INFORMACION,2024,agosto    ,12,8/12/2024,2,14:00,DENUNCIA,Nivel 1
EXTORSION,EXTORSION. ART. 244 C.P.,CALI,San Nicolás,03,-76.518781,3.452981,SIN INFORMACION,2024,agosto    ,12,8/12/2024,2,14:17,DENUNCIA,Nivel 1
EXTORSION,EXTORSION. ART. 244 C.P.,CALI,Rural,Rural,-76.544743,3.486798,DOMICILIO,2024,agosto    ,12,8/12/2024,2,02:29,DENUNCIA,Nivel 1
EXTORSION,EXTORSION. ART. 244 C.P.,CALI,Los Comuneros I,15,-76.494272,3.411095,SIN INFORMACION,2024,agosto    ,13,8/13/2024,3,19:09,DENUNCIA,Nivel 1
EXTORSION,EXTORSION. ART. 244 C.P.,CALI,El Ingenio,17,-76.53378,3.382086,DOMICILIO,2024,agosto    ,13,8/13/2024,3,08:00,DENUNCIA,Nivel 1
EXTORSION,EXTORSION. ART. 244 C.P.,CALI,Lleras Camargo,20,-76.562406,3.422739,VIA PUBLICA,2024,agosto    ,14,8/14/2024,4,11:00,DENUNCIA,Nivel 1
EXTORSION,EXTORSION. ART. 244 C.P.,CALI,San Carlos,11,-76.515712,3.421938,SIN INFORMACION,2024,agosto    ,14,8/14/2024,4,16:00,DENUNCIA,Nivel 1
EXTORSION,EXTORSION. ART. 244 C.P.,CALI,Cuarteles de Nápoles,18,-76.545089,3.382766,ESTABLECIMIENTO PUBLICO,2024,agosto    ,15,8/15/2024,5,10:30,DENUNCIA,Nivel 1
EXTORSION,EXTORSION. ART. 244 C.P.,CALI,Departamental,10,-76.536453,3.410011,SIN INFORMACION,2024,agosto    ,16,8/16/2024,6,07:43,DENUNCIA,Nivel 1
EXTORSION,EXTORSION. ART. 244 C.P.,CALI,Rural,Rural,-76.4798,3.315148,SIN INFORMACION,2024,agosto    ,17,8/17/2024,7,10:00,DENUNCIA,Nivel 1
EXTORSION,EXTORSION. ART. 244 C.P.,CALI,Barrio Obrero,09,-76.522004,3.451312,ESTABLECIMIENTO DE COMERCIO,2024,agosto    ,17,8/17/2024,7,23:08,DENUNCIA,Nivel 1
EXTORSION,EXTORSION. ART. 244 C.P.,CALI,La Hacienda,17,-76.52929,3.397194,SIN INFORMACION,2024,agosto    ,18,8/18/2024,1,11:28,DENUNCIA,Nivel 1
EXTORSION,EXTORSION. ART. 244 C.P.,CALI,Ciudadela Floralia,06,-76.496321,3.498985,SIN INFORMACION,2024,agosto    ,18,8/18/2024,1,18:24,DENUNCIA,Nivel 1
EXTORSION,EXTORSION. ART. 244 C.P.,CALI,Yira Castro,13,-76.497857,3.427015,SIN INFORMACION,2024,agosto    ,18,8/18/2024,1,19:00,DENUNCIA,Nivel 1
EXTORSION,EXTORSION. ART. 244 C.P.,CALI,Caney,17,-76.516975,3.385842,SIN INFORMACION,2024,agosto    ,19,8/19/2024,2,20:30,DENUNCIA,Nivel 1
EXTORSION,EXTORSION. ART. 244 C.P.,CALI,Ciudad 2000,16,-76.52153,3.397503,SIN INFORMACION,2024,agosto    ,19,8/19/2024,2,15:17,DENUNCIA,Nivel 1
EXTORSION,EXTORSION. ART. 244 C.P.,CALI,José Manuel Marroquín I,14,-76.480773,3.423709,SIN INFORMACION,2024,agosto    ,20,8/20/2024,3,14:30,DENUNCIA,Nivel 1
EXTORSION,EXTORSION. ART. 244 C.P.,CALI,Nueva Floresta,12,-76.495082,3.438876,SIN INFORMACION,2024,agosto    ,21,8/21/2024,4,16:30,DENUNCIA,Nivel 1
EXTORSION,EXTORSION. ART. 244 C.P.,CALI,Rural,Rural,-76.569499,3.400348,AREA RURAL,2024,agosto    ,22,8/22/2024,5,16:00,DENUNCIA,Nivel 1
EXTORSION,EXTORSION. ART. 244 C.P.,CALI,Los Andes,05,-76.501595,3.469146,SIN INFORMACION,2024,agosto    ,22,8/22/2024,5,09:30,DENUNCIA,Nivel 1
EXTORSION,EXTORSION. ART. 244 C.P.,CALI,El Vergel,13,-76.504245,3.415764,ESTABLECIMIENTO DE COMERCIO,2024,agosto    ,22,8/22/2024,5,11:13,DENUNCIA,Nivel 1
EXTORSION,EXTORSION. ART. 244 C.P.,CALI,El Gran Limonar - Cataya,17,-76.542236,3.397124,SIN INFORMACION,2024,agosto    ,23,8/23/2024,6,18:30,DENUNCIA,Nivel 1
EXTORSION,EXTORSION. ART. 244 C.P.,CALI,Ciudad Campestre,22,-76.539547,3.372109,DOMICILIO,2024,agosto    ,23,8/23/2024,6,10:00,DENUNCIA,Nivel 1
EXTORSION,EXTORSION. ART. 244 C.P.,CALI,El Gran Limonar - Cataya,17,-76.538203,3.396507,VIA PUBLICA,2024,agosto    ,23,8/23/2024,6,21:30,DENUNCIA,Nivel 1
EXTORSION,EXTORSION. ART. 244 C.P.,CALI,Rural,Rural,-76.54117,3.47006,OTRO,2024,agosto    ,23,8/23/2024,6,16:00,DENUNCIA,Nivel 1
EXTORSION,EXTORSION. ART. 244 C.P.,CALI,Bosques del Limonar,17,-76.537899,3.39631,SIN INFORMACION,2024,agosto    ,24,8/24/2024,7,02:20,DENUNCIA,Nivel 1
EXTORSION,EXTORSION. ART. 244 C.P.,CALI,Sector Alto Jordán,18,-76.55523,3.378366,SIN INFORMACION,2024,agosto    ,25,8/25/2024,1,09:00,DENUNCIA,Nivel 1
EXTORSION,EXTORSION. ART. 244 C.P.,CALI,La Fortaleza,11,-76.512502,3.42496,SIN INFORMACION,2024,agosto    ,25,8/25/2024,1,17:30,DENUNCIA,Nivel 1
EXTORSION,EXTORSION. ART. 244 C.P.,CALI,El Refugio,19,-76.556658,3.398488,SIN INFORMACION,2024,agosto    ,25,8/25/2024,1,04:08,DENUNCIA,Nivel 1
EXTORSION,EXTORSION. ART. 244 C.P.,CALI,Calima,04,-76.502098,3.486979,SIN INFORMACION,2024,agosto    ,26,8/26/2024,2,20:00,DENUNCIA,Nivel 1
EXTORSION,EXTORSION. ART. 244 C.P.,CALI,El Poblado I,13,-76.497992,3.420148,SIN INFORMACION,2024,agosto    ,27,8/27/2024,3,22:09,DENUNCIA,Nivel 1
EXTORSION,EXTORSION. ART. 244 C.P.,CALI,Rural,Rural,-76.607096,3.519862,SIN INFORMACION,2024,agosto    ,28,8/28/2024,4,03:51,DENUNCIA,Nivel 1
EXTORSION,EXTORSION. ART. 244 C.P.,CALI,Junín,09,-76.527505,3.434249,SIN INFORMACION,2024,agosto    ,28,8/28/2024,4,15:17,DENUNCIA,Nivel 1
EXTORSION,EXTORSION. ART. 244 C.P.,CALI,El Lido,19,-76.548459,3.415664,CENTRO COMERCIAL,2024,agosto    ,28,8/28/2024,4,17:37,DENUNCIA,Nivel 1
EXTORSION,EXTORSION. ART. 244 C.P.,CALI,Cuarto de Legua - Guadalupe,19,-76.553665,3.407649,SIN INFORMACION,2024,agosto    ,29,8/29/2024,5,05:30,DENUNCIA,Nivel 1
EXTORSION,EXTORSION. ART. 244 C.P.,CALI,El Remanso,21,-76.465032,3.418229,SIN INFORMACION,2024,agosto    ,29,8/29/2024,5,21:30,DENUNCIA,Nivel 1
EXTORSION,EXTORSION. ART. 244 C.P.,CALI,Ciudadela Floralia,06,-76.49379,3.498981,SIN INFORMACION,2024,agosto    ,29,8/29/2024,5,12:17,DENUNCIA,Nivel 1
EXTORSION,EXTORSION. ART. 244 C.P.,CALI,San Pedro,03,-76.53251,3.450002,SIN INFORMACION,2024,agosto    ,30,8/30/2024,6,16:13,DENUNCIA,Nivel 1
EXTORSION,EXTORSION. ART. 244 C.P.,CALI,Rural,Rural,-76.545277,3.466711,SIN INFORMACION,2024,agosto    ,30,8/30/2024,6,15:44,DENUNCIA,Nivel 1
EXTORSION,EXTORSION. ART. 244 C.P.,CALI,Las Américas,08,-76.508095,3.448098,OTRO,2024,septiembre,1,9/1/2024,1,08:00,DENUNCIA,Nivel 1
EXTORSION,EXTORSION. ART. 244 C.P.,CALI,Eucaristico,19,-76.538574,3.421518,SIN INFORMACION,2024,septiembre,1,9/1/2024,1,15:30,DENUNCIA,Nivel 1
EXTORSION,EXTORSION. ART. 244 C.P.,CALI,El Sena,05,-76.503364,3.464885,OTRO,2024,septiembre,1,9/1/2024,1,09:30,DENUNCIA,Nivel 1
EXTORSION,EXTORSION. ART. 244 C.P.,CALI,El Dorado,10,-76.529335,3.42091,SIN INFORMACION,2024,septiembre,1,9/1/2024,1,23:50,DENUNCIA,Nivel 1
EXTORSION,EXTORSION. ART. 244 C.P.,CALI,Eucaristico,19,-76.541599,3.424491,SIN INFORMACION,2024,septiembre,2,9/2/2024,2,15:00,DENUNCIA,Nivel 1
EXTORSION,EXTORSION. ART. 244 C.P.,CALI,El Refugio,19,-76.55593,3.398523,ESTABLECIMIENTO DE COMERCIO,2024,septiembre,2,9/2/2024,2,13:55,DENUNCIA,Nivel 1
EXTORSION,EXTORSION. ART. 244 C.P.,CALI,Prados del Norte,02,-76.523833,3.472388,SIN INFORMACION,2024,septiembre,2,9/2/2024,2,09:00,DENUNCIA,Nivel 1
EXTORSION,EXTORSION. ART. 244 C.P.,CALI,Paso del Comercio,06,-76.486196,3.494807,SIN INFORMACION,2024,septiembre,2,9/2/2024,2,13:23,DENUNCIA,Nivel 1
EXTORSION,EXTORSION. ART. 244 C.P.,CALI,San Pedro,03,-76.533131,3.449924,SIN INFORMACION,2024,septiembre,2,9/2/2024,2,13:00,DENUNCIA,Nivel 1
EXTORSION,EXTORSION. ART. 244 C.P.,CALI,San Nicolás,03,-76.518781,3.452981,SIN INFORMACION,2024,septiembre,3,9/3/2024,3,20:00,DENUNCIA,Nivel 1
EXTORSION,EXTORSION. ART. 244 C.P.,CALI,Caney,17,-76.522727,3.380417,SIN INFORMACION,2024,septiembre,3,9/3/2024,3,14:00,DENUNCIA,Nivel 1
EXTORSION,EXTORSION. ART. 244 C.P.,CALI,Santa Mónica Belalcázar,09,-76.520846,3.435776,DOMICILIO,2024,septiembre,3,9/3/2024,3,13:00,DENUNCIA,Nivel 1
EXTORSION,EXTORSION. ART. 244 C.P.,CALI,Santander,04,-76.515073,3.462456,SIN INFORMACION,2024,septiembre,3,9/3/2024,3,17:00,DENUNCIA,Nivel 1
EXTORSION,EXTORSION. ART. 244 C.P.,CALI,Saavedra Galindo,08,-76.51655,3.443857,OTRO,2024,septiembre,4,9/4/2024,4,06:00,DENUNCIA,Nivel 1
EXTORSION,EXTORSION. ART. 244 C.P.,CALI,Los Comuneros I,15,-76.492179,3.412993,SIN INFORMACION,2024,septiembre,4,9/4/2024,4,14:00,DENUNCIA,Nivel 1
EXTORSION,EXTORSION. ART. 244 C.P.,CALI,Calimio Desepaz,21,-76.468009,3.414242,ESTABLECIMIENTO EDUCATIVO,2024,septiembre,4,9/4/2024,4,11:40,DENUNCIA,Nivel 1
EXTORSION,EXTORSION. ART. 244 C.P.,CALI,Rural,Rural,-76.565928,3.414702,SIN INFORMACION,2024,septiembre,5,9/5/2024,5,13:39,DENUNCIA,Nivel 1
EXTORSION,EXTORSION. ART. 244 C.P.,CALI,Centenario,02,-76.534312,3.45356,SIN INFORMACION,2024,septiembre,6,9/6/2024,6,15:00,DENUNCIA,Nivel 1
EXTORSION,EXTORSION. ART. 244 C.P.,CALI,Brisas de Los Álamos,02,-76.502026,3.493186,SIN INFORMACION,2024,septiembre,6,9/6/2024,6,15:20,DENUNCIA,Nivel 1
EXTORSION,EXTORSION. ART. 244 C.P.,CALI,El Morichal,15,-76.508851,3.391196,DOMICILIO,2024,septiembre,7,9/7/2024,7,08:37,DENUNCIA,Nivel 1
EXTORSION,EXTORSION. ART. 244 C.P.,CALI,El Morichal,15,-76.508639,3.393399,SIN INFORMACION,2024,septiembre,7,9/7/2024,7,08:00,DENUNCIA,Nivel 1
EXTORSION,EXTORSION. ART. 244 C.P.,CALI,Rural,Rural,-76.56051,3.352471,SIN INFORMACION,2024,septiembre,7,9/7/2024,7,16:00,DENUNCIA,Nivel 1
EXTORSION,EXTORSION. ART. 244 C.P.,CALI,Desepaz Invicali,21,-76.463073,3.425862,SIN INFORMACION,2024,septiembre,7,9/7/2024,7,00:00,DENUNCIA,Nivel 1
EXTORSION,EXTORSION. ART. 244 C.P.,CALI,Santa Rosa,03,-76.534264,3.44784,LUGAR DE TRABAJO,2024,septiembre,8,9/8/2024,1,14:50,DENUNCIA,Nivel 1
EXTORSION,EXTORSION. ART. 244 C.P.,CALI,Primitivo Crespo,08,-76.516474,3.438369,SIN INFORMACION,2024,septiembre,9,9/9/2024,2,04:15,DENUNCIA,Nivel 1
EXTORSION,EXTORSION. ART. 244 C.P.,CALI,Chapinero,08,-76.505555,3.445513,SIN INFORMACION,2024,septiembre,10,9/10/2024,3,16:00,DENUNCIA,Nivel 1
EXTORSION,EXTORSION. ART. 244 C.P.,CALI,Pasoancho,10,-76.531548,3.418513,SIN INFORMACION,2024,septiembre,10,9/10/2024,3,14:46,DENUNCIA,Nivel 1
EXTORSION,EXTORSION. ART. 244 C.P.,CALI,El Dorado,10,-76.527726,3.421895,SIN INFORMACION,2024,septiembre,10,9/10/2024,3,16:01,DENUNCIA,Nivel 1
EXTORSION,EXTORSION. ART. 244 C.P.,CALI,Urbanización Rio Lili,22,-76.526159,3.364954,SIN INFORMACION,2024,septiembre,11,9/11/2024,4,11:00,DENUNCIA,Nivel 1
EXTORSION,EXTORSION. ART. 244 C.P.,CALI,Santa Elena,10,-76.524123,3.428852,SIN INFORMACION,2024,septiembre,11,9/11/2024,4,21:06,DENUNCIA,Nivel 1
EXTORSION,EXTORSION. ART. 244 C.P.,CALI,San Nicolás,03,-76.528639,3.451281,ESTABLECIMIENTO DE COMERCIO,2024,septiembre,12,9/12/2024,5,00:00,DENUNCIA,Nivel 1
EXTORSION,EXTORSION. ART. 244 C.P.,CALI,El Diamante,13,-76.501404,3.422953,SIN INFORMACION,2024,septiembre,12,9/12/2024,5,15:20,DENUNCIA,Nivel 1
EXTORSION,EXTORSION. ART. 244 C.P.,CALI,Ciudad Córdoba,15,-76.505594,3.406077,SIN INFORMACION,2024,septiembre,12,9/12/2024,5,15:00,DENUNCIA,Nivel 1
EXTORSION,EXTORSION. ART. 244 C.P.,CALI,San Nicolás,03,-76.518781,3.452981,SIN INFORMACION,2024,septiembre,12,9/12/2024,5,18:00,DENUNCIA,Nivel 1
EXTORSION,EXTORSION. ART. 244 C.P.,CALI,Ciudad de Los Álamos,02,-76.512445,3.485732,OTRO,2024,septiembre,12,9/12/2024,5,16:00,DENUNCIA,Nivel 1
EXTORSION,EXTORSION. ART. 244 C.P.,CALI,El Vergel,13,-76.50127,3.415274,SIN INFORMACION,2024,septiembre,13,9/13/2024,6,15:57,DENUNCIA,Nivel 1
EXTORSION,EXTORSION. ART. 244 C.P.,CALI,San Antonio,03,-76.542943,3.446711,ESTABLECIMIENTO DE COMERCIO,2024,septiembre,13,9/13/2024,6,09:30,DENUNCIA,Nivel 1
EXTORSION,EXTORSION. ART. 244 C.P.,CALI,Lili,17,-76.5172,3.365214,SIN INFORMACION,2024,septiembre,14,9/14/2024,7,14:57,DENUNCIA,Nivel 1
EXTORSION,EXTORSION. ART. 244 C.P.,CALI,Alférez Real,18,-76.55039,3.389842,SIN INFORMACION,2024,septiembre,14,9/14/2024,7,07:40,DENUNCIA,Nivel 1
EXTORSION,EXTORSION. ART. 244 C.P.,CALI,El Sena,05,-76.50059,3.46574,SIN INFORMACION,2024,septiembre,16,9/16/2024,2,10:00,DENUNCIA,Nivel 1
EXTORSION,EXTORSION. ART. 244 C.P.,CALI,Junín,09,-76.527953,3.432703,SIN INFORMACION,2024,septiembre,16,9/16/2024,2,22:00,DENUNCIA,Nivel 1
EXTORSION,EXTORSION. ART. 244 C.P.,CALI,Nueva Floresta,12,-76.496895,3.439445,SIN INFORMACION,2024,septiembre,16,9/16/2024,2,11:00,DENUNCIA,Nivel 1
EXTORSION,EXTORSION. ART. 244 C.P.,CALI,Mariano Ramos,16,-76.513594,3.399879,SIN INFORMACION,2024,septiembre,17,9/17/2024,3,10:08,DENUNCIA,Nivel 1
EXTORSION,EXTORSION. ART. 244 C.P.,CALI,Nueva Floresta,12,-76.50097,3.441458,SIN INFORMACION,2024,septiembre,17,9/17/2024,3,17:00,DENUNCIA,Nivel 1
EXTORSION,EXTORSION. ART. 244 C.P.,CALI,Rural,Rural,-76.60102,3.343655,SIN INFORMACION,2024,septiembre,17,9/17/2024,3,00:43,DENUNCIA,Nivel 1
EXTORSION,EXTORSION. ART. 244 C.P.,CALI,Rural,Rural,-76.584517,3.421444,VIA PUBLICA,2024,septiembre,18,9/18/2024,4,16:20,DENUNCIA,Nivel 1
EXTORSION,EXTORSION. ART. 244 C.P.,CALI,Barrio Obrero,09,-76.522526,3.451943,ESTABLECIMIENTO PUBLICO,2024,septiembre,18,9/18/2024,4,00:00,DENUNCIA,Nivel 1
EXTORSION,EXTORSION. ART. 244 C.P.,CALI,La Merced,03,-76.534886,3.450115,DOMICILIO,2024,septiembre,19,9/19/2024,5,14:18,DENUNCIA,Nivel 1
EXTORSION,EXTORSION. ART. 244 C.P.,CALI,El Limonar,17,-76.529529,3.402542,SIN INFORMACION,2024,septiembre,19,9/19/2024,5,16:30,DENUNCIA,Nivel 1
EXTORSION,EXTORSION. ART. 244 C.P.,CALI,Polvorines,18,-76.549332,3.371998,ESTABLECIMIENTO DE COMERCIO,2024,septiembre,19,9/19/2024,5,19:47,DENUNCIA,Nivel 1
EXTORSION,EXTORSION. ART. 244 C.P.,CALI,Rural,Rural,-76.496727,3.317016,ESTABLECIMIENTO DE COMERCIO,2024,septiembre,19,9/19/2024,5,15:55,DENUNCIA,Nivel 1
EXTORSION,EXTORSION. ART. 244 C.P.,CALI,La Independencia,11,-76.517131,3.414657,ESTABLECIMIENTO DE COMERCIO,2024,septiembre,19,9/19/2024,5,11:53,DENUNCIA,Nivel 1
EXTORSION,EXTORSION. ART. 244 C.P.,CALI,Manuela Beltrán,14,-76.473285,3.417858,SIN INFORMACION,2024,septiembre,19,9/19/2024,5,21:20,DENUNCIA,Nivel 1
EXTORSION,EXTORSION. ART. 244 C.P.,CALI,Los Guaduales,06,-76.499298,3.489973,SIN INFORMACION,2024,septiembre,19,9/19/2024,5,15:00,DENUNCIA,Nivel 1
EXTORSION,EXTORSION. ART. 244 C.P.,CALI,Rural,Rural,-76.577896,3.405542,SIN INFORMACION,2024,septiembre,21,9/21/2024,7,22:37,DENUNCIA,Nivel 1
EXTORSION,EXTORSION. ART. 244 C.P.,CALI,El Limonar,17,-76.529384,3.404277,SIN INFORMACION,2024,septiembre,22,9/22/2024,1,13:01,DENUNCIA,Nivel 1
EXTORSION,EXTORSION. ART. 244 C.P.,CALI,Ulpiano Lloreda,13,-76.489335,3.443672,SIN INFORMACION,2024,septiembre,22,9/22/2024,1,08:33,DENUNCIA,Nivel 1
EXTORSION,EXTORSION. ART. 244 C.P.,CALI,Alameda,09,-76.535714,3.437819,SIN INFORMACION,2024,septiembre,22,9/22/2024,1,08:00,DENUNCIA,Nivel 1
EXTORSION,EXTORSION. ART. 244 C.P.,CALI,Urbanización Ciudad Jardín,22,-76.531609,3.360455,SIN INFORMACION,2024,septiembre,23,9/23/2024,2,19:29,DENUNCIA,Nivel 1
EXTORSION,EXTORSION. ART. 244 C.P.,CALI,Industrial,08,-76.512096,3.45381,ESTABLECIMIENTO DE COMERCIO,2024,septiembre,23,9/23/2024,2,00:00,DENUNCIA,Nivel 1
EXTORSION,EXTORSION. ART. 244 C.P.,CALI,Aranjuez,09,-76.523535,3.435698,DOMICILIO,2024,septiembre,23,9/23/2024,2,12:39,DENUNCIA,Nivel 1
EXTORSION,EXTORSION. ART. 244 C.P.,CALI,Torres de Comfandi,05,-76.501775,3.473989,SIN INFORMACION,2024,septiembre,24,9/24/2024,3,20:30,DENUNCIA,Nivel 1
EXTORSION,EXTORSION. ART. 244 C.P.,CALI,Los Guayacanes,05,-76.488945,3.47077,SIN INFORMACION,2024,septiembre,24,9/24/2024,3,16:30,DENUNCIA,Nivel 1
EXTORSION,EXTORSION. ART. 244 C.P.,CALI,Rural,Rural,-76.59486,3.476424,SIN INFORMACION,2024,septiembre,24,9/24/2024,3,20:00,DENUNCIA,Nivel 1
EXTORSION,EXTORSION. ART. 244 C.P.,CALI,Los Guayacanes,05,-76.488945,3.47077,SIN INFORMACION,2024,septiembre,24,9/24/2024,3,16:30,DENUNCIA,Nivel 1
EXTORSION,EXTORSION. ART. 244 C.P.,CALI,San Nicolás,03,-76.518781,3.452981,SIN INFORMACION,2024,septiembre,25,9/25/2024,4,01:10,DENUNCIA,Nivel 1
EXTORSION,EXTORSION. ART. 244 C.P.,CALI,Calima,04,-76.499712,3.483847,SIN INFORMACION,2024,septiembre,25,9/25/2024,4,06:35,DENUNCIA,Nivel 1
EXTORSION,EXTORSION. ART. 244 C.P.,CALI,Popular,04,-76.511287,3.469846,SIN INFORMACION,2024,septiembre,25,9/25/2024,4,10:30,DENUNCIA,Nivel 1
EXTORSION,EXTORSION. ART. 244 C.P.,CALI,Nápoles,18,-76.548058,3.38644,SIN INFORMACION,2024,septiembre,26,9/26/2024,5,08:20,DENUNCIA,Nivel 1
EXTORSION,EXTORSION. ART. 244 C.P.,CALI,San Nicolás,03,-76.518781,3.452981,SIN INFORMACION,2024,septiembre,27,9/27/2024,6,17:00,DENUNCIA,Nivel 1
EXTORSION,EXTORSION. ART. 244 C.P.,CALI,Ciudadela Floralia,06,-76.488599,3.496254,SIN INFORMACION,2024,septiembre,28,9/28/2024,7,16:00,DENUNCIA,Nivel 1
EXTORSION,EXTORSION. ART. 244 C.P.,CALI,Alfonso Bonilla Aragón,14,-76.483945,3.42303,DOMICILIO,2024,septiembre,29,9/29/2024,1,19:30,DENUNCIA,Nivel 1
EXTORSION,EXTORSION. ART. 244 C.P.,CALI,Bolivariano,04,-76.515941,3.465723,SIN INFORMACION,2024,septiembre,30,9/30/2024,2,10:14,DENUNCIA,Nivel 1
EXTORSION,EXTORSION. ART. 244 C.P.,CALI,Mayapan - Las Vegas,17,-76.543778,3.382916,SIN INFORMACION,2024,octubre   ,1,10/1/2024,3,16:00,DENUNCIA,Nivel 1
EXTORSION,EXTORSION. ART. 244 C.P.,CALI,Terrón Colorado,01,-76.56089,3.452399,SIN INFORMACION,2024,octubre   ,2,10/2/2024,4,15:00,DENUNCIA,Nivel 1
EXTORSION,EXTORSION. ART. 244 C.P.,CALI,Nueva Tequendama,19,-76.541813,3.41477,SIN INFORMACION,2024,octubre   ,2,10/2/2024,4,03:00,DENUNCIA,Nivel 1
EXTORSION,EXTORSION. ART. 244 C.P.,CALI,El Sena,05,-76.504244,3.469455,DOMICILIO,2024,octubre   ,2,10/2/2024,4,10:00,DENUNCIA,Nivel 1
EXTORSION,EXTORSION. ART. 244 C.P.,CALI,Nueva Floresta,12,-76.495709,3.438035,SIN INFORMACION,2024,octubre   ,2,10/2/2024,4,07:50,DENUNCIA,Nivel 1
EXTORSION,EXTORSION. ART. 244 C.P.,CALI,Santa Teresita,02,-76.550247,3.451826,SIN INFORMACION,2024,octubre   ,4,10/4/2024,6,18:45,DENUNCIA,Nivel 1
EXTORSION,EXTORSION. ART. 244 C.P.,CALI,Cuarteles de Nápoles,18,-76.54514,3.38548,SIN INFORMACION,2024,octubre   ,4,10/4/2024,6,15:00,DENUNCIA,Nivel 1
EXTORSION,EXTORSION. ART. 244 C.P.,CALI,San Nicolás,03,-76.518781,3.452981,SIN INFORMACION,2024,octubre   ,4,10/4/2024,6,05:00,DENUNCIA,Nivel 1
EXTORSION,EXTORSION. ART. 244 C.P.,CALI,PP6-PP8-PP10,81,-76.529749,3.32896,SIN INFORMACION,2024,octubre   ,5,10/5/2024,7,15:00,DENUNCIA,Nivel 1
EXTORSION,EXTORSION. ART. 244 C.P.,CALI,Polvorines,18,-76.553315,3.372874,SIN INFORMACION,2024,octubre   ,5,10/5/2024,7,03:00,DENUNCIA,Nivel 1
EXTORSION,EXTORSION. ART. 244 C.P.,CALI,Guayaquil,09,-76.529924,3.438724,SIN INFORMACION,2024,octubre   ,5,10/5/2024,7,06:30,DENUNCIA,Nivel 1
EXTORSION,EXTORSION. ART. 244 C.P.,CALI,Panamericano,10,-76.535682,3.411879,SIN INFORMACION,2024,octubre   ,6,10/6/2024,1,03:43,DENUNCIA,Nivel 1
EXTORSION,EXTORSION. ART. 244 C.P.,CALI,José Manuel Marroquín II,14,-76.478188,3.429037,SIN INFORMACION,2024,octubre   ,7,10/7/2024,2,15:40,DENUNCIA,Nivel 1
EXTORSION,EXTORSION. ART. 244 C.P.,CALI,Prados del Limonar,17,-76.525582,3.389386,LUGAR DE TRABAJO,2024,octubre   ,8,10/8/2024,3,10:57,DENUNCIA,Nivel 1
EXTORSION,EXTORSION. ART. 244 C.P.,CALI,Siloé,20,-76.553883,3.42001,SIN INFORMACION,2024,octubre   ,8,10/8/2024,3,00:30,DENUNCIA,Nivel 1
EXTORSION,EXTORSION. ART. 244 C.P.,CALI,La Hacienda,17,-76.53017,3.397166,DOMICILIO,2024,octubre   ,9,10/9/2024,4,10:20,DENUNCIA,Nivel 1
EXTORSION,EXTORSION. ART. 244 C.P.,CALI,Brisas del Limonar,16,-76.522268,3.401096,SIN INFORMACION,2024,octubre   ,9,10/9/2024,4,19:00,DENUNCIA,Nivel 1
EXTORSION,EXTORSION. ART. 244 C.P.,CALI,Los Comuneros I,15,-76.493458,3.410833,ESTABLECIMIENTO PUBLICO,2024,octubre   ,10,10/10/2024,5,10:00,DENUNCIA,Nivel 1
EXTORSION,EXTORSION. ART. 244 C.P.,CALI,San Nicolás,03,-76.518781,3.452981,SIN INFORMACION,2024,octubre   ,11,10/11/2024,6,10:57,DENUNCIA,Nivel 1
EXTORSION,EXTORSION. ART. 244 C.P.,CALI,Sector Alto de los Chorros,18,-76.562989,3.388844,SIN INFORMACION,2024,octubre   ,12,10/12/2024,7,19:00,DENUNCIA,Nivel 1
EXTORSION,EXTORSION. ART. 244 C.P.,CALI,Alfonso Lopez P. 3a Etapa,07,-76.47942,3.455794,SIN INFORMACION,2024,octubre   ,14,10/14/2024,2,06:20,DENUNCIA,Nivel 1
EXTORSION,EXTORSION. ART. 244 C.P.,CALI,Ciudad 2000,16,-76.521572,3.39535,SIN INFORMACION,2024,octubre   ,14,10/14/2024,2,02:30,DENUNCIA,Nivel 1
EXTORSION,EXTORSION. ART. 244 C.P.,CALI,Departamental,10,-76.53527,3.413275,SIN INFORMACION,2024,octubre   ,14,10/14/2024,2,10:00,DENUNCIA,Nivel 1
EXTORSION,EXTORSION. ART. 244 C.P.,CALI,Alameda,09,-76.534837,3.439308,SIN INFORMACION,2024,octubre   ,15,10/15/2024,3,15:00,DENUNCIA,Nivel 1
EXTORSION,EXTORSION. ART. 244 C.P.,CALI,Los Sauces,11,-76.515093,3.417829,SIN INFORMACION,2024,octubre   ,16,10/16/2024,4,17:22,DENUNCIA,Nivel 1
EXTORSION,EXTORSION. ART. 244 C.P.,CALI,Santa Mónica Popular,08,-76.50909,3.437558,RED VIRTUAL O INTERNET,2024,octubre   ,17,10/17/2024,5,09:00,DENUNCIA,Nivel 1
EXTORSION,EXTORSION. ART. 244 C.P.,CALI,San Nicolás,03,-76.518781,3.452981,SIN INFORMACION,2024,octubre   ,17,10/17/2024,5,00:41,DENUNCIA,Nivel 1
EXTORSION,EXTORSION. ART. 244 C.P.,CALI,El Jordán,18,-76.55338,3.373118,SIN INFORMACION,2024,octubre   ,17,10/17/2024,5,20:00,DENUNCIA,Nivel 1
EXTORSION,EXTORSION. ART. 244 C.P.,CALI,Planta de Tratamiento,21,-76.476208,3.440073,SIN INFORMACION,2024,octubre   ,17,10/17/2024,5,22:00,DENUNCIA,Nivel 1
EXTORSION,EXTORSION. ART. 244 C.P.,CALI,Parcelaciones Pance,22,-76.53895,3.34746,SIN INFORMACION,2024,octubre   ,17,10/17/2024,5,11:00,DENUNCIA,Nivel 1
EXTORSION,EXTORSION. ART. 244 C.P.,CALI,La Alborada,16,-76.521084,3.39995,SIN INFORMACION,2024,octubre   ,17,10/17/2024,5,15:00,DENUNCIA,Nivel 1
EXTORSION,EXTORSION. ART. 244 C.P.,CALI,San Nicolás,03,-76.518781,3.452981,SIN INFORMACION,2024,octubre   ,18,10/18/2024,6,00:30,DENUNCIA,Nivel 1
EXTORSION,EXTORSION. ART. 244 C.P.,CALI,San Nicolás,03,-76.518781,3.452981,SIN INFORMACION,2024,octubre   ,19,10/19/2024,7,20:00,DENUNCIA,Nivel 1
EXTORSION,EXTORSION. ART. 244 C.P.,CALI,U. D. A. Galindo Plaza de Toros,19,-76.54852,3.414036,TRANSPORTE PUBLICO URBANO,2024,octubre   ,19,10/19/2024,7,03:30,DENUNCIA,Nivel 1
EXTORSION,EXTORSION. ART. 244 C.P.,CALI,Meléndez,18,-76.54601,3.375621,SIN INFORMACION,2024,octubre   ,20,10/20/2024,1,23:00,DENUNCIA,Nivel 1
EXTORSION,EXTORSION. ART. 244 C.P.,CALI,Chiminangos II,05,-76.493779,3.477614,SIN INFORMACION,2024,octubre   ,21,10/21/2024,2,15:00,DENUNCIA,Nivel 1
EXTORSION,EXTORSION. ART. 244 C.P.,CALI,Caney,17,-76.518832,3.384579,SIN INFORMACION,2024,octubre   ,22,10/22/2024,3,19:06,DENUNCIA,Nivel 1
EXTORSION,EXTORSION. ART. 244 C.P.,CALI,Rural,Rural,-76.575563,3.397063,SIN INFORMACION,2024,octubre   ,22,10/22/2024,3,13:00,DENUNCIA,Nivel 1
EXTORSION,EXTORSION. ART. 244 C.P.,CALI,Salomia,04,-76.50649,3.470288,SIN INFORMACION,2024,octubre   ,22,10/22/2024,3,14:14,DENUNCIA,Nivel 1
EXTORSION,EXTORSION. ART. 244 C.P.,CALI,Ciudad Córdoba,15,-76.508527,3.402441,SIN INFORMACION,2024,octubre   ,22,10/22/2024,3,10:47,DENUNCIA,Nivel 1
EXTORSION,EXTORSION. ART. 244 C.P.,CALI,Arboledas,02,-76.548151,3.448582,SIN INFORMACION,2024,octubre   ,24,10/24/2024,5,21:49,DENUNCIA,Nivel 1
EXTORSION,EXTORSION. ART. 244 C.P.,CALI,El Poblado II,13,-76.492763,3.419282,SIN INFORMACION,2024,octubre   ,25,10/25/2024,6,13:50,DENUNCIA,Nivel 1
EXTORSION,EXTORSION. ART. 244 C.P.,CALI,Belén,20,-76.554214,3.42708,SIN INFORMACION,2024,octubre   ,27,10/27/2024,1,09:30,DENUNCIA,Nivel 1
EXTORSION,EXTORSION. ART. 244 C.P.,CALI,Lili,17,-76.515501,3.368792,SIN INFORMACION,2024,octubre   ,27,10/27/2024,1,05:37,DENUNCIA,Nivel 1
EXTORSION,EXTORSION. ART. 244 C.P.,CALI,Alférez Real,18,-76.55039,3.389842,SIN INFORMACION,2024,octubre   ,27,10/27/2024,1,15:24,DENUNCIA,Nivel 1
EXTORSION,EXTORSION. ART. 244 C.P.,CALI,San Nicolás,03,-76.518781,3.452981,SIN INFORMACION,2024,octubre   ,28,10/28/2024,2,16:30,DENUNCIA,Nivel 1
EXTORSION,EXTORSION. ART. 244 C.P.,CALI,La Independencia,11,-76.521565,3.414414,RED VIRTUAL O INTERNET,2024,octubre   ,28,10/28/2024,2,11:29,DENUNCIA,Nivel 1
EXTORSION,EXTORSION. ART. 244 C.P.,CALI,San Luís,06,-76.486772,3.47686,SIN INFORMACION,2024,octubre   ,28,10/28/2024,2,04:09,DENUNCIA,Nivel 1
EXTORSION,EXTORSION. ART. 244 C.P.,CALI,Buenos Aires,18,-76.5511,3.393457,RED VIRTUAL O INTERNET,2024,octubre   ,28,10/28/2024,2,18:30,DENUNCIA,Nivel 1
EXTORSION,EXTORSION. ART. 244 C.P.,CALI,Barrio Obrero,09,-76.521813,3.447179,DOMICILIO,2024,octubre   ,29,10/29/2024,3,22:13,DENUNCIA,Nivel 1
EXTORSION,EXTORSION. ART. 244 C.P.,CALI,Santa Mónica,02,-76.53152,3.463501,SIN INFORMACION,2024,octubre   ,29,10/29/2024,3,08:30,DENUNCIA,Nivel 1
EXTORSION,EXTORSION. ART. 244 C.P.,CALI,Benjamín Herrera,08,-76.517277,3.44629,SIN INFORMACION,2024,octubre   ,30,10/30/2024,4,20:00,DENUNCIA,Nivel 1
EXTORSION,EXTORSION. ART. 244 C.P.,CALI,San Juan Bosco,03,-76.532202,3.444976,SIN INFORMACION,2024,octubre   ,30,10/30/2024,4,22:40,DENUNCIA,Nivel 1
EXTORSION,EXTORSION. ART. 244 C.P.,CALI,Granada,02,-76.533392,3.456581,SIN INFORMACION,2024,octubre   ,30,10/30/2024,4,09:20,DENUNCIA,Nivel 1
EXTORSION,EXTORSION. ART. 244 C.P.,CALI,San Pedro,03,-76.533131,3.449924,SIN INFORMACION,2024,octubre   ,31,10/31/2024,5,21:26,DENUNCIA,Nivel 1
EXTORSION,EXTORSION. ART. 244 C.P.,CALI,Sector Alto de los Chorros,18,-76.557076,3.393804,SIN INFORMACION,2024,octubre   ,31,10/31/2024,5,18:00,DENUNCIA,Nivel 1
EXTORSION,EXTORSION. ART. 244 C.P.,CALI,Los Chorros,18,-76.555388,3.394068,SIN INFORMACION,2024,octubre   ,31,10/31/2024,5,15:30,DENUNCIA,Nivel 1
EXTORSION,EXTORSION. ART. 244 C.P.,CALI,Santa Elena,10,-76.522011,3.425913,ESTABLECIMIENTO DE COMERCIO,2024,noviembre ,1,11/1/2024,6,11:35,DENUNCIA,Nivel 1
EXTORSION,EXTORSION. ART. 244 C.P.,CALI,Eucaristico,19,-76.540167,3.426217,SIN INFORMACION,2024,noviembre ,1,11/1/2024,6,10:15,DENUNCIA,Nivel 1
EXTORSION,EXTORSION. ART. 244 C.P.,CALI,Siloé,20,-76.557355,3.421624,SIN INFORMACION,2024,noviembre ,1,11/1/2024,6,14:33,DENUNCIA,Nivel 1
EXTORSION,EXTORSION. ART. 244 C.P.,CALI,Santa Elena,10,-76.522011,3.425913,ESTABLECIMIENTO DE COMERCIO,2024,noviembre ,1,11/1/2024,6,11:35,DENUNCIA,Nivel 1
EXTORSION,EXTORSION. ART. 244 C.P.,CALI,Santa Elena,10,-76.522011,3.425913,ESTABLECIMIENTO DE COMERCIO,2024,noviembre ,1,11/1/2024,6,11:35,DENUNCIA,Nivel 1
EXTORSION,EXTORSION. ART. 244 C.P.,CALI,Caney,17,-76.519545,3.384461,SIN INFORMACION,2024,noviembre ,1,11/1/2024,6,21:40,DENUNCIA,Nivel 1
EXTORSION,EXTORSION. ART. 244 C.P.,CALI,Los Chorros,18,-76.55388,3.39416,SIN INFORMACION,2024,noviembre ,3,11/3/2024,1,16:10,DENUNCIA,Nivel 1
EXTORSION,EXTORSION. ART. 244 C.P.,CALI,Rural,Rural,-76.561716,3.447711,SIN INFORMACION,2024,noviembre ,4,11/4/2024,2,15:30,DENUNCIA,Nivel 1
EXTORSION,EXTORSION. ART. 244 C.P.,CALI,Calimio Desepaz,21,-76.46731,3.416029,SIN INFORMACION,2024,noviembre ,4,11/4/2024,2,13:00,DENUNCIA,Nivel 1
EXTORSION,EXTORSION. ART. 244 C.P.,CALI,El Bosque,02,-76.532379,3.485694,ESTABLECIMIENTO DE COMERCIO,2024,noviembre ,5,11/5/2024,3,10:00,DENUNCIA,Nivel 1
EXTORSION,EXTORSION. ART. 244 C.P.,CALI,Ignacio Rengifo,04,-76.512189,3.472538,DOMICILIO,2024,noviembre ,5,11/5/2024,3,10:00,DENUNCIA,Nivel 1
EXTORSION,EXTORSION. ART. 244 C.P.,CALI,Meléndez,18,-76.545944,3.37685,SIN INFORMACION,2024,noviembre ,6,11/6/2024,4,09:48,DENUNCIA,Nivel 1
EXTORSION,EXTORSION. ART. 244 C.P.,CALI,San Nicolás,03,-76.518781,3.452981,SIN INFORMACION,2024,noviembre ,6,11/6/2024,4,15:44,DENUNCIA,Nivel 1
EXTORSION,EXTORSION. ART. 244 C.P.,CALI,Ciudad Talanga,21,-76.467736,3.435449,DOMICILIO,2024,noviembre ,6,11/6/2024,4,16:56,DENUNCIA,Nivel 1
EXTORSION,EXTORSION. ART. 244 C.P.,CALI,Los Parques Barranquilla,05,-76.496269,3.476304,SIN INFORMACION,2024,noviembre ,7,11/7/2024,5,21:53,DENUNCIA,Nivel 1
EXTORSION,EXTORSION. ART. 244 C.P.,CALI,Rural,Rural,-76.564271,3.367713,SIN INFORMACION,2024,noviembre ,7,11/7/2024,5,19:00,DENUNCIA,Nivel 1
EXTORSION,EXTORSION. ART. 244 C.P.,CALI,Ciudad Córdoba,15,-76.507202,3.403191,SIN INFORMACION,2024,noviembre ,8,11/8/2024,6,16:00,DENUNCIA,Nivel 1
EXTORSION,EXTORSION. ART. 244 C.P.,CALI,Las Ceibas,07,-76.488032,3.459267,DOMICILIO,2024,noviembre ,9,11/9/2024,7,19:00,DENUNCIA,Nivel 1
EXTORSION,EXTORSION. ART. 244 C.P.,CALI,Santa Anita - La Selva,17,-76.538368,3.408434,SIN INFORMACION,2024,noviembre ,10,11/10/2024,1,23:53,DENUNCIA,Nivel 1
EXTORSION,EXTORSION. ART. 244 C.P.,CALI,Manuela Beltrán,14,-76.47389,3.423543,SIN INFORMACION,2024,noviembre ,11,11/11/2024,2,11:00,DENUNCIA,Nivel 1
EXTORSION,EXTORSION. ART. 244 C.P.,CALI,San Pedro,03,-76.530549,3.455625,VIA PUBLICA,2024,noviembre ,12,11/12/2024,3,14:00,DENUNCIA,Nivel 1
EXTORSION,EXTORSION. ART. 244 C.P.,CALI,Lili,17,-76.519784,3.376571,ESTABLECIMIENTO DE COMERCIO,2024,noviembre ,12,11/12/2024,3,10:00,DENUNCIA,Nivel 1
EXTORSION,EXTORSION. ART. 244 C.P.,CALI,Urbanización La Flora,02,-76.513578,3.489014,VIA PUBLICA,2024,noviembre ,12,11/12/2024,3,18:30,DENUNCIA,Nivel 1
EXTORSION,EXTORSION. ART. 244 C.P.,CALI,El Morichal,15,-76.503365,3.397567,SIN INFORMACION,2024,noviembre ,12,11/12/2024,3,14:00,DENUNCIA,Nivel 1
EXTORSION,EXTORSION. ART. 244 C.P.,CALI,Mariano Ramos,16,-76.517924,3.403462,SIN INFORMACION,2024,noviembre ,13,11/13/2024,4,05:30,DENUNCIA,Nivel 1
EXTORSION,EXTORSION. ART. 244 C.P.,CALI,Valle Grande,21,-76.468244,3.43822,SIN INFORMACION,2024,noviembre ,13,11/13/2024,4,19:30,DENUNCIA,Nivel 1
EXTORSION,EXTORSION. ART. 244 C.P.,CALI,La Alianza,04,-76.504054,3.47323,SIN INFORMACION,2024,noviembre ,13,11/13/2024,4,05:38,DENUNCIA,Nivel 1
EXTORSION,EXTORSION. ART. 244 C.P.,CALI,Rural,Rural,-76.63542,3.32943,SIN INFORMACION,2024,noviembre ,13,11/13/2024,4,18:50,DENUNCIA,Nivel 1
EXTORSION,EXTORSION. ART. 244 C.P.,CALI,Torres de Comfandi,05,-76.501256,3.475487,SIN INFORMACION,2024,noviembre ,13,11/13/2024,4,02:47,DENUNCIA,Nivel 1
EXTORSION,EXTORSION. ART. 244 C.P.,CALI,Aguablanca,11,-76.517318,3.43016,SIN INFORMACION,2024,noviembre ,13,11/13/2024,4,23:00,DENUNCIA,Nivel 1
EXTORSION,EXTORSION. ART. 244 C.P.,CALI,Primitivo Crespo,08,-76.517014,3.437998,SIN INFORMACION,2024,noviembre ,13,11/13/2024,4,11:42,DENUNCIA,Nivel 1
EXTORSION,EXTORSION. ART. 244 C.P.,CALI,Urbanización San Joaquin,17,-76.526345,3.371353,ESTABLECIMIENTO DE SALUD,2024,noviembre ,14,11/14/2024,5,17:30,DENUNCIA,Nivel 1
EXTORSION,EXTORSION. ART. 244 C.P.,CALI,El Refugio,19,-76.547975,3.400954,SIN INFORMACION,2024,noviembre ,15,11/15/2024,6,20:00,DENUNCIA,Nivel 1
EXTORSION,EXTORSION. ART. 244 C.P.,CALI,El Sena,05,-76.502554,3.46636,SIN INFORMACION,2024,noviembre ,16,11/16/2024,7,16:15,DENUNCIA,Nivel 1
EXTORSION,EXTORSION. ART. 244 C.P.,CALI,Tejares - Cristales,19,-76.54731,3.437742,SIN INFORMACION,2024,noviembre ,16,11/16/2024,7,20:13,DENUNCIA,Nivel 1
EXTORSION,EXTORSION. ART. 244 C.P.,CALI,Los Comuneros I,15,-76.493214,3.40785,SIN INFORMACION,2024,noviembre ,18,11/18/2024,2,12:00,DENUNCIA,Nivel 1
EXTORSION,EXTORSION. ART. 244 C.P.,CALI,San Pedro,03,-76.532113,3.449446,SIN INFORMACION,2024,noviembre ,18,11/18/2024,2,16:00,DENUNCIA,Nivel 1
EXTORSION,EXTORSION. ART. 244 C.P.,CALI,El Vergel,13,-76.503723,3.416017,SIN INFORMACION,2024,noviembre ,20,11/20/2024,4,20:49,DENUNCIA,Nivel 1
EXTORSION,EXTORSION. ART. 244 C.P.,CALI,Los Libertadores,03,-76.542782,3.442979,DOMICILIO,2024,noviembre ,20,11/20/2024,4,16:30,DENUNCIA,Nivel 1
EXTORSION,EXTORSION. ART. 244 C.P.,CALI,Manuela Beltrán,14,-76.473167,3.418091,DOMICILIO,2024,noviembre ,20,11/20/2024,4,16:30,DENUNCIA,Nivel 1
EXTORSION,EXTORSION. ART. 244 C.P.,CALI,Navarro - La Chanca,03,-76.545348,3.44256,SIN INFORMACION,2024,noviembre ,20,11/20/2024,4,17:00,DENUNCIA,Nivel 1
EXTORSION,EXTORSION. ART. 244 C.P.,CALI,Chipichape,02,-76.52806,3.474387,CENTRO COMERCIAL,2024,noviembre ,21,11/21/2024,5,09:30,DENUNCIA,Nivel 1
EXTORSION,EXTORSION. ART. 244 C.P.,CALI,Barrio Obrero,09,-76.5214,3.445889,SIN INFORMACION,2024,noviembre ,23,11/23/2024,7,12:20,DENUNCIA,Nivel 1
EXTORSION,EXTORSION. ART. 244 C.P.,CALI,Paso del Comercio,06,-76.493214,3.490246,SIN INFORMACION,2024,noviembre ,23,11/23/2024,7,09:23,DENUNCIA,Nivel 1
EXTORSION,EXTORSION. ART. 244 C.P.,CALI,Ciudad 2000,16,-76.51959,3.394859,SIN INFORMACION,2024,noviembre ,23,11/23/2024,7,09:00,DENUNCIA,Nivel 1
EXTORSION,EXTORSION. ART. 244 C.P.,CALI,Ciudad 2000,16,-76.5236,3.394646,SIN INFORMACION,2024,noviembre ,23,11/23/2024,7,14:30,DENUNCIA,Nivel 1
EXTORSION,EXTORSION. ART. 244 C.P.,CALI,La Libertad,10,-76.523088,3.423932,DOMICILIO,2024,noviembre ,25,11/25/2024,2,11:55,DENUNCIA,Nivel 1
EXTORSION,EXTORSION. ART. 244 C.P.,CALI,Lleras Camargo,20,-76.561716,3.421831,SIN INFORMACION,2024,noviembre ,25,11/25/2024,2,19:00,DENUNCIA,Nivel 1
EXTORSION,EXTORSION. ART. 244 C.P.,CALI,Ciudad Córdoba,15,-76.514,3.398484,SIN INFORMACION,2024,noviembre ,25,11/25/2024,2,16:02,DENUNCIA,Nivel 1
EXTORSION,EXTORSION. ART. 244 C.P.,CALI,José Manuel Marroquín I,14,-76.478959,3.420508,DOMICILIO,2024,noviembre ,26,11/26/2024,3,11:00,DENUNCIA,Nivel 1
EXTORSION,EXTORSION. ART. 244 C.P.,CALI,Los Comuneros II,13,-76.492864,3.425074,SIN INFORMACION,2024,noviembre ,27,11/27/2024,4,19:00,DENUNCIA,Nivel 1
EXTORSION,EXTORSION. ART. 244 C.P.,CALI,Junín,09,-76.525716,3.433856,DOMICILIO,2024,noviembre ,27,11/27/2024,4,05:00,DENUNCIA,Nivel 1
EXTORSION,EXTORSION. ART. 244 C.P.,CALI,El Morichal,15,-76.500486,3.40308,SIN INFORMACION,2024,noviembre ,28,11/28/2024,5,05:00,DENUNCIA,Nivel 1
EXTORSION,EXTORSION. ART. 244 C.P.,CALI,Villa del Prado - El Guabito,05,-76.494838,3.465525,SIN INFORMACION,2024,noviembre ,28,11/28/2024,5,05:45,DENUNCIA,Nivel 1
EXTORSION,EXTORSION. ART. 244 C.P.,CALI,Guayaquil,09,-76.52603,3.441456,LOCAL COMERCIAL,2024,noviembre ,29,11/29/2024,6,09:00,DENUNCIA,Nivel 1
EXTORSION,EXTORSION. ART. 244 C.P.,CALI,Desepaz Invicali,21,-76.462615,3.422981,SIN INFORMACION,2024,noviembre ,29,11/29/2024,6,20:00,DENUNCIA,Nivel 1
EXTORSION,EXTORSION. ART. 244 C.P.,CALI,San Nicolás,03,-76.518781,3.452981,SIN INFORMACION,2024,noviembre ,30,11/30/2024,7,15:02,DENUNCIA,Nivel 1
EXTORSION,EXTORSION. ART. 244 C.P.,CALI,Los Guaduales,06,-76.496664,3.491701,SIN INFORMACION,2024,noviembre ,30,11/30/2024,7,14:30,DENUNCIA,Nivel 1
EXTORSION,EXTORSION. ART. 244 C.P.,CALI,Alfonso Lopez P. 1a Etapa,07,-76.480545,3.466573,RED VIRTUAL O INTERNET,2024,diciembre ,1,12/1/2024,1,04:00,DENUNCIA,Nivel 1
EXTORSION,EXTORSION. ART. 244 C.P.,CALI,La Floresta,08,-76.510856,3.44355,SIN INFORMACION,2024,diciembre ,2,12/2/2024,2,13:30,DENUNCIA,Nivel 1
EXTORSION,EXTORSION. ART. 244 C.P.,CALI,Rural,Rural,-76.549598,3.481237,SIN INFORMACION,2024,diciembre ,4,12/4/2024,4,05:01,DENUNCIA,Nivel 1
EXTORSION,EXTORSION. ART. 244 C.P.,CALI,Santa Mónica,02,-76.531264,3.469242,DOMICILIO,2024,diciembre ,4,12/4/2024,4,19:00,DENUNCIA,Nivel 1
EXTORSION,EXTORSION. ART. 244 C.P.,CALI,Parcelaciones Pance,22,-76.528005,3.358819,DOMICILIO,2024,diciembre ,4,12/4/2024,4,20:00,DENUNCIA,Nivel 1
EXTORSION,EXTORSION. ART. 244 C.P.,CALI,Urbanización Militar,19,-76.539944,3.416388,SIN INFORMACION,2024,diciembre ,5,12/5/2024,5,16:54,DENUNCIA,Nivel 1
EXTORSION,EXTORSION. ART. 244 C.P.,CALI,Prados del Norte,02,-76.521746,3.471699,SIN INFORMACION,2024,diciembre ,5,12/5/2024,5,14:00,DENUNCIA,Nivel 1
EXTORSION,EXTORSION. ART. 244 C.P.,CALI,Urbanización San Joaquin,17,-76.527032,3.376637,SIN INFORMACION,2024,diciembre ,5,12/5/2024,5,16:19,DENUNCIA,Nivel 1
EXTORSION,EXTORSION. ART. 244 C.P.,CALI,Caney,17,-76.51434,3.385982,SIN INFORMACION,2024,diciembre ,6,12/6/2024,6,05:30,DENUNCIA,Nivel 1
EXTORSION,EXTORSION. ART. 244 C.P.,CALI,San Nicolás,03,-76.518781,3.452981,SIN INFORMACION,2024,diciembre ,6,12/6/2024,6,11:33,DENUNCIA,Nivel 1
EXTORSION,EXTORSION. ART. 244 C.P.,CALI,Rural,Rural,-76.530294,3.295467,AREA RURAL,2024,diciembre ,6,12/6/2024,6,00:00,DENUNCIA,Nivel 1
EXTORSION,EXTORSION. ART. 244 C.P.,CALI,Rural,Rural,-76.540595,3.306096,SIN INFORMACION,2024,diciembre ,6,12/6/2024,6,21:30,DENUNCIA,Nivel 1
EXTORSION,EXTORSION. ART. 244 C.P.,CALI,San Nicolás,03,-76.518781,3.452981,SIN INFORMACION,2024,diciembre ,7,12/7/2024,7,12:00,DENUNCIA,Nivel 1
EXTORSION,EXTORSION. ART. 244 C.P.,CALI,La Hacienda,17,-76.525099,3.396635,SIN INFORMACION,2024,diciembre ,8,12/8/2024,1,09:21,DENUNCIA,Nivel 1
EXTORSION,EXTORSION. ART. 244 C.P.,CALI,Brisas de Los Álamos,02,-76.502944,3.492311,SIN INFORMACION,2024,diciembre ,9,12/9/2024,2,01:30,DENUNCIA,Nivel 1
EXTORSION,EXTORSION. ART. 244 C.P.,CALI,Aguablanca,11,-76.517549,3.429919,DOMICILIO,2024,diciembre ,9,12/9/2024,2,09:00,DENUNCIA,Nivel 1
EXTORSION,EXTORSION. ART. 244 C.P.,CALI,San Pedro,03,-76.533131,3.449924,SIN INFORMACION,2024,diciembre ,9,12/9/2024,2,08:38,DENUNCIA,Nivel 1
EXTORSION,EXTORSION. ART. 244 C.P.,CALI,Los Robles,13,-76.49344,3.421468,SIN INFORMACION,2024,diciembre ,10,12/10/2024,3,10:56,DENUNCIA,Nivel 1
EXTORSION,EXTORSION. ART. 244 C.P.,CALI,Las Orquídeas,14,-76.475417,3.413004,SIN INFORMACION,2024,diciembre ,11,12/11/2024,4,20:45,DENUNCIA,Nivel 1
EXTORSION,EXTORSION. ART. 244 C.P.,CALI,República de Israel,16,-76.509789,3.406065,SIN INFORMACION,2024,diciembre ,11,12/11/2024,4,13:58,DENUNCIA,Nivel 1
EXTORSION,EXTORSION. ART. 244 C.P.,CALI,Alameda,09,-76.53612,3.439283,SIN INFORMACION,2024,diciembre ,12,12/12/2024,5,15:00,DENUNCIA,Nivel 1
EXTORSION,EXTORSION. ART. 244 C.P.,CALI,Alfonso Bonilla Aragón,14,-76.482444,3.4244,SIN INFORMACION,2024,diciembre ,12,12/12/2024,5,05:33,DENUNCIA,Nivel 1
EXTORSION,EXTORSION. ART. 244 C.P.,CALI,San Luís,06,-76.488593,3.480724,SIN INFORMACION,2024,diciembre ,12,12/12/2024,5,15:20,DENUNCIA,Nivel 1
EXTORSION,EXTORSION. ART. 244 C.P.,CALI,Bretaña,09,-76.530516,3.438737,DOMICILIO,2024,diciembre ,14,12/14/2024,7,07:00,DENUNCIA,Nivel 1
EXTORSION,EXTORSION. ART. 244 C.P.,CALI,Los Cámbulos,19,-76.541961,3.419755,DOMICILIO,2024,diciembre ,15,12/15/2024,1,00:00,DENUNCIA,Nivel 1
EXTORSION,EXTORSION. ART. 244 C.P.,CALI,Santo Domingo,10,-76.532658,3.413531,SIN INFORMACION,2024,diciembre ,15,12/15/2024,1,04:00,DENUNCIA,Nivel 1
EXTORSION,EXTORSION. ART. 244 C.P.,CALI,Lleras Restrepo II,13,-76.493805,3.435296,SIN INFORMACION,2024,diciembre ,16,12/16/2024,2,01:00,DENUNCIA,Nivel 1
EXTORSION,EXTORSION. ART. 244 C.P.,CALI,José Manuel Marroquín I,14,-76.48116,3.424187,OTRO,2024,diciembre ,16,12/16/2024,2,18:55,DENUNCIA,Nivel 1
EXTORSION,EXTORSION. ART. 244 C.P.,CALI,La Rivera I,06,-76.486598,3.475307,SIN INFORMACION,2024,diciembre ,16,12/16/2024,2,13:40,DENUNCIA,Nivel 1
EXTORSION,EXTORSION. ART. 244 C.P.,CALI,Aguacatal,01,-76.56146,3.454949,RED VIRTUAL O INTERNET,2024,diciembre ,17,12/17/2024,3,13:30,DENUNCIA,Nivel 1
EXTORSION,EXTORSION. ART. 244 C.P.,CALI,Mariano Ramos,16,-76.515348,3.398224,SIN INFORMACION,2024,diciembre ,17,12/17/2024,3,05:39,DENUNCIA,Nivel 1
EXTORSION,EXTORSION. ART. 244 C.P.,CALI,San Nicolás,03,-76.518781,3.452981,SIN INFORMACION,2024,diciembre ,18,12/18/2024,4,16:00,DENUNCIA,Nivel 1
EXTORSION,EXTORSION. ART. 244 C.P.,CALI,Las Vegas,81,-76.51104,3.382135,SIN INFORMACION,2024,diciembre ,20,12/20/2024,6,21:30,DENUNCIA,Nivel 1
EXTORSION,EXTORSION. ART. 244 C.P.,CALI,Urbanización Ciudad Jardín,22,-76.530874,3.361442,ESTABLECIMIENTO DE COMERCIO,2024,diciembre ,21,12/21/2024,7,13:00,DENUNCIA,Nivel 1
EXTORSION,EXTORSION. ART. 244 C.P.,CALI,Petecuy Primera Etapa,06,-76.47861,3.473637,SIN INFORMACION,2024,diciembre ,21,12/21/2024,7,08:00,DENUNCIA,Nivel 1
EXTORSION,EXTORSION. ART. 244 C.P.,CALI,Nueva Floresta,12,-76.497323,3.432299,SIN INFORMACION,2024,diciembre ,23,12/23/2024,2,14:00,DENUNCIA,Nivel 1
EXTORSION,EXTORSION. ART. 244 C.P.,CALI,Junín,09,-76.527346,3.433997,SIN INFORMACION,2024,diciembre ,23,12/23/2024,2,13:42,DENUNCIA,Nivel 1
EXTORSION,EXTORSION. ART. 244 C.P.,CALI,Ciudadela Comfandi,17,-76.524404,3.38484,ESTABLECIMIENTO EDUCATIVO,2024,diciembre ,25,12/25/2024,4,02:00,DENUNCIA,Nivel 1
EXTORSION,EXTORSION. ART. 244 C.P.,CALI,Ciudadela del Rio - CVC,21,-76.466432,3.428784,DOMICILIO,2024,diciembre ,30,12/30/2024,2,09:00,DENUNCIA,Nivel 1
EXTORSION,EXTORSION. ART. 244 C.P.,CALI,Vista Hermosa,01,-76.577941,3.455345,SIN INFORMACION,2025,enero     ,2,1/2/2025,5,07:21,DENUNCIA,Nivel 1
EXTORSION,EXTORSION. ART. 244 C.P.,CALI,Mojica,15,-76.488131,3.419116,SIN INFORMACION,2025,enero     ,2,1/2/2025,5,23:30,DENUNCIA,Nivel 1
EXTORSION,EXTORSION. ART. 244 C.P.,CALI,Brisas de Los Álamos,02,-76.502578,3.494283,SIN INFORMACION,2025,enero     ,3,1/3/2025,6,21:00,DENUNCIA,Nivel 1
EXTORSION,EXTORSION. ART. 244 C.P.,CALI,Julio Rincón,12,-76.499614,3.428162,ESTABLECIMIENTO DE COMERCIO,2025,enero     ,3,1/3/2025,6,10:34,DENUNCIA,Nivel 1
EXTORSION,EXTORSION. ART. 244 C.P.,CALI,Siloé,20,-76.555926,3.418115,SIN INFORMACION,2025,enero     ,3,1/3/2025,6,13:00,DENUNCIA,Nivel 1
EXTORSION,EXTORSION. ART. 244 C.P.,CALI,San Judas Tadeo I,10,-76.52413,3.408714,SIN INFORMACION,2025,enero     ,4,1/4/2025,7,15:12,DENUNCIA,Nivel 1
EXTORSION,EXTORSION. ART. 244 C.P.,CALI,El Limonar,17,-76.528155,3.405375,SIN INFORMACION,2025,enero     ,5,1/5/2025,1,20:00,DENUNCIA,Nivel 1
EXTORSION,EXTORSION. ART. 244 C.P.,CALI,Rural,Rural,-76.564926,3.436039,VIA PUBLICA,2025,enero     ,5,1/5/2025,1,00:00,DENUNCIA,Nivel 1
EXTORSION,EXTORSION. ART. 244 C.P.,CALI,Municipal,08,-76.512379,3.449711,SIN INFORMACION,2025,enero     ,6,1/6/2025,2,00:00,DENUNCIA,Nivel 1
EXTORSION,EXTORSION. ART. 244 C.P.,CALI,San Nicolás,03,-76.51878,3.452952,AREA RURAL,2025,enero     ,7,1/7/2025,3,09:15,DENUNCIA,Nivel 1
EXTORSION,EXTORSION. ART. 244 C.P.,CALI,20 de Julio,11,-76.513646,3.435124,SIN INFORMACION,2025,enero     ,7,1/7/2025,3,04:38,DENUNCIA,Nivel 1
EXTORSION,EXTORSION. ART. 244 C.P.,CALI,Alfonso Bonilla Aragón,14,-76.480276,3.417593,SIN INFORMACION,2025,enero     ,7,1/7/2025,3,15:45,DENUNCIA,Nivel 1
EXTORSION,EXTORSION. ART. 244 C.P.,CALI,San Nicolás,03,-76.518781,3.452981,SIN INFORMACION,2025,enero     ,8,1/8/2025,4,15:04,DENUNCIA,Nivel 1
EXTORSION,EXTORSION. ART. 244 C.P.,CALI,Antonio Nariño,16,-76.507895,3.413215,DOMICILIO,2025,enero     ,8,1/8/2025,4,12:15,DENUNCIA,Nivel 1
EXTORSION,EXTORSION. ART. 244 C.P.,CALI,Los Comuneros I,15,-76.494091,3.415018,DOMICILIO,2025,enero     ,8,1/8/2025,4,19:33,DENUNCIA,Nivel 1
EXTORSION,EXTORSION. ART. 244 C.P.,CALI,Prados de Oriente,11,-76.511547,3.432699,ESTABLECIMIENTO CARCELARIO,2025,enero     ,8,1/8/2025,4,00:00,DENUNCIA,Nivel 1
EXTORSION,EXTORSION. ART. 244 C.P.,CALI,Ciudad Córdoba,15,-76.507662,3.401004,SIN INFORMACION,2025,enero     ,8,1/8/2025,4,14:30,DENUNCIA,Nivel 1
EXTORSION,EXTORSION. ART. 244 C.P.,CALI,San Nicolás,03,-76.518781,3.452981,SIN INFORMACION,2025,enero     ,9,1/9/2025,5,05:30,DENUNCIA,Nivel 1
EXTORSION,EXTORSION. ART. 244 C.P.,CALI,Petecuy Primera Etapa,06,-76.481192,3.473781,SIN INFORMACION,2025,enero     ,9,1/9/2025,5,16:56,DENUNCIA,Nivel 1
EXTORSION,EXTORSION. ART. 244 C.P.,CALI,La Fortaleza,11,-76.51516,3.4257,SIN INFORMACION,2025,enero     ,10,1/10/2025,6,02:00,DENUNCIA,Nivel 1
EXTORSION,EXTORSION. ART. 244 C.P.,CALI,Ulpiano Lloreda,13,-76.490382,3.44083,SIN INFORMACION,2025,enero     ,10,1/10/2025,6,15:00,DENUNCIA,Nivel 1
EXTORSION,EXTORSION. ART. 244 C.P.,CALI,San Pedro,03,-76.533131,3.449924,SIN INFORMACION,2025,enero     ,12,1/12/2025,1,10:36,DENUNCIA,Nivel 1
EXTORSION,EXTORSION. ART. 244 C.P.,CALI,San Nicolás,03,-76.518781,3.452981,SIN INFORMACION,2025,enero     ,13,1/13/2025,2,14:23,DENUNCIA,Nivel 1
EXTORSION,EXTORSION. ART. 244 C.P.,CALI,Simón Bolívar,08,-76.517255,3.44182,SIN INFORMACION,2025,enero     ,13,1/13/2025,2,08:40,DENUNCIA,Nivel 1
EXTORSION,EXTORSION. ART. 244 C.P.,CALI,Los Lagos,13,-76.485165,3.427713,SIN INFORMACION,2025,enero     ,13,1/13/2025,2,14:00,DENUNCIA,Nivel 1
EXTORSION,EXTORSION. ART. 244 C.P.,CALI,Metropolitano del Norte,05,-76.492815,3.481106,SIN INFORMACION,2025,enero     ,15,1/15/2025,4,08:00,DENUNCIA,Nivel 1
EXTORSION,EXTORSION. ART. 244 C.P.,CALI,Aranjuez,09,-76.52322,3.436466,SIN INFORMACION,2025,enero     ,15,1/15/2025,4,05:05,DENUNCIA,Nivel 1
EXTORSION,EXTORSION. ART. 244 C.P.,CALI,El Peñón,03,-76.542497,3.449418,ESTABLECIMIENTO DE COMERCIO,2025,enero     ,16,1/16/2025,5,16:30,DENUNCIA,Nivel 1
EXTORSION,EXTORSION. ART. 244 C.P.,CALI,El Ingenio,17,-76.529709,3.382708,SIN INFORMACION,2025,enero     ,16,1/16/2025,5,04:10,DENUNCIA,Nivel 1
EXTORSION,EXTORSION. ART. 244 C.P.,CALI,Alfonso Lopez P. 3a Etapa,07,-76.478098,3.450641,DOMICILIO,2025,enero     ,16,1/16/2025,5,13:00,DENUNCIA,Nivel 1
EXTORSION,EXTORSION. ART. 244 C.P.,CALI,Mariano Ramos,16,-76.514793,3.398784,SIN INFORMACION,2025,enero     ,16,1/16/2025,5,05:00,DENUNCIA,Nivel 1
EXTORSION,EXTORSION. ART. 244 C.P.,CALI,Villa del Lago,13,-76.489572,3.437816,SIN INFORMACION,2025,enero     ,17,1/17/2025,6,15:29,DENUNCIA,Nivel 1
EXTORSION,EXTORSION. ART. 244 C.P.,CALI,El Troncal,08,-76.510231,3.449908,SIN INFORMACION,2025,enero     ,17,1/17/2025,6,16:00,DENUNCIA,Nivel 1
EXTORSION,EXTORSION. ART. 244 C.P.,CALI,Vista Hermosa,01,-76.575195,3.454793,SIN INFORMACION,2025,enero     ,17,1/17/2025,6,16:45,DENUNCIA,Nivel 1
EXTORSION,EXTORSION. ART. 244 C.P.,CALI,Los Sauces,11,-76.514325,3.419223,DOMICILIO,2025,enero     ,18,1/18/2025,7,10:41,DENUNCIA,Nivel 1
EXTORSION,EXTORSION. ART. 244 C.P.,CALI,Ciudad Córdoba,15,-76.510136,3.397716,SIN INFORMACION,2025,enero     ,19,1/19/2025,1,11:33,DENUNCIA,Nivel 1
EXTORSION,EXTORSION. ART. 244 C.P.,CALI,El Diamante,13,-76.501101,3.421561,SIN INFORMACION,2025,enero     ,19,1/19/2025,1,17:00,DENUNCIA,Nivel 1
EXTORSION,EXTORSION. ART. 244 C.P.,CALI,Ciudadela Floralia,06,-76.496252,3.498233,LOCAL COMERCIAL,2025,enero     ,20,1/20/2025,2,09:30,DENUNCIA,Nivel 1
EXTORSION,EXTORSION. ART. 244 C.P.,CALI,Santo Domingo,10,-76.532523,3.413198,SIN INFORMACION,2025,enero     ,20,1/20/2025,2,02:00,DENUNCIA,Nivel 1
EXTORSION,EXTORSION. ART. 244 C.P.,CALI,Santa Elena,10,-76.520472,3.428394,VIA PUBLICA,2025,enero     ,21,1/21/2025,3,18:39,DENUNCIA,Nivel 1
EXTORSION,EXTORSION. ART. 244 C.P.,CALI,Los Andes B - La Riviera,05,-76.495397,3.468356,DOMICILIO,2025,enero     ,22,1/22/2025,4,16:38,DENUNCIA,Nivel 1
EXTORSION,EXTORSION. ART. 244 C.P.,CALI,Pizamos II,21,-76.472041,3.402151,SIN INFORMACION,2025,enero     ,22,1/22/2025,4,21:30,DENUNCIA,Nivel 1
EXTORSION,EXTORSION. ART. 244 C.P.,CALI,Lili,17,-76.515802,3.369118,SIN INFORMACION,2025,enero     ,27,1/27/2025,2,11:00,DENUNCIA,Nivel 1
EXTORSION,EXTORSION. ART. 244 C.P.,CALI,San Nicolás,03,-76.518781,3.452981,SIN INFORMACION,2025,enero     ,27,1/27/2025,2,21:48,DENUNCIA,Nivel 1
EXTORSION,EXTORSION. ART. 244 C.P.,CALI,Santander,04,-76.514749,3.463459,SIN INFORMACION,2025,enero     ,28,1/28/2025,3,14:56,DENUNCIA,Nivel 1
EXTORSION,EXTORSION. ART. 244 C.P.,CALI,Urbanización Militar,19,-76.541309,3.411974,LOCAL COMERCIAL,2025,enero     ,28,1/28/2025,3,10:10,DENUNCIA,Nivel 1
EXTORSION,EXTORSION. ART. 244 C.P.,CALI,Alfonso Bonilla Aragón,14,-76.478713,3.418951,DOMICILIO,2025,enero     ,29,1/29/2025,4,11:30,DENUNCIA,Nivel 1
EXTORSION,EXTORSION. ART. 244 C.P.,CALI,San Nicolás,03,-76.518781,3.452981,SIN INFORMACION,2025,enero     ,29,1/29/2025,4,01:00,DENUNCIA,Nivel 1
EXTORSION,EXTORSION. ART. 244 C.P.,CALI,Villa Colombia,08,-76.499484,3.44909,SIN INFORMACION,2025,enero     ,29,1/29/2025,4,18:07,DENUNCIA,Nivel 1
EXTORSION,EXTORSION. ART. 244 C.P.,CALI,Rural,Rural,-76.58977,3.34712,AREA RURAL,2025,enero     ,29,1/29/2025,4,11:30,DENUNCIA,Nivel 1
EXTORSION,EXTORSION. ART. 244 C.P.,CALI,Las Quintas de Don Simón,17,-76.537812,3.391462,SIN INFORMACION,2025,enero     ,30,1/30/2025,5,09:47,DENUNCIA,Nivel 1
EXTORSION,EXTORSION. ART. 244 C.P.,CALI,Ciudadela Floralia,06,-76.492974,3.496184,DOMICILIO,2025,enero     ,30,1/30/2025,5,22:27,DENUNCIA,Nivel 1
EXTORSION,EXTORSION. ART. 244 C.P.,CALI,San Pedro,03,-76.533131,3.449924,SIN INFORMACION,2025,enero     ,30,1/30/2025,5,10:54,DENUNCIA,Nivel 1
EXTORSION,EXTORSION. ART. 244 C.P.,CALI,San Pedro,03,-76.533131,3.449924,SIN INFORMACION,2025,enero     ,30,1/30/2025,5,15:30,DENUNCIA,Nivel 1
EXTORSION,EXTORSION. ART. 244 C.P.,CALI,Los Guaduales,06,-76.497689,3.490878,SIN INFORMACION,2025,enero     ,30,1/30/2025,5,23:28,DENUNCIA,Nivel 1
EXTORSION,EXTORSION. ART. 244 C.P.,CALI,Rural,Rural,-76.550775,3.437702,SIN INFORMACION,2025,enero     ,31,1/31/2025,6,05:00,DENUNCIA,Nivel 1
EXTORSION,EXTORSION. ART. 244 C.P.,CALI,Junín,09,-76.527346,3.433997,SIN INFORMACION,2025,febrero   ,1,2/1/2025,7,09:08,DENUNCIA,Nivel 1
EXTORSION,EXTORSION. ART. 244 C.P.,CALI,Venezuela - Urbanización Cañaveralejo,20,-76.564082,3.412124,SIN INFORMACION,2025,febrero   ,3,2/3/2025,2,15:00,DENUNCIA,Nivel 1
EXTORSION,EXTORSION. ART. 244 C.P.,CALI,San Nicolás,03,-76.518781,3.452981,SIN INFORMACION,2025,febrero   ,3,2/3/2025,2,17:30,DENUNCIA,Nivel 1
EXTORSION,EXTORSION. ART. 244 C.P.,CALI,Los Lagos,13,-76.486397,3.431309,SIN INFORMACION,2025,febrero   ,3,2/3/2025,2,22:00,DENUNCIA,Nivel 1
EXTORSION,EXTORSION. ART. 244 C.P.,CALI,Rural,Rural,-76.481735,3.305277,SIN INFORMACION,2025,febrero   ,4,2/4/2025,3,16:52,DENUNCIA,Nivel 1
EXTORSION,EXTORSION. ART. 244 C.P.,CALI,San Nicolás,03,-76.518781,3.452981,SIN INFORMACION,2025,febrero   ,5,2/5/2025,4,17:46,DENUNCIA,Nivel 1
EXTORSION,EXTORSION. ART. 244 C.P.,CALI,Calimio Desepaz,21,-76.468642,3.413597,SIN INFORMACION,2025,febrero   ,6,2/6/2025,5,11:07,DENUNCIA,Nivel 1
EXTORSION,EXTORSION. ART. 244 C.P.,CALI,Alfonso Barberena A.,12,-76.509229,3.434115,SIN INFORMACION,2025,febrero   ,6,2/6/2025,5,19:00,DENUNCIA,Nivel 1
EXTORSION,EXTORSION. ART. 244 C.P.,CALI,Valle Grande,21,-76.470696,3.43695,SIN INFORMACION,2025,febrero   ,7,2/7/2025,6,19:30,DENUNCIA,Nivel 1
EXTORSION,EXTORSION. ART. 244 C.P.,CALI,Alirio Mora Beltrán,14,-76.478813,3.438502,SIN INFORMACION,2025,febrero   ,7,2/7/2025,6,16:19,DENUNCIA,Nivel 1
EXTORSION,EXTORSION. ART. 244 C.P.,CALI,Lili,17,-76.521092,3.366018,LUGAR DE TRABAJO,2025,febrero   ,7,2/7/2025,6,12:33,DENUNCIA,Nivel 1
EXTORSION,EXTORSION. ART. 244 C.P.,CALI,Alirio Mora Beltrán,14,-76.478813,3.438502,DOMICILIO,2025,febrero   ,7,2/7/2025,6,16:19,DENUNCIA,Nivel 1
EXTORSION,EXTORSION. ART. 244 C.P.,CALI,Alfonso Lopez P. 2a Etapa,07,-76.480015,3.461643,SIN INFORMACION,2025,febrero   ,7,2/7/2025,6,05:56,DENUNCIA,Nivel 1
EXTORSION,EXTORSION. ART. 244 C.P.,CALI,Sucre,09,-76.52465,3.449429,SIN INFORMACION,2025,febrero   ,7,2/7/2025,6,08:00,DENUNCIA,Nivel 1
EXTORSION,EXTORSION. ART. 244 C.P.,CALI,Nápoles,18,-76.548058,3.38644,SIN INFORMACION,2025,febrero   ,8,2/8/2025,7,05:11,DENUNCIA,Nivel 1
EXTORSION,EXTORSION. ART. 244 C.P.,CALI,Metropolitano del Norte,05,-76.488255,3.476676,SIN INFORMACION,2025,febrero   ,9,2/9/2025,1,03:00,DENUNCIA,Nivel 1
EXTORSION,EXTORSION. ART. 244 C.P.,CALI,Santa Teresita,02,-76.547863,3.452046,SIN INFORMACION,2025,febrero   ,9,2/9/2025,1,20:00,DENUNCIA,Nivel 1
EXTORSION,EXTORSION. ART. 244 C.P.,CALI,Aguablanca,11,-76.517696,3.431362,SIN INFORMACION,2025,febrero   ,9,2/9/2025,1,22:40,DENUNCIA,Nivel 1
EXTORSION,EXTORSION. ART. 244 C.P.,CALI,La Base,08,-76.494968,3.44765,DOMICILIO,2025,febrero   ,9,2/9/2025,1,09:30,DENUNCIA,Nivel 1
EXTORSION,EXTORSION. ART. 244 C.P.,CALI,Brisas del Limonar,16,-76.521887,3.400822,SIN INFORMACION,2025,febrero   ,10,2/10/2025,2,20:53,DENUNCIA,Nivel 1
EXTORSION,EXTORSION. ART. 244 C.P.,CALI,Arboledas,02,-76.547477,3.450051,SIN INFORMACION,2025,febrero   ,10,2/10/2025,2,19:30,DENUNCIA,Nivel 1
EXTORSION,EXTORSION. ART. 244 C.P.,CALI,San Nicolás,03,-76.518781,3.452981,SIN INFORMACION,2025,febrero   ,10,2/10/2025,2,10:00,DENUNCIA,Nivel 1
EXTORSION,EXTORSION. ART. 244 C.P.,CALI,Sucre,09,-76.528118,3.450143,SIN INFORMACION,2025,febrero   ,11,2/11/2025,3,11:54,DENUNCIA,Nivel 1
EXTORSION,EXTORSION. ART. 244 C.P.,CALI,Alameda,09,-76.536722,3.436894,OTRO,2025,febrero   ,11,2/11/2025,3,00:00,DENUNCIA,Nivel 1
EXTORSION,EXTORSION. ART. 244 C.P.,CALI,Brisas de Mayo,20,-76.562943,3.415913,SIN INFORMACION,2025,febrero   ,12,2/12/2025,4,14:00,DENUNCIA,Nivel 1
EXTORSION,EXTORSION. ART. 244 C.P.,CALI,San Nicolás,03,-76.518781,3.452981,SIN INFORMACION,2025,febrero   ,12,2/12/2025,4,06:00,DENUNCIA,Nivel 1
EXTORSION,EXTORSION. ART. 244 C.P.,CALI,Alirio Mora Beltrán,14,-76.478061,3.434297,DOMICILIO,2025,febrero   ,13,2/13/2025,5,08:39,DENUNCIA,Nivel 1
EXTORSION,EXTORSION. ART. 244 C.P.,CALI,Unicentro Cali,17,-76.541275,3.373355,CENTRO COMERCIAL,2025,febrero   ,13,2/13/2025,5,10:30,DENUNCIA,Nivel 1
EXTORSION,EXTORSION. ART. 244 C.P.,CALI,San Nicolás,03,-76.518781,3.452981,SIN INFORMACION,2025,febrero   ,14,2/14/2025,6,18:35,DENUNCIA,Nivel 1
EXTORSION,EXTORSION. ART. 244 C.P.,CALI,Urbanización San Joaquin,17,-76.527634,3.368887,CENTRO COMERCIAL,2025,febrero   ,14,2/14/2025,6,10:45,DENUNCIA,Nivel 1
EXTORSION,EXTORSION. ART. 244 C.P.,CALI,Rural,Rural,-76.532152,3.298076,DOMICILIO,2025,febrero   ,14,2/14/2025,6,13:00,DENUNCIA,Nivel 1
EXTORSION,EXTORSION. ART. 244 C.P.,CALI,San Nicolás,03,-76.518781,3.452981,SIN INFORMACION,2025,febrero   ,14,2/14/2025,6,08:00,DENUNCIA,Nivel 1
EXTORSION,EXTORSION. ART. 244 C.P.,CALI,Rural,Rural,-76.532152,3.298076,DOMICILIO,2025,febrero   ,14,2/14/2025,6,13:00,DENUNCIA,Nivel 1
EXTORSION,EXTORSION. ART. 244 C.P.,CALI,Urbanización Militar,19,-76.538215,3.415183,DOMICILIO,2025,febrero   ,15,2/15/2025,7,17:00,DENUNCIA,Nivel 1
EXTORSION,EXTORSION. ART. 244 C.P.,CALI,Mojica,15,-76.488531,3.417881,DOMICILIO,2025,febrero   ,15,2/15/2025,7,10:00,DENUNCIA,Nivel 1
EXTORSION,EXTORSION. ART. 244 C.P.,CALI,Rural,Rural,-76.56479,3.435925,SIN INFORMACION,2025,febrero   ,15,2/15/2025,7,18:26,DENUNCIA,Nivel 1
EXTORSION,EXTORSION. ART. 244 C.P.,CALI,San Nicolás,03,-76.518781,3.452981,SIN INFORMACION,2025,febrero   ,16,2/16/2025,1,01:00,DENUNCIA,Nivel 1
EXTORSION,EXTORSION. ART. 244 C.P.,CALI,Horizontes,18,-76.547483,3.376427,SIN INFORMACION,2025,febrero   ,16,2/16/2025,1,02:00,DENUNCIA,Nivel 1
EXTORSION,EXTORSION. ART. 244 C.P.,CALI,San Pedro,03,-76.533131,3.449924,SIN INFORMACION,2025,febrero   ,17,2/17/2025,2,18:00,DENUNCIA,Nivel 1
EXTORSION,EXTORSION. ART. 244 C.P.,CALI,Urbanización San Joaquin,17,-76.5278,3.36911,CENTRO COMERCIAL,2025,febrero   ,18,2/18/2025,3,09:20,DENUNCIA,Nivel 1
EXTORSION,EXTORSION. ART. 244 C.P.,CALI,Santa Elena,10,-76.524063,3.426464,SIN INFORMACION,2025,febrero   ,18,2/18/2025,3,20:00,DENUNCIA,Nivel 1
EXTORSION,EXTORSION. ART. 244 C.P.,CALI,Belisario Caicedo,20,-76.557426,3.414143,SIN INFORMACION,2025,febrero   ,19,2/19/2025,4,02:07,DENUNCIA,Nivel 1
EXTORSION,EXTORSION. ART. 244 C.P.,CALI,Petecuy Segunda Etapa,06,-76.482722,3.478615,SIN INFORMACION,2025,febrero   ,20,2/20/2025,5,15:00,DENUNCIA,Nivel 1
EXTORSION,EXTORSION. ART. 244 C.P.,CALI,San Nicolás,03,-76.518781,3.452981,SIN INFORMACION,2025,febrero   ,20,2/20/2025,5,10:00,DENUNCIA,Nivel 1
EXTORSION,EXTORSION. ART. 244 C.P.,CALI,Alto Nápoles,18,-76.560109,3.384223,SIN INFORMACION,2025,febrero   ,20,2/20/2025,5,20:00,DENUNCIA,Nivel 1
EXTORSION,EXTORSION. ART. 244 C.P.,CALI,La Merced,03,-76.536238,3.450422,SIN INFORMACION,2025,febrero   ,20,2/20/2025,5,15:00,DENUNCIA,Nivel 1
EXTORSION,EXTORSION. ART. 244 C.P.,CALI,La Independencia,11,-76.517834,3.416009,SIN INFORMACION,2025,febrero   ,20,2/20/2025,5,17:00,DENUNCIA,Nivel 1
EXTORSION,EXTORSION. ART. 244 C.P.,CALI,El Ingenio,17,-76.526085,3.38618,SIN INFORMACION,2025,febrero   ,21,2/21/2025,6,13:00,DENUNCIA,Nivel 1
EXTORSION,EXTORSION. ART. 244 C.P.,CALI,Manuela Beltrán,14,-76.47091,3.422313,RED VIRTUAL O INTERNET,2025,febrero   ,21,2/21/2025,6,19:30,DENUNCIA,Nivel 1
EXTORSION,EXTORSION. ART. 244 C.P.,CALI,Sector Alto de los Chorros,18,-76.557725,3.392519,ESTABLECIMIENTO DE COMERCIO,2025,febrero   ,22,2/22/2025,7,08:30,DENUNCIA,Nivel 1
EXTORSION,EXTORSION. ART. 244 C.P.,CALI,Bochalema,81,-76.520668,3.356451,CENTRO COMERCIAL,2025,febrero   ,22,2/22/2025,7,14:00,DENUNCIA,Nivel 1
EXTORSION,EXTORSION. ART. 244 C.P.,CALI,Sector Alto de los Chorros,18,-76.557725,3.392519,ESTABLECIMIENTO DE COMERCIO,2025,febrero   ,22,2/22/2025,7,08:30,DENUNCIA,Nivel 1
EXTORSION,EXTORSION. ART. 244 C.P.,CALI,Polvorines,18,-76.555234,3.368859,SIN INFORMACION,2025,febrero   ,23,2/23/2025,1,20:30,DENUNCIA,Nivel 1
EXTORSION,EXTORSION. ART. 244 C.P.,CALI,San Nicolás,03,-76.518781,3.452981,SIN INFORMACION,2025,febrero   ,23,2/23/2025,1,15:00,DENUNCIA,Nivel 1
EXTORSION,EXTORSION. ART. 244 C.P.,CALI,Caney,17,-76.518914,3.38084,SIN INFORMACION,2025,febrero   ,24,2/24/2025,2,10:00,DENUNCIA,Nivel 1
EXTORSION,EXTORSION. ART. 244 C.P.,CALI,Santo Domingo,10,-76.531941,3.412045,SIN INFORMACION,2025,febrero   ,24,2/24/2025,2,00:10,DENUNCIA,Nivel 1
EXTORSION,EXTORSION. ART. 244 C.P.,CALI,El Morichal,15,-76.505026,3.399703,DOMICILIO,2025,febrero   ,24,2/24/2025,2,01:00,DENUNCIA,Nivel 1
EXTORSION,EXTORSION. ART. 244 C.P.,CALI,El Retiro,15,-76.498671,3.410415,SIN INFORMACION,2025,febrero   ,25,2/25/2025,3,22:04,DENUNCIA,Nivel 1
EXTORSION,EXTORSION. ART. 244 C.P.,CALI,Pizamos II,21,-76.472088,3.40392,DOMICILIO,2025,febrero   ,25,2/25/2025,3,16:00,DENUNCIA,Nivel 1
EXTORSION,EXTORSION. ART. 244 C.P.,CALI,La Merced,03,-76.535676,3.449923,SIN INFORMACION,2025,febrero   ,25,2/25/2025,3,21:19,DENUNCIA,Nivel 1
EXTORSION,EXTORSION. ART. 244 C.P.,CALI,Mojica,15,-76.48926,3.416952,SIN INFORMACION,2025,febrero   ,25,2/25/2025,3,09:02,DENUNCIA,Nivel 1
EXTORSION,EXTORSION. ART. 244 C.P.,CALI,Urbanización Boyaca,11,-76.51996,3.423002,SIN INFORMACION,2025,febrero   ,26,2/26/2025,4,17:29,DENUNCIA,Nivel 1
EXTORSION,EXTORSION. ART. 244 C.P.,CALI,El Jardín,11,-76.517466,3.424664,SIN INFORMACION,2025,febrero   ,26,2/26/2025,4,14:18,DENUNCIA,Nivel 1
EXTORSION,EXTORSION. ART. 244 C.P.,CALI,San Nicolás,03,-76.518781,3.452981,SIN INFORMACION,2025,febrero   ,26,2/26/2025,4,10:27,DENUNCIA,Nivel 1
EXTORSION,EXTORSION. ART. 244 C.P.,CALI,Sector Patio Bonito,01,-76.586697,3.46136,SIN INFORMACION,2025,febrero   ,28,2/28/2025,6,20:00,DENUNCIA,Nivel 1
EXTORSION,EXTORSION. ART. 244 C.P.,CALI,Unidad Residencial El Coliseo,19,-76.554727,3.41564,EDIFICIO,2025,marzo     ,1,3/1/2025,7,00:00,DENUNCIA,Nivel 1
EXTORSION,EXTORSION. ART. 244 C.P.,CALI,San Nicolás,03,-76.518781,3.452981,SIN INFORMACION,2025,marzo     ,2,3/2/2025,1,08:00,DENUNCIA,Nivel 1
EXTORSION,EXTORSION. ART. 244 C.P.,CALI,Caldas,18,-76.550019,3.394696,SIN INFORMACION,2025,marzo     ,2,3/2/2025,1,15:00,DENUNCIA,Nivel 1
EXTORSION,EXTORSION. ART. 244 C.P.,CALI,Las Vegas,81,-76.510612,3.384229,SIN INFORMACION,2025,marzo     ,2,3/2/2025,1,12:19,DENUNCIA,Nivel 1
EXTORSION,EXTORSION. ART. 244 C.P.,CALI,El Morichal,15,-76.502177,3.4034,SIN INFORMACION,2025,marzo     ,2,3/2/2025,1,08:00,DENUNCIA,Nivel 1
EXTORSION,EXTORSION. ART. 244 C.P.,CALI,San Pedro,03,-76.533131,3.449924,SIN INFORMACION,2025,marzo     ,3,3/3/2025,2,14:35,DENUNCIA,Nivel 1
EXTORSION,EXTORSION. ART. 244 C.P.,CALI,El Troncal,08,-76.508335,3.452903,SIN INFORMACION,2025,marzo     ,3,3/3/2025,2,19:00,DENUNCIA,Nivel 1
EXTORSION,EXTORSION. ART. 244 C.P.,CALI,Terrón Colorado,01,-76.557538,3.454592,SIN INFORMACION,2025,marzo     ,3,3/3/2025,2,17:37,DENUNCIA,Nivel 1
EXTORSION,EXTORSION. ART. 244 C.P.,CALI,Los Guayacanes,05,-76.489671,3.469465,SIN INFORMACION,2025,marzo     ,3,3/3/2025,2,19:31,DENUNCIA,Nivel 1
EXTORSION,EXTORSION. ART. 244 C.P.,CALI,Rural,Rural,-76.522708,3.318251,OTRO,2025,marzo     ,4,3/4/2025,3,00:00,DENUNCIA,Nivel 1
EXTORSION,EXTORSION. ART. 244 C.P.,CALI,Saavedra Galindo,08,-76.517291,3.444693,DOMICILIO,2025,marzo     ,4,3/4/2025,3,10:10,DENUNCIA,Nivel 1
EXTORSION,EXTORSION. ART. 244 C.P.,CALI,El Cedro,19,-76.535842,3.431943,SIN INFORMACION,2025,marzo     ,4,3/4/2025,3,05:20,DENUNCIA,Nivel 1
EXTORSION,EXTORSION. ART. 244 C.P.,CALI,Prados del Norte,02,-76.522658,3.468553,SIN INFORMACION,2025,marzo     ,5,3/5/2025,4,10:40,DENUNCIA,Nivel 1
EXTORSION,EXTORSION. ART. 244 C.P.,CALI,Guayaquil,09,-76.5296,3.43606,LUGAR DE TRABAJO,2025,marzo     ,5,3/5/2025,4,20:20,DENUNCIA,Nivel 1
EXTORSION,EXTORSION. ART. 244 C.P.,CALI,San Juan Bosco,03,-76.534172,3.44294,SIN INFORMACION,2025,marzo     ,5,3/5/2025,4,20:00,DENUNCIA,Nivel 1
EXTORSION,EXTORSION. ART. 244 C.P.,CALI,Polvorines,18,-76.555234,3.368859,SIN INFORMACION,2025,marzo     ,6,3/6/2025,5,01:22,DENUNCIA,Nivel 1
EXTORSION,EXTORSION. ART. 244 C.P.,CALI,Villa del Prado - El Guabito,05,-76.492847,3.467481,SIN INFORMACION,2025,marzo     ,6,3/6/2025,5,23:30,DENUNCIA,Nivel 1
EXTORSION,EXTORSION. ART. 244 C.P.,CALI,Calima,04,-76.496933,3.486217,SIN INFORMACION,2025,marzo     ,6,3/6/2025,5,05:48,DENUNCIA,Nivel 1
EXTORSION,EXTORSION. ART. 244 C.P.,CALI,Villanueva,12,-76.509414,3.430904,OTRO,2025,marzo     ,7,3/7/2025,6,17:00,DENUNCIA,Nivel 1
EXTORSION,EXTORSION. ART. 244 C.P.,CALI,Parcelaciones Pance,22,-76.530906,3.346941,SIN INFORMACION,2025,marzo     ,7,3/7/2025,6,15:00,DENUNCIA,Nivel 1
EXTORSION,EXTORSION. ART. 244 C.P.,CALI,Lili,17,-76.52113,3.373233,RED VIRTUAL O INTERNET,2025,marzo     ,7,3/7/2025,6,09:30,DENUNCIA,Nivel 1
EXTORSION,EXTORSION. ART. 244 C.P.,CALI,Industrial,08,-76.517928,3.450504,SIN INFORMACION,2025,marzo     ,9,3/9/2025,1,23:00,DENUNCIA,Nivel 1
EXTORSION,EXTORSION. ART. 244 C.P.,CALI,El Jardín,11,-76.519415,3.428078,SIN INFORMACION,2025,marzo     ,9,3/9/2025,1,12:14,DENUNCIA,Nivel 1
EXTORSION,EXTORSION. ART. 244 C.P.,CALI,El Peñón,03,-76.54439,3.450826,SIN INFORMACION,2025,marzo     ,10,3/10/2025,2,01:20,DENUNCIA,Nivel 1
EXTORSION,EXTORSION. ART. 244 C.P.,CALI,San Pedro,03,-76.533046,3.449755,SIN INFORMACION,2025,marzo     ,10,3/10/2025,2,12:30,DENUNCIA,Nivel 1
EXTORSION,EXTORSION. ART. 244 C.P.,CALI,Jorge Eliécer Gaitán,06,-76.482474,3.474771,LUGAR DE TRABAJO,2025,marzo     ,11,3/11/2025,3,00:00,DENUNCIA,Nivel 1
EXTORSION,EXTORSION. ART. 244 C.P.,CALI,Eucaristico,19,-76.537928,3.425879,SIN INFORMACION,2025,marzo     ,11,3/11/2025,3,22:15,DENUNCIA,Nivel 1
EXTORSION,EXTORSION. ART. 244 C.P.,CALI,El Diamante,13,-76.502185,3.421132,SIN INFORMACION,2025,marzo     ,11,3/11/2025,3,15:00,DENUNCIA,Nivel 1
EXTORSION,EXTORSION. ART. 244 C.P.,CALI,Ciudadela Floralia,06,-76.493262,3.497295,SIN INFORMACION,2025,marzo     ,11,3/11/2025,3,21:20,DENUNCIA,Nivel 1
EXTORSION,EXTORSION. ART. 244 C.P.,CALI,Sector Alto de los Chorros,18,-76.558213,3.390345,SIN INFORMACION,2025,marzo     ,11,3/11/2025,3,16:00,DENUNCIA,Nivel 1
EXTORSION,EXTORSION. ART. 244 C.P.,CALI,Terrón Colorado,01,-76.561325,3.45103,SIN INFORMACION,2025,marzo     ,11,3/11/2025,3,23:00,DENUNCIA,Nivel 1
EXTORSION,EXTORSION. ART. 244 C.P.,CALI,Las Delicias,04,-76.506095,3.463051,SIN INFORMACION,2025,marzo     ,11,3/11/2025,3,13:38,DENUNCIA,Nivel 1
EXTORSION,EXTORSION. ART. 244 C.P.,CALI,Los Naranjos,14,-76.481714,3.433207,DOMICILIO,2025,marzo     ,12,3/12/2025,4,13:25,DENUNCIA,Nivel 1
EXTORSION,EXTORSION. ART. 244 C.P.,CALI,Calimio Desepaz,21,-76.470791,3.411992,SIN INFORMACION,2025,marzo     ,13,3/13/2025,5,09:12,DENUNCIA,Nivel 1
EXTORSION,EXTORSION. ART. 244 C.P.,CALI,Calima,04,-76.497932,3.48521,OTRO,2025,marzo     ,13,3/13/2025,5,10:30,DENUNCIA,Nivel 1
EXTORSION,EXTORSION. ART. 244 C.P.,CALI,Rural,Rural,-76.496996,3.347377,SIN INFORMACION,2025,marzo     ,13,3/13/2025,5,11:25,DENUNCIA,Nivel 1
EXTORSION,EXTORSION. ART. 244 C.P.,CALI,La Gran Colombia,11,-76.50645,3.423409,SIN INFORMACION,2025,marzo     ,14,3/14/2025,6,10:20,DENUNCIA,Nivel 1
EXTORSION,EXTORSION. ART. 244 C.P.,CALI,San Fernando Nuevo,19,-76.544767,3.427895,LUGAR DE TRABAJO,2025,marzo     ,14,3/14/2025,6,15:51,DENUNCIA,Nivel 1
EXTORSION,EXTORSION. ART. 244 C.P.,CALI,Evaristo Garcia,04,-76.506715,3.474383,SIN INFORMACION,2025,marzo     ,15,3/15/2025,7,09:20,DENUNCIA,Nivel 1
EXTORSION,EXTORSION. ART. 244 C.P.,CALI,San Judas Tadeo II,10,-76.521887,3.415192,SIN INFORMACION,2025,marzo     ,15,3/15/2025,7,16:46,DENUNCIA,Nivel 1
EXTORSION,EXTORSION. ART. 244 C.P.,CALI,Rural,Rural,-76.583459,3.437069,OTRO,2025,marzo     ,16,3/16/2025,1,18:00,DENUNCIA,Nivel 1
EXTORSION,EXTORSION. ART. 244 C.P.,CALI,Ciudadela Floralia,06,-76.493944,3.497013,SIN INFORMACION,2025,marzo     ,16,3/16/2025,1,21:00,DENUNCIA,Nivel 1
EXTORSION,EXTORSION. ART. 244 C.P.,CALI,El Jardín,11,-76.517784,3.427501,RED VIRTUAL O INTERNET,2025,marzo     ,17,3/17/2025,2,08:00,DENUNCIA,Nivel 1
EXTORSION,EXTORSION. ART. 244 C.P.,CALI,El Gran Limonar - Cataya,17,-76.540321,3.397897,LUGAR DE TRABAJO,2025,marzo     ,18,3/18/2025,3,20:00,DENUNCIA,Nivel 1
EXTORSION,EXTORSION. ART. 244 C.P.,CALI,Normandia,02,-76.542564,3.453825,DOMICILIO,2025,marzo     ,19,3/19/2025,4,00:00,DENUNCIA,Nivel 1
EXTORSION,EXTORSION. ART. 244 C.P.,CALI,Los Portales - Nuevo Rey,17,-76.543743,3.393663,SIN INFORMACION,2025,marzo     ,19,3/19/2025,4,15:07,DENUNCIA,Nivel 1
EXTORSION,EXTORSION. ART. 244 C.P.,CALI,Ulpiano Lloreda,13,-76.48819,3.442073,OTRO,2025,marzo     ,21,3/21/2025,6,01:30,DENUNCIA,Nivel 1
EXTORSION,EXTORSION. ART. 244 C.P.,CALI,Rural,Rural,-76.55847,3.3635,SIN INFORMACION,2025,marzo     ,22,3/22/2025,7,14:00,DENUNCIA,Nivel 1
EXTORSION,EXTORSION. ART. 244 C.P.,CALI,Los Comuneros II,13,-76.49203,3.424638,VIA PUBLICA,2025,marzo     ,22,3/22/2025,7,15:30,DENUNCIA,Nivel 1
EXTORSION,EXTORSION. ART. 244 C.P.,CALI,Calipso,13,-76.501066,3.424737,SIN INFORMACION,2025,marzo     ,22,3/22/2025,7,21:19,DENUNCIA,Nivel 1
EXTORSION,EXTORSION. ART. 244 C.P.,CALI,El Pondaje,13,-76.494812,3.43168,LUGAR DE TRABAJO,2025,marzo     ,23,3/23/2025,1,23:00,DENUNCIA,Nivel 1
EXTORSION,EXTORSION. ART. 244 C.P.,CALI,Manuela Beltrán,14,-76.472434,3.422906,SIN INFORMACION,2025,marzo     ,24,3/24/2025,2,13:00,DENUNCIA,Nivel 1
EXTORSION,EXTORSION. ART. 244 C.P.,CALI,Desepaz Invicali,21,-76.462594,3.426038,SIN INFORMACION,2025,marzo     ,25,3/25/2025,3,20:00,DENUNCIA,Nivel 1
EXTORSION,EXTORSION. ART. 244 C.P.,CALI,San Antonio,03,-76.538971,3.447226,DOMICILIO,2025,marzo     ,26,3/26/2025,4,16:40,DENUNCIA,Nivel 1
EXTORSION,EXTORSION. ART. 244 C.P.,CALI,Bochalema,81,-76.517291,3.358583,SIN INFORMACION,2025,marzo     ,26,3/26/2025,4,15:25,DENUNCIA,Nivel 1
EXTORSION,EXTORSION. ART. 244 C.P.,CALI,Benjamín Herrera,08,-76.514284,3.448144,SIN INFORMACION,2025,marzo     ,26,3/26/2025,4,15:30,DENUNCIA,Nivel 1
EXTORSION,EXTORSION. ART. 244 C.P.,CALI,El Vallado,15,-76.499387,3.406575,SIN INFORMACION,2025,marzo     ,27,3/27/2025,5,23:00,DENUNCIA,Nivel 1
EXTORSION,EXTORSION. ART. 244 C.P.,CALI,Calimio Desepaz,21,-76.468815,3.414377,SIN INFORMACION,2025,marzo     ,29,3/29/2025,7,09:47,DENUNCIA,Nivel 1
EXTORSION,EXTORSION. ART. 244 C.P.,CALI,Los Libertadores,03,-76.53771,3.441877,SIN INFORMACION,2025,marzo     ,29,3/29/2025,7,10:00,DENUNCIA,Nivel 1
EXTORSION,EXTORSION. ART. 244 C.P.,CALI,Alto Nápoles,18,-76.552701,3.38842,SIN INFORMACION,2025,marzo     ,30,3/30/2025,1,12:00,DENUNCIA,Nivel 1
EXTORSION,EXTORSION. ART. 244 C.P.,CALI,Omar Torrijos,13,-76.486358,3.425165,SIN INFORMACION,2025,marzo     ,30,3/30/2025,1,13:30,DENUNCIA,Nivel 1
EXTORSION,EXTORSION. ART. 244 C.P.,CALI,El Rodeo,12,-76.504966,3.435584,SIN INFORMACION,2025,marzo     ,30,3/30/2025,1,08:00,DENUNCIA,Nivel 1
EXTORSION,EXTORSION. ART. 244 C.P.,CALI,San Pedro,03,-76.533256,3.452145,SIN INFORMACION,2025,marzo     ,31,3/31/2025,2,21:00,DENUNCIA,Nivel 1
EXTORSION,EXTORSION. ART. 244 C.P.,CALI,Los Andes,05,-76.500637,3.471708,SIN INFORMACION,2025,abril     ,1,4/1/2025,3,11:13,DENUNCIA,Nivel 1
EXTORSION,EXTORSION. ART. 244 C.P.,CALI,Siete de Agosto,07,-76.484452,3.451581,SIN INFORMACION,2025,abril     ,1,4/1/2025,3,08:56,DENUNCIA,Nivel 1
EXTORSION,EXTORSION. ART. 244 C.P.,CALI,Lleras Camargo,20,-76.560456,3.421043,SIN INFORMACION,2025,abril     ,1,4/1/2025,3,19:04,DENUNCIA,Nivel 1
EXTORSION,EXTORSION. ART. 244 C.P.,CALI,Nueva Tequendama,19,-76.54415,3.41474,SIN INFORMACION,2025,abril     ,1,4/1/2025,3,14:53,DENUNCIA,Nivel 1
EXTORSION,EXTORSION. ART. 244 C.P.,CALI,Santa Mónica Popular,08,-76.509287,3.440141,SIN INFORMACION,2025,abril     ,2,4/2/2025,4,12:00,DENUNCIA,Nivel 1
EXTORSION,EXTORSION. ART. 244 C.P.,CALI,Cañaverales - Los Samanes,17,-76.525579,3.40561,SIN INFORMACION,2025,abril     ,3,4/3/2025,5,21:00,DENUNCIA,Nivel 1
EXTORSION,EXTORSION. ART. 244 C.P.,CALI,PP6-PP8-PP10,81,-76.522396,3.322109,VIA PUBLICA,2025,abril     ,3,4/3/2025,5,10:00,DENUNCIA,Nivel 1
EXTORSION,EXTORSION. ART. 244 C.P.,CALI,Villa Colombia,08,-76.49935,3.445674,RED VIRTUAL O INTERNET,2025,abril     ,3,4/3/2025,5,10:00,DENUNCIA,Nivel 1
EXTORSION,EXTORSION. ART. 244 C.P.,CALI,Aguacatal,01,-76.565044,3.45464,SIN INFORMACION,2025,abril     ,3,4/3/2025,5,10:53,DENUNCIA,Nivel 1
EXTORSION,EXTORSION. ART. 244 C.P.,CALI,Unión de Vivienda Popular,16,-76.50734,3.405389,SIN INFORMACION,2025,abril     ,5,4/5/2025,7,10:45,DENUNCIA,Nivel 1
EXTORSION,EXTORSION. ART. 244 C.P.,CALI,Ciudad de Los Álamos,02,-76.508692,3.486195,SIN INFORMACION,2025,abril     ,5,4/5/2025,7,15:59,DENUNCIA,Nivel 1
EXTORSION,EXTORSION. ART. 244 C.P.,CALI,Salomia,04,-76.50547,3.463629,SIN INFORMACION,2025,abril     ,6,4/6/2025,1,05:52,DENUNCIA,Nivel 1
EXTORSION,EXTORSION. ART. 244 C.P.,CALI,Prados del Norte,02,-76.522454,3.468788,SIN INFORMACION,2025,abril     ,6,4/6/2025,1,22:00,DENUNCIA,Nivel 1
EXTORSION,EXTORSION. ART. 244 C.P.,CALI,San Vicente,02,-76.526992,3.465585,SIN INFORMACION,2025,abril     ,8,4/8/2025,3,14:13,DENUNCIA,Nivel 1
EXTORSION,EXTORSION. ART. 244 C.P.,CALI,Rural,Rural,-76.493259,3.406389,DOMICILIO,2025,abril     ,9,4/9/2025,4,11:00,DENUNCIA,Nivel 1
EXTORSION,EXTORSION. ART. 244 C.P.,CALI,Primitivo Crespo,08,-76.517784,3.437274,DOMICILIO,2025,abril     ,11,4/11/2025,6,00:00,DENUNCIA,Nivel 1
EXTORSION,EXTORSION. ART. 244 C.P.,CALI,Rural,Rural,-76.489509,3.337135,VIA PUBLICA,2025,abril     ,12,4/12/2025,7,17:00,DENUNCIA,Nivel 1
EXTORSION,EXTORSION. ART. 244 C.P.,CALI,Santa Mónica Popular,08,-76.510817,3.436028,SIN INFORMACION,2025,abril     ,12,4/12/2025,7,19:00,DENUNCIA,Nivel 1
EXTORSION,EXTORSION. ART. 244 C.P.,CALI,La Isla,04,-76.515329,3.470853,SIN INFORMACION,2025,abril     ,12,4/12/2025,7,16:15,DENUNCIA,Nivel 1
EXTORSION,EXTORSION. ART. 244 C.P.,CALI,San Nicolás,03,-76.518781,3.452981,SIN INFORMACION,2025,abril     ,16,4/16/2025,4,05:50,DENUNCIA,Nivel 1
EXTORSION,EXTORSION. ART. 244 C.P.,CALI,Antonio Nariño,16,-76.507062,3.412119,SIN INFORMACION,2025,abril     ,19,4/19/2025,7,18:30,DENUNCIA,Nivel 1
EXTORSION,EXTORSION. ART. 244 C.P.,CALI,Las Granjas,10,-76.5272,3.407006,SIN INFORMACION,2025,abril     ,20,4/20/2025,1,13:51,DENUNCIA,Nivel 1
EXTORSION,EXTORSION. ART. 244 C.P.,CALI,Jorge Isaacs,04,-76.518874,3.458258,SIN INFORMACION,2025,abril     ,21,4/21/2025,2,05:53,DENUNCIA,Nivel 1
EXTORSION,EXTORSION. ART. 244 C.P.,CALI,Champagnat,19,-76.534485,3.433775,LUGAR DE TRABAJO,2025,abril     ,21,4/21/2025,2,14:45,DENUNCIA,Nivel 1
EXTORSION,EXTORSION. ART. 244 C.P.,CALI,Ciudad Córdoba,15,-76.507528,3.403106,SIN INFORMACION,2025,abril     ,23,4/23/2025,4,20:50,DENUNCIA,Nivel 1
EXTORSION,EXTORSION. ART. 244 C.P.,CALI,Pueblo Joven,20,-76.567062,3.417463,SIN INFORMACION,2025,abril     ,23,4/23/2025,4,15:50,DENUNCIA,Nivel 1
EXTORSION,EXTORSION. ART. 244 C.P.,CALI,Camino Real - Joaquin Borrero Sinisterra,19,-76.54443,3.409077,SIN INFORMACION,2025,abril     ,24,4/24/2025,5,21:33,DENUNCIA,Nivel 1
EXTORSION,EXTORSION. ART. 244 C.P.,CALI,Urbanización Ciudad Jardín,22,-76.531152,3.367875,LUGAR DE TRABAJO,2025,abril     ,24,4/24/2025,5,08:00,DENUNCIA,Nivel 1
EXTORSION,EXTORSION. ART. 244 C.P.,CALI,San Pedro,03,-76.533131,3.449924,SIN INFORMACION,2025,abril     ,28,4/28/2025,2,08:11,DENUNCIA,Nivel 1
EXTORSION,EXTORSION. ART. 244 C.P.,CALI,Eucaristico,19,-76.539524,3.42363,SIN INFORMACION,2025,abril     ,28,4/28/2025,2,15:56,DENUNCIA,Nivel 1
EXTORSION,EXTORSION. ART. 244 C.P.,CALI,Rural,Rural,-76.496996,3.347377,SIN INFORMACION,2025,abril     ,29,4/29/2025,3,10:45,DENUNCIA,Nivel 1
EXTORSION,EXTORSION. ART. 244 C.P.,CALI,Sector Alto Jordán,18,-76.555232,3.378876,SIN INFORMACION,2025,abril     ,30,4/30/2025,4,04:00,DENUNCIA,Nivel 1
EXTORSION,EXTORSION. ART. 244 C.P.,CALI,José Manuel Marroquín I,14,-76.478215,3.421299,LOCAL COMERCIAL,2025,abril     ,30,4/30/2025,4,15:26,DENUNCIA,Nivel 1
EXTORSION,EXTORSION. ART. 244 C.P.,CALI,Los Cámbulos,19,-76.54,3.42,SIN INFORMACION,2025,mayo      ,2,5/2/2025,6,14:22,DENUNCIA,Nivel 1
EXTORSION,EXTORSION. ART. 244 C.P.,CALI,Villanueva,12,-76.508741,3.430477,SIN INFORMACION,2025,mayo      ,3,5/3/2025,7,17:44,DENUNCIA,Nivel 1
EXTORSION,EXTORSION. ART. 244 C.P.,CALI,Meléndez,18,-76.545267,3.378752,SIN INFORMACION,2025,mayo      ,3,5/3/2025,7,01:00,DENUNCIA,Nivel 1
EXTORSION,EXTORSION. ART. 244 C.P.,CALI,Ciudad Córdoba,15,-76.508462,3.40097,SIN INFORMACION,2025,mayo      ,4,5/4/2025,1,23:30,DENUNCIA,Nivel 1
EXTORSION,EXTORSION. ART. 244 C.P.,CALI,La Paz,02,-76.527447,3.482572,SIN INFORMACION,2025,mayo      ,5,5/5/2025,2,15:47,DENUNCIA,Nivel 1
EXTORSION,EXTORSION. ART. 244 C.P.,CALI,Los Comuneros I,15,-76.493071,3.410264,VIA PUBLICA,2025,mayo      ,6,5/6/2025,3,15:00,DENUNCIA,Nivel 1
EXTORSION,EXTORSION. ART. 244 C.P.,CALI,La Flora,02,-76.524721,3.486115,LUGAR DE TRABAJO,2025,mayo      ,7,5/7/2025,4,16:45,DENUNCIA,Nivel 1
EXTORSION,EXTORSION. ART. 244 C.P.,CALI,Mariano Ramos,16,-76.513719,3.400676,DOMICILIO,2025,mayo      ,8,5/8/2025,5,14:05,DENUNCIA,Nivel 1
EXTORSION,EXTORSION. ART. 244 C.P.,CALI,Saavedra Galindo,08,-76.514087,3.441294,SIN INFORMACION,2025,mayo      ,9,5/9/2025,6,09:14,DENUNCIA,Nivel 1
EXTORSION,EXTORSION. ART. 244 C.P.,CALI,Las Ceibas,07,-76.48862,3.457958,DOMICILIO,2025,mayo      ,9,5/9/2025,6,19:30,DENUNCIA,Nivel 1
EXTORSION,EXTORSION. ART. 244 C.P.,CALI,Brisas de Mayo,20,-76.563354,3.418301,SIN INFORMACION,2025,mayo      ,9,5/9/2025,6,17:00,DENUNCIA,Nivel 1
EXTORSION,EXTORSION. ART. 244 C.P.,CALI,Alto Nápoles,18,-76.559287,3.384296,DOMICILIO,2025,mayo      ,9,5/9/2025,6,10:40,DENUNCIA,Nivel 1
EXTORSION,EXTORSION. ART. 244 C.P.,CALI,El Retiro,15,-76.500909,3.409747,SIN INFORMACION,2025,mayo      ,11,5/11/2025,1,18:17,DENUNCIA,Nivel 1
EXTORSION,EXTORSION. ART. 244 C.P.,CALI,San Nicolás,03,-76.518781,3.452981,SIN INFORMACION,2025,mayo      ,11,5/11/2025,1,01:14,DENUNCIA,Nivel 1
EXTORSION,EXTORSION. ART. 244 C.P.,CALI,Urbanización Militar,19,-76.540196,3.415749,SIN INFORMACION,2025,mayo      ,12,5/12/2025,2,19:23,DENUNCIA,Nivel 1
EXTORSION,EXTORSION. ART. 244 C.P.,CALI,Caney,17,-76.519545,3.384461,SIN INFORMACION,2025,mayo      ,12,5/12/2025,2,05:23,DENUNCIA,Nivel 1
EXTORSION,EXTORSION. ART. 244 C.P.,CALI,Ciudadela Floralia,06,-76.494198,3.497584,SIN INFORMACION,2025,mayo      ,12,5/12/2025,2,15:47,DENUNCIA,Nivel 1
EXTORSION,EXTORSION. ART. 244 C.P.,CALI,San Nicolás,03,-76.518781,3.452981,SIN INFORMACION,2025,mayo      ,12,5/12/2025,2,18:00,DENUNCIA,Nivel 1
EXTORSION,EXTORSION. ART. 244 C.P.,CALI,Senderos de La Flora,02,-76.522383,3.490151,SIN INFORMACION,2025,mayo      ,12,5/12/2025,2,12:30,DENUNCIA,Nivel 1
EXTORSION,EXTORSION. ART. 244 C.P.,CALI,Urbanización San Joaquin,17,-76.526379,3.371494,SIN INFORMACION,2025,mayo      ,13,5/13/2025,3,11:30,DENUNCIA,Nivel 1
EXTORSION,EXTORSION. ART. 244 C.P.,CALI,Villa del Sol,05,-76.495332,3.481358,DOMICILIO,2025,mayo      ,13,5/13/2025,3,18:02,DENUNCIA,Nivel 1
EXTORSION,EXTORSION. ART. 244 C.P.,CALI,San Pedro,03,-76.533131,3.449924,SIN INFORMACION,2025,mayo      ,13,5/13/2025,3,10:12,DENUNCIA,Nivel 1
EXTORSION,EXTORSION. ART. 244 C.P.,CALI,San Pedro,03,-76.534275,3.451735,SIN INFORMACION,2025,mayo      ,13,5/13/2025,3,08:31,DENUNCIA,Nivel 1
EXTORSION,EXTORSION. ART. 244 C.P.,CALI,San Pedro,03,-76.533131,3.449924,SIN INFORMACION,2025,mayo      ,14,5/14/2025,4,09:39,DENUNCIA,Nivel 1
EXTORSION,EXTORSION. ART. 244 C.P.,CALI,La Cascada,19,-76.554569,3.400086,SIN INFORMACION,2025,mayo      ,15,5/15/2025,5,15:00,DENUNCIA,Nivel 1
EXTORSION,EXTORSION. ART. 244 C.P.,CALI,Alameda,09,-76.534785,3.437439,SIN INFORMACION,2025,mayo      ,15,5/15/2025,5,15:32,DENUNCIA,Nivel 1
EXTORSION,EXTORSION. ART. 244 C.P.,CALI,Menga,02,-76.523331,3.493956,DOMICILIO,2025,mayo      ,16,5/16/2025,6,00:00,DENUNCIA,Nivel 1
EXTORSION,EXTORSION. ART. 244 C.P.,CALI,Menga,02,-76.523285,3.493851,LUGAR DE TRABAJO,2025,mayo      ,16,5/16/2025,6,08:00,DENUNCIA,Nivel 1
EXTORSION,EXTORSION. ART. 244 C.P.,CALI,Senderos de La Flora,02,-76.52309,3.494342,LUGAR DE TRABAJO,2025,mayo      ,16,5/16/2025,6,04:00,DENUNCIA,Nivel 1
EXTORSION,EXTORSION. ART. 244 C.P.,CALI,San Luis II,06,-76.489107,3.486818,SIN INFORMACION,2025,mayo      ,17,5/17/2025,7,15:26,DENUNCIA,Nivel 1
EXTORSION,EXTORSION. ART. 244 C.P.,CALI,Salomia,04,-76.505899,3.466729,SIN INFORMACION,2025,mayo      ,17,5/17/2025,7,05:42,DENUNCIA,Nivel 1
EXTORSION,EXTORSION. ART. 244 C.P.,CALI,Rural,Rural,-76.563736,3.447968,OTRO,2025,mayo      ,19,5/19/2025,2,17:00,DENUNCIA,Nivel 1
EXTORSION,EXTORSION. ART. 244 C.P.,CALI,San Pedro,03,-76.533131,3.449924,SIN INFORMACION,2025,mayo      ,19,5/19/2025,2,05:00,DENUNCIA,Nivel 1
EXTORSION,EXTORSION. ART. 244 C.P.,CALI,Siete de Agosto,07,-76.485114,3.446614,SIN INFORMACION,2025,mayo      ,19,5/19/2025,2,11:00,DENUNCIA,Nivel 1
EXTORSION,EXTORSION. ART. 244 C.P.,CALI,San Nicolás,03,-76.51969,3.456316,SIN INFORMACION,2025,mayo      ,20,5/20/2025,3,15:00,DENUNCIA,Nivel 1
EXTORSION,EXTORSION. ART. 244 C.P.,CALI,Lili,17,-76.518456,3.367041,SIN INFORMACION,2025,mayo      ,20,5/20/2025,3,10:53,DENUNCIA,Nivel 1
EXTORSION,EXTORSION. ART. 244 C.P.,CALI,Alfonso Lopez P. 1a Etapa,07,-76.479455,3.464731,SIN INFORMACION,2025,mayo      ,22,5/22/2025,5,22:30,DENUNCIA,Nivel 1
EXTORSION,EXTORSION. ART. 244 C.P.,CALI,San Nicolás,03,-76.518781,3.452981,SIN INFORMACION,2025,mayo      ,22,5/22/2025,5,13:30,DENUNCIA,Nivel 1
EXTORSION,EXTORSION. ART. 244 C.P.,CALI,Ciudadela Floralia,06,-76.492835,3.491292,DOMICILIO,2025,mayo      ,22,5/22/2025,5,10:00,DENUNCIA,Nivel 1
EXTORSION,EXTORSION. ART. 244 C.P.,CALI,Club Campestre,22,-76.545506,3.367596,SIN INFORMACION,2025,mayo      ,22,5/22/2025,5,02:50,DENUNCIA,Nivel 1
EXTORSION,EXTORSION. ART. 244 C.P.,CALI,San Pedro Claver,11,-76.505179,3.425894,LUGAR DE TRABAJO,2025,mayo      ,24,5/24/2025,7,15:30,DENUNCIA,Nivel 1
EXTORSION,EXTORSION. ART. 244 C.P.,CALI,San Nicolás,03,-76.518781,3.452981,SIN INFORMACION,2025,mayo      ,24,5/24/2025,7,17:35,DENUNCIA,Nivel 1
EXTORSION,EXTORSION. ART. 244 C.P.,CALI,San Pedro Claver,11,-76.505179,3.425894,LUGAR DE TRABAJO,2025,mayo      ,24,5/24/2025,7,15:30,DENUNCIA,Nivel 1
EXTORSION,EXTORSION. ART. 244 C.P.,CALI,El Hoyo,03,-76.525807,3.457748,SIN INFORMACION,2025,mayo      ,25,5/25/2025,1,14:13,DENUNCIA,Nivel 1
EXTORSION,EXTORSION. ART. 244 C.P.,CALI,Arboledas,02,-76.5508,3.449043,SIN INFORMACION,2025,mayo      ,25,5/25/2025,1,21:00,DENUNCIA,Nivel 1
EXTORSION,EXTORSION. ART. 244 C.P.,CALI,San Nicolás,03,-76.518781,3.452981,SIN INFORMACION,2025,mayo      ,27,5/27/2025,3,19:15,DENUNCIA,Nivel 1
EXTORSION,EXTORSION. ART. 244 C.P.,CALI,República de Israel,16,-76.513585,3.406754,SIN INFORMACION,2025,mayo      ,27,5/27/2025,3,05:40,DENUNCIA,Nivel 1
EXTORSION,EXTORSION. ART. 244 C.P.,CALI,Belalcázar,09,-76.52049,3.441,RED VIRTUAL O INTERNET,2025,mayo      ,28,5/28/2025,4,13:00,DENUNCIA,Nivel 1
EXTORSION,EXTORSION. ART. 244 C.P.,CALI,Bochalema,81,-76.518358,3.356625,DOMICILIO,2025,mayo      ,28,5/28/2025,4,14:00,DENUNCIA,Nivel 1
EXTORSION,EXTORSION. ART. 244 C.P.,CALI,San Nicolás,03,-76.518781,3.452981,SIN INFORMACION,2025,mayo      ,28,5/28/2025,4,19:20,DENUNCIA,Nivel 1
EXTORSION,EXTORSION. ART. 244 C.P.,CALI,San Antonio,03,-76.540703,3.447502,SIN INFORMACION,2025,mayo      ,28,5/28/2025,4,20:53,DENUNCIA,Nivel 1
EXTORSION,EXTORSION. ART. 244 C.P.,CALI,La Flora,02,-76.52236,3.482136,SIN INFORMACION,2025,mayo      ,28,5/28/2025,4,08:22,DENUNCIA,Nivel 1
EXTORSION,EXTORSION. ART. 244 C.P.,CALI,Las Orquídeas,14,-76.475149,3.415493,DOMICILIO,2025,mayo      ,30,5/30/2025,6,15:00,DENUNCIA,Nivel 1
EXTORSION,EXTORSION. ART. 244 C.P.,CALI,San Nicolás,03,-76.518781,3.452981,SIN INFORMACION,2025,mayo      ,30,5/30/2025,6,13:15,DENUNCIA,Nivel 1
EXTORSION,EXTORSION. ART. 244 C.P.,CALI,Los Naranjos II,14,-76.476843,3.431805,SIN INFORMACION,2025,mayo      ,31,5/31/2025,7,18:22,DENUNCIA,Nivel 1
EXTORSION,EXTORSION. ART. 244 C.P.,CALI,Caney,17,-76.519765,3.384696,DOMICILIO,2025,mayo      ,31,5/31/2025,7,13:00,DENUNCIA,Nivel 1
EXTORSION,EXTORSION. ART. 244 C.P.,CALI,El Jardín,11,-76.518434,3.421308,SIN INFORMACION,2025,mayo      ,31,5/31/2025,7,13:39,DENUNCIA,Nivel 1
EXTORSION,EXTORSION. ART. 244 C.P.,CALI,Villa del Prado - El Guabito,05,-76.490496,3.468504,SIN INFORMACION,2025,mayo      ,31,5/31/2025,7,14:07,DENUNCIA,Nivel 1
EXTORSION,EXTORSION. ART. 244 C.P.,CALI,Torres de Comfandi,05,-76.502605,3.474334,DOMICILIO,2025,junio     ,2,6/2/2025,2,17:00,DENUNCIA,Nivel 1
EXTORSION,EXTORSION. ART. 244 C.P.,CALI,Mayapan - Las Vegas,17,-76.538905,3.38634,ESTABLECIMIENTO DE COMERCIO,2025,junio     ,3,6/3/2025,3,17:30,DENUNCIA,Nivel 1
EXTORSION,EXTORSION. ART. 244 C.P.,CALI,Cañaveralejo - Seguros Patria,19,-76.544814,3.401072,OTRO,2025,junio     ,3,6/3/2025,3,11:00,DENUNCIA,Nivel 1
EXTORSION,EXTORSION. ART. 244 C.P.,CALI,Jorge Zawadsky,10,-76.533479,3.409815,SIN INFORMACION,2025,junio     ,4,6/4/2025,4,13:30,DENUNCIA,Nivel 1
EXTORSION,EXTORSION. ART. 244 C.P.,CALI,Bretaña,09,-76.533534,3.435389,VIA PUBLICA,2025,junio     ,4,6/4/2025,4,11:04,DENUNCIA,Nivel 1
EXTORSION,EXTORSION. ART. 244 C.P.,CALI,Valle Grande,21,-76.470311,3.435389,DOMICILIO,2025,junio     ,4,6/4/2025,4,00:00,DENUNCIA,Nivel 1
EXTORSION,EXTORSION. ART. 244 C.P.,CALI,Cañaverales - Los Samanes,17,-76.526574,3.398941,VIA PUBLICA,2025,junio     ,4,6/4/2025,4,11:30,DENUNCIA,Nivel 1
EXTORSION,EXTORSION. ART. 244 C.P.,CALI,Ciudad Córdoba,15,-76.509171,3.397515,SIN INFORMACION,2025,junio     ,5,6/5/2025,5,20:30,DENUNCIA,Nivel 1
EXTORSION,EXTORSION. ART. 244 C.P.,CALI,El Rodeo,12,-76.503205,3.434622,SIN INFORMACION,2025,junio     ,5,6/5/2025,5,16:00,DENUNCIA,Nivel 1
EXTORSION,EXTORSION. ART. 244 C.P.,CALI,El Hoyo,03,-76.526363,3.457469,LUGAR DE TRABAJO,2025,junio     ,5,6/5/2025,5,09:30,DENUNCIA,Nivel 1
EXTORSION,EXTORSION. ART. 244 C.P.,CALI,Parcelaciones Pance,22,-76.536366,3.354563,DOMICILIO,2025,junio     ,6,6/6/2025,6,14:16,DENUNCIA,Nivel 1
EXTORSION,EXTORSION. ART. 244 C.P.,CALI,Rural,Rural,-76.564514,3.445771,VIA PUBLICA,2025,junio     ,7,6/7/2025,7,09:00,DENUNCIA,Nivel 1
EXTORSION,EXTORSION. ART. 244 C.P.,CALI,Alirio Mora Beltrán,14,-76.478341,3.437358,SIN INFORMACION,2025,junio     ,8,6/8/2025,1,16:50,DENUNCIA,Nivel 1
EXTORSION,EXTORSION. ART. 244 C.P.,CALI,Los Libertadores,03,-76.536964,3.442239,EDIFICIO,2025,junio     ,10,6/10/2025,3,16:00,DENUNCIA,Nivel 1
EXTORSION,EXTORSION. ART. 244 C.P.,CALI,Calipso,13,-76.5002,3.425209,SIN INFORMACION,2025,junio     ,11,6/11/2025,4,09:37,DENUNCIA,Nivel 1
EXTORSION,EXTORSION. ART. 244 C.P.,CALI,El Ingenio,17,-76.526835,3.38263,SIN INFORMACION,2025,junio     ,12,6/12/2025,5,05:30,DENUNCIA,Nivel 1
EXTORSION,EXTORSION. ART. 244 C.P.,CALI,Calimio Desepaz,21,-76.466314,3.416297,SIN INFORMACION,2025,junio     ,12,6/12/2025,5,08:00,DENUNCIA,Nivel 1
EXTORSION,EXTORSION. ART. 244 C.P.,CALI,Rural,Rural,-76.564956,3.436068,CERCA AL DOMICILIO,2025,junio     ,13,6/13/2025,6,08:00,DENUNCIA,Nivel 1
EXTORSION,EXTORSION. ART. 244 C.P.,CALI,Calipso,13,-76.496896,3.424344,ESTABLECIMIENTO DE COMERCIO,2025,junio     ,13,6/13/2025,6,01:20,DENUNCIA,Nivel 1
EXTORSION,EXTORSION. ART. 244 C.P.,CALI,Santa Isabel,19,-76.551324,3.426528,SIN INFORMACION,2025,junio     ,15,6/15/2025,1,15:18,DENUNCIA,Nivel 1
EXTORSION,EXTORSION. ART. 244 C.P.,CALI,Rural,Rural,-76.546042,3.360403,SIN INFORMACION,2025,junio     ,16,6/16/2025,2,15:00,DENUNCIA,Nivel 1
EXTORSION,EXTORSION. ART. 244 C.P.,CALI,Caney,17,-76.514483,3.388491,SIN INFORMACION,2025,junio     ,16,6/16/2025,2,08:00,DENUNCIA,Nivel 1
EXTORSION,EXTORSION. ART. 244 C.P.,CALI,Cuarto de Legua - Guadalupe,19,-76.548566,3.407162,SIN INFORMACION,2025,junio     ,17,6/17/2025,3,22:45,DENUNCIA,Nivel 1
EXTORSION,EXTORSION. ART. 244 C.P.,CALI,San Nicolás,03,-76.518781,3.452981,SIN INFORMACION,2025,junio     ,17,6/17/2025,3,10:24,DENUNCIA,Nivel 1
EXTORSION,EXTORSION. ART. 244 C.P.,CALI,Ciudad Córdoba,15,-76.512127,3.396098,SIN INFORMACION,2025,junio     ,17,6/17/2025,3,11:00,DENUNCIA,Nivel 1
EXTORSION,EXTORSION. ART. 244 C.P.,CALI,La Merced,03,-76.535364,3.448752,LUGAR DE TRABAJO,2025,junio     ,18,6/18/2025,4,00:00,DENUNCIA,Nivel 1
EXTORSION,EXTORSION. ART. 244 C.P.,CALI,El Rodeo,12,-76.503205,3.434622,SIN INFORMACION,2025,junio     ,18,6/18/2025,4,14:30,DENUNCIA,Nivel 1
EXTORSION,EXTORSION. ART. 244 C.P.,CALI,Rural,Rural,-76.497782,3.321976,LUGAR DE TRABAJO,2025,junio     ,18,6/18/2025,4,13:00,DENUNCIA,Nivel 1
EXTORSION,EXTORSION. ART. 244 C.P.,CALI,San Nicolás,03,-76.518781,3.452981,SIN INFORMACION,2025,junio     ,18,6/18/2025,4,15:00,DENUNCIA,Nivel 1
EXTORSION,EXTORSION. ART. 244 C.P.,CALI,San Nicolás,03,-76.518781,3.452981,SIN INFORMACION,2025,junio     ,18,6/18/2025,4,06:00,DENUNCIA,Nivel 1
EXTORSION,EXTORSION. ART. 244 C.P.,CALI,Aranjuez,09,-76.521797,3.436968,SIN INFORMACION,2025,junio     ,18,6/18/2025,4,16:16,DENUNCIA,Nivel 1
EXTORSION,EXTORSION. ART. 244 C.P.,CALI,El Poblado II,13,-76.491048,3.421336,VIA PUBLICA,2025,junio     ,19,6/19/2025,5,10:54,DENUNCIA,Nivel 1
EXTORSION,EXTORSION. ART. 244 C.P.,CALI,Jorge Eliécer Gaitán,06,-76.485337,3.469865,SIN INFORMACION,2025,junio     ,20,6/20/2025,6,05:45,DENUNCIA,Nivel 1
EXTORSION,EXTORSION. ART. 244 C.P.,CALI,Colseguros Andes,10,-76.527744,3.423893,SIN INFORMACION,2025,junio     ,20,6/20/2025,6,18:41,DENUNCIA,Nivel 1
EXTORSION,EXTORSION. ART. 244 C.P.,CALI,San Nicolás,03,-76.518781,3.452981,SIN INFORMACION,2025,junio     ,20,6/20/2025,6,05:10,DENUNCIA,Nivel 1
EXTORSION,EXTORSION. ART. 244 C.P.,CALI,Santa Mónica,02,-76.53109,3.465401,SIN INFORMACION,2025,junio     ,20,6/20/2025,6,15:45,DENUNCIA,Nivel 1
EXTORSION,EXTORSION. ART. 244 C.P.,CALI,Junín,09,-76.527346,3.433997,SIN INFORMACION,2025,junio     ,21,6/21/2025,7,07:59,DENUNCIA,Nivel 1
EXTORSION,EXTORSION. ART. 244 C.P.,CALI,San Marino,07,-76.48665,3.459975,DOMICILIO,2025,junio     ,22,6/22/2025,1,19:28,DENUNCIA,Nivel 1
EXTORSION,EXTORSION. ART. 244 C.P.,CALI,La Paz,02,-76.526794,3.483216,SIN INFORMACION,2025,junio     ,22,6/22/2025,1,10:30,DENUNCIA,Nivel 1
EXTORSION,EXTORSION. ART. 244 C.P.,CALI,Siete de Agosto,07,-76.487743,3.445183,SIN INFORMACION,2025,junio     ,24,6/24/2025,3,00:15,DENUNCIA,Nivel 1
EXTORSION,EXTORSION. ART. 244 C.P.,CALI,Urbanización Militar,19,-76.539204,3.410494,DOMICILIO,2025,junio     ,24,6/24/2025,3,00:00,DENUNCIA,Nivel 1
EXTORSION,EXTORSION. ART. 244 C.P.,CALI,Chapinero,08,-76.49941,3.443415,SIN INFORMACION,2025,junio     ,25,6/25/2025,4,20:35,DENUNCIA,Nivel 1
EXTORSION,EXTORSION. ART. 244 C.P.,CALI,Unión de Vivienda Popular,16,-76.509347,3.410418,DOMICILIO,2025,junio     ,26,6/26/2025,5,19:30,DENUNCIA,Nivel 1
EXTORSION,EXTORSION. ART. 244 C.P.,CALI,Los Cámbulos,19,-76.541705,3.421878,LUGAR DE TRABAJO,2025,junio     ,27,6/27/2025,6,09:00,DENUNCIA,Nivel 1
EXTORSION,EXTORSION. ART. 244 C.P.,CALI,Manzanares,04,-76.50848,3.465586,DOMICILIO,2025,junio     ,27,6/27/2025,6,09:49,DENUNCIA,Nivel 1
EXTORSION,EXTORSION. ART. 244 C.P.,CALI,Porvenir,04,-76.511635,3.458362,SIN INFORMACION,2025,junio     ,28,6/28/2025,7,00:00,DENUNCIA,Nivel 1
EXTORSION,EXTORSION. ART. 244 C.P.,CALI,Santa Fé,08,-76.503368,3.442711,SIN INFORMACION,2025,junio     ,28,6/28/2025,7,13:00,DENUNCIA,Nivel 1
EXTORSION,EXTORSION. ART. 244 C.P.,CALI,Rural,Rural,-76.49728,3.31911,SIN INFORMACION,2025,junio     ,28,6/28/2025,7,18:39,DENUNCIA,Nivel 1
EXTORSION,EXTORSION. ART. 244 C.P.,CALI,Prados de Oriente,11,-76.511559,3.432364,ESTABLECIMIENTO CARCELARIO,2025,junio     ,28,6/28/2025,7,08:30,DENUNCIA,Nivel 1
EXTORSION,EXTORSION. ART. 244 C.P.,CALI,San Nicolás,03,-76.518781,3.452981,SIN INFORMACION,2025,junio     ,28,6/28/2025,7,02:09,DENUNCIA,Nivel 1
EXTORSION,EXTORSION. ART. 244 C.P.,CALI,Rural,Rural,-76.59117,3.413655,SIN INFORMACION,2025,junio     ,29,6/29/2025,1,16:53,DENUNCIA,Nivel 1
EXTORSION,EXTORSION. ART. 244 C.P.,CALI,Belén,20,-76.555563,3.427629,SIN INFORMACION,2025,junio     ,29,6/29/2025,1,13:50,DENUNCIA,Nivel 1
EXTORSION,EXTORSION. ART. 244 C.P.,CALI,Terrón Colorado,01,-76.55855,3.44859,SIN INFORMACION,2025,junio     ,29,6/29/2025,1,16:14,DENUNCIA,Nivel 1
EXTORSION,EXTORSION. ART. 244 C.P.,CALI,Santa Isabel,19,-76.546828,3.426482,ESTABLECIMIENTO DE COMERCIO,2025,junio     ,30,6/30/2025,2,10:00,DENUNCIA,Nivel 1
EXTORSION,EXTORSION. ART. 244 C.P.,CALI,Santa Fé,08,-76.503368,3.442711,SIN INFORMACION,2025,junio     ,30,6/30/2025,2,18:05,DENUNCIA,Nivel 1
EXTORSION,EXTORSION. ART. 244 C.P.,CALI,Mojica,15,-76.488895,3.414646,DOMICILIO,2025,julio     ,1,7/1/2025,3,10:00,DENUNCIA,Nivel 1
EXTORSION,EXTORSION. ART. 244 C.P.,CALI,Pizamos III - Las Dalias,21,-76.47539,3.408046,SIN INFORMACION,2025,julio     ,2,7/2/2025,4,17:00,DENUNCIA,Nivel 1
EXTORSION,EXTORSION. ART. 244 C.P.,CALI,La Rivera I,06,-76.486033,3.473155,SIN INFORMACION,2025,julio     ,2,7/2/2025,4,13:10,DENUNCIA,Nivel 1
EXTORSION,EXTORSION. ART. 244 C.P.,CALI,Mariano Ramos,16,-76.516208,3.399764,SIN INFORMACION,2025,julio     ,2,7/2/2025,4,18:00,DENUNCIA,Nivel 1
EXTORSION,EXTORSION. ART. 244 C.P.,CALI,El Calvario,03,-76.530439,3.449234,AREA RURAL,2025,julio     ,3,7/3/2025,5,00:00,DENUNCIA,Nivel 1
EXTORSION,EXTORSION. ART. 244 C.P.,CALI,Belén,20,-76.553238,3.427,SIN INFORMACION,2025,julio     ,3,7/3/2025,5,15:00,DENUNCIA,Nivel 1
EXTORSION,EXTORSION. ART. 244 C.P.,CALI,Urbanización Tequendama,19,-76.545567,3.418616,ESTABLECIMIENTO DE COMERCIO,2025,julio     ,4,7/4/2025,6,10:00,DENUNCIA,Nivel 1
EXTORSION,EXTORSION. ART. 244 C.P.,CALI,Urbanización Tequendama,19,-76.545567,3.418616,ESTABLECIMIENTO DE COMERCIO,2025,julio     ,4,7/4/2025,6,10:00,DENUNCIA,Nivel 1
EXTORSION,EXTORSION. ART. 244 C.P.,CALI,Alto Normandia,02,-76.54168,3.454731,SIN INFORMACION,2025,julio     ,5,7/5/2025,7,04:30,DENUNCIA,Nivel 1
EXTORSION,EXTORSION. ART. 244 C.P.,CALI,Lleras Camargo,20,-76.560409,3.416914,SIN INFORMACION,2025,julio     ,5,7/5/2025,7,14:30,DENUNCIA,Nivel 1
EXTORSION,EXTORSION. ART. 244 C.P.,CALI,Santa Teresita,02,-76.551002,3.4517,SIN INFORMACION,2025,julio     ,5,7/5/2025,7,12:00,DENUNCIA,Nivel 1
EXTORSION,EXTORSION. ART. 244 C.P.,CALI,Urbanización Boyaca,11,-76.519982,3.422234,SIN INFORMACION,2025,julio     ,6,7/6/2025,1,07:30,DENUNCIA,Nivel 1
EXTORSION,EXTORSION. ART. 244 C.P.,CALI,Andalucía,81,-76.51497,3.356799,SIN INFORMACION,2025,julio     ,6,7/6/2025,1,08:30,DENUNCIA,Nivel 1
EXTORSION,EXTORSION. ART. 244 C.P.,CALI,Granada,02,-76.531944,3.459722,SIN INFORMACION,2025,julio     ,6,7/6/2025,1,00:54,DENUNCIA,Nivel 1
EXTORSION,EXTORSION. ART. 244 C.P.,CALI,Guillermo Valencia,04,-76.510248,3.470557,DOMICILIO,2025,julio     ,7,7/7/2025,2,12:40,DENUNCIA,Nivel 1
EXTORSION,EXTORSION. ART. 244 C.P.,CALI,Aranjuez,09,-76.521797,3.436968,SIN INFORMACION,2025,julio     ,7,7/7/2025,2,16:28,DENUNCIA,Nivel 1
EXTORSION,EXTORSION. ART. 244 C.P.,CALI,Cuarto de Legua - Guadalupe,19,-76.55562,3.408189,DOMICILIO,2025,julio     ,8,7/8/2025,3,10:55,DENUNCIA,Nivel 1
EXTORSION,EXTORSION. ART. 244 C.P.,CALI,Cuarto de Legua - Guadalupe,19,-76.55562,3.408189,DOMICILIO,2025,julio     ,8,7/8/2025,3,10:55,DENUNCIA,Nivel 1
EXTORSION,EXTORSION. ART. 244 C.P.,CALI,Unicentro Cali,17,-76.53953,3.377,SIN INFORMACION,2025,julio     ,9,7/9/2025,4,05:30,DENUNCIA,Nivel 1
EXTORSION,EXTORSION. ART. 244 C.P.,CALI,Rural,Rural,-76.5321,3.31459,SIN INFORMACION,2025,julio     ,9,7/9/2025,4,11:02,DENUNCIA,Nivel 1
EXTORSION,EXTORSION. ART. 244 C.P.,CALI,Caney,17,-76.51807,3.385955,SIN INFORMACION,2025,julio     ,9,7/9/2025,4,08:00,DENUNCIA,Nivel 1
EXTORSION,EXTORSION. ART. 244 C.P.,CALI,José Manuel Marroquín II,14,-76.482237,3.43274,SIN INFORMACION,2025,julio     ,10,7/10/2025,5,14:47,DENUNCIA,Nivel 1
EXTORSION,EXTORSION. ART. 244 C.P.,CALI,San Nicolás,03,-76.518781,3.452981,SIN INFORMACION,2025,julio     ,10,7/10/2025,5,15:06,DENUNCIA,Nivel 1
EXTORSION,EXTORSION. ART. 244 C.P.,CALI,El Lido,19,-76.55014,3.422626,SIN INFORMACION,2025,julio     ,11,7/11/2025,6,16:00,DENUNCIA,Nivel 1
EXTORSION,EXTORSION. ART. 244 C.P.,CALI,Salomia,04,-76.506091,3.463901,LUGAR DE TRABAJO,2025,julio     ,11,7/11/2025,6,10:00,DENUNCIA,Nivel 1
EXTORSION,EXTORSION. ART. 244 C.P.,CALI,Las Orquídeas,14,-76.473845,3.414865,DOMICILIO,2025,julio     ,11,7/11/2025,6,17:00,DENUNCIA,Nivel 1
EXTORSION,EXTORSION. ART. 244 C.P.,CALI,Rural,Rural,-76.547478,3.487622,SIN INFORMACION,2025,julio     ,12,7/12/2025,7,09:25,DENUNCIA,Nivel 1
EXTORSION,EXTORSION. ART. 244 C.P.,CALI,Rural,Rural,-76.549598,3.481237,SIN INFORMACION,2025,julio     ,14,7/14/2025,2,13:02,DENUNCIA,Nivel 1
EXTORSION,EXTORSION. ART. 244 C.P.,CALI,Francisco Eladio Ramírez,18,-76.549451,3.389218,SIN INFORMACION,2025,julio     ,14,7/14/2025,2,13:51,DENUNCIA,Nivel 1
EXTORSION,EXTORSION. ART. 244 C.P.,CALI,Brisas de Los Álamos,02,-76.499135,3.49562,SIN INFORMACION,2025,julio     ,14,7/14/2025,2,10:36,DENUNCIA,Nivel 1
EXTORSION,EXTORSION. ART. 244 C.P.,CALI,Prados del Sur,18,-76.55621,3.388992,SIN INFORMACION,2025,julio     ,14,7/14/2025,2,06:00,DENUNCIA,Nivel 1
EXTORSION,EXTORSION. ART. 244 C.P.,CALI,Lili,17,-76.519578,3.371321,DOMICILIO,2025,julio     ,16,7/16/2025,4,14:00,DENUNCIA,Nivel 1
EXTORSION,EXTORSION. ART. 244 C.P.,CALI,Sector Puente del Comercio,06,-76.494729,3.488427,SIN INFORMACION,2025,julio     ,17,7/17/2025,5,09:19,DENUNCIA,Nivel 1
EXTORSION,EXTORSION. ART. 244 C.P.,CALI,Ciudad Talanga,21,-76.468553,3.434025,SIN INFORMACION,2025,julio     ,18,7/18/2025,6,11:46,DENUNCIA,Nivel 1
EXTORSION,EXTORSION. ART. 244 C.P.,CALI,Junín,09,-76.52867,3.435274,RED VIRTUAL O INTERNET,2025,julio     ,19,7/19/2025,7,22:00,DENUNCIA,Nivel 1
EXTORSION,EXTORSION. ART. 244 C.P.,CALI,La Esmeralda,04,-76.508695,3.457966,SIN INFORMACION,2025,julio     ,19,7/19/2025,7,20:03,DENUNCIA,Nivel 1
EXTORSION,EXTORSION. ART. 244 C.P.,CALI,Torres de Comfandi,05,-76.501901,3.473874,SIN INFORMACION,2025,julio     ,21,7/21/2025,2,16:20,DENUNCIA,Nivel 1
EXTORSION,EXTORSION. ART. 244 C.P.,CALI,José Manuel Marroquín I,14,-76.476446,3.42098,SIN INFORMACION,2025,julio     ,21,7/21/2025,2,16:06,DENUNCIA,Nivel 1
EXTORSION,EXTORSION. ART. 244 C.P.,CALI,Rural,Rural,-76.521818,3.301164,SIN INFORMACION,2025,julio     ,21,7/21/2025,2,14:58,DENUNCIA,Nivel 1
EXTORSION,EXTORSION. ART. 244 C.P.,CALI,Ulpiano Lloreda,13,-76.488633,3.44385,VIA PUBLICA,2025,julio     ,21,7/21/2025,2,20:00,DENUNCIA,Nivel 1
EXTORSION,EXTORSION. ART. 244 C.P.,CALI,Cañaverales - Los Samanes,17,-76.526098,3.399915,LUGAR DE TRABAJO,2025,julio     ,22,7/22/2025,3,15:10,DENUNCIA,Nivel 1
EXTORSION,EXTORSION. ART. 244 C.P.,CALI,Puerta del Sol,14,-76.47236,3.432714,SIN INFORMACION,2025,julio     ,22,7/22/2025,3,08:00,DENUNCIA,Nivel 1
EXTORSION,EXTORSION. ART. 244 C.P.,CALI,Primero de Mayo,17,-76.531169,3.404952,ESTABLECIMIENTO DE COMERCIO,2025,julio     ,24,7/24/2025,5,13:00,DENUNCIA,Nivel 1
EXTORSION,EXTORSION. ART. 244 C.P.,CALI,Rural,Rural,-76.549234,3.490267,DOMICILIO,2025,julio     ,25,7/25/2025,6,18:00,DENUNCIA,Nivel 1
EXTORSION,EXTORSION. ART. 244 C.P.,CALI,Los Comuneros II,13,-76.492713,3.42632,SIN INFORMACION,2025,julio     ,25,7/25/2025,6,04:11,DENUNCIA,Nivel 1
EXTORSION,EXTORSION. ART. 244 C.P.,CALI,Santa Anita - La Selva,17,-76.537526,3.402318,DOMICILIO,2025,julio     ,27,7/27/2025,1,10:00,DENUNCIA,Nivel 1
EXTORSION,EXTORSION. ART. 244 C.P.,CALI,Belalcázar,09,-76.520371,3.442084,DOMICILIO,2025,julio     ,27,7/27/2025,1,00:00,DENUNCIA,Nivel 1
EXTORSION,EXTORSION. ART. 244 C.P.,CALI,Alférez Real,18,-76.550815,3.391296,SIN INFORMACION,2025,julio     ,28,7/28/2025,2,20:00,DENUNCIA,Nivel 1
EXTORSION,EXTORSION. ART. 244 C.P.,CALI,Rural,Rural,-76.556633,3.474202,DOMICILIO,2025,julio     ,28,7/28/2025,2,18:00,DENUNCIA,Nivel 1
EXTORSION,EXTORSION. ART. 244 C.P.,CALI,Antonio Nariño,16,-76.507625,3.419302,ESTABLECIMIENTO DE COMERCIO,2025,julio     ,28,7/28/2025,2,18:45,DENUNCIA,Nivel 1
EXTORSION,EXTORSION. ART. 244 C.P.,CALI,Rural,Rural,-76.549926,3.354417,VIA PUBLICA,2025,julio     ,28,7/28/2025,2,17:00,DENUNCIA,Nivel 1
EXTORSION,EXTORSION. ART. 244 C.P.,CALI,Villa del Sur,11,-76.52063,3.414236,SIN INFORMACION,2025,julio     ,28,7/28/2025,2,10:30,DENUNCIA,Nivel 1
EXTORSION,EXTORSION. ART. 244 C.P.,CALI,El Vergel,13,-76.499924,3.413111,DOMICILIO,2025,julio     ,29,7/29/2025,3,18:30,DENUNCIA,Nivel 1
EXTORSION,EXTORSION. ART. 244 C.P.,CALI,Los Libertadores,03,-76.540312,3.442787,SIN INFORMACION,2025,julio     ,29,7/29/2025,3,18:30,DENUNCIA,Nivel 1
EXTORSION,EXTORSION. ART. 244 C.P.,CALI,San Nicolás,03,-76.518781,3.452981,SIN INFORMACION,2025,julio     ,29,7/29/2025,3,01:29,DENUNCIA,Nivel 1
EXTORSION,EXTORSION. ART. 244 C.P.,CALI,Base Aérea,07,-76.490376,3.459974,SIN INFORMACION,2025,julio     ,30,7/30/2025,4,22:00,DENUNCIA,Nivel 1
EXTORSION,EXTORSION. ART. 244 C.P.,CALI,Manzanares,04,-76.508119,3.465371,LOCAL COMERCIAL,2025,julio     ,30,7/30/2025,4,09:32,DENUNCIA,Nivel 1
EXTORSION,EXTORSION. ART. 244 C.P.,CALI,Santander,04,-76.513841,3.464198,SIN INFORMACION,2025,agosto    ,1,8/1/2025,6,15:45,DENUNCIA,Nivel 1
EXTORSION,EXTORSION. ART. 244 C.P.,CALI,San Nicolás,03,-76.518781,3.452981,SIN INFORMACION,2025,agosto    ,1,8/1/2025,6,15:20,DENUNCIA,Nivel 1
EXTORSION,EXTORSION. ART. 244 C.P.,CALI,La Flora,02,-76.524383,3.484715,SIN INFORMACION,2025,agosto    ,1,8/1/2025,6,15:00,DENUNCIA,Nivel 1
EXTORSION,EXTORSION. ART. 244 C.P.,CALI,San Nicolás,03,-76.518781,3.452981,SIN INFORMACION,2025,agosto    ,1,8/1/2025,6,01:30,DENUNCIA,Nivel 1
EXTORSION,EXTORSION. ART. 244 C.P.,CALI,Lili,17,-76.519977,3.371909,SIN INFORMACION,2025,agosto    ,2,8/2/2025,7,04:00,DENUNCIA,Nivel 1
EXTORSION,EXTORSION. ART. 244 C.P.,CALI,Unicentro Cali,17,-76.539678,3.376578,SIN INFORMACION,2025,agosto    ,2,8/2/2025,7,22:38,DENUNCIA,Nivel 1
EXTORSION,EXTORSION. ART. 244 C.P.,CALI,José Manuel Marroquín II,14,-76.483655,3.432503,DOMICILIO,2025,agosto    ,3,8/3/2025,1,18:50,DENUNCIA,Nivel 1
EXTORSION,EXTORSION. ART. 244 C.P.,CALI,San Nicolás,03,-76.518781,3.452981,SIN INFORMACION,2025,agosto    ,4,8/4/2025,2,15:30,DENUNCIA,Nivel 1
EXTORSION,EXTORSION. ART. 244 C.P.,CALI,Terrón Colorado,01,-76.554467,3.45394,SIN INFORMACION,2025,agosto    ,4,8/4/2025,2,02:12,DENUNCIA,Nivel 1
EXTORSION,EXTORSION. ART. 244 C.P.,CALI,La Merced,03,-76.535888,3.449731,SIN INFORMACION,2025,agosto    ,4,8/4/2025,2,15:30,DENUNCIA,Nivel 1
EXTORSION,EXTORSION. ART. 244 C.P.,CALI,Rural,Rural,-76.564766,3.436267,SIN INFORMACION,2025,agosto    ,5,8/5/2025,3,12:00,DENUNCIA,Nivel 1
EXTORSION,EXTORSION. ART. 244 C.P.,CALI,Rural,Rural,-76.590796,3.41937,OTRO,2025,agosto    ,6,8/6/2025,4,14:30,DENUNCIA,Nivel 1
EXTORSION,EXTORSION. ART. 244 C.P.,CALI,Petecuy Segunda Etapa,06,-76.480896,3.479151,SIN INFORMACION,2025,agosto    ,7,8/7/2025,5,03:30,DENUNCIA,Nivel 1
EXTORSION,EXTORSION. ART. 244 C.P.,CALI,Parcelaciones Pance,22,-76.544287,3.350922,DOMICILIO,2025,agosto    ,8,8/8/2025,6,20:28,DENUNCIA,Nivel 1
EXTORSION,EXTORSION. ART. 244 C.P.,CALI,Prados del Sur,18,-76.554385,3.387188,SIN INFORMACION,2025,agosto    ,9,8/9/2025,7,05:00,DENUNCIA,Nivel 1
EXTORSION,EXTORSION. ART. 244 C.P.,CALI,Caney,17,-76.522778,3.38019,SIN INFORMACION,2025,agosto    ,10,8/10/2025,1,21:00,DENUNCIA,Nivel 1
EXTORSION,EXTORSION. ART. 244 C.P.,CALI,El Guabal,10,-76.529543,3.415123,SIN INFORMACION,2025,agosto    ,11,8/11/2025,2,05:00,DENUNCIA,Nivel 1
EXTORSION,EXTORSION. ART. 244 C.P.,CALI,Caney,17,-76.518921,3.380494,SIN INFORMACION,2025,agosto    ,12,8/12/2025,3,18:44,DENUNCIA,Nivel 1
EXTORSION,EXTORSION. ART. 244 C.P.,CALI,Sector Altos de Santa Isabel,19,-76.551796,3.432783,SIN INFORMACION,2025,agosto    ,13,8/13/2025,4,19:00,DENUNCIA,Nivel 1
EXTORSION,EXTORSION. ART. 244 C.P.,CALI,Lili,17,-76.515058,3.369531,LUGAR DE TRABAJO,2025,agosto    ,13,8/13/2025,4,10:00,DENUNCIA,Nivel 1
EXTORSION,EXTORSION. ART. 244 C.P.,CALI,Compartir,21,-76.47013,3.432185,SIN INFORMACION,2025,agosto    ,14,8/14/2025,5,02:00,DENUNCIA,Nivel 1
EXTORSION,EXTORSION. ART. 244 C.P.,CALI,Santa Teresita,02,-76.555663,3.44892,SIN INFORMACION,2025,agosto    ,14,8/14/2025,5,21:30,DENUNCIA,Nivel 1
EXTORSION,EXTORSION. ART. 244 C.P.,CALI,Santa Mónica,02,-76.53115,3.464135,SIN INFORMACION,2025,agosto    ,15,8/15/2025,6,20:16,DENUNCIA,Nivel 1
EXTORSION,EXTORSION. ART. 244 C.P.,CALI,Siloé,20,-76.557355,3.421624,SIN INFORMACION,2025,agosto    ,15,8/15/2025,6,08:00,DENUNCIA,Nivel 1
EXTORSION,EXTORSION. ART. 244 C.P.,CALI,Lourdes,18,-76.5576,3.391321,SIN INFORMACION,2025,agosto    ,15,8/15/2025,6,05:04,DENUNCIA,Nivel 1
EXTORSION,EXTORSION. ART. 244 C.P.,CALI,Cristóbal Colón,10,-76.524249,3.421142,SIN INFORMACION,2025,agosto    ,16,8/16/2025,7,10:28,DENUNCIA,Nivel 1
EXTORSION,EXTORSION. ART. 244 C.P.,CALI,La Floresta,08,-76.51223,3.443906,SIN INFORMACION,2025,agosto    ,16,8/16/2025,7,01:25,DENUNCIA,Nivel 1
EXTORSION,EXTORSION. ART. 244 C.P.,CALI,Cuarto de Legua - Guadalupe,19,-76.550497,3.409072,ESTABLECIMIENTO DE COMERCIO,2025,agosto    ,19,8/19/2025,3,20:55,DENUNCIA,Nivel 1
EXTORSION,EXTORSION. ART. 244 C.P.,CALI,Antonio Nariño,16,-76.504291,3.415403,SIN INFORMACION,2025,agosto    ,19,8/19/2025,3,10:45,DENUNCIA,Nivel 1
EXTORSION,EXTORSION. ART. 244 C.P.,CALI,El Limonar,17,-76.5283,3.406786,SIN INFORMACION,2025,agosto    ,19,8/19/2025,3,16:30,DENUNCIA,Nivel 1
EXTORSION,EXTORSION. ART. 244 C.P.,CALI,Lili,17,-76.516637,3.37735,ESTABLECIMIENTO DE COMERCIO,2025,agosto    ,19,8/19/2025,3,20:55,DENUNCIA,Nivel 1
EXTORSION,EXTORSION. ART. 244 C.P.,CALI,José Manuel Marroquín I,14,-76.483517,3.426126,SIN INFORMACION,2025,agosto    ,19,8/19/2025,3,16:00,DENUNCIA,Nivel 1
EXTORSION,EXTORSION. ART. 244 C.P.,CALI,Sucre,09,-76.52791,3.449472,ESTABLECIMIENTO DE COMERCIO,2025,agosto    ,20,8/20/2025,4,14:05,DENUNCIA,Nivel 1
EXTORSION,EXTORSION. ART. 244 C.P.,CALI,Los Cámbulos,19,-76.536543,3.41933,SIN INFORMACION,2025,agosto    ,21,8/21/2025,5,13:00,DENUNCIA,Nivel 1
EXTORSION,EXTORSION. ART. 244 C.P.,CALI,Villa del Sol,05,-76.495999,3.48161,SIN INFORMACION,2025,agosto    ,21,8/21/2025,5,13:00,DENUNCIA,Nivel 1
EXTORSION,EXTORSION. ART. 244 C.P.,CALI,PP6-PP8-PP10,81,-76.532606,3.332677,SIN INFORMACION,2025,agosto    ,22,8/22/2025,6,21:40,DENUNCIA,Nivel 1
EXTORSION,EXTORSION. ART. 244 C.P.,CALI,Lili,17,-76.515542,3.377216,SIN INFORMACION,2025,agosto    ,22,8/22/2025,6,15:00,DENUNCIA,Nivel 1
EXTORSION,EXTORSION. ART. 244 C.P.,CALI,Unicentro Cali,17,-76.53953,3.377,SIN INFORMACION,2025,agosto    ,23,8/23/2025,7,05:23,DENUNCIA,Nivel 1
EXTORSION,EXTORSION. ART. 244 C.P.,CALI,Ciudad Córdoba,15,-76.504225,3.40674,SIN INFORMACION,2025,agosto    ,23,8/23/2025,7,03:00,DENUNCIA,Nivel 1
EXTORSION,EXTORSION. ART. 244 C.P.,CALI,Ciudad Talanga,21,-76.465278,3.434156,SIN INFORMACION,2025,agosto    ,23,8/23/2025,7,10:30,DENUNCIA,Nivel 1
EXTORSION,EXTORSION. ART. 244 C.P.,CALI,Vipasa,02,-76.522355,3.479147,SIN INFORMACION,2025,agosto    ,24,8/24/2025,1,15:00,DENUNCIA,Nivel 1
EXTORSION,EXTORSION. ART. 244 C.P.,CALI,Sucre,09,-76.527774,3.450206,SIN INFORMACION,2025,agosto    ,25,8/25/2025,2,16:52,DENUNCIA,Nivel 1
EXTORSION,EXTORSION. ART. 244 C.P.,CALI,Cuarto de Legua - Guadalupe,19,-76.55258,3.409017,SIN INFORMACION,2025,agosto    ,25,8/25/2025,2,16:22,DENUNCIA,Nivel 1
EXTORSION,EXTORSION. ART. 244 C.P.,CALI,Los Naranjos II,14,-76.478357,3.433426,SIN INFORMACION,2025,agosto    ,25,8/25/2025,2,22:40,DENUNCIA,Nivel 1
EXTORSION,EXTORSION. ART. 244 C.P.,CALI,Los Portales - Nuevo Rey,17,-76.5437,3.394491,SIN INFORMACION,2025,agosto    ,25,8/25/2025,2,14:30,DENUNCIA,Nivel 1
EXTORSION,EXTORSION. ART. 244 C.P.,CALI,Rural,Rural,-76.540767,3.314498,SIN INFORMACION,2025,agosto    ,25,8/25/2025,2,23:30,DENUNCIA,Nivel 1
EXTORSION,EXTORSION. ART. 244 C.P.,CALI,Sector Patio Bonito,01,-76.589163,3.464236,SIN INFORMACION,2025,agosto    ,25,8/25/2025,2,19:12,DENUNCIA,Nivel 1
EXTORSION,EXTORSION. ART. 244 C.P.,CALI,Rural,Rural,-76.554676,3.466609,SIN INFORMACION,2025,agosto    ,25,8/25/2025,2,15:50,DENUNCIA,Nivel 1
EXTORSION,EXTORSION. ART. 244 C.P.,CALI,Rural,Rural,-76.564956,3.436068,SIN INFORMACION,2025,agosto    ,26,8/26/2025,3,14:00,DENUNCIA,Nivel 1
EXTORSION,EXTORSION. ART. 244 C.P.,CALI,20 de Julio,11,-76.511741,3.433009,DOMICILIO,2025,agosto    ,26,8/26/2025,3,09:00,DENUNCIA,Nivel 1
EXTORSION,EXTORSION. ART. 244 C.P.,CALI,Rural,Rural,-76.532293,3.298225,VIA PUBLICA,2025,agosto    ,26,8/26/2025,3,09:00,DENUNCIA,Nivel 1
EXTORSION,EXTORSION. ART. 244 C.P.,CALI,Sector Laguna del Pondaje,13,-76.490319,3.433191,SIN INFORMACION,2025,agosto    ,26,8/26/2025,3,11:52,DENUNCIA,Nivel 1
EXTORSION,EXTORSION. ART. 244 C.P.,CALI,San Nicolás,03,-76.518781,3.452981,SIN INFORMACION,2025,agosto    ,26,8/26/2025,3,23:06,DENUNCIA,Nivel 1
EXTORSION,EXTORSION. ART. 244 C.P.,CALI,Jorge Eliécer Gaitán,06,-76.48511,3.473907,SIN INFORMACION,2025,agosto    ,27,8/27/2025,4,23:49,DENUNCIA,Nivel 1
EXTORSION,EXTORSION. ART. 244 C.P.,CALI,El Jordán,18,-76.552359,3.375978,SIN INFORMACION,2025,agosto    ,27,8/27/2025,4,00:29,DENUNCIA,Nivel 1
EXTORSION,EXTORSION. ART. 244 C.P.,CALI,Nueva Floresta,12,-76.4975,3.437729,SIN INFORMACION,2025,agosto    ,27,8/27/2025,4,19:26,DENUNCIA,Nivel 1
EXTORSION,EXTORSION. ART. 244 C.P.,CALI,La Selva,10,-76.530513,3.410741,SIN INFORMACION,2025,agosto    ,27,8/27/2025,4,20:50,DENUNCIA,Nivel 1
EXTORSION,EXTORSION. ART. 244 C.P.,CALI,Alfonso Bonilla Aragón,14,-76.483534,3.420203,SIN INFORMACION,2025,agosto    ,27,8/27/2025,4,16:23,DENUNCIA,Nivel 1
EXTORSION,EXTORSION. ART. 244 C.P.,CALI,Cañaverales - Los Samanes,17,-76.525267,3.400006,SIN INFORMACION,2025,agosto    ,27,8/27/2025,4,13:00,DENUNCIA,Nivel 1
EXTORSION,EXTORSION. ART. 244 C.P.,CALI,Doce de Octubre,12,-76.502668,3.42767,SIN INFORMACION,2025,agosto    ,27,8/27/2025,4,18:32,DENUNCIA,Nivel 1
EXTORSION,EXTORSION. ART. 244 C.P.,CALI,San Juan Bosco,03,-76.53346,3.444911,SIN INFORMACION,2025,agosto    ,28,8/28/2025,5,13:08,DENUNCIA,Nivel 1
EXTORSION,EXTORSION. ART. 244 C.P.,CALI,Lleras Camargo,20,-76.561152,3.422893,SIN INFORMACION,2025,agosto    ,28,8/28/2025,5,16:37,DENUNCIA,Nivel 1
EXTORSION,EXTORSION. ART. 244 C.P.,CALI,El Jordán,18,-76.55076,3.373014,SIN INFORMACION,2025,agosto    ,28,8/28/2025,5,19:00,DENUNCIA,Nivel 1
EXTORSION,EXTORSION. ART. 244 C.P.,CALI,Manuela Beltrán,14,-76.472901,3.414972,DOMICILIO,2025,agosto    ,28,8/28/2025,5,17:00,DENUNCIA,Nivel 1
EXTORSION,EXTORSION. ART. 244 C.P.,CALI,La Esmeralda,04,-76.51061,3.458486,SIN INFORMACION,2025,agosto    ,29,8/29/2025,6,11:06,DENUNCIA,Nivel 1
EXTORSION,EXTORSION. ART. 244 C.P.,CALI,Ciudad 2000,16,-76.519828,3.399346,SIN INFORMACION,2025,agosto    ,29,8/29/2025,6,13:15,DENUNCIA,Nivel 1
EXTORSION,EXTORSION. ART. 244 C.P.,CALI,San Nicolás,03,-76.518781,3.452981,SIN INFORMACION,2025,agosto    ,30,8/30/2025,7,08:30,DENUNCIA,Nivel 1
EXTORSION,EXTORSION. ART. 244 C.P.,CALI,San Nicolás,03,-76.518781,3.452981,SIN INFORMACION,2025,agosto    ,31,8/31/2025,1,14:33,DENUNCIA,Nivel 1
EXTORSION,EXTORSION. ART. 244 C.P.,CALI,San Vicente,02,-76.526454,3.4708,SIN INFORMACION,2025,agosto    ,31,8/31/2025,1,16:52,DENUNCIA,Nivel 1
EXTORSION,EXTORSION. ART. 244 C.P.,CALI,San Nicolás,03,-76.518781,3.452981,SIN INFORMACION,2025,agosto    ,31,8/31/2025,1,01:00,DENUNCIA,Nivel 1
EXTORSION,EXTORSION. ART. 244 C.P.,CALI,El Guabal,10,-76.521303,3.41855,SIN INFORMACION,2025,septiembre,1,9/1/2025,2,13:00,DENUNCIA,Nivel 1
EXTORSION,EXTORSION. ART. 244 C.P.,CALI,San Nicolás,03,-76.518781,3.452981,SIN INFORMACION,2025,septiembre,1,9/1/2025,2,19:44,DENUNCIA,Nivel 1
EXTORSION,EXTORSION. ART. 244 C.P.,CALI,Las Granjas,10,-76.526502,3.412333,SIN INFORMACION,2025,septiembre,1,9/1/2025,2,19:00,DENUNCIA,Nivel 1
EXTORSION,EXTORSION. ART. 244 C.P.,CALI,Rural,Rural,-76.570463,3.408078,VIA PUBLICA,2025,septiembre,2,9/2/2025,3,14:30,DENUNCIA,Nivel 1
EXTORSION,EXTORSION. ART. 244 C.P.,CALI,La Merced,03,-76.536373,3.4513,SIN INFORMACION,2025,septiembre,2,9/2/2025,3,20:00,DENUNCIA,Nivel 1
EXTORSION,EXTORSION. ART. 244 C.P.,CALI,San Fernando Viejo,19,-76.5429,3.436451,SIN INFORMACION,2025,septiembre,2,9/2/2025,3,02:19,DENUNCIA,Nivel 1
EXTORSION,EXTORSION. ART. 244 C.P.,CALI,San Nicolás,03,-76.518781,3.452981,SIN INFORMACION,2025,septiembre,2,9/2/2025,3,18:30,DENUNCIA,Nivel 1
EXTORSION,EXTORSION. ART. 244 C.P.,CALI,San Pedro,03,-76.531593,3.451754,VIA PUBLICA,2025,septiembre,4,9/4/2025,5,16:20,DENUNCIA,Nivel 1
EXTORSION,EXTORSION. ART. 244 C.P.,CALI,San Nicolás,03,-76.518781,3.452981,SIN INFORMACION,2025,septiembre,4,9/4/2025,5,12:53,DENUNCIA,Nivel 1
EXTORSION,EXTORSION. ART. 244 C.P.,CALI,Ciudadela Floralia,06,-76.492822,3.497168,SIN INFORMACION,2025,septiembre,5,9/5/2025,6,05:45,DENUNCIA,Nivel 1
EXTORSION,EXTORSION. ART. 244 C.P.,CALI,San Nicolás,03,-76.518781,3.452981,SIN INFORMACION,2025,septiembre,5,9/5/2025,6,16:50,DENUNCIA,Nivel 1
EXTORSION,EXTORSION. ART. 244 C.P.,CALI,San Nicolás,03,-76.518781,3.452981,SIN INFORMACION,2025,septiembre,6,9/6/2025,7,02:00,DENUNCIA,Nivel 1
EXTORSION,EXTORSION. ART. 244 C.P.,CALI,Nueva Floresta,12,-76.497138,3.433893,SIN INFORMACION,2025,septiembre,6,9/6/2025,7,16:26,DENUNCIA,Nivel 1
EXTORSION,EXTORSION. ART. 244 C.P.,CALI,Los Cámbulos,19,-76.54,3.42,SIN INFORMACION,2025,septiembre,7,9/7/2025,1,23:30,DENUNCIA,Nivel 1
EXTORSION,EXTORSION. ART. 244 C.P.,CALI,Belalcázar,09,-76.521835,3.440561,SIN INFORMACION,2025,septiembre,8,9/8/2025,2,16:00,DENUNCIA,Nivel 1
EXTORSION,EXTORSION. ART. 244 C.P.,CALI,Jorge Zawadsky,10,-76.5336,3.409699,SIN INFORMACION,2025,septiembre,8,9/8/2025,2,22:35,DENUNCIA,Nivel 1
EXTORSION,EXTORSION. ART. 244 C.P.,CALI,Granada,02,-76.53449,3.458317,SIN INFORMACION,2025,septiembre,9,9/9/2025,3,16:13,DENUNCIA,Nivel 1
EXTORSION,EXTORSION. ART. 244 C.P.,CALI,San Nicolás,03,-76.518781,3.452981,SIN INFORMACION,2025,septiembre,9,9/9/2025,3,12:00,DENUNCIA,Nivel 1
EXTORSION,EXTORSION. ART. 244 C.P.,CALI,Rural,Rural,-76.539394,3.481669,SIN INFORMACION,2025,septiembre,11,9/11/2025,5,15:56,DENUNCIA,Nivel 1
EXTORSION,EXTORSION. ART. 244 C.P.,CALI,San Nicolás,03,-76.518781,3.452981,SIN INFORMACION,2025,septiembre,11,9/11/2025,5,02:28,DENUNCIA,Nivel 1
EXTORSION,EXTORSION. ART. 244 C.P.,CALI,Rural,Rural,-76.50774,3.304316,SIN INFORMACION,2025,septiembre,12,9/12/2025,6,20:00,DENUNCIA,Nivel 1
EXTORSION,EXTORSION. ART. 244 C.P.,CALI,Terrón Colorado,01,-76.564076,3.451023,SIN INFORMACION,2025,septiembre,14,9/14/2025,1,12:57,DENUNCIA,Nivel 1
EXTORSION,EXTORSION. ART. 244 C.P.,CALI,El Cortijo,20,-76.559559,3.41675,SIN INFORMACION,2025,septiembre,16,9/16/2025,3,16:38,DENUNCIA,Nivel 1
EXTORSION,EXTORSION. ART. 244 C.P.,CALI,Valle Grande,21,-76.475905,3.439005,SIN INFORMACION,2025,septiembre,17,9/17/2025,4,16:45,DENUNCIA,Nivel 1
EXTORSION,EXTORSION. ART. 244 C.P.,CALI,Santa Fé,08,-76.505173,3.439757,SIN INFORMACION,2025,septiembre,17,9/17/2025,4,22:20,DENUNCIA,Nivel 1
EXTORSION,EXTORSION. ART. 244 C.P.,CALI,Valle Grande,21,-76.471362,3.434729,DOMICILIO,2025,septiembre,17,9/17/2025,4,10:30,DENUNCIA,Nivel 1
EXTORSION,EXTORSION. ART. 244 C.P.,CALI,Meléndez,18,-76.544908,3.380763,SIN INFORMACION,2025,septiembre,19,9/19/2025,6,15:15,DENUNCIA,Nivel 1
EXTORSION,EXTORSION. ART. 244 C.P.,CALI,Alférez Real,18,-76.546071,3.389124,SIN INFORMACION,2025,septiembre,19,9/19/2025,6,15:28,DENUNCIA,Nivel 1
EXTORSION,EXTORSION. ART. 244 C.P.,CALI,San Nicolás,03,-76.518781,3.452981,SIN INFORMACION,2025,septiembre,19,9/19/2025,6,20:00,DENUNCIA,Nivel 1
EXTORSION,EXTORSION. ART. 244 C.P.,CALI,Villa del Prado - El Guabito,05,-76.488372,3.467029,SIN INFORMACION,2025,septiembre,19,9/19/2025,6,13:00,DENUNCIA,Nivel 1
EXTORSION,EXTORSION. ART. 244 C.P.,CALI,Terrón Colorado,01,-76.557321,3.45395,SIN INFORMACION,2025,septiembre,20,9/20/2025,7,12:09,DENUNCIA,Nivel 1
EXTORSION,EXTORSION. ART. 244 C.P.,CALI,Prados de Oriente,11,-76.511656,3.432792,ESTABLECIMIENTO CARCELARIO,2025,septiembre,20,9/20/2025,7,04:12,DENUNCIA,Nivel 1
EXTORSION,EXTORSION. ART. 244 C.P.,CALI,San Nicolás,03,-76.518781,3.452981,SIN INFORMACION,2025,septiembre,21,9/21/2025,1,19:49,DENUNCIA,Nivel 1
EXTORSION,EXTORSION. ART. 244 C.P.,CALI,Sucre,09,-76.523007,3.447982,SIN INFORMACION,2025,septiembre,21,9/21/2025,1,02:45,DENUNCIA,Nivel 1
EXTORSION,EXTORSION. ART. 244 C.P.,CALI,Alfonso Lopez P. 1a Etapa,07,-76.48172,3.465347,SIN INFORMACION,2025,septiembre,25,9/25/2025,5,18:00,DENUNCIA,Nivel 1
EXTORSION,EXTORSION. ART. 244 C.P.,CALI,Unión de Vivienda Popular,16,-76.51024,3.411005,SIN INFORMACION,2025,septiembre,25,9/25/2025,5,09:02,DENUNCIA,Nivel 1
