x,y,z
1333.9096418598829,9416.98247158122,1.2
2405.8961996534877,3191.336215698808,1.2
3271.3905581113977,8541.101744578657,1.2
8591.374909485978,4079.4432637907107,1.2
6660.902130980257,8815.08028708691,1.2
5411.622122834037,9186.727397353747,1.2
290.138244243604,309.6859837793342,1.2
7337.482962802829,5673.944553178628,1.2
3949.5001843100586,8850.313772943218,1.2
8020.471186286665,7950.170023474531,1.2
2544.211258598793,3982.805633150287,1.2
568.8493665115179,6224.957523191054,1.2
8666.486408992003,3058.5793763460833,1.2
2210.289958843713,5945.439987022105,1.2
4049.8944804725966,4545.039080996532,1.2
3160.964710182087,4380.0338083708,1.2
766.6269999644726,8400.89897438398,1.2
8432.246942297046,7716.232976334234,1.2
8489.391477448615,9380.806443076686,1.2
9714.650914353879,300.76405448699273,1.2
3853.769143951381,3661.991234947184,1.2
9544.881251086652,5758.381340910729,1.2
4457.583608397189,2699.9352916275066,1.2
6697.246517218077,3048.4776586628636,1.2
825.0004969715541,2961.5169249220917,1.2
8970.985799815344,2331.2079790867792,1.2
2980.035006887627,7280.681042559682,1.2
2623.0482259638143,2056.1193704694338,1.2
51.29549064456951,1382.035452295274,1.2
5432.02515280406,1898.8142164933054,1.2
4755.963670072531,8412.13292701945,1.2
6363.736775715226,1981.9620378020797,1.2
9782.041340820062,8269.484591577719,1.2
9086.627578310878,6762.501243473245,1.2
9101.530757801565,8481.550134858282,1.2
5252.556711071455,9784.979040886772,1.2
1040.189498547629,8720.516136417373,1.2
1809.1459525790099,6396.942620667832,1.2
9530.402209867416,5105.534605831343,1.2
4119.529833863587,7157.772847591363,1.2
8650.171206071816,3216.9308931643004,1.2
6721.772794761761,3841.2578876288585,1.2
6287.857958821613,5199.695996717075,1.2
2755.587766489521,1156.2354280020804,1.2
8967.472697408626,8517.830951442456,1.2
2068.913713433652,351.3375558277898,1.2
4044.052430754076,4469.254091475249,1.2
9935.724923941036,7075.317371886348,1.2
7357.270815071208,5093.060954987394,1.2
4450.614124896827,7080.096985790861,1.2
5606.631694437349,9092.15448079746,1.2
4112.554890866352,8181.320117747983,1.2
7269.879919679885,3118.585260914679,1.2
3991.9688590407477,2512.4400513946343,1.2
6701.451647023819,5383.2783166664385,1.2
7047.156078805415,178.4511091572627,1.2
6095.598712590458,5155.93759159651,1.2
5400.34464181656,168.0837911349098,1.2
2060.818509133018,6126.329004970848,1.2
1991.614766227019,6636.542914973051,1.2
7957.388648160441,3251.509830711955,1.2
2903.327777707566,4872.287450165128,1.2
6559.628278238539,8276.839979595266,1.2
2996.1677580702485,8558.97038738031,1.2
1444.7837842282875,4996.755482906289,1.2
4039.566669804695,8940.907832268045,1.2
3102.6952684458975,4801.220538636102,1.2
2433.9801628096225,1739.9432906133295,1.2
5881.0404265837615,1386.9526415825594,1.2
2453.432529633598,9165.680065343902,1.2
7477.706117928631,1816.8775413320604,1.2
7201.466478542229,5678.505673909555,1.2
6952.608669550929,2010.6107674287975,1.2
1027.4277857321167,3465.7674692675223,1.2
9436.424281842912,1050.1264034626045,1.2
5033.396328927818,69.3969080077117,1.2
8996.736193674127,4165.982932346682,1.2
1985.798844363139,6449.431209057394,1.2
5944.491868184307,6480.657230324228,1.2
9654.085816772633,732.5977196924805,1.2
9986.98245896687,5850.747592120881,1.2
241.68624980544618,362.535669380446,1.2
4813.033334553166,7690.73168086859,1.2
2914.2268967360797,914.8893665499224,1.2
637.2056831731454,6588.417012345142,1.2
5696.243989430589,8809.760060395267,1.2
50.83284699214041,4802.4319554174,1.2
6112.775896700216,9271.777958130438,1.2
8701.814770345894,384.4854778750051,1.2
8836.014649738892,5159.337524330324,1.2
9543.194831960383,1783.0713817984256,1.2
7398.638198034741,2380.3074730418716,1.2
1847.1295754908879,8301.52166595131,1.2
4346.783210868052,6776.724308243614,1.2
8858.994955478734,8066.278672029805,1.2
2550.462803347965,7544.638992933755,1.2
4433.12694728984,401.51358312630504,1.2
6169.369758208952,5819.282773915824,1.2
1033.5251087815445,1558.180624656672,1.2
4901.096610690625,9022.78682719631,1.2
447.04402435746914,5488.720707850906,1.2
3116.2746930915073,8323.032718854682,1.2
7520.39686366025,4851.584683564756,1.2
7154.990865280647,3338.4647853786264,1.2
9415.54243758317,3717.952058206465,1.2
7768.953667087695,452.5131378754388,1.2
2152.285149871862,5537.396031072359,1.2
9049.711806332505,2703.1183610304897,1.2
5522.641470114036,8024.482071670684,1.2
8448.978875768562,3818.2567250505604,1.2
9224.894837730406,5801.987865482996,1.2
8289.612789391418,3728.6428388851145,1.2
3941.979979597263,8556.287744200254,1.2
5981.881365821267,2117.481075720832,1.2
4326.980795636002,6631.834711196943,1.2
6941.471357469509,1375.976484139303,1.2
4846.864896036265,6045.627705489064,1.2
1282.6034157607323,2153.486332445048,1.2
6443.704966138136,2992.6882925094646,1.2
2047.0621617065522,3933.301213251289,1.2
7449.571255322296,8929.954916893372,1.2
1056.1720640258266,7218.967014312774,1.2
73.09493723924754,9124.488699891746,1.2
3344.8899155293234,3635.8414461715192,1.2
9692.555038310558,6071.479269828801,1.2
7009.756894333043,6651.368557203825,1.2
4136.855347333363,3900.440430960821,1.2
1207.5217051578745,4430.8786319634455,1.2
603.6354435155366,2227.584268272451,1.2
7262.116737607751,3549.681051247434,1.2
9054.509843134736,3739.5561767977492,1.2
160.25917932118938,8118.683110656309,1.2
5841.408307135868,7871.215113570789,1.2
7286.040502085514,696.8457911456793,1.2
2921.975442760082,6960.415895658455,1.2
5227.976163272437,3000.638833344118,1.2
8148.518862506176,1141.7652767698837,1.2
5963.269801768657,7578.330409965547,1.2
3785.553394515698,5366.030880254267,1.2
775.5780549497093,6724.184131789562,1.2
4869.061762320864,3721.1665348739984,1.2
4681.939060699252,3809.1592529177656,1.2
1815.347567293506,7481.530525123975,1.2
701.3593446323719,3058.7193831284976,1.2
5084.009321464065,4914.725719827119,1.2
3318.5173483127805,7521.560048865537,1.2
2144.9782034691443,2192.4547182659758,1.2
946.5689421443624,9298.048376626957,1.2
8379.30528669717,8176.758715150815,1.2
3551.124704007644,2450.840294741103,1.2
8267.850722224131,3805.2352647765774,1.2
259.62269231945004,5974.453914939386,1.2
22.395771533531004,8758.93164176974,1.2
9244.177513143666,2823.973440813785,1.2
6739.332510076218,3419.5599691192956,1.2
9948.145801062085,8504.327049437235,1.2
4795.050214406679,9882.738003879342,1.2
1591.3749655398135,1450.1388162296203,1.2
9522.830527783963,7790.970524154961,1.2
1660.7017354449683,5716.659493451114,1.2
3692.853070430535,5286.880580593053,1.2
9345.599838702747,3949.894129162226,1.2
816.4113622514768,4014.6419923705166,1.2
4539.621146138821,7302.485516209683,1.2
8872.905916605034,2295.4655527766945,1.2
3194.050602856374,3217.2401501927793,1.2
9626.579377157112,9524.44977357714,1.2
9973.726003484886,4640.273006052428,1.2
4860.155240598712,8955.240002622986,1.2
3212.915884340132,9465.263776155036,1.2
9734.389980818436,7077.569444507196,1.2
9987.185363088856,1982.2116889358188,1.2
4452.131001322439,6338.547469135805,1.2
447.4569544182738,6535.289036482337,1.2
4470.611234974133,290.64800143850266,1.2
7101.747997970562,6964.090521646085,1.2
6260.713276300421,5357.603151400979,1.2
6706.497702112507,6602.469847138717,1.2
9719.188598466924,8571.570432603754,1.2
6619.712408858358,5596.758287899658,1.2
914.5020235766322,3082.380633685946,1.2
5897.310102096279,3021.1916255202887,1.2
2115.8100640626753,2051.67977477133,1.2
7950.756349995635,3589.2433424516935,1.2
3503.0598222785247,5933.666262520306,1.2
5024.364776431564,9169.126135732531,1.2
7035.3914613159195,358.5286512519037,1.2
1716.2767591793847,2195.513353688472,1.2
6010.594411321879,1696.4615742991107,1.2
1600.3461073905833,1114.3944778262714,1.2
8265.784013455914,3330.597980669414,1.2
3327.0162849251815,4564.602620276698,1.2
5466.971866165931,6836.965807590464,1.2
8307.106046423381,3707.753414268614,1.2
9690.670621397736,5584.287814316732,1.2
3275.349776987574,5649.982793383593,1.2
883.7381961170587,1646.620156335603,1.2
9634.891237795806,5733.419029907153,1.2
9893.034436854585,7873.794064100766,1.2
9190.770870559953,2419.397385385326,1.2
8504.856900533321,5356.804214191854,1.2
4936.927425283941,6042.890892914804,1.2
4686.165581275846,9973.994289820572,1.2
5589.528061006032,4926.867908407504,1.2
1069.0220488046798,3438.8069307776127,1.2
8987.370913616553,3645.814411214112,1.2
6151.472074885722,4154.713449285406,1.2
9920.458144091397,644.9518481602778,1.2
6925.76397485425,6556.923877632409,1.2
3547.3485179661234,4047.8167425363586,1.2
1734.633597648233,3997.448622116697,1.2
461.68057708570797,956.3602880026756,1.2
3267.8970502478246,2622.410162088128,1.2
3557.9442631249235,3220.790933352511,1.2
4793.872100917949,9645.980209455682,1.2
6589.781248028838,2046.3771693100707,1.2
859.4221175006189,6962.606601429064,1.2
2964.4561185159414,4054.2184847678086,1.2
2034.2313582168003,1436.520454315161,1.2
6521.5973725296,404.6084002961048,1.2
5771.563694291082,4985.682963925542,1.2
6818.02136415193,9598.231547808331,1.2
2169.29971221871,250.97471543778505,1.2
222.6974834023565,2445.558360405411,1.2
389.74173914759433,8329.285742560463,1.2
4567.137896270567,4349.765512341859,1.2
8776.100975607924,1536.158702897802,1.2
5391.571858835078,8330.947550610783,1.2
5254.932831670179,1552.3422661849384,1.2
5442.262757088847,6548.972230720608,1.2
5164.189777793827,377.55130394871105,1.2
8863.523595236567,1247.5379121600904,1.2
4101.943985665063,7919.84425175452,1.2
8195.218069047165,4094.238930565973,1.2
8322.170043629618,4300.886653315421,1.2
5941.809916399296,6298.228120207931,1.2
1984.1667873572976,8537.129683137488,1.2
7753.042791124397,1601.8882591483753,1.2
54.31306395287883,8796.847376358328,1.2
527.4634353341922,4460.789630026196,1.2
5811.499182291094,6115.1977087004125,1.2
2519.734488481998,1579.1365988879024,1.2
2641.7193738407864,2815.03245542033,1.2
440.1325478638207,9695.449826292359,1.2
8968.20866805009,6663.5386231766815,1.2
5574.485338244116,5789.882001616299,1.2
236.02193184371066,1455.3313448476035,1.2
5726.5437754800005,9554.07214355155,1.2
7030.107802654859,4696.383968764124,1.2
7147.555699245914,1729.7092417070592,1.2
4460.321566258233,2323.804675339735,1.2
4250.691522964457,9026.48056680907,1.2
2766.9297993327014,3015.449214342337,1.2
9444.195424383057,3620.655098231349,1.2
7894.57907912815,9339.95638628691,1.2
9918.982324880373,9665.553988196141,1.2
9079.07684504303,6960.3646918937775,1.2
4074.2853465844164,8148.066259754263,1.2
4367.643858478628,3354.722015969055,1.2
6235.65379565603,7249.107350874092,1.2
3242.878653498015,7078.138281679737,1.2
325.86123724061554,4346.840631222699,1.2
1644.1716047206212,7269.873999861695,1.2
5563.0159883673805,7634.632975169659,1.2
5370.449041635611,3316.7148343179274,1.2
9718.096955670811,5543.855109312624,1.2
5316.075639770654,3569.9538061391136,1.2
6674.709846952675,5964.474346092902,1.2
2712.645315363219,6868.404450407257,1.2
3929.7331949182535,1070.7657421995998,1.2
702.2879894549427,662.3766856922431,1.2
4438.486747838502,6865.917921499083,1.2
1988.1242102851281,7342.090418282045,1.2
625.9572079291453,531.4629595044773,1.2
7933.144967584554,136.15412147036986,1.2
1404.8062858237975,3904.227014053031,1.2
8931.603744929895,7883.488947772149,1.2
1825.3547642120084,8298.261527581446,1.2
8109.0234914628045,9426.7963755552,1.2
8768.30282648284,6594.267979336477,1.2
88.65909730762512,8568.528793552317,1.2
6174.510762514591,8204.485442343297,1.2
8098.135903487484,3577.2774788420725,1.2
9279.630636757116,9505.010008950474,1.2
5830.705315664364,8808.581769189559,1.2
7835.013507891662,4545.303245219451,1.2
5046.790159045362,2117.6314193344915,1.2
5786.960248673311,3387.5969731160026,1.2
2356.536472419556,7859.974431031756,1.2
4281.53100222219,8267.253989060335,1.2
6500.990623503187,5273.439500974534,1.2
2824.408442832903,8679.161897952335,1.2
4385.033012820499,1368.3217701753215,1.2
9449.025946278975,8229.96355500463,1.2
1068.9029607493194,4618.12758161592,1.2
4006.252731706491,2124.711207253319,1.2
7948.2789346450345,6099.542298191105,1.2
1028.0014070070342,9066.766867636063,1.2
5535.89474104581,6890.054905899296,1.2
3508.9940145350815,7968.550409634,1.2
5285.240711799341,6255.621498144918,1.2
3284.0069292610697,4922.070723866724,1.2
766.0902741195175,4405.685225602288,1.2
8947.240789124342,7402.474603704314,1.2
9835.750694534878,7806.0574444060685,1.2
4259.9481750482555,4868.635681696787,1.2
7052.203515586356,9922.284133021622,1.2
4214.13120221152,3827.917446806247,1.2
7632.9936047285555,5561.573588692457,1.2
7975.581977581797,5617.195746971984,1.2
3079.7919859265653,6187.196528301621,1.2
434.2365441727358,1967.83802251148,1.2
9953.562985931152,5062.372544238204,1.2
7037.82421557189,7536.066659385892,1.2
7223.856311440885,5040.200893003945,1.2
6512.46204549523,7481.531903281562,1.2
654.917229489771,1906.2986751468702,1.2
520.2584378358998,333.67883948797197,1.2
4898.642157815582,2423.890901724305,1.2
8059.430801034787,8593.07557788944,1.2
9791.17795573646,1321.9590927002466,1.2
5820.545100470596,2708.8800460554853,1.2
933.8953694699603,671.7586060029835,1.2
3499.251162543665,5304.7840475613875,1.2
9429.10472689235,4472.43688793738,1.2
6557.637614625926,7807.572101245717,1.2
4334.470346712634,898.114565889232,1.2
9614.253319507541,710.8154197781103,1.2
7548.251244408356,2452.220703077912,1.2
1641.3719409901262,9060.992694662324,1.2
1435.7901685861364,5560.604748589273,1.2
6555.132857187057,8215.696425448756,1.2
9797.403968555554,6440.386107200905,1.2
8105.138894799104,8969.532020275843,1.2
7160.104875976345,4874.711596231745,1.2
7697.407491562018,7973.996423353834,1.2
1629.158792656893,5534.556203914846,1.2
4887.480132732497,2861.9140723456203,1.2
6111.575048259904,2327.40581482302,1.2
1893.5650785356172,9015.442488125753,1.2
539.7014543564404,5223.07744168845,1.2
2615.525494692147,117.70303225347223,1.2
8876.176487813238,8878.743565515191,1.2
412.6169124479906,5471.742782541644,1.2
2881.8262021176756,9022.58889269639,1.2
939.5936115328518,3980.625388564113,1.2
6808.419502822789,5360.142041048141,1.2
2520.2198991810255,2842.8561862877787,1.2
4948.549731592492,7051.530336557708,1.2
2958.190638646808,149.45382339501933,1.2
8815.598955113122,6171.00766240675,1.2
7214.746393941607,2794.2214795406717,1.2
1975.2227110391195,728.9294386891631,1.2
6196.121778462701,389.54533583901883,1.2
1350.9358127726755,4698.628329726821,1.2
2978.314009614903,5686.285050543661,1.2
3639.500154548505,7364.070192585043,1.2
4094.0984468726383,9841.775473870246,1.2
9352.283980774473,7228.6505912697385,1.2
504.5270255823775,78.56450814562099,1.2
8089.87193620845,3898.1718706833467,1.2
6253.613021669101,7258.2357183642125,1.2
8189.792026548814,1057.3267549490263,1.2
2622.295358535365,1020.7005719637297,1.2
178.97579434676513,9473.78155197625,1.2
795.1015823403451,7895.565200201511,1.2
803.6256279633869,9143.698677136446,1.2
1693.090767705373,4909.930008149024,1.2
1738.5010020006564,5546.702669701287,1.2
6935.591893591564,799.5047662893052,1.2
6699.704647853032,7050.85646621471,1.2
317.44951473934077,3075.135375483842,1.2
5638.471395152475,9602.839564169151,1.2
9301.41188670019,9072.597978487676,1.2
5733.004628113625,1131.2905692148634,1.2
4302.216848437867,2471.999540384584,1.2
1498.2504641720984,1381.3009853065582,1.2
6370.130147747971,3437.8478060324323,1.2
3870.518204672826,9783.199946195034,1.2
3007.550980618068,8958.748643245724,1.2
1160.727398747161,3188.5823360327004,1.2
3018.23472774829,4831.631397335296,1.2
1697.1532539737243,5651.4346212719,1.2
3460.162288063604,6677.32303382872,1.2
1892.54028238244,2352.304975619448,1.2
6646.432124874533,5063.725912629739,1.2
8245.572068535997,7289.1718472662815,1.2
7576.509266218073,8874.934602612451,1.2
4194.700978578348,1227.512597476318,1.2
2436.6436715527175,9401.71144492713,1.2
5691.102433148207,8370.925836637294,1.2
8981.558378540636,601.8983851688753,1.2
7413.670733055466,5154.453820616297,1.2
6929.495453196174,1097.905509656345,1.2
3747.0760523236204,4248.452292122122,1.2
1763.2686153903521,4929.905448324728,1.2
1706.8511697732147,7443.774241409158,1.2
9932.526988409445,9488.870217252359,1.2
1640.3158778387094,9170.654847580718,1.2
8426.721289290293,8525.717607953222,1.2
7781.038294063669,159.35821870959654,1.2
5628.000156635282,1412.9754269403693,1.2
9128.311394611506,9210.87188179,1.2
9157.68391821687,5894.580943184784,1.2
8522.659291494465,3898.7836647761064,1.2
1605.6384146298365,1808.6185604535121,1.2
3287.6121012289273,763.3199684415704,1.2
4889.33934051101,5310.092503761896,1.2
3949.2184490210957,9078.530510324154,1.2
1006.7702073776608,5945.276024020843,1.2
8479.900155714406,93.64843011927971,1.2
2912.6606800247446,4287.013928004351,1.2
3173.2245111877487,3798.205679672003,1.2
7768.396536334219,1291.585294725469,1.2
3403.1156103989747,6750.8057513188605,1.2
8138.628435490948,4393.808883494653,1.2
1173.0813026770516,7461.62097865357,1.2
7721.242720070621,5947.888229039146,1.2
3643.7921224725565,3649.3325623975948,1.2
2680.8336504078734,6529.292278666549,1.2
5921.208142463973,3010.912068643118,1.2
3075.6993328310577,9866.832682822882,1.2
6439.0715898778635,4887.08372335539,1.2
7160.436797515734,7223.047025887261,1.2
8929.526572911891,1784.9849296134357,1.2
3196.9641794434824,7759.299757647285,1.2
9318.808937909158,1561.7735408861222,1.2
9858.266002659828,4856.345769209252,1.2
5681.549401539748,4849.185922230359,1.2
3694.125658345955,9030.59362704962,1.2
9598.641946081449,925.2217419341347,1.2
8061.192422326117,6549.096050400588,1.2
5642.773470366895,20.599938777958737,1.2
6791.583170534268,4840.762253717054,1.2
8356.96199358098,1993.3054876619694,1.2
2939.7165739680186,4151.9435944813995,1.2
1199.306559112535,8552.738794147159,1.2
5198.492390262279,5260.149647895126,1.2
4474.681602470158,6844.586317463988,1.2
1940.2448727054489,4606.065074989697,1.2
4054.46726920059,8798.814334020195,1.2
5007.72528022635,5772.906938299854,1.2
4913.255856623297,1909.9047516863577,1.2
5566.60387475637,7777.125297761723,1.2
5062.257124072761,1922.9209823262527,1.2
8285.106704661806,8428.955167860742,1.2
534.4547015935508,8978.35411041968,1.2
9554.199270500665,6510.965258105649,1.2
1157.3087769727763,7616.135221586632,1.2
361.85775946876885,3381.353072619909,1.2
9604.734213052983,1470.247817303838,1.2
8611.293017605196,3578.1527997706144,1.2
9593.5645578854,1129.0884530473077,1.2
9948.599207631007,5266.088368501078,1.2
5851.39667600317,3151.0353239760702,1.2
5486.8281414129615,3337.1694761140457,1.2
2603.2906500582476,9779.902636933599,1.2
1188.8701909065057,1436.4859299777677,1.2
8081.790717870553,5433.412812376673,1.2
6869.635866783983,6213.6191805400595,1.2
2018.194252087605,8145.407920306728,1.2
8899.351356126921,7998.623619302383,1.2
5190.344511784037,7833.170355702713,1.2
1951.1740627764907,6466.88793047465,1.2
5006.825858672957,7455.599223160254,1.2
1164.9263389218788,9187.095551431063,1.2
6007.901779854495,3426.046250195096,1.2
8182.539201858094,2391.8293509903688,1.2
2407.697948551777,2057.8473611882278,1.2
5582.134797242084,5883.4601076812705,1.2
1723.470368769423,2756.9098719116246,1.2
7926.34522507263,9678.870409084462,1.2
2976.312708984157,4823.904095740805,1.2
9697.690758724124,9198.070479804848,1.2
5704.069782215773,7606.326348777799,1.2
3964.0312511295037,9932.21569579126,1.2
5752.654654746013,7436.420199323293,1.2
140.6191306101212,4485.1634684315,1.2
7980.348343801249,5294.32552048099,1.2
6117.567310728465,905.2491113283035,1.2
9105.603246882843,7294.178314847377,1.2
9485.133640780652,4481.5140709566995,1.2
8109.399085382898,4868.688866967495,1.2
795.1993947787416,670.9715919142201,1.2
9803.262622735132,7967.370543306246,1.2
7412.72706879091,1862.3496229635273,1.2
7263.046187133537,2830.7757679231895,1.2
3828.3106262721567,6251.280545297049,1.2
756.0820957964042,7413.800584161305,1.2
4762.798799900908,936.2668631673577,1.2
560.8582269941986,2516.686333537427,1.2
5762.811669812251,8785.889064812303,1.2
7824.24565584575,9217.630514421508,1.2
4806.6662067917805,5107.629419008239,1.2
5070.774130368862,9969.878167951356,1.2
2958.630577137373,3343.718658382001,1.2
130.37657115548828,3950.0165511289056,1.2
4737.347734089631,5450.5900235383915,1.2
7377.056035904912,436.87104117662966,1.2
579.191057540398,3855.5743168190825,1.2
8479.725113291051,6822.556158535139,1.2
2616.0320204938434,333.5427242161615,1.2
4450.435789287964,9257.092546141743,1.2
4884.931583683365,6344.945925101267,1.2
1913.9753558340678,3514.623310556868,1.2
378.86747848357885,1056.9239724178935,1.2
4444.779783568493,9821.398346450858,1.2
2295.266726459474,8124.194742017514,1.2
9900.030492606802,9476.371509210941,1.2
850.1316933151215,6012.9994251935705,1.2
6969.5536878313615,4769.356561203748,1.2
8217.459425702044,632.324369540821,1.2
5358.8884875149,7518.01219505348,1.2
3600.6398407214256,509.80919385508525,1.2
443.53729964470733,7213.278334558275,1.2
5928.47499174474,121.06343610400305,1.2
8242.524125234622,4983.081071545721,1.2
2176.054117935289,1465.9337366516233,1.2
1356.5058416573838,9389.676397215444,1.2
6050.785158752961,7941.121022650537,1.2
5374.247622692767,1555.131549056532,1.2
1313.0563473512302,5208.836407250481,1.2
5793.744507371304,6787.934605863523,1.2
6400.0398777457885,8000.077850456862,1.2
1991.8118544653962,6096.3092929665045,1.2
6674.538338528987,1171.4527008937248,1.2
7392.251193950513,2860.585365025198,1.2
2051.323904519602,5307.465061111698,1.2
2427.0648931147766,624.9325455854026,1.2
7543.576052705663,8246.328053135861,1.2
916.4642178538196,7498.263055078768,1.2
4181.43827205181,1067.2073928302084,1.2
8092.239881686448,4148.302052714711,1.2
3216.1264794526933,2502.07926688263,1.2
1223.287559959111,7511.861908761523,1.2
3848.395593652153,8625.888623286117,1.2
4717.75196029711,9333.671245240797,1.2
2148.5550414275367,9327.657346822283,1.2
94.39824624756676,9150.985127591599,1.2
3644.6630448649853,1717.7975680011016,1.2
1296.638186876762,6541.170126935669,1.2
1611.6420972880574,3161.8586667903014,1.2
7832.565187212656,8163.623715607935,1.2
4392.533020372962,7832.906260361674,1.2
2524.595368296331,4885.841690413301,1.2
2795.8760491096923,6320.107460192747,1.2
6471.28515160909,3140.6648288625815,1.2
9230.42759415485,6207.923108062421,1.2
9964.278322034288,6089.043827582647,1.2
4816.878540848311,5280.166713014915,1.2
5769.744672612716,3183.9980164276362,1.2
329.66533690761304,8756.45137508947,1.2
9847.11649678301,2081.5989727833485,1.2
9914.391860127422,791.6399730056489,1.2
2390.8775436085207,4289.923378811329,1.2
6775.264405743701,2552.7443842836105,1.2
7375.070256327606,3215.6025354710914,1.2
6972.626315783384,5377.609111607644,1.2
5564.468866420162,754.9299031119639,1.2
4898.718753889365,6867.175999555799,1.2
4333.814316545662,6488.188468828077,1.2
5737.958960144945,1190.5425844816975,1.2
6986.818892866876,1950.4783203866361,1.2
7693.544767993037,2079.3758064759572,1.2
6500.026527192321,1848.6124954027362,1.2
1847.286284970585,3454.4091205109394,1.2
8426.876901119058,2868.9866907127894,1.2
3200.064869912855,5376.100499012035,1.2
2793.204427404006,8499.52102532049,1.2
2834.3289337598544,70.42742399171908,1.2
5042.1806167132945,9346.935492876039,1.2
7049.966768763629,6325.686346061988,1.2
7649.994116875665,6483.963703444218,1.2
7081.047929533426,8440.538351774734,1.2
455.23519670798487,6944.33125237551,1.2
3564.5356003173088,60.557886366493506,1.2
7023.750378428864,3368.282917328522,1.2
5578.450973117856,6623.6707796283,1.2
9450.553824262703,9170.477117028808,1.2
6647.580343023152,1138.190319155784,1.2
9262.594196000671,1161.739673077059,1.2
2770.051520279625,3420.4312781636336,1.2
7713.782757746702,5514.390088281427,1.2
1358.213945982537,3030.65592939072,1.2
6914.693260651356,4707.951928798667,1.2
6317.651596198267,9259.154774073286,1.2
6671.644251406175,4351.0302426870685,1.2
8394.687914249764,8463.232297644014,1.2
4948.906986970487,8509.1731403438,1.2
6868.453738807132,2272.228398000441,1.2
2842.989961024189,8634.729027418482,1.2
4798.555643004889,6348.060786719722,1.2
8892.123344595335,2637.360117405563,1.2
6898.163910540569,3899.81739139706,1.2
963.2451919618745,9694.148797661795,1.2
1013.1987937192688,56.87449093550123,1.2
4670.8817101555,231.1207566033513,1.2
8615.42966832646,6683.669956156519,1.2
5375.709775347654,2659.2067449472966,1.2
5979.958063590323,2928.806619761002,1.2
6295.206324738994,8788.357648088197,1.2
1605.6747901066426,6819.563592556663,1.2
8179.994778849048,2919.988910198457,1.2
4988.38227996611,7564.336486380143,1.2
794.6950500895522,1266.2708188970983,1.2
5286.191177920263,2955.5827761438914,1.2
1130.5278137401265,7178.491895561152,1.2
7363.977851122485,9243.68737184122,1.2
4150.377677352435,1199.9416826706943,1.2
3229.365564353903,6606.499937903497,1.2
1422.8749144244834,4113.196805609426,1.2
8712.902303569163,1352.9055516427536,1.2
569.1184604392519,877.5935910679966,1.2
6313.668192777633,1539.343229117579,1.2
6881.493052577423,6663.221579690878,1.2
9673.903089426462,3863.098946854581,1.2
3504.624525082942,1965.3615433727457,1.2
6490.816572605431,6151.627179129357,1.2
2332.2957123298784,8901.997284918647,1.2
2941.809123490663,8342.248985279391,1.2
8045.944356176218,4203.726047544037,1.2
5376.4686002798535,8506.121926143845,1.2
81.66030902951537,2849.1457858718018,1.2
5587.624095197043,472.3305016608914,1.2
5771.959696782778,8888.494504349588,1.2
5418.328745139064,5295.54869194357,1.2
2253.32543539108,1605.4580508747406,1.2
646.9036797387062,7932.594029508247,1.2
3147.9612771996103,2452.0934995951884,1.2
5383.192665809479,5715.481536355887,1.2
6256.901737186695,9789.86456095419,1.2
2133.859411017693,353.98461401264905,1.2
7115.620202460969,6154.572360240122,1.2
458.9480523302114,2305.493670718446,1.2
3472.2990431168187,1055.667653455944,1.2
5272.571226415149,4662.056894534786,1.2
8281.405524985255,9635.187837401205,1.2
7641.268919067077,6055.236502989633,1.2
6260.251997811035,7087.827572850094,1.2
3968.7429612113747,2819.357929972002,1.2
9472.620632809967,6522.898000436319,1.2
1217.2627006569915,8029.153023868535,1.2
9369.910715342208,53.105875069278106,1.2
6376.999823163231,4132.358991579438,1.2
7123.62783586175,5586.47587607245,1.2
4329.0582656676415,1537.9094417831573,1.2
5105.470472497435,3085.3352452027284,1.2
6227.241377729688,7893.732750245227,1.2
3803.481005772751,8487.08180044227,1.2
6675.282274181801,38.999120133684784,1.2
965.9344942445092,2391.883256877998,1.2
5337.494665755839,3034.2881256399037,1.2
981.8057012267257,9936.564456561013,1.2
4334.62584338556,2561.699498075531,1.2
9667.014516720743,2877.451822586494,1.2
1318.8602515316395,1877.8882816586606,1.2
9061.612264056212,8078.08568911327,1.2
3389.427401888591,6633.377928185245,1.2
3917.220425710395,6114.78670144555,1.2
3580.5782397280573,2240.9314178996465,1.2
8728.005155522866,9531.82998688346,1.2
2749.2678320604437,7307.26088053841,1.2
4561.890369109219,7755.404032905079,1.2
7160.120516874057,7829.917453856428,1.2
263.9029016907013,3023.987911161884,1.2
4578.296050646654,6732.907576079718,1.2
6165.486870096914,7036.341558747054,1.2
596.0173400291313,2844.027120875331,1.2
8505.141877066768,3390.861203542479,1.2
2996.4917894388022,5968.09473928076,1.2
9296.794431842005,1344.01920666128,1.2
3675.8170225564213,1272.616849020688,1.2
6834.702759704818,7433.714812044222,1.2
7645.457693789092,2549.160504667153,1.2
7200.873028120291,9226.205291955292,1.2
1481.0443657434125,4923.758358922603,1.2
3918.1148846366364,9433.559337433442,1.2
9221.060331038274,5675.500159419446,1.2
2959.49281931658,3220.1537155605774,1.2
9962.948257990203,2344.122234087458,1.2
8106.236813002008,7120.802287284224,1.2
9037.981020276842,1214.9142071020913,1.2
4743.173650188778,877.642110126412,1.2
7821.457466026079,8695.272448658734,1.2
1725.380270685859,13.492056144340792,1.2
2255.612862241266,8975.824970317348,1.2
8960.63534184321,6570.091446647028,1.2
6587.747726168582,9131.21054029432,1.2
7512.167734412293,9053.653500291879,1.2
9991.130031899736,9075.98792184983,1.2
8694.244983162374,5228.614906925802,1.2
4329.0522208730235,217.9874906691648,1.2
4383.558756224322,8603.988771692777,1.2
6509.15075078082,8616.149084875193,1.2
7376.325815640868,6049.6698757708355,1.2
6165.2559890706025,170.3994778832807,1.2
2074.2362732768247,7497.460845158254,1.2
3712.160863719848,9068.695321887772,1.2
9021.869034066403,1752.8508459828663,1.2
1928.680540818638,4770.761936599677,1.2
7499.203772014107,3688.6862193864176,1.2
8567.057748639541,1244.2824461851587,1.2
7675.868897375253,6216.749777435081,1.2
1802.382926780447,3198.4243363531205,1.2
3172.215243068548,9150.503892288003,1.2
9450.209308148897,9901.256210087058,1.2
3199.8542955293165,9382.002056289668,1.2
9105.876371401144,8416.791932426147,1.2
7659.145445024039,7191.060748611302,1.2
9489.230162659516,5314.9456245382435,1.2
4055.7281577477943,6241.420483385984,1.2
5219.79799825197,8749.59533065735,1.2
321.51475669044527,7606.454813124005,1.2
1485.8190414512806,6341.898726915834,1.2
5785.173906080096,7646.371630769465,1.2
308.9955512782216,1149.3089402612534,1.2
363.9853638918311,9768.980939358697,1.2
1991.5634152186435,3642.3504622590876,1.2
4247.656147030599,8863.382471560248,1.2
1511.1742079408352,7865.442600974928,1.2
5376.34189766351,6639.871322196162,1.2
452.6846565530196,5878.698018107671,1.2
3482.4891798525305,7275.008921942484,1.2
3498.193106624281,125.57931019471779,1.2
3102.7702509297337,1236.7190469794964,1.2
2888.8367866396893,3835.0441552607517,1.2
4737.347854794325,8512.065231784309,1.2
1399.8653993924647,3342.561849786525,1.2
5722.566555476735,1856.9599741577347,1.2
6577.313599941901,4797.610867281687,1.2
6086.892314494715,2298.0272789424916,1.2
3614.002535655104,8725.37096880739,1.2
4237.770354962035,2879.514350071153,1.2
9397.299733465947,789.4522602923059,1.2
6574.250502030121,3670.5903902554637,1.2
3913.648600534552,1071.166064529301,1.2
3752.060456514993,6565.222524451118,1.2
1364.7920035930372,5499.1164581714365,1.2
8601.76578251387,4109.40946649028,1.2
9026.152761493902,5947.366687764453,1.2
5449.010017070826,9149.993832666742,1.2
7364.997519695221,4996.023204847297,1.2
8008.413425720961,3642.143848798045,1.2
9142.614133065805,8580.585241418989,1.2
5009.330453900419,7572.072449435727,1.2
9379.626127473468,3983.8467740054793,1.2
8193.198708815415,3473.308240158772,1.2
1217.7326271201016,7746.511353685707,1.2
5099.419938605371,7254.936305229673,1.2
8185.640449812565,9029.697968941478,1.2
9986.449574887542,9212.50995891552,1.2
3397.0904898982712,4741.8380714088535,1.2
2360.6439495802256,1708.284616980118,1.2
6376.030602399627,6240.004005806978,1.2
259.943715332166,1144.6156584852506,1.2
746.5797049640055,8911.367276968847,1.2
7558.651326578768,9106.713913678657,1.2
8707.20376208437,9298.3165669971,1.2
8436.215284115662,6269.8820593230375,1.2
5387.383318437441,3140.547328447004,1.2
9055.274803974191,8174.93725193721,1.2
9638.372237402627,2293.918071710692,1.2
6219.867108494796,6253.6585787832,1.2
6733.326067550015,5153.077578984346,1.2
9036.11857390644,8922.401179232875,1.2
7753.838954914934,2826.596264955148,1.2
8802.41930152903,8955.316979689484,1.2
5991.691874301959,1161.9192531768474,1.2
3251.4201336371375,4480.260298432929,1.2
3927.5123646589204,9279.939271114328,1.2
2265.874725099192,9664.50264366392,1.2
109.46143497013283,8141.045043472807,1.2
145.70581025135755,936.6804011356667,1.2
8297.947933471458,7496.336056748319,1.2
3361.965479632756,3870.6212384427995,1.2
6249.504700251809,244.28227629254118,1.2
5584.175095103848,8217.822482112868,1.2
4193.383460822264,6669.742764890677,1.2
2900.4527508206947,3724.9081314785017,1.2
4253.432678582491,28.4273538419777,1.2
4799.661236909091,6661.267398523935,1.2
8693.780798215357,2775.619099003903,1.2
2495.882737798879,1007.5880310571106,1.2
878.053294160308,9703.595343977186,1.2
9829.042014264323,8331.521433336371,1.2
4590.476253175228,6780.540148686019,1.2
7396.187978759571,2663.5330259495904,1.2
252.93327280892953,2996.2116797877125,1.2
6599.917131778123,752.9678871864742,1.2
719.157353119485,4422.673446652165,1.2
3825.6690520636726,3248.703231354643,1.2
4997.262416534406,479.0270182776146,1.2
3698.372921382249,6019.058658810458,1.2
3150.0742806628637,6862.0200638133765,1.2
9141.507287984088,2484.530451689537,1.2
2728.550308675146,5583.2606104869465,1.2
2172.143416180319,4408.441574309671,1.2
9792.796843476686,5542.256801835247,1.2
4169.771150930574,8369.700057171493,1.2
6229.601580165059,2518.78208061693,1.2
9088.843063903945,5287.449189612215,1.2
7090.224635418961,6087.447229918971,1.2
4203.177328480365,1529.2970682006257,1.2
8755.193742151088,3604.975753718682,1.2
7906.093198761104,8345.074661417742,1.2
8825.71271735892,1145.086636861935,1.2
7781.191755023805,4428.54975408686,1.2
8123.047136077977,7153.757952688564,1.2
9368.448357673964,5654.507063435324,1.2
2270.0020698946623,6651.325254787672,1.2
4948.060157545436,9179.712915792375,1.2
4455.003236843492,6491.016254475734,1.2
2534.583519261149,6573.313353133056,1.2
5402.436326941257,7737.964207439968,1.2
4241.778437774395,9990.201120303247,1.2
7734.618552811204,1862.1762204647785,1.2
3098.7856532115675,5854.449947347914,1.2
6938.640812246105,3598.7345926654057,1.2
7016.966945917617,5093.432602516556,1.2
448.2204593731165,3722.7527508724643,1.2
1679.634791328959,2920.9782375104564,1.2
2866.068501788468,2015.1607401434135,1.2
7290.966683073961,2622.4673122520217,1.2
9078.355096826617,1554.471928532879,1.2
8530.26948023737,594.3423476357401,1.2
3881.597411921571,6285.925009851611,1.2
2145.32280656079,1878.4423766919679,1.2
8577.450215558045,8148.384926013644,1.2
6258.275144146837,4823.082649557095,1.2
3118.6075834805383,4670.4004485527075,1.2
935.9210124499084,2592.9094899789307,1.2
5309.189778211656,2207.8554450569522,1.2
7472.712942925252,3070.1923097609206,1.2
9598.268128002162,1911.7325899265747,1.2
5867.903283098426,4180.2574848522245,1.2
4077.0698511601513,9729.087853094257,1.2
900.5944014878909,4061.6640212974107,1.2
5901.156490261276,8355.177565640462,1.2
3025.002853999246,5125.788385512638,1.2
4726.223874434266,1411.5822626502406,1.2
5733.854793131653,9220.263402192491,1.2
8836.50055121921,1450.1784506178517,1.2
9801.729735579685,9065.158227236336,1.2
6609.075075405568,4910.64988450809,1.2
8013.054437822094,8220.662660161786,1.2
154.38954751500367,3694.7087861697946,1.2
3221.2047682029497,4176.630772728304,1.2
5846.23592998918,2081.9058668834746,1.2
1456.2245872968238,6137.358233716455,1.2
8080.227940154819,5052.79746892869,1.2
5736.098902365726,2803.2787534686754,1.2
9580.681552021075,6231.982365463691,1.2
9625.374734685112,9754.484280634355,1.2
7771.268336027304,8852.879582955817,1.2
1037.203500201268,7148.505792603298,1.2
1256.4162279504365,5832.97533027613,1.2
56.29493101848904,7583.190099392206,1.2
7677.75028138924,1282.0383855611628,1.2
1225.5672000117202,5359.78648085257,1.2
3541.083119655759,5436.502372308417,1.2
2240.4943660754175,2235.2003323062495,1.2
3973.7171828921682,1979.4455107641772,1.2
9056.313992116844,9311.046915790292,1.2
8770.154149446395,9359.103972502415,1.2
6906.973377821613,6190.426708656046,1.2
4837.2233111667165,6503.8259606096235,1.2
7437.537534293545,6580.3680674270345,1.2
7210.021382415282,2268.3441181358976,1.2
8891.012245519136,8142.79831544099,1.2
7007.424697113841,9276.542892870302,1.2
1150.540494498683,5354.094345049112,1.2
4827.713167626742,5215.812518564212,1.2
9672.182178122446,2845.151012063618,1.2
1915.0687582557623,2004.6382348655977,1.2
7375.502098256298,4112.262606158701,1.2
3072.3178967007057,6533.087679661798,1.2
1509.1061558655626,2452.600892375465,1.2
9483.047578612566,9583.602160107528,1.2
4619.4075171727345,685.5049845073725,1.2
458.85478525466317,2514.9061658435357,1.2
3196.7753266732566,2089.1264685958745,1.2
8622.56548592645,2383.7720173652765,1.2
1950.6012671363771,3930.8344219181267,1.2
494.53630566158256,1186.5100099250346,1.2
1698.9966020363768,1492.1001056504213,1.2
6445.136348096539,2711.9948237494773,1.2
9903.24311046253,5974.134079892542,1.2
1385.081547069993,4138.401077646716,1.2
1173.5053833789932,7278.302367787085,1.2
2643.856192228058,8878.675357095806,1.2
1370.1095239488182,2800.165001094567,1.2
8558.975326531392,7259.919881556387,1.2
7725.576595553973,7760.851852240977,1.2
8179.223624696865,5088.915592793783,1.2
4484.682223238612,4582.149357453219,1.2
9657.97868913469,7842.787750963369,1.2
7895.113397789683,4831.435253936583,1.2
9483.961611323068,9099.852834469804,1.2
1632.7918288315514,6392.810162000165,1.2
7572.666687958187,9352.114161397338,1.2
8617.513582617954,2304.638384122566,1.2
2789.426615882431,9757.997911578877,1.2
876.6658562272501,5341.587204386345,1.2
4419.877619518625,4526.339926022018,1.2
8047.887985801608,1558.7059519305624,1.2
4990.44783763613,1352.7692810219917,1.2
8651.475871652974,689.2736481266393,1.2
9063.150663409095,1738.9968390664078,1.2
5310.283094256073,2167.8611150956394,1.2
90.67113221536528,7750.750723980421,1.2
7607.676032785171,7215.908403222237,1.2
6751.514476283384,9884.53621442256,1.2
1811.6619474626705,3760.3862771112326,1.2
8391.49506359144,229.74234505469315,1.2
2758.3380939665058,7212.248865480874,1.2
8000.11811333069,6690.34327077094,1.2
4494.47334673229,6785.546732080739,1.2
6339.196203167139,7410.784350342492,1.2
358.4216185630273,6850.360475942738,1.2
1268.8417954483743,2359.7354312703555,1.2
2419.7674458786964,4012.910460675666,1.2
7376.206727121319,9612.57896668587,1.2
4324.347502715306,7423.154010128675,1.2
5367.8690951185545,9640.991496547224,1.2
3225.6432620412534,9211.744664834938,1.2
4277.640476849988,7787.865774827363,1.2
6333.467353575062,8989.562871108988,1.2
1841.3226598725084,4627.692932947785,1.2
4195.300692933094,824.6255483783893,1.2
6773.123477530291,7864.020879577412,1.2
8485.649912046576,1278.6610671510866,1.2
4167.217524333281,155.34273015849087,1.2
7391.741706983642,5113.5628038249615,1.2
739.0210856991697,9247.036848168405,1.2
5437.390949962715,50.03488892729058,1.2
3390.9954245360764,9852.515257213267,1.2
4470.965067851529,235.4309144886657,1.2
1579.6737964812812,1545.8671280456526,1.2
1536.184724582682,4352.9204012420805,1.2
4882.138079281677,4280.4011106706075,1.2
6392.047333875675,4938.900782145698,1.2
8534.973903771248,2095.3668408441895,1.2
9237.513970991376,8555.875913165504,1.2
7253.280643660642,7146.968819271124,1.2
3387.4292549979514,5836.678335572357,1.2
4111.275922840209,7584.160811600033,1.2
6145.2342099110865,6092.362292414663,1.2
7464.952391125961,3821.990584207907,1.2
4860.7471245884635,1887.88015243739,1.2
6732.662053431975,9615.45699798058,1.2
3051.2944020497866,5503.849060599278,1.2
1522.7316071336572,5981.083997638569,1.2
4146.832948454467,7004.957691611971,1.2
482.26246479782577,5838.287374283463,1.2
3596.8806154367485,8245.810058325875,1.2
3728.846617940974,3356.246126451926,1.2
7446.404816795178,871.0831629565496,1.2
3605.008362562857,6171.413907875108,1.2
3593.1083780807194,9013.15819178842,1.2
6092.383806181517,8503.4775834413,1.2
3937.7955108825136,7347.673159755569,1.2
4090.726098608987,42.57564107398193,1.2
5099.024095896064,4760.142737648703,1.2
7101.479933270734,4067.030083851709,1.2
9605.262252056673,3358.0158879455157,1.2
4566.211089389372,1836.717932434645,1.2
4276.5152106160895,9700.734112414155,1.2
1134.637011199704,6790.596830188961,1.2
2178.9886934652413,5000.820169340621,1.2
9574.720690679174,1435.1452588607726,1.2
9433.50720404395,6847.969332678973,1.2
8818.242811564976,7762.2838497441135,1.2
6464.105624033935,5837.612789367341,1.2
2138.2481213060855,7440.265325553147,1.2
6368.320138068392,1966.6027326682079,1.2
1391.4625198490348,1808.284911063518,1.2
4587.040703053625,7218.736585156643,1.2
8738.631851563183,2398.77728383293,1.2
2584.503058670736,3999.2232348944335,1.2
6648.510977625316,8160.6768929729815,1.2
8626.743360369594,6605.495863948181,1.2
1488.4806304421893,8553.931716451827,1.2
5629.499581589732,2768.960477704605,1.2
1591.5526381314771,745.5775408785836,1.2
1728.949265822991,7621.515367575436,1.2
1040.2296099023113,1887.951595570102,1.2
2029.3759300016711,9446.344048957342,1.2
4551.892967228879,2394.0951594265703,1.2
7945.74916228217,1169.608505407942,1.2
9908.226809807817,885.8234273474519,1.2
8050.172005804522,957.2203166370319,1.2
3774.154057164224,8203.322126527082,1.2
5157.374256218394,1602.0955325110608,1.2
588.9892137207742,195.31933156089255,1.2
7110.956862030286,1317.093260775729,1.2
725.0781339763612,9880.20743994867,1.2
8826.115819298797,8610.095473572166,1.2
7260.578185665586,6396.777484434059,1.2
8333.662124417559,9475.516467290247,1.2
7102.306838296174,7675.436917154617,1.2
6974.299182041917,615.0545186051537,1.2
9301.028034081724,2958.5804274618968,1.2
8816.72748857283,7489.460026433718,1.2
949.7198329645806,545.7029136653646,1.2
4564.964172374024,5463.977672828958,1.2
4927.234918566441,8364.204984774517,1.2
1089.7350393583215,7148.649618281284,1.2
1537.344608617497,5922.344019989549,1.2
9842.840333065113,2730.560583406759,1.2
2715.6015371194862,5606.37905841456,1.2
8971.518866243714,8682.015675695055,1.2
1642.3464552408473,5408.150117777903,1.2
1323.5829473853046,4579.170345144777,1.2
3173.5340266931935,3938.0694210469082,1.2
3074.225588256224,788.5985947618024,1.2
4220.551867544007,4252.848673444477,1.2
3309.9639080076627,7208.545542446854,1.2
5680.753729212469,9217.024184014826,1.2
952.8466156114846,9970.54741739022,1.2
7979.774848511884,9223.254663370873,1.2
2686.563704779281,1941.0939144068684,1.2
9114.14912922362,8239.535793544674,1.2
9017.439796658578,4178.464672266549,1.2
158.57800351263828,719.3637078556869,1.2
8536.822459822597,264.5287517273109,1.2
6756.061736700551,9689.808863888358,1.2
376.8029232900816,2804.4205026239333,1.2
3089.478328226233,8483.398477845276,1.2
5642.494920121722,9144.605978580927,1.2
5940.776294527924,338.27837004176683,1.2
6808.134077938226,7698.601408187792,1.2
6324.318250021735,8871.82333223663,1.2
9387.024895420675,7489.445770573549,1.2
7371.195927409809,2079.7252202088803,1.2
7448.555100647624,1030.6084409681039,1.2
1088.8559529044085,2730.173184524194,1.2
4936.352725997194,5676.768135057716,1.2
8667.510360721748,3713.091157180046,1.2
182.551076829518,2327.346836912233,1.2
1829.0372074056615,7149.404811566244,1.2
1126.7987808523783,3102.362504248892,1.2
8532.976592118186,2684.9380033744706,1.2
484.5414880222509,815.0886817711811,1.2
4994.288951602711,6297.616395584863,1.2
5030.898689918647,2150.8388256277253,1.2
7647.2713505586735,1326.5188423564744,1.2
3474.789168890825,2780.646556753227,1.2
9314.189319064099,1856.2336289319658,1.2
2992.0591582202414,2658.7631883572935,1.2
5511.29483776576,619.5162868429494,1.2
575.5525959752117,925.3157989456928,1.2
5953.068024005256,4472.435818400564,1.2
6430.441510003101,1468.840601028758,1.2
7411.940325825866,434.83971521951383,1.2
989.1265041086883,8361.588816170666,1.2
3447.7559320843466,7807.352079002443,1.2
6892.540289441647,6342.627255073102,1.2
1821.6201205132265,4591.684498794934,1.2
25.41242720362824,3149.3785020307528,1.2
2675.5416421372634,8009.311861558058,1.2
6991.276446641725,9668.537575918892,1.2
4189.343966825944,5098.027798866715,1.2
3190.7495639434414,6444.749866089597,1.2
2121.9464549832455,5019.819909578464,1.2
3130.252232139995,1268.461912447839,1.2
3704.39888594402,7729.915591133717,1.2
1320.8267917346473,2263.1949509014894,1.2
6772.994807908261,769.9856778992475,1.2
5098.067212719718,8118.258743279829,1.2
8574.26070088657,9433.88329494157,1.2
3.637751704699266,1476.8837666343936,1.2
7791.449988494627,3144.038221599642,1.2
7922.951778964373,9126.23223462396,1.2
641.3964755693336,7393.751911318276,1.2
4300.190195495988,8235.76485847109,1.2
3465.243579074064,6899.195471716855,1.2
8416.75242366406,8383.905503712933,1.2
4841.24545105819,569.0827379913354,1.2
2587.8023347396074,5098.875826538303,1.2
1169.256054684772,5139.664703217242,1.2
6161.437580152682,6782.842161911673,1.2
3517.299658252364,1883.9119967097895,1.2
5134.577603567443,1971.7397347753895,1.2
3625.32293062925,5469.326668201069,1.2
9806.756656232732,6133.394188294765,1.2
4056.858774139247,2231.772024483287,1.2
8033.9396828481895,9342.757226343168,1.2
6768.205043890471,6225.564722152144,1.2
2681.5606288495887,2941.4963326099332,1.2
5009.179518847273,2849.1913529563017,1.2
4049.1598924242458,679.7940894798105,1.2
7282.496573579125,7222.9977428314305,1.2
3632.100552160633,1684.256334666091,1.2
8777.99837211529,9396.388382547875,1.2
4607.049014203064,9888.897372467456,1.2
9358.16863041393,4307.3359690423,1.2
8501.896500603878,5791.573759607685,1.2
3149.405550065224,8918.993377125653,1.2
4854.2125270981915,9525.882399321416,1.2
4045.9704657030115,2433.655555704455,1.2
9865.219483044148,2676.6829057586106,1.2
4675.751902615567,8252.554005975737,1.2
3380.236483338096,795.602861773349,1.2
4484.688696037588,2784.2999266682154,1.2
1733.6596120429492,3792.2769850027926,1.2
5730.924075959516,3271.7561704135965,1.2
7180.467718722463,1684.1126172432553,1.2
8925.255031950901,4131.170710267405,1.2
7889.102495857867,5451.813673317719,1.2
4846.039602783318,9015.840127764885,1.2
3121.379551365323,3614.6714626667585,1.2
6953.819551755215,7335.239978304332,1.2
5795.554975485553,3753.499090054501,1.2
3895.333523503353,6015.828408314379,1.2
4596.794432126169,8595.341855415605,1.2
6153.85684968324,5804.799019658031,1.2
1288.9973998601045,7132.246849888843,1.2
5894.796390285918,3369.0498142979573,1.2
5520.610670282999,6254.130559664982,1.2
4871.203044289981,1378.884684475702,1.2
5494.213326051711,7190.736983936717,1.2
9789.902725087875,4495.865588128184,1.2
1711.1105661548986,2338.4984043331037,1.2
5275.267441774609,1361.1356392883756,1.2
7063.051617895511,7390.204440751478,1.2
5385.150044237847,7988.895209449727,1.2
4055.70276316518,6182.029845946555,1.2
7591.467730728258,2148.985649783166,1.2
7126.048876687134,1380.6918004018787,1.2
2026.9273565233248,7480.0131425691725,1.2
9827.02171074348,9320.10896172115,1.2
7867.61378056671,1061.4528204079288,1.2
58.83066355186983,1708.2217976442093,1.2
5590.544468808322,726.5981609368278,1.2
7624.720042648596,1162.6942434169096,1.2
2438.4420395527727,4321.986951984404,1.2
7529.059205736046,5301.442855299617,1.2
285.44667945797244,1416.5571873455874,1.2
789.7690039948258,7435.2381907392255,1.2
7685.253133988331,6114.9279926066865,1.2
9817.328956869062,4498.402674310673,1.2
5093.746123183351,252.02060680170058,1.2
2919.948605002446,5240.909257141865,1.2
3022.386698231242,5475.545604170671,1.2
2085.981135547098,6904.365309403812,1.2
529.1761358361302,8736.408061401764,1.2
9697.94634504685,2572.956958089364,1.2
734.9188395647677,1938.3189425841197,1.2
5109.482700444504,5708.869245385841,1.2
4074.6714394560436,2670.899569545874,1.2
5746.3393987115305,1910.0506970450272,1.2
6389.8468096254865,7548.421166861042,1.2
1427.5535696855056,1233.863315170457,1.2
4865.012071501576,2422.6095122629963,1.2
1299.3429275883884,2891.3799892190973,1.2
2815.0944302944736,6858.123923518291,1.2
1763.2983961032544,9450.393761413652,1.2
8501.754554691182,4081.1997283521396,1.2
1633.3166757667238,2744.87597742865,1.2
8083.454416746052,7202.129415362828,1.2
6175.638135806435,5228.4241954720665,1.2
4024.136418384842,9893.23232334458,1.2
6759.106410369294,4394.066096298647,1.2
223.07575720608153,1823.1327931203223,1.2
3597.6216730363153,1165.3772186082833,1.2
3483.532834221077,9601.0125723011,1.2
2607.8603784056,1123.4078080096356,1.2
1870.793544099606,5746.327194269094,1.2
6808.651332344973,3957.8066418599747,1.2
8786.553869681751,8760.780226593066,1.2
8087.585397457663,6380.193800864153,1.2
1801.066059155938,3691.5837882523792,1.2
5235.49918088129,2815.70836328209,1.2
6415.666006071534,733.7979350120971,1.2
9174.497104326269,6290.628356945083,1.2
6268.95838534338,6723.0966161409515,1.2
9327.638698856681,4392.436412755836,1.2
1656.6384371498254,4423.853496304427,1.2
5549.799885511761,906.6004453195253,1.2
4822.225018540545,2406.1275212338996,1.2
4086.080381228949,4527.826835140041,1.2
7426.122566388845,7312.703905269271,1.2
3514.503332058071,4629.05632582772,1.2
5395.815814841766,8018.856419002146,1.2
5031.277230836524,3045.9710070412248,1.2
9868.557420914607,9210.68869980007,1.2
1262.3228549869013,2433.9183105976203,1.2
7194.543296560749,4016.6983366213904,1.2
3045.706120868893,94.3603699859874,1.2
7249.008413750422,7448.369577586712,1.2
3901.1685966807154,1096.3753287923516,1.2
8163.688743912979,7622.121851443439,1.2
4483.650593982627,4493.27356128666,1.2
3084.0051004150982,3628.2133314245866,1.2
4221.045774770774,1487.145476549956,1.2
5849.552459816892,8593.219173909336,1.2
6034.608257100072,8937.1227815887,1.2
1506.4106774295083,5633.725208025133,1.2
3469.1334052889033,3931.389610065813,1.2
1639.0174056632356,8083.8360238657015,1.2
7364.216214435446,7957.701164553857,1.2
1977.563594481405,76.1861651828133,1.2
8357.6486966088,7335.699034886478,1.2
4270.8109956344815,7777.8243162801255,1.2
6008.496791868486,1703.3653867274302,1.2
3843.5492377857463,3129.747091725453,1.2
5938.1961197700175,7932.103920660097,1.2
9177.513642159942,4438.571119502527,1.2
1388.5521665528622,7220.457389253692,1.2
7716.605714704072,7293.7201931410755,1.2
6652.110512011851,3199.762923397305,1.2
4058.2163114105742,1514.938977886784,1.2
9710.991328826645,1506.5685331505629,1.2
7922.882252005359,7913.452139224335,1.2
1538.1600729306977,7645.485273410464,1.2
4585.549537938596,5298.760916044071,1.2
7118.688425827236,1061.5265928827323,1.2
9230.231200515935,8276.064434053073,1.2
8430.328965437797,8321.861310200746,1.2
9565.17326383855,4181.083557055047,1.2
2875.0646999079445,7246.671059743682,1.2
8410.468710991892,2637.431845908663,1.2
2725.795336469634,3747.075786294992,1.2
3132.388492078735,2396.4488761487646,1.2
6706.648605856358,6959.724006219982,1.2
2153.139832753106,2225.299155109557,1.2
3843.829632047099,3940.5392798409844,1.2
9969.792586179441,516.1738189208431,1.2
8517.896542003413,423.96176213243876,1.2
6886.4402701739145,4855.652081000211,1.2
1545.5333372895032,2030.5005147361255,1.2
7755.967887437816,9380.272145319319,1.2
4893.198804761088,1462.310266452701,1.2
6273.932545535863,2756.770004786264,1.2
5812.036367824396,6061.860041754519,1.2
3241.8530037870896,2952.53411593391,1.2
2177.4716929496863,9466.666090493594,1.2
1237.0928649004943,3112.929042467375,1.2
8856.969889153503,2057.4850753695937,1.2
2153.9742230806623,1115.678614392197,1.2
3835.68043647754,3820.203322314565,1.2
1867.1049619779023,5639.958650733853,1.2
8286.039849261168,3637.078445247949,1.2
4992.710670447659,3638.572145285479,1.2
2833.497829016478,7839.104115082057,1.2
1890.9155870229133,1372.9036637685942,1.2
6469.648387230971,1382.079800614845,1.2
7902.26198553003,1199.9276998306186,1.2
8420.995278038181,138.59756697763294,1.2
8891.305559434126,8094.125749676579,1.2
776.0553833488037,7436.74477957997,1.2
5907.402363587761,2006.935642126677,1.2
1326.278292295401,5175.151458625721,1.2
372.9793597817843,1163.5103781649602,1.2
4841.39087808281,3139.5547630946608,1.2
8809.960318854126,1227.7644323023019,1.2
8137.643764548511,4364.93644692338,1.2
9725.720689922946,421.5852822960253,1.2
9550.517216123033,753.644021327321,1.2
9190.567409206507,3637.516993892731,1.2
8668.210360451592,7506.537704065518,1.2
8377.276535293942,1447.2513887322525,1.2
1296.1711703499323,3679.320132101924,1.2
1465.4873841072601,5909.205249951039,1.2
9173.1711104406,1894.0684619316805,1.2
5452.050809130469,9711.53145617039,1.2
3760.1741248618137,8834.517313294666,1.2
4836.014484711316,7607.918646355774,1.2
4139.028306603351,4358.405544947645,1.2
243.88334449047866,9660.370904209756,1.2
665.7028245059005,7586.908795627376,1.2
5617.031823537777,5201.892872680816,1.2
6043.091001666151,4643.38304762321,1.2
2239.0423889408153,126.82679551424991,1.2
3035.869959263393,975.4036904477425,1.2
5861.669360019741,4518.923304564804,1.2
8931.6186006069,1936.3858972079317,1.2
9920.242198984679,5966.62346798369,1.2
1132.8826454243078,2451.7886610942696,1.2
3469.4890818704193,1353.7051373325571,1.2
1178.9932386180612,2259.0184630305675,1.2
7767.253072837044,6403.991525715918,1.2
6209.668641812318,1302.4281560602224,1.2
3384.7749286397598,3162.002291400514,1.2
448.70978888657766,7961.034054636022,1.2
2652.3228045662663,392.9762147612048,1.2
75.17058420938527,7600.318595672431,1.2
8891.975056834355,5934.476097623894,1.2
1682.4489434094392,8352.370098518228,1.2
8119.810626145073,1164.6845073527545,1.2
2988.8629239517672,3343.5428389708422,1.2
3250.6878415962924,5186.660976286194,1.2
3079.58016125354,4150.582187293495,1.2
4737.334747730434,8087.303575073883,1.2
4178.084305100412,2319.1527226858066,1.2
6959.3827160133815,7820.287907963883,1.2
290.3430106856353,2454.4154500060145,1.2
4229.269686654264,3977.6885727436215,1.2
140.98171827430673,7863.623253748364,1.2
9736.506700756341,380.0048362262587,1.2
8937.262490675112,2026.9438867382362,1.2
5881.894789542572,3719.0428860659663,1.2
5191.001846219898,4187.991883344715,1.2
4268.781031084383,4928.383423618539,1.2
8691.169698675398,7220.672424728696,1.2
4557.231647444223,9674.289144396058,1.2
2463.012626318518,5803.053428374746,1.2
5651.629642682972,3127.7219642442956,1.2
6668.359085626796,3448.427736207027,1.2
3288.367277608927,881.8285096434674,1.2
3659.5443495518243,8927.266471557166,1.2
8925.052436325144,3276.2791569724504,1.2
8577.613502328562,7652.797835050082,1.2
9660.846751005864,8313.241312820901,1.2
2212.76823376085,7522.701816820372,1.2
7983.133524260584,9553.906067881377,1.2
3942.9842565642357,7152.076572926448,1.2
8697.627043641816,2784.1000519757617,1.2
9860.119514523914,351.67605267002244,1.2
2693.446065722076,440.1896243904724,1.2
5877.660749471824,3010.747452195358,1.2
832.9922618176056,5249.233562082196,1.2
9150.135894664247,5425.505271651517,1.2
2953.7138794775565,3810.217762683524,1.2
3939.995908325681,532.7796459079769,1.2
368.1354258433045,6227.7411411034755,1.2
5293.598317705914,5696.670288296426,1.2
5779.8132598812845,3942.392159271545,1.2
7465.347243288805,7604.591814158948,1.2
817.2677457251087,4556.040359038702,1.2
6656.693608386333,501.3115146086711,1.2
3738.284927455029,6075.71599387125,1.2
8713.284159492196,8553.830938394865,1.2
4411.142008642174,4104.476878260527,1.2
7146.435479500404,8846.060366051215,1.2
7475.775779173331,5221.548885425834,1.2
7484.291338560442,9143.131229905357,1.2
7127.387825144053,4310.397270759368,1.2
5364.031881135913,2306.179117846442,1.2
6700.0475000699835,6604.773265990499,1.2
3271.057918712741,3721.464310647548,1.2
5435.82920138661,2818.494051098559,1.2
2155.443643970436,577.8772595086546,1.2
3582.503653922805,2422.7304332486124,1.2
9695.44424086937,8836.229670332168,1.2
7552.490032149485,7989.8969563993005,1.2
1756.1515684431695,5873.588274482176,1.2
748.4242620063309,4748.300166432538,1.2
8940.036855566694,1033.28224210661,1.2
6693.774891610454,2874.9058182584477,1.2
281.27857318968717,5699.142025257214,1.2
8291.388447987423,4582.753711549379,1.2
1078.822261118867,7150.21093640441,1.2
8479.080125604341,4606.446328740685,1.2
2306.7288686951747,1067.1625180085086,1.2
6122.4079113527105,7876.745456084399,1.2
324.41082457728146,8736.421157396697,1.2
2734.2718123923983,2553.1097496108623,1.2
6387.476444818204,8438.824985312272,1.2
7773.066478455838,7443.842027109617,1.2
1384.2214504171902,7605.839591870012,1.2
4984.534859424901,8160.8369161997525,1.2
327.13285977953757,3393.721620395992,1.2
40.46041316992599,8195.463178146538,1.2
9527.068380494959,5061.257538477794,1.2
6240.491884804997,6436.376017797766,1.2
3192.350654086212,3246.511290725609,1.2
7564.892383923634,7313.707050312659,1.2
1239.0815944557742,7675.7928370194095,1.2
3212.7109772030403,6302.296102373981,1.2
3236.5279605062656,7792.712257394347,1.2
9496.41528096457,4577.995342855902,1.2
491.1451011208678,6793.699931788123,1.2
4580.303936897692,640.5364354717435,1.2
7365.186039648479,4433.282388559376,1.2
7185.3970975999,9306.174518286738,1.2
2968.4294860996697,2533.6380602224085,1.2
5981.595636195835,7941.434730974435,1.2
8797.5318379348,3864.2284394470903,1.2
7009.767490749758,2683.668710024528,1.2
9698.390578688923,2609.2827765544835,1.2
5558.144254770064,4269.857902149247,1.2
6618.4608276677955,8169.078863574817,1.2
7698.448801951048,4805.192100652987,1.2
6427.558817775263,9583.239186949622,1.2
5895.939364296772,5981.871309356572,1.2
6282.022746511503,7772.962207608466,1.2
8210.411158864594,3705.5468716289884,1.2
7794.488751302434,4294.066593122809,1.2
8674.729368789938,9367.395028190522,1.2
6282.937702165427,8645.365839722019,1.2
8857.782376226292,9834.927017424874,1.2
8922.319526375888,2345.808550770723,1.2
9817.368520086706,7905.069575179715,1.2
3975.786330159161,9167.80244124074,1.2
9318.65277531533,1251.3912019009665,1.2
625.3269858391964,2475.568201174997,1.2
8643.125127693465,3812.9361567313435,1.2
9245.725824142175,4783.140290733437,1.2
3637.6645493897963,5443.962864792747,1.2
883.7079653411473,5719.0990642952165,1.2
3422.0428195471495,6825.814162476946,1.2
9680.50443560311,8979.546576668736,1.2
4054.245096509165,9472.831200502735,1.2
7235.195105005664,6970.3279440423485,1.2
4363.938825914749,9932.879431901196,1.2
960.1508650533352,224.63768964363084,1.2
4926.965782189955,9552.581239797015,1.2
4918.762466756444,2280.3276762235823,1.2
5747.279705073678,7810.19965339649,1.2
5643.005681418332,9837.027834028995,1.2
6693.631346145723,4327.672699452566,1.2
8123.613091743499,4659.647755344621,1.2
9774.355680972007,9044.947422617855,1.2
1611.8831456613614,6847.639315859494,1.2
7517.171303684252,8992.410429827582,1.2
823.1824693741186,5067.248123279751,1.2
6047.984752059907,2451.943156598595,1.2
4464.319133227459,8654.221470238104,1.2
9258.529396838678,3777.820265832964,1.2
6395.932462179406,3569.4647433297523,1.2
5039.372012409015,4327.21705199984,1.2
2853.423916933928,725.2621026849737,1.2
3287.1055683199124,705.3871446171133,1.2
8562.921792626548,6066.116279301399,1.2
2509.2432163809976,6316.170075385553,1.2
4477.701117830242,5923.131515270335,1.2
7240.877384707926,7749.0867619022265,1.2
2921.588344498349,860.4688201227939,1.2
7933.781016992872,6715.2759126988585,1.2
2808.478477568629,3522.2944819844383,1.2
5015.930404047517,5129.083298302094,1.2
6405.675787847372,7224.267512734575,1.2
2941.2755715980097,268.9449716720949,1.2
6917.974409546228,8953.15141070845,1.2
7121.767018505816,5403.007410297279,1.2
4237.824347020771,2244.11448938347,1.2
5132.041527767577,9128.833036960505,1.2
1253.1946923055282,9387.8670943675,1.2
1429.1008101337277,9832.060282710465,1.2
7743.539099677803,5506.344200866248,1.2
758.4330859455935,1699.0594106766687,1.2
2617.241880692759,8976.896776962905,1.2
3862.2711452159765,946.4208285803633,1.2
854.7895585329013,5722.929703430704,1.2
376.9481709096978,1736.3656401670835,1.2
116.85752017095541,2316.7391164188134,1.2
5777.49996751272,3796.4692866777928,1.2
9967.007089241963,1293.509748173044,1.2
1499.7623255026626,9715.431096008451,1.2
6763.784113321563,7216.9421412585425,1.2
6059.171929471121,2283.4530641078254,1.2
6152.333415930349,6212.637316700302,1.2
8246.363856617143,8933.262650062888,1.2
4568.490220613351,9353.181662302006,1.2
7360.00525526083,9790.923182480292,1.2
3258.1852606323646,3867.7918782050824,1.2
8034.2344011435525,1604.1620642609034,1.2
8462.538421594376,2317.1640403657657,1.2
6194.1000214714095,6123.821953450144,1.2
1425.6142571503526,8574.697176384565,1.2
7218.807561542117,5469.921189404861,1.2
8740.94002452566,950.1153496456283,1.2
5802.394850493684,2752.1351876556178,1.2
5633.390780974216,9237.175378242977,1.2
5229.985803261964,7011.375207937138,1.2
7248.0121691411505,8516.168042664447,1.2
8440.538132523745,1207.6383068977425,1.2
4425.96785024861,6678.44524294694,1.2
2429.454742399552,4325.8678556260975,1.2
8061.068355965523,7479.738956688161,1.2
9154.868482165039,7944.20954348274,1.2
3308.296341567306,3453.285929730523,1.2
186.88231069524107,2044.1194612276458,1.2
850.1051504439728,5016.035184252102,1.2
9264.287008988387,2167.234265791477,1.2
6455.302006480573,7185.834093877522,1.2
4017.538703395377,5298.561873366541,1.2
1604.0529738404753,871.995549285286,1.2
4591.732468147716,9852.219971703937,1.2
7126.840374589686,808.0092910625491,1.2
9492.69948865465,9674.499371452192,1.2
7388.233898329238,5701.135617504163,1.2
8441.407921852899,2760.720025209884,1.2
4874.87010169192,1441.306186684319,1.2
9519.583224136657,8924.689949387162,1.2
2733.9807659967587,845.874102001658,1.2
5475.214251947421,9386.854235813593,1.2
4590.1303753209695,5635.613246310841,1.2
2360.4066022478955,8403.487116203018,1.2
2100.3546518785474,4659.204674678853,1.2
4446.167740919295,2165.344224482322,1.2
838.843546065835,145.44462033497908,1.2
182.33146380780886,8360.129849161627,1.2
5352.244655176975,2439.9515450981326,1.2
8474.889241177641,8558.794419588981,1.2
8018.352395183871,8254.934133472756,1.2
1443.6285017555351,7608.119081332775,1.2
819.1528658998548,6652.774431550171,1.2
538.5018741099445,9217.043904258313,1.2
3106.5490609830836,8815.801732340746,1.2
5918.759895733153,2186.271519390728,1.2
6188.075706067205,8035.4654777066635,1.2
8993.62635108488,3291.0802787900316,1.2
7776.216718621005,4151.64876297017,1.2
7720.96654291683,1386.011956975618,1.2
6954.906734542574,5283.2845257779645,1.2
3357.7300297251254,7047.481932501186,1.2
9041.935309827164,3776.2947855782427,1.2
9004.883672074038,2427.2119121207347,1.2
8149.6392622810135,4054.568757494641,1.2
9627.471844295631,7373.449975824189,1.2
6921.27129285871,9003.78777827357,1.2
6290.914550455581,944.8051322636952,1.2
6964.033996850859,3974.2973848590136,1.2
1906.5226335914608,1676.8029700846598,1.2
770.5384975953211,2087.6233770371323,1.2
2038.9955876233935,822.0937241657645,1.2
2370.3126525557605,2135.7294430588213,1.2
3096.785904648227,374.54232225571536,1.2
3751.978708493364,3801.6045614681416,1.2
7618.336669618927,8714.200052482707,1.2
3867.7882930887786,9671.182288256185,1.2
9531.651865824562,8660.801020987761,1.2
9345.714415535309,3134.300232763554,1.2
9841.04859713123,559.1392404440443,1.2
3557.846014742737,4217.54883585803,1.2
8475.698708554335,967.4077716829299,1.2
8496.0235443709,2653.428574235869,1.2
6838.563533456863,4815.509259709849,1.2
4966.465770348909,3541.7123407338536,1.2
4350.011359723175,3774.071967957833,1.2
6417.043960971037,8386.023389432368,1.2
3915.630289873875,1104.9810027801598,1.2
82.09448583023527,1170.1651775875955,1.2
7452.759697483779,4206.823318580805,1.2
902.2710674278201,1789.6993157093066,1.2
9983.788856629528,8445.95200622017,1.2
5580.801312754361,3407.2651261895526,1.2
9181.933328711466,1592.0338994572635,1.2
6585.9973749265,2311.28824847454,1.2
8601.19938108251,2260.623419342046,1.2
7287.42720972656,7407.467606917699,1.2
4098.9806078967795,3246.274937380195,1.2
673.1492872063782,1754.4063619264305,1.2
974.3122645405056,2846.4032775617775,1.2
1933.1578672463634,8796.95572008303,1.2
9821.992502805026,264.69261400730693,1.2
5798.284612373699,3486.518098467296,1.2
6412.2346260912145,3219.332247052511,1.2
2009.0391798437913,640.4771135078191,1.2
732.5519977022021,6982.71786237125,1.2
5205.527524466901,8614.00510090301,1.2
8744.736601346282,2270.5210901172954,1.2
8564.778036399972,9375.09614837943,1.2
3469.3528482086413,2712.3023877551686,1.2
4824.994632522657,147.58679696581513,1.2
472.3029512606025,6154.508224480749,1.2
1275.0660605647556,2297.028030384259,1.2
3865.745478633357,9589.554951301188,1.2
9529.281548757208,7098.057013604697,1.2
2064.1091664399137,3097.0581173773503,1.2
7542.3805901063415,7962.968370717599,1.2
9455.549137141295,3906.127455418531,1.2
4573.495030044924,5203.545499635854,1.2
9552.761589761283,758.130132609921,1.2
7433.815419020589,5255.7077782792985,1.2
4839.669987201915,9775.975540039448,1.2
1861.4679991756311,8345.622387322968,1.2
3344.086288931183,9400.08722136042,1.2
7126.762622543867,3970.9606658389894,1.2
1376.2502094390384,2650.5566540089285,1.2
9537.475558864733,1866.8414059550664,1.2
7437.177862625889,8902.16627717901,1.2
5357.297599677213,7231.267092196548,1.2
8185.643825870201,5894.526577161,1.2
9987.655072060945,5415.049536574145,1.2
9973.113475180131,5738.873076418338,1.2
3485.8632013516553,4124.396077895282,1.2
4097.0731002083785,5107.916390012219,1.2
7774.246684558146,8409.061369604655,1.2
4259.80485174289,7786.907668567083,1.2
9556.011241146123,2980.727589210965,1.2
7493.380817808259,4183.2035593710325,1.2
1309.8016379060318,8477.156955552124,1.2
6515.6705374679605,4901.508493479918,1.2
946.6806872619348,5315.607206491346,1.2
6640.751396297654,3811.388571047013,1.2
9003.030277072721,4234.882257589861,1.2
3821.2753403745182,6103.762729766672,1.2
6614.065359718266,499.61253851806606,1.2
8540.285986675466,4801.033466965364,1.2
7401.784514331051,6660.596484584997,1.2
1839.2811149562583,1162.1069065007196,1.2
629.1560500208104,3714.566000095019,1.2
4573.312086027017,6848.29738362241,1.2
48.83978961379154,2070.650320292584,1.2
3394.5047098065083,2061.0383648406482,1.2
1795.5951489094791,355.0545366313651,1.2
9260.107917645379,4586.5903627377265,1.2
3853.702853002122,499.5217677950481,1.2
1360.8405668559653,9242.100335933465,1.2
2632.514268178414,6881.002700863911,1.2
9376.467700147536,9133.58718021786,1.2
4939.444944284522,1700.3310680226368,1.2
4506.746582741046,574.6733263359782,1.2
4216.921080496301,6784.329993427135,1.2
6150.930253728015,6848.757290436146,1.2
6960.686807987653,8185.98280753386,1.2
7575.306795436189,8275.078110692491,1.2
1614.5907755376588,319.9277928824684,1.2
8979.528834830357,4116.517946313439,1.2
7581.381348985749,6027.652560001207,1.2
5338.820497557901,5199.012504241486,1.2
5018.310807084016,3296.416561050178,1.2
718.9967553767528,2580.040531037853,1.2
9344.829699707025,3288.998714648156,1.2
4644.200376530809,3295.6351223347615,1.2
9954.751721632214,3248.6180437668654,1.2
149.4648172417723,9041.214822832268,1.2
5376.2640827780315,4991.1783199518895,1.2
5113.070495139962,3202.138322418,1.2
8970.376350748653,7268.234102655745,1.2
4392.170734462233,3612.634048208093,1.2
5200.38819519884,9656.114134235166,1.2
7413.835342186659,9907.844442213693,1.2
7560.87749251736,6185.802296705237,1.2
5299.018584312436,9842.812414761022,1.2
7085.170527622368,7440.267159957544,1.2
2940.8560200926536,4126.616277913955,1.2
5115.599680737444,1766.306012880573,1.2
490.1363535698966,4392.66599960966,1.2
7499.172808869937,8052.812697987126,1.2
4878.546599230672,6639.95429727471,1.2
3635.2584567979993,4774.4917116665565,1.2
4380.888075235231,279.023880379804,1.2
502.49333004128147,1300.3037829918696,1.2
1317.099506816729,6205.20454730256,1.2
1453.5078224814479,6255.136659109775,1.2
3729.141774693446,9170.0309554258,1.2
8670.95523897275,5509.148870508027,1.2
9008.054418681098,7870.30217712284,1.2
8831.805485153234,7622.808252166977,1.2
6297.386913166142,5423.5444036945055,1.2
2189.33041463123,8928.225624398227,1.2
6438.913816858843,6048.613416244979,1.2
8530.842831406233,3702.7428819085885,1.2
886.373161476377,9618.123376173862,1.2
6095.91205521738,379.3504766881817,1.2
2485.6458573367822,5420.747089652752,1.2
3159.968189398419,7244.3941854248405,1.2
3656.1527922527357,5270.682475108423,1.2
4632.471115730155,5847.679941817033,1.2
7452.70912733955,9863.1242873344,1.2
8648.376485045552,2167.252639867615,1.2
7904.199569761393,1884.6623786846274,1.2
9766.346237466154,3455.4623399402994,1.2
3005.334462896082,4041.271640187315,1.2
8070.199484440529,9252.568807776723,1.2
8834.354468555299,7494.839627530609,1.2
62.36351525364947,7421.171515756499,1.2
2990.238399799807,8548.87343448186,1.2
1441.7598585067738,7147.821184508189,1.2
7588.730474337927,3867.821072025689,1.2
723.4997384314279,7726.397518117928,1.2
6512.996552410815,8231.955019305295,1.2
5497.600349848739,224.23532982177807,1.2
9155.551237096828,1473.145233597316,1.2
9483.729745631827,3042.322198105115,1.2
969.9051836663142,3794.3723956746744,1.2
9745.70999209201,5465.0976549243005,1.2
5437.46368598196,9440.121921906533,1.2
6772.509594672876,4605.712041580332,1.2
7064.520063453714,5392.3479463754165,1.2
466.4362105592923,849.9136705218746,1.2
9459.262400702353,4501.974771488955,1.2
189.7641782053383,3804.5578963846515,1.2
3043.5655653798053,8745.738856826914,1.2
3425.0723444074015,8867.51725588756,1.2
9228.832380194142,7593.905579710796,1.2
3825.373891024534,5308.804715566181,1.2
7256.1820410738255,3859.8031213998684,1.2
8244.97452631631,1689.502297171709,1.2
859.0392642154065,2222.189022539355,1.2
555.4219620383371,2510.0350163485164,1.2
9743.404766950522,3866.005289727422,1.2
7078.695182092874,268.1872772338656,1.2
4243.842814776817,851.7012740737007,1.2
7157.358286339387,3924.2463365305157,1.2
1800.1152447792058,1139.8224942641234,1.2
3696.3597011612783,5041.698106063859,1.2
9651.040135452073,7021.634223638643,1.2
2032.7532482737854,8204.166607234623,1.2
1483.696613993556,5330.118099058313,1.2
2750.3364655724204,9746.393495236387,1.2
3331.974897328971,6542.498145366895,1.2
4955.807772808796,5268.026694539304,1.2
2795.805552452386,1466.064442157494,1.2
3539.393321046601,9389.538971827604,1.2
6138.178545486069,8783.744477641498,1.2
7309.965087737543,8383.370664496146,1.2
9104.20082152259,530.9829316703751,1.2
6961.029642396992,9471.33185402408,1.2
7407.114806402226,810.9931930699698,1.2
7078.949490164193,2060.2096719460883,1.2
9754.04626451928,7864.058280091509,1.2
2120.9419103437053,9144.247029615193,1.2
7565.768768901967,4445.596687271904,1.2
392.94629282542235,3498.1467684991353,1.2
1665.835886019208,8780.481896852536,1.2
720.9736435609693,7578.7947923165675,1.2
7380.1783443571,8195.734749880705,1.2
6488.96436665906,7907.4664356488,1.2
1835.2308216398071,9512.628375007818,1.2
9547.291066995855,150.7071615938327,1.2
9566.198495231845,1927.5448704630894,1.2
7629.092741496026,6493.575724615859,1.2
2926.4894627743975,1409.752047344901,1.2
2129.5938417820694,8730.739221036632,1.2
6115.046297267488,5445.240719149301,1.2
5556.134136062042,3462.6366857516623,1.2
8311.935585514519,4083.8774254977716,1.2
3950.1755081657166,7503.9502168663585,1.2
5045.960775887685,9951.26999492894,1.2
2042.8050313558922,7358.237912427086,1.2
2575.876350846198,652.0411986653074,1.2
2445.8374367066726,2948.181617700375,1.2
3208.9142740953557,3348.584068441762,1.2
6534.608454410594,3827.3042620014876,1.2
3451.532267955858,9103.38548717543,1.2
3728.2884705925358,3261.553971658839,1.2
4636.619995412016,8342.680026843846,1.2
2547.269078528539,3834.3177669426586,1.2
2407.1137951281685,8292.81293795711,1.2
3085.570470769232,3619.8151861495844,1.2
578.4532910334561,9409.031467653644,1.2
563.9332982960932,3727.7091011368034,1.2
5862.314035832409,4095.9226581895737,1.2
5529.626565216328,4670.721800477613,1.2
5009.385795961982,4044.723179449612,1.2
3127.292461377339,8343.26049639031,1.2
4053.0281647902643,5884.5163526756205,1.2
407.0202006822865,6286.167740741292,1.2
1226.7933260165687,5846.9415454945365,1.2
3557.4383635722374,4307.699348471548,1.2
8498.575541102646,6821.775120194755,1.2
2656.0923801675117,3530.4408398609135,1.2
3488.2714447795247,5231.136275408397,1.2
388.5549511367725,9499.039944223483,1.2
1345.3970455226595,2270.905413023564,1.2
3219.606324365405,7575.888377833314,1.2
7002.122523982711,1834.3821234779934,1.2
5655.698611169362,6670.631172313647,1.2
5769.9734841496675,159.47898134024086,1.2
30.850018751493735,882.5816984196911,1.2
7980.984455981253,6089.6633660170355,1.2
3621.8644670402246,8727.62916929295,1.2
8448.802538618847,3190.956824321358,1.2
2126.746344895981,5642.025344281674,1.2
9483.486256634107,3903.421549866515,1.2
4839.266856420863,1894.9050690649883,1.2
5367.66821771047,3259.3490820806483,1.2
9893.822295117441,4414.664102009754,1.2
2140.376802351005,1159.6095037289022,1.2
1345.0864025316,4969.543056518736,1.2
4994.304026145153,5468.752990349599,1.2
8467.113796864754,9820.029240713127,1.2
8319.484250224446,5113.163629600915,1.2
3956.519650801058,6237.867529989979,1.2
9065.53609847846,149.64002082968554,1.2
3117.571482772504,1063.02794914796,1.2
8925.668575306347,6434.811451058593,1.2
1065.4001292482162,3449.8902213833817,1.2
6399.477436605039,3127.133048892906,1.2
7253.272363352926,6244.4841047287055,1.2
9904.482909788327,6191.680954750739,1.2
7417.789435557368,8358.188271309094,1.2
7966.286326357148,8258.880127867676,1.2
5403.080115238561,2518.3922407513646,1.2
333.0040849670146,54.41348538405166,1.2
6790.017943594136,546.13671097558,1.2
4001.279114994835,114.11804308328333,1.2
5226.95164340784,4156.141004207213,1.2
6336.68525929627,5861.6400417878485,1.2
5798.386735242671,6540.2451973491725,1.2
7138.509651170768,8750.929945710523,1.2
1041.7893112280085,8608.324415369209,1.2
5460.5623333562135,7044.454629455399,1.2
2010.0332894722972,2323.7976597583774,1.2
6740.505938089134,6379.183643506579,1.2
9568.576862148802,5246.776266943985,1.2
4799.3856098423685,5661.470477481554,1.2
2098.9452650536487,1636.280524996403,1.2
3260.2413063954605,6206.259768500281,1.2
7519.744908338476,271.9749725631282,1.2
1627.326095811129,9076.4376755078,1.2
9178.66064617878,8276.857678705608,1.2
4227.596454139647,1143.5054198055273,1.2
4266.997901995995,8966.2956844367,1.2
6778.587743319285,3263.1760333940074,1.2
6087.332380343298,8963.073488940945,1.2
8591.125552973655,1620.9751545305794,1.2
1602.1280844226126,6879.8312272609255,1.2
2184.1134911596305,206.27914822091697,1.2
4979.791239362201,7882.4133390603665,1.2
1255.8521779442399,6861.302396661183,1.2
4367.031215191636,3927.771514705839,1.2
4538.231792713362,7499.08864320722,1.2
5039.797516693976,1151.9937945374747,1.2
976.9446159474227,6740.938316698725,1.2
1552.1173694779766,7345.131153939524,1.2
2956.7993096773025,8905.296183404456,1.2
8609.065486557962,4902.794206968137,1.2
3092.58413377142,4443.92125026548,1.2
5267.889737697155,5953.128785378938,1.2
1250.1878438327674,5976.0076319134605,1.2
1622.4077733317888,445.64342937439716,1.2
5033.790288936218,35.38051524654473,1.2
2709.594916243551,8688.588302124692,1.2
8144.611684267506,4902.167722469544,1.2
4579.9089526215475,1204.8695411508713,1.2
6409.390125551123,7653.821467736974,1.2
6586.610700186725,5225.619563800332,1.2
4908.944253948668,8665.082750030431,1.2
4495.335948666765,1200.3140859758876,1.2
8823.475140035907,6292.358215999865,1.2
5413.677275427062,708.2884051869709,1.2
4226.635625731779,2922.501069732211,1.2
6136.797368154561,7520.372854323651,1.2
2120.14405678998,9988.84671643283,1.2
9947.84285692855,9722.789927550572,1.2
4632.146588136708,7343.575283780169,1.2
706.1796942193821,4893.562142807014,1.2
3168.000690711902,5189.204400816329,1.2
3953.8172975129437,3692.1218116756804,1.2
364.8027472755666,7538.094439655807,1.2
3257.046980456136,1631.1774920751586,1.2
1695.6206901620785,7711.334682145208,1.2
3038.1231567030654,9253.172544098497,1.2
6181.01023159484,4997.492444998403,1.2
6828.754748112906,1498.4140737161833,1.2
7776.64440192057,9567.691931726256,1.2
5150.097828598416,3061.5358391206373,1.2
5555.496303473025,8409.239471817347,1.2
9080.57312956178,7004.56515932756,1.2
9572.69157093204,713.8926470825246,1.2
9480.742054560938,1760.9262723532004,1.2
6121.4081970390735,9449.122197527917,1.2
5612.281529469522,1872.5864627965416,1.2
3230.403395006778,7753.400714353001,1.2
7090.565582664503,8572.314746381238,1.2
3931.351381468401,3812.862478268574,1.2
8119.761837499589,7671.094872079146,1.2
1291.9097241119903,5750.9693047836,1.2
3596.5606597806354,8653.514014599745,1.2
1562.3447739950325,2000.5663740848422,1.2
8922.446032721067,7935.551841108341,1.2
2814.7149633256054,3739.0498072252276,1.2
3402.7160626656137,2142.9352412803637,1.2
8261.538868522179,2500.602152338991,1.2
4032.4916675983145,8582.485113700568,1.2
3997.0206630694684,9686.508849712844,1.2
7034.938505900822,9311.159968696806,1.2
8029.347714984154,7610.249072545614,1.2
4350.264308577842,507.13522835990176,1.2
9907.417458992473,9808.628558166163,1.2
577.0548626521421,7132.609897872644,1.2
7225.353871858562,5616.607824107547,1.2
4975.054107477439,4676.5819140227895,1.2
8786.015633886705,2902.800376814202,1.2
2955.923733614486,5210.131261294006,1.2
1931.805714113174,1341.5031648681409,1.2
5767.2560883017995,1023.591730495278,1.2
3186.7589591919677,7066.977718428001,1.2
3329.7914770628067,6279.753721147293,1.2
1010.5513898367202,1741.904586889944,1.2
3348.255907029483,3949.4711770773006,1.2
1996.7278709628256,6905.5677094682,1.2
5489.7178544287435,7594.146188561923,1.2
9412.936289939613,3549.480662104335,1.2
8446.516561668233,5526.28716253839,1.2
5641.570760361386,6252.856333583446,1.2
1277.127719816491,5712.283302251405,1.2
7171.258428656406,128.834629369301,1.2
2156.6942543115365,1116.4882551695543,1.2
6617.037773347039,5119.135123491477,1.2
5715.715231588622,1845.5866393006604,1.2
9034.364716348122,7121.59904107157,1.2
6699.918792443067,9107.966358748934,1.2
9371.704814449145,6457.262323755457,1.2
2102.9971855634144,744.5516326713009,1.2
4476.643856932903,5058.476884716293,1.2
4017.9264356020262,8208.947847862923,1.2
7244.938454024707,3860.5109882405663,1.2
2572.2265441276636,814.8493277754976,1.2
624.5278722036063,9896.9968256493,1.2
9313.219913864998,4373.87336015834,1.2
9386.102351075673,8121.96320990278,1.2
5942.257021943873,22.505378989454705,1.2
1067.3453398837996,6893.74059245825,1.2
515.4767561862084,5048.518895109848,1.2
6248.279670442245,1632.5615206645273,1.2
7749.153016864806,348.29979068943476,1.2
1877.828609863853,3816.639483847184,1.2
4790.92176898425,5932.628598585597,1.2
7840.7844055742235,543.3926439097103,1.2
610.8848951678015,4196.861823921145,1.2
7962.143669095431,9453.8961081767,1.2
9093.760815842379,3808.648408383689,1.2
4384.048234737515,347.6058453721897,1.2
2410.2096357746536,3152.778922283701,1.2
3904.7423142109615,7785.25548683111,1.2
3942.9785616716986,1086.2344213386755,1.2
2093.576410060138,6860.729882538383,1.2
3211.6062269798995,4517.512665666995,1.2
4693.7188254013245,6890.109950886461,1.2
8920.316165002188,1059.8768857911978,1.2
8007.220306253576,600.2066814113738,1.2
5224.965160121396,166.0627950733784,1.2
1164.8150715996153,9850.047288925733,1.2
4877.536648572542,7422.550899315716,1.2
5733.164709705604,6797.251602829131,1.2
3777.4138158889946,8013.632550698746,1.2
3102.901703319001,4507.603380127957,1.2
2663.7091920946586,2278.660647293278,1.2
2525.659914322661,9925.767804154975,1.2
9182.979243681348,3991.53800266005,1.2
8313.837686375682,2387.3887941948724,1.2
9492.044345841154,6283.706581474743,1.2
8945.501159973735,6491.8454451233965,1.2
511.0180372825157,1033.0003332970762,1.2
2081.809409490505,2611.568481538972,1.2
3557.2133422590837,5791.964186359952,1.2
866.4474118726573,159.21686141965318,1.2
9249.1307874767,512.4646277926847,1.2
358.61630508446154,5146.233013406793,1.2
654.7825369213589,1398.1309110919526,1.2
2013.666618704919,7292.869569341328,1.2
5778.998872728217,296.9690464083019,1.2
1518.7155620655046,6377.933712326427,1.2
8380.175957722098,4184.0257175836805,1.2
1405.536688151795,9880.089496542223,1.2
5732.597808345057,6241.129455184034,1.2
3760.729190718347,7404.526379357417,1.2
5008.453101539922,7256.205356273101,1.2
6877.813257148271,779.0513088856233,1.2
1724.6083188721161,3704.140618739554,1.2
1389.4820669916342,896.8418143092482,1.2
4048.3148889766308,982.975191951061,1.2
5716.737524579081,5110.144207018991,1.2
3543.4996484572957,3810.0662327067125,1.2
6705.243554943312,2971.8439207809465,1.2
5662.144070980163,9846.356558707137,1.2
7251.3495097028745,1576.9571274250638,1.2
1243.1250574121166,3894.601391047453,1.2
5098.097723474081,868.3158794355206,1.2
4623.756481079051,6959.216580103501,1.2
4578.145357097696,3315.981076347304,1.2
7681.755124386695,829.3202582625314,1.2
3341.883567156617,2281.9657187543908,1.2
9332.275031956098,8777.337757630065,1.2
2184.178355879717,8455.6654918704,1.2
3632.5352560074784,9538.468975407153,1.2
4495.097849463275,3659.6025334532233,1.2
1119.0230072376705,3700.1912800517043,1.2
3257.668049624378,204.92924780048048,1.2
653.868644140081,9367.594085779358,1.2
8430.859517271789,5720.161874965272,1.2
815.5966575015117,8508.629492997637,1.2
4831.797094099581,4450.073010084527,1.2
3691.4904141648417,7358.8966498647105,1.2
2422.756292758633,301.5696771960674,1.2
7343.830246731484,6507.95867959382,1.2
3407.004906198193,3197.2485934171623,1.2
12.661932176664115,3929.457046009861,1.2
9988.983108582603,3906.0944362026985,1.2
9201.51868891179,6953.634118325691,1.2
6532.54237786552,5750.068755035283,1.2
3704.6983534749743,2099.7647436650236,1.2
783.0818205246381,8111.6338500604,1.2
6414.316228237977,5436.9445546928555,1.2
1680.378278079967,1370.6841327799057,1.2
4227.92474715577,6209.800499030648,1.2
1075.6184001740587,4367.523097568467,1.2
7691.64625028849,2833.7475456159013,1.2
9288.192909619916,1417.2354794632736,1.2
6534.179235678365,8999.740034391907,1.2
1160.9093822802886,4511.8221507948665,1.2
3817.3083295571864,5289.515780677007,1.2
8634.452259159738,2953.557619094823,1.2
1534.8333246916234,2593.2747377446817,1.2
4444.694959718031,9776.057650777406,1.2
4728.079697554854,4607.055556631625,1.2
485.22000906445874,668.5481885519695,1.2
1633.2444820826674,5135.490233120256,1.2
1159.5071149794444,6160.528735757759,1.2
6273.916827044261,8727.586408415631,1.2
8561.820485956245,2050.440025863124,1.2
6501.024210875526,6805.671061390645,1.2
9907.216847578002,6669.213140364874,1.2
4703.507484037855,6587.242966167451,1.2
6182.944835673582,5665.363656923684,1.2
2826.672065311674,5757.901560377976,1.2
9760.033158175416,5498.966087080037,1.2
6730.679991316752,3198.9154683449315,1.2
4405.308887745445,2817.395225212135,1.2
2896.8734025209487,4443.341243582896,1.2
5096.996840471413,4021.707294718352,1.2
1124.608957959946,4451.406229265389,1.2
2269.5478934228586,5545.314992181398,1.2
4785.523046616946,2759.286886619309,1.2
2427.5815678011304,5742.032828033604,1.2
3879.8251760716694,2136.3740692588385,1.2
8188.7342756537655,1907.138853599195,1.2
745.407851615466,4025.8367527218065,1.2
9231.495390276692,8036.987910973417,1.2
2248.9608200945786,7997.85196637336,1.2
7063.714846079962,4208.5962967905725,1.2
1105.6545677251129,6794.207869753457,1.2
6010.0412352318635,554.6339371138009,1.2
4067.9253808829376,2238.609957053367,1.2
8368.294504320564,8527.006729745252,1.2
2500.304278439591,2172.7295059295693,1.2
4577.379914606466,7650.881689884062,1.2
5574.327026820758,5806.56830719882,1.2
2519.501997915552,1684.6695377319966,1.2
1102.4132226573247,6849.155746302632,1.2
7266.371963080242,6688.547740313466,1.2
3100.7393751622235,1443.5080642788123,1.2
8257.539654972054,3929.2554337859265,1.2
4516.665266465536,7872.5765591632335,1.2
941.3892910049249,8099.303849707226,1.2
8872.032376098616,9898.045706032814,1.2
7417.5412796060955,9783.285876174668,1.2
1219.32275434799,1470.3039266298356,1.2
8558.690716836289,4873.459071338277,1.2
669.3827118834938,4953.437735735418,1.2
1839.5198585753026,3402.9940844063954,1.2
1721.6681730643147,9800.506250883236,1.2
9222.779774577657,9006.49939489194,1.2
6663.324712234675,9430.87498714816,1.2
2550.567553368033,7165.417839973317,1.2
2513.1625283785165,7111.917452074779,1.2
9840.365650382251,8069.150711143924,1.2
6787.953743323041,5320.2586859175235,1.2
4023.7128395568466,721.4378428095102,1.2
641.7229596609242,6766.799215573364,1.2
4438.741260834265,4360.869401040905,1.2
2070.916282746015,7466.234366797987,1.2
3225.899537209548,9273.963784387424,1.2
6494.8595032763305,6159.77009610452,1.2
7240.123708698462,2279.094855354834,1.2
4683.324973360869,4771.440516969008,1.2
1877.457281509295,2404.572297443256,1.2
2963.87440681542,1702.431662577948,1.2
1401.9181542772762,1160.6190224524605,1.2
947.696581546128,3857.657750648956,1.2
4917.6315703202245,5346.789213650246,1.2
9907.787032286491,8430.580218141036,1.2
8798.135265003748,9600.576900554048,1.2
1612.7882072143063,9014.087121986635,1.2
3049.1329572436366,7560.555720417321,1.2
6047.952172863975,1343.1670234258397,1.2
9403.046334306231,6866.378354742902,1.2
7331.195005772628,9406.222068768604,1.2
394.1980288626623,1866.852917989984,1.2
1599.6243096834316,9661.900714495601,1.2
642.3217143992744,2125.8213456192434,1.2
4445.504669494352,5802.289609604144,1.2
8397.724892594815,2043.9949037461802,1.2
5575.3537382254835,7075.073359140694,1.2
9879.156428214656,5710.316250570102,1.2
7631.956028275805,4339.824075154542,1.2
9408.777292407283,1969.7141474049895,1.2
7267.4839617144025,273.7415661643017,1.2
2526.3224568082887,9775.530784973782,1.2
9074.539022334857,483.6972699230302,1.2
6847.226881391506,5151.2487452742935,1.2
1052.3491740724166,6049.348314439484,1.2
6042.382026473262,8172.238087005164,1.2
7372.609322200048,5295.647744678018,1.2
2372.215788455453,2504.84954392064,1.2
9889.859095922957,1965.4422721452459,1.2
8407.924000754834,4225.295426155554,1.2
4331.002395015694,148.06242439558747,1.2
7227.552072400374,569.3640174008463,1.2
6686.359854884917,9835.356341400291,1.2
5237.494966813177,2012.440967660437,1.2
2978.8447696729427,3908.374092483314,1.2
5709.857068752012,1969.3590556701067,1.2
5739.878845049871,2176.3562740341035,1.2
444.21580582128416,4398.314381509034,1.2
4532.652440422372,8455.988955016046,1.2
9900.070953709119,7893.423190170327,1.2
2267.1595816392673,5372.183848419775,1.2
4732.473489412216,5182.133645133039,1.2
788.5394519989209,8615.563331049523,1.2
9673.888745525433,948.9292689364537,1.2
4075.7735040449993,5686.327562075344,1.2
304.73341519351436,4825.207809483472,1.2
747.5668562383264,8304.210601302146,1.2
744.5300675121813,5379.202894179889,1.2
3733.0081256839644,4154.767350641726,1.2
1845.2140330616828,391.98433948923525,1.2
1288.8529643023605,7804.753330104034,1.2
2363.1010505015815,538.641843604516,1.2
4072.148190592393,839.759373564638,1.2
703.6985367114023,7020.171431649324,1.2
3455.340811149984,2165.3014212234325,1.2
1476.528632209343,7110.193117675502,1.2
3807.098979185988,3462.234816390226,1.2
7375.487691373307,2706.2349709652035,1.2
8742.762937899368,3893.3507215954287,1.2
9294.238862006963,1885.2118869660317,1.2
1135.1235681208072,4106.918164675704,1.2
5346.123521023269,5166.564888014192,1.2
4135.701009508127,6874.4008798094765,1.2
9648.019005876222,5335.325157350051,1.2
6046.148331722857,787.5887153328742,1.2
8097.971305942921,4102.38675718659,1.2
7534.662438354572,1664.6643830297269,1.2
6553.022185400376,3146.6609844028926,1.2
3778.2962135089615,7526.5025241971325,1.2
3173.8832906629,6553.689236811695,1.2
1094.9532823123652,5680.574106806284,1.2
3090.3249402955025,7825.602359495345,1.2
5886.472898861005,7875.961964717836,1.2
3886.6386797485206,8602.341974046127,1.2
7506.50115326823,7605.986203302741,1.2
8702.571951269632,1624.7246643178037,1.2
9321.192498591023,6968.734987306752,1.2
6024.897138783137,4126.750666237286,1.2
4783.761286365206,5329.742098645419,1.2
4109.842879437288,6084.719372214579,1.2
4219.993807127494,9607.762409559557,1.2
1517.106503440303,1295.52269292734,1.2
6286.194879865835,5466.083013564481,1.2
4191.699816987845,445.7933613537224,1.2
1148.952813134735,1201.9998494345352,1.2
2025.824851018787,3390.705085482265,1.2
8788.954949381596,4251.66203584644,1.2
2336.7420830753817,1876.667816958627,1.2
6081.00330415227,3583.8236923620148,1.2
3902.3364997316157,9124.749770655555,1.2
5829.5944002724345,3563.5770955488333,1.2
7288.124978502571,1139.5866664811638,1.2
5171.169801259848,6243.49962070677,1.2
8228.270304358388,6671.704746549617,1.2
3253.77541118959,2777.80225238673,1.2
3132.1713345188364,1982.6326744218447,1.2
3550.985492284746,7732.0224934912985,1.2
951.1982855265511,9956.516672293681,1.2
9833.354422511615,8708.174728473912,1.2
1637.6440610316622,385.1327241103819,1.2
9368.635594879832,4999.017170211984,1.2
4458.548735203172,8667.259475189494,1.2
3073.8284945655314,1039.5284398254512,1.2
5488.429726343605,4741.6830026437265,1.2
7464.668383795473,2349.772743893961,1.2
5458.62619279059,5296.901795144302,1.2
5107.016013098064,3229.938866933908,1.2
9722.347037880401,7245.581706144511,1.2
3160.3742394293354,642.0353236618048,1.2
1254.3415040740347,6580.279199730109,1.2
8065.207365916004,9807.334502089263,1.2
8772.011482819744,3380.4316966946426,1.2
5891.743224176022,2205.0309257788635,1.2
9855.836786040903,1433.3656715868292,1.2
5345.944046578349,3430.6798833267517,1.2
3531.409204404511,7817.516769711894,1.2
330.8766534076857,1298.642095398589,1.2
9068.995411580205,4235.537122035268,1.2
9789.353555668826,1704.150144901918,1.2
4159.319564149369,726.2570300098936,1.2
7621.557747895837,2368.3523635139904,1.2
2772.0088334861402,7026.951859208065,1.2
9308.178726109965,1336.8681546812577,1.2
550.4379602223486,9590.107524782772,1.2
379.27969657492565,7525.616912657113,1.2
1043.177564131078,1387.2356455656875,1.2
5890.347406160452,4356.771068824485,1.2
8872.527180983561,6799.05166450636,1.2
1553.1994360418555,564.7085773374572,1.2
4355.122649419766,2419.2768202108828,1.2
9909.273028371234,4339.729204792767,1.2
3810.573736781755,4166.722467040229,1.2
8764.638036998322,2085.622223762099,1.2
6861.481605925718,3290.208503528268,1.2
6359.045669890764,178.56220135507027,1.2
6598.127610447729,6035.854948606988,1.2
9510.536890078209,655.8858834676695,1.2
8909.841513208632,9538.723865096961,1.2
6217.019422214407,4541.892106726679,1.2
8436.404641012023,2874.0301094949305,1.2
4712.740362006985,5729.322760808699,1.2
5440.263175004111,9368.528937973442,1.2
8662.438575107315,6515.780997593022,1.2
7992.8087953024915,8529.879006974172,1.2
4081.7233188372425,2940.492202213164,1.2
3040.1828157870536,9018.0267366165,1.2
1863.4183973936879,3534.2812055643867,1.2
3589.014838883834,4831.443414114791,1.2
1933.7949310081171,4057.2011038638734,1.2
6458.516223082973,8470.588458402186,1.2
8065.836694245994,9770.44892882036,1.2
9312.768134956897,4828.703707560159,1.2
6799.004781766753,9441.379405559012,1.2
4035.604768232044,1867.0120927845535,1.2
7976.444977072907,5054.986247535059,1.2
8240.710041564706,7338.785458136914,1.2
8010.05551723181,9641.421711370576,1.2
3474.988137233099,1343.101589955371,1.2
9974.96927373877,8034.842211512496,1.2
876.4698750893873,3076.127277585333,1.2
4054.141691131068,969.0365284984725,1.2
3705.1211495154457,1616.5430572896355,1.2
3648.7462072392527,6661.943765264649,1.2
9548.96089843493,7886.689082189408,1.2
7340.14614395302,4182.0445228844665,1.2
8371.082789938622,7905.3224071684135,1.2
2562.303752517052,2668.0422139018524,1.2
9231.463947225855,1045.3386795869546,1.2
228.09128242531563,3185.113408820529,1.2
7272.713391330065,6598.4123742595,1.2
5603.84075959163,6039.115987578345,1.2
8777.528876013052,5457.529297434502,1.2
3630.865574413794,4578.175675198343,1.2
7267.414758828553,7525.550764568699,1.2
2628.7231163749216,6199.615171284704,1.2
9764.32276899227,630.5507272185051,1.2
6708.866742498971,6357.760778418903,1.2
8502.434861949589,7233.959928547464,1.2
5259.568386142946,7810.636287797136,1.2
3854.6896745722815,5254.480517314553,1.2
5027.482817492371,3456.60103598325,1.2
7364.148094091002,507.79875048490686,1.2
7618.47330390469,858.5429801101396,1.2
4015.1381430459687,3620.0166942644273,1.2
3320.251753103365,556.4973067034806,1.2
7711.773808083409,6458.481230860535,1.2
8183.966031137653,8424.43358571537,1.2
314.3591821773073,3171.9585809592445,1.2
2591.8372252368295,3885.0311463597486,1.2
5945.788210940272,9309.612717815056,1.2
6255.441927938866,1149.6528791518624,1.2
2358.4306680715827,4500.279299343471,1.2
5004.484320546707,2763.554289248731,1.2
2851.883255268093,1566.518204026497,1.2
555.0741667072346,316.517922890549,1.2
7789.114860477683,8510.359812498704,1.2
5089.876506182405,5177.3852671915065,1.2
1951.6834913683301,4022.4343536258857,1.2
9536.53090698807,6450.796399582572,1.2
7297.9647893213705,7434.817728767777,1.2
2693.760452152669,7896.220276971348,1.2
4567.954602545607,7983.288274902018,1.2
6416.544688212991,3033.572030056514,1.2
8141.802979114309,8493.907985377587,1.2
2853.9682742366335,3061.9739575284434,1.2
4281.551909743828,5958.355085974879,1.2
8407.502792723892,749.9622284098117,1.2
1721.1472109513682,5908.044795312591,1.2
5340.576167887428,1219.3860084911878,1.2
2554.7727827564017,1507.6192371072173,1.2
8117.309796738863,8139.440571007602,1.2
212.937590674126,1560.2675262156374,1.2
6071.725965694521,3239.5921842719777,1.2
3071.614781660029,4952.188715983815,1.2
8424.349748383978,5306.911441983954,1.2
4797.797565814228,6892.669301228071,1.2
970.9797452405467,1474.206080350936,1.2
4408.910429721735,232.30569087324793,1.2
8628.80815147771,9059.673589055375,1.2
5669.616087368579,1634.2610495214983,1.2
6839.8178100797095,2016.0799264350449,1.2
862.9635265872171,193.59422651632042,1.2
1688.9964484017262,8298.662472334541,1.2
9537.65186464899,1631.658251127518,1.2
8630.293474620787,195.95742927477343,1.2
3973.1714503416038,6192.443846166106,1.2
216.528005629979,8206.746842522749,1.2
8001.737797858093,9184.26232273071,1.2
6200.625495791576,1846.2651057338342,1.2
5516.686454541706,7680.4441396354205,1.2
5954.225940802139,4373.3215753187,1.2
7307.316837834403,2254.4029576959524,1.2
7614.682063485512,2790.603901409253,1.2
3297.8007920181285,3613.690941120374,1.2
6562.300478659368,6465.483959488783,1.2
4823.734163429229,9460.932170548947,1.2
8912.46276757288,7681.714072805409,1.2
888.0626551940107,7566.435846059153,1.2
8334.584362795433,7842.625343764277,1.2
443.96975656120884,7682.535407024381,1.2
1859.2169116037683,6514.979529854129,1.2
6543.060515196544,5379.599857601311,1.2
6182.513231146067,5375.234998185302,1.2
1866.153072938983,759.2509734167508,1.2
6045.486026565481,2278.9280329680105,1.2
2610.887995132456,8951.121046249073,1.2
3417.61254408439,8817.175522172924,1.2
5071.600778586205,8029.080364579745,1.2
8329.998127623241,8522.854738190705,1.2
4445.133540306164,3938.069051212635,1.2
3084.3233912391065,7173.8313979743025,1.2
5335.971333633218,976.6422547846554,1.2
2410.5219306828562,8698.058028931639,1.2
9493.332138120411,8413.254871836316,1.2
280.97820491729044,3716.142131872089,1.2
5231.087713657611,9583.778301547682,1.2
5111.8452089615075,2879.3653359274495,1.2
2196.7795603794384,4612.682508125592,1.2
7686.582556255003,8262.208032787268,1.2
9883.240956789354,726.5698202451565,1.2
9651.104347434168,4772.4853654883045,1.2
2993.6506003906325,3430.584743360919,1.2
3269.286005810931,2587.11722756495,1.2
5647.274741046868,2899.736790281209,1.2
8768.279188584096,9058.118239843237,1.2
667.0102141056656,4741.195994418653,1.2
8408.828011365698,2613.6989590225257,1.2
8121.973953621003,4687.815543371551,1.2
9210.682446581273,6823.215133210705,1.2
1305.4982916411618,4314.334139321637,1.2
2115.324329510766,4873.795259814371,1.2
2816.3779198231364,1126.485846831643,1.2
3400.7625101959547,9587.034953346738,1.2
9023.866217462877,7559.027186589948,1.2
2350.4681654253445,4723.574353251386,1.2
1241.4789989190056,704.9756960078213,1.2
1062.5679460472436,5480.504500076935,1.2
3123.675210403414,6491.73177643453,1.2
1869.2308415292734,4561.018346025253,1.2
3039.491881776911,264.6754345151037,1.2
8147.853356511324,9178.862664891465,1.2
3810.3357683262952,8729.168851783887,1.2
5237.516855562194,4135.769521932613,1.2
1527.25566284017,7824.616186791137,1.2
420.938536834351,1069.6730884549322,1.2
4462.183118435512,9056.443104049353,1.2
3006.1753816154237,75.86282304422154,1.2
4095.70942706487,316.08907352919437,1.2
8546.78424364982,8649.280682804667,1.2
106.7578360211352,5984.924278252744,1.2
3632.4049592455367,1706.4390333151891,1.2
6647.892302464568,8097.904528535084,1.2
7768.435861321291,4546.408034839902,1.2
5831.27426490343,9773.505309370048,1.2
5389.109418753851,9135.268937557777,1.2
3486.2424839660775,6501.841636007022,1.2
8781.630787554994,481.63208355954225,1.2
9335.167553171856,4623.650404738782,1.2
6959.603758668114,7012.493610456788,1.2
8858.703828337904,8536.355156472555,1.2
5901.884019457233,4937.265096523123,1.2
8963.157569209525,9631.762716500629,1.2
6251.366454093411,6248.3965874686655,1.2
9218.668979224873,6693.501912767249,1.2
3826.6840743995613,1109.276062026262,1.2
210.59907633108833,2189.6173832271024,1.2
8208.403535382913,3547.376399668061,1.2
5729.710927074984,8677.015360216148,1.2
439.62991986362886,2848.5664913426435,1.2
9269.00954676562,9752.304978057535,1.2
4380.5615596997295,692.6030812434536,1.2
4393.082737582686,1233.0294676970743,1.2
9816.33417845022,2652.685949281206,1.2
6928.883748838451,8000.097595859363,1.2
7683.590415083559,3292.0720316866505,1.2
4044.4243707135975,160.08523116944895,1.2
934.6489265793367,1707.6760246839174,1.2
6658.193770894878,1367.468270892883,1.2
5276.189775344835,5031.214011043643,1.2
773.4286041181904,1313.220463065884,1.2
9188.26483576126,5493.855749371665,1.2
7959.714591380827,5187.679695813501,1.2
9416.856104550718,4763.280838284595,1.2
4015.6553360385296,204.34669827704698,1.2
8050.701525563546,2743.1577083335947,1.2
7057.850965739981,7968.223617496866,1.2
3585.2996399592507,4262.948437688874,1.2
1286.2049820861498,7068.389048084687,1.2
5385.049728996051,7081.2927598122515,1.2
9272.676983659403,5226.996867105145,1.2
9371.771376207067,4764.494828247622,1.2
9598.994371384342,849.8355749620401,1.2
7899.286688400113,9726.656090277049,1.2
7781.397689109422,6486.7402642353545,1.2
2841.867651075328,1213.527965005975,1.2
4354.684932888553,3229.8008273008836,1.2
9133.417276379538,4755.149182660906,1.2
2891.0989795260157,3362.3721566921163,1.2
2090.3651846732664,9346.751266969117,1.2
2091.832800015787,2569.5934241231175,1.2
4118.567587448939,6692.8226168040865,1.2
1051.4112720557778,9123.304596479458,1.2
3990.458303277232,3930.0062766195574,1.2
1550.0491208462563,4373.0231226070755,1.2
4488.356304757709,2143.259066463701,1.2
2687.2655847706005,1181.673145659352,1.2
8853.265431502727,8120.052076498621,1.2
1071.6005522373528,6155.362102355656,1.2
9189.194568138333,1008.0365096811983,1.2
376.2231079924516,2655.399074606131,1.2
7738.137077959425,8442.301454102306,1.2
147.59622967374764,3605.818849154949,1.2
2683.122467724147,1466.0357919611556,1.2
6668.3562584005,1779.8269100916618,1.2
8655.693270631278,3590.1649165194503,1.2
1120.859459205734,4453.514352018062,1.2
4887.800495610743,8539.006618767184,1.2
1695.5849718721172,4735.595084955714,1.2
5860.334094826386,616.120785371822,1.2
4094.4258290236544,5164.286399418329,1.2
1290.1441129605828,286.2940786565271,1.2
5373.443985192934,4668.925688065432,1.2
4759.672170660857,240.55950349118893,1.2
3299.036088801823,9760.51493986616,1.2
4802.6668447879265,9408.345217585076,1.2
6124.817942144846,907.0511946599336,1.2
7702.120665248736,1447.1014563547612,1.2
7246.102515870556,9248.251750876676,1.2
9013.780866931298,4500.832599480247,1.2
6274.353920422075,4394.896677087572,1.2
2548.3710056839936,8981.76757951908,1.2
1882.1101810449204,196.86547962590618,1.2
3273.832587328616,8632.148290632247,1.2
2175.410368837943,4390.367283298553,1.2
1353.3891154014555,6476.25801399801,1.2
7363.772645366908,8775.299677502688,1.2
5681.804014138215,3254.3418704497053,1.2
2918.022586282094,209.11946431417027,1.2
7469.339250761658,3203.9393246355207,1.2
9434.746569550263,3255.8596233621706,1.2
6132.27481102263,3384.45451894691,1.2
4746.277127377719,8202.761950566568,1.2
4817.521793185789,8011.931981855412,1.2
9458.121030573124,1599.2346564908976,1.2
765.8409398285493,4029.971162564008,1.2
4873.177399758944,429.18221114936927,1.2
3487.057179859391,5611.720960546891,1.2
4017.8183357779717,4146.0140907268315,1.2
231.1331874871625,3180.286736572264,1.2
8764.981159804922,2222.6810355787798,1.2
9207.046989592494,5599.730452115831,1.2
1871.2366118103284,6706.130135825308,1.2
7475.3347270967115,5465.657041815553,1.2
1550.238099457928,6236.305971607102,1.2
8665.064891532269,9028.4772373762,1.2
1668.031925272454,3098.6857621603926,1.2
4227.807788196264,8389.788470606136,1.2
5163.108463929836,6386.383303588229,1.2
1177.9496228170105,9380.188910619234,1.2
9567.276194785061,5784.831319386359,1.2
4389.545788511378,7773.402117416088,1.2
4209.765673771429,3591.9148884626493,1.2
8420.458302347053,1150.2968149544645,1.2
867.6286488953743,7931.42282634388,1.2
6371.700750423742,7665.661776844491,1.2
8952.386782094029,404.97316377884454,1.2
9660.689824192059,5567.376616536918,1.2
2882.661357879912,9824.307868787242,1.2
1386.7259836354783,4895.875428459386,1.2
3684.3849903468927,6410.574002669361,1.2
3786.097867332617,3116.2039741686544,1.2
2470.5656992271643,5316.020848224281,1.2
2650.8039061332765,197.1222561014141,1.2
3545.8647462698323,9396.069888079943,1.2
1455.2915253710962,881.9445725389296,1.2
385.59394077905097,5439.571817316063,1.2
3116.9874277484987,7980.328882089276,1.2
3122.1733574995324,2640.7090891520756,1.2
8880.15413444521,6480.2106179404955,1.2
9250.334092497153,3431.5397892261344,1.2
2140.9832420687235,5264.393986760564,1.2
6098.994901602204,8487.737891831724,1.2
427.7141684157226,3139.5561184462495,1.2
5746.674518688687,8249.236622862827,1.2
6400.854759077297,4743.1706051059355,1.2
744.3734194492536,6039.892854989977,1.2
6313.369996082602,6186.542039359949,1.2
309.30526044697484,7250.04590075992,1.2
5849.598184550445,2755.60258012018,1.2
1951.8209576438906,7468.2668617381305,1.2
2863.8312103582684,6243.233505541212,1.2
9809.067769333862,8247.507657060814,1.2
7976.022159747547,7180.616722577804,1.2
6726.510814863109,9274.36920280925,1.2
5541.502300490359,9936.711324626747,1.2
1927.682662871083,1441.9770574257996,1.2
4762.658367685342,987.2662422605705,1.2
7115.8560618349875,8676.988198233637,1.2
7972.74012253435,8685.609991943518,1.2
2012.2269278560057,8218.815354538468,1.2
3545.4454171980865,9389.531414059633,1.2
5947.210500109977,517.0295189832564,1.2
409.1334372613087,9496.959230443617,1.2
634.6887941038904,2941.8157319949955,1.2
1980.9440736988172,3316.398622577019,1.2
7968.589190887134,4828.236484155931,1.2
1064.8396280919437,9419.250149819534,1.2
7499.55411789518,6518.335521554403,1.2
9165.434892770181,1575.4189176372824,1.2
1522.8574546732543,5951.735361930055,1.2
2380.644950963876,8777.380659895727,1.2
1344.6984895675573,7112.979041687657,1.2
9000.302815507846,4416.0504631530575,1.2
8029.474443766298,7755.6841137431375,1.2
1283.8913796331253,2312.965996638916,1.2
9449.712594052155,4008.1101253322495,1.2
4683.77994602628,6725.701368646949,1.2
5677.610631206301,4011.624348037909,1.2
7466.7572626133715,9991.15865395031,1.2
7219.051817390005,6260.603497907059,1.2
6761.107146951474,1754.552600848175,1.2
3990.3160011987725,4117.707728956913,1.2
3314.4000786499196,69.14638651441929,1.2
762.3269527854093,3984.8334811833365,1.2
1082.3036724337976,3190.3122907632287,1.2
6896.118918138344,7968.670675847698,1.2
3774.127645489238,3793.8125017330894,1.2
6635.50235598952,3023.757961615808,1.2
99.97349168476721,4012.3980863979737,1.2
2252.2309552934307,7869.113617059383,1.2
6555.913429323646,9106.072132310504,1.2
3868.735310488932,9518.773811334762,1.2
4325.254375245072,986.9803773710539,1.2
5627.997618911992,8005.869734449095,1.2
4473.393182732321,8830.804611224696,1.2
7810.859610106705,8042.246625927777,1.2
5841.369319052411,6511.726286484609,1.2
6093.214064944452,7713.784926716561,1.2
1277.4198905270462,3374.7235144534925,1.2
3526.463386378824,6268.851091551738,1.2
465.04947094361484,9316.727523862557,1.2
8698.903321852105,7589.074386240772,1.2
9432.583525183403,6253.145348019106,1.2
4664.94391836884,6553.29851879913,1.2
4890.565393740792,3665.8294549997286,1.2
8482.568566033566,7918.767840425116,1.2
1409.170637953373,58.291072932993295,1.2
1719.0282410571167,2951.820276703303,1.2
5654.683467662112,7590.184958175047,1.2
4291.23507750569,9574.225813234476,1.2
8657.217479342797,1625.1259864050971,1.2
3404.6612407362877,805.8308348538568,1.2
2007.6298693855854,9244.593408788875,1.2
6546.967657229629,2418.65078727721,1.2
8537.550184002985,3048.2541460239886,1.2
5662.393634927764,3338.6520137973407,1.2
3783.178317594843,9104.311239096423,1.2
5795.561053945544,1741.3784328762783,1.2
5007.916347921442,4537.250825471619,1.2
7647.2987603398615,3514.8510133667664,1.2
3048.6593676536254,4696.938255986623,1.2
1415.6025716124598,5416.020352797372,1.2
4876.095988752732,5692.1539186240225,1.2
6.170788309720621,6811.794247645964,1.2
4078.3439783097688,5695.692209239985,1.2
933.378526448514,3614.7638990526275,1.2
2563.43297094934,1753.2004929250122,1.2
2467.0958007975587,4568.0909095318775,1.2
5221.43465535743,3765.6273410930994,1.2
3266.097308267073,6662.55779956154,1.2
8077.485398417525,9977.413543314322,1.2
2902.594533366405,6966.029151419474,1.2
7428.786716674402,5898.328981404368,1.2
4451.803735939874,719.9583975584967,1.2
6337.412653979511,9983.305190053063,1.2
2265.3528622033127,6260.619202921598,1.2
4947.481952124736,6404.597024443643,1.2
9427.541364609844,5873.951860656097,1.2
374.4697313909884,9636.088564685937,1.2
6532.295953673018,5071.755802623982,1.2
632.8001821621265,516.9476455654365,1.2
7850.617144292794,650.7231910080624,1.2
7050.014091493134,2379.422401327954,1.2
5245.5100675298545,4363.726228784095,1.2
1018.666805401004,444.5709758209104,1.2
6140.36196950828,6800.916396021812,1.2
9935.767528005015,8064.794307600547,1.2
7902.527390784131,1984.7481575839765,1.2
1870.722966596099,2250.132365151486,1.2
1764.5351181234969,2991.2022298490715,1.2
8697.121984712234,3337.197248250231,1.2
6003.504925662581,4513.262641434296,1.2
6907.344329791522,8478.430122932574,1.2
1239.7464553974492,5810.196792514829,1.2
7838.689071782939,4982.841530068602,1.2
6544.647795586157,598.5872118626401,1.2
1759.6830443958368,5158.290198029354,1.2
9955.456389408222,6517.828073906563,1.2
6618.619657886304,3770.108227333303,1.2
1873.2785880066117,407.6395587507753,1.2
9578.733747820897,7427.028560103347,1.2
5653.253862305365,6622.122962821701,1.2
2392.1430757383387,1451.5984150919337,1.2
3924.7508683395017,3966.4478300921114,1.2
6554.687417305481,9858.711602825599,1.2
3527.1224296912774,3299.5782458722188,1.2
7341.247522771877,9201.026953411658,1.2
571.5513821602947,2085.6517850603896,1.2
6961.475829673849,4861.1427863392455,1.2
6562.1813497786,4268.146530189199,1.2
1553.4872966007918,2871.7754735541057,1.2
6601.528736373387,3614.019706904609,1.2
2429.707603125857,166.60833670009367,1.2
1415.6458867573651,8206.557351423031,1.2
4328.559726691818,133.89506527676454,1.2
646.3153634905327,7359.8776031294165,1.2
1920.6118500034286,5724.259334473643,1.2
6690.10025952944,9375.959696224316,1.2
514.8580416761395,237.5906210760581,1.2
2401.808782507042,5150.041203163524,1.2
7436.371890976477,5716.8350489496515,1.2
2875.61135018787,6650.728814670918,1.2
6461.267839697371,6972.960988228344,1.2
4244.44123153924,2755.4131275386453,1.2
4843.851290277771,4031.1103803150504,1.2
3663.6744721531513,1568.563998450907,1.2
5781.4100585840215,2281.986512995673,1.2
127.81660338630596,4976.501907558652,1.2
1865.1951802723188,6644.081829246586,1.2
2471.3101824076743,3641.5791346099268,1.2
1408.241316255636,8254.215813825685,1.2
5492.236006062055,6273.736229760331,1.2
8973.87102080996,3167.3694840498247,1.2
3963.6823226862693,3733.4689838394584,1.2
9479.256430549689,3606.358372704127,1.2
7903.657795906347,65.10347737832434,1.2
3452.2609466068043,6486.729068409277,1.2
5061.145787250991,4337.907815692092,1.2
8149.302016132295,7175.530745198406,1.2
9228.170216358127,5918.636705106897,1.2
8638.60774666207,9043.480366556523,1.2
1046.745657443655,8823.940678344139,1.2
8430.09376764748,3191.9752081324073,1.2
7519.391824472708,3957.6254284161105,1.2
9197.909396189913,9118.964794864787,1.2
7467.794588736936,3846.234323085963,1.2
2182.2111293499624,4110.914004260492,1.2
4123.770591493841,3801.1026956079154,1.2
7165.935993362214,9595.469087771593,1.2
9278.059807957401,9539.836612165214,1.2
2665.640569901477,5645.407506722902,1.2
7444.007015633606,4013.8523901284916,1.2
3799.1655497767674,847.7089879908694,1.2
6896.353743179517,2327.897311117304,1.2
1061.2967841537213,8809.762366662382,1.2
6494.720258777499,8360.19666129932,1.2
255.21797412805026,6090.4731712831335,1.2
8033.052147662206,2044.1204032342264,1.2
4710.11705358312,4057.541891628338,1.2
7428.440647463344,7165.263191485773,1.2
5972.275470339487,9153.126032257816,1.2
3550.7575374489784,4746.560982476995,1.2
6475.148054228186,7970.871252695686,1.2
6374.966853760332,9693.818954946544,1.2
879.0593675083735,6275.9656362381365,1.2
5884.385726539408,7887.345185514609,1.2
9937.760965437528,6463.975451970723,1.2
4865.4979029546375,7795.8102679444655,1.2
8503.883747720482,2568.7060548938334,1.2
9036.712755274535,8176.572874270393,1.2
654.7627650117694,5602.6615869882,1.2
3512.080668581463,6007.741016252778,1.2
7249.798735442764,974.7372302004131,1.2
4009.228486981844,2123.176719200898,1.2
585.4037939354995,5576.666533448656,1.2
298.9072533801196,4121.125064675961,1.2
2383.7534408809993,3465.9234136903983,1.2
9194.555758684679,6181.68478820555,1.2
6927.20707190412,5540.385432063658,1.2
7162.383502714138,2936.3937318515254,1.2
4150.781607455886,3739.987716828592,1.2
174.8319946113097,8647.732883743522,1.2
5868.550986385479,7810.596212304646,1.2
8130.71751056119,2616.2228203323866,1.2
4614.205208086517,6297.767785383225,1.2
9152.767448773882,844.4393148620455,1.2
431.092437133872,3628.5613328452314,1.2
6457.109320342439,9088.883868280376,1.2
9679.602950724136,4791.213397190814,1.2
4039.7398173647794,939.2429356063881,1.2
4455.861395645543,1508.0057947765945,1.2
1240.5552645862306,8451.437100169594,1.2
106.50863566202817,9578.014623998411,1.2
2090.0528222567227,239.87688107252936,1.2
1778.920166021074,5419.9175294529505,1.2
2161.8042200024247,5549.149230882325,1.2
1648.5290047614542,5908.7363199531665,1.2
5819.308633902397,353.8825134305956,1.2
1988.4204535611373,2955.490328998276,1.2
5582.75027520315,4441.004695332474,1.2
2120.960325909018,626.7485193402078,1.2
9570.496397295145,4807.307023185465,1.2
9002.570094309789,7953.20515179548,1.2
2307.503387282399,1322.3497411758,1.2
8872.059651170162,6003.897407677447,1.2
7697.489823793694,7449.049946010562,1.2
9701.058756306682,8072.3614867306915,1.2
4818.730347541738,4080.0884414809425,1.2
2034.897074765678,1064.6036149754923,1.2
43.08494606633073,8598.896679217505,1.2
773.466559502003,1860.340920372664,1.2
6620.50348914277,5625.847659106973,1.2
1057.3206496527332,3294.0326441793854,1.2
9085.299566858652,2872.1145856460716,1.2
313.9290968586872,5783.6416068483595,1.2
6539.247227071211,1228.0207583311865,1.2
4141.0768338292855,247.20308079256293,1.2
254.65165941043088,7712.60903252429,1.2
1091.3631593560435,7340.601397047535,1.2
957.3693914836313,1383.1985201273844,1.2
5492.111074755674,8508.523687250443,1.2
9077.263339078385,936.167906559413,1.2
1369.6059148603701,1839.9336535076604,1.2
8025.545901885638,5120.126597781003,1.2
9393.501522257024,2128.7694619257004,1.2
5639.917414630816,626.7942485647737,1.2
474.91712650650885,6151.259197232156,1.2
4567.647243292554,6202.67074524399,1.2
75.34263317552026,9928.093626409687,1.2
7004.228684318162,6811.688861475033,1.2
101.80968138602364,1739.4571904989464,1.2
1468.1179800622235,5576.600225536962,1.2
1231.793129239427,763.378944385128,1.2
8661.662794464128,8050.040388016717,1.2
2407.695476751381,5237.782535446806,1.2
7440.50860045119,9508.567234124916,1.2
1235.6328069793722,3816.1758706438654,1.2
2125.011756985088,1324.2315111922044,1.2
8344.585609421156,6925.0239447774475,1.2
8171.40980544878,1565.0736424030242,1.2
5549.900215743252,2860.3987933199514,1.2
2325.1191616641363,4677.701920012593,1.2
7262.096256702448,210.057920673421,1.2
7065.505595492186,9739.582800585651,1.2
4966.273390943166,4088.93035696114,1.2
970.561903728957,2673.09404123254,1.2
1319.79654781764,4822.48896269868,1.2
7387.24532816236,3701.945671858539,1.2
8568.949143441223,2435.4981162686886,1.2
1217.5389784466684,5605.644698508504,1.2
8503.100500162958,3514.3099951917666,1.2
7567.105907393951,2769.5336219801693,1.2
2662.782882112714,8679.120740917753,1.2
4167.098655229823,8149.349638526023,1.2
2235.6029382185484,3590.003326915121,1.2
3093.8365108337052,5547.70022748848,1.2
3971.8834850929575,8761.607307372846,1.2
905.7726102722607,8470.26707128457,1.2
84.37097315420084,8841.559458170852,1.2
6346.485616240894,6445.718963264015,1.2
484.2200469947444,5430.344050947448,1.2
3449.383989849856,4326.936614019425,1.2
8945.72045792341,8974.46177473427,1.2
9225.346521290165,9880.43217121504,1.2
1448.5039672511746,914.9509044563287,1.2
2632.2902749577847,2155.2184059953083,1.2
3586.4835105433012,5311.9485663652285,1.2
9515.913979098828,7615.549575283339,1.2
7547.894901292869,7784.092366335731,1.2
4400.531659398035,656.6004191734343,1.2
8496.945999693613,6036.572250922613,1.2
8093.328177134157,7499.421580508671,1.2
4590.248474738136,628.2424133007181,1.2
2801.7817212701048,8478.279066246572,1.2
3140.1084023992476,8252.814632693284,1.2
4489.498093300837,6125.79407160818,1.2
5132.080059801654,8287.102616720025,1.2
7173.862262321837,3743.787577849683,1.2
9324.574405395151,6670.45018259349,1.2
5590.269245672168,4098.182739623647,1.2
943.5490231350441,7973.271208342982,1.2
3824.835737505741,7566.241525183823,1.2
7956.734926884368,7414.371092837588,1.2
9763.42028442659,3057.1908694512763,1.2
2028.6621504140546,1165.304222484108,1.2
327.5189962501757,2164.838543165839,1.2
8680.297613932436,9283.918383067152,1.2
4596.9998457965685,6114.07323166038,1.2
7208.984745027098,5958.490393459438,1.2
869.849462738278,4245.194465441033,1.2
8909.890794144369,9483.668297224893,1.2
4564.777651236587,3917.6978454224222,1.2
3682.46468433276,197.56890114758008,1.2
4249.6304049590535,699.5071741729897,1.2
7516.131587742619,6757.949489133181,1.2
5618.844346936041,6660.1842599963675,1.2
6899.843997482797,9000.829605118692,1.2
4141.298258037179,5572.83642661996,1.2
170.62841195457645,5129.432084237076,1.2
3822.198819238024,5825.824865450692,1.2
575.0999994496652,401.99654678593436,1.2
8113.394548675736,2951.1978527405704,1.2
1696.4340476485218,7269.306871456381,1.2
3319.0916955442153,4376.647451869721,1.2
6546.015163155351,5714.946916897206,1.2
7955.651105041837,2393.1408345274485,1.2
7218.672671475749,1306.0812513328756,1.2
3426.423172691291,3461.5927987514683,1.2
7641.8671828256865,6936.362923285781,1.2
4180.744875404083,732.7638918222723,1.2
2404.5090060087414,6066.3159204598205,1.2
7877.4729412417555,8431.063673696024,1.2
6888.90194782118,9190.295167598502,1.2
1817.0148984942325,2065.037630238149,1.2
5623.885990308751,5445.840175574505,1.2
2695.8216865500895,272.9629865168681,1.2
2013.3220611492652,6500.690543780506,1.2
768.3562991470594,8307.269296586452,1.2
214.8340247242686,2623.2402177592508,1.2
9984.082293320014,2748.923036409382,1.2
2358.7711793156986,7656.917277463467,1.2
4781.480832623546,3180.2184060029294,1.2
9989.949213724374,1683.3332242934807,1.2
8869.197882595781,20.04314105199745,1.2
5346.310130748298,1457.4261085093087,1.2
3249.65619929633,9303.743328241082,1.2
5874.327799073876,1016.5522309833009,1.2
3562.731260408126,7882.947093017086,1.2
4278.984914664783,1504.3547930044954,1.2
498.7233463940266,6757.487545376502,1.2
8052.394766007328,559.0500589328484,1.2
981.8083903329689,6313.567921418474,1.2
4868.0701238485135,972.6645073482143,1.2
3570.961697511008,7484.07684395811,1.2
4828.217593283126,1360.9050372280374,1.2
191.99103708661957,5749.594714408504,1.2
598.7789703404455,6053.227793667918,1.2
9029.586010422085,9041.571326562253,1.2
7298.547308067355,5705.398977387181,1.2
3596.9112365097635,411.7131275750341,1.2
5847.2936058722635,3361.561963400601,1.2
3627.866921947885,6605.458038735176,1.2
1383.7423944164484,6267.984026155889,1.2
1497.3703746230483,1038.2634473890962,1.2
903.0032202894778,2752.7513482581935,1.2
7399.264095668215,390.42351480209845,1.2
962.1294526887103,4834.631379963846,1.2
2207.7106417429904,2299.7499701327306,1.2
3455.389107786858,6371.647317853543,1.2
2765.4239081014275,8735.000118244572,1.2
5476.150391136144,3288.089144055594,1.2
223.51681328884098,9371.229624051484,1.2
5171.345829346946,4231.26046938343,1.2
5738.010004188454,2595.2205652187477,1.2
9583.207012851974,1680.0318458621443,1.2
807.217445112054,6942.003339720924,1.2
1174.4080022108926,5336.4689931346775,1.2
3985.1637741216973,1934.90622238099,1.2
5096.76835641023,5317.958121215594,1.2
1101.8093002767405,1466.9304909179225,1.2
8954.158466664972,5194.858191607625,1.2
3089.175994482477,7900.218991685949,1.2
8343.868894838532,9070.26973523638,1.2
6094.144990597764,5163.574019382615,1.2
8750.65635577145,9804.829200970013,1.2
4027.7392266305587,7979.380211530815,1.2
5962.144751183811,9828.778011460416,1.2
6764.68526863554,5103.188242969684,1.2
9657.743939258069,1396.1746846680346,1.2
7429.541360034474,1733.6895055490031,1.2
474.4553429751308,6734.565842228253,1.2
7629.336428805388,4393.467443037411,1.2
5446.086704978112,9594.812200229515,1.2
1834.5942771059442,8480.107910558154,1.2
8797.522698342751,3105.6053962490005,1.2
9834.615564299198,1378.2313709542339,1.2
7670.620830687678,9095.242123532369,1.2
6931.8016874822,3508.508062770318,1.2
1648.2255638843424,801.0411468938528,1.2
3631.5025561385537,5581.326741388832,1.2
9360.674541348737,8417.4224814888,1.2
1460.7816179235656,5319.078134696736,1.2
3977.6640194136126,8910.961042866837,1.2
4665.051040720923,2485.92710592898,1.2
9353.412867884996,8416.39117142138,1.2
5637.330053005838,4151.114727617199,1.2
5465.814891941396,340.9976574368345,1.2
3673.9556048267195,7323.3114057598505,1.2
9129.941609632011,5596.858095670976,1.2
1461.5860928800107,9142.195141872919,1.2
423.2281868085164,2151.1360570680818,1.2
5590.254761001422,1554.193583200697,1.2
2933.867006127019,8804.485785388268,1.2
4824.921061608983,5037.0676614695085,1.2
1951.6574482153858,7343.026935387982,1.2
738.2770720062248,5704.058000337581,1.2
6351.209492360072,2381.018664814437,1.2
4951.001228581115,7900.939023234375,1.2
7987.753504885853,8296.456841948246,1.2
1165.1116261922123,1129.9195821671703,1.2
3763.7958782117576,1129.4171015903253,1.2
5946.404665997685,5365.658699279247,1.2
3414.110888143783,7163.219307122152,1.2
9260.795667277293,5888.335685117868,1.2
1573.6726504123399,682.7204414347643,1.2
5539.689789318573,9615.738643093837,1.2
7745.368280699959,1117.7740576844685,1.2
905.8473522352228,6708.151153843381,1.2
1989.204072037687,5637.272244259657,1.2
2102.1297576924703,7861.578727555737,1.2
5535.916674511929,4109.1927516157275,1.2
5784.608462257564,9740.713216028416,1.2
217.765669322596,7375.2346344320895,1.2
7325.574535342326,6309.372894111729,1.2
7940.066040495706,8603.117190719382,1.2
560.7865078215934,373.27503275144005,1.2
2839.746920402442,5800.509017024221,1.2
7755.724410562481,7080.904678869935,1.2
3818.533182538204,9146.861209472736,1.2
8136.6124002283905,9117.061401841705,1.2
3864.6763991728208,359.322012415082,1.2
4653.309732253796,8510.013648316617,1.2
9931.992396888849,3598.8389270947705,1.2
4824.852877961722,4288.159403810803,1.2
3510.545209986595,56.95857772375801,1.2
360.5252379854973,4050.5286362700967,1.2
3064.7853732462427,9898.95301409917,1.2
826.1655644258769,5649.111425161767,1.2
7986.04830537449,9017.376014286563,1.2
4412.83593675495,8862.150474645781,1.2
2544.091056717148,5667.348666742402,1.2
9913.12042100099,9071.156784044735,1.2
9712.370837859324,2486.857006611267,1.2
3316.186179316246,9119.350206623307,1.2
4827.839632361854,1495.3564767933335,1.2
6266.920617051175,9480.993518772837,1.2
7725.541154368234,4235.501265231831,1.2
5300.000550603603,1484.7917260429422,1.2
2992.413881647522,9431.969733231728,1.2
729.9775419181465,6212.487754440003,1.2
7631.226388511944,5556.32427944129,1.2
991.5017889975663,7090.667512945461,1.2
9423.779445587375,707.4789201486409,1.2
6620.111319274952,7358.263295526675,1.2
1901.3439225868278,3467.7308459714127,1.2
8632.173713321372,4150.520422247065,1.2
3004.9660417644964,6083.093542277186,1.2
7270.689564223309,7827.709894378687,1.2
190.37377037885216,1319.4863717264682,1.2
1529.2454870433414,6455.89028180103,1.2
398.76502871395326,2855.2498167591157,1.2
9644.283833931084,8292.396101443073,1.2
9083.206593804998,8560.505106060013,1.2
7765.414488237617,1355.8085756284765,1.2
8572.151185639872,2321.2964922991996,1.2
2440.7686194132016,5492.534878097985,1.2
868.1713146686599,9194.945736005504,1.2
7154.63372657149,2206.0738172054607,1.2
1536.2908420978915,4427.365082880134,1.2
936.2220311401726,6232.928556716605,1.2
9750.03340855768,7961.07633065345,1.2
7386.574447516042,3675.763574623435,1.2
6194.75890202782,1314.0911702596713,1.2
6670.618360982035,5124.0808890475855,1.2
3274.4820026565126,699.4617095561562,1.2
4200.641227627716,702.6666570456952,1.2
5020.965117673501,855.1843565237971,1.2
5836.242244300246,895.3332970506744,1.2
7618.577840823352,9265.966924640816,1.2
3339.682988043731,3012.6131607061825,1.2
6434.567434960855,303.6304188242889,1.2
6860.504837690692,2389.389073085122,1.2
7905.1069108447155,4890.492825482778,1.2
265.9604116559711,8192.222363918003,1.2
6401.358702558916,4618.759159482293,1.2
8714.939836017518,3211.148892849771,1.2
2490.430915157489,8695.57782422741,1.2
7580.758646498177,5780.090271229388,1.2
3130.769356316798,6378.67242926762,1.2
9372.373574883975,7721.310709939916,1.2
428.6544835226391,2104.814116709872,1.2
4408.672034298044,9249.648405103042,1.2
9127.222899351977,9914.993041256332,1.2
4550.039189267788,9632.511863097014,1.2
5079.343407037916,9919.136441012577,1.2
849.0795479470015,3817.173951783274,1.2
4263.497910655377,5131.237740633032,1.2
7457.169596938721,5926.1219081803265,1.2
8670.813956107902,8531.82197066907,1.2
3236.6582690067057,346.25884798714424,1.2
1040.7439731328827,1134.1560457215105,1.2
8021.08046853447,1516.5531225822326,1.2
3948.3194918011777,6658.053888015895,1.2
6277.680882341897,4441.908509848303,1.2
359.88543599700716,3802.350899532496,1.2
2999.0785002153543,7770.012588401149,1.2
476.5321960403324,3447.8205539797145,1.2
3722.1107780612515,6851.168385379094,1.2
2624.1519642819712,1150.9774826188423,1.2
9905.26206412686,5122.276627874782,1.2
3951.4534810306036,8923.13478176337,1.2
3075.392625990663,4789.307293976743,1.2
2211.0113634770446,5743.569342921022,1.2
4940.250249863873,7261.2396187936,1.2
578.7518962294125,5307.062812082668,1.2
2897.0004072785505,737.1064158665874,1.2
2349.503906252776,7623.856920853957,1.2
9634.304149536289,4054.2867711672848,1.2
6156.738730774998,3308.7437844431047,1.2
8625.839693020418,5571.225893315182,1.2
900.8525620004305,9898.306991158846,1.2
1489.8890157990509,816.7410472756775,1.2
6725.749636852829,2728.606031116144,1.2
9789.919248124339,6723.142280701561,1.2
232.23505118294742,4493.190656238881,1.2
9077.156911757687,7812.745500919364,1.2
580.5131621625281,3801.1544140716937,1.2
7556.6543428192845,3451.5911237600494,1.2
646.0287808982567,4222.817962850661,1.2
2557.334238083524,5145.7643430374665,1.2
1696.077644664009,2133.443104153089,1.2
1951.2729674487107,2084.908955111664,1.2
1065.5685109030467,4583.567100565779,1.2
5207.896003888604,4600.8894429983375,1.2
62.46276335343693,6403.752127062255,1.2
7906.050964415999,1804.7041035759514,1.2
1387.1092401312092,9601.405373457244,1.2
1071.4519514849808,4411.590281830172,1.2
4296.01163602524,8355.972021657559,1.2
2189.728773753462,8598.319972345042,1.2
8358.517290630438,2503.5909552676417,1.2
58.74720050239368,705.117224996984,1.2
1483.2289514338959,7532.1997539729155,1.2
6983.438425398526,914.7053667436844,1.2
1476.0990474687974,2929.6855491679353,1.2
8707.845362066597,5050.392328038068,1.2
5139.862168749165,9122.933358046452,1.2
4248.002562289217,4857.1170172960565,1.2
189.6837827374731,7871.543195143164,1.2
4943.25926147181,2395.275407185895,1.2
9466.241288576692,5560.171038447075,1.2
3458.034276780333,3765.4502894397347,1.2
4073.2889294799734,1050.7453099872967,1.2
8289.264308048581,9754.75585420848,1.2
7140.15396668201,9241.718698521563,1.2
4865.717713021802,9483.864205304702,1.2
2327.4440122166598,538.7155618286998,1.2
6719.964890051465,6614.964262922128,1.2
5786.546824525314,8112.175236920487,1.2
4483.85693659916,5437.331631457088,1.2
5765.129545869832,9975.104153976683,1.2
3110.9721172394857,846.3038941584489,1.2
6520.713615084167,9167.966653736361,1.2
909.5060145023292,7644.701822092691,1.2
3672.5157675142104,5785.29315549725,1.2
5721.71186633107,5653.06836721654,1.2
8107.133531462104,1129.173230188456,1.2
4665.8338052948775,1370.3250028968862,1.2
6242.915820414272,8195.753764425588,1.2
5576.676270906764,5020.277665044638,1.2
3322.5550703369768,461.17789035871715,1.2
1372.1504476428504,9137.726771348032,1.2
9041.420280279666,8363.730323890897,1.2
2287.696226683339,3500.531819255107,1.2
2123.9563995083868,5776.678182122075,1.2
1777.8377931852285,8686.831197531794,1.2
6552.608624103822,8707.488357244634,1.2
510.39348775481994,7874.033762030858,1.2
914.7953804540188,7447.405516348798,1.2
7018.556274828837,79.68325962003587,1.2
7250.349716498598,2060.3954295693184,1.2
5156.860620715534,2725.740073570639,1.2
6590.685863210902,2906.0183279428607,1.2
3105.054142136142,1658.820609320687,1.2
787.7940377718029,1030.5849433044812,1.2
7148.361328914571,5895.82821907496,1.2
7234.991692640259,885.2149416340071,1.2
231.90708043028252,9468.95681734879,1.2
1229.4007147336927,986.5047876739242,1.2
4488.37582581218,9721.03173229603,1.2
3188.9246248048353,2529.4803315521663,1.2
4864.262636583516,3391.9652107671063,1.2
76.11268721885666,6736.772673667072,1.2
4191.221796538875,2733.162242067758,1.2
4300.780978596026,261.95757552809454,1.2
7875.8657336601045,5873.9463220616235,1.2
2398.518836976665,8216.165585375922,1.2
2069.4776650990866,2495.9860587300254,1.2
835.1630936716758,4858.646840802257,1.2
131.3154570603836,2146.0510320838057,1.2
6646.3353427796255,8052.6794251970705,1.2
3363.2202894688144,2878.8306281811538,1.2
9427.043654049812,5881.059219550583,1.2
5950.940507642171,2130.480232948523,1.2
3518.313298117569,5547.801674260091,1.2
7837.215837689977,4059.012929437659,1.2
8478.05200057915,1945.772408926133,1.2
1260.9178774593377,440.34455694352715,1.2
8475.517039531147,9510.704199905713,1.2
1753.2593454932055,5613.909851724287,1.2
9787.395404553396,8019.591558144803,1.2
1437.9433113310647,519.5230009246743,1.2
1122.1857325441476,4808.646574069971,1.2
5735.281613314562,4165.146804707561,1.2
9980.149549196052,4633.092623307479,1.2
12.575591068988423,5100.859168795272,1.2
789.2143198425639,35.08743631544964,1.2
26.98103673121399,3857.0525828981927,1.2
710.2711783699556,1855.2794467388978,1.2
3387.9570665512183,3393.2943270884007,1.2
3169.939930100596,5998.250741977597,1.2
5272.723877790148,8604.315856979318,1.2
3016.4696909022437,4889.036402726004,1.2
7098.626517393731,5882.363038711397,1.2
2406.174499667685,2271.264026506713,1.2
1512.8702188305242,9362.821034507793,1.2
9985.991824731711,9882.681292468384,1.2
8767.61464782191,5895.40281167286,1.2
768.8889490117889,7931.626540475401,1.2
2844.911540696632,147.08858037089655,1.2
1162.4815208835803,2739.5334969700834,1.2
8211.811819651804,6913.184731357668,1.2
1040.2838071011745,6621.960378335609,1.2
1291.9469623477742,1333.3914790258395,1.2
648.6304518465935,5510.3464845007775,1.2
7048.639478104102,4616.473636714666,1.2
4813.736081169523,7934.2507699947455,1.2
6680.794870161484,6666.439354915222,1.2
3168.898552118875,7498.525200112449,1.2
5262.279952265122,326.5474409649594,1.2
798.8421612929109,9105.639436571175,1.2
4745.274210954963,6420.8636977817605,1.2
9994.250158686229,1457.5394528320985,1.2
8898.636140256265,5990.780028056699,1.2
5177.2459800078905,9525.359066995297,1.2
6853.995274331172,3406.4873589996682,1.2
7340.439149611526,5731.474712914573,1.2
6514.771289971352,1537.0493157639519,1.2
4527.904171694617,3782.642242299501,1.2
5492.228325803065,9140.421929598153,1.2
8386.831734362222,3374.4590923389474,1.2
8059.022911248569,6446.436666026711,1.2
3684.284614528485,8524.351747421348,1.2
8246.122557020577,1915.2236283657453,1.2
5859.874235951963,1971.5446390809843,1.2
227.71316890988325,4645.533158574717,1.2
673.0433569380889,2539.8167776302184,1.2
2483.9923845655767,2573.0071783417397,1.2
9284.049009115946,1721.7920000454158,1.2
9217.020810906215,1212.6622209399595,1.2
7894.277170436999,9251.506037374551,1.2
7586.03001191731,814.2330577221535,1.2
4459.510923115894,4518.80845040698,1.2
3031.8892289054797,6428.26907793885,1.2
334.1544123265339,8114.792194817897,1.2
6124.342474762478,1232.1892715549277,1.2
6179.124312148739,3460.7647866500347,1.2
7731.6355342247425,4496.8952638628025,1.2
2093.938740460163,165.83433929990954,1.2
1581.2481975102633,487.8220273852452,1.2
7256.189070526842,9179.976840030076,1.2
6239.914204224421,4668.662772254151,1.2
840.2281180524917,1371.0858058912568,1.2
5217.54223084793,4038.457062686642,1.2
8766.625396814625,3486.229887616729,1.2
72.59348043409442,8644.593379519254,1.2
3441.8071448194796,47.40380440657055,1.2
5611.595491388572,2586.2763551359603,1.2
7630.651907056283,78.19346917910086,1.2
3124.9233015915624,2019.4673301104526,1.2
7678.755460694427,5859.450543619855,1.2
2574.027540196642,3222.0403882505775,1.2
1101.9231627314207,2157.5119694872246,1.2
8216.79864038469,6227.30845754221,1.2
6064.803891762859,2433.6824666639677,1.2
5794.18097902411,6123.955025974349,1.2
331.9178729333094,8842.506177923528,1.2
9156.830574551172,8332.91543572351,1.2
7584.13009869892,6421.7863176280125,1.2
6090.419938514798,3277.215953493937,1.2
3036.638962067595,5882.303017654822,1.2
6638.464370309785,2653.564432532175,1.2
4261.807262929441,6982.000080033979,1.2
8368.657386304316,4702.284278509345,1.2
2677.711113364959,304.44145984481975,1.2
4205.893262987103,7718.201525329472,1.2
5513.249865682816,6980.603474604238,1.2
1265.8080305106546,9560.84846042161,1.2
5912.737428905729,5646.631941916638,1.2
6021.011240974681,3452.1414084129774,1.2
1469.9309594977028,928.9063894973915,1.2
7829.9498776469,5247.16776323049,1.2
289.47758166749213,1232.8934292336824,1.2
8247.797783979235,9184.990110655132,1.2
4761.330871576112,2634.1171637415396,1.2
7171.3115727534605,1711.3231195700519,1.2
6664.810443525874,7927.374118067037,1.2
3959.006920596877,2932.248034986339,1.2
7272.013118748299,8627.179291896611,1.2
1558.2828009202187,2720.832851437093,1.2
4708.660988943898,6245.971885237906,1.2
620.88137346609,3226.9314523965086,1.2
2106.459397570711,6338.563079273515,1.2
6960.951355927546,3604.3986928102468,1.2
938.6003761061068,8751.699034718267,1.2
8884.498360266723,9352.717029030819,1.2
9429.594504403056,7540.054160055368,1.2
7347.199101697792,8563.555512860492,1.2
8444.636231962164,5862.774123987294,1.2
5324.696115317048,6340.119032553488,1.2
5309.262980110999,3075.9303155851503,1.2
5764.40257147448,3267.8802649221216,1.2
7940.2071327766,884.6570257710207,1.2
571.4401155769011,9682.198454029573,1.2
4481.874226241938,9674.84987615598,1.2
7685.182040943864,9929.35445078572,1.2
8557.230403039126,5867.768731481059,1.2
9478.425739312715,1445.605284321465,1.2
6972.057259218409,8119.736986248137,1.2
4609.767576812519,1738.313078059478,1.2
5961.264920523697,304.3530802708427,1.2
7296.825422830264,2540.4627254736247,1.2
4364.042963240776,7926.579679302521,1.2
1639.5338819827643,1817.0656598641488,1.2
751.7367995947866,3642.8402145040386,1.2
7180.210986410576,5649.1041860128835,1.2
3867.297143902425,5629.30276479451,1.2
9349.263880944014,596.5557225308427,1.2
112.50256218795052,9684.853305359127,1.2
5772.339539772862,4241.210402929954,1.2
8959.45912176832,7730.48795214879,1.2
2216.358080891323,1530.3960479109635,1.2
3313.3334558118,6305.834240759611,1.2
4975.855323186168,2669.119685296605,1.2
3464.9387151097253,7690.4649732636235,1.2
5864.157757400013,8707.15908996439,1.2
4386.985323845735,4687.170744131811,1.2
519.4349391504916,771.671148155545,1.2
4545.31247421226,7124.792392447917,1.2
1068.8830852251917,5462.5945954868375,1.2
7260.173875153971,4093.02820766162,1.2
6908.567732443511,1907.5803954902503,1.2
550.967928019127,2205.080788491706,1.2
8446.260349774046,3702.9671855565316,1.2
5305.989666181301,4466.293019041633,1.2
2305.582819074259,8107.1436575723255,1.2
3343.107374953864,3109.4638142674034,1.2
5419.019677355075,4259.081631335194,1.2
7500.132901407928,9442.446943121822,1.2
864.7243334414001,3685.466215228097,1.2
9223.219147847485,8195.3921190944,1.2
1360.7916456441992,9044.07987005885,1.2
7479.696821726904,7419.087574577264,1.2
402.7685278766635,3042.312220940987,1.2
5410.135916214856,9801.641451018917,1.2
716.533560489353,1107.162807717008,1.2
9195.237030155218,407.4001701828778,1.2
6987.9053589985715,2895.979596456707,1.2
2161.810416529518,4702.5611183839665,1.2
4292.4232924755015,914.4925068078313,1.2
1995.8282688199924,6032.702467555071,1.2
8715.752028904823,6031.5466494590255,1.2
8080.9330062912195,2888.888420993008,1.2
4297.182439484718,6912.362095516984,1.2
8034.904845589069,1175.6535687334224,1.2
3299.0987970527076,5284.670174029242,1.2
9754.757425920838,639.9531895249665,1.2
131.92435378797109,2189.366801757614,1.2
9669.471903239019,6136.014984561099,1.2
151.49103721774583,4718.7721770579765,1.2
5473.509293937391,6448.844731833025,1.2
331.6398895704342,8317.904808820436,1.2
5969.865854772196,8017.090894399727,1.2
2606.0246981145187,2235.415958147401,1.2
2305.125889980959,5933.029128162301,1.2
5365.520084706303,2984.89811395612,1.2
2379.7418608324197,8744.739363874562,1.2
734.1692353603702,1525.9350440772046,1.2
2031.7007615712523,8625.71692754117,1.2
2290.913041009086,2538.3655872486434,1.2
6348.902393086225,2113.1570854219904,1.2
1152.1749078784471,3931.4117322158136,1.2
127.13147016921833,6116.385839928935,1.2
82.10161959550265,2820.2872528933544,1.2
1156.0935742992506,4694.842894940036,1.2
8561.958565717187,8171.811449031594,1.2
6198.116410157998,4469.385827155592,1.2
1047.8222531458025,3084.17846022088,1.2
7945.313820674881,7789.6827830764,1.2
6112.416342017715,7749.903459968798,1.2
8212.68486811577,3440.101112637822,1.2
1996.6576384776047,8629.124182191901,1.2
3798.6161710993947,8296.219397791438,1.2
7410.017265904484,7317.6571714204865,1.2
3803.8131452939506,2339.950161766078,1.2
9375.549680507744,7544.231464955773,1.2
1244.024292474617,9280.009983398739,1.2
1846.5046316711187,4022.6493441379375,1.2
7435.860231654881,8057.746771745511,1.2
2116.1870158538786,4356.352807718862,1.2
1868.9090530212427,8377.167941798949,1.2
9710.307074476448,5094.026542624079,1.2
8287.753084520218,8366.208954991758,1.2
4931.248215351544,5973.317295551728,1.2
5754.781966991035,7758.4240532306385,1.2
2362.1819349968355,2835.892287161259,1.2
6249.003433272228,6911.2583732918765,1.2
1881.0225512322866,2612.6934267068536,1.2
3324.999544634735,9852.25412489926,1.2
7395.790659869243,5869.285296111825,1.2
517.18997143405,7209.569051304225,1.2
2767.311572626634,4600.799761726092,1.2
2476.871180488587,3097.6079721778037,1.2
6108.1873490023745,1478.1677005010297,1.2
4506.3874411774905,8853.187196313838,1.2
1919.3831734388623,4537.019343841557,1.2
6810.595846665857,6226.477737432297,1.2
2730.6803896213914,4424.225069041929,1.2
1094.471738625149,2028.5172806305306,1.2
2292.2621490346073,3985.971015175884,1.2
8217.878356821839,5875.335101580379,1.2
3749.1112409964376,6364.33699804526,1.2
647.286287935146,1103.81045433119,1.2
9545.2983112943,3713.3874699196567,1.2
62.26646925950319,9729.117985208373,1.2
8624.056621017726,4784.211429269703,1.2
1360.6980516661304,3405.4637614598537,1.2
8289.189217163792,4996.646955980186,1.2
9664.30513946966,3885.955044214423,1.2
171.71664553793042,4572.826611319087,1.2
9263.696343864516,3463.077739943625,1.2
784.7605990226081,8280.63792460775,1.2
6164.265908871136,2871.236402852805,1.2
6082.617855797991,5054.450437201948,1.2
1770.694915116513,2360.7737700763955,1.2
2879.4036107808174,4950.638187822444,1.2
4539.184368301547,9732.529781577889,1.2
4575.667885866641,9206.32458221071,1.2
8001.645925166673,9959.561014845805,1.2
5295.767303117274,796.6002578854115,1.2
6627.232944664136,5792.683067766743,1.2
6198.918735053238,2435.4127815461766,1.2
855.1625202409596,6012.857183499913,1.2
4477.456263454851,8548.527304834495,1.2
142.5643475695182,9032.415960459304,1.2
6124.052165047878,7719.775981063479,1.2
4649.56628117112,6678.5720319589345,1.2
6823.314188733543,5017.987935397234,1.2
7251.616736572751,9287.387380747638,1.2
9182.739802792252,3173.4348984983917,1.2
568.6048927220467,9221.86866994001,1.2
6439.67256268238,6208.406347140686,1.2
8701.69964273089,2072.4647815775334,1.2
5014.730694379267,2717.4643484191565,1.2
5191.0863404264555,5380.052977634557,1.2
306.3576779338317,7180.765736630621,1.2
4002.6556453013227,304.6616378483424,1.2
9807.186002342965,4429.977637891448,1.2
3261.5434484326734,7832.193500164404,1.2
3203.650725565058,9024.51912325563,1.2
2060.304384359436,9500.589570100454,1.2
6085.16112033384,5559.727322221982,1.2
3791.0069944607126,3091.2622145383175,1.2
5366.250322987418,2608.412877630909,1.2
1425.0928886320046,8161.239171218088,1.2
1947.0272914190946,7464.794205931512,1.2
5123.184049892616,5583.311502890767,1.2
8957.866512054523,1119.6424273081172,1.2
4178.910964111149,8529.229437104716,1.2
1678.969231935914,775.1554143618455,1.2
4988.298121670839,4852.029695137511,1.2
5034.522187253921,8599.086857842987,1.2
6175.563321648271,2244.7981482971204,1.2
8680.939659288435,30.58289417321558,1.2
586.8480870466631,5598.348266504859,1.2
4161.052741702353,4098.682554326997,1.2
7506.716344910112,2718.971243000958,1.2
9613.630586685533,1335.3732551482967,1.2
1245.1633138926888,2661.936273783393,1.2
4622.720764912794,1260.2360902605049,1.2
8798.127451121385,2508.8864257576647,1.2
1230.6000280467376,3953.4838789978976,1.2
3947.408209463172,4286.893989137884,1.2
1872.9785903068619,8502.259987729836,1.2
463.0794466317412,5737.131102423448,1.2
5916.412196379915,6682.085251031817,1.2
9243.914992404794,2923.5635287659456,1.2
2639.0936178266234,3563.774155658933,1.2
9780.13551361726,3736.5904625080716,1.2
1986.6676527114457,5599.983797794541,1.2
9133.12658393067,8621.401839300663,1.2
3559.9821414017883,9940.987071394633,1.2
6074.5770329187035,8338.036451613409,1.2
6093.151395086786,4079.872911744493,1.2
806.1295150612258,3650.043613188215,1.2
9939.064707944004,4338.9862230766375,1.2
7798.180204773171,2847.6613466104104,1.2
1507.1901855646463,9688.92646653814,1.2
5017.737049623878,5663.038724136652,1.2
6344.098289007997,277.960268311771,1.2
1204.7486341265455,6273.5739066271835,1.2
1978.7352954981375,4398.104968724874,1.2
5548.135685120137,9974.758618150849,1.2
100.03819217585641,5240.303812279769,1.2
4050.349477224463,3614.4880179580996,1.2
8861.109547548762,1317.3363561902806,1.2
2345.0182753147296,3208.7684898266557,1.2
1023.5982390364229,6443.202465954057,1.2
3918.6401353301526,8683.829879418448,1.2
7986.151996871454,4550.022650042387,1.2
7718.901847659588,7148.64270578056,1.2
7509.612497739161,2111.9218257417806,1.2
790.3553891854053,1061.7328047125773,1.2
8819.74955584865,1746.1942760481263,1.2
780.3447589269097,6587.994505329556,1.2
2525.499079738556,9255.359381854258,1.2
386.62301559010626,4728.484930182638,1.2
8009.494632395136,2651.0895172903006,1.2
342.42898457974013,8853.344368054102,1.2
8937.52256639974,5839.810514092202,1.2
9771.453468319549,6516.760794253796,1.2
8965.113152970855,667.8505341159436,1.2
6604.90532854297,8123.91837012024,1.2
2890.2403646127273,9825.957807650044,1.2
6476.327098463105,4746.503548572707,1.2
7949.58223284601,3783.874062063365,1.2
5600.028647546752,4691.122940607059,1.2
5168.5333600397435,5019.13170677935,1.2
8036.16738259889,9304.038548827617,1.2
6063.478080008318,7860.729266807266,1.2
3253.952870569871,4251.824603506121,1.2
8124.315943328783,7598.191471223866,1.2
187.43932858094837,4471.057019005628,1.2
4197.1660334100625,6645.51332916835,1.2
2122.8731647986397,3870.364235055755,1.2
4649.428994366419,9055.993879659924,1.2
7940.323882275558,6224.105421627783,1.2
1342.6185143796365,2247.9569235086306,1.2
4854.495148987628,9145.002874797965,1.2
6892.4765664555,194.9189393200257,1.2
1771.5185028257886,4564.772611091004,1.2
7271.678537485786,5863.0396726741965,1.2
5421.8548932697595,2016.1483076325414,1.2
85.37821769270425,4177.182608043929,1.2
3091.099551908273,8610.8424418056,1.2
6322.607611642587,6463.064255360347,1.2
5407.226028065542,1033.2625793311001,1.2
9020.552166260684,6035.168085539476,1.2
7778.58603086627,275.8474328122418,1.2
545.4401180826152,2644.793788501698,1.2
3695.8369387904168,2041.1376527434966,1.2
2084.3643997715712,109.4865412481949,1.2
3877.44223200135,8624.55386216359,1.2
1913.688756761006,7824.137916238559,1.2
8403.009155173691,3072.145028197323,1.2
7218.3523159002125,8933.511538439147,1.2
172.21413893209413,9552.162759706689,1.2
646.7450782959061,6035.536881911513,1.2
3021.217488382959,4579.700646185082,1.2
4293.050825745679,6708.182503103299,1.2
5664.946321028213,8577.923166215422,1.2
1063.7415619275037,1251.6331779493773,1.2
8449.04049765342,2521.400847709694,1.2
565.019040486896,9780.880047261977,1.2
7102.781105048427,3502.0166790736384,1.2
1459.0275301209244,9558.522879069566,1.2
6799.571913565596,5273.909528774362,1.2
4610.802772076447,4574.415051186918,1.2
3265.80682151834,5730.012762667797,1.2
7797.607421406564,8787.41419388549,1.2
216.44023022862834,3004.8407113097196,1.2
7301.4806812039815,4342.931557554803,1.2
491.77284720466344,210.59428081452003,1.2
2338.5855899602093,1513.9848895192765,1.2
8253.582594767759,2246.037359477271,1.2
1469.527504643522,8649.430395300944,1.2
4004.8947812478896,3482.5309955921402,1.2
5712.539926505878,5401.591781492167,1.2
3101.586061169038,607.3375904835632,1.2
294.36472026056924,3539.329869804714,1.2
1580.8813160708103,1477.0091922689976,1.2
3736.2428773091983,8259.241367367553,1.2
9746.807380416452,5766.557436146376,1.2
5753.580361213329,8777.468759172123,1.2
4417.217797783776,7964.2927575409,1.2
5687.547118519417,9155.95882929578,1.2
4033.0705949808353,6666.439317387356,1.2
7660.831272101959,8249.175749781212,1.2
2533.597505061942,9451.39463631014,1.2
9479.25444450976,2069.051503846251,1.2
8186.405716192726,4458.426237816795,1.2
982.4325636003628,9784.385114537608,1.2
5086.359979928605,2809.6291508257423,1.2
4170.014724435387,1107.555607380164,1.2
1493.5365159914093,4868.149994034322,1.2
4566.667123012577,7721.478290231381,1.2
2511.905669974018,9740.297425352885,1.2
1659.2196617065424,1472.6294798997562,1.2
1498.3949069490777,4276.022161616894,1.2
6580.663240855551,7742.159278323131,1.2
7509.00602559471,9308.014063859091,1.2
3490.6754245264638,7613.978777389363,1.2
3520.4459803764275,9343.038023251233,1.2
3017.506869055112,3493.5488594134954,1.2
6357.434427379541,1633.8979068425342,1.2
2771.363545252682,7260.363645634794,1.2
6543.169066976915,9589.425484826801,1.2
3852.1035248987623,5877.470204770388,1.2
1939.9050192879874,4203.702788184836,1.2
2589.2821712162404,2458.934095226376,1.2
6615.027683401473,8733.529531605645,1.2
5170.81157793801,4639.226646432567,1.2
2710.913210867728,8249.111144856954,1.2
3900.2399389865473,8798.757914802836,1.2
9261.425311503426,5057.494867044878,1.2
6191.069834240057,5120.897433788267,1.2
5484.578250943957,752.9062520259466,1.2
4660.775638158508,3415.229308865921,1.2
8958.474696662528,7031.07158561858,1.2
4507.0501302769335,6451.052489124211,1.2
7357.065541670976,4074.650767119804,1.2
9132.491949704581,412.4536727168371,1.2
7564.682291657567,5944.306741981487,1.2
4357.905824287564,6031.367162533105,1.2
756.2538626742088,8078.269275939877,1.2
1388.6461211473645,2732.655723444798,1.2
420.9979313667311,826.9175037639353,1.2
9180.658156516609,5722.6641712087785,1.2
3765.8804482061305,8435.25326507686,1.2
7702.104227927781,6151.953393625739,1.2
5187.776726953924,8261.792685231081,1.2
5536.132224321013,3909.149765656932,1.2
3655.194724898869,5494.742145573164,1.2
61.36727577988776,7017.60886377931,1.2
1660.2110069962173,1296.5967560597435,1.2
8416.585799440993,2966.1750132251573,1.2
9031.3939851781,5419.663183245854,1.2
7842.358498671075,3861.286467259224,1.2
3869.431463529979,4942.850637573592,1.2
9068.033015487,4656.069882347499,1.2
4540.463715119936,235.4044976999048,1.2
9127.668870552003,6025.625666750051,1.2
1470.4185716429174,6553.786766461943,1.2
6839.2410498564595,8927.094062602231,1.2
87.79905276404153,3406.319371939136,1.2
3930.425611545576,6282.196679170191,1.2
1307.6405826216908,8442.440294997088,1.2
1138.145300794583,2862.9780801806505,1.2
9441.92114363255,4849.653302034664,1.2
7575.356090992451,5836.394268138006,1.2
8461.501979928258,4970.077916307424,1.2
941.9968014397783,7728.544804667543,1.2
959.2360244243803,1007.4792934247922,1.2
1194.7060446037694,7340.084707040441,1.2
1065.649124344975,9311.628624261144,1.2
5464.9579646524235,2977.9274522545484,1.2
8512.612333715504,4693.6438144367285,1.2
1998.9308713994258,9671.330573588133,1.2
8911.67704296227,4083.6421626493734,1.2
5908.977885682762,6223.675590650597,1.2
2179.941550613458,5195.432407812366,1.2
1661.102085438325,6454.437327678019,1.2
2203.3772302723387,7157.312079146096,1.2
7245.791546836264,5451.920351267512,1.2
4679.51486830801,3952.7199248174716,1.2
7954.105285766979,8076.19328484941,1.2
638.8728450505831,8472.063172790797,1.2
4269.216210478157,1037.7166734869224,1.2
9400.777802038298,6105.9047582777,1.2
7712.209207178211,2881.541167184042,1.2
4670.071499583355,3116.1480985381772,1.2
6536.05279339115,5405.233637097818,1.2
7454.3544194488595,1898.7918663326109,1.2
1397.3203911025255,9722.046325952166,1.2
6734.390083198891,3002.370498027729,1.2
7533.855050040398,8471.714554793716,1.2
1285.2101508799974,8224.568122460812,1.2
8586.380555696935,3200.8125236876217,1.2
5221.487572694894,2745.686683795088,1.2
8816.730663135453,7522.166476926685,1.2
5341.75425135419,118.4084837662902,1.2
7074.559318425325,8438.737957966629,1.2
884.4501260314064,9598.302007776176,1.2
2029.0129408404655,4701.596706646185,1.2
8152.490862856989,9217.197034669613,1.2
2468.595488539912,2112.4112053851964,1.2
8986.297740856759,5264.939319564948,1.2
4882.465801139348,3496.011777906217,1.2
7394.714840110393,200.4323598094915,1.2
5196.667793473495,6275.7332142647,1.2
6249.855582033829,8176.22214768526,1.2
5717.99366710215,1687.9912202052437,1.2
6763.4839357083365,489.0320002239934,1.2
8865.072432667714,1723.1758514115725,1.2
6132.386030146059,421.7504943593209,1.2
3312.9836621608756,6115.165763990138,1.2
3593.6145690250796,7103.112922031024,1.2
6703.942222705446,6927.808591229029,1.2
611.117158482265,7329.399684329937,1.2
9460.668485214437,8026.579494749066,1.2
4290.0977103416835,1762.1957153725787,1.2
3954.0614455262557,9394.420579862644,1.2
2219.478475510408,8522.16150215235,1.2
5098.852544288157,9988.27554812476,1.2
231.19954702545576,982.9516026693485,1.2
8578.637656389437,5306.025058892639,1.2
8563.846937229971,910.6818868788247,1.2
1361.0040871922624,7420.12246904839,1.2
1508.1783909614944,6250.569414314664,1.2
8875.932829079107,9596.353078155107,1.2
4091.916131318607,2296.3345519146783,1.2
3306.734078899092,4942.888405328049,1.2
586.9353765093443,5663.242772410791,1.2
605.7680813242017,6610.998026392954,1.2
283.8052816755254,82.58222012850536,1.2
6730.177687564936,3932.45915041729,1.2
3770.1939025340703,3502.536368324191,1.2
4830.365808308138,8354.444206881117,1.2
991.3755029185467,2415.553826623661,1.2
1937.0872253851755,9608.435510360014,1.2
1461.1317594975103,7843.109422891096,1.2
4860.860156051633,9919.946751993726,1.2
4898.613196260911,4763.215608390759,1.2
3881.7242871467183,8820.225556301088,1.2
1390.4905852471838,3995.838926306444,1.2
1296.0538073298744,4844.129078226094,1.2
2368.2561492998598,4866.545851363731,1.2
2201.665579959021,8526.022452897087,1.2
8636.299222486337,8667.166002532656,1.2
5447.154468987028,3637.284922179704,1.2
9680.35629359958,4785.79722386137,1.2
4570.110566838541,7373.280655848293,1.2
7188.174940046246,8837.411133078313,1.2
5513.433816684862,9209.35287117596,1.2
238.8084537047319,2199.4694085875976,1.2
4838.72475351341,6714.6449730417335,1.2
9840.21317440713,1751.5869381155835,1.2
1518.5347362299572,1118.9693479967489,1.2
7158.882738062299,765.6887378924704,1.2
1207.7315792646682,6559.459185146769,1.2
0.9084947028537016,8858.941971689155,1.2
1980.6945402744636,1486.3279661282481,1.2
4711.826803267152,8117.445908315171,1.2
2597.7779207439557,899.1505539969436,1.2
6333.876885509613,5924.948320593373,1.2
7316.107847211313,5779.876261355509,1.2
8862.989747852416,9857.834553266388,1.2
7394.5949341695205,9999.96742543026,1.2
9238.260601786336,1689.0117625835576,1.2
9713.023992847688,8803.1878561486,1.2
7474.051139127649,9173.979632618055,1.2
9107.82037280707,257.3944514651949,1.2
7511.690040302308,9806.502038389051,1.2
20.06000363400373,757.3322769934265,1.2
1322.548351399674,9112.316561251544,1.2
8713.079168836663,8535.651240702307,1.2
301.64384818848754,4935.997433471074,1.2
6572.57261809139,4572.218698856232,1.2
4648.875570137282,3355.934342887429,1.2
4248.027798514345,1106.3113255567791,1.2
6064.834829585152,6198.7531197845365,1.2
6941.9202740268,615.4192080808118,1.2
358.1933730132203,5709.901060162288,1.2
1845.1996080885147,8553.98020280693,1.2
3842.621201994164,9705.472630851307,1.2
4483.529609504383,7599.561440358111,1.2
4767.921872284883,6677.925015444403,1.2
5243.804182778048,5742.289916689928,1.2
8383.842944442162,984.022067210919,1.2
579.7348308802252,3574.7401282946958,1.2
9524.65980076992,2441.162495979098,1.2
6153.8811516592405,2961.5071270053095,1.2
6891.603460088481,7722.358709345255,1.2
8178.559302296102,2572.9320080453967,1.2
5340.742455148273,7496.695290980262,1.2
9322.769932865218,7733.75187050531,1.2
1833.5951819398922,7409.3708223387475,1.2
8738.353654793125,9236.662138749105,1.2
6316.111858716646,3385.111662193756,1.2
2638.629406107065,4477.387516212857,1.2
1049.0815191416737,4882.067201964383,1.2
5703.029328769472,2354.042888346469,1.2
4968.239756765867,6247.2206606956215,1.2
7953.233777684704,1368.8250610947373,1.2
4830.430602840113,5059.040379576575,1.2
3232.230593391974,6021.244435019921,1.2
3891.99032238319,5708.033320151794,1.2
9859.86970574263,915.436323525356,1.2
2208.071996423101,4905.7209837406135,1.2
9396.13150292403,3878.572527735161,1.2
9364.120054049585,7823.165190808181,1.2
2640.8719386904645,8145.31350752528,1.2
1821.0306220764826,4055.7644298343976,1.2
1360.7765434610974,633.7599598234711,1.2
8874.277141613828,1483.1421309118875,1.2
3691.3193928272435,6636.790542071323,1.2
4727.216576645563,1141.7785355733756,1.2
2090.7985466256187,8618.614947528591,1.2
8813.685535993565,33.97974162921869,1.2
6532.097661530314,1765.5761179948981,1.2
8926.344296859317,193.7427749571008,1.2
8489.948436890538,340.1422909260532,1.2
138.12144358860357,9934.244748951958,1.2
1925.1287761547064,3388.152682536527,1.2
8272.354075323872,3864.7524446563184,1.2
7374.892263692471,5585.86791994963,1.2
9742.185607589567,5631.053756274848,1.2
474.81890266231505,1538.2052049393158,1.2
1443.178056279958,8388.839706851326,1.2
4118.6751449056965,5160.367172347522,1.2
2063.7474885990546,2778.741475848544,1.2
3501.5018022419454,3176.056316791601,1.2
8120.385560982281,2318.3925713966946,1.2
8925.792454300168,9977.299996122849,1.2
2703.8542139469146,8498.679530105499,1.2
1265.1310318541232,981.4636303500157,1.2
9149.19847010852,6383.072527487582,1.2
6167.1242734453135,4989.240543434837,1.2
8052.8626633486,7266.993511027199,1.2
2151.4499785739818,3477.566083794732,1.2
1935.3831603182093,530.6808351520798,1.2
7906.297010174232,7422.677117491895,1.2
8993.78465162657,6649.805228547012,1.2
8541.224188416656,2957.790130288461,1.2
5750.01029490228,7605.214740765114,1.2
3437.449829666279,9263.814305326205,1.2
4508.873977409535,2765.252624489508,1.2
4881.304125584926,4813.264282128199,1.2
3414.4957859224833,6707.116813526926,1.2
1805.119415110278,1947.450190306429,1.2
9029.168894808688,4556.4535253175345,1.2
791.5886787318127,9795.057624806892,1.2
3158.798034161342,8907.438277107018,1.2
5826.943023886706,3127.5918140998892,1.2
2182.3313317105876,5681.584609904442,1.2
224.6430284094736,4648.0737411014,1.2
3043.926429826348,9729.165864788836,1.2
5887.39462445964,1061.828836444736,1.2
1096.8276022164714,6569.103148612359,1.2
8251.509880107385,2267.338923203821,1.2
5689.612785826284,7137.035024527904,1.2
5974.667992808441,7470.762240948759,1.2
5423.7036016559305,3698.2108541200064,1.2
4731.645341946811,2604.6021580521815,1.2
2208.7840134465696,854.0769744989695,1.2
6560.581204855841,2332.360078969535,1.2
6522.392817083887,5475.146994476102,1.2
1844.8702284571139,8653.81468082655,1.2
2599.40091920556,6509.414672347575,1.2
9971.494728676174,9475.360952898782,1.2
9301.693698347075,6116.930561960361,1.2
3407.837586636071,7716.091880560245,1.2
4389.8564446726705,9366.801984584157,1.2
2616.083034852228,5062.226100435595,1.2
7553.966902658595,7834.240868384552,1.2
5775.014014090147,404.2383896536006,1.2
6729.518939197924,6252.0070959749355,1.2
1048.4331266790136,1822.5644898297155,1.2
7151.722126607471,6812.342254555277,1.2
4272.493386536696,9326.312806983295,1.2
6313.630021163425,1297.7886827868933,1.2
5796.758953299011,4833.53313119121,1.2
6148.232071731538,6840.378299182199,1.2
8746.693254060456,8022.3820104164,1.2
1616.735495782803,4817.472171987763,1.2
9926.39187816347,9233.569936697784,1.2
4834.176638546399,631.9375845103325,1.2
3087.101932996944,6725.307983114081,1.2
6626.90939901996,8626.927733060667,1.2
4039.148933091913,7011.948266617707,1.2
7118.262555596597,1604.4472296155354,1.2
2096.533809902931,5294.595777804184,1.2
9330.27610854936,5992.170330901123,1.2
3662.672818892266,3942.671864003945,1.2
9225.196566679386,942.9184973357219,1.2
8418.488101061761,8183.634167585971,1.2
3705.081597182647,7222.1340646584995,1.2
3587.6204750733896,9044.690891515103,1.2
5640.8850118031,2752.2624722172327,1.2
9074.317102103627,5014.286623131271,1.2
1284.403466065246,2259.7428669858964,1.2
3562.6983400257463,682.1799509542237,1.2
158.42338944185298,6009.210962833998,1.2
1291.4960426946454,3193.655955677561,1.2
2754.151974550675,2977.1894314151905,1.2
7589.335057033601,2293.8884306211526,1.2
9143.216304491001,2571.2771695761116,1.2
3968.8520429691866,9955.60878469814,1.2
4903.2325115959275,4771.787113866664,1.2
493.43737618639193,2728.485920404106,1.2
1057.6581333161494,3244.5192901285714,1.2
5283.638151723389,6469.5351976681095,1.2
4371.82854309803,2918.508407608842,1.2
2441.4356607969758,323.77460282809744,1.2
1405.787324429364,9344.837805735551,1.2
7903.219514010883,8188.960489402641,1.2
8126.337468236538,5237.01097734484,1.2
8064.95469468264,5776.981850350244,1.2
9791.836802392896,4138.741625210888,1.2
6707.318485432641,7014.098060319263,1.2
949.4721750463053,949.1176340609043,1.2
2748.381348335941,9406.794932746698,1.2
2374.873076366397,5839.321655127817,1.2
8002.070473202726,1886.8094141984159,1.2
7967.843603259138,5647.119708188394,1.2
8017.70571486482,4451.172282259238,1.2
5606.2568029885915,8942.627427184734,1.2
2091.1754370369586,7236.207619811681,1.2
2303.4076993355334,9824.63882346438,1.2
5832.374945052524,5742.969823683974,1.2
9474.31161076319,8796.489796498385,1.2
5237.403584274614,6940.407966276689,1.2
254.46740951145296,1052.145619536764,1.2
7236.4928695066055,8001.018005833797,1.2
5005.0926132756595,6596.333038264968,1.2
8753.977583491434,6392.878952380583,1.2
1586.792848903613,3880.9112849656744,1.2
2902.545267031319,6.675221542360443,1.2
2487.282028736437,7857.340129261761,1.2
4075.4627500531346,8144.248483050465,1.2
2331.6490085713426,7758.957693870078,1.2
1420.543151961322,3443.43751122806,1.2
9394.283181176355,4219.805639254995,1.2
7304.743329811955,7295.089164907843,1.2
714.5828959459166,2824.1937496927126,1.2
166.73104715119734,6775.04893657154,1.2
4168.337536397356,1684.2948294208093,1.2
6924.306293260598,4727.432556348557,1.2
2129.908903772858,2502.2590827815616,1.2
9863.400192236197,6730.6591950632055,1.2
4849.750185873043,2351.7258237611572,1.2
439.4235253817702,4560.290041884548,1.2
5088.123884509537,1746.1920705645607,1.2
2544.8733318666273,5953.34028521605,1.2
1075.523146237405,8976.297502228883,1.2
6921.448950808857,7775.156085101009,1.2
3402.6848221583828,2486.728603192422,1.2
3699.379025335342,5103.629984340866,1.2
4420.007312588432,4949.323241918373,1.2
7364.134617951675,9384.750728267523,1.2
1160.7523142262887,1831.0950869769504,1.2
247.5281208700253,3865.0915810489605,1.2
9374.238970762506,9971.530363803564,1.2
7870.903739118404,6918.624808184748,1.2
8897.77567670473,3082.3574542423203,1.2
2769.167908413478,5336.240525026986,1.2
4960.640502878264,880.1852148870837,1.2
4299.598846575352,8076.844484062781,1.2
8503.229185594117,1296.087328381965,1.2
8539.44390854612,2008.11602028403,1.2
4616.105192195042,5278.795920760485,1.2
2048.6029500277623,1970.6450994111103,1.2
7110.990135979615,7520.449437766794,1.2
8302.434668793905,4904.866660632678,1.2
8473.306017733736,8389.245219750268,1.2
9684.604241409124,5729.150432691049,1.2
2132.256389558371,9192.038352418507,1.2
7906.538525531618,8397.155337832519,1.2
5789.277684146188,2403.9686602827137,1.2
7809.501347172608,9400.96837315749,1.2
9898.085212225114,3192.2713988255246,1.2
2839.519837331278,8689.393822338765,1.2
6290.536924222557,3989.1164302096295,1.2
2411.8734789706896,8010.157864402978,1.2
403.202370490372,762.55622612869,1.2
9615.145452671288,5665.435328982823,1.2
1070.3902479846051,3771.909703585877,1.2
9633.798237843113,6346.473613943773,1.2
8552.921157958783,9523.830284951393,1.2
8818.742087576751,8521.94642568361,1.2
7307.2651424906735,4277.6699945801665,1.2
5660.066770012146,8426.96664666967,1.2
7966.287880253978,5746.177242916165,1.2
3396.1624354303876,1833.522569663487,1.2
4950.539990012789,5843.673220910125,1.2
2980.8053855571493,6584.133208539709,1.2
6212.521767040767,5343.4178273681855,1.2
4109.034392771397,2207.6700178455344,1.2
5268.242382084571,6011.894965519196,1.2
4268.164585013797,6729.3310079979265,1.2
8339.83457383993,806.504509858329,1.2
9324.065821500617,1868.6487572323751,1.2
7116.616405978533,317.85023025013845,1.2
9311.067069962119,2774.30043836156,1.2
9776.79711665077,2183.480832580005,1.2
1481.2505193707336,3587.2311962595218,1.2
4223.6802802177135,799.5033330573098,1.2
4607.6744699629935,6554.795268750303,1.2
7684.385519308405,7703.360284142248,1.2
8709.054052075087,6.355248284679593,1.2
2663.514385572926,744.8513453941453,1.2
6466.920478568647,810.894885248572,1.2
4373.729351719962,5789.387115984807,1.2
7811.278676826348,5814.612296812276,1.2
1463.2691636778227,3709.234881257931,1.2
7381.632278127184,4779.978344413221,1.2
768.910463249548,461.7533182690936,1.2
452.7340229501142,6077.029610869527,1.2
7737.444430750978,9537.209671343286,1.2
8850.462202710383,6090.043437817375,1.2
2762.670434025268,3263.3949025248276,1.2
8933.739877822338,7728.512612329267,1.2
8381.249830267645,4718.640894044443,1.2
9112.24430318981,7944.141691057452,1.2
9787.958264856481,3712.9957243471636,1.2
9598.328842669194,3950.3745295645676,1.2
5570.103901795166,400.6587870867673,1.2
2501.678216511527,7084.377231742752,1.2
9126.878941750396,9623.561641066233,1.2
9692.61900717724,8611.481866259675,1.2
7720.927090181583,1413.4864807537751,1.2
6240.400580800376,6800.97774573268,1.2
7586.038771160288,6862.432842218575,1.2
5167.395245783146,3703.731481374819,1.2
7623.859296804254,4759.983477057177,1.2
3408.305606105766,7904.401245689373,1.2
252.31759171072454,396.22412742135293,1.2
1458.621874967565,206.22524730532942,1.2
9395.445100929239,5605.252297179573,1.2
4959.29050095235,3179.0972989303123,1.2
6920.10155164332,7235.983029362481,1.2
3673.7788514435756,4821.417874881832,1.2
8416.480200343516,5021.693743457685,1.2
3734.0217410612586,4084.507164253607,1.2
1220.9068134843237,9889.027870038539,1.2
6860.152276606448,5866.836050525171,1.2
3747.7827821783203,7178.072987243554,1.2
6723.116231442095,2984.214228267422,1.2
7340.411483595889,9155.131635635129,1.2
8617.151866188058,5464.955857309125,1.2
1010.8280848899376,5981.943374718521,1.2
3853.7945280884624,5131.880692255917,1.2
4329.135225611544,6398.156235640975,1.2
7306.50066578791,7275.4719563082535,1.2
657.9055371989717,2181.45537597224,1.2
9831.727180847165,511.96425157776,1.2
7609.814826135085,8820.057699395236,1.2
1978.2471951453806,353.410443646065,1.2
3209.2762261099583,8998.269197295229,1.2
9974.019733701862,1557.868807964784,1.2
7239.257525910695,7768.982928400983,1.2
8196.854348123361,465.8967100062472,1.2
6278.873801728255,156.87586406832875,1.2
6934.294497754763,8060.94149406546,1.2
7526.972956947515,3773.3378342810765,1.2
2222.229519162996,1517.7523095933188,1.2
2278.0812464419187,4327.86323646873,1.2
6199.196815840515,1840.9556571366193,1.2
8968.70387892587,2478.4605292471283,1.2
4330.230556810875,5264.038182917565,1.2
9938.596898894131,8502.892105155326,1.2
3825.1921035680416,5197.63621109301,1.2
2370.2920020364095,8728.524898775695,1.2
8865.208256186103,680.6175204076592,1.2
9650.726101998021,4716.737294638156,1.2
2617.3345235943,8271.550056345384,1.2
4765.104540586625,7481.693588543777,1.2
8992.933216103485,9061.273902235922,1.2
1978.3577570758148,9250.997894825281,1.2
930.0704273961358,8299.294314163708,1.2
6821.965448545253,8776.049045486474,1.2
2733.7287648218635,439.2371253620675,1.2
2516.4990466095414,450.01758783350556,1.2
559.2557485266292,9120.007977084033,1.2
2355.7300346514353,2289.5292533239153,1.2
5138.855885256499,2605.668973596984,1.2
3577.873869139413,6099.240665468857,1.2
6525.7463062726665,4600.080533157721,1.2
7051.809682962479,9722.80890797174,1.2
2828.207257162896,3927.6346509808936,1.2
7400.58090207023,5448.575619544784,1.2
4705.313977841838,9528.621879926714,1.2
5190.771749010685,8045.254119784029,1.2
6428.32276907228,5015.129005420074,1.2
3163.3546909821184,7058.776935064095,1.2
8760.655542984183,9622.809574229139,1.2
6337.713010546824,4108.74440273542,1.2
3815.3802485846545,9654.061605328941,1.2
9529.316307840814,2752.749381611721,1.2
2126.638044673479,4346.28830099276,1.2
5613.357328427027,5005.813289895139,1.2
4803.377993037282,5617.160950425439,1.2
7077.8499463717335,4037.269838227959,1.2
9245.727746353194,7819.539999618683,1.2
2221.059381115481,7157.307992633349,1.2
2337.6161160030583,7305.742486333968,1.2
9017.271053148368,5307.573958731739,1.2
1113.8769221794298,3603.820556975239,1.2
3565.222531667147,3305.5256908135843,1.2
5120.661421925184,7798.150515718007,1.2
3461.2144248571476,5202.227839870649,1.2
6058.376378555585,8122.694334937502,1.2
4599.4801857605125,528.3660284109093,1.2
545.0472878055613,735.8445815047565,1.2
4923.850021089283,4737.806933796418,1.2
3018.453579717768,9101.883359407777,1.2
5869.425628725232,3413.884454239775,1.2
1303.467160633246,7696.435287184975,1.2
6336.937703376768,9836.223382226504,1.2
166.325054892571,7354.0234160920645,1.2
9488.20838888073,6365.2316281003505,1.2
2717.487327664245,5233.026465127886,1.2
2354.3974436318094,6414.796850057202,1.2
7538.9748066971115,6389.339255865033,1.2
7076.05138259081,2453.783212213009,1.2
7996.046016600539,7097.991285283857,1.2
6455.618545082925,1385.8280803942002,1.2
4145.996071881664,3579.6016075907555,1.2
7060.3101127300915,6370.3934511852685,1.2
2466.493817746419,4984.030439385335,1.2
2559.924312979623,7184.872102249394,1.2
240.11354145360932,4912.748701658056,1.2
987.2595484881052,66.71856091907568,1.2
3004.364353612884,86.76446159373685,1.2
6408.556778104257,7461.459422733393,1.2
3222.0794806947893,1646.8869173402788,1.2
1854.9413807589044,411.1731909838312,1.2
9171.935490375146,3619.423927574643,1.2
2709.2080337477,4429.3204908237085,1.2
2735.4789159746874,3928.768336614399,1.2
9544.126823985427,4930.866268147836,1.2
1271.1457105906354,5794.547702865236,1.2
7472.648498793711,2661.5293046120346,1.2
52.379556989026185,283.33054929361333,1.2
8567.906078643653,8676.371178632964,1.2
6959.562013216979,8240.028577708053,1.2
5530.257042345486,9798.919881358534,1.2
9352.35797449716,4666.251896425258,1.2
5126.235297435472,2556.7449443948976,1.2
1776.1206559579034,1944.3803307320684,1.2
5368.6579246445235,1953.7507882983462,1.2
2934.5981797989675,7598.3988045577435,1.2
106.02052900659741,2134.18852038049,1.2
8838.007177922462,1887.6121153688507,1.2
6564.106481234461,4491.2654752748795,1.2
9422.559726472951,3636.6992120060036,1.2
7449.452977699604,3177.6368698889123,1.2
2672.1044576049203,451.2574769357247,1.2
3618.6287782888126,3217.770420730399,1.2
5264.03885572817,1847.817528314949,1.2
5468.8497106135155,738.9955224376921,1.2
2586.703239836272,4545.997362351496,1.2
1746.3634725314248,6479.236863765696,1.2
3607.102575013952,2687.274593140493,1.2
1401.8226528081834,8779.574862694708,1.2
3890.7865515166327,653.571216541301,1.2
4718.88334145795,9748.022282700875,1.2
9688.269230247803,9210.036683209582,1.2
1455.6744953343903,3737.9807101086303,1.2
5142.5472176551,9447.703737776295,1.2
5276.518299895678,6182.530680965064,1.2
3052.425160786135,1288.9725572756395,1.2
1596.7475615007786,1.7864503669862142,1.2
5969.115259308855,2492.4056002919215,1.2
1037.2881071894024,5278.965788280067,1.2
5679.660885188988,6503.595624703588,1.2
3863.063807868756,3856.341879297602,1.2
847.2204766699598,2429.1156112594927,1.2
5619.991771098153,7081.697925320589,1.2
6480.716785524854,7856.73987636801,1.2
6619.3394511463985,2417.9609744903773,1.2
1892.4280929603876,7290.824930442017,1.2
9541.089454065985,4080.973998592079,1.2
590.2445626966856,9041.80742400987,1.2
8802.062359776875,5284.2036965921625,1.2
7837.5816075124685,8195.459670152528,1.2
2524.7741468160834,9589.772958234658,1.2
9270.905225395276,4378.490075567597,1.2
4447.506000327969,5799.938974038358,1.2
3771.513337602156,1357.495027406984,1.2
8938.234794437749,3383.8014954746664,1.2
7540.53869673167,4229.772392815416,1.2
7744.580162386291,5774.249379164879,1.2
8790.485110533273,7231.975226991759,1.2
4814.8231730022435,8139.638230618039,1.2
3029.007250817266,3919.2751437839634,1.2
4429.278732407835,3737.47526719823,1.2
5281.328482396654,2837.33390169664,1.2
6081.446209055624,3114.013259604835,1.2
5252.449713521539,7359.731849398512,1.2
9779.6815340339,6804.692313023522,1.2
6020.398762578777,6391.632046226092,1.2
8352.959589215472,9444.482109104705,1.2
853.7583850883245,4036.0844933422977,1.2
4882.908215334513,5165.29254152472,1.2
9003.13015803114,5528.861457895518,1.2
9170.558751641158,9888.547950112436,1.2
2168.8351936536974,7475.019037576249,1.2
4006.212445493138,2892.89434056071,1.2
5451.721569154646,2518.778607768428,1.2
6419.2219026551165,5480.7458814462525,1.2
4736.305143076015,6795.003389690976,1.2
5635.741254654163,812.7652328966983,1.2
5892.8365409537855,4970.233131322275,1.2
3135.88323726645,6252.610674121785,1.2
7580.185797188987,5490.0586145752995,1.2
8571.664869919301,9714.580020685742,1.2
4764.979154642507,5565.3010082859655,1.2
8631.371477642697,3575.6600604336054,1.2
6609.143910661443,3995.0846483517066,1.2
5504.994242346507,1527.460394990221,1.2
7997.942505658035,2565.296665922736,1.2
3147.7581669804067,8477.206814688883,1.2
387.53075676337124,4661.575753702685,1.2
8083.356369196356,5709.867179584837,1.2
7960.5482890947405,1217.5817244163645,1.2
2799.1926669347267,8946.33813618156,1.2
4554.39613931917,4155.475725929423,1.2
3976.4914282096765,5360.383527073276,1.2
9534.313336390798,9102.737544374522,1.2
3496.8176020578035,7396.74159674628,1.2
594.2669054264138,2451.704372898775,1.2
33.49256902538955,3559.1152812514215,1.2
6116.33720749519,54.142395245564416,1.2
3453.8179550097125,4585.036957564554,1.2
4787.950629953393,7702.213596260068,1.2
9829.085225921099,4759.810285417493,1.2
1949.9636050305635,9834.453111106794,1.2
3242.618665170247,2384.708810102688,1.2
9767.598007316737,9742.677532158894,1.2
7115.019093521897,7719.560350477234,1.2
7546.811077831397,5019.311771524657,1.2
797.121165635416,5472.670159781412,1.2
154.05647692592672,4752.977509707974,1.2
1684.7415475585003,3451.7845584188476,1.2
385.68214138039235,9085.855543461937,1.2
6982.584103724259,2621.327296265076,1.2
5648.190624771818,1511.8652109375653,1.2
6427.785429572215,8449.985119523415,1.2
1513.4197957959893,8827.678252028114,1.2
5148.873878970676,682.665049337553,1.2
9018.458403197947,8916.56405666185,1.2
1479.6805927342627,3201.176049281367,1.2
7998.699726994104,1319.8668393034884,1.2
2575.279646172631,6288.364485735395,1.2
8244.277534179419,9628.79992109767,1.2
6379.654844640895,2984.726370439985,1.2
4932.150463411943,6307.90565100546,1.2
4917.898767630174,6333.773615281203,1.2
7961.61025008951,1897.7274280365775,1.2
8019.7410953734525,5346.931796985742,1.2
976.0276876600382,1497.8648264719207,1.2
2889.973518655785,246.21589141424982,1.2
1699.7129047143012,5227.425054104403,1.2
5275.039881773684,3325.4019949583226,1.2
7262.273123084882,4975.19043242132,1.2
8646.048870844113,7746.055579853428,1.2
9359.030561693324,4010.375510820081,1.2
2819.7902639982753,8970.979073076658,1.2
8290.242703850665,8218.213368361647,1.2
7834.468456992719,1009.2744402000575,1.2
1419.2015992943407,2338.1472861846664,1.2
5887.030865694228,3333.2491313659953,1.2
5414.655299923616,5877.342087398494,1.2
2427.568627899086,8940.089701782681,1.2
2934.5232515954813,7104.31213252104,1.2
6793.741220265254,6365.435144598434,1.2
3518.672490490148,4121.1611898993715,1.2
3259.5601699698564,4670.76285827139,1.2
6314.982270117488,9738.27653535446,1.2
219.83486663739282,6098.691427039359,1.2
3553.141560990163,635.0703471647101,1.2
2504.4599353849885,1693.9791907027734,1.2
7512.326339608917,4778.117480664341,1.2
3996.6266822141506,2605.9135115328736,1.2
3535.5663899227875,1735.1261462026046,1.2
5472.928758671852,5732.373467763005,1.2
6148.896945181436,3061.2186673929386,1.2
6772.474899915016,8939.574290308863,1.2
9450.252395864347,9631.393983125623,1.2
6902.406592208983,2739.1667731605717,1.2
589.9905648372517,938.9962335440771,1.2
8334.750092762437,5580.186526752288,1.2
7717.123094850652,6594.704041147268,1.2
2531.9813994073315,6469.6802276776625,1.2
9449.664836152742,2456.9728826549817,1.2
1733.6726500936938,6037.093822620495,1.2
6584.102771308492,6107.970372152612,1.2
8609.630351903892,3343.622634808133,1.2
4307.396780430878,4720.30529647942,1.2
9628.729700524676,7693.509651539082,1.2
8838.84436942165,609.3311986193617,1.2
7282.67211583555,7644.015826341427,1.2
1583.552260324731,4443.16770013117,1.2
8588.634178816696,4438.493646095421,1.2
8677.508970237499,6872.342992797232,1.2
86.85043400014192,71.0211878313427,1.2
3964.6202753708726,3866.722321898479,1.2
791.3566508691572,6586.180412173003,1.2
8249.083162457278,4382.223856861787,1.2
7972.221223035405,5724.479554245892,1.2
8189.254333425301,3326.2006458540063,1.2
4910.514445226606,3972.5688859284446,1.2
7724.582660056722,7496.391431296252,1.2
75.28848824627454,9027.742653151494,1.2
4431.9310966882385,1895.0257243768665,1.2
853.4381257799639,613.8916631164648,1.2
6973.90632771955,4983.74386443465,1.2
1903.2124301961185,7757.537721178045,1.2
8801.130257052597,6115.948947233598,1.2
8259.683933392209,9333.995008373378,1.2
9583.350092946448,2868.606314926161,1.2
1719.2437168683982,2469.3469425852254,1.2
7837.1888326705475,3812.730584255062,1.2
5394.5030764550065,7959.51310371773,1.2
9723.53300377665,3894.524862084806,1.2
5991.852098151331,6378.178842580914,1.2
1236.6150167751243,9487.871185193151,1.2
6683.410311964536,8547.86733213269,1.2
4017.349593018822,835.9261688448194,1.2
5485.1693404009975,9403.101139888704,1.2
4883.357485152703,7958.125341226446,1.2
5656.519091196615,2796.561353707855,1.2
4929.15611843751,9069.693786745123,1.2
9361.140872208305,7537.256355354126,1.2
3630.389223459144,797.7789563880366,1.2
9916.739111528741,7892.495535014602,1.2
4775.583800641071,303.3961238591676,1.2
4744.097087411486,9944.341943358577,1.2
3682.465938070131,5032.651478356412,1.2
5144.031897036004,5767.912391638188,1.2
1383.9975284257255,5960.173143262639,1.2
2497.8329458628136,7197.401354752724,1.2
4493.709029225674,8953.85490057127,1.2
9191.730709711876,2327.280755625397,1.2
6890.6406412657125,422.23269636506245,1.2
2815.669387547501,7747.520353743043,1.2
9139.548859302746,4827.866323026817,1.2
1915.8200028724425,5902.759740517546,1.2
9766.919718136867,2752.137183758999,1.2
5191.424283836079,4938.658577002821,1.2
7320.607654464808,3491.659023676835,1.2
4529.3007300167565,2287.1248686042168,1.2
2165.7347351092217,4915.903270089196,1.2
7185.914439400133,9138.738060660717,1.2
191.5101469302738,1124.1459248025653,1.2
9752.087678141945,1109.3771243375816,1.2
313.1178895739695,5528.284996776095,1.2
1112.6381956756782,2387.5525533068685,1.2
8502.256363268638,230.83830709585973,1.2
9712.467951422783,1595.6500661370521,1.2
2080.279345753674,7668.524461008856,1.2
7886.230506774495,3711.353795412511,1.2
3848.6285750820957,6742.3686564578975,1.2
1235.6699864936827,533.7865851593659,1.2
6993.331860728569,8017.042219405388,1.2
9914.23185972735,1092.852786985421,1.2
4452.244452799846,129.62264496870546,1.2
1574.4349935204393,4952.077930152531,1.2
354.99363228284506,1218.1792750323273,1.2
6221.592359938018,9662.321806112797,1.2
2664.042737169452,60.10478953580423,1.2
6421.468946150488,224.52997688836572,1.2
1381.8558002730008,777.4705959863193,1.2
9178.763842245846,7971.866903631296,1.2
9597.927300508649,2805.838068045167,1.2
1012.2119583107614,2766.9100494146314,1.2
8519.239351066397,6285.710536583455,1.2
810.690796016963,3865.47196084716,1.2
2838.3010361156025,8435.175938966995,1.2
8115.977150613664,633.7736692955453,1.2
9694.210061567645,8320.506532747137,1.2
8704.660230387539,2276.228316724175,1.2
3260.973728287159,9967.838583129009,1.2
3111.8911476121125,9885.241644751199,1.2
3621.4468155912714,3891.838009229557,1.2
1425.9933593192486,6419.593943893536,1.2
2080.458807668478,4438.096469737755,1.2
9548.876259466771,1508.380091489936,1.2
2210.477401828732,232.33532354645757,1.2
6850.019268717117,4308.104361257004,1.2
2.6512149238600013,2245.964951914253,1.2
4702.851431734213,7498.300384996301,1.2
3019.3208666428095,1068.167402595276,1.2
5098.415147135813,9724.929328684057,1.2
1017.8969939427762,9296.904245753252,1.2
2805.5366577863197,4496.2673602344685,1.2
7101.688938403611,3328.0781513388156,1.2
8227.76657336083,1340.9584268354567,1.2
5899.81980373893,8140.484548066796,1.2
2545.547064790058,9534.787382403676,1.2
4604.65100088844,9610.185267379204,1.2
7573.807471438608,221.48700110574015,1.2
5341.8136438499,4158.321450228505,1.2
443.46280667063473,9452.723393468956,1.2
8859.843836052514,9348.379416751326,1.2
6263.479314290411,7220.732520084142,1.2
5808.604184301344,4693.050825143848,1.2
1801.5059279738566,5867.653696117245,1.2
4002.9420048079933,5140.948332104891,1.2
8842.155749163105,6226.199446660691,1.2
7804.743305605381,6265.230024928876,1.2
2487.13353762804,5800.533729303762,1.2
9234.134995241431,6206.422677666167,1.2
8189.734937111114,4807.903482213101,1.2
9965.804659516358,1612.583929195902,1.2
8006.781453048158,3484.1240952691064,1.2
2535.4378725859874,7721.362686144885,1.2
9257.882712825227,4360.914324034693,1.2
2416.5290533551088,3672.7971133428714,1.2
6397.5606005114005,2974.9142427249344,1.2
4211.533942692262,6695.929737080739,1.2
1534.408251044741,5852.981910432485,1.2
6013.926847955092,9863.058787086551,1.2
9559.50881542374,6391.796153033535,1.2
8039.007066692704,6366.373677131446,1.2
4259.049765969284,9682.443169482643,1.2
2096.9299924544925,4298.578966842448,1.2
9018.237126219208,6697.393287637805,1.2
404.28287451725885,8307.70508635111,1.2
6680.990634140644,3119.204261378127,1.2
4766.826944460881,2085.888167246398,1.2
2450.898165570163,9055.526343578316,1.2
5368.039033143851,4057.1581392622647,1.2
9443.160722679264,4100.931270713904,1.2
5479.124809487131,9682.655099801941,1.2
1634.7505715468235,2873.39220391619,1.2
8321.35284542574,3829.9357202479846,1.2
8281.405311869556,3706.2619341165205,1.2
9510.72467988925,7847.978775196767,1.2
2974.672550156452,3462.7839043038775,1.2
5561.910588561602,1105.1324688706477,1.2
9810.155119910081,7243.812702853399,1.2
373.5535748652652,2261.1031359677513,1.2
7961.048657185341,8520.961127015973,1.2
5753.229738634753,1108.2378953254336,1.2
4670.73898121415,4048.3826460692985,1.2
6081.522929172951,9825.357731791164,1.2
3.9730138731353115,5224.369334184133,1.2
6494.667269949291,6434.366898313807,1.2
6349.115194605586,1630.146149759939,1.2
5872.026799300973,3782.2850933925447,1.2
7819.55746071363,3488.451522147613,1.2
643.6791129051178,4686.163436275459,1.2
3993.1799190599872,1265.6589306753408,1.2
3703.1434827212083,1704.8927323613627,1.2
3894.822966866982,2187.6589269943024,1.2
2250.711264321493,6980.242397618811,1.2
1902.8808546534392,3614.0113957748154,1.2
6330.3390333771595,6253.249635192422,1.2
1716.4442411174252,7726.622609396458,1.2
7724.370661805844,5250.730674400934,1.2
9656.917234987632,4308.8834977475335,1.2
9185.47988914057,6207.3070060352775,1.2
6825.977366748524,9701.150941918035,1.2
3316.5389509759425,4024.699313272968,1.2
1701.6491643696518,4377.987814583353,1.2
8492.641848465239,9889.095446340873,1.2
815.3661054427985,8025.92220612004,1.2
8847.126254410086,2441.1162219489647,1.2
1876.448806921397,4362.684138287544,1.2
5798.331512447003,4204.477282311718,1.2
8855.789684076983,7222.9631266423,1.2
4707.793269175126,5089.9052119479275,1.2
9599.537602172697,2970.690460373855,1.2
7241.710446426566,1741.213736623034,1.2
4349.038717525878,6835.094801632843,1.2
2864.8528338307256,1200.254724815224,1.2
9034.226418570073,9764.38190483752,1.2
2499.0278196144786,4042.353750626031,1.2
900.5380793464291,945.7403888873905,1.2
1375.4845404930993,3969.936751646891,1.2
4914.46931105845,4310.6979397490495,1.2
3868.61117746371,560.5972855673136,1.2
1608.2445584903337,8448.645391834722,1.2
8998.054976625099,2389.224608407249,1.2
4048.917070173821,5517.256254077834,1.2
4074.5087928794565,9279.328308434528,1.2
9324.878806625411,8876.956048632297,1.2
9667.862169954004,9736.210432794613,1.2
2176.4103814359614,8644.502989583245,1.2
6036.358273541622,460.8086327790706,1.2
9009.75990038393,213.7013965982315,1.2
3065.4668875036596,7817.772443390984,1.2
1493.7147150550888,9499.804253029737,1.2
9937.442333743425,9743.251599735948,1.2
464.9605290699432,5555.201030880976,1.2
6943.11835009555,4646.170311690571,1.2
3082.893643541743,2872.220043751026,1.2
519.4808484862934,8529.319496401238,1.2
7060.664803346496,1176.9669257656412,1.2
2950.712092951252,1760.817327020694,1.2
6516.797801168112,3582.1655286905284,1.2
3799.8843620074163,8748.814536783886,1.2
7145.6325198867935,1431.3976762608138,1.2
2135.9717632802267,5540.062185471935,1.2
5936.991329824208,215.70344232112458,1.2
9429.592638226726,3684.3290987668597,1.2
9580.386876035996,6343.51047356792,1.2
4739.001130378263,7606.841090618332,1.2
6786.8949511726305,461.0856916229489,1.2
7069.7794833021735,2466.0052412030986,1.2
9796.035604050478,9177.242310473985,1.2
8172.471809604977,5501.965397513692,1.2
4090.27119434904,3961.478504992678,1.2
2275.4464325972344,510.32948206461646,1.2
8908.751119193366,9888.638731435247,1.2
1872.6655772267663,1519.4595502806574,1.2
4002.752023262901,2601.1444708943955,1.2
655.4009743424549,9347.124830113906,1.2
205.32127412709488,9001.118626547992,1.2
3810.790394483151,9025.765349177847,1.2
8600.944920283151,5053.645197828795,1.2
5604.110095187893,7830.003507188486,1.2
6716.101584701774,1911.6447427751327,1.2
2961.365503517034,7938.827671347783,1.2
8984.931705398738,7274.841963627905,1.2
6385.164670129173,9779.689835700858,1.2
7490.549999300581,8252.056024670768,1.2
7324.328987862347,7314.630518826631,1.2
5140.941510931739,2763.5740938676945,1.2
9334.078645387672,5161.581189051338,1.2
6223.661340029624,612.2201751231448,1.2
3140.607772781844,5954.448808142484,1.2
7834.0009174035995,7340.710726556301,1.2
7843.405818615136,5455.16083136675,1.2
8280.001695041601,7625.994259719488,1.2
6270.183754689319,8895.178014464103,1.2
8746.566139118493,1975.9223932355562,1.2
7283.400206311011,3599.776477026829,1.2
8393.752255788679,413.99298408619,1.2
6366.984211896949,1540.7154860720784,1.2
3362.83056168699,4135.117204615422,1.2
6837.859191873006,3911.325210537393,1.2
4445.166753505331,1790.391055931041,1.2
8061.791884032848,7967.77045770598,1.2
4629.845884354648,4031.260044521382,1.2
9646.082581265795,1609.5082293805685,1.2
4994.187087197212,6501.297930481421,1.2
214.0316257400654,4523.949384488392,1.2
8961.0972006195,4026.4642341592717,1.2
5202.173780724556,3685.737690107268,1.2
9633.149185815852,3583.9553864406494,1.2
7816.253313590088,9137.910168393819,1.2
1839.8066247743195,1810.9848748524614,1.2
4991.358397408249,8045.039844616449,1.2
5407.916178917811,7810.9768217678775,1.2
8663.99937295928,5791.0106911039875,1.2
806.3836094279264,6840.8460590699115,1.2
8422.018993005797,7990.677985144833,1.2
9514.515303833385,6617.707746768141,1.2
1588.2644678128954,551.8697981711041,1.2
902.2085264716184,6972.175730823043,1.2
7704.159896866775,8233.210674885497,1.2
9123.45769137822,1426.4860985044936,1.2
9888.624151870936,4186.227960619016,1.2
6775.697234028707,136.09131675296982,1.2
4721.758111032467,278.62297488231434,1.2
325.70267113176124,7657.631652602967,1.2
464.4377259155852,6534.377043871384,1.2
9580.196385359492,5779.77474773634,1.2
7416.0182059130075,8624.983237941455,1.2
5681.5953509143155,8797.450925731135,1.2
9152.31363819746,4285.691001866831,1.2
4437.322644770939,4957.522831139288,1.2
3914.4086068522997,9265.559457408386,1.2
6041.477726255241,997.1710407685641,1.2
7657.990223923042,2429.4866924359994,1.2
4804.34486995499,9482.323623549682,1.2
3010.4781490597397,3683.586103381432,1.2
47.70283124554631,1495.8812130059985,1.2
2677.9334825829615,8163.725619220708,1.2
4721.270221686834,2850.9319022809623,1.2
9162.70948380689,4844.3884913186575,1.2
6138.378537450928,2910.171450490986,1.2
364.27774882931254,6242.854247930865,1.2
7752.311794912098,7553.186937578442,1.2
6660.751755801522,255.58537380879432,1.2
6807.086618356018,1167.4082216225945,1.2
8619.164603464027,1128.218362845592,1.2
3984.258700423747,3097.486065614139,1.2
7530.139836335584,3921.7895232154187,1.2
3964.303038691861,9406.771007242793,1.2
7043.213364953122,4461.904454522564,1.2
813.9932125548399,3485.347485889897,1.2
6991.725760352744,9676.211014804296,1.2
9190.759260685358,1075.8781557831942,1.2
449.99720698698064,360.958603743966,1.2
1788.3456786367312,2863.4757980384484,1.2
2347.690282865792,8940.515536352508,1.2
474.0217789472445,8655.030872067537,1.2
9595.035867576478,4537.3891491766635,1.2
2772.5423660799743,9785.633652885534,1.2
9931.50974847972,8750.967138726457,1.2
7344.6717864055645,6007.807286657726,1.2
5281.773818672775,2423.175365629716,1.2
8010.70567815446,1088.6271689301252,1.2
2116.6941656500403,3628.5739943056296,1.2
4056.4058372168465,7428.820354469825,1.2
7819.449714193784,3538.7376616334654,1.2
3205.263833122326,3052.3839397081897,1.2
5388.7130650098115,7690.308712317927,1.2
5636.051418076213,4463.658032159705,1.2
6736.444692991335,7233.957755714419,1.2
5511.995481502549,2657.4129874438613,1.2
7731.30912770622,3729.7119222135843,1.2
6075.292235638021,2335.5658823222902,1.2
3983.726355119077,3090.9026325933496,1.2
572.3513393330581,9688.906123943314,1.2
8429.593209539342,3106.861676152006,1.2
3306.0743010243455,6007.902063625378,1.2
6847.493590936072,1135.3462526507274,1.2
3854.5412410088798,975.6021522184133,1.2
6316.037604196956,6235.454227503571,1.2
8359.459845485702,7513.274741462491,1.2
9366.6269709895,8567.110618733144,1.2
6002.061842515914,6122.27734788068,1.2
4301.494532456116,3571.92084049901,1.2
5826.60089136675,3562.843800338805,1.2
8661.588750412533,4389.081940826523,1.2
4953.510390652316,9202.059650141706,1.2
9140.91614847393,2650.1623050928715,1.2
2926.081189420593,5641.14082601059,1.2
1356.2073413954834,3086.5539111156036,1.2
3404.8218113690777,9793.800735001169,1.2
3243.8048775674156,2917.5062178129365,1.2
4997.1422886352775,4168.058847574068,1.2
8187.187132177622,9855.153901060905,1.2
6705.0736287678255,327.5145412803271,1.2
3395.840711321161,6882.635763543801,1.2
5569.335245140197,4822.951297371404,1.2
1822.0298833670267,5328.504623310163,1.2
3647.1093934132036,4502.759965795239,1.2
7230.026487387544,5701.834934994092,1.2
3122.5506676426094,6957.828594512502,1.2
7253.1180877974975,3562.116437152898,1.2
8866.687566719564,3235.2350414251796,1.2
7338.785472668271,6844.927625880791,1.2
2549.5355112298444,2509.6757549662298,1.2
401.98858352566646,9026.664339426308,1.2
5589.185516288992,4320.01453740723,1.2
6202.867069868174,3176.995518456801,1.2
1995.3891807727764,4123.40225675005,1.2
4368.335677232608,1752.6811804803722,1.2
2734.423879382383,6690.60227213657,1.2
1861.5816438131849,9955.126180264764,1.2
7735.491359620962,3540.5790274138826,1.2
3881.5528279439527,8574.754254736905,1.2
267.91729739726765,8149.844724498351,1.2
6410.880494178013,2854.582125992653,1.2
9544.451401832783,255.5282186242025,1.2
5943.515584945085,2172.7285817454544,1.2
8968.847300740113,7650.503040774571,1.2
3421.9189306244234,7173.836125495336,1.2
7296.362772494537,3835.116916920536,1.2
7120.477498706389,883.9589207295551,1.2
5407.393382004504,3331.0242298292937,1.2
6955.784169067335,7742.625701088928,1.2
5457.444297992935,6125.61255588526,1.2
2144.926713362577,572.6122682666435,1.2
3120.341063264617,4738.484791714906,1.2
3303.849512597176,9534.017672701048,1.2
2011.6514203301272,3786.4289743112854,1.2
9355.208510809873,3990.975226697564,1.2
335.89283349135246,454.2036037240471,1.2
701.6658875853743,8106.4096849072375,1.2
2493.605103858416,3991.067881126207,1.2
2504.317022957413,1003.8903695244538,1.2
9974.771458051848,3838.0760279966153,1.2
5786.779696847282,7911.411763795569,1.2
2509.6763574837078,2404.8795093912067,1.2
7161.739093171038,2507.343180090819,1.2
4435.4920799249985,5673.38625608401,1.2
8676.478455617838,7615.735326836863,1.2
4950.6007885973795,9630.89272673611,1.2
7921.334281364829,5366.482484379289,1.2
2271.406850560551,8960.19115548309,1.2
8372.832755178588,7645.269358257178,1.2
5937.230504789489,5331.193595070373,1.2
7938.151981117106,3592.848015108573,1.2
1148.714235532514,8586.702977955707,1.2
4036.1252000069335,4925.029045556796,1.2
7718.5630660301,4521.306197116064,1.2
4272.936943894719,3282.0866473147157,1.2
7492.508876992319,737.8316345455371,1.2
8736.714908157934,9030.495092593128,1.2
5877.577917500112,3986.228404745753,1.2
3054.6755756983725,6665.371148763203,1.2
7407.117011992169,7217.633062949853,1.2
6619.049256916718,8741.838692909612,1.2
2982.042936232363,2269.1854244857823,1.2
9899.714354336407,6863.251665249256,1.2
445.4557761959688,1038.5459419058852,1.2
9091.704757729285,6486.769576395808,1.2
1012.009923316457,6756.104846072645,1.2
2427.2882761446435,5231.759363465563,1.2
4460.990115981494,4484.455424262142,1.2
9662.508468621052,279.1717339585109,1.2
4691.746183107458,9227.2136553833,1.2
2762.937392507505,278.3704669754539,1.2
6705.185310924589,3666.752616040817,1.2
4506.72134316221,2396.255731847273,1.2
6942.569337405551,9707.304712749326,1.2
7257.649878850162,352.2844979542228,1.2
6952.010572945516,7239.562519970801,1.2
863.1325128208811,8108.775912545906,1.2
8515.36890552707,980.1530311780505,1.2
3378.924694806983,2010.9759766410007,1.2
2170.5611157352423,9575.548037527587,1.2
3894.933113084431,3553.9644445047534,1.2
2962.288733626468,4933.848177888428,1.2
1420.2512843681714,9034.146165183167,1.2
4441.161345644471,1223.4655248586112,1.2
9587.609380313215,8149.628244207652,1.2
6909.066259488483,2733.5612730032035,1.2
8429.73781117155,8534.58267558636,1.2
7543.246023232204,4928.948665889692,1.2
4576.951329414361,9692.343467518584,1.2
1205.460921767154,3192.046865137904,1.2
9785.151607175096,9106.733390078874,1.2
2301.0350565212666,3154.5704378568275,1.2
7507.13906530694,8874.240678237404,1.2
982.023574878349,7735.299466266282,1.2
3915.671039933749,6293.859698307889,1.2
1725.3809982152845,1795.1197185081103,1.2
6600.827571132637,4455.769749636001,1.2
4472.452526291705,3016.3780865779854,1.2
6605.839174997536,9261.0501826018,1.2
3282.238809252317,5087.741944407156,1.2
7620.255740996513,481.6647920150674,1.2
8031.322074648072,2395.399588712157,1.2
8277.024041494476,7095.075275625588,1.2
2193.461691514804,9190.893722990686,1.2
7049.233614677505,1349.2895154525463,1.2
42.47050733658164,5012.814754831516,1.2
9375.432778874798,9316.84572178843,1.2
9019.529075721564,4289.412336491855,1.2
1760.0939675766115,7551.6097932186085,1.2
1839.5307203831358,7419.185136678368,1.2
1702.6129415210644,4104.680568518078,1.2
1778.0515958440535,5398.208830851753,1.2
3380.547516363088,3563.296888926285,1.2
6408.2293179563585,301.97479917982827,1.2
6997.733444745182,6782.544585104952,1.2
901.8087967981813,7334.195388377345,1.2
6376.627206011791,7909.95797396379,1.2
4642.121412161005,4064.8996566148744,1.2
4827.707630167828,7144.923453304588,1.2
4876.807984607291,8798.407629716628,1.2
6512.768591728622,29.1515872331094,1.2
8589.503498626435,747.0155849823445,1.2
7926.132476034982,4246.648578679989,1.2
3777.64758108186,6875.423020281496,1.2
8005.906341590453,7425.626408379934,1.2
6056.309932872457,3713.307437934352,1.2
4684.662594835856,5351.866575300613,1.2
1880.0874052293204,2340.015341797661,1.2
8441.27262100783,9231.874207443052,1.2
2439.7020260356517,5751.210086709096,1.2
4428.476085881903,5262.423445141978,1.2
5235.585514576153,8643.117384185189,1.2
7653.688717362041,4004.471339132234,1.2
5860.430191795842,6006.772099888418,1.2
4449.418275174932,6047.475486857822,1.2
1070.5107930604174,3267.3472926636705,1.2
9015.38572890042,1723.9325830152884,1.2
8315.99952599332,3617.4948728694244,1.2
6641.355127785373,334.6135880451817,1.2
1971.3952036151595,361.2291894335673,1.2
3441.824511600179,1688.0408433898097,1.2
2307.9430731754437,2857.1883151016586,1.2
2434.7379701172235,9838.367172255148,1.2
261.62336500354155,7990.012277681063,1.2
7599.513771244112,1221.379845881434,1.2
9929.028656376526,8886.914721921346,1.2
833.6314480273677,6698.719999519915,1.2
9082.24872846962,246.67373912711344,1.2
9832.447748980143,5289.026766461338,1.2
2865.6742927963264,6657.376347159154,1.2
4237.841984532882,6654.160706601611,1.2
3034.835317598942,155.39550281167936,1.2
1318.5825312516797,650.3462272286054,1.2
7112.74581206457,8743.012148756974,1.2
8775.434012509397,2078.7481242573767,1.2
1916.9326391016928,7702.719515000729,1.2
944.4530181046007,8582.559953855029,1.2
377.8657741327662,14.507845209509318,1.2
5758.319244371375,145.48113853501965,1.2
894.4548633050031,4789.341637609404,1.2
3135.1791779963423,934.505495243062,1.2
3260.4878403122516,6374.933131751691,1.2
4652.73171224336,7799.9671536130845,1.2
9655.464061951749,4369.900032889044,1.2
7594.0037068002075,2961.476747109998,1.2
726.7786047287594,5897.7687474902505,1.2
3998.2303768079973,2750.804916757964,1.2
8327.419351429855,9246.767804973504,1.2
2815.3458282311403,9597.112689983238,1.2
7484.1674467511075,8173.1686179963535,1.2
940.4771590626992,823.2408859417006,1.2
5256.809568834643,2785.269596112907,1.2
4668.2477345621855,9845.653255055775,1.2
3570.3974522722815,1932.6067724538088,1.2
8844.486839980627,5572.6330933751915,1.2
8478.061169263952,339.24665663686346,1.2
5627.97585605269,9687.705196070023,1.2
869.8201051341647,2628.820351769977,1.2
8400.471943531984,6749.0744222213425,1.2
458.00215422795884,8359.297950197843,1.2
481.9522440728119,4641.715758861929,1.2
5344.254708171815,52.39676471798349,1.2
3043.1807245279088,2469.887278374482,1.2
1449.4764004503568,9807.728072790476,1.2
6250.078053931844,8781.064938526548,1.2
9484.9757157722,8004.895208894859,1.2
7906.581569401552,4368.905997548034,1.2
2455.2188429984576,5178.280777878471,1.2
8587.774972098783,6509.935815813948,1.2
7974.649030403589,8664.808709110926,1.2
3809.3074133375094,8572.815939292144,1.2
9253.939722528232,4302.098588925321,1.2
300.24105338398385,9855.671841942876,1.2
5436.621469471638,7034.096337983977,1.2
3332.6094703115896,1993.6178139242554,1.2
6928.42961745211,4552.047879920586,1.2
938.1622998283179,8950.065249162726,1.2
2466.419281471796,3973.8504828054265,1.2
4946.040849724475,7764.811550300688,1.2
1901.2411312096845,4383.577814153503,1.2
9120.502804492718,6739.227830521658,1.2
7629.826130664786,1088.3192604242997,1.2
2445.219785854594,5782.60861850147,1.2
6961.099904325732,9211.187971248048,1.2
2216.878502344286,4910.4709171458735,1.2
8861.400187168509,6351.669442090182,1.2
2890.700118777576,2408.148830714687,1.2
3125.3641684320432,7570.7008657112265,1.2
6319.050927411637,9466.50775263389,1.2
3167.6901841526237,5254.673304350773,1.2
9221.208543271629,6792.9649591621965,1.2
4910.027581765526,5574.6730905660515,1.2
8725.680732907367,3969.2201100018633,1.2
4373.133335782722,5056.729133853125,1.2
9347.254245321497,6144.359234036633,1.2
9690.899871826081,9966.975613376366,1.2
2569.471336878724,2076.8973568698634,1.2
1623.784070109996,8096.025684001552,1.2
8439.71398191709,5911.537809120191,1.2
1683.8940053963847,6113.431409007675,1.2
7890.4895227553925,7848.385867621693,1.2
5521.506092867718,7322.187829766625,1.2
9596.178494963053,395.6347251755421,1.2
4211.382863705218,5232.608076711565,1.2
6707.6918632222405,2249.055283429091,1.2
7058.67674986821,6060.531501498222,1.2
5096.409380052739,2320.9538417635113,1.2
3424.731700219803,6663.025523928469,1.2
7246.509515645353,6717.62849571929,1.2
5484.824517976016,8799.99663665735,1.2
5180.059295646405,9720.709968232279,1.2
1943.9189486118546,8800.363702331286,1.2
4040.3179275199695,3237.158390447109,1.2
6874.201117227855,5155.2237590253835,1.2
3192.04376603928,3192.338882151543,1.2
5228.802172887909,8730.700246302269,1.2
2457.259330599845,673.542399978162,1.2
1459.2312738248836,2890.5683867395946,1.2
7608.382498681355,3047.8536974962944,1.2
519.7662061564912,7629.184959362167,1.2
6174.46503979309,8105.642028018988,1.2
4554.57635169551,7984.809139625318,1.2
9646.84643386149,6106.309635870527,1.2
2438.708532260222,3081.577919085765,1.2
5161.365092154735,7198.834802527944,1.2
9079.408389260025,8552.941680359707,1.2
7020.043265091563,4237.365957198113,1.2
5259.226448348218,7293.111870354814,1.2
7256.53094027126,5656.624510871979,1.2
3099.26154273369,4950.813545217847,1.2
2925.2058369466527,5203.017353033272,1.2
4823.556317944711,1036.9912945616954,1.2
9661.48380575775,1827.965667689273,1.2
4314.774181443556,8364.730731870777,1.2
6798.373768008629,3320.49055618984,1.2
3956.243147099918,2494.8349011008686,1.2
7859.443238234874,8640.30958687633,1.2
6687.3259392041155,7906.944651992044,1.2
9847.38668978093,5127.316579661267,1.2
9096.987645629191,8558.777832681453,1.2
3160.262369321334,586.289967736906,1.2
2070.3238368706466,6003.0980663457285,1.2
4744.37184044783,3715.627697605497,1.2
2264.179949165548,8744.890961239715,1.2
1624.2505045357968,9353.88701305622,1.2
1704.5102270499801,6645.434009101774,1.2
6290.310263836211,5652.875184899655,1.2
1474.6676206604093,2085.936031965271,1.2
7639.025573634879,3670.5837741183577,1.2
6602.875312333026,4794.008811300363,1.2
1741.0992563568661,5867.687975810863,1.2
2909.5146377710767,9452.971857288432,1.2
3486.347094273099,8014.682341060741,1.2
7376.716404221484,6510.511451741311,1.2
269.90068333063164,1291.195141071051,1.2
9844.444193435247,4599.466306620165,1.2
5862.391112765722,6519.373423968761,1.2
4555.847606527758,8754.791566651931,1.2
3526.3088495439697,4830.8239596054445,1.2
4305.479815500564,5445.533157107776,1.2
2613.6529992376168,5628.325326531702,1.2
4095.8635822845667,640.6671547685994,1.2
2777.3464817311155,751.9654788016228,1.2
4473.177502136246,3221.062466076663,1.2
1899.9637903274136,4076.3823370951022,1.2
4475.264465988549,8478.117763404472,1.2
2595.3390906230234,1282.9431575724925,1.2
2272.2396524139544,1062.3642618043882,1.2
1102.6399117555352,1418.7428078539076,1.2
7253.253968361385,3102.035923160722,1.2
8034.203667781045,3616.773366980108,1.2
8304.177374135626,1444.6180223779415,1.2
2713.3639156961776,5028.855300806147,1.2
534.077905548932,7565.970628645571,1.2
2523.867175881117,7836.016395286114,1.2
9980.697117698297,182.18565367471462,1.2
1714.3574724519406,6917.459427281909,1.2
4392.60098836539,8329.11005214079,1.2
6370.012339975616,5872.88311919659,1.2
3035.1547214445195,6163.543909651233,1.2
7374.01538543128,2336.2942283665743,1.2
3489.458987465033,7899.744927165334,1.2
3208.3382329993938,5226.677470012736,1.2
1141.8146361741167,2111.170375961717,1.2
3588.074154121419,4186.903511755977,1.2
1425.372552439047,8082.499567382979,1.2
9653.786545573608,878.4333236243469,1.2
6001.408261550188,5573.674855088464,1.2
3901.976922995136,7020.952641545773,1.2
9129.787321167785,8727.322016021464,1.2
277.29124083538227,4282.915343732364,1.2
8852.433413182884,8216.901402539108,1.2
9135.073906155476,5091.717074439559,1.2
6972.344666303239,9114.900398151301,1.2
8552.171689675959,8224.17814640585,1.2
5672.387007000558,2347.3066648846607,1.2
4674.329008889602,4554.180210192558,1.2
628.0776864848525,7244.513577775942,1.2
1751.8349916464326,3637.2140121635944,1.2
122.25124489210427,9523.112503174214,1.2
7580.520287796157,5259.332274831126,1.2
8577.961034812306,3982.2860767275915,1.2
7145.53487500053,5494.970621203743,1.2
3893.2436117648217,7790.718634759049,1.2
8134.649606155737,3151.633154231005,1.2
1728.5430094389776,7196.095693652385,1.2
2993.553983840941,477.9527081692969,1.2
5650.692019443246,9332.60460098511,1.2
5473.805280138741,7355.323454615889,1.2
1877.9489346398425,9301.041084369264,1.2
2822.987942810283,9528.907234352362,1.2
6619.638140534543,9307.690051062036,1.2
7947.932042031189,6518.009732398383,1.2
3992.307065823704,1913.4627166107798,1.2
1776.2637850525155,8389.167844491869,1.2
8764.997409663796,2980.523332588634,1.2
2800.528663319399,8237.478789282406,1.2
9611.86517631365,2407.804588176975,1.2
5452.635731464142,1410.667604612489,1.2
359.8059946101617,8247.617068657037,1.2
615.3183131944951,3722.5762178605605,1.2
9704.711388935975,1464.8408306870353,1.2
9540.638388520172,153.43679046090907,1.2
8289.046080799406,9680.070893238408,1.2
2652.458976130905,3065.32828142266,1.2
3044.024429170519,1960.4290783600763,1.2
9724.208793002854,8821.794748938033,1.2
5861.406745975354,6280.192538509716,1.2
8138.268577634388,8928.384563810161,1.2
321.5047966840534,68.75911759097187,1.2
1679.4277740101015,1959.9476204879784,1.2
9033.026991833747,4315.554558409699,1.2
9833.547953634099,4571.974033504765,1.2
9474.336345099327,566.7272273233326,1.2
9187.243022157629,1451.4033551105053,1.2
6052.772905549424,7391.384438295957,1.2
416.168000727255,3993.386807410888,1.2
6571.699955828376,5085.605571725614,1.2
1303.655184814374,3249.7710261477155,1.2
6872.303129029945,3790.6632333582747,1.2
1243.1998625424678,8614.64312019092,1.2
2672.0596811920204,672.8754492033906,1.2
324.000538986372,5553.6200562606755,1.2
9231.029687264958,8657.819456803009,1.2
4129.71338943587,8602.475546023305,1.2
273.7833244039189,802.6389184359184,1.2
1599.0200426780566,524.4938841410518,1.2
8117.892705361778,4472.387314479609,1.2
9458.681603654266,4748.983950611519,1.2
4038.910253184428,2792.727296271886,1.2
5321.1197250983,626.6349702294027,1.2
7704.947087541001,1024.5932096879362,1.2
3056.515379550323,987.2259323880728,1.2
8975.879355573172,476.1714002392514,1.2
7450.475372083612,6038.447848163501,1.2
2400.5296859644463,8982.723834426115,1.2
7728.417804095692,211.11155031232175,1.2
7712.158457320345,8395.46112564584,1.2
1687.2998089765179,1430.891309479132,1.2
1342.7816826967521,8993.744246877433,1.2
9388.436715389764,633.8813884487637,1.2
3662.2447572181018,4303.85344132572,1.2
7282.51022591743,7589.467331284218,1.2
697.4184042013154,8286.6220696622,1.2
873.2096990233673,6126.6520948775005,1.2
6385.676069179737,4609.440089652552,1.2
8131.430126162857,4655.7357769099235,1.2
1718.5829056349467,8830.679856715104,1.2
8478.436646463175,2686.5724135822365,1.2
9769.30861099925,6459.220720668566,1.2
5091.401236842855,7644.705928171787,1.2
8031.279273297156,5963.538374591271,1.2
763.7130628185673,6542.377008404416,1.2
2401.684893838255,527.2455362179107,1.2
4737.628758937576,9349.755987799594,1.2
7195.6439719176515,6381.6091967774255,1.2
4447.844860506498,140.6546224477534,1.2
5907.861502037251,1502.6755846125816,1.2
1991.6062112310008,407.44787432563265,1.2
3550.210545399087,4222.453430068795,1.2
9864.889985917333,1709.2882942578135,1.2
2391.973289202827,4888.995408887849,1.2
1914.7763475430445,7048.11286235069,1.2
7153.622295844817,2650.7482019652716,1.2
7128.689045907142,995.5098577200572,1.2
6311.983531382642,2431.26483720134,1.2
8545.626568397793,1246.8731284108349,1.2
4065.0912848128296,1864.3629061090949,1.2
522.6017750489342,9380.663694196923,1.2
838.7027049237172,8850.76924588821,1.2
3217.934222576537,3182.0517872722444,1.2
9766.367236310096,6951.90595368921,1.2
5522.093709475456,6800.139849515575,1.2
8949.574251612687,7681.486734299107,1.2
769.2196242956462,6808.886883971591,1.2
3073.0594475541316,9402.394073580143,1.2
2288.8303894587516,7792.578132779918,1.2
6809.489726867576,7182.003395766065,1.2
6193.944030778741,9265.249143837647,1.2
4682.706529604824,1524.0260433938836,1.2
9353.68225070255,5524.505383173786,1.2
6808.131595005292,5392.801539460541,1.2
6385.030329804185,8790.883533829465,1.2
9885.473715527472,7218.023257902796,1.2
921.1738842867223,6144.908061769614,1.2
3813.8068383906466,5167.401824568312,1.2
2219.0935707652325,5226.950936705437,1.2
5805.722519262163,2347.5751362729857,1.2
7497.512113416021,78.93277509316121,1.2
6387.690225878515,4353.895553037496,1.2
7764.209793921329,8049.336069744665,1.2
3281.1301142844263,3388.4578843803392,1.2
2802.3433190144356,4307.806263329205,1.2
806.2609607501392,4223.104007198011,1.2
5725.549515246065,5886.620064698372,1.2
7773.624403066727,1669.571816406389,1.2
9046.930108165992,1736.8044450075593,1.2
6130.4234771811825,9396.202522484193,1.2
1715.8357784105172,405.37918984305367,1.2
8520.802162846052,7380.67987163514,1.2
1253.4793548304112,9758.65234922368,1.2
8917.877763950077,8065.736891667159,1.2
5346.706158302168,5809.47778070163,1.2
2624.9969168998246,5141.188019375648,1.2
1356.7874440178418,8195.847218396928,1.2
318.7129275227218,7189.140536564986,1.2
2074.3168860946303,9531.252456421329,1.2
2072.98573657281,6177.351856121053,1.2
3717.9143900697964,450.7538727071025,1.2
9753.813034694887,4716.73054781421,1.2
4597.135025393607,1545.3536134619717,1.2
2794.149748734972,2393.0189173992576,1.2
1278.7491718882104,9254.743552147702,1.2
8804.41681082759,5763.4247618963145,1.2
9277.451106660816,9063.918535393623,1.2
402.36822962843365,6777.800215124351,1.2
371.0424944490076,4873.968204009226,1.2
5011.365968489895,7512.00662680704,1.2
1149.3693321540654,5699.565379731407,1.2
43.2796366136412,1358.353870313005,1.2
8397.243620884294,5695.281172804828,1.2
9741.21639825002,8630.306136466068,1.2
8164.877862610401,3151.369754218364,1.2
786.7884607648567,9552.676809117815,1.2
8013.481714519851,7365.779608775256,1.2
7719.2802781086175,7453.967018059517,1.2
1696.9100457823915,1806.7891776594358,1.2
7781.4478989672,592.9863500700916,1.2
8440.480660815378,2562.450163681681,1.2
2770.857633796152,8586.214633082238,1.2
7736.256390712494,4282.927814326513,1.2
9676.92008885967,8940.601150426399,1.2
8582.249640216709,9151.776978207472,1.2
6601.073809403981,2587.818731144542,1.2
1573.889005729937,4587.01804256824,1.2
214.18900229307368,3795.4039873299084,1.2
3222.249016094806,4812.442269933987,1.2
1056.6893210125018,6221.251483699865,1.2
6365.869241767821,3075.1344035384654,1.2
7299.696027529459,8705.549989770427,1.2
1154.9382661147768,4683.30628085295,1.2
1988.7405154968162,673.4673524950241,1.2
6397.027597319881,7680.858621815707,1.2
473.61283350705105,6073.1915181130635,1.2
6142.758718170217,4003.3495128524187,1.2
1969.5765961902346,1287.5669332289963,1.2
9870.607596878608,5516.442138012422,1.2
6852.616066888284,3061.8840978470716,1.2
6986.896709738762,2883.334973257465,1.2
6473.586498303125,5413.831576323793,1.2
5107.928670766473,4169.541541245117,1.2
6157.261276034348,341.6334085283013,1.2
8228.014647516673,4772.467592507934,1.2
6582.11903867982,7414.385888687817,1.2
7797.796536823081,4714.631383457051,1.2
7151.588572442983,9362.168471430592,1.2
9424.25096503609,8497.065912329484,1.2
7479.759498046432,9181.064869739555,1.2
5125.334647304139,3719.516530909025,1.2
4601.257767551531,4559.27635595595,1.2
8363.43496586766,179.88645338707587,1.2
5622.295571346697,1133.0544176267908,1.2
4164.880952724953,602.7195902583804,1.2
1841.0871424537834,2736.917381324143,1.2
1445.428809672532,2115.424012248588,1.2
8470.37200648186,422.407889312918,1.2
7638.949362384827,9107.80693197196,1.2
7920.3426065542935,3661.2333280167063,1.2
3244.705974782288,7193.987396275238,1.2
8647.103866902584,1713.1244456346394,1.2
4475.126322138742,9250.582173475574,1.2
5482.299063500942,5708.006158063405,1.2
3571.7199482998953,3526.153085901078,1.2
1123.120253927098,1176.774664912471,1.2
1418.9715484829712,8861.442974844404,1.2
4449.590767121849,5939.42606845977,1.2
7319.802251869119,3323.112496342776,1.2
4601.012281962715,1829.1386616464001,1.2
5927.444089753724,6618.682457618295,1.2
3367.1385742908124,523.8438673624979,1.2
4544.278208282898,5737.051984558573,1.2
1871.2777283052474,4753.185116393428,1.2
4088.3521327671056,6746.118230808814,1.2
1321.0203994591607,2490.1382050652956,1.2
371.10314984838635,3831.6896301590396,1.2
819.8783075111105,1264.6319593064015,1.2
2134.3995108034132,6875.883858999174,1.2
5452.292637147477,8156.362092260626,1.2
6550.663483734726,5905.958099766531,1.2
5887.87915812131,5300.402641878512,1.2
5749.835871510091,6334.9728526181725,1.2
3346.8531768569433,5410.1153328104565,1.2
3805.724386969411,6180.563101571457,1.2
4016.406919272847,8680.21526018796,1.2
6793.248321388419,9453.572920829936,1.2
1461.7642058355407,8599.90645391309,1.2
7887.842182981357,9610.23781924893,1.2
374.2705562434445,2005.0068778625573,1.2
6136.3038748641675,5231.994680542061,1.2
1520.6782544023679,6804.134297384617,1.2
7718.770501486095,9034.942441035699,1.2
2631.1903992324415,3979.4617843101655,1.2
7719.692297981489,6209.535121664739,1.2
2874.523484341315,5496.213630735556,1.2
6516.793740025007,7468.513944121077,1.2
9505.888386030898,1798.181552975826,1.2
9184.743424662996,1454.098316484339,1.2
1647.8338022933326,1773.5416819899485,1.2
3377.937105460287,903.6043789839043,1.2
900.6696587638663,8493.922656511717,1.2
6928.383321248949,1103.9239639975829,1.2
6799.14691937932,4133.297738591925,1.2
9091.6566975532,4010.3907150873897,1.2
3060.759666375992,2647.719613518432,1.2
1821.0750582402757,268.9410216741117,1.2
347.7780936045416,8636.95990005376,1.2
3701.9905069466954,7170.825321358521,1.2
9628.47380415031,1344.3024159742422,1.2
5792.453401503394,807.7394993934095,1.2
8895.603495940222,6749.728112184203,1.2
5176.998283390001,4913.129948358125,1.2
7281.009213924426,7812.526881849558,1.2
3827.8886041711803,6791.088270821314,1.2
9917.553504679501,7153.6925915318,1.2
3926.35731800419,8490.822570492615,1.2
1426.6544519129043,7447.325322153099,1.2
9070.20420590403,2316.952236793194,1.2
607.7463391516947,2432.821802826248,1.2
916.4294417442653,9937.2226446394,1.2
4667.709867398709,7400.853067964224,1.2
7.973040569280165,4877.369826258252,1.2
6894.078317568418,6398.463871596243,1.2
3807.660792623262,6825.770356766836,1.2
7125.350438591819,715.1253020654857,1.2
6067.623733601027,3923.867404053285,1.2
9264.27123967295,4316.269143145075,1.2
799.0278953207586,5649.514850860599,1.2
6165.05735181776,944.6993465507936,1.2
5993.601834323341,8944.672152453115,1.2
3529.3931410909595,6436.032842864476,1.2
3377.0121170462385,6716.639766868596,1.2
155.3175440855492,5248.141798800067,1.2
8309.803806057895,5427.902191415297,1.2
7443.675178743386,9179.27543936776,1.2
3501.704664638036,4364.871992856595,1.2
4846.800067131612,4950.967222314459,1.2
5739.320788235394,4377.075607196977,1.2
2783.652558261488,7102.317186438968,1.2
2797.879009724844,8202.259608972317,1.2
9841.622200897922,8644.352504782304,1.2
4466.784557138093,4673.564313074708,1.2
666.6673861374961,3398.9132219625494,1.2
3610.9530809897806,4611.284421634431,1.2
398.4569310124453,1155.1911286630134,1.2
242.773773017666,636.302184564026,1.2
7990.943026578094,6380.92358001906,1.2
8065.001059380827,5565.025491146963,1.2
2687.4389169465385,2576.1774886173007,1.2
2415.259711065164,7818.451316104012,1.2
2583.9358997133954,4754.001928251009,1.2
9881.964513434996,7123.975420961267,1.2
7146.128671706389,69.0012082945557,1.2
6073.19436654835,2003.5107459918377,1.2
9300.306381873828,1622.0032343787304,1.2
3933.7442224446295,6190.068257367218,1.2
1947.675784971732,4173.022587635476,1.2
7490.313096098909,9334.787145270056,1.2
4513.249243050689,6265.50521831323,1.2
1147.9585648509815,6038.983781934617,1.2
287.67325522239815,176.21018086029895,1.2
2790.21689769102,3108.8136931194767,1.2
8241.66712878014,9629.5646783832,1.2
2547.7839392737665,8414.600779242977,1.2
4370.946650056609,3669.0715429017505,1.2
2403.3877033048525,6705.42993585738,1.2
4144.144408979678,9875.988405280897,1.2
9168.930053159855,4040.3157797495105,1.2
2793.14881649118,1072.4720164166124,1.2
554.9228289894903,7351.9867415792405,1.2
1853.38655789145,8332.34211288445,1.2
1264.1352797769146,6248.451494614819,1.2
1558.7814262589018,2474.3884905039704,1.2
9350.620373618704,8302.635983530865,1.2
5595.899528470431,8532.937207807709,1.2
9944.82794551525,8426.686559979606,1.2
7241.088978456393,4609.4598635390785,1.2
3406.667872106023,345.2469714791795,1.2
9316.054897695936,5060.520004116129,1.2
8994.254110844682,4075.2994685919643,1.2
9702.321748638646,7508.379351137131,1.2
5594.034558815884,2939.121331527824,1.2
3595.0136497702924,5977.667769110791,1.2
4221.871721446086,5989.425854639089,1.2
1077.5789740363696,6852.16747613278,1.2
8347.892986711904,3068.7899630823435,1.2
9131.903016278739,6883.843262138919,1.2
3205.9358307406037,7396.607303110594,1.2
4079.4052726749364,9693.168916245835,1.2
3285.865920315635,5676.473932826935,1.2
8064.324216349712,4616.511898411769,1.2
3494.7569076220784,4254.797368429043,1.2
4678.161180991666,3796.2356260696483,1.2
6444.939665697464,5237.158676311899,1.2
6454.5525904544265,1997.0533024350034,1.2
8550.61119656344,3624.5615702665277,1.2
7300.3071649389685,6732.460910955067,1.2
2840.7113892911116,4194.5305994596,1.2
6185.417372804003,6013.771383162963,1.2
9316.268748812736,2712.0146564693205,1.2
3362.6769893982946,1980.7506662602837,1.2
367.1572664813327,6456.900214337377,1.2
6409.135466270991,8262.20529773019,1.2
6830.312846768564,5518.004768195506,1.2
5393.542901701751,6849.531653138816,1.2
7064.952793590288,7337.62396220514,1.2
3840.7042053496807,7451.199191139361,1.2
6870.0112992580935,5904.032761488166,1.2
6069.90217447549,1685.3150318209075,1.2
5506.805596166198,969.3754244044827,1.2
3724.9202632359393,7240.784582075904,1.2
9633.466469160667,8426.243835565374,1.2
6458.209605985486,9166.432339453177,1.2
9081.740859547852,2128.7641547272206,1.2
9549.666246750447,5088.143871257653,1.2
2375.625796209596,6656.68129472219,1.2
2274.290870826432,138.23503135805603,1.2
3630.4151302171226,7537.095854299009,1.2
3829.1536983619258,3783.163794659492,1.2
6329.647850274523,9318.627005056122,1.2
9733.375037724334,5675.467308202285,1.2
4720.854566650611,8268.134160417363,1.2
4144.1409176372845,8188.514327781341,1.2
484.1733111474089,7486.263948036135,1.2
9722.46856908149,9788.205254879264,1.2
9788.48641705018,5021.9825773556295,1.2
6548.83054797767,6470.368199538557,1.2
1449.063362743206,665.4954053814544,1.2
8953.731242475233,1898.2488989517055,1.2
4894.832349748602,630.0729357381241,1.2
6214.500618686376,8934.963391114261,1.2
1020.2687035475167,5931.030395677851,1.2
7282.41110261988,493.2023221105908,1.2
1255.0310666808373,3032.257992137197,1.2
4143.984316289896,6704.329078476747,1.2
6884.086009500514,9747.179211265124,1.2
8175.748802007071,8658.140334666426,1.2
2321.6123148464,9079.06727849237,1.2
3364.114318684088,7746.783647618867,1.2
3860.268456910725,4986.286690097026,1.2
4969.76550514182,313.3219488385475,1.2
9784.738351216949,1650.6611043306907,1.2
4444.010648550607,4305.647455298526,1.2
8729.65484673828,9305.990873225242,1.2
7945.5352382598785,1307.7650515310468,1.2
793.2121218190969,9950.293168346983,1.2
9682.361013556554,8471.810047602828,1.2
9293.661896686624,9034.235384949974,1.2
878.3925902192724,1449.1827955282931,1.2
5262.089934922299,5718.847284369275,1.2
22.84185279189832,8395.583591132077,1.2
4966.13427357481,1674.0067082739317,1.2
9330.979354688452,7868.86852664156,1.2
6510.919576380368,4852.467314077335,1.2
1117.1651349206268,8542.578026337478,1.2
5361.81930073022,691.9005262667611,1.2
2937.792862240565,6295.94848098219,1.2
4976.597510994501,5062.911012155025,1.2
6359.558550391426,2336.9785248251283,1.2
9634.16946726306,8491.90191407376,1.2
7425.86809553546,7309.886347787027,1.2
3778.5259996198906,9845.111518456179,1.2
7955.307070357867,2917.9687370016695,1.2
3389.927612104614,4973.32330362814,1.2
6798.3914448202595,8225.792259021455,1.2
3252.6055035497916,4959.116291365031,1.2
4986.492495945319,9389.135194192064,1.2
4996.086055420569,9479.061748201291,1.2
4428.197907278078,3927.0766725184635,1.2
3628.9953644281627,54.49110168485704,1.2
1054.387774675629,5423.396025199176,1.2
3267.9942650851644,9489.74835436725,1.2
9264.920640120747,8410.204011707721,1.2
5132.308838923996,2316.6670566295797,1.2
7448.078022935361,4122.305186771417,1.2
4886.540395978251,8288.050295480785,1.2
896.6191934454238,1144.8512092370179,1.2
120.65928181838825,3671.128619383982,1.2
9008.607926791787,2994.495794559292,1.2
3840.6894122444733,31.323025690564997,1.2
7892.065478127487,464.5837624198046,1.2
9203.005274812982,5819.406075008107,1.2
8843.725919756052,3407.8283906730235,1.2
1080.1677488560124,3878.5476900658423,1.2
4133.811400318354,6512.911565766847,1.2
368.5702080561026,6906.5404593565745,1.2
770.330145756829,2209.9220098505225,1.2
9132.015188553816,178.29568373936456,1.2
8471.684081809124,3990.7352090526615,1.2
3743.661124912121,6051.841932454796,1.2
1584.8072980973627,6243.295892475918,1.2
3472.2478004559944,6537.190599009762,1.2
9895.717293132768,1807.3622636084497,1.2
2513.0376646745276,2944.459559646083,1.2
4580.1715531913715,1230.6107122321118,1.2
3479.3709482725653,4939.945424978357,1.2
1971.2224566218872,1237.7207242110078,1.2
8754.475027320039,6115.792737715905,1.2
4118.619331127273,4474.44691571093,1.2
4940.32653992635,1505.7254194247182,1.2
9504.933092526298,6750.526111751982,1.2
43.31761134991674,8580.163905603495,1.2
7868.801369143655,8805.710173099755,1.2
3564.403723517283,4991.163346043683,1.2
9017.051394762433,1668.5300110641965,1.2
2508.339197055759,2964.2583931615263,1.2
8552.907398772331,7140.176007986981,1.2
5962.519746257992,9205.576273492301,1.2
5245.548138865789,3057.6053977028637,1.2
7460.357219302052,5525.949636561486,1.2
1905.61563524138,1302.0565684367923,1.2
6690.621861714907,8368.229351166934,1.2
6244.811725724067,8192.648554546277,1.2
8979.212700357944,4833.581283672385,1.2
2868.779772323412,6500.652573484237,1.2
4995.270139519864,7177.292714347585,1.2
3189.1285899703635,736.3686167430294,1.2
611.1326393340732,1921.4392733838392,1.2
5061.9230842630495,5162.127708759777,1.2
5039.389048273152,6406.825438914242,1.2
412.74500658022293,8519.100874550364,1.2
3786.3369880196974,1153.8088493935284,1.2
2715.974603321537,5412.2478037590645,1.2
9683.553350980408,2333.966936727324,1.2
5046.748095145309,7050.395723388976,1.2
328.73048845245,8001.292311207239,1.2
6236.749347915343,5457.597469311826,1.2
4693.687617549906,3575.826700031356,1.2
636.6370807698419,5244.384018698755,1.2
1876.3922767357933,4118.638311974592,1.2
3577.328198068278,9773.180240941474,1.2
5503.484665844384,8731.681280974928,1.2
7693.205762478104,7341.878665281002,1.2
5051.559959053516,6713.488925270453,1.2
2076.2708989171197,2340.5465602461263,1.2
3846.3387934452276,5997.053358724791,1.2
5870.174205507918,8493.670821591802,1.2
366.92655654216423,8617.28373653614,1.2
892.071198676061,5427.268216064258,1.2
7995.242658760113,2320.8693102549714,1.2
7031.33575767031,9355.141811158082,1.2
9326.898140189463,4346.863136805452,1.2
4457.765056074212,6900.825140309399,1.2
339.60698875975305,2645.834553798463,1.2
2823.17548437342,7029.998585510211,1.2
4411.011304547467,9058.041538093297,1.2
3246.8302873188127,4561.405262332281,1.2
5471.813685860204,2843.6693983071104,1.2
6485.953275423484,1930.9277951279757,1.2
5199.6010076919965,358.3704750244743,1.2
4391.549986984632,1228.6826658857053,1.2
2361.168807458117,9830.209768816474,1.2
1010.8117649256643,3946.2731603241473,1.2
7663.110310509383,4777.243114038324,1.2
2399.69998979074,8845.269472539972,1.2
9768.735280338537,999.7713455084056,1.2
82.4020038648865,867.423223341659,1.2
3770.4960621893747,311.73947901620977,1.2
9597.283080275976,3110.4341054296447,1.2
3578.248485179012,8372.541957606283,1.2
4996.209631329379,5684.627365563658,1.2
1769.8326791045492,7679.262514631378,1.2
6671.756489602772,84.08338995675946,1.2
820.7096273822923,6612.742058928923,1.2
9243.720313279662,7243.625455824736,1.2
9579.613009161625,5573.291502653247,1.2
2205.400757350341,2773.2503724824373,1.2
3880.618441268613,1004.9129707973503,1.2
8682.858529327625,5847.118087592808,1.2
7846.197519164526,2076.4361852711468,1.2
5676.595316441971,9691.389842830891,1.2
4149.754954613201,9987.463851056897,1.2
8083.39160535109,4670.743168270645,1.2
6046.367186977874,2853.1002202015143,1.2
5090.305566082738,1109.8561499217342,1.2
5001.17074985241,2828.2000317480415,1.2
4987.311400372253,2566.627311571086,1.2
3068.775911199996,8492.65897643544,1.2
7855.332644260108,5684.012312510936,1.2
6536.493376516871,5777.271300114488,1.2
6064.082838322801,4599.950300386244,1.2
120.40393975534025,6229.6365831271405,1.2
7168.468253425223,6845.42211950403,1.2
5661.009495622614,6154.368106020273,1.2
3761.733552758525,1296.5021598781889,1.2
4718.728441825867,9592.108666847531,1.2
8643.76522356501,1970.0820196068657,1.2
8516.14436037039,5472.081638683989,1.2
5389.43661906289,8758.028927537305,1.2
5143.89260222914,1933.7175823304997,1.2
5547.41413822741,4848.309728707011,1.2
2817.857174456726,5048.673876857139,1.2
7021.365908689167,4852.741792193602,1.2
7816.434011793414,2274.117143123242,1.2
2333.1445975540164,8603.390437852775,1.2
6466.888691701004,5162.4834826581355,1.2
8173.1666722045775,5431.872888326115,1.2
6240.087244534236,9117.809837993727,1.2
9234.513040048789,2502.900179523909,1.2
7214.702420873663,7615.967503102551,1.2
1756.1390856577696,7186.430292608837,1.2
8401.026924538628,5298.333366701392,1.2
4055.1323878836943,21.28588733122161,1.2
1527.7840523322793,368.074093702897,1.2
6785.688612650612,7279.799266895826,1.2
1832.2438894703264,4629.512666271979,1.2
8507.980400152688,9420.702777832978,1.2
2757.3580616202744,4947.691988085054,1.2
9651.567079051583,4522.883666529716,1.2
8977.671057377936,8045.86110035619,1.2
2926.902388205761,1486.6373926272058,1.2
592.0308863344503,4732.725272390096,1.2
2829.487609911809,3458.891284254325,1.2
2796.8048650608757,7798.837741342842,1.2
7372.46556998975,4694.812251923301,1.2
7532.805781566074,4573.098643792175,1.2
5864.911403939743,3909.1555878848603,1.2
9881.738675348239,5251.021763887062,1.2
6639.183514969524,3521.281368096603,1.2
5105.984543390018,4996.517675270666,1.2
9725.423254234134,4908.191226213428,1.2
3674.9173817918413,9683.484264465667,1.2
6588.953624220839,2677.935138268834,1.2
8635.754472021323,4668.690309487829,1.2
3575.8649890055194,6899.215606410098,1.2
6393.242584508974,7016.359247683192,1.2
7916.574249531661,5124.148105273975,1.2
8973.919837578991,7735.677249160424,1.2
6242.641253561101,7021.349955982463,1.2
8086.635742924727,3392.892634517646,1.2
1482.8046898835867,4952.409174370825,1.2
6896.02393923474,2312.0424336348065,1.2
1115.490271084707,8014.114392159813,1.2
4802.43840937163,8544.741443899997,1.2
3949.6849622107975,717.255440955189,1.2
849.3236107354829,257.131388336066,1.2
5852.222218181609,7130.993379564154,1.2
1559.0628417765251,6571.159482872199,1.2
7670.618574530014,6333.014005051231,1.2
3057.689904280121,7549.757845042165,1.2
3721.654934919193,6187.970586176617,1.2
1528.2639439112477,9339.988050042088,1.2
9106.156567412916,8814.202210501651,1.2
2257.265243390456,6267.536524493503,1.2
9099.720953439728,8046.879296431548,1.2
487.1799704517532,9675.919210058184,1.2
1948.0763362267196,3087.398955781202,1.2
3991.0848300846737,4388.06944231132,1.2
159.22830409413115,7231.212040399308,1.2
3828.9853359766535,6264.064414225897,1.2
9905.932348491164,4320.267825659166,1.2
4309.407646093816,5486.80735635969,1.2
331.1262528286529,5971.818923882652,1.2
2318.180685838571,8866.021782598533,1.2
3969.5180001404306,5876.306645759733,1.2
7681.571416209866,4595.403464513142,1.2
6349.98682135153,7140.412581757389,1.2
2022.1042570352588,5848.426554933165,1.2
6458.165022500073,8494.978139596564,1.2
8864.802538069065,3429.1486868722677,1.2
4930.035431193051,3880.8472225263304,1.2
5432.97393697116,6635.675160136989,1.2
1024.3036267568639,2178.990886848471,1.2
2694.844219400163,517.1553919825567,1.2
2719.3627646854056,4447.30016959943,1.2
7633.8882691126855,4831.589937386026,1.2
5935.372779599537,9706.687122689682,1.2
8145.263687448324,1965.9825235083429,1.2
8069.684689527015,6662.317150874586,1.2
2655.3936625095585,3991.9060248055193,1.2
301.6071863720193,9822.776868821618,1.2
6173.265820705896,8266.158127052888,1.2
8022.918397084073,3690.9434436441447,1.2
2826.246025474939,9246.214335302862,1.2
9746.27778363403,2767.0028410467553,1.2
1992.1189620705115,2547.1818049234816,1.2
4360.255682675891,4371.209308935833,1.2
8705.72826664788,6202.551550913522,1.2
2901.7374666725436,5175.172385297019,1.2
3488.4009646517566,114.9959996880967,1.2
557.9037139522558,9604.37516252182,1.2
7458.7003070276205,9475.140472981433,1.2
113.72256016224269,2732.0147262972373,1.2
9396.56166684463,1566.30986504672,1.2
9033.510457976647,3787.5787532539807,1.2
8464.397566956184,9477.570813778573,1.2
9753.22886677644,9500.823161562404,1.2
2834.443363504935,1749.5096581642476,1.2
6136.016621026055,9342.11681180353,1.2
3582.9125696060883,3593.67714937158,1.2
24.486022869747437,2297.6129946934943,1.2
1683.9622349718886,8461.768228879635,1.2
1589.3346093246707,7640.442414160105,1.2
5396.670401742082,8079.262876589866,1.2
6244.599213118642,6362.286356323887,1.2
9098.190622539554,1841.734228630646,1.2
4067.105686266417,9709.062545111143,1.2
2330.442373115087,9806.106200897058,1.2
8634.37148590051,5962.322931110152,1.2
1558.2169106645615,4664.225324243823,1.2
6590.2617776295665,3903.1432457947135,1.2
6571.690642628745,4545.354343864503,1.2
1354.2715718710608,283.87190174853583,1.2
8738.367766321213,451.073323195712,1.2
5892.845136604018,2735.1973060450164,1.2
3734.853991062286,1692.7269137413948,1.2
7129.623695471851,3464.026330820754,1.2
8749.12859025737,4942.457841448487,1.2
5797.9554141050285,8095.044661392452,1.2
6044.319390368057,6823.870707885982,1.2
911.4904635460952,1405.3129333331703,1.2
5991.03523419848,7502.33460570791,1.2
4453.9410891424295,2261.44355831677,1.2
3077.493408213183,1907.821153169339,1.2
6816.065791081982,7276.220758450669,1.2
4789.25708126968,1600.9583277016382,1.2
3883.082257814281,8634.861390679744,1.2
3696.475758740144,8903.984167453851,1.2
2695.576791276204,7516.103417160139,1.2
421.73865476959895,9061.20886682912,1.2
2344.5479235085786,2337.6052453902817,1.2
5026.97025444661,6580.198993911617,1.2
4363.593022205465,6814.648716348894,1.2
1669.5360590564944,2377.926413546204,1.2
6233.884768561466,1.112330888793922,1.2
990.4771988580818,2904.0796664925006,1.2
2971.3564473457386,2842.6509474396867,1.2
4641.3604548691765,3401.093614680051,1.2
7643.00215634752,5479.132691336617,1.2
6851.75116939434,9060.266528039423,1.2
6777.916547581528,97.26895427970783,1.2
8643.497347361854,3777.7550001684203,1.2
8500.758233674818,615.4651878051509,1.2
1155.1446677755673,865.9165211882791,1.2
7623.344485606522,9512.527888002931,1.2
645.5182253997272,9548.833747420227,1.2
8648.714762266294,187.52905203467952,1.2
3506.876235887041,4844.8465768512315,1.2
4249.897951070898,5073.028814590463,1.2
308.11901078877327,5627.072235431714,1.2
3214.906209325361,7456.728826484658,1.2
4938.265889813085,8245.717713838227,1.2
3230.1907868686408,6838.765908063896,1.2
1429.9653493518194,965.6799615327005,1.2
6065.984839231601,1933.0272318070706,1.2
5618.314349800172,9306.1097817969,1.2
9988.47922787481,8300.637977582901,1.2
8213.629895416114,583.996988904667,1.2
8006.661010596265,1089.179234408959,1.2
9606.072205688935,4341.229078786041,1.2
953.821566924471,7448.330651151003,1.2
7158.100620864959,5224.896735949326,1.2
573.1298063308699,8928.87752614373,1.2
8804.524874101431,8262.057748554376,1.2
5745.164038209746,6190.525002206659,1.2
398.74832173743545,4660.2882174468095,1.2
7237.916848734144,3823.923196149259,1.2
1184.075183751102,4494.421667521179,1.2
3496.4752034163694,1614.0051529950072,1.2
9262.952009663435,5111.660736902397,1.2
7294.014549364382,1145.1651695537014,1.2
1389.4827490644911,3498.408743607693,1.2
9592.00132269069,3878.4628383690842,1.2
7310.805501062425,1033.5633853084914,1.2
3959.9405726056293,9377.16664607795,1.2
1314.2381405984738,5191.828062841185,1.2
6498.519916987362,5363.704696716921,1.2
3647.7858729141853,2098.1470804845194,1.2
2817.712816350376,6321.864353776861,1.2
4417.887006823452,619.4671837088672,1.2
8583.41815551231,7765.315117064629,1.2
3368.2363576292996,9260.282149216011,1.2
675.255738950914,4738.99106589624,1.2
2561.8855840337005,7410.976793671048,1.2
5146.971500138165,4800.283707484145,1.2
4455.657141430328,8641.248190497417,1.2
3674.4882803351707,6016.4662629717195,1.2
7327.492992755619,4486.255832300387,1.2
6957.053939896274,8386.840032497215,1.2
1774.4954616386988,5113.51970072436,1.2
1095.4329695010956,683.7175555948327,1.2
1825.864475181359,9081.745658916781,1.2
7649.944151321595,7011.967239976733,1.2
7903.817573565903,656.1908243956971,1.2
6995.379566533191,6426.837876194174,1.2
9422.006088633547,4977.592337914025,1.2
1139.1163269619885,3302.1371111790077,1.2
2232.409155566482,1294.2615054483908,1.2
1157.130852967483,6475.072359790345,1.2
4437.628149341459,7994.098985527669,1.2
8203.760387889977,2235.063262388699,1.2
861.4572498680074,9813.032968192505,1.2
3310.6228333540976,6685.857707858919,1.2
5607.603248874572,9149.289041624648,1.2
8585.638081058305,2122.746125030639,1.2
4061.7919768956003,8242.28311848016,1.2
6200.069372352922,5284.760138476394,1.2
2166.498109093711,385.2014319970098,1.2
904.4162281441548,7279.613922666659,1.2
7022.922233814249,489.8610082559796,1.2
9211.352509236189,7914.242762316862,1.2
5781.678998471939,7570.771850069969,1.2
4771.026395073288,7715.401288026475,1.2
8824.576258485096,211.8886382236329,1.2
5443.482254300042,6576.832678024203,1.2
8731.242380272235,7946.690290588676,1.2
1044.4197096771634,633.1459742187761,1.2
5969.020634428248,1415.5719386719213,1.2
1104.9821242465086,7975.921137355966,1.2
6636.299174681269,1366.4261163085323,1.2
8349.83184438088,196.98467217714065,1.2
3169.346985103455,403.6301429263078,1.2
3717.463048154742,7251.897388814547,1.2
90.69681165942423,4947.318862776682,1.2
3451.819043904727,711.2088097208558,1.2
9919.200553719871,6153.841148333116,1.2
3492.2702298108875,9202.858587418334,1.2
3698.6207632436663,1303.2230311492754,1.2
726.120621019839,4369.0634339982225,1.2
8979.106489216541,9683.582137807405,1.2
6430.689214722573,2913.4168091053893,1.2
464.05166534215005,9586.880095822626,1.2
5199.813533954497,7930.557217262249,1.2
2142.571254964163,4757.715858936269,1.2
3651.343103822583,1247.7358993939204,1.2
9650.082113495748,9975.016408800198,1.2
9061.486649209695,4757.9160504910915,1.2
7244.043247946691,1548.2006650095814,1.2
6286.902480844444,5513.590972327415,1.2
6260.588375648316,4771.227916270414,1.2
7068.843494138881,5739.720789662458,1.2
3988.770128150415,9253.731959643454,1.2
1023.3409934013748,4603.600371934899,1.2
9856.566024905718,2446.5156681615917,1.2
6339.01901739786,9176.399421128388,1.2
7503.095527247453,5414.816173814405,1.2
8220.101694638184,9786.61146658389,1.2
7095.997989364132,538.103531453935,1.2
883.798786724268,1326.994613592627,1.2
9353.830201391213,4236.384730075882,1.2
196.74698377603937,7272.5810791627855,1.2
1033.9285470363914,2445.8228515671776,1.2
265.98987953469265,3364.7268871994297,1.2
6835.85435739457,7360.228475327576,1.2
9861.952772628976,226.84353538298564,1.2
1112.9931360168089,7686.455647705921,1.2
3543.632891416686,9700.698270470997,1.2
9641.735736375244,8394.258847389157,1.2
6021.302095295769,3200.8338077683197,1.2
5115.546023417777,8937.869306979132,1.2
507.9598337525804,7623.933906560487,1.2
912.9326720100262,6570.826613871475,1.2
7866.688371826055,5843.962743153905,1.2
1692.540790779924,2583.49445086961,1.2
7341.808549675637,3631.216167616745,1.2
2403.603398333407,7534.193868539854,1.2
3812.9410098937333,2401.6934175492556,1.2
6036.071226171015,4687.3725240529575,1.2
4302.369143068034,8016.5212996384535,1.2
6648.642269572617,3489.1648023565335,1.2
7917.632857046879,4043.958504322008,1.2
7990.48107440136,634.1272964809818,1.2
6258.047955341982,5209.494902250491,1.2
2227.2070692212164,9255.76753778126,1.2
1006.4822201807156,3011.7035143991775,1.2
4399.622888015465,1716.7990453583805,1.2
6150.445609834265,7942.081696445016,1.2
9106.27050043537,6682.109925339009,1.2
2307.870367531073,5335.997485024678,1.2
6556.328465731042,6076.371405842301,1.2
1368.0438087043456,8922.229376727324,1.2
1223.3105001152144,8849.812127935767,1.2
261.3605740991154,4421.469498207495,1.2
108.81758109271722,9279.138212388469,1.2
5019.8044587648,792.8120387038917,1.2
2596.8290886168675,3206.0921837271508,1.2
2493.066736406595,6315.172158928068,1.2
3504.4027721525085,8508.365666346896,1.2
9206.090331974157,7094.549381832938,1.2
1499.703482667799,8837.722773425961,1.2
2139.2553432631744,3721.113908488062,1.2
5465.582438547279,4745.56702779136,1.2
6275.712572802845,6704.627636037958,1.2
8213.271467329318,7990.675408154352,1.2
4370.235533222459,875.43150211843,1.2
1907.0652484547957,7836.121232217446,1.2
976.8830441685994,3684.6849023002437,1.2
8567.252723224827,7344.272591895428,1.2
4112.472148262304,7630.589188509578,1.2
121.35895696262611,6880.789164920226,1.2
832.0452314204041,6969.646344466558,1.2
492.86184509967023,516.3633561219472,1.2
2430.2424872485317,7141.895468503871,1.2
2655.8782243617197,9040.449585101533,1.2
4549.206298942577,3741.2313469202663,1.2
8792.20219012534,9314.678382249149,1.2
6176.609510698568,8169.50290595856,1.2
5801.619239936271,353.76753181248665,1.2
4336.884025040286,5161.151219722558,1.2
7674.1229365171985,9633.476671296785,1.2
5902.285564294149,3619.1855662728667,1.2
4302.386924081455,4521.053982180026,1.2
1959.430990095028,6883.105098119997,1.2
9192.248969484122,652.3233503628179,1.2
4611.2758056363855,6108.081626297336,1.2
735.659680340176,1478.0185112683264,1.2
9630.466902867998,7107.005030928608,1.2
776.5062301450698,3585.620688209671,1.2
6763.924715442217,998.8065244596778,1.2
4238.691964903526,8337.779814000634,1.2
2443.938474659083,8745.265529320302,1.2
4819.269383743795,7313.904914009537,1.2
1407.2911982741775,6111.371537680626,1.2
5481.43818250729,8734.194890198696,1.2
1982.1793834801615,3937.845783440961,1.2
9075.218118233017,216.47689949857886,1.2
8312.325337556886,9989.058989358788,1.2
1062.2280195338085,7914.8023554011,1.2
6498.3338355144115,5868.594961117295,1.2
5152.674131039079,1451.2980434672452,1.2
9750.370006882162,7292.435244954853,1.2
2202.7183235955604,3907.5933731560062,1.2
7678.918584480944,3077.2081673483085,1.2
895.3188184933924,4491.860925811762,1.2
7026.879621081334,1263.5138021479643,1.2
3636.428653848847,6004.25950184135,1.2
2746.7198131966584,9220.942012289896,1.2
7898.881989255585,2769.0423363857776,1.2
9170.72339541698,164.57303622715025,1.2
6906.57368447552,6392.22596306796,1.2
8445.410238009474,2924.122311725904,1.2
1528.6621716781779,6188.635722878163,1.2
134.03092206681123,8761.27970875359,1.2
2906.5467537385757,7971.714976998113,1.2
4620.827759530834,299.77580053416887,1.2
6851.545471797128,4266.449160421934,1.2
358.572027037749,178.4668100954112,1.2
7884.537720661745,9789.998478035473,1.2
9423.746384428032,4729.1433269591735,1.2
2762.0287906349163,254.2823199441535,1.2
6654.334738631408,6899.907362389184,1.2
8805.30621198114,2821.027984707494,1.2
8012.113100626872,8628.164900043235,1.2
7920.6998481084465,9763.409930847161,1.2
5451.137954874536,6029.388241477877,1.2
6517.53451286361,3870.1029039922664,1.2
5157.421773012188,2195.8440092298047,1.2
792.2063078174501,3745.052444372108,1.2
1196.9875772785433,2518.6654196726786,1.2
7213.221617291745,6036.370284552558,1.2
7541.0668452397285,9683.287535324198,1.2
7967.9014367189375,3898.4311445766175,1.2
7840.066731202566,1862.6820937333787,1.2
4610.880446614478,2793.2445861695865,1.2
8788.529112774415,5925.217697456709,1.2
2405.5359528803165,3236.561654279193,1.2
2029.4711353136797,7495.771394591512,1.2
7003.8563131942465,6003.472330383212,1.2
867.4788359304841,8962.35672820213,1.2
6675.244356586085,4706.152999031674,1.2
1794.859955920579,7684.673896176862,1.2
8415.412015297907,5922.737096970934,1.2
541.1138806021487,8526.563078686479,1.2
7947.570525795604,2850.154023769741,1.2
6030.220475140199,2487.8352483726185,1.2
8191.354936523108,4127.001872699116,1.2
2414.647623360563,5445.667132298942,1.2
7795.070792516297,2542.215621062186,1.2
927.3002048541279,9716.81817864108,1.2
8746.578103457547,4201.621246088383,1.2
4579.926700815934,869.382714622674,1.2
2393.4435198850324,2175.637620638904,1.2
8353.28869151882,8079.045148962454,1.2
5380.658542698321,468.0285700555598,1.2
2853.9470356982456,3294.713678441438,1.2
8024.423579084437,5662.753581238613,1.2
2268.3700842967937,1639.0226418930677,1.2
825.2699793478035,9110.537744775595,1.2
9444.548591973125,4999.397308459351,1.2
4959.989438460055,7851.19214153305,1.2
1212.3644698416192,2035.1828901105296,1.2
3093.743854172982,1307.9341806175237,1.2
2230.182159015659,6785.509615801358,1.2
8381.68727023913,9668.192248419751,1.2
6424.553929791994,4039.8440633862633,1.2
4002.052960133411,1855.7023001985374,1.2
4816.096463370467,5281.477481402015,1.2
1002.6128230555653,5011.856255164264,1.2
7890.369641178203,5767.784016123186,1.2
4472.402854479143,7360.573213023015,1.2
6500.523397422563,4225.333016792334,1.2
3835.6058094781274,3171.345311287396,1.2
3045.8564183285685,7523.015463664818,1.2
7987.3529452512585,629.3989723334304,1.2
3680.849624998551,6081.4576924775465,1.2
1413.5525739405784,7973.313967279791,1.2
2361.26847192087,254.8804848381847,1.2
634.9768627835683,1000.3594293769902,1.2
443.80766167574694,7013.038894466912,1.2
6286.761080204379,3244.6786120224515,1.2
9841.251247250273,1713.6416294695134,1.2
7871.145464582179,5310.316703135197,1.2
8297.085218231476,1236.2406014848893,1.2
7708.259992475229,6389.225092533329,1.2
7061.414195556171,5809.00491537591,1.2
3133.3654213676186,1916.8105281770077,1.2
4599.648782626976,8965.665810809964,1.2
7204.202723718115,3678.9466045486465,1.2
2865.5244407745563,8253.98801492271,1.2
5251.437271207415,7446.291344075977,1.2
2139.86885100784,3890.678328357383,1.2
5624.826512756677,916.6368115924273,1.2
6621.491333549639,122.06185564558768,1.2
5839.492411209143,4747.256462033857,1.2
2935.497226624698,9042.960128971865,1.2
9379.85442937261,3116.0315465756394,1.2
3984.9878984534416,4656.267352491589,1.2
3438.412261734869,6327.092898825846,1.2
9994.782996248518,1446.821430750498,1.2
2334.770617714419,9999.940507689835,1.2
6734.446725036634,145.8580411477206,1.2
3586.400324715123,218.0896077382999,1.2
9965.048229082182,6155.188365984278,1.2
2387.6590922392684,1946.3119052764844,1.2
2572.448526610783,7265.736565944869,1.2
7852.966128708105,9659.803361663508,1.2
4609.347208626571,1302.031470693521,1.2
5720.949051418843,7581.652934178981,1.2
2690.2447356337134,8022.5233123157595,1.2
5191.1566770927975,4249.039301916907,1.2
1582.1195193044623,7195.11977450285,1.2
9788.633046688012,9603.850921898504,1.2
7718.473409594395,5266.459998055676,1.2
1265.5791668351724,1328.3520723651698,1.2
4616.4491995829285,1694.6882945641605,1.2
9009.830412595353,1795.8916088590192,1.2
2042.8201064284613,5225.551890907373,1.2
1730.611951365647,2239.3803266317113,1.2
9068.559377132196,1379.8349469477812,1.2
255.2370707756757,8382.606229176314,1.2
6128.657223795697,954.0438742578705,1.2
6192.43752903891,1570.0905860741354,1.2
6194.039632887947,6350.046775499226,1.2
8287.083543249348,2003.7526069434152,1.2
7874.2313341855115,6516.7172013329655,1.2
650.6953331687338,2710.1307042413446,1.2
5051.834238503035,5773.9508026355725,1.2
5170.661335661168,4540.970857227732,1.2
9330.513881192031,8199.020905557572,1.2
9989.661328550945,4699.905389154306,1.2
4329.672414879014,9061.92863922877,1.2
9617.67117558524,7931.864619755781,1.2
3884.942035637383,918.1071341459146,1.2
2208.6947360589893,704.3443043759246,1.2
4695.915377334374,3217.916231393062,1.2
444.31815125979824,2935.751602627881,1.2
5435.960911054507,2442.2730617366906,1.2
8862.533591141622,4736.8196950386255,1.2
1037.8160622155397,9522.827238499587,1.2
3025.7001348206268,5110.001940716969,1.2
8221.329648683079,1591.039981189879,1.2
3601.2071925343193,8391.711070298878,1.2
9048.340657779276,676.3667029079878,1.2
9426.950959380618,376.3903186674811,1.2
183.94265570294888,7929.207759324212,1.2
1283.0922634234266,2415.7011849744827,1.2
7444.182505650556,8537.564492931673,1.2
3867.8910862164175,4548.126622220852,1.2
9275.249179583529,1628.285531049113,1.2
1406.010915330843,39.099596831490004,1.2
9898.649566265574,7230.31601286286,1.2
7686.611799263532,9607.369324047015,1.2
8714.421110936919,9715.02794587207,1.2
5269.853250215293,626.4648380245764,1.2
4861.250319688687,9166.622596458601,1.2
7033.519217717154,8727.229366795804,1.2
496.8862993676526,1345.4921180570966,1.2
9686.852763611627,7735.18103818788,1.2
6381.812585856445,221.0481714539747,1.2
7624.652470538913,6663.35875929662,1.2
8803.693132596954,16.094468435824403,1.2
686.3707843149813,8702.178260442723,1.2
5874.971736991242,5074.370176388933,1.2
1417.6827924541124,3945.152714177975,1.2
4644.305107154459,2145.9598438981907,1.2
2746.993436602522,5574.573181114481,1.2
4527.162919325507,2011.6947791422813,1.2
7852.106360121933,9650.365455487929,1.2
2068.534360587522,3557.441583527504,1.2
2987.682169614798,423.844732376738,1.2
3419.74776318803,6828.492025459702,1.2
4192.809624767601,4992.196085215547,1.2
5274.063159142329,9319.03991482232,1.2
1101.4460866192921,969.3484502008987,1.2
933.5550718076257,5099.251182236838,1.2
7922.22583886263,1086.7726696400614,1.2
9220.318232409734,8529.776768366793,1.2
8939.977164190186,9792.14012135289,1.2
4293.213973123464,2598.135416057271,1.2
4317.943539720498,7194.45489292905,1.2
4386.983615121764,2995.3671126621653,1.2
6100.650202586676,8375.323288238164,1.2
2715.0371181043997,3575.0170453463916,1.2
9245.82045819988,1393.05642155523,1.2
2562.9863207623603,264.4397380500407,1.2
3020.389695042188,1327.9744101441916,1.2
2667.4770557107986,6906.316473418039,1.2
4792.447392448026,7626.964950171708,1.2
8774.142419593461,8457.794885284628,1.2
4914.609038079222,229.86575417572985,1.2
7920.092391726937,8648.93360838142,1.2
1711.1720977800992,8133.879464158028,1.2
3325.116980480193,3441.2358440910393,1.2
4434.821621070745,8719.44789307963,1.2
3075.2569530888063,8738.508201640323,1.2
2056.92434248558,8771.119753627341,1.2
7466.533434446323,1384.2354813706027,1.2
711.0701189852753,9076.986318936495,1.2
5.737889167073407,847.6361420509293,1.2
2270.5314858616,4834.518345942492,1.2
6174.76662700068,2510.655254103731,1.2
6185.323899319386,9380.000099395067,1.2
7937.194543331801,2533.632336974083,1.2
5915.816542480149,7542.059580063044,1.2
4355.197276336568,4636.820900133489,1.2
5115.418252547605,7058.793711632197,1.2
8452.84058749563,2661.899811274413,1.2
4433.757420770499,786.8579225910511,1.2
6283.355692458438,2685.028464330591,1.2
1111.3104410580077,4338.470039855048,1.2
8263.892185586024,4000.1543011253702,1.2
5360.237122160383,1571.8879340177627,1.2
2516.7299969134747,3449.358024095287,1.2
6208.464074850864,743.1169153262196,1.2
4835.590522689646,7576.871867426299,1.2
1050.4920291468045,3293.1533373753864,1.2
3331.6369894911722,7131.027408194147,1.2
4216.765687130803,6121.766758969019,1.2
4224.788734468206,2030.5738801113982,1.2
88.97503303866294,6525.845248699391,1.2
7240.315437458568,8310.379672484147,1.2
1977.3871522611864,7963.0317964496535,1.2
5549.591588673491,4864.167772773179,1.2
2160.2560122419436,4216.698181982236,1.2
3134.708838331387,3613.0064733777635,1.2
4755.902019606946,7175.873895530502,1.2
4646.822919060352,5751.0721665507845,1.2
8750.310428211174,8442.379655213126,1.2
4121.35241006212,8126.4727612200195,1.2
3565.928826413567,3279.6322727427705,1.2
4477.218468499233,9356.28067630047,1.2
7381.67169026777,2685.1634819093406,1.2
8227.273586810816,7285.188276715056,1.2
3486.473555489269,9531.282140663234,1.2
6219.938894917246,3228.9939843428106,1.2
8913.993952337636,516.2324678831776,1.2
1059.2578703646582,8531.566831554099,1.2
1636.9498224470924,6583.807843192546,1.2
8964.365407855572,8120.850989091025,1.2
7239.782626652685,8370.155373811818,1.2
6517.984457321919,7874.062583523111,1.2
1455.8900350480142,3503.5892929478787,1.2
6492.951485397358,9413.209235375163,1.2
1540.4542388453358,9517.179243837612,1.2
6508.788886690589,4819.673561197723,1.2
9334.553595063151,6667.031399538346,1.2
3939.6753004281572,4768.2280140072535,1.2
9823.36171209538,51.67023483893418,1.2
9647.82239006857,5092.350119781863,1.2
9735.627806054483,261.1713219646816,1.2
7321.668623212808,3050.7811665509134,1.2
7385.763921101301,1090.6906645157865,1.2
2649.1417145275764,3008.71765386052,1.2
8132.588657467475,8509.04248538295,1.2
2360.0521438387523,9510.147199853618,1.2
4466.706016386017,9395.781204426727,1.2
5815.305946997605,1132.218280059789,1.2
5410.690599060694,4337.77699965574,1.2
7732.802437094864,3345.1878163232586,1.2
2484.8689460894057,5527.954404207321,1.2
3279.117016597456,4828.575950876883,1.2
2465.5966493803094,103.0872977684616,1.2
7361.120261166852,4337.384922132787,1.2
1224.5220439788784,8702.036900001576,1.2
4883.481319909723,1638.6563444319058,1.2
6649.271532433084,5196.2908048498875,1.2
9441.431189046843,1222.8386627930677,1.2
4137.179669533128,2284.1066562489486,1.2
1860.7546785062134,7495.758748474298,1.2
6592.461710580446,8845.993552156473,1.2
4995.778390616262,6974.376030216501,1.2
5138.835802142035,9144.526063051675,1.2
1162.6140402232054,3385.5680175024404,1.2
6295.628840768582,6591.748684863985,1.2
3953.8672355049,9823.553827018315,1.2
2881.114461755472,2765.7723102212885,1.2
8823.215834056675,1187.7755902186282,1.2
2203.6250161540283,5195.928592673937,1.2
4223.8417733934775,1522.4346702693326,1.2
4512.676963285868,151.91799323955757,1.2
3553.848131515337,7278.32173319427,1.2
8637.86952066758,612.6185402832574,1.2
2392.173859513652,300.43327451653835,1.2
9372.963339368109,6202.287422365656,1.2
9969.269078282156,8307.10738983082,1.2
9307.076730366569,6149.212809560149,1.2
8175.813917459313,5659.9163755754425,1.2
3636.7751673261896,4134.434353239773,1.2
7087.842278753479,2923.369658254652,1.2
3542.688539380616,4306.936401327659,1.2
1099.8957632893303,4561.180013848938,1.2
2811.054987222964,1982.4111645908338,1.2
4746.134149744319,2671.8732274406075,1.2
4002.096737347849,9710.277216648994,1.2
2882.9782324794073,7627.152856977213,1.2
8157.696616080525,9097.21959196026,1.2
9268.43282460949,83.51327239861872,1.2
2766.595611100623,7936.977449579884,1.2
941.3322975118366,5393.699973386401,1.2
5820.898926165193,2911.4401669293297,1.2
2923.554834583918,1859.9370431708207,1.2
3725.853319357135,563.0913509332125,1.2
3623.866252162703,50.16411794115494,1.2
2737.3929296402966,4622.9206989080485,1.2
2900.2788676564396,7092.174982058093,1.2
8230.370011078743,219.87968883224517,1.2
6970.124833498944,1326.2958462195807,1.2
9015.37399041784,6955.577973886775,1.2
2372.259601323545,526.3500775829277,1.2
641.5691773567312,6460.475686608083,1.2
2503.59782722572,2179.9212964982407,1.2
6856.479008272024,5021.083924426798,1.2
9368.238281365373,3762.372582880077,1.2
2013.1874736439404,2782.584836634262,1.2
5301.072320015485,422.74904418612925,1.2
9611.266624417527,3451.9037185472935,1.2
1038.1254941495376,6866.8070458988595,1.2
8206.847862621336,3316.7030637733174,1.2
9263.351350591756,1809.84511424512,1.2
8916.03438277764,3447.8089986486293,1.2
6832.767599749869,9430.379221461897,1.2
5668.846594996722,704.1220258347936,1.2
5469.658802430317,6699.970471678698,1.2
2104.2383598676583,1206.1932632660066,1.2
7697.544681854357,8013.952150714273,1.2
8962.301009569734,9864.476877863543,1.2
7216.504565659716,2872.4137273134943,1.2
4987.803499082658,4726.765094204062,1.2
4422.1278289419415,8844.145823833402,1.2
8024.305278044254,7897.435746991204,1.2
8448.313057399197,8756.661514335616,1.2
2291.382044127279,5874.193277024585,1.2
9621.675414042493,9254.490138284746,1.2
589.1833554567361,306.1590642532763,1.2
2898.3788650079177,3617.266387023598,1.2
3121.6414211096712,8966.724500286979,1.2
7019.0626752099515,5906.9293033611,1.2
7076.088611848533,3862.8208694085674,1.2
9430.287666157239,4354.564781341091,1.2
6063.831668414765,4569.747527286262,1.2
3552.2728982654917,7918.481056077032,1.2
4207.992348641624,9502.533181125453,1.2
9064.995731477084,9282.713916183251,1.2
2519.290024999423,4252.735832243877,1.2
3029.204386934298,4476.840463975154,1.2
760.4762834331136,130.8322418042207,1.2
2514.930382726811,4092.220167843571,1.2
9106.355904679158,3641.729971452986,1.2
8436.433312256775,8257.433631287735,1.2
6371.944382801248,9984.672046160691,1.2
9901.071411699957,676.4446019039516,1.2
9399.195358443065,7000.586647340982,1.2
8549.378415946987,5910.438155508559,1.2
9211.455062585186,7578.109534227262,1.2
6657.567170339073,3498.9677571238167,1.2
3930.553850050462,836.2779315841784,1.2
5827.74117030949,6452.459118192769,1.2
3774.1190862884664,7012.377170991568,1.2
4803.517890852393,2659.98692051606,1.2
3614.378357735736,5441.0117572869385,1.2
1666.0746498138,7960.189515796567,1.2
8949.41315091011,762.4674316845159,1.2
5430.657341203313,3693.0303673908006,1.2
8233.012401615857,2070.5917554853204,1.2
5678.35835170155,1987.5433913382567,1.2
66.7147415926861,4749.532245886992,1.2
6278.2138250536245,5641.034951396075,1.2
7686.149268869629,5217.24897597201,1.2
3198.6980051235614,6167.211098047091,1.2
274.5915668893528,9711.376195989462,1.2
907.8470550037209,3567.9306341545725,1.2
2558.13305969208,7837.640446836973,1.2
6171.767267892589,2860.688211566198,1.2
8312.267346457667,6334.513133514474,1.2
101.67566218610702,713.1661911052755,1.2
6851.055586476113,9370.391525226238,1.2
1370.7157465665166,8496.055006703762,1.2
9286.489144120758,9367.356886664978,1.2
6217.624091915963,592.8669909937745,1.2
9896.307120494115,3707.3029936684943,1.2
2713.392135609134,2154.369409246023,1.2
5943.05015244464,6368.299495926055,1.2
5227.56957548324,543.8053238501827,1.2
7343.211154612554,7589.671301308281,1.2
6277.23799534723,7474.751008181221,1.2
6006.895512852026,5218.868846740278,1.2
9698.998504112475,7540.956747659438,1.2
6098.036860429391,6865.454669664278,1.2
6657.0868274031645,9983.03191106143,1.2
7614.567394951667,5993.9838446945105,1.2
657.8415544285399,1916.6231064859107,1.2
8754.153852559888,2629.9165371744702,1.2
7113.165439110439,2027.5656756796734,1.2
8998.520598882753,5253.965328754425,1.2
5302.9111431489555,547.2383319818364,1.2
52.96953496846557,3004.495760800967,1.2
8043.170761415409,1990.4075516806663,1.2
5663.543153025918,7781.158454318251,1.2
9252.465473612854,4831.022140109565,1.2
1285.2124931319154,3393.9954096868987,1.2
2516.4980273224114,884.9063719393923,1.2
7418.201121842625,2691.0315085593793,1.2
719.3765666408292,1423.8651036554518,1.2
6660.089233150927,8948.340440446313,1.2
2541.864335288657,1406.2135636643459,1.2
4541.3338643902625,8784.044169758863,1.2
5091.29716463978,7375.444553308713,1.2
9429.90598449531,5756.255249852204,1.2
5551.675741652958,5833.337785744042,1.2
8968.17113995775,9424.699099964688,1.2
6641.37101553869,3372.3154758376495,1.2
4901.420182911149,7422.696797572365,1.2
6066.72638994074,1430.0598181040637,1.2
111.2348635829552,9526.603231697818,1.2
3811.0785044396166,9179.860394269535,1.2
3594.1978095486816,9573.33912365473,1.2
6970.237465164051,7804.903043916747,1.2
8101.425225248791,9833.858760550802,1.2
3830.690542567843,6839.428992963479,1.2
3832.1636689883767,4644.638646196831,1.2
8711.448711739738,1971.3023720651656,1.2
8358.22250628891,1458.2546829375688,1.2
7738.780137928112,2529.234418050498,1.2
3467.030033281686,3276.4908624879085,1.2
8550.38173124938,3340.2094289636398,1.2
5566.1590844758375,5058.568776261516,1.2
9302.62429963265,749.9306406975992,1.2
4236.051495717214,289.9374136034205,1.2
4131.460521520816,9878.095762409537,1.2
3013.1713045338693,4363.361967156002,1.2
7971.618615780345,4393.647527946946,1.2
578.3073346172962,3456.1910303998934,1.2
5641.165899107986,9462.786548831353,1.2
3418.7991615226633,3560.38807708294,1.2
3170.5580799391064,3284.103824748812,1.2
5215.632124298467,252.3806024606079,1.2
4103.237651119412,8804.734869551125,1.2
1814.7236790930044,8575.053607995384,1.2
1880.9264640330869,2546.944137225555,1.2
9312.368390708945,3946.3570107120104,1.2
7375.837596996393,9312.091012688912,1.2
6377.222396822716,7422.271237781247,1.2
8257.70895617165,7908.602259069197,1.2
8126.968748594895,1439.350158230185,1.2
6314.699416556801,1563.6758281863017,1.2
1308.376354613423,1808.4959611158724,1.2
639.5729182284305,2462.566353026133,1.2
5737.124812758715,3473.128791790532,1.2
3307.0726028534514,6589.34882065924,1.2
1758.1150259009114,4812.21550071325,1.2
8760.464464901155,1708.6555865902208,1.2
4452.1537662601495,9809.822956626662,1.2
1394.0039999940711,9838.773640054907,1.2
6548.837409829216,9075.016162534379,1.2
3159.5160164969984,2309.7819443440635,1.2
262.90163525186426,5528.220761829189,1.2
9481.52525511268,8762.406947216095,1.2
5546.752661124819,4779.90123564761,1.2
3525.1123185475676,3439.631586444932,1.2
2501.1677489589147,6151.796866671059,1.2
5072.086746277911,75.39087513508736,1.2
5686.217582112443,4094.1325818784635,1.2
1027.1797888469803,5379.067642814051,1.2
6035.1368723150845,5106.758361077513,1.2
6277.053185375102,5618.596000410511,1.2
2187.5533470884056,1991.9933452791138,1.2
4444.716143097274,922.0371955484296,1.2
3518.2450650152596,653.6322861336863,1.2
2486.8253352749202,6262.820262650195,1.2
9697.365816510255,5489.114085064883,1.2
697.8656598617894,1574.8156226123579,1.2
6058.791861617981,3501.972438913916,1.2
1372.7835388396416,6299.075083576064,1.2
638.7840542833467,7009.324739077481,1.2
9265.279778113292,6118.4224166720305,1.2
2690.16316116496,6245.514213953086,1.2
1187.1415636629335,6838.131898117455,1.2
9140.72114884962,3767.6999683478793,1.2
3938.1864596447413,3284.0354715188637,1.2
2745.3533017316445,1927.7473047571148,1.2
2462.055791311093,2102.1837389222355,1.2
1007.7720989994021,3772.402826850045,1.2
6169.478052561855,1279.7252061813924,1.2
1304.5664040954307,2888.6131477183776,1.2
3154.0621850001703,4460.98514984987,1.2
2500.2370393750484,5876.064827624678,1.2
6.160894265474504,4718.4132685782,1.2
6718.65024681269,3358.0293945658336,1.2
3906.894050305587,974.047720527631,1.2
6898.955887859005,7563.570424977815,1.2
3113.0447904767357,6831.158440631706,1.2
9955.523081942476,283.04074966615025,1.2
282.10346660352934,8317.426913360687,1.2
6723.469239890718,8573.284918192798,1.2
7617.9680710822795,7107.840963439085,1.2
8832.898730747,5415.151051110072,1.2
4261.990554915152,5874.4701618916315,1.2
8165.463581980528,9794.536083940684,1.2
8930.555825819387,1132.0829546463717,1.2
6030.400240294199,5024.640888163054,1.2
9425.469533098063,4894.596845434792,1.2
1120.3473364247852,1007.9921228007727,1.2
9669.143618413766,345.4941747860518,1.2
619.8115953504124,8327.91297722318,1.2
2542.6820210444234,4954.3001344223185,1.2
5854.842826681657,5810.587480843118,1.2
7595.5834631437365,9788.291183209414,1.2
4196.699213997865,9515.493241506878,1.2
5409.940496848503,8545.04496649212,1.2
460.9866703192545,4348.97111283205,1.2
3808.6143688241314,2249.643992279371,1.2
5177.327957846311,5349.10038930937,1.2
2171.5725788791297,7541.679492852942,1.2
7585.303005458165,2535.9452666833713,1.2
1576.476042311461,6695.698098999606,1.2
1972.9939064530865,8352.02005309148,1.2
7096.964205346391,4762.900577798411,1.2
8608.786160833732,3095.002026043396,1.2
4958.2746203472925,9769.584861300382,1.2
9558.891154753024,7183.476325172825,1.2
3780.927796049236,5894.772719742987,1.2
166.23323554313507,5012.273523820915,1.2
6262.235617169299,4227.207781757076,1.2
3492.864970986337,6307.867469187756,1.2
9859.579197874213,3353.242081682353,1.2
2977.151030348362,8050.500540427188,1.2
896.1907832955441,7036.815139902787,1.2
3224.109528876634,9663.61742278225,1.2
300.21642517242594,4598.959023216948,1.2
3723.6627626004183,2739.2680202376896,1.2
5751.97921760395,1952.7900467616155,1.2
8680.9928685144,2211.6518015821953,1.2
6478.030179821994,6314.988385287321,1.2
147.75569933262122,8138.220646369532,1.2
4606.516653234625,6779.493717820665,1.2
5411.552011211652,5213.696112830617,1.2
2971.791778593514,5699.701515842405,1.2
818.1819727109186,2902.5121306684555,1.2
1589.6398084272112,2799.8191877226554,1.2
3025.195329776412,925.6875607175185,1.2
7878.514294767738,3161.834297766896,1.2
4905.35651969386,9371.70057854352,1.2
546.828480209065,4061.8619819507894,1.2
4310.06461197554,7119.727159791398,1.2
4031.949476411023,8242.358291796254,1.2
6140.843459314976,7125.8788677202665,1.2
825.9323150714914,5510.782953012159,1.2
6112.147710086035,154.692248577476,1.2
7064.199144204867,2043.1180904643277,1.2
1424.6237916434025,1086.1794951922466,1.2
7373.898324555363,6202.438881155485,1.2
9838.492288282052,5679.589666930405,1.2
7970.6841729918,3572.8456104398874,1.2
1943.468311731452,730.4977291102576,1.2
911.2352640781718,9012.72438532847,1.2
3058.4730370230095,8882.964225576241,1.2
9800.526238539927,5868.360223101108,1.2
2256.1520299422687,8820.957184317907,1.2
5362.423452554343,8202.255023350106,1.2
4842.176847455303,1926.8657177923653,1.2
9893.912414422482,8254.4106797185,1.2
5465.006909418734,9832.31647470832,1.2
9877.473727793427,9648.418645514148,1.2
2999.309515178178,5865.23232037148,1.2
5429.618740643227,6000.656221645978,1.2
4182.041245192662,5599.711517079343,1.2
5801.934264495599,4033.7374817559125,1.2
6495.2486535720545,6189.853646501413,1.2
1930.2411767751337,360.72171904640516,1.2
8156.774681158598,6173.790926547078,1.2
954.6292139102708,8019.476115172171,1.2
8135.305266941092,319.23407480124786,1.2
1413.892817634066,2466.559398833412,1.2
9340.575854882989,3690.561211004092,1.2
2695.5524249930972,2247.882773547253,1.2
6678.175550881338,4689.231603083238,1.2
9842.413294651413,4734.10312243423,1.2
4985.522038280968,5221.580108644348,1.2
5820.597156629122,3969.2548802902847,1.2
229.87301315635312,6324.008071044947,1.2
7372.479777793281,9813.975808721687,1.2
6005.007585675471,4849.182679400293,1.2
368.1101689362998,3973.6823096115095,1.2
7158.030920637662,5277.4294920177,1.2
8005.126073003471,5405.252324805665,1.2
9501.028578617917,275.8914779793753,1.2
7620.225209722749,4229.995005923499,1.2
7241.364577198906,6212.1278005852855,1.2
6847.755037554354,1777.1926053287868,1.2
7096.534374376456,828.8059397635827,1.2
1796.3092754085508,6671.229503054058,1.2
1616.498020353071,8818.790573513023,1.2
504.119931655802,71.89281159921346,1.2
670.0213576406633,7840.866258773866,1.2
4919.925290930043,4541.133737803917,1.2
2257.019359285286,3624.826651823663,1.2
4860.513325481621,240.2738485131173,1.2
4665.7484678037,9867.06998086511,1.2
7217.3101733569465,2030.9359821645944,1.2
3327.721230274512,6472.160016681625,1.2
7389.765122228431,3251.0765727003923,1.2
6879.2264338805,6514.453174008245,1.2
1506.8274532576897,7296.0846289691335,1.2
4768.55039323603,464.85542565716463,1.2
6092.99391960331,9442.43400445624,1.2
8291.197864577032,496.97458730333375,1.2
9353.454923810514,8722.06586932382,1.2
265.9443769923753,7036.6526658250095,1.2
9576.907366158233,7407.615032178827,1.2
3607.137265208424,4120.667765024572,1.2
5694.168453327739,7648.519909734258,1.2
7266.225504810017,5175.084083758381,1.2
9066.750434635227,3770.1125092155,1.2
2365.1494469121603,5384.764291373309,1.2
4781.019569339536,9009.008710137818,1.2
6011.548776946501,7772.457729754036,1.2
5676.042039585546,5786.70128477389,1.2
2031.370246082781,5064.343337481097,1.2
2827.1563863922543,9679.894489886889,1.2
4390.554981981094,544.4146641126201,1.2
1776.3680667266458,885.0840992860332,1.2
4994.112788703099,8692.70828613921,1.2
4116.190994576795,4802.382026220125,1.2
4545.874602709001,7258.408151639014,1.2
7091.847060962723,5509.703259883863,1.2
3000.4126893301,1532.4955265347562,1.2
8219.153973701917,2290.945304507226,1.2
6836.872925338792,4123.1119893022205,1.2
5937.937739025413,4381.352749199665,1.2
4083.389481904587,9592.80723332206,1.2
8416.975775795956,6634.059867239871,1.2
6261.984851532931,5010.997621918314,1.2
6669.295942907283,4222.186449434174,1.2
5309.067627917889,6472.221997815836,1.2
8912.750858289524,11.044385682206226,1.2
247.48833416998073,8508.08530809129,1.2
885.0342451258697,5283.335138228595,1.2
1246.137013955867,9518.722697501426,1.2
2850.351929651058,8231.21533997411,1.2
6670.2416640562005,8319.124570365117,1.2
6799.386836190649,5605.690772525538,1.2
6377.434895463982,424.2131293831408,1.2
8930.236799297621,1197.7233003803944,1.2
5989.234198814195,6370.089932700475,1.2
2966.0740511875315,6548.870299725018,1.2
6438.312574899877,8848.253724231721,1.2
630.6648481135325,8833.55217013509,1.2
6380.8597390800405,7390.915380597913,1.2
7079.152710145149,1764.2474605795921,1.2
5943.859808601537,3627.3186547583637,1.2
8747.94933948847,8112.488103794547,1.2
2087.1231466401287,6694.026818966557,1.2
4552.934389924784,1796.8915306325296,1.2
6736.883836105198,7366.158496683966,1.2
5071.1440305726965,386.4452785095918,1.2
8829.90703119874,5985.879723850815,1.2
4086.379477145129,4588.310895956386,1.2
340.1769252984899,9827.032768327736,1.2
2348.2122127578955,324.32876255816035,1.2
9755.08250839105,836.3999711862535,1.2
840.3729284896622,6226.633188143953,1.2
1573.9807008790528,9315.464075949882,1.2
1897.0341637788601,8948.56275843347,1.2
4451.11546977176,1185.9772337240504,1.2
2668.9557259226303,2615.391518118164,1.2
9988.185329726606,5548.703861548014,1.2
8889.043474276772,7350.216365914574,1.2
237.2179424056664,4667.207973473034,1.2
1891.2105715041416,4932.924913271431,1.2
9464.20797366832,6614.482144240134,1.2
1532.532224924623,8645.097087684399,1.2
6570.187877455293,9934.687421627033,1.2
6955.217064949185,7005.426026189175,1.2
1975.1728983635585,6519.102035807439,1.2
327.5664082236374,6631.386276564512,1.2
6787.56342081803,7699.540974285597,1.2
7575.845853545878,6272.1739170671,1.2
8261.349082507735,2674.645386132012,1.2
1764.7882190569242,5318.1767597282005,1.2
6250.3953417498815,2128.8921746415413,1.2
1610.7910025457372,5132.0604246752755,1.2
329.4174484566581,3723.7491605042183,1.2
719.0538995441353,705.1158165418148,1.2
9190.098949795782,2884.5732868562623,1.2
5194.848693328957,3025.828834225379,1.2
156.0922742673787,7564.825950343152,1.2
4.69613074623787,8589.168774346686,1.2
9890.524474296455,5783.795652739063,1.2
2621.504176732096,5086.514508950863,1.2
8737.739374466264,6866.143353738695,1.2
3518.960146422705,1036.5812073640413,1.2
5319.802743334414,5247.334027304693,1.2
1530.0932068501327,344.107969863231,1.2
1171.5127452401098,3859.5397688960097,1.2
1241.2637016248452,3949.6298533183317,1.2
7072.970247517637,5198.422352213571,1.2
8095.995509038874,104.18445735195792,1.2
8583.550800555367,3401.623496269857,1.2
4342.658617581118,585.3637761703245,1.2
8781.387977061551,9943.842737577195,1.2
5779.12237723395,5716.696311275134,1.2
8459.491943074303,4492.832111414135,1.2
8888.010747658709,9154.605555824428,1.2
3823.630665194735,1169.0015527977039,1.2
8246.9030428965,2977.2517564423583,1.2
7609.666589354322,3058.4595095635405,1.2
9634.912444480042,1040.4218618476302,1.2
8819.748738074168,4112.4627334367815,1.2
1591.7896650975704,8654.81866367413,1.2
7630.976441565323,1125.197216728986,1.2
4289.485104704626,9638.72855621569,1.2
2040.8243378788882,8795.369581405226,1.2
2716.5633385120213,7285.888704967895,1.2
2970.555946490776,8950.10376715726,1.2
753.067389403862,8568.010934466629,1.2
2788.736674333687,6398.640708153625,1.2
7589.260064943608,3775.654339475387,1.2
4087.897476121559,9250.172751872413,1.2
3198.160923100338,2662.0948901169427,1.2
1639.9225612270097,4908.5183394619435,1.2
1002.4743121763469,4676.732347625368,1.2
2225.8984352981815,1001.7451424887958,1.2
9591.527705838229,723.530297752788,1.2
5135.429481677294,7441.278058620637,1.2
1303.6545737737315,5737.727098558588,1.2
1882.2135709855193,2627.1219954574985,1.2
8142.35102601213,3298.2835736284424,1.2
8555.195342220655,7409.815777857497,1.2
9936.684958161159,5402.8764154744995,1.2
6327.023258579452,3637.564114546723,1.2
9577.874669202722,7466.285492136279,1.2
720.7391811621854,3797.687407841672,1.2
1857.2588830550308,2494.2218613404034,1.2
6518.084180816853,3404.3570368113774,1.2
8231.792049280171,7842.086592331381,1.2
1286.7653078684139,3513.441092378402,1.2
8005.561703846757,2154.866457650135,1.2
6999.239826174153,2847.8267644630196,1.2
7711.350660882757,9037.446885405498,1.2
9910.513631434926,8311.719658796525,1.2
8038.198478572926,4119.255151662641,1.2
3263.0728242667337,515.9711483749674,1.2
7506.311926516378,7864.573774709695,1.2
407.76329893928096,5710.888340444002,1.2
6716.860872325167,3181.487349892298,1.2
1635.5410555613958,7614.651105718429,1.2
7461.670598154692,1284.9191546340244,1.2
1213.334125018366,3584.2901888011725,1.2
1419.052199308126,472.631627501231,1.2
199.24726329303422,2869.9385365958997,1.2
877.9894152909295,9638.533253704416,1.2
3517.954143773455,1234.131660197969,1.2
3140.931003759522,7188.338679437568,1.2
1350.3505375519153,9865.322684816785,1.2
7351.701577702898,2880.674102998412,1.2
8229.066206251517,6377.985987112008,1.2
1768.0913960121102,5597.095212848757,1.2
3080.5197530456353,788.1362429949246,1.2
3685.083021113821,7012.127626567095,1.2
8716.703742150707,3809.7779813544953,1.2
4538.355055715626,2536.4318513778217,1.2
5153.35982169101,9187.508952215985,1.2
8873.589737581045,3257.556447194219,1.2
1309.8726447213671,6379.4086652979995,1.2
4682.730941856237,7376.11935767432,1.2
9524.973385525684,4230.45056457201,1.2
2258.986588960129,3459.96432141069,1.2
4738.960708352263,3006.621050015509,1.2
9147.921616765083,4397.261819730717,1.2
9719.4411055534,1438.727507079317,1.2
5975.684709215,2667.1828208635216,1.2
9088.969128612855,9761.478923690818,1.2
3279.8405000229336,4669.926498221428,1.2
8245.113928790204,4618.181322450225,1.2
8942.652990632816,559.94802067602,1.2
5966.537908373545,7447.871492150544,1.2
3545.1330011761493,2913.717906187474,1.2
5363.1677625676,4987.103003741855,1.2
4864.783921928571,8368.984372411349,1.2
3146.221443017095,9841.60692165997,1.2
4046.081931746619,1817.9943355535088,1.2
8467.898636054297,8625.01238946384,1.2
5139.0040996857015,5424.634726158448,1.2
7753.635306368985,8271.954306624555,1.2
7332.857110876705,7734.694985527699,1.2
3365.2998901304163,7412.397058040163,1.2
5308.252766214953,7735.1712854188245,1.2
247.00336281028302,6536.289051078487,1.2
3293.4327508952597,6897.156496236186,1.2
819.020262959177,2261.355027880768,1.2
9389.658617216048,6764.519319308667,1.2
4187.636609570496,3784.1638633578823,1.2
8548.446700820354,6823.17872429189,1.2
8537.098267405603,2902.133968832633,1.2
9150.733362453582,9478.96621375837,1.2
8761.903873933921,8655.74118717683,1.2
205.70827570231097,8331.664534023863,1.2
5136.964799443286,7697.979893158501,1.2
3141.5795113611966,222.02277043080753,1.2
410.1573341832676,9568.402888696599,1.2
2382.3466045140517,8435.58824555151,1.2
459.5961505501267,3745.8772069160173,1.2
7754.836253752247,4454.445298167346,1.2
2034.1724850110543,5855.603044706629,1.2
2817.9198954566364,5009.896837270011,1.2
9407.856975213592,3652.926333461892,1.2
8334.481809766758,1981.9119902742366,1.2
9669.349683226634,4338.475059918195,1.2
3490.742277540194,6107.289839158992,1.2
7001.404747883299,6230.334748785263,1.2
8860.866641312523,5696.173154475144,1.2
7916.633387606007,8557.092406303802,1.2
9486.637003849379,1013.0910177704588,1.2
9461.122455656025,5108.529950008908,1.2
6206.737645375995,5307.76368475799,1.2
7508.572680122301,8128.977567826358,1.2
8262.032121566483,2658.515163060046,1.2
2961.285827431308,6949.76464760395,1.2
2486.4397179637176,3653.655777720297,1.2
7037.876865218753,6708.355454172998,1.2
4898.4123573009665,4296.4714360695,1.2
8449.308906437172,1131.4804046859172,1.2
2283.8184795433203,2780.3369060726936,1.2
4839.246890201143,6924.553443510596,1.2
558.9071009251256,448.64368214993954,1.2
2638.7784060725417,5889.428809090348,1.2
1090.5028123660588,2836.559794818717,1.2
2793.7988294983384,319.480684680491,1.2
2432.1072629974615,5835.295160225681,1.2
436.91212825126115,1165.059537905384,1.2
4471.574895192586,2302.806727590504,1.2
6735.601219149023,7949.087400241689,1.2
4277.061028556962,4267.976735708358,1.2
9439.376973457882,8991.63329977318,1.2
397.0492652721258,2805.349237789886,1.2
6314.418308445162,9347.808695010739,1.2
2757.986405154648,5381.933350154901,1.2
6011.637426247135,6227.032196773591,1.2
2897.1532147039434,6887.276801714434,1.2
4479.272030336167,7845.255744389159,1.2
2954.1518785857647,5618.865120492087,1.2
8473.65055394144,334.98692327311954,1.2
5608.568806270623,4903.80000976155,1.2
2842.268783007743,3790.9494150561686,1.2
1083.6704499004668,3352.388761867218,1.2
4658.18541434797,5180.654493234272,1.2
2250.101212949934,3420.2809026245095,1.2
4581.840848207872,6988.768697856378,1.2
5492.0392988183985,8384.096077676237,1.2
533.805353799881,1944.4305392057227,1.2
8948.542310332385,9720.423165343314,1.2
3062.2298901938093,550.3878717162158,1.2
7297.097037721772,5314.538987223343,1.2
397.5093356429371,4906.8776087358365,1.2
7257.0588013687575,1874.1998949029482,1.2
9474.779718957509,7441.616159050214,1.2
9566.999626303075,4085.6543157321166,1.2
354.40179063756074,6899.654373925663,1.2
8254.016719542467,2494.8355585862237,1.2
436.3021313540394,2102.8339890413495,1.2
3074.116269840393,3253.2445061646818,1.2
580.6563073876725,8516.04653942041,1.2
6748.747090875407,127.7509185213388,1.2
7883.269025705126,6839.331079592847,1.2
5442.411002344197,8503.167135742107,1.2
905.7793759896549,1689.6245393682207,1.2
3581.2189006569215,6389.424804048075,1.2
765.8770254712576,4421.271423585892,1.2
2268.3277601115924,6437.102019750971,1.2
4093.7929585212196,3089.6052953640697,1.2
4383.058724577382,7645.2890062966035,1.2
2249.87013692453,9504.227172375196,1.2
8022.305295204721,1321.3692038052582,1.2
60.20326809246801,7195.820214481473,1.2
1227.2395345820742,9314.542421111584,1.2
8206.37237068242,67.78844397822171,1.2
6309.014109234672,5517.106618640668,1.2
3719.088740490413,1904.5709777488762,1.2
2561.252581909871,2739.483901807147,1.2
9246.581555606805,2683.376967588574,1.2
309.3600745185465,7944.044242877014,1.2
9763.420790718834,7852.136327697373,1.2
50.980607156717596,4640.631632115018,1.2
6288.811323429054,1298.355866006341,1.2
6904.1608863806705,3971.5020452338613,1.2
2200.8375039803905,2245.857065910586,1.2
9305.961940928675,4154.908488828159,1.2
4542.602227996605,7653.305810765053,1.2
3919.4138439082626,2346.481542950204,1.2
1243.4988406317327,7871.891248578723,1.2
5907.865126512539,8422.762482144795,1.2
2525.9061111608585,7062.59886238623,1.2
3265.832018437428,9430.82306188595,1.2
4162.562761961534,6172.209828595155,1.2
3026.381451131329,5760.362059440681,1.2
2856.9982850941624,7462.40747904823,1.2
3706.1972037987002,2444.0739267833624,1.2
342.4208905887571,4462.43559633875,1.2
2582.0372922136903,1712.5472010726994,1.2
305.98539883970767,6566.29088516279,1.2
710.3119261582857,5022.174900610571,1.2
7399.259280888026,9952.242462638766,1.2
9435.712224822084,1984.0866601508244,1.2
7576.042715377993,5516.380779669731,1.2
9935.213121919005,4186.227212075207,1.2
6729.319277316326,1730.9730848358583,1.2
2810.422972492379,7901.731962534454,1.2
8079.351915764966,9634.384690370687,1.2
3118.199962957381,8925.387846452684,1.2
2019.3470675157764,287.024491526795,1.2
9303.081668698274,8927.791340481583,1.2
3667.334334655938,464.4354475151724,1.2
491.13234173107753,8240.008770591805,1.2
2524.302969879757,1930.8695643537267,1.2
3416.302283295367,3868.3167499473934,1.2
4799.009339025238,577.8783385583641,1.2
9142.031214870809,4614.287853383286,1.2
7890.594217988156,1825.1213170845303,1.2
555.4309566246862,3265.6804062642163,1.2
5388.477467436404,7296.353484458431,1.2
1413.6800274726259,5279.793302726575,1.2
7202.149500779947,3603.885381765394,1.2
7545.394989249456,6410.927590075171,1.2
7517.022347503749,7583.759618687346,1.2
3823.1214091868214,4843.363549029288,1.2
369.91332347650507,5281.846663346413,1.2
7869.386997723088,6137.465261179816,1.2
3554.3464459587617,4066.907921053602,1.2
1578.1954199069203,9782.25412711569,1.2
2700.823690456313,5575.00776437974,1.2
3301.3403146967125,730.6246898081847,1.2
6829.303145754986,1019.1460388432627,1.2
9974.433530232645,7011.323418025595,1.2
6914.988564621033,4730.5531020787985,1.2
5372.182763314008,7377.055019242065,1.2
2007.9952162677328,8631.950316688957,1.2
7547.003070501041,1750.6817121602458,1.2
2853.3573322267025,8472.505440632814,1.2
6280.329467684534,7809.772667685282,1.2
2278.6131882479076,9307.004455609645,1.2
4979.603143302494,8070.354644837659,1.2
9608.446364666202,4052.1092703514028,1.2
353.13990789142105,6868.56309890757,1.2
3138.062144658508,2984.484657296348,1.2
5430.2726014432865,2797.040993718086,1.2
8677.974503059624,1724.8824948558483,1.2
3148.47978607226,9196.764981376016,1.2
7523.538365800282,3662.7420873711335,1.2
1473.3698468558375,1707.6857989651396,1.2
395.616708002875,4265.792144966168,1.2
1905.6653842846772,1331.6065530319277,1.2
7687.630208536587,3939.9743756467487,1.2
8714.097077821558,8739.98040129644,1.2
2906.1816447792253,3667.429192559094,1.2
7830.006401244589,8742.818656510897,1.2
7841.444597630382,7645.161677015936,1.2
7572.029276823964,5999.146374327189,1.2
5858.978975781764,5878.3896314179265,1.2
4787.1026686493815,2169.1694629455383,1.2
5904.366712408621,9848.242858886906,1.2
3444.8852591017776,2336.2870465134065,1.2
1591.6383428825532,9605.285865529071,1.2
8246.946608235992,3352.6855207726335,1.2
6285.277962840099,1005.6752022831406,1.2
5397.945715319579,3130.4539153330848,1.2
358.22454090839284,9842.494029059326,1.2
4089.5454823630394,6125.006639986617,1.2
8830.752711326539,6956.231185392505,1.2
614.6166228510308,9435.429287452816,1.2
6490.308162434103,6477.9125947962775,1.2
1645.9736770261613,2640.584459456441,1.2
942.3444103517031,8900.67902542429,1.2
7192.89641357438,2713.8472293711425,1.2
6324.229638041903,1571.8505132324833,1.2
7899.688135205435,5491.102960149678,1.2
6779.178584767269,4420.714306387216,1.2
7362.670448291103,2986.917142649889,1.2
4902.3374453699835,9927.50438508535,1.2
7898.2159753165,1703.6291743583797,1.2
5143.15640704458,9159.776062498175,1.2
6514.873162947309,2448.784128100594,1.2
6607.708938613822,501.64152019295136,1.2
2985.98688702995,5315.480347271824,1.2
40.504727452942426,8702.116935873579,1.2
9628.777322402975,7396.881152737119,1.2
9973.406645374525,1900.3255086223003,1.2
251.96429324766845,3943.0118566415726,1.2
7967.910928944652,3432.0347626238768,1.2
4919.699819907017,1071.4736295432115,1.2
1454.3049206691871,2459.4055633879166,1.2
6435.648097255501,5096.739967542013,1.2
6106.09619963786,5104.544463832626,1.2
8918.748128299769,8877.111704521923,1.2
1083.5309040604557,2201.1326676643484,1.2
2632.439727907462,5708.409771624502,1.2
4638.0892698649,4150.595747092136,1.2
3548.841279277307,1576.6372289328413,1.2
3432.7854571544735,9343.820356707685,1.2
4542.317796738693,7140.690798457155,1.2
9808.521960103122,8272.174819798394,1.2
5583.853172013538,3150.339185981752,1.2
6683.486392086028,871.42876227007,1.2
1129.9732905242033,5508.578750917135,1.2
7635.809384347868,601.0803468671633,1.2
8023.198413482621,2794.182842843641,1.2
4494.640744190712,3162.176521350334,1.2
8098.137541379408,560.4486954885446,1.2
9600.20653951929,4521.801544545655,1.2
6778.2316785143585,878.4637649238391,1.2
8530.537883146651,2677.662167636118,1.2
324.1845141030242,6231.6552835116045,1.2
7286.754714300926,4055.5265426755295,1.2
3849.7354578037834,3157.974178237274,1.2
6702.291547312218,6278.017604753443,1.2
9463.222001590933,7970.046018882024,1.2
9752.931017748197,5664.756077186676,1.2
9591.75688114424,2502.829292025173,1.2
1344.9342554978605,8285.597826535783,1.2
6048.2754881584315,2901.135173847045,1.2
4959.887045747625,2178.2093093820554,1.2
2810.156439451422,1994.9042241183545,1.2
3681.432940125411,1192.678360092163,1.2
5872.020973478939,2018.0622351290012,1.2
5374.732662846028,1849.1365080962373,1.2
9540.892115893716,8187.602258006355,1.2
6154.81844528918,9007.898956839099,1.2
8315.47957972982,3349.782071237204,1.2
8669.97684632316,3135.0232456071835,1.2
2139.176813696636,584.5929270098015,1.2
6824.462343584211,9491.227948019032,1.2
5138.014827889758,9450.239746127108,1.2
9549.787194321158,3400.0728968019457,1.2
3549.0180969800276,4267.296653869536,1.2
35.408370446479154,9269.128824515268,1.2
1892.973715142744,5567.034499800395,1.2
9487.794426422777,4219.335625760806,1.2
3721.0364264965033,8664.120548609415,1.2
1467.1214035811763,4030.3105973958186,1.2
5348.490707623441,8897.624230416728,1.2
6426.554173549478,372.80771497375855,1.2
7460.953386711208,1632.9023895930661,1.2
9851.924987341516,3777.94980241085,1.2
811.3217622315772,64.90996531488102,1.2
2289.143048403306,5140.491383241137,1.2
6923.542403272503,6352.1678892076825,1.2
9505.843571910085,8711.319280181995,1.2
2554.5457868928825,8112.992121709905,1.2
1823.3616726722958,3713.5106634967606,1.2
5087.154335902968,123.50411146415996,1.2
6656.449186755908,3171.366124757575,1.2
3151.7626760812345,6218.61746841131,1.2
9430.391799900988,4205.345968702391,1.2
3012.654938571514,5041.555045655684,1.2
5268.497898298768,3293.712341966104,1.2
2348.218444798685,6812.262815892987,1.2
7321.015034035978,5873.633480425549,1.2
7202.449087970919,6442.3216752348435,1.2
1700.6861455474066,2919.549514168648,1.2
31.970385249864286,104.08176625281706,1.2
2384.760528047395,5669.365255663273,1.2
4111.962249000666,8945.937657782195,1.2
177.25207508074047,664.0248016251937,1.2
7218.945205746354,5545.608528370224,1.2
3510.5846129889164,9070.92861563339,1.2
8446.496335528098,7067.110877091028,1.2
8438.66009241511,7232.444847043524,1.2
7420.399131613036,8211.830908909858,1.2
9350.042038888452,7242.226882734022,1.2
2690.834289248973,8816.829433611776,1.2
3759.8469934830737,866.0084302348947,1.2
4357.562724742305,2484.4792590572974,1.2
1210.0575437647888,1595.5410726663067,1.2
1291.395336517054,5777.810976693686,1.2
9041.606953727502,781.1513499024459,1.2
5628.098127000021,2858.392378637179,1.2
179.77618971799393,583.1113714151747,1.2
4555.898552698577,7868.526549396809,1.2
4467.015786843916,7074.945983790537,1.2
2019.1665127550639,545.0788312330368,1.2
6199.195450837483,5787.322324662787,1.2
1927.9117057537776,4083.836452431888,1.2
784.5127947140651,913.9208186676917,1.2
1131.4304534858543,7369.597992395914,1.2
60.10557017805396,9050.111061654543,1.2
3534.0601320907463,6227.311477557803,1.2
6334.187484017697,870.4698989435367,1.2
6679.701210849809,2973.796354476833,1.2
5868.7050633170065,830.4408955583153,1.2
8662.925619332975,3060.688403654267,1.2
1510.2183948349257,3694.5794515605257,1.2
5878.008406467411,7579.728305109789,1.2
8178.219740832919,8360.753722561505,1.2
7909.904255804202,947.8800057968073,1.2
9326.954832293399,859.9456433853425,1.2
8235.489222714137,1713.1502307918256,1.2
7412.17185838471,1704.8508713262245,1.2
2528.5905048193936,8836.277350999639,1.2
7125.4138591491455,3678.8923355465076,1.2
5816.8870907256305,4828.412579517999,1.2
6935.22517400909,2066.480439879617,1.2
7970.785066317752,8439.395067879139,1.2
3404.063432180695,5302.740871008618,1.2
9451.058935534153,4039.2222759390716,1.2
770.4362786540509,4346.718082031566,1.2
5207.123186791374,2176.840109414453,1.2
9923.294313054615,4446.764207072342,1.2
4646.866107891287,7034.9186195841685,1.2
2555.426290962035,2585.772059953123,1.2
6043.8371057567465,8304.837164986331,1.2
4990.129755154421,2378.8445774194424,1.2
6905.915068471851,9810.183182200448,1.2
1654.5310268026792,2636.8058801414686,1.2
7611.868327369244,5152.036200360292,1.2
2356.5696473235175,3201.2832047485417,1.2
3996.8639590486787,8345.571332047739,1.2
1318.308774896052,1614.4482617782796,1.2
8343.878698914972,8438.078440694828,1.2
3265.559357515686,1059.2847744380852,1.2
7496.56572206379,7214.524319181424,1.2
3867.8340488648246,6048.003996726447,1.2
7029.261338339286,7973.157130282232,1.2
9131.633730469259,8517.536074859901,1.2
6616.333917025243,6100.5320069551035,1.2
4868.057090234017,5688.300875867395,1.2
2393.4344728423453,4723.582387687958,1.2
4458.669878990225,3642.429174294074,1.2
958.9980614670635,447.05297192641046,1.2
1166.412492194122,9237.015533122334,1.2
2915.5706836057725,4088.052702010495,1.2
6382.518888509602,8919.852815130105,1.2
8380.130458366197,7999.382621022173,1.2
1669.7171013215261,8133.63184870688,1.2
2074.9925311561224,519.1897412359103,1.2
2409.9343553306617,6571.663502074591,1.2
9053.171656018989,4235.863079438896,1.2
7752.417062741803,2698.908145461112,1.2
9912.198959678846,2532.7570040316614,1.2
2632.047587627974,7911.805475750868,1.2
3005.7419422656662,3512.5518876342176,1.2
5607.86843761708,2336.6949926396996,1.2
5038.764815729001,6426.714600683915,1.2
3863.359658308351,42.09050528538483,1.2
4972.421315081737,5999.868760215598,1.2
5065.851549174523,3544.0521205236273,1.2
9809.501579268783,8647.41405079531,1.2
5681.905445524252,3494.8342708670966,1.2
4517.818775155152,3534.860646033746,1.2
2682.207895309586,3921.4614142996575,1.2
6856.889649208691,2990.3544233172174,1.2
6688.661916544614,8303.06296075564,1.2
3868.8350248221946,6593.389514427937,1.2
6641.776722684458,2606.4849818746407,1.2
3601.8864338681155,1453.3829671329136,1.2
627.2351934477894,5183.414378890015,1.2
6625.456681471933,7146.879471988084,1.2
7719.800326669105,515.4994667286561,1.2
2366.766563582424,748.1068142392234,1.2
6183.817117619853,875.8499368445971,1.2
6977.781644608724,9626.260322293681,1.2
19.5687094341368,7458.003742740021,1.2
2371.008727956452,9217.514397740713,1.2
3326.130468733699,6456.893791717144,1.2
8223.552478527978,7809.406766588576,1.2
8260.306154901402,9841.489298796732,1.2
7179.008901198534,1383.7440793460298,1.2
3524.489933353703,5813.9981595219015,1.2
4220.943017171984,9877.403960777825,1.2
9775.396777123897,9974.78325809321,1.2
5367.026142841039,5920.081947679318,1.2
6980.644191384216,1378.8582703413842,1.2
2782.8444790365616,4908.136659031068,1.2
4255.831335471173,2815.4074832909646,1.2
1779.8783407288877,4219.120113906394,1.2
8894.025433304363,2939.652563658748,1.2
7120.933239188753,8735.948154814903,1.2
6487.274163745876,7531.407743120952,1.2
4735.343113883567,1916.1701407653297,1.2
1525.858266086334,1073.9080961171699,1.2
5241.461700773068,6855.044153517004,1.2
7998.816329323425,6014.089243068189,1.2
6323.616200492099,9999.576913312841,1.2
176.2811768627015,2042.5519942350068,1.2
7611.401970797639,645.0814440443397,1.2
9803.297351373463,7321.969322266796,1.2
6139.206524253137,2052.370487652245,1.2
6193.955886908023,144.0735911813751,1.2
7855.607716439253,9237.312746102632,1.2
2067.69399095985,9123.005816429923,1.2
6980.603819332314,1723.1917803374163,1.2
8837.789753898714,6435.997480026148,1.2
4151.280764023007,4508.649778069046,1.2
6308.883076124219,1106.1036390483282,1.2
4292.549587583498,2100.962496689256,1.2
3549.107874045665,9267.706805497623,1.2
7482.454599751598,1760.1678044486157,1.2
1404.524404280395,2060.4398326805826,1.2
7575.717065558843,8767.688862549188,1.2
2833.630682985148,4909.968256828476,1.2
553.051125240891,6984.2426251579855,1.2
5211.987956275805,6571.214214254211,1.2
527.6135509073055,4601.946453973771,1.2
3037.0272575819513,8188.057719849742,1.2
2006.0595149084781,2877.5142853601687,1.2
3860.339979080728,3987.7181900808555,1.2
3976.6510991060977,5535.559794898231,1.2
7505.856279993444,2166.9449224882187,1.2
1907.115041467914,3979.513604382553,1.2
5414.25216062437,8640.834657421852,1.2
1132.141242303154,9753.757721524962,1.2
2253.6196785526786,281.14406267408685,1.2
7688.845583090815,4888.340425710223,1.2
9838.44701402588,9268.631380271752,1.2
1748.7593976929172,8351.630576619016,1.2
6677.51176760532,8213.495388523019,1.2
2457.5147688027178,497.67334249403604,1.2
3119.4710148283975,8536.638385862092,1.2
8057.6097705556285,5289.715348658238,1.2
7384.299356658284,5336.5502342791115,1.2
7472.690678820061,8180.789349355931,1.2
1796.7835034879154,7784.454629146868,1.2
8895.753462252227,1651.4587001296045,1.2
8717.004377448811,8417.85608175231,1.2
9889.971826713432,2544.5463187808205,1.2
5092.259138319642,4695.617182865357,1.2
2537.5580470826067,3128.8709298199933,1.2
6272.884291850995,3324.421637117829,1.2
8227.40799575487,142.99399207060026,1.2
6343.964738893193,1473.153855639302,1.2
6176.596167921087,7070.577547248125,1.2
598.3068273791558,2524.154901462632,1.2
9810.599199070803,6785.900456135123,1.2
8562.321535838244,8944.65758134993,1.2
638.8030110527832,2106.239380852427,1.2
5139.6023918758,3952.0457598026337,1.2
878.2544770496004,6997.714905110747,1.2
4218.381617175842,2288.612349151996,1.2
5816.902702947492,7612.4257496722585,1.2
2685.5770837451564,3847.9538679906677,1.2
5642.610598368666,3953.6903141096413,1.2
6228.32079220024,4272.489676300286,1.2
160.81624404397976,5018.724939703858,1.2
117.9694421426114,1896.632939141596,1.2
5802.105288903684,2947.0490526636772,1.2
6269.222443365063,1413.702619174152,1.2
8029.267546238478,3732.4830372152396,1.2
1768.746495678607,7825.042982979088,1.2
518.7087836967596,3008.4088083357765,1.2
236.20020416404876,17.176199225825695,1.2
9843.289266802085,7700.946534384488,1.2
8840.472535479244,632.5768482497696,1.2
7097.259874890359,6187.693830681519,1.2
8453.417827495587,969.8123049663321,1.2
2940.162186676184,3945.5597259825236,1.2
5714.995288488036,4653.249209756339,1.2
106.6397652276696,4374.159507476689,1.2
9408.188969017358,3467.3390307890418,1.2
5674.4585269741265,1920.6017974114764,1.2
7156.882650961656,7134.600550393968,1.2
7436.686583319852,1728.3650151266238,1.2
5985.407691065963,1540.353960610652,1.2
1256.2139667951533,4601.283771921172,1.2
9185.172934883605,2810.846567888886,1.2
3575.136703767793,1173.0247116576897,1.2
9367.875890577692,1583.3343090485985,1.2
5377.049100229513,815.8914833498932,1.2
2599.4047557627355,5505.711345070538,1.2
1876.525704680444,1076.9590723756228,1.2
1908.4523223760687,1604.362396527187,1.2
6181.68967317133,1858.6362340411456,1.2
1810.2831736073022,9607.192675452468,1.2
1317.1063378685876,2425.552802750712,1.2
4305.22812221996,2741.503045884066,1.2
9037.254282655687,6316.901559540976,1.2
5256.187340078432,985.8259435535066,1.2
8858.788090286344,2832.6382239720924,1.2
7426.180937360655,8383.766068509922,1.2
5929.048151625862,4003.2769516190215,1.2
522.1524404465616,7183.483784179026,1.2
878.7249644868677,7019.746148704274,1.2
425.41172273073744,7859.565042785118,1.2
7979.316287546872,6029.601949183367,1.2
5218.684653220425,2722.168214995779,1.2
1818.8589075473205,6841.1615790826845,1.2
9946.347534817627,3189.683687379327,1.2
7220.033883828712,6396.422257421636,1.2
1677.9404056357505,121.2049200728127,1.2
4015.6519898169686,9705.353286129559,1.2
3343.073694297244,8351.4523025561,1.2
1226.8469793545712,8757.723194201097,1.2
6106.851344695568,3963.7877822699274,1.2
8185.679247199221,6236.72451075006,1.2
1716.2435142390098,9218.917791836795,1.2
9301.016960979425,8356.771137280824,1.2
1050.0907521399704,8290.317937145626,1.2
4751.332078438459,7612.76788645773,1.2
4612.8091637745465,5723.612691690989,1.2
3255.2349998846244,4151.274459244351,1.2
219.2434791852993,5814.69527695194,1.2
2079.9810589879985,3913.186664087176,1.2
2554.7392375721133,6521.212660413984,1.2
3963.2990972277694,2779.3317196926446,1.2
3773.1509769112404,3196.810731053291,1.2
9965.742301546494,309.1842108733378,1.2
4081.9720033319704,8349.230993619367,1.2
7718.939948397136,6609.279599217338,1.2
7605.366880088843,1737.5513939425514,1.2
3100.0934868533204,5812.666487592906,1.2
3465.4120456269734,1897.8855764125824,1.2
3517.648174965624,6881.426994682612,1.2
1454.66856496155,8264.730771648574,1.2
9726.646847174503,331.0698100252918,1.2
9091.7843799249,9312.655892135626,1.2
5599.571037221251,6502.074840318222,1.2
3135.907464967046,4062.707228724255,1.2
8882.000375238882,6291.869074780838,1.2
6745.730658222639,8713.823621404046,1.2
3910.874476385616,3897.0067591849634,1.2
5071.841239129765,9646.637930170271,1.2
5241.03502664114,8685.621886437955,1.2
9280.009278165524,4782.911685396129,1.2
5713.730690389266,5228.262367006328,1.2
6683.3756877668,1613.5349539473664,1.2
522.5869110650927,6386.948421224069,1.2
3270.573040630146,4772.309513393905,1.2
564.0163917149343,7741.978154202504,1.2
1798.276940637874,2144.09988283526,1.2
9259.331725010426,8716.942951953473,1.2
9380.152229423918,9532.75000114191,1.2
7140.927074340937,8928.776142556404,1.2
7326.8760890651665,3995.869594004491,1.2
4617.476762644322,6754.705293833025,1.2
9313.292676059482,4175.805243618796,1.2
4064.202433408075,3575.127567845782,1.2
6832.057705273451,2091.444356254062,1.2
6499.158680890622,7206.893061814196,1.2
5987.651786627821,217.58245825946543,1.2
2220.3939207967583,8350.203580128458,1.2
6823.571691363788,5584.799097766191,1.2
8780.563026023461,7479.610870337795,1.2
7967.172632810684,3766.972154585897,1.2
4320.0224779808095,6333.591200092269,1.2
9178.782191583898,7838.810204863116,1.2
7818.336777267559,6050.782179356228,1.2
7257.502783492718,4119.279834488133,1.2
1248.5469348959277,596.809069107479,1.2
9163.084493529113,7902.894430220063,1.2
3877.1099373029615,3914.9855237257216,1.2
2949.295455270283,3602.5427551532052,1.2
6167.314147225143,6337.499780081327,1.2
4678.462289812845,4714.664054842984,1.2
2553.3891434456336,2944.2730974211095,1.2
8389.95888704178,2153.2230755043656,1.2
1786.1920235967843,7314.888078547365,1.2
2271.141706968911,6653.4871740506605,1.2
6598.764460343065,5556.888711778536,1.2
4791.16245042953,810.8751820618277,1.2
734.4734233770289,7102.647048041009,1.2
1389.6007126961285,9972.047032497114,1.2
1123.0718363845126,4538.221290270503,1.2
4777.849654183796,4825.148203267582,1.2
5402.962292704218,6781.742964353767,1.2
9580.710491035648,80.2073501212952,1.2
5837.923114234625,8792.40808079321,1.2
5266.640910849083,3167.615239857705,1.2
9222.626888446548,5189.426161249488,1.2
9192.57016447749,5440.415829497613,1.2
2520.0886475819216,6413.109907089255,1.2
6826.326107161539,3733.5286685458013,1.2
9642.761186017358,3539.609575032007,1.2
2269.6164702474484,6819.967535714042,1.2
7160.171985352681,3122.0668036778234,1.2
7977.601074917578,966.043518207449,1.2
9367.511996477107,6675.272254337186,1.2
8537.224957854123,828.8330390678178,1.2
4215.458067022293,8251.131870627956,1.2
54.39868860820707,8662.812475525157,1.2
348.6532878140702,677.3618208546584,1.2
139.053656832,6400.551507923225,1.2
5889.099304624495,9620.294317637548,1.2
3829.9309627351386,1244.5155936274443,1.2
1148.1894966650752,4034.0244851470566,1.2
8644.540088880618,5006.748603600255,1.2
8216.570312999396,7507.975076969246,1.2
7374.916849082085,3248.8559964505002,1.2
8403.441701459646,9508.07087705097,1.2
4015.2910346764115,9884.00896359636,1.2
7486.200012742544,1021.2141424879817,1.2
5596.294452094263,8536.732617664777,1.2
6132.37573970931,273.9897295909932,1.2
2981.0165145363353,2502.886369924134,1.2
6023.791734848236,5413.522726174419,1.2
4256.768396096983,5367.675404804314,1.2
5385.443848349329,8891.758301322338,1.2
4867.298571508747,1223.0190507963368,1.2
4998.916380848989,1502.1381972234672,1.2
9174.594825550139,4498.025314140194,1.2
2628.770217325649,5104.117221007446,1.2
496.9768615418357,3020.079630152409,1.2
4626.920294333427,4033.6510466699383,1.2
4082.190226752014,7093.8816496380805,1.2
4870.434806676695,3228.3880906909167,1.2
705.1577837500278,8202.683492150702,1.2
5821.08611165585,2367.349229261492,1.2
9870.217983557754,6933.164580029741,1.2
2090.884559976459,4569.725717981228,1.2
2123.761181247945,6207.93846231693,1.2
9611.350495070694,7811.519165572376,1.2
7069.540751212099,342.3791983132063,1.2
5929.682131561674,7186.228362767988,1.2
3808.524070675979,5453.339725881936,1.2
6387.404964017096,3030.1541205731273,1.2
5024.285691182481,8436.781102546896,1.2
897.9307469625419,3848.5986374296,1.2
2971.746669299815,498.0607148809602,1.2
8281.44234160914,3964.4487455914555,1.2
1754.5596569028544,9213.392884748382,1.2
9044.8945723641,2037.3977885675388,1.2
5883.148291178578,28.731877067776914,1.2
165.3445679207788,5960.317238005272,1.2
3700.2217678098827,3678.017805438918,1.2
421.2950293320183,4917.848630528867,1.2
1272.8055084633982,92.42362519639835,1.2
1792.6822593705194,4833.452354165141,1.2
1664.5858516935575,7641.177917035559,1.2
8836.884966040518,2568.4962974724644,1.2
9059.520476016754,4660.874008875141,1.2
2354.009785637614,3038.262807927933,1.2
4072.5992443703494,4199.402869288256,1.2
4711.601573953758,236.7206192006177,1.2
8302.340177311433,4818.2274106954255,1.2
2920.076220686647,8394.134116368863,1.2
1738.2853179944336,4015.1348208403424,1.2
4581.431084606284,849.4938669444174,1.2
9024.29163057032,3083.0573086148192,1.2
5949.369247340967,9512.382193826776,1.2
4126.133333212665,4239.594194169695,1.2
4056.5093708085674,2970.7099234959533,1.2
3084.841658471108,2919.768035020456,1.2
3178.787309034169,8848.290764674672,1.2
4150.860159096783,6565.198074041475,1.2
6381.670696234503,7431.280604816537,1.2
7952.695172873711,3681.079442563192,1.2
370.3341312787889,6277.01880850244,1.2
7345.410975262728,4344.933920294031,1.2
7725.708627700703,7858.863251189178,1.2
2444.245269759111,9808.211010728171,1.2
9850.76859449168,8221.97667654826,1.2
6750.058446228198,1580.9342134118153,1.2
8927.64736140801,3104.6145955934503,1.2
2430.5470050611975,9882.068681706829,1.2
516.9587728748348,9604.324427864622,1.2
7097.4306349306835,9676.204653376339,1.2
9572.64312473107,8889.946420532895,1.2
228.3521761259677,8101.803047700229,1.2
9131.425236532665,9170.953565237021,1.2
7282.73712301883,6451.875750076742,1.2
9554.053197379653,7846.950709459678,1.2
2731.3544836586047,6965.199802453891,1.2
1705.9351220584151,4523.40916869825,1.2
3226.0101781969397,2202.7612920663933,1.2
2772.38460787967,6986.029008525635,1.2
4906.024530259101,1546.9676329963368,1.2
1307.157463334474,5565.62660207935,1.2
7381.837365075367,7080.113991190813,1.2
1403.2357346281788,2525.4457692438436,1.2
5706.507078011555,7111.983825011561,1.2
5333.379332109729,1215.0385163500378,1.2
2335.230356887517,1845.225613615029,1.2
4768.940450475252,5774.34865872775,1.2
4647.42170589591,3395.635797434544,1.2
8060.310971825377,3231.615396145495,1.2
185.85111354473938,2082.3913158189675,1.2
7128.1658462038995,7894.565145942502,1.2
2509.9336218190006,8502.947558045002,1.2
6605.265612088682,9514.599645905642,1.2
6364.459584636439,3057.368896080934,1.2
569.876649467742,1235.8138197223734,1.2
7189.0954891260535,4197.620961281216,1.2
3399.2343233085608,3948.6427585258143,1.2
5496.428683576248,4020.5246883807076,1.2
7443.199289216106,2632.844898921424,1.2
1785.1273856500084,384.3801114948975,1.2
2507.041032180798,5975.993277679702,1.2
1338.7970383976067,1374.34492980111,1.2
1507.7407986613077,9267.222993095595,1.2
9390.303407775846,9314.407381238107,1.2
9714.528866738536,8634.969217368596,1.2
1425.5658876253685,2278.646639030276,1.2
1958.6501206542396,9420.081629388882,1.2
1003.978384765316,5193.6580135277445,1.2
818.1246995631308,1875.75531295613,1.2
7683.756722411612,730.833300942677,1.2
2103.5674456063016,757.5813123845098,1.2
4621.764472252868,2332.4216660233,1.2
840.1003612094294,3254.042435939285,1.2
3315.022836976342,6564.855366563159,1.2
9883.258007932369,5617.291885198968,1.2
9002.72043897723,9898.391197172079,1.2
8653.286045311803,733.8443225172597,1.2
3842.634943044396,1925.326907177506,1.2
7005.8469074431105,6339.128429029597,1.2
371.297051302375,7117.589743991128,1.2
5013.262191754582,9220.762528420366,1.2
1138.9308690338062,7704.5882603482305,1.2
7336.8982790354175,7915.278980720132,1.2
4368.208027260914,4954.65751021513,1.2
3269.8638865567964,892.8550152485792,1.2
7515.016076049062,4016.4308308436016,1.2
2631.1864707796194,7498.371768845939,1.2
4851.143311422581,5699.913241415582,1.2
65.60620321159783,6547.433788819776,1.2
52.71149971967981,5052.808236722217,1.2
5676.588161355072,4982.057609933088,1.2
3529.7309043144733,8011.910413437388,1.2
3750.666191944172,9405.087004585017,1.2
3650.9706026891,7862.864386727089,1.2
3090.2897800865535,2207.1865476113308,1.2
1708.973128963469,4516.131479506185,1.2
9791.248627882485,4307.641866614202,1.2
7750.692691466809,2889.783286515355,1.2
9721.553641126206,3592.241222262955,1.2
5254.628781502804,7517.128232235324,1.2
2384.5431522502436,7778.264103052884,1.2
4851.38572452581,8925.914511660494,1.2
5892.428741166828,2871.049955649445,1.2
5004.825543382751,279.8318715294279,1.2
4296.747760742606,393.6425878497851,1.2
2508.4903827471294,916.020143634978,1.2
574.2958022265354,9561.137793717478,1.2
6433.708594323325,219.6209447872388,1.2
2514.951358481242,3055.480340229604,1.2
1915.0807459548635,7953.597816877795,1.2
5106.9737473970345,821.0390385989907,1.2
3807.257910133869,7450.220822138634,1.2
9169.172785742008,3074.8860712160895,1.2
522.2500318557355,8608.368536975135,1.2
3775.3971041153354,7737.182687294986,1.2
4977.214229306993,7081.382875735597,1.2
5793.4039313048825,4885.460449383036,1.2
8075.4723252386575,7258.560239485069,1.2
8925.030469952255,9545.63006390038,1.2
4721.46974622041,9193.2604007694,1.2
986.8775811520081,1624.198269319228,1.2
7274.452140031307,5217.973445848865,1.2
4890.443808383611,6237.092967912487,1.2
7024.515316033293,2651.71618862305,1.2
3573.4981611502812,7839.111891824105,1.2
1937.6318940298288,5947.654327030108,1.2
3375.1560808167146,9786.062962887245,1.2
5465.109815646841,9439.023009111033,1.2
9589.155392333974,9442.064841501122,1.2
9159.632934417989,2628.406420788929,1.2
7066.884340267081,3198.894361008373,1.2
8657.391805146053,8388.67832405902,1.2
2281.828069609564,8989.31980542485,1.2
8016.848666641156,455.9264136458885,1.2
7391.30110336523,2873.7202915968273,1.2
1946.7780362333885,6100.123880003011,1.2
1473.4560965790722,2147.2689514381136,1.2
3672.8392472479986,5320.810209938554,1.2
3504.18862350917,1203.4422797202205,1.2
1108.307986778503,9911.454831327712,1.2
1700.292246613353,6270.275768146643,1.2
6579.115279401907,6061.38520358299,1.2
9465.2335922615,4152.8057038377665,1.2
2554.7055701966615,4426.078959438605,1.2
1094.092635570647,2150.07962523337,1.2
7850.72419610654,5743.008322380777,1.2
4888.233345224639,2096.8490945100048,1.2
6120.207427005612,7865.100113595167,1.2
8982.481498018464,5108.396443454526,1.2
3911.6820540443873,5070.443898842014,1.2
1081.7415532793439,9654.327051138931,1.2
3166.8102111728113,2694.294667631827,1.2
202.5084454427406,9348.026966470929,1.2
5932.215480735204,3445.2594174877026,1.2
5845.151989106397,4812.739537499941,1.2
6909.495503710456,3607.119612738233,1.2
6702.227139358505,6563.937001050074,1.2
2352.409206523697,3618.900638449818,1.2
5856.703467739108,6305.878033470856,1.2
1971.1938505914238,5839.492210462189,1.2
6544.769812150618,6354.739849829792,1.2
6485.003067002256,7238.45362651581,1.2
2009.6471073552802,7522.570729687022,1.2
234.73159728964467,1141.8168185384536,1.2
7793.600419263688,3437.0960971482555,1.2
131.74975305289328,3630.9749666596413,1.2
6389.232311550407,1741.3303471017305,1.2
7550.694792944861,2707.3737087300965,1.2
6423.840138862741,7550.103286342027,1.2
8517.21505463965,9385.51504485802,1.2
6317.59556206434,3230.253433067224,1.2
3033.684192587809,4842.557455253581,1.2
4136.37737748434,5628.848874580338,1.2
1679.8213881340296,4470.346142998923,1.2
8077.865577070139,6541.371265999326,1.2
4359.324353336932,3281.785542749011,1.2
3956.240595799636,3713.938291481561,1.2
5667.741711449161,5008.399563736986,1.2
7766.748889475052,5418.203743350767,1.2
9443.403612535494,1884.3270138021228,1.2
3278.285514738336,9992.522756965474,1.2
2313.8864743078193,9316.23843694983,1.2
7079.135795171169,2227.5548314335247,1.2
8530.335636388882,4637.57186005999,1.2
239.75392242924664,1788.2181708526523,1.2
2484.7037570752927,5879.11876496607,1.2
3930.6153005657798,8602.50717265795,1.2
2253.0320383733892,3172.4178630725573,1.2
4548.383408524775,1235.4369794714448,1.2
8325.027571448323,227.63208644926092,1.2
6135.00172070781,6005.590897194359,1.2
1018.3042676024279,4361.072818231806,1.2
4110.01438199804,2291.684942613209,1.2
9067.92537083428,8216.509398519338,1.2
2591.928156958526,2205.1179509078456,1.2
1394.9692712337403,8376.45231671324,1.2
2397.423110754925,749.7868532030594,1.2
9048.50278340758,3772.1828234933696,1.2
3361.214664287535,4557.193107763996,1.2
1614.468802392014,8559.969235232616,1.2
2994.816004606906,9170.135924747992,1.2
5673.911785556237,5551.6726276637055,1.2
4341.702437463183,1304.0637645269603,1.2
6129.335658526753,8881.459489249939,1.2
5458.002130873913,8014.200967187222,1.2
7037.1522532446015,1820.931370391976,1.2
8161.882242379649,4203.602388429919,1.2
8656.139687862655,1785.8000796967488,1.2
2663.665832990548,2956.0224814651438,1.2
8538.477928620185,4814.667938520583,1.2
2697.4317759306964,8649.84355228055,1.2
2687.2153391143947,7660.01385160323,1.2
9140.646825397896,2518.00895686359,1.2
4648.523796457902,9721.655339293919,1.2
6054.933486244406,9182.928469479419,1.2
3240.5846934453007,4575.748885702094,1.2
8543.884688008993,2017.9104313585894,1.2
9822.992758605238,1658.2600737486664,1.2
7924.4118275609,9086.901694761098,1.2
3474.4767030255653,3342.211715117146,1.2
1947.7317527634498,9783.75877132721,1.2
8058.037720003771,1675.6253731016336,1.2
2205.962078181282,2289.2532078632776,1.2
7327.934204870662,2565.7783016158864,1.2
7913.587064066016,5959.501129880943,1.2
546.2179683216584,9226.450820297989,1.2
2390.5069721879636,9170.462679365059,1.2
2937.860870596799,8238.876075396242,1.2
1566.4900192486753,6824.208327539966,1.2
5665.26498429923,7229.8677619694145,1.2
3588.3368678741467,4964.588607557744,1.2
3216.2957513187616,4202.719112195536,1.2
8677.348999123715,568.4358896803277,1.2
3062.4897861810373,1840.8664786260354,1.2
5056.617241610273,4707.5283420159285,1.2
651.7379997082418,8826.801274000401,1.2
505.52724749948095,3372.6447971692232,1.2
5935.181705586961,9986.023406853345,1.2
2133.4756861105975,7982.55053789275,1.2
3316.4781115619944,6605.704651326758,1.2
2062.440082293209,942.8394875336165,1.2
3101.851601524085,3211.335983125362,1.2
9487.955849566695,9194.453333125115,1.2
8427.222500624646,9121.296589612359,1.2
6954.685147250925,4847.042316210363,1.2
5886.94092469476,6429.218005551772,1.2
8403.476940935687,4477.545178432308,1.2
5178.553222779449,6618.635923373634,1.2
8691.839426080844,1449.0971214736626,1.2
7203.538665309998,1062.8795077960497,1.2
1812.1311259961558,4634.463258063304,1.2
7362.987122604309,1904.0860851586706,1.2
6514.705124027272,7405.914336734663,1.2
4456.173582534444,5264.753434522456,1.2
3494.4610456382375,649.4178319434075,1.2
6719.503251923426,4864.550536645381,1.2
2531.5756817286006,1398.465359484292,1.2
3475.9393119895667,4852.095557565886,1.2
3895.947738489305,4631.871958047732,1.2
7039.187923392169,7120.5391142483495,1.2
5161.445635705466,8747.7340003626,1.2
9254.78077024056,9302.560549947664,1.2
9222.068227782744,7672.125430877495,1.2
3507.160144839451,797.8761785147781,1.2
5861.175393215685,2376.0303911956025,1.2
9482.275774258747,5709.586805981788,1.2
5875.40564759094,2583.401552826671,1.2
8156.847021849097,9007.747052348583,1.2
1369.1661881676343,4836.4161010842645,1.2
5276.356226761949,8797.654578180038,1.2
7129.075470819688,9334.006676266656,1.2
7024.334545903923,8385.609528923254,1.2
1879.1635391309246,6225.931303564386,1.2
664.7641886859568,9652.4093595008,1.2
8910.791967418712,8551.6146640749,1.2
2627.83521397719,2837.2693403899007,1.2
9278.199148942547,6920.896326529107,1.2
3363.437511050844,6035.311453271229,1.2
2565.5643480702406,8769.702373818374,1.2
4125.972652013707,9906.871695050166,1.2
7689.849955752541,7671.248022804528,1.2
1353.3333203146847,3089.5193309015735,1.2
5841.373813136973,8641.617107869404,1.2
8684.261174842353,635.3617990056293,1.2
2530.6711192371913,1306.509006172001,1.2
658.9780409546742,3975.1920792666174,1.2
4403.639338443336,3954.7870615905576,1.2
3137.661606872115,7435.855646054935,1.2
4262.642342857624,2766.13589238624,1.2
2447.245172035091,3041.287684326971,1.2
955.2301892548331,50.63605196806154,1.2
2414.6482026113426,8840.564161281813,1.2
3389.2057672174346,7615.58625482073,1.2
5601.365711055024,3416.1963172879264,1.2
7458.398112855537,7977.550034833845,1.2
9537.648827239573,5120.5416236665105,1.2
7557.6988963085305,656.3281030197787,1.2
4337.183870134077,8009.628191508432,1.2
591.682044201084,3937.5378387279325,1.2
9247.481073155204,1959.1267721969919,1.2
4058.0930431611805,6705.577489796862,1.2
1064.0997508470773,8279.252512670771,1.2
5993.965542245552,6780.040028001869,1.2
2888.4794832204343,9624.234951125723,1.2
804.5565983678549,191.28404109670095,1.2
8280.649280663434,911.1328699232602,1.2
5561.486289966379,2600.2764908612453,1.2
1343.1095408921178,526.2308117045533,1.2
2270.2831347317388,9475.164051221891,1.2
6780.770133121981,5158.744719404081,1.2
7840.103153394791,5268.641621490763,1.2
2165.9220345323392,5225.197912775708,1.2
3892.0011469764636,8644.320888653943,1.2
6323.01579095111,1132.5820157495625,1.2
629.4776867737705,81.03329553051375,1.2
4359.295654392809,3428.1014735866165,1.2
6759.375633320576,2638.178717986721,1.2
7148.3971476707065,9874.127918971362,1.2
1574.98781274934,6224.315421398138,1.2
1017.9335381008958,9609.4700499705,1.2
6833.612505846194,7749.654367173643,1.2
5798.586258640786,7271.180886641199,1.2
414.9351259373224,5901.185574250492,1.2
3823.5076943550516,5831.0044906399635,1.2
6078.0416902148645,308.6853922644572,1.2
6484.821387841168,8027.589123041769,1.2
323.6176857010986,1304.8258180603523,1.2
2705.9022398489374,4728.401702340158,1.2
550.0388012519475,6356.045153851567,1.2
4537.840090770954,9168.11388830833,1.2
8939.3204879101,2929.6097781822837,1.2
5047.450298690867,3471.027198416408,1.2
8582.22820584586,4740.6336907751775,1.2
3950.1139654422977,6515.695984023574,1.2
6310.229974265353,4240.8194339414795,1.2
765.4064267454696,7630.201792216692,1.2
3342.3451528626633,320.03041356576944,1.2
401.3983354491557,97.28097717882855,1.2
6001.454952604234,2684.3017251004553,1.2
5745.664096092289,7471.313285348768,1.2
8917.165292122945,6626.155454072709,1.2
4823.238840209756,2770.403818727972,1.2
892.2299200863959,1356.7035157274065,1.2
9196.956407571466,5568.300972967932,1.2
2249.051620182022,585.7858590996601,1.2
7182.8286172021,1434.5940737186313,1.2
8169.194205197623,7723.023067703643,1.2
6967.438482045099,2692.276119910769,1.2
8921.325510019684,3552.4265222276163,1.2
2231.8204134459997,1867.4024418903878,1.2
2146.5201069007953,4941.160475234036,1.2
3049.2064315485,9888.945351133038,1.2
2685.0536611276075,1943.3337972187003,1.2
8612.213936546146,6008.422154166562,1.2
3887.5983592512553,6441.6892778355705,1.2
3935.54917717159,1998.4885647808615,1.2
3678.819815871167,2051.9625239551974,1.2
9561.975979965911,9882.698212587238,1.2
717.6913031002085,7113.88019236268,1.2
2359.0029325147743,6065.654408108976,1.2
226.83833589265734,9371.53805954958,1.2
8769.580655853662,7789.772151098627,1.2
5547.7695689294305,3347.9336317841667,1.2
1617.066527268446,582.2755828303683,1.2
4285.922550250829,4437.072248831461,1.2
5131.681947561001,4929.753916018319,1.2
4299.081275092988,1237.8874734535416,1.2
23.744656104158768,4254.280925613521,1.2
9703.058506792428,9929.008843521595,1.2
9814.40403027434,2473.497160926285,1.2
4521.601926203667,8275.922759904925,1.2
5941.6680904560135,9120.540408893945,1.2
280.71601486209465,9085.105256163772,1.2
6313.169767700605,7513.115759211753,1.2
8492.64383395856,9420.83067370214,1.2
8501.243420092695,6935.353841162538,1.2
9564.613061431297,479.5573814359233,1.2
2474.0549456459503,8119.056890502381,1.2
9010.51033130534,9213.362643373892,1.2
8722.405039866553,5631.152158457926,1.2
6299.352079941059,2476.0334640223646,1.2
2980.1984833427086,1597.1400427525396,1.2
4545.949747802127,8527.343333460522,1.2
6896.432121014414,1601.0293678991661,1.2
9448.223498902638,9608.904205851759,1.2
9826.351880816206,9195.238492999355,1.2
2402.726405896597,4145.835028779837,1.2
6334.28919919486,6229.475721960709,1.2
3226.441703923495,316.82066323634905,1.2
3436.837781274187,9224.793109553784,1.2
4885.773272559075,7368.311626230969,1.2
7849.010343548925,3639.8343368236574,1.2
357.9224148968074,3318.95363194606,1.2
4183.899894379264,3124.472933006245,1.2
1888.108308058658,2314.4037850737163,1.2
3556.219457278709,9214.943957888967,1.2
8987.238455619085,6298.257756609952,1.2
9654.530989337025,8865.75676477195,1.2
4350.035773280076,6857.586118785476,1.2
8015.57108715477,7873.204838647702,1.2
7681.259944940747,3009.2031208948456,1.2
1831.5250702351582,6401.585985674057,1.2
227.50657496529493,1302.2981751978634,1.2
6285.480183078781,9103.93767766578,1.2
3688.347196573071,6516.0422774012995,1.2
160.58265700856333,5915.801186930544,1.2
6917.399072667311,6665.149350854237,1.2
5822.5607565396585,9094.2045218797,1.2
2230.985893545565,940.5014190618932,1.2
8000.80305173475,7768.7032069528395,1.2
1163.0566509394391,2716.5433156811314,1.2
4767.225823539959,4883.269055831034,1.2
4130.877003926709,4845.69098450812,1.2
3388.3971623813804,8226.49017289608,1.2
4314.461362264428,3027.246654776338,1.2
9971.632849261498,7098.23139241349,1.2
9027.53313401156,7608.235981271454,1.2
2565.1682801298634,9030.749630740747,1.2
9526.676930377027,352.78892484853276,1.2
3312.960630158691,9418.426595207375,1.2
327.27350009249756,9860.04469358571,1.2
4439.55722108963,7359.1917478980195,1.2
944.3511876689959,1484.6285243536872,1.2
9854.771753550476,1135.1443120272297,1.2
1850.2885634965394,2332.601937885208,1.2
3648.617258941115,1028.3425052658347,1.2
4787.675513162071,3825.9347466076088,1.2
5300.778377396783,3929.640320607004,1.2
2001.9995687883218,4525.149091292416,1.2
8142.9524971443325,8259.8616535321,1.2
2891.9197359954373,8014.050377200845,1.2
3570.062836359148,9522.122686881477,1.2
8587.356683498683,9759.159326214643,1.2
1318.5440081620814,2255.674271276188,1.2
1948.9328930980432,4871.980552139523,1.2
1570.0308881102264,8821.701952201991,1.2
6323.879885905297,9088.424351503332,1.2
1076.0637187433408,9867.437751652944,1.2
3895.0154774331327,1585.7661447983219,1.2
7077.75903727157,1234.1744559686717,1.2
8738.575056703252,6102.101679344922,1.2
3918.0642727855106,5183.899273181245,1.2
3715.9812564474714,8800.650271831813,1.2
5286.603957155876,8690.112094433282,1.2
362.05651593854583,9094.996035841035,1.2
8920.687222772296,6048.14715318575,1.2
7489.703765981038,8178.555845443622,1.2
8974.24797594969,7956.882718191786,1.2
8966.610054270908,7486.109217824564,1.2
7221.345801515271,23.125361361819863,1.2
2043.9188508310847,2203.243164180353,1.2
6775.737773715354,2800.1760389726014,1.2
9399.976861518677,9650.645453773523,1.2
9224.775981169985,4856.27282781297,1.2
3094.9495041056516,6389.107255077254,1.2
2020.8464502275192,297.35678362284193,1.2
3141.3818791314498,9001.386115484554,1.2
2512.043565910944,3914.941733999073,1.2
5785.7593493511795,8690.751263634722,1.2
18.441581408408236,8928.80361096557,1.2
2085.192404097015,125.03210089176875,1.2
7248.208688787205,872.2087707818438,1.2
7102.372058086297,3362.6524246121025,1.2
5547.619371667028,1119.539458822454,1.2
7085.325273820056,1288.258636870544,1.2
4685.900990859287,8079.432406493892,1.2
9832.309922387918,3672.040307390787,1.2
487.22007896412566,101.22418312327409,1.2
6142.885882456314,8814.744832030585,1.2
6750.9129642422195,5952.417774851933,1.2
6069.402928249584,7757.403306529891,1.2
7583.192135171383,968.4254348378818,1.2
1175.4563729244271,1205.251287794109,1.2
2207.7429316727394,7623.923659851804,1.2
3999.5863628291604,3882.065140525136,1.2
163.99610111863194,3320.1947408759625,1.2
2723.9314345074185,9546.445994479725,1.2
3059.331713233928,9900.387437530644,1.2
3820.4007449152355,5359.807588266573,1.2
8200.535422478393,3510.483497672284,1.2
9304.223459728066,8998.493160737506,1.2
2074.7442086958845,6420.714637083126,1.2
7298.41506918582,4262.786704596259,1.2
9815.077641838188,9735.084420841791,1.2
4975.894195009867,4140.610418399022,1.2
375.49361457090646,7359.15475737528,1.2
5472.993769252757,4133.1132690462,1.2
315.8521756097732,4704.858150280238,1.2
9373.299387829771,7098.576946089139,1.2
3566.190266379977,9925.294570861954,1.2
54.02658082186762,1677.6054446603284,1.2
8096.029818417678,3282.716793602336,1.2
1731.3264793271544,2091.118927428088,1.2
6563.115729583742,452.92485132859105,1.2
7808.436567078142,3134.7730938150876,1.2
2136.7555011290005,5568.26936684383,1.2
2834.7950527080725,5727.064671787433,1.2
9053.988742737727,9389.138254256457,1.2
8349.786690717307,537.8210256095939,1.2
2996.3598942371937,6437.732667451831,1.2
6589.526564124993,4650.55483442182,1.2
8548.082631524163,7069.381474353931,1.2
663.3959829606384,7131.7345595850575,1.2
983.9181137564401,5054.90227089562,1.2
2554.005365982992,3022.6166638222276,1.2
7409.819125251539,906.5793833230673,1.2
7993.040390415758,567.3330496850149,1.2
6563.014860271616,1171.0096924073132,1.2
20.42231239730463,9868.685889384307,1.2
598.7438031802606,1542.6003435223822,1.2
8406.365652307324,6323.385533389306,1.2
5490.391155617333,6922.0778786506935,1.2
3504.530012633722,3249.5177023376555,1.2
6926.668982656511,4964.203560255836,1.2
6831.523387785239,7414.36722859063,1.2
3401.4452871702315,7455.041720715195,1.2
6514.553867987673,5845.203641067951,1.2
4972.1135649097305,1616.2627054709967,1.2
9325.513912779808,1679.569844990727,1.2
7746.144124939445,8274.014681975506,1.2
773.4541724453892,1872.6257080599507,1.2
194.05913475477598,6052.526894419231,1.2
6573.329689933251,8805.525942574146,1.2
4829.5946291408045,3811.246897436291,1.2
5417.228481375655,2623.129287709048,1.2
9824.762317074154,6130.808333234354,1.2
5224.3872179285345,9689.001655588618,1.2
5391.785062358251,7094.185058694606,1.2
9470.281937075526,6130.879647791089,1.2
1531.8816317149854,3076.809014160018,1.2
2801.58499342398,5761.324038520246,1.2
6249.43181625095,6016.4449902810975,1.2
3039.7066778680514,2493.105985330388,1.2
8357.329878837945,4560.166491886499,1.2
2927.027864080559,9371.280047947608,1.2
8530.587477837907,9639.850904268349,1.2
6200.791057022755,8535.752788151902,1.2
8717.205386817743,3457.010122150742,1.2
8474.237697767723,3170.2231151807446,1.2
1125.2658333401844,9494.016799278601,1.2
7846.905963751075,4956.608404240689,1.2
197.51916645621148,2710.7950956044956,1.2
5868.603647424241,5034.846138181135,1.2
7324.546951632954,4670.272632729004,1.2
7323.8483886827835,58.65653195551324,1.2
9674.254800930607,1151.772098236681,1.2
5889.35882076203,9449.08596075392,1.2
5256.74246242036,4175.347503946154,1.2
4016.5741930041168,922.5662927738332,1.2
4953.701520768777,9150.33143197195,1.2
9033.072809879637,7732.596524959041,1.2
4409.527862549061,6674.772071244414,1.2
5083.113014544613,2145.0673997354197,1.2
2598.4940519253664,4012.638135957287,1.2
1738.773125274633,5044.275993638408,1.2
2931.36946696955,6186.640097619257,1.2
8707.66306112134,7918.112456442531,1.2
9521.02003927413,4904.366281241524,1.2
2830.528984234241,5701.085473736081,1.2
4296.79893496816,8987.646870530943,1.2
8795.48514934284,5430.887180506776,1.2
5153.009405793696,996.7046749809472,1.2
6190.957319641495,6401.097302998577,1.2
5712.666114139161,1675.641885340411,1.2
7237.187844665863,91.78703697909629,1.2
6649.923289704733,3329.0179400856414,1.2
4111.132024613737,1957.4029561683892,1.2
7681.911086222287,2941.959607359629,1.2
5947.85718980461,2219.743832922251,1.2
7085.473660958956,6459.228433437925,1.2
9883.487765658669,2377.486074878812,1.2
47.83929354262195,4774.017040830812,1.2
3297.197591502825,5455.852383472328,1.2
4388.948231800801,6233.4599118627375,1.2
4829.996731457016,1620.5183946467328,1.2
1086.1904928431786,6911.315679872918,1.2
4873.69975456722,130.82254571516904,1.2
7853.232226502031,4759.165217477494,1.2
6012.530123673496,8190.1630980781965,1.2
4966.0098256812435,4216.595716945103,1.2
6046.5514903468975,4355.275501764163,1.2
3224.8986151654835,7147.719988822153,1.2
4763.556792182728,4522.174105943043,1.2
2757.3176455162006,2314.13003566886,1.2
1093.8182947121534,5870.589397708813,1.2
3368.7223632842624,5545.666292119286,1.2
8281.588274405945,9198.598305347245,1.2
3644.4019967260256,1212.4720007039468,1.2
5304.142729517457,6179.855245739716,1.2
9631.577018151835,9893.504684989144,1.2
5139.600913863495,6467.5235007445,1.2
934.1596536121543,9504.648664572636,1.2
9464.829485338312,4135.062021595044,1.2
5141.568023453676,3391.853378055385,1.2
2449.3539831608978,3323.714519651826,1.2
1746.0481458749566,1543.485707961445,1.2
213.001994321963,8105.83359162725,1.2
2275.3783184143185,4680.807328654922,1.2
6411.511822419213,8254.105223674138,1.2
3443.98748054923,7443.405508747471,1.2
9887.158419557569,6934.077350837071,1.2
4177.884780601941,722.8931312814601,1.2
8087.8423787374695,3189.954454202205,1.2
291.2529467319003,9871.728944189148,1.2
4056.7235223304456,5790.291875768867,1.2
7517.804356286917,9781.674253940626,1.2
1310.855340017203,7184.567251782865,1.2
4209.843749752888,1128.591958789853,1.2
3156.7346555157173,9205.247269772248,1.2
2216.095547963787,4527.218218616017,1.2
8830.683493989309,7839.6091035105155,1.2
1890.8874868089165,9582.895768213917,1.2
9996.59803105555,7669.280882619468,1.2
323.6264275716394,8967.25050982707,1.2
6840.559565334504,3780.2542296710562,1.2
1173.0593598385763,9840.727517965102,1.2
5482.282449077089,5575.518644678513,1.2
5819.156898836667,7570.5677685851515,1.2
2456.528570999712,451.5094511799811,1.2
1641.0218459432479,7605.134443436226,1.2
6208.960437269526,4853.221678490109,1.2
9177.050704426492,9534.376872374245,1.2
3307.698761539204,9481.11707828673,1.2
879.4910618264084,4842.304298570569,1.2
7291.853989232283,6385.575570559891,1.2
1818.3034881654137,8294.995135520498,1.2
3740.4217919280445,8815.606880802692,1.2
8511.33456476228,5863.616981086309,1.2
7667.601062780754,9272.570074278765,1.2
6185.483714683929,347.7287671698393,1.2
6243.342624330855,9989.881795886651,1.2
829.22353012024,6170.871948741848,1.2
7405.488872630983,7454.663993771436,1.2
4706.6536287799545,7176.9315760278005,1.2
3269.909336445983,2610.5772407893855,1.2
4654.319698694339,4126.923919807062,1.2
353.22700229952653,9805.237402552242,1.2
1149.9083422645074,6958.378242875792,1.2
5405.875506551994,3850.7221165692995,1.2
3697.0108171365046,9557.742098853318,1.2
6919.409433836911,278.6965656772855,1.2
2412.5663064251803,1903.0336169313844,1.2
4003.2650492664225,2614.8367809324736,1.2
6631.975354948584,1095.8372097139156,1.2
6561.397923393211,1123.716492060325,1.2
1692.6503031559193,4864.6741056099545,1.2
9539.393571803179,2942.1091302085824,1.2
2593.3698362737277,3438.226953604109,1.2
6448.930541709336,1388.5803503198779,1.2
5506.325126198186,5821.621684590676,1.2
9094.435538574224,5894.656401571662,1.2
8616.881664716608,1646.093897863684,1.2
5807.233018743968,2713.874818680968,1.2
6980.6609415311195,9091.500308911498,1.2
2123.8273033725695,8101.664819305292,1.2
1831.3968610890718,6054.014724436637,1.2
9238.234930214629,6455.777363516,1.2
6442.803430089594,3759.518475574102,1.2
8638.799882116056,2507.986887772319,1.2
4254.1054921393,1847.9358412504932,1.2
4255.459131470866,4830.41493662347,1.2
68.40131275988148,6821.6017528104985,1.2
4943.289974955816,7158.226210659313,1.2
3406.8625308998335,6671.264104451278,1.2
6756.3022635342795,3274.1733134455662,1.2
885.0989826338463,1895.6097147871976,1.2
3526.220097703865,8959.804054572789,1.2
2707.0448450295116,398.8510702528747,1.2
1254.421255950373,9503.602532499586,1.2
9779.289547189786,5733.847384230433,1.2
2450.1375861148867,5951.723105673622,1.2
1641.6287604404279,6274.695699905686,1.2
2208.5663787895414,7412.4478715914165,1.2
2246.1922528641944,131.41379792935393,1.2
1021.8878739152815,1659.2001127768062,1.2
2577.6244261335314,6484.647803099402,1.2
2964.3919336119693,5558.792294841408,1.2
5867.624110332225,7073.137413381522,1.2
6928.542699791965,8537.426656439979,1.2
579.5731359393897,4035.7788676589203,1.2
7635.567120403873,1423.6789865966048,1.2
4908.773387791152,2076.06082070382,1.2
8243.279996336065,6583.552537271885,1.2
4066.242549774458,1655.012246126868,1.2
2932.109600677818,1914.3687889515159,1.2
959.5026037564047,6124.543510491208,1.2
5974.522447378345,5965.217286606536,1.2
2092.797474048669,6035.9379421689355,1.2
5914.947493785594,7875.397870349867,1.2
2888.3620803026033,4154.586788594723,1.2
1660.2148767079505,1992.159809952737,1.2
8965.198389635683,8006.385836044961,1.2
6729.425322725615,1610.5419107790296,1.2
7575.710249053429,5301.934096577194,1.2
3488.098160610348,2419.8267030449106,1.2
5019.212897547527,8326.40386312361,1.2
4755.840631952117,4541.380437159224,1.2
8119.105610051235,3894.3247787510613,1.2
5183.295998484757,7885.721009624418,1.2
1428.0246276515263,4348.864416548277,1.2
2570.4770008694745,5057.916580511141,1.2
4175.5037105196425,2389.611844604619,1.2
1541.2170168985972,9065.764074689838,1.2
8589.989860552394,4830.698220808196,1.2
1697.5260233978495,8149.846087545629,1.2
5549.278752964102,69.89438276063797,1.2
8586.165479835265,4230.105489607081,1.2
5405.078912583623,3757.3618412069886,1.2
1429.0394345837765,7016.766568786439,1.2
7583.812168163964,8689.44631831575,1.2
2106.124067550762,1619.5443826412281,1.2
2136.2932409642954,7718.253544476863,1.2
708.8217096995975,8178.208216361111,1.2
9410.753768144825,5955.343746307893,1.2
7473.718311309515,2216.135934381219,1.2
1892.4635160867742,5743.35296134655,1.2
9530.8824743002,1933.866063006523,1.2
4823.07300532343,119.64597118728216,1.2
6472.103083257233,5363.007211848685,1.2
9397.796210093775,6759.003531841954,1.2
597.0931830224735,2677.778031008772,1.2
7959.938554482649,3455.4750464780404,1.2
9422.560987484094,5854.328404673382,1.2
3127.7861799760562,6952.940145961692,1.2
9863.313713678765,4828.147830177315,1.2
674.5343377917568,8368.893558859863,1.2
975.4365752212768,4304.589238287191,1.2
853.6125480428714,3490.690148949399,1.2
8652.129865609699,2093.662595149374,1.2
2000.0514387823564,5955.155252744543,1.2
5234.138029362152,1706.6843582320012,1.2
9460.290519446924,3288.669354878374,1.2
1074.820461086129,9756.252861456032,1.2
8395.36836177515,1488.4875720431623,1.2
7145.2431716401325,1994.8502425805525,1.2
9346.109593955498,1332.4992535559143,1.2
1117.249930372357,7757.579094226087,1.2
3084.455858356079,2410.8196117240223,1.2
7967.677089438181,3808.7471103151606,1.2
5941.659185161015,6580.611327485488,1.2
1718.783245644966,3143.442433046414,1.2
6616.096578049723,7220.054410293103,1.2
215.62079797378897,6818.724880306233,1.2
1476.4801943908813,3967.671921256226,1.2
7692.81559346299,4249.937499435815,1.2
4098.206155300406,3892.468346340772,1.2
6395.541434935447,4205.430557201622,1.2
8263.214633114745,7362.672228926038,1.2
5517.4990768976195,6304.617163155238,1.2
9456.466866328856,6132.94406236189,1.2
6246.461296860208,8155.579154714919,1.2
8635.805780394277,4699.485074766354,1.2
7126.339273747957,7366.629349960656,1.2
3625.805665517543,5827.690801728587,1.2
9686.890337543262,1572.5488539283217,1.2
4871.7669831959665,6376.192003789757,1.2
6374.6590037683345,6532.400321191846,1.2
2179.8766000899327,8575.197549793915,1.2
4147.905299493154,3827.300574168775,1.2
6617.311093730903,2152.3731857540897,1.2
2743.1378630734494,4539.464646763423,1.2
6541.0513009085535,4681.905566987172,1.2
2762.7093351225076,6526.459325922279,1.2
5937.805469134617,132.21148825478423,1.2
6881.314248076971,3155.1709473955334,1.2
5747.012328472582,5092.432225905981,1.2
7219.089835274291,6593.367868208024,1.2
352.9458952712083,4148.342904182438,1.2
4988.980851811694,6008.992668809726,1.2
8703.728775806678,4465.993136739862,1.2
5947.36474742429,3562.9130537200695,1.2
9253.109548733946,0.8367458262159566,1.2
1296.7926575416489,2520.021672681151,1.2
1078.936990390541,3082.85954775816,1.2
4497.013630966048,838.409007363482,1.2
1027.0423146456576,5669.495736450425,1.2
6145.350872105735,9404.853415943298,1.2
1802.8198977692832,661.240377956922,1.2
9849.074693910505,1755.5648821453485,1.2
6578.989685802753,6806.990242838152,1.2
6573.255327038083,7771.367538448947,1.2
4709.149560304591,1532.0253864063316,1.2
5344.990822318782,7920.340228381787,1.2
5364.214799262753,1066.209749103496,1.2
8676.402122622667,7884.297683006858,1.2
4918.578020065797,4122.923941997875,1.2
6824.175067752345,6206.391446297863,1.2
1185.413244502632,5266.304930061988,1.2
6679.004417283318,2698.2762951259156,1.2
9016.614638018298,3660.0441997516673,1.2
9289.40607222336,2148.384316319376,1.2
8734.66177843933,1670.4185084063295,1.2
9065.347362664012,6465.304555087393,1.2
5833.497131951417,8117.531916289468,1.2
8210.266379540299,882.3324710910463,1.2
7622.50994363527,1872.6022979338152,1.2
8288.866019590032,3291.4591806074855,1.2
6758.559423760786,7107.855777892118,1.2
3645.5577261788076,649.9241021244118,1.2
6075.800135703656,475.52327313620026,1.2
2481.608336929446,7380.883515286056,1.2
362.41315412053444,2919.0564102962226,1.2
167.4470679886142,3747.532794383226,1.2
2858.45375169137,3626.8078143381344,1.2
1382.7987480227632,1035.238077163555,1.2
1348.671229038675,9733.305796324978,1.2
363.1491464116532,9627.59455918873,1.2
1340.4193420086508,4284.011389070371,1.2
2853.3667383972684,8411.409872707887,1.2
8212.078773746407,471.74176234638156,1.2
802.2417599149845,26.092828123902567,1.2
399.8148270807722,6519.512489199553,1.2
2969.7716739907655,3480.661051209626,1.2
6909.469391583494,1131.7082132789135,1.2
4318.015095440576,2347.5550982463988,1.2
9027.136282778874,8427.234469621795,1.2
2804.53566736383,5629.6530255316875,1.2
6598.427147938376,5054.222198284944,1.2
5018.40790827464,658.1409036873475,1.2
7534.1587816619995,2904.6930586762796,1.2
6064.036587028385,4174.707390027484,1.2
5748.006309185551,5113.247139348361,1.2
6584.22492603514,3602.9942868334465,1.2
8032.972015809609,9340.47159747955,1.2
7769.775074102374,4936.74604828485,1.2
1884.0643275194136,638.497018988704,1.2
3762.94614067198,9310.445585827994,1.2
5599.001917666102,5097.749823291534,1.2
115.2506931616304,6302.165340095737,1.2
4608.448163925294,9457.508230815798,1.2
3087.9195463546494,6188.589970665936,1.2
9228.537968074272,6376.643089004698,1.2
582.1929530332359,2465.3372840756706,1.2
9266.9861763874,4920.0466010386,1.2
475.39884362282294,9698.314433624237,1.2
691.2043804972934,5572.553026051479,1.2
61.57603084049001,8259.712092644104,1.2
7965.883610209269,9220.920033615184,1.2
157.359706390382,3534.735515515367,1.2
5582.992853039088,3485.6392748111784,1.2
467.31365540818024,5563.802386602587,1.2
151.8153647173337,8221.823900452137,1.2
1272.9361733508515,4529.064025188804,1.2
5513.655389122339,534.1220052452367,1.2
9428.237177160332,3415.8515225858046,1.2
8344.886133503547,7111.680261300756,1.2
806.3543654397687,3672.469388295092,1.2
7101.267063756131,6653.352210842582,1.2
1941.56053951009,2663.4758238473255,1.2
3667.4972847402355,3509.630780582348,1.2
1992.5541177808814,3967.100593483752,1.2
2981.8528226896333,8562.334621781998,1.2
3120.2875384191466,236.48593553266318,1.2
3097.9178209875536,6792.871553877986,1.2
1342.290510883395,807.1533275459009,1.2
1156.7891537051478,8207.886056699703,1.2
9139.477153918839,8074.87673098527,1.2
6953.549462266838,9103.37636530826,1.2
8373.159663509847,7901.440337275962,1.2
8205.46372596636,3510.572127055017,1.2
152.30318078031212,1659.2419141718829,1.2
6088.366037897528,7491.5326673415675,1.2
1964.4492523013491,1894.833502121529,1.2
7850.700206034079,2133.6368318778286,1.2
5441.991854050389,2303.5323054796,1.2
3445.2176605369677,7558.977534195107,1.2
2552.734082232725,9777.812087014796,1.2
8682.901560766859,8508.179734771858,1.2
8702.238821432316,923.3878191145883,1.2
8599.887625661471,8631.509929613136,1.2
9062.21085776282,4591.1471285625,1.2
5228.87051561398,9414.327364601713,1.2
5902.804012911306,8502.956156662454,1.2
9710.650442941087,1866.2210709957205,1.2
3949.848592214572,7140.848835093681,1.2
8804.644975956016,4357.706047289349,1.2
3433.036725425923,91.22362384010873,1.2
6440.197270198309,3844.6919035536885,1.2
2842.129987402895,3362.140837785339,1.2
9493.37806650005,7728.339433048621,1.2
1576.7016877376393,7593.074747754796,1.2
3879.7296242276234,1072.0285807621221,1.2
5899.936764723144,1049.6795320494946,1.2
4877.957913128405,6461.612539526427,1.2
1743.4338602412124,6467.609046393073,1.2
2181.8256118321065,9083.29415526737,1.2
6467.455442050586,3202.0877424423857,1.2
2498.314091423346,7547.087906087367,1.2
4102.479861016064,1784.3957473889416,1.2
477.25782996429155,5177.397645363056,1.2
3235.482960359648,7256.847307134636,1.2
2922.0175871010424,3592.4794250175296,1.2
4454.105029335137,3852.8972217614423,1.2
602.7480562853605,4392.841196039943,1.2
7546.383918406745,5904.455065489801,1.2
7287.108304411733,6600.599199912998,1.2
5647.609387245372,6429.467456715296,1.2
7141.213954119051,4244.771771096884,1.2
5823.560805501875,834.9305028787612,1.2
6391.391135990555,2628.7198488503595,1.2
7951.987285548931,1940.0582659357756,1.2
8694.905599043428,7863.786094024099,1.2
3499.918982451613,9942.29826905632,1.2
3078.9972730798445,9180.18296735116,1.2
6037.239349712263,6933.464456154139,1.2
3721.4817872130125,3609.2563107174124,1.2
8637.746397601495,5985.132126656999,1.2
7115.934199065187,9537.125003631494,1.2
4230.268202299641,5293.940312840755,1.2
8771.589380342277,6157.210435293811,1.2
191.03206133850748,5236.093785240347,1.2
4575.731818485385,5533.9809927694105,1.2
1691.1379183251418,3866.474477068089,1.2
8428.747281941867,7950.830038597613,1.2
1244.558094351652,659.0943500476199,1.2
7429.205410616763,8718.242474496652,1.2
8476.01055698011,3093.9374482161197,1.2
1743.854069255517,8641.279994141129,1.2
2714.129481716282,1285.1446826641643,1.2
9214.231347961402,573.2891806718421,1.2
6495.471763607834,3400.8215846361422,1.2
3168.448167228717,3110.9125714157594,1.2
4150.377054274684,7472.423507286364,1.2
1644.1869059144642,8683.309580593497,1.2
1964.0902928258563,6887.739573551947,1.2
1971.9004195047519,7177.731414419985,1.2
8525.82907535918,6159.884848820189,1.2
6889.745507841226,4609.685221265922,1.2
1021.9360856776849,2792.327960827391,1.2
3267.2628526975445,9620.338915607907,1.2
5805.805778052281,9164.896827320492,1.2
119.23225907076174,4732.208353214732,1.2
2177.3232639806606,3386.8316178932214,1.2
6984.83268170408,186.88157364205483,1.2
2745.3585305942484,6469.355949096882,1.2
3769.6360045924994,2972.908781820608,1.2
416.54979342326095,3658.00069606542,1.2
742.1206062652308,7848.5796227184655,1.2
2533.2042754858176,8168.0817532327765,1.2
285.9433752956975,8420.888117158265,1.2
1744.8745419058887,4365.525448146864,1.2
4636.816099223394,7914.542457261947,1.2
8040.828751991334,9152.857543589835,1.2
6520.481085557063,2366.89526617777,1.2
9039.955523931523,4498.921011764097,1.2
6370.708261184539,3902.127691640912,1.2
5351.890639878665,9799.35598620965,1.2
3154.8560488481303,2851.444166576773,1.2
1119.5542719929829,7492.10305921629,1.2
6741.0279828301545,221.23879813352733,1.2
5003.993292901733,2696.743602637016,1.2
4830.834068530954,8357.90786224545,1.2
6008.780432799563,5849.897397930798,1.2
5152.827376898444,2041.951446384167,1.2
8876.934491682727,1358.2509332926795,1.2
1283.1951148356902,2517.2310052332946,1.2
2087.88963999372,9029.499186326333,1.2
8912.415135980596,32.37356806225944,1.2
59.993948968157795,4120.104543858119,1.2
3525.2989055984,1467.032032262181,1.2
64.3476316945657,5493.848352981444,1.2
6910.763424949129,3506.7912672879165,1.2
5341.73058223496,6925.883946519068,1.2
1350.517709745358,7835.383487740903,1.2
6509.103067090124,3764.0309084965775,1.2
6816.3666838072,8543.052891206766,1.2
1882.2175398502939,3548.466394847224,1.2
4004.5436154112244,4926.880080544702,1.2
6050.30600359592,5172.497754697878,1.2
5289.4524673885835,1389.9276339894473,1.2
6983.023861132619,1159.1806686335283,1.2
2072.4376815393107,2071.8445903612883,1.2
4433.358832154058,2788.44823380104,1.2
8895.86829230346,1961.5090637663168,1.2
7988.417708079415,9405.914823671765,1.2
1406.9102805773036,187.22157051808242,1.2
8790.637410163257,6302.316875640566,1.2
7068.132799096744,1309.4869710537582,1.2
9458.937484595523,7339.705423303422,1.2
1001.826524548296,1930.2894119320613,1.2
488.37312695234726,9799.708770241306,1.2
3200.6464140661606,7013.601942679895,1.2
3123.1445382656266,860.038173126021,1.2
5844.623113399751,8006.908021833293,1.2
6045.113233745116,822.2878698791814,1.2
8365.075690814245,2288.09541707247,1.2
2535.0302755533494,683.0567429606116,1.2
4502.148589369084,6352.223856110506,1.2
8984.586800087001,8046.767387036412,1.2
303.0897441866809,3082.437594626616,1.2
9828.007208894864,9108.189827904927,1.2
2187.9093520867464,2524.713882620715,1.2
6277.829862030494,7735.031798702282,1.2
1513.473761659666,2949.084240217369,1.2
3983.261632634654,5559.770549999053,1.2
1237.0521710620608,3684.610182947693,1.2
4323.309797350681,1776.7405827648552,1.2
3746.646472911379,9280.961000317931,1.2
9576.439726434577,7630.128835368089,1.2
7353.267011374333,2532.946876391553,1.2
426.93217596753374,590.8601738211861,1.2
144.1720398523638,3840.9229654356236,1.2
5970.350660653773,1078.8676819394327,1.2
8263.777818297694,9.874067177448875,1.2
9827.793580603982,3743.225214507454,1.2
7494.682624805857,2089.0572285140584,1.2
4411.269646360346,3428.0523013699503,1.2
6027.803502379639,6784.513305269164,1.2
3862.733543078446,9387.699742236733,1.2
866.8495560529477,2781.161831843284,1.2
9126.415085018736,183.14594098629567,1.2
3993.455714158467,3031.165660866133,1.2
8272.071071188244,3606.5322027256107,1.2
907.1632059714264,7320.263702027509,1.2
2312.444261405272,7447.00938345278,1.2
3097.078418614182,8331.666130056636,1.2
4201.208659644594,2336.013972920501,1.2
5204.455921180816,8773.391736515881,1.2
5241.07529481125,8755.543863774003,1.2
3559.533794425288,3837.5041227108663,1.2
9517.090561284553,7170.612816699317,1.2
8727.917890806533,197.15751272450288,1.2
6836.062586667352,4311.95377586834,1.2
6741.84608533215,6643.56584504527,1.2
3061.617248039472,3014.1173079070004,1.2
6185.135670662027,3715.05759764441,1.2
557.0066485194413,4464.66969147358,1.2
2870.0769580892606,2225.4285026614984,1.2
9950.53666686446,151.53441422134483,1.2
6196.666529702475,4536.448219888197,1.2
1110.2613713211695,7490.92860744174,1.2
5261.869851824213,3366.8875386391537,1.2
6587.377884988938,8260.91109158105,1.2
9974.989916791365,9276.513369603921,1.2
9111.26781894338,1623.5479490615567,1.2
5043.112418942842,5068.959545126437,1.2
4878.952192425448,7501.30076464969,1.2
8982.614604551738,4365.03826360002,1.2
9500.627682418362,1164.5877987345443,1.2
5044.463711096329,2021.5791934141437,1.2
9084.70423749883,6765.914945081517,1.2
6527.975850504457,4981.095296563618,1.2
9746.674072808528,5034.383352911169,1.2
9634.774537881363,2979.745857624545,1.2
5071.999004302183,3606.28798356287,1.2
1468.317085644505,469.8267710145376,1.2
4196.66859851249,5783.142372271939,1.2
367.75825548383324,4282.200037687531,1.2
378.42748305568773,641.7914426487647,1.2
5348.3725155175625,3636.1406194568603,1.2
8701.604787917093,2421.2484546349956,1.2
4004.9962991442767,8535.92533201936,1.2
630.8765546426032,28.40738344420668,1.2
8195.341522195955,6219.193690128991,1.2
4602.621682261194,1692.7824134291736,1.2
6792.5474942783285,6415.413058932352,1.2
7199.93717271215,1680.610245546036,1.2
5974.358209720746,397.0561501339076,1.2
5875.717537232402,9945.088598722106,1.2
7963.732597235568,8068.240834340488,1.2
5917.50619689903,2324.425225776364,1.2
4011.7176509766073,7974.66926207082,1.2
8390.2438379562,7355.324410432735,1.2
2018.0416247482403,7652.812914217898,1.2
2346.9205428560867,8896.25375737021,1.2
1363.776552024516,2128.7707408439182,1.2
8274.48863691394,425.78797320592554,1.2
9886.937472806456,352.5689841863877,1.2
1089.7234248733944,1681.7925844384317,1.2
8602.167366149099,4872.60200625293,1.2
1154.3532744378304,9235.598626892855,1.2
6352.552819335277,8831.091224401041,1.2
4855.460160230467,2421.9682492235784,1.2
8018.178091594401,4950.4943575208745,1.2
6033.631772871903,583.4510798334059,1.2
8470.45483152865,2338.8772006296554,1.2
3895.5099106464118,3109.269834833719,1.2
9268.037046483612,3733.604340154983,1.2
1442.3524153423596,3890.0177227228914,1.2
5940.440910593291,5789.685721661338,1.2
5944.801405258784,7180.479691764208,1.2
7604.446475235917,7615.4257511760115,1.2
4045.5521511373595,1933.4605784190305,1.2
5397.233255432121,9513.739464374334,1.2
4450.435519647581,7766.752618974259,1.2
2349.3446341299805,9635.31664555375,1.2
9423.509293043031,8146.399547407853,1.2
144.23243377552964,7920.163903053816,1.2
7151.211203115172,5819.878143932076,1.2
9718.17539180159,595.4532810645862,1.2
3545.849829554352,5162.257668106932,1.2
8457.316896517348,2655.383334256014,1.2
9693.293813333175,1603.3104185639468,1.2
1777.9770432836651,1891.044841945645,1.2
2663.050278488618,9785.001917912212,1.2
3104.743670595932,9852.832296001901,1.2
2390.504913254595,6969.059255955435,1.2
1897.2249256656094,6258.134604876074,1.2
5972.958415498102,6311.045360399581,1.2
9069.421434592661,7026.69008970022,1.2
5189.499174386488,9536.833714223081,1.2
2077.5925550184393,9663.378031726248,1.2
3214.7982231337946,4257.727572358031,1.2
7572.980814807481,2516.157929546634,1.2
5653.084814813309,3325.8397758568126,1.2
2099.7069110713496,5640.7317205820655,1.2
8131.120591120641,6718.970471508145,1.2
3313.871508823738,9282.331842175243,1.2
7408.272834248666,9222.340815872025,1.2
1254.6428489810303,9892.125212483636,1.2
8651.652701655388,8549.104928711587,1.2
5829.078556092078,6316.800196790326,1.2
9205.763713623208,8654.439406367368,1.2
5800.881807488677,4337.836686637894,1.2
3749.597868681135,2699.1974598479087,1.2
5795.200108757105,495.35746592130556,1.2
4202.0453124376245,7422.331170896467,1.2
8108.957037685152,7273.94068856796,1.2
9041.10785896694,663.2797491128806,1.2
4564.325173734796,1402.6615328679427,1.2
1306.0365511466032,2741.504371991841,1.2
8010.393957761332,1255.6526745715346,1.2
4240.295896690602,9855.453842758836,1.2
2400.1120434671598,4016.9603643489513,1.2
7162.441768075994,5324.759785278088,1.2
475.46312722653636,7327.953140232957,1.2
1568.6025726169205,6777.816835662118,1.2
4774.739613264518,2868.035306785288,1.2
6432.138833176937,6432.793455976265,1.2
6803.750963591948,3873.6365026972985,1.2
1993.8596711146406,6224.428553749091,1.2
4003.152435487399,8469.039968486464,1.2
4728.906296806372,8102.906186839293,1.2
3616.4600244287203,6487.770074364854,1.2
5786.293697456725,301.15172631753563,1.2
3107.783336396087,5430.36948923923,1.2
5228.107092530015,526.8823512990296,1.2
3514.5636474910825,3755.283534830736,1.2
5513.301272797836,8881.479385590439,1.2
539.4104102624475,9382.908386677509,1.2
3436.4846263235395,4991.229561410156,1.2
1219.314401475602,5456.512210132259,1.2
6737.385287964941,4914.350659645887,1.2
1899.6058973415386,6641.639083077474,1.2
171.96408493772907,3842.296105662847,1.2
9780.831383749717,5115.4358266718,1.2
7618.4679847780435,3818.789106526862,1.2
2863.912175457022,4541.528605764736,1.2
9000.769012270306,2334.3000646026458,1.2
9241.42279321089,6884.51425491234,1.2
6400.655963412384,4265.590740915277,1.2
2654.9359728854092,1919.5439762137955,1.2
9400.552267300825,6305.651555873799,1.2
2622.5758430241754,199.97418689136958,1.2
1470.069200234655,193.97721830383796,1.2
41.454042313781024,7906.696584779759,1.2
3001.974069098464,9288.565648238464,1.2
2249.5985727474986,6925.606004743022,1.2
2654.9879168658485,3717.4270314021805,1.2
3578.717320477163,1439.6581878344616,1.2
4505.176087062289,2268.5090999658996,1.2
2623.672913215499,4528.56161117508,1.2
4874.7880208598535,8413.237179148815,1.2
2942.097845963624,6289.090961100647,1.2
1913.390384843634,2339.1756122682427,1.2
6088.180205203006,9048.408958491651,1.2
974.2262034663019,6192.575342241864,1.2
6100.369073157167,7477.288347525695,1.2
8670.813669240748,5464.667740741606,1.2
6253.0564327862485,628.5906871359003,1.2
8352.331759898147,4042.2391091599407,1.2
1501.998920762455,152.7771689579882,1.2
4482.094326077168,9799.752841880503,1.2
6511.420845779514,2015.6694729521184,1.2
366.7037496413594,4513.808700370694,1.2
7677.8639861305965,7403.102418269489,1.2
554.7246674715223,2786.115651076846,1.2
774.1276529844421,6752.6841516486,1.2
2483.023374268518,8564.033705050959,1.2
5632.560181816924,8625.935898151994,1.2
1294.6334850010644,5376.129914253439,1.2
7272.314023446409,3355.0218863525515,1.2
1033.445075801389,5561.256817529651,1.2
8893.075683361572,9416.436256346473,1.2
8369.065240655305,3283.5777443065563,1.2
396.9656378251785,9159.18581922007,1.2
6861.0954789605,3523.834209960236,1.2
4568.1884939205565,5420.7087567644885,1.2
7925.3864979474465,5399.086668831436,1.2
9945.354720617172,6626.360877037646,1.2
2895.3172274754,312.5046821007482,1.2
8292.309592160218,4765.72888788809,1.2
3231.4719946820337,328.1424428100266,1.2
632.484249710843,6433.711540260683,1.2
2461.652873110154,2011.5521609358223,1.2
7851.625415211877,6320.800774627797,1.2
9681.691466800934,4151.256640955028,1.2
1726.4497683937896,2905.4506847378348,1.2
2570.762362781972,9646.704540648889,1.2
4795.583901777131,554.9655528160524,1.2
4733.046922698516,3396.352741475348,1.2
9890.365314848013,8126.225887786644,1.2
2627.804788332765,6611.4320926312375,1.2
2674.9061537522225,1554.166121764644,1.2
4228.086626060232,5906.935604088852,1.2
1488.5924808535267,7745.023707635905,1.2
3943.4725325168265,8841.607498548656,1.2
3283.618781045191,5401.577185171257,1.2
9328.523992931885,3121.852296176346,1.2
745.9302799075617,4438.600983651376,1.2
1276.1634540888845,1343.594152361306,1.2
5029.471907887049,6443.966110515786,1.2
1786.7195963587844,5202.380529992164,1.2
9636.942247299228,3834.66434186718,1.2
1960.1095695014214,6418.5059604019725,1.2
7629.735010598863,9917.909779551774,1.2
8441.951849340987,2970.8293120254903,1.2
2023.040799563458,6110.6637670063965,1.2
6449.891507121971,6641.815745211702,1.2
6403.050572995334,1601.2788333770977,1.2
5522.306809253388,7723.069543786728,1.2
1871.035098698336,2163.1400800994625,1.2
6305.8022178278825,2723.4560693346166,1.2
261.50679777719455,749.5179746029545,1.2
9337.493816130891,8468.21904215646,1.2
1913.4601108215543,8495.655582818288,1.2
2233.3958924557305,5002.525287400847,1.2
677.6945806425239,9787.40334925938,1.2
2847.917161219776,4338.815835574908,1.2
886.4069666126273,7926.17933578174,1.2
5776.665827200025,371.69635280381306,1.2
9393.30503228882,258.34705471326157,1.2
3195.6635517519026,2164.6200622277133,1.2
538.3026019769177,8512.183121402355,1.2
9318.724658766096,7480.075675049486,1.2
8758.849182417836,7345.168177680184,1.2
1463.9621495299716,8586.153782181915,1.2
4953.834193960549,5206.732302077886,1.2
3690.2829189323306,2303.6942254078863,1.2
7091.048627807637,2904.122793195757,1.2
1561.202299302621,7072.829789039503,1.2
7153.51890065763,8531.223151907127,1.2
5495.321023043456,973.7301870745441,1.2
3512.862123867545,2491.137885438287,1.2
8534.065985570502,6744.817946383541,1.2
7281.654964230597,5064.158533159904,1.2
8000.194107696658,1004.157839708204,1.2
1121.3335802471447,1405.9011195200953,1.2
6197.92248852576,4528.081200868507,1.2
3737.794792750342,6126.089325444573,1.2
3841.146491416938,1825.6041449492454,1.2
2611.060404028953,8072.405041804264,1.2
4594.257866334085,3849.7107570633902,1.2
8988.047308183506,9399.624341458224,1.2
4422.377225260554,3022.5069695746774,1.2
8251.1585761259,2199.4308048485277,1.2
5872.202974484247,4452.9164801752895,1.2
5351.411450106058,5768.62018840633,1.2
9638.965729078913,1917.0396896556717,1.2
9254.887243010253,8627.80529638022,1.2
8436.571079890433,8084.4951714806975,1.2
1592.1218200266985,2753.360956911466,1.2
3572.654609260967,4885.071765714629,1.2
2853.571928576729,9670.477801044011,1.2
816.602631307416,3594.773827798682,1.2
4963.239030870146,1015.8329310125657,1.2
2219.775954276346,141.21320411298987,1.2
8558.296263862872,74.83401817007906,1.2
8389.973199757958,8521.0094909828,1.2
63.4593281658713,9963.971789714287,1.2
4300.622280274772,8563.57838587835,1.2
9572.080250012295,7322.946111452107,1.2
4690.207939344055,4829.9412414036415,1.2
8430.889965461653,2507.419713791633,1.2
9626.531729316026,3972.64981497789,1.2
8584.971300832838,4271.708267804478,1.2
5977.04228417406,578.288198390533,1.2
4684.760821461834,2640.3911446761954,1.2
84.95692103709929,2264.1871024493266,1.2
6309.246452426965,8505.190526822858,1.2
7940.469176090061,4861.196540791576,1.2
597.0579065403003,8934.650323964444,1.2
441.5666391027173,8938.370800633715,1.2
9463.435138332588,8887.805958830882,1.2
8555.927326281748,9465.118131321788,1.2
2602.1493040516652,1785.9071998102372,1.2
379.24990023521457,6676.470511862867,1.2
1058.1270499539187,3912.2517572927063,1.2
513.2696553818672,3913.8794801273957,1.2
2965.859761087858,5565.828154875941,1.2
5648.022970936108,1527.2416923524545,1.2
9842.171715696695,1686.9546016656357,1.2
2790.9212201508317,9227.805261675338,1.2
3337.398831596834,7084.857575211178,1.2
1408.282085531022,8820.572670423444,1.2
5633.629324729343,2625.2576483754874,1.2
2680.398925105387,4382.962867354435,1.2
490.2154219463617,2683.5031245516284,1.2
6785.123149418811,2046.3812073806887,1.2
8930.447989557268,8243.75586841088,1.2
6913.963000401331,1012.055430194223,1.2
8768.053721509244,3911.7323251004586,1.2
4708.142192052225,2125.0637214848766,1.2
4989.769433201539,8091.210370124474,1.2
8567.737567332442,2893.685597978127,1.2
6025.365353680067,7273.76647382924,1.2
1180.6349429426255,6871.785656167913,1.2
2086.6758419204166,7045.799203003276,1.2
8004.432414498426,5147.923317521687,1.2
6937.221821267512,824.5351456180261,1.2
4545.368372224882,2363.679720755807,1.2
822.9110228420589,1591.1023486683507,1.2
3203.693693633486,9997.251255866035,1.2
4313.874956669811,3184.312886491879,1.2
5733.989957438108,8429.874607596972,1.2
8948.894160226411,9232.735907581362,1.2
1169.3240820291228,4392.845026545325,1.2
7259.688191227004,3575.441707691106,1.2
72.29324880731913,5201.410073281944,1.2
8244.43023395355,4678.048275978646,1.2
5655.220369837649,3558.7365191195963,1.2
8924.793955607924,9712.609388164265,1.2
2517.3963205427963,4344.937838381076,1.2
1004.5950739921727,6488.788591088842,1.2
8588.067621946439,5676.244800272311,1.2
8622.671194027256,3203.3800799339706,1.2
6995.270023953642,5247.657812825012,1.2
3182.888475254884,7558.96789876429,1.2
132.90792620142767,9223.03445952208,1.2
4360.829434381367,177.03207335780456,1.2
6415.019559200101,8354.863249759575,1.2
6529.467388897655,8278.271562777643,1.2
2022.348460278678,9087.752637702959,1.2
1261.4629993887538,7857.33284653503,1.2
7975.458435860117,1622.9006972349237,1.2
3274.1691396481842,7347.316902615649,1.2
4527.05331503069,101.11893034817743,1.2
7035.6971274433245,3092.603455686116,1.2
804.6175282769264,5859.617757417963,1.2
1698.3583268172397,4189.813948516914,1.2
996.287142080089,3360.3702485569174,1.2
8200.24388538312,465.47213621347726,1.2
6036.913595352533,6036.394824374565,1.2
7945.29173769365,4472.029894680602,1.2
4646.828851012249,2675.5065384258205,1.2
3892.1094130264687,1977.7616496734174,1.2
4187.658364348039,6913.817732964373,1.2
402.82616234630365,1982.4453931810403,1.2
5558.3072318250815,9465.45924209692,1.2
3418.564579422597,9544.663868765008,1.2
1959.00016055086,2335.7817388716794,1.2
8340.849445134278,8735.558184639545,1.2
5348.810562655143,4832.778306070418,1.2
3064.656125174978,8747.380434944867,1.2
9418.304805459942,279.6641321447213,1.2
5473.110934891702,7265.211821666613,1.2
4543.157081947426,823.5077350262277,1.2
6250.508278683571,2634.9951300861353,1.2
3138.2022853772173,6612.278939581193,1.2
7748.3263038815285,920.1090662853617,1.2
1084.8600047841617,4982.372595616914,1.2
4838.468265747532,9838.38104970732,1.2
3077.534750016235,125.92903198049288,1.2
850.8392841433609,842.3441786962704,1.2
5336.815587443172,7372.742592821753,1.2
4788.609390857453,2209.9469517196712,1.2
6425.9877439737475,1307.7093536282302,1.2
9390.801169561888,9998.222814258841,1.2
1261.49430675503,2056.410232141469,1.2
1237.3029473395336,8561.177123095256,1.2
9243.748760199574,9061.397055740801,1.2
7259.149366168745,4380.75862211249,1.2
4046.0949607340003,3192.113350315716,1.2
3363.595077069884,6127.427886052701,1.2
285.4818503641099,4374.85936623651,1.2
9191.81552602465,8883.612520705325,1.2
6480.7921448511515,3239.2887322114916,1.2
8248.548619402947,2411.3286055863036,1.2
4478.021205694384,4438.920338322075,1.2
5166.815058848443,1822.6686925257063,1.2
908.3475478101221,8165.422356328118,1.2
552.4907565574222,4093.552613151791,1.2
9466.570155116548,379.86567045961925,1.2
1732.9821646302623,6152.562348137692,1.2
8599.074115909278,446.35906042072793,1.2
9916.948493437661,3822.645406123435,1.2
4722.208388052651,8391.138683961677,1.2
6380.280872448566,7556.644659909218,1.2
4449.706868701953,9418.736876880504,1.2
1075.4911424479308,3395.5163486532024,1.2
8244.943404202266,4481.7987517058955,1.2
8554.490346426277,6556.257914407259,1.2
3210.789607871772,9560.177615473494,1.2
5386.997359192296,3192.46244824956,1.2
747.452982939636,9661.155174784912,1.2
5196.411536994189,8994.883506797016,1.2
5177.648144146715,6612.782032110045,1.2
2122.8356010855264,4787.952075671879,1.2
80.20067067220916,8511.218035427202,1.2
7640.231370961897,8907.886909666382,1.2
2125.695915904122,4677.9026709443715,1.2
2743.5475973097455,2359.1527718649054,1.2
7560.443178097881,1228.9739734191419,1.2
5069.902394082863,2622.0976234489244,1.2
3553.560151169868,1620.9321498125328,1.2
9918.826546095877,1080.7947356141556,1.2
85.97760428377454,6110.47522429372,1.2
268.9811006399523,6665.131974981418,1.2
409.601006033663,4729.706888208377,1.2
2667.818767115402,3671.1480863271527,1.2
2953.7016409471394,6180.309609217131,1.2
8876.801444376615,6897.8772197198105,1.2
156.68814174939592,2017.2789070614695,1.2
8585.587577114458,6794.787363146693,1.2
4636.500843337423,3874.066610914156,1.2
8186.962740849853,4590.1780110956715,1.2
595.6472381724187,6619.88940361616,1.2
2053.884020492268,1448.4043844864325,1.2
1174.4417502744598,7771.780587568896,1.2
6728.221372490262,8241.960144966206,1.2
6079.819170619752,1711.183723748193,1.2
1186.6145854390263,3396.6662527943945,1.2
2664.1368579618243,3508.4213437172593,1.2
5254.578358918768,3097.9262847002733,1.2
6839.090833906045,6782.736680869451,1.2
5116.545888524927,4835.24670149863,1.2
916.7216391104615,1121.5060653837616,1.2
6417.636424912312,7759.150881936826,1.2
658.7403760425692,5841.087243009235,1.2
4232.170757447282,9147.87651268236,1.2
7838.765550094463,6552.055136773214,1.2
4704.694845164311,2724.739835299872,1.2
2785.0661563610233,3241.8684420543364,1.2
3509.003385284112,5641.019219102825,1.2
7046.3452736690015,1102.4048405935027,1.2
6447.605771332792,6584.941786330828,1.2
9906.443802507305,4196.512148460574,1.2
2031.835287981708,2487.85246663757,1.2
7124.123012625701,2885.2068888074355,1.2
5049.487672915325,7639.157228116488,1.2
2603.859007397179,3953.7788406050845,1.2
2974.832203882647,6980.6158089497085,1.2
3662.930005638806,3524.6802438153777,1.2
106.04430169655399,674.062150585143,1.2
2972.054920354649,9655.083793958707,1.2
8061.495093330517,1825.820467380711,1.2
7731.890019986476,6050.194649804122,1.2
875.5593650041693,7259.415199264016,1.2
293.3550770520876,2205.5914837086198,1.2
8453.310551117096,3514.57763493754,1.2
9701.929667976654,6105.778277959255,1.2
53.311843531885785,3153.0451917272994,1.2
7350.613065191669,1417.899755706966,1.2
4213.234362130087,817.3799094281287,1.2
1494.9512969529444,7382.352489800554,1.2
105.57824451576714,3544.409990988798,1.2
3503.9192405459385,96.64784078932675,1.2
2931.897224193174,6821.336959123435,1.2
4555.5561353653575,6216.095629535798,1.2
2474.814111941358,2757.4194167605647,1.2
8077.541458069646,9172.885865420942,1.2
1022.0372065663386,7224.378416029091,1.2
2672.7381134332395,2323.5024735831657,1.2
8808.795722540619,2894.0258689375687,1.2
8712.811358320556,3684.9068973604917,1.2
616.0355072214918,9969.80149282263,1.2
6469.11841098276,9414.45396014643,1.2
6100.129186952881,3980.9698345892007,1.2
6713.281871178457,3215.351318100815,1.2
4991.052765359603,8777.702373450456,1.2
6419.962803741652,4827.108864851865,1.2
5954.102669131189,9842.911443014078,1.2
2387.270399897479,6032.670273470281,1.2
541.1072132651651,649.9836884244581,1.2
669.4568032564363,3443.2234491367863,1.2
203.76758287054875,4616.674016919133,1.2
1270.065655574838,5365.638656616799,1.2
6516.992511922336,7880.334412590375,1.2
4349.665688203457,5171.606899201451,1.2
7.814014370680633,3775.272849929943,1.2
9661.02032634228,3996.080956728352,1.2
535.636262581497,6539.977517348253,1.2
2169.6792612348568,3392.5579254905015,1.2
9156.344430570869,8156.245386357193,1.2
5829.626082095239,1998.7430373059478,1.2
7725.203079250125,8933.141365597503,1.2
9252.195926878754,6603.094517789357,1.2
7393.683575077525,1527.5731934218607,1.2
9239.264043973331,6005.363824259321,1.2
5577.030260917596,2393.01960479647,1.2
3114.1402509525483,6491.678313837843,1.2
7914.479634022622,8424.613412927136,1.2
1153.9920124402513,2468.0110036977753,1.2
7288.358709608888,9065.344055461966,1.2
1434.5647600399336,2023.0546771286672,1.2
8757.24903552076,2056.5815448603753,1.2
9943.502229933532,6912.985544149457,1.2
1105.6481586943378,766.2802011547543,1.2
6726.4273314604525,4126.041204752212,1.2
3587.0461556846335,2074.431897625033,1.2
9310.361125789446,8815.141230143432,1.2
455.36925003927365,632.9284635180643,1.2
2898.132917428067,4387.099596028118,1.2
98.99769402308078,4656.7019495261975,1.2
740.3617611239033,2945.004861858763,1.2
8747.647499964076,6723.045842997144,1.2
140.7196393248267,5848.109631936358,1.2
981.018595085561,277.1408161112598,1.2
5317.331148283542,1122.390860574396,1.2
2391.626088760137,7883.117785343569,1.2
6778.748616748272,9993.26316794283,1.2
4212.3072437389055,2128.4397291919945,1.2
178.92636074490764,2570.3308483928477,1.2
4460.016211010112,1965.1159876577174,1.2
5919.851308329907,7057.466477197286,1.2
1490.9756237532201,1757.6383448270328,1.2
5338.81493565883,7698.595046524678,1.2
2467.9504246060924,9038.060941266382,1.2
9491.160136829549,910.5004690027074,1.2
4392.510018149458,4863.426004278333,1.2
4884.433708625487,8282.949820122401,1.2
5815.5733808359455,3640.605645122068,1.2
3965.079289515363,6394.407533617321,1.2
7442.200563031361,2899.5334786894,1.2
8363.37781275684,22.46885599653914,1.2
5404.8376062871785,174.80056277339838,1.2
9927.402579713931,6866.53937686121,1.2
2128.6157871685573,8098.671996458809,1.2
7227.712026160897,555.0852980129017,1.2
8447.399273759487,8617.018051889641,1.2
3436.7510539802247,7536.57251120378,1.2
2767.9715790218497,9862.929715361248,1.2
7512.6454672293985,7653.110839904414,1.2
690.7052549880855,824.9755273599258,1.2
3222.3646556284125,7260.895523966568,1.2
7922.683724320572,9397.846982887699,1.2
6438.254611031099,3522.8407468228397,1.2
1594.1422985222976,6836.341827073251,1.2
1285.364412899952,8119.26856129259,1.2
9891.097387887758,4160.899155880744,1.2
5384.856692145718,1712.7109429370412,1.2
186.9062417682521,8151.860040850247,1.2
2765.8630543716476,7444.034157544739,1.2
6256.029082923169,2083.625825429869,1.2
4872.109187292266,3797.9084593688162,1.2
9551.585600522983,5195.040971377673,1.2
6652.446149740522,8784.348678303217,1.2
4819.921158096362,523.9969535703037,1.2
3257.2798406066518,50.85527309605098,1.2
4800.290470297499,2972.3992302268243,1.2
7502.704858527682,2613.8798862996414,1.2
403.6616188596764,3142.030908938446,1.2
3529.390012529242,9404.061568233894,1.2
77.24419370346958,5861.031385440855,1.2
4171.811102517916,3817.792132595118,1.2
6026.786356964198,3088.8923752006604,1.2
9324.833634199227,3035.1729845545074,1.2
2659.6411988203827,6913.464500860902,1.2
4027.3287531655187,9852.815264726229,1.2
598.6093010021821,2177.516010130708,1.2
1063.337724868797,7301.501378845904,1.2
9194.988148035427,701.4591055891995,1.2
4943.601311056831,2278.790370723963,1.2
2427.7059716428453,1756.21336159833,1.2
5230.150105601634,6247.425853949082,1.2
376.5763832127,8604.824948171832,1.2
9190.675512328095,6145.876964489826,1.2
5123.812444352804,7930.211233440838,1.2
5168.9647736116,2091.7506793013076,1.2
1893.7248878121304,8656.739459452692,1.2
484.28271490874585,2896.914604791845,1.2
4195.55201445566,7706.910470316053,1.2
455.6697283869038,7850.479835640319,1.2
4349.238454181788,9751.002368687505,1.2
2710.942118278602,4794.568436791984,1.2
7476.231546336483,3672.9131856384824,1.2
7948.253679707911,3710.040181125769,1.2
6488.575083365731,4217.463744318126,1.2
332.04522628840994,6133.297583279663,1.2
251.04609817797942,8027.345135363558,1.2
903.2249321370567,2743.2146405113276,1.2
9370.625581494518,3615.5561767268873,1.2
9311.349662630655,2718.10557197828,1.2
4973.931799686082,7873.119844656612,1.2
8725.943446118088,5944.63568748642,1.2
1531.6361900095387,4736.177643779173,1.2
7023.7056369631155,4716.282020235709,1.2
3252.814359152317,8557.584714357006,1.2
5654.1684572527065,9701.001225265163,1.2
8213.935465981012,3290.481736374793,1.2
3133.823295167635,3234.5243450142734,1.2
1687.3430711992087,5845.507221095865,1.2
5768.651546088905,4234.5960055881105,1.2
3086.981991738329,4481.975858617721,1.2
3044.3205528558583,2223.2293369927256,1.2
1852.3882164732586,932.9496678147952,1.2
4240.7585693098445,7173.227726109206,1.2
9865.29030257793,4517.565363710901,1.2
4875.4741420866,5437.383667065682,1.2
7332.730658767743,7133.795561905221,1.2
9188.25886887741,3664.4654524828347,1.2
6812.1032271209515,2912.564247869862,1.2
2960.0871151789875,9865.184350421987,1.2
742.8109379489312,5799.964008226662,1.2
4085.043036559313,8992.707878494031,1.2
124.17179918149168,6018.992250153981,1.2
4749.729040367901,3914.265155935348,1.2
5452.347459047949,6687.867896939788,1.2
4733.485734783717,1989.641846818555,1.2
1040.4627865511518,2816.7939980477386,1.2
537.5058638165908,9414.793165235178,1.2
1774.9537624448874,3438.0754707652495,1.2
8449.88502567556,3220.536017707649,1.2
2091.5257387144047,5226.850852123417,1.2
5679.007979583563,5032.054963802672,1.2
6374.840451029358,2665.982775833341,1.2
7037.0983372066785,8513.74940825533,1.2
1654.9389886269284,273.30201332121493,1.2
8751.016172118621,87.85204367383726,1.2
5064.258207660532,6176.123902587893,1.2
5261.444116509632,1869.919923169754,1.2
6331.701991507164,9501.487721135707,1.2
6677.160890132284,7549.583063578604,1.2
6992.391933476791,3712.9118064106683,1.2
4443.218039525956,6070.607058133428,1.2
8932.526320991921,5092.179411075866,1.2
6366.627857335802,8730.249198149677,1.2
9177.102949810616,5806.5495158503,1.2
118.95124840788473,2274.9130163717177,1.2
844.1164180875127,6315.128878038615,1.2
9455.551106885274,5563.048784934307,1.2
3569.7430528975783,3235.4239929906103,1.2
5381.613749492546,2951.565693106495,1.2
5019.945692233148,6390.992513262145,1.2
977.356229190125,5178.757789550637,1.2
9804.6274996182,1625.3618530280667,1.2
3108.597246253082,3910.781813764429,1.2
2747.506677846345,9219.87859109172,1.2
8328.372802296057,6128.036867895338,1.2
6851.641552174942,144.36727655163796,1.2
3644.1519123692833,5445.101358337682,1.2
3202.468714917721,5596.001922664657,1.2
6893.803641443577,6047.337033631843,1.2
847.274587617124,686.3006597302168,1.2
2828.461456455399,1312.9835626351116,1.2
8556.600171169448,30.134896993434523,1.2
7824.337796856022,3330.3016583878566,1.2
7359.481798462632,8110.746235367827,1.2
2349.6955699460455,203.38128625611463,1.2
6632.972753086874,7655.4993894848085,1.2
6416.274619863728,6475.235198239354,1.2
607.8934316528173,5431.569772326844,1.2
4888.073265759489,3666.969069679019,1.2
272.1108059224642,3090.874534621263,1.2
3859.200886856008,419.4505379197166,1.2
6849.09469617054,6406.304967880567,1.2
7492.487885774851,330.71304189045026,1.2
6640.211229875156,2065.4637051037985,1.2
3984.6448855318063,1436.0732758999984,1.2
4347.054447990271,5863.674203449372,1.2
5116.943177812431,5134.506931948971,1.2
296.7598473474842,5797.666435018712,1.2
5999.884671194451,4361.88264422533,1.2
9681.687271297746,5414.804744642295,1.2
8009.316451523576,7805.258999389908,1.2
7929.698722997836,5535.708408861513,1.2
7437.416437196685,1840.3723325360022,1.2
9513.661729396339,6503.310002566868,1.2
3632.2618416777896,313.62467189846035,1.2
9925.860626981615,103.64771734640898,1.2
4316.520646405251,3426.2309315755233,1.2
1299.2397549409939,2095.6715113573177,1.2
1914.4267748011657,6489.637294524736,1.2
3466.6422509842,5945.812970886389,1.2
4569.4783924463345,5737.964235995801,1.2
8602.338006203468,4521.915102849771,1.2
1704.1422760508585,2599.6254210820525,1.2
2404.077604580386,7411.299597471374,1.2
3114.4768430481386,7569.988232090777,1.2
2835.1864203291834,238.08546183116007,1.2
8824.771798920274,2390.8304086153175,1.2
3424.4695053418704,444.8103513288737,1.2
3886.1057503560924,5143.786908999489,1.2
6486.298108928398,5660.37507309538,1.2
8400.345576008698,9156.40924099425,1.2
9451.592404756277,9316.096652886283,1.2
406.83366877377836,9786.359971244332,1.2
6623.958591041389,5110.04613817368,1.2
5109.486917777882,5577.695721063932,1.2
1728.1914156544399,816.399650928219,1.2
8710.942253152249,7963.5001063096615,1.2
1870.5468788266467,602.6157734308524,1.2
4254.729269992104,9997.534071492915,1.2
9510.044994982361,2261.157237596433,1.2
4699.878848183789,927.6160244735154,1.2
1493.8666464047124,3171.0084064252474,1.2
6607.8216714841765,1829.0459002385928,1.2
5009.311862525296,354.89698938883095,1.2
7045.091631909816,898.2393126381338,1.2
8672.936130548034,1508.3162469251242,1.2
8029.748368529068,4365.057862372166,1.2
4902.862431163488,5946.277688912341,1.2
203.72900083300172,4261.408956182473,1.2
6880.240344999527,1651.555445622247,1.2
1469.0406666072586,5550.77406909806,1.2
1783.1127154929338,7033.762834619356,1.2
3439.9305397195267,2542.7555517193646,1.2
1839.495053790261,8483.886854715527,1.2
8850.294353299141,2.4504778911027536,1.2
4627.6655766416,7862.336894062489,1.2
1957.6507200495475,3872.6967822057545,1.2
7323.341974632032,757.4324003901567,1.2
9345.837884208207,9142.493099935034,1.2
1166.6122402115886,2172.2393456152868,1.2
7311.785995882392,9723.991658907611,1.2
273.7626205240562,8589.147624634343,1.2
8784.663112483095,5831.545578971645,1.2
9222.723066264767,2659.760572259039,1.2
4084.811480722025,5524.252331068831,1.2
4865.730133407294,2794.5452949886585,1.2
7.473000473883218,4781.345744777939,1.2
5794.468560290441,5091.934126371016,1.2
1187.475954108952,4599.55000937338,1.2
7971.017331416265,6844.10645858045,1.2
496.3402965738095,630.7389309383404,1.2
4654.019359859098,3699.788739495233,1.2
1057.670090529922,435.8445839115432,1.2
2913.5602641308687,9572.67524128304,1.2
988.9165682023615,8254.932033952577,1.2
2114.2774888576987,731.4340863245205,1.2
9381.082011490498,5783.068254014991,1.2
7230.891029681425,3248.869516195607,1.2
8526.62703465048,4814.726934211816,1.2
9698.257479235213,4637.266601359914,1.2
1078.2980698438193,8026.327174492968,1.2
5488.406572009487,9877.533793838593,1.2
6224.445561898896,3056.1777226825193,1.2
9102.776848854934,3937.2631509283897,1.2
4183.00862211995,9132.31884533393,1.2
6683.292304285419,716.3691139430173,1.2
6033.656244896344,6352.460496604839,1.2
9326.77836566832,722.7807928954966,1.2
8013.009470310563,5916.251853657078,1.2
8070.852925794586,927.6307691928165,1.2
6375.502976820747,6747.9769406763535,1.2
8007.676565094635,7624.716637413594,1.2
3494.267063177926,2648.0634394953604,1.2
4020.673932706207,9605.092949882184,1.2
6034.363960132531,7380.293017057637,1.2
1307.3267283241196,7065.455298800255,1.2
9058.924552554034,3267.412567371587,1.2
8198.404276857213,4430.681756104733,1.2
1424.449307555118,511.0961420525484,1.2
7667.329351762321,8586.136053877788,1.2
1771.1417956341347,3951.820635234995,1.2
1112.9993520838989,2682.8573822394387,1.2
9682.020993022026,6768.713589587109,1.2
185.24412387029065,1609.2597410628161,1.2
1970.892685474176,9462.96678181138,1.2
3746.8075052645154,3423.3408366208073,1.2
4655.538369948199,6329.514335276331,1.2
9001.977110609207,6668.6075834874955,1.2
8704.084745008142,4974.247216314157,1.2
8362.528625916308,4619.246010160084,1.2
2311.54803773958,1031.111564654873,1.2
8648.323312662194,916.006181303165,1.2
2787.9536390680846,4291.900704844989,1.2
5122.261508425666,9352.412658314795,1.2
1913.6555769326312,9907.37125953525,1.2
8930.958056368105,1371.4547568935097,1.2
8616.544276026014,949.9140011073515,1.2
5144.826213690419,7765.586942667589,1.2
4311.527147243242,684.7090949856804,1.2
6344.820010428728,7287.555935369179,1.2
2995.433212123192,660.9658715510402,1.2
8894.242184329658,9220.475946060002,1.2
2810.465428803962,6073.287322492101,1.2
3755.955672894593,7898.431022053836,1.2
6237.8517510507945,2304.6683284965743,1.2
8542.936564249572,2409.7049607415233,1.2
9669.483942651861,4346.293193925458,1.2
9413.407607278215,8669.407430469137,1.2
1168.4092260103828,1231.6475922440306,1.2
8954.312096643518,410.4102945310939,1.2
5218.915363644118,5231.860710019551,1.2
7478.277898149792,9358.837325005943,1.2
5554.256868398745,6386.750579629955,1.2
5149.535683268899,575.8500809827183,1.2
4535.618411684609,2516.273765031929,1.2
5877.678492328394,690.111734041815,1.2
9928.360693152643,2886.1671603189197,1.2
9658.252594872163,5262.8986868964785,1.2
6049.387093408881,6647.096937662886,1.2
4184.659686142538,3329.9543620738236,1.2
2181.116439406745,4022.5270907635945,1.2
9295.801950312922,6128.0751090693275,1.2
9034.70976883897,3722.4700138068724,1.2
8142.203747272944,3675.0116167734236,1.2
1872.4954133747763,8246.374385116678,1.2
6710.806737399324,9414.69521728066,1.2
787.7319449183994,6363.865162248718,1.2
8407.235519344467,304.5170129581176,1.2
5416.571491021747,1409.5230934726144,1.2
5223.088654349257,3445.0239934751417,1.2
6950.149139625547,158.27648749038303,1.2
8043.455449083304,2306.4530764656542,1.2
7747.318878086081,772.0689523938396,1.2
7034.150938010861,5737.160058692822,1.2
475.85362613199453,6567.032241830151,1.2
9027.629796681173,5178.2585867794705,1.2
6075.327956643655,1215.9978048813114,1.2
936.7043179162837,430.96884138899895,1.2
7794.603597673036,1468.9888663559036,1.2
1068.658862998798,9691.059651871485,1.2
8026.737545916491,8610.732385722713,1.2
3334.562131284623,8911.29041637729,1.2
2900.338538249595,2381.878288613909,1.2
2849.9158267795856,1216.7564158829437,1.2
8559.468585420282,4490.4888039689895,1.2
600.8833789374868,5451.669360519197,1.2
9291.515972805471,9572.815514708782,1.2
368.4427601269957,9984.078824262562,1.2
8001.389113972059,1630.3142154038642,1.2
4733.80453915128,1310.8972856161472,1.2
6737.431020926215,9369.18320261614,1.2
1705.825314201741,7365.077793736123,1.2
4241.895794081716,3919.3647347208316,1.2
4741.528297929433,2791.834764219704,1.2
1885.9115830705653,3653.2883082186418,1.2
8868.597433580044,6174.374389317392,1.2
293.65007087267304,6912.704359297137,1.2
4267.714247273982,1321.396474961467,1.2
5725.035254000999,692.4580089976406,1.2
6602.741219135102,6412.309357101961,1.2
3136.248631282935,1128.7603652644473,1.2
1677.947792480753,3873.444473254155,1.2
2406.7605978673114,9001.947768215214,1.2
9696.095513686676,1390.5295316715317,1.2
9567.745581161958,8568.412929765904,1.2
8916.546566063864,3245.4656798130254,1.2
6556.088858949252,5307.701714352186,1.2
8120.797726609967,4444.046919245035,1.2
2475.4812973800235,608.829714656235,1.2
910.4545103287131,5879.488549706791,1.2
5286.089879573807,316.4080792608659,1.2
7654.276160221573,2573.0458908880296,1.2
7234.337748494914,3312.4789526423115,1.2
7045.924058377536,6255.0860727948375,1.2
6199.027895492719,2409.139675881319,1.2
7770.700345048259,3524.9928704335553,1.2
8056.227726245979,4660.468017560106,1.2
2503.8971024048574,1308.7106633754952,1.2
9424.046290121729,6183.093225964157,1.2
4254.664440561017,5427.504540598134,1.2
3518.412199533186,6452.528581274855,1.2
4241.157294945455,2536.977765584847,1.2
9243.320926489705,4949.098699946638,1.2
7624.83844244437,6058.303399906455,1.2
2947.399032263389,8839.773565376523,1.2
7875.081521482692,1836.8796134334752,1.2
4580.050375347878,7718.22948999613,1.2
8508.28925218281,6088.383488696085,1.2
917.7130473191996,2731.396747683833,1.2
4471.286813593337,669.8174851737937,1.2
9706.029646947565,5829.267319208863,1.2
3929.1681360291286,4723.398225342392,1.2
7805.252729362453,2337.7762352649065,1.2
8117.615930897984,8494.328181180834,1.2
3620.709197327886,6409.820398833224,1.2
5648.37789534668,4565.055277831131,1.2
3632.938428299299,1973.0145488767193,1.2
4622.790478183485,4203.159252764557,1.2
8018.9555155605385,7740.811696142023,1.2
5374.732591344449,886.7457575084459,1.2
6878.111423486798,4379.559209244999,1.2
5856.388767958783,6610.079142294084,1.2
9925.846138468838,8893.820956346432,1.2
7605.887935950284,1091.9154843692613,1.2
2989.3586252717473,2512.003605725799,1.2
6588.071633696464,1641.9515624267378,1.2
7176.0036336472995,214.1729608923404,1.2
9765.811402865527,2781.805639318,1.2
715.7485545325782,9634.361337717382,1.2
7437.743037042494,8036.729577769047,1.2
1884.3759025727536,6489.982984877529,1.2
2671.22895727134,2434.0218981877624,1.2
6762.8455389519595,4435.672669609398,1.2
5948.718020946604,4235.011633390049,1.2
4605.334576930113,6767.235001894355,1.2
8870.879405866246,4209.723584430412,1.2
1740.0334028044651,3932.9926488374876,1.2
1496.6975157503505,6307.003534654202,1.2
2107.7063993129395,4523.827510297138,1.2
6184.217693496103,4350.578270168599,1.2
982.8446533689917,1375.8607959865365,1.2
6201.313098768588,3544.8163922069252,1.2
538.9021959844375,6875.664461761086,1.2
9606.540578042384,3545.712471734268,1.2
9804.293742150734,261.062622013698,1.2
5211.276502712239,2747.571817038582,1.2
6365.533448355478,3805.1454823506037,1.2
7647.569482692499,4587.6231266617915,1.2
7649.552946168192,7524.982362664403,1.2
4176.855795597227,5443.034098050775,1.2
7688.053063237427,9572.385781335402,1.2
4232.0175041203165,8270.967736827894,1.2
9261.035715268315,8992.898478795098,1.2
6819.264848723984,1172.5690562812597,1.2
3684.5559132468843,9052.837259955166,1.2
8589.0985535282,1889.1714436923778,1.2
3804.9567998338985,6030.629293675231,1.2
949.5426388360772,7849.066793937654,1.2
3248.907136368232,832.8335207582837,1.2
4151.121861424912,3488.39201245416,1.2
7422.739488503802,4261.608995446806,1.2
6579.088675866257,5862.857993685976,1.2
2013.1683134279676,2739.4639383228446,1.2
8084.87913243346,2273.091433093285,1.2
7864.024384097677,5077.0090299019275,1.2
3949.396379041129,2935.3640712626416,1.2
5106.162349890584,3387.2250403293992,1.2
7961.595415020245,3978.767086066718,1.2
4453.774958910275,7107.042715116678,1.2
7430.669105102151,1527.5440656573614,1.2
787.4907332177594,7567.938879188742,1.2
4876.452580166796,5917.621443575555,1.2
4343.886448729798,4285.306120636411,1.2
2460.5794567291628,3364.908015771272,1.2
8616.407182731708,7372.891556612738,1.2
200.22559117985116,3114.940848179918,1.2
4508.2670983145,9770.721041006896,1.2
474.22874345258157,9536.971636995997,1.2
4977.274961778495,9880.278595251897,1.2
8587.740041280045,9184.167312315352,1.2
3348.1565641518464,5543.469173404147,1.2
9015.900311504365,424.74119756018223,1.2
1228.875539702794,9944.334859863797,1.2
1574.3374693326318,9644.856739166458,1.2
7873.852916367929,3327.959892319826,1.2
6649.390578290946,5430.811378008047,1.2
7202.041723984404,6076.98049952178,1.2
5392.553233782389,9638.846204854144,1.2
4719.474542548665,7312.349813693776,1.2
9006.875037302683,5637.030655838324,1.2
3745.1251076585954,2890.836297446189,1.2
5277.864449097718,4625.330474661966,1.2
6944.934244649952,5823.608962183405,1.2
4255.68262771457,4525.330940633781,1.2
6385.766794385177,2595.492904640542,1.2
5943.246846083064,3629.598226447799,1.2
4542.809790228072,8299.381561371192,1.2
9157.764166967288,3975.692438863436,1.2
7440.674029374216,7701.966036001543,1.2
9294.858018400058,7992.194126584642,1.2
8911.779892563933,3824.634319073834,1.2
3203.332061906385,4786.4264407452365,1.2
6900.26348580093,9054.354959037359,1.2
588.6807835772256,5651.002554510752,1.2
2017.8386343344057,7652.16299259155,1.2
7230.617666544836,5710.58819392233,1.2
7520.099236736954,1153.164092437089,1.2
2953.8112744121004,1388.2338233339542,1.2
9584.46920480605,9904.37221517382,1.2
43.632735269671926,2840.5787138786122,1.2
3497.4214023403492,1453.8131348781658,1.2
1974.8236998530688,9214.651786611292,1.2
4375.885112215021,5528.6948810242,1.2
9296.156676737219,5931.754825215947,1.2
2802.4548115249904,9214.042460603245,1.2
4278.838992208895,8833.562914961813,1.2
4651.649617638387,9866.397637980257,1.2
8551.238146044345,5714.956417977025,1.2
9843.8684194162,6053.326530554285,1.2
4777.2756497270475,7299.367615618157,1.2
5367.04363369267,2332.5904938045537,1.2
7822.04582357083,2544.805266016855,1.2
8148.25266813197,8403.404497276691,1.2
1456.551348709756,5808.119836828099,1.2
3432.296625039042,3256.9388468127013,1.2
6956.199030600098,4008.427010794866,1.2
1882.1937901900487,5221.252960504882,1.2
4554.246915674217,9035.143563669182,1.2
9704.230791517013,448.9985113020656,1.2
9943.457894909821,6332.555856156838,1.2
7505.08378633138,5830.475563342061,1.2
5122.888937915386,6845.978091547715,1.2
5147.723383402653,9277.71269688558,1.2
691.7213261814715,2428.784109583988,1.2
9711.823643126942,3389.044902096533,1.2
9548.20407597002,3398.3072209272523,1.2
7800.163059630726,869.4802748143793,1.2
8484.946345404489,5076.450824426219,1.2
3993.6570401124195,9006.241029995459,1.2
7969.238569277596,2636.6613923967684,1.2
176.70713942223193,5954.7912839302235,1.2
1674.4375511655985,7853.661434073113,1.2
2005.7253020656874,6694.663632268179,1.2
2407.584808183978,1672.8212318324365,1.2
770.699849538371,6344.524313092114,1.2
7318.34121295979,6953.724182028434,1.2
1031.5593863930605,2538.4073728651433,1.2
4146.662527865721,5642.512684325039,1.2
2211.8556038846336,1820.2127208021534,1.2
9399.224151866605,820.1332809690621,1.2
5058.6044912318575,8071.088617615717,1.2
6088.055031456903,2558.3384509972707,1.2
5836.2912678470975,7188.54269538233,1.2
4938.081387298918,203.3474633494914,1.2
1668.1383022164675,1609.6791092103767,1.2
7988.206324471356,8489.679475311075,1.2
8074.800187254587,4387.242458792258,1.2
6557.291648737841,7433.798685691308,1.2
1284.4700539551834,5701.920582880468,1.2
5754.528095681868,3652.7743921979927,1.2
2818.0676193830814,1353.322319933551,1.2
2602.992874062112,4313.846667713002,1.2
6118.86109243964,1134.369033626047,1.2
6244.7777005950975,4411.248105783847,1.2
3767.81625067915,5351.387830653219,1.2
4173.8582003105585,2508.3388607485444,1.2
3772.8859263287363,6984.053802134408,1.2
1783.917410558119,8930.539284585839,1.2
354.2226152591554,7077.545924984867,1.2
4486.208963335707,5865.494159321581,1.2
8253.111385462978,8679.032425281046,1.2
3473.8227169035154,5930.666922032034,1.2
1398.8279236892542,1732.3382090563543,1.2
3424.555771677629,3994.971342488035,1.2
9666.085636927217,2314.957674340158,1.2
2342.887858129586,8203.760281043616,1.2
3996.1381223594617,8741.552544326578,1.2
9565.406237048683,4517.949069453111,1.2
6679.382018973095,7468.919303913936,1.2
4085.011749300195,7659.100571427636,1.2
6924.708060640529,2565.1954094843586,1.2
7078.5181672761455,981.3587997494877,1.2
2079.282011252699,3194.7470777613617,1.2
2637.61961911827,3101.931950118293,1.2
8190.875302753469,2816.6922415332806,1.2
1855.2203086932052,9848.770673404688,1.2
7512.679969383042,5569.726269507849,1.2
1040.2202815782546,7087.765857271176,1.2
7800.02584338198,2032.8470014301781,1.2
3524.273848933237,1162.4526896448751,1.2
8745.543907835363,9477.896497446573,1.2
5865.409437664596,4146.661462257748,1.2
741.1864034731664,1093.739845655759,1.2
4817.8892243077535,3109.63268562074,1.2
5196.84253690542,6899.972285701492,1.2
2195.1946298276957,9852.346232598962,1.2
632.6987753641778,1032.8104834973528,1.2
4423.327744017879,5184.87005804588,1.2
1562.1439152967641,2708.617612911517,1.2
7245.496966253333,1888.8354026189913,1.2
9949.519973805116,9453.539719886896,1.2
5600.587647975362,348.87167854748327,1.2
9284.157930000822,5580.704008155595,1.2
6225.850545740347,9853.573251507278,1.2
4006.679763088309,7864.5422112797605,1.2
3839.099627434119,469.9036131078005,1.2
8855.061854968164,3739.5931048879315,1.2
2906.306842979809,8143.292852173174,1.2
171.1858051649795,977.69367090486,1.2
6320.741328384002,1445.2838456075146,1.2
8302.879678460979,2729.8151462419605,1.2
9139.216269307732,981.5502430412193,1.2
180.45899897459861,44.44157776352098,1.2
8363.64409439944,4628.59514897031,1.2
4077.3105430844626,4991.516500461098,1.2
4979.74298545845,7236.25369007209,1.2
4790.087163565897,674.4843190467465,1.2
418.62484351445573,2062.6260840388054,1.2
8334.063434291687,4434.559724809085,1.2
247.0636091673062,3520.059155042865,1.2
6419.668327477675,9499.281629833404,1.2
509.0034294612944,3385.343669069866,1.2
4567.819287659432,1506.8592633341016,1.2
5433.087278832452,6621.209154254259,1.2
863.9050145364857,9569.601487660952,1.2
9081.886819181685,373.9332333569556,1.2
2960.68045213125,6015.604429294353,1.2
2561.3586004921453,5087.472600260903,1.2
1380.18188110413,6806.6823909079885,1.2
8872.745447766694,9569.907116294953,1.2
2030.3907195421245,6186.564911450788,1.2
326.9910931020359,2187.132769070357,1.2
5339.122394434451,7212.900746316434,1.2
241.4861532989465,9894.393827040432,1.2
2195.8785329949924,9695.94287736139,1.2
8698.049457174635,5029.059312492935,1.2
1744.0176578793287,4275.020311051636,1.2
7777.095568347196,7202.814067477879,1.2
5582.090191193538,7892.354851205538,1.2
4409.295740083149,4691.780071805897,1.2
5454.069429276315,2145.201094582233,1.2
6963.968725077509,1269.972242353311,1.2
1101.2856694924312,3894.124734770734,1.2
6396.256421254886,9251.711575826592,1.2
4066.685595474221,672.2294055769362,1.2
1494.0494850065522,5063.39984888687,1.2
7906.855343886083,9895.349337627254,1.2
596.812772992924,1851.4350740998386,1.2
1181.1417331175644,3927.001713752067,1.2
5634.839643911549,2339.190541082995,1.2
6199.2656064136745,6317.9810741229,1.2
250.0249588422043,3516.9380014335316,1.2
2781.980306779237,5369.655676304164,1.2
9992.335182201103,1098.3602726238685,1.2
8931.507209494444,5309.026412886034,1.2
78.73910709581989,5865.3765104126,1.2
8112.88025190905,7798.423416711148,1.2
5130.064041648748,2121.7063768046496,1.2
9385.965832785358,1323.7672341252448,1.2
8040.857742626961,2516.4134080995614,1.2
8285.700721096573,8795.24373797051,1.2
4370.747161235613,5646.151343825073,1.2
6521.404686874171,152.33735608625065,1.2
6072.085027429504,4509.155845917628,1.2
3471.3937746542224,8612.102365674938,1.2
9181.684196854983,3603.945113721941,1.2
4601.221723332069,5178.967598215912,1.2
4532.363175562445,9331.466566661471,1.2
8947.822256577589,7430.524453961159,1.2
2992.618749172592,2929.3707253738166,1.2
9497.603854555877,3364.092921417735,1.2
9697.614740552424,819.3308272101718,1.2
1781.56204034574,180.72306496055623,1.2
7005.955939160809,3745.9420499410644,1.2
6340.771491555023,4632.868931245764,1.2
3952.646308688783,2316.352037286773,1.2
1812.7097959848015,6569.810812246776,1.2
9202.411100767758,1349.858811396375,1.2
1444.9956755687076,1675.537811423009,1.2
3675.7441046262174,5090.947211711308,1.2
9115.486658666947,6.139003948153476,1.2
1062.389713677727,3737.1712056722286,1.2
5664.386699288953,5497.187904817366,1.2
3158.8022035290187,6314.8891395457695,1.2
9129.851438364172,6498.905379298767,1.2
8541.32158617048,6444.99627797793,1.2
7043.451328134342,4470.754511577145,1.2
7180.117741583042,8493.022989672661,1.2
4191.325697638878,5001.020926366959,1.2
6254.244598224711,1738.8088686300273,1.2
6642.662732360901,3046.412558353314,1.2
6408.588294296762,4072.268799364175,1.2
8354.435271938502,3093.5762415093413,1.2
7633.541143078748,623.8948462154392,1.2
8744.699936838864,8700.248709182368,1.2
6088.792153050597,6340.575756334325,1.2
1536.9112909376504,8708.156889147758,1.2
3075.3869183685365,6830.904249059116,1.2
460.8746602390201,2862.3526208783446,1.2
188.36691845472652,4076.5738129216934,1.2
2342.8320255981585,8707.159898837102,1.2
6669.367069689737,9771.97282366084,1.2
5960.621414392213,9586.357579002735,1.2
775.5219833918615,7703.450112071021,1.2
2208.6942985407823,7962.358584280478,1.2
4474.228662913511,1311.999230953693,1.2
4205.881818144195,6877.872593701801,1.2
721.3041902437689,8675.019814058585,1.2
2870.556747977665,8702.809311466359,1.2
3436.7072986456283,4768.404779219451,1.2
3020.066277569825,164.8492559614545,1.2
3964.7760260561813,5888.743906907565,1.2
2073.512944254701,8920.570812233938,1.2
7400.391850443845,1532.3399895023083,1.2
2962.0179017305004,2775.1385177254806,1.2
6787.288592453507,846.326941448825,1.2
2609.850854072322,1673.9358496302402,1.2
4092.3161319478163,6565.384587723884,1.2
2156.3856154997507,9319.51092352552,1.2
720.3385028476783,851.6930573656489,1.2
6026.64574904567,5868.343029668811,1.2
6588.917781980924,6708.491698451357,1.2
6497.507003012874,6302.80112150809,1.2
6528.733886535102,3381.663047164931,1.2
1520.200219145632,5994.904360688803,1.2
2874.713495498071,2338.566497964515,1.2
3297.755813320322,7575.729731390625,1.2
5462.887745065637,9029.53601395618,1.2
8619.510015265203,2503.23235003302,1.2
5152.92565508983,2531.6771101300437,1.2
1373.426058302939,1307.7615203970495,1.2
6623.226897141508,242.7422030241888,1.2
6883.284335962524,956.9559572615705,1.2
1214.757729105206,7127.155009126447,1.2
29.49432599525292,4958.84075160393,1.2
7071.486097413783,3916.9672661050326,1.2
9695.192265987323,9322.445937381799,1.2
9479.369049915038,8489.567216825271,1.2
2909.7154329497753,3789.6232746920077,1.2
5172.190519750512,8227.910830907556,1.2
2137.450128647156,710.8160538715258,1.2
7090.091688015018,8304.856640975264,1.2
293.0932560547517,8401.060364952078,1.2
9691.991463064789,40.75371240304659,1.2
4031.7958842013004,1355.5689896472022,1.2
5611.303009903401,3694.2760050910197,1.2
3017.150949189331,2197.005161542197,1.2
8485.17234216703,9683.363459398734,1.2
27.461629768427144,9136.050947828353,1.2
3774.3018677369078,9235.936873793575,1.2
7555.078004834722,769.0582873530261,1.2
6266.191189070125,2457.1431226209916,1.2
8362.163943819263,7028.145811181261,1.2
8700.313084973592,2846.9254014235303,1.2
7611.777089357243,6594.485365148379,1.2
3731.468514063875,933.1606688515004,1.2
7497.652680589422,6959.665182783444,1.2
3632.905529801852,4425.2763893710535,1.2
6088.988526638282,4620.671240391523,1.2
9461.427101607938,9374.542306459969,1.2
8264.643663432693,7537.683972264535,1.2
9890.585750221013,8507.969699187157,1.2
5032.077177337388,144.06752776961906,1.2
2048.5639394097766,6099.927891538054,1.2
8275.829043137934,4957.059534374887,1.2
4158.312927315303,40.46603961828765,1.2
6674.7187211602895,7744.428389617982,1.2
915.3634315687465,6267.377842879505,1.2
8184.092732283849,9773.141183625687,1.2
6387.2648178166655,8578.032652847201,1.2
6565.678714931831,2007.451565203947,1.2
7895.026548728012,3297.16587199508,1.2
5039.730365330824,3789.9176615483498,1.2
2801.1198492617204,8349.39061721103,1.2
8558.82260298334,6146.512595191704,1.2
7411.143941664104,3703.653099166031,1.2
817.9794717519562,217.0874025559333,1.2
1595.9260172396216,102.30669083802879,1.2
5313.46143220007,6636.537223804113,1.2
9313.213172545593,4778.225627172368,1.2
7047.1866702495045,3672.80814290438,1.2
2805.4214591970717,2553.525157437777,1.2
574.5977787711398,4465.3852854480665,1.2
4020.9342551178083,2516.36034485332,1.2
5202.776538557815,6997.248382167436,1.2
138.46376724352737,248.6765931152757,1.2
3898.7575127685072,9655.941162994233,1.2
8619.618365291626,6400.827730324116,1.2
2023.111611690579,7684.799942744545,1.2
9068.397975749202,4335.437877055301,1.2
9263.95564225879,6215.269763593704,1.2
4636.958582868255,3758.613546913174,1.2
8488.624343238402,5288.830617985995,1.2
9850.934272374752,624.1862933863706,1.2
2142.6902803251637,6462.131700260719,1.2
6337.342974810909,2014.2800013674523,1.2
6094.179265020294,3602.4038175418295,1.2
7416.387919570276,6295.043255195758,1.2
4138.81994308603,1163.8323926878559,1.2
7704.643856084444,6225.189069833665,1.2
976.2619243852688,1544.5755528222815,1.2
7495.0321029193365,1302.742222467509,1.2
356.7063852728025,3299.300118554492,1.2
5225.274994150594,4307.759996482318,1.2
5895.879216842513,754.4734721933555,1.2
734.04673125822,6922.992083023144,1.2
4527.670349392093,2021.8669345144247,1.2
7302.034420654404,7867.478119006088,1.2
6960.525927563956,5948.924854500596,1.2
8001.996274010662,7765.309622160068,1.2
221.30268745983338,3323.666902239595,1.2
6265.8016809845085,8248.727557735976,1.2
3042.0562606007384,1779.6467580756891,1.2
9958.375930244445,5572.135181133524,1.2
2281.728369480135,4068.242310090858,1.2
209.59494982568216,9595.606400371056,1.2
9088.316232790214,547.2353155762644,1.2
7949.370237719113,2442.845552657127,1.2
6625.828115168516,2430.3368248834477,1.2
8174.899717178061,5418.87871078826,1.2
3761.4152923715583,8507.388901572902,1.2
6737.8498579258785,6816.426955135345,1.2
1001.0095978317435,7883.291004845432,1.2
5152.392422681601,9334.220295769164,1.2
2557.5436222190597,8870.717345814968,1.2
2104.121335963036,705.4752375579476,1.2
2812.4961144617723,7942.777636769891,1.2
3656.347419230952,9800.38823620062,1.2
3427.2027919216775,3332.41190234148,1.2
15.502343596982548,5034.722053090005,1.2
2237.8658935853923,7854.504911651178,1.2
6548.897223633609,1032.6159315771156,1.2
4105.737049704664,3774.911642644152,1.2
7110.045230942474,8158.528612903661,1.2
9580.701794989187,5609.281934513605,1.2
1198.9366253528356,7953.386243405696,1.2
6682.639812387369,8323.138967790876,1.2
3409.245784621546,1582.2492641896813,1.2
8238.56090454719,3413.130896688822,1.2
9487.458190734116,8087.332405454135,1.2
2112.593440177205,8749.916153518365,1.2
6566.924827249197,3077.992935052277,1.2
6742.311822335828,5411.776289736743,1.2
4052.785611934039,3413.1133710740223,1.2
4049.2590345480285,6488.766059463166,1.2
1582.333619845434,8682.508838704396,1.2
8287.780499227034,8411.124413823018,1.2
4294.010259036011,6222.906942512455,1.2
5517.745951017829,7528.995617359335,1.2
8422.474300904554,802.0631288856029,1.2
4836.899898592317,4243.685078849102,1.2
1051.9626011126627,5568.0263332358245,1.2
2389.8303257935904,3277.3768201354014,1.2
7945.7266426183305,6472.11995253195,1.2
4905.10752687246,2367.9388101615505,1.2
8189.264648300435,5821.34878445011,1.2
6521.143270320617,2393.929730346367,1.2
8338.178705511491,3203.912488121281,1.2
8351.163844892475,4386.012594856117,1.2
8589.087104476872,6137.804558813155,1.2
6469.0961436549,5043.815378658643,1.2
321.79327833990357,4650.16657868008,1.2
5629.92889068789,3195.8488331826984,1.2
5900.18312943276,8476.352134480017,1.2
880.9429567495331,958.1836996367821,1.2
3326.9176416982173,1616.1684348973315,1.2
6511.807090784986,9207.58336797648,1.2
3205.939416294018,5893.933539966949,1.2
5247.201899919186,9700.467588709442,1.2
3581.3851659509132,9625.862761267186,1.2
9698.695740711419,8628.442069956118,1.2
7916.550785255193,4934.136214555636,1.2
5042.699142837059,6430.986486263247,1.2
318.2744523425485,2006.0148485844597,1.2
8430.865279970343,4655.152823554369,1.2
4537.08796601489,6224.512637366692,1.2
9079.62342109202,3830.8596775710935,1.2
5865.66956703642,2525.515397757814,1.2
3327.9527880437586,2650.3386926740245,1.2
8481.207273934137,2297.584893447774,1.2
4460.596700075869,5980.268785958134,1.2
7787.016193100418,9903.353114691983,1.2
7522.262740089879,483.02818233112885,1.2
6773.126582757839,4011.667107431225,1.2
7116.504947690132,6108.15670831721,1.2
8690.581748903898,5726.9146601948505,1.2
8473.909463226615,397.60557328464284,1.2
7133.735833805803,62.565064661623815,1.2
9211.940301416706,4929.570762807053,1.2
1761.337667270555,7311.062170755867,1.2
7297.6776165070205,2321.4034321877407,1.2
751.1507071710477,3275.810154302472,1.2
3736.22789235633,5406.435149841472,1.2
7183.344243611136,1208.8189398282045,1.2
7900.842852187589,9369.4237917693,1.2
3408.8720123934313,4800.012067024184,1.2
8568.885450868862,8311.479158688013,1.2
678.2148532066224,184.67717694845564,1.2
7106.047955018094,2049.2209523520246,1.2
3837.5826562787142,3685.0951984456815,1.2
9361.345814739887,3696.498080061419,1.2
7277.035074669352,2234.334295246109,1.2
8461.504159102158,90.07835922236751,1.2
5133.009177367063,1418.0076970914024,1.2
3056.556053773362,524.6557913629168,1.2
2502.179674890582,4603.198677574739,1.2
9347.393797915474,6660.862188186005,1.2
6322.843569175487,3698.010246668697,1.2
8032.775014331697,1169.3430627741775,1.2
1714.7872017089082,1506.0764550453553,1.2
7671.889618515179,4464.249826661409,1.2
6802.7412190497325,2092.332221727281,1.2
3157.9569909415695,3700.4973118259422,1.2
2705.2958348213165,8299.933146286494,1.2
8920.810828859187,9109.496032329187,1.2
681.6225397806309,9501.30437902518,1.2
8818.522363699676,4405.001487747,1.2
3077.054297280477,6520.183427508327,1.2
9560.654266931953,6039.52489280769,1.2
9965.777052997206,3695.2100645073238,1.2
9139.070563248206,2156.9591218925943,1.2
4785.796499901348,6361.486838670802,1.2
3336.9909176650935,4182.147480085906,1.2
6280.730715342085,6597.043880162055,1.2
1028.0669403812658,9186.375705762075,1.2
7836.998023888384,8308.368529210275,1.2
5228.816312851632,700.5212308317832,1.2
3842.8441574631934,7392.844244448418,1.2
174.32262793647513,2673.472192160937,1.2
7379.4277538529905,2037.59310960952,1.2
8202.81486055085,237.92793361930964,1.2
703.7295663924592,6305.992023399222,1.2
4499.412489935436,2723.2942247841374,1.2
7932.981999407662,498.64022780299666,1.2
7947.943328817189,8586.093235281698,1.2
3338.8671902928713,1291.5200347611956,1.2
9581.57473109669,1803.051150964645,1.2
6392.310586047371,7704.983317916585,1.2
926.6896872262354,1678.4278464935476,1.2
444.8697313804773,9704.219576533924,1.2
7435.147348473951,3415.025721090327,1.2
260.36982488028883,2989.696984875063,1.2
7485.902734177033,7576.367560395039,1.2
5434.447865761544,2303.889276743375,1.2
6198.290174579818,747.4754976169529,1.2
3786.438782143288,3668.1144758356877,1.2
7315.359807925787,540.1718747782359,1.2
5386.045181931465,1313.8038224072225,1.2
7959.394701531871,445.1260560033121,1.2
9152.291940765657,974.359306241026,1.2
9127.568117225668,4047.583338725317,1.2
6303.500277547174,5405.881816513497,1.2
4343.223106556534,7803.9922952323095,1.2
9199.07386216998,766.213485166285,1.2
9064.344343265604,9313.011154783393,1.2
6563.604879634141,2238.348290285552,1.2
5439.490640050119,3066.383514349391,1.2
9658.069676386807,1006.2068745682773,1.2
4947.608848493317,7736.194726558249,1.2
3198.902940789329,9382.910809739682,1.2
952.4553561904225,3712.4621318917207,1.2
6324.476171064406,9040.118028529403,1.2
8857.27323430581,5995.7809214221825,1.2
566.7713440284117,9282.278535506986,1.2
5650.245099950874,1660.9448913741332,1.2
2921.7889578735458,7296.9610032139235,1.2
9913.456732103852,2953.350944191567,1.2
5241.628039523478,7535.418965449578,1.2
3698.021053977839,7494.201412515525,1.2
9212.061734895522,3552.128538151914,1.2
6341.609763115808,5904.849732397342,1.2
300.74715435552736,9806.020673039937,1.2
1478.1747444388116,4150.992677203655,1.2
118.74859034979978,4567.871832839789,1.2
2936.2793084794394,3467.415362424873,1.2
743.647193184388,492.7977976695719,1.2
6729.751728736859,4817.2244414642955,1.2
431.9893907837935,9216.404513025624,1.2
4210.102209506307,6807.324134037111,1.2
5783.3012365435225,503.0965566079426,1.2
994.9353827168572,3893.199172276142,1.2
8199.830842338488,1416.4814975410288,1.2
7192.998964499705,8870.879442298245,1.2
4476.304786208276,8968.490584160463,1.2
7769.691670930856,2513.1055612734267,1.2
7753.9356298611265,819.365923654779,1.2
4152.91386246701,1270.481328293973,1.2
1838.157122833669,3718.1647844061417,1.2
1983.665771067057,5316.085448759269,1.2
8079.48599740986,6379.629961011438,1.2
6457.434348494498,3613.1398164819916,1.2
3067.3150521551906,5440.900382947028,1.2
5374.064766926185,8797.657028882395,1.2
7074.955813595496,880.7518701885741,1.2
5374.101293820055,9998.750631117886,1.2
5077.510249805505,359.87909662345663,1.2
9630.649130744814,5017.450002669851,1.2
595.1551713198888,5325.498510137531,1.2
2665.8292441199005,7328.705753621728,1.2
7868.171258846914,5487.152195319005,1.2
6856.845947535161,175.75888402084905,1.2
8508.716439988488,3309.577086751566,1.2
9249.171082147188,8188.94476062413,1.2
7385.928797567203,3300.0197501356142,1.2
216.2256938893792,435.4602787530093,1.2
9185.341840059005,76.47370021850786,1.2
8172.522281331442,3821.8506698284596,1.2
244.37170156623057,4783.719321205833,1.2
2296.15442152184,1805.6721566299195,1.2
5176.770826602298,6259.107998544406,1.2
5486.019801372286,8097.203311966562,1.2
8744.961768751999,4657.8520554328325,1.2
8476.423241031998,207.34842660753537,1.2
4257.696082868106,5980.316214727322,1.2
3914.5427854617596,1572.848893653217,1.2
1614.4337407456733,2249.8968223629645,1.2
5198.952202651218,5099.222809450685,1.2
7981.8389903115,8630.078331351215,1.2
8525.815329383342,8489.723828111311,1.2
5688.5472732810085,4449.9749116598605,1.2
1505.6180924719476,2651.496285097841,1.2
7962.864354443802,7451.880980938231,1.2
4062.4113259064143,6724.12417689378,1.2
7359.362525045354,5943.724132743326,1.2
7284.065086665801,9537.7999502119,1.2
1944.3313556913167,36.07796270792774,1.2
749.3932362914313,1651.213339578126,1.2
5142.95349018657,5908.704987086711,1.2
7468.641384555042,2232.5201908696367,1.2
435.54906479638333,1096.1727266442633,1.2
3339.905887737431,4313.205285963453,1.2
2142.8749922550305,4011.801483339812,1.2
9546.894085781878,4937.940042443692,1.2
4375.566628590127,6196.024657948886,1.2
7940.683265596145,446.71350267601497,1.2
8940.165387238656,5592.411706478362,1.2
1162.703343094028,2971.6251746934295,1.2
9979.31648348297,4463.393882699933,1.2
5446.630692739047,9056.693317337094,1.2
8175.047295646246,4647.439036735425,1.2
1647.950764251479,1433.5432363485222,1.2
7363.905758467362,8479.657822497033,1.2
6319.075071504746,766.7557019933047,1.2
1231.823976589539,2208.422193936992,1.2
283.58513778728445,8588.001983151284,1.2
6838.487714075335,6502.3117110831045,1.2
8095.846391015865,6297.802379007508,1.2
4632.67843856676,7642.7683020797385,1.2
6026.454747976079,7271.406344719207,1.2
667.0882091822483,4659.766516901161,1.2
2943.9591992505466,9096.701787175614,1.2
206.45921109610498,3706.153669368145,1.2
1274.2870089010362,2605.7862216875683,1.2
5678.2589818353745,8266.759847254567,1.2
5412.473922970914,9959.91808014341,1.2
2131.9602421739883,1964.319589748078,1.2
7630.363311167643,9397.696658872826,1.2
6724.916618108624,4453.5233253939095,1.2
6829.624415716103,9673.230431511089,1.2
1445.4077919426456,5266.440740781376,1.2
6243.403380944794,5442.340316899655,1.2
6066.714101896782,4250.1991191630095,1.2
3470.4922946986962,9693.821264634753,1.2
6692.622940571815,9235.864210477504,1.2
9523.826240955952,5460.5280621762195,1.2
6873.340336140871,5740.988579255961,1.2
8303.915378981475,5500.140614764605,1.2
603.5706465066326,7608.197400623751,1.2
5670.628330625322,3763.71623884314,1.2
3561.5993754764554,8031.59485829014,1.2
3291.3615441032116,9216.011579954571,1.2
6455.2324318591645,4712.833428226282,1.2
904.8345104600353,271.00206907883614,1.2
5946.215551051601,8287.583968522631,1.2
7180.172683042088,5842.948967500733,1.2
8858.799930357509,2138.762845684957,1.2
3781.205587861172,7697.256599429975,1.2
3118.486192846062,7981.145725943221,1.2
5312.570122309454,2656.326624933399,1.2
5517.481165834586,1475.4662460890145,1.2
8197.704444011593,9272.091627151969,1.2
7211.256171628695,7052.5988157894435,1.2
1637.1472868144788,9110.66410248909,1.2
2343.5054576891557,9364.337381673793,1.2
2875.368397150797,8369.314043549428,1.2
1357.3990456670792,2658.525640793714,1.2
2034.811804105192,3962.011520521107,1.2
8324.18749255716,2853.1477040486607,1.2
8057.21011917701,2928.559948105192,1.2
723.9267845640518,9292.081151738723,1.2
2444.2406030594443,1253.87554226685,1.2
4870.391318583357,1421.386935636878,1.2
9186.679209051645,902.8316408392267,1.2
4061.750287134718,8680.99690244977,1.2
1039.9119142062395,3820.171534447907,1.2
7637.486229428958,707.8728823406788,1.2
756.8820935919618,9076.92482359903,1.2
1986.2224464992662,5624.499310560708,1.2
9641.977474697389,4841.592087339207,1.2
7174.192763320783,3305.1648764810225,1.2
3432.0402496493184,399.66627821411026,1.2
6239.014901686538,1986.2845985823242,1.2
4066.9148870598506,9220.03064990027,1.2
4494.378971476351,1021.517568160103,1.2
7126.714883784617,2914.6609222862376,1.2
5004.198576904713,8872.481691786723,1.2
3231.72500319736,8024.8921078145295,1.2
9731.870983852414,1208.863282854562,1.2
8479.748008555465,6847.661831545998,1.2
3268.4782244225908,5068.433503963335,1.2
9865.035203952046,2666.2470036717614,1.2
2360.02472576912,2866.3410367541633,1.2
6085.709892131092,3072.505997279801,1.2
5190.254549587537,4161.862800487816,1.2
5988.614572055342,1926.2233070263323,1.2
5033.887606897716,4334.957459390454,1.2
4351.349676632097,9980.021242331577,1.2
7152.057422184338,9311.528105575866,1.2
2262.4716797561096,3033.735145358403,1.2
8310.951441126184,4103.396938269425,1.2
9687.732236611373,6197.395068512518,1.2
4167.649461900885,5777.374875751432,1.2
887.0067767274237,9098.180012412931,1.2
9433.064545039806,8276.111926528003,1.2
2742.1516587574456,8423.524089616336,1.2
7973.915309048576,5792.292022387521,1.2
828.1789603144463,1255.7427527451125,1.2
4173.847595445785,3352.286116792932,1.2
5724.6371738746575,9684.672347592434,1.2
1450.6672650687092,5210.217527077824,1.2
8615.94397836958,6104.241400217711,1.2
1720.209037780258,7765.286797054663,1.2
8099.569060654596,5610.949153337959,1.2
5731.914528612679,7754.647702927678,1.2
2893.271724000025,3190.384454105657,1.2
7855.212716547158,5121.943355283842,1.2
4086.742036529687,7948.842516367436,1.2
5918.920748914773,1006.3885005339768,1.2
3034.956466602271,2525.090892821562,1.2
3509.5158010471814,8896.01694542405,1.2
9159.246032028417,2242.299332490221,1.2
4066.5053576914033,9434.955723128887,1.2
9853.082824242489,3456.53595600125,1.2
3564.3690417673647,8934.759621140909,1.2
6225.672047876211,3320.987014549457,1.2
4364.679385036076,2002.2040795242547,1.2
4884.483769439093,4706.793837500065,1.2
1906.0993172728336,7514.537386608402,1.2
2017.5107268563852,3359.48897725459,1.2
7010.44684325622,1116.237525003495,1.2
789.821595478123,6623.740259783911,1.2
8527.722662397033,4263.68906170584,1.2
4843.356430308428,1925.7401893304427,1.2
219.29398437400272,9344.550034659364,1.2
2479.856979322017,3475.90147191002,1.2
8486.44915531498,5379.245538362133,1.2
912.0425036219781,3908.9969469552543,1.2
7808.296633298377,4332.2431091746,1.2
7186.17412017375,9755.248611398583,1.2
791.5978664193224,4618.371808912238,1.2
7875.963881472585,126.02477161764547,1.2
9553.733282689464,5176.666718739307,1.2
2038.8485585431815,75.83465736071938,1.2
6285.342305588456,7335.793689039828,1.2
3158.4092232148632,6962.053723640786,1.2
6024.6654177120245,1148.0971423637254,1.2
6698.463916280068,1038.3065954843107,1.2
2889.92556220229,7055.486084460915,1.2
4792.151150868237,7131.135863527639,1.2
4685.321445390803,2872.350930011434,1.2
7596.748265526966,5846.260004456213,1.2
7042.755169871996,7222.5422052440745,1.2
3047.3531181739468,2127.2548499346813,1.2
1861.0534746569763,6005.184148412146,1.2
7806.626302732217,3647.0029327368247,1.2
1188.579486899458,1218.4691155917249,1.2
9724.903177390986,8980.38329717689,1.2
9833.47813804442,3567.3887681276296,1.2
4902.996342622623,3191.1021015887354,1.2
6472.786868537713,3811.459463558896,1.2
8256.40759925078,3957.5101669128267,1.2
3660.585865222663,9795.795405760096,1.2
7685.142869287658,1327.51744967615,1.2
3066.9042162415362,2684.2913614601616,1.2
9809.775580151403,2080.61875015057,1.2
8658.405987795364,1427.9712964668067,1.2
2483.3489490078,3674.98073473038,1.2
6614.813629240905,3773.8052687299405,1.2
7639.994578278379,6189.988112230021,1.2
1354.4629575553201,9675.69084453777,1.2
7973.409307203851,6038.980034108834,1.2
1519.8570923797395,9571.22967360599,1.2
4257.563595095889,3662.9722691337706,1.2
2020.8761618477456,7908.796910161198,1.2
1374.388212936779,6190.270282568293,1.2
3690.8464491601258,1080.1823024815426,1.2
2585.0051220600267,9354.412803644518,1.2
9188.215741213126,8870.104280220334,1.2
7579.693023146405,3948.5268992259994,1.2
2395.1743754485997,9190.480680992308,1.2
3235.2224496113213,9110.917872893016,1.2
4232.078048832014,6382.66017994996,1.2
2108.87036778595,3725.1581776136854,1.2
3607.2957815749096,3484.593297449511,1.2
6638.239291984492,6155.464089406631,1.2
3927.2261938270904,8899.065128755614,1.2
236.38049037943088,5057.874578566004,1.2
9090.798388226041,3660.579598920927,1.2
96.91049015135067,4378.085711766054,1.2
3207.912858225378,7309.627152168115,1.2
7877.283478409592,3341.4549151835217,1.2
265.5811082085335,1584.952426543267,1.2
4406.456748170546,8643.438144098467,1.2
7932.788492771872,81.48188971941472,1.2
2364.569428629102,3965.4823900143665,1.2
6279.505668051004,3730.009888371462,1.2
9423.693893887435,4047.6890742873816,1.2
4025.2350402424254,9850.747401216959,1.2
6590.729764914492,2405.24606063544,1.2
797.4704595446913,696.2009782749124,1.2
507.34029438596065,1456.5468338651633,1.2
232.4542047671596,6674.327757837693,1.2
5526.4596170142895,7654.878756503801,1.2
9583.152362235327,6560.054203387192,1.2
404.6182397918452,3118.2925510322125,1.2
698.6067933448614,5704.3514722387,1.2
5518.90945522971,9712.618404652692,1.2
4483.0610367748895,9698.818782516302,1.2
6889.613763468881,1142.6549994127754,1.2
8364.828072196988,3994.2352819262514,1.2
4691.604665364031,1258.8735033984844,1.2
4227.364513835362,8096.190922958192,1.2
9149.304072325851,410.06080719484083,1.2
280.87043823569525,2524.1016835233545,1.2
233.2565520600949,535.2630369476008,1.2
9446.91735220178,1108.3126053858682,1.2
2327.2901939301137,8765.95327337846,1.2
7354.112337383753,7678.00437847152,1.2
9510.862749602806,6466.198154405485,1.2
3005.0542662980783,8592.45884105396,1.2
1604.605107734537,5358.117179521882,1.2
9545.841461294176,9620.663352145899,1.2
4906.965052496177,7933.694666692578,1.2
1358.9505926514712,4540.59476088518,1.2
9532.649874464401,1472.4176172702885,1.2
4338.536849237842,2717.6650753245226,1.2
3586.545098012579,7797.292267722837,1.2
4276.553146830806,1297.9660240418068,1.2
7217.242050451292,7409.2558764813575,1.2
9864.662365191265,6866.236441045862,1.2
1991.411258247715,3706.28041111717,1.2
3610.563374845408,1912.1605539139641,1.2
1583.2989835845158,7059.06930653622,1.2
5898.0581042892,3727.2150729113573,1.2
2297.7204548993836,390.71881147305197,1.2
9997.743915759353,8005.442095824236,1.2
9302.853017120451,9561.955668961953,1.2
9801.210090617993,8917.490164748422,1.2
6564.332065454934,4782.404975938741,1.2
1674.928580822267,3036.483865730082,1.2
1057.132822521013,4399.28252916971,1.2
343.377820878179,9534.979542222898,1.2
7739.590991348207,2434.329325066913,1.2
576.5993360182808,8338.218188388006,1.2
6327.652859879701,4880.367292785312,1.2
4068.8301038411155,3945.917477323381,1.2
411.01691444026756,2614.1667523976475,1.2
4462.328131506941,4382.437686508018,1.2
7453.893561373896,8567.24246087178,1.2
3114.062535854747,7596.770690784638,1.2
686.6701108757755,4788.346777285192,1.2
3641.003591022105,4332.481271432061,1.2
1000.7241082915685,2794.6703219497126,1.2
3173.8190874821826,5191.752640792381,1.2
7866.5014509179955,8695.840582240888,1.2
4787.013711309617,1622.884689742179,1.2
8390.123096884827,1697.6020761026311,1.2
637.6954152109404,6613.72318099547,1.2
8278.038926535495,5406.120697399099,1.2
4524.652389196361,7476.212386410956,1.2
1395.9442878725058,5629.605170436583,1.2
6994.174402353415,2605.3432419807586,1.2
7158.1768924258695,7051.1304982695,1.2
1862.0982993805978,6485.109887831617,1.2
6411.620565695569,2135.1067778909173,1.2
7861.4052670219335,5201.17135645408,1.2
7530.009754353425,7298.541512979698,1.2
9673.320682207375,9039.143637572128,1.2
2919.6746853692166,1057.0800470055897,1.2
5936.19549797848,906.1046451238952,1.2
8731.091289994269,8003.509831723581,1.2
9568.60291918859,6040.03470947167,1.2
8331.07580855928,9387.291814857977,1.2
9551.250876224165,4718.69310705407,1.2
4815.270420846846,6984.211486754663,1.2
4845.3990289349995,4682.376672919087,1.2
9070.281891669714,5148.24900168469,1.2
8919.767466672647,1610.240689299285,1.2
2935.5198849248563,4364.895015666186,1.2
4037.865198978389,8908.516571061125,1.2
2034.2408619664232,1947.3611061573858,1.2
8920.564382040187,7809.546056666116,1.2
2729.745097847107,4373.327673571351,1.2
2379.309982708456,6339.972644782996,1.2
4740.91138747991,4301.328752552911,1.2
6841.033019363794,7855.52780576207,1.2
3674.330090247868,7457.728040863568,1.2
635.1644158198421,4398.953101434272,1.2
3083.8019706073783,9457.32760931018,1.2
3398.7538510101144,2166.5132416671895,1.2
8304.581517835171,5063.920570149255,1.2
4151.615702026797,654.5460811600578,1.2
9619.998009822932,160.74184040811178,1.2
3785.71204425312,8027.021005779827,1.2
1357.7717186854254,5822.085610506467,1.2
867.3848361669823,3542.9170391174657,1.2
8316.45030801333,7684.5880794003215,1.2
4508.5935651725,5239.092000934175,1.2
3457.355670428132,5508.786850522291,1.2
40.34240661058619,7787.5964740015825,1.2
6026.970994481744,3101.524906729578,1.2
7739.301011653978,9905.4683190006,1.2
2197.136221929077,6446.337508722859,1.2
3506.8076691149918,196.83678202832567,1.2
9654.406990968633,577.5743116179821,1.2
8851.641075494115,2107.9260570642855,1.2
6329.477273230447,8929.42043128369,1.2
5153.448226376529,2230.5778706322776,1.2
4927.438041098152,8635.290905067028,1.2
5489.644748642476,8596.779643177908,1.2
6786.419852842281,7398.310701719164,1.2
9782.593214164686,8509.422899898322,1.2
4885.1924317926505,4165.574285161741,1.2
2557.0594637695067,4564.68258913485,1.2
2042.7042706017007,8203.406180741193,1.2
959.3155163044364,7637.769370331821,1.2
3392.188124300788,7902.179432492072,1.2
1143.704631093091,8150.585904961962,1.2
885.9216853909979,9972.213612620037,1.2
1222.4250186582376,4610.542432845226,1.2
8414.127002743122,9353.903559268392,1.2
8631.706149424626,3367.2714068890973,1.2
3492.0543707977336,9391.71525194864,1.2
392.3467147284121,8005.889540667068,1.2
6928.936450539869,3520.361121915592,1.2
5065.825876611982,2869.286063058081,1.2
6768.970437380899,1538.0561102213196,1.2
3208.361734972145,7335.992870186321,1.2
5924.003353210285,7025.647218647298,1.2
53.10572637681088,9467.060626868471,1.2
2246.5219373732557,6028.239529382936,1.2
3910.92124575196,7115.164421889964,1.2
9161.950164594804,4739.703909863174,1.2
5534.678191092628,1816.750127538429,1.2
7814.316707571012,1157.781698243293,1.2
4210.478623292137,1794.8847079578989,1.2
773.4391392965057,5483.448144797747,1.2
6876.698985257751,1305.3712233222948,1.2
9086.0524962635,5853.465409756862,1.2
9699.365166788075,6063.086907603035,1.2
5975.00538018612,2530.8542999200567,1.2
3918.1690788580304,7099.312061133051,1.2
8005.695371293467,9229.91839576258,1.2
7543.795262416345,9154.40501591704,1.2
9245.340174858302,7065.077686478049,1.2
3481.0344536254447,1923.9420460801216,1.2
8058.061938474629,9466.812757725995,1.2
2832.3818626960606,4601.069474973454,1.2
3857.455635680034,4173.684673865001,1.2
4503.263509260319,4805.230410280522,1.2
2803.571018777472,6570.463397544718,1.2
683.5257256965333,1563.3323507744412,1.2
107.21138860968705,3339.584232931796,1.2
3437.3649827527174,5230.922677104576,1.2
2107.8254817142297,1896.5514620719825,1.2
9138.810854943466,8768.195529555525,1.2
6235.714465257579,1549.707263289346,1.2
9427.402176677366,1213.1964314975774,1.2
9840.918795511852,6418.539998292964,1.2
184.10936447663008,5862.696992181971,1.2
8226.454661716178,5974.1042465226565,1.2
6195.736659500877,4068.356928907011,1.2
4034.8342104521453,7921.242225187523,1.2
1564.5191296122707,5832.993658928431,1.2
6931.19689326165,1142.801793601087,1.2
7497.0281783565515,7149.428934548086,1.2
2723.0545260315844,881.7193796694855,1.2
6261.781330943437,4311.03169139589,1.2
7982.127020218961,2834.994706294883,1.2
4541.175444377535,7766.945846230416,1.2
9211.842308372477,1548.8456231737446,1.2
163.87641757168225,1164.8377219911777,1.2
9820.410715004944,4259.951394373112,1.2
3764.0091629266412,4835.013770594668,1.2
2148.9346624463215,3841.7008982670077,1.2
3821.152585177746,5537.298553237379,1.2
988.6396900410243,9051.80225003649,1.2
967.9009935764094,4591.305659851365,1.2
1774.2352935965166,1424.498149447172,1.2
5357.551487874755,9762.481809864283,1.2
4753.723680110727,7259.607766459958,1.2
5634.506068418057,5524.115593515051,1.2
8853.813624207985,1748.6917998446927,1.2
5992.001550940759,767.5428061110367,1.2
9049.761562310958,2953.5831792721424,1.2
5678.227444396747,7332.806497077464,1.2
9499.161259233117,2737.471268514421,1.2
8457.19903810524,5514.342093660096,1.2
8455.068297098149,3463.4620591166886,1.2
40.82670883239214,5497.727065629812,1.2
3142.195968852527,2839.487493892088,1.2
9526.54488519601,1713.5027426316262,1.2
3471.0567366358737,3290.584536720994,1.2
1856.9504117543145,5137.274834769803,1.2
2968.9909526675774,3069.6166398058513,1.2
8654.12187314435,1840.0481286819925,1.2
1516.8417959033964,3290.0699747644458,1.2
6474.467012239315,9103.58589250713,1.2
1704.838590467077,4907.586649956408,1.2
447.2556800846861,6430.23042775756,1.2
6989.618959444932,3891.368343297483,1.2
7272.4681841022775,7396.138712368899,1.2
9502.171485001905,1642.2754096708336,1.2
1499.414170000878,9699.57787488285,1.2
3266.4527758107943,2201.897530071164,1.2
4581.049498182249,3812.075369375535,1.2
3617.252054377228,7773.6937555563145,1.2
9607.806368686863,8960.07171427975,1.2
4517.1176142215945,7181.566228471331,1.2
5487.1185354336085,1888.3308987871894,1.2
7541.887422812198,1087.4837682589712,1.2
2006.0784814559618,2444.075515307923,1.2
3288.2847699121053,6423.501363545306,1.2
4853.382693467417,3110.978384840478,1.2
8288.771255217638,3103.382434271961,1.2
4268.317881204021,5947.0047547653885,1.2
9100.884368629104,3496.1450145009076,1.2
3695.0062287021115,2787.3827878683287,1.2
404.61095622828293,33.728664303754876,1.2
2558.083476841465,6861.026054019098,1.2
5419.525819681711,3418.159078142898,1.2
8414.887446778312,7355.122532530274,1.2
3714.5582577975524,6299.756823320076,1.2
5345.910955901276,7131.476736937884,1.2
519.2249812652905,3419.9016787099267,1.2
7937.749685785527,2574.458935336137,1.2
8084.764702749685,535.656421538726,1.2
4296.5242268051625,9499.9421882222,1.2
4570.4059836772385,5719.57640466953,1.2
3552.395887591435,1202.1733630445065,1.2
5411.184112018202,6787.986992715406,1.2
9812.793895549516,4276.0102109543295,1.2
5156.84352405625,8873.784929959951,1.2
8036.534602542403,6065.376243039623,1.2
2358.5991328515197,7321.34401893524,1.2
4325.627497971412,9009.498477826777,1.2
8831.577769830381,3971.5951351786525,1.2
9008.754250865242,4667.478642097263,1.2
6161.708246012107,2509.7427081175883,1.2
1452.8806768995682,245.57488709965102,1.2
1552.5892018985987,6554.150730130076,1.2
5300.730181198533,2226.5229156709233,1.2
3926.03014702855,4236.178792268722,1.2
8192.614439814351,7715.118349065437,1.2
2250.885959658382,9473.972523510445,1.2
6228.357866588374,5709.777804198828,1.2
9267.05287984311,8917.673061758824,1.2
523.8219934852729,2617.4536603706133,1.2
2101.8045185303813,316.643634254089,1.2
1571.3711481503155,7642.871514910737,1.2
1985.9493913494452,317.85972095440206,1.2
4548.754024057529,7620.119421711163,1.2
3521.7491369196173,2138.712644225552,1.2
5858.513841348373,508.140010059277,1.2
5357.497442730758,7303.639064396196,1.2
8274.56276779346,3107.8086439261965,1.2
2645.4219872203444,8635.951914757234,1.2
4783.7906133871575,5492.250539290693,1.2
3477.8502284572187,4020.0640473486683,1.2
1344.7832230897372,2775.3464089279455,1.2
2599.7735034305915,9562.632813275488,1.2
476.3467616928574,8156.5592858349055,1.2
3942.9330472907777,3141.5772318540735,1.2
3716.161920882115,5750.375367669841,1.2
5567.329232855428,7006.788163324586,1.2
8974.94554367658,9372.077530946794,1.2
1673.4588700638396,1358.0904392068671,1.2
4072.064198298265,9351.339281446537,1.2
6523.53338778751,903.5628020657538,1.2
5677.490801581312,9080.244084005279,1.2
5665.188560150392,3734.801310267266,1.2
5243.550996046477,8312.917551863,1.2
6075.800242811429,364.1417252699153,1.2
1282.2787402321412,841.2740734188106,1.2
1893.2562864471524,2233.6539225704664,1.2
4411.876195552583,8449.280891326185,1.2
8620.341016056247,1916.8756014307753,1.2
8969.848443241632,4259.92420722246,1.2
2289.2947355785655,9501.68808021988,1.2
4662.808562890241,5435.865076380341,1.2
4705.613463733046,4427.081146626994,1.2
4257.340929083312,4478.151945366687,1.2
9700.041211533307,49.87775177974996,1.2
8258.960704717772,2975.08027873027,1.2
7049.156059098973,3314.267006988042,1.2
3042.7576963572446,9052.329035915145,1.2
1491.0093177636907,2855.0889709130124,1.2
9413.441099455098,6318.044235317931,1.2
7771.799331031406,8701.911792439854,1.2
2457.1738644677066,5171.452971616945,1.2
7110.796517500168,7734.510973167656,1.2
2676.8490455290116,1530.8990188279636,1.2
8666.955871355754,318.97576467739606,1.2
2327.954201642732,1099.290843139682,1.2
2208.466017074431,984.1079381110795,1.2
283.54863135044207,2779.034912357797,1.2
4958.851552871482,7761.673298336167,1.2
7257.824746236084,1873.1370772336297,1.2
3488.851179191962,6324.778999382354,1.2
2534.207358069078,3821.218033618663,1.2
8190.497650667436,6007.823720205198,1.2
8267.933190165239,9654.83550275607,1.2
500.6364211759373,6038.939771669177,1.2
8539.637824014007,2034.124951127334,1.2
6976.729650758687,9885.505520496534,1.2
604.1968731298797,2155.7896586469883,1.2
3942.9315036665134,7156.4558529070555,1.2
5344.656230478449,1921.139538764075,1.2
1602.6461544253889,7104.905548212742,1.2
9411.030132912138,8406.954331674538,1.2
309.02080819037,4070.130392210233,1.2
7315.551207465713,8829.64676224366,1.2
1295.6341271894712,4904.690821268384,1.2
3606.6608740501847,1900.7587026240735,1.2
427.3940672283105,6028.225054296285,1.2
6335.778317051943,7784.0271509064605,1.2
7275.871193009077,9327.73342858496,1.2
6912.7486714466495,5091.705878949901,1.2
8354.340259873872,9945.832082202394,1.2
9407.80739231402,1047.3092554496843,1.2
8274.879135988298,8171.263231026067,1.2
7079.668991993711,8617.519697262678,1.2
5466.5949990623485,7545.607915297571,1.2
6341.905911142939,8556.373208167563,1.2
8957.104818056176,5870.745089161328,1.2
8720.040744713002,2853.851625619954,1.2
6366.071567804401,9490.48232598666,1.2
610.0772762795192,1751.8035386551812,1.2
6848.339185670588,5593.983820352048,1.2
4776.620728650441,3253.627527188824,1.2
7109.335780625973,846.3240449068976,1.2
2114.0509020365894,7493.753190262036,1.2
7013.456726223372,6757.158346765466,1.2
8977.664941438534,1398.9166189205894,1.2
6794.491297440365,4413.206479382629,1.2
1930.566105693964,5469.249030350879,1.2
5406.928314793739,2641.502823296461,1.2
8747.958396986314,4827.410587436234,1.2
5773.821532974605,3267.2583819790634,1.2
3292.027985636038,712.0493381716797,1.2
5575.790490952969,8718.429571097835,1.2
1768.7895631620886,3337.5901585539127,1.2
6708.299049081603,1832.0036817780283,1.2
8682.627186392257,7900.673936206587,1.2
4803.251208243977,3362.7144550539,1.2
3598.1006452536544,5489.310572583357,1.2
9489.273310265182,3493.7498027876954,1.2
7200.287950538259,6582.486365537908,1.2
3011.383629686731,739.6813582410344,1.2
2671.3228938649745,981.3676934101478,1.2
5935.052556140221,604.8822821389844,1.2
2617.9552649602724,9441.093756482687,1.2
5753.739574549849,8520.794740528701,1.2
5376.960587388177,7596.319010136756,1.2
3715.6293639456317,6287.4328054305615,1.2
2631.5835377324615,1052.1812197933823,1.2
9078.245249001768,8624.753984115549,1.2
3444.8871919012113,2246.186817800181,1.2
1968.1160213978167,7705.081004153779,1.2
9902.879069280514,2832.2140162962837,1.2
5447.881918932306,6734.302374042331,1.2
5818.341135957767,3778.186792905889,1.2
6050.224724538805,3687.876782446795,1.2
1251.5870156566057,8015.8216648165035,1.2
8658.045787746154,6837.844787262947,1.2
6601.914307834269,7784.492353272057,1.2
508.1015111693799,7626.6915485610025,1.2
7373.706663021916,2269.3028770954425,1.2
5848.381786564923,5469.87683064613,1.2
874.9118198344952,1646.2919278397692,1.2
1740.6827836231798,7787.76019632756,1.2
9784.718345101517,5054.82413683157,1.2
3432.086344754917,1704.5402475110927,1.2
5901.683713690562,2336.4796790183404,1.2
839.2991171969799,8749.867053408732,1.2
5637.555003712543,7258.916580809357,1.2
8215.985564176806,8003.0939485113295,1.2
4531.258559371275,1780.7431503982452,1.2
3573.5849603692614,2340.7670632737663,1.2
4460.078892761649,6237.962818130647,1.2
5922.328847045652,3868.960693306115,1.2
6435.773612429509,7474.775447681796,1.2
9254.02503817847,4759.302621809128,1.2
7678.276621579222,1589.1072534893747,1.2
5830.951536602987,5380.414893920015,1.2
6179.676557752026,9140.557830122256,1.2
6767.021184792186,3303.421722449058,1.2
5167.228887050395,7510.511245184192,1.2
6422.703561892917,7637.833210174916,1.2
7264.464276947482,3295.4893834680397,1.2
8585.886839612542,4957.19866621235,1.2
5689.363379379636,4921.55036548623,1.2
4390.671780461361,6576.412751439089,1.2
4921.961509586117,3313.9373910265203,1.2
3878.8236252949337,9488.670964967534,1.2
7095.303893399488,6412.716571992407,1.2
3290.894003956325,5892.530685689191,1.2
9312.547211008014,6937.299342315071,1.2
5909.453310381568,7830.190745022676,1.2
3026.0800010143084,3970.722039662892,1.2
4752.216047979987,1338.2127932193878,1.2
2671.9864087920587,6999.319752203935,1.2
6473.09621831175,1204.6323739957797,1.2
4828.113926410446,1672.4215122173248,1.2
2406.055957713601,3725.015312212161,1.2
4855.085632312351,1479.375122625367,1.2
7257.6655035322765,6624.690096510623,1.2
1063.4003089692767,9572.738215866062,1.2
2511.5243251951456,2732.3079967775334,1.2
2074.034405678871,6299.6438443272755,1.2
5868.117667363979,1933.3826400247544,1.2
1110.8200725223448,2832.4523456704487,1.2
6160.228382104662,5430.38798379136,1.2
945.2388745021511,9994.09506681795,1.2
8238.4372807455,2218.721182761687,1.2
532.9222232724306,9882.651945117725,1.2
9820.526590516723,3867.876389185274,1.2
6655.930987895999,1848.2987742144874,1.2
964.9110295116769,7889.132235679744,1.2
6489.262978756124,5490.9917486898285,1.2
8557.879140868581,6234.721633177106,1.2
5260.592016229927,8960.29793277873,1.2
873.2178649683475,6316.055359907701,1.2
3375.6527798899215,4445.668058793209,1.2
2616.4293655011274,8316.945227183722,1.2
9435.907894558663,5497.420482309187,1.2
2279.9185775650044,9488.583871994562,1.2
4352.24982003501,1096.0258641314201,1.2
8884.436631183968,8267.571939211162,1.2
6298.485815514582,4249.724688312074,1.2
3274.152371727114,3649.964039772248,1.2
4270.718144523934,6714.2806694516785,1.2
9638.771020361142,4602.624795360769,1.2
8617.986358418499,21.826760009312494,1.2
869.3429874597535,4765.623706584468,1.2
7056.931496149341,819.396759184926,1.2
869.9079779686991,2647.1912349784457,1.2
3406.8453091441465,7162.67402904649,1.2
9575.307813827472,3493.9371142936316,1.2
7470.662846039272,9826.033574001112,1.2
8871.244351400597,3970.3966232009902,1.2
3878.699431175232,5716.354361319406,1.2
7027.574330772536,693.3990406243117,1.2
4224.231774418965,3461.7965751815495,1.2
5626.209000589425,6717.134118276039,1.2
2353.0377311169336,1221.9540434982512,1.2
224.74812312774483,7157.822267675328,1.2
3901.3225081456803,2621.4490806784374,1.2
7198.169581754431,2551.7118087040712,1.2
8180.212945413222,7706.700818673628,1.2
8719.50657402162,8358.113606564035,1.2
5639.048186858799,3759.551187363386,1.2
7009.306037675807,6031.235796483826,1.2
4115.581540978616,113.71171879732356,1.2
84.5634746158852,8708.17111264532,1.2
6757.553506624722,1157.5808619236827,1.2
9324.33132806627,2625.6615884067746,1.2
7380.240906652298,3482.4980429457187,1.2
8861.075845259757,4018.8692080959554,1.2
3087.624107119976,8865.128845739453,1.2
4171.451916965909,4069.6640082046697,1.2
1738.3542030031763,2467.8807765136366,1.2
7276.338982984146,9412.516534622911,1.2
26.503364006161824,8735.140769912365,1.2
5843.441448635517,7772.974249399091,1.2
1110.2689729454107,4127.571334004936,1.2
9767.237017929285,8354.367454280293,1.2
659.5314500858851,345.17750472097373,1.2
7030.003421489259,570.5714734595601,1.2
2948.43184773235,7329.630462181088,1.2
6428.855667333351,2389.7144731713247,1.2
3237.8144115915784,3319.087477575364,1.2
2842.2771590868047,9411.700817245348,1.2
601.2063933122969,5241.152217337135,1.2
5700.4191144558545,3095.760193310375,1.2
8585.694698642914,9602.675633366873,1.2
7247.657464290105,1048.262534431622,1.2
4508.201562713323,7912.330264367263,1.2
4585.214112011585,8899.8290642749,1.2
3701.028160047972,9497.240850471786,1.2
1053.7658137496164,2565.385470510816,1.2
7997.176437141764,8458.751946206794,1.2
6012.556914250284,8810.556490381976,1.2
7919.761820406244,80.9625122230151,1.2
9712.599018127843,9864.974310340529,1.2
8877.811657619945,4978.357783634505,1.2
7208.0284720888685,9369.790074183757,1.2
7711.378372855822,3790.7579988072994,1.2
5890.314710706456,6932.734077890947,1.2
8437.196440927713,2330.1156245533994,1.2
3539.4889938244723,7352.000099225493,1.2
1604.2409051620066,143.25931704506579,1.2
8966.469404250694,3400.8752562387367,1.2
5453.1619297152865,1245.434287976328,1.2
6253.629720148717,6563.435016216829,1.2
3788.1953395112764,7387.367340179851,1.2
5592.73630488338,7202.871914642729,1.2
374.8120859374282,6000.902362368667,1.2
4757.99301567463,3462.5363107184935,1.2
5503.924288633077,918.4133983000664,1.2
1926.0870064644298,5463.966239454901,1.2
811.2186787550546,1083.2965668759853,1.2
2977.372933255563,698.4799128243468,1.2
5057.750995112896,2945.3177295809674,1.2
1771.7261402813378,7664.666748723843,1.2
6533.579661292175,2768.1958210574285,1.2
9533.649355328342,228.26467819535122,1.2
4980.997901572338,6461.740500822152,1.2
7770.862875669845,75.72867763640856,1.2
761.7952034407771,4125.6973129315365,1.2
4146.412273938428,6824.910508147185,1.2
3021.8000742580366,8538.654633225868,1.2
4189.213410602376,8982.843320868995,1.2
1661.6502301054359,1963.8904752596652,1.2
3643.6539525023527,3737.0125210047067,1.2
2910.921991922557,3382.732174705624,1.2
4736.695583532795,7869.070194698755,1.2
1036.62994136566,8130.385749598668,1.2
9803.134708432386,5772.731100290309,1.2
1891.9477733484903,2116.6897730171117,1.2
355.7702973846755,6306.426497760602,1.2
6100.081996180651,4858.419060476273,1.2
1703.542078597533,8885.119180607117,1.2
9704.07645518639,7253.3085772471295,1.2
4358.461757563898,2809.8453796353438,1.2
3825.554461485835,3674.592929673769,1.2
4189.077213931428,4333.601252466116,1.2
4860.1241705916245,1478.7764903182465,1.2
909.4439513535846,6015.889609773583,1.2
8562.764934347857,3287.6752163616497,1.2
6927.196303639676,9578.535711643597,1.2
5961.269598558684,8896.134239978457,1.2
6446.0800128471565,9290.712076064414,1.2
3247.2380742516148,5684.412155444318,1.2
1340.4186975850441,8426.847133328087,1.2
7640.8934496452075,5919.24545547675,1.2
1687.691203140652,269.16872511371423,1.2
1924.7388068199812,8938.611657180958,1.2
6922.70834319265,8068.4215085248525,1.2
5368.585277430179,1510.829543674508,1.2
8503.881449596773,3324.3680950059506,1.2
1644.1929744250826,7114.954571878425,1.2
3226.1529462538174,9588.434157927499,1.2
4059.8596454757794,7653.048935231555,1.2
5343.416490806111,8926.836198146799,1.2
3294.6999771060405,7383.339734314016,1.2
3898.0615139514875,4963.36756595047,1.2
8210.830543109276,6823.354900814914,1.2
8831.13517829131,2633.1085181021117,1.2
1036.982656668136,6587.05711767563,1.2
2774.5966390244735,6418.7821459100205,1.2
8169.4160131567305,9875.45392700464,1.2
3698.34765494236,8044.923926804781,1.2
9842.67147755943,3429.328339128992,1.2
9600.44904256442,4134.952682888422,1.2
5512.249958688072,9979.28565021012,1.2
4050.4737175955283,5189.883079754478,1.2
2513.78192375282,660.2169833187032,1.2
3209.0002859771125,5996.243683282479,1.2
8299.518994210104,1986.6852864902428,1.2
9329.910328342716,9968.396797668809,1.2
9383.231652101718,1128.492858042962,1.2
9633.030559811912,3126.141120020374,1.2
3851.958976921486,1907.4326792668362,1.2
2924.424812005062,742.4773339760493,1.2
9018.668025338287,5597.618081359673,1.2
5033.608423979364,9764.780178591884,1.2
3944.700587496501,9249.973926070785,1.2
3086.7150029623667,4718.280387503788,1.2
8997.087262437104,8682.099932810721,1.2
7703.7168766426,1416.3946417123973,1.2
2061.3931818013307,8635.346822800268,1.2
9897.204352586401,4523.769005199276,1.2
1910.2388840214269,5344.139903761625,1.2
1970.2146132892783,768.6548896294065,1.2
4239.689490299731,8022.41510869471,1.2
7313.554253242261,2828.082293927675,1.2
6947.048662706528,9450.936951624706,1.2
6107.357488759594,1455.4912154503209,1.2
5320.407875182513,1439.5369209336773,1.2
5629.5224533680275,3288.798407739294,1.2
5517.412500236114,298.7344672178105,1.2
5307.4628951883205,7973.390782261438,1.2
1195.6442887294372,1329.5327535967804,1.2
5890.958457562659,1429.6216958067942,1.2
5474.88162918844,6853.484523731134,1.2
9133.735156289884,2458.7791865252852,1.2
1017.8709429966759,256.00634121595635,1.2
434.35695956513644,5142.20668943563,1.2
5730.408536305959,7149.378604628601,1.2
1512.3137261565732,5426.680478776599,1.2
6425.789146438253,3383.7740008481387,1.2
316.96270096410404,1720.9490299987674,1.2
7089.931227083115,428.0960115421928,1.2
6728.921319139085,9398.519530319103,1.2
9842.008576617047,6294.378373179415,1.2
7364.669844931554,359.18459850674986,1.2
6806.580802413859,6873.097819288436,1.2
6321.723090976504,7668.629467406689,1.2
942.6532364808415,6366.919397239181,1.2
3086.378138485958,5813.654019818102,1.2
9384.123309141725,1792.1053099118,1.2
7076.713470624524,4694.556686434071,1.2
5445.453752210211,1572.0843175413745,1.2
1572.0691288541177,2128.8099883088994,1.2
2643.0312744302796,3161.0130840432225,1.2
2136.1087835940107,6552.982995869929,1.2
8044.9045912545325,947.9772527741237,1.2
8413.527524936246,9804.670437241191,1.2
1441.600051775862,367.58754026277705,1.2
8246.615473810489,1156.1962021493089,1.2
7682.963071688945,2572.464766882412,1.2
4173.344151899023,5040.251927500395,1.2
3031.066659733541,508.93090695056765,1.2
640.6203048457837,3902.6369252313166,1.2
3884.870650413219,5687.171945629507,1.2
4315.34788783201,3024.250640867332,1.2
4798.693592805401,9543.820617482352,1.2
6076.704481396979,3888.806561163749,1.2
1044.7068460111398,9645.478570640116,1.2
3042.283709025573,981.1818642660419,1.2
1640.824062278805,1710.5842213903854,1.2
7741.940205249745,9661.899525026009,1.2
3579.92903108322,2672.1316323718956,1.2
6417.399567349543,4633.171291670757,1.2
1126.8644775056803,8361.635603724808,1.2
9778.55568154826,6508.701434519801,1.2
9645.80353037307,3103.8722610141876,1.2
1789.2286981192428,3841.4690816424736,1.2
2509.9743707665334,548.2368651587477,1.2
2738.014531145989,8929.675427896304,1.2
4210.338383556546,478.317415390449,1.2
713.7499805144221,3360.073974689959,1.2
5871.567520085472,1062.6888241142397,1.2
4128.857816060933,540.9940717376427,1.2
7550.630235561236,9537.589232970668,1.2
4988.37636973554,6067.957694119578,1.2
5083.831118337545,8259.08800667952,1.2
5349.3736631584,7779.652947394966,1.2
6341.584689799589,224.4833657333578,1.2
6261.848734821864,5155.228805213777,1.2
9875.174831554028,297.2227803900085,1.2
1417.0197855209842,9400.105598854787,1.2
6843.533525410562,2020.6714040997376,1.2
3255.984031402993,1727.2177743628793,1.2
4820.572065521307,6241.073301449644,1.2
3265.1673007943928,2013.1573793674552,1.2
87.33559820958025,507.1559962621752,1.2
6754.883459295191,3645.823743018568,1.2
4140.620759715979,9915.937140394404,1.2
3069.325505076715,8471.721519970466,1.2
4162.790213273382,9159.975900268744,1.2
644.1802302870136,6954.116885121822,1.2
8422.796364242404,6822.551382959059,1.2
3316.0284292746646,7100.973976805588,1.2
3748.0858611302137,7434.069354656623,1.2
8868.132565784215,9140.381792156099,1.2
7931.594496553963,6522.143309825686,1.2
7524.125346748371,7340.027338898847,1.2
3463.825759788397,987.9953705690714,1.2
6238.273097396352,2639.401931597228,1.2
1752.873020306378,8597.885415787025,1.2
2284.8753932230115,3479.551673894392,1.2
5759.652490512745,2732.881242078845,1.2
2430.621268157324,4128.773144437202,1.2
1577.9789495186724,9507.390980711301,1.2
2880.1135102618423,3333.6872789058834,1.2
9919.254711549222,2126.6686701415615,1.2
9111.979729765086,8427.318600391289,1.2
2102.9036810341686,5058.285523341733,1.2
6692.09265314646,8516.070232814873,1.2
9017.591382789109,8255.130106699038,1.2
1905.755154424852,5590.998808482701,1.2
9400.705837475518,967.7107408695384,1.2
5448.461181469129,4751.626056877632,1.2
6421.738275898987,419.57988130489787,1.2
1265.4524779056353,3717.4164730085745,1.2
3384.668498924808,649.3766857428407,1.2
8173.331734344396,7952.317032581179,1.2
8192.791545869683,4062.770129613179,1.2
1773.3299290644022,2224.9209201350327,1.2
2668.5961467275697,1111.683493210538,1.2
6638.7269043600845,671.9175419278067,1.2
2580.756215910033,2380.4238807141633,1.2
528.0900817051693,5543.2074758138015,1.2
339.03385395096075,9848.671431294542,1.2
3961.8225729376886,7321.209097414198,1.2
2422.4076260576176,5106.80673488071,1.2
7167.725097400219,4140.930697199508,1.2
4716.957334883399,1374.6350568981425,1.2
9056.234121668314,7730.075600554222,1.2
5400.53641250958,5687.6848774488035,1.2
7901.026398207193,8460.64631563547,1.2
261.54109054670636,4649.923325723899,1.2
441.8222051362164,2133.0121305239036,1.2
641.4223019475918,4060.455465891085,1.2
1981.2613895272734,5255.026568574589,1.2
3876.6612316679725,4075.1232757524767,1.2
9445.663403609185,7142.164347346233,1.2
5889.542278401157,6031.225051692531,1.2
315.79968446939887,2347.5097861403938,1.2
6539.48975958074,7441.939332702983,1.2
1391.0151047166141,6789.150706851895,1.2
61.90397610609355,5130.401291534481,1.2
2748.4669011384553,4426.269770770261,1.2
8578.602101277875,1408.7025634613037,1.2
3073.491823247245,5002.594445085796,1.2
4751.18492379485,2146.5141134902365,1.2
2508.3160699921427,2852.3219980218696,1.2
5794.251204442971,8944.312216959986,1.2
3168.502114094365,7827.452387460079,1.2
7426.013902130996,6355.462016766486,1.2
7078.207967442029,7498.882591320347,1.2
1310.5700412550325,4300.170340011543,1.2
8801.494741251681,1733.9266784484253,1.2
7443.5642055001,1147.2265979834306,1.2
81.81811005129936,8373.55686429831,1.2
204.48202701881414,6164.10929176377,1.2
3793.7195705122663,1295.6354103905676,1.2
4339.5390122407725,516.282587834791,1.2
5638.380211744879,8450.511534046045,1.2
4777.30503043693,9455.684534066357,1.2
2538.392221259492,8876.868966278153,1.2
7729.738135740771,3004.5858074502175,1.2
6190.7072039160785,6917.879084027853,1.2
1098.841118831525,3982.2066212556274,1.2
7717.722095180677,9726.854729570454,1.2
1621.0088918090016,6646.964247438924,1.2
8984.51076556665,1188.1975299132353,1.2
199.45875277148306,8884.579726193291,1.2
4192.964082401314,4429.048683141093,1.2
4112.30241217263,3356.9000048856233,1.2
6023.138626209433,8006.358272138471,1.2
4575.793061099179,15.250669313338072,1.2
272.35728808337024,3453.4245123037244,1.2
2263.205991813433,1043.5857016951265,1.2
979.1475806242411,2547.305158152464,1.2
1721.072932286931,6023.341874337358,1.2
5314.886433947536,8608.262329338359,1.2
9281.414045358011,7640.482369799458,1.2
2412.841693216079,1692.6948701022081,1.2
7846.402911191832,9227.075791864836,1.2
9312.252437015,3691.4160775902483,1.2
6533.8241356822155,5200.674483138927,1.2
1772.903464616633,4146.369365459489,1.2
5924.894090973363,1766.6224887781923,1.2
2658.814675818052,5473.854239859706,1.2
6079.10189272543,6622.195032760726,1.2
6942.707908545315,569.5133464322311,1.2
2136.9480886312176,6558.582821663,1.2
5612.593989273054,7952.724954884817,1.2
2455.376207700657,4207.608866038559,1.2
5712.981057196404,4407.704663989141,1.2
3013.1165091563485,2601.3490046732168,1.2
5860.782271056004,3171.0498388364917,1.2
3721.0430737142997,8180.9203253915775,1.2
9930.492882952925,8417.157328516201,1.2
5564.23708262342,2022.5071619555267,1.2
5761.3800159826515,2205.10615382399,1.2
3485.8246603669495,8245.62250338331,1.2
3344.75519732772,9987.254822016877,1.2
4731.409898716602,1085.3222744182478,1.2
7688.601587117218,263.57634237606175,1.2
3321.4685975041357,859.2461348674285,1.2
2893.0229409963595,6602.739595183863,1.2
8689.386755121624,784.2239386966743,1.2
1856.6287501488644,5146.218588397297,1.2
8496.549708721946,7165.520419378725,1.2
6903.736219155614,9142.30078310472,1.2
441.3190158036584,3973.782475039038,1.2
912.4747177214598,3938.4667657645455,1.2
5724.192509864921,6345.192787143309,1.2
2397.2815449735085,4926.333028383178,1.2
7757.998284925699,3731.525876215298,1.2
5417.573827618484,1691.7151188009273,1.2
5974.638344834924,8618.319884566805,1.2
505.43753627138585,9500.043025919265,1.2
4863.23743739023,1729.7231530376632,1.2
6295.4951531770985,6117.599669010778,1.2
3768.118017902844,6294.440717603542,1.2
8403.749168857208,6461.597118614507,1.2
4175.582241608625,4277.403198289231,1.2
5875.313927041866,3393.579095377757,1.2
5585.324720752419,5859.876906314642,1.2
4534.880711429227,3945.9774437700557,1.2
4044.851943454388,5648.450077385285,1.2
3477.160651160196,9598.006393640017,1.2
1870.1667736533002,7387.325857241009,1.2
5944.924236553784,1914.8063529479775,1.2
9756.95681060545,9946.023907190325,1.2
3027.844161809697,2349.367850017163,1.2
2672.6932112602453,7134.500709013284,1.2
4279.77444408429,6569.09717362886,1.2
5908.329470510865,8455.771337227821,1.2
4972.631431555617,4738.173960663536,1.2
1041.592573600414,1584.7315304559083,1.2
4702.853221093562,6704.068345343536,1.2
4676.228724611247,778.4892380143804,1.2
2303.267099710893,3091.9853272755536,1.2
4635.338181482141,314.4366992534053,1.2
5339.348028402446,7385.506396076582,1.2
1024.0029311684161,7015.664704315548,1.2
5685.914554997663,6294.061746866577,1.2
7674.843990508491,1347.4339222091269,1.2
3948.51838986637,7086.036414286069,1.2
4011.1756856851243,6280.034008356609,1.2
1935.9209267274368,9833.723576259143,1.2
8316.88912080115,7024.571523644294,1.2
2386.0791126020154,8901.997498022369,1.2
2807.7100973508996,4961.0242115751,1.2
8710.610564256669,8458.08021869517,1.2
3400.1747615262166,3221.2208946231467,1.2
9830.820665925317,6734.208452209793,1.2
9488.949297593379,4041.3275760939914,1.2
2896.3611890570573,9268.593893941872,1.2
5618.931978717202,9714.688456418058,1.2
4753.024439898443,9754.013193028657,1.2
5030.823800249668,379.9151067430351,1.2
2491.567226118271,906.2252546538674,1.2
7880.983239132793,1245.4761387443414,1.2
5742.720635658022,2481.3876164932235,1.2
3150.7809516099314,5100.985890963879,1.2
4593.695509059714,8841.94045320171,1.2
1997.8284558882065,150.8729070095116,1.2
5629.285116897365,4718.124108694619,1.2
5269.355790945094,5420.895639936721,1.2
5037.895345678488,8177.500398907412,1.2
9000.632607702088,1095.5509331566427,1.2
2279.419070638177,6701.270347382126,1.2
4480.456078489461,209.56207771663404,1.2
5663.635751237952,3163.6883011645746,1.2
4652.755304808962,6558.61780355224,1.2
5100.900734551263,9844.593993224264,1.2
8667.335745106877,6299.424667283254,1.2
66.06806033144453,7863.906936065922,1.2
1452.9671813117252,1538.691064345694,1.2
4447.317815385561,6314.422691584923,1.2
3848.462002690777,5254.576776108036,1.2
334.3694538012076,3163.3933781589894,1.2
2617.994671427369,5836.112618038975,1.2
1680.9683855691271,5027.289098292797,1.2
7225.079911807157,6748.387782094296,1.2
4370.686278058682,8708.196535393217,1.2
2080.066917166493,3441.8893603977594,1.2
1210.0036472547715,6750.432396418288,1.2
715.4541183514717,699.6524559036766,1.2
8298.838609960936,8593.675189885222,1.2
3481.778384413753,5689.079406195282,1.2
1585.0808581472143,113.43764788401045,1.2
5093.473799464645,2644.333823949818,1.2
4312.163262902174,9651.743529343792,1.2
3913.3731034038856,7564.811642142555,1.2
4499.639370475162,1911.0403192377246,1.2
2176.1872482713184,5607.253977963847,1.2
7166.493635707026,4851.9006738426215,1.2
4194.701192517314,5787.0838504796575,1.2
8829.601119791627,7563.519697293829,1.2
3851.956576460026,5424.281401667324,1.2
6918.134056170643,2748.0041051031913,1.2
8400.238107742502,134.85002002207258,1.2
5281.025719132157,9686.2393185987,1.2
9259.41765097614,7585.576009002591,1.2
5046.172631632147,556.2213458143073,1.2
710.7735249084845,7873.571162524703,1.2
9637.068840898166,2505.6222049074795,1.2
8803.09965858613,4840.315681947869,1.2
5464.454624676695,5254.045180436414,1.2
8869.287655528899,381.1448758558156,1.2
5175.27015919854,6324.377483439214,1.2
7574.279056098703,5899.757242944399,1.2
5646.1938557657495,4773.885073327163,1.2
1213.4378427071401,5241.369903687344,1.2
3111.8716296672023,1505.6723372218771,1.2
7766.434141840775,5447.263346032739,1.2
7793.666214788639,8756.602801468078,1.2
7704.589847288355,4431.614056350857,1.2
6785.026770133487,2672.8048975903353,1.2
6965.277097266186,1824.0672208112153,1.2
2705.243372964844,3434.4075843885867,1.2
1103.8036478541223,384.5707345458926,1.2
8867.294333511378,2718.9465124237754,1.2
2253.9473103502305,4746.117585908674,1.2
5451.327403273965,5464.82267393672,1.2
3784.6582404883698,5789.8880222868465,1.2
6192.6271874177255,7207.48384970587,1.2
7968.372568511471,4312.682294002662,1.2
8448.659382844338,804.4451014894694,1.2
9764.245134263292,1411.8143182256604,1.2
2277.208143760685,8565.274616960649,1.2
3512.2581181895075,8904.103304870268,1.2
7454.877959132658,7755.504174096448,1.2
1999.8027021321652,8006.801248712123,1.2
3183.203011594292,3683.599596693171,1.2
2808.0524361879443,5232.899241091627,1.2
4383.543653815909,5672.192266147831,1.2
6384.707414652667,41.83052511689711,1.2
8913.047738453983,5116.573506805023,1.2
6655.836338379057,8761.844901048304,1.2
4091.0921392244713,7199.369789025601,1.2
6010.196377790822,5117.6673096724735,1.2
90.93777013955639,5849.87241923024,1.2
2944.7016248842483,1243.4809326129337,1.2
6341.752681403471,2539.995119842465,1.2
1856.7624758183188,4570.420941962418,1.2
7486.3468388343945,1886.1904881177404,1.2
1771.7137822761852,2711.8832475966246,1.2
9873.538623779343,5833.581539970699,1.2
4153.593199190662,3045.3014433541603,1.2
3.8826820162629616,8029.3495254046575,1.2
800.7789714157742,12.702599679766946,1.2
3799.377094019759,4002.8233432317097,1.2
7651.0668042190255,1202.187981819972,1.2
2444.594884738276,5412.246591492665,1.2
8610.574886570515,8481.620487517437,1.2
9317.65128849168,1229.881584460183,1.2
6908.888502273715,1022.4233960560969,1.2
9038.615227742126,5716.665396388475,1.2
2841.6992350931305,7967.772700872929,1.2
5267.966424146692,3967.4424520877014,1.2
2821.401616636594,6034.402680115834,1.2
8118.710066712045,5237.7558755971995,1.2
7059.211946135801,3446.488949178411,1.2
2215.8035572592485,1885.8564593810445,1.2
2704.075035898685,9320.587813933356,1.2
2485.9589883610543,7418.538472666527,1.2
7318.669976716018,2192.9491830594193,1.2
3012.3608544106896,5167.135254282825,1.2
8147.585322283609,7467.599462252066,1.2
5289.432068844858,2535.101185761589,1.2
5031.360388240524,5133.438818109988,1.2
3491.6833053499217,7478.64569944755,1.2
710.0862753003878,3509.3632514005767,1.2
7015.837907039354,4677.376067681493,1.2
2252.379765732503,2498.969164282904,1.2
8007.045577940785,4048.8827827547634,1.2
1539.8084843337867,8306.244909602647,1.2
9767.610269615485,3113.8977848329996,1.2
3111.985388361026,9670.64454593763,1.2
1153.4816230815259,5282.437487800693,1.2
5230.253858756374,2193.0440478662126,1.2
6652.388739633904,1049.1181858116638,1.2
789.3015253998559,8277.522446004028,1.2
6427.681682752216,9360.310603996384,1.2
595.9909358848037,5405.754547921915,1.2
5965.4445365908805,3201.7648527699594,1.2
1568.4875773987394,9144.47924367652,1.2
9230.52282487132,9484.70189351702,1.2
6910.933718032251,3568.206789083225,1.2
4412.174879500849,9136.128009371636,1.2
3252.814853398738,8413.706587319326,1.2
4375.456462041929,7914.820838030163,1.2
4171.842695986637,8039.431677488857,1.2
6460.605718922293,1852.2539309807207,1.2
6629.593773740813,4844.410665189447,1.2
2388.9638998492924,2726.4721575529848,1.2
5410.949477100796,8513.547547051972,1.2
2134.54706465953,302.9475377996882,1.2
6401.310888906864,6882.486028291984,1.2
7154.818552090563,9227.750765650748,1.2
4513.963884322634,4699.751250991493,1.2
153.24322195937378,6273.001946721589,1.2
8889.282105400704,7824.701245442123,1.2
3747.8055855290804,2779.9423045017325,1.2
4769.333350091417,3323.4842721948744,1.2
8312.176828154987,9955.191147444893,1.2
7165.074786702546,5523.614598632053,1.2
2324.1153936576743,3066.427759191829,1.2
7336.580535526279,4018.9537579090816,1.2
5864.9179590484355,4080.314895472368,1.2
2514.8144929689342,2078.1234774875334,1.2
4981.312241841542,7011.047703351202,1.2
5286.526498027566,2703.441285264079,1.2
4353.895421921202,9304.469095703535,1.2
1729.261823523628,8609.079957480044,1.2
7581.264270147442,4359.245610306591,1.2
633.4620727160856,3180.983745272693,1.2
6606.49943372713,9339.343000295548,1.2
818.0496494911005,8716.65257980793,1.2
3524.6724278733486,2248.9623035700633,1.2
2487.168937765822,6950.827035735519,1.2
2475.8602959384525,2983.2533292754047,1.2
9622.638619604282,5654.749186725493,1.2
7943.038722512453,6445.98135162574,1.2
807.2014491946966,3505.3253111489826,1.2
2119.329324284511,1700.521643342966,1.2
3997.2043652072452,5981.357988334787,1.2
9884.619820233036,5963.067501646813,1.2
2409.706101326684,827.2675297240073,1.2
4681.491375296026,2180.636899948518,1.2
2895.7011307174907,1759.6108767707542,1.2
1439.594022460572,4202.03319374478,1.2
9897.565014314427,2988.4783420580475,1.2
4779.132566508915,4338.404415566689,1.2
3573.858799765137,4836.397334633497,1.2
5579.219874203996,98.70118791092119,1.2
4013.4954841732906,4409.323557576744,1.2
1808.5090287220617,5980.91045840065,1.2
4686.381299102057,7402.807295044492,1.2
8734.525048256288,2193.0514587550388,1.2
626.8024930056304,1378.400599358065,1.2
9601.872417854149,5234.8423653345735,1.2
9706.953803038878,8694.1758005524,1.2
4151.864361232689,7751.847931778077,1.2
1508.8383630015255,4783.3838721656775,1.2
4894.086896273236,7439.268761975198,1.2
8304.288669658783,8778.487220103843,1.2
3797.5991014208867,1129.96240204576,1.2
9178.161137107982,7082.124814733288,1.2
4957.637413117578,2890.515185791518,1.2
2148.2483478738836,7229.441331963549,1.2
4950.89089762598,719.3794831126398,1.2
4143.699264066979,2042.7003474818882,1.2
9987.16589276226,1494.1127441809354,1.2
3644.590156019323,3765.921427934377,1.2
6719.302217436301,6759.358681356773,1.2
9577.76343304913,9491.863480188833,1.2
6446.583225800719,5211.4190599103395,1.2
2037.2895505685594,8931.205747696547,1.2
4432.591760760511,6197.807694298871,1.2
6735.459982943926,6686.325027539534,1.2
5455.432449652027,8082.920471496296,1.2
1321.2060487566969,1832.2246088578843,1.2
6225.966696347972,5183.890758377112,1.2
4197.745874682718,601.3855889849773,1.2
2074.724570217027,6473.568320052272,1.2
3979.210926946809,4026.2610062012336,1.2
5313.021782446918,7153.364799356432,1.2
3534.1302145875584,2958.1601098099586,1.2
296.8410123606524,8403.89677790869,1.2
4235.187951225552,5837.85623237687,1.2
8133.521326145513,1549.9719371407116,1.2
6035.894309478614,8154.297356327132,1.2
296.4320617016947,4233.776765098267,1.2
7991.929198186297,2058.337956344278,1.2
1605.6568892382084,3707.067068120411,1.2
6761.277494867082,5767.000098076982,1.2
6891.673064724187,4459.394405577224,1.2
9822.048002101157,7313.32822327638,1.2
5570.71411002018,3576.887984303322,1.2
2998.021868320848,8146.852953148751,1.2
4686.957372987287,743.9011503072934,1.2
8128.254522203445,141.30100424288082,1.2
9499.654106423883,270.15652961686175,1.2
2222.642748726894,9324.612730523077,1.2
1707.612313440474,256.4635967574347,1.2
7757.05439783627,8282.857443032708,1.2
6443.61633682095,423.97626641375473,1.2
5565.978087483957,3571.3061065543484,1.2
2621.609402460855,2374.512246707888,1.2
9779.736399365675,9348.52867059073,1.2
8201.857957446528,2674.508783035414,1.2
9988.800231853393,9436.883963139268,1.2
7438.679356174034,3805.157492768787,1.2
6144.606583526892,1051.8570837926788,1.2
7167.114010392309,9591.182842007009,1.2
8422.848685009445,7628.446179103593,1.2
8134.080988759477,6036.725801445225,1.2
6535.944989730941,8631.63833011477,1.2
8549.193564101737,5039.083490826627,1.2
2203.137341553816,1647.6169761156866,1.2
8353.475338677526,7848.03826407736,1.2
645.4657415923859,2210.5283444762103,1.2
5030.707166767395,4889.158079788989,1.2
9616.18462608812,1517.1053923041566,1.2
9731.782052119323,3530.156415330751,1.2
8341.03472641949,9942.504799471148,1.2
5397.267429208091,142.01640661977154,1.2
9938.145628845017,2840.641545578669,1.2
4555.596047436385,6725.597922761231,1.2
1327.59410065046,915.2398698369968,1.2
6471.20465645537,4581.017128100989,1.2
6467.6268014428115,101.57828069263464,1.2
2776.319682318128,4631.018323515035,1.2
2949.972451309739,7996.809560806846,1.2
4810.3591481310905,7704.669872843344,1.2
7802.330496399322,771.90162831277,1.2
9855.328989439415,8569.688669397588,1.2
7495.128272366599,8900.391142803337,1.2
7074.815918294167,9749.55274621699,1.2
5512.43544276314,6877.247293840387,1.2
341.4255893177154,7167.557278643626,1.2
1572.229510343559,1390.6362656972692,1.2
3668.7786111138475,6877.86656356607,1.2
3919.2693245751907,1312.6936261758237,1.2
4629.34603092962,7669.429928899808,1.2
1839.8427852253851,9440.592730075776,1.2
2641.8331557441356,2063.8911773696877,1.2
358.30909356320603,1400.674901231972,1.2
8018.161105042203,6660.042119918626,1.2
7084.800578946064,9914.58634114403,1.2
4313.309370284469,2121.332708184969,1.2
674.3065901717093,4104.6910029630035,1.2
6381.656575326347,8901.826628524483,1.2
7707.340149569086,8691.709997120117,1.2
359.8763066461852,2897.0648505867657,1.2
4642.00426421301,4378.531046455351,1.2
5010.611571716355,3356.7537003224024,1.2
9104.038421574356,8529.143074963087,1.2
758.9652339425368,3086.0335676367877,1.2
1436.1497543190649,4335.194518932539,1.2
2575.430311656205,9400.587630820397,1.2
3688.889678787519,397.00688791330373,1.2
3300.3939440786103,2489.862443462011,1.2
574.9149910584462,8660.339526991518,1.2
8698.905575986144,8710.632768443995,1.2
5113.953744795234,262.2683483808963,1.2
6642.100608108377,2563.5397481390264,1.2
4851.01699184451,6023.805410545729,1.2
4162.310096203423,815.6494919376256,1.2
6667.861781485569,369.4234895148807,1.2
1733.0490294093925,6078.4206115645975,1.2
1862.0375169406323,6378.778833016625,1.2
3189.038461398318,4720.029065753917,1.2
5043.284799656841,4731.306577952095,1.2
5155.162737092617,5965.566174742619,1.2
3661.0426485826774,2428.036489254386,1.2
8010.210520048731,8782.416895561546,1.2
4893.22811023761,6042.309343715805,1.2
191.2620913098906,6356.958738158687,1.2
5726.840440005299,5583.545587860566,1.2
6628.9490552066045,302.40076560656195,1.2
1295.9095626155104,4587.771556614082,1.2
2921.1894002699114,7335.811791873291,1.2
2020.039373165452,3969.2509707588165,1.2
3250.169349254093,5950.833128274452,1.2
8332.01142146517,134.664723208342,1.2
3016.1687561884664,8718.334421743566,1.2
1013.9291007086648,7332.639348480588,1.2
9436.008420643115,3956.6369963431357,1.2
9531.891632852168,9474.881869140434,1.2
6243.684259856645,6597.845342596647,1.2
6656.358839482012,9674.596473920325,1.2
1190.815535018528,2218.3709691280737,1.2
832.3532218132812,8863.717148302905,1.2
4764.215180448891,6020.200579997558,1.2
5335.819814626925,2914.9907786250174,1.2
6586.293341357171,8366.012437557445,1.2
5264.000390337261,7683.516031326544,1.2
4947.574346832048,6616.595111698475,1.2
3032.607484636448,8437.27445703645,1.2
4254.084039178476,4587.793979876863,1.2
6228.764329334938,9281.28485333891,1.2
1959.149875718862,7676.092701219575,1.2
9429.520104314532,7366.265875310492,1.2
4424.601299097872,6246.040792374405,1.2
7201.600721247736,2949.1253884918433,1.2
8901.329789155672,1080.5708515038525,1.2
1292.464307998218,6390.192217118218,1.2
6320.6534742749245,7249.702638283542,1.2
6759.476101682111,5140.450269814535,1.2
6968.0578395805105,2641.149293681585,1.2
3256.7899664318234,6306.394416554511,1.2
609.1119011829916,6414.881072739899,1.2
8667.055331086196,9835.967385766797,1.2
242.2349232012433,21.59118475598687,1.2
7212.731087938834,2659.665224760045,1.2
5885.818284358445,1534.1510483423149,1.2
7971.65682143591,4595.853528284148,1.2
3913.4601536913483,1742.9621382846537,1.2
3327.1487337336125,9637.111719846373,1.2
4330.3815368905425,2038.9840765031631,1.2
3667.709711301077,5889.999426342454,1.2
6960.383434203167,7330.792805833548,1.2
4864.368692267087,4852.720494727509,1.2
6804.321164372425,4950.640858254155,1.2
7771.415371796835,8587.244334633535,1.2
6980.752654390734,6037.047414289892,1.2
7104.065118942683,1798.0026040015796,1.2
6690.748975482967,8973.204714411908,1.2
6734.832439756024,3299.665858192935,1.2
6724.107205590464,9819.278353794212,1.2
9839.287829443787,8058.084470623533,1.2
8846.388668751519,76.87394843116091,1.2
6535.645981597286,5454.69339788972,1.2
7397.298291750793,5247.820067677488,1.2
8401.03835260829,1507.6265865638516,1.2
2392.696496505533,8903.31721196416,1.2
6337.3853740352515,3200.880874161772,1.2
5517.992969995078,2953.0040988755413,1.2
8615.2122848588,9224.899110310796,1.2
4610.7156439535165,548.2050610483524,1.2
1317.0504188443488,3814.6250654315495,1.2
9201.601179354511,2658.875842987574,1.2
8697.605401084667,8731.26865993279,1.2
2164.670387301514,2232.6357763170868,1.2
3187.101767563012,1388.7427799555885,1.2
6496.967653399849,407.5902865364434,1.2
8689.438208035748,5281.158637441226,1.2
5693.611306985672,6331.614116585177,1.2
9009.512701871106,7920.6580803948555,1.2
3254.45808569622,100.08036926310359,1.2
8739.313149499454,2733.4663994044727,1.2
6302.845181233806,5996.3657482112185,1.2
2809.0403765362225,236.68855636421182,1.2
2881.28423319147,2929.000685249219,1.2
6701.6408866050015,8996.667613753496,1.2
7945.192671718879,7743.082284352398,1.2
6421.58666733774,8599.707293381152,1.2
423.60311555146524,8412.870841915576,1.2
8032.431646068697,4705.411402485713,1.2
3494.9787307782876,5015.607250580248,1.2
5082.68093186097,1041.7431738292526,1.2
1797.759117784118,9643.039600845783,1.2
3299.7620810328667,5749.146118469565,1.2
421.94856065613016,9103.129782206455,1.2
265.5014043904691,1294.4835117080888,1.2
87.51865194065122,8217.841562125663,1.2
5639.360751636919,5727.377377894111,1.2
8151.9299607701605,5517.618984405341,1.2
6976.62576107376,7107.0584088509895,1.2
6806.346354764855,9374.45982376958,1.2
635.1127641629362,6966.019596019798,1.2
7112.783294129853,194.74735551939125,1.2
4557.258942627977,8579.181865741824,1.2
3801.8625042466824,4086.6299846625843,1.2
1356.8680342984173,8666.709478467144,1.2
3734.3919335464902,8167.959477836897,1.2
5398.453290625223,2925.2922172922435,1.2
8946.764211146792,2357.0872518681263,1.2
8008.483438852856,7358.2005618435805,1.2
8895.910933840521,5565.0746009203685,1.2
3034.149623380883,3470.163643298996,1.2
5921.07480085991,2108.8285731686383,1.2
4834.024619914192,206.6527053421152,1.2
4715.928213281587,2134.937552684587,1.2
963.3680765273411,502.6542795433553,1.2
6518.969604721845,5110.702264275792,1.2
6957.357726464524,7354.055311914265,1.2
6339.602252608527,8064.422341437137,1.2
5500.951320602342,2086.6067133830757,1.2
157.66391394165134,3884.048747008668,1.2
2301.8756659476057,8397.146029395,1.2
6140.269281249336,7128.546710779135,1.2
5917.641686737925,5906.665250548194,1.2
9168.42771037924,5354.547152220312,1.2
5817.058950139679,7492.874404047951,1.2
2247.0579338490247,694.9551444233648,1.2
1431.1199329642411,6226.8718898102015,1.2
9142.216633895205,1732.4949451015536,1.2
8258.3856813439,4377.816407588002,1.2
2788.9346333212416,4991.512010558169,1.2
5833.102384952687,2075.911334554752,1.2
489.47658056282205,6164.745877227642,1.2
5219.752645829031,1038.736829371003,1.2
4311.572888301165,7684.1485047786755,1.2
6817.270260209555,8415.101030065809,1.2
8871.281797456422,3138.6304627356008,1.2
5127.291657083465,3293.340578190164,1.2
9986.957759555597,5022.573052591986,1.2
8203.253406323358,8123.129741634611,1.2
6675.572921561062,954.0285839271767,1.2
3747.8353589483027,2415.7888554683104,1.2
7806.338392563973,7321.297304915374,1.2
705.6022234985959,9510.976535379687,1.2
243.63858958581952,6314.254908671954,1.2
6798.420911065365,4054.2657892039833,1.2
3106.8171911344557,8816.628451603357,1.2
9601.395800723965,7559.4418373910175,1.2
3471.844532552981,5101.08369394113,1.2
3332.0773657209556,6090.6199796449755,1.2
792.5887790840947,854.4786259359105,1.2
7793.7337022296515,7718.264162821794,1.2
4976.544084792642,4743.952575502548,1.2
5774.035986013169,2982.0791206760764,1.2
2363.322778711232,4444.41906109562,1.2
3998.4111593465086,6095.569332611905,1.2
5313.303595295427,333.2743836981689,1.2
896.9694949518281,9855.047334610763,1.2
3248.1325103126255,5628.1598453729075,1.2
1952.6274236221152,401.4420865986157,1.2
2340.2949275994324,3750.92549680095,1.2
4976.368012702383,8957.883296923144,1.2
8966.641187238896,967.2083995948999,1.2
9936.8942998639,8703.950945105124,1.2
8822.123104243943,5292.990537533092,1.2
7116.9123421812565,2849.2287469848166,1.2
7529.880893831608,5798.759496627831,1.2
5629.175602039594,3704.7671245399083,1.2
113.16690044320232,5705.066678301309,1.2
6726.367168584067,9001.633067749657,1.2
1778.5608710510903,3400.783071678386,1.2
754.5158856573897,3815.995565331671,1.2
7055.476722636419,9621.077158615377,1.2
6193.48521922769,3497.544584079073,1.2
4812.836555170562,8888.706689612545,1.2
3732.770289887056,5393.691041571178,1.2
6927.963779775043,1768.2805463745233,1.2
6004.572894598756,7643.643451365156,1.2
1848.7668776145172,7666.696007389401,1.2
5182.827281674762,6884.652609869815,1.2
86.05452008769277,3355.9444459310807,1.2
9689.362067194863,1675.0951894519994,1.2
8013.81256016461,3628.2006611835673,1.2
7573.119886086544,354.30046273079995,1.2
6714.84301841824,9734.154066371824,1.2
296.5700882492317,4103.795560200641,1.2
3915.620299803315,5041.157290105172,1.2
4047.940389966348,3649.696086964157,1.2
1896.3101438430251,7625.118163105876,1.2
7671.0564448273935,4153.805159883977,1.2
6167.231453119082,2820.938976321399,1.2
9262.739639908837,9990.147644761637,1.2
3251.240341019681,920.5081958733774,1.2
2531.5435234977303,6781.04135099296,1.2
7202.179185720074,3389.361788766576,1.2
9969.57462987688,4519.107015826693,1.2
3078.7317223872956,5029.17392734869,1.2
1719.866816874419,2370.1754443370182,1.2
1753.8452565231976,27.371871442455344,1.2
1638.2659214869088,4101.574950759153,1.2
5850.143765094813,2337.5975309673936,1.2
4735.355573606499,8848.545078626885,1.2
4607.569522260103,5355.924028924619,1.2
2351.5400841256064,2152.8729526909465,1.2
8562.171723045885,7383.891005660807,1.2
4708.937757422154,5931.449709636937,1.2
545.83431488057,9526.78422033625,1.2
9932.57079548559,5223.144812488425,1.2
1955.563892886788,1506.9361311743678,1.2
7125.248831952566,1111.123415190356,1.2
8163.899629267162,2073.998021764336,1.2
4710.57271072857,9684.721599384085,1.2
2610.8617441106708,3197.827052458764,1.2
4406.190411271724,8308.192672825027,1.2
2093.8295412814045,7347.452745603372,1.2
4729.038119649811,8937.956396541658,1.2
2313.827888617481,4065.104180442819,1.2
1611.7694776498959,6545.227043022263,1.2
2170.6215137323425,2882.2511255434115,1.2
1607.1548217278976,719.9937468754813,1.2
9469.752268935234,4013.6981383658576,1.2
6217.415186358634,9651.451776158023,1.2
7287.849641727001,8407.66711604136,1.2
8760.912275395069,5300.535435150774,1.2
9416.747012404,6960.101071790318,1.2
1209.4657309707256,9966.485888928422,1.2
8827.253537551424,1913.219405382176,1.2
960.9818119638546,6425.064503673106,1.2
7827.487113247173,9973.446777177613,1.2
6574.665890667282,8529.819212320992,1.2
8822.391578363473,2775.564624778953,1.2
6536.078966105102,7725.35686115655,1.2
417.2772560583637,9757.64971750745,1.2
6307.389876224354,9368.589523099576,1.2
7110.612769315133,5550.085080558158,1.2
4547.183747766676,7675.601857515382,1.2
6716.616635205699,6289.289246998661,1.2
7969.400783555511,2278.5518602580446,1.2
1956.9747893631006,2242.922557316317,1.2
1692.22888175248,434.82336116844044,1.2
92.69924776104111,1961.0734150615626,1.2
7500.224488629742,378.31092967858916,1.2
8113.5434361506495,4769.027230532628,1.2
471.22738848154546,5555.145396954167,1.2
740.557112085668,9977.909003806553,1.2
8089.265805454456,2102.952116616984,1.2
7613.469440930907,8428.15698719341,1.2
7740.224484006808,8038.390132591028,1.2
3668.9966098464743,627.3003399920196,1.2
4278.973929250858,9731.67022451383,1.2
6715.253078267024,8784.340648316302,1.2
1770.0458981668821,9455.383734716106,1.2
6050.415513273363,267.03641289143377,1.2
3984.1353373875186,4067.887041491838,1.2
8266.392265746405,95.61099936323147,1.2
7124.898844760771,1248.750034978775,1.2
373.54274305446353,2240.9677082567605,1.2
4084.297547475274,9613.300386030662,1.2
4716.912567009055,8320.475939915224,1.2
2814.016504768103,4440.441851909529,1.2
2017.1466567386776,7970.937969329395,1.2
1281.583883184575,8954.57387628899,1.2
2196.3579177692595,5365.850791439766,1.2
21.690805881033892,7413.48463417805,1.2
2029.3129264814402,2098.133395228221,1.2
6950.86992333522,4003.4873789616854,1.2
5868.1230134674215,7127.2259560892635,1.2
9914.13472629061,1681.469829703831,1.2
2675.1161031037927,5383.115230924138,1.2
3930.0277250808736,8441.503509437598,1.2
7851.514116397598,4043.079366581178,1.2
7156.573339907056,1554.9760796705325,1.2
2326.4334763769657,8772.60169876162,1.2
2843.9002036154793,5355.091746811329,1.2
2748.76894021424,7194.184615222104,1.2
1306.2021873187045,8264.001159367865,1.2
5413.680185641804,1288.2799036016934,1.2
9590.572386972326,2516.5845037509316,1.2
5089.103834683498,4315.42662880327,1.2
918.4230040321984,5165.421798219208,1.2
6577.059739633074,3983.0265138650534,1.2
5050.39896786286,6213.502852093958,1.2
3397.0071010769043,6967.760203756065,1.2
6174.042841047218,752.1138068848232,1.2
8758.6539451767,7510.167346412287,1.2
8256.718735403641,3848.118091550666,1.2
2196.216428959968,5422.180296732941,1.2
2254.2282822884054,6267.927757246396,1.2
6121.211665778827,4841.406516185015,1.2
6289.791918958675,6347.472229889189,1.2
1412.3556813245098,4466.997521001705,1.2
8881.004745002174,2974.393583371646,1.2
6475.233556912984,1692.7892259368327,1.2
3514.821552334023,9298.204310945464,1.2
8814.151220789388,5536.445029264781,1.2
757.295436635752,7708.506639538325,1.2
4556.66094408962,7523.415958088476,1.2
9845.894902251068,6307.624431683504,1.2
636.4392228095994,6241.955309038068,1.2
3301.8578764735594,2827.9361277170233,1.2
9807.494410333133,9314.62337782306,1.2
2574.413322071001,9065.216265973226,1.2
6215.455694223951,4975.671262502012,1.2
7095.95107445544,3137.763455154582,1.2
178.4768851695362,4466.7289135127885,1.2
195.55934486455538,5536.864765208436,1.2
3006.257877879145,7000.075185757816,1.2
8363.455719731075,4773.491969163241,1.2
9463.632388485219,3517.998581598326,1.2
8882.361732393707,7001.357924229983,1.2
8997.527020957004,678.9647574535473,1.2
4020.884987598445,211.98627432363338,1.2
9422.955509762709,9821.798768039818,1.2
3099.91998386509,1502.207557173012,1.2
7237.45797785245,2063.536080726819,1.2
4503.618540504163,899.8771000392746,1.2
5194.390818559811,2128.1755309343253,1.2
2343.200098767828,9807.712882129226,1.2
522.6692242391217,7136.074932571801,1.2
317.03452200684933,2130.9505688823615,1.2
9131.72312972525,696.4323282704777,1.2
1172.0795512761083,8828.668870648826,1.2
3189.5275393503375,2472.9617084933097,1.2
4780.198880906002,4034.051177021668,1.2
292.2993193016932,775.4434973622648,1.2
1211.8225522396187,7497.143007270863,1.2
9448.847096560914,6904.686455622265,1.2
6543.910948108341,7166.602653438546,1.2
7719.997248360436,9895.263883543474,1.2
6702.485306304225,1612.738415531605,1.2
2776.144319163767,7381.7013429342815,1.2
3160.2327331011024,7649.8310933251205,1.2
4267.854590746683,6558.627716365487,1.2
9887.870054450223,9542.979196534297,1.2
4616.4756115021855,2841.0065498475947,1.2
3158.584362842518,6540.74684475152,1.2
8016.733675302983,6011.053043621215,1.2
1740.1187736026625,6319.127148519255,1.2
6116.119605430378,6536.892578144681,1.2
7490.890204966642,8664.065919083427,1.2
4530.02470377406,1844.4241853799792,1.2
6802.34875314669,796.7834017742092,1.2
7967.275144657491,3198.18062062877,1.2
2359.721798228387,3024.2021209592463,1.2
7841.672739002456,47.626345277426154,1.2
5603.679169036543,2320.3827012322354,1.2
5597.368610827836,3880.899701441163,1.2
3515.6708927718605,8652.961324607662,1.2
8943.244684965654,2532.163434595375,1.2
3560.422640207235,9835.98264813806,1.2
1339.2543059645811,3987.9345241284204,1.2
2295.3794235485716,153.60294077987112,1.2
6290.887553928301,8744.760760077108,1.2
4796.031536748113,9839.30898977318,1.2
6614.476106184831,2511.873991458259,1.2
2993.6614259281414,77.7587154822712,1.2
4892.199389666571,5578.7957490619565,1.2
7061.427774214558,3136.406024030973,1.2
2063.8510773249354,3284.5231724642686,1.2
3641.8304347122844,1525.662124354863,1.2
7397.848186896908,2056.658584890395,1.2
7243.503709923983,346.2041593036946,1.2
5085.6860427852325,5457.157180872349,1.2
8255.86824092097,2302.9548633575914,1.2
1149.251836367653,9739.82991640386,1.2
5867.450638552218,1065.0428780357825,1.2
788.6534688559266,9873.731945113965,1.2
6658.022231995977,9445.159060700598,1.2
6072.328872833879,3120.1114922972174,1.2
3757.8238458232936,5059.554156583371,1.2
5176.178380987747,842.4676904763095,1.2
3948.470411018892,2659.003138870952,1.2
1277.319466531186,7987.60871881579,1.2
5098.604214251274,9827.011891160384,1.2
1544.8124387700313,3875.9507701575358,1.2
2060.489366647339,8138.44490153348,1.2
4090.281507822939,3400.4888908829657,1.2
6806.215372782466,6752.1424169013435,1.2
6158.291265169651,1924.7809587849786,1.2
4801.368446319102,4321.08759766309,1.2
1707.6661550905847,9159.55707111521,1.2
2189.722221020326,5820.085967547234,1.2
4608.144727429056,3999.6961160301794,1.2
1404.9652556043025,86.23550437222849,1.2
7732.0541164154565,1709.3022244849276,1.2
1284.4634775240427,815.2600814681476,1.2
7184.116632260213,3521.377507575034,1.2
6669.050241687103,7987.363084759543,1.2
8916.67950364005,8059.0249891879175,1.2
7155.888474282757,9594.918385977911,1.2
6956.757460739883,9608.666771153272,1.2
1048.5332263607972,2139.818627923179,1.2
209.5138558484755,3471.7106944308107,1.2
8010.867235590532,4345.897446928444,1.2
3052.0412897369765,2594.2736229719476,1.2
9073.62296976922,4211.269890968274,1.2
6265.681654499334,6570.268606631522,1.2
5979.50240420926,7113.354823074919,1.2
3257.1720490280654,4554.792690450408,1.2
6571.075349646608,358.2926787082508,1.2
4487.232305952704,9683.449357763626,1.2
8987.156880024588,773.769308654394,1.2
9503.28341861273,5519.504790850266,1.2
4793.3702589698205,1354.8668987033218,1.2
3713.6029199679933,6010.230697619194,1.2
2083.071221557221,2367.121054780865,1.2
5342.1819716020445,6543.8392058290765,1.2
9377.933624612037,9603.265222357826,1.2
1037.3227516826578,6248.60217269505,1.2
1459.9208184847623,641.3539675951973,1.2
6345.190947335505,6433.136980001302,1.2
4340.977695370665,2261.705441264127,1.2
4697.17632494603,9454.833939744061,1.2
3355.1510463554478,9997.226599116497,1.2
6907.493886450514,73.69759152274446,1.2
2170.56843776809,104.28860108971705,1.2
2094.2588613369617,2482.194345001113,1.2
3423.3208432714923,8737.72743235579,1.2
1620.471401436665,9033.885611758564,1.2
1414.9798157035198,2837.1966675640538,1.2
8361.18034393721,8008.520899707207,1.2
3844.5267893144696,9328.955273640377,1.2
5691.271829145799,7925.868710209578,1.2
297.9078390404366,1140.7331726446967,1.2
7005.253784502695,7530.910353969823,1.2
3216.6760355719002,5401.953215638097,1.2
6552.6227564012925,1758.759641492612,1.2
2942.911718376797,9491.149950567085,1.2
1661.0021708814038,3280.411239354527,1.2
5462.522180757787,6635.940119877819,1.2
4764.53828866502,6146.824228806039,1.2
1136.2989032498283,6464.428625309059,1.2
6882.575975477959,4847.511504344243,1.2
4731.29592078006,6755.893821503558,1.2
4039.494145186807,7441.609617839212,1.2
2999.9789844634993,3559.056915380957,1.2
2122.927605517495,360.2659588671908,1.2
2951.7129567295865,1680.8303265943669,1.2
6347.359023601831,9716.644350075605,1.2
6619.734163142716,3537.302462049492,1.2
506.1389863299326,4790.174307874357,1.2
1165.8962849758936,8584.547951324315,1.2
3556.4210307212575,1476.4995780347424,1.2
5521.482629488691,493.3522115646116,1.2
7209.10920899271,7714.672483085655,1.2
3393.6077308781964,8000.427630274413,1.2
5145.773488759906,7807.100415514351,1.2
5681.7027990696515,821.8223379029332,1.2
8900.889733425098,3694.308222055239,1.2
1414.3401023416545,8764.5085743594,1.2
6801.669340750913,4938.570982705496,1.2
9246.07715781615,1648.7820941438779,1.2
4916.588142819573,2900.1135676160093,1.2
3404.4505850811292,4187.009198564739,1.2
1728.7754873333272,5033.268606039991,1.2
9347.129855438958,7017.735925940404,1.2
3419.0941748819105,8972.63274450539,1.2
6823.39310315836,2595.167298715736,1.2
3694.3756510393964,360.9645083102142,1.2
3728.401796177979,288.5377059003258,1.2
545.7439891650762,9549.456748255667,1.2
8289.734430328292,6981.431201562801,1.2
7787.195842601195,6577.085902121288,1.2
3850.4225690358853,8361.693990484258,1.2
3767.4971784112076,4158.745484706808,1.2
7953.2108809763195,4462.432263497428,1.2
8116.84191507366,6471.804094458441,1.2
4540.8200001635605,3273.3596313274447,1.2
9467.948389169927,3956.719236622657,1.2
3961.8960536876148,886.8033634473571,1.2
2264.726849135834,1960.9839029820419,1.2
1731.9422993020305,2938.255140800854,1.2
4126.663871635354,708.5267704848363,1.2
9026.900101360485,296.1333042096337,1.2
8091.358277370946,767.2133406398784,1.2
7473.632073072136,2310.9330217343418,1.2
1728.0888090235246,7037.002661828037,1.2
7037.951797476106,7428.8710491924685,1.2
1005.8659991230678,9751.25455674462,1.2
3485.3109139656203,2776.3829581420273,1.2
6352.775606193754,7071.901616709224,1.2
1587.8383017485132,693.4949533581303,1.2
2582.751419175501,8102.731348870673,1.2
732.8094089095438,8830.353037400646,1.2
9364.089082670042,8912.634001741735,1.2
1008.6354693801492,1191.0162214385446,1.2
306.3111627549953,3969.6129335681685,1.2
1948.9195206968168,9746.78050070138,1.2
1819.3314190783283,9948.553209156444,1.2
8845.338871462382,5761.1546676759635,1.2
6358.310498089967,8095.645299562526,1.2
7729.308800126892,1139.5230753411834,1.2
4694.868698481747,5215.086877141088,1.2
1151.765879108748,3779.066748324239,1.2
4773.855369306615,8277.574215152381,1.2
7198.788307641176,1644.6673973328684,1.2
6931.441120511727,872.4960505862678,1.2
280.1684911743596,6557.547854957757,1.2
7838.063635617505,4532.987981282664,1.2
3606.5149255591823,9419.279147025418,1.2
569.4705935527389,1813.606765509519,1.2
8307.016457914982,2448.530666899751,1.2
7928.684333160923,1178.9294579755915,1.2
2465.991707278696,8750.95538590897,1.2
4237.15731510878,3611.2924461880248,1.2
6720.452310047067,6278.986724159192,1.2
7995.442556329891,2697.844542532537,1.2
1369.6189186544639,2116.0734844589247,1.2
917.3913843283776,4516.430326975612,1.2
9251.127986959127,349.82489275467543,1.2
2100.1872557381776,3041.6714520594332,1.2
1286.1572961554523,29.089387989033042,1.2
2679.846744095018,9278.260222529669,1.2
4197.984907684466,9463.568300505443,1.2
4659.748797324322,128.31806400933732,1.2
9560.770838704631,7753.454137520092,1.2
8410.676751533525,1950.4236581968394,1.2
5996.544870551399,5634.49495628366,1.2
628.5009491476312,8079.146530495449,1.2
2109.812099138427,1259.3903400779682,1.2
6425.492948375338,370.6006988036048,1.2
2311.729833288091,8484.765810110319,1.2
3729.4261414100083,9517.020288542055,1.2
9742.64102879383,6249.472912668475,1.2
7927.948367195233,9952.986002418325,1.2
2027.089713070278,2467.7561172707287,1.2
1794.6321145157417,6299.80478095421,1.2
1860.0718516420634,3137.3351322645635,1.2
7097.8580838092075,657.0718304494138,1.2
792.0595185281398,9355.804891463187,1.2
7820.3255723956845,664.4534276922686,1.2
5108.476357618379,6039.46316960123,1.2
634.249599752248,5720.659516848503,1.2
3771.8706743770404,1366.758077963539,1.2
6703.588325112787,5070.691334094101,1.2
424.6312432653165,1948.6116067907933,1.2
4965.393103937971,6839.357104975634,1.2
1795.091870022667,9649.190183508923,1.2
2029.0591578072404,9597.569044113274,1.2
3662.2691589005485,3349.2470858982592,1.2
7014.425160274948,6821.240870781229,1.2
9630.497679974864,71.22153373958939,1.2
4615.674444242172,8326.10297166799,1.2
2132.041772272063,3596.3417918193118,1.2
6478.712529554803,5194.083505586405,1.2
5489.320457693191,6300.41662291328,1.2
6804.4242349170345,6980.116644963105,1.2
9562.773765898084,2609.8702082764357,1.2
5104.863208533284,6332.551632830536,1.2
812.395183201614,1793.812237412028,1.2
3961.0142460870634,1310.4497135446602,1.2
6335.221535092046,3948.7856689349533,1.2
118.26861951427792,1704.1831418013064,1.2
6092.033171924712,720.3594603021169,1.2
455.1582416802702,9625.436385742352,1.2
2990.5462774219336,7193.278771827436,1.2
9330.007959563964,2836.0560570948646,1.2
5577.012964036572,3702.000958034338,1.2
886.3282843022669,4036.9917366617224,1.2
8264.622968918837,9391.232329457322,1.2
9238.784231698017,1415.7889317039785,1.2
7707.500557015948,7552.224990135539,1.2
4291.414225594663,4644.576526375388,1.2
4937.371354303355,1353.2837112143802,1.2
3936.8536899201135,1194.7503337743892,1.2
5159.685226897422,8705.47703471255,1.2
195.64023049264412,5387.39243461888,1.2
6495.811042468303,895.3682427992649,1.2
2792.435478685462,2825.953404103155,1.2
4696.018467535803,5918.291633773633,1.2
5710.004298997466,974.4499028151088,1.2
1849.6073639751676,7536.170318712505,1.2
5706.391940216048,5894.590325627589,1.2
3440.0767417182597,4890.143484969924,1.2
2458.7459316434133,8189.770973001281,1.2
4159.909540473237,659.6095309683714,1.2
5029.053523567525,8614.503053768753,1.2
5699.521707049,1454.566575741617,1.2
5470.638101986143,5104.817395616482,1.2
7851.4786945026935,1131.5904963282808,1.2
1764.882335219311,5582.446127939124,1.2
6772.492983029451,6185.6758354045905,1.2
4408.411891549734,5847.816709059343,1.2
1705.6435503819189,3577.235946860139,1.2
5271.194507711862,2783.910252169176,1.2
5754.167913883568,7326.284260460311,1.2
3675.081819268428,1357.4156163079754,1.2
3595.4782989145306,8980.834621973781,1.2
1997.8981264139052,2205.742038104804,1.2
9217.486387813862,2878.115873191853,1.2
5036.929259565843,2677.3785135471894,1.2
7459.203203161379,1969.4420853655793,1.2
6812.207814524446,3325.6973008168898,1.2
2765.93063856728,1336.0478925617037,1.2
9059.849062177966,8441.6469837435,1.2
5954.515219811067,4599.541945009126,1.2
4583.889816141867,7321.437533268985,1.2
7834.568245746492,6394.243810531234,1.2
6996.560863219892,4353.399700830209,1.2
959.9714998110254,4183.61238464033,1.2
9848.40241774545,9922.515461726403,1.2
7659.791851688414,4013.5142688909386,1.2
4116.05248396794,286.1480951920514,1.2
4983.229476968303,3319.3311009575154,1.2
3292.479237433479,313.15312923557826,1.2
7827.968610092985,7831.948791205596,1.2
8002.043124608555,1673.079983377257,1.2
9556.88468494351,7920.722362315347,1.2
5525.642370824458,525.9614735076856,1.2
4661.88583124922,3426.4330710976774,1.2
6435.635479053975,9496.463922117118,1.2
3347.8863648759616,463.034725520558,1.2
2415.497429446204,8743.17947544413,1.2
5451.28056824443,1270.5086263404942,1.2
7951.371714266644,7221.117501637873,1.2
4804.671914063335,5560.89979764492,1.2
4869.80884630317,5552.743382262073,1.2
18.656689008453853,4548.573906649377,1.2
9642.84269170885,5414.302208888635,1.2
4736.802604255049,1139.942613379702,1.2
923.6497085720141,2898.323466826838,1.2
7774.5210317381,4396.097051331204,1.2
9354.46555652758,9986.170447556176,1.2
3645.17801281113,3530.8902142211427,1.2
6993.335526047465,3589.4692023547946,1.2
4162.031140959533,1277.6811315486825,1.2
6070.161368580105,6620.3014363235525,1.2
770.658076489944,5462.036416675932,1.2
2676.661473683174,685.2716801580727,1.2
6909.318627362571,8886.224166976579,1.2
2936.9329918093113,4557.175551735372,1.2
6379.078300603187,5272.694669925048,1.2
3492.9008399051677,8208.571596303078,1.2
3829.938621155334,5087.804663514234,1.2
9924.874351395198,4796.338237618268,1.2
3378.5007777311116,1417.5280078058872,1.2
1992.0423632059703,3269.4039749534263,1.2
923.7746990030482,1022.1916776754803,1.2
7594.560790216813,6178.109645230229,1.2
3541.3604972175517,8173.302647333356,1.2
5350.545758245003,8563.174461275397,1.2
4172.489757523261,2930.070368135271,1.2
1091.2614579119938,6299.972344965031,1.2
1577.2194723418465,9814.029817255356,1.2
1962.4755671309713,6497.9702398317095,1.2
6892.392819864238,8753.973813541552,1.2
3607.166670605999,5728.711487680352,1.2
2860.7945094967035,1431.699780688589,1.2
3825.0232789739634,9720.844137869835,1.2
2834.9975945520546,8280.827836243443,1.2
441.50983615153683,1407.2816878253602,1.2
3507.423842102896,9853.800373857823,1.2
315.1899047246809,3790.8451570104153,1.2
7295.553762633243,7996.341229147313,1.2
4159.5257872670645,9376.050820132665,1.2
998.1131085878126,1369.8558201672217,1.2
4273.911400502194,3096.7924839583925,1.2
6281.206691758192,482.96019285046674,1.2
252.2931082913149,6092.5025998927185,1.2
50.53100197870641,9689.272828595862,1.2
3747.572450144021,8659.66449939909,1.2
9376.344515592153,1395.9241503795517,1.2
3899.126936392775,6438.201186081501,1.2
2734.032055415679,2314.694047581033,1.2
6054.324229217666,8420.24608733126,1.2
7396.579486173773,6617.2464676984,1.2
7621.0627140194465,1792.283478040786,1.2
9566.93215052558,8418.011249736412,1.2
498.8889950595232,4017.0355263800093,1.2
7299.824431672949,2278.267297737293,1.2
4298.560190989004,3366.6505846728855,1.2
7181.443706750738,4332.41672408619,1.2
6669.408079553101,2252.1457646312247,1.2
7675.274806687231,4097.35216011013,1.2
8866.569953870625,8739.968616465141,1.2
1229.069158992687,4939.210555674691,1.2
117.24643622598396,8466.081351313784,1.2
6587.2167371963915,5670.2706528448425,1.2
2338.753628845589,8342.560935228104,1.2
6073.957037296348,8418.741119894838,1.2
7421.845141966838,3442.402140617159,1.2
1524.8736448181533,5606.039696534727,1.2
4636.838181468441,2719.86155126663,1.2
7407.798361011289,747.9148888875964,1.2
2978.666720153739,7942.794338546187,1.2
3388.0660758227978,9837.840081972086,1.2
4921.273973610381,5383.601965723982,1.2
9462.345820959441,422.70387943972196,1.2
543.8825188999697,3900.5118268648107,1.2
6467.735784183661,5041.516718944002,1.2
5322.099993290931,3427.819621883954,1.2
4015.7440206336114,3276.3794013816405,1.2
5013.781274844592,9584.315537160523,1.2
109.33018867412048,1418.8300884636385,1.2
1878.0008220200905,9096.381132815499,1.2
1234.4163057023338,3323.091316549427,1.2
7286.049760582274,5925.422286622168,1.2
9289.857586045067,6769.644146800142,1.2
9200.801139744255,3819.1505665289783,1.2
342.3879685087305,4973.3788640154535,1.2
405.97066646877676,961.5673748650577,1.2
3246.317277662151,8706.468537037872,1.2
5044.65372802571,4352.272360242707,1.2
9840.104969243246,7218.434852304146,1.2
1177.5321031930564,2812.5661040940886,1.2
3033.4887014992264,7544.709054045883,1.2
4449.79070361206,9089.573345646197,1.2
7905.35865828987,7244.290127080387,1.2
7118.293117593865,9925.126586970648,1.2
6995.427637430705,1061.6399560870339,1.2
3478.718157165098,6579.5852073473825,1.2
4980.737726758343,3439.9643972486615,1.2
8508.444596582956,6401.950951516685,1.2
3296.2026293847857,2948.4506665459207,1.2
7677.564163145821,7266.416970675097,1.2
9674.248946841652,6030.292916090614,1.2
8083.67702437742,3877.2176315891584,1.2
119.41330161563069,7383.380276764031,1.2
2960.1738575846502,1233.2100762190855,1.2
7104.529218360106,9181.256836900191,1.2
3349.6740644018296,3810.2662237191344,1.2
4317.688047504348,7222.322176916579,1.2
6621.1780335037365,7796.452232759613,1.2
9219.424407581088,6366.841495665932,1.2
6715.334038679604,9945.091669785177,1.2
3170.9689779039695,5881.880121695247,1.2
5456.409314433857,8093.488642095169,1.2
9646.099504314658,8113.730238441131,1.2
8342.509717262441,1157.4607286633398,1.2
7927.547017858972,3462.4654161283497,1.2
8928.250522002665,1734.6044247844284,1.2
1387.1330819179373,4447.550703613448,1.2
3152.2364613147793,5723.246692238341,1.2
8296.48915634642,8763.968005475434,1.2
3028.3187442415015,3705.7508997736863,1.2
1014.5672010482665,6157.7632173716775,1.2
5435.879396684878,9677.533128573728,1.2
4532.417891269448,9087.544907446027,1.2
6044.815229188588,9630.49366799001,1.2
5925.858712195332,5693.760967832888,1.2
2970.404106436765,1064.869844741071,1.2
55.72452367189618,9533.069541550723,1.2
1240.6170633794989,236.04993539668385,1.2
7798.524342809225,915.8704631331605,1.2
2935.7035435863,9010.635507847868,1.2
7082.037059166127,3795.123973630736,1.2
6938.7069681912,3198.9054505857107,1.2
3572.2724930191453,4179.02758013996,1.2
2522.723048306892,5728.853058155766,1.2
3372.7946685334477,9055.121734777644,1.2
3872.912225629449,7507.878452350734,1.2
728.82505078534,9501.930274001683,1.2
1138.3192753171068,4208.182356942337,1.2
5047.720324097462,2322.609515113575,1.2
3493.1867052154,2871.023775989101,1.2
102.74444226558876,335.47055092591705,1.2
987.7534279087208,6183.665758864736,1.2
7922.276975401253,4158.643858955292,1.2
3517.7762897494035,2562.1866428797666,1.2
6869.9139066648995,232.28800633937396,1.2
5315.141834025332,18.193733125214663,1.2
3103.6359913515653,23.916112926331003,1.2
6942.871248489654,312.0487635295277,1.2
5412.80199989325,3629.4935436849205,1.2
8412.439890513806,6316.056868783684,1.2
8110.616383264027,3671.8495629519844,1.2
2712.7686485373824,4469.962382965798,1.2
1383.341208067136,9749.784218420897,1.2
7787.745587753613,2649.122573414622,1.2
967.6741677560674,3678.8677417049,1.2
9526.093975907865,5027.249155917556,1.2
1218.2279078800884,5337.206866895975,1.2
1594.8108466587541,9530.979897735791,1.2
1601.9875389138128,2798.6715949028708,1.2
386.9792798510885,9477.8548495998,1.2
266.39764135180764,950.4151992481025,1.2
7444.8690518072235,6961.954317274565,1.2
1958.8353689517967,8411.25375332147,1.2
1621.2886995598851,9600.801960249322,1.2
6587.827059096988,4733.229141926889,1.2
1892.17449152832,8652.741659468915,1.2
4944.449769356985,4350.811518560711,1.2
2087.5285473051085,4254.930052011573,1.2
9706.373228881577,402.22283508130283,1.2
7025.014075558392,8436.211740107059,1.2
2265.3164208257926,8739.333551092453,1.2
4730.525913872844,27.115701417239624,1.2
2161.0901239401505,3689.019032129425,1.2
360.14782699931527,4188.488414425423,1.2
5448.73776239667,7353.804169045401,1.2
6470.371873329202,2319.3230732908555,1.2
3152.5376203020073,5629.467384061969,1.2
2612.5984163859894,4073.319170940056,1.2
7021.616221370841,7358.610347782996,1.2
9289.311966256302,1064.3252652664203,1.2
8192.409054888034,3840.691810103568,1.2
5478.19641032996,4012.1630647207685,1.2
4540.343813907591,3956.97409864933,1.2
9448.973146309181,1800.014321466966,1.2
4620.409337139148,9912.645050478777,1.2
9892.543954217897,5897.31390434019,1.2
116.6446407986521,6963.538513579152,1.2
1290.3068643313763,8772.069722073633,1.2
276.24152282880067,1661.391075845584,1.2
5410.879286033685,1315.2040146969134,1.2
4180.8689949635445,6266.6370812766445,1.2
5549.847331252017,2047.7355464125312,1.2
289.2002324717202,6698.867376808162,1.2
5886.843207871792,7944.377108725445,1.2
3002.8455310263093,4776.541286072737,1.2
8744.815735158309,8660.021398245919,1.2
9343.984460539867,9009.890464133328,1.2
851.499421861408,4581.251238621039,1.2
2038.2170459298022,4283.064660104023,1.2
1736.0720427128883,6841.014189425922,1.2
3278.184796057144,2588.5206478271107,1.2
4714.9471976921295,5079.216135002109,1.2
65.52548299042505,6697.919517971851,1.2
9878.209272125303,46.95744893938425,1.2
5141.4274573256225,7516.806517328447,1.2
8726.410909296672,1420.9356869894473,1.2
5013.7159818601485,851.7943901809089,1.2
7382.232552473884,7260.506092197372,1.2
5189.737755730695,8160.2432800296765,1.2
6242.230933963449,2585.302411948592,1.2
714.8890101416472,4541.786875759936,1.2
2389.838751171711,1720.957127882562,1.2
6235.220860280824,7036.541546058957,1.2
119.0592178223715,1887.8169123597365,1.2
3965.5903104530375,1558.2256486805225,1.2
4743.326870628602,9796.171775082657,1.2
6362.001733190781,3055.9492812307053,1.2
4080.9640374214473,1397.6937941443612,1.2
2715.8235367736584,1081.1573765300143,1.2
7722.760865423777,6823.897983981313,1.2
3174.632077991776,7293.483706031379,1.2
9999.101501714355,6681.003982234936,1.2
2433.0403248645825,7091.791329013484,1.2
6357.740786603423,3637.841537258555,1.2
1361.7126676106839,3372.41085928889,1.2
8883.236717514312,5963.846611826104,1.2
6290.821175225288,20.433394016985407,1.2
3769.231642669151,2898.6334447065165,1.2
1638.370836432599,9468.024350790798,1.2
6545.773455703926,768.2750855636677,1.2
3765.6589765651383,4483.419145236323,1.2
6320.232126704332,8187.667709802156,1.2
7270.687701305707,997.437535964878,1.2
1843.8996863827906,5043.857009178223,1.2
5406.684607251626,8282.51870383877,1.2
4788.546442470586,2263.9965169416078,1.2
9280.024912391653,8017.45002623726,1.2
1949.7259752567597,1607.1162470820477,1.2
3341.6839316658175,9916.567871704066,1.2
1683.4936844714655,117.54312113015142,1.2
6029.258398991756,6203.407280866656,1.2
2138.484526843667,6213.487605076957,1.2
8243.762648602062,8079.96073467447,1.2
110.2457422713754,2026.1727319326283,1.2
9101.361636718762,1074.842006045209,1.2
6368.729358500121,6500.063159482209,1.2
558.5986783470343,3814.4082394139123,1.2
9664.260416998,6731.518174542428,1.2
5115.292796886629,4983.790567207533,1.2
2071.9164704422456,5341.820011937418,1.2
4980.196393906484,5709.966122409918,1.2
6646.195618905825,242.64034948838443,1.2
1624.0536014895213,6086.135551450408,1.2
5617.834699038906,2735.2463465324263,1.2
7092.849773198692,2062.339291870464,1.2
4865.665901804748,8400.750587043563,1.2
1192.4878928374294,7132.202313623505,1.2
4272.448894444037,5589.105468311013,1.2
6617.398689912702,4461.457442450649,1.2
136.463830196365,7788.025926354731,1.2
8786.208239166845,9242.834530154467,1.2
262.60142846002753,9173.879415938783,1.2
9002.56372637633,1470.209971755051,1.2
2202.032013473898,4972.917866730976,1.2
4353.664378455833,144.19167543241352,1.2
6054.311077447747,7403.484839453683,1.2
9875.458415775875,3341.2189881632194,1.2
7295.789953613092,846.864567856952,1.2
7324.184187741369,5174.603555774242,1.2
6996.566947151693,7117.528210430991,1.2
9973.345473372474,3680.954710161576,1.2
9804.316347368818,2949.0090961766145,1.2
5034.166933852189,9197.804309962934,1.2
1676.3144308176036,1499.3756954414982,1.2
1685.0761114570112,8835.222089959922,1.2
9537.071658290368,7875.342533653593,1.2
2531.1081037505123,830.9544864007545,1.2
2147.2416804259574,3088.3407029747514,1.2
6719.90336908526,3287.8917572234236,1.2
6186.985312424733,2797.821793859031,1.2
2976.90994502541,5079.716977000084,1.2
7031.061478668783,5561.4420824809085,1.2
4031.3462782638153,8783.337388488173,1.2
9620.708872329886,3477.03888711966,1.2
737.7626389115055,434.0791772004815,1.2
6629.606972988108,7728.758187711249,1.2
4850.571718151205,6124.914713222177,1.2
9052.931031922068,6915.812823021042,1.2
3274.025750577466,2151.4704886871796,1.2
3053.524590403557,8710.528629620108,1.2
9038.174574701752,3040.4356816338804,1.2
9178.698250009094,5796.024180958618,1.2
7724.096805739371,4106.762135116317,1.2
2450.4681096922086,9863.076931666159,1.2
1523.8865569639893,5471.251200754912,1.2
6696.990817366924,9676.695995705857,1.2
3027.388875475553,9515.512478468694,1.2
7849.554032727916,658.7387110482101,1.2
3835.8113958924678,992.649380004279,1.2
9070.987007851736,9023.62316833567,1.2
2632.3615547097324,5569.825920004991,1.2
9007.493173602557,3380.333280607848,1.2
5953.022741480443,1973.7195004736884,1.2
1716.3118791465515,7387.61815010165,1.2
3253.148170549488,5297.250751275516,1.2
8520.648905267599,9355.428069003989,1.2
7961.257719463075,5014.690517695706,1.2
8049.462276011344,1572.295327181621,1.2
8798.87856127683,1974.1311000350481,1.2
4710.699906920359,9350.502030300115,1.2
7192.407444299081,4447.646161093454,1.2
9969.961730726096,9271.165052268443,1.2
9452.951572761513,2311.23430717334,1.2
3280.2471887363217,6002.995735810114,1.2
651.5448962880965,1964.3330320432494,1.2
6415.968228641441,5816.279708622426,1.2
4085.19451688493,8595.257556806733,1.2
1712.1671648185134,4073.4774270138705,1.2
6811.571179666389,6794.751601825575,1.2
458.13178079517235,6334.2215956762875,1.2
9410.422756606014,1420.8901287719011,1.2
601.2569191853167,6939.1756337097095,1.2
8649.99671783984,4192.347338776857,1.2
5536.2790224717555,3054.8375279956695,1.2
7479.214094632132,4037.8016366304637,1.2
4045.891753856032,514.2265441279725,1.2
4439.164205572798,9974.906858487957,1.2
8770.57043956856,5260.42919147847,1.2
2123.584796805843,3917.266091804674,1.2
6989.2849941949335,2793.9042981263165,1.2
7079.96695352524,8797.056655531216,1.2
605.6421688051062,3928.1241435361735,1.2
8552.694772171764,7595.021389037663,1.2
3215.4166315059906,1275.295762705545,1.2
453.7601431945082,8573.782309017326,1.2
8749.949527671575,5119.355922262935,1.2
3166.8524684076338,8431.757203667365,1.2
1242.1879561990568,4149.795799476334,1.2
208.79105072267757,2767.292126848515,1.2
5115.941195084804,3126.935838547251,1.2
1034.8886473773366,4566.636079305366,1.2
4210.626149195193,1969.863033956013,1.2
7617.769170910455,3453.3426225626363,1.2
1121.04441256889,9561.627946688737,1.2
3908.954782618029,6692.054547926275,1.2
3005.246004855393,9338.3931026497,1.2
1036.350852160296,5126.453378858884,1.2
1977.4029613198518,4777.8106452875845,1.2
589.1042825727799,3374.883762426765,1.2
5300.849989464077,732.2269192356546,1.2
1349.1643699248123,7535.410178717449,1.2
4601.616476063727,9600.473528927007,1.2
8139.409157812267,6223.077927055588,1.2
9231.228851737387,6646.627974140169,1.2
297.00802765162626,9722.431349335027,1.2
9543.40527737023,8579.648252551759,1.2
8190.819201651408,8032.1112934713055,1.2
3490.1189805229005,9762.613010376741,1.2
9384.10808276217,3068.2067045867434,1.2
7181.389585731089,4705.6271669237,1.2
6039.733486173345,1958.6611544053046,1.2
3587.8231179326194,5921.5324190279225,1.2
3885.4595770992073,2810.3489113645073,1.2
2458.8377945607476,9671.12278925812,1.2
4492.247234690927,788.3313279809812,1.2
2845.677055887437,6772.103916352546,1.2
4668.775304887345,2682.474246621266,1.2
2459.764461189811,4626.791857876795,1.2
1328.6495956419442,595.6426098718182,1.2
8558.797760726695,955.1617537848267,1.2
9578.248965804465,3457.8122572414327,1.2
9527.406478298804,6127.818127313295,1.2
8331.449936428706,4396.106263496406,1.2
5336.493674311786,9869.190368435646,1.2
5223.760487765507,7297.459404892737,1.2
4933.276465197916,5964.991169963046,1.2
5877.552218928716,4814.939858368539,1.2
5414.455517095918,2371.8010811864156,1.2
9297.666085148627,6716.79453055092,1.2
3649.170312921732,4419.330088242002,1.2
8607.101878756364,3609.4198647748653,1.2
2466.224390053704,8959.989302911637,1.2
5095.052106137914,5356.234213728887,1.2
5079.65628001673,1074.9234243824947,1.2
2586.1479481849447,2767.1143626576177,1.2
5561.172352888769,8850.103372298048,1.2
7466.92817769428,9835.093598602254,1.2
8074.78662835832,2572.292166854152,1.2
2063.3052547865927,975.3285755958352,1.2
5508.918616426477,642.2271628475951,1.2
2860.0198549075362,2048.490531223267,1.2
9395.52680287893,8634.50796144186,1.2
2509.647937022841,773.7248350588111,1.2
188.22540331486005,77.05849648664942,1.2
2038.1053834367292,7151.313070769159,1.2
1675.3054722523198,1798.3825196763291,1.2
4305.356931369485,6178.729788507554,1.2
5523.170546193347,2447.4715114647706,1.2
4421.895925531415,8084.085430268233,1.2
6056.6964983509115,7664.342343078228,1.2
1824.125571283447,5054.821123461052,1.2
4755.272211975308,2149.591818101796,1.2
6510.629996843122,6721.639665869852,1.2
8461.605305474368,5690.026950305934,1.2
5238.404119378663,4265.1486835774895,1.2
3361.190576066457,3966.4210905060972,1.2
8972.991517533217,1211.1963281954886,1.2
6781.747816497543,4205.251226579272,1.2
1253.0764660100767,6248.040431114208,1.2
6534.455062442283,9557.254327121409,1.2
6246.490205675099,7570.276947020915,1.2
8289.340852067366,9858.36712462356,1.2
5516.982346681518,5086.7880555215725,1.2
7348.247574595652,164.23014271367276,1.2
9541.352013918886,9319.3868651933,1.2
7458.955032710861,2754.5410289519314,1.2
7636.101324424764,1103.3446603228658,1.2
3980.07048326775,7745.145692104735,1.2
6662.147260737992,1976.7130430117963,1.2
6267.796449411492,1133.6567925718532,1.2
4545.963499869189,2071.908673085474,1.2
6218.491945556259,3980.6266289522605,1.2
9947.54205074624,3055.7665376688915,1.2
3290.873968453133,1949.1680439880242,1.2
7543.431387341393,2203.521714723281,1.2
8999.334919558067,3609.4419627641782,1.2
1203.1542426392439,9488.564800383549,1.2
5469.556858006122,9177.697613517366,1.2
859.573293601933,6890.305170461788,1.2
3722.4095273468406,1803.7059888195372,1.2
8259.31592142732,8467.401682317224,1.2
1818.2982739432985,4124.172904194532,1.2
7239.462187178469,4562.838065524027,1.2
9357.040521461162,5690.3662049806135,1.2
5542.817500783819,9623.059439705186,1.2
8008.275810551133,9180.48342628947,1.2
3254.210522504939,6116.578064930743,1.2
5335.646147830926,295.41714073696767,1.2
4798.081664017454,3615.3872203872406,1.2
3297.83289458874,1216.4337293162876,1.2
8603.78897806872,6030.037603620406,1.2
2823.4350964020327,8072.976263777887,1.2
2420.2001862895486,6958.5346816220535,1.2
3195.8056394831956,1865.0147305680375,1.2
4681.764063428461,1209.1800457528245,1.2
7666.513213790072,5541.282626881335,1.2
6073.0205245242105,7364.177515620781,1.2
996.7048092977559,7751.426765127522,1.2
6722.8888834561785,9424.754237363333,1.2
2990.2338011610696,6233.396987832053,1.2
1505.8756855358845,5709.353404747776,1.2
149.9533031951461,744.6513493428231,1.2
5378.051785544588,1675.6685950233907,1.2
5241.251342059791,1844.297169917375,1.2
7960.622588061035,5235.817815829568,1.2
6708.749225455096,6136.028404425376,1.2
6799.520121240561,2240.705234490178,1.2
371.63429463736406,568.0139033330834,1.2
7137.492530318812,3165.4741693329624,1.2
5331.151629898983,9478.667873743949,1.2
9938.823370233173,329.402672262854,1.2
7353.880377579224,4194.353687188886,1.2
7683.327389512355,913.4391537911346,1.2
169.5617297644092,9617.80164261611,1.2
5316.549688797461,2961.9474739128805,1.2
6453.173403853306,3989.2771969292594,1.2
8322.640651372938,1693.1875549404363,1.2
6077.742741435248,6167.845170883147,1.2
4541.000819943528,8686.92954675865,1.2
3224.1514139214123,4544.034396094962,1.2
8034.165935002055,3257.4215445290156,1.2
9771.598439333957,7542.67967098328,1.2
4563.232132103987,7703.810256999403,1.2
6413.949672714101,9351.120118320596,1.2
7449.037435822096,5537.877723007675,1.2
7322.1425082646565,3553.252676790677,1.2
9356.560504962443,8403.746929544915,1.2
8855.918263449412,3847.7085792688213,1.2
7908.418796571488,1205.6364056324153,1.2
6633.238948518946,3462.473319546837,1.2
9767.555216480183,9011.195494058918,1.2
5744.18712133672,19.542911169161403,1.2
9598.218948452193,7080.991993322746,1.2
6219.893260337657,3554.395726065135,1.2
7867.364273409582,2001.4621564938318,1.2
4867.599804021877,6324.6221247642,1.2
4641.116216701389,2420.5434695642803,1.2
3805.3470108306087,3557.198143543505,1.2
3200.6213713037246,3368.0452917996163,1.2
424.1353272962167,6111.526213215295,1.2
7539.231888065485,4102.140810087946,1.2
9531.287469291692,9920.804014290494,1.2
1369.9236609269371,1993.0585742238527,1.2
6555.748313632843,103.43457191754335,1.2
6689.895357909416,6273.567722629443,1.2
4318.685167260884,7541.332574545388,1.2
641.1547857199151,5148.213121296333,1.2
7102.733646653677,5181.76320771005,1.2
7299.918406767028,8530.154075134002,1.2
4568.1615664452465,8020.491455627152,1.2
5064.056795418118,8305.898031921226,1.2
9665.861253196272,7901.551861087272,1.2
416.36383126043006,1722.0006497150132,1.2
7688.450266132403,9312.183308802667,1.2
3573.9221056403057,7360.570519841321,1.2
4756.758711075943,485.4100650749782,1.2
178.96063990848089,3218.8926828762264,1.2
4245.913500876769,1081.019288930476,1.2
804.5546056065311,586.6147666558575,1.2
4194.669629696168,9837.238164299186,1.2
3922.2673024362166,323.22945942695804,1.2
2582.630058707555,1064.7694407552033,1.2
256.3637565813437,2999.178709706316,1.2
3843.4134195273873,8322.347776330509,1.2
3210.2008946080487,4901.542497397048,1.2
932.6694443902705,4106.346781356787,1.2
4127.512838564458,170.57156577454546,1.2
6346.53014748314,1766.4255173374465,1.2
9757.993343506741,192.57096917736695,1.2
8874.401871099726,5338.261371737341,1.2
1874.2549832376576,2690.371801691649,1.2
4068.4228388108745,3452.736481094042,1.2
745.4478621621885,3949.7741509763164,1.2
1030.0216261180462,43.48139820081642,1.2
1853.365069557361,4019.8313303918976,1.2
6637.117331988453,5101.44222328724,1.2
8480.86923808769,6189.267271712057,1.2
4646.15385139576,9181.345840523398,1.2
6859.790948846259,5094.493880649985,1.2
4339.1122720824405,7505.285277222679,1.2
4043.8861349484037,2728.458620247146,1.2
3352.096225072935,4534.956471721097,1.2
1665.1364358015974,8658.181466448495,1.2
4914.9579897488,7532.530543149926,1.2
1045.8106623809904,7509.8945522198865,1.2
937.4135505164394,9168.9117276197,1.2
3953.4300254858945,2820.2509279838428,1.2
6236.687470155327,7506.047537517246,1.2
3776.785371821084,7500.14528245203,1.2
8.593284333451301,8958.718371786224,1.2
8817.42933976441,5642.106675974415,1.2
9195.373328056252,9318.54287753784,1.2
4266.697631558462,521.8820154968129,1.2
8888.46955325063,7051.718010529056,1.2
4948.046617572705,9089.752682103697,1.2
680.578504151782,8157.462491865751,1.2
1301.775504494943,4796.931593788961,1.2
4551.060208576599,2786.578097179885,1.2
5207.173793246887,4579.090467148654,1.2
5600.786377717785,2239.734687140361,1.2
9781.924554318577,1732.411523277101,1.2
6307.356260155702,4123.242422492483,1.2
7981.781577569573,3212.157495845518,1.2
6082.856534950215,2049.250783122335,1.2
4254.03354677166,6253.588317558587,1.2
7184.630522590374,3814.8842878308287,1.2
4838.599804636461,8728.932319294661,1.2
2425.227014980641,2403.9001088138157,1.2
5311.2382980725315,9070.313059334869,1.2
2855.442354647988,6228.062644342835,1.2
8626.303770516395,5390.5033630935795,1.2
411.001534608737,1641.032535355129,1.2
1083.4773395072039,4955.463809699021,1.2
7671.60045428697,7554.421605488675,1.2
514.2870888388429,9303.368395445294,1.2
7757.165386439338,8124.364080569677,1.2
91.38942616912283,9074.00451636475,1.2
6183.1211345683405,3292.706204927065,1.2
8187.09332738458,1349.9918743684468,1.2
8985.85722981517,7239.983090982225,1.2
9856.115817551716,9218.298629371273,1.2
4967.449224367584,9742.279506061008,1.2
3523.1892577039357,1369.3320290328493,1.2
8670.84994472044,4786.255706162889,1.2
3968.817457237722,9217.229098625134,1.2
6436.572191766988,298.4203516826855,1.2
204.53313165591402,8552.15190847679,1.2
8080.845429893986,5501.044130687342,1.2
4296.133020191586,3253.9349295069596,1.2
5585.465225030942,3964.3784779334446,1.2
7791.112901503947,3662.66179800402,1.2
4025.5712355176997,3455.28015409549,1.2
9079.949179108773,3501.038044424293,1.2
6499.69610986605,7630.220781494763,1.2
7272.722271507035,6324.947448057516,1.2
7795.610399847863,1548.2873148040433,1.2
3507.2744767573095,571.9386175706965,1.2
196.5992029992103,1009.9559426355597,1.2
3585.5856952945987,6966.786882284804,1.2
3032.2545134881416,8219.473623790383,1.2
9190.619921812826,1394.2015135759323,1.2
2533.9692992403197,3515.9261464163915,1.2
2411.5477122524744,3762.5060538440634,1.2
9099.231472801608,7946.085796317918,1.2
7768.153504756296,1926.2215704694208,1.2
4297.658769706628,1439.8929465750998,1.2
9217.90357758227,9880.518016431457,1.2
7076.996787201036,8834.094738590646,1.2
717.6942249936435,5862.639241475496,1.2
3220.8111033207774,2278.322926613109,1.2
8451.195624531088,5874.304247158611,1.2
6356.92949111467,6348.712070191636,1.2
6153.841336703682,5876.132934230335,1.2
8083.144017049184,9685.817923051532,1.2
6364.380890837869,2864.721220101387,1.2
2674.2006928815545,9135.544028233167,1.2
3855.5460233648278,4846.767998254251,1.2
3449.5775928694193,668.1173020296127,1.2
2003.2974767763324,6372.432429324599,1.2
2602.3188088012207,9148.725104497422,1.2
6727.030290986542,1926.58885339416,1.2
8483.657854171914,6681.78451813065,1.2
2027.750613014805,5376.20311925097,1.2
7711.335715509462,3918.780143470213,1.2
8310.992857287541,3501.9814747728437,1.2
5392.570650035795,3677.5344698042454,1.2
3724.631738451298,9322.843226461831,1.2
2031.817842559851,4716.265637360217,1.2
1879.256581799844,5560.806351983057,1.2
3237.054613104852,3475.580473223776,1.2
723.2937282609797,8036.923745922604,1.2
1932.2057210876608,8084.119687469575,1.2
9187.81311283339,5943.583576218058,1.2
6135.976739950241,640.25536425797,1.2
372.68988528439405,3893.2410725237596,1.2
2741.4848204267983,2663.1380853050246,1.2
7233.0046038023065,3142.1597633473307,1.2
9340.629801063826,5262.285983329024,1.2
3982.2308321425016,6550.350364579981,1.2
7170.424341998045,2551.411416856688,1.2
8154.65104690317,3331.788110251388,1.2
304.39036469284366,7812.644418308454,1.2
8266.767174449604,5836.301250138337,1.2
4780.256942119517,5940.045227502221,1.2
2807.2833039457514,6356.986594097685,1.2
5941.442686861492,4605.259049088085,1.2
631.7712391037956,4498.488447132642,1.2
1670.9761140497826,1194.4957281648283,1.2
5338.856571517908,8906.455908712385,1.2
5831.593676319418,5058.33311916768,1.2
2252.9304783092507,8033.143824742509,1.2
7461.418589727019,2808.0297371899665,1.2
7654.451735949821,1063.335297516299,1.2
3537.492865140427,6844.50018197943,1.2
5948.593916527098,8690.577545824619,1.2
9791.388284626319,6218.587892959873,1.2
2900.678995765267,5830.933500231731,1.2
6251.397492551437,5607.476233443183,1.2
3188.942838517075,6385.99429005812,1.2
9235.323181857819,6953.651034729398,1.2
4648.513818237966,6009.906743899013,1.2
8603.862209682375,8963.188390168734,1.2
1821.36278225144,6051.310799827945,1.2
2839.1495246556497,9071.419206571854,1.2
2819.0431676324934,9992.100079428747,1.2
5764.55513298616,5324.036830132789,1.2
4909.990490941089,9904.673732480926,1.2
7550.1584997781265,9353.609268834689,1.2
681.8329769779552,4995.901846870381,1.2
9274.261545304405,948.148911213963,1.2
2869.8022509560305,9505.90152478097,1.2
5487.721469214998,4978.319269699341,1.2
5275.408851040959,9570.316860526116,1.2
4923.076235712998,5003.8632207252385,1.2
9520.440668328016,3269.741452619367,1.2
6096.630901033141,6298.574106545842,1.2
4166.660032319013,7022.149550095866,1.2
4376.373838111266,6726.044862191283,1.2
2358.8382145652176,6700.487365318219,1.2
9805.825622611772,7171.6971535910125,1.2
7534.416730325719,7868.2607951669925,1.2
2913.196463902131,5190.779267553545,1.2
2916.338368695629,6050.971605732277,1.2
7244.164923026568,8464.036803988776,1.2
5044.026181420679,7797.769591065579,1.2
402.3509546562432,9670.072433674308,1.2
5102.0636100919255,668.1469551387254,1.2
3759.1330011167433,4895.660141095933,1.2
7513.978375560798,3721.2160771851886,1.2
7201.79108845585,1798.86082084587,1.2
764.6551867205353,5542.359224801463,1.2
8603.670511526716,6328.4022739568945,1.2
602.4035016238238,294.2495811860879,1.2
6590.971273212639,2350.9331731372063,1.2
680.3058556446906,8733.573413842912,1.2
6995.173409670539,7091.957465193216,1.2
3739.2677219266934,5290.537056823094,1.2
2044.739633376852,3841.1770072432882,1.2
7894.460905147413,8756.683048673269,1.2
9816.511850588933,9436.458074458975,1.2
6100.450603959832,9203.451064251161,1.2
4815.266272493721,4436.744011942328,1.2
5028.482409893512,1208.8784685621868,1.2
562.4317847130523,2851.2168637424475,1.2
556.3907218321207,3387.3151337003746,1.2
2436.81517080687,8493.103328801937,1.2
1135.6223079377837,70.89758246775158,1.2
3984.4593581916542,6558.509998877223,1.2
2084.2054989960156,6432.611553910257,1.2
5734.011124271941,8990.651690714638,1.2
5459.287960617935,5.5947296770220145,1.2
470.968812876823,6370.395481914141,1.2
7462.389574121966,7941.339185420624,1.2
26.966501281202593,6962.431230912252,1.2
8505.87828325767,3301.157849711941,1.2
6066.062320310099,9549.66285056134,1.2
9030.082821426948,7029.995969583018,1.2
1908.3336946791585,6874.274553763878,1.2
1950.4827891702748,4877.993894514161,1.2
965.5152398622713,862.1685002120882,1.2
3405.459087341066,6119.950040206081,1.2
5791.424157387311,2496.6599524052303,1.2
715.8327666761987,505.62426545580854,1.2
2263.620607395752,8971.725712278594,1.2
4628.334181849019,6368.644435582509,1.2
6944.63239384828,660.1894565845868,1.2
5002.537476465747,8040.654163648452,1.2
5006.730790986477,3570.0864939968524,1.2
3973.9801753058,7173.371794299732,1.2
828.631164166248,2321.6569277226818,1.2
6401.755219185959,699.7322230244529,1.2
5281.447907240785,3088.5395218377175,1.2
2340.1465034104353,8034.638559983804,1.2
8337.443703761908,206.1520476830203,1.2
2223.5586014230335,7950.360106686879,1.2
9106.240386122612,6611.440452241185,1.2
9429.116168236176,2158.678928992969,1.2
4867.896078873918,8569.304096513251,1.2
6817.45203858658,267.1574738147553,1.2
8063.525731372656,1270.5730170869545,1.2
3238.117691679152,7541.124464520206,1.2
2602.5910761322025,8538.596349037842,1.2
210.5195558170103,3299.114224128341,1.2
2169.6011777272006,2791.440294914618,1.2
7122.715414517165,5079.544470049101,1.2
9749.286303250077,4195.630605287765,1.2
6880.361869590749,8622.462003643786,1.2
412.27585726407614,2785.055274771584,1.2
7997.38961954606,6778.702997369409,1.2
2519.4215418313006,6460.50354003458,1.2
2085.5094274274356,487.58523032679693,1.2
2080.343338962506,6019.437559326238,1.2
5763.0796489046925,5826.194791380786,1.2
1001.9514910470007,5872.900069422538,1.2
266.33354743751056,2816.379852467161,1.2
3269.0009202723368,7639.789853934393,1.2
6921.888356288117,5025.890608010606,1.2
1760.1498528439697,256.01883381828117,1.2
9500.287258676735,819.1933515418781,1.2
6223.48140652644,3094.506469205709,1.2
576.0399639364832,4820.445757381746,1.2
3239.685624403673,1721.37294279344,1.2
6778.368384027787,2050.4943954432797,1.2
1293.5125988426278,4613.0641403107675,1.2
6753.595415886641,2700.3113026929095,1.2
6183.216841385331,3386.5493453898544,1.2
9822.20156381089,8294.035683115011,1.2
7068.634496940395,6363.838539215175,1.2
1617.3139325286622,7524.310301757126,1.2
4997.198769789784,7188.345414858291,1.2
6954.760738005489,6876.359309938739,1.2
2304.3792051102564,3246.727602048812,1.2
9921.956414601502,2573.555944272614,1.2
2579.901494655861,7272.538317846335,1.2
1309.921897791607,5687.22536974535,1.2
5696.153282895696,5067.946632962789,1.2
6154.19318920384,4259.767463827765,1.2
5352.868444243044,2686.2900342100747,1.2
5698.209447600001,3149.4558467286215,1.2
2512.9364782566176,2973.8523889973776,1.2
886.0645369726417,8518.64469580797,1.2
2519.24451859736,7532.256395656352,1.2
4660.082999839087,8706.347608605372,1.2
4898.2442935757135,1487.0176842453463,1.2
4776.019477533956,4526.544632168795,1.2
2416.3916946583217,9810.644878064015,1.2
9205.14410849457,9147.303924338004,1.2
1481.3755065800904,4560.691638132518,1.2
3577.5721313879594,3890.565592317522,1.2
3613.0771161396724,266.00454326676794,1.2
4676.7463813104705,3058.1987260100905,1.2
5734.960891811726,9425.494948167776,1.2
4287.620395529089,8295.72296448954,1.2
6268.797050722853,8155.848202578974,1.2
6752.8175435477415,5583.146034722263,1.2
216.87807103570879,4102.562349407688,1.2
4883.886546870452,82.32709732439835,1.2
701.3581514505918,1273.1565998941596,1.2
6463.836186330753,4892.648725594088,1.2
7875.7228745375005,6744.97539951459,1.2
9260.080167654225,9307.152858093174,1.2
3781.952224305556,3877.338815817235,1.2
5338.310091099503,6060.187628850413,1.2
7269.8918125357495,2404.794279461332,1.2
2646.3856441529165,8895.876793947185,1.2
5700.623502875801,3212.851199484208,1.2
7187.358898687067,652.5896506028639,1.2
1771.1394533995528,8014.20728428564,1.2
4267.156120696136,4606.273247702355,1.2
5687.068759046544,4156.510522126022,1.2
9142.568189692101,8880.48157623017,1.2
6587.9272134365565,9466.543485351822,1.2
3324.4206701356247,6076.2425418110215,1.2
6266.109502791236,9716.955707321227,1.2
6743.024081528587,7822.404129579343,1.2
1760.7588665539188,6704.175436325825,1.2
4830.6694771104285,5007.104504865879,1.2
1562.9346839862624,1238.7863971860124,1.2
9687.463334966087,7415.470941467593,1.2
4364.626485131367,1673.2077357903274,1.2
8638.18063299561,8472.869824658437,1.2
2469.042381339557,8472.550242468697,1.2
7277.60021790933,4427.171568512742,1.2
9557.995789378732,221.83077730522305,1.2
8837.245555379865,9702.777608155851,1.2
5312.1170510266065,8895.197456724929,1.2
712.6539919761876,1643.5712650562596,1.2
5144.075689498275,3990.123670894067,1.2
6769.046506264379,9994.150696884226,1.2
9502.33263861781,8980.606415322882,1.2
7727.706491313247,5787.242547472792,1.2
4741.454831411697,4202.593916718106,1.2
188.28467272341553,9348.559616215134,1.2
5228.056162209228,8507.412293297904,1.2
3654.875266534906,1513.6930183900843,1.2
4471.123386415081,4840.450812053111,1.2
2307.8905341922573,2591.454914650951,1.2
1025.7410914357079,9286.490698012025,1.2
3539.688715251209,3310.2713636970307,1.2
9345.754185146954,8404.779236840497,1.2
591.0604539030239,1617.6659807926185,1.2
1211.2598159241084,975.0277063206913,1.2
8610.301052112172,2447.9947890363574,1.2
9116.74123034974,1435.4994413832055,1.2
5892.283802404976,6054.653195906264,1.2
1531.6014112002397,9089.66627217361,1.2
833.8881067829951,2548.788259556366,1.2
2597.0386398292044,380.57627423990215,1.2
6045.214224098011,5682.376261517254,1.2
7859.783569846558,8264.983264337763,1.2
2014.7174394263334,7988.560026242009,1.2
8008.2111763445755,6542.970782029258,1.2
8199.297984364039,9911.943933165116,1.2
9151.340539747613,9022.845268488058,1.2
3993.4113432157023,4017.8963980991944,1.2
1776.0268837074923,8698.159670007766,1.2
4397.594946752698,4263.983168183169,1.2
239.1034571299888,8248.458140932515,1.2
7541.346048371976,5697.122598279808,1.2
7684.61907819467,8734.460241790877,1.2
8430.238776038626,6452.6776606209005,1.2
7573.250407889791,5507.559127471411,1.2
7095.837050221629,301.346399310809,1.2
3344.8569933048534,6489.604409086985,1.2
9784.54928306228,5395.876706461185,1.2
5407.359489548681,7162.975576638615,1.2
4827.06689521682,3990.075066856361,1.2
9215.404002900397,9646.162869241032,1.2
8275.09746253103,307.97586059943205,1.2
299.48579514280203,8889.18333316271,1.2
4054.667566768425,1953.9317729816207,1.2
3262.583907345785,26.11201968295007,1.2
1648.1952107367115,2145.110063282312,1.2
7111.356599844247,829.9178610627778,1.2
4923.524784704779,8223.634665159081,1.2
3074.9199780435333,4733.3206739255575,1.2
5181.120397846424,4780.277087465319,1.2
2537.522464985181,9426.527052209587,1.2
8130.340177123683,4869.390406651018,1.2
3405.5533474801946,8482.325498435413,1.2
3102.023818781621,2411.2184270735015,1.2
3244.036236374257,4248.073819287178,1.2
2800.898826378052,169.27305380175173,1.2
9669.560323024443,5347.982703508891,1.2
3030.3175841428156,4041.900291205729,1.2
6642.378427640055,2878.384685957457,1.2
7455.050445429194,5312.3710532471905,1.2
8219.386583657733,839.3319105106278,1.2
978.5907915096892,3938.923037863563,1.2
567.3724054714858,7520.727408429671,1.2
4921.326649693918,4544.665808316465,1.2
5253.427427281979,576.5108176319089,1.2
2692.702108736309,9600.398018144202,1.2
5735.5452143632465,1970.0320565807417,1.2
2473.056760811885,4524.684328877265,1.2
5961.343735739344,1016.3516090505486,1.2
7256.611317345657,7006.374959623664,1.2
99.40540570233303,5092.87471266936,1.2
7540.573768285545,590.5639088072401,1.2
605.8199926535946,2960.70819472831,1.2
9903.640680491812,2979.977692304723,1.2
5947.87737301733,5325.117292436213,1.2
4313.806243312316,6910.6161584205365,1.2
8907.1545882864,9359.011545256439,1.2
6658.134021395435,4962.327067729062,1.2
9657.275821315001,2778.1447566957986,1.2
781.5921381467206,1091.6986473609702,1.2
5332.031029241705,9033.840136515442,1.2
2597.3216158738323,9782.739502034892,1.2
8756.992151448054,752.0016495430737,1.2
1409.8154714438915,3671.357335718407,1.2
6201.623690786673,9629.016236603225,1.2
9682.423240689846,3195.1794166893455,1.2
4167.706743819547,27.498873370137566,1.2
7275.669302429975,5722.468132072077,1.2
9785.826116737795,3013.0263135246983,1.2
859.179323904381,9088.647706437154,1.2
3554.0511519686424,6981.456184205548,1.2
4094.0812578061145,280.56576474990715,1.2
1757.3879644363121,7650.212796886252,1.2
6758.122393213892,7991.167983056977,1.2
391.03589151366134,2431.9370167593293,1.2
7992.5961266156155,1026.560687736463,1.2
2572.0645687717792,6124.707252143919,1.2
6898.51082934233,2375.051531572053,1.2
8942.37528372711,4965.785703613452,1.2
499.00634619101214,5673.091402765144,1.2
3202.2443117579837,8460.712780327158,1.2
4744.92430789941,5318.309624822204,1.2
21.032435182001265,1177.5336706839978,1.2
4364.888420420207,5406.28764762979,1.2
2341.2084873203307,1823.7640107230445,1.2
1769.3073324464103,6958.244080036986,1.2
4703.997210666625,4316.698554525359,1.2
3776.519362020441,625.218870648312,1.2
2541.326392840091,3301.729323807412,1.2
5580.199003958423,5842.541531111175,1.2
5972.621370998725,1817.138655855789,1.2
1582.0133947990623,7583.718277229648,1.2
6476.384513688514,7490.957525554207,1.2
6686.411832165781,2235.5234684440115,1.2
9149.092196622612,5951.84113860713,1.2
8602.446466539655,8721.751017842327,1.2
7.496577106949065,8294.640095845736,1.2
4225.744459538065,8301.842408937744,1.2
794.7234002923798,4092.4754998284684,1.2
4432.337831856969,5821.085154991827,1.2
9838.88791475168,6998.891873590456,1.2
5047.759630903998,5830.882378825501,1.2
7925.590110596189,3273.6039498969426,1.2
2198.7346514137075,4376.144759201547,1.2
8456.523995111647,7688.309387785834,1.2
3558.268555932845,7879.639373669325,1.2
1910.8190599130826,6199.115638520938,1.2
2931.0658231362895,4633.42712522876,1.2
9130.263198821129,4398.8949086449065,1.2
7805.78519544026,7011.833243707619,1.2
8185.1434008031765,2800.037659574178,1.2
6817.615611431727,6579.512409452085,1.2
9863.98837007268,1272.6250757056878,1.2
1850.381758779953,8438.78847459016,1.2
5201.812952922885,3865.0288021080614,1.2
1864.640940633998,2769.873819470888,1.2
1542.1033266759487,1690.4510545785922,1.2
1036.5882445287366,1755.19198042826,1.2
8784.696038596428,1582.3045520588985,1.2
1197.981232100055,5235.438331518471,1.2
5123.625144180435,8199.624626388097,1.2
7421.807131501215,4226.60396577731,1.2
5705.428931868945,2489.5953739221954,1.2
8303.88910380036,5772.25524099539,1.2
8267.142362127619,5349.569488769132,1.2
4391.287253773845,9790.358409154776,1.2
3355.3870121461528,1399.4646934435518,1.2
1138.7599911014445,3906.5506932139415,1.2
4650.441242535627,6342.884053573576,1.2
6400.749224936486,8546.096157599803,1.2
9116.372965489742,3003.7895325618615,1.2
2669.982112890588,6324.397901327021,1.2
5791.663095226448,1273.9480816363903,1.2
9877.696976215506,4199.279041571823,1.2
6230.200750012219,4926.099434979572,1.2
2818.750165314571,9233.530132124632,1.2
165.88713131328038,9087.377992930555,1.2
6643.666557671082,315.82098752105156,1.2
3184.6491295904243,8748.794050646635,1.2
5450.02077901877,7770.435580540144,1.2
1946.5123057942458,5946.148531414603,1.2
6463.993483490998,1879.750417337983,1.2
4895.199820463801,7832.903164828803,1.2
3184.2994388911015,7565.128702158953,1.2
3438.1760189174406,4110.857958665096,1.2
8903.60356025962,9578.93136874933,1.2
5659.150125537241,2399.9000677525282,1.2
3250.720709577437,9083.18175008662,1.2
7124.717306910352,8790.15291260165,1.2
3280.822971234968,8683.028256772674,1.2
5613.962932852541,3592.241956621982,1.2
5683.5526882803715,1894.0490196606397,1.2
7747.008745418662,7882.679307447436,1.2
4999.093028742903,4101.717659555292,1.2
3980.727283292337,8425.560813855169,1.2
2786.4717588366193,596.5497165137945,1.2
2506.270378390053,554.0248344930354,1.2
3476.2675852030866,8391.556431395999,1.2
7232.872289455906,407.1270574963315,1.2
637.3994551937168,7565.3847970746,1.2
1836.5242055107167,6214.933589827463,1.2
4581.223656581721,2818.422608421172,1.2
9995.21674618668,9859.713154361378,1.2
6798.224366988788,2044.3389488858143,1.2
3238.5602814236368,8681.278766160332,1.2
2523.177700886904,7259.196425363356,1.2
7635.406102213701,3872.9471398401074,1.2
4496.4690973770585,4084.646213744161,1.2
1311.0503822039655,3302.131271829173,1.2
1208.4477328484654,8480.215507226176,1.2
1445.5264192590223,7797.798057457274,1.2
5993.104430118144,6947.830963193612,1.2
8302.504280607945,303.28090114247306,1.2
4058.844607541371,6624.877449084757,1.2
9409.059495170291,8372.426720476873,1.2
2035.193847389276,5699.948904073209,1.2
2792.192683420799,2768.504127212338,1.2
502.8292250569755,7234.905845616978,1.2
2301.0622329023245,8102.365675208455,1.2
1991.873078278249,8372.998646988557,1.2
4139.236464825954,441.9274154648056,1.2
2455.9401356517474,1856.1926425944953,1.2
1146.6237885015828,8751.17260597742,1.2
3790.4556233053145,3572.0789099183626,1.2
2162.2668726837755,4061.8158421628345,1.2
8546.985724747961,5599.7931211698005,1.2
4113.875071669057,1946.3263324480095,1.2
4637.584889741789,1498.8808768576844,1.2
7301.9116549629925,7015.464962617317,1.2
1672.0482042783924,8813.082391669304,1.2
4738.645380563113,458.548814901546,1.2
6513.441790638258,5752.436749518276,1.2
5750.516056572335,6618.42905187321,1.2
2050.664370557088,133.84608644516294,1.2
229.2992946211203,943.686846251982,1.2
9588.53081115851,1564.510638515133,1.2
838.4367686680572,8223.06073786623,1.2
5245.311215932894,1602.8838336041274,1.2
797.431861756821,2469.6546621681446,1.2
8485.912773035872,5441.652411703291,1.2
5428.723635227268,3587.7879215949947,1.2
9813.619863205618,1790.410096097158,1.2
5032.729308771381,8820.285694915832,1.2
4844.614693996216,9468.555482092412,1.2
8074.942802277384,2006.1751044862986,1.2
9662.464013931478,6577.196195199353,1.2
5499.081442024884,5195.169074525915,1.2
7437.985996596731,7695.82591888597,1.2
6696.641334451001,7081.606349139768,1.2
5988.257761277186,1265.9215397435264,1.2
5044.905320917375,5372.786058778267,1.2
7289.973302254514,5916.4216921823545,1.2
8493.400037853182,2999.0118522905764,1.2
5756.254093704581,2382.2145807688967,1.2
5547.500077947538,4896.166030796795,1.2
6181.73904551624,7236.4015440829135,1.2
3685.843392898508,480.3452267666142,1.2
2479.1521163921248,1591.0038338649547,1.2
6257.198837615784,2968.3043543504295,1.2
1325.2089805357336,2251.7735021645904,1.2
6883.8425505666855,2625.956298055807,1.2
6102.709802423437,9764.8066017641,1.2
9833.575930016345,8305.412645154092,1.2
619.1453475376485,6837.93501224473,1.2
9018.304255823923,5473.574285069479,1.2
6167.7122283750505,320.424216532379,1.2
2013.889381026941,4594.051271132284,1.2
5791.469006039481,8154.225744830072,1.2
4589.774791713472,1322.1252937098793,1.2
5442.092148504166,2002.8808092636973,1.2
2258.2516435939747,4251.29002333814,1.2
8721.218416814536,2490.9504584520937,1.2
1293.5940966937653,2805.677522184339,1.2
1905.80497259198,9780.008678513996,1.2
2335.0107463782365,7553.120717473176,1.2
1988.0148239063922,2135.1969817382555,1.2
7889.362013506352,8788.595319266453,1.2
1478.4674068224924,1949.5525185535366,1.2
535.4613745577252,9167.27067834015,1.2
9791.690591336675,4790.944512981774,1.2
4568.631356265171,3000.4673144363046,1.2
3257.909894519961,3232.5047231615645,1.2
1413.798298097323,1441.4214254197766,1.2
8814.521155656848,4901.408170313098,1.2
7857.404383070583,6739.983278574271,1.2
1611.733808478255,3904.4561180208725,1.2
2685.6248635621305,6847.935178851147,1.2
744.0349906436195,2398.5737929935813,1.2
3507.0900190310485,2340.7324504671756,1.2
3029.044757478996,9187.559977492076,1.2
6714.603657605829,2737.2080006313627,1.2
8255.699046276315,824.2427614482228,1.2
5899.906557618016,4901.539373807547,1.2
3818.2346200993125,5104.891162118527,1.2
5258.622498359915,825.865101947566,1.2
9914.341087651523,2601.345923833345,1.2
9295.706831156784,5931.584447932138,1.2
9668.212319511462,1360.4764077138298,1.2
4424.235012619637,7167.565467744978,1.2
9024.00780907157,397.4238846490397,1.2
4060.7928656577797,4404.809361071659,1.2
7662.672553234138,5816.9384178893515,1.2
5578.973992879206,323.3130502374848,1.2
9685.488507063494,8540.37352574473,1.2
928.8156957828276,8023.453100100211,1.2
4496.212330644424,3895.90460170685,1.2
3620.0987361784496,2637.2767253695406,1.2
7684.614683318111,8460.387107690933,1.2
7394.2627279417,5806.187709403352,1.2
4769.061899190121,9646.04688889072,1.2
9389.632209836705,9033.659935743986,1.2
9365.424483972547,130.63388031995692,1.2
7912.360465824975,9660.267405453178,1.2
7816.174102259213,1238.0959472913055,1.2
5603.9029054283765,4430.358913761009,1.2
9507.629673286952,5657.026890065142,1.2
1503.9608805636096,9839.42705559668,1.2
4404.466509146659,2765.67421388336,1.2
127.42670989421833,2351.1414837545785,1.2
4073.8428224481704,8989.16181225779,1.2
6317.3890535951305,9895.333577724237,1.2
6754.8681024117,980.5863386147429,1.2
9137.901617884818,9356.635905604418,1.2
2142.528337757035,4457.509315340629,1.2
9076.683998188542,5991.266313060798,1.2
4477.019104196055,1906.9177220551414,1.2
3974.9690917714943,2784.6424078908617,1.2
2378.7959434927975,7799.4464597336855,1.2
6826.676060265613,444.7487553802887,1.2
6765.498533601084,8552.63424853933,1.2
6243.145230492087,7777.271293033943,1.2
6919.058635390921,7708.777834959435,1.2
1594.1067340509562,9783.704686322186,1.2
8034.89782842904,5664.710573011314,1.2
6343.87543451065,6333.211165593825,1.2
8826.528273806642,389.9477904034465,1.2
7008.258559734531,3151.0257572585233,1.2
2156.72809067588,3743.529805531165,1.2
8508.415054350045,618.9096050694732,1.2
8861.232399856948,7812.173346890875,1.2
2810.3588577684714,542.6156204080246,1.2
1323.4094048249833,1254.6282268633458,1.2
9685.944065207732,6838.11410559493,1.2
4386.348944452518,1148.4656212586674,1.2
4373.245815087397,1858.6289147200196,1.2
3156.8099736260156,3089.6514057380773,1.2
8447.469270209589,5398.348055005864,1.2
4729.425184644294,9506.61862735018,1.2
9449.119019763752,5431.8578573930645,1.2
2370.5073522041507,2183.9275769480137,1.2
1406.655752394509,676.7039510716377,1.2
2915.5803351735985,287.43958898226674,1.2
4421.644400881226,5463.976131476579,1.2
3877.619401311756,764.5288954601814,1.2
5289.684099848624,8699.34305708895,1.2
5989.201896450629,3919.1693568815676,1.2
1705.5642937345294,4986.517559534735,1.2
987.1687409037677,6005.588125211888,1.2
7134.940571975202,4182.932657627957,1.2
8277.652327765234,6935.604174025941,1.2
3294.8894249290274,3715.0830715107963,1.2
160.09543917985368,8858.142329746268,1.2
1693.66797279211,2238.940464755743,1.2
7102.291175940974,9344.072364215568,1.2
9584.736570361243,2657.7239037029367,1.2
8325.972096569161,3437.7050935519546,1.2
4651.04160126244,9784.116934012782,1.2
1315.7040976066926,2885.492774623285,1.2
252.1883592884011,6452.918786487253,1.2
7937.503857626855,6942.764555703982,1.2
7704.154262898953,9262.380068130766,1.2
4200.245655577888,4288.901228002586,1.2
1467.47388132508,8371.820823309563,1.2
69.54911922615659,9974.056031758715,1.2
1946.8460528298292,3717.8281950462324,1.2
1548.8309482704353,1798.0464143114273,1.2
2362.478570976554,4161.517952695895,1.2
36.5351546923054,9705.794188106718,1.2
6932.203003700302,4292.646615929863,1.2
3807.819152487865,3140.260213422893,1.2
1285.2945685372686,3724.5250260236894,1.2
102.10358339854176,1491.6802921933859,1.2
4263.506487223577,6962.960715419353,1.2
8911.947296385793,3108.8749893007684,1.2
5952.377078294387,393.4551663024799,1.2
210.19450615992864,2141.2833165668744,1.2
9002.786780937771,9764.744716200234,1.2
1630.6257674251844,8943.312641357996,1.2
8975.588135764294,2208.47721126743,1.2
9109.134741128511,5487.681805393533,1.2
7965.547224261173,3570.7881606574556,1.2
1869.335445826943,5974.320695357984,1.2
5146.618992964279,2638.226617572549,1.2
9550.860789072121,1701.5506642476696,1.2
3746.92760744479,4703.554044356735,1.2
1871.4235507543208,742.1088105321694,1.2
148.5564277336837,6475.214186663929,1.2
2839.893628978808,1625.2339102232572,1.2
2267.5780325921346,2187.6476820632583,1.2
6781.0769148704685,5458.646174118329,1.2
391.12324256722843,8611.689931031162,1.2
9209.307356458661,4745.038190142238,1.2
9914.443987937924,7828.071417720183,1.2
6765.007892839529,9913.586937695853,1.2
5688.1685808633465,7449.890087280579,1.2
1155.7878899308105,4899.8319833889955,1.2
8991.917739604756,8810.954139985699,1.2
7202.0212528208185,1697.647263057479,1.2
5090.13356703657,1547.696204501664,1.2
1631.8422356402707,208.29960466519194,1.2
6611.713847108672,141.40124094599526,1.2
8556.909768056048,5504.87462308652,1.2
9527.728835102707,9697.91089320914,1.2
1740.2465710985316,120.24903219068462,1.2
4903.944702407158,3523.8359344196824,1.2
335.84005671771,2105.9921251206715,1.2
3729.440660356281,4192.540368414611,1.2
8916.631480689357,64.23086479804607,1.2
2526.626603724065,6648.451798115176,1.2
1363.4937743008645,9713.210450438795,1.2
8528.275866077287,1189.4219450090338,1.2
1921.4375168607655,7691.650979636425,1.2
4502.557249054649,5674.48603698925,1.2
317.64933199531,8858.51878232386,1.2
5792.379573459727,751.9220215061995,1.2
23.592209555176602,3684.448188348928,1.2
1631.5378667125146,1948.4109053353804,1.2
4450.290990063688,6709.259538778962,1.2
438.78654434685416,2199.4321510151262,1.2
4646.3684563874285,5655.766701762041,1.2
2160.0769345501526,5023.0217932767155,1.2
7169.97335197779,2983.8862835689474,1.2
2676.8653575477897,562.9064104657033,1.2
557.6399228215822,8670.151367481878,1.2
9941.310874880408,5591.898714513439,1.2
3584.857261144667,1139.0082131369973,1.2
152.57581483613004,6526.250971522434,1.2
5981.2070010545185,6698.920890555844,1.2
3151.4395452385356,6355.289611475442,1.2
7254.2981514517605,5062.436671548864,1.2
1939.009931571456,5123.973686446395,1.2
4367.586444674281,1564.2430902771964,1.2
1870.7848118250215,7138.516561844031,1.2
2766.0536997044114,8232.985313192657,1.2
5144.475156029247,6300.112485153775,1.2
2592.2618115910514,9676.55623169746,1.2
5494.499703142299,164.15436117894532,1.2
8190.993800303652,2499.299422212298,1.2
7757.6110701599855,2098.774212588991,1.2
6668.260839066803,1140.5834562087225,1.2
1944.731447685376,6163.018683097921,1.2
6871.170713897652,1123.1006201056282,1.2
4197.522388467381,8675.927148822753,1.2
144.08294659708054,7197.831536977922,1.2
8661.104145294516,5050.341155018222,1.2
1062.9496840674258,5981.808278243176,1.2
2260.916428185562,8948.7653523113,1.2
4475.52672433995,8257.173441168563,1.2
1957.5218011232687,9282.150870823085,1.2
6062.574802090508,247.353979388526,1.2
6670.484574392952,8019.770099656323,1.2
126.9272404205335,7676.311224650084,1.2
426.8770978058556,6973.425382709477,1.2
3025.573078261391,4565.9771003463175,1.2
5378.463988053268,3064.1158255915,1.2
7903.942156026574,1161.644318002265,1.2
6573.293936075114,6952.315552109454,1.2
2132.4661423293724,7473.525423791177,1.2
1776.2752669333536,9901.489596849204,1.2
5556.819805507176,6623.498969772431,1.2
639.611107941851,9963.466077027368,1.2
6425.486355354359,8521.810044805325,1.2
542.292335926684,3329.177526068189,1.2
7865.569596296415,8393.516547292676,1.2
8530.27967090691,107.22441469116384,1.2
4100.839810590945,3850.277758032956,1.2
1575.655061479455,2826.6750997070667,1.2
3715.2447073040885,2770.6116322877892,1.2
7462.6167371295105,8452.407560746658,1.2
552.6135142391453,2028.1654883635713,1.2
6728.863171991814,9698.397562214552,1.2
2886.967575530611,4782.862520247235,1.2
9649.490160819121,9669.984081427923,1.2
6940.006189273034,5579.634708117756,1.2
7154.071926941446,343.7978021029442,1.2
2719.4438662441444,4678.595663312499,1.2
5138.263942688705,8234.782087208447,1.2
2732.0927804602193,7588.870202521984,1.2
5.673611107852583,57.688593405993416,1.2
3866.429621985179,6346.66628975034,1.2
4922.055400309543,8044.161735387245,1.2
3382.036875052349,6327.838032789875,1.2
8405.158461036935,7005.779185885965,1.2
1493.2972078082196,8410.226080777558,1.2
390.80067393594595,5127.068092889595,1.2
4090.1277137602297,9256.263211178437,1.2
9450.368369809781,3660.1259531948804,1.2
2146.2055356741284,7327.038258312978,1.2
3501.8901241705103,3555.5298416830606,1.2
9019.17507336461,3545.2216546914337,1.2
6121.769514747156,7545.183757097185,1.2
7566.743624306349,1653.8162631289256,1.2
5994.81986077079,369.9153632152852,1.2
9176.880486903014,2110.763554654812,1.2
2818.522214170437,8686.126868102692,1.2
6556.117780907741,8751.355737346235,1.2
5314.193431765048,7162.528108719979,1.2
4880.101217085129,3404.986724190685,1.2
1275.0568842604148,748.726136763287,1.2
3552.443922538668,5677.109260690694,1.2
4158.235218781192,4609.992456002855,1.2
1130.6031630560499,7101.787233818195,1.2
173.65320918919736,9356.655127722272,1.2
7931.248322855569,1171.218051916907,1.2
2017.8307468162004,5801.486611091929,1.2
1275.7209646174783,7192.114111699698,1.2
869.0270888402307,7829.004417764671,1.2
2956.7656588708014,8414.62448462013,1.2
8261.015103326947,8885.923932959264,1.2
4114.910219450416,3785.031799055295,1.2
2912.4300573433425,4768.920052343538,1.2
2642.7013629048133,2244.515884761462,1.2
2990.044805848903,7112.307057020045,1.2
6177.438266364933,1997.1022172172015,1.2
4467.228023287728,1873.8539929455367,1.2
7426.569697494983,5044.750730934516,1.2
2071.4040220215124,2320.581858551567,1.2
5888.192815186707,1621.5185106181561,1.2
5134.609583689742,3661.8600485087336,1.2
3415.3477801340105,7962.266329778046,1.2
173.36188434241785,4494.783168798823,1.2
5951.9608871537075,9029.263076275955,1.2
9414.898170321554,1999.0599406165643,1.2
7197.002452248303,7780.961022614746,1.2
8131.261343997114,4063.454661636122,1.2
6474.405877607509,6106.629404736298,1.2
8024.937508302475,4815.335131527876,1.2
8251.764544184089,6985.928825202158,1.2
4486.315335173461,7842.490649989603,1.2
7464.537920929285,8293.88312200517,1.2
5286.183536524181,9417.988465562199,1.2
2621.8467524900725,2220.7613278387284,1.2
4389.863575037803,7246.997615950852,1.2
5288.375712909773,2818.8915039426256,1.2
1458.050614020685,8078.1119138493295,1.2
1194.4491992583528,8049.255797716271,1.2
7961.464100413599,7828.627086483617,1.2
6932.5457657034,1271.8820275184116,1.2
1638.2985371634252,1955.4057774493926,1.2
1777.7278028330957,810.4793234289365,1.2
5196.63317081087,5688.221140375665,1.2
2567.8449728578835,2100.123728973582,1.2
4586.548705232737,5738.229690093936,1.2
5154.059984470983,5811.335306526196,1.2
990.3466207583899,8017.138906530085,1.2
4897.643396252911,7666.357865761664,1.2
7903.785953110424,598.4546651298128,1.2
3877.1804706929147,2797.460167342982,1.2
7158.70133055693,6438.700168214232,1.2
2947.136024743131,9194.235284950113,1.2
4327.616884439407,5772.009368211003,1.2
6172.52550791216,4865.056809937563,1.2
7939.122404730434,4595.540599289753,1.2
5284.411195115352,2338.0023620207303,1.2
6346.2546902288495,3693.4256795517595,1.2
8699.560332151395,2044.5849426297568,1.2
1553.3714411185651,7659.117825364608,1.2
1918.993755337618,8127.717924347908,1.2
9860.934083822656,7025.999366454114,1.2
6376.240674827881,6394.757424374295,1.2
825.4108997787457,5296.1542404113925,1.2
5270.544909989578,9797.674531529916,1.2
7619.5185788284425,6294.228023446488,1.2
9644.896796327166,9654.79657825907,1.2
1080.3281095068396,765.5095146716928,1.2
627.1135823776974,6371.597899013942,1.2
1164.1850334621995,4361.422041108076,1.2
4706.309434252614,6436.306441981113,1.2
1437.6751496108154,7585.279041732279,1.2
2429.8386372688597,9754.54647403828,1.2
2176.263057954969,8300.77814856929,1.2
625.2297690725673,8395.551614239499,1.2
5892.929624585516,6636.416391898223,1.2
7683.066902544816,6727.456979108476,1.2
5496.137344273264,6010.621189877974,1.2
7413.429549557403,9378.404902137541,1.2
4062.0643241480825,1085.988976738882,1.2
840.5759359349729,9950.901098409273,1.2
6027.967387558802,6924.880328010004,1.2
1150.2710289649176,4515.808664906078,1.2
7739.78697497628,9812.848201803326,1.2
7698.55799923947,5671.015529973077,1.2
3723.964696429607,4798.187447195991,1.2
686.6043600777516,6275.369188175871,1.2
2464.507130623269,737.729993819064,1.2
562.9394670162901,3472.4305596243244,1.2
1843.2815857777373,4762.048717853508,1.2
1774.2728269765785,6997.975041170931,1.2
8942.417249433667,3764.3612097589,1.2
4885.6273757904555,5240.748999945194,1.2
4355.973696240681,6852.780163147828,1.2
6121.357080015988,9974.647148808623,1.2
6327.123837096999,4745.996990358943,1.2
5222.71900529904,3499.3456829100787,1.2
3491.1496966764266,8596.107761991692,1.2
464.9667523367118,6953.039133582877,1.2
6388.239964498399,9459.529692240585,1.2
6025.048018691766,2561.1369457483347,1.2
6033.152028638064,1318.9709685886942,1.2
9345.426368844717,5354.797440716481,1.2
8610.763784551933,5617.986807543411,1.2
5896.491079684487,9377.907954416876,1.2
8275.025486641309,1813.7673156401113,1.2
7329.894398099751,9525.768043222384,1.2
263.324387002305,4700.440693164623,1.2
4774.286525757305,4542.861583207051,1.2
2281.945256585934,4661.134314710196,1.2
1319.0451227799515,6403.50599534079,1.2
7420.175208668954,684.0041742955693,1.2
1076.1125139048345,7673.9629450182165,1.2
6431.207252747277,2455.8715183753866,1.2
1110.0654682717293,6852.4423735073515,1.2
8165.991466829903,9223.780424753033,1.2
3586.3250840415185,7521.0650276560555,1.2
5130.792450349047,8212.607992265772,1.2
2625.1197822152903,9080.786034972667,1.2
3059.070292653411,9245.507562437451,1.2
1146.2249013051728,8279.71997107516,1.2
4879.688296123188,3249.071879057122,1.2
2778.473047022848,8306.782155302235,1.2
854.5716310034402,5323.955013865226,1.2
6160.456758619124,8161.711260744983,1.2
5760.788784101117,5082.328044815548,1.2
4082.01223336645,1949.6867401188945,1.2
4219.197488039567,5478.785583569974,1.2
4078.9037457489453,7636.854603061024,1.2
9568.641370236264,1961.357692231126,1.2
1447.2927976981198,4199.71532450709,1.2
2682.7816992148514,2671.0349662304666,1.2
3254.9668399993916,6613.238981124987,1.2
3405.091197699015,7972.326310542437,1.2
9860.004846789932,2321.1923610068507,1.2
5580.14578981935,9985.792006682977,1.2
5890.981267908591,6618.180744665116,1.2
18.965756182590667,4243.940993613149,1.2
5552.82101213954,4593.075156691569,1.2
6136.2663458532215,7060.421807695916,1.2
2122.6347220468665,3270.868863193399,1.2
6211.295892135711,8987.273517508616,1.2
3825.572762386802,6948.250339000049,1.2
2374.04889753588,8706.888437392074,1.2
1240.6846807454551,2096.903413926652,1.2
905.448357100388,5681.055546437905,1.2
5711.945222582938,2398.634258024086,1.2
2870.2235203360847,1174.300497427312,1.2
8987.96908796901,3658.6028784852488,1.2
5795.39751120908,9099.094021146651,1.2
3970.541921390206,9883.513745165304,1.2
8878.504793061331,4517.472394917046,1.2
3333.221149691793,1659.1982895874257,1.2
6320.918131165475,3888.0819381239917,1.2
6867.277918494336,4609.904332021703,1.2
6715.8016449063425,8357.137842092796,1.2
4763.877898919546,4894.654302571408,1.2
7485.205294319442,6809.398667031204,1.2
7614.571870329334,8717.24815856072,1.2
740.2848361262626,8793.425634599464,1.2
6828.9869906102085,372.47121493863557,1.2
7767.594800740323,2656.9749304815937,1.2
5723.624820651024,4223.00334894609,1.2
8571.356975882762,6064.926835592798,1.2
7483.723568040059,9774.013470202834,1.2
5536.703715732504,9159.940707701322,1.2
4670.6926358401015,4756.562173751938,1.2
8915.840006094975,9522.431760553533,1.2
8053.129746571599,3521.0505426903073,1.2
6416.022503716083,8315.135110339936,1.2
7705.69713784095,6398.993233835141,1.2
9453.42219413942,9506.188375391688,1.2
4025.5420318450642,158.72277209020623,1.2
1146.25819221296,6216.347436420838,1.2
7869.43120149799,4092.0440011978444,1.2
6713.903759473482,9611.014697198965,1.2
8434.112670732171,2235.729625542142,1.2
4748.145065020457,5409.993369963629,1.2
8366.894432665053,3835.7777940551364,1.2
4717.13106345168,196.11946945068738,1.2
5287.942482515592,8310.514206354419,1.2
6225.294533946864,7380.053509027437,1.2
2191.8835026486418,55.12464528690919,1.2
7193.790262291353,3971.5613547470152,1.2
2740.5718898744326,4371.485355126127,1.2
118.80567024166733,2654.745167793815,1.2
5912.293764431178,6785.483608477146,1.2
6104.889070652798,639.3865080437333,1.2
1891.2203544744898,5541.431380986603,1.2
4239.202663597338,9368.489292872155,1.2
5611.449823260205,6386.546352791129,1.2
5390.646344908078,3338.377943572057,1.2
9023.641572891409,2275.6831825175805,1.2
8017.395393160521,6543.03590122423,1.2
5231.062392191844,5567.119466044294,1.2
3057.492110894202,3508.2055875938977,1.2
9453.924291281563,3394.8234388763044,1.2
3110.21914905935,2102.271130081533,1.2
7785.814880988438,8560.007595487948,1.2
2332.006812892947,5949.6493790373615,1.2
4746.399372794145,6631.873788884929,1.2
6409.431122140734,2268.024462012275,1.2
3544.4646464102357,5706.484633591136,1.2
8133.6595318206055,5851.5287940177395,1.2
2478.4955351126105,2399.0554022016163,1.2
4586.113251462139,4295.058007894663,1.2
8773.014214970877,2381.280899395807,1.2
3916.584611674081,9878.767692921558,1.2
3261.3342035031,4832.158476842524,1.2
900.9511024377126,8060.819745866571,1.2
8342.17749923834,2272.4541552346755,1.2
962.1160494203041,8657.356592578719,1.2
6475.450820972802,1950.6886933608525,1.2
5495.039883673454,2979.195033103863,1.2
8497.405418906123,3402.2317650693335,1.2
2653.173182243325,6509.05930070438,1.2
4408.68320999525,2677.092731077744,1.2
8808.853824948803,75.61320468213783,1.2
7363.57704953235,7052.5778251441425,1.2
7126.400374016707,6055.457106626671,1.2
356.71968937962095,3688.4399600268803,1.2
197.3122894251267,6943.37023234033,1.2
3277.9687124401303,5748.37583925595,1.2
5630.166333649553,7448.765357642834,1.2
7457.170471253956,3899.5877782120037,1.2
7295.678878198995,1532.8887130330415,1.2
9901.911196820654,4778.015078370145,1.2
9634.837385634211,867.7214714648707,1.2
5501.953349456337,4214.37251777582,1.2
9882.616712174437,5331.771576278682,1.2
5092.5461585820885,7425.282569116112,1.2
3497.72437344012,6746.296871943977,1.2
9313.197157829523,9729.767656533628,1.2
2041.821553226957,5552.897416430418,1.2
4011.66500337061,6428.975652961908,1.2
4721.966252920208,5337.559797998491,1.2
1378.2737256520993,8132.257200322903,1.2
7252.027196117112,3269.042619250231,1.2
5857.367364151134,2199.816624609372,1.2
1565.2571602169908,7789.999186842707,1.2
7860.760282171564,473.12969378053293,1.2
1653.381795852591,1472.3779139951366,1.2
7443.375639629439,9112.138872188621,1.2
2592.5376336482886,4753.497401675851,1.2
7522.430989812297,2329.160150270574,1.2
1289.2417667035672,5247.073628499043,1.2
254.2097143483635,3532.5227852225494,1.2
1765.8115501488114,8530.363970060544,1.2
9674.62856205143,9868.775540739178,1.2
2823.1377513869606,1209.016621348158,1.2
8263.006910958564,7583.884175655673,1.2
3721.5685391217125,9671.16685713516,1.2
4689.814502834114,966.7564644242599,1.2
1883.8847834172789,4167.467566342915,1.2
1527.3557166839792,828.6710878405013,1.2
16.424362549277703,480.26690756409306,1.2
4586.208016166364,4680.992016186164,1.2
388.1296817903501,2495.4399052339536,1.2
7333.267576792541,4242.0848759964665,1.2
6793.038828768301,185.22889412373456,1.2
1460.934696865831,7999.28883199975,1.2
5352.733224737403,2850.583408489473,1.2
9621.72968280986,2039.583863452571,1.2
7377.940718895342,5185.185994817481,1.2
9365.693181220593,6153.279379421505,1.2
3273.9354577994227,7020.396374476495,1.2
8487.060747091458,8656.775575671289,1.2
8732.713874879231,3050.851558075118,1.2
1507.3436131691642,3896.5301544260224,1.2
174.1362681044112,7754.328333780614,1.2
4348.1249731515645,833.8641310188843,1.2
4032.176360445394,8764.584253642326,1.2
3338.0625644802753,3910.3263010715427,1.2
356.6288656035865,2807.8855802262237,1.2
2220.3616691622306,6480.423436248631,1.2
3643.6947272105367,1824.0494514550232,1.2
5276.519550888901,5640.583909896738,1.2
7538.57731241573,5224.505738035407,1.2
6920.745816727804,573.8916523125415,1.2
1102.0666723436923,4612.114257952267,1.2
9887.998532308266,7042.831409285708,1.2
9382.004491402056,9402.944058398816,1.2
5005.6003041742015,4542.082086739023,1.2
6828.273132428946,2708.234903999467,1.2
4874.321975327669,388.3691797485611,1.2
2231.303398112605,1418.4780902802795,1.2
3985.822705894927,6016.148183121284,1.2
5091.902523423853,6342.276681238955,1.2
9664.55088047946,725.3750954919058,1.2
2067.867160603636,2680.8667166260093,1.2
5156.080038658744,6199.993649972116,1.2
5722.760306112004,917.7889934352057,1.2
8872.094617627812,5939.972520502297,1.2
6903.907553064756,7566.9945785654,1.2
4419.325166003589,7074.596560877269,1.2
7237.532247524892,6136.687920624484,1.2
612.5915966708272,1798.4122009543403,1.2
330.02470287029183,8369.069366786316,1.2
659.8234661394364,6217.911660865976,1.2
9795.256170975346,9580.933062769927,1.2
8951.955792556679,1937.084630898871,1.2
6953.2772406012,2187.0044013446077,1.2
995.838199751553,582.3147253803373,1.2
7949.671695320682,1125.0981983687725,1.2
6569.857740380289,987.772515399502,1.2
2791.0927839176247,8173.837666792978,1.2
830.1366707298919,9679.045804827334,1.2
5029.668090059994,8966.06275337165,1.2
2482.82343364059,8735.045191292926,1.2
5831.267904259484,9998.204878367058,1.2
5655.481890392655,1947.919552841374,1.2
6043.652213192911,5809.722126141568,1.2
7057.253559917056,7057.410968667534,1.2
7035.2850859017,8773.612921227263,1.2
2534.7882071031504,1751.3027368035505,1.2
9818.455654080912,7585.839541800629,1.2
3204.9472961810097,44.65537476093018,1.2
6099.362948475462,189.43092478993174,1.2
1660.763065486953,9884.812215869984,1.2
3060.2886662395267,8174.698461756884,1.2
6365.407432308187,4038.7669383922666,1.2
1880.4297602336394,4822.550897893575,1.2
8741.142598090659,7189.681911184846,1.2
750.7984000765366,9119.795003317286,1.2
6190.577199774393,9487.372273148416,1.2
6952.834574540575,8515.68293103793,1.2
7759.510959428466,4904.636690453142,1.2
6449.7994305879865,3819.3462420104784,1.2
5294.9216044254645,1609.3584207347221,1.2
9961.097293349389,3135.18363984838,1.2
9341.095335036944,9645.63025981072,1.2
2971.545008186979,6160.801860339222,1.2
1204.988641563446,1313.587810527439,1.2
1515.7549729490827,1984.6394011087355,1.2
6526.241361879443,2613.1304894240025,1.2
6820.764935413848,9055.372210741052,1.2
9910.556339869037,7965.150431198215,1.2
9018.074749757192,4744.433332047461,1.2
930.8675892807083,1701.835637556224,1.2
9014.82949902887,9324.579792344111,1.2
8712.507398745525,8966.372490185582,1.2
3872.548463012915,1128.2972009679925,1.2
5940.473113503982,2418.6849611121643,1.2
8793.370801474512,6883.705320022497,1.2
5455.262730551346,6075.472875575077,1.2
6789.5140220156545,3554.1756490060593,1.2
3429.685054859545,5506.978757529978,1.2
2896.881425772716,6265.06718931639,1.2
2329.799677109411,4191.8522181952685,1.2
9709.662927994008,6811.625872596887,1.2
3663.704887028667,6476.841135706346,1.2
8552.390855132213,155.22121170677084,1.2
7904.062237180991,3002.328235109809,1.2
300.76309149594806,168.9649005875371,1.2
4260.81151527979,8392.448345040713,1.2
7561.4234666618095,8971.711708283963,1.2
8635.57759551004,3891.303675794955,1.2
1835.5410627520996,9976.75511468142,1.2
1593.9256030339243,8526.58067424513,1.2
2856.2692407171953,3096.8685080375626,1.2
1374.0837199588152,4188.846028973339,1.2
1558.8573928011917,9377.642007506623,1.2
3052.302522019735,9182.265483079145,1.2
8137.809383416729,3511.265468919166,1.2
3706.926414862899,1898.9673220326542,1.2
1015.5914167724234,8146.912841730759,1.2
2394.5208862845325,307.37516279354173,1.2
3822.7994080456383,4533.450396981491,1.2
600.7652009873099,669.7894522646775,1.2
2455.057541771476,285.8016150096132,1.2
2468.331014044167,7785.529951844673,1.2
3107.703083179042,5539.633320812252,1.2
5354.442698712553,4780.417847948466,1.2
3418.081745577999,7625.28795678723,1.2
7949.961177148392,2295.814134531341,1.2
3864.8788987622775,7381.019334486317,1.2
4292.8574538155535,2278.4719479479554,1.2
7447.321673944728,8722.79830928579,1.2
2273.836050525455,5400.030587002129,1.2
3210.077577408815,821.7983596505974,1.2
6367.743145516957,1882.6559765847273,1.2
6678.491968561347,2208.9973508846583,1.2
1890.6620526817564,5967.598102023854,1.2
7309.610272364777,8700.574642466727,1.2
3391.630953862802,4958.939841571559,1.2
5576.630021354876,3499.0307018323074,1.2
576.9404276964763,2682.4895844332686,1.2
8607.204434306646,5721.747950121775,1.2
1114.8922092620594,8101.61628376255,1.2
1866.8455230122283,4706.698847356325,1.2
5337.298994429601,8843.375258835162,1.2
4748.2031711197715,1805.750792571892,1.2
9098.791695574804,6754.847221152679,1.2
9782.508858237794,4704.943419774543,1.2
468.59712843968504,3541.519891702968,1.2
409.9646395813328,6359.7733061623285,1.2
9813.568802890706,2728.9825863454707,1.2
4672.9562448558945,687.5376193547411,1.2
586.3628977290836,6138.230601042376,1.2
2806.320627798975,4844.1558451358005,1.2
4912.147653644625,3914.8849747855097,1.2
871.591303929331,3365.300095571865,1.2
8442.771501480787,6496.654432956506,1.2
3093.6911322141505,966.424248973784,1.2
2900.1623945847623,5087.0870867433,1.2
7319.755462337112,23.906333144078083,1.2
8806.878627296448,7886.954715109704,1.2
6274.319029939126,9102.586957336396,1.2
343.5585396683105,6832.0728147096,1.2
4011.881007056405,4287.934884797353,1.2
4401.257002054086,2948.9600335363807,1.2
7615.792165359902,5482.86774394229,1.2
548.3006239614374,6073.892732178234,1.2
2562.101829624709,6270.982242307941,1.2
6618.790363739225,6656.537357256345,1.2
4035.1664500962547,4128.411337150962,1.2
1338.717667565501,1103.7301635135532,1.2
9027.699653833693,4758.002537598914,1.2
8163.958424784962,9063.927179000248,1.2
6872.12867734393,2824.9178139806463,1.2
391.5218483534466,9050.681710009618,1.2
7468.66853919382,9576.855665495495,1.2
5143.411733770636,5370.3601634034085,1.2
8566.32239000421,5086.41339403107,1.2
4773.073264678509,8949.618822290857,1.2
4190.556756796969,5549.064849888529,1.2
1504.0324610481237,5447.985644775766,1.2
2773.8391561925523,469.7369438854804,1.2
821.6068618047856,6964.6465540935,1.2
3622.8138238285255,8400.373213244164,1.2
9414.1914570382,6064.101507593419,1.2
4845.9222873824,9499.68149970217,1.2
2027.7638089088634,1823.8433116382635,1.2
1416.8154892303219,6417.601129399336,1.2
205.56406803787675,555.5463489093926,1.2
774.6424697284826,1392.5821548383753,1.2
3552.5588493297787,2792.539050643236,1.2
8999.41975177314,9409.229504943918,1.2
3278.517172869584,794.1239501522434,1.2
1398.9110128546522,848.9078248655612,1.2
3240.863577841917,1303.7083111632476,1.2
3618.5947824354457,2132.451404322567,1.2
2406.840206204255,7087.614208127132,1.2
4114.125723868145,246.6486675253754,1.2
1656.8716642432958,8629.415133473776,1.2
7619.395355636334,8689.577409822836,1.2
7353.445090696514,5192.60303441308,1.2
9883.866296595032,5355.300082343697,1.2
3991.7074272720874,2044.9933389136354,1.2
7949.425397312956,4976.376551495051,1.2
7541.635267448333,6741.637456726664,1.2
6775.8539010908335,2021.8296172330797,1.2
237.11955694064812,9653.888648501485,1.2
4301.256569306526,8679.015934727791,1.2
9808.78601846489,7813.838413978703,1.2
7608.994987379618,5407.26401350633,1.2
5766.72784574166,1327.5054092945293,1.2
5291.936698697048,2312.9552126334206,1.2
2697.4503732136513,4661.186203426147,1.2
1876.4306508796146,2100.0839287566296,1.2
301.92143083152547,88.77655405906681,1.2
7392.322673832002,9402.32075082293,1.2
5247.372510369939,1245.7743226901753,1.2
3904.6490172285266,5586.466224307945,1.2
4926.941043094848,9673.235022114175,1.2
94.63778007164359,1704.8780216300763,1.2
4794.1662013589,8959.364781763337,1.2
1618.9978170281627,2922.323940416952,1.2
2730.9717754592198,2955.837660386067,1.2
7636.324802191926,800.8545339385475,1.2
3463.728688861324,4845.49843500836,1.2
9012.76881979926,737.073508149425,1.2
8628.327233848422,3977.794848890409,1.2
1401.1661770212668,9827.220528029833,1.2
8727.073619137775,195.57418025358376,1.2
5155.283160244801,2586.8981921717836,1.2
6592.666495543524,2193.607225579428,1.2
9479.246175403145,9052.76333187409,1.2
5642.965755619972,6867.7439092939285,1.2
2939.0169756740825,4568.9721810486135,1.2
8767.370715429086,8396.903634518041,1.2
2387.5393527315737,6330.106040415435,1.2
6683.8126455065685,3742.0753180062206,1.2
8134.159141174648,736.4194648698352,1.2
8528.42727467174,4656.9924568642255,1.2
972.1383058479349,833.18455294358,1.2
9257.973023238012,7650.377017826653,1.2
3599.596860666715,9460.855713926165,1.2
4357.826213650884,1481.0837676379917,1.2
8995.789924338751,3326.396840547512,1.2
3034.9612248780854,2586.3888734758034,1.2
1216.0808840974569,9681.63758574094,1.2
2238.811690863022,9540.964845364319,1.2
871.8170418472326,4602.013201649455,1.2
6285.248006708456,8257.717696111087,1.2
7615.816969729419,4636.888204302696,1.2
8340.282218525907,9445.085026643219,1.2
6557.570368717098,4259.329827346124,1.2
3438.1423268481335,6337.972822436934,1.2
8758.92070180076,5512.899815864851,1.2
7309.235295130964,1298.8484422231083,1.2
3543.474557467705,2152.404446675338,1.2
5304.463891362602,4814.046804486213,1.2
5180.512393663927,5860.904674687454,1.2
5482.3230400593075,8925.886067748492,1.2
7066.0090038947665,5630.669920567052,1.2
8315.778259940587,2326.235364808105,1.2
1027.403904301437,9792.703307612977,1.2
6876.8746712424445,8615.3266302823,1.2
9796.917685239796,1673.1929000750101,1.2
8605.614204459554,1914.3772552657356,1.2
9514.092923780236,633.879798563095,1.2
5646.715042301811,5028.683712669121,1.2
3447.6518520022537,6195.148124889198,1.2
1581.0425835656117,8265.754588194373,1.2
7834.663465540589,6962.536832286765,1.2
4379.29137797377,6768.442084689164,1.2
6227.240651224332,8591.425640177084,1.2
3755.1742887753326,9338.49721071735,1.2
2555.3884902485315,9013.284444661043,1.2
2120.1869711462164,2352.008845052804,1.2
654.9981223442503,1873.2465892976713,1.2
8460.609421556437,1325.7024778277193,1.2
2462.2007362711975,3472.5975711498213,1.2
4959.359138932563,4256.802723277046,1.2
3243.38126479476,9580.500913162321,1.2
7569.7293887815595,9552.276428102377,1.2
6119.19530249566,8340.122353362998,1.2
7044.530555051602,548.9908189649784,1.2
5384.638924486918,710.8134391136589,1.2
1199.5306299806962,6029.849890677423,1.2
7924.384847362527,6225.540691151451,1.2
3700.662320106267,1060.0745127094635,1.2
9034.286563819445,5971.353653001411,1.2
6685.757534034114,1054.0779526430376,1.2
9056.841425952702,2206.7130587001425,1.2
163.1551543539289,5735.05071065462,1.2
8832.30892521855,345.9912200378368,1.2
617.5172402924734,8199.770778400969,1.2
8444.675084079954,9824.989076738515,1.2
2208.3072009822445,7691.612668973611,1.2
5870.221664474608,5009.131011543098,1.2
3735.2583757186962,6072.672729936969,1.2
3565.029665688738,6473.846717822592,1.2
7687.845042859231,206.74559606794318,1.2
589.0998442604756,7178.735293279308,1.2
6953.632697377733,7633.927132199146,1.2
6635.588340081833,1434.0598968378893,1.2
7234.137505522417,8680.014449983239,1.2
4874.012023940762,6589.427163378133,1.2
804.9830443916262,6394.398412885378,1.2
7912.77202177459,9827.80510401981,1.2
9052.385820243471,6803.10673557485,1.2
400.2344174357997,7671.827268971466,1.2
3356.876751252279,9335.589693726932,1.2
910.0422236113448,5353.766742643496,1.2
7355.150140775966,9531.134256745188,1.2
211.94702949920207,3903.5148372859153,1.2
9146.998681324969,3317.5100762915013,1.2
975.4236533474281,6521.282964473392,1.2
2438.762738630086,7439.277334225416,1.2
7979.148020185252,9534.176418043446,1.2
7321.531435678305,2481.4076082231704,1.2
2913.8008938378725,1338.688122909758,1.2
1434.480438294753,6740.577594616391,1.2
3716.6908323649404,6779.827891081389,1.2
3317.428471699374,3655.0612588584754,1.2
9554.111847592492,3839.5237845705697,1.2
4594.615779985975,6006.960936914318,1.2
4215.506658078801,4546.356813889825,1.2
6347.5869935117225,4723.093150505832,1.2
8727.88434848992,789.870128952912,1.2
1595.5944336720418,8115.238727048898,1.2
4914.474935334503,6665.163095476911,1.2
7424.5564971019585,3887.599818233801,1.2
1973.063396943262,9212.41685996318,1.2
2194.7830906474132,9865.12334971594,1.2
5805.951986313954,4658.028079560562,1.2
2345.540225434106,4243.67835482021,1.2
408.11058004442737,3415.643430186215,1.2
2163.6747332482632,3575.285917140175,1.2
7086.833094220244,6621.274339954809,1.2
4961.614997463205,6504.0100700726325,1.2
8537.058314166297,1221.4555200902987,1.2
2535.224379179075,4815.573823042069,1.2
9321.4450159256,568.0878991385619,1.2
791.8553387523885,3565.0412202657712,1.2
8904.728760368405,9870.86978141761,1.2
4935.530344747889,7155.3606142556655,1.2
5678.591241535753,9739.757831427074,1.2
5837.025159738255,9473.0387079878,1.2
190.54280577944894,968.2245259350342,1.2
5745.560577973243,4424.25690656205,1.2
9275.786309635947,7727.281517072299,1.2
3682.6925188972646,1020.0970027971745,1.2
2171.865486083364,446.1990557809814,1.2
1785.4705442163431,1559.173712075965,1.2
3077.2373196086733,8695.36064455596,1.2
9503.725758586277,8937.884724671452,1.2
5361.05677944847,4613.933309533271,1.2
8749.492894333252,8339.262967745175,1.2
879.9872110333229,3800.6914841396556,1.2
2644.147152525983,8083.726992066699,1.2
3796.375394056223,9876.099492024787,1.2
2129.087164310983,3652.3995824439125,1.2
9408.240001816888,3545.056796186373,1.2
3981.9828778213364,8553.324529417097,1.2
2274.4769175561687,6858.61911041185,1.2
4776.321255300456,7215.037526471992,1.2
5911.359714508505,7700.336729824227,1.2
7187.500203071234,1215.8420055110764,1.2
1945.3075352284588,5242.554023582041,1.2
1310.9330522767725,2176.237608547784,1.2
3544.957344765474,3533.9238624023815,1.2
8694.013249409596,5150.9188575001845,1.2
6069.5555364016,3685.257649438387,1.2
3060.6203397789277,1650.9246879115346,1.2
8286.256800038898,3200.6675181011433,1.2
652.1645063072523,6890.249960370245,1.2
5072.029624057685,7933.117021867617,1.2
7577.265869495784,8816.097330334003,1.2
3361.33828765522,1884.013240267458,1.2
5369.169497618696,4543.736166879935,1.2
7154.6945803531635,3805.260548525591,1.2
1818.0148044990585,6511.738831606921,1.2
6276.451563796521,2957.0539836391176,1.2
557.0003239970945,4154.938382620168,1.2
1641.0730329985101,8430.115356292654,1.2
572.6593442644445,2329.2431362230304,1.2
5637.882551469432,4501.858869605712,1.2
4554.839509603821,6696.128745145558,1.2
2706.998447692379,7005.079556253762,1.2
6180.611602009542,5492.031829795186,1.2
6623.337970316829,7033.41931571559,1.2
6499.195101527645,9154.898545532133,1.2
430.1818542333413,6870.834242065947,1.2
8650.401374257672,8879.387280705552,1.2
5328.738636377245,7176.3353877161,1.2
9378.195049467584,6404.4046055202,1.2
1681.039960328472,5826.789253203741,1.2
5228.7178359337,2365.4184526218146,1.2
9861.16348296479,1797.4693588433854,1.2
1726.4515141152326,315.0713761427926,1.2
8161.331294149252,2625.890383360829,1.2
8327.862596363118,4734.564439024907,1.2
3914.03774749045,2828.2206162651914,1.2
8557.547081641991,8558.641945478843,1.2
8947.326676085078,5190.303103256449,1.2
5240.578207615469,9946.641207304401,1.2
36.76200617486414,7492.448955726491,1.2
2004.5775549000189,9777.40962989172,1.2
3261.9553266045586,3070.254408112614,1.2
1015.3971974131437,2845.260051195171,1.2
4434.364747142855,6794.185777558547,1.2
9707.405871322246,5708.3220081185955,1.2
4207.471165813766,6694.975721623905,1.2
1285.2172480987922,4412.513834710137,1.2
2982.6787652176035,365.81081340885004,1.2
2483.166711764583,6659.896849140312,1.2
5576.496249502289,7325.012753091107,1.2
1338.869051127316,8474.76645720918,1.2
2025.9122298670995,6267.228292254442,1.2
818.6118040814472,9289.204965181976,1.2
5844.678336645834,7791.462181119371,1.2
2485.883765114325,4932.909265332469,1.2
1302.263474251002,8841.248629444972,1.2
4722.6496406962715,2116.154170736505,1.2
1825.9549342422565,9913.61601076876,1.2
6942.06294483959,659.9536096538184,1.2
4460.701026715592,4489.940335170073,1.2
7443.890266918553,670.9044061617608,1.2
4873.8146997995755,5830.843816159019,1.2
7700.923831950184,462.2372545664899,1.2
1535.645355942805,362.4899800993664,1.2
5305.665026947973,420.4554594091059,1.2
4577.232978742813,1934.1525124994819,1.2
3748.5935716283993,308.7126300889298,1.2
6819.974062573926,2279.3582561214707,1.2
5870.124505911145,6584.554454499986,1.2
7847.9225245578,3447.1407828718725,1.2
2018.9973117695904,2844.8052157739025,1.2
2409.488280577634,1313.881961076041,1.2
1376.6161786810028,5017.799024180795,1.2
4172.433895806877,6899.706019542148,1.2
3218.6827772471383,1902.4138478004782,1.2
4548.374879374166,2953.2456884091916,1.2
5343.725084403623,4492.700301892644,1.2
9230.505690857923,1488.278248262579,1.2
9716.886538255161,9725.960441718997,1.2
347.21431271595213,4107.509380625538,1.2
1833.9631421824954,4243.78607500031,1.2
1143.141373939387,5587.884965160919,1.2
8634.19835679498,5186.388026034278,1.2
430.48997360567,3060.629004227725,1.2
8297.089968134247,9991.867562773383,1.2
7429.26115262362,3410.507744692369,1.2
6410.83466702449,9766.724770342042,1.2
1037.3572102007765,7799.375134350171,1.2
59.76812300380496,5423.468299286529,1.2
8776.648708683988,9833.937931356426,1.2
1672.2957584743358,4422.7849087332515,1.2
2380.444907261912,4127.765737615491,1.2
5375.833013672034,3270.448200823325,1.2
6599.866449153933,7684.22385636629,1.2
5223.953875487405,5716.747790540905,1.2
5979.512896043167,5427.52745048233,1.2
226.80850252144836,2348.551292839989,1.2
7222.5986942578365,6737.23121605707,1.2
8587.093127110851,7574.326959050713,1.2
3916.6796604215283,7286.352808978857,1.2
339.01862227437294,313.36300695540274,1.2
8828.68563027951,2518.696362000252,1.2
3140.565274321977,5567.3060507249575,1.2
3432.670049619688,6875.712322575721,1.2
3927.782594345348,7177.019196253837,1.2
2839.2491797891907,4977.761123032296,1.2
8050.6302819139755,9691.418878249655,1.2
2769.747252206517,1880.7917812588594,1.2
420.4385274220979,8452.478071953294,1.2
9461.883753130052,3915.3838291713837,1.2
6349.636634998889,7639.23876768516,1.2
3071.3679080321067,9347.721168555952,1.2
7694.539560749853,2969.488479017718,1.2
6874.28097388139,7971.402063714744,1.2
2428.4845179566382,8049.072094879187,1.2
6408.34692505736,3967.421421987285,1.2
2762.711265831247,8960.67262726567,1.2
6104.215877338525,36.21506689149956,1.2
2824.1808201175413,3270.1003024712873,1.2
8533.66404746573,1696.4652737417641,1.2
5300.258902212635,722.5741601517554,1.2
1608.2384467995003,2622.473392398356,1.2
8840.724438613248,6751.163413573567,1.2
227.86038921553842,3159.150212625299,1.2
5747.872418087273,6960.613388567411,1.2
7298.716850531139,9131.016169557803,1.2
1045.4121942518202,529.6547314846256,1.2
4106.645031540795,4009.799817540356,1.2
5582.264657222028,2809.3776322207864,1.2
324.955621231835,54.911283248683105,1.2
8397.31956820732,5866.832419042189,1.2
6247.042187997853,5838.2371377844465,1.2
8664.760715351858,7269.474490432402,1.2
9736.398752873523,2319.9212313829466,1.2
600.7701956231581,3645.0714420492704,1.2
3042.4349567649265,118.58797969199308,1.2
9776.974165707607,7456.620969292486,1.2
8329.266279645406,6972.983828750197,1.2
9527.647341690079,1822.6625347994852,1.2
6620.833624313988,7686.70945053095,1.2
1424.591993228569,2673.9467542554653,1.2
7384.64086757246,8990.516253053773,1.2
9256.706211173043,5126.897019556615,1.2
9748.331296498698,6585.219472379397,1.2
9799.046159132959,5879.67314429447,1.2
6266.974568914067,4855.0780626209325,1.2
7388.288231232715,490.3764492539564,1.2
9449.760387192751,7258.2105561027965,1.2
8704.356746953334,6709.716077684581,1.2
6786.691686155196,9232.278157359115,1.2
4821.6886881158935,5611.8604795005185,1.2
6785.992570295361,3863.5379095612466,1.2
3594.286133698351,5228.304146179671,1.2
5230.446982158871,3922.490555333773,1.2
1494.3714614103953,5816.891558324635,1.2
3542.859953346408,7812.86186412525,1.2
2846.376956896013,8693.520216430015,1.2
4814.499228421379,9848.238113821988,1.2
9929.3361092086,8141.240534307346,1.2
3880.5533341707333,8042.089771815512,1.2
4095.3316311414455,5608.477399561599,1.2
401.6950579884182,9665.947950417674,1.2
1498.2370072877782,841.0822682896402,1.2
9524.303693400188,9240.15403549061,1.2
6438.550963362714,1646.2628857714,1.2
8791.489505846776,1993.4645255275761,1.2
5372.8670511044975,2814.097601281519,1.2
1688.108767069615,8199.062103902319,1.2
7797.155998738308,3502.617697984679,1.2
9764.175349810155,5413.867087679364,1.2
5460.342469943462,5875.669369029005,1.2
1.3607529645198735,5897.451078398607,1.2
6965.621978301943,8319.813657559851,1.2
8340.891434601956,5803.635179388302,1.2
3060.731754994086,4551.610037385932,1.2
8841.210565795025,1506.9120909166388,1.2
1744.1689279843943,4984.368403338472,1.2
9823.868545200945,8076.354979580697,1.2
2282.497350109761,9736.581297377184,1.2
3733.3863943961596,697.9453831384841,1.2
1725.5819523951698,9210.113504783862,1.2
158.27708208793757,5567.5317996848635,1.2
4011.101885369217,7098.868190456797,1.2
8070.7285984339915,3303.7915162752442,1.2
7833.742718061203,7837.649192469684,1.2
7591.7187752169475,7541.359804008794,1.2
3487.801187286094,5388.835174370645,1.2
1808.3397177994675,9774.542157363545,1.2
505.5407046051663,7496.283996640298,1.2
2979.3805464393663,9095.967040191243,1.2
2574.8326434946744,48.988912105135675,1.2
8778.37951002767,4320.8159097719035,1.2
8488.787314483485,8822.23933168043,1.2
1894.2459908201492,5752.8028198334505,1.2
4820.258767767693,5306.725074834013,1.2
5267.626205378133,2829.9500178965995,1.2
8485.424279761257,2753.329871188952,1.2
8155.8137012832785,2015.473385154678,1.2
2692.1927432958646,1299.5566342726738,1.2
8891.302015975582,9832.408492254766,1.2
4859.062373104155,7718.360623301493,1.2
1708.5380752403123,977.7506588476436,1.2
80.79836898038262,4822.310241337845,1.2
3854.205715378003,7630.93597839028,1.2
9318.248786030521,1617.7789251424867,1.2
1111.1971417941713,2196.686378361403,1.2
2342.522731425126,82.32452966836723,1.2
4005.5732912039534,8220.750071305636,1.2
8657.297375435293,2851.2877939384884,1.2
2884.349257179857,3396.4096705018255,1.2
283.1533919018703,4356.0126539705725,1.2
7168.992235148348,8068.887118855396,1.2
9568.713629502288,9875.316808314175,1.2
605.7710873627931,4173.358943213432,1.2
8224.10083265527,5781.301244386354,1.2
7854.234985204137,955.9112369496847,1.2
5599.764330312567,4607.77258095671,1.2
9088.504271543725,6590.369172083363,1.2
5926.0284494773605,9496.249106324258,1.2
9241.774157909607,7668.786504396456,1.2
6502.323416684043,6626.47786411695,1.2
8233.719838225372,7966.447428823886,1.2
3522.7544534293675,9175.697241809163,1.2
5009.339694976028,1487.6233607618062,1.2
2730.643128889254,8012.431685508912,1.2
9528.127540944412,7358.696940148604,1.2
8924.050958315112,2021.8384440637803,1.2
9732.884131908608,7602.451255353424,1.2
5123.299292076405,5945.616955835669,1.2
6560.442465271203,5342.62713212979,1.2
3867.238666504775,4375.467833380256,1.2
1326.4262641818136,7343.21191585317,1.2
9333.703143006464,7307.139135407757,1.2
5966.5034743834285,711.8073547228898,1.2
4334.940057621303,2707.738123857826,1.2
9037.165216112913,9222.080878270357,1.2
2151.1904314669837,2208.9505950998746,1.2
8011.327998845658,84.207222156093,1.2
6153.337348268653,8679.289444506456,1.2
9067.72527193559,4058.850100707593,1.2
2729.231320734805,5021.285824564356,1.2
4341.876818598523,8054.365002705036,1.2
5973.461594446696,2755.600435138271,1.2
9205.783128028186,1793.6840693665745,1.2
5032.1450660033115,9278.555331899806,1.2
7913.081847756167,6765.414805385504,1.2
6256.663780060357,461.1949484744715,1.2
2594.32260831564,8815.80719875762,1.2
6434.45772454563,5420.171074909952,1.2
4995.771593898264,1859.1332767798608,1.2
6649.326055787057,8471.078595114075,1.2
5197.003163147564,3447.268198743597,1.2
2312.3500279919517,1497.5205841581508,1.2
7260.666057771024,4979.650425855677,1.2
8335.420044809141,2405.0033692192696,1.2
5099.429534272955,1886.3073648651496,1.2
2350.289358452484,9727.109730606786,1.2
1861.011751411652,2100.919661361158,1.2
5097.049429690572,808.5191716444939,1.2
3785.3759395369602,4286.842315795217,1.2
8013.324534908599,8664.516661209844,1.2
7288.2143734964975,4792.388981737209,1.2
2467.415379544733,7228.084725937657,1.2
1161.3183897614465,1595.722882518863,1.2
2075.2712769983204,6204.608549483037,1.2
8396.403476848132,6254.536709234253,1.2
5802.083841259657,5899.60161924254,1.2
5772.284094987024,9677.355411999164,1.2
1958.7175258453294,2918.4967061243483,1.2
2781.8420875884754,5102.054213393316,1.2
5146.485091028242,2185.035242272294,1.2
6000.317827846811,5426.3200072554,1.2
7486.126361579211,3162.44944835373,1.2
5780.438272067821,7888.106230324819,1.2
5064.820698079106,6238.776253718144,1.2
2596.5202156414625,7188.982715381282,1.2
8534.958814583828,1418.7121127641467,1.2
2727.355348050221,1146.5638996305117,1.2
1652.4198073321138,9557.197324325583,1.2
3128.566755878528,3276.336868852445,1.2
721.5448964289184,6759.368973352732,1.2
6464.864805320371,9782.96596596956,1.2
3678.9392197387815,441.4795484604328,1.2
713.7601450866504,8581.572263833417,1.2
9844.54483149824,3719.1945984666772,1.2
2797.617354646673,938.2897092131636,1.2
8043.636598682075,9496.050760560842,1.2
1503.0939630062824,9337.717392658771,1.2
3623.064818361207,9941.418686696165,1.2
8026.436628940913,4522.452235453491,1.2
2673.5651645964554,9443.23120425704,1.2
5351.425011073554,6486.9002690028165,1.2
3684.4232566835167,2438.402883829217,1.2
7005.241582395943,134.4855096288,1.2
1444.2778982177972,3107.803501658789,1.2
3695.180719053932,5352.015763410583,1.2
2260.0832123718596,3848.235165340982,1.2
2931.887650443038,3588.2098162132793,1.2
2840.9255345646543,3443.0179381951666,1.2
9310.641537990847,5931.344656727788,1.2
2691.3831952478695,2232.7377402137404,1.2
1592.953360098701,7040.930530545734,1.2
4581.507741534036,6155.180517436675,1.2
1542.8898549805326,9203.06780168411,1.2
4485.589424970599,7729.301619250502,1.2
6324.63390242336,8504.4117257275,1.2
3695.847404715675,4372.5145663188505,1.2
9859.03734104844,3873.843453946171,1.2
6663.621278341249,6154.419179490421,1.2
963.899246829153,233.94599715529597,1.2
9341.171696291278,1886.4539436266891,1.2
754.265550260187,9747.096511910797,1.2
106.47224489468088,6162.580588120427,1.2
3790.063440762619,3990.095522701266,1.2
2283.14422189864,859.2182140762661,1.2
2362.9637670453562,5826.059990393583,1.2
7778.949569459826,2875.1903726280025,1.2
299.88926368166193,5412.417425696635,1.2
8622.397124883744,616.6294366752422,1.2
4546.571186347085,6044.759547606601,1.2
2411.088643582944,8460.84209165371,1.2
9386.656978582034,1007.8830340414402,1.2
9414.934946531004,7833.71387029595,1.2
9528.485369488304,6627.220697731596,1.2
4525.987351371502,3966.836793116286,1.2
2280.759196021794,5071.161996697724,1.2
9843.939221541994,6538.199981628714,1.2
4877.956395100254,8258.33454481669,1.2
1802.692365420655,3609.9974248632793,1.2
5546.578170222192,5591.935598158998,1.2
2352.8488937372617,7463.786876376725,1.2
6115.538429063343,6938.607054128062,1.2
1376.0362914562486,3246.637812433878,1.2
4127.03586340409,3444.5369581334317,1.2
1002.0394372095809,8071.878457210639,1.2
2895.8966330495227,1185.8140449822329,1.2
1882.5993508757554,1235.3310368459381,1.2
2826.0778325338774,3734.850093174199,1.2
1659.296040209174,4.089706364713841,1.2
3889.41830122121,3761.03646915364,1.2
346.97180751817046,3290.675509008294,1.2
2646.4396196716757,7855.142946081059,1.2
9902.601764680649,3512.7650511280863,1.2
7549.080973021712,6612.026626864101,1.2
9113.556768251643,156.29206873598923,1.2
5096.960132878408,861.7133055718607,1.2
1926.5724526560534,9030.03606850152,1.2
6661.6121926980695,305.6618065936201,1.2
3351.007932724817,1178.8907513615288,1.2
3351.6742592590754,6338.749115327462,1.2
7809.961422854494,1018.8392047025685,1.2
8233.64200783946,3884.190920925125,1.2
4133.15616564992,2304.5042147927743,1.2
5712.054078889555,3664.930053891996,1.2
5129.38407702342,7549.470157642152,1.2
4563.952394385567,3745.9599444793666,1.2
9263.319266917171,218.93992197599133,1.2
5301.056409642877,9456.875691449155,1.2
2160.278994708452,7965.216411970791,1.2
613.5448810901645,3428.9094146430234,1.2
1921.895546390383,4920.9908880071725,1.2
961.5018670951114,9042.135319851637,1.2
6875.817107365053,392.8915936620192,1.2
5883.743870021951,9605.991127723195,1.2
5328.226835252717,6549.286816085308,1.2
3523.8440790259183,7467.671904379895,1.2
5585.460047429248,7342.804131713123,1.2
7720.715572528974,3526.246659342058,1.2
6090.319743022258,1999.9106141416478,1.2
960.0180553788662,9941.323461433542,1.2
3450.967723375019,9361.926067111075,1.2
4250.338924860212,260.091696030742,1.2
934.4807690194378,2528.0428286739375,1.2
8815.533867170643,316.6795830533553,1.2
8139.405796206116,3059.8954514832853,1.2
7643.383633730698,2499.442380752834,1.2
797.7786059425773,6044.145868796704,1.2
5581.4670148678515,3070.8860806443718,1.2
4897.257731498855,2067.3983858370716,1.2
4399.707282327935,6206.6144240495005,1.2
5926.111192863421,7931.3784092983105,1.2
2780.625974169286,1461.830797532271,1.2
1099.532435734737,1557.3481037965241,1.2
6010.846889515513,3836.281364426456,1.2
2397.601493375392,6441.507024322517,1.2
404.4639495937818,8698.668304618237,1.2
3397.903074136286,1720.774197911561,1.2
433.85228545350543,9617.321427157318,1.2
3869.5770629061954,811.7915090324534,1.2
8494.426389223921,6051.544340179783,1.2
6257.141694936631,9539.826761533885,1.2
1615.734833583432,5854.179194660785,1.2
6566.437691409427,9808.921879888865,1.2
9711.796436807657,3166.3324643441606,1.2
1962.649908162638,2147.6785739384172,1.2
8804.377449388758,9061.159744056458,1.2
701.304679126532,9655.322529976915,1.2
3168.0819597169507,9941.781417961716,1.2
9395.762489750234,9018.001244861054,1.2
2276.6218344681033,9011.613051538343,1.2
468.7086832105047,5363.759507832252,1.2
8110.137310385408,2943.7283812821393,1.2
9108.983928142485,2249.3420328463444,1.2
4221.058235179215,7045.6841196252735,1.2
666.8076237072506,684.2575811169249,1.2
4871.121181618503,4941.391706639351,1.2
9332.291005823023,5619.463780129381,1.2
696.5529694255013,1917.9871349603118,1.2
7377.592224004059,2744.5768137501836,1.2
9118.175093147805,7035.235980177088,1.2
9268.909908332646,1202.8311640665236,1.2
1483.7182507228174,7941.532252266801,1.2
3226.1045349012074,9482.144158426496,1.2
1810.634994625233,6011.345896364863,1.2
1212.3829820266374,8088.996743267346,1.2
4153.358521835099,1915.4416513314754,1.2
4360.546737813627,7282.818796332818,1.2
4872.568279537149,6156.044929402019,1.2
5969.288244291986,1741.7170280277105,1.2
6603.495523228999,7295.0038915168325,1.2
8835.263126673592,6871.138244398733,1.2
6587.600851969174,8635.531733642014,1.2
8739.73840927309,935.1822788545305,1.2
4099.082373913982,5431.689917555917,1.2
5860.45963680759,5095.8670475174185,1.2
2366.763158110018,166.5036092816474,1.2
2852.417056181775,6976.747014305734,1.2
4429.3130246303945,5293.620480731731,1.2
551.8981689408175,9570.559024721395,1.2
3022.0945690779954,4852.560881240651,1.2
5105.241955892087,8898.354826794948,1.2
6700.375630043911,6795.303268035631,1.2
8818.30507463145,9709.663531001142,1.2
5762.321485985026,2292.733994578707,1.2
6807.9974938036385,360.7298534116821,1.2
1355.6489305593257,4582.501862731837,1.2
4955.489908644204,8697.895449814858,1.2
1554.9175925628144,718.2853970318026,1.2
4142.396622169411,6595.081164378039,1.2
1363.4157964475069,1389.3428933688579,1.2
8153.827415067697,3557.5498932318096,1.2
7473.937465277759,4347.586154017395,1.2
7007.685160040645,1398.7047226435168,1.2
8478.453962040578,528.1100228446534,1.2
6509.577864407238,4685.898866848242,1.2
4822.345832928214,767.9424210710184,1.2
3725.6722122614938,9143.867250524809,1.2
2048.4167070003214,3909.7688377928675,1.2
3190.4315601186386,6704.202079652937,1.2
7141.306761291699,2801.2759263161,1.2
786.7639388875969,9807.152322061034,1.2
1673.5645282871992,9813.24963586811,1.2
7905.792655696525,9064.24479856501,1.2
9171.697389978479,9708.42251241987,1.2
1568.6015200325564,5280.26453614626,1.2
5386.279904853033,7477.180005701655,1.2
9434.407973175385,1149.675567195949,1.2
9051.015586684447,5185.738507276167,1.2
2246.9813127079365,1358.0385094983437,1.2
8818.128465906813,7139.866699697919,1.2
5024.135342631357,7335.587204013537,1.2
5425.203950679609,2736.650389125779,1.2
5217.393498879373,9912.457519117108,1.2
1861.3405072570145,1977.7236319447188,1.2
2256.6843193932696,4593.905203248227,1.2
8713.368850697188,7970.832296298859,1.2
2017.0540100452783,6911.206020621379,1.2
9803.93618650749,9458.02675091662,1.2
3977.3156516707318,9143.501514007643,1.2
5751.193145290132,6297.2304006591585,1.2
9412.730764893351,2666.4538023735763,1.2
6982.338664308599,3552.952913960392,1.2
8458.403629078362,736.7207600383541,1.2
1083.0965616169165,2441.6880030925813,1.2
9583.449624357523,8629.047362031668,1.2
9480.863741422296,1744.806192645597,1.2
3878.820406996387,5025.021924700585,1.2
6164.323768424987,9516.395603979592,1.2
6368.692253811967,1122.569933770816,1.2
9937.973793142457,143.41876823345422,1.2
3954.45119217116,9386.582416731526,1.2
6510.121128502688,6427.6143976372405,1.2
9793.831882377403,1378.1106076300432,1.2
6855.751003658648,279.6847608876674,1.2
1811.1163583026735,6150.2398246458915,1.2
8575.775789347832,1785.3655637497634,1.2
141.28002853565303,7228.541131155336,1.2
7394.518210809105,3206.5225470987734,1.2
2546.017189340193,1607.6958287693067,1.2
7091.889636522254,3427.887755982579,1.2
6560.196914648844,1542.505353417849,1.2
914.12645819266,5741.583270203928,1.2
591.7044253888215,6520.449318808906,1.2
8593.820215757345,1000.1996560584803,1.2
1021.3300596510633,3695.3507310259047,1.2
7537.288131972046,9335.035901955425,1.2
2083.872137036293,2595.975006387409,1.2
5836.623248451761,5962.167160284243,1.2
9295.944209440488,5490.705690165524,1.2
2673.1063567963565,2069.7482372125487,1.2
1313.3292679610863,7114.50537579519,1.2
3633.831500316874,3521.9718189230607,1.2
5656.133060904339,622.290095177851,1.2
9948.859689288067,3726.5979201982514,1.2
9923.346827177404,6237.387625303269,1.2
7583.960077135774,7772.469053825242,1.2
317.97127744911614,8681.464213995172,1.2
8622.071512511522,6523.057696263812,1.2
9390.175691091144,1362.0100182721062,1.2
6527.642738810799,3675.435601756537,1.2
5982.1980165545765,6527.101949271179,1.2
765.5503655021356,4972.837264287686,1.2
2375.750808256247,3673.3982985084936,1.2
2308.5487820062813,9497.1478829612,1.2
1093.8325008023596,8632.446689979488,1.2
5160.250109408472,8174.859586889103,1.2
5522.399855543798,9320.354805263749,1.2
9352.980050497305,3975.473868461158,1.2
5164.890789981709,1917.174913825942,1.2
2056.6124198380544,9033.698006230785,1.2
5528.916893603347,7331.996090468945,1.2
2230.2085261602956,7732.944663795683,1.2
9322.065481453217,752.989723741212,1.2
9149.66565388619,2936.8763009154163,1.2
5645.674810220549,2333.0593694561917,1.2
9999.758764754004,3359.080908136265,1.2
1165.3484013626603,2827.931749438274,1.2
7566.527869349754,1351.1590180284195,1.2
7973.962553076306,8491.11419433449,1.2
3280.8054066264103,8143.073232270095,1.2
8516.797108411598,8528.300909044636,1.2
9162.955350445634,675.2502015516649,1.2
2150.199582573965,4501.185852936932,1.2
2752.4872153767265,7003.256058839263,1.2
686.3310935187727,1183.0109857789405,1.2
9769.731119531483,9227.685280581047,1.2
2511.3731830128727,7857.868266484403,1.2
3695.7300781072167,8488.49553400411,1.2
3410.625374307311,6350.0873785975455,1.2
921.3942582709067,6877.28488990177,1.2
9123.84236132666,3428.3544222955707,1.2
8895.361222283467,2634.9647105789377,1.2
3805.4322767523217,2031.9059416581376,1.2
1895.861896014367,3489.396036082075,1.2
6200.621959573061,4553.621820475593,1.2
7499.164400323541,5942.9980883685685,1.2
7441.942936478475,284.3028878440701,1.2
2838.82026357414,5304.065302710304,1.2
3944.7376015997147,5497.263240275947,1.2
8020.960636749035,6439.065441357924,1.2
3087.4394442735597,9061.202464427168,1.2
1311.936590059476,7526.498271966282,1.2
7039.567019907496,7775.461172103656,1.2
9310.60114890182,9053.430558316422,1.2
1798.268629713451,9547.064410245908,1.2
5795.08006097038,4652.686826173131,1.2
9842.819527252657,3749.08445384179,1.2
7612.727950544606,5636.449453814469,1.2
3245.0126898006406,9061.036895507832,1.2
3760.984176096025,6788.17357348856,1.2
9179.564922678415,4881.140939085854,1.2
4673.692928894429,2702.9679478903013,1.2
6775.588588153138,9006.755132869193,1.2
3416.475919630789,2852.4868629578837,1.2
1755.4847384927996,4733.370056143837,1.2
8653.580706897328,1619.3703398579728,1.2
8619.150811159529,471.7810187368432,1.2
8260.458119048491,7613.305839799352,1.2
6546.6434530340985,565.2289957329837,1.2
1464.9100393238168,3069.347983433157,1.2
7371.167506604836,6663.555814879473,1.2
14.963277189024016,3229.166031352769,1.2
5214.045200691137,3502.2611295762217,1.2
1989.2621788752717,9922.209476747033,1.2
3221.114977171212,5463.185244718747,1.2
4372.057112508802,8364.37989748877,1.2
2269.0927384597026,8361.997730463001,1.2
4829.444050912755,7204.086696533051,1.2
4105.983474707813,6569.335105677686,1.2
8746.631397743395,4207.409625015575,1.2
4926.15443083557,9670.439114879026,1.2
6095.565927838658,6314.0714783507165,1.2
7264.268791878809,9300.4510362874,1.2
6718.702029173538,6572.02918730387,1.2
6246.2761838956,5204.443779898866,1.2
2222.774935788492,1957.7316019776147,1.2
9956.700464754806,2049.0784258748563,1.2
3617.01516632979,9136.642818296588,1.2
7123.6194972963685,946.1079717685494,1.2
2612.278213864063,284.542303116303,1.2
8422.483192366448,6513.623603501433,1.2
4645.744092392797,6670.132655393636,1.2
8374.025752187192,6287.54240790803,1.2
7659.673479908059,3951.08777423842,1.2
7601.9982241840335,2860.0324541806986,1.2
4570.602575410382,6520.706186026229,1.2
8666.632934905629,7609.151704767451,1.2
1756.771341296759,6648.768674295879,1.2
284.4334946401528,7623.623486788253,1.2
4683.121375778301,3353.4485582999996,1.2
1967.6372090737138,7934.832800860053,1.2
4782.9518433817675,7049.161194545916,1.2
8888.347578306017,7069.891585027627,1.2
2982.1293294531024,707.7017930691487,1.2
8096.0927670325555,4787.986384035054,1.2
1126.2435176591923,8948.34840386825,1.2
7917.322415734859,8711.564153988558,1.2
8042.896063180589,794.105289680046,1.2
4110.610706389128,341.1990941451626,1.2
3107.82698560087,106.33065085525305,1.2
5659.558907615055,9032.568223449476,1.2
5450.6370378385045,6484.424595153906,1.2
8070.994428303768,8333.834352671582,1.2
9181.551072835975,3048.8688924496887,1.2
5220.907528436771,250.65565684611047,1.2
4246.872613882851,7553.212892116354,1.2
718.0395454963784,8615.725707049642,1.2
8985.288501792178,4916.164782113787,1.2
4205.138260550463,6104.647323826795,1.2
5821.697879383956,3523.4091711268966,1.2
2141.5353587545314,5219.614800859847,1.2
4474.85679783073,2119.9302592349713,1.2
4678.638043853316,2793.4785092424286,1.2
1006.3715693697994,2448.151822494895,1.2
9272.878948022091,3112.693264669136,1.2
1609.8684434253219,588.3436901832296,1.2
8745.941807119687,2566.479546365178,1.2
521.600568582583,3240.1361180670883,1.2
9922.795700110635,790.9758614297447,1.2
1051.4731584388005,897.3778149611201,1.2
4019.8985283691145,4160.364142890957,1.2
718.3655444100301,8993.831427562767,1.2
191.93037721577434,1881.9043148725823,1.2
7213.141468781773,105.51185256779894,1.2
414.65865180718373,516.6105232267093,1.2
186.50536279718798,7412.9554405186445,1.2
829.3773894816059,7866.967062345276,1.2
2809.045538586178,2896.407815275881,1.2
4291.417077819094,5038.27012592435,1.2
197.30343818698205,7538.459357309264,1.2
4616.678968150848,9174.813275032076,1.2
6695.865762657407,7583.335574111567,1.2
6730.438661994041,2454.6553564066376,1.2
7969.6590383532985,9641.6656719964,1.2
837.2024324543393,5860.920989200653,1.2
8948.739417410254,5232.310790451447,1.2
7867.072556324647,651.4952386970407,1.2
6640.2411070136195,6565.077471517018,1.2
8526.789479200146,9548.368300773254,1.2
5443.879376069041,8990.744846042393,1.2
1974.7140778361083,2653.5211543262194,1.2
5387.093317654362,9465.667002625645,1.2
5072.899906243948,335.1988136096284,1.2
2773.5704559157048,7339.110041952767,1.2
6684.842287819051,8826.338346582012,1.2
7313.573335729625,6224.407265639108,1.2
6927.140007680767,1378.1924727289775,1.2
5992.642557185851,2101.150231112364,1.2
1962.3779493713178,9363.131113296042,1.2
6592.413627973097,2795.5598403701874,1.2
3086.0856314969733,1428.7204909118034,1.2
3693.7094576155337,6727.874753675398,1.2
2847.8415878951946,7999.935533236759,1.2
9271.171518425619,6294.635587468512,1.2
7755.216812468239,9820.108082507057,1.2
6413.154450893764,7290.033792940574,1.2
2860.6284415534988,981.8070130333978,1.2
6647.353796696737,6806.776780339521,1.2
1345.6831445065066,9049.42745075018,1.2
4946.628445954995,5887.390320163645,1.2
6467.489375744893,6943.446308323819,1.2
9380.451037598616,901.7401784296796,1.2
9975.277215023787,7849.117885248562,1.2
8088.047500374622,3240.920832268197,1.2
4554.815153956631,132.34120282597848,1.2
6910.032731322942,9833.331385603557,1.2
7075.578959887884,8912.999023400982,1.2
3781.34080120075,9340.271310962764,1.2
5814.556421579188,6319.627628532167,1.2
6281.0642489048705,4081.784761174961,1.2
1105.5598496782604,7460.867896316744,1.2
6619.99219130604,1132.0444636008199,1.2
5786.914977442168,4193.697226720096,1.2
3106.378783190925,1394.550514830587,1.2
3912.115296181031,9285.724622855234,1.2
4131.419293269166,6779.661067589217,1.2
9283.374546872335,5151.136380375901,1.2
3086.1284726731496,142.64948484292717,1.2
6790.608036371617,5815.897803053577,1.2
2594.586582441395,9339.45178330802,1.2
1232.5793922197904,2112.3576062438133,1.2
1967.7946429388137,3861.4137700414885,1.2
8534.90770857811,9484.63382665812,1.2
3061.107848544655,9476.604511467684,1.2
5504.317793452316,1771.7096952707068,1.2
9594.401263001564,8505.991810228343,1.2
8858.563289678197,7500.964212542115,1.2
4517.675951971713,7098.975360123489,1.2
1693.5394902987966,6081.728693474917,1.2
2962.7212264631166,3984.5300485008893,1.2
5395.515708150795,2465.0085898708217,1.2
7611.491906789115,5305.263849127097,1.2
8893.326250051354,8902.890916938706,1.2
5677.97419726114,2628.470669601428,1.2
4744.379565853317,5249.545664521016,1.2
7638.936033197859,8686.079340085967,1.2
8165.8164842486185,8055.705845036579,1.2
1481.2499878391172,2425.7252637817096,1.2
6738.636239965681,3555.858449505498,1.2
5802.850091021154,8725.292712185408,1.2
3695.5779037234606,7515.901953935295,1.2
1370.0036790532088,231.56708094132617,1.2
8584.656313050466,5849.2021305016015,1.2
2778.116995585338,4680.77091526788,1.2
4256.458521766904,8926.594493462291,1.2
7340.255182734611,7425.963021961937,1.2
9916.780713618033,6247.746792933607,1.2
9586.31616310795,8608.2279790985,1.2
3565.9008405615923,5528.115609689298,1.2
4759.949167931845,2235.2531057297333,1.2
6251.608838443251,1074.198639199011,1.2
2155.563101394872,240.95408122307595,1.2
9192.255575683927,7427.920105588533,1.2
7130.927373240339,6338.5778948621555,1.2
5868.8539481078615,9087.317706794254,1.2
5035.172760771319,1354.7243851816238,1.2
4914.621915388279,1586.2296560461375,1.2
7203.713741696211,5466.510029639696,1.2
6692.063702995673,7615.711957043124,1.2
66.77393669449083,9049.918214972302,1.2
4642.716319496176,3494.921479049472,1.2
508.4957840925874,6315.418396785159,1.2
5380.599756545821,3988.4923670266357,1.2
771.2000450440581,3662.949504479811,1.2
3899.427611159505,9663.90300824226,1.2
7845.906517816499,965.9697568353109,1.2
3519.0766984307243,6669.739190861656,1.2
3817.8517328359353,6696.17080980493,1.2
6564.176692103939,9852.048173663263,1.2
4408.731051437447,1186.5315249320795,1.2
5380.583961224452,3313.4198530058025,1.2
1019.9458270183093,9768.032758234482,1.2
6941.986054710798,9819.179522635117,1.2
2669.8740281498813,131.81256404617315,1.2
1668.7070040077779,2308.757142502741,1.2
5893.015683516472,8222.56666956048,1.2
4259.96769788489,648.7542838033944,1.2
4527.671371290443,6678.587814195898,1.2
4718.42715001192,5295.421279077626,1.2
3484.6156767635985,5338.373193986933,1.2
2018.5752457102335,9788.754337458862,1.2
7652.278949940757,2688.5740862643293,1.2
1096.7432132844956,3529.8646807162013,1.2
8388.106928607654,3607.2508704671113,1.2
2885.8980558986714,2621.2576824645016,1.2
9462.707929221539,2411.5792600834598,1.2
4839.368399325945,3219.0431427962762,1.2
3491.61459631817,332.1803479899033,1.2
3614.334214441167,5610.604726087071,1.2
8608.426583389373,4602.179682343828,1.2
8872.17921407623,5708.625018595603,1.2
8606.724335014775,1030.9719884732383,1.2
7965.587565815108,4218.686387255063,1.2
4657.134894645688,2832.016418564559,1.2
7113.370117370034,4358.756450267838,1.2
1828.6692195197518,9145.291740731942,1.2
7263.968097598258,534.0797044229096,1.2
4677.446933115105,8000.85428110399,1.2
9752.864391705172,8247.640804882494,1.2
7322.383124701974,7566.943665382339,1.2
9260.216097924711,2941.649381194649,1.2
460.29058024424364,4369.185730488072,1.2
6893.448472926236,1093.4489250713498,1.2
5632.077244926624,5248.130621657855,1.2
7664.5191085449405,4186.9673081310775,1.2
4541.319058340915,4429.1576948746515,1.2
1342.4296437898752,7897.084251509905,1.2
2600.3842769087705,4022.3964455965634,1.2
3554.5281633993854,3207.8700066028764,1.2
806.3516589940866,2812.0040728381946,1.2
7.615774183785673,2835.85175143907,1.2
5561.085219267382,9994.733728833084,1.2
7399.975847118674,4971.389825733694,1.2
8254.018900089954,3622.4225335764736,1.2
3010.7443464908324,3045.5535997589977,1.2
1194.0622372732412,9734.504353384007,1.2
2287.932373292545,8680.210270010555,1.2
9178.225262106329,4652.38905094502,1.2
6299.165746505038,2526.1281142013027,1.2
408.55085006694435,9067.84439834451,1.2
2262.234057638506,7688.316270352216,1.2
304.9629533731213,5301.076280638851,1.2
9143.34012905469,4413.2247428685505,1.2
1725.6973315608182,4396.124048662237,1.2
1632.9171249670371,7268.677276004502,1.2
8529.137348076663,302.8749113398743,1.2
9907.999738098446,9488.692106021308,1.2
569.5796921712581,471.46006437953747,1.2
2578.652414678422,5627.993815035944,1.2
3543.2049706350213,9796.970049868498,1.2
6124.584223672753,8465.047839187959,1.2
3812.378600668097,7974.487840656563,1.2
4796.850747793884,4890.305129008533,1.2
4299.638085828747,5217.950307579363,1.2
3654.0000650139027,5854.60769053851,1.2
4347.051649865099,1281.4599192881183,1.2
2396.916768387913,8974.546904585679,1.2
359.5050377317921,1378.163904962717,1.2
1648.8377416279043,1562.069840276503,1.2
3145.7253759460846,4254.295132857306,1.2
861.6059678071531,7725.418627730447,1.2
5931.87289014243,7547.101614286772,1.2
8181.0827552556275,8087.087888375712,1.2
4846.8140565310505,7658.885575283849,1.2
5054.67120924475,7790.14164461495,1.2
8540.345661113863,4688.552136868048,1.2
7525.738447484099,2983.3583518807695,1.2
9586.011067509966,654.6160245322608,1.2
6246.817893311613,970.2805077498156,1.2
1919.9517087488405,9720.16674350979,1.2
208.35671392310462,3894.352151373586,1.2
3475.0496298283197,5474.702180886827,1.2
9010.025903788168,5828.892796394744,1.2
4476.686333542097,2685.4396099268265,1.2
2086.3830878524227,6606.142815070925,1.2
7751.249281077379,1264.4533305059879,1.2
5466.255312144251,8458.664112233848,1.2
63.00008534686818,7144.854519208228,1.2
5503.201306688634,7560.983672105784,1.2
3851.2656258781585,991.5083345602483,1.2
3335.692813508847,4938.551795726234,1.2
4194.537939713705,4323.594038753553,1.2
8236.411138938054,8808.313383750854,1.2
8412.188650168297,334.80889887061437,1.2
4904.303703108471,9787.804846761235,1.2
8237.625431341507,4450.819585268323,1.2
755.991404145977,4241.935908201632,1.2
7128.0837988522635,208.52159594889508,1.2
6442.303602193934,1461.5028061673418,1.2
4481.2557183429835,6647.714985840821,1.2
3628.77474072692,2661.3953313337315,1.2
9804.368458725354,7251.482536463103,1.2
7441.191429782396,6392.141181703598,1.2
2799.1128656697274,4012.103497112982,1.2
3441.2748054219855,7727.781121037193,1.2
1135.9636526170336,8849.634732313605,1.2
3777.4529385516607,7464.3351650830655,1.2
3905.423640066611,6799.16627658136,1.2
4474.954647441342,2811.2307327199724,1.2
6850.910113296344,442.1361930069701,1.2
5520.389757663762,7502.113318093213,1.2
9011.97323858589,8940.736939337,1.2
3952.8349381228377,1387.4329107200422,1.2
7898.289070324474,9509.583393014294,1.2
6176.700224736028,4787.528614434668,1.2
741.9292362940544,3972.273267815415,1.2
8099.872330157774,17.15560889841594,1.2
170.6098170349013,3402.005006601938,1.2
3778.3205798211884,2796.814282763004,1.2
2175.9632803968166,2012.8614172705961,1.2
7699.203439877737,6064.190982372539,1.2
118.93446853109558,7558.466694783819,1.2
1831.78283305252,559.2556781619995,1.2
5774.1598294989935,3875.6125699534336,1.2
7345.445680448884,8465.844375081675,1.2
6457.960245460969,9038.485484589404,1.2
3479.4532051600136,1116.6793208821357,1.2
4308.933454419348,1764.4072457203586,1.2
6727.813157098993,6998.840163641832,1.2
542.8844895251716,9770.218757569259,1.2
4626.385121753833,4916.929164673846,1.2
7165.788091051847,7211.055023054841,1.2
9485.348151069746,9792.193055580326,1.2
7956.900497208356,9772.32407606823,1.2
4345.91422566103,3073.29426959532,1.2
2556.479317529818,4020.095067055566,1.2
8011.353804869351,8068.317786231008,1.2
4782.602344466638,5087.708568603501,1.2
1112.1201671259018,9417.74163062051,1.2
4330.863214594504,6856.6046131050925,1.2
6263.920839456537,9687.566050225694,1.2
4600.7800119956055,7795.192459350337,1.2
6839.262920419043,2172.1633275436957,1.2
891.4016807426916,5529.864556757154,1.2
14.78179739307639,1593.236600782313,1.2
6330.888497806079,130.06396923271325,1.2
3900.005132542713,885.1413283639997,1.2
5006.170474511352,2528.2703583285424,1.2
2652.139892579349,5066.14142111744,1.2
1038.406058784772,153.18376134103363,1.2
239.85677401888506,3046.7904265235125,1.2
4144.599651495842,2878.9070669522944,1.2
9228.302744353763,5280.458837728055,1.2
8634.508691181369,8286.922169953787,1.2
3833.4479092520246,2968.477233922451,1.2
9155.5762177994,7758.708941916988,1.2
7104.968604468167,7798.727253168411,1.2
9832.953369616516,6715.7646532874505,1.2
8729.847533980505,3741.696808892965,1.2
6851.124917154124,9920.249422775612,1.2
7248.8481630438555,1133.3757450119763,1.2
4453.699554809912,6433.243151147983,1.2
1631.854203444587,989.4130821192637,1.2
3681.6712798059416,9549.61258686383,1.2
7883.143453923046,4028.2941494212578,1.2
6777.755634084295,8666.012367175705,1.2
7847.668476740576,9780.02486310918,1.2
9340.877663320223,1356.9267532874096,1.2
9631.203770786064,3530.602574147729,1.2
1398.8649561186285,9288.183593212494,1.2
2771.7627712303083,5792.603881837398,1.2
6299.568765820188,1933.5746450269287,1.2
3245.146478894689,709.6383497703773,1.2
5323.666878238759,5348.574421990292,1.2
9461.385765226682,3684.5236182111685,1.2
8742.91924527536,7522.672229925964,1.2
5683.899994764147,4630.667171415101,1.2
6708.784050873132,8609.914623907413,1.2
3570.3897053480473,2009.0311735446087,1.2
8383.782033295223,983.1166992514095,1.2
9623.590819905829,6660.558785837573,1.2
2939.3443942022336,9200.517716180548,1.2
521.95105902201,633.4410820421754,1.2
7709.677404065564,9587.40907879273,1.2
3951.8854277513606,2004.4539343791212,1.2
5337.200401852031,7535.722709555356,1.2
5095.315240391845,1706.2162021661609,1.2
7749.399464982373,4511.802725804352,1.2
6186.732321676446,1634.808965003861,1.2
825.3167074538626,6873.718802022149,1.2
4278.713571295531,2902.423563597325,1.2
4150.717988330684,2610.648841658715,1.2
460.6505096272606,6700.30744146765,1.2
2475.712928117082,8281.343444623772,1.2
4502.680230374467,1062.084755775503,1.2
3412.701299278844,2865.619320330249,1.2
4237.15298329487,1972.681894769701,1.2
8627.510298086732,9249.171507023997,1.2
6649.257522652867,9684.168584913967,1.2
4540.335413008456,6459.070636890716,1.2
8649.977366511539,771.5324596034634,1.2
5972.778208293762,9286.609043664423,1.2
6090.6657108479885,6759.074080659005,1.2
1046.0047258858895,9388.91186294171,1.2
3100.4867773164224,5463.224196490861,1.2
2062.298021620075,6514.961763733255,1.2
2125.567872764922,8864.09505961869,1.2
6810.0837030464245,3224.8778264805087,1.2
1736.184971795427,3161.383226568292,1.2
7461.7332368192965,4013.1069195904765,1.2
9506.275495190825,652.4956032611473,1.2
4073.8703137697685,3072.5826562799953,1.2
8602.307946140998,5316.999021589253,1.2
8488.04606123235,9097.826208852091,1.2
1990.076187951063,12.994665080203749,1.2
9032.00295442925,2167.0682984134737,1.2
1034.5787253556082,4957.931139797227,1.2
7894.694159257373,5756.843762952275,1.2
6450.804583371846,3326.4605384889633,1.2
8433.51337458393,4885.665346263701,1.2
7741.265344193386,8320.732169158398,1.2
1413.2643816182567,8538.272450460032,1.2
7428.86976856119,4136.085533173026,1.2
2069.3617121115694,3195.106618357597,1.2
5100.816076075425,2353.703671132521,1.2
5650.58141850569,4980.383805151914,1.2
131.49526221763796,6873.902780301284,1.2
8784.882897405638,6594.493889306417,1.2
4045.2370101928313,6560.552817253961,1.2
3280.0658084178212,6278.456756874999,1.2
885.3403377146518,224.51611646243097,1.2
8538.772654602926,6592.760012740262,1.2
5120.42387768553,675.4370955743105,1.2
3958.803181827629,5819.76412190223,1.2
9840.252654310287,5291.008905725875,1.2
9318.234748068242,1749.5710861475711,1.2
6695.51219272508,867.7092661645236,1.2
2274.3266672768036,8945.780793600212,1.2
3901.794922330023,2056.7147643641424,1.2
9419.317785265273,5803.86240413932,1.2
9306.279533991808,5654.269223746403,1.2
1565.6091539422323,5162.217281991301,1.2
3715.570390369772,773.81125643745,1.2
2609.0476250850693,2296.037018238177,1.2
3114.3323738823237,3109.232186869064,1.2
4798.112861137623,3936.6349156662195,1.2
1199.5086390059928,8833.708023733041,1.2
9379.191965724393,5503.218900153918,1.2
7817.566888119145,9990.958487664418,1.2
733.7909038568569,3481.611266625989,1.2
427.9895450988036,1915.8799915964687,1.2
9052.652794415471,7004.23387104251,1.2
3501.8706303507274,1126.27924634367,1.2
1594.4861788093822,8183.231362621369,1.2
3031.4763581511575,2.9522230335343735,1.2
8599.349210065006,7928.3427921080765,1.2
2439.120793061812,7103.565431532669,1.2
2437.5072368681804,2448.642482108535,1.2
1204.4879889104598,8151.228703950355,1.2
8083.139367284615,7936.760015962403,1.2
7498.818524684289,837.6223984421305,1.2
2929.8335304943366,5444.737834584944,1.2
7720.5078480291,5038.067469710429,1.2
8704.045718371388,419.0663245388859,1.2
7618.305191627791,5601.577289331545,1.2
8358.332976540185,5321.296927993076,1.2
9006.954370473133,1010.9978359703398,1.2
8906.285382766597,1084.2125494099098,1.2
9239.165625387623,4760.083827417045,1.2
867.1945683306515,5203.350380100529,1.2
1984.985016582973,9931.65157053977,1.2
4042.9031563274375,1590.4727180993361,1.2
1697.2370423300288,3815.512478371116,1.2
4319.859595876995,4054.6268576820653,1.2
3828.2682477617814,3062.3673715627388,1.2
6306.128177826809,8329.086783290626,1.2
8253.417653435376,9989.431456786628,1.2
3986.997597858618,8060.308277754296,1.2
2503.9321644994393,7616.951443806015,1.2
1312.8432569721915,1448.6765066718133,1.2
1881.7202235935993,3188.464542511741,1.2
4238.480768216238,7194.674832135864,1.2
3694.519499858211,8766.384630245233,1.2
1233.2120628597288,2155.062838326668,1.2
2969.8672087965706,6180.01623363816,1.2
3810.8060746704664,3658.4599177539876,1.2
1303.9951579906806,1761.732872063939,1.2
1748.1717748609872,281.69883877282143,1.2
5728.822240107605,9405.035932959734,1.2
1640.0861972106784,2155.8740019718225,1.2
6245.571081919225,5762.799505052193,1.2
4894.512549448039,4823.04132893516,1.2
8968.775449824192,4232.834378963571,1.2
9757.122945155432,9474.72621108001,1.2
6051.531078551916,3819.78516166504,1.2
4706.1918570950975,3049.9118561780338,1.2
4741.232979741167,9973.870137333846,1.2
4499.343422685096,6602.450040375921,1.2
1451.020661566129,8581.885262132113,1.2
3898.8885978384437,8873.993074074511,1.2
4837.463606163924,1088.4576571989712,1.2
8022.996387093188,2205.490667662966,1.2
2830.997543177687,9730.126854246322,1.2
9769.514460019669,195.6364202487093,1.2
2654.042853419165,8064.9902575180695,1.2
6681.85953885089,8610.083104646072,1.2
3396.69078453017,1632.0196284438625,1.2
9377.747966705703,5023.523342051113,1.2
2298.158729728185,9598.041766234752,1.2
6327.918510801891,8130.657373799667,1.2
4520.41969726508,8437.175264040763,1.2
6964.514505616424,8687.88989345603,1.2
8033.21643623437,9737.42577362203,1.2
9989.743092143686,8085.137176677495,1.2
1267.6442077275785,7603.8580332184765,1.2
1764.7668829110119,2948.2044515742036,1.2
5286.62105511078,6914.8782619547555,1.2
5383.312280749439,486.14875177762974,1.2
1686.959901825442,2664.3160702855494,1.2
7557.727822276124,8527.044558691236,1.2
5477.515237541704,8373.398119581778,1.2
3139.5105753457065,3441.3480855750813,1.2
7980.974741163331,9520.927816152995,1.2
7243.986268891067,175.56720674600345,1.2
9544.066016527406,8575.418506732292,1.2
167.44257400908126,7775.032271209842,1.2
6984.161867163035,8953.770210473987,1.2
3545.57371131206,7448.770980777264,1.2
2095.2289736137654,982.7162081198659,1.2
2470.2809672882977,5714.7511222150315,1.2
1943.7928463237652,4514.306601100792,1.2
5117.393944749002,4105.4485485132345,1.2
6941.901420236064,8852.295933858924,1.2
2790.2051985262433,2671.9085319785254,1.2
2207.2133958265217,2223.811293312179,1.2
3794.623429035461,2982.285013132102,1.2
5063.273111321954,999.9680279322254,1.2
9047.568700229835,1182.968971645527,1.2
192.2079604200544,7285.355515362218,1.2
274.5017609045819,422.1994985612709,1.2
5691.647702000789,5813.104686923214,1.2
7947.588772009973,9214.80735867719,1.2
4068.2554761122115,2637.8113562651274,1.2
3779.342967874576,5474.150376794141,1.2
3569.3028902391534,1904.4785415042943,1.2
5761.511915638072,2853.391422769237,1.2
5656.4015755765995,1569.123595631542,1.2
9012.5472640935,699.342119970453,1.2
7220.197236803086,9624.262202422095,1.2
5049.16157208658,6041.130352292445,1.2
4296.689453894299,4117.252295494947,1.2
6342.340640722238,5059.234100000559,1.2
2182.4963228818406,7.579065491178927,1.2
5373.568965672267,5664.836224268417,1.2
813.8227841381307,1237.5931797479045,1.2
9537.843762573539,6429.511123350766,1.2
4463.9946257362535,5664.823370352391,1.2
6353.585069562755,1406.8581804344515,1.2
5093.842520114044,9853.905099923983,1.2
7695.229974590394,337.3082522130677,1.2
3430.925422280965,2615.8138172994472,1.2
4022.4694278866036,2149.225725003042,1.2
602.212611491053,6896.0375796780345,1.2
8435.688247520173,6359.36963702344,1.2
8569.27706749093,4238.767725119918,1.2
6327.714527362219,7548.869124085631,1.2
2412.973868222713,5698.61254776257,1.2
3998.3740119549207,5022.562946814246,1.2
8831.882512656213,5444.414266712929,1.2
287.88171313225644,9580.60578741669,1.2
246.6935107868562,8090.391708876844,1.2
135.8314082978973,3138.264809658664,1.2
895.5223409422686,2693.9397456012894,1.2
1866.8707234108783,7369.347219879108,1.2
5245.98775643674,311.81993095690143,1.2
9086.607374607604,764.6753954894858,1.2
3073.73744410249,5631.321788278458,1.2
4132.1625488258915,9780.105931797014,1.2
6606.482160267075,9349.729837944375,1.2
3812.4485609831695,3676.3751400992396,1.2
3266.804687801055,9822.137160342361,1.2
3664.1275474530335,8858.998022562633,1.2
9188.006954052073,891.2529993821727,1.2
4133.23227963996,2569.9670120529804,1.2
2187.972192271891,364.2325331871843,1.2
2936.701660175348,4512.031403581038,1.2
7097.866093511919,3953.224391929918,1.2
8995.092099143903,3414.721788080963,1.2
3805.2417749062174,5700.071313483759,1.2
7767.069088448422,2983.7087988813305,1.2
872.8662122840747,8489.523891362705,1.2
2817.033850386527,132.15154618994583,1.2
1033.8804792588485,9622.55090068438,1.2
2555.046070510982,5646.930739624416,1.2
4954.172599536568,620.6405414525884,1.2
8996.735743525987,1453.4115808028114,1.2
6247.260505907818,828.853375224099,1.2
6635.7002356545,7761.16517156002,1.2
5935.442809313599,9836.528820158264,1.2
9820.310661620899,9479.666944330571,1.2
1674.881723735472,4030.730160672097,1.2
7292.770365981008,5162.6040689942965,1.2
9031.887083425789,7358.902215130567,1.2
2051.643008776454,8499.45502662235,1.2
1250.3176083193857,8098.18824999469,1.2
9435.673274677938,4974.003290861158,1.2
6668.513055139579,8988.479752518715,1.2
5330.821376157772,2067.598739641476,1.2
1988.2242151977025,6283.2361707860055,1.2
2902.0485657097206,9430.571325822591,1.2
7387.7570040717565,5282.600586930959,1.2
4723.993149838762,9068.455705527584,1.2
6235.394093923936,8824.409678220454,1.2
873.5367632592539,6602.691993551882,1.2
6924.049666854646,34.86079128115605,1.2
8995.861520459073,2069.661381764423,1.2
2978.7443163067383,1035.6930758291428,1.2
6349.8804271119125,6228.386090829397,1.2
4321.521940319291,828.6993602417847,1.2
3773.6967024283654,3376.3398965154156,1.2
9841.266627615996,5227.559443205374,1.2
6869.939868171236,5364.014618535029,1.2
5413.654669519612,4803.794600765088,1.2
5270.662878199121,9655.98986235668,1.2
8703.140951227288,1107.6727356642657,1.2
9574.125459395691,8283.489955073517,1.2
1956.053839263442,6481.424834483913,1.2
4101.815553247413,7272.086048111997,1.2
7495.488569659672,1694.7023884948997,1.2
4686.36674548479,165.0871944011134,1.2
9429.630720858944,6417.724158243567,1.2
7868.1285529468405,6329.686180113138,1.2
873.4415016490749,8035.698699635986,1.2
1614.547602798909,434.9768483525729,1.2
8676.678187868973,9273.793985437716,1.2
1838.250469006537,1114.2700180678512,1.2
1932.7782532930514,4372.053714707205,1.2
6600.465006198275,1751.4572842209163,1.2
6108.878068156929,4079.311690323569,1.2
5201.482678854723,9419.741852226483,1.2
7846.240711672119,6837.719491558266,1.2
3377.004885114152,5813.618159860258,1.2
6049.026165357186,8413.23453539174,1.2
3169.7953792391077,2172.6263552423598,1.2
8241.16843614783,2218.3485359029255,1.2
9986.148696663695,6593.655868178637,1.2
1358.4413283059616,4297.60932111575,1.2
4907.842045226447,7832.303736836029,1.2
7633.45782452604,3731.9931883930344,1.2
1822.052809921062,5645.36969860168,1.2
3975.5874760282304,4436.056254653314,1.2
7296.431542521591,7708.239068232034,1.2
3565.4301544430955,4743.491168312811,1.2
6151.087060245351,8296.337576080461,1.2
6226.887667859884,6988.556017318663,1.2
8981.896237823603,4947.840147474512,1.2
5332.728968841725,36.160834107555885,1.2
5597.484057935517,1351.2918957701625,1.2
7017.596472198116,4407.199474051265,1.2
4501.741214340368,3426.159047899272,1.2
2370.0199205873364,2319.2052759819935,1.2
6895.370748362446,1616.4933551973459,1.2
6449.522612946478,8543.967313400439,1.2
104.20526730830271,9216.032372712605,1.2
4325.88978536799,8194.80599997177,1.2
8693.782390910701,6791.937232837357,1.2
1633.830392243648,5534.554541312018,1.2
4590.788590211504,4391.777021774754,1.2
1124.3696433260686,6368.093581843233,1.2
4483.31144530348,2939.8608473579525,1.2
4910.5347806479895,7516.9385905121935,1.2
2138.942853749274,3345.7559118846493,1.2
5002.169721803924,8468.429330311663,1.2
6593.29712400799,8152.207923316574,1.2
9594.716054682916,9905.919279231959,1.2
543.2164021327158,6062.080202246327,1.2
1595.9774662777127,9035.102223451397,1.2
5253.084998431053,4328.220928705294,1.2
6616.222263189409,4508.332813890404,1.2
2106.2870071311545,8642.263640576472,1.2
2200.91410069024,8518.663571417246,1.2
2431.4552614278064,2157.917324866756,1.2
9553.149324994854,4745.495308081873,1.2
1047.3235029802909,49.07621549244401,1.2
4631.587847612212,7385.621906087444,1.2
5981.756982949236,8290.640392499145,1.2
1812.1396885228069,31.63998208130403,1.2
5731.448386471348,5151.486973914842,1.2
4522.666325834771,5251.649195910638,1.2
7489.681731947463,1358.758900181053,1.2
5323.238812591226,7836.842992093442,1.2
1201.2357124151563,5391.788707866444,1.2
1652.0010864775836,5723.390480940798,1.2
4995.467453565316,8505.735573085698,1.2
2061.4388725388576,6064.240652463781,1.2
4274.61825248287,6319.3733482789785,1.2
6992.852653539438,2427.499190546618,1.2
4675.390474205187,1459.5823854149858,1.2
1009.2238145744303,2245.8853537461487,1.2
3583.77948751507,5075.030868301685,1.2
9278.586554161679,5032.262966316241,1.2
168.5503195276117,2795.5402776630112,1.2
3137.0918180971175,3295.630879832997,1.2
9107.589169776167,3863.3819861620555,1.2
6308.721039736393,7339.02307939404,1.2
336.6378147433935,1836.2813194110772,1.2
4554.22693582334,2174.1127210908585,1.2
383.2494559444777,6143.344356322841,1.2
4425.550898070992,3963.8653855092853,1.2
7775.421828267451,6757.0549695878135,1.2
8303.004546474825,1309.5523901801198,1.2
9743.866628481828,7854.214460161839,1.2
5471.48278085565,1217.8591286522133,1.2
6414.53350989743,3477.8455400456655,1.2
7861.454251928425,7483.165455446347,1.2
9266.333148263011,8712.887506504669,1.2
1533.1578240160482,1942.4026840789732,1.2
9171.871563387238,8528.92679637879,1.2
809.8587675515412,8458.300579370334,1.2
3251.5575164345046,1900.429548703667,1.2
4250.2839822728565,5060.378823336095,1.2
3577.332528969345,4710.108254778923,1.2
4235.989967929428,200.80158853107878,1.2
5879.079290407877,9195.11564612623,1.2
2890.76713177271,3363.669537748427,1.2
3841.0312097551146,6144.766019507114,1.2
7550.889490941398,159.8798627110565,1.2
4959.011736575681,2719.7700206297204,1.2
6623.577341438194,1083.6368142656584,1.2
8749.081332260985,8518.823076299088,1.2
6792.89560321279,7263.0090975320645,1.2
8647.871242731662,4578.563120890161,1.2
563.1056267121071,6053.1498841125385,1.2
8445.419399644521,2964.56210139865,1.2
8230.73742626388,2390.9878572071198,1.2
9110.942554499265,4428.621385015299,1.2
5932.4009362524075,1706.0613759372368,1.2
50.22161128533376,6909.180610493412,1.2
4162.072454842206,9864.226650963312,1.2
8945.468523062647,4973.159657438125,1.2
3379.3187074113907,6071.02026567583,1.2
4399.957869654883,6537.474753498624,1.2
541.3096115055105,4198.211663811382,1.2
3305.579135538963,3048.1278822240374,1.2
1609.2579501656446,5882.735051513797,1.2
7451.9306330359195,8386.640408593115,1.2
6146.498988495346,8661.986613409888,1.2
9467.783396953442,5980.488229989453,1.2
851.6433857703698,352.5166971645932,1.2
1140.9317584610458,262.9322434865777,1.2
8093.105393795523,1896.0477831780763,1.2
9750.813699910885,1595.9872150059618,1.2
9909.587949130697,1480.5602126391293,1.2
5591.069991746209,6101.168777933804,1.2
9034.924902343555,6005.689745432531,1.2
3396.600535793701,5391.555559214611,1.2
8868.009987242447,3432.9069640012776,1.2
4287.158950521828,5396.883361293384,1.2
935.4500247927456,238.96853725187682,1.2
9994.167285386664,9876.614126933697,1.2
2841.8591282362004,1729.021565865473,1.2
2684.284393268694,807.1391699099572,1.2
602.880094991477,6124.854543509451,1.2
6356.7702718376895,8324.048508510916,1.2
1810.3733823085743,5712.610274375098,1.2
4328.987131960762,8415.244608894305,1.2
8775.249267674219,8966.194891573698,1.2
5153.327672625024,5803.2158098458485,1.2
6623.2898967433275,2584.3569263170507,1.2
4827.6206953046585,4700.8008538283975,1.2
9415.689540288153,8953.983445974862,1.2
1631.7242870135628,8006.492368406861,1.2
9540.647272891632,5549.401049666864,1.2
5181.801345837845,6581.482602948089,1.2
4281.634937008103,5596.47049337168,1.2
7622.085894742392,5832.685324856208,1.2
364.43416698457855,1968.7555212979612,1.2
3115.1325255812058,7707.097536243303,1.2
5500.717375554658,4807.843112839706,1.2
4527.461683180195,9249.120948148939,1.2
5233.787849253456,1821.7096817631584,1.2
461.92295330699795,3521.193340871416,1.2
229.84734316331856,5216.102340667719,1.2
5734.673979496379,4206.044777926117,1.2
6919.233126595122,7912.779204343275,1.2
6030.350944728008,7308.537223452182,1.2
7832.141400144398,3235.3867419213134,1.2
6618.945598882675,3222.0329082002454,1.2
1405.5397006942871,7500.540333992762,1.2
5765.818077105446,5570.853384840593,1.2
1751.623294842567,8096.7404926622885,1.2
8391.922067918164,586.527395972054,1.2
7383.519179951592,4793.962603931872,1.2
926.0034451039334,7751.116619870606,1.2
5885.97355188497,9667.68815089531,1.2
9378.119694842482,3678.8033848030564,1.2
5817.9302854685,6272.365685601628,1.2
5719.730168834218,7116.922054022409,1.2
5395.439984748217,7190.432038408938,1.2
3608.790466231786,2792.102915464866,1.2
6540.254743527232,47.57157533476164,1.2
1504.157636958484,7162.3200573458635,1.2
2447.1578283258,5467.587155942465,1.2
257.59779139300275,225.75334386520151,1.2
14.724610610967748,5171.838435697348,1.2
2016.6487089839013,1778.524716619756,1.2
2163.7371159831796,9293.430499021142,1.2
241.02885263479368,833.3003719612309,1.2
819.7028117433747,6568.949240006528,1.2
5602.396356388936,4763.339513606473,1.2
3344.815089050167,4675.18629597235,1.2
1605.617415398134,8344.794862165434,1.2
2181.0933021279143,1157.9066707564011,1.2
6935.44513496818,4524.283999751784,1.2
1885.7648468627297,1332.3749612117197,1.2
4192.813159231262,5208.329546915192,1.2
456.03639513204564,5178.614649145005,1.2
3525.0427185272815,9018.547450852016,1.2
1544.697839723317,1520.29438917898,1.2
6189.099349569439,8283.155829761507,1.2
7496.064642966074,2272.187371436546,1.2
6655.349632639645,2238.9051587702934,1.2
9299.360880518905,6902.870953600697,1.2
6616.225121241427,6439.043082152071,1.2
6880.822265538835,6001.086735818987,1.2
7455.743272014453,3305.392548162225,1.2
6246.129838250795,4221.363239923032,1.2
4901.124442488428,5588.1269350832945,1.2
181.85121394399096,1687.714968333297,1.2
7913.116811159782,3310.0998174331785,1.2
1598.896918569317,4840.2948446374285,1.2
3840.7374858253306,758.5883425123518,1.2
6136.063894947398,7589.028668876648,1.2
1027.7994143863466,2550.307829776912,1.2
1437.4609586701758,5521.20080694417,1.2
3198.846167095739,2049.6589099800244,1.2
2064.341507502576,9405.543212911982,1.2
3163.7331931618937,1288.6487271266722,1.2
1643.1436996843363,3887.9800336356575,1.2
8505.212366113064,7900.378504091249,1.2
329.0009579803155,3101.292446515328,1.2
6412.090799431773,9469.596867221973,1.2
7416.2810234209055,1757.4469587171138,1.2
2658.557345951429,8905.364347041423,1.2
8680.231274687154,7070.726774479554,1.2
1980.6824676463275,7209.546830834161,1.2
604.4714570586484,3109.36898498086,1.2
5216.12511486101,3847.9411328577394,1.2
9796.113190033466,998.0852541132357,1.2
2722.561081848498,4246.398289491875,1.2
5524.299001013365,9215.535834336946,1.2
6057.773774577049,206.88613433710424,1.2
2992.590127710357,807.4816075057756,1.2
2662.0158435204066,1275.3688514521943,1.2
2697.995663912823,9720.759082295071,1.2
235.9229201883284,8210.793972674475,1.2
7103.14226900645,9267.695355642765,1.2
8883.248385440065,4282.820489458609,1.2
742.3077595771476,6468.053004887647,1.2
3669.6311714634576,2280.043951517848,1.2
6294.257583727579,3684.348400572546,1.2
5998.6666696087295,8786.957109566332,1.2
4051.9861730092944,971.9510014020038,1.2
6774.777745778938,7853.781540554384,1.2
7095.036554711385,2207.349901317691,1.2
5246.196101167338,5375.7707755302945,1.2
5080.156243468188,8485.120818475621,1.2
8912.701128234532,7379.6396798404585,1.2
2522.66056213474,1747.6055707034977,1.2
4294.181736882424,9338.389375114133,1.2
593.1645888220061,1388.3516822067354,1.2
6638.849584752771,4780.676520301984,1.2
3043.2172383895727,8036.069246217451,1.2
9121.692531754099,8087.495636418871,1.2
4933.874126723908,7354.790765077361,1.2
2819.200025565447,6964.979117360738,1.2
3671.555192277559,6357.26767965513,1.2
7156.997468846395,9690.900293667672,1.2
3477.6290870455173,4622.29605838498,1.2
3131.441790171535,9528.706300526266,1.2
4931.124389188782,9692.077854330484,1.2
829.4587854276791,9453.177882799344,1.2
3577.656888537374,9330.190678130813,1.2
9510.040495946469,6638.601055444591,1.2
7820.103599868949,4588.654510534588,1.2
8221.54780845063,4154.408797747286,1.2
9375.524666718526,1601.5905760448645,1.2
3207.8335107804155,3907.3990048398723,1.2
1893.9622034501324,3136.6805078229086,1.2
6208.961711578284,9804.774427205466,1.2
4497.860748517156,1372.6015399281987,1.2
6996.52073535634,4797.020543968781,1.2
8517.414710130033,4878.559314783807,1.2
4134.838965291981,9229.18200975904,1.2
7220.245448424105,6525.8234740468215,1.2
5203.509489844211,8843.423443410507,1.2
3211.7257480891535,6861.858006786077,1.2
7574.731326254229,714.4417993131702,1.2
2421.347200638717,9412.674169077609,1.2
5908.66853792312,2812.6896766396603,1.2
6067.006383636636,1556.4309863631586,1.2
943.8848960145541,6484.94866295156,1.2
8074.5735067090145,5105.512902065886,1.2
6052.788375703975,5873.741683611895,1.2
3270.0208673186394,5982.323211086716,1.2
889.0725385469367,9386.62643013153,1.2
3508.001562097567,4577.5238239397595,1.2
8120.664728949888,5346.752679693042,1.2
5651.43874305112,875.4460367251537,1.2
7488.583184084085,2564.912945390372,1.2
1926.434923407976,9327.758442613134,1.2
9442.379344813278,3345.59688244906,1.2
4252.671080886728,2606.2453853362567,1.2
4392.776266781992,6483.451252279924,1.2
4774.891970038526,1327.9553714885174,1.2
2260.2371089621133,4232.871343099764,1.2
2066.9651529271637,5520.846750667732,1.2
2219.5685154249113,9398.274032137404,1.2
3693.0706098125297,8505.140288607961,1.2
8633.722123730142,4346.472986564067,1.2
409.3498759740699,1112.9286070849498,1.2
754.3984054949182,9022.803807904877,1.2
539.6885633684124,8004.645293887539,1.2
3809.0967324552225,6826.791349476941,1.2
5955.46454245899,8374.097553253223,1.2
1573.85763997144,5888.089222710687,1.2
3597.250833069362,581.6147738202449,1.2
5977.48400224164,6473.629052690017,1.2
3413.074953025511,3621.998953010858,1.2
6927.135130335053,1077.992663220305,1.2
2948.487918444218,5678.273229649489,1.2
3688.453891085236,6927.439546434306,1.2
4407.91421240086,8324.17421779295,1.2
6138.328195645425,4552.406652468929,1.2
7101.922298388666,2770.066687026124,1.2
5922.568870909122,7725.233550395849,1.2
6024.941538375568,9687.58059095167,1.2
3253.6031517361007,6725.387720546815,1.2
2746.0252194091595,639.4440855472471,1.2
8578.787510545772,4387.592677956014,1.2
9894.42124844026,3886.179963285691,1.2
9503.935291820078,3849.5676797395586,1.2
4057.5720626934863,7666.675806644353,1.2
266.340653036814,8836.901134281023,1.2
4299.1468116628575,9684.213401669826,1.2
6595.186152477145,3595.3351101495946,1.2
8454.457825808955,1922.705159853605,1.2
5195.891143653711,6974.342053583081,1.2
2186.2495420162077,7502.855234547814,1.2
2041.0275911366339,5438.884275686813,1.2
3133.74488920663,9344.410739032652,1.2
9038.900499238693,7988.225372153541,1.2
6744.353163245812,9911.1603507228,1.2
1735.491822450974,3728.814829599727,1.2
5164.243262499328,7925.792175004509,1.2
1616.8921427029327,3782.2271345850477,1.2
3296.446402587984,8221.519924595877,1.2
1150.5982419559923,7394.257497138671,1.2
4142.844262614583,5373.567759957173,1.2
9825.155511452422,1224.396455132405,1.2
2142.8416154014153,6545.678316521478,1.2
7956.382367861696,2108.810299211723,1.2
9632.354986505923,9605.914217719008,1.2
1184.5618052399575,2199.90857979951,1.2
43.08126689133607,609.5183214167288,1.2
2521.7740680414568,6924.27230022347,1.2
5644.830072242266,7425.55225786524,1.2
1630.1045662398506,85.02569419055806,1.2
8275.212843598407,5455.089269995835,1.2
6675.7913381548315,6284.593774195099,1.2
1833.0708678660412,3163.398510421425,1.2
4106.239224411294,5750.473599166228,1.2
8870.27693709955,9176.255434840494,1.2
7258.378435388077,7498.587057913852,1.2
7213.451767179135,6835.089153916888,1.2
8944.397288277563,4116.522494834827,1.2
1166.0242219665852,5312.119247148898,1.2
6658.037493799006,7908.069808957364,1.2
5568.16123618267,827.202189497086,1.2
5326.910442032502,3479.1326732339244,1.2
8184.161653660591,9672.402730806898,1.2
9381.398339867257,9720.663497451405,1.2
1115.8506265891876,8374.799380424969,1.2
8092.952906283162,1535.1637248205684,1.2
4154.350415670004,5268.767093797599,1.2
7317.479142402112,1622.6695403078818,1.2
497.80570626469125,2896.6600763098836,1.2
4108.508687445083,2667.3024171975603,1.2
8317.635237942746,104.33684740855375,1.2
2993.8988948657366,3259.0082611594407,1.2
2711.5703091716105,7397.350545641357,1.2
2868.1891100889343,3801.9563173192196,1.2
8767.300046070348,9991.486504995031,1.2
8374.468494417006,8165.72097262377,1.2
2280.9272266255243,1065.616935627035,1.2
4457.82998240114,3610.9486337253506,1.2
8484.211646375505,7904.556084347363,1.2
4613.011666909866,1376.8485497782335,1.2
9656.430008360196,3660.01271753839,1.2
4036.1714599130873,4190.565563992138,1.2
2413.84617825103,4410.196077512363,1.2
6970.114047578917,6658.1055063857,1.2
4279.940020548113,7792.611055497812,1.2
2635.511599713428,8944.27801403527,1.2
2918.816523646981,1120.4025824890807,1.2
9614.5840777626,7677.092265815775,1.2
5993.924923074001,7293.554544463003,1.2
8190.4856027700225,7361.130128884937,1.2
1745.8919050373868,6317.218101040614,1.2
1794.8428422794173,5007.837370719386,1.2
3751.621688981842,3006.457971421055,1.2
4009.4813341131476,9570.126886858787,1.2
1404.7424727729851,3052.66080825626,1.2
993.8385695080798,3241.8699997572467,1.2
9761.73068714702,886.6858128200961,1.2
3167.4810699693535,9795.764715615358,1.2
