x,y,z
7319.939418114051,7994.158789689793,1.2
5986.584841970366,6946.9647085442675,1.2
1560.1864044243653,2721.451372299627,1.2
1559.9452033620264,5902.3066686908705,1.2
580.8361216819947,3609.738969400268,1.2
8661.761457749351,915.8207332663414,1.2
6011.150117432088,9173.135754622428,1.2
7080.725777960455,1368.1863091896141,1.2
205.84494295802446,9502.373538208025,1.2
9699.098521619942,4460.057729579557,1.2
8324.426408004218,1851.3292883861964,1.2
2123.3911067827617,5419.009473783582,1.2
1818.2496720710062,8729.458358764083,1.2
1834.0450985343382,7322.248864095612,1.2
3042.4224295953773,8065.611478614497,1.2
5247.5643163223785,6587.833667107174,1.2
4319.450186421158,6922.765645178524,1.2
2912.2914019804193,8491.956515653193,1.2
6118.528947223795,2496.680088591859,1.2
1394.9386065204183,4894.249636431405,1.2
2921.4464853521818,2212.094418196022,1.2
3663.618432936917,9876.68007996647,1.2
4560.699842170359,9440.593396866132,1.2
7851.759613930136,394.268113685059,1.2
1996.7378215835975,7055.751725156884,1.2
5142.344384136116,9252.483174156658,1.2
5924.145688620425,1805.7534512733353,1.2
464.50412719997723,5679.452305526294,1.2
6075.448519014383,9154.882975880419,1.2
1705.2412368729154,339.45978585798844,1.2
650.5159298527951,6974.202672468399,1.2
9488.855372533333,2973.4900737255075,1.2
9656.320330745593,9243.961953765303,1.2
8083.973481164611,9710.582451653678,1.2
3046.137691733707,9442.66489113434,1.2
976.7211400638387,4742.1421665746375,1.2
6842.330265121569,8620.426509893134,1.2
4401.524937396013,8445.493985350704,1.2
1220.3823484477882,3191.0047324325565,1.2
4951.769101112702,8289.154741506773,1.2
343.88521115218396,370.0763471549262,1.2
9093.20402078782,5962.698784820531,1.2
2587.7998160001694,2300.0883728770305,1.2
6625.22284353982,1205.668857772788,1.2
3117.1107608941097,769.5320162920916,1.2
5200.680211778108,6962.887758781398,1.2
5467.102793432797,3398.749637680661,1.2
1848.5445552552703,7247.667715287615,1.2
9695.846277645585,653.5634079894237,1.2
7751.328233611145,3152.903378306103,1.2
9394.98941564189,5394.9129237533725,1.2
8948.273504276489,7907.231648389636,1.2
5978.999788110851,3187.525029320699,1.2
9218.742350231169,6258.913764370091,1.2
884.925020519195,8859.777482361871,1.2
1959.828624191452,6158.631881823046,1.2
452.27288910538067,2329.5947475363378,1.2
3253.3033076326433,244.0078155653802,1.2
3886.77289689482,8700.988739009299,1.2
2713.490317738959,212.69410850387138,1.2
8287.375091519294,8747.016726841994,1.2
3567.5332669358927,5289.37134027212,1.2
2809.3450968738075,9390.676985128961,1.2
5426.960831582484,7987.832357736654,1.2
1409.2422497476264,9979.341105333375,1.2
8021.969807540397,3507.1181545171016,1.2
745.5064367977083,7671.882889311269,1.2
9868.869366005172,4019.309136092422,1.2
7722.447692966574,4798.756203039088,1.2
1987.156815341724,6275.054632183701,1.2
55.22117123602399,8736.771141863388,1.2
8154.614284548342,9840.834691992952,1.2
7068.573438476171,7682.734138645182,1.2
7290.071680409873,4177.667821673338,1.2
7712.703466859457,4213.570022770702,1.2
740.4465173409036,7375.823015888915,1.2
3584.657285442726,2387.7714576830235,1.2
1158.690595251297,1104.7411313139467,1.2
8631.034258755935,3546.2215764077655,1.2
6232.981268275579,2872.3899165408175,1.2
3308.980248526492,2963.081204559901,1.2
635.5835028602363,2336.0775104990994,1.2
3109.823217156622,420.9318963636188,1.2
3251.8332202674706,178.7393473341381,1.2
7296.061783380641,9877.223897360316,1.2
6375.5747135521315,4277.731337358623,1.2
8872.127425763265,3843.2664715968167,1.2
4722.149251619493,6796.472826930699,1.2
1195.942459383017,2182.538878650642,1.2
7132.44787222995,9499.611839502253,1.2
7607.850486168974,7863.45014415552,1.2
5612.771975694963,894.1100231225952,1.2
7709.67179954561,4175.807757849284,1.2
4937.955963643907,8791.183075621648,1.2
5227.328293819941,9447.320222914102,1.2
4275.410183585496,4674.015112498697,1.2
254.1912674409519,6134.113892107077,1.2
1078.9142699330446,1670.3394609207523,1.2
314.2918568673425,9911.686261369765,1.2
6364.104112637804,2316.717013834434,1.2
3143.559810763267,9427.317741351257,1.2
5085.7069116470275,6496.466489923685,1.2
9075.66473926093,6077.367948788591,1.2
2492.9222914887496,5126.885110165086,1.2
4103.829230356298,2306.698117177587,1.2
7555.511385430486,1765.2803200550827,1.2
2287.9816549162247,2204.8620907017535,1.2
769.79909828793,1864.382621442545,1.2
2897.5145291376803,7795.844735667533,1.2
1612.2128725400441,3501.2525916673007,1.2
9296.97652342573,578.4267656339637,1.2
8081.20379564417,9691.026301408114,1.2
6334.037565104235,8837.858849634256,1.2
8714.605901877178,9277.52283195213,1.2
8036.720768991145,9949.078226464353,1.2
1865.7005888603585,1738.952492194873,1.2
8925.589984899778,3962.4201890265877,1.2
5393.422419156507,7582.384757040913,1.2
8074.401551640625,6960.206180537923,1.2
8960.912999234932,1538.9590633985506,1.2
3180.034749718639,8158.331249906178,1.2
1100.5192452767676,2244.405718366607,1.2
2279.351625419417,2238.176148226231,1.2
4271.077886262563,5369.744228934136,1.2
8180.147659224931,5929.399348417031,1.2
8607.305832563434,5800.862078378112,1.2
69.52130531190703,914.8683739775487,1.2
5107.473025775657,8774.608626303803,1.2
4174.11003148779,2656.000425887061,1.2
2221.0781047073024,1295.1492128280418,1.2
1198.653673336828,8887.480798689772,1.2
3376.1517140362794,9556.514982297535,1.2
9429.097039125192,8621.276172654507,1.2
3232.0293202075522,8095.16074724878,1.2
5187.906217433661,6552.419806390218,1.2
7030.189588951778,5508.573706091393,1.2
3636.2960237929396,869.8675991141014,1.2
9717.820827209607,4084.532130706987,1.2
9624.472949421111,3726.8851701231397,1.2
2517.8229582536414,2597.5378376032622,1.2
4972.485058923855,7234.201136885849,1.2
3008.7830981676966,4958.757350787708,1.2
2848.404943774676,810.4621590764793,1.2
368.86947354532793,2201.8320194981134,1.2
6095.643339798969,6832.587636595959,1.2
5026.790232288615,761.3085949030018,1.2
514.7875124998935,8512.069140487687,1.2
2786.4646423661143,4951.465270139744,1.2
9082.658859666537,4805.86577326648,1.2
2395.6189066697243,5924.077846595176,1.2
1448.948720912231,8246.809659251492,1.2
4894.52760277563,3478.0920790219307,1.2
9856.504541106007,6780.161525590635,1.2
2420.552715115004,5657.319639957911,1.2
6721.355474058785,2670.2827016942133,1.2
7616.196153287176,8786.29986355158,1.2
2376.3754399239965,7974.260216069281,1.2
7282.163486118596,6584.518346584255,1.2
3677.831327192532,8505.81729094242,1.2
6323.058305935795,8672.942009598024,1.2
6335.297107608947,7083.629767150348,1.2
5357.746840747584,8370.13328363672,1.2
902.897700544083,6974.714616692836,1.2
8353.02495589238,6801.407717603004,1.2
3207.8006497173583,6186.113782151843,1.2
1865.1851039985422,7527.1663955764125,1.2
407.75141554763917,1586.0510529307371,1.2
5908.929431882418,8808.707591989285,1.2
6775.643618422824,8718.43527745232,1.2
165.8782892785615,292.47283034559143,1.2
5120.93058299281,8258.167505647627,1.2
2264.9577519793797,1288.698674734452,1.2
6451.727904094499,3351.188542591419,1.2
1743.6642900499144,7435.082562916078,1.2
6909.377381024659,1607.598960483082,1.2
3867.353463005374,8179.670241190622,1.2
9367.299887367346,8321.341779577418,1.2
1375.2094414599326,5074.677337608362,1.2
3410.6635105025853,63.8587171683358,1.2
1134.7352124058907,2870.3813317491276,1.2
9246.936182785628,6169.269183757422,1.2
8773.39353380981,9811.861780274236,1.2
2579.416277151556,6318.135270166684,1.2
6599.84046034179,2598.035810641598,1.2
8172.222002012159,6340.057030996113,1.2
5552.008115994623,5399.853797158555,1.2
5296.505783560065,7798.453951511436,1.2
2418.522909004517,1069.806388269584,1.2
931.0276780589921,7610.27902502028,1.2
8972.157579533268,5412.665786761103,1.2
9004.180571633304,9629.920038589946,1.2
6331.014572732679,3418.721660386861,1.2
3390.297910487007,6326.218931339481,1.2
3492.095746126609,9320.281055100175,1.2
7259.5567887023935,1025.0972799067927,1.2
8971.102599525771,9372.284872364511,1.2
8870.864242651172,6878.857223008134,1.2
7798.755458576238,678.3705910517191,1.2
6420.316461542878,3009.6356694681626,1.2
841.3996499504883,7081.720886452816,1.2
1616.2871409461377,673.506014687717,1.2
8985.541885270792,5821.704601762733,1.2
6064.290596595899,3458.8305695295676,1.2
91.97051616629648,6209.155177674771,1.2
1014.7154286603211,457.4203381251285,1.2
6635.0176910805585,8715.368061523763,1.2
50.61583846218687,9734.88969177397,1.2
1608.0805141749865,9688.778552856915,1.2
5487.337893665861,7496.518317429247,1.2
6918.951976926933,1300.8624013063197,1.2
6519.612595026006,7582.6319592902255,1.2
2242.6930946055977,245.8691645880151,1.2
7121.792213475359,221.23551528997254,1.2
2372.4908749680008,3236.1021914954126,1.2
3253.9969815926775,4886.431904046657,1.2
7464.914051180242,7704.074178077932,1.2
6496.328990472147,6832.953766065052,1.2
8492.23410494178,4459.027063767483,1.2
6576.128923003434,2736.266662816659,1.2
5683.086033354716,9971.245001577112,1.2
936.7476782809248,4261.813022359729,1.2
3677.1580305943353,4513.870243296755,1.2
2652.0236768172545,1636.2382119166919,1.2
2439.8964337908355,7948.095487499294,1.2
9730.105547524456,6936.822257814886,1.2
3930.977246667604,2207.696127887604,1.2
8920.465551771133,823.810456158427,1.2
6311.386259972629,6804.993020747131,1.2
7948.113035416484,6545.112142811352,1.2
5026.370931051921,2732.595269982093,1.2
5769.038846263591,9508.635622504104,1.2
4925.176938188639,1510.5789178090024,1.2
1952.4298779804449,4323.348010426019,1.2
7224.521152615053,9436.15920167599,1.2
2807.723624408558,4197.273169261223,1.2
243.1596643145384,6385.259476640856,1.2
6454.722959071678,3975.9439796279426,1.2
1771.1067940704895,2742.1520234867003,1.2
9404.585843529143,9839.776479598282,1.2
9539.285770025874,4093.34006315043,1.2
9148.643902204485,8940.992036791344,1.2
3701.587002554444,2299.546058910862,1.2
154.56616528867428,2131.047040250833,1.2
9283.185625877253,311.3408288451136,1.2
4281.841483173143,6516.66825375885,1.2
9666.548190436695,3685.2634372376115,1.2
9636.199770892528,8643.58249839637,1.2
8530.0945546736,4732.099066915572,1.2
2944.488920695857,9681.934279147217,1.2
3850.9772860192525,1855.2551570312114,1.2
8511.36671516857,8686.231679556107,1.2
3169.2200515627765,7765.968527917417,1.2
1694.9274668609248,7709.21844644052,1.2
5568.012624583502,8447.832281168876,1.2
9361.54774160781,7610.239909429989,1.2
6960.29796674973,6262.203216314154,1.2
5700.61170089365,1312.4487768238757,1.2
971.7649377076854,325.2617949125192,1.2
6150.072266991698,9208.478478156869,1.2
9900.538501042633,6166.503145207381,1.2
1400.8401523652403,7965.372909761763,1.2
5183.2965236373675,4815.223515125501,1.2
8773.730719279554,1173.0818896239448,1.2
7407.686177542045,1251.8579220255044,1.2
6970.15740995268,6855.652872289714,1.2
7024.840839871093,4303.058948994627,1.2
3594.9115121975515,2005.2472670033671,1.2
2935.9184426449337,4915.945467414369,1.2
8093.611554785136,642.0893707513409,1.2
8101.133946791808,5819.714019143988,1.2
8670.723185801036,2689.934044350977,1.2
9132.405525564713,7975.591006371881,1.2
5113.423988609378,3103.6195892357377,1.2
5015.162946871996,4552.201490818012,1.2
7982.951789667752,116.20539908100636,1.2
6499.639307777651,724.4688779455888,1.2
7019.668772577033,3924.935564066848,1.2
7957.926694361011,4799.388347171235,1.2
8900.053418175663,6000.2054811930375,1.2
3379.951568515358,2916.625787093032,1.2
3755.82952639944,6949.818861265426,1.2
939.81939840869,8601.223971892046,1.2
5782.801409961739,7798.509888933498,1.2
359.42273796742086,396.18825348357143,1.2
4655.980181324601,4805.06947257829,1.2
5426.446347075766,1049.3017841817486,1.2
2865.412521282844,2420.4501586252745,1.2
5908.332605690108,9866.625932671464,1.2
305.0024993904943,1424.9554290151323,1.2
373.48188749214415,4988.881534513561,1.2
8226.005606596582,6181.557343181191,1.2
3601.9064141126287,7024.649705441039,1.2
1270.6051265188478,5596.486834869141,1.2
5222.432600548043,97.70847419183659,1.2
7699.9355309861085,3264.613082439919,1.2
2158.210274968432,5177.116433847114,1.2
6228.904758190002,878.6649914483336,1.2
853.4746499376799,3506.2693120918075,1.2
516.8172116860769,332.03108791366566,1.2
5313.54631568148,785.7849715502074,1.2
5406.351216101065,3969.232762015961,1.2
6374.299014982065,1327.1575404306036,1.2
7260.913337226615,5675.408482615581,1.2
9758.520794625347,6894.649691372658,1.2
5163.003483011953,8005.866991090828,1.2
3229.5647294124597,2001.502442448101,1.2
7951.861947687036,1674.8258225906975,1.2
2708.322512620742,1045.6784033440026,1.2
4389.714207056361,6364.302495436367,1.2
784.5638134226596,7064.757264869011,1.2
253.5074341545751,315.8614482564204,1.2
9626.48414677925,9362.122462436899,1.2
8359.801205122058,519.7128365147241,1.2
6959.74206093698,5412.963353010705,1.2
4089.5294441426986,7090.605194509164,1.2
1732.9432007084577,8709.691237460856,1.2
1564.3704267108606,7140.869321324278,1.2
2502.428981645953,8017.280830697919,1.2
5492.266647061205,3394.5019254280605,1.2
7145.959227000623,8148.251137465122,1.2
6601.973767177313,801.1484638467514,1.2
2799.3389694594284,8948.166560605276,1.2
9548.65280663194,5475.923761537362,1.2
7378.969166957685,8172.977699624937,1.2
5543.540525114006,4523.1828451830015,1.2
6117.207462343523,6435.776951965249,1.2
4196.000624277899,5264.026609361132,1.2
2477.3098950115746,7315.895217553319,1.2
3559.726786512616,816.2998203058958,1.2
7578.461104643691,603.520839905638,1.2
143.93488629755868,2471.0323401014643,1.2
1160.7264050691624,1595.4468011318834,1.2
460.0264202175275,8717.835665922017,1.2
407.2880231897014,2192.1398735804432,1.2
8554.605840110073,9758.652558191314,1.2
7036.578593800236,3368.9579177110686,1.2
4741.738290873252,1821.1791568869928,1.2
978.3416065100148,7896.985071424791,1.2
4916.158751168324,6587.077755008761,1.2
4734.717707805657,4981.95716453139,1.2
1732.018699100152,5553.635509376312,1.2
4338.51649237973,7192.017782722638,1.2
3985.0473439737343,2284.5474133129874,1.2
6158.500980522164,9963.339160567419,1.2
6350.936508676438,9747.931621467831,1.2
453.0400977204452,6503.256863469369,1.2
3746.126146264712,1995.4245092914514,1.2
6258.599157142364,6802.2824243129135,1.2
5031.362585800877,721.9840897917584,1.2
8564.898411883223,306.52502205806064,1.2
6586.93631618945,2576.828885112137,1.2
1629.3442708142968,4626.229567393163,1.2
705.6874740042985,8682.725054083805,1.2
6424.192782063156,7271.69069766308,1.2
265.1131054162181,7427.06521199981,1.2
5857.755812734633,4254.9333444807535,1.2
9402.302414249576,3459.349925469629,1.2
5754.741778758789,3710.387629846027,1.2
3881.699262065219,9876.495637360578,1.2
6432.882184423532,401.0919141248248,1.2
4582.528904915166,8670.314961224485,1.2
5456.16789315935,5786.754085723934,1.2
9414.648087765252,4386.154191895905,1.2
3861.0263780077426,7252.576604151365,1.2
9611.905638239143,4866.689414247028,1.2
9053.506419560637,8734.232380816606,1.2
1957.9113478929644,9007.018640112585,1.2
693.6130087516545,4217.209268734554,1.2
1007.7800137742665,2768.277972350516,1.2
182.21825651549727,5923.5032859336225,1.2
944.4296075592839,9123.63345616691,1.2
6830.067734163568,2106.621890056666,1.2
711.8864846022899,6229.665835634828,1.2
3189.756302937613,6315.602200925206,1.2
8448.753109694546,7331.13022415281,1.2
232.71935735825866,1315.676851272598,1.2
8144.684825889358,7158.249646820886,1.2
2818.547747733999,9090.32520665641,1.2
1181.6482762165626,1796.8310887024197,1.2
6967.371653641507,2375.4332492387766,1.2
6289.42846779884,9713.950940416396,1.2
8774.720135270529,1809.7695270948977,1.2
7350.710438038857,8543.85093369579,1.2
8034.809303848486,4922.778564480348,1.2
2820.345725713065,2472.3107440317704,1.2
1774.3954377972282,8707.499012725113,1.2
7506.147516408583,4453.052550026655,1.2
8068.34739267264,5148.173539296902,1.2
9905.051420006734,3592.333693997657,1.2
4126.176769114265,5929.508514349274,1.2
3720.1808579278318,1635.2387258502276,1.2
7764.129607419968,3910.815366517607,1.2
3408.0354025301785,9694.123223352875,1.2
9307.573256035646,2581.3343270112755,1.2
8584.127518430118,6567.3666454129225,1.2
4289.940273750183,3251.900642246949,1.2
7508.7106779149735,7734.731256866006,1.2
7545.4287408468235,1308.7366071834983,1.2
1031.238688359326,9698.210450785447,1.2
9025.529066795667,4537.895413836392,1.2
5052.523724478571,2360.5046334646395,1.2
8264.574661077417,734.9674733001266,1.2
3200.4960103061176,1697.5790508754073,1.2
8955.232284962005,5197.739485560177,1.2
3892.0167873416312,3370.031764312863,1.2
108.3765148029836,8288.833658826095,1.2
9053.819764192636,4308.87523661806,1.2
912.8667678613356,2487.142725876299,1.2
3193.1363759041487,6171.449866040301,1.2
9500.61967050805,7067.772168854458,1.2
9506.071469375562,1670.4190790094985,1.2
5734.378881232861,1676.1921628831767,1.2
6318.372121697993,366.7142693354297,1.2
4484.455219783198,7364.020150656405,1.2
2932.1077169806454,6638.045276218051,1.2
3286.6454536991596,4746.308757498139,1.2
6725.184560770384,8441.70448969197,1.2
7523.7452943768,8056.701529500532,1.2
7915.790437258485,5853.543643967521,1.2
7896.181427945539,8682.712805132587,1.2
912.0610304869036,2058.4121003676823,1.2
4944.203047025815,1119.1961939772787,1.2
575.5876001664428,2697.4961151698963,1.2
5495.288823237355,570.8685608931485,1.2
4415.3050137337705,5311.69528001032,1.2
8877.041827582998,9366.056922949614,1.2
3509.150125520787,393.4354066850965,1.2
1170.6701642760586,1221.099140100268,1.2
1429.9168205283586,4521.990282834353,1.2
7615.106317174723,9338.750175279049,1.2
6182.18063316261,3161.561049767505,1.2
1011.2267612279024,5072.348086883924,1.2
841.0680611499744,415.72859050392094,1.2
7009.691314591199,1483.4320096208887,1.2
727.6300636419353,9866.30122958847,1.2
8218.600592903562,9651.186964360455,1.2
7062.422271564962,49.399809344096155,1.2
813.4878064189977,9518.11785423239,1.2
848.3771408519192,6391.199378155004,1.2
9866.395785011755,8679.18294520022,1.2
3742.7079575612033,4547.398556338591,1.2
3706.421470668909,5155.960285792503,1.2
8127.995672575025,4888.4658025692015,1.2
9472.485773838587,6668.642575461044,1.2
9860.010638228709,1396.5125475631291,1.2
7533.781852589416,299.7358987267795,1.2
3762.5958553091577,3079.2994159119094,1.2
835.0071669866876,7046.807627366467,1.2
7771.4691592743675,2018.5345212294835,1.2
5584.04249735805,6734.324333249173,1.2
4242.220092469763,9699.120461072704,1.2
9063.54385094736,939.0071578941838,1.2
1111.9748230615135,6726.021182251263,1.2
4926.251042908591,4437.5021930457115,1.2
113.53644767419068,8681.422543775054,1.2
4686.606419941263,1771.497894473859,1.2
563.0327568183735,6926.2595222616455,1.2
1188.1791626807192,8381.152896481102,1.2
1175.2624677710487,9446.142194740232,1.2
6492.103021160636,6832.480282896458,1.2
7460.448792654233,4971.747640084273,1.2
5833.687650971597,6178.472402012138,1.2
9621.725484745419,8689.049844787181,1.2
3748.7057952370405,5706.097466388297,1.2
2857.1208628186073,303.8705969683686,1.2
8685.991281894603,9309.486955069779,1.2
2235.9583851945263,6895.267510315612,1.2
9632.225394406114,6765.1338577724655,1.2
121.54474689816341,2156.751523977172,1.2
9698.78826707639,6588.854702326572,1.2
431.5991195057611,3938.6440565415846,1.2
8911.431136980711,6512.329770414921,1.2
5277.011090862999,1065.9303030799072,1.2
9929.647961193003,6578.45304603036,1.2
737.9656473539886,9994.137257706665,1.2
5538.542844013208,482.12038860556027,1.2
9693.02535619099,9771.741842213172,1.2
5230.978441701488,4069.079607228706,1.2
6293.986381352625,8707.534503372592,1.2
6957.486889846172,7823.854840582735,1.2
4545.410647677732,5670.162609866678,1.2
6275.580800840635,7384.492092513265,1.2
5843.143119231002,8785.15561301348,1.2
9011.58010490989,4041.40321651033,1.2
454.4638034145787,3270.3316156323867,1.2
2809.631895922303,6675.933855635847,1.2
9504.114840765587,8078.459419412586,1.2
8902.637838909162,7622.851347766157,1.2
4556.56752785713,7978.136488586345,1.2
6201.325978015368,4355.83314812933,1.2
2773.811829811327,8178.342161750216,1.2
1881.2115972376132,1202.0905537060844,1.2
4636.984049399822,5444.890979608495,1.2
3533.522280260528,57.58660498121571,1.2
5836.561118508721,3245.858299002703,1.2
777.3463696498484,3664.6153487139786,1.2
9743.948076661665,3961.726916092554,1.2
9862.107444796029,6954.672066898622,1.2
6981.617140197452,3885.5810127034574,1.2
5360.963663441204,4486.936226225306,1.2
3095.2761628632775,2375.4413087432745,1.2
8137.950197069486,3732.517916293401,1.2
6847.311725538792,2272.6962726315146,1.2
1626.169393448913,731.9592376844364,1.2
9109.271844938425,6034.485933813779,1.2
8225.37242923169,6682.1279855501625,1.2
9497.99913291924,6194.903460096145,1.2
7257.1950838836,4634.940438005723,1.2
6134.151959357899,3797.8578017922982,1.2
4182.430362906189,8633.336495718253,1.2
9327.284833540132,5190.817851362181,1.2
8660.638895004084,4791.818776297309,1.2
452.18670106189404,256.42065806435687,1.2
263.66974497252005,3412.4782762615637,1.2
3764.633668780496,3801.9561878585705,1.2
8105.533307818329,3988.227808969005,1.2
9872.761293149444,5801.723692273323,1.2
1504.1689110352818,5336.025467268784,1.2
5941.307153521351,6079.050927934446,1.2
3808.908566310215,7648.832615421283,1.2
9699.143978146032,8129.857387160935,1.2
8421.189231357086,7181.230762264944,1.2
8383.287047111378,9555.236959549347,1.2
4686.931597949703,182.3258267636163,1.2
4148.195023376652,1957.779856835461,1.2
2734.0707193070625,75.6287497814212,1.2
563.7549665092712,6474.74714154603,1.2
8647.223762550531,8980.30548949987,1.2
8129.0100913007755,2434.8229657629927,1.2
9997.176732861306,9270.345447963067,1.2
9966.368370739054,602.6739028956085,1.2
5554.317056026274,9344.360268055143,1.2
7689.874151805105,3516.2268723963443,1.2
9447.65729882428,1014.2082844921651,1.2
8496.473906774114,4858.7175918632565,1.2
2473.4810174319764,2567.7656772050796,1.2
4505.441353100935,2848.7290196192284,1.2
1291.5941515149498,3072.8996492628658,1.2
9540.510272587224,8030.258978326634,1.2
6061.746344508801,5391.612766752545,1.2
2286.428055034627,3113.0769915600363,1.2
6717.006844058567,6103.3378331091835,1.2
6181.282404578958,7161.506742231935,1.2
3581.627180328405,2726.240007335338,1.2
1135.5759219962902,4135.491015253515,1.2
6715.731955927996,1218.8609333694756,1.2
5203.077009037933,1811.4934953468032,1.2
7723.183917356393,6811.178539649828,1.2
5201.635011119934,1814.3834769562695,1.2
8521.815003185402,5251.633836670601,1.2
5519.0683877448555,7090.462617224327,1.2
5609.379715353863,1068.7692309474385,1.2
8766.53602658345,5673.122196289036,1.2
4034.8286621239704,2565.6278370136374,1.2
1340.1522845064073,9629.268752375798,1.2
287.8267631333897,4835.4564671992475,1.2
7551.37255673619,8059.925497751581,1.2
6203.095513534647,5502.265421562618,1.2
7040.797680992236,434.12532854819165,1.2
2129.6416150891073,6331.513755940224,1.2
1363.7147558676977,9514.03342206657,1.2
145.4466566788193,6016.118201463312,1.2
3505.8755880659696,8191.888594267902,1.2
5899.176868546331,8842.064633484079,1.2
3922.4404509973233,2280.7977194893247,1.2
4374.7492202372905,2120.4483990822664,1.2
9041.586944937484,6109.809888509917,1.2
3482.5546702330034,4110.284698067047,1.2
5139.894891598108,8398.613028667203,1.2
7836.530127411431,9000.231233980112,1.2
3965.4278232127017,3534.213793027181,1.2
6220.867002278735,2368.7055897448204,1.2
8623.637087467452,7805.255152438618,1.2
9495.206236576421,2748.060355481361,1.2
1470.7348092903794,8226.143185136783,1.2
9265.876251614944,4237.382536487628,1.2
4921.162930795382,6675.498992914705,1.2
2582.4438829895835,955.3531383466818,1.2
4591.357562382613,6238.59324676573,1.2
9800.325752854771,4517.676787372291,1.2
4926.180939928696,5866.084631754741,1.2
3287.516102875082,1680.1420774486342,1.2
6334.008543167258,7368.737449441821,1.2
2401.4561877819306,8627.970775432286,1.2
758.6332810866392,2167.3980009077563,1.2
1288.7972191064923,957.1455552016173,1.2
1280.4583895777243,236.38586046336397,1.2
1519.0269351229435,6419.71500443266,1.2
1388.2717264941014,6070.940360887807,1.2
6408.747448032146,5466.9741271407,1.2
1818.8008439914483,2319.470961159754,1.2
3456.672833238632,3909.059959055147,1.2
8967.884099060118,5944.76335186173,1.2
4739.616402628723,4967.668588591694,1.2
6675.577385210272,9877.855202148872,1.2
1723.1987120162985,1364.3975255673313,1.2
1922.8901880867077,6951.445540475938,1.2
408.68616266478864,4043.187681042921,1.2
1689.3506307216455,4281.996149256148,1.2
2785.9033903195864,7175.977656581762,1.2
1770.1048427674682,6924.361513243696,1.2
887.0253375705561,9912.559937021882,1.2
1206.3587110060082,1283.9428945412524,1.2
4607.7876803272575,1041.0964938416635,1.2
2063.3371840579252,7243.388171287412,1.2
3642.6986104807547,5783.869170064091,1.2
5034.172708548569,2741.6066655980585,1.2
6903.948286293653,794.193689889866,1.2
393.12139841098934,856.5824959643054,1.2
7994.103989090427,8941.908746641182,1.2
6279.003894909078,1918.673247187429,1.2
817.590319488719,3233.715621155208,1.2
8735.786241067772,2266.5640222698803,1.2
9208.724005318132,3549.963058319373,1.2
610.7795985486375,694.2384274609336,1.2
2768.776481472037,5190.597909082704,1.2
8062.0127979306135,676.1256359221491,1.2
7482.596903836584,8003.565078223615,1.2
1845.2101935637731,2337.12081910433,1.2
2093.493233367103,5400.1191460451055,1.2
3704.72102791382,8800.790875614583,1.2
4845.229851910213,6508.773690471941,1.2
6182.54771530296,5329.577865513353,1.2
3689.1363956977243,3243.337531153756,1.2
4625.347161331479,3330.0191305819794,1.2
7474.709381337565,6694.869551981901,1.2
366.832028905979,9941.393612211676,1.2
2524.3694434402073,6618.391898493786,1.2
7133.495858845525,5577.834173700249,1.2
8952.068376871994,7306.505102392461,1.2
5116.774421156661,4652.056122837182,1.2
5321.1348526531565,601.4234260078522,1.2
1071.7201133977605,5622.968158779098,1.2
4474.123668234546,9576.252845053801,1.2
5326.172664550231,1753.0294235765964,1.2
2424.7050363472968,6900.048908206657,1.2
2692.4323094938095,2009.3368865905647,1.2
3772.8416310462267,5358.276844730813,1.2
200.71197777726368,966.7644964671962,1.2
3220.791655831783,4503.709362581852,1.2
2114.4800699654465,7561.633288952461,1.2
3274.9735217791463,3475.7152423898206,1.2
1197.6213181925123,6649.11724487218,1.2
8905.27280739895,7954.499607897292,1.2
5935.924535540486,9271.778194794526,1.2
6791.023191444896,2346.4208185545353,1.2
7891.712386073383,3993.1591580930813,1.2
4984.421989290573,1524.1601333041742,1.2
869.2028808742369,9924.835021583753,1.2
5371.065418185478,9270.009679242954,1.2
5868.411180208791,5399.571302805596,1.2
7454.3947418433,8420.332943764213,1.2
4316.595462296794,5209.579772720422,1.2
1275.8030279556376,6235.856880027597,1.2
2837.759057987245,891.2443211601661,1.2
3630.822963986351,7552.7042049680795,1.2
6459.172413316012,1277.1348363523482,1.2
5707.783046689119,8260.676302525284,1.2
3560.9672589784623,7820.280876703859,1.2
9865.152487929798,7087.446977429764,1.2
6057.748193568871,361.60380524762115,1.2
2372.267917359945,3031.283559453286,1.2
1017.8247262040375,2631.1256991084288,1.2
1528.5913918433203,3601.364074715191,1.2
2459.577283845081,876.4274676383855,1.2
1606.8137325955568,9369.578230310628,1.2
1865.6702405130577,5538.022407123763,1.2
2850.951686938471,3055.2431065802352,1.2
1733.7359529475482,3969.815170742834,1.2
8967.654246264252,4472.025405048356,1.2
802.3374566164221,6005.943333606173,1.2
5245.113895702547,5156.794276964978,1.2
4103.968269896615,9193.919732144173,1.2
9823.786169086065,4969.634829058303,1.2
1120.3890216805235,9921.580148233126,1.2
3978.5559904574166,8514.249577450957,1.2
9694.704332753689,2085.105143573358,1.2
8655.071258939803,9305.952146439162,1.2
8170.720709492799,1163.663978854761,1.2
2579.0282704493984,8174.497084911915,1.2
1708.8758739006582,3806.232934765801,1.2
6686.43219924431,8779.743204450695,1.2
9293.759891275859,8680.566901074504,1.2
5567.628930139298,8059.254001176211,1.2
5716.1268946989985,7900.304363070613,1.2
2799.7909366028416,3046.791390980408,1.2
7694.929331919369,809.1928305125218,1.2
1870.4374855752337,4029.8017876516146,1.2
3236.792364042437,1735.2451498650867,1.2
4254.364386164168,6949.510889024617,1.2
5076.10378684455,3460.9972653778555,1.2
2424.0973241508023,9756.10200859915,1.2
1148.3682473920353,6409.72077345332,1.2
6106.200424416326,8224.80563634361,1.2
2886.3055324025577,1325.2467274184842,1.2
5812.382214226122,8620.144822726226,1.2
1543.627152742023,9227.571905133944,1.2
4811.401018548175,4870.619188189359,1.2
5325.894325515858,6062.529377509774,1.2
518.2353682242691,7648.0980090299545,1.2
3366.0427819392057,1748.3862726041255,1.2
1344.1467693897425,5025.660764634425,1.2
633.7497047276775,3986.6302777231313,1.2
9899.602323899453,1463.739921622491,1.2
3223.5384497472296,3675.3442229153143,1.2
8098.744458546349,681.7230938549357,1.2
2546.4065476376386,258.11906949486985,1.2
6815.027222239292,1351.6628915482277,1.2
7602.278598896865,9631.151115891738,1.2
5956.387406078443,5495.295358950169,1.2
4715.7618855015835,9658.221611532199,1.2
4118.409141472685,4324.97878330132,1.2
3488.682665429953,3118.1613308525957,1.2
9295.29144247826,5061.418628402441,1.2
8306.194077877291,4395.116886329101,1.2
9650.269106665126,1056.6468426174392,1.2
1242.9722348554474,6408.2631469020625,1.2
7308.674752036442,2160.381825095996,1.2
9383.404568210379,6195.879548978296,1.2
1812.3306616566015,6502.010923981534,1.2
664.962673667775,1520.248531286481,1.2
7411.20649290059,613.4962711066815,1.2
5744.731131799119,7807.615860684398,1.2
8418.28776758272,4598.0042376932015,1.2
1397.723766262895,581.6379550547579,1.2
7952.673118598902,9948.663171697672,1.2
2016.2732004774452,577.8056099636664,1.2
1636.5594286570451,6950.352288585532,1.2
1642.6579793099295,9836.789252634137,1.2
8145.747202313821,2391.801042159256,1.2
6651.972206962001,1422.4936868719617,1.2
5230.654247691194,1213.849394224289,1.2
3588.304841235025,3032.7514756759556,1.2
8772.005408131083,1010.458110106467,1.2
3924.4510742263537,6921.613416941319,1.2
8165.994394715771,622.9179813006269,1.2
4391.349085702184,5094.2212814978975,1.2
3769.444294249076,9966.968538529767,1.2
4626.797856696065,8139.7026950601885,1.2
3013.7787416414208,6152.194382310109,1.2
7476.093801762511,3062.536207866117,1.2
5027.203900924792,6238.958362916384,1.2
2322.126951468173,5270.414639116516,1.2
8995.745732745685,4260.833838903714,1.2
3838.912213732114,1307.1037674019947,1.2
5435.528611139886,8866.042152404667,1.2
9064.72110964547,4497.846488213225,1.2
6242.379959139921,1946.2251182076507,1.2
1168.9804070836408,3677.5935087728963,1.2
9398.32123613475,4141.29752528927,1.2
6277.080530714178,8275.378955668742,1.2
3349.056146570861,7336.1438056140205,1.2
1392.7207266338726,7693.048936413398,1.2
7940.25189270296,110.31264428647214,1.2
6200.727559285136,4161.539981797615,1.2
5334.610919763215,4813.441516353237,1.2
8938.925830509577,191.92276823056687,1.2
7885.9721122453075,2598.132087450342,1.2
1516.7487973275117,7602.89823122135,1.2
3117.220677955482,1371.0970572899905,1.2
2484.8913981446576,5353.101314525917,1.2
7439.46292572677,2152.018720172375,1.2
335.32434735779384,121.20774643893273,1.2
5698.896848713165,2412.014575995415,1.2
7624.586857406905,9758.737549100539,1.2
8767.656367617494,8015.371118829896,1.2
3420.8174871590745,9595.766443210334,1.2
8212.573046720128,4878.540439263625,1.2
1106.3173695520723,1097.3619867750351,1.2
8464.522917345183,5479.59488973693,1.2
1274.8866233198241,4543.773345599609,1.2
3972.8729056036727,8443.570827396159,1.2
7972.953657795536,980.8258078424459,1.2
1499.1742734877378,4882.411370217782,1.2
2292.5139523264147,1500.4866469398426,1.2
7222.525683930663,3246.7592689005996,1.2
7200.365365460743,7373.5707738779965,1.2
6411.476328852973,4760.181293687665,1.2
6939.484444671,3758.8828514576935,1.2
5427.244433475962,3944.762785700353,1.2
2517.9905890695277,4594.467684059867,1.2
3456.9599350391945,7850.165438370569,1.2
1815.9771680142567,8920.846889402344,1.2
9084.505613336283,9553.346865039282,1.2
5833.917947661204,7869.033862552951,1.2
4008.5141676363987,3154.068957480127,1.2
4620.058036441327,6881.347060865422,1.2
9472.833396118152,4376.031240553919,1.2
1533.514031160802,2546.7062204605118,1.2
5862.298320167973,8408.715794259226,1.2
5058.88678884466,384.26348962324994,1.2
6114.5423543464785,9017.619921354235,1.2
181.1018382084051,4614.7746462473415,1.2
8721.239089441515,6372.014768082804,1.2
9321.182824836123,6593.539222057827,1.2
5651.33183589209,8951.177407065365,1.2
6966.508238768923,6366.696821672073,1.2
9224.993811772956,6139.335847600618,1.2
7072.386343133986,666.5204056068997,1.2
1525.3904291426134,5184.080219452041,1.2
5762.883601668132,1501.6900081704166,1.2
6067.150463828559,7374.337687214856,1.2
4241.3067130238605,5122.219208126745,1.2
7364.442356247228,6802.277792083533,1.2
9343.670147690149,416.72900602384266,1.2
9255.685129067764,847.9201604580322,1.2
4508.393714041321,7163.233880626823,1.2
1132.3804584075526,720.8433599867336,1.2
9848.411989623346,712.567277652586,1.2
8388.980864459341,121.0847523488745,1.2
1246.6268120326683,9565.0139829948,1.2
9208.418826173724,7375.08359459007,1.2
8698.963620621284,3532.5140850206417,1.2
5188.380571260721,2965.355812876552,1.2
5912.754357449292,3497.0322974584956,1.2
3990.0270387013024,7746.535311811818,1.2
547.6163882203133,6613.706110704144,1.2
3351.9724164590093,1851.9556786746793,1.2
8028.534485980114,1741.0933533408436,1.2
46.320230046028584,983.9564971339731,1.2
3334.991716911442,6603.027197013382,1.2
3981.686935909433,7643.726622217359,1.2
5373.956029379229,2650.4642832500404,1.2
9198.556164127605,209.44961030912813,1.2
3463.4599436596127,821.7166747642734,1.2
3469.532018962277,9678.600348450305,1.2
7375.012481097484,2954.4477747742026,1.2
4522.179408898071,7692.231478381336,1.2
2246.04822939982,6246.635688542638,1.2
4524.395161326934,3819.396396528959,1.2
1408.5702037979986,2056.872621955551,1.2
1763.8698650622332,1213.8641815940643,1.2
4983.677727394797,6150.129680388666,1.2
4189.254495045479,7746.33780637788,1.2
9148.459010681001,6439.042535411307,1.2
3623.938991166331,5303.021332491583,1.2
5805.883502780434,419.51223431636265,1.2
6322.642879195304,9684.887775943838,1.2
130.94456588333637,7987.1419165457455,1.2
6635.373720167106,2928.2203670096474,1.2
1780.3596686975143,9799.703293588507,1.2
9610.703174694552,6018.815896363221,1.2
1486.6272775311295,5824.226582072465,1.2
4146.241237270237,7480.731794295321,1.2
853.4966807864386,8117.697880901375,1.2
9968.742518459474,6564.786073315026,1.2
5021.950103312426,1280.9574636620002,1.2
5953.850173200438,3382.675059944984,1.2
670.7647738842747,9280.836403260497,1.2
7499.604703991778,2246.156118438519,1.2
2099.0559309558575,3721.670238375133,1.2
8980.542894407137,4320.7688294419595,1.2
2051.396404820072,4394.049896944522,1.2
1906.8772066366657,6129.395824945255,1.2
365.4966784809488,9430.758377447077,1.2
4720.669451099992,2406.9271183250494,1.2
5648.411332626164,1215.0137630091806,1.2
657.0863942835236,1974.704898599373,1.2
7755.276166950106,8869.249002092694,1.2
4532.888347480276,6458.10812655206,1.2
5243.902693275801,2859.067892391601,1.2
4407.627469382282,8159.469389686173,1.2
4007.63060875326,8613.69996363436,1.2
5596.403313082179,8465.14338690278,1.2
1552.4024593071251,9189.265336395545,1.2
1819.2813049527113,2522.410201733616,1.2
8617.856210135173,7550.419287462782,1.2
9461.154621336327,4605.3949727414,1.2
3733.0931627975297,8419.985528900615,1.2
2707.446731435538,7284.906771616132,1.2
6439.9954323901575,7764.474464997246,1.2
4087.341710980964,6561.618376810715,1.2
253.86355660344861,1774.2876946970687,1.2
1561.5259736619037,5450.269188969383,1.2
7159.722288473975,9846.697395245083,1.2
6589.239419101514,9373.88066497119,1.2
270.9599250348349,431.7373579701167,1.2
2219.7216193294944,1648.1481572943712,1.2
2310.7479658807138,1317.287734545619,1.2
6718.927435987284,7259.799099852955,1.2
197.10537754364154,8177.853298569451,1.2
1041.0858198457383,2135.1136631067193,1.2
7999.160853731893,5058.52692951829,1.2
1785.4466205433362,8407.030280112,1.2
6527.461078518747,7328.015447662506,1.2
2381.8278104672654,5422.372054918483,1.2
994.4139275934516,5903.476904587729,1.2
2431.721909994541,5083.6054691628,1.2
7222.669318556592,2975.4845131882057,1.2
8556.964681062858,5650.219928590161,1.2
8302.198645669916,6888.8530205009065,1.2
3971.835296184548,8733.229158608077,1.2
6680.851365706461,6362.913539792481,1.2
2049.8429541582095,7611.21537043158,1.2
2931.4773026101325,1600.71634954573,1.2
8963.358185211198,4615.574744197899,1.2
130.01923510736034,93.31619827093296,1.2
855.0853085446807,2466.78864521623,1.2
2078.862551460273,7264.617151130048,1.2
265.32203873819714,9918.099513493635,1.2
1814.354350897973,991.7809958721591,1.2
5830.415609696922,4014.9431586128826,1.2
4214.24550592498,8000.709686991595,1.2
8926.717110769749,2040.3563462889883,1.2
8174.435617384409,5550.849493022863,1.2
3418.17351697876,7330.712960296748,1.2
2594.2343343129246,6159.85450260179,1.2
3796.924081672669,1880.2473461541613,1.2
5902.949425148077,3553.8456868573944,1.2
2680.636408228763,7837.917844853972,1.2
6241.4890784913405,5542.265141320167,1.2
4094.116521912404,52.29613542912737,1.2
5520.471808519802,7609.907600280939,1.2
4361.2652913531665,353.11354940239073,1.2
2944.6575954191767,7457.337827312322,1.2
9484.533069621566,2024.8056016523742,1.2
7636.057941597608,9580.734801193803,1.2
1401.1317576645254,3679.407513020845,1.2
8684.679758979128,3269.316163380791,1.2
4874.311982495136,1488.8805033244469,1.2
8945.522268940915,3056.042154902149,1.2
7998.5525594731525,8766.507618282005,1.2
4252.135044692334,9963.343376272473,1.2
224.69308320117398,3683.0953050684834,1.2
2686.7735938494607,4486.106309545426,1.2
5416.342146608669,7220.70938202737,1.2
6334.782198261472,8861.957804650745,1.2
2578.876854332023,5930.443341867842,1.2
1393.5607407282414,3915.2569817782933,1.2
8349.302367992992,4126.218408486237,1.2
9844.02180703552,6956.181464968068,1.2
5256.901823026858,32.18263604278682,1.2
1716.792858483035,6195.893374598407,1.2
2723.0732651936896,3554.930104413574,1.2
183.90676547466734,7941.973312770842,1.2
9142.98806560499,929.9063982313216,1.2
1177.5108289014113,5882.022669483905,1.2
5765.164755142536,4809.728898861237,1.2
2740.55220687206,6423.255259052274,1.2
5541.780025157934,648.5359448296834,1.2
6514.203883518642,5799.837874281313,1.2
8297.418037072017,5614.845879595237,1.2
2064.212717606032,5606.600944161709,1.2
109.95828658480478,6034.876665964548,1.2
1368.8563006880727,6764.679372263622,1.2
9000.186418481051,8049.889996807698,1.2
8738.900775625152,2698.2072012821436,1.2
5974.131021703083,8250.494101800621,1.2
6005.1686043365335,4982.556822634536,1.2
6650.366745462555,770.5827913433117,1.2
1753.712786234496,585.509292439792,1.2
9144.119459249598,3342.383186960608,1.2
4187.705248920731,7848.9697711146755,1.2
3831.3852824949745,7076.809347409157,1.2
5189.177052828375,7886.149646724064,1.2
469.65966775055045,5172.690564416093,1.2
1662.833687560794,4401.989979554905,1.2
7380.336164263705,1474.5252670628395,1.2
827.9866792512647,3281.9275360931156,1.2
6031.521094663882,4340.193661738753,1.2
2453.4910968132094,886.0042967961723,1.2
3892.9561404197652,2206.119527112113,1.2
2886.937367706999,5982.252940637388,1.2
3556.7271646494914,7356.631142391899,1.2
7190.459051842455,9983.475113929497,1.2
2971.2171562317503,9331.133313435577,1.2
5664.046402968972,6425.6519953519155,1.2
4760.504021990997,4212.48053294072,1.2
6636.711653626481,6361.773647082327,1.2
9368.29739324758,7856.5161808023195,1.2
7325.720972102503,1183.3619092338731,1.2
2149.4037859075675,4099.048896962882,1.2
311.83135061284673,8398.022856356172,1.2
2622.640442998251,3838.3295193304402,1.2
5950.779307002548,5718.722712271865,1.2
514.2581348425035,5877.693608621982,1.2
4963.662472012364,1844.7625313363935,1.2
5968.428489168892,3622.3544165228836,1.2
3342.438908169608,3345.1128874193214,1.2
7709.122037458219,261.9670853206479,1.2
1065.982531337718,241.91763891355245,1.2
751.3778173580877,8316.970436757734,1.2
7281.887562036033,2730.708099728124,1.2
4954.913162061985,5180.787662388155,1.2
6884.02396427736,2987.2557358877307,1.2
4348.273386037462,9406.792451153406,1.2
2464.020332391068,2592.9675886577375,1.2
8191.023176741997,4296.568127389351,1.2
1333.9096418598829,9416.98247158122,1.2
2405.8961996534877,3191.336215698808,1.2
3271.3905581113977,8541.101744578657,1.2
8591.374909485978,4079.4432637907107,1.2
6660.902130980257,8815.08028708691,1.2
5411.622122834037,9186.727397353747,1.2
290.138244243604,309.6859837793342,1.2
7337.482962802829,5673.944553178628,1.2
3949.5001843100586,8850.313772943218,1.2
8020.471186286665,7950.170023474531,1.2
2544.211258598793,3982.805633150287,1.2
568.8493665115179,6224.957523191054,1.2
8666.486408992003,3058.5793763460833,1.2
2210.289958843713,5945.439987022105,1.2
4049.8944804725966,4545.039080996532,1.2
3160.964710182087,4380.0338083708,1.2
766.6269999644726,8400.89897438398,1.2
8432.246942297046,7716.232976334234,1.2
8489.391477448615,9380.806443076686,1.2
9714.650914353879,300.76405448699273,1.2
3853.769143951381,3661.991234947184,1.2
9544.881251086652,5758.381340910729,1.2
4457.583608397189,2699.9352916275066,1.2
6697.246517218077,3048.4776586628636,1.2
825.0004969715541,2961.5169249220917,1.2
8970.985799815344,2331.2079790867792,1.2
2980.035006887627,7280.681042559682,1.2
2623.0482259638143,2056.1193704694338,1.2
51.29549064456951,1382.035452295274,1.2
5432.02515280406,1898.8142164933054,1.2
4755.963670072531,8412.13292701945,1.2
6363.736775715226,1981.9620378020797,1.2
9782.041340820062,8269.484591577719,1.2
9086.627578310878,6762.501243473245,1.2
9101.530757801565,8481.550134858282,1.2
5252.556711071455,9784.979040886772,1.2
1040.189498547629,8720.516136417373,1.2
1809.1459525790099,6396.942620667832,1.2
9530.402209867416,5105.534605831343,1.2
4119.529833863587,7157.772847591363,1.2
8650.171206071816,3216.9308931643004,1.2
6721.772794761761,3841.2578876288585,1.2
6287.857958821613,5199.695996717075,1.2
2755.587766489521,1156.2354280020804,1.2
8967.472697408626,8517.830951442456,1.2
2068.913713433652,351.3375558277898,1.2
4044.052430754076,4469.254091475249,1.2
9935.724923941036,7075.317371886348,1.2
7357.270815071208,5093.060954987394,1.2
4450.614124896827,7080.096985790861,1.2
5606.631694437349,9092.15448079746,1.2
4112.554890866352,8181.320117747983,1.2
7269.879919679885,3118.585260914679,1.2
3991.9688590407477,2512.4400513946343,1.2
6701.451647023819,5383.2783166664385,1.2
7047.156078805415,178.4511091572627,1.2
6095.598712590458,5155.93759159651,1.2
5400.34464181656,168.0837911349098,1.2
2060.818509133018,6126.329004970848,1.2
1991.614766227019,6636.542914973051,1.2
7957.388648160441,3251.509830711955,1.2
2903.327777707566,4872.287450165128,1.2
6559.628278238539,8276.839979595266,1.2
2996.1677580702485,8558.97038738031,1.2
1444.7837842282875,4996.755482906289,1.2
4039.566669804695,8940.907832268045,1.2
3102.6952684458975,4801.220538636102,1.2
2433.9801628096225,1739.9432906133295,1.2
5881.0404265837615,1386.9526415825594,1.2
2453.432529633598,9165.680065343902,1.2
7477.706117928631,1816.8775413320604,1.2
7201.466478542229,5678.505673909555,1.2
6952.608669550929,2010.6107674287975,1.2
1027.4277857321167,3465.7674692675223,1.2
9436.424281842912,1050.1264034626045,1.2
5033.396328927818,69.3969080077117,1.2
8996.736193674127,4165.982932346682,1.2
1985.798844363139,6449.431209057394,1.2
5944.491868184307,6480.657230324228,1.2
9654.085816772633,732.5977196924805,1.2
9986.98245896687,5850.747592120881,1.2
241.68624980544618,362.535669380446,1.2
4813.033334553166,7690.73168086859,1.2
2914.2268967360797,914.8893665499224,1.2
637.2056831731454,6588.417012345142,1.2
5696.243989430589,8809.760060395267,1.2
50.83284699214041,4802.4319554174,1.2
6112.775896700216,9271.777958130438,1.2
8701.814770345894,384.4854778750051,1.2
8836.014649738892,5159.337524330324,1.2
9543.194831960383,1783.0713817984256,1.2
7398.638198034741,2380.3074730418716,1.2
1847.1295754908879,8301.52166595131,1.2
4346.783210868052,6776.724308243614,1.2
8858.994955478734,8066.278672029805,1.2
2550.462803347965,7544.638992933755,1.2
4433.12694728984,401.51358312630504,1.2
6169.369758208952,5819.282773915824,1.2
1033.5251087815445,1558.180624656672,1.2
4901.096610690625,9022.78682719631,1.2
447.04402435746914,5488.720707850906,1.2
3116.2746930915073,8323.032718854682,1.2
7520.39686366025,4851.584683564756,1.2
7154.990865280647,3338.4647853786264,1.2
9415.54243758317,3717.952058206465,1.2
7768.953667087695,452.5131378754388,1.2
2152.285149871862,5537.396031072359,1.2
9049.711806332505,2703.1183610304897,1.2
5522.641470114036,8024.482071670684,1.2
8448.978875768562,3818.2567250505604,1.2
9224.894837730406,5801.987865482996,1.2
8289.612789391418,3728.6428388851145,1.2
3941.979979597263,8556.287744200254,1.2
5981.881365821267,2117.481075720832,1.2
4326.980795636002,6631.834711196943,1.2
6941.471357469509,1375.976484139303,1.2
4846.864896036265,6045.627705489064,1.2
1282.6034157607323,2153.486332445048,1.2
6443.704966138136,2992.6882925094646,1.2
2047.0621617065522,3933.301213251289,1.2
7449.571255322296,8929.954916893372,1.2
1056.1720640258266,7218.967014312774,1.2
73.09493723924754,9124.488699891746,1.2
3344.8899155293234,3635.8414461715192,1.2
9692.555038310558,6071.479269828801,1.2
7009.756894333043,6651.368557203825,1.2
4136.855347333363,3900.440430960821,1.2
1207.5217051578745,4430.8786319634455,1.2
603.6354435155366,2227.584268272451,1.2
7262.116737607751,3549.681051247434,1.2
9054.509843134736,3739.5561767977492,1.2
160.25917932118938,8118.683110656309,1.2
5841.408307135868,7871.215113570789,1.2
7286.040502085514,696.8457911456793,1.2
2921.975442760082,6960.415895658455,1.2
5227.976163272437,3000.638833344118,1.2
8148.518862506176,1141.7652767698837,1.2
5963.269801768657,7578.330409965547,1.2
3785.553394515698,5366.030880254267,1.2
775.5780549497093,6724.184131789562,1.2
4869.061762320864,3721.1665348739984,1.2
4681.939060699252,3809.1592529177656,1.2
1815.347567293506,7481.530525123975,1.2
701.3593446323719,3058.7193831284976,1.2
5084.009321464065,4914.725719827119,1.2
3318.5173483127805,7521.560048865537,1.2
2144.9782034691443,2192.4547182659758,1.2
946.5689421443624,9298.048376626957,1.2
8379.30528669717,8176.758715150815,1.2
3551.124704007644,2450.840294741103,1.2
8267.850722224131,3805.2352647765774,1.2
259.62269231945004,5974.453914939386,1.2
22.395771533531004,8758.93164176974,1.2
9244.177513143666,2823.973440813785,1.2
6739.332510076218,3419.5599691192956,1.2
9948.145801062085,8504.327049437235,1.2
4795.050214406679,9882.738003879342,1.2
1591.3749655398135,1450.1388162296203,1.2
9522.830527783963,7790.970524154961,1.2
1660.7017354449683,5716.659493451114,1.2
3692.853070430535,5286.880580593053,1.2
9345.599838702747,3949.894129162226,1.2
816.4113622514768,4014.6419923705166,1.2
4539.621146138821,7302.485516209683,1.2
8872.905916605034,2295.4655527766945,1.2
3194.050602856374,3217.2401501927793,1.2
9626.579377157112,9524.44977357714,1.2
9973.726003484886,4640.273006052428,1.2
4860.155240598712,8955.240002622986,1.2
3212.915884340132,9465.263776155036,1.2
9734.389980818436,7077.569444507196,1.2
9987.185363088856,1982.2116889358188,1.2
4452.131001322439,6338.547469135805,1.2
447.4569544182738,6535.289036482337,1.2
4470.611234974133,290.64800143850266,1.2
7101.747997970562,6964.090521646085,1.2
6260.713276300421,5357.603151400979,1.2
6706.497702112507,6602.469847138717,1.2
9719.188598466924,8571.570432603754,1.2
6619.712408858358,5596.758287899658,1.2
914.5020235766322,3082.380633685946,1.2
5897.310102096279,3021.1916255202887,1.2
2115.8100640626753,2051.67977477133,1.2
7950.756349995635,3589.2433424516935,1.2
3503.0598222785247,5933.666262520306,1.2
5024.364776431564,9169.126135732531,1.2
7035.3914613159195,358.5286512519037,1.2
1716.2767591793847,2195.513353688472,1.2
6010.594411321879,1696.4615742991107,1.2
1600.3461073905833,1114.3944778262714,1.2
8265.784013455914,3330.597980669414,1.2
3327.0162849251815,4564.602620276698,1.2
5466.971866165931,6836.965807590464,1.2
8307.106046423381,3707.753414268614,1.2
9690.670621397736,5584.287814316732,1.2
3275.349776987574,5649.982793383593,1.2
883.7381961170587,1646.620156335603,1.2
9634.891237795806,5733.419029907153,1.2
9893.034436854585,7873.794064100766,1.2
9190.770870559953,2419.397385385326,1.2
8504.856900533321,5356.804214191854,1.2
4936.927425283941,6042.890892914804,1.2
4686.165581275846,9973.994289820572,1.2
5589.528061006032,4926.867908407504,1.2
1069.0220488046798,3438.8069307776127,1.2
8987.370913616553,3645.814411214112,1.2
6151.472074885722,4154.713449285406,1.2
9920.458144091397,644.9518481602778,1.2
6925.76397485425,6556.923877632409,1.2
3547.3485179661234,4047.8167425363586,1.2
1734.633597648233,3997.448622116697,1.2
461.68057708570797,956.3602880026756,1.2
3267.8970502478246,2622.410162088128,1.2
3557.9442631249235,3220.790933352511,1.2
4793.872100917949,9645.980209455682,1.2
6589.781248028838,2046.3771693100707,1.2
859.4221175006189,6962.606601429064,1.2
2964.4561185159414,4054.2184847678086,1.2
2034.2313582168003,1436.520454315161,1.2
6521.5973725296,404.6084002961048,1.2
5771.563694291082,4985.682963925542,1.2
6818.02136415193,9598.231547808331,1.2
2169.29971221871,250.97471543778505,1.2
222.6974834023565,2445.558360405411,1.2
389.74173914759433,8329.285742560463,1.2
4567.137896270567,4349.765512341859,1.2
8776.100975607924,1536.158702897802,1.2
5391.571858835078,8330.947550610783,1.2
5254.932831670179,1552.3422661849384,1.2
5442.262757088847,6548.972230720608,1.2
5164.189777793827,377.55130394871105,1.2
8863.523595236567,1247.5379121600904,1.2
4101.943985665063,7919.84425175452,1.2
8195.218069047165,4094.238930565973,1.2
8322.170043629618,4300.886653315421,1.2
5941.809916399296,6298.228120207931,1.2
1984.1667873572976,8537.129683137488,1.2
7753.042791124397,1601.8882591483753,1.2
54.31306395287883,8796.847376358328,1.2
527.4634353341922,4460.789630026196,1.2
5811.499182291094,6115.1977087004125,1.2
2519.734488481998,1579.1365988879024,1.2
2641.7193738407864,2815.03245542033,1.2
440.1325478638207,9695.449826292359,1.2
8968.20866805009,6663.5386231766815,1.2
5574.485338244116,5789.882001616299,1.2
236.02193184371066,1455.3313448476035,1.2
5726.5437754800005,9554.07214355155,1.2
7030.107802654859,4696.383968764124,1.2
7147.555699245914,1729.7092417070592,1.2
4460.321566258233,2323.804675339735,1.2
4250.691522964457,9026.48056680907,1.2
2766.9297993327014,3015.449214342337,1.2
9444.195424383057,3620.655098231349,1.2
7894.57907912815,9339.95638628691,1.2
9918.982324880373,9665.553988196141,1.2
9079.07684504303,6960.3646918937775,1.2
4074.2853465844164,8148.066259754263,1.2
4367.643858478628,3354.722015969055,1.2
6235.65379565603,7249.107350874092,1.2
3242.878653498015,7078.138281679737,1.2
325.86123724061554,4346.840631222699,1.2
1644.1716047206212,7269.873999861695,1.2
5563.0159883673805,7634.632975169659,1.2
5370.449041635611,3316.7148343179274,1.2
9718.096955670811,5543.855109312624,1.2
5316.075639770654,3569.9538061391136,1.2
6674.709846952675,5964.474346092902,1.2
2712.645315363219,6868.404450407257,1.2
3929.7331949182535,1070.7657421995998,1.2
702.2879894549427,662.3766856922431,1.2
4438.486747838502,6865.917921499083,1.2
1988.1242102851281,7342.090418282045,1.2
625.9572079291453,531.4629595044773,1.2
7933.144967584554,136.15412147036986,1.2
1404.8062858237975,3904.227014053031,1.2
8931.603744929895,7883.488947772149,1.2
1825.3547642120084,8298.261527581446,1.2
8109.0234914628045,9426.7963755552,1.2
8768.30282648284,6594.267979336477,1.2
88.65909730762512,8568.528793552317,1.2
6174.510762514591,8204.485442343297,1.2
8098.135903487484,3577.2774788420725,1.2
9279.630636757116,9505.010008950474,1.2
5830.705315664364,8808.581769189559,1.2
7835.013507891662,4545.303245219451,1.2
5046.790159045362,2117.6314193344915,1.2
5786.960248673311,3387.5969731160026,1.2
2356.536472419556,7859.974431031756,1.2
4281.53100222219,8267.253989060335,1.2
6500.990623503187,5273.439500974534,1.2
2824.408442832903,8679.161897952335,1.2
4385.033012820499,1368.3217701753215,1.2
9449.025946278975,8229.96355500463,1.2
1068.9029607493194,4618.12758161592,1.2
4006.252731706491,2124.711207253319,1.2
7948.2789346450345,6099.542298191105,1.2
1028.0014070070342,9066.766867636063,1.2
5535.89474104581,6890.054905899296,1.2
3508.9940145350815,7968.550409634,1.2
5285.240711799341,6255.621498144918,1.2
3284.0069292610697,4922.070723866724,1.2
766.0902741195175,4405.685225602288,1.2
8947.240789124342,7402.474603704314,1.2
9835.750694534878,7806.0574444060685,1.2
4259.9481750482555,4868.635681696787,1.2
7052.203515586356,9922.284133021622,1.2
4214.13120221152,3827.917446806247,1.2
7632.9936047285555,5561.573588692457,1.2
7975.581977581797,5617.195746971984,1.2
3079.7919859265653,6187.196528301621,1.2
434.2365441727358,1967.83802251148,1.2
9953.562985931152,5062.372544238204,1.2
7037.82421557189,7536.066659385892,1.2
7223.856311440885,5040.200893003945,1.2
6512.46204549523,7481.531903281562,1.2
654.917229489771,1906.2986751468702,1.2
520.2584378358998,333.67883948797197,1.2
4898.642157815582,2423.890901724305,1.2
8059.430801034787,8593.07557788944,1.2
9791.17795573646,1321.9590927002466,1.2
5820.545100470596,2708.8800460554853,1.2
933.8953694699603,671.7586060029835,1.2
3499.251162543665,5304.7840475613875,1.2
9429.10472689235,4472.43688793738,1.2
6557.637614625926,7807.572101245717,1.2
4334.470346712634,898.114565889232,1.2
9614.253319507541,710.8154197781103,1.2
7548.251244408356,2452.220703077912,1.2
1641.3719409901262,9060.992694662324,1.2
1435.7901685861364,5560.604748589273,1.2
6555.132857187057,8215.696425448756,1.2
9797.403968555554,6440.386107200905,1.2
8105.138894799104,8969.532020275843,1.2
7160.104875976345,4874.711596231745,1.2
7697.407491562018,7973.996423353834,1.2
1629.158792656893,5534.556203914846,1.2
4887.480132732497,2861.9140723456203,1.2
6111.575048259904,2327.40581482302,1.2
1893.5650785356172,9015.442488125753,1.2
539.7014543564404,5223.07744168845,1.2
2615.525494692147,117.70303225347223,1.2
8876.176487813238,8878.743565515191,1.2
412.6169124479906,5471.742782541644,1.2
2881.8262021176756,9022.58889269639,1.2
939.5936115328518,3980.625388564113,1.2
6808.419502822789,5360.142041048141,1.2
2520.2198991810255,2842.8561862877787,1.2
4948.549731592492,7051.530336557708,1.2
2958.190638646808,149.45382339501933,1.2
8815.598955113122,6171.00766240675,1.2
7214.746393941607,2794.2214795406717,1.2
1975.2227110391195,728.9294386891631,1.2
6196.121778462701,389.54533583901883,1.2
1350.9358127726755,4698.628329726821,1.2
2978.314009614903,5686.285050543661,1.2
3639.500154548505,7364.070192585043,1.2
4094.0984468726383,9841.775473870246,1.2
9352.283980774473,7228.6505912697385,1.2
504.5270255823775,78.56450814562099,1.2
8089.87193620845,3898.1718706833467,1.2
6253.613021669101,7258.2357183642125,1.2
8189.792026548814,1057.3267549490263,1.2
2622.295358535365,1020.7005719637297,1.2
178.97579434676513,9473.78155197625,1.2
795.1015823403451,7895.565200201511,1.2
803.6256279633869,9143.698677136446,1.2
1693.090767705373,4909.930008149024,1.2
1738.5010020006564,5546.702669701287,1.2
6935.591893591564,799.5047662893052,1.2
6699.704647853032,7050.85646621471,1.2
317.44951473934077,3075.135375483842,1.2
5638.471395152475,9602.839564169151,1.2
9301.41188670019,9072.597978487676,1.2
5733.004628113625,1131.2905692148634,1.2
4302.216848437867,2471.999540384584,1.2
1498.2504641720984,1381.3009853065582,1.2
6370.130147747971,3437.8478060324323,1.2
3870.518204672826,9783.199946195034,1.2
3007.550980618068,8958.748643245724,1.2
1160.727398747161,3188.5823360327004,1.2
3018.23472774829,4831.631397335296,1.2
1697.1532539737243,5651.4346212719,1.2
3460.162288063604,6677.32303382872,1.2
1892.54028238244,2352.304975619448,1.2
6646.432124874533,5063.725912629739,1.2
8245.572068535997,7289.1718472662815,1.2
7576.509266218073,8874.934602612451,1.2
4194.700978578348,1227.512597476318,1.2
2436.6436715527175,9401.71144492713,1.2
5691.102433148207,8370.925836637294,1.2
8981.558378540636,601.8983851688753,1.2
7413.670733055466,5154.453820616297,1.2
6929.495453196174,1097.905509656345,1.2
3747.0760523236204,4248.452292122122,1.2
1763.2686153903521,4929.905448324728,1.2
1706.8511697732147,7443.774241409158,1.2
9932.526988409445,9488.870217252359,1.2
1640.3158778387094,9170.654847580718,1.2
8426.721289290293,8525.717607953222,1.2
7781.038294063669,159.35821870959654,1.2
5628.000156635282,1412.9754269403693,1.2
9128.311394611506,9210.87188179,1.2
9157.68391821687,5894.580943184784,1.2
8522.659291494465,3898.7836647761064,1.2
1605.6384146298365,1808.6185604535121,1.2
3287.6121012289273,763.3199684415704,1.2
4889.33934051101,5310.092503761896,1.2
3949.2184490210957,9078.530510324154,1.2
1006.7702073776608,5945.276024020843,1.2
8479.900155714406,93.64843011927971,1.2
2912.6606800247446,4287.013928004351,1.2
3173.2245111877487,3798.205679672003,1.2
7768.396536334219,1291.585294725469,1.2
3403.1156103989747,6750.8057513188605,1.2
8138.628435490948,4393.808883494653,1.2
1173.0813026770516,7461.62097865357,1.2
7721.242720070621,5947.888229039146,1.2
3643.7921224725565,3649.3325623975948,1.2
2680.8336504078734,6529.292278666549,1.2
5921.208142463973,3010.912068643118,1.2
3075.6993328310577,9866.832682822882,1.2
6439.0715898778635,4887.08372335539,1.2
7160.436797515734,7223.047025887261,1.2
8929.526572911891,1784.9849296134357,1.2
3196.9641794434824,7759.299757647285,1.2
9318.808937909158,1561.7735408861222,1.2
9858.266002659828,4856.345769209252,1.2
5681.549401539748,4849.185922230359,1.2
3694.125658345955,9030.59362704962,1.2
9598.641946081449,925.2217419341347,1.2
8061.192422326117,6549.096050400588,1.2
5642.773470366895,20.599938777958737,1.2
6791.583170534268,4840.762253717054,1.2
8356.96199358098,1993.3054876619694,1.2
2939.7165739680186,4151.9435944813995,1.2
1199.306559112535,8552.738794147159,1.2
5198.492390262279,5260.149647895126,1.2
4474.681602470158,6844.586317463988,1.2
1940.2448727054489,4606.065074989697,1.2
4054.46726920059,8798.814334020195,1.2
5007.72528022635,5772.906938299854,1.2
4913.255856623297,1909.9047516863577,1.2
5566.60387475637,7777.125297761723,1.2
5062.257124072761,1922.9209823262527,1.2
8285.106704661806,8428.955167860742,1.2
534.4547015935508,8978.35411041968,1.2
9554.199270500665,6510.965258105649,1.2
1157.3087769727763,7616.135221586632,1.2
361.85775946876885,3381.353072619909,1.2
9604.734213052983,1470.247817303838,1.2
8611.293017605196,3578.1527997706144,1.2
9593.5645578854,1129.0884530473077,1.2
9948.599207631007,5266.088368501078,1.2
5851.39667600317,3151.0353239760702,1.2
5486.8281414129615,3337.1694761140457,1.2
2603.2906500582476,9779.902636933599,1.2
1188.8701909065057,1436.4859299777677,1.2
8081.790717870553,5433.412812376673,1.2
6869.635866783983,6213.6191805400595,1.2
2018.194252087605,8145.407920306728,1.2
8899.351356126921,7998.623619302383,1.2
5190.344511784037,7833.170355702713,1.2
1951.1740627764907,6466.88793047465,1.2
5006.825858672957,7455.599223160254,1.2
1164.9263389218788,9187.095551431063,1.2
6007.901779854495,3426.046250195096,1.2
8182.539201858094,2391.8293509903688,1.2
2407.697948551777,2057.8473611882278,1.2
5582.134797242084,5883.4601076812705,1.2
1723.470368769423,2756.9098719116246,1.2
7926.34522507263,9678.870409084462,1.2
2976.312708984157,4823.904095740805,1.2
9697.690758724124,9198.070479804848,1.2
5704.069782215773,7606.326348777799,1.2
3964.0312511295037,9932.21569579126,1.2
5752.654654746013,7436.420199323293,1.2
140.6191306101212,4485.1634684315,1.2
7980.348343801249,5294.32552048099,1.2
6117.567310728465,905.2491113283035,1.2
9105.603246882843,7294.178314847377,1.2
9485.133640780652,4481.5140709566995,1.2
8109.399085382898,4868.688866967495,1.2
795.1993947787416,670.9715919142201,1.2
9803.262622735132,7967.370543306246,1.2
7412.72706879091,1862.3496229635273,1.2
7263.046187133537,2830.7757679231895,1.2
3828.3106262721567,6251.280545297049,1.2
756.0820957964042,7413.800584161305,1.2
4762.798799900908,936.2668631673577,1.2
560.8582269941986,2516.686333537427,1.2
5762.811669812251,8785.889064812303,1.2
7824.24565584575,9217.630514421508,1.2
4806.6662067917805,5107.629419008239,1.2
5070.774130368862,9969.878167951356,1.2
2958.630577137373,3343.718658382001,1.2
130.37657115548828,3950.0165511289056,1.2
4737.347734089631,5450.5900235383915,1.2
7377.056035904912,436.87104117662966,1.2
579.191057540398,3855.5743168190825,1.2
8479.725113291051,6822.556158535139,1.2
2616.0320204938434,333.5427242161615,1.2
4450.435789287964,9257.092546141743,1.2
4884.931583683365,6344.945925101267,1.2
1913.9753558340678,3514.623310556868,1.2
378.86747848357885,1056.9239724178935,1.2
4444.779783568493,9821.398346450858,1.2
2295.266726459474,8124.194742017514,1.2
9900.030492606802,9476.371509210941,1.2
850.1316933151215,6012.9994251935705,1.2
6969.5536878313615,4769.356561203748,1.2
8217.459425702044,632.324369540821,1.2
5358.8884875149,7518.01219505348,1.2
3600.6398407214256,509.80919385508525,1.2
443.53729964470733,7213.278334558275,1.2
5928.47499174474,121.06343610400305,1.2
8242.524125234622,4983.081071545721,1.2
2176.054117935289,1465.9337366516233,1.2
1356.5058416573838,9389.676397215444,1.2
6050.785158752961,7941.121022650537,1.2
5374.247622692767,1555.131549056532,1.2
1313.0563473512302,5208.836407250481,1.2
5793.744507371304,6787.934605863523,1.2
6400.0398777457885,8000.077850456862,1.2
1991.8118544653962,6096.3092929665045,1.2
6674.538338528987,1171.4527008937248,1.2
7392.251193950513,2860.585365025198,1.2
2051.323904519602,5307.465061111698,1.2
2427.0648931147766,624.9325455854026,1.2
7543.576052705663,8246.328053135861,1.2
916.4642178538196,7498.263055078768,1.2
4181.43827205181,1067.2073928302084,1.2
8092.239881686448,4148.302052714711,1.2
3216.1264794526933,2502.07926688263,1.2
1223.287559959111,7511.861908761523,1.2
3848.395593652153,8625.888623286117,1.2
4717.75196029711,9333.671245240797,1.2
2148.5550414275367,9327.657346822283,1.2
94.39824624756676,9150.985127591599,1.2
3644.6630448649853,1717.7975680011016,1.2
1296.638186876762,6541.170126935669,1.2
1611.6420972880574,3161.8586667903014,1.2
7832.565187212656,8163.623715607935,1.2
4392.533020372962,7832.906260361674,1.2
2524.595368296331,4885.841690413301,1.2
2795.8760491096923,6320.107460192747,1.2
6471.28515160909,3140.6648288625815,1.2
9230.42759415485,6207.923108062421,1.2
9964.278322034288,6089.043827582647,1.2
4816.878540848311,5280.166713014915,1.2
5769.744672612716,3183.9980164276362,1.2
329.66533690761304,8756.45137508947,1.2
9847.11649678301,2081.5989727833485,1.2
9914.391860127422,791.6399730056489,1.2
2390.8775436085207,4289.923378811329,1.2
6775.264405743701,2552.7443842836105,1.2
7375.070256327606,3215.6025354710914,1.2
6972.626315783384,5377.609111607644,1.2
5564.468866420162,754.9299031119639,1.2
4898.718753889365,6867.175999555799,1.2
4333.814316545662,6488.188468828077,1.2
5737.958960144945,1190.5425844816975,1.2
6986.818892866876,1950.4783203866361,1.2
7693.544767993037,2079.3758064759572,1.2
6500.026527192321,1848.6124954027362,1.2
1847.286284970585,3454.4091205109394,1.2
8426.876901119058,2868.9866907127894,1.2
3200.064869912855,5376.100499012035,1.2
2793.204427404006,8499.52102532049,1.2
2834.3289337598544,70.42742399171908,1.2
5042.1806167132945,9346.935492876039,1.2
7049.966768763629,6325.686346061988,1.2
7649.994116875665,6483.963703444218,1.2
7081.047929533426,8440.538351774734,1.2
455.23519670798487,6944.33125237551,1.2
3564.5356003173088,60.557886366493506,1.2
7023.750378428864,3368.282917328522,1.2
5578.450973117856,6623.6707796283,1.2
9450.553824262703,9170.477117028808,1.2
6647.580343023152,1138.190319155784,1.2
9262.594196000671,1161.739673077059,1.2
2770.051520279625,3420.4312781636336,1.2
7713.782757746702,5514.390088281427,1.2
1358.213945982537,3030.65592939072,1.2
6914.693260651356,4707.951928798667,1.2
6317.651596198267,9259.154774073286,1.2
6671.644251406175,4351.0302426870685,1.2
8394.687914249764,8463.232297644014,1.2
4948.906986970487,8509.1731403438,1.2
6868.453738807132,2272.228398000441,1.2
2842.989961024189,8634.729027418482,1.2
4798.555643004889,6348.060786719722,1.2
8892.123344595335,2637.360117405563,1.2
6898.163910540569,3899.81739139706,1.2
963.2451919618745,9694.148797661795,1.2
1013.1987937192688,56.87449093550123,1.2
4670.8817101555,231.1207566033513,1.2
8615.42966832646,6683.669956156519,1.2
5375.709775347654,2659.2067449472966,1.2
5979.958063590323,2928.806619761002,1.2
6295.206324738994,8788.357648088197,1.2
1605.6747901066426,6819.563592556663,1.2
8179.994778849048,2919.988910198457,1.2
4988.38227996611,7564.336486380143,1.2
794.6950500895522,1266.2708188970983,1.2
5286.191177920263,2955.5827761438914,1.2
1130.5278137401265,7178.491895561152,1.2
7363.977851122485,9243.68737184122,1.2
4150.377677352435,1199.9416826706943,1.2
3229.365564353903,6606.499937903497,1.2
1422.8749144244834,4113.196805609426,1.2
8712.902303569163,1352.9055516427536,1.2
569.1184604392519,877.5935910679966,1.2
6313.668192777633,1539.343229117579,1.2
6881.493052577423,6663.221579690878,1.2
9673.903089426462,3863.098946854581,1.2
3504.624525082942,1965.3615433727457,1.2
6490.816572605431,6151.627179129357,1.2
2332.2957123298784,8901.997284918647,1.2
2941.809123490663,8342.248985279391,1.2
8045.944356176218,4203.726047544037,1.2
5376.4686002798535,8506.121926143845,1.2
81.66030902951537,2849.1457858718018,1.2
5587.624095197043,472.3305016608914,1.2
5771.959696782778,8888.494504349588,1.2
5418.328745139064,5295.54869194357,1.2
2253.32543539108,1605.4580508747406,1.2
646.9036797387062,7932.594029508247,1.2
3147.9612771996103,2452.0934995951884,1.2
5383.192665809479,5715.481536355887,1.2
6256.901737186695,9789.86456095419,1.2
2133.859411017693,353.98461401264905,1.2
7115.620202460969,6154.572360240122,1.2
458.9480523302114,2305.493670718446,1.2
3472.2990431168187,1055.667653455944,1.2
5272.571226415149,4662.056894534786,1.2
8281.405524985255,9635.187837401205,1.2
7641.268919067077,6055.236502989633,1.2
6260.251997811035,7087.827572850094,1.2
3968.7429612113747,2819.357929972002,1.2
9472.620632809967,6522.898000436319,1.2
1217.2627006569915,8029.153023868535,1.2
9369.910715342208,53.105875069278106,1.2
6376.999823163231,4132.358991579438,1.2
7123.62783586175,5586.47587607245,1.2
4329.0582656676415,1537.9094417831573,1.2
5105.470472497435,3085.3352452027284,1.2
6227.241377729688,7893.732750245227,1.2
3803.481005772751,8487.08180044227,1.2
6675.282274181801,38.999120133684784,1.2
965.9344942445092,2391.883256877998,1.2
5337.494665755839,3034.2881256399037,1.2
981.8057012267257,9936.564456561013,1.2
4334.62584338556,2561.699498075531,1.2
9667.014516720743,2877.451822586494,1.2
1318.8602515316395,1877.8882816586606,1.2
9061.612264056212,8078.08568911327,1.2
3389.427401888591,6633.377928185245,1.2
3917.220425710395,6114.78670144555,1.2
3580.5782397280573,2240.9314178996465,1.2
8728.005155522866,9531.82998688346,1.2
2749.2678320604437,7307.26088053841,1.2
4561.890369109219,7755.404032905079,1.2
7160.120516874057,7829.917453856428,1.2
263.9029016907013,3023.987911161884,1.2
4578.296050646654,6732.907576079718,1.2
6165.486870096914,7036.341558747054,1.2
596.0173400291313,2844.027120875331,1.2
8505.141877066768,3390.861203542479,1.2
2996.4917894388022,5968.09473928076,1.2
9296.794431842005,1344.01920666128,1.2
3675.8170225564213,1272.616849020688,1.2
6834.702759704818,7433.714812044222,1.2
7645.457693789092,2549.160504667153,1.2
7200.873028120291,9226.205291955292,1.2
1481.0443657434125,4923.758358922603,1.2
3918.1148846366364,9433.559337433442,1.2
9221.060331038274,5675.500159419446,1.2
2959.49281931658,3220.1537155605774,1.2
9962.948257990203,2344.122234087458,1.2
8106.236813002008,7120.802287284224,1.2
9037.981020276842,1214.9142071020913,1.2
4743.173650188778,877.642110126412,1.2
7821.457466026079,8695.272448658734,1.2
1725.380270685859,13.492056144340792,1.2
2255.612862241266,8975.824970317348,1.2
8960.63534184321,6570.091446647028,1.2
6587.747726168582,9131.21054029432,1.2
7512.167734412293,9053.653500291879,1.2
9991.130031899736,9075.98792184983,1.2
8694.244983162374,5228.614906925802,1.2
4329.0522208730235,217.9874906691648,1.2
4383.558756224322,8603.988771692777,1.2
6509.15075078082,8616.149084875193,1.2
7376.325815640868,6049.6698757708355,1.2
6165.2559890706025,170.3994778832807,1.2
2074.2362732768247,7497.460845158254,1.2
3712.160863719848,9068.695321887772,1.2
9021.869034066403,1752.8508459828663,1.2
1928.680540818638,4770.761936599677,1.2
7499.203772014107,3688.6862193864176,1.2
8567.057748639541,1244.2824461851587,1.2
7675.868897375253,6216.749777435081,1.2
1802.382926780447,3198.4243363531205,1.2
3172.215243068548,9150.503892288003,1.2
9450.209308148897,9901.256210087058,1.2
3199.8542955293165,9382.002056289668,1.2
9105.876371401144,8416.791932426147,1.2
7659.145445024039,7191.060748611302,1.2
9489.230162659516,5314.9456245382435,1.2
4055.7281577477943,6241.420483385984,1.2
5219.79799825197,8749.59533065735,1.2
321.51475669044527,7606.454813124005,1.2
1485.8190414512806,6341.898726915834,1.2
5785.173906080096,7646.371630769465,1.2
308.9955512782216,1149.3089402612534,1.2
363.9853638918311,9768.980939358697,1.2
1991.5634152186435,3642.3504622590876,1.2
4247.656147030599,8863.382471560248,1.2
1511.1742079408352,7865.442600974928,1.2
5376.34189766351,6639.871322196162,1.2
452.6846565530196,5878.698018107671,1.2
3482.4891798525305,7275.008921942484,1.2
3498.193106624281,125.57931019471779,1.2
3102.7702509297337,1236.7190469794964,1.2
2888.8367866396893,3835.0441552607517,1.2
4737.347854794325,8512.065231784309,1.2
1399.8653993924647,3342.561849786525,1.2
5722.566555476735,1856.9599741577347,1.2
6577.313599941901,4797.610867281687,1.2
6086.892314494715,2298.0272789424916,1.2
3614.002535655104,8725.37096880739,1.2
4237.770354962035,2879.514350071153,1.2
9397.299733465947,789.4522602923059,1.2
6574.250502030121,3670.5903902554637,1.2
3913.648600534552,1071.166064529301,1.2
3752.060456514993,6565.222524451118,1.2
1364.7920035930372,5499.1164581714365,1.2
8601.76578251387,4109.40946649028,1.2
9026.152761493902,5947.366687764453,1.2
5449.010017070826,9149.993832666742,1.2
7364.997519695221,4996.023204847297,1.2
8008.413425720961,3642.143848798045,1.2
9142.614133065805,8580.585241418989,1.2
5009.330453900419,7572.072449435727,1.2
9379.626127473468,3983.8467740054793,1.2
8193.198708815415,3473.308240158772,1.2
1217.7326271201016,7746.511353685707,1.2
5099.419938605371,7254.936305229673,1.2
8185.640449812565,9029.697968941478,1.2
9986.449574887542,9212.50995891552,1.2
3397.0904898982712,4741.8380714088535,1.2
2360.6439495802256,1708.284616980118,1.2
6376.030602399627,6240.004005806978,1.2
259.943715332166,1144.6156584852506,1.2
746.5797049640055,8911.367276968847,1.2
7558.651326578768,9106.713913678657,1.2
8707.20376208437,9298.3165669971,1.2
8436.215284115662,6269.8820593230375,1.2
5387.383318437441,3140.547328447004,1.2
9055.274803974191,8174.93725193721,1.2
9638.372237402627,2293.918071710692,1.2
6219.867108494796,6253.6585787832,1.2
6733.326067550015,5153.077578984346,1.2
9036.11857390644,8922.401179232875,1.2
7753.838954914934,2826.596264955148,1.2
8802.41930152903,8955.316979689484,1.2
5991.691874301959,1161.9192531768474,1.2
3251.4201336371375,4480.260298432929,1.2
3927.5123646589204,9279.939271114328,1.2
2265.874725099192,9664.50264366392,1.2
109.46143497013283,8141.045043472807,1.2
145.70581025135755,936.6804011356667,1.2
8297.947933471458,7496.336056748319,1.2
3361.965479632756,3870.6212384427995,1.2
6249.504700251809,244.28227629254118,1.2
5584.175095103848,8217.822482112868,1.2
4193.383460822264,6669.742764890677,1.2
2900.4527508206947,3724.9081314785017,1.2
4253.432678582491,28.4273538419777,1.2
4799.661236909091,6661.267398523935,1.2
8693.780798215357,2775.619099003903,1.2
2495.882737798879,1007.5880310571106,1.2
878.053294160308,9703.595343977186,1.2
9829.042014264323,8331.521433336371,1.2
4590.476253175228,6780.540148686019,1.2
7396.187978759571,2663.5330259495904,1.2
252.93327280892953,2996.2116797877125,1.2
6599.917131778123,752.9678871864742,1.2
719.157353119485,4422.673446652165,1.2
3825.6690520636726,3248.703231354643,1.2
4997.262416534406,479.0270182776146,1.2
3698.372921382249,6019.058658810458,1.2
3150.0742806628637,6862.0200638133765,1.2
9141.507287984088,2484.530451689537,1.2
2728.550308675146,5583.2606104869465,1.2
2172.143416180319,4408.441574309671,1.2
9792.796843476686,5542.256801835247,1.2
4169.771150930574,8369.700057171493,1.2
6229.601580165059,2518.78208061693,1.2
9088.843063903945,5287.449189612215,1.2
7090.224635418961,6087.447229918971,1.2
4203.177328480365,1529.2970682006257,1.2
8755.193742151088,3604.975753718682,1.2
7906.093198761104,8345.074661417742,1.2
8825.71271735892,1145.086636861935,1.2
7781.191755023805,4428.54975408686,1.2
8123.047136077977,7153.757952688564,1.2
9368.448357673964,5654.507063435324,1.2
2270.0020698946623,6651.325254787672,1.2
4948.060157545436,9179.712915792375,1.2
4455.003236843492,6491.016254475734,1.2
2534.583519261149,6573.313353133056,1.2
5402.436326941257,7737.964207439968,1.2
4241.778437774395,9990.201120303247,1.2
7734.618552811204,1862.1762204647785,1.2
3098.7856532115675,5854.449947347914,1.2
6938.640812246105,3598.7345926654057,1.2
7016.966945917617,5093.432602516556,1.2
448.2204593731165,3722.7527508724643,1.2
1679.634791328959,2920.9782375104564,1.2
2866.068501788468,2015.1607401434135,1.2
7290.966683073961,2622.4673122520217,1.2
9078.355096826617,1554.471928532879,1.2
8530.26948023737,594.3423476357401,1.2
3881.597411921571,6285.925009851611,1.2
2145.32280656079,1878.4423766919679,1.2
8577.450215558045,8148.384926013644,1.2
6258.275144146837,4823.082649557095,1.2
3118.6075834805383,4670.4004485527075,1.2
935.9210124499084,2592.9094899789307,1.2
5309.189778211656,2207.8554450569522,1.2
7472.712942925252,3070.1923097609206,1.2
9598.268128002162,1911.7325899265747,1.2
5867.903283098426,4180.2574848522245,1.2
4077.0698511601513,9729.087853094257,1.2
900.5944014878909,4061.6640212974107,1.2
5901.156490261276,8355.177565640462,1.2
3025.002853999246,5125.788385512638,1.2
4726.223874434266,1411.5822626502406,1.2
5733.854793131653,9220.263402192491,1.2
8836.50055121921,1450.1784506178517,1.2
9801.729735579685,9065.158227236336,1.2
6609.075075405568,4910.64988450809,1.2
8013.054437822094,8220.662660161786,1.2
154.38954751500367,3694.7087861697946,1.2
3221.2047682029497,4176.630772728304,1.2
5846.23592998918,2081.9058668834746,1.2
1456.2245872968238,6137.358233716455,1.2
8080.227940154819,5052.79746892869,1.2
5736.098902365726,2803.2787534686754,1.2
9580.681552021075,6231.982365463691,1.2
9625.374734685112,9754.484280634355,1.2
7771.268336027304,8852.879582955817,1.2
1037.203500201268,7148.505792603298,1.2
1256.4162279504365,5832.97533027613,1.2
56.29493101848904,7583.190099392206,1.2
7677.75028138924,1282.0383855611628,1.2
1225.5672000117202,5359.78648085257,1.2
3541.083119655759,5436.502372308417,1.2
2240.4943660754175,2235.2003323062495,1.2
3973.7171828921682,1979.4455107641772,1.2
9056.313992116844,9311.046915790292,1.2
8770.154149446395,9359.103972502415,1.2
6906.973377821613,6190.426708656046,1.2
4837.2233111667165,6503.8259606096235,1.2
7437.537534293545,6580.3680674270345,1.2
7210.021382415282,2268.3441181358976,1.2
8891.012245519136,8142.79831544099,1.2
7007.424697113841,9276.542892870302,1.2
1150.540494498683,5354.094345049112,1.2
4827.713167626742,5215.812518564212,1.2
9672.182178122446,2845.151012063618,1.2
1915.0687582557623,2004.6382348655977,1.2
7375.502098256298,4112.262606158701,1.2
3072.3178967007057,6533.087679661798,1.2
1509.1061558655626,2452.600892375465,1.2
9483.047578612566,9583.602160107528,1.2
4619.4075171727345,685.5049845073725,1.2
458.85478525466317,2514.9061658435357,1.2
3196.7753266732566,2089.1264685958745,1.2
8622.56548592645,2383.7720173652765,1.2
1950.6012671363771,3930.8344219181267,1.2
494.53630566158256,1186.5100099250346,1.2
1698.9966020363768,1492.1001056504213,1.2
6445.136348096539,2711.9948237494773,1.2
9903.24311046253,5974.134079892542,1.2
1385.081547069993,4138.401077646716,1.2
1173.5053833789932,7278.302367787085,1.2
2643.856192228058,8878.675357095806,1.2
1370.1095239488182,2800.165001094567,1.2
8558.975326531392,7259.919881556387,1.2
7725.576595553973,7760.851852240977,1.2
8179.223624696865,5088.915592793783,1.2
4484.682223238612,4582.149357453219,1.2
9657.97868913469,7842.787750963369,1.2
7895.113397789683,4831.435253936583,1.2
9483.961611323068,9099.852834469804,1.2
1632.7918288315514,6392.810162000165,1.2
7572.666687958187,9352.114161397338,1.2
8617.513582617954,2304.638384122566,1.2
2789.426615882431,9757.997911578877,1.2
876.6658562272501,5341.587204386345,1.2
4419.877619518625,4526.339926022018,1.2
8047.887985801608,1558.7059519305624,1.2
4990.44783763613,1352.7692810219917,1.2
8651.475871652974,689.2736481266393,1.2
9063.150663409095,1738.9968390664078,1.2
5310.283094256073,2167.8611150956394,1.2
90.67113221536528,7750.750723980421,1.2
7607.676032785171,7215.908403222237,1.2
6751.514476283384,9884.53621442256,1.2
1811.6619474626705,3760.3862771112326,1.2
8391.49506359144,229.74234505469315,1.2
2758.3380939665058,7212.248865480874,1.2
8000.11811333069,6690.34327077094,1.2
4494.47334673229,6785.546732080739,1.2
6339.196203167139,7410.784350342492,1.2
358.4216185630273,6850.360475942738,1.2
1268.8417954483743,2359.7354312703555,1.2
2419.7674458786964,4012.910460675666,1.2
7376.206727121319,9612.57896668587,1.2
4324.347502715306,7423.154010128675,1.2
5367.8690951185545,9640.991496547224,1.2
3225.6432620412534,9211.744664834938,1.2
4277.640476849988,7787.865774827363,1.2
6333.467353575062,8989.562871108988,1.2
1841.3226598725084,4627.692932947785,1.2
4195.300692933094,824.6255483783893,1.2
6773.123477530291,7864.020879577412,1.2
8485.649912046576,1278.6610671510866,1.2
4167.217524333281,155.34273015849087,1.2
7391.741706983642,5113.5628038249615,1.2
739.0210856991697,9247.036848168405,1.2
5437.390949962715,50.03488892729058,1.2
3390.9954245360764,9852.515257213267,1.2
4470.965067851529,235.4309144886657,1.2
1579.6737964812812,1545.8671280456526,1.2
1536.184724582682,4352.9204012420805,1.2
4882.138079281677,4280.4011106706075,1.2
6392.047333875675,4938.900782145698,1.2
8534.973903771248,2095.3668408441895,1.2
9237.513970991376,8555.875913165504,1.2
7253.280643660642,7146.968819271124,1.2
3387.4292549979514,5836.678335572357,1.2
4111.275922840209,7584.160811600033,1.2
6145.2342099110865,6092.362292414663,1.2
7464.952391125961,3821.990584207907,1.2
4860.7471245884635,1887.88015243739,1.2
6732.662053431975,9615.45699798058,1.2
3051.2944020497866,5503.849060599278,1.2
1522.7316071336572,5981.083997638569,1.2
4146.832948454467,7004.957691611971,1.2
482.26246479782577,5838.287374283463,1.2
3596.8806154367485,8245.810058325875,1.2
3728.846617940974,3356.246126451926,1.2
7446.404816795178,871.0831629565496,1.2
3605.008362562857,6171.413907875108,1.2
3593.1083780807194,9013.15819178842,1.2
6092.383806181517,8503.4775834413,1.2
3937.7955108825136,7347.673159755569,1.2
4090.726098608987,42.57564107398193,1.2
5099.024095896064,4760.142737648703,1.2
7101.479933270734,4067.030083851709,1.2
9605.262252056673,3358.0158879455157,1.2
4566.211089389372,1836.717932434645,1.2
4276.5152106160895,9700.734112414155,1.2
1134.637011199704,6790.596830188961,1.2
2178.9886934652413,5000.820169340621,1.2
9574.720690679174,1435.1452588607726,1.2
9433.50720404395,6847.969332678973,1.2
8818.242811564976,7762.2838497441135,1.2
6464.105624033935,5837.612789367341,1.2
2138.2481213060855,7440.265325553147,1.2
6368.320138068392,1966.6027326682079,1.2
1391.4625198490348,1808.284911063518,1.2
4587.040703053625,7218.736585156643,1.2
8738.631851563183,2398.77728383293,1.2
2584.503058670736,3999.2232348944335,1.2
6648.510977625316,8160.6768929729815,1.2
8626.743360369594,6605.495863948181,1.2
1488.4806304421893,8553.931716451827,1.2
5629.499581589732,2768.960477704605,1.2
1591.5526381314771,745.5775408785836,1.2
1728.949265822991,7621.515367575436,1.2
1040.2296099023113,1887.951595570102,1.2
2029.3759300016711,9446.344048957342,1.2
4551.892967228879,2394.0951594265703,1.2
7945.74916228217,1169.608505407942,1.2
9908.226809807817,885.8234273474519,1.2
8050.172005804522,957.2203166370319,1.2
3774.154057164224,8203.322126527082,1.2
5157.374256218394,1602.0955325110608,1.2
588.9892137207742,195.31933156089255,1.2
7110.956862030286,1317.093260775729,1.2
725.0781339763612,9880.20743994867,1.2
8826.115819298797,8610.095473572166,1.2
7260.578185665586,6396.777484434059,1.2
8333.662124417559,9475.516467290247,1.2
7102.306838296174,7675.436917154617,1.2
6974.299182041917,615.0545186051537,1.2
9301.028034081724,2958.5804274618968,1.2
8816.72748857283,7489.460026433718,1.2
949.7198329645806,545.7029136653646,1.2
4564.964172374024,5463.977672828958,1.2
4927.234918566441,8364.204984774517,1.2
1089.7350393583215,7148.649618281284,1.2
1537.344608617497,5922.344019989549,1.2
9842.840333065113,2730.560583406759,1.2
2715.6015371194862,5606.37905841456,1.2
8971.518866243714,8682.015675695055,1.2
1642.3464552408473,5408.150117777903,1.2
1323.5829473853046,4579.170345144777,1.2
3173.5340266931935,3938.0694210469082,1.2
3074.225588256224,788.5985947618024,1.2
4220.551867544007,4252.848673444477,1.2
3309.9639080076627,7208.545542446854,1.2
5680.753729212469,9217.024184014826,1.2
952.8466156114846,9970.54741739022,1.2
7979.774848511884,9223.254663370873,1.2
2686.563704779281,1941.0939144068684,1.2
9114.14912922362,8239.535793544674,1.2
9017.439796658578,4178.464672266549,1.2
158.57800351263828,719.3637078556869,1.2
8536.822459822597,264.5287517273109,1.2
6756.061736700551,9689.808863888358,1.2
376.8029232900816,2804.4205026239333,1.2
3089.478328226233,8483.398477845276,1.2
5642.494920121722,9144.605978580927,1.2
5940.776294527924,338.27837004176683,1.2
6808.134077938226,7698.601408187792,1.2
6324.318250021735,8871.82333223663,1.2
9387.024895420675,7489.445770573549,1.2
7371.195927409809,2079.7252202088803,1.2
7448.555100647624,1030.6084409681039,1.2
1088.8559529044085,2730.173184524194,1.2
4936.352725997194,5676.768135057716,1.2
8667.510360721748,3713.091157180046,1.2
182.551076829518,2327.346836912233,1.2
1829.0372074056615,7149.404811566244,1.2
1126.7987808523783,3102.362504248892,1.2
8532.976592118186,2684.9380033744706,1.2
484.5414880222509,815.0886817711811,1.2
4994.288951602711,6297.616395584863,1.2
5030.898689918647,2150.8388256277253,1.2
7647.2713505586735,1326.5188423564744,1.2
3474.789168890825,2780.646556753227,1.2
9314.189319064099,1856.2336289319658,1.2
2992.0591582202414,2658.7631883572935,1.2
5511.29483776576,619.5162868429494,1.2
575.5525959752117,925.3157989456928,1.2
5953.068024005256,4472.435818400564,1.2
6430.441510003101,1468.840601028758,1.2
7411.940325825866,434.83971521951383,1.2
989.1265041086883,8361.588816170666,1.2
3447.7559320843466,7807.352079002443,1.2
6892.540289441647,6342.627255073102,1.2
1821.6201205132265,4591.684498794934,1.2
25.41242720362824,3149.3785020307528,1.2
2675.5416421372634,8009.311861558058,1.2
6991.276446641725,9668.537575918892,1.2
4189.343966825944,5098.027798866715,1.2
3190.7495639434414,6444.749866089597,1.2
2121.9464549832455,5019.819909578464,1.2
3130.252232139995,1268.461912447839,1.2
3704.39888594402,7729.915591133717,1.2
1320.8267917346473,2263.1949509014894,1.2
6772.994807908261,769.9856778992475,1.2
5098.067212719718,8118.258743279829,1.2
8574.26070088657,9433.88329494157,1.2
3.637751704699266,1476.8837666343936,1.2
7791.449988494627,3144.038221599642,1.2
7922.951778964373,9126.23223462396,1.2
641.3964755693336,7393.751911318276,1.2
4300.190195495988,8235.76485847109,1.2
3465.243579074064,6899.195471716855,1.2
8416.75242366406,8383.905503712933,1.2
4841.24545105819,569.0827379913354,1.2
2587.8023347396074,5098.875826538303,1.2
1169.256054684772,5139.664703217242,1.2
6161.437580152682,6782.842161911673,1.2
3517.299658252364,1883.9119967097895,1.2
5134.577603567443,1971.7397347753895,1.2
3625.32293062925,5469.326668201069,1.2
9806.756656232732,6133.394188294765,1.2
4056.858774139247,2231.772024483287,1.2
8033.9396828481895,9342.757226343168,1.2
6768.205043890471,6225.564722152144,1.2
2681.5606288495887,2941.4963326099332,1.2
5009.179518847273,2849.1913529563017,1.2
4049.1598924242458,679.7940894798105,1.2
7282.496573579125,7222.9977428314305,1.2
3632.100552160633,1684.256334666091,1.2
8777.99837211529,9396.388382547875,1.2
4607.049014203064,9888.897372467456,1.2
9358.16863041393,4307.3359690423,1.2
8501.896500603878,5791.573759607685,1.2
3149.405550065224,8918.993377125653,1.2
4854.2125270981915,9525.882399321416,1.2
4045.9704657030115,2433.655555704455,1.2
9865.219483044148,2676.6829057586106,1.2
4675.751902615567,8252.554005975737,1.2
3380.236483338096,795.602861773349,1.2
4484.688696037588,2784.2999266682154,1.2
1733.6596120429492,3792.2769850027926,1.2
5730.924075959516,3271.7561704135965,1.2
7180.467718722463,1684.1126172432553,1.2
8925.255031950901,4131.170710267405,1.2
7889.102495857867,5451.813673317719,1.2
4846.039602783318,9015.840127764885,1.2
3121.379551365323,3614.6714626667585,1.2
6953.819551755215,7335.239978304332,1.2
5795.554975485553,3753.499090054501,1.2
3895.333523503353,6015.828408314379,1.2
4596.794432126169,8595.341855415605,1.2
6153.85684968324,5804.799019658031,1.2
1288.9973998601045,7132.246849888843,1.2
5894.796390285918,3369.0498142979573,1.2
5520.610670282999,6254.130559664982,1.2
4871.203044289981,1378.884684475702,1.2
5494.213326051711,7190.736983936717,1.2
9789.902725087875,4495.865588128184,1.2
1711.1105661548986,2338.4984043331037,1.2
5275.267441774609,1361.1356392883756,1.2
7063.051617895511,7390.204440751478,1.2
5385.150044237847,7988.895209449727,1.2
4055.70276316518,6182.029845946555,1.2
7591.467730728258,2148.985649783166,1.2
7126.048876687134,1380.6918004018787,1.2
2026.9273565233248,7480.0131425691725,1.2
9827.02171074348,9320.10896172115,1.2
7867.61378056671,1061.4528204079288,1.2
58.83066355186983,1708.2217976442093,1.2
5590.544468808322,726.5981609368278,1.2
7624.720042648596,1162.6942434169096,1.2
2438.4420395527727,4321.986951984404,1.2
7529.059205736046,5301.442855299617,1.2
285.44667945797244,1416.5571873455874,1.2
789.7690039948258,7435.2381907392255,1.2
7685.253133988331,6114.9279926066865,1.2
9817.328956869062,4498.402674310673,1.2
5093.746123183351,252.02060680170058,1.2
2919.948605002446,5240.909257141865,1.2
3022.386698231242,5475.545604170671,1.2
2085.981135547098,6904.365309403812,1.2
529.1761358361302,8736.408061401764,1.2
9697.94634504685,2572.956958089364,1.2
734.9188395647677,1938.3189425841197,1.2
5109.482700444504,5708.869245385841,1.2
4074.6714394560436,2670.899569545874,1.2
5746.3393987115305,1910.0506970450272,1.2
6389.8468096254865,7548.421166861042,1.2
1427.5535696855056,1233.863315170457,1.2
4865.012071501576,2422.6095122629963,1.2
1299.3429275883884,2891.3799892190973,1.2
2815.0944302944736,6858.123923518291,1.2
1763.2983961032544,9450.393761413652,1.2
8501.754554691182,4081.1997283521396,1.2
1633.3166757667238,2744.87597742865,1.2
8083.454416746052,7202.129415362828,1.2
6175.638135806435,5228.4241954720665,1.2
4024.136418384842,9893.23232334458,1.2
6759.106410369294,4394.066096298647,1.2
223.07575720608153,1823.1327931203223,1.2
3597.6216730363153,1165.3772186082833,1.2
3483.532834221077,9601.0125723011,1.2
2607.8603784056,1123.4078080096356,1.2
1870.793544099606,5746.327194269094,1.2
6808.651332344973,3957.8066418599747,1.2
8786.553869681751,8760.780226593066,1.2
8087.585397457663,6380.193800864153,1.2
1801.066059155938,3691.5837882523792,1.2
5235.49918088129,2815.70836328209,1.2
6415.666006071534,733.7979350120971,1.2
9174.497104326269,6290.628356945083,1.2
6268.95838534338,6723.0966161409515,1.2
9327.638698856681,4392.436412755836,1.2
1656.6384371498254,4423.853496304427,1.2
5549.799885511761,906.6004453195253,1.2
4822.225018540545,2406.1275212338996,1.2
4086.080381228949,4527.826835140041,1.2
7426.122566388845,7312.703905269271,1.2
3514.503332058071,4629.05632582772,1.2
5395.815814841766,8018.856419002146,1.2
5031.277230836524,3045.9710070412248,1.2
9868.557420914607,9210.68869980007,1.2
1262.3228549869013,2433.9183105976203,1.2
7194.543296560749,4016.6983366213904,1.2
3045.706120868893,94.3603699859874,1.2
7249.008413750422,7448.369577586712,1.2
3901.1685966807154,1096.3753287923516,1.2
8163.688743912979,7622.121851443439,1.2
4483.650593982627,4493.27356128666,1.2
3084.0051004150982,3628.2133314245866,1.2
4221.045774770774,1487.145476549956,1.2
5849.552459816892,8593.219173909336,1.2
6034.608257100072,8937.1227815887,1.2
1506.4106774295083,5633.725208025133,1.2
3469.1334052889033,3931.389610065813,1.2
1639.0174056632356,8083.8360238657015,1.2
7364.216214435446,7957.701164553857,1.2
1977.563594481405,76.1861651828133,1.2
8357.6486966088,7335.699034886478,1.2
4270.8109956344815,7777.8243162801255,1.2
6008.496791868486,1703.3653867274302,1.2
3843.5492377857463,3129.747091725453,1.2
5938.1961197700175,7932.103920660097,1.2
9177.513642159942,4438.571119502527,1.2
1388.5521665528622,7220.457389253692,1.2
7716.605714704072,7293.7201931410755,1.2
6652.110512011851,3199.762923397305,1.2
4058.2163114105742,1514.938977886784,1.2
9710.991328826645,1506.5685331505629,1.2
7922.882252005359,7913.452139224335,1.2
1538.1600729306977,7645.485273410464,1.2
4585.549537938596,5298.760916044071,1.2
7118.688425827236,1061.5265928827323,1.2
9230.231200515935,8276.064434053073,1.2
8430.328965437797,8321.861310200746,1.2
9565.17326383855,4181.083557055047,1.2
2875.0646999079445,7246.671059743682,1.2
8410.468710991892,2637.431845908663,1.2
2725.795336469634,3747.075786294992,1.2
3132.388492078735,2396.4488761487646,1.2
6706.648605856358,6959.724006219982,1.2
2153.139832753106,2225.299155109557,1.2
3843.829632047099,3940.5392798409844,1.2
9969.792586179441,516.1738189208431,1.2
8517.896542003413,423.96176213243876,1.2
6886.4402701739145,4855.652081000211,1.2
1545.5333372895032,2030.5005147361255,1.2
7755.967887437816,9380.272145319319,1.2
4893.198804761088,1462.310266452701,1.2
6273.932545535863,2756.770004786264,1.2
5812.036367824396,6061.860041754519,1.2
3241.8530037870896,2952.53411593391,1.2
2177.4716929496863,9466.666090493594,1.2
1237.0928649004943,3112.929042467375,1.2
8856.969889153503,2057.4850753695937,1.2
2153.9742230806623,1115.678614392197,1.2
3835.68043647754,3820.203322314565,1.2
1867.1049619779023,5639.958650733853,1.2
8286.039849261168,3637.078445247949,1.2
4992.710670447659,3638.572145285479,1.2
2833.497829016478,7839.104115082057,1.2
1890.9155870229133,1372.9036637685942,1.2
6469.648387230971,1382.079800614845,1.2
7902.26198553003,1199.9276998306186,1.2
8420.995278038181,138.59756697763294,1.2
8891.305559434126,8094.125749676579,1.2
776.0553833488037,7436.74477957997,1.2
5907.402363587761,2006.935642126677,1.2
1326.278292295401,5175.151458625721,1.2
372.9793597817843,1163.5103781649602,1.2
4841.39087808281,3139.5547630946608,1.2
8809.960318854126,1227.7644323023019,1.2
8137.643764548511,4364.93644692338,1.2
9725.720689922946,421.5852822960253,1.2
9550.517216123033,753.644021327321,1.2
9190.567409206507,3637.516993892731,1.2
8668.210360451592,7506.537704065518,1.2
8377.276535293942,1447.2513887322525,1.2
1296.1711703499323,3679.320132101924,1.2
1465.4873841072601,5909.205249951039,1.2
9173.1711104406,1894.0684619316805,1.2
5452.050809130469,9711.53145617039,1.2
3760.1741248618137,8834.517313294666,1.2
4836.014484711316,7607.918646355774,1.2
4139.028306603351,4358.405544947645,1.2
243.88334449047866,9660.370904209756,1.2
665.7028245059005,7586.908795627376,1.2
5617.031823537777,5201.892872680816,1.2
6043.091001666151,4643.38304762321,1.2
2239.0423889408153,126.82679551424991,1.2
3035.869959263393,975.4036904477425,1.2
5861.669360019741,4518.923304564804,1.2
8931.6186006069,1936.3858972079317,1.2
9920.242198984679,5966.62346798369,1.2
1132.8826454243078,2451.7886610942696,1.2
3469.4890818704193,1353.7051373325571,1.2
1178.9932386180612,2259.0184630305675,1.2
7767.253072837044,6403.991525715918,1.2
6209.668641812318,1302.4281560602224,1.2
3384.7749286397598,3162.002291400514,1.2
448.70978888657766,7961.034054636022,1.2
2652.3228045662663,392.9762147612048,1.2
75.17058420938527,7600.318595672431,1.2
8891.975056834355,5934.476097623894,1.2
1682.4489434094392,8352.370098518228,1.2
8119.810626145073,1164.6845073527545,1.2
2988.8629239517672,3343.5428389708422,1.2
3250.6878415962924,5186.660976286194,1.2
3079.58016125354,4150.582187293495,1.2
4737.334747730434,8087.303575073883,1.2
4178.084305100412,2319.1527226858066,1.2
6959.3827160133815,7820.287907963883,1.2
290.3430106856353,2454.4154500060145,1.2
4229.269686654264,3977.6885727436215,1.2
140.98171827430673,7863.623253748364,1.2
9736.506700756341,380.0048362262587,1.2
8937.262490675112,2026.9438867382362,1.2
5881.894789542572,3719.0428860659663,1.2
5191.001846219898,4187.991883344715,1.2
4268.781031084383,4928.383423618539,1.2
8691.169698675398,7220.672424728696,1.2
4557.231647444223,9674.289144396058,1.2
2463.012626318518,5803.053428374746,1.2
5651.629642682972,3127.7219642442956,1.2
6668.359085626796,3448.427736207027,1.2
3288.367277608927,881.8285096434674,1.2
3659.5443495518243,8927.266471557166,1.2
8925.052436325144,3276.2791569724504,1.2
8577.613502328562,7652.797835050082,1.2
9660.846751005864,8313.241312820901,1.2
2212.76823376085,7522.701816820372,1.2
7983.133524260584,9553.906067881377,1.2
3942.9842565642357,7152.076572926448,1.2
8697.627043641816,2784.1000519757617,1.2
9860.119514523914,351.67605267002244,1.2
2693.446065722076,440.1896243904724,1.2
5877.660749471824,3010.747452195358,1.2
832.9922618176056,5249.233562082196,1.2
9150.135894664247,5425.505271651517,1.2
2953.7138794775565,3810.217762683524,1.2
3939.995908325681,532.7796459079769,1.2
368.1354258433045,6227.7411411034755,1.2
5293.598317705914,5696.670288296426,1.2
5779.8132598812845,3942.392159271545,1.2
7465.347243288805,7604.591814158948,1.2
817.2677457251087,4556.040359038702,1.2
6656.693608386333,501.3115146086711,1.2
3738.284927455029,6075.71599387125,1.2
8713.284159492196,8553.830938394865,1.2
4411.142008642174,4104.476878260527,1.2
7146.435479500404,8846.060366051215,1.2
7475.775779173331,5221.548885425834,1.2
7484.291338560442,9143.131229905357,1.2
7127.387825144053,4310.397270759368,1.2
5364.031881135913,2306.179117846442,1.2
6700.0475000699835,6604.773265990499,1.2
3271.057918712741,3721.464310647548,1.2
5435.82920138661,2818.494051098559,1.2
2155.443643970436,577.8772595086546,1.2
3582.503653922805,2422.7304332486124,1.2
9695.44424086937,8836.229670332168,1.2
7552.490032149485,7989.8969563993005,1.2
1756.1515684431695,5873.588274482176,1.2
748.4242620063309,4748.300166432538,1.2
8940.036855566694,1033.28224210661,1.2
6693.774891610454,2874.9058182584477,1.2
281.27857318968717,5699.142025257214,1.2
8291.388447987423,4582.753711549379,1.2
1078.822261118867,7150.21093640441,1.2
8479.080125604341,4606.446328740685,1.2
2306.7288686951747,1067.1625180085086,1.2
6122.4079113527105,7876.745456084399,1.2
324.41082457728146,8736.421157396697,1.2
2734.2718123923983,2553.1097496108623,1.2
6387.476444818204,8438.824985312272,1.2
7773.066478455838,7443.842027109617,1.2
1384.2214504171902,7605.839591870012,1.2
4984.534859424901,8160.8369161997525,1.2
327.13285977953757,3393.721620395992,1.2
40.46041316992599,8195.463178146538,1.2
9527.068380494959,5061.257538477794,1.2
6240.491884804997,6436.376017797766,1.2
3192.350654086212,3246.511290725609,1.2
7564.892383923634,7313.707050312659,1.2
1239.0815944557742,7675.7928370194095,1.2
3212.7109772030403,6302.296102373981,1.2
3236.5279605062656,7792.712257394347,1.2
9496.41528096457,4577.995342855902,1.2
491.1451011208678,6793.699931788123,1.2
4580.303936897692,640.5364354717435,1.2
7365.186039648479,4433.282388559376,1.2
7185.3970975999,9306.174518286738,1.2
2968.4294860996697,2533.6380602224085,1.2
5981.595636195835,7941.434730974435,1.2
8797.5318379348,3864.2284394470903,1.2
7009.767490749758,2683.668710024528,1.2
9698.390578688923,2609.2827765544835,1.2
5558.144254770064,4269.857902149247,1.2
6618.4608276677955,8169.078863574817,1.2
7698.448801951048,4805.192100652987,1.2
6427.558817775263,9583.239186949622,1.2
5895.939364296772,5981.871309356572,1.2
6282.022746511503,7772.962207608466,1.2
8210.411158864594,3705.5468716289884,1.2
7794.488751302434,4294.066593122809,1.2
8674.729368789938,9367.395028190522,1.2
6282.937702165427,8645.365839722019,1.2
8857.782376226292,9834.927017424874,1.2
8922.319526375888,2345.808550770723,1.2
9817.368520086706,7905.069575179715,1.2
3975.786330159161,9167.80244124074,1.2
9318.65277531533,1251.3912019009665,1.2
625.3269858391964,2475.568201174997,1.2
8643.125127693465,3812.9361567313435,1.2
9245.725824142175,4783.140290733437,1.2
3637.6645493897963,5443.962864792747,1.2
883.7079653411473,5719.0990642952165,1.2
3422.0428195471495,6825.814162476946,1.2
9680.50443560311,8979.546576668736,1.2
4054.245096509165,9472.831200502735,1.2
7235.195105005664,6970.3279440423485,1.2
4363.938825914749,9932.879431901196,1.2
960.1508650533352,224.63768964363084,1.2
4926.965782189955,9552.581239797015,1.2
4918.762466756444,2280.3276762235823,1.2
5747.279705073678,7810.19965339649,1.2
5643.005681418332,9837.027834028995,1.2
6693.631346145723,4327.672699452566,1.2
8123.613091743499,4659.647755344621,1.2
9774.355680972007,9044.947422617855,1.2
1611.8831456613614,6847.639315859494,1.2
7517.171303684252,8992.410429827582,1.2
823.1824693741186,5067.248123279751,1.2
6047.984752059907,2451.943156598595,1.2
4464.319133227459,8654.221470238104,1.2
9258.529396838678,3777.820265832964,1.2
6395.932462179406,3569.4647433297523,1.2
5039.372012409015,4327.21705199984,1.2
2853.423916933928,725.2621026849737,1.2
3287.1055683199124,705.3871446171133,1.2
8562.921792626548,6066.116279301399,1.2
2509.2432163809976,6316.170075385553,1.2
4477.701117830242,5923.131515270335,1.2
7240.877384707926,7749.0867619022265,1.2
2921.588344498349,860.4688201227939,1.2
7933.781016992872,6715.2759126988585,1.2
2808.478477568629,3522.2944819844383,1.2
5015.930404047517,5129.083298302094,1.2
6405.675787847372,7224.267512734575,1.2
2941.2755715980097,268.9449716720949,1.2
6917.974409546228,8953.15141070845,1.2
7121.767018505816,5403.007410297279,1.2
4237.824347020771,2244.11448938347,1.2
5132.041527767577,9128.833036960505,1.2
1253.1946923055282,9387.8670943675,1.2
1429.1008101337277,9832.060282710465,1.2
7743.539099677803,5506.344200866248,1.2
758.4330859455935,1699.0594106766687,1.2
2617.241880692759,8976.896776962905,1.2
3862.2711452159765,946.4208285803633,1.2
854.7895585329013,5722.929703430704,1.2
376.9481709096978,1736.3656401670835,1.2
116.85752017095541,2316.7391164188134,1.2
5777.49996751272,3796.4692866777928,1.2
9967.007089241963,1293.509748173044,1.2
1499.7623255026626,9715.431096008451,1.2
6763.784113321563,7216.9421412585425,1.2
6059.171929471121,2283.4530641078254,1.2
6152.333415930349,6212.637316700302,1.2
8246.363856617143,8933.262650062888,1.2
4568.490220613351,9353.181662302006,1.2
7360.00525526083,9790.923182480292,1.2
3258.1852606323646,3867.7918782050824,1.2
8034.2344011435525,1604.1620642609034,1.2
8462.538421594376,2317.1640403657657,1.2
6194.1000214714095,6123.821953450144,1.2
1425.6142571503526,8574.697176384565,1.2
7218.807561542117,5469.921189404861,1.2
8740.94002452566,950.1153496456283,1.2
5802.394850493684,2752.1351876556178,1.2
5633.390780974216,9237.175378242977,1.2
5229.985803261964,7011.375207937138,1.2
7248.0121691411505,8516.168042664447,1.2
8440.538132523745,1207.6383068977425,1.2
4425.96785024861,6678.44524294694,1.2
2429.454742399552,4325.8678556260975,1.2
8061.068355965523,7479.738956688161,1.2
9154.868482165039,7944.20954348274,1.2
3308.296341567306,3453.285929730523,1.2
186.88231069524107,2044.1194612276458,1.2
850.1051504439728,5016.035184252102,1.2
9264.287008988387,2167.234265791477,1.2
6455.302006480573,7185.834093877522,1.2
4017.538703395377,5298.561873366541,1.2
1604.0529738404753,871.995549285286,1.2
4591.732468147716,9852.219971703937,1.2
7126.840374589686,808.0092910625491,1.2
9492.69948865465,9674.499371452192,1.2
7388.233898329238,5701.135617504163,1.2
8441.407921852899,2760.720025209884,1.2
4874.87010169192,1441.306186684319,1.2
9519.583224136657,8924.689949387162,1.2
2733.9807659967587,845.874102001658,1.2
5475.214251947421,9386.854235813593,1.2
4590.1303753209695,5635.613246310841,1.2
2360.4066022478955,8403.487116203018,1.2
2100.3546518785474,4659.204674678853,1.2
4446.167740919295,2165.344224482322,1.2
838.843546065835,145.44462033497908,1.2
182.33146380780886,8360.129849161627,1.2
5352.244655176975,2439.9515450981326,1.2
8474.889241177641,8558.794419588981,1.2
8018.352395183871,8254.934133472756,1.2
1443.6285017555351,7608.119081332775,1.2
819.1528658998548,6652.774431550171,1.2
538.5018741099445,9217.043904258313,1.2
3106.5490609830836,8815.801732340746,1.2
5918.759895733153,2186.271519390728,1.2
6188.075706067205,8035.4654777066635,1.2
8993.62635108488,3291.0802787900316,1.2
7776.216718621005,4151.64876297017,1.2
7720.96654291683,1386.011956975618,1.2
6954.906734542574,5283.2845257779645,1.2
3357.7300297251254,7047.481932501186,1.2
9041.935309827164,3776.2947855782427,1.2
9004.883672074038,2427.2119121207347,1.2
8149.6392622810135,4054.568757494641,1.2
9627.471844295631,7373.449975824189,1.2
6921.27129285871,9003.78777827357,1.2
6290.914550455581,944.8051322636952,1.2
6964.033996850859,3974.2973848590136,1.2
1906.5226335914608,1676.8029700846598,1.2
770.5384975953211,2087.6233770371323,1.2
2038.9955876233935,822.0937241657645,1.2
2370.3126525557605,2135.7294430588213,1.2
3096.785904648227,374.54232225571536,1.2
3751.978708493364,3801.6045614681416,1.2
7618.336669618927,8714.200052482707,1.2
3867.7882930887786,9671.182288256185,1.2
9531.651865824562,8660.801020987761,1.2
9345.714415535309,3134.300232763554,1.2
9841.04859713123,559.1392404440443,1.2
3557.846014742737,4217.54883585803,1.2
8475.698708554335,967.4077716829299,1.2
8496.0235443709,2653.428574235869,1.2
6838.563533456863,4815.509259709849,1.2
4966.465770348909,3541.7123407338536,1.2
4350.011359723175,3774.071967957833,1.2
6417.043960971037,8386.023389432368,1.2
3915.630289873875,1104.9810027801598,1.2
82.09448583023527,1170.1651775875955,1.2
7452.759697483779,4206.823318580805,1.2
902.2710674278201,1789.6993157093066,1.2
9983.788856629528,8445.95200622017,1.2
5580.801312754361,3407.2651261895526,1.2
9181.933328711466,1592.0338994572635,1.2
6585.9973749265,2311.28824847454,1.2
8601.19938108251,2260.623419342046,1.2
7287.42720972656,7407.467606917699,1.2
4098.9806078967795,3246.274937380195,1.2
673.1492872063782,1754.4063619264305,1.2
974.3122645405056,2846.4032775617775,1.2
1933.1578672463634,8796.95572008303,1.2
9821.992502805026,264.69261400730693,1.2
5798.284612373699,3486.518098467296,1.2
6412.2346260912145,3219.332247052511,1.2
2009.0391798437913,640.4771135078191,1.2
732.5519977022021,6982.71786237125,1.2
5205.527524466901,8614.00510090301,1.2
8744.736601346282,2270.5210901172954,1.2
8564.778036399972,9375.09614837943,1.2
3469.3528482086413,2712.3023877551686,1.2
4824.994632522657,147.58679696581513,1.2
472.3029512606025,6154.508224480749,1.2
1275.0660605647556,2297.028030384259,1.2
3865.745478633357,9589.554951301188,1.2
9529.281548757208,7098.057013604697,1.2
2064.1091664399137,3097.0581173773503,1.2
7542.3805901063415,7962.968370717599,1.2
9455.549137141295,3906.127455418531,1.2
4573.495030044924,5203.545499635854,1.2
9552.761589761283,758.130132609921,1.2
7433.815419020589,5255.7077782792985,1.2
4839.669987201915,9775.975540039448,1.2
1861.4679991756311,8345.622387322968,1.2
3344.086288931183,9400.08722136042,1.2
7126.762622543867,3970.9606658389894,1.2
1376.2502094390384,2650.5566540089285,1.2
9537.475558864733,1866.8414059550664,1.2
7437.177862625889,8902.16627717901,1.2
5357.297599677213,7231.267092196548,1.2
8185.643825870201,5894.526577161,1.2
9987.655072060945,5415.049536574145,1.2
9973.113475180131,5738.873076418338,1.2
3485.8632013516553,4124.396077895282,1.2
4097.0731002083785,5107.916390012219,1.2
7774.246684558146,8409.061369604655,1.2
4259.80485174289,7786.907668567083,1.2
9556.011241146123,2980.727589210965,1.2
7493.380817808259,4183.2035593710325,1.2
1309.8016379060318,8477.156955552124,1.2
6515.6705374679605,4901.508493479918,1.2
946.6806872619348,5315.607206491346,1.2
6640.751396297654,3811.388571047013,1.2
9003.030277072721,4234.882257589861,1.2
3821.2753403745182,6103.762729766672,1.2
6614.065359718266,499.61253851806606,1.2
8540.285986675466,4801.033466965364,1.2
7401.784514331051,6660.596484584997,1.2
1839.2811149562583,1162.1069065007196,1.2
629.1560500208104,3714.566000095019,1.2
4573.312086027017,6848.29738362241,1.2
48.83978961379154,2070.650320292584,1.2
3394.5047098065083,2061.0383648406482,1.2
1795.5951489094791,355.0545366313651,1.2
9260.107917645379,4586.5903627377265,1.2
3853.702853002122,499.5217677950481,1.2
1360.8405668559653,9242.100335933465,1.2
2632.514268178414,6881.002700863911,1.2
9376.467700147536,9133.58718021786,1.2
4939.444944284522,1700.3310680226368,1.2
4506.746582741046,574.6733263359782,1.2
4216.921080496301,6784.329993427135,1.2
6150.930253728015,6848.757290436146,1.2
6960.686807987653,8185.98280753386,1.2
7575.306795436189,8275.078110692491,1.2
1614.5907755376588,319.9277928824684,1.2
8979.528834830357,4116.517946313439,1.2
7581.381348985749,6027.652560001207,1.2
5338.820497557901,5199.012504241486,1.2
5018.310807084016,3296.416561050178,1.2
718.9967553767528,2580.040531037853,1.2
9344.829699707025,3288.998714648156,1.2
4644.200376530809,3295.6351223347615,1.2
9954.751721632214,3248.6180437668654,1.2
149.4648172417723,9041.214822832268,1.2
5376.2640827780315,4991.1783199518895,1.2
5113.070495139962,3202.138322418,1.2
8970.376350748653,7268.234102655745,1.2
4392.170734462233,3612.634048208093,1.2
5200.38819519884,9656.114134235166,1.2
7413.835342186659,9907.844442213693,1.2
7560.87749251736,6185.802296705237,1.2
5299.018584312436,9842.812414761022,1.2
7085.170527622368,7440.267159957544,1.2
2940.8560200926536,4126.616277913955,1.2
5115.599680737444,1766.306012880573,1.2
490.1363535698966,4392.66599960966,1.2
7499.172808869937,8052.812697987126,1.2
4878.546599230672,6639.95429727471,1.2
3635.2584567979993,4774.4917116665565,1.2
4380.888075235231,279.023880379804,1.2
502.49333004128147,1300.3037829918696,1.2
1317.099506816729,6205.20454730256,1.2
1453.5078224814479,6255.136659109775,1.2
3729.141774693446,9170.0309554258,1.2
8670.95523897275,5509.148870508027,1.2
9008.054418681098,7870.30217712284,1.2
8831.805485153234,7622.808252166977,1.2
6297.386913166142,5423.5444036945055,1.2
2189.33041463123,8928.225624398227,1.2
6438.913816858843,6048.613416244979,1.2
8530.842831406233,3702.7428819085885,1.2
886.373161476377,9618.123376173862,1.2
6095.91205521738,379.3504766881817,1.2
2485.6458573367822,5420.747089652752,1.2
3159.968189398419,7244.3941854248405,1.2
3656.1527922527357,5270.682475108423,1.2
4632.471115730155,5847.679941817033,1.2
7452.70912733955,9863.1242873344,1.2
8648.376485045552,2167.252639867615,1.2
7904.199569761393,1884.6623786846274,1.2
9766.346237466154,3455.4623399402994,1.2
3005.334462896082,4041.271640187315,1.2
8070.199484440529,9252.568807776723,1.2
8834.354468555299,7494.839627530609,1.2
62.36351525364947,7421.171515756499,1.2
2990.238399799807,8548.87343448186,1.2
1441.7598585067738,7147.821184508189,1.2
7588.730474337927,3867.821072025689,1.2
723.4997384314279,7726.397518117928,1.2
6512.996552410815,8231.955019305295,1.2
5497.600349848739,224.23532982177807,1.2
9155.551237096828,1473.145233597316,1.2
9483.729745631827,3042.322198105115,1.2
969.9051836663142,3794.3723956746744,1.2
9745.70999209201,5465.0976549243005,1.2
5437.46368598196,9440.121921906533,1.2
6772.509594672876,4605.712041580332,1.2
7064.520063453714,5392.3479463754165,1.2
466.4362105592923,849.9136705218746,1.2
9459.262400702353,4501.974771488955,1.2
189.7641782053383,3804.5578963846515,1.2
3043.5655653798053,8745.738856826914,1.2
3425.0723444074015,8867.51725588756,1.2
9228.832380194142,7593.905579710796,1.2
3825.373891024534,5308.804715566181,1.2
7256.1820410738255,3859.8031213998684,1.2
8244.97452631631,1689.502297171709,1.2
859.0392642154065,2222.189022539355,1.2
555.4219620383371,2510.0350163485164,1.2
9743.404766950522,3866.005289727422,1.2
7078.695182092874,268.1872772338656,1.2
4243.842814776817,851.7012740737007,1.2
7157.358286339387,3924.2463365305157,1.2
1800.1152447792058,1139.8224942641234,1.2
3696.3597011612783,5041.698106063859,1.2
9651.040135452073,7021.634223638643,1.2
2032.7532482737854,8204.166607234623,1.2
1483.696613993556,5330.118099058313,1.2
2750.3364655724204,9746.393495236387,1.2
3331.974897328971,6542.498145366895,1.2
4955.807772808796,5268.026694539304,1.2
2795.805552452386,1466.064442157494,1.2
3539.393321046601,9389.538971827604,1.2
6138.178545486069,8783.744477641498,1.2
7309.965087737543,8383.370664496146,1.2
9104.20082152259,530.9829316703751,1.2
6961.029642396992,9471.33185402408,1.2
7407.114806402226,810.9931930699698,1.2
7078.949490164193,2060.2096719460883,1.2
9754.04626451928,7864.058280091509,1.2
2120.9419103437053,9144.247029615193,1.2
7565.768768901967,4445.596687271904,1.2
392.94629282542235,3498.1467684991353,1.2
1665.835886019208,8780.481896852536,1.2
720.9736435609693,7578.7947923165675,1.2
7380.1783443571,8195.734749880705,1.2
6488.96436665906,7907.4664356488,1.2
1835.2308216398071,9512.628375007818,1.2
9547.291066995855,150.7071615938327,1.2
9566.198495231845,1927.5448704630894,1.2
7629.092741496026,6493.575724615859,1.2
2926.4894627743975,1409.752047344901,1.2
2129.5938417820694,8730.739221036632,1.2
6115.046297267488,5445.240719149301,1.2
5556.134136062042,3462.6366857516623,1.2
8311.935585514519,4083.8774254977716,1.2
3950.1755081657166,7503.9502168663585,1.2
5045.960775887685,9951.26999492894,1.2
2042.8050313558922,7358.237912427086,1.2
2575.876350846198,652.0411986653074,1.2
2445.8374367066726,2948.181617700375,1.2
3208.9142740953557,3348.584068441762,1.2
6534.608454410594,3827.3042620014876,1.2
3451.532267955858,9103.38548717543,1.2
3728.2884705925358,3261.553971658839,1.2
4636.619995412016,8342.680026843846,1.2
2547.269078528539,3834.3177669426586,1.2
2407.1137951281685,8292.81293795711,1.2
3085.570470769232,3619.8151861495844,1.2
578.4532910334561,9409.031467653644,1.2
563.9332982960932,3727.7091011368034,1.2
5862.314035832409,4095.9226581895737,1.2
5529.626565216328,4670.721800477613,1.2
5009.385795961982,4044.723179449612,1.2
3127.292461377339,8343.26049639031,1.2
4053.0281647902643,5884.5163526756205,1.2
407.0202006822865,6286.167740741292,1.2
1226.7933260165687,5846.9415454945365,1.2
3557.4383635722374,4307.699348471548,1.2
8498.575541102646,6821.775120194755,1.2
2656.0923801675117,3530.4408398609135,1.2
3488.2714447795247,5231.136275408397,1.2
388.5549511367725,9499.039944223483,1.2
1345.3970455226595,2270.905413023564,1.2
3219.606324365405,7575.888377833314,1.2
7002.122523982711,1834.3821234779934,1.2
5655.698611169362,6670.631172313647,1.2
5769.9734841496675,159.47898134024086,1.2
30.850018751493735,882.5816984196911,1.2
7980.984455981253,6089.6633660170355,1.2
3621.8644670402246,8727.62916929295,1.2
8448.802538618847,3190.956824321358,1.2
2126.746344895981,5642.025344281674,1.2
9483.486256634107,3903.421549866515,1.2
4839.266856420863,1894.9050690649883,1.2
5367.66821771047,3259.3490820806483,1.2
9893.822295117441,4414.664102009754,1.2
2140.376802351005,1159.6095037289022,1.2
1345.0864025316,4969.543056518736,1.2
4994.304026145153,5468.752990349599,1.2
8467.113796864754,9820.029240713127,1.2
8319.484250224446,5113.163629600915,1.2
3956.519650801058,6237.867529989979,1.2
9065.53609847846,149.64002082968554,1.2
3117.571482772504,1063.02794914796,1.2
8925.668575306347,6434.811451058593,1.2
1065.4001292482162,3449.8902213833817,1.2
6399.477436605039,3127.133048892906,1.2
7253.272363352926,6244.4841047287055,1.2
9904.482909788327,6191.680954750739,1.2
7417.789435557368,8358.188271309094,1.2
7966.286326357148,8258.880127867676,1.2
5403.080115238561,2518.3922407513646,1.2
333.0040849670146,54.41348538405166,1.2
6790.017943594136,546.13671097558,1.2
4001.279114994835,114.11804308328333,1.2
5226.95164340784,4156.141004207213,1.2
6336.68525929627,5861.6400417878485,1.2
5798.386735242671,6540.2451973491725,1.2
7138.509651170768,8750.929945710523,1.2
1041.7893112280085,8608.324415369209,1.2
5460.5623333562135,7044.454629455399,1.2
2010.0332894722972,2323.7976597583774,1.2
6740.505938089134,6379.183643506579,1.2
9568.576862148802,5246.776266943985,1.2
4799.3856098423685,5661.470477481554,1.2
2098.9452650536487,1636.280524996403,1.2
3260.2413063954605,6206.259768500281,1.2
7519.744908338476,271.9749725631282,1.2
1627.326095811129,9076.4376755078,1.2
9178.66064617878,8276.857678705608,1.2
4227.596454139647,1143.5054198055273,1.2
4266.997901995995,8966.2956844367,1.2
6778.587743319285,3263.1760333940074,1.2
6087.332380343298,8963.073488940945,1.2
8591.125552973655,1620.9751545305794,1.2
1602.1280844226126,6879.8312272609255,1.2
2184.1134911596305,206.27914822091697,1.2
4979.791239362201,7882.4133390603665,1.2
1255.8521779442399,6861.302396661183,1.2
4367.031215191636,3927.771514705839,1.2
4538.231792713362,7499.08864320722,1.2
5039.797516693976,1151.9937945374747,1.2
976.9446159474227,6740.938316698725,1.2
1552.1173694779766,7345.131153939524,1.2
2956.7993096773025,8905.296183404456,1.2
8609.065486557962,4902.794206968137,1.2
3092.58413377142,4443.92125026548,1.2
5267.889737697155,5953.128785378938,1.2
1250.1878438327674,5976.0076319134605,1.2
1622.4077733317888,445.64342937439716,1.2
5033.790288936218,35.38051524654473,1.2
2709.594916243551,8688.588302124692,1.2
8144.611684267506,4902.167722469544,1.2
4579.9089526215475,1204.8695411508713,1.2
6409.390125551123,7653.821467736974,1.2
6586.610700186725,5225.619563800332,1.2
4908.944253948668,8665.082750030431,1.2
4495.335948666765,1200.3140859758876,1.2
8823.475140035907,6292.358215999865,1.2
5413.677275427062,708.2884051869709,1.2
4226.635625731779,2922.501069732211,1.2
6136.797368154561,7520.372854323651,1.2
2120.14405678998,9988.84671643283,1.2
9947.84285692855,9722.789927550572,1.2
4632.146588136708,7343.575283780169,1.2
706.1796942193821,4893.562142807014,1.2
3168.000690711902,5189.204400816329,1.2
3953.8172975129437,3692.1218116756804,1.2
364.8027472755666,7538.094439655807,1.2
3257.046980456136,1631.1774920751586,1.2
1695.6206901620785,7711.334682145208,1.2
3038.1231567030654,9253.172544098497,1.2
6181.01023159484,4997.492444998403,1.2
6828.754748112906,1498.4140737161833,1.2
7776.64440192057,9567.691931726256,1.2
5150.097828598416,3061.5358391206373,1.2
5555.496303473025,8409.239471817347,1.2
9080.57312956178,7004.56515932756,1.2
9572.69157093204,713.8926470825246,1.2
9480.742054560938,1760.9262723532004,1.2
6121.4081970390735,9449.122197527917,1.2
5612.281529469522,1872.5864627965416,1.2
3230.403395006778,7753.400714353001,1.2
7090.565582664503,8572.314746381238,1.2
3931.351381468401,3812.862478268574,1.2
8119.761837499589,7671.094872079146,1.2
1291.9097241119903,5750.9693047836,1.2
3596.5606597806354,8653.514014599745,1.2
1562.3447739950325,2000.5663740848422,1.2
8922.446032721067,7935.551841108341,1.2
2814.7149633256054,3739.0498072252276,1.2
3402.7160626656137,2142.9352412803637,1.2
8261.538868522179,2500.602152338991,1.2
4032.4916675983145,8582.485113700568,1.2
3997.0206630694684,9686.508849712844,1.2
7034.938505900822,9311.159968696806,1.2
8029.347714984154,7610.249072545614,1.2
4350.264308577842,507.13522835990176,1.2
9907.417458992473,9808.628558166163,1.2
577.0548626521421,7132.609897872644,1.2
7225.353871858562,5616.607824107547,1.2
4975.054107477439,4676.5819140227895,1.2
8786.015633886705,2902.800376814202,1.2
2955.923733614486,5210.131261294006,1.2
1931.805714113174,1341.5031648681409,1.2
5767.2560883017995,1023.591730495278,1.2
3186.7589591919677,7066.977718428001,1.2
3329.7914770628067,6279.753721147293,1.2
1010.5513898367202,1741.904586889944,1.2
3348.255907029483,3949.4711770773006,1.2
1996.7278709628256,6905.5677094682,1.2
5489.7178544287435,7594.146188561923,1.2
9412.936289939613,3549.480662104335,1.2
8446.516561668233,5526.28716253839,1.2
5641.570760361386,6252.856333583446,1.2
1277.127719816491,5712.283302251405,1.2
7171.258428656406,128.834629369301,1.2
2156.6942543115365,1116.4882551695543,1.2
6617.037773347039,5119.135123491477,1.2
5715.715231588622,1845.5866393006604,1.2
9034.364716348122,7121.59904107157,1.2
6699.918792443067,9107.966358748934,1.2
9371.704814449145,6457.262323755457,1.2
2102.9971855634144,744.5516326713009,1.2
4476.643856932903,5058.476884716293,1.2
4017.9264356020262,8208.947847862923,1.2
7244.938454024707,3860.5109882405663,1.2
2572.2265441276636,814.8493277754976,1.2
624.5278722036063,9896.9968256493,1.2
9313.219913864998,4373.87336015834,1.2
9386.102351075673,8121.96320990278,1.2
5942.257021943873,22.505378989454705,1.2
1067.3453398837996,6893.74059245825,1.2
515.4767561862084,5048.518895109848,1.2
6248.279670442245,1632.5615206645273,1.2
7749.153016864806,348.29979068943476,1.2
1877.828609863853,3816.639483847184,1.2
4790.92176898425,5932.628598585597,1.2
7840.7844055742235,543.3926439097103,1.2
610.8848951678015,4196.861823921145,1.2
7962.143669095431,9453.8961081767,1.2
9093.760815842379,3808.648408383689,1.2
4384.048234737515,347.6058453721897,1.2
2410.2096357746536,3152.778922283701,1.2
3904.7423142109615,7785.25548683111,1.2
3942.9785616716986,1086.2344213386755,1.2
2093.576410060138,6860.729882538383,1.2
3211.6062269798995,4517.512665666995,1.2
4693.7188254013245,6890.109950886461,1.2
8920.316165002188,1059.8768857911978,1.2
8007.220306253576,600.2066814113738,1.2
5224.965160121396,166.0627950733784,1.2
1164.8150715996153,9850.047288925733,1.2
4877.536648572542,7422.550899315716,1.2
5733.164709705604,6797.251602829131,1.2
3777.4138158889946,8013.632550698746,1.2
3102.901703319001,4507.603380127957,1.2
2663.7091920946586,2278.660647293278,1.2
2525.659914322661,9925.767804154975,1.2
9182.979243681348,3991.53800266005,1.2
8313.837686375682,2387.3887941948724,1.2
9492.044345841154,6283.706581474743,1.2
8945.501159973735,6491.8454451233965,1.2
511.0180372825157,1033.0003332970762,1.2
2081.809409490505,2611.568481538972,1.2
3557.2133422590837,5791.964186359952,1.2
866.4474118726573,159.21686141965318,1.2
9249.1307874767,512.4646277926847,1.2
358.61630508446154,5146.233013406793,1.2
654.7825369213589,1398.1309110919526,1.2
2013.666618704919,7292.869569341328,1.2
5778.998872728217,296.9690464083019,1.2
1518.7155620655046,6377.933712326427,1.2
8380.175957722098,4184.0257175836805,1.2
1405.536688151795,9880.089496542223,1.2
5732.597808345057,6241.129455184034,1.2
3760.729190718347,7404.526379357417,1.2
5008.453101539922,7256.205356273101,1.2
6877.813257148271,779.0513088856233,1.2
1724.6083188721161,3704.140618739554,1.2
1389.4820669916342,896.8418143092482,1.2
4048.3148889766308,982.975191951061,1.2
5716.737524579081,5110.144207018991,1.2
3543.4996484572957,3810.0662327067125,1.2
6705.243554943312,2971.8439207809465,1.2
5662.144070980163,9846.356558707137,1.2
7251.3495097028745,1576.9571274250638,1.2
1243.1250574121166,3894.601391047453,1.2
5098.097723474081,868.3158794355206,1.2
4623.756481079051,6959.216580103501,1.2
4578.145357097696,3315.981076347304,1.2
7681.755124386695,829.3202582625314,1.2
3341.883567156617,2281.9657187543908,1.2
9332.275031956098,8777.337757630065,1.2
2184.178355879717,8455.6654918704,1.2
3632.5352560074784,9538.468975407153,1.2
4495.097849463275,3659.6025334532233,1.2
1119.0230072376705,3700.1912800517043,1.2
3257.668049624378,204.92924780048048,1.2
653.868644140081,9367.594085779358,1.2
8430.859517271789,5720.161874965272,1.2
815.5966575015117,8508.629492997637,1.2
4831.797094099581,4450.073010084527,1.2
3691.4904141648417,7358.8966498647105,1.2
2422.756292758633,301.5696771960674,1.2
7343.830246731484,6507.95867959382,1.2
3407.004906198193,3197.2485934171623,1.2
12.661932176664115,3929.457046009861,1.2
9988.983108582603,3906.0944362026985,1.2
9201.51868891179,6953.634118325691,1.2
6532.54237786552,5750.068755035283,1.2
3704.6983534749743,2099.7647436650236,1.2
783.0818205246381,8111.6338500604,1.2
6414.316228237977,5436.9445546928555,1.2
1680.378278079967,1370.6841327799057,1.2
4227.92474715577,6209.800499030648,1.2
1075.6184001740587,4367.523097568467,1.2
7691.64625028849,2833.7475456159013,1.2
9288.192909619916,1417.2354794632736,1.2
6534.179235678365,8999.740034391907,1.2
1160.9093822802886,4511.8221507948665,1.2
3817.3083295571864,5289.515780677007,1.2
8634.452259159738,2953.557619094823,1.2
1534.8333246916234,2593.2747377446817,1.2
4444.694959718031,9776.057650777406,1.2
4728.079697554854,4607.055556631625,1.2
485.22000906445874,668.5481885519695,1.2
1633.2444820826674,5135.490233120256,1.2
1159.5071149794444,6160.528735757759,1.2
6273.916827044261,8727.586408415631,1.2
8561.820485956245,2050.440025863124,1.2
6501.024210875526,6805.671061390645,1.2
9907.216847578002,6669.213140364874,1.2
4703.507484037855,6587.242966167451,1.2
6182.944835673582,5665.363656923684,1.2
2826.672065311674,5757.901560377976,1.2
9760.033158175416,5498.966087080037,1.2
6730.679991316752,3198.9154683449315,1.2
4405.308887745445,2817.395225212135,1.2
2896.8734025209487,4443.341243582896,1.2
5096.996840471413,4021.707294718352,1.2
1124.608957959946,4451.406229265389,1.2
2269.5478934228586,5545.314992181398,1.2
4785.523046616946,2759.286886619309,1.2
2427.5815678011304,5742.032828033604,1.2
3879.8251760716694,2136.3740692588385,1.2
8188.7342756537655,1907.138853599195,1.2
745.407851615466,4025.8367527218065,1.2
9231.495390276692,8036.987910973417,1.2
2248.9608200945786,7997.85196637336,1.2
7063.714846079962,4208.5962967905725,1.2
1105.6545677251129,6794.207869753457,1.2
6010.0412352318635,554.6339371138009,1.2
4067.9253808829376,2238.609957053367,1.2
8368.294504320564,8527.006729745252,1.2
2500.304278439591,2172.7295059295693,1.2
4577.379914606466,7650.881689884062,1.2
5574.327026820758,5806.56830719882,1.2
2519.501997915552,1684.6695377319966,1.2
1102.4132226573247,6849.155746302632,1.2
7266.371963080242,6688.547740313466,1.2
3100.7393751622235,1443.5080642788123,1.2
8257.539654972054,3929.2554337859265,1.2
4516.665266465536,7872.5765591632335,1.2
941.3892910049249,8099.303849707226,1.2
8872.032376098616,9898.045706032814,1.2
7417.5412796060955,9783.285876174668,1.2
1219.32275434799,1470.3039266298356,1.2
8558.690716836289,4873.459071338277,1.2
669.3827118834938,4953.437735735418,1.2
1839.5198585753026,3402.9940844063954,1.2
1721.6681730643147,9800.506250883236,1.2
9222.779774577657,9006.49939489194,1.2
6663.324712234675,9430.87498714816,1.2
2550.567553368033,7165.417839973317,1.2
2513.1625283785165,7111.917452074779,1.2
9840.365650382251,8069.150711143924,1.2
6787.953743323041,5320.2586859175235,1.2
4023.7128395568466,721.4378428095102,1.2
641.7229596609242,6766.799215573364,1.2
4438.741260834265,4360.869401040905,1.2
2070.916282746015,7466.234366797987,1.2
3225.899537209548,9273.963784387424,1.2
6494.8595032763305,6159.77009610452,1.2
7240.123708698462,2279.094855354834,1.2
4683.324973360869,4771.440516969008,1.2
1877.457281509295,2404.572297443256,1.2
2963.87440681542,1702.431662577948,1.2
1401.9181542772762,1160.6190224524605,1.2
947.696581546128,3857.657750648956,1.2
4917.6315703202245,5346.789213650246,1.2
9907.787032286491,8430.580218141036,1.2
8798.135265003748,9600.576900554048,1.2
1612.7882072143063,9014.087121986635,1.2
3049.1329572436366,7560.555720417321,1.2
6047.952172863975,1343.1670234258397,1.2
9403.046334306231,6866.378354742902,1.2
7331.195005772628,9406.222068768604,1.2
394.1980288626623,1866.852917989984,1.2
1599.6243096834316,9661.900714495601,1.2
642.3217143992744,2125.8213456192434,1.2
4445.504669494352,5802.289609604144,1.2
8397.724892594815,2043.9949037461802,1.2
5575.3537382254835,7075.073359140694,1.2
9879.156428214656,5710.316250570102,1.2
7631.956028275805,4339.824075154542,1.2
9408.777292407283,1969.7141474049895,1.2
7267.4839617144025,273.7415661643017,1.2
2526.3224568082887,9775.530784973782,1.2
9074.539022334857,483.6972699230302,1.2
6847.226881391506,5151.2487452742935,1.2
1052.3491740724166,6049.348314439484,1.2
6042.382026473262,8172.238087005164,1.2
7372.609322200048,5295.647744678018,1.2
2372.215788455453,2504.84954392064,1.2
9889.859095922957,1965.4422721452459,1.2
8407.924000754834,4225.295426155554,1.2
4331.002395015694,148.06242439558747,1.2
7227.552072400374,569.3640174008463,1.2
6686.359854884917,9835.356341400291,1.2
5237.494966813177,2012.440967660437,1.2
2978.8447696729427,3908.374092483314,1.2
5709.857068752012,1969.3590556701067,1.2
5739.878845049871,2176.3562740341035,1.2
444.21580582128416,4398.314381509034,1.2
4532.652440422372,8455.988955016046,1.2
9900.070953709119,7893.423190170327,1.2
2267.1595816392673,5372.183848419775,1.2
4732.473489412216,5182.133645133039,1.2
788.5394519989209,8615.563331049523,1.2
9673.888745525433,948.9292689364537,1.2
4075.7735040449993,5686.327562075344,1.2
304.73341519351436,4825.207809483472,1.2
747.5668562383264,8304.210601302146,1.2
744.5300675121813,5379.202894179889,1.2
3733.0081256839644,4154.767350641726,1.2
1845.2140330616828,391.98433948923525,1.2
1288.8529643023605,7804.753330104034,1.2
2363.1010505015815,538.641843604516,1.2
4072.148190592393,839.759373564638,1.2
703.6985367114023,7020.171431649324,1.2
3455.340811149984,2165.3014212234325,1.2
1476.528632209343,7110.193117675502,1.2
3807.098979185988,3462.234816390226,1.2
7375.487691373307,2706.2349709652035,1.2
8742.762937899368,3893.3507215954287,1.2
9294.238862006963,1885.2118869660317,1.2
1135.1235681208072,4106.918164675704,1.2
5346.123521023269,5166.564888014192,1.2
4135.701009508127,6874.4008798094765,1.2
9648.019005876222,5335.325157350051,1.2
6046.148331722857,787.5887153328742,1.2
8097.971305942921,4102.38675718659,1.2
7534.662438354572,1664.6643830297269,1.2
6553.022185400376,3146.6609844028926,1.2
3778.2962135089615,7526.5025241971325,1.2
3173.8832906629,6553.689236811695,1.2
1094.9532823123652,5680.574106806284,1.2
3090.3249402955025,7825.602359495345,1.2
5886.472898861005,7875.961964717836,1.2
3886.6386797485206,8602.341974046127,1.2
7506.50115326823,7605.986203302741,1.2
8702.571951269632,1624.7246643178037,1.2
9321.192498591023,6968.734987306752,1.2
6024.897138783137,4126.750666237286,1.2
4783.761286365206,5329.742098645419,1.2
4109.842879437288,6084.719372214579,1.2
4219.993807127494,9607.762409559557,1.2
1517.106503440303,1295.52269292734,1.2
6286.194879865835,5466.083013564481,1.2
4191.699816987845,445.7933613537224,1.2
1148.952813134735,1201.9998494345352,1.2
2025.824851018787,3390.705085482265,1.2
8788.954949381596,4251.66203584644,1.2
2336.7420830753817,1876.667816958627,1.2
6081.00330415227,3583.8236923620148,1.2
3902.3364997316157,9124.749770655555,1.2
5829.5944002724345,3563.5770955488333,1.2
7288.124978502571,1139.5866664811638,1.2
5171.169801259848,6243.49962070677,1.2
8228.270304358388,6671.704746549617,1.2
3253.77541118959,2777.80225238673,1.2
3132.1713345188364,1982.6326744218447,1.2
3550.985492284746,7732.0224934912985,1.2
951.1982855265511,9956.516672293681,1.2
9833.354422511615,8708.174728473912,1.2
1637.6440610316622,385.1327241103819,1.2
9368.635594879832,4999.017170211984,1.2
4458.548735203172,8667.259475189494,1.2
3073.8284945655314,1039.5284398254512,1.2
5488.429726343605,4741.6830026437265,1.2
7464.668383795473,2349.772743893961,1.2
5458.62619279059,5296.901795144302,1.2
5107.016013098064,3229.938866933908,1.2
9722.347037880401,7245.581706144511,1.2
3160.3742394293354,642.0353236618048,1.2
1254.3415040740347,6580.279199730109,1.2
8065.207365916004,9807.334502089263,1.2
8772.011482819744,3380.4316966946426,1.2
5891.743224176022,2205.0309257788635,1.2
9855.836786040903,1433.3656715868292,1.2
5345.944046578349,3430.6798833267517,1.2
3531.409204404511,7817.516769711894,1.2
330.8766534076857,1298.642095398589,1.2
9068.995411580205,4235.537122035268,1.2
9789.353555668826,1704.150144901918,1.2
4159.319564149369,726.2570300098936,1.2
7621.557747895837,2368.3523635139904,1.2
2772.0088334861402,7026.951859208065,1.2
9308.178726109965,1336.8681546812577,1.2
550.4379602223486,9590.107524782772,1.2
379.27969657492565,7525.616912657113,1.2
1043.177564131078,1387.2356455656875,1.2
5890.347406160452,4356.771068824485,1.2
8872.527180983561,6799.05166450636,1.2
1553.1994360418555,564.7085773374572,1.2
4355.122649419766,2419.2768202108828,1.2
9909.273028371234,4339.729204792767,1.2
3810.573736781755,4166.722467040229,1.2
8764.638036998322,2085.622223762099,1.2
6861.481605925718,3290.208503528268,1.2
6359.045669890764,178.56220135507027,1.2
6598.127610447729,6035.854948606988,1.2
9510.536890078209,655.8858834676695,1.2
8909.841513208632,9538.723865096961,1.2
6217.019422214407,4541.892106726679,1.2
8436.404641012023,2874.0301094949305,1.2
4712.740362006985,5729.322760808699,1.2
5440.263175004111,9368.528937973442,1.2
8662.438575107315,6515.780997593022,1.2
7992.8087953024915,8529.879006974172,1.2
4081.7233188372425,2940.492202213164,1.2
3040.1828157870536,9018.0267366165,1.2
1863.4183973936879,3534.2812055643867,1.2
3589.014838883834,4831.443414114791,1.2
1933.7949310081171,4057.2011038638734,1.2
6458.516223082973,8470.588458402186,1.2
8065.836694245994,9770.44892882036,1.2
9312.768134956897,4828.703707560159,1.2
6799.004781766753,9441.379405559012,1.2
4035.604768232044,1867.0120927845535,1.2
7976.444977072907,5054.986247535059,1.2
8240.710041564706,7338.785458136914,1.2
8010.05551723181,9641.421711370576,1.2
3474.988137233099,1343.101589955371,1.2
9974.96927373877,8034.842211512496,1.2
876.4698750893873,3076.127277585333,1.2
4054.141691131068,969.0365284984725,1.2
3705.1211495154457,1616.5430572896355,1.2
3648.7462072392527,6661.943765264649,1.2
9548.96089843493,7886.689082189408,1.2
7340.14614395302,4182.0445228844665,1.2
8371.082789938622,7905.3224071684135,1.2
2562.303752517052,2668.0422139018524,1.2
9231.463947225855,1045.3386795869546,1.2
228.09128242531563,3185.113408820529,1.2
7272.713391330065,6598.4123742595,1.2
5603.84075959163,6039.115987578345,1.2
8777.528876013052,5457.529297434502,1.2
3630.865574413794,4578.175675198343,1.2
7267.414758828553,7525.550764568699,1.2
2628.7231163749216,6199.615171284704,1.2
9764.32276899227,630.5507272185051,1.2
6708.866742498971,6357.760778418903,1.2
8502.434861949589,7233.959928547464,1.2
5259.568386142946,7810.636287797136,1.2
3854.6896745722815,5254.480517314553,1.2
5027.482817492371,3456.60103598325,1.2
7364.148094091002,507.79875048490686,1.2
7618.47330390469,858.5429801101396,1.2
4015.1381430459687,3620.0166942644273,1.2
3320.251753103365,556.4973067034806,1.2
7711.773808083409,6458.481230860535,1.2
8183.966031137653,8424.43358571537,1.2
314.3591821773073,3171.9585809592445,1.2
2591.8372252368295,3885.0311463597486,1.2
5945.788210940272,9309.612717815056,1.2
6255.441927938866,1149.6528791518624,1.2
2358.4306680715827,4500.279299343471,1.2
5004.484320546707,2763.554289248731,1.2
2851.883255268093,1566.518204026497,1.2
555.0741667072346,316.517922890549,1.2
7789.114860477683,8510.359812498704,1.2
5089.876506182405,5177.3852671915065,1.2
1951.6834913683301,4022.4343536258857,1.2
9536.53090698807,6450.796399582572,1.2
7297.9647893213705,7434.817728767777,1.2
2693.760452152669,7896.220276971348,1.2
4567.954602545607,7983.288274902018,1.2
6416.544688212991,3033.572030056514,1.2
8141.802979114309,8493.907985377587,1.2
2853.9682742366335,3061.9739575284434,1.2
4281.551909743828,5958.355085974879,1.2
8407.502792723892,749.9622284098117,1.2
1721.1472109513682,5908.044795312591,1.2
5340.576167887428,1219.3860084911878,1.2
2554.7727827564017,1507.6192371072173,1.2
8117.309796738863,8139.440571007602,1.2
212.937590674126,1560.2675262156374,1.2
6071.725965694521,3239.5921842719777,1.2
3071.614781660029,4952.188715983815,1.2
8424.349748383978,5306.911441983954,1.2
4797.797565814228,6892.669301228071,1.2
970.9797452405467,1474.206080350936,1.2
4408.910429721735,232.30569087324793,1.2
8628.80815147771,9059.673589055375,1.2
5669.616087368579,1634.2610495214983,1.2
6839.8178100797095,2016.0799264350449,1.2
862.9635265872171,193.59422651632042,1.2
1688.9964484017262,8298.662472334541,1.2
9537.65186464899,1631.658251127518,1.2
8630.293474620787,195.95742927477343,1.2
3973.1714503416038,6192.443846166106,1.2
216.528005629979,8206.746842522749,1.2
8001.737797858093,9184.26232273071,1.2
6200.625495791576,1846.2651057338342,1.2
5516.686454541706,7680.4441396354205,1.2
5954.225940802139,4373.3215753187,1.2
7307.316837834403,2254.4029576959524,1.2
7614.682063485512,2790.603901409253,1.2
3297.8007920181285,3613.690941120374,1.2
6562.300478659368,6465.483959488783,1.2
4823.734163429229,9460.932170548947,1.2
8912.46276757288,7681.714072805409,1.2
888.0626551940107,7566.435846059153,1.2
8334.584362795433,7842.625343764277,1.2
443.96975656120884,7682.535407024381,1.2
1859.2169116037683,6514.979529854129,1.2
6543.060515196544,5379.599857601311,1.2
6182.513231146067,5375.234998185302,1.2
1866.153072938983,759.2509734167508,1.2
6045.486026565481,2278.9280329680105,1.2
2610.887995132456,8951.121046249073,1.2
3417.61254408439,8817.175522172924,1.2
5071.600778586205,8029.080364579745,1.2
8329.998127623241,8522.854738190705,1.2
4445.133540306164,3938.069051212635,1.2
3084.3233912391065,7173.8313979743025,1.2
5335.971333633218,976.6422547846554,1.2
2410.5219306828562,8698.058028931639,1.2
9493.332138120411,8413.254871836316,1.2
280.97820491729044,3716.142131872089,1.2
5231.087713657611,9583.778301547682,1.2
5111.8452089615075,2879.3653359274495,1.2
2196.7795603794384,4612.682508125592,1.2
7686.582556255003,8262.208032787268,1.2
9883.240956789354,726.5698202451565,1.2
9651.104347434168,4772.4853654883045,1.2
2993.6506003906325,3430.584743360919,1.2
3269.286005810931,2587.11722756495,1.2
5647.274741046868,2899.736790281209,1.2
8768.279188584096,9058.118239843237,1.2
667.0102141056656,4741.195994418653,1.2
8408.828011365698,2613.6989590225257,1.2
8121.973953621003,4687.815543371551,1.2
9210.682446581273,6823.215133210705,1.2
1305.4982916411618,4314.334139321637,1.2
2115.324329510766,4873.795259814371,1.2
2816.3779198231364,1126.485846831643,1.2
3400.7625101959547,9587.034953346738,1.2
9023.866217462877,7559.027186589948,1.2
2350.4681654253445,4723.574353251386,1.2
1241.4789989190056,704.9756960078213,1.2
1062.5679460472436,5480.504500076935,1.2
3123.675210403414,6491.73177643453,1.2
1869.2308415292734,4561.018346025253,1.2
3039.491881776911,264.6754345151037,1.2
8147.853356511324,9178.862664891465,1.2
3810.3357683262952,8729.168851783887,1.2
5237.516855562194,4135.769521932613,1.2
1527.25566284017,7824.616186791137,1.2
420.938536834351,1069.6730884549322,1.2
4462.183118435512,9056.443104049353,1.2
3006.1753816154237,75.86282304422154,1.2
4095.70942706487,316.08907352919437,1.2
8546.78424364982,8649.280682804667,1.2
106.7578360211352,5984.924278252744,1.2
3632.4049592455367,1706.4390333151891,1.2
6647.892302464568,8097.904528535084,1.2
7768.435861321291,4546.408034839902,1.2
5831.27426490343,9773.505309370048,1.2
5389.109418753851,9135.268937557777,1.2
3486.2424839660775,6501.841636007022,1.2
8781.630787554994,481.63208355954225,1.2
9335.167553171856,4623.650404738782,1.2
6959.603758668114,7012.493610456788,1.2
8858.703828337904,8536.355156472555,1.2
5901.884019457233,4937.265096523123,1.2
8963.157569209525,9631.762716500629,1.2
6251.366454093411,6248.3965874686655,1.2
9218.668979224873,6693.501912767249,1.2
3826.6840743995613,1109.276062026262,1.2
210.59907633108833,2189.6173832271024,1.2
8208.403535382913,3547.376399668061,1.2
5729.710927074984,8677.015360216148,1.2
439.62991986362886,2848.5664913426435,1.2
9269.00954676562,9752.304978057535,1.2
4380.5615596997295,692.6030812434536,1.2
4393.082737582686,1233.0294676970743,1.2
9816.33417845022,2652.685949281206,1.2
6928.883748838451,8000.097595859363,1.2
7683.590415083559,3292.0720316866505,1.2
4044.4243707135975,160.08523116944895,1.2
934.6489265793367,1707.6760246839174,1.2
6658.193770894878,1367.468270892883,1.2
5276.189775344835,5031.214011043643,1.2
773.4286041181904,1313.220463065884,1.2
9188.26483576126,5493.855749371665,1.2
7959.714591380827,5187.679695813501,1.2
9416.856104550718,4763.280838284595,1.2
4015.6553360385296,204.34669827704698,1.2
8050.701525563546,2743.1577083335947,1.2
7057.850965739981,7968.223617496866,1.2
3585.2996399592507,4262.948437688874,1.2
1286.2049820861498,7068.389048084687,1.2
5385.049728996051,7081.2927598122515,1.2
9272.676983659403,5226.996867105145,1.2
9371.771376207067,4764.494828247622,1.2
9598.994371384342,849.8355749620401,1.2
7899.286688400113,9726.656090277049,1.2
7781.397689109422,6486.7402642353545,1.2
2841.867651075328,1213.527965005975,1.2
4354.684932888553,3229.8008273008836,1.2
9133.417276379538,4755.149182660906,1.2
2891.0989795260157,3362.3721566921163,1.2
2090.3651846732664,9346.751266969117,1.2
2091.832800015787,2569.5934241231175,1.2
4118.567587448939,6692.8226168040865,1.2
1051.4112720557778,9123.304596479458,1.2
3990.458303277232,3930.0062766195574,1.2
1550.0491208462563,4373.0231226070755,1.2
4488.356304757709,2143.259066463701,1.2
2687.2655847706005,1181.673145659352,1.2
8853.265431502727,8120.052076498621,1.2
1071.6005522373528,6155.362102355656,1.2
9189.194568138333,1008.0365096811983,1.2
376.2231079924516,2655.399074606131,1.2
7738.137077959425,8442.301454102306,1.2
147.59622967374764,3605.818849154949,1.2
2683.122467724147,1466.0357919611556,1.2
6668.3562584005,1779.8269100916618,1.2
8655.693270631278,3590.1649165194503,1.2
1120.859459205734,4453.514352018062,1.2
4887.800495610743,8539.006618767184,1.2
1695.5849718721172,4735.595084955714,1.2
5860.334094826386,616.120785371822,1.2
4094.4258290236544,5164.286399418329,1.2
1290.1441129605828,286.2940786565271,1.2
5373.443985192934,4668.925688065432,1.2
4759.672170660857,240.55950349118893,1.2
3299.036088801823,9760.51493986616,1.2
4802.6668447879265,9408.345217585076,1.2
6124.817942144846,907.0511946599336,1.2
7702.120665248736,1447.1014563547612,1.2
7246.102515870556,9248.251750876676,1.2
9013.780866931298,4500.832599480247,1.2
6274.353920422075,4394.896677087572,1.2
2548.3710056839936,8981.76757951908,1.2
1882.1101810449204,196.86547962590618,1.2
3273.832587328616,8632.148290632247,1.2
2175.410368837943,4390.367283298553,1.2
1353.3891154014555,6476.25801399801,1.2
7363.772645366908,8775.299677502688,1.2
5681.804014138215,3254.3418704497053,1.2
2918.022586282094,209.11946431417027,1.2
7469.339250761658,3203.9393246355207,1.2
9434.746569550263,3255.8596233621706,1.2
6132.27481102263,3384.45451894691,1.2
4746.277127377719,8202.761950566568,1.2
4817.521793185789,8011.931981855412,1.2
9458.121030573124,1599.2346564908976,1.2
765.8409398285493,4029.971162564008,1.2
4873.177399758944,429.18221114936927,1.2
3487.057179859391,5611.720960546891,1.2
4017.8183357779717,4146.0140907268315,1.2
231.1331874871625,3180.286736572264,1.2
8764.981159804922,2222.6810355787798,1.2
9207.046989592494,5599.730452115831,1.2
1871.2366118103284,6706.130135825308,1.2
7475.3347270967115,5465.657041815553,1.2
1550.238099457928,6236.305971607102,1.2
8665.064891532269,9028.4772373762,1.2
1668.031925272454,3098.6857621603926,1.2
4227.807788196264,8389.788470606136,1.2
5163.108463929836,6386.383303588229,1.2
1177.9496228170105,9380.188910619234,1.2
9567.276194785061,5784.831319386359,1.2
4389.545788511378,7773.402117416088,1.2
4209.765673771429,3591.9148884626493,1.2
8420.458302347053,1150.2968149544645,1.2
867.6286488953743,7931.42282634388,1.2
6371.700750423742,7665.661776844491,1.2
8952.386782094029,404.97316377884454,1.2
9660.689824192059,5567.376616536918,1.2
2882.661357879912,9824.307868787242,1.2
1386.7259836354783,4895.875428459386,1.2
3684.3849903468927,6410.574002669361,1.2
3786.097867332617,3116.2039741686544,1.2
2470.5656992271643,5316.020848224281,1.2
2650.8039061332765,197.1222561014141,1.2
3545.8647462698323,9396.069888079943,1.2
1455.2915253710962,881.9445725389296,1.2
385.59394077905097,5439.571817316063,1.2
3116.9874277484987,7980.328882089276,1.2
3122.1733574995324,2640.7090891520756,1.2
8880.15413444521,6480.2106179404955,1.2
9250.334092497153,3431.5397892261344,1.2
2140.9832420687235,5264.393986760564,1.2
6098.994901602204,8487.737891831724,1.2
427.7141684157226,3139.5561184462495,1.2
5746.674518688687,8249.236622862827,1.2
6400.854759077297,4743.1706051059355,1.2
744.3734194492536,6039.892854989977,1.2
6313.369996082602,6186.542039359949,1.2
309.30526044697484,7250.04590075992,1.2
5849.598184550445,2755.60258012018,1.2
1951.8209576438906,7468.2668617381305,1.2
2863.8312103582684,6243.233505541212,1.2
9809.067769333862,8247.507657060814,1.2
7976.022159747547,7180.616722577804,1.2
6726.510814863109,9274.36920280925,1.2
5541.502300490359,9936.711324626747,1.2
1927.682662871083,1441.9770574257996,1.2
4762.658367685342,987.2662422605705,1.2
7115.8560618349875,8676.988198233637,1.2
7972.74012253435,8685.609991943518,1.2
2012.2269278560057,8218.815354538468,1.2
3545.4454171980865,9389.531414059633,1.2
5947.210500109977,517.0295189832564,1.2
409.1334372613087,9496.959230443617,1.2
634.6887941038904,2941.8157319949955,1.2
1980.9440736988172,3316.398622577019,1.2
7968.589190887134,4828.236484155931,1.2
1064.8396280919437,9419.250149819534,1.2
7499.55411789518,6518.335521554403,1.2
9165.434892770181,1575.4189176372824,1.2
1522.8574546732543,5951.735361930055,1.2
2380.644950963876,8777.380659895727,1.2
1344.6984895675573,7112.979041687657,1.2
9000.302815507846,4416.0504631530575,1.2
8029.474443766298,7755.6841137431375,1.2
1283.8913796331253,2312.965996638916,1.2
9449.712594052155,4008.1101253322495,1.2
4683.77994602628,6725.701368646949,1.2
5677.610631206301,4011.624348037909,1.2
7466.7572626133715,9991.15865395031,1.2
7219.051817390005,6260.603497907059,1.2
6761.107146951474,1754.552600848175,1.2
3990.3160011987725,4117.707728956913,1.2
3314.4000786499196,69.14638651441929,1.2
762.3269527854093,3984.8334811833365,1.2
1082.3036724337976,3190.3122907632287,1.2
6896.118918138344,7968.670675847698,1.2
3774.127645489238,3793.8125017330894,1.2
6635.50235598952,3023.757961615808,1.2
99.97349168476721,4012.3980863979737,1.2
2252.2309552934307,7869.113617059383,1.2
6555.913429323646,9106.072132310504,1.2
3868.735310488932,9518.773811334762,1.2
4325.254375245072,986.9803773710539,1.2
5627.997618911992,8005.869734449095,1.2
4473.393182732321,8830.804611224696,1.2
7810.859610106705,8042.246625927777,1.2
5841.369319052411,6511.726286484609,1.2
6093.214064944452,7713.784926716561,1.2
1277.4198905270462,3374.7235144534925,1.2
3526.463386378824,6268.851091551738,1.2
465.04947094361484,9316.727523862557,1.2
8698.903321852105,7589.074386240772,1.2
9432.583525183403,6253.145348019106,1.2
4664.94391836884,6553.29851879913,1.2
4890.565393740792,3665.8294549997286,1.2
8482.568566033566,7918.767840425116,1.2
1409.170637953373,58.291072932993295,1.2
1719.0282410571167,2951.820276703303,1.2
5654.683467662112,7590.184958175047,1.2
4291.23507750569,9574.225813234476,1.2
8657.217479342797,1625.1259864050971,1.2
3404.6612407362877,805.8308348538568,1.2
2007.6298693855854,9244.593408788875,1.2
6546.967657229629,2418.65078727721,1.2
8537.550184002985,3048.2541460239886,1.2
5662.393634927764,3338.6520137973407,1.2
3783.178317594843,9104.311239096423,1.2
5795.561053945544,1741.3784328762783,1.2
5007.916347921442,4537.250825471619,1.2
7647.2987603398615,3514.8510133667664,1.2
3048.6593676536254,4696.938255986623,1.2
1415.6025716124598,5416.020352797372,1.2
4876.095988752732,5692.1539186240225,1.2
6.170788309720621,6811.794247645964,1.2
4078.3439783097688,5695.692209239985,1.2
933.378526448514,3614.7638990526275,1.2
2563.43297094934,1753.2004929250122,1.2
2467.0958007975587,4568.0909095318775,1.2
5221.43465535743,3765.6273410930994,1.2
3266.097308267073,6662.55779956154,1.2
8077.485398417525,9977.413543314322,1.2
2902.594533366405,6966.029151419474,1.2
7428.786716674402,5898.328981404368,1.2
4451.803735939874,719.9583975584967,1.2
6337.412653979511,9983.305190053063,1.2
2265.3528622033127,6260.619202921598,1.2
4947.481952124736,6404.597024443643,1.2
9427.541364609844,5873.951860656097,1.2
374.4697313909884,9636.088564685937,1.2
6532.295953673018,5071.755802623982,1.2
632.8001821621265,516.9476455654365,1.2
7850.617144292794,650.7231910080624,1.2
7050.014091493134,2379.422401327954,1.2
5245.5100675298545,4363.726228784095,1.2
1018.666805401004,444.5709758209104,1.2
6140.36196950828,6800.916396021812,1.2
9935.767528005015,8064.794307600547,1.2
7902.527390784131,1984.7481575839765,1.2
1870.722966596099,2250.132365151486,1.2
1764.5351181234969,2991.2022298490715,1.2
8697.121984712234,3337.197248250231,1.2
6003.504925662581,4513.262641434296,1.2
6907.344329791522,8478.430122932574,1.2
1239.7464553974492,5810.196792514829,1.2
7838.689071782939,4982.841530068602,1.2
6544.647795586157,598.5872118626401,1.2
1759.6830443958368,5158.290198029354,1.2
9955.456389408222,6517.828073906563,1.2
6618.619657886304,3770.108227333303,1.2
1873.2785880066117,407.6395587507753,1.2
9578.733747820897,7427.028560103347,1.2
5653.253862305365,6622.122962821701,1.2
2392.1430757383387,1451.5984150919337,1.2
3924.7508683395017,3966.4478300921114,1.2
6554.687417305481,9858.711602825599,1.2
3527.1224296912774,3299.5782458722188,1.2
7341.247522771877,9201.026953411658,1.2
571.5513821602947,2085.6517850603896,1.2
6961.475829673849,4861.1427863392455,1.2
6562.1813497786,4268.146530189199,1.2
1553.4872966007918,2871.7754735541057,1.2
6601.528736373387,3614.019706904609,1.2
2429.707603125857,166.60833670009367,1.2
1415.6458867573651,8206.557351423031,1.2
4328.559726691818,133.89506527676454,1.2
646.3153634905327,7359.8776031294165,1.2
1920.6118500034286,5724.259334473643,1.2
6690.10025952944,9375.959696224316,1.2
514.8580416761395,237.5906210760581,1.2
2401.808782507042,5150.041203163524,1.2
7436.371890976477,5716.8350489496515,1.2
2875.61135018787,6650.728814670918,1.2
6461.267839697371,6972.960988228344,1.2
4244.44123153924,2755.4131275386453,1.2
4843.851290277771,4031.1103803150504,1.2
3663.6744721531513,1568.563998450907,1.2
5781.4100585840215,2281.986512995673,1.2
127.81660338630596,4976.501907558652,1.2
1865.1951802723188,6644.081829246586,1.2
2471.3101824076743,3641.5791346099268,1.2
1408.241316255636,8254.215813825685,1.2
5492.236006062055,6273.736229760331,1.2
8973.87102080996,3167.3694840498247,1.2
3963.6823226862693,3733.4689838394584,1.2
9479.256430549689,3606.358372704127,1.2
7903.657795906347,65.10347737832434,1.2
3452.2609466068043,6486.729068409277,1.2
5061.145787250991,4337.907815692092,1.2
8149.302016132295,7175.530745198406,1.2
9228.170216358127,5918.636705106897,1.2
8638.60774666207,9043.480366556523,1.2
1046.745657443655,8823.940678344139,1.2
8430.09376764748,3191.9752081324073,1.2
7519.391824472708,3957.6254284161105,1.2
9197.909396189913,9118.964794864787,1.2
7467.794588736936,3846.234323085963,1.2
2182.2111293499624,4110.914004260492,1.2
4123.770591493841,3801.1026956079154,1.2
7165.935993362214,9595.469087771593,1.2
9278.059807957401,9539.836612165214,1.2
2665.640569901477,5645.407506722902,1.2
7444.007015633606,4013.8523901284916,1.2
3799.1655497767674,847.7089879908694,1.2
6896.353743179517,2327.897311117304,1.2
1061.2967841537213,8809.762366662382,1.2
6494.720258777499,8360.19666129932,1.2
255.21797412805026,6090.4731712831335,1.2
8033.052147662206,2044.1204032342264,1.2
4710.11705358312,4057.541891628338,1.2
7428.440647463344,7165.263191485773,1.2
5972.275470339487,9153.126032257816,1.2
3550.7575374489784,4746.560982476995,1.2
6475.148054228186,7970.871252695686,1.2
6374.966853760332,9693.818954946544,1.2
879.0593675083735,6275.9656362381365,1.2
5884.385726539408,7887.345185514609,1.2
9937.760965437528,6463.975451970723,1.2
4865.4979029546375,7795.8102679444655,1.2
8503.883747720482,2568.7060548938334,1.2
9036.712755274535,8176.572874270393,1.2
654.7627650117694,5602.6615869882,1.2
3512.080668581463,6007.741016252778,1.2
7249.798735442764,974.7372302004131,1.2
4009.228486981844,2123.176719200898,1.2
585.4037939354995,5576.666533448656,1.2
298.9072533801196,4121.125064675961,1.2
2383.7534408809993,3465.9234136903983,1.2
9194.555758684679,6181.68478820555,1.2
6927.20707190412,5540.385432063658,1.2
7162.383502714138,2936.3937318515254,1.2
4150.781607455886,3739.987716828592,1.2
174.8319946113097,8647.732883743522,1.2
5868.550986385479,7810.596212304646,1.2
8130.71751056119,2616.2228203323866,1.2
4614.205208086517,6297.767785383225,1.2
9152.767448773882,844.4393148620455,1.2
431.092437133872,3628.5613328452314,1.2
6457.109320342439,9088.883868280376,1.2
9679.602950724136,4791.213397190814,1.2
4039.7398173647794,939.2429356063881,1.2
4455.861395645543,1508.0057947765945,1.2
1240.5552645862306,8451.437100169594,1.2
106.50863566202817,9578.014623998411,1.2
2090.0528222567227,239.87688107252936,1.2
1778.920166021074,5419.9175294529505,1.2
2161.8042200024247,5549.149230882325,1.2
1648.5290047614542,5908.7363199531665,1.2
5819.308633902397,353.8825134305956,1.2
1988.4204535611373,2955.490328998276,1.2
5582.75027520315,4441.004695332474,1.2
2120.960325909018,626.7485193402078,1.2
9570.496397295145,4807.307023185465,1.2
9002.570094309789,7953.20515179548,1.2
2307.503387282399,1322.3497411758,1.2
8872.059651170162,6003.897407677447,1.2
7697.489823793694,7449.049946010562,1.2
9701.058756306682,8072.3614867306915,1.2
4818.730347541738,4080.0884414809425,1.2
2034.897074765678,1064.6036149754923,1.2
43.08494606633073,8598.896679217505,1.2
773.466559502003,1860.340920372664,1.2
6620.50348914277,5625.847659106973,1.2
1057.3206496527332,3294.0326441793854,1.2
9085.299566858652,2872.1145856460716,1.2
313.9290968586872,5783.6416068483595,1.2
6539.247227071211,1228.0207583311865,1.2
4141.0768338292855,247.20308079256293,1.2
254.65165941043088,7712.60903252429,1.2
1091.3631593560435,7340.601397047535,1.2
957.3693914836313,1383.1985201273844,1.2
5492.111074755674,8508.523687250443,1.2
9077.263339078385,936.167906559413,1.2
1369.6059148603701,1839.9336535076604,1.2
8025.545901885638,5120.126597781003,1.2
9393.501522257024,2128.7694619257004,1.2
5639.917414630816,626.7942485647737,1.2
474.91712650650885,6151.259197232156,1.2
4567.647243292554,6202.67074524399,1.2
75.34263317552026,9928.093626409687,1.2
7004.228684318162,6811.688861475033,1.2
101.80968138602364,1739.4571904989464,1.2
1468.1179800622235,5576.600225536962,1.2
1231.793129239427,763.378944385128,1.2
8661.662794464128,8050.040388016717,1.2
2407.695476751381,5237.782535446806,1.2
7440.50860045119,9508.567234124916,1.2
1235.6328069793722,3816.1758706438654,1.2
2125.011756985088,1324.2315111922044,1.2
8344.585609421156,6925.0239447774475,1.2
8171.40980544878,1565.0736424030242,1.2
5549.900215743252,2860.3987933199514,1.2
2325.1191616641363,4677.701920012593,1.2
7262.096256702448,210.057920673421,1.2
7065.505595492186,9739.582800585651,1.2
4966.273390943166,4088.93035696114,1.2
970.561903728957,2673.09404123254,1.2
1319.79654781764,4822.48896269868,1.2
7387.24532816236,3701.945671858539,1.2
8568.949143441223,2435.4981162686886,1.2
1217.5389784466684,5605.644698508504,1.2
8503.100500162958,3514.3099951917666,1.2
7567.105907393951,2769.5336219801693,1.2
2662.782882112714,8679.120740917753,1.2
4167.098655229823,8149.349638526023,1.2
2235.6029382185484,3590.003326915121,1.2
3093.8365108337052,5547.70022748848,1.2
3971.8834850929575,8761.607307372846,1.2
905.7726102722607,8470.26707128457,1.2
84.37097315420084,8841.559458170852,1.2
6346.485616240894,6445.718963264015,1.2
484.2200469947444,5430.344050947448,1.2
3449.383989849856,4326.936614019425,1.2
8945.72045792341,8974.46177473427,1.2
9225.346521290165,9880.43217121504,1.2
1448.5039672511746,914.9509044563287,1.2
2632.2902749577847,2155.2184059953083,1.2
3586.4835105433012,5311.9485663652285,1.2
9515.913979098828,7615.549575283339,1.2
7547.894901292869,7784.092366335731,1.2
4400.531659398035,656.6004191734343,1.2
8496.945999693613,6036.572250922613,1.2
8093.328177134157,7499.421580508671,1.2
4590.248474738136,628.2424133007181,1.2
2801.7817212701048,8478.279066246572,1.2
3140.1084023992476,8252.814632693284,1.2
4489.498093300837,6125.79407160818,1.2
5132.080059801654,8287.102616720025,1.2
7173.862262321837,3743.787577849683,1.2
9324.574405395151,6670.45018259349,1.2
5590.269245672168,4098.182739623647,1.2
943.5490231350441,7973.271208342982,1.2
3824.835737505741,7566.241525183823,1.2
7956.734926884368,7414.371092837588,1.2
9763.42028442659,3057.1908694512763,1.2
2028.6621504140546,1165.304222484108,1.2
327.5189962501757,2164.838543165839,1.2
8680.297613932436,9283.918383067152,1.2
4596.9998457965685,6114.07323166038,1.2
7208.984745027098,5958.490393459438,1.2
869.849462738278,4245.194465441033,1.2
8909.890794144369,9483.668297224893,1.2
4564.777651236587,3917.6978454224222,1.2
3682.46468433276,197.56890114758008,1.2
4249.6304049590535,699.5071741729897,1.2
7516.131587742619,6757.949489133181,1.2
5618.844346936041,6660.1842599963675,1.2
6899.843997482797,9000.829605118692,1.2
4141.298258037179,5572.83642661996,1.2
170.62841195457645,5129.432084237076,1.2
3822.198819238024,5825.824865450692,1.2
575.0999994496652,401.99654678593436,1.2
8113.394548675736,2951.1978527405704,1.2
1696.4340476485218,7269.306871456381,1.2
3319.0916955442153,4376.647451869721,1.2
6546.015163155351,5714.946916897206,1.2
7955.651105041837,2393.1408345274485,1.2
7218.672671475749,1306.0812513328756,1.2
3426.423172691291,3461.5927987514683,1.2
7641.8671828256865,6936.362923285781,1.2
4180.744875404083,732.7638918222723,1.2
2404.5090060087414,6066.3159204598205,1.2
7877.4729412417555,8431.063673696024,1.2
6888.90194782118,9190.295167598502,1.2
1817.0148984942325,2065.037630238149,1.2
5623.885990308751,5445.840175574505,1.2
2695.8216865500895,272.9629865168681,1.2
2013.3220611492652,6500.690543780506,1.2
768.3562991470594,8307.269296586452,1.2
214.8340247242686,2623.2402177592508,1.2
9984.082293320014,2748.923036409382,1.2
2358.7711793156986,7656.917277463467,1.2
4781.480832623546,3180.2184060029294,1.2
9989.949213724374,1683.3332242934807,1.2
8869.197882595781,20.04314105199745,1.2
5346.310130748298,1457.4261085093087,1.2
3249.65619929633,9303.743328241082,1.2
5874.327799073876,1016.5522309833009,1.2
3562.731260408126,7882.947093017086,1.2
4278.984914664783,1504.3547930044954,1.2
498.7233463940266,6757.487545376502,1.2
8052.394766007328,559.0500589328484,1.2
981.8083903329689,6313.567921418474,1.2
4868.0701238485135,972.6645073482143,1.2
3570.961697511008,7484.07684395811,1.2
4828.217593283126,1360.9050372280374,1.2
191.99103708661957,5749.594714408504,1.2
598.7789703404455,6053.227793667918,1.2
9029.586010422085,9041.571326562253,1.2
7298.547308067355,5705.398977387181,1.2
3596.9112365097635,411.7131275750341,1.2
5847.2936058722635,3361.561963400601,1.2
3627.866921947885,6605.458038735176,1.2
1383.7423944164484,6267.984026155889,1.2
1497.3703746230483,1038.2634473890962,1.2
903.0032202894778,2752.7513482581935,1.2
7399.264095668215,390.42351480209845,1.2
962.1294526887103,4834.631379963846,1.2
2207.7106417429904,2299.7499701327306,1.2
3455.389107786858,6371.647317853543,1.2
2765.4239081014275,8735.000118244572,1.2
5476.150391136144,3288.089144055594,1.2
223.51681328884098,9371.229624051484,1.2
5171.345829346946,4231.26046938343,1.2
5738.010004188454,2595.2205652187477,1.2
9583.207012851974,1680.0318458621443,1.2
807.217445112054,6942.003339720924,1.2
1174.4080022108926,5336.4689931346775,1.2
3985.1637741216973,1934.90622238099,1.2
5096.76835641023,5317.958121215594,1.2
1101.8093002767405,1466.9304909179225,1.2
8954.158466664972,5194.858191607625,1.2
3089.175994482477,7900.218991685949,1.2
8343.868894838532,9070.26973523638,1.2
6094.144990597764,5163.574019382615,1.2
8750.65635577145,9804.829200970013,1.2
4027.7392266305587,7979.380211530815,1.2
5962.144751183811,9828.778011460416,1.2
6764.68526863554,5103.188242969684,1.2
9657.743939258069,1396.1746846680346,1.2
7429.541360034474,1733.6895055490031,1.2
474.4553429751308,6734.565842228253,1.2
7629.336428805388,4393.467443037411,1.2
5446.086704978112,9594.812200229515,1.2
1834.5942771059442,8480.107910558154,1.2
8797.522698342751,3105.6053962490005,1.2
9834.615564299198,1378.2313709542339,1.2
7670.620830687678,9095.242123532369,1.2
6931.8016874822,3508.508062770318,1.2
1648.2255638843424,801.0411468938528,1.2
3631.5025561385537,5581.326741388832,1.2
9360.674541348737,8417.4224814888,1.2
1460.7816179235656,5319.078134696736,1.2
3977.6640194136126,8910.961042866837,1.2
4665.051040720923,2485.92710592898,1.2
9353.412867884996,8416.39117142138,1.2
5637.330053005838,4151.114727617199,1.2
5465.814891941396,340.9976574368345,1.2
3673.9556048267195,7323.3114057598505,1.2
9129.941609632011,5596.858095670976,1.2
1461.5860928800107,9142.195141872919,1.2
423.2281868085164,2151.1360570680818,1.2
5590.254761001422,1554.193583200697,1.2
2933.867006127019,8804.485785388268,1.2
4824.921061608983,5037.0676614695085,1.2
1951.6574482153858,7343.026935387982,1.2
738.2770720062248,5704.058000337581,1.2
6351.209492360072,2381.018664814437,1.2
4951.001228581115,7900.939023234375,1.2
7987.753504885853,8296.456841948246,1.2
1165.1116261922123,1129.9195821671703,1.2
3763.7958782117576,1129.4171015903253,1.2
5946.404665997685,5365.658699279247,1.2
3414.110888143783,7163.219307122152,1.2
9260.795667277293,5888.335685117868,1.2
1573.6726504123399,682.7204414347643,1.2
5539.689789318573,9615.738643093837,1.2
7745.368280699959,1117.7740576844685,1.2
905.8473522352228,6708.151153843381,1.2
1989.204072037687,5637.272244259657,1.2
2102.1297576924703,7861.578727555737,1.2
5535.916674511929,4109.1927516157275,1.2
5784.608462257564,9740.713216028416,1.2
217.765669322596,7375.2346344320895,1.2
7325.574535342326,6309.372894111729,1.2
7940.066040495706,8603.117190719382,1.2
560.7865078215934,373.27503275144005,1.2
2839.746920402442,5800.509017024221,1.2
7755.724410562481,7080.904678869935,1.2
3818.533182538204,9146.861209472736,1.2
8136.6124002283905,9117.061401841705,1.2
3864.6763991728208,359.322012415082,1.2
4653.309732253796,8510.013648316617,1.2
9931.992396888849,3598.8389270947705,1.2
4824.852877961722,4288.159403810803,1.2
3510.545209986595,56.95857772375801,1.2
360.5252379854973,4050.5286362700967,1.2
3064.7853732462427,9898.95301409917,1.2
826.1655644258769,5649.111425161767,1.2
7986.04830537449,9017.376014286563,1.2
4412.83593675495,8862.150474645781,1.2
2544.091056717148,5667.348666742402,1.2
9913.12042100099,9071.156784044735,1.2
9712.370837859324,2486.857006611267,1.2
3316.186179316246,9119.350206623307,1.2
4827.839632361854,1495.3564767933335,1.2
6266.920617051175,9480.993518772837,1.2
7725.541154368234,4235.501265231831,1.2
5300.000550603603,1484.7917260429422,1.2
2992.413881647522,9431.969733231728,1.2
729.9775419181465,6212.487754440003,1.2
7631.226388511944,5556.32427944129,1.2
991.5017889975663,7090.667512945461,1.2
9423.779445587375,707.4789201486409,1.2
6620.111319274952,7358.263295526675,1.2
1901.3439225868278,3467.7308459714127,1.2
8632.173713321372,4150.520422247065,1.2
3004.9660417644964,6083.093542277186,1.2
7270.689564223309,7827.709894378687,1.2
190.37377037885216,1319.4863717264682,1.2
1529.2454870433414,6455.89028180103,1.2
398.76502871395326,2855.2498167591157,1.2
9644.283833931084,8292.396101443073,1.2
9083.206593804998,8560.505106060013,1.2
7765.414488237617,1355.8085756284765,1.2
8572.151185639872,2321.2964922991996,1.2
2440.7686194132016,5492.534878097985,1.2
868.1713146686599,9194.945736005504,1.2
7154.63372657149,2206.0738172054607,1.2
1536.2908420978915,4427.365082880134,1.2
936.2220311401726,6232.928556716605,1.2
9750.03340855768,7961.07633065345,1.2
7386.574447516042,3675.763574623435,1.2
6194.75890202782,1314.0911702596713,1.2
6670.618360982035,5124.0808890475855,1.2
3274.4820026565126,699.4617095561562,1.2
4200.641227627716,702.6666570456952,1.2
5020.965117673501,855.1843565237971,1.2
5836.242244300246,895.3332970506744,1.2
7618.577840823352,9265.966924640816,1.2
3339.682988043731,3012.6131607061825,1.2
6434.567434960855,303.6304188242889,1.2
6860.504837690692,2389.389073085122,1.2
7905.1069108447155,4890.492825482778,1.2
265.9604116559711,8192.222363918003,1.2
6401.358702558916,4618.759159482293,1.2
8714.939836017518,3211.148892849771,1.2
2490.430915157489,8695.57782422741,1.2
7580.758646498177,5780.090271229388,1.2
3130.769356316798,6378.67242926762,1.2
9372.373574883975,7721.310709939916,1.2
428.6544835226391,2104.814116709872,1.2
4408.672034298044,9249.648405103042,1.2
9127.222899351977,9914.993041256332,1.2
4550.039189267788,9632.511863097014,1.2
5079.343407037916,9919.136441012577,1.2
849.0795479470015,3817.173951783274,1.2
4263.497910655377,5131.237740633032,1.2
7457.169596938721,5926.1219081803265,1.2
8670.813956107902,8531.82197066907,1.2
3236.6582690067057,346.25884798714424,1.2
1040.7439731328827,1134.1560457215105,1.2
8021.08046853447,1516.5531225822326,1.2
3948.3194918011777,6658.053888015895,1.2
6277.680882341897,4441.908509848303,1.2
359.88543599700716,3802.350899532496,1.2
2999.0785002153543,7770.012588401149,1.2
476.5321960403324,3447.8205539797145,1.2
3722.1107780612515,6851.168385379094,1.2
2624.1519642819712,1150.9774826188423,1.2
9905.26206412686,5122.276627874782,1.2
3951.4534810306036,8923.13478176337,1.2
3075.392625990663,4789.307293976743,1.2
2211.0113634770446,5743.569342921022,1.2
4940.250249863873,7261.2396187936,1.2
578.7518962294125,5307.062812082668,1.2
2897.0004072785505,737.1064158665874,1.2
2349.503906252776,7623.856920853957,1.2
9634.304149536289,4054.2867711672848,1.2
6156.738730774998,3308.7437844431047,1.2
8625.839693020418,5571.225893315182,1.2
900.8525620004305,9898.306991158846,1.2
1489.8890157990509,816.7410472756775,1.2
6725.749636852829,2728.606031116144,1.2
9789.919248124339,6723.142280701561,1.2
232.23505118294742,4493.190656238881,1.2
9077.156911757687,7812.745500919364,1.2
580.5131621625281,3801.1544140716937,1.2
7556.6543428192845,3451.5911237600494,1.2
646.0287808982567,4222.817962850661,1.2
2557.334238083524,5145.7643430374665,1.2
1696.077644664009,2133.443104153089,1.2
1951.2729674487107,2084.908955111664,1.2
1065.5685109030467,4583.567100565779,1.2
5207.896003888604,4600.8894429983375,1.2
62.46276335343693,6403.752127062255,1.2
7906.050964415999,1804.7041035759514,1.2
1387.1092401312092,9601.405373457244,1.2
1071.4519514849808,4411.590281830172,1.2
4296.01163602524,8355.972021657559,1.2
2189.728773753462,8598.319972345042,1.2
8358.517290630438,2503.5909552676417,1.2
58.74720050239368,705.117224996984,1.2
1483.2289514338959,7532.1997539729155,1.2
6983.438425398526,914.7053667436844,1.2
1476.0990474687974,2929.6855491679353,1.2
8707.845362066597,5050.392328038068,1.2
5139.862168749165,9122.933358046452,1.2
4248.002562289217,4857.1170172960565,1.2
189.6837827374731,7871.543195143164,1.2
4943.25926147181,2395.275407185895,1.2
9466.241288576692,5560.171038447075,1.2
3458.034276780333,3765.4502894397347,1.2
4073.2889294799734,1050.7453099872967,1.2
8289.264308048581,9754.75585420848,1.2
7140.15396668201,9241.718698521563,1.2
4865.717713021802,9483.864205304702,1.2
2327.4440122166598,538.7155618286998,1.2
6719.964890051465,6614.964262922128,1.2
5786.546824525314,8112.175236920487,1.2
4483.85693659916,5437.331631457088,1.2
5765.129545869832,9975.104153976683,1.2
3110.9721172394857,846.3038941584489,1.2
6520.713615084167,9167.966653736361,1.2
909.5060145023292,7644.701822092691,1.2
3672.5157675142104,5785.29315549725,1.2
5721.71186633107,5653.06836721654,1.2
8107.133531462104,1129.173230188456,1.2
4665.8338052948775,1370.3250028968862,1.2
6242.915820414272,8195.753764425588,1.2
5576.676270906764,5020.277665044638,1.2
3322.5550703369768,461.17789035871715,1.2
1372.1504476428504,9137.726771348032,1.2
9041.420280279666,8363.730323890897,1.2
2287.696226683339,3500.531819255107,1.2
2123.9563995083868,5776.678182122075,1.2
1777.8377931852285,8686.831197531794,1.2
6552.608624103822,8707.488357244634,1.2
510.39348775481994,7874.033762030858,1.2
914.7953804540188,7447.405516348798,1.2
7018.556274828837,79.68325962003587,1.2
7250.349716498598,2060.3954295693184,1.2
5156.860620715534,2725.740073570639,1.2
6590.685863210902,2906.0183279428607,1.2
3105.054142136142,1658.820609320687,1.2
787.7940377718029,1030.5849433044812,1.2
7148.361328914571,5895.82821907496,1.2
7234.991692640259,885.2149416340071,1.2
231.90708043028252,9468.95681734879,1.2
1229.4007147336927,986.5047876739242,1.2
4488.37582581218,9721.03173229603,1.2
3188.9246248048353,2529.4803315521663,1.2
4864.262636583516,3391.9652107671063,1.2
76.11268721885666,6736.772673667072,1.2
4191.221796538875,2733.162242067758,1.2
4300.780978596026,261.95757552809454,1.2
7875.8657336601045,5873.9463220616235,1.2
2398.518836976665,8216.165585375922,1.2
2069.4776650990866,2495.9860587300254,1.2
835.1630936716758,4858.646840802257,1.2
131.3154570603836,2146.0510320838057,1.2
6646.3353427796255,8052.6794251970705,1.2
3363.2202894688144,2878.8306281811538,1.2
9427.043654049812,5881.059219550583,1.2
5950.940507642171,2130.480232948523,1.2
3518.313298117569,5547.801674260091,1.2
7837.215837689977,4059.012929437659,1.2
8478.05200057915,1945.772408926133,1.2
1260.9178774593377,440.34455694352715,1.2
8475.517039531147,9510.704199905713,1.2
1753.2593454932055,5613.909851724287,1.2
9787.395404553396,8019.591558144803,1.2
1437.9433113310647,519.5230009246743,1.2
1122.1857325441476,4808.646574069971,1.2
5735.281613314562,4165.146804707561,1.2
9980.149549196052,4633.092623307479,1.2
12.575591068988423,5100.859168795272,1.2
789.2143198425639,35.08743631544964,1.2
26.98103673121399,3857.0525828981927,1.2
710.2711783699556,1855.2794467388978,1.2
3387.9570665512183,3393.2943270884007,1.2
3169.939930100596,5998.250741977597,1.2
5272.723877790148,8604.315856979318,1.2
3016.4696909022437,4889.036402726004,1.2
7098.626517393731,5882.363038711397,1.2
2406.174499667685,2271.264026506713,1.2
1512.8702188305242,9362.821034507793,1.2
9985.991824731711,9882.681292468384,1.2
8767.61464782191,5895.40281167286,1.2
768.8889490117889,7931.626540475401,1.2
2844.911540696632,147.08858037089655,1.2
1162.4815208835803,2739.5334969700834,1.2
8211.811819651804,6913.184731357668,1.2
1040.2838071011745,6621.960378335609,1.2
1291.9469623477742,1333.3914790258395,1.2
648.6304518465935,5510.3464845007775,1.2
7048.639478104102,4616.473636714666,1.2
4813.736081169523,7934.2507699947455,1.2
6680.794870161484,6666.439354915222,1.2
3168.898552118875,7498.525200112449,1.2
5262.279952265122,326.5474409649594,1.2
798.8421612929109,9105.639436571175,1.2
4745.274210954963,6420.8636977817605,1.2
9994.250158686229,1457.5394528320985,1.2
8898.636140256265,5990.780028056699,1.2
5177.2459800078905,9525.359066995297,1.2
6853.995274331172,3406.4873589996682,1.2
7340.439149611526,5731.474712914573,1.2
6514.771289971352,1537.0493157639519,1.2
4527.904171694617,3782.642242299501,1.2
5492.228325803065,9140.421929598153,1.2
8386.831734362222,3374.4590923389474,1.2
8059.022911248569,6446.436666026711,1.2
3684.284614528485,8524.351747421348,1.2
8246.122557020577,1915.2236283657453,1.2
5859.874235951963,1971.5446390809843,1.2
227.71316890988325,4645.533158574717,1.2
673.0433569380889,2539.8167776302184,1.2
2483.9923845655767,2573.0071783417397,1.2
9284.049009115946,1721.7920000454158,1.2
9217.020810906215,1212.6622209399595,1.2
7894.277170436999,9251.506037374551,1.2
7586.03001191731,814.2330577221535,1.2
4459.510923115894,4518.80845040698,1.2
3031.8892289054797,6428.26907793885,1.2
334.1544123265339,8114.792194817897,1.2
6124.342474762478,1232.1892715549277,1.2
6179.124312148739,3460.7647866500347,1.2
7731.6355342247425,4496.8952638628025,1.2
2093.938740460163,165.83433929990954,1.2
1581.2481975102633,487.8220273852452,1.2
7256.189070526842,9179.976840030076,1.2
6239.914204224421,4668.662772254151,1.2
840.2281180524917,1371.0858058912568,1.2
5217.54223084793,4038.457062686642,1.2
8766.625396814625,3486.229887616729,1.2
72.59348043409442,8644.593379519254,1.2
3441.8071448194796,47.40380440657055,1.2
5611.595491388572,2586.2763551359603,1.2
7630.651907056283,78.19346917910086,1.2
3124.9233015915624,2019.4673301104526,1.2
7678.755460694427,5859.450543619855,1.2
2574.027540196642,3222.0403882505775,1.2
1101.9231627314207,2157.5119694872246,1.2
8216.79864038469,6227.30845754221,1.2
6064.803891762859,2433.6824666639677,1.2
5794.18097902411,6123.955025974349,1.2
331.9178729333094,8842.506177923528,1.2
9156.830574551172,8332.91543572351,1.2
7584.13009869892,6421.7863176280125,1.2
6090.419938514798,3277.215953493937,1.2
3036.638962067595,5882.303017654822,1.2
6638.464370309785,2653.564432532175,1.2
4261.807262929441,6982.000080033979,1.2
8368.657386304316,4702.284278509345,1.2
2677.711113364959,304.44145984481975,1.2
4205.893262987103,7718.201525329472,1.2
5513.249865682816,6980.603474604238,1.2
1265.8080305106546,9560.84846042161,1.2
5912.737428905729,5646.631941916638,1.2
6021.011240974681,3452.1414084129774,1.2
1469.9309594977028,928.9063894973915,1.2
7829.9498776469,5247.16776323049,1.2
289.47758166749213,1232.8934292336824,1.2
8247.797783979235,9184.990110655132,1.2
4761.330871576112,2634.1171637415396,1.2
7171.3115727534605,1711.3231195700519,1.2
6664.810443525874,7927.374118067037,1.2
3959.006920596877,2932.248034986339,1.2
7272.013118748299,8627.179291896611,1.2
1558.2828009202187,2720.832851437093,1.2
4708.660988943898,6245.971885237906,1.2
620.88137346609,3226.9314523965086,1.2
2106.459397570711,6338.563079273515,1.2
6960.951355927546,3604.3986928102468,1.2
938.6003761061068,8751.699034718267,1.2
8884.498360266723,9352.717029030819,1.2
9429.594504403056,7540.054160055368,1.2
7347.199101697792,8563.555512860492,1.2
8444.636231962164,5862.774123987294,1.2
5324.696115317048,6340.119032553488,1.2
5309.262980110999,3075.9303155851503,1.2
5764.40257147448,3267.8802649221216,1.2
7940.2071327766,884.6570257710207,1.2
571.4401155769011,9682.198454029573,1.2
4481.874226241938,9674.84987615598,1.2
7685.182040943864,9929.35445078572,1.2
8557.230403039126,5867.768731481059,1.2
9478.425739312715,1445.605284321465,1.2
6972.057259218409,8119.736986248137,1.2
4609.767576812519,1738.313078059478,1.2
5961.264920523697,304.3530802708427,1.2
7296.825422830264,2540.4627254736247,1.2
4364.042963240776,7926.579679302521,1.2
1639.5338819827643,1817.0656598641488,1.2
751.7367995947866,3642.8402145040386,1.2
7180.210986410576,5649.1041860128835,1.2
3867.297143902425,5629.30276479451,1.2
9349.263880944014,596.5557225308427,1.2
112.50256218795052,9684.853305359127,1.2
5772.339539772862,4241.210402929954,1.2
8959.45912176832,7730.48795214879,1.2
2216.358080891323,1530.3960479109635,1.2
3313.3334558118,6305.834240759611,1.2
4975.855323186168,2669.119685296605,1.2
3464.9387151097253,7690.4649732636235,1.2
5864.157757400013,8707.15908996439,1.2
4386.985323845735,4687.170744131811,1.2
519.4349391504916,771.671148155545,1.2
4545.31247421226,7124.792392447917,1.2
1068.8830852251917,5462.5945954868375,1.2
7260.173875153971,4093.02820766162,1.2
6908.567732443511,1907.5803954902503,1.2
550.967928019127,2205.080788491706,1.2
8446.260349774046,3702.9671855565316,1.2
5305.989666181301,4466.293019041633,1.2
2305.582819074259,8107.1436575723255,1.2
3343.107374953864,3109.4638142674034,1.2
5419.019677355075,4259.081631335194,1.2
7500.132901407928,9442.446943121822,1.2
864.7243334414001,3685.466215228097,1.2
9223.219147847485,8195.3921190944,1.2
1360.7916456441992,9044.07987005885,1.2
7479.696821726904,7419.087574577264,1.2
402.7685278766635,3042.312220940987,1.2
5410.135916214856,9801.641451018917,1.2
716.533560489353,1107.162807717008,1.2
9195.237030155218,407.4001701828778,1.2
6987.9053589985715,2895.979596456707,1.2
2161.810416529518,4702.5611183839665,1.2
4292.4232924755015,914.4925068078313,1.2
1995.8282688199924,6032.702467555071,1.2
8715.752028904823,6031.5466494590255,1.2
8080.9330062912195,2888.888420993008,1.2
4297.182439484718,6912.362095516984,1.2
8034.904845589069,1175.6535687334224,1.2
3299.0987970527076,5284.670174029242,1.2
9754.757425920838,639.9531895249665,1.2
131.92435378797109,2189.366801757614,1.2
9669.471903239019,6136.014984561099,1.2
151.49103721774583,4718.7721770579765,1.2
5473.509293937391,6448.844731833025,1.2
331.6398895704342,8317.904808820436,1.2
5969.865854772196,8017.090894399727,1.2
2606.0246981145187,2235.415958147401,1.2
2305.125889980959,5933.029128162301,1.2
5365.520084706303,2984.89811395612,1.2
2379.7418608324197,8744.739363874562,1.2
734.1692353603702,1525.9350440772046,1.2
2031.7007615712523,8625.71692754117,1.2
2290.913041009086,2538.3655872486434,1.2
6348.902393086225,2113.1570854219904,1.2
1152.1749078784471,3931.4117322158136,1.2
127.13147016921833,6116.385839928935,1.2
82.10161959550265,2820.2872528933544,1.2
1156.0935742992506,4694.842894940036,1.2
8561.958565717187,8171.811449031594,1.2
6198.116410157998,4469.385827155592,1.2
1047.8222531458025,3084.17846022088,1.2
7945.313820674881,7789.6827830764,1.2
6112.416342017715,7749.903459968798,1.2
8212.68486811577,3440.101112637822,1.2
1996.6576384776047,8629.124182191901,1.2
3798.6161710993947,8296.219397791438,1.2
7410.017265904484,7317.6571714204865,1.2
3803.8131452939506,2339.950161766078,1.2
9375.549680507744,7544.231464955773,1.2
1244.024292474617,9280.009983398739,1.2
1846.5046316711187,4022.6493441379375,1.2
7435.860231654881,8057.746771745511,1.2
2116.1870158538786,4356.352807718862,1.2
1868.9090530212427,8377.167941798949,1.2
9710.307074476448,5094.026542624079,1.2
8287.753084520218,8366.208954991758,1.2
4931.248215351544,5973.317295551728,1.2
5754.781966991035,7758.4240532306385,1.2
2362.1819349968355,2835.892287161259,1.2
6249.003433272228,6911.2583732918765,1.2
1881.0225512322866,2612.6934267068536,1.2
3324.999544634735,9852.25412489926,1.2
7395.790659869243,5869.285296111825,1.2
517.18997143405,7209.569051304225,1.2
2767.311572626634,4600.799761726092,1.2
2476.871180488587,3097.6079721778037,1.2
6108.1873490023745,1478.1677005010297,1.2
4506.3874411774905,8853.187196313838,1.2
1919.3831734388623,4537.019343841557,1.2
6810.595846665857,6226.477737432297,1.2
2730.6803896213914,4424.225069041929,1.2
1094.471738625149,2028.5172806305306,1.2
2292.2621490346073,3985.971015175884,1.2
8217.878356821839,5875.335101580379,1.2
3749.1112409964376,6364.33699804526,1.2
647.286287935146,1103.81045433119,1.2
9545.2983112943,3713.3874699196567,1.2
62.26646925950319,9729.117985208373,1.2
8624.056621017726,4784.211429269703,1.2
1360.6980516661304,3405.4637614598537,1.2
8289.189217163792,4996.646955980186,1.2
9664.30513946966,3885.955044214423,1.2
171.71664553793042,4572.826611319087,1.2
9263.696343864516,3463.077739943625,1.2
784.7605990226081,8280.63792460775,1.2
6164.265908871136,2871.236402852805,1.2
6082.617855797991,5054.450437201948,1.2
1770.694915116513,2360.7737700763955,1.2
2879.4036107808174,4950.638187822444,1.2
4539.184368301547,9732.529781577889,1.2
4575.667885866641,9206.32458221071,1.2
8001.645925166673,9959.561014845805,1.2
5295.767303117274,796.6002578854115,1.2
6627.232944664136,5792.683067766743,1.2
6198.918735053238,2435.4127815461766,1.2
855.1625202409596,6012.857183499913,1.2
4477.456263454851,8548.527304834495,1.2
142.5643475695182,9032.415960459304,1.2
6124.052165047878,7719.775981063479,1.2
4649.56628117112,6678.5720319589345,1.2
6823.314188733543,5017.987935397234,1.2
7251.616736572751,9287.387380747638,1.2
9182.739802792252,3173.4348984983917,1.2
568.6048927220467,9221.86866994001,1.2
6439.67256268238,6208.406347140686,1.2
8701.69964273089,2072.4647815775334,1.2
5014.730694379267,2717.4643484191565,1.2
5191.0863404264555,5380.052977634557,1.2
306.3576779338317,7180.765736630621,1.2
4002.6556453013227,304.6616378483424,1.2
9807.186002342965,4429.977637891448,1.2
3261.5434484326734,7832.193500164404,1.2
3203.650725565058,9024.51912325563,1.2
2060.304384359436,9500.589570100454,1.2
6085.16112033384,5559.727322221982,1.2
3791.0069944607126,3091.2622145383175,1.2
5366.250322987418,2608.412877630909,1.2
1425.0928886320046,8161.239171218088,1.2
1947.0272914190946,7464.794205931512,1.2
5123.184049892616,5583.311502890767,1.2
8957.866512054523,1119.6424273081172,1.2
4178.910964111149,8529.229437104716,1.2
1678.969231935914,775.1554143618455,1.2
4988.298121670839,4852.029695137511,1.2
5034.522187253921,8599.086857842987,1.2
6175.563321648271,2244.7981482971204,1.2
8680.939659288435,30.58289417321558,1.2
586.8480870466631,5598.348266504859,1.2
4161.052741702353,4098.682554326997,1.2
7506.716344910112,2718.971243000958,1.2
9613.630586685533,1335.3732551482967,1.2
1245.1633138926888,2661.936273783393,1.2
4622.720764912794,1260.2360902605049,1.2
8798.127451121385,2508.8864257576647,1.2
1230.6000280467376,3953.4838789978976,1.2
3947.408209463172,4286.893989137884,1.2
1872.9785903068619,8502.259987729836,1.2
463.0794466317412,5737.131102423448,1.2
5916.412196379915,6682.085251031817,1.2
9243.914992404794,2923.5635287659456,1.2
2639.0936178266234,3563.774155658933,1.2
9780.13551361726,3736.5904625080716,1.2
1986.6676527114457,5599.983797794541,1.2
9133.12658393067,8621.401839300663,1.2
3559.9821414017883,9940.987071394633,1.2
6074.5770329187035,8338.036451613409,1.2
6093.151395086786,4079.872911744493,1.2
806.1295150612258,3650.043613188215,1.2
9939.064707944004,4338.9862230766375,1.2
7798.180204773171,2847.6613466104104,1.2
1507.1901855646463,9688.92646653814,1.2
5017.737049623878,5663.038724136652,1.2
6344.098289007997,277.960268311771,1.2
1204.7486341265455,6273.5739066271835,1.2
1978.7352954981375,4398.104968724874,1.2
5548.135685120137,9974.758618150849,1.2
100.03819217585641,5240.303812279769,1.2
4050.349477224463,3614.4880179580996,1.2
8861.109547548762,1317.3363561902806,1.2
2345.0182753147296,3208.7684898266557,1.2
1023.5982390364229,6443.202465954057,1.2
3918.6401353301526,8683.829879418448,1.2
7986.151996871454,4550.022650042387,1.2
7718.901847659588,7148.64270578056,1.2
7509.612497739161,2111.9218257417806,1.2
790.3553891854053,1061.7328047125773,1.2
8819.74955584865,1746.1942760481263,1.2
780.3447589269097,6587.994505329556,1.2
2525.499079738556,9255.359381854258,1.2
386.62301559010626,4728.484930182638,1.2
8009.494632395136,2651.0895172903006,1.2
342.42898457974013,8853.344368054102,1.2
8937.52256639974,5839.810514092202,1.2
9771.453468319549,6516.760794253796,1.2
8965.113152970855,667.8505341159436,1.2
6604.90532854297,8123.91837012024,1.2
2890.2403646127273,9825.957807650044,1.2
6476.327098463105,4746.503548572707,1.2
7949.58223284601,3783.874062063365,1.2
5600.028647546752,4691.122940607059,1.2
5168.5333600397435,5019.13170677935,1.2
8036.16738259889,9304.038548827617,1.2
6063.478080008318,7860.729266807266,1.2
3253.952870569871,4251.824603506121,1.2
8124.315943328783,7598.191471223866,1.2
187.43932858094837,4471.057019005628,1.2
4197.1660334100625,6645.51332916835,1.2
2122.8731647986397,3870.364235055755,1.2
4649.428994366419,9055.993879659924,1.2
7940.323882275558,6224.105421627783,1.2
1342.6185143796365,2247.9569235086306,1.2
4854.495148987628,9145.002874797965,1.2
6892.4765664555,194.9189393200257,1.2
1771.5185028257886,4564.772611091004,1.2
7271.678537485786,5863.0396726741965,1.2
5421.8548932697595,2016.1483076325414,1.2
85.37821769270425,4177.182608043929,1.2
3091.099551908273,8610.8424418056,1.2
6322.607611642587,6463.064255360347,1.2
5407.226028065542,1033.2625793311001,1.2
9020.552166260684,6035.168085539476,1.2
7778.58603086627,275.8474328122418,1.2
545.4401180826152,2644.793788501698,1.2
3695.8369387904168,2041.1376527434966,1.2
2084.3643997715712,109.4865412481949,1.2
3877.44223200135,8624.55386216359,1.2
1913.688756761006,7824.137916238559,1.2
8403.009155173691,3072.145028197323,1.2
7218.3523159002125,8933.511538439147,1.2
172.21413893209413,9552.162759706689,1.2
646.7450782959061,6035.536881911513,1.2
3021.217488382959,4579.700646185082,1.2
4293.050825745679,6708.182503103299,1.2
5664.946321028213,8577.923166215422,1.2
1063.7415619275037,1251.6331779493773,1.2
8449.04049765342,2521.400847709694,1.2
565.019040486896,9780.880047261977,1.2
7102.781105048427,3502.0166790736384,1.2
1459.0275301209244,9558.522879069566,1.2
6799.571913565596,5273.909528774362,1.2
4610.802772076447,4574.415051186918,1.2
3265.80682151834,5730.012762667797,1.2
7797.607421406564,8787.41419388549,1.2
216.44023022862834,3004.8407113097196,1.2
7301.4806812039815,4342.931557554803,1.2
491.77284720466344,210.59428081452003,1.2
2338.5855899602093,1513.9848895192765,1.2
8253.582594767759,2246.037359477271,1.2
1469.527504643522,8649.430395300944,1.2
4004.8947812478896,3482.5309955921402,1.2
5712.539926505878,5401.591781492167,1.2
3101.586061169038,607.3375904835632,1.2
294.36472026056924,3539.329869804714,1.2
1580.8813160708103,1477.0091922689976,1.2
3736.2428773091983,8259.241367367553,1.2
9746.807380416452,5766.557436146376,1.2
5753.580361213329,8777.468759172123,1.2
4417.217797783776,7964.2927575409,1.2
5687.547118519417,9155.95882929578,1.2
4033.0705949808353,6666.439317387356,1.2
7660.831272101959,8249.175749781212,1.2
2533.597505061942,9451.39463631014,1.2
9479.25444450976,2069.051503846251,1.2
8186.405716192726,4458.426237816795,1.2
982.4325636003628,9784.385114537608,1.2
5086.359979928605,2809.6291508257423,1.2
4170.014724435387,1107.555607380164,1.2
1493.5365159914093,4868.149994034322,1.2
4566.667123012577,7721.478290231381,1.2
2511.905669974018,9740.297425352885,1.2
1659.2196617065424,1472.6294798997562,1.2
1498.3949069490777,4276.022161616894,1.2
6580.663240855551,7742.159278323131,1.2
7509.00602559471,9308.014063859091,1.2
3490.6754245264638,7613.978777389363,1.2
3520.4459803764275,9343.038023251233,1.2
3017.506869055112,3493.5488594134954,1.2
6357.434427379541,1633.8979068425342,1.2
2771.363545252682,7260.363645634794,1.2
6543.169066976915,9589.425484826801,1.2
3852.1035248987623,5877.470204770388,1.2
1939.9050192879874,4203.702788184836,1.2
2589.2821712162404,2458.934095226376,1.2
6615.027683401473,8733.529531605645,1.2
5170.81157793801,4639.226646432567,1.2
2710.913210867728,8249.111144856954,1.2
3900.2399389865473,8798.757914802836,1.2
9261.425311503426,5057.494867044878,1.2
6191.069834240057,5120.897433788267,1.2
5484.578250943957,752.9062520259466,1.2
4660.775638158508,3415.229308865921,1.2
8958.474696662528,7031.07158561858,1.2
4507.0501302769335,6451.052489124211,1.2
7357.065541670976,4074.650767119804,1.2
9132.491949704581,412.4536727168371,1.2
7564.682291657567,5944.306741981487,1.2
4357.905824287564,6031.367162533105,1.2
756.2538626742088,8078.269275939877,1.2
1388.6461211473645,2732.655723444798,1.2
420.9979313667311,826.9175037639353,1.2
9180.658156516609,5722.6641712087785,1.2
3765.8804482061305,8435.25326507686,1.2
7702.104227927781,6151.953393625739,1.2
5187.776726953924,8261.792685231081,1.2
5536.132224321013,3909.149765656932,1.2
3655.194724898869,5494.742145573164,1.2
61.36727577988776,7017.60886377931,1.2
1660.2110069962173,1296.5967560597435,1.2
8416.585799440993,2966.1750132251573,1.2
9031.3939851781,5419.663183245854,1.2
7842.358498671075,3861.286467259224,1.2
3869.431463529979,4942.850637573592,1.2
9068.033015487,4656.069882347499,1.2
4540.463715119936,235.4044976999048,1.2
9127.668870552003,6025.625666750051,1.2
1470.4185716429174,6553.786766461943,1.2
6839.2410498564595,8927.094062602231,1.2
87.79905276404153,3406.319371939136,1.2
3930.425611545576,6282.196679170191,1.2
1307.6405826216908,8442.440294997088,1.2
1138.145300794583,2862.9780801806505,1.2
9441.92114363255,4849.653302034664,1.2
7575.356090992451,5836.394268138006,1.2
8461.501979928258,4970.077916307424,1.2
941.9968014397783,7728.544804667543,1.2
959.2360244243803,1007.4792934247922,1.2
1194.7060446037694,7340.084707040441,1.2
1065.649124344975,9311.628624261144,1.2
5464.9579646524235,2977.9274522545484,1.2
8512.612333715504,4693.6438144367285,1.2
1998.9308713994258,9671.330573588133,1.2
8911.67704296227,4083.6421626493734,1.2
5908.977885682762,6223.675590650597,1.2
2179.941550613458,5195.432407812366,1.2
1661.102085438325,6454.437327678019,1.2
2203.3772302723387,7157.312079146096,1.2
7245.791546836264,5451.920351267512,1.2
4679.51486830801,3952.7199248174716,1.2
7954.105285766979,8076.19328484941,1.2
638.8728450505831,8472.063172790797,1.2
4269.216210478157,1037.7166734869224,1.2
9400.777802038298,6105.9047582777,1.2
7712.209207178211,2881.541167184042,1.2
4670.071499583355,3116.1480985381772,1.2
6536.05279339115,5405.233637097818,1.2
7454.3544194488595,1898.7918663326109,1.2
1397.3203911025255,9722.046325952166,1.2
6734.390083198891,3002.370498027729,1.2
7533.855050040398,8471.714554793716,1.2
1285.2101508799974,8224.568122460812,1.2
8586.380555696935,3200.8125236876217,1.2
5221.487572694894,2745.686683795088,1.2
8816.730663135453,7522.166476926685,1.2
5341.75425135419,118.4084837662902,1.2
7074.559318425325,8438.737957966629,1.2
884.4501260314064,9598.302007776176,1.2
2029.0129408404655,4701.596706646185,1.2
8152.490862856989,9217.197034669613,1.2
2468.595488539912,2112.4112053851964,1.2
8986.297740856759,5264.939319564948,1.2
4882.465801139348,3496.011777906217,1.2
7394.714840110393,200.4323598094915,1.2
5196.667793473495,6275.7332142647,1.2
6249.855582033829,8176.22214768526,1.2
5717.99366710215,1687.9912202052437,1.2
6763.4839357083365,489.0320002239934,1.2
8865.072432667714,1723.1758514115725,1.2
6132.386030146059,421.7504943593209,1.2
3312.9836621608756,6115.165763990138,1.2
3593.6145690250796,7103.112922031024,1.2
6703.942222705446,6927.808591229029,1.2
611.117158482265,7329.399684329937,1.2
9460.668485214437,8026.579494749066,1.2
4290.0977103416835,1762.1957153725787,1.2
3954.0614455262557,9394.420579862644,1.2
2219.478475510408,8522.16150215235,1.2
5098.852544288157,9988.27554812476,1.2
231.19954702545576,982.9516026693485,1.2
8578.637656389437,5306.025058892639,1.2
8563.846937229971,910.6818868788247,1.2
1361.0040871922624,7420.12246904839,1.2
1508.1783909614944,6250.569414314664,1.2
8875.932829079107,9596.353078155107,1.2
4091.916131318607,2296.3345519146783,1.2
3306.734078899092,4942.888405328049,1.2
586.9353765093443,5663.242772410791,1.2
605.7680813242017,6610.998026392954,1.2
283.8052816755254,82.58222012850536,1.2
6730.177687564936,3932.45915041729,1.2
3770.1939025340703,3502.536368324191,1.2
4830.365808308138,8354.444206881117,1.2
991.3755029185467,2415.553826623661,1.2
1937.0872253851755,9608.435510360014,1.2
1461.1317594975103,7843.109422891096,1.2
4860.860156051633,9919.946751993726,1.2
4898.613196260911,4763.215608390759,1.2
3881.7242871467183,8820.225556301088,1.2
1390.4905852471838,3995.838926306444,1.2
1296.0538073298744,4844.129078226094,1.2
2368.2561492998598,4866.545851363731,1.2
2201.665579959021,8526.022452897087,1.2
8636.299222486337,8667.166002532656,1.2
5447.154468987028,3637.284922179704,1.2
9680.35629359958,4785.79722386137,1.2
4570.110566838541,7373.280655848293,1.2
7188.174940046246,8837.411133078313,1.2
5513.433816684862,9209.35287117596,1.2
238.8084537047319,2199.4694085875976,1.2
4838.72475351341,6714.6449730417335,1.2
9840.21317440713,1751.5869381155835,1.2
1518.5347362299572,1118.9693479967489,1.2
7158.882738062299,765.6887378924704,1.2
1207.7315792646682,6559.459185146769,1.2
0.9084947028537016,8858.941971689155,1.2
1980.6945402744636,1486.3279661282481,1.2
4711.826803267152,8117.445908315171,1.2
2597.7779207439557,899.1505539969436,1.2
6333.876885509613,5924.948320593373,1.2
7316.107847211313,5779.876261355509,1.2
8862.989747852416,9857.834553266388,1.2
7394.5949341695205,9999.96742543026,1.2
9238.260601786336,1689.0117625835576,1.2
9713.023992847688,8803.1878561486,1.2
7474.051139127649,9173.979632618055,1.2
9107.82037280707,257.3944514651949,1.2
7511.690040302308,9806.502038389051,1.2
20.06000363400373,757.3322769934265,1.2
1322.548351399674,9112.316561251544,1.2
8713.079168836663,8535.651240702307,1.2
301.64384818848754,4935.997433471074,1.2
6572.57261809139,4572.218698856232,1.2
4648.875570137282,3355.934342887429,1.2
4248.027798514345,1106.3113255567791,1.2
6064.834829585152,6198.7531197845365,1.2
6941.9202740268,615.4192080808118,1.2
358.1933730132203,5709.901060162288,1.2
1845.1996080885147,8553.98020280693,1.2
3842.621201994164,9705.472630851307,1.2
4483.529609504383,7599.561440358111,1.2
4767.921872284883,6677.925015444403,1.2
5243.804182778048,5742.289916689928,1.2
8383.842944442162,984.022067210919,1.2
579.7348308802252,3574.7401282946958,1.2
9524.65980076992,2441.162495979098,1.2
6153.8811516592405,2961.5071270053095,1.2
6891.603460088481,7722.358709345255,1.2
8178.559302296102,2572.9320080453967,1.2
5340.742455148273,7496.695290980262,1.2
9322.769932865218,7733.75187050531,1.2
1833.5951819398922,7409.3708223387475,1.2
8738.353654793125,9236.662138749105,1.2
6316.111858716646,3385.111662193756,1.2
2638.629406107065,4477.387516212857,1.2
1049.0815191416737,4882.067201964383,1.2
5703.029328769472,2354.042888346469,1.2
4968.239756765867,6247.2206606956215,1.2
7953.233777684704,1368.8250610947373,1.2
4830.430602840113,5059.040379576575,1.2
3232.230593391974,6021.244435019921,1.2
3891.99032238319,5708.033320151794,1.2
9859.86970574263,915.436323525356,1.2
2208.071996423101,4905.7209837406135,1.2
9396.13150292403,3878.572527735161,1.2
9364.120054049585,7823.165190808181,1.2
2640.8719386904645,8145.31350752528,1.2
1821.0306220764826,4055.7644298343976,1.2
1360.7765434610974,633.7599598234711,1.2
8874.277141613828,1483.1421309118875,1.2
3691.3193928272435,6636.790542071323,1.2
4727.216576645563,1141.7785355733756,1.2
2090.7985466256187,8618.614947528591,1.2
8813.685535993565,33.97974162921869,1.2
6532.097661530314,1765.5761179948981,1.2
8926.344296859317,193.7427749571008,1.2
8489.948436890538,340.1422909260532,1.2
138.12144358860357,9934.244748951958,1.2
1925.1287761547064,3388.152682536527,1.2
8272.354075323872,3864.7524446563184,1.2
7374.892263692471,5585.86791994963,1.2
9742.185607589567,5631.053756274848,1.2
474.81890266231505,1538.2052049393158,1.2
1443.178056279958,8388.839706851326,1.2
4118.6751449056965,5160.367172347522,1.2
2063.7474885990546,2778.741475848544,1.2
3501.5018022419454,3176.056316791601,1.2
8120.385560982281,2318.3925713966946,1.2
8925.792454300168,9977.299996122849,1.2
2703.8542139469146,8498.679530105499,1.2
1265.1310318541232,981.4636303500157,1.2
9149.19847010852,6383.072527487582,1.2
6167.1242734453135,4989.240543434837,1.2
8052.8626633486,7266.993511027199,1.2
2151.4499785739818,3477.566083794732,1.2
1935.3831603182093,530.6808351520798,1.2
7906.297010174232,7422.677117491895,1.2
8993.78465162657,6649.805228547012,1.2
8541.224188416656,2957.790130288461,1.2
5750.01029490228,7605.214740765114,1.2
3437.449829666279,9263.814305326205,1.2
4508.873977409535,2765.252624489508,1.2
4881.304125584926,4813.264282128199,1.2
3414.4957859224833,6707.116813526926,1.2
1805.119415110278,1947.450190306429,1.2
9029.168894808688,4556.4535253175345,1.2
791.5886787318127,9795.057624806892,1.2
3158.798034161342,8907.438277107018,1.2
5826.943023886706,3127.5918140998892,1.2
2182.3313317105876,5681.584609904442,1.2
224.6430284094736,4648.0737411014,1.2
3043.926429826348,9729.165864788836,1.2
5887.39462445964,1061.828836444736,1.2
1096.8276022164714,6569.103148612359,1.2
8251.509880107385,2267.338923203821,1.2
5689.612785826284,7137.035024527904,1.2
5974.667992808441,7470.762240948759,1.2
5423.7036016559305,3698.2108541200064,1.2
4731.645341946811,2604.6021580521815,1.2
2208.7840134465696,854.0769744989695,1.2
6560.581204855841,2332.360078969535,1.2
6522.392817083887,5475.146994476102,1.2
1844.8702284571139,8653.81468082655,1.2
2599.40091920556,6509.414672347575,1.2
9971.494728676174,9475.360952898782,1.2
9301.693698347075,6116.930561960361,1.2
3407.837586636071,7716.091880560245,1.2
4389.8564446726705,9366.801984584157,1.2
2616.083034852228,5062.226100435595,1.2
7553.966902658595,7834.240868384552,1.2
5775.014014090147,404.2383896536006,1.2
6729.518939197924,6252.0070959749355,1.2
1048.4331266790136,1822.5644898297155,1.2
7151.722126607471,6812.342254555277,1.2
4272.493386536696,9326.312806983295,1.2
6313.630021163425,1297.7886827868933,1.2
5796.758953299011,4833.53313119121,1.2
6148.232071731538,6840.378299182199,1.2
8746.693254060456,8022.3820104164,1.2
1616.735495782803,4817.472171987763,1.2
9926.39187816347,9233.569936697784,1.2
4834.176638546399,631.9375845103325,1.2
3087.101932996944,6725.307983114081,1.2
6626.90939901996,8626.927733060667,1.2
4039.148933091913,7011.948266617707,1.2
7118.262555596597,1604.4472296155354,1.2
2096.533809902931,5294.595777804184,1.2
9330.27610854936,5992.170330901123,1.2
3662.672818892266,3942.671864003945,1.2
9225.196566679386,942.9184973357219,1.2
8418.488101061761,8183.634167585971,1.2
3705.081597182647,7222.1340646584995,1.2
3587.6204750733896,9044.690891515103,1.2
5640.8850118031,2752.2624722172327,1.2
9074.317102103627,5014.286623131271,1.2
1284.403466065246,2259.7428669858964,1.2
3562.6983400257463,682.1799509542237,1.2
158.42338944185298,6009.210962833998,1.2
1291.4960426946454,3193.655955677561,1.2
2754.151974550675,2977.1894314151905,1.2
7589.335057033601,2293.8884306211526,1.2
9143.216304491001,2571.2771695761116,1.2
3968.8520429691866,9955.60878469814,1.2
4903.2325115959275,4771.787113866664,1.2
493.43737618639193,2728.485920404106,1.2
1057.6581333161494,3244.5192901285714,1.2
5283.638151723389,6469.5351976681095,1.2
4371.82854309803,2918.508407608842,1.2
2441.4356607969758,323.77460282809744,1.2
1405.787324429364,9344.837805735551,1.2
7903.219514010883,8188.960489402641,1.2
8126.337468236538,5237.01097734484,1.2
8064.95469468264,5776.981850350244,1.2
9791.836802392896,4138.741625210888,1.2
6707.318485432641,7014.098060319263,1.2
949.4721750463053,949.1176340609043,1.2
2748.381348335941,9406.794932746698,1.2
2374.873076366397,5839.321655127817,1.2
8002.070473202726,1886.8094141984159,1.2
7967.843603259138,5647.119708188394,1.2
8017.70571486482,4451.172282259238,1.2
5606.2568029885915,8942.627427184734,1.2
2091.1754370369586,7236.207619811681,1.2
2303.4076993355334,9824.63882346438,1.2
5832.374945052524,5742.969823683974,1.2
9474.31161076319,8796.489796498385,1.2
5237.403584274614,6940.407966276689,1.2
254.46740951145296,1052.145619536764,1.2
7236.4928695066055,8001.018005833797,1.2
5005.0926132756595,6596.333038264968,1.2
8753.977583491434,6392.878952380583,1.2
1586.792848903613,3880.9112849656744,1.2
2902.545267031319,6.675221542360443,1.2
2487.282028736437,7857.340129261761,1.2
4075.4627500531346,8144.248483050465,1.2
2331.6490085713426,7758.957693870078,1.2
1420.543151961322,3443.43751122806,1.2
9394.283181176355,4219.805639254995,1.2
7304.743329811955,7295.089164907843,1.2
714.5828959459166,2824.1937496927126,1.2
166.73104715119734,6775.04893657154,1.2
4168.337536397356,1684.2948294208093,1.2
6924.306293260598,4727.432556348557,1.2
2129.908903772858,2502.2590827815616,1.2
9863.400192236197,6730.6591950632055,1.2
4849.750185873043,2351.7258237611572,1.2
439.4235253817702,4560.290041884548,1.2
5088.123884509537,1746.1920705645607,1.2
2544.8733318666273,5953.34028521605,1.2
1075.523146237405,8976.297502228883,1.2
6921.448950808857,7775.156085101009,1.2
3402.6848221583828,2486.728603192422,1.2
3699.379025335342,5103.629984340866,1.2
4420.007312588432,4949.323241918373,1.2
7364.134617951675,9384.750728267523,1.2
1160.7523142262887,1831.0950869769504,1.2
247.5281208700253,3865.0915810489605,1.2
9374.238970762506,9971.530363803564,1.2
7870.903739118404,6918.624808184748,1.2
8897.77567670473,3082.3574542423203,1.2
2769.167908413478,5336.240525026986,1.2
4960.640502878264,880.1852148870837,1.2
4299.598846575352,8076.844484062781,1.2
8503.229185594117,1296.087328381965,1.2
8539.44390854612,2008.11602028403,1.2
4616.105192195042,5278.795920760485,1.2
2048.6029500277623,1970.6450994111103,1.2
7110.990135979615,7520.449437766794,1.2
8302.434668793905,4904.866660632678,1.2
8473.306017733736,8389.245219750268,1.2
9684.604241409124,5729.150432691049,1.2
2132.256389558371,9192.038352418507,1.2
7906.538525531618,8397.155337832519,1.2
5789.277684146188,2403.9686602827137,1.2
7809.501347172608,9400.96837315749,1.2
9898.085212225114,3192.2713988255246,1.2
2839.519837331278,8689.393822338765,1.2
6290.536924222557,3989.1164302096295,1.2
2411.8734789706896,8010.157864402978,1.2
403.202370490372,762.55622612869,1.2
9615.145452671288,5665.435328982823,1.2
1070.3902479846051,3771.909703585877,1.2
9633.798237843113,6346.473613943773,1.2
8552.921157958783,9523.830284951393,1.2
8818.742087576751,8521.94642568361,1.2
7307.2651424906735,4277.6699945801665,1.2
5660.066770012146,8426.96664666967,1.2
7966.287880253978,5746.177242916165,1.2
3396.1624354303876,1833.522569663487,1.2
4950.539990012789,5843.673220910125,1.2
2980.8053855571493,6584.133208539709,1.2
6212.521767040767,5343.4178273681855,1.2
4109.034392771397,2207.6700178455344,1.2
5268.242382084571,6011.894965519196,1.2
4268.164585013797,6729.3310079979265,1.2
8339.83457383993,806.504509858329,1.2
9324.065821500617,1868.6487572323751,1.2
7116.616405978533,317.85023025013845,1.2
9311.067069962119,2774.30043836156,1.2
9776.79711665077,2183.480832580005,1.2
1481.2505193707336,3587.2311962595218,1.2
4223.6802802177135,799.5033330573098,1.2
4607.6744699629935,6554.795268750303,1.2
7684.385519308405,7703.360284142248,1.2
8709.054052075087,6.355248284679593,1.2
2663.514385572926,744.8513453941453,1.2
6466.920478568647,810.894885248572,1.2
4373.729351719962,5789.387115984807,1.2
7811.278676826348,5814.612296812276,1.2
1463.2691636778227,3709.234881257931,1.2
7381.632278127184,4779.978344413221,1.2
768.910463249548,461.7533182690936,1.2
452.7340229501142,6077.029610869527,1.2
7737.444430750978,9537.209671343286,1.2
8850.462202710383,6090.043437817375,1.2
2762.670434025268,3263.3949025248276,1.2
8933.739877822338,7728.512612329267,1.2
8381.249830267645,4718.640894044443,1.2
9112.24430318981,7944.141691057452,1.2
9787.958264856481,3712.9957243471636,1.2
9598.328842669194,3950.3745295645676,1.2
5570.103901795166,400.6587870867673,1.2
2501.678216511527,7084.377231742752,1.2
9126.878941750396,9623.561641066233,1.2
9692.61900717724,8611.481866259675,1.2
7720.927090181583,1413.4864807537751,1.2
6240.400580800376,6800.97774573268,1.2
7586.038771160288,6862.432842218575,1.2
5167.395245783146,3703.731481374819,1.2
7623.859296804254,4759.983477057177,1.2
3408.305606105766,7904.401245689373,1.2
252.31759171072454,396.22412742135293,1.2
1458.621874967565,206.22524730532942,1.2
9395.445100929239,5605.252297179573,1.2
4959.29050095235,3179.0972989303123,1.2
6920.10155164332,7235.983029362481,1.2
3673.7788514435756,4821.417874881832,1.2
8416.480200343516,5021.693743457685,1.2
3734.0217410612586,4084.507164253607,1.2
1220.9068134843237,9889.027870038539,1.2
6860.152276606448,5866.836050525171,1.2
3747.7827821783203,7178.072987243554,1.2
6723.116231442095,2984.214228267422,1.2
7340.411483595889,9155.131635635129,1.2
8617.151866188058,5464.955857309125,1.2
1010.8280848899376,5981.943374718521,1.2
3853.7945280884624,5131.880692255917,1.2
4329.135225611544,6398.156235640975,1.2
7306.50066578791,7275.4719563082535,1.2
657.9055371989717,2181.45537597224,1.2
9831.727180847165,511.96425157776,1.2
7609.814826135085,8820.057699395236,1.2
1978.2471951453806,353.410443646065,1.2
3209.2762261099583,8998.269197295229,1.2
9974.019733701862,1557.868807964784,1.2
7239.257525910695,7768.982928400983,1.2
8196.854348123361,465.8967100062472,1.2
6278.873801728255,156.87586406832875,1.2
6934.294497754763,8060.94149406546,1.2
7526.972956947515,3773.3378342810765,1.2
2222.229519162996,1517.7523095933188,1.2
2278.0812464419187,4327.86323646873,1.2
6199.196815840515,1840.9556571366193,1.2
8968.70387892587,2478.4605292471283,1.2
4330.230556810875,5264.038182917565,1.2
9938.596898894131,8502.892105155326,1.2
3825.1921035680416,5197.63621109301,1.2
2370.2920020364095,8728.524898775695,1.2
8865.208256186103,680.6175204076592,1.2
9650.726101998021,4716.737294638156,1.2
2617.3345235943,8271.550056345384,1.2
4765.104540586625,7481.693588543777,1.2
8992.933216103485,9061.273902235922,1.2
1978.3577570758148,9250.997894825281,1.2
930.0704273961358,8299.294314163708,1.2
6821.965448545253,8776.049045486474,1.2
2733.7287648218635,439.2371253620675,1.2
2516.4990466095414,450.01758783350556,1.2
559.2557485266292,9120.007977084033,1.2
2355.7300346514353,2289.5292533239153,1.2
5138.855885256499,2605.668973596984,1.2
3577.873869139413,6099.240665468857,1.2
6525.7463062726665,4600.080533157721,1.2
7051.809682962479,9722.80890797174,1.2
2828.207257162896,3927.6346509808936,1.2
7400.58090207023,5448.575619544784,1.2
4705.313977841838,9528.621879926714,1.2
5190.771749010685,8045.254119784029,1.2
6428.32276907228,5015.129005420074,1.2
3163.3546909821184,7058.776935064095,1.2
8760.655542984183,9622.809574229139,1.2
6337.713010546824,4108.74440273542,1.2
3815.3802485846545,9654.061605328941,1.2
9529.316307840814,2752.749381611721,1.2
2126.638044673479,4346.28830099276,1.2
5613.357328427027,5005.813289895139,1.2
4803.377993037282,5617.160950425439,1.2
7077.8499463717335,4037.269838227959,1.2
9245.727746353194,7819.539999618683,1.2
2221.059381115481,7157.307992633349,1.2
2337.6161160030583,7305.742486333968,1.2
9017.271053148368,5307.573958731739,1.2
1113.8769221794298,3603.820556975239,1.2
3565.222531667147,3305.5256908135843,1.2
5120.661421925184,7798.150515718007,1.2
3461.2144248571476,5202.227839870649,1.2
6058.376378555585,8122.694334937502,1.2
4599.4801857605125,528.3660284109093,1.2
545.0472878055613,735.8445815047565,1.2
4923.850021089283,4737.806933796418,1.2
3018.453579717768,9101.883359407777,1.2
5869.425628725232,3413.884454239775,1.2
1303.467160633246,7696.435287184975,1.2
6336.937703376768,9836.223382226504,1.2
166.325054892571,7354.0234160920645,1.2
9488.20838888073,6365.2316281003505,1.2
2717.487327664245,5233.026465127886,1.2
2354.3974436318094,6414.796850057202,1.2
7538.9748066971115,6389.339255865033,1.2
7076.05138259081,2453.783212213009,1.2
7996.046016600539,7097.991285283857,1.2
6455.618545082925,1385.8280803942002,1.2
4145.996071881664,3579.6016075907555,1.2
7060.3101127300915,6370.3934511852685,1.2
2466.493817746419,4984.030439385335,1.2
2559.924312979623,7184.872102249394,1.2
240.11354145360932,4912.748701658056,1.2
987.2595484881052,66.71856091907568,1.2
3004.364353612884,86.76446159373685,1.2
6408.556778104257,7461.459422733393,1.2
3222.0794806947893,1646.8869173402788,1.2
1854.9413807589044,411.1731909838312,1.2
9171.935490375146,3619.423927574643,1.2
2709.2080337477,4429.3204908237085,1.2
2735.4789159746874,3928.768336614399,1.2
9544.126823985427,4930.866268147836,1.2
1271.1457105906354,5794.547702865236,1.2
7472.648498793711,2661.5293046120346,1.2
52.379556989026185,283.33054929361333,1.2
8567.906078643653,8676.371178632964,1.2
6959.562013216979,8240.028577708053,1.2
5530.257042345486,9798.919881358534,1.2
9352.35797449716,4666.251896425258,1.2
5126.235297435472,2556.7449443948976,1.2
1776.1206559579034,1944.3803307320684,1.2
5368.6579246445235,1953.7507882983462,1.2
2934.5981797989675,7598.3988045577435,1.2
106.02052900659741,2134.18852038049,1.2
8838.007177922462,1887.6121153688507,1.2
6564.106481234461,4491.2654752748795,1.2
9422.559726472951,3636.6992120060036,1.2
7449.452977699604,3177.6368698889123,1.2
2672.1044576049203,451.2574769357247,1.2
3618.6287782888126,3217.770420730399,1.2
5264.03885572817,1847.817528314949,1.2
5468.8497106135155,738.9955224376921,1.2
2586.703239836272,4545.997362351496,1.2
1746.3634725314248,6479.236863765696,1.2
3607.102575013952,2687.274593140493,1.2
1401.8226528081834,8779.574862694708,1.2
3890.7865515166327,653.571216541301,1.2
4718.88334145795,9748.022282700875,1.2
9688.269230247803,9210.036683209582,1.2
1455.6744953343903,3737.9807101086303,1.2
5142.5472176551,9447.703737776295,1.2
5276.518299895678,6182.530680965064,1.2
3052.425160786135,1288.9725572756395,1.2
1596.7475615007786,1.7864503669862142,1.2
5969.115259308855,2492.4056002919215,1.2
1037.2881071894024,5278.965788280067,1.2
5679.660885188988,6503.595624703588,1.2
3863.063807868756,3856.341879297602,1.2
847.2204766699598,2429.1156112594927,1.2
5619.991771098153,7081.697925320589,1.2
6480.716785524854,7856.73987636801,1.2
6619.3394511463985,2417.9609744903773,1.2
1892.4280929603876,7290.824930442017,1.2
9541.089454065985,4080.973998592079,1.2
590.2445626966856,9041.80742400987,1.2
8802.062359776875,5284.2036965921625,1.2
7837.5816075124685,8195.459670152528,1.2
2524.7741468160834,9589.772958234658,1.2
9270.905225395276,4378.490075567597,1.2
4447.506000327969,5799.938974038358,1.2
3771.513337602156,1357.495027406984,1.2
8938.234794437749,3383.8014954746664,1.2
7540.53869673167,4229.772392815416,1.2
7744.580162386291,5774.249379164879,1.2
8790.485110533273,7231.975226991759,1.2
4814.8231730022435,8139.638230618039,1.2
3029.007250817266,3919.2751437839634,1.2
4429.278732407835,3737.47526719823,1.2
5281.328482396654,2837.33390169664,1.2
6081.446209055624,3114.013259604835,1.2
5252.449713521539,7359.731849398512,1.2
9779.6815340339,6804.692313023522,1.2
6020.398762578777,6391.632046226092,1.2
8352.959589215472,9444.482109104705,1.2
853.7583850883245,4036.0844933422977,1.2
4882.908215334513,5165.29254152472,1.2
9003.13015803114,5528.861457895518,1.2
9170.558751641158,9888.547950112436,1.2
2168.8351936536974,7475.019037576249,1.2
4006.212445493138,2892.89434056071,1.2
5451.721569154646,2518.778607768428,1.2
6419.2219026551165,5480.7458814462525,1.2
4736.305143076015,6795.003389690976,1.2
5635.741254654163,812.7652328966983,1.2
5892.8365409537855,4970.233131322275,1.2
3135.88323726645,6252.610674121785,1.2
7580.185797188987,5490.0586145752995,1.2
8571.664869919301,9714.580020685742,1.2
4764.979154642507,5565.3010082859655,1.2
8631.371477642697,3575.6600604336054,1.2
6609.143910661443,3995.0846483517066,1.2
5504.994242346507,1527.460394990221,1.2
7997.942505658035,2565.296665922736,1.2
3147.7581669804067,8477.206814688883,1.2
387.53075676337124,4661.575753702685,1.2
8083.356369196356,5709.867179584837,1.2
7960.5482890947405,1217.5817244163645,1.2
2799.1926669347267,8946.33813618156,1.2
4554.39613931917,4155.475725929423,1.2
3976.4914282096765,5360.383527073276,1.2
9534.313336390798,9102.737544374522,1.2
3496.8176020578035,7396.74159674628,1.2
594.2669054264138,2451.704372898775,1.2
33.49256902538955,3559.1152812514215,1.2
6116.33720749519,54.142395245564416,1.2
3453.8179550097125,4585.036957564554,1.2
4787.950629953393,7702.213596260068,1.2
9829.085225921099,4759.810285417493,1.2
1949.9636050305635,9834.453111106794,1.2
3242.618665170247,2384.708810102688,1.2
9767.598007316737,9742.677532158894,1.2
7115.019093521897,7719.560350477234,1.2
7546.811077831397,5019.311771524657,1.2
797.121165635416,5472.670159781412,1.2
154.05647692592672,4752.977509707974,1.2
1684.7415475585003,3451.7845584188476,1.2
385.68214138039235,9085.855543461937,1.2
6982.584103724259,2621.327296265076,1.2
5648.190624771818,1511.8652109375653,1.2
6427.785429572215,8449.985119523415,1.2
1513.4197957959893,8827.678252028114,1.2
5148.873878970676,682.665049337553,1.2
9018.458403197947,8916.56405666185,1.2
1479.6805927342627,3201.176049281367,1.2
7998.699726994104,1319.8668393034884,1.2
2575.279646172631,6288.364485735395,1.2
8244.277534179419,9628.79992109767,1.2
6379.654844640895,2984.726370439985,1.2
4932.150463411943,6307.90565100546,1.2
4917.898767630174,6333.773615281203,1.2
7961.61025008951,1897.7274280365775,1.2
8019.7410953734525,5346.931796985742,1.2
976.0276876600382,1497.8648264719207,1.2
2889.973518655785,246.21589141424982,1.2
1699.7129047143012,5227.425054104403,1.2
5275.039881773684,3325.4019949583226,1.2
7262.273123084882,4975.19043242132,1.2
8646.048870844113,7746.055579853428,1.2
9359.030561693324,4010.375510820081,1.2
2819.7902639982753,8970.979073076658,1.2
8290.242703850665,8218.213368361647,1.2
7834.468456992719,1009.2744402000575,1.2
1419.2015992943407,2338.1472861846664,1.2
5887.030865694228,3333.2491313659953,1.2
5414.655299923616,5877.342087398494,1.2
2427.568627899086,8940.089701782681,1.2
2934.5232515954813,7104.31213252104,1.2
6793.741220265254,6365.435144598434,1.2
3518.672490490148,4121.1611898993715,1.2
3259.5601699698564,4670.76285827139,1.2
6314.982270117488,9738.27653535446,1.2
219.83486663739282,6098.691427039359,1.2
3553.141560990163,635.0703471647101,1.2
2504.4599353849885,1693.9791907027734,1.2
7512.326339608917,4778.117480664341,1.2
3996.6266822141506,2605.9135115328736,1.2
3535.5663899227875,1735.1261462026046,1.2
5472.928758671852,5732.373467763005,1.2
6148.896945181436,3061.2186673929386,1.2
6772.474899915016,8939.574290308863,1.2
9450.252395864347,9631.393983125623,1.2
6902.406592208983,2739.1667731605717,1.2
589.9905648372517,938.9962335440771,1.2
8334.750092762437,5580.186526752288,1.2
7717.123094850652,6594.704041147268,1.2
2531.9813994073315,6469.6802276776625,1.2
9449.664836152742,2456.9728826549817,1.2
1733.6726500936938,6037.093822620495,1.2
6584.102771308492,6107.970372152612,1.2
8609.630351903892,3343.622634808133,1.2
4307.396780430878,4720.30529647942,1.2
9628.729700524676,7693.509651539082,1.2
8838.84436942165,609.3311986193617,1.2
7282.67211583555,7644.015826341427,1.2
1583.552260324731,4443.16770013117,1.2
8588.634178816696,4438.493646095421,1.2
8677.508970237499,6872.342992797232,1.2
86.85043400014192,71.0211878313427,1.2
3964.6202753708726,3866.722321898479,1.2
791.3566508691572,6586.180412173003,1.2
8249.083162457278,4382.223856861787,1.2
7972.221223035405,5724.479554245892,1.2
8189.254333425301,3326.2006458540063,1.2
4910.514445226606,3972.5688859284446,1.2
7724.582660056722,7496.391431296252,1.2
75.28848824627454,9027.742653151494,1.2
4431.9310966882385,1895.0257243768665,1.2
853.4381257799639,613.8916631164648,1.2
6973.90632771955,4983.74386443465,1.2
1903.2124301961185,7757.537721178045,1.2
8801.130257052597,6115.948947233598,1.2
8259.683933392209,9333.995008373378,1.2
9583.350092946448,2868.606314926161,1.2
1719.2437168683982,2469.3469425852254,1.2
7837.1888326705475,3812.730584255062,1.2
5394.5030764550065,7959.51310371773,1.2
9723.53300377665,3894.524862084806,1.2
5991.852098151331,6378.178842580914,1.2
1236.6150167751243,9487.871185193151,1.2
6683.410311964536,8547.86733213269,1.2
4017.349593018822,835.9261688448194,1.2
5485.1693404009975,9403.101139888704,1.2
4883.357485152703,7958.125341226446,1.2
5656.519091196615,2796.561353707855,1.2
4929.15611843751,9069.693786745123,1.2
9361.140872208305,7537.256355354126,1.2
3630.389223459144,797.7789563880366,1.2
9916.739111528741,7892.495535014602,1.2
4775.583800641071,303.3961238591676,1.2
4744.097087411486,9944.341943358577,1.2
3682.465938070131,5032.651478356412,1.2
5144.031897036004,5767.912391638188,1.2
1383.9975284257255,5960.173143262639,1.2
2497.8329458628136,7197.401354752724,1.2
4493.709029225674,8953.85490057127,1.2
9191.730709711876,2327.280755625397,1.2
6890.6406412657125,422.23269636506245,1.2
2815.669387547501,7747.520353743043,1.2
9139.548859302746,4827.866323026817,1.2
1915.8200028724425,5902.759740517546,1.2
9766.919718136867,2752.137183758999,1.2
5191.424283836079,4938.658577002821,1.2
7320.607654464808,3491.659023676835,1.2
4529.3007300167565,2287.1248686042168,1.2
2165.7347351092217,4915.903270089196,1.2
7185.914439400133,9138.738060660717,1.2
191.5101469302738,1124.1459248025653,1.2
9752.087678141945,1109.3771243375816,1.2
313.1178895739695,5528.284996776095,1.2
1112.6381956756782,2387.5525533068685,1.2
8502.256363268638,230.83830709585973,1.2
9712.467951422783,1595.6500661370521,1.2
2080.279345753674,7668.524461008856,1.2
7886.230506774495,3711.353795412511,1.2
3848.6285750820957,6742.3686564578975,1.2
1235.6699864936827,533.7865851593659,1.2
6993.331860728569,8017.042219405388,1.2
9914.23185972735,1092.852786985421,1.2
4452.244452799846,129.62264496870546,1.2
1574.4349935204393,4952.077930152531,1.2
354.99363228284506,1218.1792750323273,1.2
6221.592359938018,9662.321806112797,1.2
2664.042737169452,60.10478953580423,1.2
6421.468946150488,224.52997688836572,1.2
1381.8558002730008,777.4705959863193,1.2
9178.763842245846,7971.866903631296,1.2
9597.927300508649,2805.838068045167,1.2
1012.2119583107614,2766.9100494146314,1.2
8519.239351066397,6285.710536583455,1.2
810.690796016963,3865.47196084716,1.2
2838.3010361156025,8435.175938966995,1.2
8115.977150613664,633.7736692955453,1.2
9694.210061567645,8320.506532747137,1.2
8704.660230387539,2276.228316724175,1.2
3260.973728287159,9967.838583129009,1.2
3111.8911476121125,9885.241644751199,1.2
3621.4468155912714,3891.838009229557,1.2
1425.9933593192486,6419.593943893536,1.2
2080.458807668478,4438.096469737755,1.2
9548.876259466771,1508.380091489936,1.2
2210.477401828732,232.33532354645757,1.2
6850.019268717117,4308.104361257004,1.2
2.6512149238600013,2245.964951914253,1.2
4702.851431734213,7498.300384996301,1.2
3019.3208666428095,1068.167402595276,1.2
5098.415147135813,9724.929328684057,1.2
1017.8969939427762,9296.904245753252,1.2
2805.5366577863197,4496.2673602344685,1.2
7101.688938403611,3328.0781513388156,1.2
8227.76657336083,1340.9584268354567,1.2
5899.81980373893,8140.484548066796,1.2
2545.547064790058,9534.787382403676,1.2
4604.65100088844,9610.185267379204,1.2
7573.807471438608,221.48700110574015,1.2
5341.8136438499,4158.321450228505,1.2
443.46280667063473,9452.723393468956,1.2
8859.843836052514,9348.379416751326,1.2
6263.479314290411,7220.732520084142,1.2
5808.604184301344,4693.050825143848,1.2
1801.5059279738566,5867.653696117245,1.2
4002.9420048079933,5140.948332104891,1.2
8842.155749163105,6226.199446660691,1.2
7804.743305605381,6265.230024928876,1.2
2487.13353762804,5800.533729303762,1.2
9234.134995241431,6206.422677666167,1.2
8189.734937111114,4807.903482213101,1.2
9965.804659516358,1612.583929195902,1.2
8006.781453048158,3484.1240952691064,1.2
2535.4378725859874,7721.362686144885,1.2
9257.882712825227,4360.914324034693,1.2
2416.5290533551088,3672.7971133428714,1.2
6397.5606005114005,2974.9142427249344,1.2
4211.533942692262,6695.929737080739,1.2
1534.408251044741,5852.981910432485,1.2
6013.926847955092,9863.058787086551,1.2
9559.50881542374,6391.796153033535,1.2
8039.007066692704,6366.373677131446,1.2
4259.049765969284,9682.443169482643,1.2
2096.9299924544925,4298.578966842448,1.2
9018.237126219208,6697.393287637805,1.2
404.28287451725885,8307.70508635111,1.2
6680.990634140644,3119.204261378127,1.2
4766.826944460881,2085.888167246398,1.2
2450.898165570163,9055.526343578316,1.2
5368.039033143851,4057.1581392622647,1.2
9443.160722679264,4100.931270713904,1.2
5479.124809487131,9682.655099801941,1.2
1634.7505715468235,2873.39220391619,1.2
8321.35284542574,3829.9357202479846,1.2
8281.405311869556,3706.2619341165205,1.2
9510.72467988925,7847.978775196767,1.2
2974.672550156452,3462.7839043038775,1.2
5561.910588561602,1105.1324688706477,1.2
9810.155119910081,7243.812702853399,1.2
373.5535748652652,2261.1031359677513,1.2
7961.048657185341,8520.961127015973,1.2
5753.229738634753,1108.2378953254336,1.2
4670.73898121415,4048.3826460692985,1.2
6081.522929172951,9825.357731791164,1.2
3.9730138731353115,5224.369334184133,1.2
6494.667269949291,6434.366898313807,1.2
6349.115194605586,1630.146149759939,1.2
5872.026799300973,3782.2850933925447,1.2
7819.55746071363,3488.451522147613,1.2
643.6791129051178,4686.163436275459,1.2
3993.1799190599872,1265.6589306753408,1.2
3703.1434827212083,1704.8927323613627,1.2
3894.822966866982,2187.6589269943024,1.2
2250.711264321493,6980.242397618811,1.2
1902.8808546534392,3614.0113957748154,1.2
6330.3390333771595,6253.249635192422,1.2
1716.4442411174252,7726.622609396458,1.2
7724.370661805844,5250.730674400934,1.2
9656.917234987632,4308.8834977475335,1.2
9185.47988914057,6207.3070060352775,1.2
6825.977366748524,9701.150941918035,1.2
3316.5389509759425,4024.699313272968,1.2
1701.6491643696518,4377.987814583353,1.2
8492.641848465239,9889.095446340873,1.2
815.3661054427985,8025.92220612004,1.2
8847.126254410086,2441.1162219489647,1.2
1876.448806921397,4362.684138287544,1.2
5798.331512447003,4204.477282311718,1.2
8855.789684076983,7222.9631266423,1.2
4707.793269175126,5089.9052119479275,1.2
9599.537602172697,2970.690460373855,1.2
7241.710446426566,1741.213736623034,1.2
4349.038717525878,6835.094801632843,1.2
2864.8528338307256,1200.254724815224,1.2
9034.226418570073,9764.38190483752,1.2
2499.0278196144786,4042.353750626031,1.2
900.5380793464291,945.7403888873905,1.2
1375.4845404930993,3969.936751646891,1.2
4914.46931105845,4310.6979397490495,1.2
3868.61117746371,560.5972855673136,1.2
1608.2445584903337,8448.645391834722,1.2
8998.054976625099,2389.224608407249,1.2
4048.917070173821,5517.256254077834,1.2
4074.5087928794565,9279.328308434528,1.2
9324.878806625411,8876.956048632297,1.2
9667.862169954004,9736.210432794613,1.2
2176.4103814359614,8644.502989583245,1.2
6036.358273541622,460.8086327790706,1.2
9009.75990038393,213.7013965982315,1.2
3065.4668875036596,7817.772443390984,1.2
1493.7147150550888,9499.804253029737,1.2
9937.442333743425,9743.251599735948,1.2
464.9605290699432,5555.201030880976,1.2
6943.11835009555,4646.170311690571,1.2
3082.893643541743,2872.220043751026,1.2
519.4808484862934,8529.319496401238,1.2
7060.664803346496,1176.9669257656412,1.2
2950.712092951252,1760.817327020694,1.2
6516.797801168112,3582.1655286905284,1.2
3799.8843620074163,8748.814536783886,1.2
7145.6325198867935,1431.3976762608138,1.2
2135.9717632802267,5540.062185471935,1.2
5936.991329824208,215.70344232112458,1.2
9429.592638226726,3684.3290987668597,1.2
9580.386876035996,6343.51047356792,1.2
4739.001130378263,7606.841090618332,1.2
6786.8949511726305,461.0856916229489,1.2
7069.7794833021735,2466.0052412030986,1.2
9796.035604050478,9177.242310473985,1.2
8172.471809604977,5501.965397513692,1.2
4090.27119434904,3961.478504992678,1.2
2275.4464325972344,510.32948206461646,1.2
8908.751119193366,9888.638731435247,1.2
1872.6655772267663,1519.4595502806574,1.2
4002.752023262901,2601.1444708943955,1.2
655.4009743424549,9347.124830113906,1.2
205.32127412709488,9001.118626547992,1.2
3810.790394483151,9025.765349177847,1.2
8600.944920283151,5053.645197828795,1.2
5604.110095187893,7830.003507188486,1.2
6716.101584701774,1911.6447427751327,1.2
2961.365503517034,7938.827671347783,1.2
8984.931705398738,7274.841963627905,1.2
6385.164670129173,9779.689835700858,1.2
7490.549999300581,8252.056024670768,1.2
7324.328987862347,7314.630518826631,1.2
5140.941510931739,2763.5740938676945,1.2
9334.078645387672,5161.581189051338,1.2
6223.661340029624,612.2201751231448,1.2
3140.607772781844,5954.448808142484,1.2
7834.0009174035995,7340.710726556301,1.2
7843.405818615136,5455.16083136675,1.2
8280.001695041601,7625.994259719488,1.2
6270.183754689319,8895.178014464103,1.2
8746.566139118493,1975.9223932355562,1.2
7283.400206311011,3599.776477026829,1.2
8393.752255788679,413.99298408619,1.2
6366.984211896949,1540.7154860720784,1.2
3362.83056168699,4135.117204615422,1.2
6837.859191873006,3911.325210537393,1.2
4445.166753505331,1790.391055931041,1.2
8061.791884032848,7967.77045770598,1.2
4629.845884354648,4031.260044521382,1.2
9646.082581265795,1609.5082293805685,1.2
4994.187087197212,6501.297930481421,1.2
214.0316257400654,4523.949384488392,1.2
8961.0972006195,4026.4642341592717,1.2
5202.173780724556,3685.737690107268,1.2
9633.149185815852,3583.9553864406494,1.2
7816.253313590088,9137.910168393819,1.2
1839.8066247743195,1810.9848748524614,1.2
4991.358397408249,8045.039844616449,1.2
5407.916178917811,7810.9768217678775,1.2
8663.99937295928,5791.0106911039875,1.2
806.3836094279264,6840.8460590699115,1.2
8422.018993005797,7990.677985144833,1.2
9514.515303833385,6617.707746768141,1.2
1588.2644678128954,551.8697981711041,1.2
902.2085264716184,6972.175730823043,1.2
7704.159896866775,8233.210674885497,1.2
9123.45769137822,1426.4860985044936,1.2
9888.624151870936,4186.227960619016,1.2
6775.697234028707,136.09131675296982,1.2
4721.758111032467,278.62297488231434,1.2
325.70267113176124,7657.631652602967,1.2
464.4377259155852,6534.377043871384,1.2
9580.196385359492,5779.77474773634,1.2
7416.0182059130075,8624.983237941455,1.2
5681.5953509143155,8797.450925731135,1.2
9152.31363819746,4285.691001866831,1.2
4437.322644770939,4957.522831139288,1.2
3914.4086068522997,9265.559457408386,1.2
6041.477726255241,997.1710407685641,1.2
7657.990223923042,2429.4866924359994,1.2
4804.34486995499,9482.323623549682,1.2
3010.4781490597397,3683.586103381432,1.2
47.70283124554631,1495.8812130059985,1.2
2677.9334825829615,8163.725619220708,1.2
4721.270221686834,2850.9319022809623,1.2
9162.70948380689,4844.3884913186575,1.2
6138.378537450928,2910.171450490986,1.2
364.27774882931254,6242.854247930865,1.2
7752.311794912098,7553.186937578442,1.2
6660.751755801522,255.58537380879432,1.2
6807.086618356018,1167.4082216225945,1.2
8619.164603464027,1128.218362845592,1.2
3984.258700423747,3097.486065614139,1.2
7530.139836335584,3921.7895232154187,1.2
3964.303038691861,9406.771007242793,1.2
7043.213364953122,4461.904454522564,1.2
813.9932125548399,3485.347485889897,1.2
6991.725760352744,9676.211014804296,1.2
9190.759260685358,1075.8781557831942,1.2
449.99720698698064,360.958603743966,1.2
1788.3456786367312,2863.4757980384484,1.2
2347.690282865792,8940.515536352508,1.2
474.0217789472445,8655.030872067537,1.2
9595.035867576478,4537.3891491766635,1.2
2772.5423660799743,9785.633652885534,1.2
9931.50974847972,8750.967138726457,1.2
7344.6717864055645,6007.807286657726,1.2
5281.773818672775,2423.175365629716,1.2
8010.70567815446,1088.6271689301252,1.2
2116.6941656500403,3628.5739943056296,1.2
4056.4058372168465,7428.820354469825,1.2
7819.449714193784,3538.7376616334654,1.2
3205.263833122326,3052.3839397081897,1.2
5388.7130650098115,7690.308712317927,1.2
5636.051418076213,4463.658032159705,1.2
6736.444692991335,7233.957755714419,1.2
5511.995481502549,2657.4129874438613,1.2
7731.30912770622,3729.7119222135843,1.2
6075.292235638021,2335.5658823222902,1.2
3983.726355119077,3090.9026325933496,1.2
572.3513393330581,9688.906123943314,1.2
8429.593209539342,3106.861676152006,1.2
3306.0743010243455,6007.902063625378,1.2
6847.493590936072,1135.3462526507274,1.2
3854.5412410088798,975.6021522184133,1.2
6316.037604196956,6235.454227503571,1.2
8359.459845485702,7513.274741462491,1.2
9366.6269709895,8567.110618733144,1.2
6002.061842515914,6122.27734788068,1.2
4301.494532456116,3571.92084049901,1.2
5826.60089136675,3562.843800338805,1.2
8661.588750412533,4389.081940826523,1.2
4953.510390652316,9202.059650141706,1.2
9140.91614847393,2650.1623050928715,1.2
2926.081189420593,5641.14082601059,1.2
1356.2073413954834,3086.5539111156036,1.2
3404.8218113690777,9793.800735001169,1.2
3243.8048775674156,2917.5062178129365,1.2
4997.1422886352775,4168.058847574068,1.2
8187.187132177622,9855.153901060905,1.2
6705.0736287678255,327.5145412803271,1.2
3395.840711321161,6882.635763543801,1.2
5569.335245140197,4822.951297371404,1.2
1822.0298833670267,5328.504623310163,1.2
3647.1093934132036,4502.759965795239,1.2
7230.026487387544,5701.834934994092,1.2
3122.5506676426094,6957.828594512502,1.2
7253.1180877974975,3562.116437152898,1.2
8866.687566719564,3235.2350414251796,1.2
7338.785472668271,6844.927625880791,1.2
2549.5355112298444,2509.6757549662298,1.2
401.98858352566646,9026.664339426308,1.2
5589.185516288992,4320.01453740723,1.2
6202.867069868174,3176.995518456801,1.2
1995.3891807727764,4123.40225675005,1.2
4368.335677232608,1752.6811804803722,1.2
2734.423879382383,6690.60227213657,1.2
1861.5816438131849,9955.126180264764,1.2
7735.491359620962,3540.5790274138826,1.2
3881.5528279439527,8574.754254736905,1.2
267.91729739726765,8149.844724498351,1.2
6410.880494178013,2854.582125992653,1.2
9544.451401832783,255.5282186242025,1.2
5943.515584945085,2172.7285817454544,1.2
8968.847300740113,7650.503040774571,1.2
3421.9189306244234,7173.836125495336,1.2
7296.362772494537,3835.116916920536,1.2
7120.477498706389,883.9589207295551,1.2
5407.393382004504,3331.0242298292937,1.2
6955.784169067335,7742.625701088928,1.2
5457.444297992935,6125.61255588526,1.2
2144.926713362577,572.6122682666435,1.2
3120.341063264617,4738.484791714906,1.2
3303.849512597176,9534.017672701048,1.2
2011.6514203301272,3786.4289743112854,1.2
9355.208510809873,3990.975226697564,1.2
335.89283349135246,454.2036037240471,1.2
701.6658875853743,8106.4096849072375,1.2
2493.605103858416,3991.067881126207,1.2
2504.317022957413,1003.8903695244538,1.2
9974.771458051848,3838.0760279966153,1.2
5786.779696847282,7911.411763795569,1.2
2509.6763574837078,2404.8795093912067,1.2
7161.739093171038,2507.343180090819,1.2
4435.4920799249985,5673.38625608401,1.2
8676.478455617838,7615.735326836863,1.2
4950.6007885973795,9630.89272673611,1.2
7921.334281364829,5366.482484379289,1.2
2271.406850560551,8960.19115548309,1.2
8372.832755178588,7645.269358257178,1.2
5937.230504789489,5331.193595070373,1.2
7938.151981117106,3592.848015108573,1.2
1148.714235532514,8586.702977955707,1.2
4036.1252000069335,4925.029045556796,1.2
7718.5630660301,4521.306197116064,1.2
4272.936943894719,3282.0866473147157,1.2
7492.508876992319,737.8316345455371,1.2
8736.714908157934,9030.495092593128,1.2
5877.577917500112,3986.228404745753,1.2
3054.6755756983725,6665.371148763203,1.2
7407.117011992169,7217.633062949853,1.2
6619.049256916718,8741.838692909612,1.2
2982.042936232363,2269.1854244857823,1.2
9899.714354336407,6863.251665249256,1.2
445.4557761959688,1038.5459419058852,1.2
9091.704757729285,6486.769576395808,1.2
1012.009923316457,6756.104846072645,1.2
2427.2882761446435,5231.759363465563,1.2
4460.990115981494,4484.455424262142,1.2
9662.508468621052,279.1717339585109,1.2
4691.746183107458,9227.2136553833,1.2
2762.937392507505,278.3704669754539,1.2
6705.185310924589,3666.752616040817,1.2
4506.72134316221,2396.255731847273,1.2
6942.569337405551,9707.304712749326,1.2
7257.649878850162,352.2844979542228,1.2
6952.010572945516,7239.562519970801,1.2
863.1325128208811,8108.775912545906,1.2
8515.36890552707,980.1530311780505,1.2
3378.924694806983,2010.9759766410007,1.2
2170.5611157352423,9575.548037527587,1.2
3894.933113084431,3553.9644445047534,1.2
2962.288733626468,4933.848177888428,1.2
1420.2512843681714,9034.146165183167,1.2
4441.161345644471,1223.4655248586112,1.2
9587.609380313215,8149.628244207652,1.2
6909.066259488483,2733.5612730032035,1.2
8429.73781117155,8534.58267558636,1.2
7543.246023232204,4928.948665889692,1.2
4576.951329414361,9692.343467518584,1.2
1205.460921767154,3192.046865137904,1.2
9785.151607175096,9106.733390078874,1.2
2301.0350565212666,3154.5704378568275,1.2
7507.13906530694,8874.240678237404,1.2
982.023574878349,7735.299466266282,1.2
3915.671039933749,6293.859698307889,1.2
1725.3809982152845,1795.1197185081103,1.2
6600.827571132637,4455.769749636001,1.2
4472.452526291705,3016.3780865779854,1.2
6605.839174997536,9261.0501826018,1.2
3282.238809252317,5087.741944407156,1.2
7620.255740996513,481.6647920150674,1.2
8031.322074648072,2395.399588712157,1.2
8277.024041494476,7095.075275625588,1.2
2193.461691514804,9190.893722990686,1.2
7049.233614677505,1349.2895154525463,1.2
42.47050733658164,5012.814754831516,1.2
9375.432778874798,9316.84572178843,1.2
9019.529075721564,4289.412336491855,1.2
1760.0939675766115,7551.6097932186085,1.2
1839.5307203831358,7419.185136678368,1.2
1702.6129415210644,4104.680568518078,1.2
1778.0515958440535,5398.208830851753,1.2
3380.547516363088,3563.296888926285,1.2
6408.2293179563585,301.97479917982827,1.2
6997.733444745182,6782.544585104952,1.2
901.8087967981813,7334.195388377345,1.2
6376.627206011791,7909.95797396379,1.2
4642.121412161005,4064.8996566148744,1.2
4827.707630167828,7144.923453304588,1.2
4876.807984607291,8798.407629716628,1.2
6512.768591728622,29.1515872331094,1.2
8589.503498626435,747.0155849823445,1.2
7926.132476034982,4246.648578679989,1.2
3777.64758108186,6875.423020281496,1.2
8005.906341590453,7425.626408379934,1.2
6056.309932872457,3713.307437934352,1.2
4684.662594835856,5351.866575300613,1.2
1880.0874052293204,2340.015341797661,1.2
8441.27262100783,9231.874207443052,1.2
2439.7020260356517,5751.210086709096,1.2
4428.476085881903,5262.423445141978,1.2
5235.585514576153,8643.117384185189,1.2
7653.688717362041,4004.471339132234,1.2
5860.430191795842,6006.772099888418,1.2
4449.418275174932,6047.475486857822,1.2
1070.5107930604174,3267.3472926636705,1.2
9015.38572890042,1723.9325830152884,1.2
8315.99952599332,3617.4948728694244,1.2
6641.355127785373,334.6135880451817,1.2
1971.3952036151595,361.2291894335673,1.2
3441.824511600179,1688.0408433898097,1.2
2307.9430731754437,2857.1883151016586,1.2
2434.7379701172235,9838.367172255148,1.2
261.62336500354155,7990.012277681063,1.2
7599.513771244112,1221.379845881434,1.2
9929.028656376526,8886.914721921346,1.2
833.6314480273677,6698.719999519915,1.2
9082.24872846962,246.67373912711344,1.2
9832.447748980143,5289.026766461338,1.2
2865.6742927963264,6657.376347159154,1.2
4237.841984532882,6654.160706601611,1.2
3034.835317598942,155.39550281167936,1.2
1318.5825312516797,650.3462272286054,1.2
7112.74581206457,8743.012148756974,1.2
8775.434012509397,2078.7481242573767,1.2
1916.9326391016928,7702.719515000729,1.2
944.4530181046007,8582.559953855029,1.2
377.8657741327662,14.507845209509318,1.2
5758.319244371375,145.48113853501965,1.2
894.4548633050031,4789.341637609404,1.2
3135.1791779963423,934.505495243062,1.2
3260.4878403122516,6374.933131751691,1.2
4652.73171224336,7799.9671536130845,1.2
9655.464061951749,4369.900032889044,1.2
7594.0037068002075,2961.476747109998,1.2
726.7786047287594,5897.7687474902505,1.2
3998.2303768079973,2750.804916757964,1.2
8327.419351429855,9246.767804973504,1.2
2815.3458282311403,9597.112689983238,1.2
7484.1674467511075,8173.1686179963535,1.2
940.4771590626992,823.2408859417006,1.2
5256.809568834643,2785.269596112907,1.2
4668.2477345621855,9845.653255055775,1.2
3570.3974522722815,1932.6067724538088,1.2
8844.486839980627,5572.6330933751915,1.2
8478.061169263952,339.24665663686346,1.2
5627.97585605269,9687.705196070023,1.2
869.8201051341647,2628.820351769977,1.2
8400.471943531984,6749.0744222213425,1.2
458.00215422795884,8359.297950197843,1.2
481.9522440728119,4641.715758861929,1.2
5344.254708171815,52.39676471798349,1.2
3043.1807245279088,2469.887278374482,1.2
1449.4764004503568,9807.728072790476,1.2
6250.078053931844,8781.064938526548,1.2
9484.9757157722,8004.895208894859,1.2
7906.581569401552,4368.905997548034,1.2
2455.2188429984576,5178.280777878471,1.2
8587.774972098783,6509.935815813948,1.2
7974.649030403589,8664.808709110926,1.2
3809.3074133375094,8572.815939292144,1.2
9253.939722528232,4302.098588925321,1.2
300.24105338398385,9855.671841942876,1.2
5436.621469471638,7034.096337983977,1.2
3332.6094703115896,1993.6178139242554,1.2
6928.42961745211,4552.047879920586,1.2
938.1622998283179,8950.065249162726,1.2
2466.419281471796,3973.8504828054265,1.2
4946.040849724475,7764.811550300688,1.2
1901.2411312096845,4383.577814153503,1.2
9120.502804492718,6739.227830521658,1.2
7629.826130664786,1088.3192604242997,1.2
2445.219785854594,5782.60861850147,1.2
6961.099904325732,9211.187971248048,1.2
2216.878502344286,4910.4709171458735,1.2
8861.400187168509,6351.669442090182,1.2
2890.700118777576,2408.148830714687,1.2
3125.3641684320432,7570.7008657112265,1.2
6319.050927411637,9466.50775263389,1.2
3167.6901841526237,5254.673304350773,1.2
9221.208543271629,6792.9649591621965,1.2
4910.027581765526,5574.6730905660515,1.2
8725.680732907367,3969.2201100018633,1.2
4373.133335782722,5056.729133853125,1.2
9347.254245321497,6144.359234036633,1.2
9690.899871826081,9966.975613376366,1.2
2569.471336878724,2076.8973568698634,1.2
1623.784070109996,8096.025684001552,1.2
8439.71398191709,5911.537809120191,1.2
1683.8940053963847,6113.431409007675,1.2
7890.4895227553925,7848.385867621693,1.2
5521.506092867718,7322.187829766625,1.2
9596.178494963053,395.6347251755421,1.2
4211.382863705218,5232.608076711565,1.2
6707.6918632222405,2249.055283429091,1.2
7058.67674986821,6060.531501498222,1.2
5096.409380052739,2320.9538417635113,1.2
3424.731700219803,6663.025523928469,1.2
7246.509515645353,6717.62849571929,1.2
5484.824517976016,8799.99663665735,1.2
5180.059295646405,9720.709968232279,1.2
1943.9189486118546,8800.363702331286,1.2
4040.3179275199695,3237.158390447109,1.2
6874.201117227855,5155.2237590253835,1.2
3192.04376603928,3192.338882151543,1.2
5228.802172887909,8730.700246302269,1.2
2457.259330599845,673.542399978162,1.2
1459.2312738248836,2890.5683867395946,1.2
7608.382498681355,3047.8536974962944,1.2
519.7662061564912,7629.184959362167,1.2
6174.46503979309,8105.642028018988,1.2
4554.57635169551,7984.809139625318,1.2
9646.84643386149,6106.309635870527,1.2
2438.708532260222,3081.577919085765,1.2
5161.365092154735,7198.834802527944,1.2
9079.408389260025,8552.941680359707,1.2
7020.043265091563,4237.365957198113,1.2
5259.226448348218,7293.111870354814,1.2
7256.53094027126,5656.624510871979,1.2
3099.26154273369,4950.813545217847,1.2
2925.2058369466527,5203.017353033272,1.2
4823.556317944711,1036.9912945616954,1.2
9661.48380575775,1827.965667689273,1.2
4314.774181443556,8364.730731870777,1.2
6798.373768008629,3320.49055618984,1.2
3956.243147099918,2494.8349011008686,1.2
7859.443238234874,8640.30958687633,1.2
6687.3259392041155,7906.944651992044,1.2
9847.38668978093,5127.316579661267,1.2
9096.987645629191,8558.777832681453,1.2
3160.262369321334,586.289967736906,1.2
2070.3238368706466,6003.0980663457285,1.2
4744.37184044783,3715.627697605497,1.2
2264.179949165548,8744.890961239715,1.2
1624.2505045357968,9353.88701305622,1.2
1704.5102270499801,6645.434009101774,1.2
6290.310263836211,5652.875184899655,1.2
1474.6676206604093,2085.936031965271,1.2
7639.025573634879,3670.5837741183577,1.2
6602.875312333026,4794.008811300363,1.2
1741.0992563568661,5867.687975810863,1.2
2909.5146377710767,9452.971857288432,1.2
3486.347094273099,8014.682341060741,1.2
7376.716404221484,6510.511451741311,1.2
269.90068333063164,1291.195141071051,1.2
9844.444193435247,4599.466306620165,1.2
5862.391112765722,6519.373423968761,1.2
4555.847606527758,8754.791566651931,1.2
3526.3088495439697,4830.8239596054445,1.2
4305.479815500564,5445.533157107776,1.2
2613.6529992376168,5628.325326531702,1.2
4095.8635822845667,640.6671547685994,1.2
2777.3464817311155,751.9654788016228,1.2
4473.177502136246,3221.062466076663,1.2
1899.9637903274136,4076.3823370951022,1.2
4475.264465988549,8478.117763404472,1.2
2595.3390906230234,1282.9431575724925,1.2
2272.2396524139544,1062.3642618043882,1.2
1102.6399117555352,1418.7428078539076,1.2
7253.253968361385,3102.035923160722,1.2
8034.203667781045,3616.773366980108,1.2
8304.177374135626,1444.6180223779415,1.2
2713.3639156961776,5028.855300806147,1.2
534.077905548932,7565.970628645571,1.2
2523.867175881117,7836.016395286114,1.2
9980.697117698297,182.18565367471462,1.2
1714.3574724519406,6917.459427281909,1.2
4392.60098836539,8329.11005214079,1.2
6370.012339975616,5872.88311919659,1.2
3035.1547214445195,6163.543909651233,1.2
7374.01538543128,2336.2942283665743,1.2
3489.458987465033,7899.744927165334,1.2
3208.3382329993938,5226.677470012736,1.2
1141.8146361741167,2111.170375961717,1.2
3588.074154121419,4186.903511755977,1.2
1425.372552439047,8082.499567382979,1.2
9653.786545573608,878.4333236243469,1.2
6001.408261550188,5573.674855088464,1.2
3901.976922995136,7020.952641545773,1.2
9129.787321167785,8727.322016021464,1.2
277.29124083538227,4282.915343732364,1.2
8852.433413182884,8216.901402539108,1.2
9135.073906155476,5091.717074439559,1.2
6972.344666303239,9114.900398151301,1.2
8552.171689675959,8224.17814640585,1.2
5672.387007000558,2347.3066648846607,1.2
4674.329008889602,4554.180210192558,1.2
628.0776864848525,7244.513577775942,1.2
1751.8349916464326,3637.2140121635944,1.2
122.25124489210427,9523.112503174214,1.2
7580.520287796157,5259.332274831126,1.2
8577.961034812306,3982.2860767275915,1.2
7145.53487500053,5494.970621203743,1.2
3893.2436117648217,7790.718634759049,1.2
8134.649606155737,3151.633154231005,1.2
1728.5430094389776,7196.095693652385,1.2
2993.553983840941,477.9527081692969,1.2
5650.692019443246,9332.60460098511,1.2
5473.805280138741,7355.323454615889,1.2
1877.9489346398425,9301.041084369264,1.2
2822.987942810283,9528.907234352362,1.2
6619.638140534543,9307.690051062036,1.2
7947.932042031189,6518.009732398383,1.2
3992.307065823704,1913.4627166107798,1.2
1776.2637850525155,8389.167844491869,1.2
8764.997409663796,2980.523332588634,1.2
2800.528663319399,8237.478789282406,1.2
9611.86517631365,2407.804588176975,1.2
5452.635731464142,1410.667604612489,1.2
359.8059946101617,8247.617068657037,1.2
615.3183131944951,3722.5762178605605,1.2
9704.711388935975,1464.8408306870353,1.2
9540.638388520172,153.43679046090907,1.2
8289.046080799406,9680.070893238408,1.2
2652.458976130905,3065.32828142266,1.2
3044.024429170519,1960.4290783600763,1.2
9724.208793002854,8821.794748938033,1.2
5861.406745975354,6280.192538509716,1.2
8138.268577634388,8928.384563810161,1.2
321.5047966840534,68.75911759097187,1.2
1679.4277740101015,1959.9476204879784,1.2
9033.026991833747,4315.554558409699,1.2
9833.547953634099,4571.974033504765,1.2
9474.336345099327,566.7272273233326,1.2
9187.243022157629,1451.4033551105053,1.2
6052.772905549424,7391.384438295957,1.2
416.168000727255,3993.386807410888,1.2
6571.699955828376,5085.605571725614,1.2
1303.655184814374,3249.7710261477155,1.2
6872.303129029945,3790.6632333582747,1.2
1243.1998625424678,8614.64312019092,1.2
2672.0596811920204,672.8754492033906,1.2
324.000538986372,5553.6200562606755,1.2
9231.029687264958,8657.819456803009,1.2
4129.71338943587,8602.475546023305,1.2
273.7833244039189,802.6389184359184,1.2
1599.0200426780566,524.4938841410518,1.2
8117.892705361778,4472.387314479609,1.2
9458.681603654266,4748.983950611519,1.2
4038.910253184428,2792.727296271886,1.2
5321.1197250983,626.6349702294027,1.2
7704.947087541001,1024.5932096879362,1.2
3056.515379550323,987.2259323880728,1.2
8975.879355573172,476.1714002392514,1.2
7450.475372083612,6038.447848163501,1.2
2400.5296859644463,8982.723834426115,1.2
7728.417804095692,211.11155031232175,1.2
7712.158457320345,8395.46112564584,1.2
1687.2998089765179,1430.891309479132,1.2
1342.7816826967521,8993.744246877433,1.2
9388.436715389764,633.8813884487637,1.2
3662.2447572181018,4303.85344132572,1.2
7282.51022591743,7589.467331284218,1.2
697.4184042013154,8286.6220696622,1.2
873.2096990233673,6126.6520948775005,1.2
6385.676069179737,4609.440089652552,1.2
8131.430126162857,4655.7357769099235,1.2
1718.5829056349467,8830.679856715104,1.2
8478.436646463175,2686.5724135822365,1.2
9769.30861099925,6459.220720668566,1.2
5091.401236842855,7644.705928171787,1.2
8031.279273297156,5963.538374591271,1.2
763.7130628185673,6542.377008404416,1.2
2401.684893838255,527.2455362179107,1.2
4737.628758937576,9349.755987799594,1.2
7195.6439719176515,6381.6091967774255,1.2
4447.844860506498,140.6546224477534,1.2
5907.861502037251,1502.6755846125816,1.2
1991.6062112310008,407.44787432563265,1.2
3550.210545399087,4222.453430068795,1.2
9864.889985917333,1709.2882942578135,1.2
2391.973289202827,4888.995408887849,1.2
1914.7763475430445,7048.11286235069,1.2
7153.622295844817,2650.7482019652716,1.2
7128.689045907142,995.5098577200572,1.2
6311.983531382642,2431.26483720134,1.2
8545.626568397793,1246.8731284108349,1.2
4065.0912848128296,1864.3629061090949,1.2
522.6017750489342,9380.663694196923,1.2
838.7027049237172,8850.76924588821,1.2
3217.934222576537,3182.0517872722444,1.2
9766.367236310096,6951.90595368921,1.2
5522.093709475456,6800.139849515575,1.2
8949.574251612687,7681.486734299107,1.2
769.2196242956462,6808.886883971591,1.2
3073.0594475541316,9402.394073580143,1.2
2288.8303894587516,7792.578132779918,1.2
6809.489726867576,7182.003395766065,1.2
6193.944030778741,9265.249143837647,1.2
4682.706529604824,1524.0260433938836,1.2
9353.68225070255,5524.505383173786,1.2
6808.131595005292,5392.801539460541,1.2
6385.030329804185,8790.883533829465,1.2
9885.473715527472,7218.023257902796,1.2
921.1738842867223,6144.908061769614,1.2
3813.8068383906466,5167.401824568312,1.2
2219.0935707652325,5226.950936705437,1.2
5805.722519262163,2347.5751362729857,1.2
7497.512113416021,78.93277509316121,1.2
6387.690225878515,4353.895553037496,1.2
7764.209793921329,8049.336069744665,1.2
3281.1301142844263,3388.4578843803392,1.2
2802.3433190144356,4307.806263329205,1.2
806.2609607501392,4223.104007198011,1.2
5725.549515246065,5886.620064698372,1.2
7773.624403066727,1669.571816406389,1.2
9046.930108165992,1736.8044450075593,1.2
6130.4234771811825,9396.202522484193,1.2
1715.8357784105172,405.37918984305367,1.2
8520.802162846052,7380.67987163514,1.2
1253.4793548304112,9758.65234922368,1.2
8917.877763950077,8065.736891667159,1.2
5346.706158302168,5809.47778070163,1.2
2624.9969168998246,5141.188019375648,1.2
1356.7874440178418,8195.847218396928,1.2
318.7129275227218,7189.140536564986,1.2
2074.3168860946303,9531.252456421329,1.2
2072.98573657281,6177.351856121053,1.2
3717.9143900697964,450.7538727071025,1.2
9753.813034694887,4716.73054781421,1.2
4597.135025393607,1545.3536134619717,1.2
2794.149748734972,2393.0189173992576,1.2
1278.7491718882104,9254.743552147702,1.2
8804.41681082759,5763.4247618963145,1.2
9277.451106660816,9063.918535393623,1.2
402.36822962843365,6777.800215124351,1.2
371.0424944490076,4873.968204009226,1.2
5011.365968489895,7512.00662680704,1.2
1149.3693321540654,5699.565379731407,1.2
43.2796366136412,1358.353870313005,1.2
8397.243620884294,5695.281172804828,1.2
9741.21639825002,8630.306136466068,1.2
8164.877862610401,3151.369754218364,1.2
786.7884607648567,9552.676809117815,1.2
8013.481714519851,7365.779608775256,1.2
7719.2802781086175,7453.967018059517,1.2
1696.9100457823915,1806.7891776594358,1.2
7781.4478989672,592.9863500700916,1.2
8440.480660815378,2562.450163681681,1.2
2770.857633796152,8586.214633082238,1.2
7736.256390712494,4282.927814326513,1.2
9676.92008885967,8940.601150426399,1.2
8582.249640216709,9151.776978207472,1.2
6601.073809403981,2587.818731144542,1.2
1573.889005729937,4587.01804256824,1.2
214.18900229307368,3795.4039873299084,1.2
3222.249016094806,4812.442269933987,1.2
1056.6893210125018,6221.251483699865,1.2
6365.869241767821,3075.1344035384654,1.2
7299.696027529459,8705.549989770427,1.2
1154.9382661147768,4683.30628085295,1.2
1988.7405154968162,673.4673524950241,1.2
6397.027597319881,7680.858621815707,1.2
473.61283350705105,6073.1915181130635,1.2
6142.758718170217,4003.3495128524187,1.2
1969.5765961902346,1287.5669332289963,1.2
9870.607596878608,5516.442138012422,1.2
6852.616066888284,3061.8840978470716,1.2
6986.896709738762,2883.334973257465,1.2
6473.586498303125,5413.831576323793,1.2
5107.928670766473,4169.541541245117,1.2
6157.261276034348,341.6334085283013,1.2
8228.014647516673,4772.467592507934,1.2
6582.11903867982,7414.385888687817,1.2
7797.796536823081,4714.631383457051,1.2
7151.588572442983,9362.168471430592,1.2
9424.25096503609,8497.065912329484,1.2
7479.759498046432,9181.064869739555,1.2
5125.334647304139,3719.516530909025,1.2
4601.257767551531,4559.27635595595,1.2
8363.43496586766,179.88645338707587,1.2
5622.295571346697,1133.0544176267908,1.2
4164.880952724953,602.7195902583804,1.2
1841.0871424537834,2736.917381324143,1.2
1445.428809672532,2115.424012248588,1.2
8470.37200648186,422.407889312918,1.2
7638.949362384827,9107.80693197196,1.2
7920.3426065542935,3661.2333280167063,1.2
3244.705974782288,7193.987396275238,1.2
8647.103866902584,1713.1244456346394,1.2
4475.126322138742,9250.582173475574,1.2
5482.299063500942,5708.006158063405,1.2
3571.7199482998953,3526.153085901078,1.2
1123.120253927098,1176.774664912471,1.2
1418.9715484829712,8861.442974844404,1.2
4449.590767121849,5939.42606845977,1.2
7319.802251869119,3323.112496342776,1.2
4601.012281962715,1829.1386616464001,1.2
5927.444089753724,6618.682457618295,1.2
3367.1385742908124,523.8438673624979,1.2
4544.278208282898,5737.051984558573,1.2
1871.2777283052474,4753.185116393428,1.2
4088.3521327671056,6746.118230808814,1.2
1321.0203994591607,2490.1382050652956,1.2
371.10314984838635,3831.6896301590396,1.2
819.8783075111105,1264.6319593064015,1.2
2134.3995108034132,6875.883858999174,1.2
5452.292637147477,8156.362092260626,1.2
6550.663483734726,5905.958099766531,1.2
5887.87915812131,5300.402641878512,1.2
5749.835871510091,6334.9728526181725,1.2
3346.8531768569433,5410.1153328104565,1.2
3805.724386969411,6180.563101571457,1.2
4016.406919272847,8680.21526018796,1.2
6793.248321388419,9453.572920829936,1.2
1461.7642058355407,8599.90645391309,1.2
7887.842182981357,9610.23781924893,1.2
374.2705562434445,2005.0068778625573,1.2
6136.3038748641675,5231.994680542061,1.2
1520.6782544023679,6804.134297384617,1.2
7718.770501486095,9034.942441035699,1.2
2631.1903992324415,3979.4617843101655,1.2
7719.692297981489,6209.535121664739,1.2
2874.523484341315,5496.213630735556,1.2
6516.793740025007,7468.513944121077,1.2
9505.888386030898,1798.181552975826,1.2
9184.743424662996,1454.098316484339,1.2
1647.8338022933326,1773.5416819899485,1.2
3377.937105460287,903.6043789839043,1.2
900.6696587638663,8493.922656511717,1.2
6928.383321248949,1103.9239639975829,1.2
6799.14691937932,4133.297738591925,1.2
9091.6566975532,4010.3907150873897,1.2
3060.759666375992,2647.719613518432,1.2
1821.0750582402757,268.9410216741117,1.2
347.7780936045416,8636.95990005376,1.2
3701.9905069466954,7170.825321358521,1.2
9628.47380415031,1344.3024159742422,1.2
5792.453401503394,807.7394993934095,1.2
8895.603495940222,6749.728112184203,1.2
5176.998283390001,4913.129948358125,1.2
7281.009213924426,7812.526881849558,1.2
3827.8886041711803,6791.088270821314,1.2
9917.553504679501,7153.6925915318,1.2
3926.35731800419,8490.822570492615,1.2
1426.6544519129043,7447.325322153099,1.2
9070.20420590403,2316.952236793194,1.2
607.7463391516947,2432.821802826248,1.2
916.4294417442653,9937.2226446394,1.2
4667.709867398709,7400.853067964224,1.2
7.973040569280165,4877.369826258252,1.2
6894.078317568418,6398.463871596243,1.2
3807.660792623262,6825.770356766836,1.2
7125.350438591819,715.1253020654857,1.2
6067.623733601027,3923.867404053285,1.2
9264.27123967295,4316.269143145075,1.2
799.0278953207586,5649.514850860599,1.2
6165.05735181776,944.6993465507936,1.2
5993.601834323341,8944.672152453115,1.2
3529.3931410909595,6436.032842864476,1.2
3377.0121170462385,6716.639766868596,1.2
155.3175440855492,5248.141798800067,1.2
8309.803806057895,5427.902191415297,1.2
7443.675178743386,9179.27543936776,1.2
3501.704664638036,4364.871992856595,1.2
4846.800067131612,4950.967222314459,1.2
5739.320788235394,4377.075607196977,1.2
2783.652558261488,7102.317186438968,1.2
2797.879009724844,8202.259608972317,1.2
9841.622200897922,8644.352504782304,1.2
4466.784557138093,4673.564313074708,1.2
666.6673861374961,3398.9132219625494,1.2
3610.9530809897806,4611.284421634431,1.2
398.4569310124453,1155.1911286630134,1.2
242.773773017666,636.302184564026,1.2
7990.943026578094,6380.92358001906,1.2
8065.001059380827,5565.025491146963,1.2
2687.4389169465385,2576.1774886173007,1.2
2415.259711065164,7818.451316104012,1.2
2583.9358997133954,4754.001928251009,1.2
9881.964513434996,7123.975420961267,1.2
7146.128671706389,69.0012082945557,1.2
6073.19436654835,2003.5107459918377,1.2
9300.306381873828,1622.0032343787304,1.2
3933.7442224446295,6190.068257367218,1.2
1947.675784971732,4173.022587635476,1.2
7490.313096098909,9334.787145270056,1.2
4513.249243050689,6265.50521831323,1.2
1147.9585648509815,6038.983781934617,1.2
287.67325522239815,176.21018086029895,1.2
2790.21689769102,3108.8136931194767,1.2
8241.66712878014,9629.5646783832,1.2
2547.7839392737665,8414.600779242977,1.2
4370.946650056609,3669.0715429017505,1.2
2403.3877033048525,6705.42993585738,1.2
4144.144408979678,9875.988405280897,1.2
9168.930053159855,4040.3157797495105,1.2
2793.14881649118,1072.4720164166124,1.2
554.9228289894903,7351.9867415792405,1.2
1853.38655789145,8332.34211288445,1.2
1264.1352797769146,6248.451494614819,1.2
1558.7814262589018,2474.3884905039704,1.2
9350.620373618704,8302.635983530865,1.2
5595.899528470431,8532.937207807709,1.2
9944.82794551525,8426.686559979606,1.2
7241.088978456393,4609.4598635390785,1.2
3406.667872106023,345.2469714791795,1.2
9316.054897695936,5060.520004116129,1.2
8994.254110844682,4075.2994685919643,1.2
9702.321748638646,7508.379351137131,1.2
5594.034558815884,2939.121331527824,1.2
3595.0136497702924,5977.667769110791,1.2
4221.871721446086,5989.425854639089,1.2
1077.5789740363696,6852.16747613278,1.2
8347.892986711904,3068.7899630823435,1.2
9131.903016278739,6883.843262138919,1.2
3205.9358307406037,7396.607303110594,1.2
4079.4052726749364,9693.168916245835,1.2
3285.865920315635,5676.473932826935,1.2
8064.324216349712,4616.511898411769,1.2
3494.7569076220784,4254.797368429043,1.2
4678.161180991666,3796.2356260696483,1.2
6444.939665697464,5237.158676311899,1.2
6454.5525904544265,1997.0533024350034,1.2
8550.61119656344,3624.5615702665277,1.2
7300.3071649389685,6732.460910955067,1.2
2840.7113892911116,4194.5305994596,1.2
6185.417372804003,6013.771383162963,1.2
9316.268748812736,2712.0146564693205,1.2
3362.6769893982946,1980.7506662602837,1.2
367.1572664813327,6456.900214337377,1.2
6409.135466270991,8262.20529773019,1.2
6830.312846768564,5518.004768195506,1.2
5393.542901701751,6849.531653138816,1.2
7064.952793590288,7337.62396220514,1.2
3840.7042053496807,7451.199191139361,1.2
6870.0112992580935,5904.032761488166,1.2
6069.90217447549,1685.3150318209075,1.2
5506.805596166198,969.3754244044827,1.2
3724.9202632359393,7240.784582075904,1.2
9633.466469160667,8426.243835565374,1.2
6458.209605985486,9166.432339453177,1.2
9081.740859547852,2128.7641547272206,1.2
9549.666246750447,5088.143871257653,1.2
2375.625796209596,6656.68129472219,1.2
2274.290870826432,138.23503135805603,1.2
3630.4151302171226,7537.095854299009,1.2
3829.1536983619258,3783.163794659492,1.2
6329.647850274523,9318.627005056122,1.2
9733.375037724334,5675.467308202285,1.2
4720.854566650611,8268.134160417363,1.2
4144.1409176372845,8188.514327781341,1.2
484.1733111474089,7486.263948036135,1.2
9722.46856908149,9788.205254879264,1.2
9788.48641705018,5021.9825773556295,1.2
6548.83054797767,6470.368199538557,1.2
1449.063362743206,665.4954053814544,1.2
8953.731242475233,1898.2488989517055,1.2
4894.832349748602,630.0729357381241,1.2
6214.500618686376,8934.963391114261,1.2
1020.2687035475167,5931.030395677851,1.2
7282.41110261988,493.2023221105908,1.2
1255.0310666808373,3032.257992137197,1.2
4143.984316289896,6704.329078476747,1.2
6884.086009500514,9747.179211265124,1.2
8175.748802007071,8658.140334666426,1.2
2321.6123148464,9079.06727849237,1.2
3364.114318684088,7746.783647618867,1.2
3860.268456910725,4986.286690097026,1.2
4969.76550514182,313.3219488385475,1.2
9784.738351216949,1650.6611043306907,1.2
4444.010648550607,4305.647455298526,1.2
8729.65484673828,9305.990873225242,1.2
7945.5352382598785,1307.7650515310468,1.2
793.2121218190969,9950.293168346983,1.2
9682.361013556554,8471.810047602828,1.2
9293.661896686624,9034.235384949974,1.2
878.3925902192724,1449.1827955282931,1.2
5262.089934922299,5718.847284369275,1.2
22.84185279189832,8395.583591132077,1.2
4966.13427357481,1674.0067082739317,1.2
9330.979354688452,7868.86852664156,1.2
6510.919576380368,4852.467314077335,1.2
1117.1651349206268,8542.578026337478,1.2
5361.81930073022,691.9005262667611,1.2
2937.792862240565,6295.94848098219,1.2
4976.597510994501,5062.911012155025,1.2
6359.558550391426,2336.9785248251283,1.2
9634.16946726306,8491.90191407376,1.2
7425.86809553546,7309.886347787027,1.2
3778.5259996198906,9845.111518456179,1.2
7955.307070357867,2917.9687370016695,1.2
3389.927612104614,4973.32330362814,1.2
6798.3914448202595,8225.792259021455,1.2
3252.6055035497916,4959.116291365031,1.2
4986.492495945319,9389.135194192064,1.2
4996.086055420569,9479.061748201291,1.2
4428.197907278078,3927.0766725184635,1.2
3628.9953644281627,54.49110168485704,1.2
1054.387774675629,5423.396025199176,1.2
3267.9942650851644,9489.74835436725,1.2
9264.920640120747,8410.204011707721,1.2
5132.308838923996,2316.6670566295797,1.2
7448.078022935361,4122.305186771417,1.2
4886.540395978251,8288.050295480785,1.2
896.6191934454238,1144.8512092370179,1.2
120.65928181838825,3671.128619383982,1.2
9008.607926791787,2994.495794559292,1.2
3840.6894122444733,31.323025690564997,1.2
7892.065478127487,464.5837624198046,1.2
9203.005274812982,5819.406075008107,1.2
8843.725919756052,3407.8283906730235,1.2
1080.1677488560124,3878.5476900658423,1.2
4133.811400318354,6512.911565766847,1.2
368.5702080561026,6906.5404593565745,1.2
770.330145756829,2209.9220098505225,1.2
9132.015188553816,178.29568373936456,1.2
8471.684081809124,3990.7352090526615,1.2
3743.661124912121,6051.841932454796,1.2
1584.8072980973627,6243.295892475918,1.2
3472.2478004559944,6537.190599009762,1.2
9895.717293132768,1807.3622636084497,1.2
2513.0376646745276,2944.459559646083,1.2
4580.1715531913715,1230.6107122321118,1.2
3479.3709482725653,4939.945424978357,1.2
1971.2224566218872,1237.7207242110078,1.2
8754.475027320039,6115.792737715905,1.2
4118.619331127273,4474.44691571093,1.2
4940.32653992635,1505.7254194247182,1.2
9504.933092526298,6750.526111751982,1.2
43.31761134991674,8580.163905603495,1.2
7868.801369143655,8805.710173099755,1.2
3564.403723517283,4991.163346043683,1.2
9017.051394762433,1668.5300110641965,1.2
2508.339197055759,2964.2583931615263,1.2
8552.907398772331,7140.176007986981,1.2
5962.519746257992,9205.576273492301,1.2
5245.548138865789,3057.6053977028637,1.2
7460.357219302052,5525.949636561486,1.2
1905.61563524138,1302.0565684367923,1.2
6690.621861714907,8368.229351166934,1.2
6244.811725724067,8192.648554546277,1.2
8979.212700357944,4833.581283672385,1.2
2868.779772323412,6500.652573484237,1.2
4995.270139519864,7177.292714347585,1.2
3189.1285899703635,736.3686167430294,1.2
611.1326393340732,1921.4392733838392,1.2
5061.9230842630495,5162.127708759777,1.2
5039.389048273152,6406.825438914242,1.2
412.74500658022293,8519.100874550364,1.2
3786.3369880196974,1153.8088493935284,1.2
2715.974603321537,5412.2478037590645,1.2
9683.553350980408,2333.966936727324,1.2
5046.748095145309,7050.395723388976,1.2
328.73048845245,8001.292311207239,1.2
6236.749347915343,5457.597469311826,1.2
4693.687617549906,3575.826700031356,1.2
636.6370807698419,5244.384018698755,1.2
1876.3922767357933,4118.638311974592,1.2
3577.328198068278,9773.180240941474,1.2
5503.484665844384,8731.681280974928,1.2
7693.205762478104,7341.878665281002,1.2
5051.559959053516,6713.488925270453,1.2
2076.2708989171197,2340.5465602461263,1.2
3846.3387934452276,5997.053358724791,1.2
5870.174205507918,8493.670821591802,1.2
366.92655654216423,8617.28373653614,1.2
892.071198676061,5427.268216064258,1.2
7995.242658760113,2320.8693102549714,1.2
7031.33575767031,9355.141811158082,1.2
9326.898140189463,4346.863136805452,1.2
4457.765056074212,6900.825140309399,1.2
339.60698875975305,2645.834553798463,1.2
2823.17548437342,7029.998585510211,1.2
4411.011304547467,9058.041538093297,1.2
3246.8302873188127,4561.405262332281,1.2
5471.813685860204,2843.6693983071104,1.2
6485.953275423484,1930.9277951279757,1.2
5199.6010076919965,358.3704750244743,1.2
4391.549986984632,1228.6826658857053,1.2
2361.168807458117,9830.209768816474,1.2
1010.8117649256643,3946.2731603241473,1.2
7663.110310509383,4777.243114038324,1.2
2399.69998979074,8845.269472539972,1.2
9768.735280338537,999.7713455084056,1.2
82.4020038648865,867.423223341659,1.2
3770.4960621893747,311.73947901620977,1.2
9597.283080275976,3110.4341054296447,1.2
3578.248485179012,8372.541957606283,1.2
4996.209631329379,5684.627365563658,1.2
1769.8326791045492,7679.262514631378,1.2
6671.756489602772,84.08338995675946,1.2
820.7096273822923,6612.742058928923,1.2
9243.720313279662,7243.625455824736,1.2
9579.613009161625,5573.291502653247,1.2
2205.400757350341,2773.2503724824373,1.2
3880.618441268613,1004.9129707973503,1.2
8682.858529327625,5847.118087592808,1.2
7846.197519164526,2076.4361852711468,1.2
5676.595316441971,9691.389842830891,1.2
4149.754954613201,9987.463851056897,1.2
8083.39160535109,4670.743168270645,1.2
6046.367186977874,2853.1002202015143,1.2
5090.305566082738,1109.8561499217342,1.2
5001.17074985241,2828.2000317480415,1.2
4987.311400372253,2566.627311571086,1.2
3068.775911199996,8492.65897643544,1.2
7855.332644260108,5684.012312510936,1.2
6536.493376516871,5777.271300114488,1.2
6064.082838322801,4599.950300386244,1.2
120.40393975534025,6229.6365831271405,1.2
7168.468253425223,6845.42211950403,1.2
5661.009495622614,6154.368106020273,1.2
3761.733552758525,1296.5021598781889,1.2
4718.728441825867,9592.108666847531,1.2
8643.76522356501,1970.0820196068657,1.2
8516.14436037039,5472.081638683989,1.2
5389.43661906289,8758.028927537305,1.2
5143.89260222914,1933.7175823304997,1.2
5547.41413822741,4848.309728707011,1.2
2817.857174456726,5048.673876857139,1.2
7021.365908689167,4852.741792193602,1.2
7816.434011793414,2274.117143123242,1.2
2333.1445975540164,8603.390437852775,1.2
6466.888691701004,5162.4834826581355,1.2
8173.1666722045775,5431.872888326115,1.2
6240.087244534236,9117.809837993727,1.2
9234.513040048789,2502.900179523909,1.2
7214.702420873663,7615.967503102551,1.2
1756.1390856577696,7186.430292608837,1.2
8401.026924538628,5298.333366701392,1.2
4055.1323878836943,21.28588733122161,1.2
1527.7840523322793,368.074093702897,1.2
6785.688612650612,7279.799266895826,1.2
1832.2438894703264,4629.512666271979,1.2
8507.980400152688,9420.702777832978,1.2
2757.3580616202744,4947.691988085054,1.2
9651.567079051583,4522.883666529716,1.2
8977.671057377936,8045.86110035619,1.2
2926.902388205761,1486.6373926272058,1.2
592.0308863344503,4732.725272390096,1.2
2829.487609911809,3458.891284254325,1.2
2796.8048650608757,7798.837741342842,1.2
7372.46556998975,4694.812251923301,1.2
7532.805781566074,4573.098643792175,1.2
5864.911403939743,3909.1555878848603,1.2
9881.738675348239,5251.021763887062,1.2
6639.183514969524,3521.281368096603,1.2
5105.984543390018,4996.517675270666,1.2
9725.423254234134,4908.191226213428,1.2
3674.9173817918413,9683.484264465667,1.2
6588.953624220839,2677.935138268834,1.2
8635.754472021323,4668.690309487829,1.2
3575.8649890055194,6899.215606410098,1.2
6393.242584508974,7016.359247683192,1.2
7916.574249531661,5124.148105273975,1.2
8973.919837578991,7735.677249160424,1.2
6242.641253561101,7021.349955982463,1.2
8086.635742924727,3392.892634517646,1.2
1482.8046898835867,4952.409174370825,1.2
6896.02393923474,2312.0424336348065,1.2
1115.490271084707,8014.114392159813,1.2
4802.43840937163,8544.741443899997,1.2
3949.6849622107975,717.255440955189,1.2
849.3236107354829,257.131388336066,1.2
5852.222218181609,7130.993379564154,1.2
1559.0628417765251,6571.159482872199,1.2
7670.618574530014,6333.014005051231,1.2
3057.689904280121,7549.757845042165,1.2
3721.654934919193,6187.970586176617,1.2
1528.2639439112477,9339.988050042088,1.2
9106.156567412916,8814.202210501651,1.2
2257.265243390456,6267.536524493503,1.2
9099.720953439728,8046.879296431548,1.2
487.1799704517532,9675.919210058184,1.2
1948.0763362267196,3087.398955781202,1.2
3991.0848300846737,4388.06944231132,1.2
159.22830409413115,7231.212040399308,1.2
3828.9853359766535,6264.064414225897,1.2
9905.932348491164,4320.267825659166,1.2
4309.407646093816,5486.80735635969,1.2
331.1262528286529,5971.818923882652,1.2
2318.180685838571,8866.021782598533,1.2
3969.5180001404306,5876.306645759733,1.2
7681.571416209866,4595.403464513142,1.2
6349.98682135153,7140.412581757389,1.2
2022.1042570352588,5848.426554933165,1.2
6458.165022500073,8494.978139596564,1.2
8864.802538069065,3429.1486868722677,1.2
4930.035431193051,3880.8472225263304,1.2
5432.97393697116,6635.675160136989,1.2
1024.3036267568639,2178.990886848471,1.2
2694.844219400163,517.1553919825567,1.2
2719.3627646854056,4447.30016959943,1.2
7633.8882691126855,4831.589937386026,1.2
5935.372779599537,9706.687122689682,1.2
8145.263687448324,1965.9825235083429,1.2
8069.684689527015,6662.317150874586,1.2
2655.3936625095585,3991.9060248055193,1.2
301.6071863720193,9822.776868821618,1.2
6173.265820705896,8266.158127052888,1.2
8022.918397084073,3690.9434436441447,1.2
2826.246025474939,9246.214335302862,1.2
9746.27778363403,2767.0028410467553,1.2
1992.1189620705115,2547.1818049234816,1.2
4360.255682675891,4371.209308935833,1.2
8705.72826664788,6202.551550913522,1.2
2901.7374666725436,5175.172385297019,1.2
3488.4009646517566,114.9959996880967,1.2
557.9037139522558,9604.37516252182,1.2
7458.7003070276205,9475.140472981433,1.2
113.72256016224269,2732.0147262972373,1.2
9396.56166684463,1566.30986504672,1.2
9033.510457976647,3787.5787532539807,1.2
8464.397566956184,9477.570813778573,1.2
9753.22886677644,9500.823161562404,1.2
2834.443363504935,1749.5096581642476,1.2
6136.016621026055,9342.11681180353,1.2
3582.9125696060883,3593.67714937158,1.2
24.486022869747437,2297.6129946934943,1.2
1683.9622349718886,8461.768228879635,1.2
1589.3346093246707,7640.442414160105,1.2
5396.670401742082,8079.262876589866,1.2
6244.599213118642,6362.286356323887,1.2
9098.190622539554,1841.734228630646,1.2
4067.105686266417,9709.062545111143,1.2
2330.442373115087,9806.106200897058,1.2
8634.37148590051,5962.322931110152,1.2
1558.2169106645615,4664.225324243823,1.2
6590.2617776295665,3903.1432457947135,1.2
6571.690642628745,4545.354343864503,1.2
1354.2715718710608,283.87190174853583,1.2
8738.367766321213,451.073323195712,1.2
5892.845136604018,2735.1973060450164,1.2
3734.853991062286,1692.7269137413948,1.2
7129.623695471851,3464.026330820754,1.2
8749.12859025737,4942.457841448487,1.2
5797.9554141050285,8095.044661392452,1.2
6044.319390368057,6823.870707885982,1.2
911.4904635460952,1405.3129333331703,1.2
5991.03523419848,7502.33460570791,1.2
4453.9410891424295,2261.44355831677,1.2
3077.493408213183,1907.821153169339,1.2
6816.065791081982,7276.220758450669,1.2
4789.25708126968,1600.9583277016382,1.2
3883.082257814281,8634.861390679744,1.2
3696.475758740144,8903.984167453851,1.2
2695.576791276204,7516.103417160139,1.2
421.73865476959895,9061.20886682912,1.2
2344.5479235085786,2337.6052453902817,1.2
5026.97025444661,6580.198993911617,1.2
4363.593022205465,6814.648716348894,1.2
1669.5360590564944,2377.926413546204,1.2
6233.884768561466,1.112330888793922,1.2
990.4771988580818,2904.0796664925006,1.2
2971.3564473457386,2842.6509474396867,1.2
4641.3604548691765,3401.093614680051,1.2
7643.00215634752,5479.132691336617,1.2
6851.75116939434,9060.266528039423,1.2
6777.916547581528,97.26895427970783,1.2
8643.497347361854,3777.7550001684203,1.2
8500.758233674818,615.4651878051509,1.2
1155.1446677755673,865.9165211882791,1.2
7623.344485606522,9512.527888002931,1.2
645.5182253997272,9548.833747420227,1.2
8648.714762266294,187.52905203467952,1.2
3506.876235887041,4844.8465768512315,1.2
4249.897951070898,5073.028814590463,1.2
308.11901078877327,5627.072235431714,1.2
3214.906209325361,7456.728826484658,1.2
4938.265889813085,8245.717713838227,1.2
3230.1907868686408,6838.765908063896,1.2
1429.9653493518194,965.6799615327005,1.2
6065.984839231601,1933.0272318070706,1.2
5618.314349800172,9306.1097817969,1.2
9988.47922787481,8300.637977582901,1.2
8213.629895416114,583.996988904667,1.2
8006.661010596265,1089.179234408959,1.2
9606.072205688935,4341.229078786041,1.2
953.821566924471,7448.330651151003,1.2
7158.100620864959,5224.896735949326,1.2
573.1298063308699,8928.87752614373,1.2
8804.524874101431,8262.057748554376,1.2
5745.164038209746,6190.525002206659,1.2
398.74832173743545,4660.2882174468095,1.2
7237.916848734144,3823.923196149259,1.2
1184.075183751102,4494.421667521179,1.2
3496.4752034163694,1614.0051529950072,1.2
9262.952009663435,5111.660736902397,1.2
7294.014549364382,1145.1651695537014,1.2
1389.4827490644911,3498.408743607693,1.2
9592.00132269069,3878.4628383690842,1.2
7310.805501062425,1033.5633853084914,1.2
3959.9405726056293,9377.16664607795,1.2
1314.2381405984738,5191.828062841185,1.2
6498.519916987362,5363.704696716921,1.2
3647.7858729141853,2098.1470804845194,1.2
2817.712816350376,6321.864353776861,1.2
4417.887006823452,619.4671837088672,1.2
8583.41815551231,7765.315117064629,1.2
3368.2363576292996,9260.282149216011,1.2
675.255738950914,4738.99106589624,1.2
2561.8855840337005,7410.976793671048,1.2
5146.971500138165,4800.283707484145,1.2
4455.657141430328,8641.248190497417,1.2
3674.4882803351707,6016.4662629717195,1.2
7327.492992755619,4486.255832300387,1.2
6957.053939896274,8386.840032497215,1.2
1774.4954616386988,5113.51970072436,1.2
1095.4329695010956,683.7175555948327,1.2
1825.864475181359,9081.745658916781,1.2
7649.944151321595,7011.967239976733,1.2
7903.817573565903,656.1908243956971,1.2
6995.379566533191,6426.837876194174,1.2
9422.006088633547,4977.592337914025,1.2
1139.1163269619885,3302.1371111790077,1.2
2232.409155566482,1294.2615054483908,1.2
1157.130852967483,6475.072359790345,1.2
4437.628149341459,7994.098985527669,1.2
8203.760387889977,2235.063262388699,1.2
861.4572498680074,9813.032968192505,1.2
3310.6228333540976,6685.857707858919,1.2
5607.603248874572,9149.289041624648,1.2
8585.638081058305,2122.746125030639,1.2
4061.7919768956003,8242.28311848016,1.2
6200.069372352922,5284.760138476394,1.2
2166.498109093711,385.2014319970098,1.2
904.4162281441548,7279.613922666659,1.2
7022.922233814249,489.8610082559796,1.2
9211.352509236189,7914.242762316862,1.2
5781.678998471939,7570.771850069969,1.2
4771.026395073288,7715.401288026475,1.2
8824.576258485096,211.8886382236329,1.2
5443.482254300042,6576.832678024203,1.2
8731.242380272235,7946.690290588676,1.2
1044.4197096771634,633.1459742187761,1.2
5969.020634428248,1415.5719386719213,1.2
1104.9821242465086,7975.921137355966,1.2
6636.299174681269,1366.4261163085323,1.2
8349.83184438088,196.98467217714065,1.2
3169.346985103455,403.6301429263078,1.2
3717.463048154742,7251.897388814547,1.2
90.69681165942423,4947.318862776682,1.2
3451.819043904727,711.2088097208558,1.2
9919.200553719871,6153.841148333116,1.2
3492.2702298108875,9202.858587418334,1.2
3698.6207632436663,1303.2230311492754,1.2
726.120621019839,4369.0634339982225,1.2
8979.106489216541,9683.582137807405,1.2
6430.689214722573,2913.4168091053893,1.2
464.05166534215005,9586.880095822626,1.2
5199.813533954497,7930.557217262249,1.2
2142.571254964163,4757.715858936269,1.2
3651.343103822583,1247.7358993939204,1.2
9650.082113495748,9975.016408800198,1.2
9061.486649209695,4757.9160504910915,1.2
7244.043247946691,1548.2006650095814,1.2
6286.902480844444,5513.590972327415,1.2
6260.588375648316,4771.227916270414,1.2
7068.843494138881,5739.720789662458,1.2
3988.770128150415,9253.731959643454,1.2
1023.3409934013748,4603.600371934899,1.2
9856.566024905718,2446.5156681615917,1.2
6339.01901739786,9176.399421128388,1.2
7503.095527247453,5414.816173814405,1.2
8220.101694638184,9786.61146658389,1.2
7095.997989364132,538.103531453935,1.2
883.798786724268,1326.994613592627,1.2
9353.830201391213,4236.384730075882,1.2
196.74698377603937,7272.5810791627855,1.2
1033.9285470363914,2445.8228515671776,1.2
265.98987953469265,3364.7268871994297,1.2
6835.85435739457,7360.228475327576,1.2
9861.952772628976,226.84353538298564,1.2
1112.9931360168089,7686.455647705921,1.2
3543.632891416686,9700.698270470997,1.2
9641.735736375244,8394.258847389157,1.2
6021.302095295769,3200.8338077683197,1.2
5115.546023417777,8937.869306979132,1.2
507.9598337525804,7623.933906560487,1.2
912.9326720100262,6570.826613871475,1.2
7866.688371826055,5843.962743153905,1.2
1692.540790779924,2583.49445086961,1.2
7341.808549675637,3631.216167616745,1.2
2403.603398333407,7534.193868539854,1.2
3812.9410098937333,2401.6934175492556,1.2
6036.071226171015,4687.3725240529575,1.2
4302.369143068034,8016.5212996384535,1.2
6648.642269572617,3489.1648023565335,1.2
7917.632857046879,4043.958504322008,1.2
7990.48107440136,634.1272964809818,1.2
6258.047955341982,5209.494902250491,1.2
2227.2070692212164,9255.76753778126,1.2
1006.4822201807156,3011.7035143991775,1.2
4399.622888015465,1716.7990453583805,1.2
6150.445609834265,7942.081696445016,1.2
9106.27050043537,6682.109925339009,1.2
2307.870367531073,5335.997485024678,1.2
6556.328465731042,6076.371405842301,1.2
1368.0438087043456,8922.229376727324,1.2
1223.3105001152144,8849.812127935767,1.2
261.3605740991154,4421.469498207495,1.2
108.81758109271722,9279.138212388469,1.2
5019.8044587648,792.8120387038917,1.2
2596.8290886168675,3206.0921837271508,1.2
2493.066736406595,6315.172158928068,1.2
3504.4027721525085,8508.365666346896,1.2
9206.090331974157,7094.549381832938,1.2
1499.703482667799,8837.722773425961,1.2
2139.2553432631744,3721.113908488062,1.2
5465.582438547279,4745.56702779136,1.2
6275.712572802845,6704.627636037958,1.2
8213.271467329318,7990.675408154352,1.2
4370.235533222459,875.43150211843,1.2
1907.0652484547957,7836.121232217446,1.2
976.8830441685994,3684.6849023002437,1.2
8567.252723224827,7344.272591895428,1.2
4112.472148262304,7630.589188509578,1.2
121.35895696262611,6880.789164920226,1.2
832.0452314204041,6969.646344466558,1.2
492.86184509967023,516.3633561219472,1.2
2430.2424872485317,7141.895468503871,1.2
2655.8782243617197,9040.449585101533,1.2
4549.206298942577,3741.2313469202663,1.2
8792.20219012534,9314.678382249149,1.2
6176.609510698568,8169.50290595856,1.2
5801.619239936271,353.76753181248665,1.2
4336.884025040286,5161.151219722558,1.2
7674.1229365171985,9633.476671296785,1.2
5902.285564294149,3619.1855662728667,1.2
4302.386924081455,4521.053982180026,1.2
1959.430990095028,6883.105098119997,1.2
9192.248969484122,652.3233503628179,1.2
4611.2758056363855,6108.081626297336,1.2
735.659680340176,1478.0185112683264,1.2
9630.466902867998,7107.005030928608,1.2
776.5062301450698,3585.620688209671,1.2
6763.924715442217,998.8065244596778,1.2
4238.691964903526,8337.779814000634,1.2
2443.938474659083,8745.265529320302,1.2
4819.269383743795,7313.904914009537,1.2
1407.2911982741775,6111.371537680626,1.2
5481.43818250729,8734.194890198696,1.2
1982.1793834801615,3937.845783440961,1.2
9075.218118233017,216.47689949857886,1.2
8312.325337556886,9989.058989358788,1.2
1062.2280195338085,7914.8023554011,1.2
6498.3338355144115,5868.594961117295,1.2
5152.674131039079,1451.2980434672452,1.2
9750.370006882162,7292.435244954853,1.2
2202.7183235955604,3907.5933731560062,1.2
7678.918584480944,3077.2081673483085,1.2
895.3188184933924,4491.860925811762,1.2
7026.879621081334,1263.5138021479643,1.2
3636.428653848847,6004.25950184135,1.2
2746.7198131966584,9220.942012289896,1.2
7898.881989255585,2769.0423363857776,1.2
9170.72339541698,164.57303622715025,1.2
6906.57368447552,6392.22596306796,1.2
8445.410238009474,2924.122311725904,1.2
1528.6621716781779,6188.635722878163,1.2
134.03092206681123,8761.27970875359,1.2
2906.5467537385757,7971.714976998113,1.2
4620.827759530834,299.77580053416887,1.2
6851.545471797128,4266.449160421934,1.2
358.572027037749,178.4668100954112,1.2
7884.537720661745,9789.998478035473,1.2
9423.746384428032,4729.1433269591735,1.2
2762.0287906349163,254.2823199441535,1.2
6654.334738631408,6899.907362389184,1.2
8805.30621198114,2821.027984707494,1.2
8012.113100626872,8628.164900043235,1.2
7920.6998481084465,9763.409930847161,1.2
5451.137954874536,6029.388241477877,1.2
6517.53451286361,3870.1029039922664,1.2
5157.421773012188,2195.8440092298047,1.2
792.2063078174501,3745.052444372108,1.2
1196.9875772785433,2518.6654196726786,1.2
7213.221617291745,6036.370284552558,1.2
7541.0668452397285,9683.287535324198,1.2
7967.9014367189375,3898.4311445766175,1.2
7840.066731202566,1862.6820937333787,1.2
4610.880446614478,2793.2445861695865,1.2
8788.529112774415,5925.217697456709,1.2
2405.5359528803165,3236.561654279193,1.2
2029.4711353136797,7495.771394591512,1.2
7003.8563131942465,6003.472330383212,1.2
867.4788359304841,8962.35672820213,1.2
6675.244356586085,4706.152999031674,1.2
1794.859955920579,7684.673896176862,1.2
8415.412015297907,5922.737096970934,1.2
541.1138806021487,8526.563078686479,1.2
7947.570525795604,2850.154023769741,1.2
6030.220475140199,2487.8352483726185,1.2
8191.354936523108,4127.001872699116,1.2
2414.647623360563,5445.667132298942,1.2
7795.070792516297,2542.215621062186,1.2
927.3002048541279,9716.81817864108,1.2
8746.578103457547,4201.621246088383,1.2
4579.926700815934,869.382714622674,1.2
2393.4435198850324,2175.637620638904,1.2
8353.28869151882,8079.045148962454,1.2
5380.658542698321,468.0285700555598,1.2
2853.9470356982456,3294.713678441438,1.2
8024.423579084437,5662.753581238613,1.2
2268.3700842967937,1639.0226418930677,1.2
825.2699793478035,9110.537744775595,1.2
9444.548591973125,4999.397308459351,1.2
4959.989438460055,7851.19214153305,1.2
1212.3644698416192,2035.1828901105296,1.2
3093.743854172982,1307.9341806175237,1.2
2230.182159015659,6785.509615801358,1.2
8381.68727023913,9668.192248419751,1.2
6424.553929791994,4039.8440633862633,1.2
4002.052960133411,1855.7023001985374,1.2
4816.096463370467,5281.477481402015,1.2
1002.6128230555653,5011.856255164264,1.2
7890.369641178203,5767.784016123186,1.2
4472.402854479143,7360.573213023015,1.2
6500.523397422563,4225.333016792334,1.2
3835.6058094781274,3171.345311287396,1.2
3045.8564183285685,7523.015463664818,1.2
7987.3529452512585,629.3989723334304,1.2
3680.849624998551,6081.4576924775465,1.2
1413.5525739405784,7973.313967279791,1.2
2361.26847192087,254.8804848381847,1.2
634.9768627835683,1000.3594293769902,1.2
443.80766167574694,7013.038894466912,1.2
6286.761080204379,3244.6786120224515,1.2
9841.251247250273,1713.6416294695134,1.2
7871.145464582179,5310.316703135197,1.2
8297.085218231476,1236.2406014848893,1.2
7708.259992475229,6389.225092533329,1.2
7061.414195556171,5809.00491537591,1.2
3133.3654213676186,1916.8105281770077,1.2
4599.648782626976,8965.665810809964,1.2
7204.202723718115,3678.9466045486465,1.2
2865.5244407745563,8253.98801492271,1.2
5251.437271207415,7446.291344075977,1.2
2139.86885100784,3890.678328357383,1.2
5624.826512756677,916.6368115924273,1.2
6621.491333549639,122.06185564558768,1.2
5839.492411209143,4747.256462033857,1.2
2935.497226624698,9042.960128971865,1.2
9379.85442937261,3116.0315465756394,1.2
3984.9878984534416,4656.267352491589,1.2
3438.412261734869,6327.092898825846,1.2
9994.782996248518,1446.821430750498,1.2
2334.770617714419,9999.940507689835,1.2
6734.446725036634,145.8580411477206,1.2
3586.400324715123,218.0896077382999,1.2
9965.048229082182,6155.188365984278,1.2
2387.6590922392684,1946.3119052764844,1.2
2572.448526610783,7265.736565944869,1.2
7852.966128708105,9659.803361663508,1.2
4609.347208626571,1302.031470693521,1.2
5720.949051418843,7581.652934178981,1.2
2690.2447356337134,8022.5233123157595,1.2
5191.1566770927975,4249.039301916907,1.2
1582.1195193044623,7195.11977450285,1.2
9788.633046688012,9603.850921898504,1.2
7718.473409594395,5266.459998055676,1.2
1265.5791668351724,1328.3520723651698,1.2
4616.4491995829285,1694.6882945641605,1.2
9009.830412595353,1795.8916088590192,1.2
2042.8201064284613,5225.551890907373,1.2
1730.611951365647,2239.3803266317113,1.2
9068.559377132196,1379.8349469477812,1.2
255.2370707756757,8382.606229176314,1.2
6128.657223795697,954.0438742578705,1.2
6192.43752903891,1570.0905860741354,1.2
6194.039632887947,6350.046775499226,1.2
8287.083543249348,2003.7526069434152,1.2
7874.2313341855115,6516.7172013329655,1.2
650.6953331687338,2710.1307042413446,1.2
5051.834238503035,5773.9508026355725,1.2
5170.661335661168,4540.970857227732,1.2
9330.513881192031,8199.020905557572,1.2
9989.661328550945,4699.905389154306,1.2
4329.672414879014,9061.92863922877,1.2
9617.67117558524,7931.864619755781,1.2
3884.942035637383,918.1071341459146,1.2
2208.6947360589893,704.3443043759246,1.2
4695.915377334374,3217.916231393062,1.2
444.31815125979824,2935.751602627881,1.2
5435.960911054507,2442.2730617366906,1.2
8862.533591141622,4736.8196950386255,1.2
1037.8160622155397,9522.827238499587,1.2
3025.7001348206268,5110.001940716969,1.2
8221.329648683079,1591.039981189879,1.2
3601.2071925343193,8391.711070298878,1.2
9048.340657779276,676.3667029079878,1.2
9426.950959380618,376.3903186674811,1.2
183.94265570294888,7929.207759324212,1.2
1283.0922634234266,2415.7011849744827,1.2
7444.182505650556,8537.564492931673,1.2
3867.8910862164175,4548.126622220852,1.2
9275.249179583529,1628.285531049113,1.2
1406.010915330843,39.099596831490004,1.2
9898.649566265574,7230.31601286286,1.2
7686.611799263532,9607.369324047015,1.2
8714.421110936919,9715.02794587207,1.2
5269.853250215293,626.4648380245764,1.2
4861.250319688687,9166.622596458601,1.2
7033.519217717154,8727.229366795804,1.2
496.8862993676526,1345.4921180570966,1.2
9686.852763611627,7735.18103818788,1.2
6381.812585856445,221.0481714539747,1.2
7624.652470538913,6663.35875929662,1.2
8803.693132596954,16.094468435824403,1.2
686.3707843149813,8702.178260442723,1.2
5874.971736991242,5074.370176388933,1.2
1417.6827924541124,3945.152714177975,1.2
4644.305107154459,2145.9598438981907,1.2
2746.993436602522,5574.573181114481,1.2
4527.162919325507,2011.6947791422813,1.2
7852.106360121933,9650.365455487929,1.2
2068.534360587522,3557.441583527504,1.2
2987.682169614798,423.844732376738,1.2
3419.74776318803,6828.492025459702,1.2
4192.809624767601,4992.196085215547,1.2
5274.063159142329,9319.03991482232,1.2
1101.4460866192921,969.3484502008987,1.2
933.5550718076257,5099.251182236838,1.2
7922.22583886263,1086.7726696400614,1.2
9220.318232409734,8529.776768366793,1.2
8939.977164190186,9792.14012135289,1.2
4293.213973123464,2598.135416057271,1.2
4317.943539720498,7194.45489292905,1.2
4386.983615121764,2995.3671126621653,1.2
6100.650202586676,8375.323288238164,1.2
2715.0371181043997,3575.0170453463916,1.2
9245.82045819988,1393.05642155523,1.2
2562.9863207623603,264.4397380500407,1.2
3020.389695042188,1327.9744101441916,1.2
2667.4770557107986,6906.316473418039,1.2
4792.447392448026,7626.964950171708,1.2
8774.142419593461,8457.794885284628,1.2
4914.609038079222,229.86575417572985,1.2
7920.092391726937,8648.93360838142,1.2
1711.1720977800992,8133.879464158028,1.2
3325.116980480193,3441.2358440910393,1.2
4434.821621070745,8719.44789307963,1.2
3075.2569530888063,8738.508201640323,1.2
2056.92434248558,8771.119753627341,1.2
7466.533434446323,1384.2354813706027,1.2
711.0701189852753,9076.986318936495,1.2
5.737889167073407,847.6361420509293,1.2
2270.5314858616,4834.518345942492,1.2
6174.76662700068,2510.655254103731,1.2
6185.323899319386,9380.000099395067,1.2
7937.194543331801,2533.632336974083,1.2
5915.816542480149,7542.059580063044,1.2
4355.197276336568,4636.820900133489,1.2
5115.418252547605,7058.793711632197,1.2
8452.84058749563,2661.899811274413,1.2
4433.757420770499,786.8579225910511,1.2
6283.355692458438,2685.028464330591,1.2
1111.3104410580077,4338.470039855048,1.2
8263.892185586024,4000.1543011253702,1.2
5360.237122160383,1571.8879340177627,1.2
2516.7299969134747,3449.358024095287,1.2
6208.464074850864,743.1169153262196,1.2
4835.590522689646,7576.871867426299,1.2
1050.4920291468045,3293.1533373753864,1.2
3331.6369894911722,7131.027408194147,1.2
4216.765687130803,6121.766758969019,1.2
4224.788734468206,2030.5738801113982,1.2
88.97503303866294,6525.845248699391,1.2
7240.315437458568,8310.379672484147,1.2
1977.3871522611864,7963.0317964496535,1.2
5549.591588673491,4864.167772773179,1.2
2160.2560122419436,4216.698181982236,1.2
3134.708838331387,3613.0064733777635,1.2
4755.902019606946,7175.873895530502,1.2
4646.822919060352,5751.0721665507845,1.2
8750.310428211174,8442.379655213126,1.2
4121.35241006212,8126.4727612200195,1.2
3565.928826413567,3279.6322727427705,1.2
4477.218468499233,9356.28067630047,1.2
7381.67169026777,2685.1634819093406,1.2
8227.273586810816,7285.188276715056,1.2
3486.473555489269,9531.282140663234,1.2
6219.938894917246,3228.9939843428106,1.2
8913.993952337636,516.2324678831776,1.2
1059.2578703646582,8531.566831554099,1.2
1636.9498224470924,6583.807843192546,1.2
8964.365407855572,8120.850989091025,1.2
7239.782626652685,8370.155373811818,1.2
6517.984457321919,7874.062583523111,1.2
1455.8900350480142,3503.5892929478787,1.2
6492.951485397358,9413.209235375163,1.2
1540.4542388453358,9517.179243837612,1.2
6508.788886690589,4819.673561197723,1.2
9334.553595063151,6667.031399538346,1.2
3939.6753004281572,4768.2280140072535,1.2
9823.36171209538,51.67023483893418,1.2
9647.82239006857,5092.350119781863,1.2
9735.627806054483,261.1713219646816,1.2
7321.668623212808,3050.7811665509134,1.2
7385.763921101301,1090.6906645157865,1.2
2649.1417145275764,3008.71765386052,1.2
8132.588657467475,8509.04248538295,1.2
2360.0521438387523,9510.147199853618,1.2
4466.706016386017,9395.781204426727,1.2
5815.305946997605,1132.218280059789,1.2
5410.690599060694,4337.77699965574,1.2
7732.802437094864,3345.1878163232586,1.2
2484.8689460894057,5527.954404207321,1.2
3279.117016597456,4828.575950876883,1.2
2465.5966493803094,103.0872977684616,1.2
7361.120261166852,4337.384922132787,1.2
1224.5220439788784,8702.036900001576,1.2
4883.481319909723,1638.6563444319058,1.2
6649.271532433084,5196.2908048498875,1.2
9441.431189046843,1222.8386627930677,1.2
4137.179669533128,2284.1066562489486,1.2
1860.7546785062134,7495.758748474298,1.2
6592.461710580446,8845.993552156473,1.2
4995.778390616262,6974.376030216501,1.2
5138.835802142035,9144.526063051675,1.2
1162.6140402232054,3385.5680175024404,1.2
6295.628840768582,6591.748684863985,1.2
3953.8672355049,9823.553827018315,1.2
2881.114461755472,2765.7723102212885,1.2
8823.215834056675,1187.7755902186282,1.2
2203.6250161540283,5195.928592673937,1.2
4223.8417733934775,1522.4346702693326,1.2
4512.676963285868,151.91799323955757,1.2
3553.848131515337,7278.32173319427,1.2
8637.86952066758,612.6185402832574,1.2
2392.173859513652,300.43327451653835,1.2
9372.963339368109,6202.287422365656,1.2
9969.269078282156,8307.10738983082,1.2
9307.076730366569,6149.212809560149,1.2
8175.813917459313,5659.9163755754425,1.2
3636.7751673261896,4134.434353239773,1.2
7087.842278753479,2923.369658254652,1.2
3542.688539380616,4306.936401327659,1.2
1099.8957632893303,4561.180013848938,1.2
2811.054987222964,1982.4111645908338,1.2
4746.134149744319,2671.8732274406075,1.2
4002.096737347849,9710.277216648994,1.2
2882.9782324794073,7627.152856977213,1.2
8157.696616080525,9097.21959196026,1.2
9268.43282460949,83.51327239861872,1.2
2766.595611100623,7936.977449579884,1.2
941.3322975118366,5393.699973386401,1.2
5820.898926165193,2911.4401669293297,1.2
2923.554834583918,1859.9370431708207,1.2
3725.853319357135,563.0913509332125,1.2
3623.866252162703,50.16411794115494,1.2
2737.3929296402966,4622.9206989080485,1.2
2900.2788676564396,7092.174982058093,1.2
8230.370011078743,219.87968883224517,1.2
6970.124833498944,1326.2958462195807,1.2
9015.37399041784,6955.577973886775,1.2
2372.259601323545,526.3500775829277,1.2
641.5691773567312,6460.475686608083,1.2
2503.59782722572,2179.9212964982407,1.2
6856.479008272024,5021.083924426798,1.2
9368.238281365373,3762.372582880077,1.2
2013.1874736439404,2782.584836634262,1.2
5301.072320015485,422.74904418612925,1.2
9611.266624417527,3451.9037185472935,1.2
1038.1254941495376,6866.8070458988595,1.2
8206.847862621336,3316.7030637733174,1.2
9263.351350591756,1809.84511424512,1.2
8916.03438277764,3447.8089986486293,1.2
6832.767599749869,9430.379221461897,1.2
5668.846594996722,704.1220258347936,1.2
5469.658802430317,6699.970471678698,1.2
2104.2383598676583,1206.1932632660066,1.2
7697.544681854357,8013.952150714273,1.2
8962.301009569734,9864.476877863543,1.2
7216.504565659716,2872.4137273134943,1.2
4987.803499082658,4726.765094204062,1.2
4422.1278289419415,8844.145823833402,1.2
8024.305278044254,7897.435746991204,1.2
8448.313057399197,8756.661514335616,1.2
2291.382044127279,5874.193277024585,1.2
9621.675414042493,9254.490138284746,1.2
589.1833554567361,306.1590642532763,1.2
2898.3788650079177,3617.266387023598,1.2
3121.6414211096712,8966.724500286979,1.2
7019.0626752099515,5906.9293033611,1.2
7076.088611848533,3862.8208694085674,1.2
9430.287666157239,4354.564781341091,1.2
6063.831668414765,4569.747527286262,1.2
3552.2728982654917,7918.481056077032,1.2
4207.992348641624,9502.533181125453,1.2
9064.995731477084,9282.713916183251,1.2
2519.290024999423,4252.735832243877,1.2
3029.204386934298,4476.840463975154,1.2
760.4762834331136,130.8322418042207,1.2
2514.930382726811,4092.220167843571,1.2
9106.355904679158,3641.729971452986,1.2
8436.433312256775,8257.433631287735,1.2
6371.944382801248,9984.672046160691,1.2
9901.071411699957,676.4446019039516,1.2
9399.195358443065,7000.586647340982,1.2
8549.378415946987,5910.438155508559,1.2
9211.455062585186,7578.109534227262,1.2
6657.567170339073,3498.9677571238167,1.2
3930.553850050462,836.2779315841784,1.2
5827.74117030949,6452.459118192769,1.2
3774.1190862884664,7012.377170991568,1.2
4803.517890852393,2659.98692051606,1.2
3614.378357735736,5441.0117572869385,1.2
1666.0746498138,7960.189515796567,1.2
8949.41315091011,762.4674316845159,1.2
5430.657341203313,3693.0303673908006,1.2
8233.012401615857,2070.5917554853204,1.2
5678.35835170155,1987.5433913382567,1.2
66.7147415926861,4749.532245886992,1.2
6278.2138250536245,5641.034951396075,1.2
7686.149268869629,5217.24897597201,1.2
3198.6980051235614,6167.211098047091,1.2
274.5915668893528,9711.376195989462,1.2
907.8470550037209,3567.9306341545725,1.2
2558.13305969208,7837.640446836973,1.2
6171.767267892589,2860.688211566198,1.2
8312.267346457667,6334.513133514474,1.2
101.67566218610702,713.1661911052755,1.2
6851.055586476113,9370.391525226238,1.2
1370.7157465665166,8496.055006703762,1.2
9286.489144120758,9367.356886664978,1.2
6217.624091915963,592.8669909937745,1.2
9896.307120494115,3707.3029936684943,1.2
2713.392135609134,2154.369409246023,1.2
5943.05015244464,6368.299495926055,1.2
5227.56957548324,543.8053238501827,1.2
7343.211154612554,7589.671301308281,1.2
6277.23799534723,7474.751008181221,1.2
6006.895512852026,5218.868846740278,1.2
9698.998504112475,7540.956747659438,1.2
6098.036860429391,6865.454669664278,1.2
6657.0868274031645,9983.03191106143,1.2
7614.567394951667,5993.9838446945105,1.2
657.8415544285399,1916.6231064859107,1.2
8754.153852559888,2629.9165371744702,1.2
7113.165439110439,2027.5656756796734,1.2
8998.520598882753,5253.965328754425,1.2
5302.9111431489555,547.2383319818364,1.2
52.96953496846557,3004.495760800967,1.2
8043.170761415409,1990.4075516806663,1.2
5663.543153025918,7781.158454318251,1.2
9252.465473612854,4831.022140109565,1.2
1285.2124931319154,3393.9954096868987,1.2
2516.4980273224114,884.9063719393923,1.2
7418.201121842625,2691.0315085593793,1.2
719.3765666408292,1423.8651036554518,1.2
6660.089233150927,8948.340440446313,1.2
2541.864335288657,1406.2135636643459,1.2
4541.3338643902625,8784.044169758863,1.2
5091.29716463978,7375.444553308713,1.2
9429.90598449531,5756.255249852204,1.2
5551.675741652958,5833.337785744042,1.2
8968.17113995775,9424.699099964688,1.2
6641.37101553869,3372.3154758376495,1.2
4901.420182911149,7422.696797572365,1.2
6066.72638994074,1430.0598181040637,1.2
111.2348635829552,9526.603231697818,1.2
3811.0785044396166,9179.860394269535,1.2
3594.1978095486816,9573.33912365473,1.2
6970.237465164051,7804.903043916747,1.2
8101.425225248791,9833.858760550802,1.2
3830.690542567843,6839.428992963479,1.2
3832.1636689883767,4644.638646196831,1.2
8711.448711739738,1971.3023720651656,1.2
8358.22250628891,1458.2546829375688,1.2
7738.780137928112,2529.234418050498,1.2
3467.030033281686,3276.4908624879085,1.2
8550.38173124938,3340.2094289636398,1.2
5566.1590844758375,5058.568776261516,1.2
9302.62429963265,749.9306406975992,1.2
4236.051495717214,289.9374136034205,1.2
4131.460521520816,9878.095762409537,1.2
3013.1713045338693,4363.361967156002,1.2
7971.618615780345,4393.647527946946,1.2
578.3073346172962,3456.1910303998934,1.2
5641.165899107986,9462.786548831353,1.2
3418.7991615226633,3560.38807708294,1.2
3170.5580799391064,3284.103824748812,1.2
5215.632124298467,252.3806024606079,1.2
4103.237651119412,8804.734869551125,1.2
1814.7236790930044,8575.053607995384,1.2
1880.9264640330869,2546.944137225555,1.2
9312.368390708945,3946.3570107120104,1.2
7375.837596996393,9312.091012688912,1.2
6377.222396822716,7422.271237781247,1.2
8257.70895617165,7908.602259069197,1.2
8126.968748594895,1439.350158230185,1.2
6314.699416556801,1563.6758281863017,1.2
1308.376354613423,1808.4959611158724,1.2
639.5729182284305,2462.566353026133,1.2
5737.124812758715,3473.128791790532,1.2
3307.0726028534514,6589.34882065924,1.2
1758.1150259009114,4812.21550071325,1.2
8760.464464901155,1708.6555865902208,1.2
4452.1537662601495,9809.822956626662,1.2
1394.0039999940711,9838.773640054907,1.2
6548.837409829216,9075.016162534379,1.2
3159.5160164969984,2309.7819443440635,1.2
262.90163525186426,5528.220761829189,1.2
9481.52525511268,8762.406947216095,1.2
5546.752661124819,4779.90123564761,1.2
3525.1123185475676,3439.631586444932,1.2
2501.1677489589147,6151.796866671059,1.2
5072.086746277911,75.39087513508736,1.2
5686.217582112443,4094.1325818784635,1.2
1027.1797888469803,5379.067642814051,1.2
6035.1368723150845,5106.758361077513,1.2
6277.053185375102,5618.596000410511,1.2
2187.5533470884056,1991.9933452791138,1.2
4444.716143097274,922.0371955484296,1.2
3518.2450650152596,653.6322861336863,1.2
2486.8253352749202,6262.820262650195,1.2
9697.365816510255,5489.114085064883,1.2
697.8656598617894,1574.8156226123579,1.2
6058.791861617981,3501.972438913916,1.2
1372.7835388396416,6299.075083576064,1.2
638.7840542833467,7009.324739077481,1.2
9265.279778113292,6118.4224166720305,1.2
2690.16316116496,6245.514213953086,1.2
1187.1415636629335,6838.131898117455,1.2
9140.72114884962,3767.6999683478793,1.2
3938.1864596447413,3284.0354715188637,1.2
2745.3533017316445,1927.7473047571148,1.2
2462.055791311093,2102.1837389222355,1.2
1007.7720989994021,3772.402826850045,1.2
6169.478052561855,1279.7252061813924,1.2
1304.5664040954307,2888.6131477183776,1.2
3154.0621850001703,4460.98514984987,1.2
2500.2370393750484,5876.064827624678,1.2
6.160894265474504,4718.4132685782,1.2
6718.65024681269,3358.0293945658336,1.2
3906.894050305587,974.047720527631,1.2
6898.955887859005,7563.570424977815,1.2
3113.0447904767357,6831.158440631706,1.2
9955.523081942476,283.04074966615025,1.2
282.10346660352934,8317.426913360687,1.2
6723.469239890718,8573.284918192798,1.2
7617.9680710822795,7107.840963439085,1.2
8832.898730747,5415.151051110072,1.2
4261.990554915152,5874.4701618916315,1.2
8165.463581980528,9794.536083940684,1.2
8930.555825819387,1132.0829546463717,1.2
6030.400240294199,5024.640888163054,1.2
9425.469533098063,4894.596845434792,1.2
1120.3473364247852,1007.9921228007727,1.2
9669.143618413766,345.4941747860518,1.2
619.8115953504124,8327.91297722318,1.2
2542.6820210444234,4954.3001344223185,1.2
5854.842826681657,5810.587480843118,1.2
7595.5834631437365,9788.291183209414,1.2
4196.699213997865,9515.493241506878,1.2
5409.940496848503,8545.04496649212,1.2
460.9866703192545,4348.97111283205,1.2
3808.6143688241314,2249.643992279371,1.2
5177.327957846311,5349.10038930937,1.2
2171.5725788791297,7541.679492852942,1.2
7585.303005458165,2535.9452666833713,1.2
1576.476042311461,6695.698098999606,1.2
1972.9939064530865,8352.02005309148,1.2
7096.964205346391,4762.900577798411,1.2
8608.786160833732,3095.002026043396,1.2
4958.2746203472925,9769.584861300382,1.2
9558.891154753024,7183.476325172825,1.2
3780.927796049236,5894.772719742987,1.2
166.23323554313507,5012.273523820915,1.2
6262.235617169299,4227.207781757076,1.2
3492.864970986337,6307.867469187756,1.2
9859.579197874213,3353.242081682353,1.2
2977.151030348362,8050.500540427188,1.2
896.1907832955441,7036.815139902787,1.2
3224.109528876634,9663.61742278225,1.2
300.21642517242594,4598.959023216948,1.2
3723.6627626004183,2739.2680202376896,1.2
5751.97921760395,1952.7900467616155,1.2
8680.9928685144,2211.6518015821953,1.2
6478.030179821994,6314.988385287321,1.2
147.75569933262122,8138.220646369532,1.2
4606.516653234625,6779.493717820665,1.2
5411.552011211652,5213.696112830617,1.2
2971.791778593514,5699.701515842405,1.2
818.1819727109186,2902.5121306684555,1.2
1589.6398084272112,2799.8191877226554,1.2
3025.195329776412,925.6875607175185,1.2
7878.514294767738,3161.834297766896,1.2
4905.35651969386,9371.70057854352,1.2
546.828480209065,4061.8619819507894,1.2
4310.06461197554,7119.727159791398,1.2
4031.949476411023,8242.358291796254,1.2
6140.843459314976,7125.8788677202665,1.2
825.9323150714914,5510.782953012159,1.2
6112.147710086035,154.692248577476,1.2
7064.199144204867,2043.1180904643277,1.2
1424.6237916434025,1086.1794951922466,1.2
7373.898324555363,6202.438881155485,1.2
9838.492288282052,5679.589666930405,1.2
7970.6841729918,3572.8456104398874,1.2
1943.468311731452,730.4977291102576,1.2
911.2352640781718,9012.72438532847,1.2
3058.4730370230095,8882.964225576241,1.2
9800.526238539927,5868.360223101108,1.2
2256.1520299422687,8820.957184317907,1.2
5362.423452554343,8202.255023350106,1.2
4842.176847455303,1926.8657177923653,1.2
9893.912414422482,8254.4106797185,1.2
5465.006909418734,9832.31647470832,1.2
9877.473727793427,9648.418645514148,1.2
2999.309515178178,5865.23232037148,1.2
5429.618740643227,6000.656221645978,1.2
4182.041245192662,5599.711517079343,1.2
5801.934264495599,4033.7374817559125,1.2
6495.2486535720545,6189.853646501413,1.2
1930.2411767751337,360.72171904640516,1.2
8156.774681158598,6173.790926547078,1.2
954.6292139102708,8019.476115172171,1.2
8135.305266941092,319.23407480124786,1.2
1413.892817634066,2466.559398833412,1.2
9340.575854882989,3690.561211004092,1.2
2695.5524249930972,2247.882773547253,1.2
6678.175550881338,4689.231603083238,1.2
9842.413294651413,4734.10312243423,1.2
4985.522038280968,5221.580108644348,1.2
5820.597156629122,3969.2548802902847,1.2
229.87301315635312,6324.008071044947,1.2
7372.479777793281,9813.975808721687,1.2
6005.007585675471,4849.182679400293,1.2
368.1101689362998,3973.6823096115095,1.2
7158.030920637662,5277.4294920177,1.2
8005.126073003471,5405.252324805665,1.2
9501.028578617917,275.8914779793753,1.2
7620.225209722749,4229.995005923499,1.2
7241.364577198906,6212.1278005852855,1.2
6847.755037554354,1777.1926053287868,1.2
7096.534374376456,828.8059397635827,1.2
1796.3092754085508,6671.229503054058,1.2
1616.498020353071,8818.790573513023,1.2
504.119931655802,71.89281159921346,1.2
670.0213576406633,7840.866258773866,1.2
4919.925290930043,4541.133737803917,1.2
2257.019359285286,3624.826651823663,1.2
4860.513325481621,240.2738485131173,1.2
4665.7484678037,9867.06998086511,1.2
7217.3101733569465,2030.9359821645944,1.2
3327.721230274512,6472.160016681625,1.2
7389.765122228431,3251.0765727003923,1.2
6879.2264338805,6514.453174008245,1.2
1506.8274532576897,7296.0846289691335,1.2
4768.55039323603,464.85542565716463,1.2
6092.99391960331,9442.43400445624,1.2
8291.197864577032,496.97458730333375,1.2
9353.454923810514,8722.06586932382,1.2
265.9443769923753,7036.6526658250095,1.2
9576.907366158233,7407.615032178827,1.2
3607.137265208424,4120.667765024572,1.2
5694.168453327739,7648.519909734258,1.2
7266.225504810017,5175.084083758381,1.2
9066.750434635227,3770.1125092155,1.2
2365.1494469121603,5384.764291373309,1.2
4781.019569339536,9009.008710137818,1.2
6011.548776946501,7772.457729754036,1.2
5676.042039585546,5786.70128477389,1.2
2031.370246082781,5064.343337481097,1.2
2827.1563863922543,9679.894489886889,1.2
4390.554981981094,544.4146641126201,1.2
1776.3680667266458,885.0840992860332,1.2
4994.112788703099,8692.70828613921,1.2
4116.190994576795,4802.382026220125,1.2
4545.874602709001,7258.408151639014,1.2
7091.847060962723,5509.703259883863,1.2
3000.4126893301,1532.4955265347562,1.2
8219.153973701917,2290.945304507226,1.2
6836.872925338792,4123.1119893022205,1.2
5937.937739025413,4381.352749199665,1.2
4083.389481904587,9592.80723332206,1.2
8416.975775795956,6634.059867239871,1.2
6261.984851532931,5010.997621918314,1.2
6669.295942907283,4222.186449434174,1.2
5309.067627917889,6472.221997815836,1.2
8912.750858289524,11.044385682206226,1.2
247.48833416998073,8508.08530809129,1.2
885.0342451258697,5283.335138228595,1.2
1246.137013955867,9518.722697501426,1.2
2850.351929651058,8231.21533997411,1.2
6670.2416640562005,8319.124570365117,1.2
6799.386836190649,5605.690772525538,1.2
6377.434895463982,424.2131293831408,1.2
8930.236799297621,1197.7233003803944,1.2
5989.234198814195,6370.089932700475,1.2
2966.0740511875315,6548.870299725018,1.2
6438.312574899877,8848.253724231721,1.2
630.6648481135325,8833.55217013509,1.2
6380.8597390800405,7390.915380597913,1.2
7079.152710145149,1764.2474605795921,1.2
5943.859808601537,3627.3186547583637,1.2
8747.94933948847,8112.488103794547,1.2
2087.1231466401287,6694.026818966557,1.2
4552.934389924784,1796.8915306325296,1.2
6736.883836105198,7366.158496683966,1.2
5071.1440305726965,386.4452785095918,1.2
8829.90703119874,5985.879723850815,1.2
4086.379477145129,4588.310895956386,1.2
340.1769252984899,9827.032768327736,1.2
2348.2122127578955,324.32876255816035,1.2
9755.08250839105,836.3999711862535,1.2
840.3729284896622,6226.633188143953,1.2
1573.9807008790528,9315.464075949882,1.2
1897.0341637788601,8948.56275843347,1.2
4451.11546977176,1185.9772337240504,1.2
2668.9557259226303,2615.391518118164,1.2
9988.185329726606,5548.703861548014,1.2
8889.043474276772,7350.216365914574,1.2
237.2179424056664,4667.207973473034,1.2
1891.2105715041416,4932.924913271431,1.2
9464.20797366832,6614.482144240134,1.2
1532.532224924623,8645.097087684399,1.2
6570.187877455293,9934.687421627033,1.2
6955.217064949185,7005.426026189175,1.2
1975.1728983635585,6519.102035807439,1.2
327.5664082236374,6631.386276564512,1.2
6787.56342081803,7699.540974285597,1.2
7575.845853545878,6272.1739170671,1.2
8261.349082507735,2674.645386132012,1.2
1764.7882190569242,5318.1767597282005,1.2
6250.3953417498815,2128.8921746415413,1.2
1610.7910025457372,5132.0604246752755,1.2
329.4174484566581,3723.7491605042183,1.2
719.0538995441353,705.1158165418148,1.2
9190.098949795782,2884.5732868562623,1.2
5194.848693328957,3025.828834225379,1.2
156.0922742673787,7564.825950343152,1.2
4.69613074623787,8589.168774346686,1.2
9890.524474296455,5783.795652739063,1.2
2621.504176732096,5086.514508950863,1.2
8737.739374466264,6866.143353738695,1.2
3518.960146422705,1036.5812073640413,1.2
5319.802743334414,5247.334027304693,1.2
1530.0932068501327,344.107969863231,1.2
1171.5127452401098,3859.5397688960097,1.2
1241.2637016248452,3949.6298533183317,1.2
7072.970247517637,5198.422352213571,1.2
8095.995509038874,104.18445735195792,1.2
8583.550800555367,3401.623496269857,1.2
4342.658617581118,585.3637761703245,1.2
8781.387977061551,9943.842737577195,1.2
5779.12237723395,5716.696311275134,1.2
8459.491943074303,4492.832111414135,1.2
8888.010747658709,9154.605555824428,1.2
3823.630665194735,1169.0015527977039,1.2
8246.9030428965,2977.2517564423583,1.2
7609.666589354322,3058.4595095635405,1.2
9634.912444480042,1040.4218618476302,1.2
8819.748738074168,4112.4627334367815,1.2
1591.7896650975704,8654.81866367413,1.2
7630.976441565323,1125.197216728986,1.2
4289.485104704626,9638.72855621569,1.2
2040.8243378788882,8795.369581405226,1.2
2716.5633385120213,7285.888704967895,1.2
2970.555946490776,8950.10376715726,1.2
753.067389403862,8568.010934466629,1.2
2788.736674333687,6398.640708153625,1.2
7589.260064943608,3775.654339475387,1.2
4087.897476121559,9250.172751872413,1.2
3198.160923100338,2662.0948901169427,1.2
1639.9225612270097,4908.5183394619435,1.2
1002.4743121763469,4676.732347625368,1.2
2225.8984352981815,1001.7451424887958,1.2
9591.527705838229,723.530297752788,1.2
5135.429481677294,7441.278058620637,1.2
1303.6545737737315,5737.727098558588,1.2
1882.2135709855193,2627.1219954574985,1.2
8142.35102601213,3298.2835736284424,1.2
8555.195342220655,7409.815777857497,1.2
9936.684958161159,5402.8764154744995,1.2
6327.023258579452,3637.564114546723,1.2
9577.874669202722,7466.285492136279,1.2
720.7391811621854,3797.687407841672,1.2
1857.2588830550308,2494.2218613404034,1.2
6518.084180816853,3404.3570368113774,1.2
8231.792049280171,7842.086592331381,1.2
1286.7653078684139,3513.441092378402,1.2
8005.561703846757,2154.866457650135,1.2
6999.239826174153,2847.8267644630196,1.2
7711.350660882757,9037.446885405498,1.2
9910.513631434926,8311.719658796525,1.2
8038.198478572926,4119.255151662641,1.2
3263.0728242667337,515.9711483749674,1.2
7506.311926516378,7864.573774709695,1.2
407.76329893928096,5710.888340444002,1.2
6716.860872325167,3181.487349892298,1.2
1635.5410555613958,7614.651105718429,1.2
7461.670598154692,1284.9191546340244,1.2
1213.334125018366,3584.2901888011725,1.2
1419.052199308126,472.631627501231,1.2
199.24726329303422,2869.9385365958997,1.2
877.9894152909295,9638.533253704416,1.2
3517.954143773455,1234.131660197969,1.2
3140.931003759522,7188.338679437568,1.2
1350.3505375519153,9865.322684816785,1.2
7351.701577702898,2880.674102998412,1.2
8229.066206251517,6377.985987112008,1.2
1768.0913960121102,5597.095212848757,1.2
3080.5197530456353,788.1362429949246,1.2
3685.083021113821,7012.127626567095,1.2
8716.703742150707,3809.7779813544953,1.2
4538.355055715626,2536.4318513778217,1.2
5153.35982169101,9187.508952215985,1.2
8873.589737581045,3257.556447194219,1.2
1309.8726447213671,6379.4086652979995,1.2
4682.730941856237,7376.11935767432,1.2
9524.973385525684,4230.45056457201,1.2
2258.986588960129,3459.96432141069,1.2
4738.960708352263,3006.621050015509,1.2
9147.921616765083,4397.261819730717,1.2
9719.4411055534,1438.727507079317,1.2
5975.684709215,2667.1828208635216,1.2
9088.969128612855,9761.478923690818,1.2
3279.8405000229336,4669.926498221428,1.2
8245.113928790204,4618.181322450225,1.2
8942.652990632816,559.94802067602,1.2
5966.537908373545,7447.871492150544,1.2
3545.1330011761493,2913.717906187474,1.2
5363.1677625676,4987.103003741855,1.2
4864.783921928571,8368.984372411349,1.2
3146.221443017095,9841.60692165997,1.2
4046.081931746619,1817.9943355535088,1.2
8467.898636054297,8625.01238946384,1.2
5139.0040996857015,5424.634726158448,1.2
7753.635306368985,8271.954306624555,1.2
7332.857110876705,7734.694985527699,1.2
3365.2998901304163,7412.397058040163,1.2
5308.252766214953,7735.1712854188245,1.2
247.00336281028302,6536.289051078487,1.2
3293.4327508952597,6897.156496236186,1.2
819.020262959177,2261.355027880768,1.2
9389.658617216048,6764.519319308667,1.2
4187.636609570496,3784.1638633578823,1.2
8548.446700820354,6823.17872429189,1.2
8537.098267405603,2902.133968832633,1.2
9150.733362453582,9478.96621375837,1.2
8761.903873933921,8655.74118717683,1.2
205.70827570231097,8331.664534023863,1.2
5136.964799443286,7697.979893158501,1.2
3141.5795113611966,222.02277043080753,1.2
410.1573341832676,9568.402888696599,1.2
2382.3466045140517,8435.58824555151,1.2
459.5961505501267,3745.8772069160173,1.2
7754.836253752247,4454.445298167346,1.2
2034.1724850110543,5855.603044706629,1.2
2817.9198954566364,5009.896837270011,1.2
9407.856975213592,3652.926333461892,1.2
8334.481809766758,1981.9119902742366,1.2
9669.349683226634,4338.475059918195,1.2
3490.742277540194,6107.289839158992,1.2
7001.404747883299,6230.334748785263,1.2
8860.866641312523,5696.173154475144,1.2
7916.633387606007,8557.092406303802,1.2
9486.637003849379,1013.0910177704588,1.2
9461.122455656025,5108.529950008908,1.2
6206.737645375995,5307.76368475799,1.2
7508.572680122301,8128.977567826358,1.2
8262.032121566483,2658.515163060046,1.2
2961.285827431308,6949.76464760395,1.2
2486.4397179637176,3653.655777720297,1.2
7037.876865218753,6708.355454172998,1.2
4898.4123573009665,4296.4714360695,1.2
8449.308906437172,1131.4804046859172,1.2
2283.8184795433203,2780.3369060726936,1.2
4839.246890201143,6924.553443510596,1.2
558.9071009251256,448.64368214993954,1.2
2638.7784060725417,5889.428809090348,1.2
1090.5028123660588,2836.559794818717,1.2
2793.7988294983384,319.480684680491,1.2
2432.1072629974615,5835.295160225681,1.2
436.91212825126115,1165.059537905384,1.2
4471.574895192586,2302.806727590504,1.2
6735.601219149023,7949.087400241689,1.2
4277.061028556962,4267.976735708358,1.2
9439.376973457882,8991.63329977318,1.2
397.0492652721258,2805.349237789886,1.2
6314.418308445162,9347.808695010739,1.2
2757.986405154648,5381.933350154901,1.2
6011.637426247135,6227.032196773591,1.2
2897.1532147039434,6887.276801714434,1.2
4479.272030336167,7845.255744389159,1.2
2954.1518785857647,5618.865120492087,1.2
8473.65055394144,334.98692327311954,1.2
5608.568806270623,4903.80000976155,1.2
2842.268783007743,3790.9494150561686,1.2
1083.6704499004668,3352.388761867218,1.2
4658.18541434797,5180.654493234272,1.2
2250.101212949934,3420.2809026245095,1.2
4581.840848207872,6988.768697856378,1.2
5492.0392988183985,8384.096077676237,1.2
533.805353799881,1944.4305392057227,1.2
8948.542310332385,9720.423165343314,1.2
3062.2298901938093,550.3878717162158,1.2
7297.097037721772,5314.538987223343,1.2
397.5093356429371,4906.8776087358365,1.2
7257.0588013687575,1874.1998949029482,1.2
9474.779718957509,7441.616159050214,1.2
9566.999626303075,4085.6543157321166,1.2
354.40179063756074,6899.654373925663,1.2
8254.016719542467,2494.8355585862237,1.2
436.3021313540394,2102.8339890413495,1.2
3074.116269840393,3253.2445061646818,1.2
580.6563073876725,8516.04653942041,1.2
6748.747090875407,127.7509185213388,1.2
7883.269025705126,6839.331079592847,1.2
5442.411002344197,8503.167135742107,1.2
905.7793759896549,1689.6245393682207,1.2
3581.2189006569215,6389.424804048075,1.2
765.8770254712576,4421.271423585892,1.2
2268.3277601115924,6437.102019750971,1.2
4093.7929585212196,3089.6052953640697,1.2
4383.058724577382,7645.2890062966035,1.2
2249.87013692453,9504.227172375196,1.2
8022.305295204721,1321.3692038052582,1.2
60.20326809246801,7195.820214481473,1.2
1227.2395345820742,9314.542421111584,1.2
8206.37237068242,67.78844397822171,1.2
6309.014109234672,5517.106618640668,1.2
3719.088740490413,1904.5709777488762,1.2
2561.252581909871,2739.483901807147,1.2
9246.581555606805,2683.376967588574,1.2
309.3600745185465,7944.044242877014,1.2
9763.420790718834,7852.136327697373,1.2
50.980607156717596,4640.631632115018,1.2
6288.811323429054,1298.355866006341,1.2
6904.1608863806705,3971.5020452338613,1.2
2200.8375039803905,2245.857065910586,1.2
9305.961940928675,4154.908488828159,1.2
4542.602227996605,7653.305810765053,1.2
3919.4138439082626,2346.481542950204,1.2
1243.4988406317327,7871.891248578723,1.2
5907.865126512539,8422.762482144795,1.2
2525.9061111608585,7062.59886238623,1.2
3265.832018437428,9430.82306188595,1.2
4162.562761961534,6172.209828595155,1.2
3026.381451131329,5760.362059440681,1.2
2856.9982850941624,7462.40747904823,1.2
3706.1972037987002,2444.0739267833624,1.2
342.4208905887571,4462.43559633875,1.2
2582.0372922136903,1712.5472010726994,1.2
305.98539883970767,6566.29088516279,1.2
710.3119261582857,5022.174900610571,1.2
7399.259280888026,9952.242462638766,1.2
9435.712224822084,1984.0866601508244,1.2
7576.042715377993,5516.380779669731,1.2
9935.213121919005,4186.227212075207,1.2
6729.319277316326,1730.9730848358583,1.2
2810.422972492379,7901.731962534454,1.2
8079.351915764966,9634.384690370687,1.2
3118.199962957381,8925.387846452684,1.2
2019.3470675157764,287.024491526795,1.2
9303.081668698274,8927.791340481583,1.2
3667.334334655938,464.4354475151724,1.2
491.13234173107753,8240.008770591805,1.2
2524.302969879757,1930.8695643537267,1.2
3416.302283295367,3868.3167499473934,1.2
4799.009339025238,577.8783385583641,1.2
9142.031214870809,4614.287853383286,1.2
7890.594217988156,1825.1213170845303,1.2
555.4309566246862,3265.6804062642163,1.2
5388.477467436404,7296.353484458431,1.2
1413.6800274726259,5279.793302726575,1.2
7202.149500779947,3603.885381765394,1.2
7545.394989249456,6410.927590075171,1.2
7517.022347503749,7583.759618687346,1.2
3823.1214091868214,4843.363549029288,1.2
369.91332347650507,5281.846663346413,1.2
7869.386997723088,6137.465261179816,1.2
3554.3464459587617,4066.907921053602,1.2
1578.1954199069203,9782.25412711569,1.2
2700.823690456313,5575.00776437974,1.2
3301.3403146967125,730.6246898081847,1.2
6829.303145754986,1019.1460388432627,1.2
9974.433530232645,7011.323418025595,1.2
6914.988564621033,4730.5531020787985,1.2
5372.182763314008,7377.055019242065,1.2
2007.9952162677328,8631.950316688957,1.2
7547.003070501041,1750.6817121602458,1.2
2853.3573322267025,8472.505440632814,1.2
6280.329467684534,7809.772667685282,1.2
2278.6131882479076,9307.004455609645,1.2
4979.603143302494,8070.354644837659,1.2
9608.446364666202,4052.1092703514028,1.2
353.13990789142105,6868.56309890757,1.2
3138.062144658508,2984.484657296348,1.2
5430.2726014432865,2797.040993718086,1.2
8677.974503059624,1724.8824948558483,1.2
3148.47978607226,9196.764981376016,1.2
7523.538365800282,3662.7420873711335,1.2
1473.3698468558375,1707.6857989651396,1.2
395.616708002875,4265.792144966168,1.2
1905.6653842846772,1331.6065530319277,1.2
7687.630208536587,3939.9743756467487,1.2
8714.097077821558,8739.98040129644,1.2
2906.1816447792253,3667.429192559094,1.2
7830.006401244589,8742.818656510897,1.2
7841.444597630382,7645.161677015936,1.2
7572.029276823964,5999.146374327189,1.2
5858.978975781764,5878.3896314179265,1.2
4787.1026686493815,2169.1694629455383,1.2
5904.366712408621,9848.242858886906,1.2
3444.8852591017776,2336.2870465134065,1.2
1591.6383428825532,9605.285865529071,1.2
8246.946608235992,3352.6855207726335,1.2
6285.277962840099,1005.6752022831406,1.2
5397.945715319579,3130.4539153330848,1.2
358.22454090839284,9842.494029059326,1.2
4089.5454823630394,6125.006639986617,1.2
8830.752711326539,6956.231185392505,1.2
614.6166228510308,9435.429287452816,1.2
6490.308162434103,6477.9125947962775,1.2
1645.9736770261613,2640.584459456441,1.2
942.3444103517031,8900.67902542429,1.2
7192.89641357438,2713.8472293711425,1.2
6324.229638041903,1571.8505132324833,1.2
7899.688135205435,5491.102960149678,1.2
6779.178584767269,4420.714306387216,1.2
7362.670448291103,2986.917142649889,1.2
4902.3374453699835,9927.50438508535,1.2
7898.2159753165,1703.6291743583797,1.2
5143.15640704458,9159.776062498175,1.2
6514.873162947309,2448.784128100594,1.2
6607.708938613822,501.64152019295136,1.2
2985.98688702995,5315.480347271824,1.2
40.504727452942426,8702.116935873579,1.2
9628.777322402975,7396.881152737119,1.2
9973.406645374525,1900.3255086223003,1.2
251.96429324766845,3943.0118566415726,1.2
7967.910928944652,3432.0347626238768,1.2
4919.699819907017,1071.4736295432115,1.2
1454.3049206691871,2459.4055633879166,1.2
6435.648097255501,5096.739967542013,1.2
6106.09619963786,5104.544463832626,1.2
8918.748128299769,8877.111704521923,1.2
1083.5309040604557,2201.1326676643484,1.2
2632.439727907462,5708.409771624502,1.2
4638.0892698649,4150.595747092136,1.2
3548.841279277307,1576.6372289328413,1.2
3432.7854571544735,9343.820356707685,1.2
4542.317796738693,7140.690798457155,1.2
9808.521960103122,8272.174819798394,1.2
5583.853172013538,3150.339185981752,1.2
6683.486392086028,871.42876227007,1.2
1129.9732905242033,5508.578750917135,1.2
7635.809384347868,601.0803468671633,1.2
8023.198413482621,2794.182842843641,1.2
4494.640744190712,3162.176521350334,1.2
8098.137541379408,560.4486954885446,1.2
9600.20653951929,4521.801544545655,1.2
6778.2316785143585,878.4637649238391,1.2
8530.537883146651,2677.662167636118,1.2
324.1845141030242,6231.6552835116045,1.2
7286.754714300926,4055.5265426755295,1.2
3849.7354578037834,3157.974178237274,1.2
6702.291547312218,6278.017604753443,1.2
9463.222001590933,7970.046018882024,1.2
9752.931017748197,5664.756077186676,1.2
9591.75688114424,2502.829292025173,1.2
1344.9342554978605,8285.597826535783,1.2
6048.2754881584315,2901.135173847045,1.2
4959.887045747625,2178.2093093820554,1.2
2810.156439451422,1994.9042241183545,1.2
3681.432940125411,1192.678360092163,1.2
5872.020973478939,2018.0622351290012,1.2
5374.732662846028,1849.1365080962373,1.2
9540.892115893716,8187.602258006355,1.2
6154.81844528918,9007.898956839099,1.2
8315.47957972982,3349.782071237204,1.2
8669.97684632316,3135.0232456071835,1.2
2139.176813696636,584.5929270098015,1.2
6824.462343584211,9491.227948019032,1.2
5138.014827889758,9450.239746127108,1.2
9549.787194321158,3400.0728968019457,1.2
3549.0180969800276,4267.296653869536,1.2
35.408370446479154,9269.128824515268,1.2
1892.973715142744,5567.034499800395,1.2
9487.794426422777,4219.335625760806,1.2
3721.0364264965033,8664.120548609415,1.2
1467.1214035811763,4030.3105973958186,1.2
5348.490707623441,8897.624230416728,1.2
6426.554173549478,372.80771497375855,1.2
7460.953386711208,1632.9023895930661,1.2
9851.924987341516,3777.94980241085,1.2
811.3217622315772,64.90996531488102,1.2
2289.143048403306,5140.491383241137,1.2
6923.542403272503,6352.1678892076825,1.2
9505.843571910085,8711.319280181995,1.2
2554.5457868928825,8112.992121709905,1.2
1823.3616726722958,3713.5106634967606,1.2
5087.154335902968,123.50411146415996,1.2
6656.449186755908,3171.366124757575,1.2
3151.7626760812345,6218.61746841131,1.2
9430.391799900988,4205.345968702391,1.2
3012.654938571514,5041.555045655684,1.2
5268.497898298768,3293.712341966104,1.2
2348.218444798685,6812.262815892987,1.2
7321.015034035978,5873.633480425549,1.2
7202.449087970919,6442.3216752348435,1.2
1700.6861455474066,2919.549514168648,1.2
31.970385249864286,104.08176625281706,1.2
2384.760528047395,5669.365255663273,1.2
4111.962249000666,8945.937657782195,1.2
177.25207508074047,664.0248016251937,1.2
7218.945205746354,5545.608528370224,1.2
3510.5846129889164,9070.92861563339,1.2
8446.496335528098,7067.110877091028,1.2
8438.66009241511,7232.444847043524,1.2
7420.399131613036,8211.830908909858,1.2
9350.042038888452,7242.226882734022,1.2
2690.834289248973,8816.829433611776,1.2
3759.8469934830737,866.0084302348947,1.2
4357.562724742305,2484.4792590572974,1.2
1210.0575437647888,1595.5410726663067,1.2
1291.395336517054,5777.810976693686,1.2
9041.606953727502,781.1513499024459,1.2
5628.098127000021,2858.392378637179,1.2
179.77618971799393,583.1113714151747,1.2
4555.898552698577,7868.526549396809,1.2
4467.015786843916,7074.945983790537,1.2
2019.1665127550639,545.0788312330368,1.2
6199.195450837483,5787.322324662787,1.2
1927.9117057537776,4083.836452431888,1.2
784.5127947140651,913.9208186676917,1.2
1131.4304534858543,7369.597992395914,1.2
60.10557017805396,9050.111061654543,1.2
3534.0601320907463,6227.311477557803,1.2
6334.187484017697,870.4698989435367,1.2
6679.701210849809,2973.796354476833,1.2
5868.7050633170065,830.4408955583153,1.2
8662.925619332975,3060.688403654267,1.2
1510.2183948349257,3694.5794515605257,1.2
5878.008406467411,7579.728305109789,1.2
8178.219740832919,8360.753722561505,1.2
7909.904255804202,947.8800057968073,1.2
9326.954832293399,859.9456433853425,1.2
8235.489222714137,1713.1502307918256,1.2
7412.17185838471,1704.8508713262245,1.2
2528.5905048193936,8836.277350999639,1.2
7125.4138591491455,3678.8923355465076,1.2
5816.8870907256305,4828.412579517999,1.2
6935.22517400909,2066.480439879617,1.2
7970.785066317752,8439.395067879139,1.2
3404.063432180695,5302.740871008618,1.2
9451.058935534153,4039.2222759390716,1.2
770.4362786540509,4346.718082031566,1.2
5207.123186791374,2176.840109414453,1.2
9923.294313054615,4446.764207072342,1.2
4646.866107891287,7034.9186195841685,1.2
2555.426290962035,2585.772059953123,1.2
6043.8371057567465,8304.837164986331,1.2
4990.129755154421,2378.8445774194424,1.2
6905.915068471851,9810.183182200448,1.2
1654.5310268026792,2636.8058801414686,1.2
7611.868327369244,5152.036200360292,1.2
2356.5696473235175,3201.2832047485417,1.2
3996.8639590486787,8345.571332047739,1.2
1318.308774896052,1614.4482617782796,1.2
8343.878698914972,8438.078440694828,1.2
3265.559357515686,1059.2847744380852,1.2
7496.56572206379,7214.524319181424,1.2
3867.8340488648246,6048.003996726447,1.2
7029.261338339286,7973.157130282232,1.2
9131.633730469259,8517.536074859901,1.2
6616.333917025243,6100.5320069551035,1.2
4868.057090234017,5688.300875867395,1.2
2393.4344728423453,4723.582387687958,1.2
4458.669878990225,3642.429174294074,1.2
958.9980614670635,447.05297192641046,1.2
1166.412492194122,9237.015533122334,1.2
2915.5706836057725,4088.052702010495,1.2
6382.518888509602,8919.852815130105,1.2
8380.130458366197,7999.382621022173,1.2
1669.7171013215261,8133.63184870688,1.2
2074.9925311561224,519.1897412359103,1.2
2409.9343553306617,6571.663502074591,1.2
9053.171656018989,4235.863079438896,1.2
7752.417062741803,2698.908145461112,1.2
9912.198959678846,2532.7570040316614,1.2
2632.047587627974,7911.805475750868,1.2
3005.7419422656662,3512.5518876342176,1.2
5607.86843761708,2336.6949926396996,1.2
5038.764815729001,6426.714600683915,1.2
3863.359658308351,42.09050528538483,1.2
4972.421315081737,5999.868760215598,1.2
5065.851549174523,3544.0521205236273,1.2
9809.501579268783,8647.41405079531,1.2
5681.905445524252,3494.8342708670966,1.2
4517.818775155152,3534.860646033746,1.2
2682.207895309586,3921.4614142996575,1.2
6856.889649208691,2990.3544233172174,1.2
6688.661916544614,8303.06296075564,1.2
3868.8350248221946,6593.389514427937,1.2
6641.776722684458,2606.4849818746407,1.2
3601.8864338681155,1453.3829671329136,1.2
627.2351934477894,5183.414378890015,1.2
6625.456681471933,7146.879471988084,1.2
7719.800326669105,515.4994667286561,1.2
2366.766563582424,748.1068142392234,1.2
6183.817117619853,875.8499368445971,1.2
6977.781644608724,9626.260322293681,1.2
19.5687094341368,7458.003742740021,1.2
2371.008727956452,9217.514397740713,1.2
3326.130468733699,6456.893791717144,1.2
8223.552478527978,7809.406766588576,1.2
8260.306154901402,9841.489298796732,1.2
7179.008901198534,1383.7440793460298,1.2
3524.489933353703,5813.9981595219015,1.2
4220.943017171984,9877.403960777825,1.2
9775.396777123897,9974.78325809321,1.2
5367.026142841039,5920.081947679318,1.2
6980.644191384216,1378.8582703413842,1.2
2782.8444790365616,4908.136659031068,1.2
4255.831335471173,2815.4074832909646,1.2
1779.8783407288877,4219.120113906394,1.2
8894.025433304363,2939.652563658748,1.2
7120.933239188753,8735.948154814903,1.2
6487.274163745876,7531.407743120952,1.2
4735.343113883567,1916.1701407653297,1.2
1525.858266086334,1073.9080961171699,1.2
5241.461700773068,6855.044153517004,1.2
7998.816329323425,6014.089243068189,1.2
6323.616200492099,9999.576913312841,1.2
176.2811768627015,2042.5519942350068,1.2
7611.401970797639,645.0814440443397,1.2
9803.297351373463,7321.969322266796,1.2
6139.206524253137,2052.370487652245,1.2
6193.955886908023,144.0735911813751,1.2
7855.607716439253,9237.312746102632,1.2
2067.69399095985,9123.005816429923,1.2
6980.603819332314,1723.1917803374163,1.2
8837.789753898714,6435.997480026148,1.2
4151.280764023007,4508.649778069046,1.2
6308.883076124219,1106.1036390483282,1.2
4292.549587583498,2100.962496689256,1.2
3549.107874045665,9267.706805497623,1.2
7482.454599751598,1760.1678044486157,1.2
1404.524404280395,2060.4398326805826,1.2
7575.717065558843,8767.688862549188,1.2
2833.630682985148,4909.968256828476,1.2
553.051125240891,6984.2426251579855,1.2
5211.987956275805,6571.214214254211,1.2
527.6135509073055,4601.946453973771,1.2
3037.0272575819513,8188.057719849742,1.2
2006.0595149084781,2877.5142853601687,1.2
3860.339979080728,3987.7181900808555,1.2
3976.6510991060977,5535.559794898231,1.2
7505.856279993444,2166.9449224882187,1.2
1907.115041467914,3979.513604382553,1.2
5414.25216062437,8640.834657421852,1.2
1132.141242303154,9753.757721524962,1.2
2253.6196785526786,281.14406267408685,1.2
7688.845583090815,4888.340425710223,1.2
9838.44701402588,9268.631380271752,1.2
1748.7593976929172,8351.630576619016,1.2
6677.51176760532,8213.495388523019,1.2
2457.5147688027178,497.67334249403604,1.2
3119.4710148283975,8536.638385862092,1.2
8057.6097705556285,5289.715348658238,1.2
7384.299356658284,5336.5502342791115,1.2
7472.690678820061,8180.789349355931,1.2
1796.7835034879154,7784.454629146868,1.2
8895.753462252227,1651.4587001296045,1.2
8717.004377448811,8417.85608175231,1.2
9889.971826713432,2544.5463187808205,1.2
5092.259138319642,4695.617182865357,1.2
2537.5580470826067,3128.8709298199933,1.2
6272.884291850995,3324.421637117829,1.2
8227.40799575487,142.99399207060026,1.2
6343.964738893193,1473.153855639302,1.2
6176.596167921087,7070.577547248125,1.2
598.3068273791558,2524.154901462632,1.2
9810.599199070803,6785.900456135123,1.2
8562.321535838244,8944.65758134993,1.2
638.8030110527832,2106.239380852427,1.2
5139.6023918758,3952.0457598026337,1.2
878.2544770496004,6997.714905110747,1.2
4218.381617175842,2288.612349151996,1.2
5816.902702947492,7612.4257496722585,1.2
2685.5770837451564,3847.9538679906677,1.2
5642.610598368666,3953.6903141096413,1.2
6228.32079220024,4272.489676300286,1.2
160.81624404397976,5018.724939703858,1.2
117.9694421426114,1896.632939141596,1.2
5802.105288903684,2947.0490526636772,1.2
6269.222443365063,1413.702619174152,1.2
8029.267546238478,3732.4830372152396,1.2
1768.746495678607,7825.042982979088,1.2
518.7087836967596,3008.4088083357765,1.2
236.20020416404876,17.176199225825695,1.2
9843.289266802085,7700.946534384488,1.2
8840.472535479244,632.5768482497696,1.2
7097.259874890359,6187.693830681519,1.2
8453.417827495587,969.8123049663321,1.2
2940.162186676184,3945.5597259825236,1.2
5714.995288488036,4653.249209756339,1.2
106.6397652276696,4374.159507476689,1.2
9408.188969017358,3467.3390307890418,1.2
5674.4585269741265,1920.6017974114764,1.2
7156.882650961656,7134.600550393968,1.2
7436.686583319852,1728.3650151266238,1.2
5985.407691065963,1540.353960610652,1.2
1256.2139667951533,4601.283771921172,1.2
9185.172934883605,2810.846567888886,1.2
3575.136703767793,1173.0247116576897,1.2
9367.875890577692,1583.3343090485985,1.2
5377.049100229513,815.8914833498932,1.2
2599.4047557627355,5505.711345070538,1.2
1876.525704680444,1076.9590723756228,1.2
1908.4523223760687,1604.362396527187,1.2
6181.68967317133,1858.6362340411456,1.2
1810.2831736073022,9607.192675452468,1.2
1317.1063378685876,2425.552802750712,1.2
4305.22812221996,2741.503045884066,1.2
9037.254282655687,6316.901559540976,1.2
5256.187340078432,985.8259435535066,1.2
8858.788090286344,2832.6382239720924,1.2
7426.180937360655,8383.766068509922,1.2
5929.048151625862,4003.2769516190215,1.2
522.1524404465616,7183.483784179026,1.2
878.7249644868677,7019.746148704274,1.2
425.41172273073744,7859.565042785118,1.2
7979.316287546872,6029.601949183367,1.2
5218.684653220425,2722.168214995779,1.2
1818.8589075473205,6841.1615790826845,1.2
9946.347534817627,3189.683687379327,1.2
7220.033883828712,6396.422257421636,1.2
1677.9404056357505,121.2049200728127,1.2
4015.6519898169686,9705.353286129559,1.2
3343.073694297244,8351.4523025561,1.2
1226.8469793545712,8757.723194201097,1.2
6106.851344695568,3963.7877822699274,1.2
8185.679247199221,6236.72451075006,1.2
1716.2435142390098,9218.917791836795,1.2
9301.016960979425,8356.771137280824,1.2
1050.0907521399704,8290.317937145626,1.2
4751.332078438459,7612.76788645773,1.2
4612.8091637745465,5723.612691690989,1.2
3255.2349998846244,4151.274459244351,1.2
219.2434791852993,5814.69527695194,1.2
2079.9810589879985,3913.186664087176,1.2
2554.7392375721133,6521.212660413984,1.2
3963.2990972277694,2779.3317196926446,1.2
3773.1509769112404,3196.810731053291,1.2
9965.742301546494,309.1842108733378,1.2
4081.9720033319704,8349.230993619367,1.2
7718.939948397136,6609.279599217338,1.2
7605.366880088843,1737.5513939425514,1.2
3100.0934868533204,5812.666487592906,1.2
3465.4120456269734,1897.8855764125824,1.2
3517.648174965624,6881.426994682612,1.2
1454.66856496155,8264.730771648574,1.2
9726.646847174503,331.0698100252918,1.2
9091.7843799249,9312.655892135626,1.2
5599.571037221251,6502.074840318222,1.2
3135.907464967046,4062.707228724255,1.2
8882.000375238882,6291.869074780838,1.2
6745.730658222639,8713.823621404046,1.2
3910.874476385616,3897.0067591849634,1.2
5071.841239129765,9646.637930170271,1.2
5241.03502664114,8685.621886437955,1.2
9280.009278165524,4782.911685396129,1.2
5713.730690389266,5228.262367006328,1.2
6683.3756877668,1613.5349539473664,1.2
522.5869110650927,6386.948421224069,1.2
3270.573040630146,4772.309513393905,1.2
564.0163917149343,7741.978154202504,1.2
1798.276940637874,2144.09988283526,1.2
9259.331725010426,8716.942951953473,1.2
9380.152229423918,9532.75000114191,1.2
7140.927074340937,8928.776142556404,1.2
7326.8760890651665,3995.869594004491,1.2
4617.476762644322,6754.705293833025,1.2
9313.292676059482,4175.805243618796,1.2
4064.202433408075,3575.127567845782,1.2
6832.057705273451,2091.444356254062,1.2
6499.158680890622,7206.893061814196,1.2
5987.651786627821,217.58245825946543,1.2
2220.3939207967583,8350.203580128458,1.2
6823.571691363788,5584.799097766191,1.2
8780.563026023461,7479.610870337795,1.2
7967.172632810684,3766.972154585897,1.2
4320.0224779808095,6333.591200092269,1.2
9178.782191583898,7838.810204863116,1.2
7818.336777267559,6050.782179356228,1.2
7257.502783492718,4119.279834488133,1.2
1248.5469348959277,596.809069107479,1.2
9163.084493529113,7902.894430220063,1.2
3877.1099373029615,3914.9855237257216,1.2
2949.295455270283,3602.5427551532052,1.2
6167.314147225143,6337.499780081327,1.2
4678.462289812845,4714.664054842984,1.2
2553.3891434456336,2944.2730974211095,1.2
8389.95888704178,2153.2230755043656,1.2
1786.1920235967843,7314.888078547365,1.2
2271.141706968911,6653.4871740506605,1.2
6598.764460343065,5556.888711778536,1.2
4791.16245042953,810.8751820618277,1.2
734.4734233770289,7102.647048041009,1.2
1389.6007126961285,9972.047032497114,1.2
1123.0718363845126,4538.221290270503,1.2
4777.849654183796,4825.148203267582,1.2
5402.962292704218,6781.742964353767,1.2
9580.710491035648,80.2073501212952,1.2
5837.923114234625,8792.40808079321,1.2
5266.640910849083,3167.615239857705,1.2
9222.626888446548,5189.426161249488,1.2
9192.57016447749,5440.415829497613,1.2
2520.0886475819216,6413.109907089255,1.2
6826.326107161539,3733.5286685458013,1.2
9642.761186017358,3539.609575032007,1.2
2269.6164702474484,6819.967535714042,1.2
7160.171985352681,3122.0668036778234,1.2
7977.601074917578,966.043518207449,1.2
9367.511996477107,6675.272254337186,1.2
8537.224957854123,828.8330390678178,1.2
4215.458067022293,8251.131870627956,1.2
54.39868860820707,8662.812475525157,1.2
348.6532878140702,677.3618208546584,1.2
139.053656832,6400.551507923225,1.2
5889.099304624495,9620.294317637548,1.2
3829.9309627351386,1244.5155936274443,1.2
1148.1894966650752,4034.0244851470566,1.2
8644.540088880618,5006.748603600255,1.2
8216.570312999396,7507.975076969246,1.2
7374.916849082085,3248.8559964505002,1.2
8403.441701459646,9508.07087705097,1.2
4015.2910346764115,9884.00896359636,1.2
7486.200012742544,1021.2141424879817,1.2
5596.294452094263,8536.732617664777,1.2
6132.37573970931,273.9897295909932,1.2
2981.0165145363353,2502.886369924134,1.2
6023.791734848236,5413.522726174419,1.2
4256.768396096983,5367.675404804314,1.2
5385.443848349329,8891.758301322338,1.2
4867.298571508747,1223.0190507963368,1.2
4998.916380848989,1502.1381972234672,1.2
9174.594825550139,4498.025314140194,1.2
2628.770217325649,5104.117221007446,1.2
496.9768615418357,3020.079630152409,1.2
4626.920294333427,4033.6510466699383,1.2
4082.190226752014,7093.8816496380805,1.2
4870.434806676695,3228.3880906909167,1.2
705.1577837500278,8202.683492150702,1.2
5821.08611165585,2367.349229261492,1.2
9870.217983557754,6933.164580029741,1.2
2090.884559976459,4569.725717981228,1.2
2123.761181247945,6207.93846231693,1.2
9611.350495070694,7811.519165572376,1.2
7069.540751212099,342.3791983132063,1.2
5929.682131561674,7186.228362767988,1.2
3808.524070675979,5453.339725881936,1.2
6387.404964017096,3030.1541205731273,1.2
5024.285691182481,8436.781102546896,1.2
897.9307469625419,3848.5986374296,1.2
2971.746669299815,498.0607148809602,1.2
8281.44234160914,3964.4487455914555,1.2
1754.5596569028544,9213.392884748382,1.2
9044.8945723641,2037.3977885675388,1.2
5883.148291178578,28.731877067776914,1.2
165.3445679207788,5960.317238005272,1.2
3700.2217678098827,3678.017805438918,1.2
421.2950293320183,4917.848630528867,1.2
1272.8055084633982,92.42362519639835,1.2
1792.6822593705194,4833.452354165141,1.2
1664.5858516935575,7641.177917035559,1.2
8836.884966040518,2568.4962974724644,1.2
9059.520476016754,4660.874008875141,1.2
2354.009785637614,3038.262807927933,1.2
4072.5992443703494,4199.402869288256,1.2
4711.601573953758,236.7206192006177,1.2
8302.340177311433,4818.2274106954255,1.2
2920.076220686647,8394.134116368863,1.2
1738.2853179944336,4015.1348208403424,1.2
4581.431084606284,849.4938669444174,1.2
9024.29163057032,3083.0573086148192,1.2
5949.369247340967,9512.382193826776,1.2
4126.133333212665,4239.594194169695,1.2
4056.5093708085674,2970.7099234959533,1.2
3084.841658471108,2919.768035020456,1.2
3178.787309034169,8848.290764674672,1.2
4150.860159096783,6565.198074041475,1.2
6381.670696234503,7431.280604816537,1.2
7952.695172873711,3681.079442563192,1.2
370.3341312787889,6277.01880850244,1.2
7345.410975262728,4344.933920294031,1.2
7725.708627700703,7858.863251189178,1.2
2444.245269759111,9808.211010728171,1.2
9850.76859449168,8221.97667654826,1.2
6750.058446228198,1580.9342134118153,1.2
8927.64736140801,3104.6145955934503,1.2
2430.5470050611975,9882.068681706829,1.2
516.9587728748348,9604.324427864622,1.2
7097.4306349306835,9676.204653376339,1.2
9572.64312473107,8889.946420532895,1.2
228.3521761259677,8101.803047700229,1.2
9131.425236532665,9170.953565237021,1.2
7282.73712301883,6451.875750076742,1.2
9554.053197379653,7846.950709459678,1.2
2731.3544836586047,6965.199802453891,1.2
1705.9351220584151,4523.40916869825,1.2
3226.0101781969397,2202.7612920663933,1.2
2772.38460787967,6986.029008525635,1.2
4906.024530259101,1546.9676329963368,1.2
1307.157463334474,5565.62660207935,1.2
7381.837365075367,7080.113991190813,1.2
1403.2357346281788,2525.4457692438436,1.2
5706.507078011555,7111.983825011561,1.2
5333.379332109729,1215.0385163500378,1.2
2335.230356887517,1845.225613615029,1.2
4768.940450475252,5774.34865872775,1.2
4647.42170589591,3395.635797434544,1.2
8060.310971825377,3231.615396145495,1.2
185.85111354473938,2082.3913158189675,1.2
7128.1658462038995,7894.565145942502,1.2
2509.9336218190006,8502.947558045002,1.2
6605.265612088682,9514.599645905642,1.2
6364.459584636439,3057.368896080934,1.2
569.876649467742,1235.8138197223734,1.2
7189.0954891260535,4197.620961281216,1.2
3399.2343233085608,3948.6427585258143,1.2
5496.428683576248,4020.5246883807076,1.2
7443.199289216106,2632.844898921424,1.2
1785.1273856500084,384.3801114948975,1.2
2507.041032180798,5975.993277679702,1.2
1338.7970383976067,1374.34492980111,1.2
1507.7407986613077,9267.222993095595,1.2
9390.303407775846,9314.407381238107,1.2
9714.528866738536,8634.969217368596,1.2
1425.5658876253685,2278.646639030276,1.2
1958.6501206542396,9420.081629388882,1.2
1003.978384765316,5193.6580135277445,1.2
818.1246995631308,1875.75531295613,1.2
7683.756722411612,730.833300942677,1.2
2103.5674456063016,757.5813123845098,1.2
4621.764472252868,2332.4216660233,1.2
840.1003612094294,3254.042435939285,1.2
3315.022836976342,6564.855366563159,1.2
9883.258007932369,5617.291885198968,1.2
9002.72043897723,9898.391197172079,1.2
8653.286045311803,733.8443225172597,1.2
3842.634943044396,1925.326907177506,1.2
7005.8469074431105,6339.128429029597,1.2
371.297051302375,7117.589743991128,1.2
5013.262191754582,9220.762528420366,1.2
1138.9308690338062,7704.5882603482305,1.2
7336.8982790354175,7915.278980720132,1.2
4368.208027260914,4954.65751021513,1.2
3269.8638865567964,892.8550152485792,1.2
7515.016076049062,4016.4308308436016,1.2
2631.1864707796194,7498.371768845939,1.2
4851.143311422581,5699.913241415582,1.2
65.60620321159783,6547.433788819776,1.2
52.71149971967981,5052.808236722217,1.2
5676.588161355072,4982.057609933088,1.2
3529.7309043144733,8011.910413437388,1.2
3750.666191944172,9405.087004585017,1.2
3650.9706026891,7862.864386727089,1.2
3090.2897800865535,2207.1865476113308,1.2
1708.973128963469,4516.131479506185,1.2
9791.248627882485,4307.641866614202,1.2
7750.692691466809,2889.783286515355,1.2
9721.553641126206,3592.241222262955,1.2
5254.628781502804,7517.128232235324,1.2
2384.5431522502436,7778.264103052884,1.2
4851.38572452581,8925.914511660494,1.2
5892.428741166828,2871.049955649445,1.2
5004.825543382751,279.8318715294279,1.2
4296.747760742606,393.6425878497851,1.2
2508.4903827471294,916.020143634978,1.2
574.2958022265354,9561.137793717478,1.2
6433.708594323325,219.6209447872388,1.2
2514.951358481242,3055.480340229604,1.2
1915.0807459548635,7953.597816877795,1.2
5106.9737473970345,821.0390385989907,1.2
3807.257910133869,7450.220822138634,1.2
9169.172785742008,3074.8860712160895,1.2
522.2500318557355,8608.368536975135,1.2
3775.3971041153354,7737.182687294986,1.2
4977.214229306993,7081.382875735597,1.2
5793.4039313048825,4885.460449383036,1.2
8075.4723252386575,7258.560239485069,1.2
8925.030469952255,9545.63006390038,1.2
4721.46974622041,9193.2604007694,1.2
986.8775811520081,1624.198269319228,1.2
7274.452140031307,5217.973445848865,1.2
4890.443808383611,6237.092967912487,1.2
7024.515316033293,2651.71618862305,1.2
3573.4981611502812,7839.111891824105,1.2
1937.6318940298288,5947.654327030108,1.2
3375.1560808167146,9786.062962887245,1.2
5465.109815646841,9439.023009111033,1.2
9589.155392333974,9442.064841501122,1.2
9159.632934417989,2628.406420788929,1.2
7066.884340267081,3198.894361008373,1.2
8657.391805146053,8388.67832405902,1.2
2281.828069609564,8989.31980542485,1.2
8016.848666641156,455.9264136458885,1.2
7391.30110336523,2873.7202915968273,1.2
1946.7780362333885,6100.123880003011,1.2
1473.4560965790722,2147.2689514381136,1.2
3672.8392472479986,5320.810209938554,1.2
3504.18862350917,1203.4422797202205,1.2
1108.307986778503,9911.454831327712,1.2
1700.292246613353,6270.275768146643,1.2
6579.115279401907,6061.38520358299,1.2
9465.2335922615,4152.8057038377665,1.2
2554.7055701966615,4426.078959438605,1.2
1094.092635570647,2150.07962523337,1.2
7850.72419610654,5743.008322380777,1.2
4888.233345224639,2096.8490945100048,1.2
6120.207427005612,7865.100113595167,1.2
8982.481498018464,5108.396443454526,1.2
3911.6820540443873,5070.443898842014,1.2
1081.7415532793439,9654.327051138931,1.2
3166.8102111728113,2694.294667631827,1.2
202.5084454427406,9348.026966470929,1.2
5932.215480735204,3445.2594174877026,1.2
5845.151989106397,4812.739537499941,1.2
6909.495503710456,3607.119612738233,1.2
6702.227139358505,6563.937001050074,1.2
2352.409206523697,3618.900638449818,1.2
5856.703467739108,6305.878033470856,1.2
1971.1938505914238,5839.492210462189,1.2
6544.769812150618,6354.739849829792,1.2
6485.003067002256,7238.45362651581,1.2
2009.6471073552802,7522.570729687022,1.2
234.73159728964467,1141.8168185384536,1.2
7793.600419263688,3437.0960971482555,1.2
131.74975305289328,3630.9749666596413,1.2
6389.232311550407,1741.3303471017305,1.2
7550.694792944861,2707.3737087300965,1.2
6423.840138862741,7550.103286342027,1.2
8517.21505463965,9385.51504485802,1.2
6317.59556206434,3230.253433067224,1.2
3033.684192587809,4842.557455253581,1.2
4136.37737748434,5628.848874580338,1.2
1679.8213881340296,4470.346142998923,1.2
8077.865577070139,6541.371265999326,1.2
4359.324353336932,3281.785542749011,1.2
3956.240595799636,3713.938291481561,1.2
5667.741711449161,5008.399563736986,1.2
7766.748889475052,5418.203743350767,1.2
9443.403612535494,1884.3270138021228,1.2
3278.285514738336,9992.522756965474,1.2
2313.8864743078193,9316.23843694983,1.2
7079.135795171169,2227.5548314335247,1.2
8530.335636388882,4637.57186005999,1.2
239.75392242924664,1788.2181708526523,1.2
2484.7037570752927,5879.11876496607,1.2
3930.6153005657798,8602.50717265795,1.2
2253.0320383733892,3172.4178630725573,1.2
4548.383408524775,1235.4369794714448,1.2
8325.027571448323,227.63208644926092,1.2
6135.00172070781,6005.590897194359,1.2
1018.3042676024279,4361.072818231806,1.2
4110.01438199804,2291.684942613209,1.2
9067.92537083428,8216.509398519338,1.2
2591.928156958526,2205.1179509078456,1.2
1394.9692712337403,8376.45231671324,1.2
2397.423110754925,749.7868532030594,1.2
9048.50278340758,3772.1828234933696,1.2
3361.214664287535,4557.193107763996,1.2
1614.468802392014,8559.969235232616,1.2
2994.816004606906,9170.135924747992,1.2
5673.911785556237,5551.6726276637055,1.2
4341.702437463183,1304.0637645269603,1.2
6129.335658526753,8881.459489249939,1.2
5458.002130873913,8014.200967187222,1.2
7037.1522532446015,1820.931370391976,1.2
8161.882242379649,4203.602388429919,1.2
8656.139687862655,1785.8000796967488,1.2
2663.665832990548,2956.0224814651438,1.2
8538.477928620185,4814.667938520583,1.2
2697.4317759306964,8649.84355228055,1.2
2687.2153391143947,7660.01385160323,1.2
9140.646825397896,2518.00895686359,1.2
4648.523796457902,9721.655339293919,1.2
6054.933486244406,9182.928469479419,1.2
3240.5846934453007,4575.748885702094,1.2
8543.884688008993,2017.9104313585894,1.2
9822.992758605238,1658.2600737486664,1.2
7924.4118275609,9086.901694761098,1.2
3474.4767030255653,3342.211715117146,1.2
1947.7317527634498,9783.75877132721,1.2
8058.037720003771,1675.6253731016336,1.2
2205.962078181282,2289.2532078632776,1.2
7327.934204870662,2565.7783016158864,1.2
7913.587064066016,5959.501129880943,1.2
546.2179683216584,9226.450820297989,1.2
2390.5069721879636,9170.462679365059,1.2
2937.860870596799,8238.876075396242,1.2
1566.4900192486753,6824.208327539966,1.2
5665.26498429923,7229.8677619694145,1.2
3588.3368678741467,4964.588607557744,1.2
3216.2957513187616,4202.719112195536,1.2
8677.348999123715,568.4358896803277,1.2
3062.4897861810373,1840.8664786260354,1.2
5056.617241610273,4707.5283420159285,1.2
651.7379997082418,8826.801274000401,1.2
505.52724749948095,3372.6447971692232,1.2
5935.181705586961,9986.023406853345,1.2
2133.4756861105975,7982.55053789275,1.2
3316.4781115619944,6605.704651326758,1.2
2062.440082293209,942.8394875336165,1.2
3101.851601524085,3211.335983125362,1.2
9487.955849566695,9194.453333125115,1.2
8427.222500624646,9121.296589612359,1.2
6954.685147250925,4847.042316210363,1.2
5886.94092469476,6429.218005551772,1.2
8403.476940935687,4477.545178432308,1.2
5178.553222779449,6618.635923373634,1.2
8691.839426080844,1449.0971214736626,1.2
7203.538665309998,1062.8795077960497,1.2
1812.1311259961558,4634.463258063304,1.2
7362.987122604309,1904.0860851586706,1.2
6514.705124027272,7405.914336734663,1.2
4456.173582534444,5264.753434522456,1.2
3494.4610456382375,649.4178319434075,1.2
6719.503251923426,4864.550536645381,1.2
2531.5756817286006,1398.465359484292,1.2
3475.9393119895667,4852.095557565886,1.2
3895.947738489305,4631.871958047732,1.2
7039.187923392169,7120.5391142483495,1.2
5161.445635705466,8747.7340003626,1.2
9254.78077024056,9302.560549947664,1.2
9222.068227782744,7672.125430877495,1.2
3507.160144839451,797.8761785147781,1.2
5861.175393215685,2376.0303911956025,1.2
9482.275774258747,5709.586805981788,1.2
5875.40564759094,2583.401552826671,1.2
8156.847021849097,9007.747052348583,1.2
1369.1661881676343,4836.4161010842645,1.2
5276.356226761949,8797.654578180038,1.2
7129.075470819688,9334.006676266656,1.2
7024.334545903923,8385.609528923254,1.2
1879.1635391309246,6225.931303564386,1.2
664.7641886859568,9652.4093595008,1.2
8910.791967418712,8551.6146640749,1.2
2627.83521397719,2837.2693403899007,1.2
9278.199148942547,6920.896326529107,1.2
3363.437511050844,6035.311453271229,1.2
2565.5643480702406,8769.702373818374,1.2
4125.972652013707,9906.871695050166,1.2
7689.849955752541,7671.248022804528,1.2
1353.3333203146847,3089.5193309015735,1.2
5841.373813136973,8641.617107869404,1.2
8684.261174842353,635.3617990056293,1.2
2530.6711192371913,1306.509006172001,1.2
658.9780409546742,3975.1920792666174,1.2
4403.639338443336,3954.7870615905576,1.2
3137.661606872115,7435.855646054935,1.2
4262.642342857624,2766.13589238624,1.2
2447.245172035091,3041.287684326971,1.2
955.2301892548331,50.63605196806154,1.2
2414.6482026113426,8840.564161281813,1.2
3389.2057672174346,7615.58625482073,1.2
5601.365711055024,3416.1963172879264,1.2
7458.398112855537,7977.550034833845,1.2
9537.648827239573,5120.5416236665105,1.2
7557.6988963085305,656.3281030197787,1.2
4337.183870134077,8009.628191508432,1.2
591.682044201084,3937.5378387279325,1.2
9247.481073155204,1959.1267721969919,1.2
4058.0930431611805,6705.577489796862,1.2
1064.0997508470773,8279.252512670771,1.2
5993.965542245552,6780.040028001869,1.2
2888.4794832204343,9624.234951125723,1.2
804.5565983678549,191.28404109670095,1.2
8280.649280663434,911.1328699232602,1.2
5561.486289966379,2600.2764908612453,1.2
1343.1095408921178,526.2308117045533,1.2
2270.2831347317388,9475.164051221891,1.2
6780.770133121981,5158.744719404081,1.2
7840.103153394791,5268.641621490763,1.2
2165.9220345323392,5225.197912775708,1.2
3892.0011469764636,8644.320888653943,1.2
6323.01579095111,1132.5820157495625,1.2
629.4776867737705,81.03329553051375,1.2
4359.295654392809,3428.1014735866165,1.2
6759.375633320576,2638.178717986721,1.2
7148.3971476707065,9874.127918971362,1.2
1574.98781274934,6224.315421398138,1.2
1017.9335381008958,9609.4700499705,1.2
6833.612505846194,7749.654367173643,1.2
5798.586258640786,7271.180886641199,1.2
414.9351259373224,5901.185574250492,1.2
3823.5076943550516,5831.0044906399635,1.2
6078.0416902148645,308.6853922644572,1.2
6484.821387841168,8027.589123041769,1.2
323.6176857010986,1304.8258180603523,1.2
2705.9022398489374,4728.401702340158,1.2
550.0388012519475,6356.045153851567,1.2
4537.840090770954,9168.11388830833,1.2
8939.3204879101,2929.6097781822837,1.2
5047.450298690867,3471.027198416408,1.2
8582.22820584586,4740.6336907751775,1.2
3950.1139654422977,6515.695984023574,1.2
6310.229974265353,4240.8194339414795,1.2
765.4064267454696,7630.201792216692,1.2
3342.3451528626633,320.03041356576944,1.2
401.3983354491557,97.28097717882855,1.2
6001.454952604234,2684.3017251004553,1.2
5745.664096092289,7471.313285348768,1.2
8917.165292122945,6626.155454072709,1.2
4823.238840209756,2770.403818727972,1.2
892.2299200863959,1356.7035157274065,1.2
9196.956407571466,5568.300972967932,1.2
2249.051620182022,585.7858590996601,1.2
7182.8286172021,1434.5940737186313,1.2
8169.194205197623,7723.023067703643,1.2
6967.438482045099,2692.276119910769,1.2
8921.325510019684,3552.4265222276163,1.2
2231.8204134459997,1867.4024418903878,1.2
2146.5201069007953,4941.160475234036,1.2
3049.2064315485,9888.945351133038,1.2
2685.0536611276075,1943.3337972187003,1.2
8612.213936546146,6008.422154166562,1.2
3887.5983592512553,6441.6892778355705,1.2
3935.54917717159,1998.4885647808615,1.2
3678.819815871167,2051.9625239551974,1.2
9561.975979965911,9882.698212587238,1.2
717.6913031002085,7113.88019236268,1.2
2359.0029325147743,6065.654408108976,1.2
226.83833589265734,9371.53805954958,1.2
8769.580655853662,7789.772151098627,1.2
5547.7695689294305,3347.9336317841667,1.2
1617.066527268446,582.2755828303683,1.2
4285.922550250829,4437.072248831461,1.2
5131.681947561001,4929.753916018319,1.2
4299.081275092988,1237.8874734535416,1.2
23.744656104158768,4254.280925613521,1.2
9703.058506792428,9929.008843521595,1.2
9814.40403027434,2473.497160926285,1.2
4521.601926203667,8275.922759904925,1.2
5941.6680904560135,9120.540408893945,1.2
280.71601486209465,9085.105256163772,1.2
6313.169767700605,7513.115759211753,1.2
8492.64383395856,9420.83067370214,1.2
8501.243420092695,6935.353841162538,1.2
9564.613061431297,479.5573814359233,1.2
2474.0549456459503,8119.056890502381,1.2
9010.51033130534,9213.362643373892,1.2
8722.405039866553,5631.152158457926,1.2
6299.352079941059,2476.0334640223646,1.2
2980.1984833427086,1597.1400427525396,1.2
4545.949747802127,8527.343333460522,1.2
6896.432121014414,1601.0293678991661,1.2
9448.223498902638,9608.904205851759,1.2
9826.351880816206,9195.238492999355,1.2
2402.726405896597,4145.835028779837,1.2
6334.28919919486,6229.475721960709,1.2
3226.441703923495,316.82066323634905,1.2
3436.837781274187,9224.793109553784,1.2
4885.773272559075,7368.311626230969,1.2
7849.010343548925,3639.8343368236574,1.2
357.9224148968074,3318.95363194606,1.2
4183.899894379264,3124.472933006245,1.2
1888.108308058658,2314.4037850737163,1.2
3556.219457278709,9214.943957888967,1.2
8987.238455619085,6298.257756609952,1.2
9654.530989337025,8865.75676477195,1.2
4350.035773280076,6857.586118785476,1.2
8015.57108715477,7873.204838647702,1.2
7681.259944940747,3009.2031208948456,1.2
1831.5250702351582,6401.585985674057,1.2
227.50657496529493,1302.2981751978634,1.2
6285.480183078781,9103.93767766578,1.2
3688.347196573071,6516.0422774012995,1.2
160.58265700856333,5915.801186930544,1.2
6917.399072667311,6665.149350854237,1.2
5822.5607565396585,9094.2045218797,1.2
2230.985893545565,940.5014190618932,1.2
8000.80305173475,7768.7032069528395,1.2
1163.0566509394391,2716.5433156811314,1.2
4767.225823539959,4883.269055831034,1.2
4130.877003926709,4845.69098450812,1.2
3388.3971623813804,8226.49017289608,1.2
4314.461362264428,3027.246654776338,1.2
9971.632849261498,7098.23139241349,1.2
9027.53313401156,7608.235981271454,1.2
2565.1682801298634,9030.749630740747,1.2
9526.676930377027,352.78892484853276,1.2
3312.960630158691,9418.426595207375,1.2
327.27350009249756,9860.04469358571,1.2
4439.55722108963,7359.1917478980195,1.2
944.3511876689959,1484.6285243536872,1.2
9854.771753550476,1135.1443120272297,1.2
1850.2885634965394,2332.601937885208,1.2
3648.617258941115,1028.3425052658347,1.2
4787.675513162071,3825.9347466076088,1.2
5300.778377396783,3929.640320607004,1.2
2001.9995687883218,4525.149091292416,1.2
8142.9524971443325,8259.8616535321,1.2
2891.9197359954373,8014.050377200845,1.2
3570.062836359148,9522.122686881477,1.2
8587.356683498683,9759.159326214643,1.2
1318.5440081620814,2255.674271276188,1.2
1948.9328930980432,4871.980552139523,1.2
1570.0308881102264,8821.701952201991,1.2
6323.879885905297,9088.424351503332,1.2
1076.0637187433408,9867.437751652944,1.2
3895.0154774331327,1585.7661447983219,1.2
7077.75903727157,1234.1744559686717,1.2
8738.575056703252,6102.101679344922,1.2
3918.0642727855106,5183.899273181245,1.2
3715.9812564474714,8800.650271831813,1.2
5286.603957155876,8690.112094433282,1.2
362.05651593854583,9094.996035841035,1.2
8920.687222772296,6048.14715318575,1.2
7489.703765981038,8178.555845443622,1.2
8974.24797594969,7956.882718191786,1.2
8966.610054270908,7486.109217824564,1.2
7221.345801515271,23.125361361819863,1.2
2043.9188508310847,2203.243164180353,1.2
6775.737773715354,2800.1760389726014,1.2
9399.976861518677,9650.645453773523,1.2
9224.775981169985,4856.27282781297,1.2
3094.9495041056516,6389.107255077254,1.2
2020.8464502275192,297.35678362284193,1.2
3141.3818791314498,9001.386115484554,1.2
2512.043565910944,3914.941733999073,1.2
5785.7593493511795,8690.751263634722,1.2
18.441581408408236,8928.80361096557,1.2
2085.192404097015,125.03210089176875,1.2
7248.208688787205,872.2087707818438,1.2
7102.372058086297,3362.6524246121025,1.2
5547.619371667028,1119.539458822454,1.2
7085.325273820056,1288.258636870544,1.2
4685.900990859287,8079.432406493892,1.2
9832.309922387918,3672.040307390787,1.2
487.22007896412566,101.22418312327409,1.2
6142.885882456314,8814.744832030585,1.2
6750.9129642422195,5952.417774851933,1.2
6069.402928249584,7757.403306529891,1.2
7583.192135171383,968.4254348378818,1.2
1175.4563729244271,1205.251287794109,1.2
2207.7429316727394,7623.923659851804,1.2
3999.5863628291604,3882.065140525136,1.2
163.99610111863194,3320.1947408759625,1.2
2723.9314345074185,9546.445994479725,1.2
3059.331713233928,9900.387437530644,1.2
3820.4007449152355,5359.807588266573,1.2
8200.535422478393,3510.483497672284,1.2
9304.223459728066,8998.493160737506,1.2
2074.7442086958845,6420.714637083126,1.2
7298.41506918582,4262.786704596259,1.2
9815.077641838188,9735.084420841791,1.2
4975.894195009867,4140.610418399022,1.2
375.49361457090646,7359.15475737528,1.2
5472.993769252757,4133.1132690462,1.2
315.8521756097732,4704.858150280238,1.2
9373.299387829771,7098.576946089139,1.2
3566.190266379977,9925.294570861954,1.2
54.02658082186762,1677.6054446603284,1.2
8096.029818417678,3282.716793602336,1.2
1731.3264793271544,2091.118927428088,1.2
6563.115729583742,452.92485132859105,1.2
7808.436567078142,3134.7730938150876,1.2
2136.7555011290005,5568.26936684383,1.2
2834.7950527080725,5727.064671787433,1.2
9053.988742737727,9389.138254256457,1.2
8349.786690717307,537.8210256095939,1.2
2996.3598942371937,6437.732667451831,1.2
6589.526564124993,4650.55483442182,1.2
8548.082631524163,7069.381474353931,1.2
663.3959829606384,7131.7345595850575,1.2
983.9181137564401,5054.90227089562,1.2
2554.005365982992,3022.6166638222276,1.2
7409.819125251539,906.5793833230673,1.2
7993.040390415758,567.3330496850149,1.2
6563.014860271616,1171.0096924073132,1.2
20.42231239730463,9868.685889384307,1.2
598.7438031802606,1542.6003435223822,1.2
8406.365652307324,6323.385533389306,1.2
5490.391155617333,6922.0778786506935,1.2
3504.530012633722,3249.5177023376555,1.2
6926.668982656511,4964.203560255836,1.2
6831.523387785239,7414.36722859063,1.2
3401.4452871702315,7455.041720715195,1.2
6514.553867987673,5845.203641067951,1.2
4972.1135649097305,1616.2627054709967,1.2
9325.513912779808,1679.569844990727,1.2
7746.144124939445,8274.014681975506,1.2
773.4541724453892,1872.6257080599507,1.2
194.05913475477598,6052.526894419231,1.2
6573.329689933251,8805.525942574146,1.2
4829.5946291408045,3811.246897436291,1.2
5417.228481375655,2623.129287709048,1.2
9824.762317074154,6130.808333234354,1.2
5224.3872179285345,9689.001655588618,1.2
5391.785062358251,7094.185058694606,1.2
9470.281937075526,6130.879647791089,1.2
1531.8816317149854,3076.809014160018,1.2
2801.58499342398,5761.324038520246,1.2
6249.43181625095,6016.4449902810975,1.2
3039.7066778680514,2493.105985330388,1.2
8357.329878837945,4560.166491886499,1.2
2927.027864080559,9371.280047947608,1.2
8530.587477837907,9639.850904268349,1.2
6200.791057022755,8535.752788151902,1.2
8717.205386817743,3457.010122150742,1.2
8474.237697767723,3170.2231151807446,1.2
1125.2658333401844,9494.016799278601,1.2
7846.905963751075,4956.608404240689,1.2
197.51916645621148,2710.7950956044956,1.2
5868.603647424241,5034.846138181135,1.2
7324.546951632954,4670.272632729004,1.2
7323.8483886827835,58.65653195551324,1.2
9674.254800930607,1151.772098236681,1.2
5889.35882076203,9449.08596075392,1.2
5256.74246242036,4175.347503946154,1.2
4016.5741930041168,922.5662927738332,1.2
4953.701520768777,9150.33143197195,1.2
9033.072809879637,7732.596524959041,1.2
4409.527862549061,6674.772071244414,1.2
5083.113014544613,2145.0673997354197,1.2
2598.4940519253664,4012.638135957287,1.2
1738.773125274633,5044.275993638408,1.2
2931.36946696955,6186.640097619257,1.2
8707.66306112134,7918.112456442531,1.2
9521.02003927413,4904.366281241524,1.2
2830.528984234241,5701.085473736081,1.2
4296.79893496816,8987.646870530943,1.2
8795.48514934284,5430.887180506776,1.2
5153.009405793696,996.7046749809472,1.2
6190.957319641495,6401.097302998577,1.2
5712.666114139161,1675.641885340411,1.2
7237.187844665863,91.78703697909629,1.2
6649.923289704733,3329.0179400856414,1.2
4111.132024613737,1957.4029561683892,1.2
7681.911086222287,2941.959607359629,1.2
5947.85718980461,2219.743832922251,1.2
7085.473660958956,6459.228433437925,1.2
9883.487765658669,2377.486074878812,1.2
47.83929354262195,4774.017040830812,1.2
3297.197591502825,5455.852383472328,1.2
4388.948231800801,6233.4599118627375,1.2
4829.996731457016,1620.5183946467328,1.2
1086.1904928431786,6911.315679872918,1.2
4873.69975456722,130.82254571516904,1.2
7853.232226502031,4759.165217477494,1.2
6012.530123673496,8190.1630980781965,1.2
4966.0098256812435,4216.595716945103,1.2
6046.5514903468975,4355.275501764163,1.2
3224.8986151654835,7147.719988822153,1.2
4763.556792182728,4522.174105943043,1.2
2757.3176455162006,2314.13003566886,1.2
1093.8182947121534,5870.589397708813,1.2
3368.7223632842624,5545.666292119286,1.2
8281.588274405945,9198.598305347245,1.2
3644.4019967260256,1212.4720007039468,1.2
5304.142729517457,6179.855245739716,1.2
9631.577018151835,9893.504684989144,1.2
5139.600913863495,6467.5235007445,1.2
934.1596536121543,9504.648664572636,1.2
9464.829485338312,4135.062021595044,1.2
5141.568023453676,3391.853378055385,1.2
2449.3539831608978,3323.714519651826,1.2
1746.0481458749566,1543.485707961445,1.2
213.001994321963,8105.83359162725,1.2
2275.3783184143185,4680.807328654922,1.2
6411.511822419213,8254.105223674138,1.2
3443.98748054923,7443.405508747471,1.2
9887.158419557569,6934.077350837071,1.2
4177.884780601941,722.8931312814601,1.2
8087.8423787374695,3189.954454202205,1.2
291.2529467319003,9871.728944189148,1.2
4056.7235223304456,5790.291875768867,1.2
7517.804356286917,9781.674253940626,1.2
1310.855340017203,7184.567251782865,1.2
4209.843749752888,1128.591958789853,1.2
3156.7346555157173,9205.247269772248,1.2
2216.095547963787,4527.218218616017,1.2
8830.683493989309,7839.6091035105155,1.2
1890.8874868089165,9582.895768213917,1.2
9996.59803105555,7669.280882619468,1.2
323.6264275716394,8967.25050982707,1.2
6840.559565334504,3780.2542296710562,1.2
1173.0593598385763,9840.727517965102,1.2
5482.282449077089,5575.518644678513,1.2
5819.156898836667,7570.5677685851515,1.2
2456.528570999712,451.5094511799811,1.2
1641.0218459432479,7605.134443436226,1.2
6208.960437269526,4853.221678490109,1.2
9177.050704426492,9534.376872374245,1.2
3307.698761539204,9481.11707828673,1.2
879.4910618264084,4842.304298570569,1.2
7291.853989232283,6385.575570559891,1.2
1818.3034881654137,8294.995135520498,1.2
3740.4217919280445,8815.606880802692,1.2
8511.33456476228,5863.616981086309,1.2
7667.601062780754,9272.570074278765,1.2
6185.483714683929,347.7287671698393,1.2
6243.342624330855,9989.881795886651,1.2
829.22353012024,6170.871948741848,1.2
7405.488872630983,7454.663993771436,1.2
4706.6536287799545,7176.9315760278005,1.2
3269.909336445983,2610.5772407893855,1.2
4654.319698694339,4126.923919807062,1.2
353.22700229952653,9805.237402552242,1.2
1149.9083422645074,6958.378242875792,1.2
5405.875506551994,3850.7221165692995,1.2
3697.0108171365046,9557.742098853318,1.2
6919.409433836911,278.6965656772855,1.2
2412.5663064251803,1903.0336169313844,1.2
4003.2650492664225,2614.8367809324736,1.2
6631.975354948584,1095.8372097139156,1.2
6561.397923393211,1123.716492060325,1.2
1692.6503031559193,4864.6741056099545,1.2
9539.393571803179,2942.1091302085824,1.2
2593.3698362737277,3438.226953604109,1.2
6448.930541709336,1388.5803503198779,1.2
5506.325126198186,5821.621684590676,1.2
9094.435538574224,5894.656401571662,1.2
8616.881664716608,1646.093897863684,1.2
5807.233018743968,2713.874818680968,1.2
6980.6609415311195,9091.500308911498,1.2
2123.8273033725695,8101.664819305292,1.2
1831.3968610890718,6054.014724436637,1.2
9238.234930214629,6455.777363516,1.2
6442.803430089594,3759.518475574102,1.2
8638.799882116056,2507.986887772319,1.2
4254.1054921393,1847.9358412504932,1.2
4255.459131470866,4830.41493662347,1.2
68.40131275988148,6821.6017528104985,1.2
4943.289974955816,7158.226210659313,1.2
3406.8625308998335,6671.264104451278,1.2
6756.3022635342795,3274.1733134455662,1.2
885.0989826338463,1895.6097147871976,1.2
3526.220097703865,8959.804054572789,1.2
2707.0448450295116,398.8510702528747,1.2
1254.421255950373,9503.602532499586,1.2
9779.289547189786,5733.847384230433,1.2
2450.1375861148867,5951.723105673622,1.2
1641.6287604404279,6274.695699905686,1.2
2208.5663787895414,7412.4478715914165,1.2
2246.1922528641944,131.41379792935393,1.2
1021.8878739152815,1659.2001127768062,1.2
2577.6244261335314,6484.647803099402,1.2
2964.3919336119693,5558.792294841408,1.2
5867.624110332225,7073.137413381522,1.2
6928.542699791965,8537.426656439979,1.2
579.5731359393897,4035.7788676589203,1.2
7635.567120403873,1423.6789865966048,1.2
4908.773387791152,2076.06082070382,1.2
8243.279996336065,6583.552537271885,1.2
4066.242549774458,1655.012246126868,1.2
2932.109600677818,1914.3687889515159,1.2
959.5026037564047,6124.543510491208,1.2
5974.522447378345,5965.217286606536,1.2
2092.797474048669,6035.9379421689355,1.2
5914.947493785594,7875.397870349867,1.2
2888.3620803026033,4154.586788594723,1.2
1660.2148767079505,1992.159809952737,1.2
8965.198389635683,8006.385836044961,1.2
6729.425322725615,1610.5419107790296,1.2
7575.710249053429,5301.934096577194,1.2
3488.098160610348,2419.8267030449106,1.2
5019.212897547527,8326.40386312361,1.2
4755.840631952117,4541.380437159224,1.2
8119.105610051235,3894.3247787510613,1.2
5183.295998484757,7885.721009624418,1.2
1428.0246276515263,4348.864416548277,1.2
2570.4770008694745,5057.916580511141,1.2
4175.5037105196425,2389.611844604619,1.2
1541.2170168985972,9065.764074689838,1.2
8589.989860552394,4830.698220808196,1.2
1697.5260233978495,8149.846087545629,1.2
5549.278752964102,69.89438276063797,1.2
8586.165479835265,4230.105489607081,1.2
5405.078912583623,3757.3618412069886,1.2
1429.0394345837765,7016.766568786439,1.2
7583.812168163964,8689.44631831575,1.2
2106.124067550762,1619.5443826412281,1.2
2136.2932409642954,7718.253544476863,1.2
708.8217096995975,8178.208216361111,1.2
9410.753768144825,5955.343746307893,1.2
7473.718311309515,2216.135934381219,1.2
1892.4635160867742,5743.35296134655,1.2
9530.8824743002,1933.866063006523,1.2
4823.07300532343,119.64597118728216,1.2
6472.103083257233,5363.007211848685,1.2
9397.796210093775,6759.003531841954,1.2
597.0931830224735,2677.778031008772,1.2
7959.938554482649,3455.4750464780404,1.2
9422.560987484094,5854.328404673382,1.2
3127.7861799760562,6952.940145961692,1.2
9863.313713678765,4828.147830177315,1.2
674.5343377917568,8368.893558859863,1.2
975.4365752212768,4304.589238287191,1.2
853.6125480428714,3490.690148949399,1.2
8652.129865609699,2093.662595149374,1.2
2000.0514387823564,5955.155252744543,1.2
5234.138029362152,1706.6843582320012,1.2
9460.290519446924,3288.669354878374,1.2
1074.820461086129,9756.252861456032,1.2
8395.36836177515,1488.4875720431623,1.2
7145.2431716401325,1994.8502425805525,1.2
9346.109593955498,1332.4992535559143,1.2
1117.249930372357,7757.579094226087,1.2
3084.455858356079,2410.8196117240223,1.2
7967.677089438181,3808.7471103151606,1.2
5941.659185161015,6580.611327485488,1.2
1718.783245644966,3143.442433046414,1.2
6616.096578049723,7220.054410293103,1.2
215.62079797378897,6818.724880306233,1.2
1476.4801943908813,3967.671921256226,1.2
7692.81559346299,4249.937499435815,1.2
4098.206155300406,3892.468346340772,1.2
6395.541434935447,4205.430557201622,1.2
8263.214633114745,7362.672228926038,1.2
5517.4990768976195,6304.617163155238,1.2
9456.466866328856,6132.94406236189,1.2
6246.461296860208,8155.579154714919,1.2
8635.805780394277,4699.485074766354,1.2
7126.339273747957,7366.629349960656,1.2
3625.805665517543,5827.690801728587,1.2
9686.890337543262,1572.5488539283217,1.2
4871.7669831959665,6376.192003789757,1.2
6374.6590037683345,6532.400321191846,1.2
2179.8766000899327,8575.197549793915,1.2
4147.905299493154,3827.300574168775,1.2
6617.311093730903,2152.3731857540897,1.2
2743.1378630734494,4539.464646763423,1.2
6541.0513009085535,4681.905566987172,1.2
2762.7093351225076,6526.459325922279,1.2
5937.805469134617,132.21148825478423,1.2
6881.314248076971,3155.1709473955334,1.2
5747.012328472582,5092.432225905981,1.2
7219.089835274291,6593.367868208024,1.2
352.9458952712083,4148.342904182438,1.2
4988.980851811694,6008.992668809726,1.2
8703.728775806678,4465.993136739862,1.2
5947.36474742429,3562.9130537200695,1.2
9253.109548733946,0.8367458262159566,1.2
1296.7926575416489,2520.021672681151,1.2
1078.936990390541,3082.85954775816,1.2
4497.013630966048,838.409007363482,1.2
1027.0423146456576,5669.495736450425,1.2
6145.350872105735,9404.853415943298,1.2
1802.8198977692832,661.240377956922,1.2
9849.074693910505,1755.5648821453485,1.2
6578.989685802753,6806.990242838152,1.2
6573.255327038083,7771.367538448947,1.2
4709.149560304591,1532.0253864063316,1.2
5344.990822318782,7920.340228381787,1.2
5364.214799262753,1066.209749103496,1.2
8676.402122622667,7884.297683006858,1.2
4918.578020065797,4122.923941997875,1.2
6824.175067752345,6206.391446297863,1.2
1185.413244502632,5266.304930061988,1.2
6679.004417283318,2698.2762951259156,1.2
9016.614638018298,3660.0441997516673,1.2
9289.40607222336,2148.384316319376,1.2
8734.66177843933,1670.4185084063295,1.2
9065.347362664012,6465.304555087393,1.2
5833.497131951417,8117.531916289468,1.2
8210.266379540299,882.3324710910463,1.2
7622.50994363527,1872.6022979338152,1.2
8288.866019590032,3291.4591806074855,1.2
6758.559423760786,7107.855777892118,1.2
3645.5577261788076,649.9241021244118,1.2
6075.800135703656,475.52327313620026,1.2
2481.608336929446,7380.883515286056,1.2
362.41315412053444,2919.0564102962226,1.2
167.4470679886142,3747.532794383226,1.2
2858.45375169137,3626.8078143381344,1.2
1382.7987480227632,1035.238077163555,1.2
1348.671229038675,9733.305796324978,1.2
363.1491464116532,9627.59455918873,1.2
1340.4193420086508,4284.011389070371,1.2
2853.3667383972684,8411.409872707887,1.2
8212.078773746407,471.74176234638156,1.2
802.2417599149845,26.092828123902567,1.2
399.8148270807722,6519.512489199553,1.2
2969.7716739907655,3480.661051209626,1.2
6909.469391583494,1131.7082132789135,1.2
4318.015095440576,2347.5550982463988,1.2
9027.136282778874,8427.234469621795,1.2
2804.53566736383,5629.6530255316875,1.2
6598.427147938376,5054.222198284944,1.2
5018.40790827464,658.1409036873475,1.2
7534.1587816619995,2904.6930586762796,1.2
6064.036587028385,4174.707390027484,1.2
5748.006309185551,5113.247139348361,1.2
6584.22492603514,3602.9942868334465,1.2
8032.972015809609,9340.47159747955,1.2
7769.775074102374,4936.74604828485,1.2
1884.0643275194136,638.497018988704,1.2
3762.94614067198,9310.445585827994,1.2
5599.001917666102,5097.749823291534,1.2
115.2506931616304,6302.165340095737,1.2
4608.448163925294,9457.508230815798,1.2
3087.9195463546494,6188.589970665936,1.2
9228.537968074272,6376.643089004698,1.2
582.1929530332359,2465.3372840756706,1.2
9266.9861763874,4920.0466010386,1.2
475.39884362282294,9698.314433624237,1.2
691.2043804972934,5572.553026051479,1.2
61.57603084049001,8259.712092644104,1.2
7965.883610209269,9220.920033615184,1.2
157.359706390382,3534.735515515367,1.2
5582.992853039088,3485.6392748111784,1.2
467.31365540818024,5563.802386602587,1.2
151.8153647173337,8221.823900452137,1.2
1272.9361733508515,4529.064025188804,1.2
5513.655389122339,534.1220052452367,1.2
9428.237177160332,3415.8515225858046,1.2
8344.886133503547,7111.680261300756,1.2
806.3543654397687,3672.469388295092,1.2
7101.267063756131,6653.352210842582,1.2
1941.56053951009,2663.4758238473255,1.2
3667.4972847402355,3509.630780582348,1.2
1992.5541177808814,3967.100593483752,1.2
2981.8528226896333,8562.334621781998,1.2
3120.2875384191466,236.48593553266318,1.2
3097.9178209875536,6792.871553877986,1.2
1342.290510883395,807.1533275459009,1.2
1156.7891537051478,8207.886056699703,1.2
9139.477153918839,8074.87673098527,1.2
6953.549462266838,9103.37636530826,1.2
8373.159663509847,7901.440337275962,1.2
8205.46372596636,3510.572127055017,1.2
152.30318078031212,1659.2419141718829,1.2
6088.366037897528,7491.5326673415675,1.2
1964.4492523013491,1894.833502121529,1.2
7850.700206034079,2133.6368318778286,1.2
5441.991854050389,2303.5323054796,1.2
3445.2176605369677,7558.977534195107,1.2
2552.734082232725,9777.812087014796,1.2
8682.901560766859,8508.179734771858,1.2
8702.238821432316,923.3878191145883,1.2
8599.887625661471,8631.509929613136,1.2
9062.21085776282,4591.1471285625,1.2
5228.87051561398,9414.327364601713,1.2
5902.804012911306,8502.956156662454,1.2
9710.650442941087,1866.2210709957205,1.2
3949.848592214572,7140.848835093681,1.2
8804.644975956016,4357.706047289349,1.2
3433.036725425923,91.22362384010873,1.2
6440.197270198309,3844.6919035536885,1.2
2842.129987402895,3362.140837785339,1.2
9493.37806650005,7728.339433048621,1.2
1576.7016877376393,7593.074747754796,1.2
3879.7296242276234,1072.0285807621221,1.2
5899.936764723144,1049.6795320494946,1.2
4877.957913128405,6461.612539526427,1.2
1743.4338602412124,6467.609046393073,1.2
2181.8256118321065,9083.29415526737,1.2
6467.455442050586,3202.0877424423857,1.2
2498.314091423346,7547.087906087367,1.2
4102.479861016064,1784.3957473889416,1.2
477.25782996429155,5177.397645363056,1.2
3235.482960359648,7256.847307134636,1.2
2922.0175871010424,3592.4794250175296,1.2
4454.105029335137,3852.8972217614423,1.2
602.7480562853605,4392.841196039943,1.2
7546.383918406745,5904.455065489801,1.2
7287.108304411733,6600.599199912998,1.2
5647.609387245372,6429.467456715296,1.2
7141.213954119051,4244.771771096884,1.2
5823.560805501875,834.9305028787612,1.2
6391.391135990555,2628.7198488503595,1.2
7951.987285548931,1940.0582659357756,1.2
8694.905599043428,7863.786094024099,1.2
3499.918982451613,9942.29826905632,1.2
3078.9972730798445,9180.18296735116,1.2
6037.239349712263,6933.464456154139,1.2
3721.4817872130125,3609.2563107174124,1.2
8637.746397601495,5985.132126656999,1.2
7115.934199065187,9537.125003631494,1.2
4230.268202299641,5293.940312840755,1.2
8771.589380342277,6157.210435293811,1.2
191.03206133850748,5236.093785240347,1.2
4575.731818485385,5533.9809927694105,1.2
1691.1379183251418,3866.474477068089,1.2
8428.747281941867,7950.830038597613,1.2
1244.558094351652,659.0943500476199,1.2
7429.205410616763,8718.242474496652,1.2
8476.01055698011,3093.9374482161197,1.2
1743.854069255517,8641.279994141129,1.2
2714.129481716282,1285.1446826641643,1.2
9214.231347961402,573.2891806718421,1.2
6495.471763607834,3400.8215846361422,1.2
3168.448167228717,3110.9125714157594,1.2
4150.377054274684,7472.423507286364,1.2
1644.1869059144642,8683.309580593497,1.2
1964.0902928258563,6887.739573551947,1.2
1971.9004195047519,7177.731414419985,1.2
8525.82907535918,6159.884848820189,1.2
6889.745507841226,4609.685221265922,1.2
1021.9360856776849,2792.327960827391,1.2
3267.2628526975445,9620.338915607907,1.2
5805.805778052281,9164.896827320492,1.2
119.23225907076174,4732.208353214732,1.2
2177.3232639806606,3386.8316178932214,1.2
6984.83268170408,186.88157364205483,1.2
2745.3585305942484,6469.355949096882,1.2
3769.6360045924994,2972.908781820608,1.2
416.54979342326095,3658.00069606542,1.2
742.1206062652308,7848.5796227184655,1.2
2533.2042754858176,8168.0817532327765,1.2
285.9433752956975,8420.888117158265,1.2
1744.8745419058887,4365.525448146864,1.2
4636.816099223394,7914.542457261947,1.2
8040.828751991334,9152.857543589835,1.2
6520.481085557063,2366.89526617777,1.2
9039.955523931523,4498.921011764097,1.2
6370.708261184539,3902.127691640912,1.2
5351.890639878665,9799.35598620965,1.2
3154.8560488481303,2851.444166576773,1.2
1119.5542719929829,7492.10305921629,1.2
6741.0279828301545,221.23879813352733,1.2
5003.993292901733,2696.743602637016,1.2
4830.834068530954,8357.90786224545,1.2
6008.780432799563,5849.897397930798,1.2
5152.827376898444,2041.951446384167,1.2
8876.934491682727,1358.2509332926795,1.2
1283.1951148356902,2517.2310052332946,1.2
2087.88963999372,9029.499186326333,1.2
8912.415135980596,32.37356806225944,1.2
59.993948968157795,4120.104543858119,1.2
3525.2989055984,1467.032032262181,1.2
64.3476316945657,5493.848352981444,1.2
6910.763424949129,3506.7912672879165,1.2
5341.73058223496,6925.883946519068,1.2
1350.517709745358,7835.383487740903,1.2
6509.103067090124,3764.0309084965775,1.2
6816.3666838072,8543.052891206766,1.2
1882.2175398502939,3548.466394847224,1.2
4004.5436154112244,4926.880080544702,1.2
6050.30600359592,5172.497754697878,1.2
5289.4524673885835,1389.9276339894473,1.2
6983.023861132619,1159.1806686335283,1.2
2072.4376815393107,2071.8445903612883,1.2
4433.358832154058,2788.44823380104,1.2
8895.86829230346,1961.5090637663168,1.2
7988.417708079415,9405.914823671765,1.2
1406.9102805773036,187.22157051808242,1.2
8790.637410163257,6302.316875640566,1.2
7068.132799096744,1309.4869710537582,1.2
9458.937484595523,7339.705423303422,1.2
1001.826524548296,1930.2894119320613,1.2
488.37312695234726,9799.708770241306,1.2
3200.6464140661606,7013.601942679895,1.2
3123.1445382656266,860.038173126021,1.2
5844.623113399751,8006.908021833293,1.2
6045.113233745116,822.2878698791814,1.2
8365.075690814245,2288.09541707247,1.2
2535.0302755533494,683.0567429606116,1.2
4502.148589369084,6352.223856110506,1.2
8984.586800087001,8046.767387036412,1.2
303.0897441866809,3082.437594626616,1.2
9828.007208894864,9108.189827904927,1.2
2187.9093520867464,2524.713882620715,1.2
6277.829862030494,7735.031798702282,1.2
1513.473761659666,2949.084240217369,1.2
3983.261632634654,5559.770549999053,1.2
1237.0521710620608,3684.610182947693,1.2
4323.309797350681,1776.7405827648552,1.2
3746.646472911379,9280.961000317931,1.2
9576.439726434577,7630.128835368089,1.2
7353.267011374333,2532.946876391553,1.2
426.93217596753374,590.8601738211861,1.2
144.1720398523638,3840.9229654356236,1.2
5970.350660653773,1078.8676819394327,1.2
8263.777818297694,9.874067177448875,1.2
9827.793580603982,3743.225214507454,1.2
7494.682624805857,2089.0572285140584,1.2
4411.269646360346,3428.0523013699503,1.2
6027.803502379639,6784.513305269164,1.2
3862.733543078446,9387.699742236733,1.2
866.8495560529477,2781.161831843284,1.2
9126.415085018736,183.14594098629567,1.2
3993.455714158467,3031.165660866133,1.2
8272.071071188244,3606.5322027256107,1.2
907.1632059714264,7320.263702027509,1.2
2312.444261405272,7447.00938345278,1.2
3097.078418614182,8331.666130056636,1.2
4201.208659644594,2336.013972920501,1.2
5204.455921180816,8773.391736515881,1.2
5241.07529481125,8755.543863774003,1.2
3559.533794425288,3837.5041227108663,1.2
9517.090561284553,7170.612816699317,1.2
8727.917890806533,197.15751272450288,1.2
6836.062586667352,4311.95377586834,1.2
6741.84608533215,6643.56584504527,1.2
3061.617248039472,3014.1173079070004,1.2
6185.135670662027,3715.05759764441,1.2
557.0066485194413,4464.66969147358,1.2
2870.0769580892606,2225.4285026614984,1.2
9950.53666686446,151.53441422134483,1.2
6196.666529702475,4536.448219888197,1.2
1110.2613713211695,7490.92860744174,1.2
5261.869851824213,3366.8875386391537,1.2
6587.377884988938,8260.91109158105,1.2
9974.989916791365,9276.513369603921,1.2
9111.26781894338,1623.5479490615567,1.2
5043.112418942842,5068.959545126437,1.2
4878.952192425448,7501.30076464969,1.2
8982.614604551738,4365.03826360002,1.2
9500.627682418362,1164.5877987345443,1.2
5044.463711096329,2021.5791934141437,1.2
9084.70423749883,6765.914945081517,1.2
6527.975850504457,4981.095296563618,1.2
9746.674072808528,5034.383352911169,1.2
9634.774537881363,2979.745857624545,1.2
5071.999004302183,3606.28798356287,1.2
1468.317085644505,469.8267710145376,1.2
4196.66859851249,5783.142372271939,1.2
367.75825548383324,4282.200037687531,1.2
378.42748305568773,641.7914426487647,1.2
5348.3725155175625,3636.1406194568603,1.2
8701.604787917093,2421.2484546349956,1.2
4004.9962991442767,8535.92533201936,1.2
630.8765546426032,28.40738344420668,1.2
8195.341522195955,6219.193690128991,1.2
4602.621682261194,1692.7824134291736,1.2
6792.5474942783285,6415.413058932352,1.2
7199.93717271215,1680.610245546036,1.2
5974.358209720746,397.0561501339076,1.2
5875.717537232402,9945.088598722106,1.2
7963.732597235568,8068.240834340488,1.2
5917.50619689903,2324.425225776364,1.2
4011.7176509766073,7974.66926207082,1.2
8390.2438379562,7355.324410432735,1.2
2018.0416247482403,7652.812914217898,1.2
2346.9205428560867,8896.25375737021,1.2
1363.776552024516,2128.7707408439182,1.2
8274.48863691394,425.78797320592554,1.2
9886.937472806456,352.5689841863877,1.2
1089.7234248733944,1681.7925844384317,1.2
8602.167366149099,4872.60200625293,1.2
1154.3532744378304,9235.598626892855,1.2
6352.552819335277,8831.091224401041,1.2
4855.460160230467,2421.9682492235784,1.2
8018.178091594401,4950.4943575208745,1.2
6033.631772871903,583.4510798334059,1.2
8470.45483152865,2338.8772006296554,1.2
3895.5099106464118,3109.269834833719,1.2
9268.037046483612,3733.604340154983,1.2
1442.3524153423596,3890.0177227228914,1.2
5940.440910593291,5789.685721661338,1.2
5944.801405258784,7180.479691764208,1.2
7604.446475235917,7615.4257511760115,1.2
4045.5521511373595,1933.4605784190305,1.2
5397.233255432121,9513.739464374334,1.2
4450.435519647581,7766.752618974259,1.2
2349.3446341299805,9635.31664555375,1.2
9423.509293043031,8146.399547407853,1.2
144.23243377552964,7920.163903053816,1.2
7151.211203115172,5819.878143932076,1.2
9718.17539180159,595.4532810645862,1.2
3545.849829554352,5162.257668106932,1.2
8457.316896517348,2655.383334256014,1.2
9693.293813333175,1603.3104185639468,1.2
1777.9770432836651,1891.044841945645,1.2
2663.050278488618,9785.001917912212,1.2
3104.743670595932,9852.832296001901,1.2
2390.504913254595,6969.059255955435,1.2
1897.2249256656094,6258.134604876074,1.2
5972.958415498102,6311.045360399581,1.2
9069.421434592661,7026.69008970022,1.2
5189.499174386488,9536.833714223081,1.2
2077.5925550184393,9663.378031726248,1.2
3214.7982231337946,4257.727572358031,1.2
7572.980814807481,2516.157929546634,1.2
5653.084814813309,3325.8397758568126,1.2
2099.7069110713496,5640.7317205820655,1.2
8131.120591120641,6718.970471508145,1.2
3313.871508823738,9282.331842175243,1.2
7408.272834248666,9222.340815872025,1.2
1254.6428489810303,9892.125212483636,1.2
8651.652701655388,8549.104928711587,1.2
5829.078556092078,6316.800196790326,1.2
9205.763713623208,8654.439406367368,1.2
5800.881807488677,4337.836686637894,1.2
3749.597868681135,2699.1974598479087,1.2
5795.200108757105,495.35746592130556,1.2
4202.0453124376245,7422.331170896467,1.2
8108.957037685152,7273.94068856796,1.2
9041.10785896694,663.2797491128806,1.2
4564.325173734796,1402.6615328679427,1.2
1306.0365511466032,2741.504371991841,1.2
8010.393957761332,1255.6526745715346,1.2
4240.295896690602,9855.453842758836,1.2
2400.1120434671598,4016.9603643489513,1.2
7162.441768075994,5324.759785278088,1.2
475.46312722653636,7327.953140232957,1.2
1568.6025726169205,6777.816835662118,1.2
4774.739613264518,2868.035306785288,1.2
6432.138833176937,6432.793455976265,1.2
6803.750963591948,3873.6365026972985,1.2
1993.8596711146406,6224.428553749091,1.2
4003.152435487399,8469.039968486464,1.2
4728.906296806372,8102.906186839293,1.2
3616.4600244287203,6487.770074364854,1.2
5786.293697456725,301.15172631753563,1.2
3107.783336396087,5430.36948923923,1.2
5228.107092530015,526.8823512990296,1.2
3514.5636474910825,3755.283534830736,1.2
5513.301272797836,8881.479385590439,1.2
539.4104102624475,9382.908386677509,1.2
3436.4846263235395,4991.229561410156,1.2
1219.314401475602,5456.512210132259,1.2
6737.385287964941,4914.350659645887,1.2
1899.6058973415386,6641.639083077474,1.2
171.96408493772907,3842.296105662847,1.2
9780.831383749717,5115.4358266718,1.2
7618.4679847780435,3818.789106526862,1.2
2863.912175457022,4541.528605764736,1.2
9000.769012270306,2334.3000646026458,1.2
9241.42279321089,6884.51425491234,1.2
6400.655963412384,4265.590740915277,1.2
2654.9359728854092,1919.5439762137955,1.2
9400.552267300825,6305.651555873799,1.2
2622.5758430241754,199.97418689136958,1.2
1470.069200234655,193.97721830383796,1.2
41.454042313781024,7906.696584779759,1.2
3001.974069098464,9288.565648238464,1.2
2249.5985727474986,6925.606004743022,1.2
2654.9879168658485,3717.4270314021805,1.2
3578.717320477163,1439.6581878344616,1.2
4505.176087062289,2268.5090999658996,1.2
2623.672913215499,4528.56161117508,1.2
4874.7880208598535,8413.237179148815,1.2
2942.097845963624,6289.090961100647,1.2
1913.390384843634,2339.1756122682427,1.2
6088.180205203006,9048.408958491651,1.2
974.2262034663019,6192.575342241864,1.2
6100.369073157167,7477.288347525695,1.2
8670.813669240748,5464.667740741606,1.2
6253.0564327862485,628.5906871359003,1.2
8352.331759898147,4042.2391091599407,1.2
1501.998920762455,152.7771689579882,1.2
4482.094326077168,9799.752841880503,1.2
6511.420845779514,2015.6694729521184,1.2
366.7037496413594,4513.808700370694,1.2
7677.8639861305965,7403.102418269489,1.2
554.7246674715223,2786.115651076846,1.2
774.1276529844421,6752.6841516486,1.2
2483.023374268518,8564.033705050959,1.2
5632.560181816924,8625.935898151994,1.2
1294.6334850010644,5376.129914253439,1.2
7272.314023446409,3355.0218863525515,1.2
1033.445075801389,5561.256817529651,1.2
8893.075683361572,9416.436256346473,1.2
8369.065240655305,3283.5777443065563,1.2
396.9656378251785,9159.18581922007,1.2
6861.0954789605,3523.834209960236,1.2
4568.1884939205565,5420.7087567644885,1.2
7925.3864979474465,5399.086668831436,1.2
9945.354720617172,6626.360877037646,1.2
2895.3172274754,312.5046821007482,1.2
8292.309592160218,4765.72888788809,1.2
3231.4719946820337,328.1424428100266,1.2
632.484249710843,6433.711540260683,1.2
2461.652873110154,2011.5521609358223,1.2
7851.625415211877,6320.800774627797,1.2
9681.691466800934,4151.256640955028,1.2
1726.4497683937896,2905.4506847378348,1.2
2570.762362781972,9646.704540648889,1.2
4795.583901777131,554.9655528160524,1.2
4733.046922698516,3396.352741475348,1.2
9890.365314848013,8126.225887786644,1.2
2627.804788332765,6611.4320926312375,1.2
2674.9061537522225,1554.166121764644,1.2
4228.086626060232,5906.935604088852,1.2
1488.5924808535267,7745.023707635905,1.2
3943.4725325168265,8841.607498548656,1.2
3283.618781045191,5401.577185171257,1.2
9328.523992931885,3121.852296176346,1.2
745.9302799075617,4438.600983651376,1.2
1276.1634540888845,1343.594152361306,1.2
5029.471907887049,6443.966110515786,1.2
1786.7195963587844,5202.380529992164,1.2
9636.942247299228,3834.66434186718,1.2
1960.1095695014214,6418.5059604019725,1.2
7629.735010598863,9917.909779551774,1.2
8441.951849340987,2970.8293120254903,1.2
2023.040799563458,6110.6637670063965,1.2
6449.891507121971,6641.815745211702,1.2
6403.050572995334,1601.2788333770977,1.2
5522.306809253388,7723.069543786728,1.2
1871.035098698336,2163.1400800994625,1.2
6305.8022178278825,2723.4560693346166,1.2
261.50679777719455,749.5179746029545,1.2
9337.493816130891,8468.21904215646,1.2
1913.4601108215543,8495.655582818288,1.2
2233.3958924557305,5002.525287400847,1.2
677.6945806425239,9787.40334925938,1.2
2847.917161219776,4338.815835574908,1.2
886.4069666126273,7926.17933578174,1.2
5776.665827200025,371.69635280381306,1.2
9393.30503228882,258.34705471326157,1.2
3195.6635517519026,2164.6200622277133,1.2
538.3026019769177,8512.183121402355,1.2
9318.724658766096,7480.075675049486,1.2
8758.849182417836,7345.168177680184,1.2
1463.9621495299716,8586.153782181915,1.2
4953.834193960549,5206.732302077886,1.2
3690.2829189323306,2303.6942254078863,1.2
7091.048627807637,2904.122793195757,1.2
1561.202299302621,7072.829789039503,1.2
7153.51890065763,8531.223151907127,1.2
5495.321023043456,973.7301870745441,1.2
3512.862123867545,2491.137885438287,1.2
8534.065985570502,6744.817946383541,1.2
7281.654964230597,5064.158533159904,1.2
8000.194107696658,1004.157839708204,1.2
1121.3335802471447,1405.9011195200953,1.2
6197.92248852576,4528.081200868507,1.2
3737.794792750342,6126.089325444573,1.2
3841.146491416938,1825.6041449492454,1.2
2611.060404028953,8072.405041804264,1.2
4594.257866334085,3849.7107570633902,1.2
8988.047308183506,9399.624341458224,1.2
4422.377225260554,3022.5069695746774,1.2
8251.1585761259,2199.4308048485277,1.2
5872.202974484247,4452.9164801752895,1.2
5351.411450106058,5768.62018840633,1.2
9638.965729078913,1917.0396896556717,1.2
9254.887243010253,8627.80529638022,1.2
8436.571079890433,8084.4951714806975,1.2
1592.1218200266985,2753.360956911466,1.2
3572.654609260967,4885.071765714629,1.2
2853.571928576729,9670.477801044011,1.2
816.602631307416,3594.773827798682,1.2
4963.239030870146,1015.8329310125657,1.2
2219.775954276346,141.21320411298987,1.2
8558.296263862872,74.83401817007906,1.2
8389.973199757958,8521.0094909828,1.2
63.4593281658713,9963.971789714287,1.2
4300.622280274772,8563.57838587835,1.2
9572.080250012295,7322.946111452107,1.2
4690.207939344055,4829.9412414036415,1.2
8430.889965461653,2507.419713791633,1.2
9626.531729316026,3972.64981497789,1.2
8584.971300832838,4271.708267804478,1.2
5977.04228417406,578.288198390533,1.2
4684.760821461834,2640.3911446761954,1.2
84.95692103709929,2264.1871024493266,1.2
6309.246452426965,8505.190526822858,1.2
7940.469176090061,4861.196540791576,1.2
597.0579065403003,8934.650323964444,1.2
441.5666391027173,8938.370800633715,1.2
9463.435138332588,8887.805958830882,1.2
8555.927326281748,9465.118131321788,1.2
2602.1493040516652,1785.9071998102372,1.2
379.24990023521457,6676.470511862867,1.2
1058.1270499539187,3912.2517572927063,1.2
513.2696553818672,3913.8794801273957,1.2
2965.859761087858,5565.828154875941,1.2
5648.022970936108,1527.2416923524545,1.2
9842.171715696695,1686.9546016656357,1.2
2790.9212201508317,9227.805261675338,1.2
3337.398831596834,7084.857575211178,1.2
1408.282085531022,8820.572670423444,1.2
5633.629324729343,2625.2576483754874,1.2
2680.398925105387,4382.962867354435,1.2
490.2154219463617,2683.5031245516284,1.2
6785.123149418811,2046.3812073806887,1.2
8930.447989557268,8243.75586841088,1.2
6913.963000401331,1012.055430194223,1.2
8768.053721509244,3911.7323251004586,1.2
4708.142192052225,2125.0637214848766,1.2
4989.769433201539,8091.210370124474,1.2
8567.737567332442,2893.685597978127,1.2
6025.365353680067,7273.76647382924,1.2
1180.6349429426255,6871.785656167913,1.2
2086.6758419204166,7045.799203003276,1.2
8004.432414498426,5147.923317521687,1.2
6937.221821267512,824.5351456180261,1.2
4545.368372224882,2363.679720755807,1.2
822.9110228420589,1591.1023486683507,1.2
3203.693693633486,9997.251255866035,1.2
4313.874956669811,3184.312886491879,1.2
5733.989957438108,8429.874607596972,1.2
8948.894160226411,9232.735907581362,1.2
1169.3240820291228,4392.845026545325,1.2
7259.688191227004,3575.441707691106,1.2
72.29324880731913,5201.410073281944,1.2
8244.43023395355,4678.048275978646,1.2
5655.220369837649,3558.7365191195963,1.2
8924.793955607924,9712.609388164265,1.2
2517.3963205427963,4344.937838381076,1.2
1004.5950739921727,6488.788591088842,1.2
8588.067621946439,5676.244800272311,1.2
8622.671194027256,3203.3800799339706,1.2
6995.270023953642,5247.657812825012,1.2
3182.888475254884,7558.96789876429,1.2
132.90792620142767,9223.03445952208,1.2
4360.829434381367,177.03207335780456,1.2
6415.019559200101,8354.863249759575,1.2
6529.467388897655,8278.271562777643,1.2
2022.348460278678,9087.752637702959,1.2
1261.4629993887538,7857.33284653503,1.2
7975.458435860117,1622.9006972349237,1.2
3274.1691396481842,7347.316902615649,1.2
4527.05331503069,101.11893034817743,1.2
7035.6971274433245,3092.603455686116,1.2
804.6175282769264,5859.617757417963,1.2
1698.3583268172397,4189.813948516914,1.2
996.287142080089,3360.3702485569174,1.2
8200.24388538312,465.47213621347726,1.2
6036.913595352533,6036.394824374565,1.2
7945.29173769365,4472.029894680602,1.2
4646.828851012249,2675.5065384258205,1.2
3892.1094130264687,1977.7616496734174,1.2
4187.658364348039,6913.817732964373,1.2
402.82616234630365,1982.4453931810403,1.2
5558.3072318250815,9465.45924209692,1.2
3418.564579422597,9544.663868765008,1.2
1959.00016055086,2335.7817388716794,1.2
8340.849445134278,8735.558184639545,1.2
5348.810562655143,4832.778306070418,1.2
3064.656125174978,8747.380434944867,1.2
9418.304805459942,279.6641321447213,1.2
5473.110934891702,7265.211821666613,1.2
4543.157081947426,823.5077350262277,1.2
6250.508278683571,2634.9951300861353,1.2
3138.2022853772173,6612.278939581193,1.2
7748.3263038815285,920.1090662853617,1.2
1084.8600047841617,4982.372595616914,1.2
4838.468265747532,9838.38104970732,1.2
3077.534750016235,125.92903198049288,1.2
850.8392841433609,842.3441786962704,1.2
5336.815587443172,7372.742592821753,1.2
4788.609390857453,2209.9469517196712,1.2
6425.9877439737475,1307.7093536282302,1.2
9390.801169561888,9998.222814258841,1.2
1261.49430675503,2056.410232141469,1.2
1237.3029473395336,8561.177123095256,1.2
9243.748760199574,9061.397055740801,1.2
7259.149366168745,4380.75862211249,1.2
4046.0949607340003,3192.113350315716,1.2
3363.595077069884,6127.427886052701,1.2
285.4818503641099,4374.85936623651,1.2
9191.81552602465,8883.612520705325,1.2
6480.7921448511515,3239.2887322114916,1.2
8248.548619402947,2411.3286055863036,1.2
4478.021205694384,4438.920338322075,1.2
5166.815058848443,1822.6686925257063,1.2
908.3475478101221,8165.422356328118,1.2
552.4907565574222,4093.552613151791,1.2
9466.570155116548,379.86567045961925,1.2
1732.9821646302623,6152.562348137692,1.2
8599.074115909278,446.35906042072793,1.2
9916.948493437661,3822.645406123435,1.2
4722.208388052651,8391.138683961677,1.2
6380.280872448566,7556.644659909218,1.2
4449.706868701953,9418.736876880504,1.2
1075.4911424479308,3395.5163486532024,1.2
8244.943404202266,4481.7987517058955,1.2
8554.490346426277,6556.257914407259,1.2
3210.789607871772,9560.177615473494,1.2
5386.997359192296,3192.46244824956,1.2
747.452982939636,9661.155174784912,1.2
5196.411536994189,8994.883506797016,1.2
5177.648144146715,6612.782032110045,1.2
2122.8356010855264,4787.952075671879,1.2
80.20067067220916,8511.218035427202,1.2
7640.231370961897,8907.886909666382,1.2
2125.695915904122,4677.9026709443715,1.2
2743.5475973097455,2359.1527718649054,1.2
7560.443178097881,1228.9739734191419,1.2
5069.902394082863,2622.0976234489244,1.2
3553.560151169868,1620.9321498125328,1.2
9918.826546095877,1080.7947356141556,1.2
85.97760428377454,6110.47522429372,1.2
268.9811006399523,6665.131974981418,1.2
409.601006033663,4729.706888208377,1.2
2667.818767115402,3671.1480863271527,1.2
2953.7016409471394,6180.309609217131,1.2
8876.801444376615,6897.8772197198105,1.2
156.68814174939592,2017.2789070614695,1.2
8585.587577114458,6794.787363146693,1.2
4636.500843337423,3874.066610914156,1.2
8186.962740849853,4590.1780110956715,1.2
595.6472381724187,6619.88940361616,1.2
2053.884020492268,1448.4043844864325,1.2
1174.4417502744598,7771.780587568896,1.2
6728.221372490262,8241.960144966206,1.2
6079.819170619752,1711.183723748193,1.2
1186.6145854390263,3396.6662527943945,1.2
2664.1368579618243,3508.4213437172593,1.2
5254.578358918768,3097.9262847002733,1.2
6839.090833906045,6782.736680869451,1.2
5116.545888524927,4835.24670149863,1.2
916.7216391104615,1121.5060653837616,1.2
6417.636424912312,7759.150881936826,1.2
658.7403760425692,5841.087243009235,1.2
4232.170757447282,9147.87651268236,1.2
7838.765550094463,6552.055136773214,1.2
4704.694845164311,2724.739835299872,1.2
2785.0661563610233,3241.8684420543364,1.2
3509.003385284112,5641.019219102825,1.2
7046.3452736690015,1102.4048405935027,1.2
6447.605771332792,6584.941786330828,1.2
9906.443802507305,4196.512148460574,1.2
2031.835287981708,2487.85246663757,1.2
7124.123012625701,2885.2068888074355,1.2
5049.487672915325,7639.157228116488,1.2
2603.859007397179,3953.7788406050845,1.2
2974.832203882647,6980.6158089497085,1.2
3662.930005638806,3524.6802438153777,1.2
106.04430169655399,674.062150585143,1.2
2972.054920354649,9655.083793958707,1.2
8061.495093330517,1825.820467380711,1.2
7731.890019986476,6050.194649804122,1.2
875.5593650041693,7259.415199264016,1.2
293.3550770520876,2205.5914837086198,1.2
8453.310551117096,3514.57763493754,1.2
9701.929667976654,6105.778277959255,1.2
53.311843531885785,3153.0451917272994,1.2
7350.613065191669,1417.899755706966,1.2
4213.234362130087,817.3799094281287,1.2
1494.9512969529444,7382.352489800554,1.2
105.57824451576714,3544.409990988798,1.2
3503.9192405459385,96.64784078932675,1.2
2931.897224193174,6821.336959123435,1.2
4555.5561353653575,6216.095629535798,1.2
2474.814111941358,2757.4194167605647,1.2
8077.541458069646,9172.885865420942,1.2
1022.0372065663386,7224.378416029091,1.2
2672.7381134332395,2323.5024735831657,1.2
8808.795722540619,2894.0258689375687,1.2
8712.811358320556,3684.9068973604917,1.2
616.0355072214918,9969.80149282263,1.2
6469.11841098276,9414.45396014643,1.2
6100.129186952881,3980.9698345892007,1.2
6713.281871178457,3215.351318100815,1.2
4991.052765359603,8777.702373450456,1.2
6419.962803741652,4827.108864851865,1.2
5954.102669131189,9842.911443014078,1.2
2387.270399897479,6032.670273470281,1.2
541.1072132651651,649.9836884244581,1.2
669.4568032564363,3443.2234491367863,1.2
203.76758287054875,4616.674016919133,1.2
1270.065655574838,5365.638656616799,1.2
6516.992511922336,7880.334412590375,1.2
4349.665688203457,5171.606899201451,1.2
7.814014370680633,3775.272849929943,1.2
9661.02032634228,3996.080956728352,1.2
535.636262581497,6539.977517348253,1.2
2169.6792612348568,3392.5579254905015,1.2
9156.344430570869,8156.245386357193,1.2
5829.626082095239,1998.7430373059478,1.2
7725.203079250125,8933.141365597503,1.2
9252.195926878754,6603.094517789357,1.2
7393.683575077525,1527.5731934218607,1.2
9239.264043973331,6005.363824259321,1.2
5577.030260917596,2393.01960479647,1.2
3114.1402509525483,6491.678313837843,1.2
7914.479634022622,8424.613412927136,1.2
1153.9920124402513,2468.0110036977753,1.2
7288.358709608888,9065.344055461966,1.2
1434.5647600399336,2023.0546771286672,1.2
8757.24903552076,2056.5815448603753,1.2
9943.502229933532,6912.985544149457,1.2
1105.6481586943378,766.2802011547543,1.2
6726.4273314604525,4126.041204752212,1.2
3587.0461556846335,2074.431897625033,1.2
9310.361125789446,8815.141230143432,1.2
455.36925003927365,632.9284635180643,1.2
2898.132917428067,4387.099596028118,1.2
98.99769402308078,4656.7019495261975,1.2
740.3617611239033,2945.004861858763,1.2
8747.647499964076,6723.045842997144,1.2
140.7196393248267,5848.109631936358,1.2
981.018595085561,277.1408161112598,1.2
5317.331148283542,1122.390860574396,1.2
2391.626088760137,7883.117785343569,1.2
6778.748616748272,9993.26316794283,1.2
4212.3072437389055,2128.4397291919945,1.2
178.92636074490764,2570.3308483928477,1.2
4460.016211010112,1965.1159876577174,1.2
5919.851308329907,7057.466477197286,1.2
1490.9756237532201,1757.6383448270328,1.2
5338.81493565883,7698.595046524678,1.2
2467.9504246060924,9038.060941266382,1.2
9491.160136829549,910.5004690027074,1.2
4392.510018149458,4863.426004278333,1.2
4884.433708625487,8282.949820122401,1.2
5815.5733808359455,3640.605645122068,1.2
3965.079289515363,6394.407533617321,1.2
7442.200563031361,2899.5334786894,1.2
8363.37781275684,22.46885599653914,1.2
5404.8376062871785,174.80056277339838,1.2
9927.402579713931,6866.53937686121,1.2
2128.6157871685573,8098.671996458809,1.2
7227.712026160897,555.0852980129017,1.2
8447.399273759487,8617.018051889641,1.2
3436.7510539802247,7536.57251120378,1.2
2767.9715790218497,9862.929715361248,1.2
7512.6454672293985,7653.110839904414,1.2
690.7052549880855,824.9755273599258,1.2
3222.3646556284125,7260.895523966568,1.2
7922.683724320572,9397.846982887699,1.2
6438.254611031099,3522.8407468228397,1.2
1594.1422985222976,6836.341827073251,1.2
1285.364412899952,8119.26856129259,1.2
9891.097387887758,4160.899155880744,1.2
5384.856692145718,1712.7109429370412,1.2
186.9062417682521,8151.860040850247,1.2
2765.8630543716476,7444.034157544739,1.2
6256.029082923169,2083.625825429869,1.2
4872.109187292266,3797.9084593688162,1.2
9551.585600522983,5195.040971377673,1.2
6652.446149740522,8784.348678303217,1.2
4819.921158096362,523.9969535703037,1.2
3257.2798406066518,50.85527309605098,1.2
4800.290470297499,2972.3992302268243,1.2
7502.704858527682,2613.8798862996414,1.2
403.6616188596764,3142.030908938446,1.2
3529.390012529242,9404.061568233894,1.2
77.24419370346958,5861.031385440855,1.2
4171.811102517916,3817.792132595118,1.2
6026.786356964198,3088.8923752006604,1.2
9324.833634199227,3035.1729845545074,1.2
2659.6411988203827,6913.464500860902,1.2
4027.3287531655187,9852.815264726229,1.2
598.6093010021821,2177.516010130708,1.2
1063.337724868797,7301.501378845904,1.2
9194.988148035427,701.4591055891995,1.2
4943.601311056831,2278.790370723963,1.2
2427.7059716428453,1756.21336159833,1.2
5230.150105601634,6247.425853949082,1.2
376.5763832127,8604.824948171832,1.2
9190.675512328095,6145.876964489826,1.2
5123.812444352804,7930.211233440838,1.2
5168.9647736116,2091.7506793013076,1.2
1893.7248878121304,8656.739459452692,1.2
484.28271490874585,2896.914604791845,1.2
4195.55201445566,7706.910470316053,1.2
455.6697283869038,7850.479835640319,1.2
4349.238454181788,9751.002368687505,1.2
2710.942118278602,4794.568436791984,1.2
7476.231546336483,3672.9131856384824,1.2
7948.253679707911,3710.040181125769,1.2
6488.575083365731,4217.463744318126,1.2
332.04522628840994,6133.297583279663,1.2
251.04609817797942,8027.345135363558,1.2
903.2249321370567,2743.2146405113276,1.2
9370.625581494518,3615.5561767268873,1.2
9311.349662630655,2718.10557197828,1.2
4973.931799686082,7873.119844656612,1.2
8725.943446118088,5944.63568748642,1.2
1531.6361900095387,4736.177643779173,1.2
7023.7056369631155,4716.282020235709,1.2
3252.814359152317,8557.584714357006,1.2
5654.1684572527065,9701.001225265163,1.2
8213.935465981012,3290.481736374793,1.2
3133.823295167635,3234.5243450142734,1.2
1687.3430711992087,5845.507221095865,1.2
5768.651546088905,4234.5960055881105,1.2
3086.981991738329,4481.975858617721,1.2
3044.3205528558583,2223.2293369927256,1.2
1852.3882164732586,932.9496678147952,1.2
4240.7585693098445,7173.227726109206,1.2
9865.29030257793,4517.565363710901,1.2
4875.4741420866,5437.383667065682,1.2
7332.730658767743,7133.795561905221,1.2
9188.25886887741,3664.4654524828347,1.2
6812.1032271209515,2912.564247869862,1.2
2960.0871151789875,9865.184350421987,1.2
742.8109379489312,5799.964008226662,1.2
4085.043036559313,8992.707878494031,1.2
124.17179918149168,6018.992250153981,1.2
4749.729040367901,3914.265155935348,1.2
5452.347459047949,6687.867896939788,1.2
4733.485734783717,1989.641846818555,1.2
1040.4627865511518,2816.7939980477386,1.2
537.5058638165908,9414.793165235178,1.2
1774.9537624448874,3438.0754707652495,1.2
8449.88502567556,3220.536017707649,1.2
2091.5257387144047,5226.850852123417,1.2
5679.007979583563,5032.054963802672,1.2
6374.840451029358,2665.982775833341,1.2
7037.0983372066785,8513.74940825533,1.2
1654.9389886269284,273.30201332121493,1.2
8751.016172118621,87.85204367383726,1.2
5064.258207660532,6176.123902587893,1.2
5261.444116509632,1869.919923169754,1.2
6331.701991507164,9501.487721135707,1.2
6677.160890132284,7549.583063578604,1.2
6992.391933476791,3712.9118064106683,1.2
4443.218039525956,6070.607058133428,1.2
8932.526320991921,5092.179411075866,1.2
6366.627857335802,8730.249198149677,1.2
9177.102949810616,5806.5495158503,1.2
118.95124840788473,2274.9130163717177,1.2
844.1164180875127,6315.128878038615,1.2
9455.551106885274,5563.048784934307,1.2
3569.7430528975783,3235.4239929906103,1.2
5381.613749492546,2951.565693106495,1.2
5019.945692233148,6390.992513262145,1.2
977.356229190125,5178.757789550637,1.2
9804.6274996182,1625.3618530280667,1.2
3108.597246253082,3910.781813764429,1.2
2747.506677846345,9219.87859109172,1.2
8328.372802296057,6128.036867895338,1.2
6851.641552174942,144.36727655163796,1.2
3644.1519123692833,5445.101358337682,1.2
3202.468714917721,5596.001922664657,1.2
6893.803641443577,6047.337033631843,1.2
847.274587617124,686.3006597302168,1.2
2828.461456455399,1312.9835626351116,1.2
8556.600171169448,30.134896993434523,1.2
7824.337796856022,3330.3016583878566,1.2
7359.481798462632,8110.746235367827,1.2
2349.6955699460455,203.38128625611463,1.2
6632.972753086874,7655.4993894848085,1.2
6416.274619863728,6475.235198239354,1.2
607.8934316528173,5431.569772326844,1.2
4888.073265759489,3666.969069679019,1.2
272.1108059224642,3090.874534621263,1.2
3859.200886856008,419.4505379197166,1.2
6849.09469617054,6406.304967880567,1.2
7492.487885774851,330.71304189045026,1.2
6640.211229875156,2065.4637051037985,1.2
3984.6448855318063,1436.0732758999984,1.2
4347.054447990271,5863.674203449372,1.2
5116.943177812431,5134.506931948971,1.2
296.7598473474842,5797.666435018712,1.2
5999.884671194451,4361.88264422533,1.2
9681.687271297746,5414.804744642295,1.2
8009.316451523576,7805.258999389908,1.2
7929.698722997836,5535.708408861513,1.2
7437.416437196685,1840.3723325360022,1.2
9513.661729396339,6503.310002566868,1.2
3632.2618416777896,313.62467189846035,1.2
9925.860626981615,103.64771734640898,1.2
4316.520646405251,3426.2309315755233,1.2
1299.2397549409939,2095.6715113573177,1.2
1914.4267748011657,6489.637294524736,1.2
3466.6422509842,5945.812970886389,1.2
4569.4783924463345,5737.964235995801,1.2
8602.338006203468,4521.915102849771,1.2
1704.1422760508585,2599.6254210820525,1.2
2404.077604580386,7411.299597471374,1.2
3114.4768430481386,7569.988232090777,1.2
2835.1864203291834,238.08546183116007,1.2
8824.771798920274,2390.8304086153175,1.2
3424.4695053418704,444.8103513288737,1.2
3886.1057503560924,5143.786908999489,1.2
6486.298108928398,5660.37507309538,1.2
8400.345576008698,9156.40924099425,1.2
9451.592404756277,9316.096652886283,1.2
406.83366877377836,9786.359971244332,1.2
6623.958591041389,5110.04613817368,1.2
5109.486917777882,5577.695721063932,1.2
1728.1914156544399,816.399650928219,1.2
8710.942253152249,7963.5001063096615,1.2
1870.5468788266467,602.6157734308524,1.2
4254.729269992104,9997.534071492915,1.2
9510.044994982361,2261.157237596433,1.2
4699.878848183789,927.6160244735154,1.2
1493.8666464047124,3171.0084064252474,1.2
6607.8216714841765,1829.0459002385928,1.2
5009.311862525296,354.89698938883095,1.2
7045.091631909816,898.2393126381338,1.2
8672.936130548034,1508.3162469251242,1.2
8029.748368529068,4365.057862372166,1.2
4902.862431163488,5946.277688912341,1.2
203.72900083300172,4261.408956182473,1.2
6880.240344999527,1651.555445622247,1.2
1469.0406666072586,5550.77406909806,1.2
1783.1127154929338,7033.762834619356,1.2
3439.9305397195267,2542.7555517193646,1.2
1839.495053790261,8483.886854715527,1.2
8850.294353299141,2.4504778911027536,1.2
4627.6655766416,7862.336894062489,1.2
1957.6507200495475,3872.6967822057545,1.2
7323.341974632032,757.4324003901567,1.2
9345.837884208207,9142.493099935034,1.2
1166.6122402115886,2172.2393456152868,1.2
7311.785995882392,9723.991658907611,1.2
273.7626205240562,8589.147624634343,1.2
8784.663112483095,5831.545578971645,1.2
9222.723066264767,2659.760572259039,1.2
4084.811480722025,5524.252331068831,1.2
4865.730133407294,2794.5452949886585,1.2
7.473000473883218,4781.345744777939,1.2
5794.468560290441,5091.934126371016,1.2
1187.475954108952,4599.55000937338,1.2
7971.017331416265,6844.10645858045,1.2
496.3402965738095,630.7389309383404,1.2
4654.019359859098,3699.788739495233,1.2
1057.670090529922,435.8445839115432,1.2
2913.5602641308687,9572.67524128304,1.2
988.9165682023615,8254.932033952577,1.2
2114.2774888576987,731.4340863245205,1.2
9381.082011490498,5783.068254014991,1.2
7230.891029681425,3248.869516195607,1.2
8526.62703465048,4814.726934211816,1.2
9698.257479235213,4637.266601359914,1.2
1078.2980698438193,8026.327174492968,1.2
5488.406572009487,9877.533793838593,1.2
6224.445561898896,3056.1777226825193,1.2
9102.776848854934,3937.2631509283897,1.2
4183.00862211995,9132.31884533393,1.2
6683.292304285419,716.3691139430173,1.2
6033.656244896344,6352.460496604839,1.2
9326.77836566832,722.7807928954966,1.2
8013.009470310563,5916.251853657078,1.2
8070.852925794586,927.6307691928165,1.2
6375.502976820747,6747.9769406763535,1.2
8007.676565094635,7624.716637413594,1.2
3494.267063177926,2648.0634394953604,1.2
4020.673932706207,9605.092949882184,1.2
6034.363960132531,7380.293017057637,1.2
1307.3267283241196,7065.455298800255,1.2
9058.924552554034,3267.412567371587,1.2
8198.404276857213,4430.681756104733,1.2
1424.449307555118,511.0961420525484,1.2
7667.329351762321,8586.136053877788,1.2
1771.1417956341347,3951.820635234995,1.2
1112.9993520838989,2682.8573822394387,1.2
9682.020993022026,6768.713589587109,1.2
185.24412387029065,1609.2597410628161,1.2
1970.892685474176,9462.96678181138,1.2
3746.8075052645154,3423.3408366208073,1.2
4655.538369948199,6329.514335276331,1.2
9001.977110609207,6668.6075834874955,1.2
8704.084745008142,4974.247216314157,1.2
8362.528625916308,4619.246010160084,1.2
2311.54803773958,1031.111564654873,1.2
8648.323312662194,916.006181303165,1.2
2787.9536390680846,4291.900704844989,1.2
5122.261508425666,9352.412658314795,1.2
1913.6555769326312,9907.37125953525,1.2
8930.958056368105,1371.4547568935097,1.2
8616.544276026014,949.9140011073515,1.2
5144.826213690419,7765.586942667589,1.2
4311.527147243242,684.7090949856804,1.2
6344.820010428728,7287.555935369179,1.2
2995.433212123192,660.9658715510402,1.2
8894.242184329658,9220.475946060002,1.2
2810.465428803962,6073.287322492101,1.2
3755.955672894593,7898.431022053836,1.2
6237.8517510507945,2304.6683284965743,1.2
8542.936564249572,2409.7049607415233,1.2
9669.483942651861,4346.293193925458,1.2
9413.407607278215,8669.407430469137,1.2
1168.4092260103828,1231.6475922440306,1.2
8954.312096643518,410.4102945310939,1.2
5218.915363644118,5231.860710019551,1.2
7478.277898149792,9358.837325005943,1.2
5554.256868398745,6386.750579629955,1.2
5149.535683268899,575.8500809827183,1.2
4535.618411684609,2516.273765031929,1.2
5877.678492328394,690.111734041815,1.2
9928.360693152643,2886.1671603189197,1.2
9658.252594872163,5262.8986868964785,1.2
6049.387093408881,6647.096937662886,1.2
4184.659686142538,3329.9543620738236,1.2
2181.116439406745,4022.5270907635945,1.2
9295.801950312922,6128.0751090693275,1.2
9034.70976883897,3722.4700138068724,1.2
8142.203747272944,3675.0116167734236,1.2
1872.4954133747763,8246.374385116678,1.2
6710.806737399324,9414.69521728066,1.2
787.7319449183994,6363.865162248718,1.2
8407.235519344467,304.5170129581176,1.2
5416.571491021747,1409.5230934726144,1.2
5223.088654349257,3445.0239934751417,1.2
6950.149139625547,158.27648749038303,1.2
8043.455449083304,2306.4530764656542,1.2
7747.318878086081,772.0689523938396,1.2
7034.150938010861,5737.160058692822,1.2
475.85362613199453,6567.032241830151,1.2
9027.629796681173,5178.2585867794705,1.2
6075.327956643655,1215.9978048813114,1.2
936.7043179162837,430.96884138899895,1.2
7794.603597673036,1468.9888663559036,1.2
1068.658862998798,9691.059651871485,1.2
8026.737545916491,8610.732385722713,1.2
3334.562131284623,8911.29041637729,1.2
2900.338538249595,2381.878288613909,1.2
2849.9158267795856,1216.7564158829437,1.2
8559.468585420282,4490.4888039689895,1.2
600.8833789374868,5451.669360519197,1.2
9291.515972805471,9572.815514708782,1.2
368.4427601269957,9984.078824262562,1.2
8001.389113972059,1630.3142154038642,1.2
4733.80453915128,1310.8972856161472,1.2
6737.431020926215,9369.18320261614,1.2
1705.825314201741,7365.077793736123,1.2
4241.895794081716,3919.3647347208316,1.2
4741.528297929433,2791.834764219704,1.2
1885.9115830705653,3653.2883082186418,1.2
8868.597433580044,6174.374389317392,1.2
293.65007087267304,6912.704359297137,1.2
4267.714247273982,1321.396474961467,1.2
5725.035254000999,692.4580089976406,1.2
6602.741219135102,6412.309357101961,1.2
3136.248631282935,1128.7603652644473,1.2
1677.947792480753,3873.444473254155,1.2
2406.7605978673114,9001.947768215214,1.2
9696.095513686676,1390.5295316715317,1.2
9567.745581161958,8568.412929765904,1.2
8916.546566063864,3245.4656798130254,1.2
6556.088858949252,5307.701714352186,1.2
8120.797726609967,4444.046919245035,1.2
2475.4812973800235,608.829714656235,1.2
910.4545103287131,5879.488549706791,1.2
5286.089879573807,316.4080792608659,1.2
7654.276160221573,2573.0458908880296,1.2
7234.337748494914,3312.4789526423115,1.2
7045.924058377536,6255.0860727948375,1.2
6199.027895492719,2409.139675881319,1.2
7770.700345048259,3524.9928704335553,1.2
8056.227726245979,4660.468017560106,1.2
2503.8971024048574,1308.7106633754952,1.2
9424.046290121729,6183.093225964157,1.2
4254.664440561017,5427.504540598134,1.2
3518.412199533186,6452.528581274855,1.2
4241.157294945455,2536.977765584847,1.2
9243.320926489705,4949.098699946638,1.2
7624.83844244437,6058.303399906455,1.2
2947.399032263389,8839.773565376523,1.2
7875.081521482692,1836.8796134334752,1.2
4580.050375347878,7718.22948999613,1.2
8508.28925218281,6088.383488696085,1.2
917.7130473191996,2731.396747683833,1.2
4471.286813593337,669.8174851737937,1.2
9706.029646947565,5829.267319208863,1.2
3929.1681360291286,4723.398225342392,1.2
7805.252729362453,2337.7762352649065,1.2
8117.615930897984,8494.328181180834,1.2
3620.709197327886,6409.820398833224,1.2
5648.37789534668,4565.055277831131,1.2
3632.938428299299,1973.0145488767193,1.2
4622.790478183485,4203.159252764557,1.2
8018.9555155605385,7740.811696142023,1.2
5374.732591344449,886.7457575084459,1.2
6878.111423486798,4379.559209244999,1.2
5856.388767958783,6610.079142294084,1.2
9925.846138468838,8893.820956346432,1.2
7605.887935950284,1091.9154843692613,1.2
2989.3586252717473,2512.003605725799,1.2
6588.071633696464,1641.9515624267378,1.2
7176.0036336472995,214.1729608923404,1.2
9765.811402865527,2781.805639318,1.2
715.7485545325782,9634.361337717382,1.2
7437.743037042494,8036.729577769047,1.2
1884.3759025727536,6489.982984877529,1.2
2671.22895727134,2434.0218981877624,1.2
6762.8455389519595,4435.672669609398,1.2
5948.718020946604,4235.011633390049,1.2
4605.334576930113,6767.235001894355,1.2
8870.879405866246,4209.723584430412,1.2
1740.0334028044651,3932.9926488374876,1.2
1496.6975157503505,6307.003534654202,1.2
