node_id,x,y,gateway_id,gw_x,gw_y,distance_m,sf,tp,lambda,PDR,Energy_mJ,Latency_ms
0,725956.5598826682,867732.6532425975,0,729533.3822929305,869013.0479592208,3799.0879411921564,11.0,14.0,20.0,0.45,4.2582,1446.7927
1,725956.5598826682,868212.6033995671,0,729533.3822929305,869013.0479592208,3665.292627831228,12.0,14.0,18.0,0.7778,6.1033,1339.7832
2,725956.5598826682,867972.6699761905,0,729533.3822929305,869013.0479592208,3725.0563622754503,7.0,14.0,20.0,0.55,1.8424,1693.5754
3,725956.5598826682,868692.6368667532,0,729533.3822929305,869013.0479592208,3591.144918091017,10.0,14.0,20.0,0.45,3.1716,1339.7831
4,725956.5598826682,868452.6201331601,0,729533.3822929305,869013.0479592208,3620.461006940657,10.0,14.0,20.0,1.0,3.2475,1693.5745
5,725956.5598826682,868692.6368667532,0,729533.3822929305,869013.0479592208,3591.144918091017,10.0,14.0,20.0,0.85,3.2155,1339.7829
6,725956.5598826682,868692.6368667532,0,729533.3822929305,869013.0479592208,3591.144918091017,8.0,14.0,20.0,0.85,1.9543,1446.7906
7,725956.5598826682,871092.6375822511,0,729533.3822929305,869013.0479592208,4137.432966800774,10.0,14.0,20.0,0.65,3.1505,1693.5747
8,725956.5598826682,870372.6706916883,0,729533.3822929305,869013.0479592208,3826.517023246728,12.0,14.0,15.0,0.4,4.9745,2056.0712
9,725956.5598826682,870132.6539580952,0,729533.3822929305,869013.0479592208,3747.956262721087,9.0,14.0,20.0,0.95,2.4354,1693.5748
10,725956.5598826682,870612.604115065,0,729533.3822929305,869013.0479592208,3918.1932635148937,11.0,14.0,20.0,0.85,4.2732,2056.0707
11,726233.6998755987,867372.6697973161,0,729533.3822929305,869013.0479592208,3684.93481208324,7.0,14.0,20.0,0.75,1.774,1339.7831
12,726233.6998755987,867852.6199542858,0,729533.3822929305,869013.0479592208,3497.78461456483,7.0,14.0,20.0,0.25,1.9021,1693.5756
13,726233.6998755987,868092.6366878789,0,729533.3822929305,869013.0479592208,3425.6475247261287,11.0,14.0,20.0,0.5,4.3909,2912.1349
14,726233.6998755987,867852.6199542858,0,729533.3822929305,869013.0479592208,3497.78461456483,9.0,14.0,20.0,0.75,2.4658,1339.7829
15,726233.6998755987,868092.6366878789,0,729533.3822929305,869013.0479592208,3425.6475247261287,8.0,14.0,20.0,0.55,1.9526,2056.0712
16,726233.6998755987,867612.6032206927,0,729533.3822929305,869013.0479592208,3584.571037226072,7.0,14.0,20.0,0.5,1.8011,1339.7829
17,726233.6998755987,868332.653421472,0,729533.3822929305,869013.0479592208,3369.100886326714,8.0,14.0,20.0,0.45,2.0107,1693.5754
18,726233.6998755987,868332.653421472,0,729533.3822929305,869013.0479592208,3369.100886326714,12.0,14.0,16.0,0.9375,5.547,1446.791
19,726233.6998755987,868332.653421472,0,729533.3822929305,869013.0479592208,3369.100886326714,8.0,14.0,20.0,0.6,2.1065,1339.7834
20,726233.6998755987,868572.670155065,0,729533.3822929305,869013.0479592208,3328.939270344538,12.0,14.0,14.0,1.1429,4.8935,1446.7908
21,726233.6998755987,868572.670155065,0,729533.3822929305,869013.0479592208,3328.939270344538,7.0,14.0,20.0,0.45,1.873,1693.5753
22,726233.6998755987,868572.670155065,0,729533.3822929305,869013.0479592208,3328.939270344538,8.0,14.0,20.0,0.4,2.0801,1446.791
23,726233.6998755987,869052.6203120346,0,729533.3822929305,869013.0479592208,3299.919699986069,11.0,14.0,20.0,1.0,4.2169,2056.0705
24,726233.6998755987,868572.670155065,0,729533.3822929305,869013.0479592208,3328.939270344538,10.0,14.0,20.0,0.4,3.1494,1339.7832
25,726233.6998755987,869052.6203120346,0,729533.3822929305,869013.0479592208,3299.919699986069,7.0,14.0,20.0,0.7,1.8015,1693.5756
26,726233.6998755987,868572.670155065,0,729533.3822929305,869013.0479592208,3328.939270344538,10.0,14.0,20.0,0.65,3.1781,1446.791
27,726233.6998755987,868572.670155065,0,729533.3822929305,869013.0479592208,3328.939270344538,12.0,14.0,15.0,1.2,5.2751,1339.7826
28,726233.6998755987,868812.6035784415,0,729533.3822929305,869013.0479592208,3305.7649651835386,7.0,14.0,20.0,0.6,1.8864,1446.791
29,726233.6998755987,869052.6203120346,0,729533.3822929305,869013.0479592208,3299.919699986069,9.0,14.0,20.0,0.75,2.3222,1446.7908
30,726233.6998755987,869052.6203120346,0,729533.3822929305,869013.0479592208,3299.919699986069,10.0,14.0,20.0,0.3,2.9819,2912.1351
31,726233.6998755987,869052.6203120346,0,729533.3822929305,869013.0479592208,3299.919699986069,7.0,14.0,20.0,0.65,1.8423,1339.783
32,726233.6998755987,869052.6203120346,0,729533.3822929305,869013.0479592208,3299.919699986069,8.0,14.0,20.0,0.85,2.0655,1446.7907
33,726233.6998755987,869292.6370456277,0,729533.3822929305,869013.0479592208,3311.5063207680514,10.0,14.0,20.0,0.45,3.3444,1339.7834
34,726233.6998755987,869292.6370456277,0,729533.3822929305,869013.0479592208,3311.5063207680514,12.0,14.0,17.0,0.1765,5.7635,2056.0716
35,726233.6998755987,869772.6705128138,0,729533.3822929305,869013.0479592208,3385.9903247316142,10.0,14.0,20.0,0.4,3.0848,2912.1349
36,726233.6998755987,869532.6537792208,0,729533.3822929305,869013.0479592208,3340.343434951972,10.0,14.0,20.0,0.85,3.1341,1446.7907
37,726233.6998755987,869292.6370456277,0,729533.3822929305,869013.0479592208,3311.5063207680514,7.0,14.0,20.0,0.5,1.9212,1339.7829
38,726233.6998755987,869292.6370456277,0,729533.3822929305,869013.0479592208,3311.5063207680514,8.0,14.0,20.0,0.8,2.0679,2056.0706
39,726233.6998755987,869532.6537792208,0,729533.3822929305,869013.0479592208,3340.343434951972,8.0,14.0,20.0,0.75,1.8921,1339.7827
40,726233.6998755987,869532.6537792208,0,729533.3822929305,869013.0479592208,3340.343434951972,8.0,14.0,20.0,0.8,2.0158,1339.7829
41,726233.6998755987,869532.6537792208,0,729533.3822929305,869013.0479592208,3340.343434951972,7.0,14.0,20.0,0.3,1.772,1339.7833
42,726233.6998755987,869772.6705128138,0,729533.3822929305,869013.0479592208,3385.9903247316142,9.0,14.0,20.0,0.85,2.2409,1278.0867
43,726233.6998755987,869772.6705128138,0,729533.3822929305,869013.0479592208,3385.9903247316142,11.0,14.0,20.0,0.55,4.3131,1693.5748
44,726233.6998755987,869772.6705128138,0,729533.3822929305,869013.0479592208,3385.9903247316142,10.0,14.0,20.0,0.6,3.0021,1278.0881
45,726233.6998755987,869772.6705128138,0,729533.3822929305,869013.0479592208,3385.9903247316142,10.0,14.0,20.0,0.8,3.1649,1446.7908
46,726233.6998755987,870012.6039361905,0,729533.3822929305,869013.0479592208,3447.755241652849,9.0,14.0,20.0,0.5,2.351,1278.087
47,726233.6998755987,870012.6039361905,0,729533.3822929305,869013.0479592208,3447.755241652849,11.0,14.0,20.0,0.55,4.2872,1693.5751
48,726233.6998755987,870252.6206697836,0,729533.3822929305,869013.0479592208,3524.8325577282058,9.0,14.0,20.0,1.0,2.4161,1339.7825
49,726233.6998755987,870012.6039361905,0,729533.3822929305,869013.0479592208,3447.755241652849,7.0,14.0,20.0,1.0,1.7358,1446.7905
50,726233.6998755987,870252.6206697836,0,729533.3822929305,869013.0479592208,3524.8325577282058,7.0,14.0,20.0,0.4,1.7062,1278.0873
51,726233.6998755987,870252.6206697836,0,729533.3822929305,869013.0479592208,3524.8325577282058,11.0,14.0,20.0,0.85,4.2561,1446.7907
52,726233.6998755987,870252.6206697836,0,729533.3822929305,869013.0479592208,3524.8325577282058,12.0,14.0,16.0,0.75,5.3675,1693.575
53,726233.6998755987,870972.6708705628,0,729533.3822929305,869013.0479592208,3837.711037833001,12.0,14.0,14.0,0.6429,4.7611,2056.0711
54,726233.6998755987,870252.6206697836,0,729533.3822929305,869013.0479592208,3524.8325577282058,7.0,14.0,20.0,0.75,1.7951,1446.7917
55,726233.6998755987,870252.6206697836,0,729533.3822929305,869013.0479592208,3524.8325577282058,11.0,14.0,20.0,0.55,4.3271,1339.7828
56,726233.6998755987,870252.6206697836,0,729533.3822929305,869013.0479592208,3524.8325577282058,8.0,14.0,20.0,0.65,1.9774,1693.5752
57,726233.6998755987,870012.6039361905,0,729533.3822929305,869013.0479592208,3447.755241652849,11.0,14.0,20.0,0.3,4.2171,2056.0718
58,726233.6998755987,870492.6374033766,0,729533.3822929305,869013.0479592208,3616.2257919696076,8.0,14.0,20.0,0.9,2.0771,1278.0867
59,726233.6998755987,870252.6206697836,0,729533.3822929305,869013.0479592208,3524.8325577282058,9.0,14.0,20.0,0.35,2.3017,1339.7835
60,726233.6998755987,870732.6541369697,0,729533.3822929305,869013.0479592208,3720.880199872208,9.0,14.0,20.0,0.7,2.3823,2912.1348
61,726233.6998755987,871212.6042939394,0,729533.3822929305,869013.0479592208,3965.5960617351884,7.0,14.0,20.0,0.7,1.7179,1339.7828
62,726233.6998755987,870732.6541369697,0,729533.3822929305,869013.0479592208,3720.880199872208,8.0,14.0,20.0,0.7,1.9127,1693.5747
63,726233.6998755987,870732.6541369697,0,729533.3822929305,869013.0479592208,3720.880199872208,8.0,14.0,20.0,0.3,1.9603,1278.0875
64,726233.6998755987,870732.6541369697,0,729533.3822929305,869013.0479592208,3720.880199872208,8.0,14.0,20.0,0.9,2.0103,1446.7915
65,726233.6998755987,870732.6541369697,0,729533.3822929305,869013.0479592208,3720.880199872208,8.0,14.0,20.0,0.85,1.9838,1693.5749
66,726233.6998755987,870732.6541369697,0,729533.3822929305,869013.0479592208,3720.880199872208,10.0,14.0,20.0,0.3,3.1993,2056.0713
67,726233.6998755987,870732.6541369697,0,729533.3822929305,869013.0479592208,3720.880199872208,10.0,14.0,20.0,0.9,3.2147,1693.5746
68,726233.6998755987,870972.6708705628,0,729533.3822929305,869013.0479592208,3837.711037833001,9.0,14.0,20.0,0.55,2.3799,2912.1347
69,726233.6998755987,870972.6708705628,0,729533.3822929305,869013.0479592208,3837.711037833001,10.0,14.0,20.0,0.55,3.1614,1278.0868
70,726233.6998755987,870972.6708705628,0,729533.3822929305,869013.0479592208,3837.711037833001,7.0,14.0,20.0,0.6,1.7807,1339.783
71,726233.6998755987,871212.6042939394,0,729533.3822929305,869013.0479592208,3965.5960617351884,10.0,14.0,20.0,0.95,3.1671,1693.5745
72,726233.6998755987,871212.6042939394,0,729533.3822929305,869013.0479592208,3965.5960617351884,12.0,14.0,17.0,0.5882,5.5531,1339.7832
73,726510.8398685291,867492.6365090044,0,729533.3822929305,869013.0479592208,3383.402678555337,11.0,14.0,20.0,0.35,4.2198,1278.087
74,726510.8398685291,867492.6365090044,0,729533.3822929305,869013.0479592208,3383.402678555337,8.0,14.0,20.0,0.4,2.0075,1278.0872
75,726510.8398685291,867492.6365090044,0,729533.3822929305,869013.0479592208,3383.402678555337,9.0,14.0,20.0,0.85,2.4406,1339.7827
76,726510.8398685291,867492.6365090044,0,729533.3822929305,869013.0479592208,3383.402678555337,11.0,14.0,20.0,0.7,4.1836,1278.0868
77,726510.8398685291,867972.6699761905,0,729533.3822929305,869013.0479592208,3196.5839664992936,10.0,14.0,20.0,0.7,3.0865,1446.7908
78,726510.8398685291,867972.6699761905,0,729533.3822929305,869013.0479592208,3196.5839664992936,11.0,14.0,20.0,0.75,4.2075,2056.0707
79,726510.8398685291,867732.6532425975,0,729533.3822929305,869013.0479592208,3282.5559153902013,11.0,14.0,20.0,0.75,4.2282,2912.1345
80,726510.8398685291,867972.6699761905,0,729533.3822929305,869013.0479592208,3196.5839664992936,11.0,14.0,20.0,0.7,4.2385,1693.5747
81,726510.8398685291,867972.6699761905,0,729533.3822929305,869013.0479592208,3196.5839664992936,10.0,14.0,20.0,0.75,3.0429,2912.1345
82,726510.8398685291,868212.6033995671,0,729533.3822929305,869013.0479592208,3126.735390209011,11.0,14.0,20.0,0.25,4.3679,1278.0875
83,726510.8398685291,867972.6699761905,0,729533.3822929305,869013.0479592208,3196.5839664992936,11.0,14.0,20.0,0.4,4.447,1339.7833
84,726510.8398685291,867972.6699761905,0,729533.3822929305,869013.0479592208,3196.5839664992936,11.0,14.0,20.0,0.8,4.186,1339.7828
85,726510.8398685291,868692.6368667532,0,729533.3822929305,869013.0479592208,3039.4779116622126,7.0,14.0,20.0,0.85,1.7291,1446.7908
86,726510.8398685291,868212.6033995671,0,729533.3822929305,869013.0479592208,3126.735390209011,11.0,14.0,20.0,0.65,4.3807,2056.0707
87,726510.8398685291,868452.6201331601,0,729533.3822929305,869013.0479592208,3074.059540010457,10.0,14.0,20.0,0.3,3.0648,2912.135
88,726510.8398685291,868212.6033995671,0,729533.3822929305,869013.0479592208,3126.735390209011,9.0,14.0,20.0,0.4,2.3431,1693.575
89,726510.8398685291,868452.6201331601,0,729533.3822929305,869013.0479592208,3074.059540010457,12.0,14.0,16.0,0.3125,5.3194,1278.0872
90,726510.8398685291,868692.6368667532,0,729533.3822929305,869013.0479592208,3039.4779116622126,12.0,14.0,16.0,0.375,5.507,1446.7913
91,726510.8398685291,868932.6536003463,0,729533.3822929305,869013.0479592208,3023.6114102584424,12.0,14.0,15.0,1.2667,5.0974,1693.5747
92,726510.8398685291,868932.6536003463,0,729533.3822929305,869013.0479592208,3023.6114102584424,7.0,14.0,20.0,0.3,1.8259,2056.0712
93,726510.8398685291,869172.6703339394,0,729533.3822929305,869013.0479592208,3026.75436892672,8.0,14.0,20.0,1.0,2.0198,1278.0865
94,726510.8398685291,869172.6703339394,0,729533.3822929305,869013.0479592208,3026.75436892672,12.0,14.0,16.0,0.4375,5.4234,1339.7848
95,726510.8398685291,869172.6703339394,0,729533.3822929305,869013.0479592208,3026.75436892672,8.0,14.0,20.0,0.25,2.1131,1278.0877
96,726510.8398685291,869172.6703339394,0,729533.3822929305,869013.0479592208,3026.75436892672,10.0,14.0,20.0,1.0,3.0932,1339.7827
97,726510.8398685291,869172.6703339394,0,729533.3822929305,869013.0479592208,3026.75436892672,7.0,14.0,20.0,0.55,1.8142,1446.791
98,726510.8398685291,869172.6703339394,0,729533.3822929305,869013.0479592208,3026.75436892672,12.0,14.0,16.0,1.0625,5.5573,1339.7827
99,726510.8398685291,869412.603757316,0,729533.3822929305,869013.0479592208,3048.8370804452115,7.0,14.0,20.0,0.85,1.9582,1446.7909
100,726510.8398685291,869412.603757316,0,729533.3822929305,869013.0479592208,3048.8370804452115,8.0,14.0,20.0,0.5,2.1911,1339.7834
101,726510.8398685291,869652.6204909091,0,729533.3822929305,869013.0479592208,3089.46851911398,9.0,14.0,20.0,0.5,2.2697,1339.7831
102,726510.8398685291,869652.6204909091,0,729533.3822929305,869013.0479592208,3089.46851911398,11.0,14.0,20.0,0.4,4.3251,2056.0708
103,726510.8398685291,869892.6372245022,0,729533.3822929305,869013.0479592208,3147.926298836165,9.0,14.0,20.0,0.7,2.5447,1278.087
104,726510.8398685291,869892.6372245022,0,729533.3822929305,869013.0479592208,3147.926298836165,7.0,14.0,20.0,0.9,1.9138,1339.7827
105,726510.8398685291,869412.603757316,0,729533.3822929305,869013.0479592208,3048.8370804452115,12.0,14.0,18.0,0.5556,6.0363,1693.5751
106,726510.8398685291,870132.6539580952,0,729533.3822929305,869013.0479592208,3223.2406518939542,10.0,14.0,20.0,0.45,3.0721,1339.7831
107,726510.8398685291,870132.6539580952,0,729533.3822929305,869013.0479592208,3223.2406518939542,9.0,14.0,20.0,0.4,2.263,1339.7831
108,726510.8398685291,870132.6539580952,0,729533.3822929305,869013.0479592208,3223.2406518939542,9.0,14.0,20.0,0.85,2.372,2056.0714
109,726510.8398685291,869412.603757316,0,729533.3822929305,869013.0479592208,3048.8370804452115,12.0,14.0,17.0,0.8824,5.8452,1446.7909
110,726510.8398685291,869892.6372245022,0,729533.3822929305,869013.0479592208,3147.926298836165,7.0,14.0,20.0,0.95,1.8287,1446.7907
111,726510.8398685291,870372.6706916883,0,729533.3822929305,869013.0479592208,3314.2626151149443,12.0,14.0,15.0,0.8667,5.0829,2912.1347
112,726510.8398685291,869892.6372245022,0,729533.3822929305,869013.0479592208,3147.926298836165,8.0,14.0,20.0,1.0,1.9742,2056.0711
113,726510.8398685291,869892.6372245022,0,729533.3822929305,869013.0479592208,3147.926298836165,7.0,14.0,20.0,0.65,1.8875,1446.7912
114,726510.8398685291,870372.6706916883,0,729533.3822929305,869013.0479592208,3314.2626151149443,9.0,14.0,20.0,0.7,2.2709,1278.0869
115,726510.8398685291,870612.604115065,0,729533.3822929305,869013.0479592208,3419.6991977372863,9.0,14.0,20.0,0.7,2.5385,1339.7829
116,726510.8398685291,870612.604115065,0,729533.3822929305,869013.0479592208,3419.6991977372863,10.0,14.0,20.0,0.45,3.1868,1693.575
117,726510.8398685291,870132.6539580952,0,729533.3822929305,869013.0479592208,3223.2406518939542,9.0,14.0,20.0,0.65,2.6209,1446.7909
118,726510.8398685291,869652.6204909091,0,729533.3822929305,869013.0479592208,3089.46851911398,10.0,14.0,20.0,0.9,3.0661,1278.0867
119,726510.8398685291,871332.6543158442,0,729533.3822929305,869013.0479592208,3810.0310178519085,9.0,14.0,20.0,0.5,2.469,2912.1348
120,726510.8398685291,870612.604115065,0,729533.3822929305,869013.0479592208,3419.6991977372863,8.0,14.0,20.0,0.8,2.012,2056.0708
121,726510.8398685291,870852.620848658,0,729533.3822929305,869013.0479592208,3538.331686382515,9.0,14.0,20.0,0.8,2.2921,1339.783
122,726510.8398685291,870612.604115065,0,729533.3822929305,869013.0479592208,3419.6991977372863,10.0,14.0,20.0,0.3,3.234,1278.0877
123,726510.8398685291,870612.604115065,0,729533.3822929305,869013.0479592208,3419.6991977372863,10.0,14.0,20.0,0.25,3.1084,1278.0876
124,726510.8398685291,871092.6375822511,0,729533.3822929305,869013.0479592208,3668.8493710591883,10.0,14.0,20.0,0.6,3.1158,1446.791
125,726510.8398685291,870852.620848658,0,729533.3822929305,869013.0479592208,3538.331686382515,9.0,14.0,20.0,0.8,2.2878,1339.7828
126,726510.8398685291,871092.6375822511,0,729533.3822929305,869013.0479592208,3668.8493710591883,10.0,14.0,20.0,0.75,3.1313,1278.0869
127,726510.8398685291,870852.620848658,0,729533.3822929305,869013.0479592208,3538.331686382515,11.0,14.0,20.0,0.6,4.3092,1278.0872
128,726510.8398685291,871332.6543158442,0,729533.3822929305,869013.0479592208,3810.0310178519085,8.0,14.0,20.0,0.85,1.9146,1339.783
129,726510.8398685291,870852.620848658,0,729533.3822929305,869013.0479592208,3538.331686382515,9.0,14.0,20.0,0.65,2.4031,1278.0871
130,726510.8398685291,871092.6375822511,0,729533.3822929305,869013.0479592208,3668.8493710591883,10.0,14.0,20.0,0.8,3.005,1693.5749
131,726787.9798614596,867372.6697973161,0,729533.3822929305,869013.0479592208,3198.136179836699,8.0,14.0,20.0,0.45,1.9878,1446.7912
132,726787.9798614596,867372.6697973161,0,729533.3822929305,869013.0479592208,3198.136179836699,9.0,14.0,20.0,0.2,2.4431,2056.0716
133,726787.9798614596,867612.6032206927,0,729533.3822929305,869013.0479592208,3081.9604112313846,8.0,14.0,20.0,0.6,1.9956,1339.7829
134,726787.9798614596,868092.6366878789,0,729533.3822929305,869013.0479592208,2895.581361167354,11.0,14.0,20.0,0.65,4.4198,1446.7913
135,726787.9798614596,867612.6032206927,0,729533.3822929305,869013.0479592208,3081.9604112313846,9.0,14.0,20.0,0.2,2.3284,2912.1352
136,726787.9798614596,868572.670155065,0,729533.3822929305,869013.0479592208,2780.497639114185,10.0,14.0,20.0,0.45,3.0953,1278.0869
137,726787.9798614596,868572.670155065,0,729533.3822929305,869013.0479592208,2780.497639114185,7.0,14.0,20.0,0.6,1.8241,1278.0871
138,726787.9798614596,868092.6366878789,0,729533.3822929305,869013.0479592208,2895.581361167354,10.0,14.0,20.0,0.4,2.958,1693.5757
139,726787.9798614596,868572.670155065,0,729533.3822929305,869013.0479592208,2780.497639114185,9.0,14.0,20.0,1.0,2.2894,1278.0866
140,726787.9798614596,868332.653421472,0,729533.3822929305,869013.0479592208,2828.4573954233397,10.0,14.0,20.0,0.8,3.1761,1446.7907
141,726787.9798614596,868332.653421472,0,729533.3822929305,869013.0479592208,2828.4573954233397,7.0,14.0,20.0,0.7,1.7855,1278.087
142,726787.9798614596,868812.6035784415,0,729533.3822929305,869013.0479592208,2752.710021145063,7.0,14.0,20.0,0.45,1.8973,1339.7832
143,726787.9798614596,868812.6035784415,0,729533.3822929305,869013.0479592208,2752.710021145063,7.0,14.0,20.0,0.85,1.8175,1446.7907
144,726787.9798614596,868812.6035784415,0,729533.3822929305,869013.0479592208,2752.710021145063,10.0,14.0,20.0,0.7,3.0826,1446.7907
145,726787.9798614596,868812.6035784415,0,729533.3822929305,869013.0479592208,2752.710021145063,9.0,14.0,20.0,1.0,2.6058,2056.0706
146,726787.9798614596,869292.6370456277,0,729533.3822929305,869013.0479592208,2759.6022481445198,10.0,14.0,20.0,0.75,3.4294,1278.0868
147,726787.9798614596,869052.6203120346,0,729533.3822929305,869013.0479592208,2745.6876154860884,7.0,14.0,20.0,0.8,1.812,1446.7908
148,726787.9798614596,869052.6203120346,0,729533.3822929305,869013.0479592208,2745.6876154860884,11.0,14.0,20.0,0.4,4.178,1693.5753
149,726787.9798614596,869052.6203120346,0,729533.3822929305,869013.0479592208,2745.6876154860884,7.0,14.0,20.0,0.9,1.9044,1278.0867
150,726787.9798614596,868812.6035784415,0,729533.3822929305,869013.0479592208,2752.710021145063,12.0,14.0,17.0,0.4706,5.8504,1693.575
151,726787.9798614596,869292.6370456277,0,729533.3822929305,869013.0479592208,2759.6022481445198,7.0,14.0,20.0,0.3,1.7452,2056.071
152,726787.9798614596,869292.6370456277,0,729533.3822929305,869013.0479592208,2759.6022481445198,12.0,14.0,17.0,0.5882,5.6532,1278.0868
153,726787.9798614596,869532.6537792208,0,729533.3822929305,869013.0479592208,2794.141141550346,9.0,14.0,20.0,0.7,2.337,2056.0707
154,726787.9798614596,869292.6370456277,0,729533.3822929305,869013.0479592208,2759.6022481445198,10.0,14.0,20.0,0.45,3.2141,1693.5751
155,726787.9798614596,869532.6537792208,0,729533.3822929305,869013.0479592208,2794.141141550346,9.0,14.0,20.0,0.7,2.2688,2912.1355
156,726787.9798614596,869772.6705128138,0,729533.3822929305,869013.0479592208,2848.5541832048116,10.0,14.0,20.0,0.85,3.0854,1446.7909
157,726787.9798614596,869532.6537792208,0,729533.3822929305,869013.0479592208,2794.141141550346,12.0,14.0,17.0,1.0,5.7774,1339.7827
158,726787.9798614596,869772.6705128138,0,729533.3822929305,869013.0479592208,2848.5541832048116,7.0,14.0,20.0,0.85,1.8227,1446.7909
159,726787.9798614596,869772.6705128138,0,729533.3822929305,869013.0479592208,2848.5541832048116,7.0,14.0,20.0,0.9,1.74,1339.7826
160,726787.9798614596,869772.6705128138,0,729533.3822929305,869013.0479592208,2848.5541832048116,7.0,14.0,20.0,0.75,1.9129,1693.5749
161,726787.9798614596,869772.6705128138,0,729533.3822929305,869013.0479592208,2848.5541832048116,10.0,14.0,20.0,0.85,3.0671,2056.0707
162,726787.9798614596,870012.6039361905,0,729533.3822929305,869013.0479592208,2921.70269908186,7.0,14.0,20.0,0.15,1.9738,1693.5756
163,726787.9798614596,869772.6705128138,0,729533.3822929305,869013.0479592208,2848.5541832048116,9.0,14.0,20.0,0.15,2.3997,2912.1353
164,726787.9798614596,870012.6039361905,0,729533.3822929305,869013.0479592208,2921.70269908186,9.0,14.0,20.0,0.95,2.3417,1446.7907
165,726787.9798614596,870492.6374033766,0,729533.3822929305,869013.0479592208,3118.720800902791,7.0,14.0,20.0,0.65,1.8748,1446.7909
166,726787.9798614596,870972.6708705628,0,729533.3822929305,869013.0479592208,3373.0337183880592,11.0,14.0,20.0,0.7,4.2078,1446.7909
167,726787.9798614596,869772.6705128138,0,729533.3822929305,869013.0479592208,2848.5541832048116,10.0,14.0,20.0,0.6,3.061,2056.0711
168,726787.9798614596,870252.6206697836,0,729533.3822929305,869013.0479592208,3012.270740736678,11.0,14.0,20.0,0.1,4.3697,1339.7839
169,726787.9798614596,870012.6039361905,0,729533.3822929305,869013.0479592208,2921.70269908186,12.0,14.0,15.0,0.2667,5.2258,1339.7834
170,726787.9798614596,870492.6374033766,0,729533.3822929305,869013.0479592208,3118.720800902791,7.0,14.0,20.0,0.2,1.9065,1693.5756
171,726787.9798614596,870252.6206697836,0,729533.3822929305,869013.0479592208,3012.270740736678,11.0,14.0,20.0,0.4,4.2734,1446.7916
172,726787.9798614596,870492.6374033766,0,729533.3822929305,869013.0479592208,3118.720800902791,10.0,14.0,20.0,0.4,3.155,1278.0873
173,726787.9798614596,870732.6541369697,0,729533.3822929305,869013.0479592208,3239.487601037944,12.0,14.0,16.0,0.5625,5.5815,1278.0873
174,726787.9798614596,870492.6374033766,0,729533.3822929305,869013.0479592208,3118.720800902791,10.0,14.0,20.0,0.25,3.0449,1339.7834
175,726787.9798614596,870252.6206697836,0,729533.3822929305,869013.0479592208,3012.270740736678,11.0,14.0,20.0,0.65,4.1125,1446.791
176,726787.9798614596,870972.6708705628,0,729533.3822929305,869013.0479592208,3373.0337183880592,12.0,14.0,18.0,0.2778,6.2838,1339.7841
177,726787.9798614596,871212.6042939394,0,729533.3822929305,869013.0479592208,3517.8519838570764,8.0,14.0,20.0,0.5,2.0556,1339.7828
178,727065.1198543899,867252.6197754113,0,729533.3822929305,869013.0479592208,3031.736607270018,12.0,14.0,15.0,0.4,4.9642,1278.0874
179,727065.1198543899,867492.6365090044,0,729533.3822929305,869013.0479592208,2898.9602348875915,10.0,14.0,20.0,0.6,3.0891,1278.0871
180,727065.1198543899,867732.6532425975,0,729533.3822929305,869013.0479592208,2780.5988736003064,7.0,14.0,20.0,0.6,1.9106,1278.0872
181,727065.1198543899,867972.6699761905,0,729533.3822929305,869013.0479592208,2678.564132718208,7.0,14.0,20.0,0.3,1.7265,1278.0875
182,727065.1198543899,867972.6699761905,0,729533.3822929305,869013.0479592208,2678.564132718208,7.0,14.0,20.0,0.4,1.7749,1693.5753
183,727065.1198543899,867972.6699761905,0,729533.3822929305,869013.0479592208,2678.564132718208,12.0,14.0,16.0,0.6875,5.5129,1278.0872
184,727065.1198543899,867972.6699761905,0,729533.3822929305,869013.0479592208,2678.564132718208,12.0,14.0,16.0,0.375,5.4311,1693.5754
185,727065.1198543899,867972.6699761905,0,729533.3822929305,869013.0479592208,2678.564132718208,8.0,14.0,20.0,0.5,2.0747,1446.7915
186,727065.1198543899,868452.6201331601,0,729533.3822929305,869013.0479592208,2531.0864887896246,7.0,14.0,20.0,0.1,1.8051,1339.7839
187,727065.1198543899,868452.6201331601,0,729533.3822929305,869013.0479592208,2531.0864887896246,11.0,14.0,20.0,0.4,4.3528,1278.0871
188,727065.1198543899,868452.6201331601,0,729533.3822929305,869013.0479592208,2531.0864887896246,8.0,14.0,20.0,0.65,1.9869,1339.7829
189,727065.1198543899,868452.6201331601,0,729533.3822929305,869013.0479592208,2531.0864887896246,12.0,14.0,16.0,0.75,5.4498,1693.5749
190,727065.1198543899,868932.6536003463,0,729533.3822929305,869013.0479592208,2469.5713633035866,12.0,14.0,14.0,0.7143,4.7917,1446.7914
191,727065.1198543899,868932.6536003463,0,729533.3822929305,869013.0479592208,2469.5713633035866,10.0,14.0,20.0,0.2,3.0621,1693.5757
192,727065.1198543899,868932.6536003463,0,729533.3822929305,869013.0479592208,2469.5713633035866,8.0,14.0,20.0,0.35,1.9921,1339.7832
193,727065.1198543899,868932.6536003463,0,729533.3822929305,869013.0479592208,2469.5713633035866,7.0,14.0,20.0,0.35,1.7085,1278.0873
194,727065.1198543899,868932.6536003463,0,729533.3822929305,869013.0479592208,2469.5713633035866,7.0,14.0,20.0,0.9,1.7839,1339.7826
195,727065.1198543899,869172.6703339394,0,729533.3822929305,869013.0479592208,2473.418437713497,11.0,14.0,20.0,0.4,4.4353,1339.7834
196,727065.1198543899,868932.6536003463,0,729533.3822929305,869013.0479592208,2469.5713633035866,10.0,14.0,20.0,0.4,3.2087,1339.7831
197,727065.1198543899,869652.6204909091,0,729533.3822929305,869013.0479592208,2549.7789097881446,10.0,14.0,20.0,0.25,3.0287,1446.7914
198,727065.1198543899,869172.6703339394,0,729533.3822929305,869013.0479592208,2473.418437713497,8.0,14.0,20.0,0.25,1.9713,1339.7839
199,727065.1198543899,869412.603757316,0,729533.3822929305,869013.0479592208,2500.3928293973668,12.0,14.0,15.0,0.4,5.2194,1339.7835
200,727065.1198543899,868932.6536003463,0,729533.3822929305,869013.0479592208,2469.5713633035866,12.0,14.0,15.0,0.7333,5.0865,1278.0871
201,727065.1198543899,869172.6703339394,0,729533.3822929305,869013.0479592208,2473.418437713497,7.0,14.0,20.0,0.2,1.9146,1693.5756
202,727065.1198543899,869412.603757316,0,729533.3822929305,869013.0479592208,2500.3928293973668,7.0,14.0,20.0,0.1,1.9142,1278.088
203,727065.1198543899,869172.6703339394,0,729533.3822929305,869013.0479592208,2473.418437713497,8.0,14.0,20.0,0.3,2.1432,1339.7833
204,727065.1198543899,869652.6204909091,0,729533.3822929305,869013.0479592208,2549.7789097881446,9.0,14.0,20.0,0.55,2.3027,1693.575
205,727065.1198543899,869412.603757316,0,729533.3822929305,869013.0479592208,2500.3928293973668,7.0,14.0,20.0,0.4,1.8085,1278.0873
206,727065.1198543899,869892.6372245022,0,729533.3822929305,869013.0479592208,2620.3047038671757,10.0,14.0,20.0,0.3,3.1265,1278.0874
207,727065.1198543899,869652.6204909091,0,729533.3822929305,869013.0479592208,2549.7789097881446,12.0,14.0,17.0,0.5294,5.728,1278.0871
208,727065.1198543899,869412.603757316,0,729533.3822929305,869013.0479592208,2500.3928293973668,8.0,14.0,20.0,0.2,1.9435,1693.5754
209,727065.1198543899,869892.6372245022,0,729533.3822929305,869013.0479592208,2620.3047038671757,8.0,14.0,20.0,0.35,2.0045,1278.0876
210,727065.1198543899,869652.6204909091,0,729533.3822929305,869013.0479592208,2549.7789097881446,11.0,14.0,20.0,0.35,4.3527,1339.7833
211,727065.1198543899,869892.6372245022,0,729533.3822929305,869013.0479592208,2620.3047038671757,7.0,14.0,20.0,0.1,1.8994,1278.0879
212,727065.1198543899,869892.6372245022,0,729533.3822929305,869013.0479592208,2620.3047038671757,12.0,14.0,16.0,0.375,5.5554,1339.7837
213,727065.1198543899,869892.6372245022,0,729533.3822929305,869013.0479592208,2620.3047038671757,7.0,14.0,20.0,0.1,1.7995,1278.0877
214,727065.1198543899,869892.6372245022,0,729533.3822929305,869013.0479592208,2620.3047038671757,10.0,14.0,20.0,0.5,3.1481,1446.791
215,727065.1198543899,870132.6539580952,0,729533.3822929305,869013.0479592208,2710.320471498869,9.0,14.0,20.0,0.55,2.2773,1446.791
216,727065.1198543899,870132.6539580952,0,729533.3822929305,869013.0479592208,2710.320471498869,10.0,14.0,20.0,0.2,3.1228,1339.7835
217,727065.1198543899,870132.6539580952,0,729533.3822929305,869013.0479592208,2710.320471498869,9.0,14.0,20.0,0.55,2.3805,1339.7834
218,727065.1198543899,869892.6372245022,0,729533.3822929305,869013.0479592208,2620.3047038671757,11.0,14.0,20.0,0.15,4.3052,1278.0879
219,727065.1198543899,869892.6372245022,0,729533.3822929305,869013.0479592208,2620.3047038671757,10.0,14.0,20.0,0.25,3.114,1339.7835
220,727065.1198543899,870132.6539580952,0,729533.3822929305,869013.0479592208,2710.320471498869,12.0,14.0,17.0,0.4706,5.7082,1278.0873
221,727065.1198543899,870372.6706916883,0,729533.3822929305,869013.0479592208,2817.9590912844415,12.0,14.0,16.0,0.875,5.5794,1339.7829
222,727065.1198543899,870612.604115065,0,729533.3822929305,869013.0479592208,2941.2411259890146,10.0,14.0,20.0,0.3,3.3377,1278.0876
223,727065.1198543899,870372.6706916883,0,729533.3822929305,869013.0479592208,2817.9590912844415,7.0,14.0,20.0,0.35,1.9507,1446.7916
224,727065.1198543899,870372.6706916883,0,729533.3822929305,869013.0479592208,2817.9590912844415,10.0,14.0,20.0,0.35,3.2452,1278.0874
225,727065.1198543899,870612.604115065,0,729533.3822929305,869013.0479592208,2941.2411259890146,7.0,14.0,20.0,0.15,1.9584,1693.5761
226,727065.1198543899,871092.6375822511,0,729533.3822929305,869013.0479592208,3227.539692354765,11.0,14.0,20.0,0.2,4.1047,1278.0874
227,727065.1198543899,870852.620848658,0,729533.3822929305,869013.0479592208,3078.367729993059,9.0,14.0,20.0,0.6,2.4794,1339.7829
228,727065.1198543899,870612.604115065,0,729533.3822929305,869013.0479592208,2941.2411259890146,10.0,14.0,20.0,0.3,3.2211,1278.0876
229,727065.1198543899,871092.6375822511,0,729533.3822929305,869013.0479592208,3227.539692354765,12.0,14.0,15.0,0.7333,5.1371,1278.0871
230,727065.1198543899,871092.6375822511,0,729533.3822929305,869013.0479592208,3227.539692354765,12.0,14.0,18.0,0.8333,6.1109,1339.7829
231,727065.1198543899,870612.604115065,0,729533.3822929305,869013.0479592208,2941.2411259890146,11.0,14.0,20.0,0.4,4.3009,1446.7911
232,727342.1765220069,867372.6697973161,0,729533.3822929305,869013.0479592208,2737.192584489274,7.0,14.0,20.0,0.25,1.8695,1278.0877
233,727342.1765220069,866892.6363301299,0,729533.3822929305,869013.0479592208,3049.184843087245,9.0,14.0,20.0,0.35,2.3061,1339.7834
234,727342.1765220069,867852.6199542858,0,729533.3822929305,869013.0479592208,2479.5112190039727,10.0,14.0,20.0,0.15,3.0918,1693.5754
235,727342.1765220069,867612.6032206927,0,729533.3822929305,869013.0479592208,2600.505373230389,10.0,14.0,20.0,0.45,3.0374,1446.7911
236,727342.1765220069,868092.6366878789,0,729533.3822929305,869013.0479592208,2376.6656556912635,8.0,14.0,20.0,0.5,2.0044,1693.5752
237,727342.1765220069,867612.6032206927,0,729533.3822929305,869013.0479592208,2600.505373230389,12.0,14.0,16.0,0.6875,5.3781,1339.7829
238,727342.1765220069,867612.6032206927,0,729533.3822929305,869013.0479592208,2600.505373230389,10.0,14.0,20.0,0.65,3.2025,1446.7919
239,727342.1765220069,868092.6366878789,0,729533.3822929305,869013.0479592208,2376.6656556912635,11.0,14.0,20.0,0.45,4.3065,1339.7834
240,727342.1765220069,868332.653421472,0,729533.3822929305,869013.0479592208,2294.4104814805,12.0,14.0,16.0,0.4375,5.4978,1339.7836
241,727342.1765220069,868332.653421472,0,729533.3822929305,869013.0479592208,2294.4104814805,12.0,14.0,17.0,0.5294,5.8536,1278.0872
242,727342.1765220069,868572.670155065,0,729533.3822929305,869013.0479592208,2235.0202104057485,10.0,14.0,20.0,0.2,3.1667,1339.7832
243,727342.1765220069,868332.653421472,0,729533.3822929305,869013.0479592208,2294.4104814805,10.0,14.0,20.0,0.15,3.1167,1693.5759
244,727342.1765220069,868092.6366878789,0,729533.3822929305,869013.0479592208,2376.6656556912635,8.0,14.0,20.0,0.6,2.0126,1339.7831
245,727342.1765220069,868572.670155065,0,729533.3822929305,869013.0479592208,2235.0202104057485,8.0,14.0,20.0,0.6,2.062,1693.575
246,727342.1765220069,868332.653421472,0,729533.3822929305,869013.0479592208,2294.4104814805,8.0,14.0,20.0,0.65,2.0263,1446.7909
247,727342.1765220069,868332.653421472,0,729533.3822929305,869013.0479592208,2294.4104814805,10.0,14.0,20.0,0.15,3.2406,1339.7838
248,727342.1765220069,868572.670155065,0,729533.3822929305,869013.0479592208,2235.0202104057485,9.0,14.0,20.0,0.65,2.5045,1278.0867
249,727342.1765220069,868812.6035784415,0,729533.3822929305,869013.0479592208,2200.3546714825434,9.0,14.0,20.0,0.7,2.3698,1446.7909
250,727342.1765220069,868572.670155065,0,729533.3822929305,869013.0479592208,2235.0202104057485,11.0,14.0,20.0,0.45,4.5189,1278.0871
251,727342.1765220069,869052.6203120346,0,729533.3822929305,869013.0479592208,2191.5630727031976,10.0,14.0,20.0,0.8,3.3577,1278.0869
252,727342.1765220069,869052.6203120346,0,729533.3822929305,869013.0479592208,2191.5630727031976,8.0,14.0,20.0,0.3,2.0487,1446.7912
253,727342.1765220069,868812.6035784415,0,729533.3822929305,869013.0479592208,2200.3546714825434,9.0,14.0,20.0,0.25,2.4398,1693.5756
254,727342.1765220069,868812.6035784415,0,729533.3822929305,869013.0479592208,2200.3546714825434,10.0,14.0,20.0,0.25,3.166,1693.5751
255,727342.1765220069,869052.6203120346,0,729533.3822929305,869013.0479592208,2191.5630727031976,12.0,14.0,16.0,0.3125,5.5158,1339.7834
256,727342.1765220069,869052.6203120346,0,729533.3822929305,869013.0479592208,2191.5630727031976,12.0,14.0,16.0,1.0625,5.4153,1693.5747
257,727342.1765220069,869052.6203120346,0,729533.3822929305,869013.0479592208,2191.5630727031976,12.0,14.0,15.0,0.4,5.1584,1339.7833
258,727342.1765220069,869292.6370456277,0,729533.3822929305,869013.0479592208,2208.9709793853986,8.0,14.0,20.0,0.3,2.1922,1693.576
259,727342.1765220069,869532.6537792208,0,729533.3822929305,869013.0479592208,2251.9709009458516,11.0,14.0,20.0,0.2,4.1829,1446.7918
260,727342.1765220069,869292.6370456277,0,729533.3822929305,869013.0479592208,2208.9709793853986,9.0,14.0,20.0,0.15,2.5409,1278.0879
261,727342.1765220069,869292.6370456277,0,729533.3822929305,869013.0479592208,2208.9709793853986,9.0,14.0,20.0,0.3,2.3514,1446.7914
262,727342.1765220069,868812.6035784415,0,729533.3822929305,869013.0479592208,2200.3546714825434,7.0,14.0,20.0,0.3,1.8546,1693.5754
263,727342.1765220069,869772.6705128138,0,729533.3822929305,869013.0479592208,2319.139744486354,8.0,14.0,20.0,0.6,2.027,1446.7908
264,727342.1765220069,869772.6705128138,0,729533.3822929305,869013.0479592208,2319.139744486354,12.0,14.0,18.0,0.8889,6.0588,1339.7829
265,727342.1765220069,869772.6705128138,0,729533.3822929305,869013.0479592208,2319.139744486354,7.0,14.0,20.0,0.2,1.835,1339.7839
266,727342.1765220069,869292.6370456277,0,729533.3822929305,869013.0479592208,2208.9709793853986,11.0,14.0,20.0,0.35,4.5083,1278.0875
267,727342.1765220069,870012.6039361905,0,729533.3822929305,869013.0479592208,2408.421657771916,7.0,14.0,20.0,0.7,1.7839,1278.0867
268,727342.1765220069,870012.6039361905,0,729533.3822929305,869013.0479592208,2408.421657771916,10.0,14.0,20.0,0.7,2.9829,1278.0867
269,727342.1765220069,869292.6370456277,0,729533.3822929305,869013.0479592208,2208.9709793853986,9.0,14.0,20.0,0.55,2.381,1446.7921
270,727342.1765220069,870012.6039361905,0,729533.3822929305,869013.0479592208,2408.421657771916,12.0,14.0,16.0,0.6875,5.3394,1339.7832
271,727342.1765220069,869532.6537792208,0,729533.3822929305,869013.0479592208,2251.9709009458516,12.0,14.0,14.0,0.3571,4.8175,1446.7918
272,727342.1765220069,870252.6206697836,0,729533.3822929305,869013.0479592208,2517.5232343120283,7.0,14.0,20.0,0.3,1.8742,1339.7832
273,727342.1765220069,870012.6039361905,0,729533.3822929305,869013.0479592208,2408.421657771916,7.0,14.0,20.0,0.5,1.7927,1446.7909
274,727342.1765220069,870012.6039361905,0,729533.3822929305,869013.0479592208,2408.421657771916,12.0,14.0,15.0,0.6667,5.0593,1446.7912
275,727342.1765220069,870012.6039361905,0,729533.3822929305,869013.0479592208,2408.421657771916,8.0,14.0,20.0,0.2,2.0802,1693.5757
276,727342.1765220069,870012.6039361905,0,729533.3822929305,869013.0479592208,2408.421657771916,8.0,14.0,20.0,0.25,2.0647,1278.0873
277,727342.1765220069,870732.6541369697,0,729533.3822929305,869013.0479592208,2785.395508196488,7.0,14.0,20.0,0.15,1.9618,1339.7839
278,727342.1765220069,870732.6541369697,0,729533.3822929305,869013.0479592208,2785.395508196488,10.0,14.0,20.0,0.7,3.1586,1446.7908
279,727342.1765220069,870492.6374033766,0,729533.3822929305,869013.0479592208,2643.968164291383,7.0,14.0,20.0,0.55,1.8836,1693.5751
280,727342.1765220069,870252.6206697836,0,729533.3822929305,869013.0479592208,2517.5232343120283,10.0,14.0,20.0,0.15,3.2522,1278.0878
281,727342.1765220069,870972.6708705628,0,729533.3822929305,869013.0479592208,2939.643632344808,7.0,14.0,20.0,0.9,1.8525,1446.7908
282,727342.1765220069,870252.6206697836,0,729533.3822929305,869013.0479592208,2517.5232343120283,11.0,14.0,20.0,0.85,4.2176,1339.7829
283,727342.1765220069,870492.6374033766,0,729533.3822929305,869013.0479592208,2643.968164291383,11.0,14.0,20.0,0.4,4.212,1693.575
284,727342.1765220069,870732.6541369697,0,729533.3822929305,869013.0479592208,2785.395508196488,7.0,14.0,20.0,0.25,1.9193,1278.0877
285,727342.1765220069,870732.6541369697,0,729533.3822929305,869013.0479592208,2785.395508196488,8.0,14.0,20.0,0.1,2.2407,1278.088
286,727342.1765220069,871212.6042939394,0,729533.3822929305,869013.0479592208,3104.743274431844,10.0,14.0,20.0,0.55,3.0738,1278.0869
287,727342.1765220069,870492.6374033766,0,729533.3822929305,869013.0479592208,2643.968164291383,11.0,14.0,20.0,0.55,4.5668,1278.087
288,727342.1765220069,870972.6708705628,0,729533.3822929305,869013.0479592208,2939.643632344808,10.0,14.0,20.0,0.15,3.0495,1278.0876
289,727342.1765220069,871212.6042939394,0,729533.3822929305,869013.0479592208,3104.743274431844,9.0,14.0,20.0,0.5,2.3494,1693.5752
290,727619.3165149373,867732.6532425975,0,729533.3822929305,869013.0479592208,2302.837040009917,12.0,14.0,16.0,0.5625,5.4797,1446.7909
291,727619.3165149373,867492.6365090044,0,729533.3822929305,869013.0479592208,2444.4424273101345,8.0,14.0,20.0,0.3,2.0545,1446.7912
292,727619.3165149373,867732.6532425975,0,729533.3822929305,869013.0479592208,2302.837040009917,8.0,14.0,20.0,0.5,2.3586,1339.7829
293,727619.3165149373,867972.6699761905,0,729533.3822929305,869013.0479592208,2178.5394534088173,9.0,14.0,20.0,0.65,2.4484,1446.7908
294,727619.3165149373,867492.6365090044,0,729533.3822929305,869013.0479592208,2444.4424273101345,8.0,14.0,20.0,0.25,1.994,1278.0877
295,727619.3165149373,867732.6532425975,0,729533.3822929305,869013.0479592208,2302.837040009917,12.0,14.0,18.0,0.2778,6.342,1446.794
296,727619.3165149373,868212.6033995671,0,729533.3822929305,869013.0479592208,2074.6949885619156,11.0,14.0,20.0,0.65,4.4689,1339.7828
297,727619.3165149373,867972.6699761905,0,729533.3822929305,869013.0479592208,2178.5394534088173,12.0,14.0,15.0,0.4667,5.3797,1693.5752
298,727619.3165149373,867972.6699761905,0,729533.3822929305,869013.0479592208,2178.5394534088173,9.0,14.0,20.0,0.5,2.2954,1693.5753
299,727619.3165149373,868212.6033995671,0,729533.3822929305,869013.0479592208,2074.6949885619156,12.0,14.0,17.0,0.9412,5.7183,2056.0707
300,727619.3165149373,868212.6033995671,0,729533.3822929305,869013.0479592208,2074.6949885619156,12.0,14.0,15.0,1.0,5.1569,1278.0868
301,727619.3165149373,868212.6033995671,0,729533.3822929305,869013.0479592208,2074.6949885619156,11.0,14.0,20.0,0.55,4.3465,1446.7911
302,727619.3165149373,868932.6536003463,0,729533.3822929305,869013.0479592208,1915.753391077119,11.0,14.0,20.0,0.4,4.2806,1339.7836
303,727619.3165149373,868452.6201331601,0,729533.3822929305,869013.0479592208,1994.4240147741236,12.0,14.0,17.0,0.2353,5.7745,1278.0874
304,727619.3165149373,868452.6201331601,0,729533.3822929305,869013.0479592208,1994.4240147741236,12.0,14.0,16.0,0.25,5.4118,1693.5755
305,727619.3165149373,868692.6368667532,0,729533.3822929305,869013.0479592208,1940.6986037664165,9.0,14.0,20.0,0.2,2.4743,1446.7921
306,727619.3165149373,868932.6536003463,0,729533.3822929305,869013.0479592208,1915.753391077119,10.0,14.0,20.0,0.55,3.0808,1339.7832
307,727619.3165149373,868692.6368667532,0,729533.3822929305,869013.0479592208,1940.6986037664165,12.0,14.0,16.0,0.5,5.6174,2056.071
308,727619.3165149373,868212.6033995671,0,729533.3822929305,869013.0479592208,2074.6949885619156,10.0,14.0,20.0,0.2,3.2431,1446.7914
309,727619.3165149373,868932.6536003463,0,729533.3822929305,869013.0479592208,1915.753391077119,8.0,14.0,20.0,0.5,2.06,1339.7829
310,727619.3165149373,868932.6536003463,0,729533.3822929305,869013.0479592208,1915.753391077119,9.0,14.0,20.0,0.2,2.3278,1693.5759
311,727619.3165149373,869172.6703339394,0,729533.3822929305,869013.0479592208,1920.710052297176,11.0,14.0,20.0,0.35,4.2318,1278.0877
312,727619.3165149373,868932.6536003463,0,729533.3822929305,869013.0479592208,1915.753391077119,10.0,14.0,20.0,0.5,3.0833,1278.0871
313,727619.3165149373,868932.6536003463,0,729533.3822929305,869013.0479592208,1915.753391077119,10.0,14.0,20.0,0.35,3.3086,1278.0871
314,727619.3165149373,868932.6536003463,0,729533.3822929305,869013.0479592208,1915.753391077119,8.0,14.0,20.0,0.5,1.9438,1278.0869
315,727619.3165149373,869172.6703339394,0,729533.3822929305,869013.0479592208,1920.710052297176,8.0,14.0,20.0,0.75,2.0374,1339.7829
316,727619.3165149373,869412.603757316,0,729533.3822929305,869013.0479592208,1955.324177285218,12.0,14.0,15.0,0.6667,5.0689,2056.0707
317,727619.3165149373,868932.6536003463,0,729533.3822929305,869013.0479592208,1915.753391077119,12.0,14.0,16.0,0.5,5.456,1693.5751
318,727619.3165149373,869172.6703339394,0,729533.3822929305,869013.0479592208,1920.710052297176,8.0,14.0,20.0,0.35,2.1138,1278.0871
319,727619.3165149373,868932.6536003463,0,729533.3822929305,869013.0479592208,1915.753391077119,8.0,14.0,20.0,0.25,1.9803,1693.5754
320,727619.3165149373,869652.6204909091,0,729533.3822929305,869013.0479592208,2018.093363988585,9.0,14.0,20.0,0.15,2.3919,1278.0879
321,727619.3165149373,869652.6204909091,0,729533.3822929305,869013.0479592208,2018.093363988585,7.0,14.0,20.0,0.85,1.9063,1339.7828
322,727619.3165149373,869412.603757316,0,729533.3822929305,869013.0479592208,1955.324177285218,10.0,14.0,20.0,0.9,2.9792,1693.5746
323,727619.3165149373,869172.6703339394,0,729533.3822929305,869013.0479592208,1920.710052297176,8.0,14.0,20.0,0.9,1.8436,2056.0707
324,727619.3165149373,869892.6372245022,0,729533.3822929305,869013.0479592208,2106.495924060332,11.0,14.0,20.0,0.15,4.3014,1693.5758
325,727619.3165149373,869892.6372245022,0,729533.3822929305,869013.0479592208,2106.495924060332,10.0,14.0,20.0,0.7,3.1881,2056.0708
326,727619.3165149373,869892.6372245022,0,729533.3822929305,869013.0479592208,2106.495924060332,8.0,14.0,20.0,0.95,1.9674,1278.0866
327,727619.3165149373,869412.603757316,0,729533.3822929305,869013.0479592208,1955.324177285218,8.0,14.0,20.0,0.35,2.1971,1446.7919
328,727619.3165149373,869652.6204909091,0,729533.3822929305,869013.0479592208,2018.093363988585,9.0,14.0,20.0,0.35,2.3634,1339.7833
329,727619.3165149373,869892.6372245022,0,729533.3822929305,869013.0479592208,2106.495924060332,7.0,14.0,20.0,0.2,1.9929,1278.0876
330,727619.3165149373,869652.6204909091,0,729533.3822929305,869013.0479592208,2018.093363988585,7.0,14.0,20.0,0.15,1.7771,1278.0875
331,727619.3165149373,869892.6372245022,0,729533.3822929305,869013.0479592208,2106.495924060332,9.0,14.0,20.0,0.15,2.3022,1278.0875
332,727619.3165149373,869652.6204909091,0,729533.3822929305,869013.0479592208,2018.093363988585,11.0,14.0,20.0,0.15,4.3274,1693.576
333,727619.3165149373,870132.6539580952,0,729533.3822929305,869013.0479592208,2217.4682399529866,7.0,14.0,20.0,0.75,2.0066,1446.7907
334,727619.3165149373,869652.6204909091,0,729533.3822929305,869013.0479592208,2018.093363988585,11.0,14.0,20.0,0.35,4.3765,1446.7913
335,727619.3165149373,869892.6372245022,0,729533.3822929305,869013.0479592208,2106.495924060332,10.0,14.0,20.0,0.55,3.4186,2056.0708
336,727619.3165149373,870132.6539580952,0,729533.3822929305,869013.0479592208,2217.4682399529866,10.0,14.0,20.0,0.1,3.1991,1339.7835
337,727619.3165149373,870132.6539580952,0,729533.3822929305,869013.0479592208,2217.4682399529866,7.0,14.0,20.0,0.2,1.9245,1278.0876
338,727619.3165149373,870372.6706916883,0,729533.3822929305,869013.0479592208,2347.812125602681,7.0,14.0,20.0,0.3,1.9062,1446.7916
339,727619.3165149373,870132.6539580952,0,729533.3822929305,869013.0479592208,2217.4682399529866,10.0,14.0,20.0,0.3,2.9669,1278.0895
340,727619.3165149373,870612.604115065,0,729533.3822929305,869013.0479592208,2494.439355483206,12.0,14.0,14.0,1.0,4.9952,2056.0708
341,727619.3165149373,869652.6204909091,0,729533.3822929305,869013.0479592208,2018.093363988585,10.0,14.0,20.0,0.6,3.1322,1446.7921
342,727619.3165149373,870612.604115065,0,729533.3822929305,869013.0479592208,2494.439355483206,7.0,14.0,20.0,0.7,1.8157,2056.0715
343,727619.3165149373,870372.6706916883,0,729533.3822929305,869013.0479592208,2347.812125602681,10.0,14.0,20.0,0.7,3.2813,1693.5747
344,727619.3165149373,870612.604115065,0,729533.3822929305,869013.0479592208,2494.439355483206,7.0,14.0,20.0,0.5,1.8326,2056.0709
345,727619.3165149373,870612.604115065,0,729533.3822929305,869013.0479592208,2494.439355483206,12.0,14.0,17.0,0.5294,5.7889,1339.7832
346,727619.3165149373,870852.620848658,0,729533.3822929305,869013.0479592208,2654.7459799455323,9.0,14.0,20.0,0.5,2.2321,1446.7909
347,727619.3165149373,871092.6375822511,0,729533.3822929305,869013.0479592208,2826.3652988776653,8.0,14.0,20.0,0.25,2.0644,2056.0716
348,727619.3165149373,870852.620848658,0,729533.3822929305,869013.0479592208,2654.7459799455323,7.0,14.0,20.0,0.3,1.8514,1339.7833
349,727619.3165149373,870852.620848658,0,729533.3822929305,869013.0479592208,2654.7459799455323,11.0,14.0,20.0,0.35,4.1889,1339.7835
350,727619.3165149373,870372.6706916883,0,729533.3822929305,869013.0479592208,2347.812125602681,7.0,14.0,20.0,0.3,2.0337,1339.7834
351,727619.3165149373,871332.6543158442,0,729533.3822929305,869013.0479592208,3007.361210791295,10.0,14.0,20.0,0.5,3.1195,1339.7832
352,727619.3165149373,871332.6543158442,0,729533.3822929305,869013.0479592208,3007.361210791295,11.0,14.0,20.0,0.5,4.2258,2056.0712
353,727619.3165149373,871092.6375822511,0,729533.3822929305,869013.0479592208,2826.3652988776653,11.0,14.0,20.0,0.4,4.2946,1278.0874
354,727619.3165149373,870612.604115065,0,729533.3822929305,869013.0479592208,2494.439355483206,8.0,14.0,20.0,0.5,1.9866,1278.087
355,727619.3165149373,871332.6543158442,0,729533.3822929305,869013.0479592208,3007.361210791295,7.0,14.0,20.0,0.6,1.8701,1693.575
356,727619.3165149373,871092.6375822511,0,729533.3822929305,869013.0479592208,2826.3652988776653,9.0,14.0,20.0,0.25,2.4429,1693.5757
357,727619.3165149373,871332.6543158442,0,729533.3822929305,869013.0479592208,3007.361210791295,11.0,14.0,20.0,0.3,4.3158,1339.7835
358,727896.4565078678,867852.6199542858,0,729533.3822929305,869013.0479592208,2006.519170215102,11.0,14.0,20.0,0.1,4.2426,1278.0877
359,727896.4565078678,867852.6199542858,0,729533.3822929305,869013.0479592208,2006.519170215102,9.0,14.0,20.0,0.7,2.3764,1339.7828
360,727896.4565078678,867132.653063723,0,729533.3822929305,869013.0479592208,2493.0725999893134,11.0,14.0,20.0,0.55,4.4029,2056.0711
361,727896.4565078678,867612.6032206927,0,729533.3822929305,869013.0479592208,2154.244993373377,10.0,14.0,20.0,0.45,3.2581,1278.0875
362,727896.4565078678,866892.6363301299,0,729533.3822929305,869013.0479592208,2678.744389184441,9.0,14.0,20.0,0.9,2.2221,2056.0707
363,727896.4565078678,868092.6366878789,0,729533.3822929305,869013.0479592208,1877.9464673457865,10.0,14.0,20.0,0.15,3.3533,1693.5759
364,727896.4565078678,868332.653421472,0,729533.3822929305,869013.0479592208,1772.699284368817,7.0,14.0,20.0,0.15,1.8372,1446.7913
365,727896.4565078678,868092.6366878789,0,729533.3822929305,869013.0479592208,1877.9464673457865,12.0,14.0,12.0,0.8333,4.0623,1693.575
366,727896.4565078678,867852.6199542858,0,729533.3822929305,869013.0479592208,2006.519170215102,12.0,14.0,15.0,0.9333,5.2678,1278.0869
367,727896.4565078678,868332.653421472,0,729533.3822929305,869013.0479592208,1772.699284368817,12.0,14.0,15.0,0.7333,5.065,1446.791
368,727896.4565078678,868092.6366878789,0,729533.3822929305,869013.0479592208,1877.9464673457865,7.0,14.0,20.0,0.65,2.007,1339.7831
369,727896.4565078678,868572.670155065,0,729533.3822929305,869013.0479592208,1695.1279114557371,7.0,14.0,20.0,0.3,1.8563,1693.5753
370,727896.4565078678,868812.6035784415,0,729533.3822929305,869013.0479592208,1649.1525022232443,12.0,14.0,13.0,0.4615,4.5346,2056.0713
371,727896.4565078678,868092.6366878789,0,729533.3822929305,869013.0479592208,1877.9464673457865,10.0,14.0,20.0,0.05,3.2881,1339.7839
372,727896.4565078678,868092.6366878789,0,729533.3822929305,869013.0479592208,1877.9464673457865,11.0,14.0,20.0,0.25,4.3296,1693.5754
373,727896.4565078678,868572.670155065,0,729533.3822929305,869013.0479592208,1695.1279114557371,11.0,14.0,20.0,0.4,4.4603,1339.7835
374,727896.4565078678,868572.670155065,0,729533.3822929305,869013.0479592208,1695.1279114557371,12.0,14.0,16.0,0.875,5.3827,1446.7907
375,727896.4565078678,868332.653421472,0,729533.3822929305,869013.0479592208,1772.699284368817,9.0,14.0,20.0,0.45,2.2744,1693.5751
376,727896.4565078678,868572.670155065,0,729533.3822929305,869013.0479592208,1695.1279114557371,9.0,14.0,20.0,0.35,2.4874,2056.0713
377,727896.4565078678,868572.670155065,0,729533.3822929305,869013.0479592208,1695.1279114557371,11.0,14.0,20.0,0.7,4.4498,2056.0716
378,727896.4565078678,869052.6203120346,0,729533.3822929305,869013.0479592208,1637.4040420465608,8.0,14.0,20.0,0.6,1.8927,1339.7832
379,727896.4565078678,868812.6035784415,0,729533.3822929305,869013.0479592208,1649.1525022232443,10.0,14.0,20.0,0.8,3.0685,1339.7826
380,727896.4565078678,868572.670155065,0,729533.3822929305,869013.0479592208,1695.1279114557371,10.0,14.0,20.0,0.35,3.1157,1278.0877
381,727896.4565078678,868812.6035784415,0,729533.3822929305,869013.0479592208,1649.1525022232443,10.0,14.0,20.0,0.45,3.2314,1278.087
382,727896.4565078678,869052.6203120346,0,729533.3822929305,869013.0479592208,1637.4040420465608,8.0,14.0,20.0,0.15,1.9779,2056.0713
383,727896.4565078678,869052.6203120346,0,729533.3822929305,869013.0479592208,1637.4040420465608,9.0,14.0,20.0,0.45,2.3102,1446.7911
384,727896.4565078678,869052.6203120346,0,729533.3822929305,869013.0479592208,1637.4040420465608,12.0,14.0,15.0,0.3333,5.0416,1693.5758
385,727896.4565078678,869052.6203120346,0,729533.3822929305,869013.0479592208,1637.4040420465608,9.0,14.0,20.0,0.5,2.3184,1278.087
386,727896.4565078678,869052.6203120346,0,729533.3822929305,869013.0479592208,1637.4040420465608,10.0,14.0,20.0,0.8,3.0454,1693.5747
387,727896.4565078678,869052.6203120346,0,729533.3822929305,869013.0479592208,1637.4040420465608,12.0,14.0,16.0,0.4375,5.3157,1278.0874
388,727896.4565078678,869052.6203120346,0,729533.3822929305,869013.0479592208,1637.4040420465608,9.0,14.0,20.0,0.1,2.3167,1278.0879
389,727896.4565078678,869052.6203120346,0,729533.3822929305,869013.0479592208,1637.4040420465608,10.0,14.0,20.0,0.45,3.5193,1339.7834
390,727896.4565078678,869292.6370456277,0,729533.3822929305,869013.0479592208,1660.6312302979916,11.0,14.0,20.0,0.7,4.5628,1339.7828
391,727896.4565078678,869052.6203120346,0,729533.3822929305,869013.0479592208,1637.4040420465608,11.0,14.0,20.0,0.75,4.4156,1278.0867
392,727896.4565078678,869532.6537792208,0,729533.3822929305,869013.0479592208,1717.4155682248268,9.0,14.0,20.0,0.4,2.486,1446.7912
393,727896.4565078678,869532.6537792208,0,729533.3822929305,869013.0479592208,1717.4155682248268,12.0,14.0,15.0,0.6667,4.972,1693.5752
394,727896.4565078678,869292.6370456277,0,729533.3822929305,869013.0479592208,1660.6312302979916,8.0,14.0,20.0,0.6,1.9833,1446.7909
395,727896.4565078678,869532.6537792208,0,729533.3822929305,869013.0479592208,1717.4155682248268,9.0,14.0,20.0,0.15,2.3005,1693.5757
396,727896.4565078678,869052.6203120346,0,729533.3822929305,869013.0479592208,1637.4040420465608,12.0,14.0,17.0,0.2941,5.7461,1278.0876
397,727896.4565078678,869772.6705128138,0,729533.3822929305,869013.0479592208,1804.592045236365,7.0,14.0,20.0,0.6,1.8351,1693.5748
398,727896.4565078678,869772.6705128138,0,729533.3822929305,869013.0479592208,1804.592045236365,10.0,14.0,20.0,0.35,3.1364,1693.5756
399,727896.4565078678,869772.6705128138,0,729533.3822929305,869013.0479592208,1804.592045236365,7.0,14.0,20.0,0.05,1.8283,1278.0876
400,727896.4565078678,869772.6705128138,0,729533.3822929305,869013.0479592208,1804.592045236365,9.0,14.0,20.0,0.25,2.2183,1446.7914
401,727896.4565078678,869532.6537792208,0,729533.3822929305,869013.0479592208,1717.4155682248268,11.0,14.0,20.0,0.35,4.3208,2056.0713
402,727896.4565078678,869772.6705128138,0,729533.3822929305,869013.0479592208,1804.592045236365,10.0,14.0,20.0,0.5,3.1865,1339.7835
403,727896.4565078678,870012.6039361905,0,729533.3822929305,869013.0479592208,1917.9776267983314,9.0,14.0,20.0,0.7,2.4702,1693.5748
404,727896.4565078678,870492.6374033766,0,729533.3822929305,869013.0479592208,2206.5155673732465,8.0,14.0,20.0,0.2,2.0764,2056.0715
405,727896.4565078678,870012.6039361905,0,729533.3822929305,869013.0479592208,1917.9776267983314,9.0,14.0,20.0,0.4,2.3349,1278.0871
406,727896.4565078678,870012.6039361905,0,729533.3822929305,869013.0479592208,1917.9776267983314,8.0,14.0,20.0,0.3,2.0386,1446.7912
407,727896.4565078678,870012.6039361905,0,729533.3822929305,869013.0479592208,1917.9776267983314,11.0,14.0,20.0,0.5,4.3862,1339.7833
408,727896.4565078678,869772.6705128138,0,729533.3822929305,869013.0479592208,1804.592045236365,12.0,14.0,16.0,0.1875,5.4215,1339.7839
409,727896.4565078678,869772.6705128138,0,729533.3822929305,869013.0479592208,1804.592045236365,8.0,14.0,20.0,0.45,2.035,1446.7912
410,727896.4565078678,870252.6206697836,0,729533.3822929305,869013.0479592208,2053.3062437383837,7.0,14.0,20.0,0.3,1.7025,1278.0875
411,727896.4565078678,870252.6206697836,0,729533.3822929305,869013.0479592208,2053.3062437383837,12.0,14.0,15.0,0.3333,4.9989,1693.5754
412,727896.4565078678,870252.6206697836,0,729533.3822929305,869013.0479592208,2053.3062437383837,7.0,14.0,20.0,0.5,1.7204,1339.7831
413,727896.4565078678,870012.6039361905,0,729533.3822929305,869013.0479592208,1917.9776267983314,7.0,14.0,20.0,0.7,1.8466,1278.0869
414,727896.4565078678,870012.6039361905,0,729533.3822929305,869013.0479592208,1917.9776267983314,7.0,14.0,20.0,0.3,1.8895,2912.135
415,727896.4565078678,870252.6206697836,0,729533.3822929305,869013.0479592208,2053.3062437383837,7.0,14.0,20.0,0.55,1.8692,1693.575
416,727896.4565078678,870732.6541369697,0,729533.3822929305,869013.0479592208,2374.1464639645355,8.0,14.0,20.0,0.5,2.0516,2056.0713
417,727896.4565078678,870492.6374033766,0,729533.3822929305,869013.0479592208,2206.5155673732465,7.0,14.0,20.0,0.25,1.9902,1278.0875
418,727896.4565078678,870492.6374033766,0,729533.3822929305,869013.0479592208,2206.5155673732465,10.0,14.0,20.0,0.3,3.4442,2912.1352
419,727896.4565078678,870732.6541369697,0,729533.3822929305,869013.0479592208,2374.1464639645355,8.0,14.0,20.0,0.5,2.0169,2056.071
420,727896.4565078678,870492.6374033766,0,729533.3822929305,869013.0479592208,2206.5155673732465,11.0,14.0,20.0,0.3,4.2655,2056.0716
421,727896.4565078678,870492.6374033766,0,729533.3822929305,869013.0479592208,2206.5155673732465,8.0,14.0,20.0,0.7,2.1372,1446.7909
422,727896.4565078678,870732.6541369697,0,729533.3822929305,869013.0479592208,2374.1464639645355,9.0,14.0,20.0,0.4,2.6407,2912.1348
423,727896.4565078678,870972.6708705628,0,729533.3822929305,869013.0479592208,2553.360135284389,11.0,14.0,20.0,0.2,4.4207,1339.7835
424,727896.4565078678,870732.6541369697,0,729533.3822929305,869013.0479592208,2374.1464639645355,7.0,14.0,20.0,0.75,1.7329,1278.0869
425,727896.4565078678,870972.6708705628,0,729533.3822929305,869013.0479592208,2553.360135284389,7.0,14.0,20.0,0.3,1.9817,1446.7914
426,727896.4565078678,870492.6374033766,0,729533.3822929305,869013.0479592208,2206.5155673732465,9.0,14.0,20.0,0.25,2.4557,1693.5759
427,727896.4565078678,870972.6708705628,0,729533.3822929305,869013.0479592208,2553.360135284389,12.0,14.0,15.0,0.5333,4.9264,1693.5753
428,727896.4565078678,870972.6708705628,0,729533.3822929305,869013.0479592208,2553.360135284389,7.0,14.0,20.0,0.9,2.1223,2056.0706
429,727896.4565078678,870972.6708705628,0,729533.3822929305,869013.0479592208,2553.360135284389,11.0,14.0,20.0,0.2,4.2342,1693.5756
430,727896.4565078678,871212.6042939394,0,729533.3822929305,869013.0479592208,2741.8194862907917,11.0,14.0,20.0,0.3,4.2658,1278.0873
431,727896.4565078678,870732.6541369697,0,729533.3822929305,869013.0479592208,2374.1464639645355,11.0,14.0,20.0,0.2,4.4508,1446.7912
432,727896.4565078678,871212.6042939394,0,729533.3822929305,869013.0479592208,2741.8194862907917,8.0,14.0,20.0,0.45,2.1044,1339.7833
433,728173.5965007982,867492.6365090044,0,729533.3822929305,869013.0479592208,2039.7716486003965,8.0,14.0,20.0,0.2,2.0424,2912.1356
434,728173.5965007982,867732.6532425975,0,729533.3822929305,869013.0479592208,1867.7333939408359,11.0,14.0,20.0,0.15,4.0712,1339.784
435,728173.5965007982,867972.6699761905,0,729533.3822929305,869013.0479592208,1712.1342669483918,8.0,14.0,20.0,0.15,2.0775,1278.0876
436,728173.5965007982,868212.6033995671,0,729533.3822929305,869013.0479592208,1577.8874781061054,12.0,14.0,16.0,0.375,5.3177,1446.7913
437,728173.5965007982,868212.6033995671,0,729533.3822929305,869013.0479592208,1577.8874781061054,8.0,14.0,20.0,0.6,2.0523,2912.1347
438,728173.5965007982,868212.6033995671,0,729533.3822929305,869013.0479592208,1577.8874781061054,10.0,14.0,20.0,0.45,3.2225,2056.0709
439,728173.5965007982,868212.6033995671,0,729533.3822929305,869013.0479592208,1577.8874781061054,12.0,14.0,14.0,0.4286,5.0057,2912.1351
440,728173.5965007982,867972.6699761905,0,729533.3822929305,869013.0479592208,1712.1342669483918,8.0,14.0,20.0,0.5,2.1491,1278.0871
441,728173.5965007982,868212.6033995671,0,729533.3822929305,869013.0479592208,1577.8874781061054,10.0,14.0,20.0,0.4,3.057,2056.0714
442,728173.5965007982,868212.6033995671,0,729533.3822929305,869013.0479592208,1577.8874781061054,12.0,14.0,16.0,0.4375,5.4257,1278.0871
443,728173.5965007982,868212.6033995671,0,729533.3822929305,869013.0479592208,1577.8874781061054,10.0,14.0,20.0,0.35,3.1431,1339.7831
444,728173.5965007982,868212.6033995671,0,729533.3822929305,869013.0479592208,1577.8874781061054,8.0,14.0,20.0,0.2,2.0114,1693.5757
445,728173.5965007982,868692.6368667532,0,729533.3822929305,869013.0479592208,1397.0256506811304,8.0,14.0,20.0,0.15,1.9672,2912.1354
446,728173.5965007982,868212.6033995671,0,729533.3822929305,869013.0479592208,1577.8874781061054,8.0,14.0,20.0,0.4,2.1344,1693.575
447,728173.5965007982,868452.6201331601,0,729533.3822929305,869013.0479592208,1470.7470036372167,7.0,14.0,20.0,0.3,1.866,1446.7914
448,728173.5965007982,868692.6368667532,0,729533.3822929305,869013.0479592208,1397.0256506811304,10.0,14.0,20.0,0.75,3.1271,1446.7908
449,728173.5965007982,868932.6536003463,0,729533.3822929305,869013.0479592208,1362.1602891817095,7.0,14.0,20.0,0.35,1.8295,1339.7833
450,728173.5965007982,868932.6536003463,0,729533.3822929305,869013.0479592208,1362.1602891817095,11.0,14.0,20.0,0.3,4.3651,2912.1349
451,728173.5965007982,868932.6536003463,0,729533.3822929305,869013.0479592208,1362.1602891817095,8.0,14.0,20.0,0.45,1.9909,1278.0871
452,728173.5965007982,869172.6703339394,0,729533.3822929305,869013.0479592208,1369.122603346953,11.0,14.0,20.0,0.9,4.251,2056.0706
453,728173.5965007982,869172.6703339394,0,729533.3822929305,869013.0479592208,1369.122603346953,12.0,14.0,17.0,0.5882,5.7154,1446.7912
454,728173.5965007982,869172.6703339394,0,729533.3822929305,869013.0479592208,1369.122603346953,7.0,14.0,20.0,0.2,1.831,1339.7832
455,728173.5965007982,869172.6703339394,0,729533.3822929305,869013.0479592208,1369.122603346953,10.0,14.0,20.0,0.85,3.1657,2056.0706
456,728173.5965007982,868932.6536003463,0,729533.3822929305,869013.0479592208,1362.1602891817095,9.0,14.0,20.0,0.6,2.4035,1278.0872
457,728173.5965007982,868932.6536003463,0,729533.3822929305,869013.0479592208,1362.1602891817095,8.0,14.0,20.0,0.45,2.1609,2056.0713
458,728173.5965007982,868932.6536003463,0,729533.3822929305,869013.0479592208,1362.1602891817095,11.0,14.0,20.0,0.65,4.4169,1278.0869
459,728173.5965007982,869172.6703339394,0,729533.3822929305,869013.0479592208,1369.122603346953,11.0,14.0,20.0,0.25,4.1541,1339.7835
460,728173.5965007982,869412.603757316,0,729533.3822929305,869013.0479592208,1417.272816459919,11.0,14.0,20.0,0.45,4.3015,1446.7913
461,728173.5965007982,869412.603757316,0,729533.3822929305,869013.0479592208,1417.272816459919,7.0,14.0,20.0,0.75,1.7296,1693.575
462,728173.5965007982,869652.6204909091,0,729533.3822929305,869013.0479592208,1502.6877332882175,7.0,14.0,20.0,0.4,1.8078,1693.575
463,728173.5965007982,869172.6703339394,0,729533.3822929305,869013.0479592208,1369.122603346953,9.0,14.0,20.0,0.4,2.4706,2912.135
464,728173.5965007982,869652.6204909091,0,729533.3822929305,869013.0479592208,1502.6877332882175,12.0,14.0,17.0,0.4706,5.7266,1693.5751
465,728173.5965007982,869892.6372245022,0,729533.3822929305,869013.0479592208,1619.4735799274124,7.0,14.0,20.0,0.25,1.8466,1278.0871
466,728173.5965007982,870132.6539580952,0,729533.3822929305,869013.0479592208,1761.4014287493678,10.0,14.0,20.0,0.35,3.2269,1446.7913
467,728173.5965007982,869412.603757316,0,729533.3822929305,869013.0479592208,1417.272816459919,10.0,14.0,20.0,0.3,3.1721,1278.0874
468,728173.5965007982,870132.6539580952,0,729533.3822929305,869013.0479592208,1761.4014287493678,11.0,14.0,20.0,0.5,4.2263,1339.7831
469,728173.5965007982,870132.6539580952,0,729533.3822929305,869013.0479592208,1761.4014287493678,8.0,14.0,20.0,0.05,2.001,1693.5759
470,728173.5965007982,870372.6706916883,0,729533.3822929305,869013.0479592208,1922.9122120177763,11.0,14.0,20.0,0.6,4.1431,1446.7912
471,728173.5965007982,870132.6539580952,0,729533.3822929305,869013.0479592208,1761.4014287493678,10.0,14.0,20.0,0.7,3.1912,2912.1354
472,728173.5965007982,870372.6706916883,0,729533.3822929305,869013.0479592208,1922.9122120177763,10.0,14.0,20.0,0.5,3.0935,1278.087
473,728173.5965007982,870372.6706916883,0,729533.3822929305,869013.0479592208,1922.9122120177763,10.0,14.0,20.0,0.4,3.1016,1693.5751
474,728173.5965007982,870372.6706916883,0,729533.3822929305,869013.0479592208,1922.9122120177763,11.0,14.0,20.0,0.45,4.3768,2056.071
475,728173.5965007982,870132.6539580952,0,729533.3822929305,869013.0479592208,1761.4014287493678,9.0,14.0,20.0,0.15,2.2761,1693.5756
476,728173.5965007982,870372.6706916883,0,729533.3822929305,869013.0479592208,1922.9122120177763,8.0,14.0,20.0,0.2,2.0426,1446.7912
477,728173.5965007982,870372.6706916883,0,729533.3822929305,869013.0479592208,1922.9122120177763,9.0,14.0,20.0,0.5,2.2315,1693.5751
478,728173.5965007982,870372.6706916883,0,729533.3822929305,869013.0479592208,1922.9122120177763,9.0,14.0,20.0,0.4,2.3028,2056.0712
479,728173.5965007982,870372.6706916883,0,729533.3822929305,869013.0479592208,1922.9122120177763,8.0,14.0,20.0,0.1,2.0956,2912.1354
480,728173.5965007982,870372.6706916883,0,729533.3822929305,869013.0479592208,1922.9122120177763,10.0,14.0,20.0,0.25,3.0994,1278.0872
481,728173.5965007982,870612.604115065,0,729533.3822929305,869013.0479592208,2099.427849720868,10.0,14.0,20.0,0.45,3.2354,2056.0712
482,728173.5965007982,870612.604115065,0,729533.3822929305,869013.0479592208,2099.427849720868,11.0,14.0,20.0,0.55,4.3104,1339.7833
483,728173.5965007982,870612.604115065,0,729533.3822929305,869013.0479592208,2099.427849720868,11.0,14.0,20.0,0.25,4.2087,1278.0872
484,728173.5965007982,870852.620848658,0,729533.3822929305,869013.0479592208,2287.585149461563,9.0,14.0,20.0,0.25,2.4269,1693.5754
485,728173.5965007982,870612.604115065,0,729533.3822929305,869013.0479592208,2099.427849720868,8.0,14.0,20.0,0.55,2.0194,1693.5749
486,728173.5965007982,870852.620848658,0,729533.3822929305,869013.0479592208,2287.585149461563,8.0,14.0,20.0,0.3,1.9576,2912.1348
487,728173.5965007982,871092.6375822511,0,729533.3822929305,869013.0479592208,2484.695232961168,7.0,14.0,20.0,0.4,1.9048,2056.071
488,728173.5965007982,870852.620848658,0,729533.3822929305,869013.0479592208,2287.585149461563,7.0,14.0,20.0,0.3,1.8818,1693.5754
489,728173.5965007982,871092.6375822511,0,729533.3822929305,869013.0479592208,2484.695232961168,9.0,14.0,20.0,0.4,2.4073,2056.0713
490,728173.5965007982,871092.6375822511,0,729533.3822929305,869013.0479592208,2484.695232961168,11.0,14.0,20.0,0.55,4.3851,2912.1347
491,728173.5965007982,871332.6543158442,0,729533.3822929305,869013.0479592208,2688.789885835671,10.0,14.0,20.0,0.4,3.0661,1693.5752
492,728173.5965007982,871092.6375822511,0,729533.3822929305,869013.0479592208,2484.695232961168,12.0,14.0,17.0,0.8235,5.711,2056.0709
493,728173.5965007982,871332.6543158442,0,729533.3822929305,869013.0479592208,2688.789885835671,10.0,14.0,20.0,0.7,3.2916,2056.0707
494,728173.5965007982,871332.6543158442,0,729533.3822929305,869013.0479592208,2688.789885835671,9.0,14.0,20.0,0.4,2.5549,1278.0873
495,728173.5965007982,871332.6543158442,0,729533.3822929305,869013.0479592208,2688.789885835671,8.0,14.0,20.0,0.4,2.0555,1278.0873
496,728450.7364937286,867372.6697973161,0,729533.3822929305,869013.0479592208,1965.4420471190597,7.0,14.0,20.0,0.35,1.9065,1278.0877
497,728450.7364937286,867372.6697973161,0,729533.3822929305,869013.0479592208,1965.4420471190597,11.0,14.0,20.0,0.6,4.444,1693.5759
498,728450.7364937286,867852.6199542858,0,729533.3822929305,869013.0479592208,1587.0460236448891,8.0,14.0,20.0,0.65,2.0859,2912.1356
499,728450.7364937286,867852.6199542858,0,729533.3822929305,869013.0479592208,1587.0460236448891,11.0,14.0,20.0,0.6,4.4717,1446.7911
500,728450.7364937286,867612.6032206927,0,729533.3822929305,869013.0479592208,1770.132026771058,11.0,14.0,20.0,0.3,4.1983,1446.792
501,728450.7364937286,868572.670155065,0,729533.3822929305,869013.0479592208,1168.7833575657394,9.0,14.0,20.0,0.25,2.3516,1446.7913
502,728450.7364937286,868092.6366878789,0,729533.3822929305,869013.0479592208,1421.01331272542,7.0,14.0,20.0,0.5,2.0152,1693.5761
503,728450.7364937286,867852.6199542858,0,729533.3822929305,869013.0479592208,1587.0460236448891,7.0,14.0,20.0,0.75,1.8274,1278.0869
504,728450.7364937286,868092.6366878789,0,729533.3822929305,869013.0479592208,1421.01331272542,12.0,14.0,16.0,0.5625,5.4461,2056.0711
505,728450.7364937286,867852.6199542858,0,729533.3822929305,869013.0479592208,1587.0460236448891,10.0,14.0,20.0,0.7,3.3721,2912.1347
506,728450.7364937286,868092.6366878789,0,729533.3822929305,869013.0479592208,1421.01331272542,8.0,14.0,20.0,0.3,2.0248,1339.7835
507,728450.7364937286,868332.653421472,0,729533.3822929305,869013.0479592208,1278.6941203931724,12.0,14.0,15.0,0.8,5.127,1446.7909
508,728450.7364937286,867852.6199542858,0,729533.3822929305,869013.0479592208,1587.0460236448891,12.0,14.0,18.0,0.3333,6.3143,2056.0713
509,728450.7364937286,868092.6366878789,0,729533.3822929305,869013.0479592208,1421.01331272542,8.0,14.0,20.0,0.5,2.0553,2056.071
510,728450.7364937286,868812.6035784415,0,729533.3822929305,869013.0479592208,1101.0449020433,12.0,14.0,16.0,0.4375,5.4551,2912.1364
511,728450.7364937286,868332.653421472,0,729533.3822929305,869013.0479592208,1278.6941203931724,7.0,14.0,20.0,0.6,1.9569,1278.0869
512,728450.7364937286,868332.653421472,0,729533.3822929305,869013.0479592208,1278.6941203931724,11.0,14.0,20.0,0.3,4.4266,2912.1353
513,728450.7364937286,868812.6035784415,0,729533.3822929305,869013.0479592208,1101.0449020433,10.0,14.0,20.0,0.2,3.337,1446.7917
514,728450.7364937286,868812.6035784415,0,729533.3822929305,869013.0479592208,1101.0449020433,12.0,14.0,17.0,0.3529,5.7484,1278.0874
515,728450.7364937286,868812.6035784415,0,729533.3822929305,869013.0479592208,1101.0449020433,10.0,14.0,20.0,0.3,3.0977,1446.7919
516,728450.7364937286,869052.6203120346,0,729533.3822929305,869013.0479592208,1083.368772688584,11.0,14.0,20.0,0.25,4.2352,1446.7918
517,728450.7364937286,869052.6203120346,0,729533.3822929305,869013.0479592208,1083.368772688584,10.0,14.0,20.0,0.35,3.0956,1339.7834
518,728450.7364937286,869052.6203120346,0,729533.3822929305,869013.0479592208,1083.368772688584,11.0,14.0,20.0,0.25,4.1777,1446.7919
519,728450.7364937286,868572.670155065,0,729533.3822929305,869013.0479592208,1168.7833575657394,10.0,14.0,20.0,0.25,3.1385,1278.0876
520,728450.7364937286,868812.6035784415,0,729533.3822929305,869013.0479592208,1101.0449020433,7.0,14.0,20.0,0.35,1.7893,2912.1348
521,728450.7364937286,869532.6537792208,0,729533.3822929305,869013.0479592208,1200.8797336566881,12.0,14.0,17.0,0.2353,5.732,1278.0876
522,728450.7364937286,869052.6203120346,0,729533.3822929305,869013.0479592208,1083.368772688584,10.0,14.0,20.0,0.7,3.2823,2912.1354
523,728450.7364937286,869292.6370456277,0,729533.3822929305,869013.0479592208,1118.1645602358242,10.0,14.0,20.0,0.3,3.0861,1278.0873
524,728450.7364937286,869532.6537792208,0,729533.3822929305,869013.0479592208,1200.8797336566881,8.0,14.0,20.0,0.35,1.9379,2912.135
525,728450.7364937286,869772.6705128138,0,729533.3822929305,869013.0479592208,1322.5537230890545,10.0,14.0,20.0,0.4,3.2838,1339.7835
526,728450.7364937286,869292.6370456277,0,729533.3822929305,869013.0479592208,1118.1645602358242,12.0,14.0,16.0,0.4375,5.3788,1446.7918
527,728450.7364937286,869772.6705128138,0,729533.3822929305,869013.0479592208,1322.5537230890545,12.0,14.0,16.0,0.3125,5.4133,2912.1351
528,728450.7364937286,869772.6705128138,0,729533.3822929305,869013.0479592208,1322.5537230890545,11.0,14.0,20.0,0.2,4.2376,2056.0715
529,728450.7364937286,869772.6705128138,0,729533.3822929305,869013.0479592208,1322.5537230890545,7.0,14.0,20.0,0.2,1.8301,2912.135
530,728450.7364937286,869772.6705128138,0,729533.3822929305,869013.0479592208,1322.5537230890545,10.0,14.0,20.0,0.35,3.1325,2912.1348
531,728450.7364937286,869772.6705128138,0,729533.3822929305,869013.0479592208,1322.5537230890545,7.0,14.0,20.0,0.15,1.8862,1693.5753
532,728450.7364937286,870012.6039361905,0,729533.3822929305,869013.0479592208,1473.5107999690101,7.0,14.0,20.0,0.35,1.7677,2912.1349
533,728450.7364937286,870012.6039361905,0,729533.3822929305,869013.0479592208,1473.5107999690101,10.0,14.0,20.0,0.6,3.2149,2056.0709
534,728450.7364937286,870012.6039361905,0,729533.3822929305,869013.0479592208,1473.5107999690101,8.0,14.0,20.0,0.3,2.1157,1278.0875
535,728450.7364937286,870012.6039361905,0,729533.3822929305,869013.0479592208,1473.5107999690101,9.0,14.0,20.0,0.2,2.4043,1693.5758
536,728450.7364937286,870252.6206697836,0,729533.3822929305,869013.0479592208,1645.8014556140674,10.0,14.0,20.0,0.45,3.3259,1446.7912
537,728450.7364937286,870012.6039361905,0,729533.3822929305,869013.0479592208,1473.5107999690101,9.0,14.0,20.0,0.4,2.2804,1339.7832
538,728450.7364937286,869772.6705128138,0,729533.3822929305,869013.0479592208,1322.5537230890545,10.0,14.0,20.0,0.5,3.3315,1693.5751
539,728450.7364937286,870492.6374033766,0,729533.3822929305,869013.0479592208,1833.3867158313417,7.0,14.0,20.0,0.4,1.938,1446.7913
540,728450.7364937286,870252.6206697836,0,729533.3822929305,869013.0479592208,1645.8014556140674,10.0,14.0,20.0,0.3,3.2026,1278.0873
541,728450.7364937286,870492.6374033766,0,729533.3822929305,869013.0479592208,1833.3867158313417,9.0,14.0,20.0,0.2,2.388,1446.7919
542,728450.7364937286,870732.6541369697,0,729533.3822929305,869013.0479592208,2032.0352686608715,7.0,14.0,20.0,0.1,1.8335,2056.0718
543,728450.7364937286,870252.6206697836,0,729533.3822929305,869013.0479592208,1645.8014556140674,10.0,14.0,20.0,0.3,3.1388,1278.0875
544,728450.7364937286,870732.6541369697,0,729533.3822929305,869013.0479592208,2032.0352686608715,8.0,14.0,20.0,0.45,1.9954,1693.5752
545,728450.7364937286,870252.6206697836,0,729533.3822929305,869013.0479592208,1645.8014556140674,11.0,14.0,20.0,0.15,4.2802,1339.7839
546,728450.7364937286,870012.6039361905,0,729533.3822929305,869013.0479592208,1473.5107999690101,10.0,14.0,20.0,0.25,3.2025,2056.0712
547,728450.7364937286,870972.6708705628,0,729533.3822929305,869013.0479592208,2238.804118538704,8.0,14.0,20.0,0.1,2.0813,2912.1355
548,728450.7364937286,870972.6708705628,0,729533.3822929305,869013.0479592208,2238.804118538704,9.0,14.0,20.0,0.3,2.4338,1339.7835
549,728450.7364937286,871212.6042939394,0,729533.3822929305,869013.0479592208,2451.564805615029,12.0,14.0,16.0,0.1875,5.2867,1446.7916
550,728450.7364937286,870972.6708705628,0,729533.3822929305,869013.0479592208,2238.804118538704,8.0,14.0,20.0,0.75,2.0432,2912.1347
551,728450.7364937286,870492.6374033766,0,729533.3822929305,869013.0479592208,1833.3867158313417,11.0,14.0,20.0,0.5,4.2408,1693.5752
552,728450.7364937286,870732.6541369697,0,729533.3822929305,869013.0479592208,2032.0352686608715,8.0,14.0,20.0,0.25,2.1605,2056.0714
553,728450.7364937286,870732.6541369697,0,729533.3822929305,869013.0479592208,2032.0352686608715,12.0,14.0,15.0,0.4667,5.2044,1339.7835
554,728450.7364937286,870972.6708705628,0,729533.3822929305,869013.0479592208,2238.804118538704,10.0,14.0,20.0,0.35,3.1683,1693.5752
555,728450.7364937286,870972.6708705628,0,729533.3822929305,869013.0479592208,2238.804118538704,8.0,14.0,20.0,0.15,2.0883,2912.1352
556,728450.7364937286,871212.6042939394,0,729533.3822929305,869013.0479592208,2451.564805615029,10.0,14.0,20.0,0.35,3.12,1693.5751
557,728450.7364937286,871212.6042939394,0,729533.3822929305,869013.0479592208,2451.564805615029,9.0,14.0,20.0,0.5,2.2814,1278.0873
558,728450.7364937286,870732.6541369697,0,729533.3822929305,869013.0479592208,2032.0352686608715,11.0,14.0,20.0,0.15,4.2805,1446.7921
559,728450.7364937286,871212.6042939394,0,729533.3822929305,869013.0479592208,2451.564805615029,12.0,14.0,17.0,0.9412,5.8014,1278.087
560,728450.7364937286,870972.6708705628,0,729533.3822929305,869013.0479592208,2238.804118538704,8.0,14.0,20.0,0.7,1.9436,1339.783
561,728450.7364937286,870972.6708705628,0,729533.3822929305,869013.0479592208,2238.804118538704,11.0,14.0,20.0,0.35,4.2364,2912.1349
562,728450.7364937286,871212.6042939394,0,729533.3822929305,869013.0479592208,2451.564805615029,8.0,14.0,20.0,0.15,2.0577,1446.7919
563,728450.7364937286,870972.6708705628,0,729533.3822929305,869013.0479592208,2238.804118538704,11.0,14.0,20.0,0.6,4.379,2912.1347
564,728727.876486659,867492.6365090044,0,729533.3822929305,869013.0479592208,1720.6076199663453,8.0,14.0,20.0,0.75,2.1449,1693.5747
565,728727.876486659,867732.6532425975,0,729533.3822929305,869013.0479592208,1512.6963456999642,9.0,14.0,20.0,0.65,2.6469,1278.087
566,728727.876486659,867492.6365090044,0,729533.3822929305,869013.0479592208,1720.6076199663453,12.0,14.0,18.0,0.1111,6.1645,1278.0876
567,728727.876486659,867732.6532425975,0,729533.3822929305,869013.0479592208,1512.6963456999642,12.0,14.0,16.0,0.5,5.5554,1278.0873
568,728727.876486659,867492.6365090044,0,729533.3822929305,869013.0479592208,1720.6076199663453,9.0,14.0,20.0,0.35,2.3213,1693.5751
569,728727.876486659,867492.6365090044,0,729533.3822929305,869013.0479592208,1720.6076199663453,10.0,14.0,20.0,0.25,2.9978,1446.7916
570,728727.876486659,867732.6532425975,0,729533.3822929305,869013.0479592208,1512.6963456999642,8.0,14.0,20.0,0.3,2.0961,1693.5753
571,728727.876486659,867972.6699761905,0,729533.3822929305,869013.0479592208,1315.7605980995095,9.0,14.0,20.0,0.4,2.3474,1446.791
572,728727.876486659,867492.6365090044,0,729533.3822929305,869013.0479592208,1720.6076199663453,9.0,14.0,20.0,0.2,2.3477,1339.7836
573,728727.876486659,867732.6532425975,0,729533.3822929305,869013.0479592208,1512.6963456999642,11.0,14.0,20.0,0.1,4.5187,2912.1355
574,728727.876486659,868692.6368667532,0,729533.3822929305,869013.0479592208,866.8926531660696,9.0,14.0,20.0,0.1,2.4864,1278.0881
575,728727.876486659,867732.6532425975,0,729533.3822929305,869013.0479592208,1512.6963456999642,9.0,14.0,20.0,0.2,2.4387,1339.7835
576,728727.876486659,868212.6033995671,0,729533.3822929305,869013.0479592208,1135.5840334454851,10.0,14.0,20.0,0.15,3.2482,1339.7838
577,728727.876486659,868212.6033995671,0,729533.3822929305,869013.0479592208,1135.5840334454851,7.0,14.0,20.0,0.15,1.8363,1693.5754
578,728727.876486659,868932.6536003463,0,729533.3822929305,869013.0479592208,809.5077867913747,12.0,14.0,17.0,0.5882,5.8624,2056.0708
579,728727.876486659,868692.6368667532,0,729533.3822929305,869013.0479592208,866.8926531660696,11.0,14.0,20.0,0.3,4.2092,2056.073
580,728727.876486659,868452.6201331601,0,729533.3822929305,869013.0479592208,981.2843380795005,9.0,14.0,20.0,0.3,2.3175,2912.1352
581,728727.876486659,868452.6201331601,0,729533.3822929305,869013.0479592208,981.2843380795005,7.0,14.0,20.0,0.25,1.8989,1693.5757
582,728727.876486659,868692.6368667532,0,729533.3822929305,869013.0479592208,866.8926531660696,7.0,14.0,20.0,0.1,1.927,1693.5758
583,728727.876486659,868452.6201331601,0,729533.3822929305,869013.0479592208,981.2843380795005,9.0,14.0,20.0,0.3,2.5231,1339.7831
584,728727.876486659,868452.6201331601,0,729533.3822929305,869013.0479592208,981.2843380795005,10.0,14.0,20.0,0.3,3.2796,1693.5753
585,728727.876486659,868692.6368667532,0,729533.3822929305,869013.0479592208,866.8926531660696,12.0,14.0,16.0,0.1875,5.3072,1278.0871
586,728727.876486659,868212.6033995671,0,729533.3822929305,869013.0479592208,1135.5840334454851,12.0,14.0,16.0,0.1875,5.3824,1446.7914
587,728727.876486659,868692.6368667532,0,729533.3822929305,869013.0479592208,866.8926531660696,12.0,14.0,15.0,0.2,5.3145,1278.0879
588,728727.876486659,868692.6368667532,0,729533.3822929305,869013.0479592208,866.8926531660696,8.0,14.0,20.0,0.2,2.0966,2912.1353
589,728727.876486659,868692.6368667532,0,729533.3822929305,869013.0479592208,866.8926531660696,12.0,14.0,16.0,0.5625,5.3204,1693.5752
590,728727.876486659,868932.6536003463,0,729533.3822929305,869013.0479592208,809.5077867913747,10.0,14.0,20.0,0.55,3.4142,1446.7909
591,728727.876486659,869172.6703339394,0,729533.3822929305,869013.0479592208,821.1692313085103,9.0,14.0,20.0,0.35,2.4152,2912.1349
592,728727.876486659,868932.6536003463,0,729533.3822929305,869013.0479592208,809.5077867913747,11.0,14.0,20.0,0.2,4.2806,2912.1352
593,728727.876486659,868692.6368667532,0,729533.3822929305,869013.0479592208,866.8926531660696,8.0,14.0,20.0,0.3,2.1921,1278.0873
594,728727.876486659,868932.6536003463,0,729533.3822929305,869013.0479592208,809.5077867913747,8.0,14.0,20.0,0.25,2.0756,1339.7833
595,728727.876486659,869172.6703339394,0,729533.3822929305,869013.0479592208,821.1692313085103,9.0,14.0,20.0,0.65,2.2791,1446.7907
596,728727.876486659,868932.6536003463,0,729533.3822929305,869013.0479592208,809.5077867913747,9.0,14.0,20.0,0.25,2.2628,1446.7916
597,728727.876486659,869172.6703339394,0,729533.3822929305,869013.0479592208,821.1692313085103,11.0,14.0,20.0,0.35,4.3667,1446.7913
598,728727.876486659,868932.6536003463,0,729533.3822929305,869013.0479592208,809.5077867913747,12.0,14.0,17.0,0.2941,5.8418,2912.1353
599,728727.876486659,869172.6703339394,0,729533.3822929305,869013.0479592208,821.1692313085103,10.0,14.0,20.0,0.65,3.1675,1446.7911
600,728727.876486659,868932.6536003463,0,729533.3822929305,869013.0479592208,809.5077867913747,11.0,14.0,20.0,0.5,4.3581,1693.5753
601,728727.876486659,869652.6204909091,0,729533.3822929305,869013.0479592208,1028.5390742344955,12.0,14.0,16.0,0.3125,5.3549,1693.5752
602,728727.876486659,869172.6703339394,0,729533.3822929305,869013.0479592208,821.1692313085103,9.0,14.0,20.0,0.45,2.3548,2056.071
603,728727.876486659,869412.603757316,0,729533.3822929305,869013.0479592208,899.1576278542618,11.0,14.0,20.0,0.35,4.0311,1693.5753
604,728727.876486659,869412.603757316,0,729533.3822929305,869013.0479592208,899.1576278542618,12.0,14.0,15.0,0.4,5.1529,1693.5752
605,728727.876486659,869172.6703339394,0,729533.3822929305,869013.0479592208,821.1692313085103,9.0,14.0,20.0,0.5,2.2693,1693.5749
606,728727.876486659,869172.6703339394,0,729533.3822929305,869013.0479592208,821.1692313085103,8.0,14.0,20.0,0.55,2.147,2912.1349
607,728727.876486659,869652.6204909091,0,729533.3822929305,869013.0479592208,1028.5390742344955,11.0,14.0,20.0,0.15,4.3074,2056.0719
608,728727.876486659,868932.6536003463,0,729533.3822929305,869013.0479592208,809.5077867913747,7.0,14.0,20.0,0.25,1.8302,2056.0714
609,728727.876486659,869412.603757316,0,729533.3822929305,869013.0479592208,899.1576278542618,8.0,14.0,20.0,0.4,2.022,1693.575
610,728727.876486659,869652.6204909091,0,729533.3822929305,869013.0479592208,1028.5390742344955,7.0,14.0,20.0,0.2,1.8242,1446.7915
611,728727.876486659,870132.6539580952,0,729533.3822929305,869013.0479592208,1379.2596552689367,9.0,14.0,20.0,0.15,2.3332,2056.0715
612,728727.876486659,869892.6372245022,0,729533.3822929305,869013.0479592208,1192.6931204359237,7.0,14.0,20.0,0.4,1.8306,1278.0875
613,728727.876486659,869892.6372245022,0,729533.3822929305,869013.0479592208,1192.6931204359237,10.0,14.0,20.0,0.15,3.0768,1278.0873
614,728727.876486659,869892.6372245022,0,729533.3822929305,869013.0479592208,1192.6931204359237,12.0,14.0,15.0,0.6667,5.1986,1446.7912
615,728727.876486659,869892.6372245022,0,729533.3822929305,869013.0479592208,1192.6931204359237,9.0,14.0,20.0,0.15,2.2626,2912.1351
616,728727.876486659,869892.6372245022,0,729533.3822929305,869013.0479592208,1192.6931204359237,7.0,14.0,20.0,0.15,1.8712,1339.7837
617,728727.876486659,869892.6372245022,0,729533.3822929305,869013.0479592208,1192.6931204359237,9.0,14.0,20.0,0.25,2.5248,2056.0712
618,728727.876486659,870132.6539580952,0,729533.3822929305,869013.0479592208,1379.2596552689367,10.0,14.0,20.0,0.2,3.3586,1693.5754
619,728727.876486659,870372.6706916883,0,729533.3822929305,869013.0479592208,1580.320720163907,7.0,14.0,20.0,0.4,1.8784,1693.5751
620,728727.876486659,869892.6372245022,0,729533.3822929305,869013.0479592208,1192.6931204359237,7.0,14.0,20.0,0.25,1.8732,1693.5755
621,728727.876486659,869172.6703339394,0,729533.3822929305,869013.0479592208,821.1692313085103,8.0,14.0,20.0,0.15,2.2141,2056.0713
622,728727.876486659,869892.6372245022,0,729533.3822929305,869013.0479592208,1192.6931204359237,7.0,14.0,20.0,0.2,1.7681,1693.5754
623,728727.876486659,869892.6372245022,0,729533.3822929305,869013.0479592208,1192.6931204359237,12.0,14.0,16.0,0.5625,5.4231,1446.7911
624,728727.876486659,870372.6706916883,0,729533.3822929305,869013.0479592208,1580.320720163907,7.0,14.0,20.0,0.2,1.8735,1339.7838
625,728727.876486659,870372.6706916883,0,729533.3822929305,869013.0479592208,1580.320720163907,9.0,14.0,20.0,0.3,2.3632,2912.135
626,728727.876486659,870372.6706916883,0,729533.3822929305,869013.0479592208,1580.320720163907,10.0,14.0,20.0,0.3,3.1029,1693.5754
627,728727.876486659,870132.6539580952,0,729533.3822929305,869013.0479592208,1379.2596552689367,11.0,14.0,20.0,0.3,4.3033,2056.0714
628,728727.876486659,870612.604115065,0,729533.3822929305,869013.0479592208,1790.9269945019703,12.0,14.0,16.0,0.3125,5.3885,1339.7833
629,728727.876486659,870612.604115065,0,729533.3822929305,869013.0479592208,1790.9269945019703,10.0,14.0,20.0,0.2,3.2735,2056.0719
630,728727.876486659,870372.6706916883,0,729533.3822929305,869013.0479592208,1580.320720163907,10.0,14.0,20.0,0.35,3.1432,2912.1351
631,728727.876486659,870132.6539580952,0,729533.3822929305,869013.0479592208,1379.2596552689367,7.0,14.0,20.0,0.2,1.9015,1339.7837
632,728727.876486659,871092.6375822511,0,729533.3822929305,869013.0479592208,2230.14183498544,11.0,14.0,20.0,0.3,4.2214,1693.5755
633,728727.876486659,870852.620848658,0,729533.3822929305,869013.0479592208,2008.200194076615,11.0,14.0,20.0,0.35,4.251,2912.1348
634,728727.876486659,870852.620848658,0,729533.3822929305,869013.0479592208,2008.200194076615,10.0,14.0,20.0,0.35,3.1271,1693.5753
635,728727.876486659,870852.620848658,0,729533.3822929305,869013.0479592208,2008.200194076615,9.0,14.0,20.0,0.25,2.298,2056.0711
636,728727.876486659,870612.604115065,0,729533.3822929305,869013.0479592208,1790.9269945019703,11.0,14.0,20.0,0.25,4.3285,2056.0719
637,728727.876486659,870372.6706916883,0,729533.3822929305,869013.0479592208,1580.320720163907,11.0,14.0,20.0,0.05,4.4915,2912.1353
638,728727.876486659,870612.604115065,0,729533.3822929305,869013.0479592208,1790.9269945019703,12.0,14.0,15.0,0.7333,4.8472,1339.7831
639,728727.876486659,870852.620848658,0,729533.3822929305,869013.0479592208,2008.200194076615,10.0,14.0,20.0,0.55,3.1925,1339.783
640,728727.876486659,870612.604115065,0,729533.3822929305,869013.0479592208,1790.9269945019703,12.0,14.0,13.0,0.3077,4.3815,1693.5752
641,728727.876486659,870852.620848658,0,729533.3822929305,869013.0479592208,2008.200194076615,12.0,14.0,17.0,0.8824,5.9012,1278.0867
642,728727.876486659,871092.6375822511,0,729533.3822929305,869013.0479592208,2230.14183498544,8.0,14.0,20.0,0.25,1.9775,2056.0711
643,728727.876486659,871092.6375822511,0,729533.3822929305,869013.0479592208,2230.14183498544,11.0,14.0,20.0,0.2,4.3899,2912.1351
644,728727.876486659,870852.620848658,0,729533.3822929305,869013.0479592208,2008.200194076615,12.0,14.0,17.0,0.3529,5.7737,1446.7918
645,728727.876486659,871332.6543158442,0,729533.3822929305,869013.0479592208,2455.4863578575373,12.0,14.0,15.0,0.5333,5.1205,1693.5752
646,729005.0164795895,867612.6032206927,0,729533.3822929305,869013.0479592208,1496.8018901573287,10.0,14.0,20.0,0.35,3.337,2056.0711
647,729005.0164795895,867612.6032206927,0,729533.3822929305,869013.0479592208,1496.8018901573287,8.0,14.0,20.0,0.3,1.9707,1278.0876
648,729005.0164795895,866892.6363301299,0,729533.3822929305,869013.0479592208,2185.2496217804073,10.0,14.0,20.0,0.2,3.0985,1693.5753
649,729005.0164795895,868332.653421472,0,729533.3822929305,869013.0479592208,861.4564177635494,12.0,14.0,16.0,0.375,5.4127,1693.5752
650,729005.0164795895,868092.6366878789,0,729533.3822929305,869013.0479592208,1061.285701929886,10.0,14.0,20.0,0.2,3.2736,2056.0717
651,729005.0164795895,867852.6199542858,0,729533.3822929305,869013.0479592208,1275.054346820163,9.0,14.0,20.0,0.4,2.4332,1693.5752
652,729005.0164795895,867612.6032206927,0,729533.3822929305,869013.0479592208,1496.8018901573287,7.0,14.0,20.0,0.4,1.7852,1339.7832
653,729005.0164795895,867612.6032206927,0,729533.3822929305,869013.0479592208,1496.8018901573287,8.0,14.0,20.0,0.5,2.2735,2056.0709
654,729005.0164795895,867612.6032206927,0,729533.3822929305,869013.0479592208,1496.8018901573287,12.0,14.0,16.0,0.25,5.4371,1278.0878
655,729005.0164795895,868092.6366878789,0,729533.3822929305,869013.0479592208,1061.285701929886,12.0,14.0,16.0,0.5,5.4089,2056.0713
656,729005.0164795895,868092.6366878789,0,729533.3822929305,869013.0479592208,1061.285701929886,12.0,14.0,16.0,0.375,5.4243,1446.7914
657,729005.0164795895,867372.6697973161,0,729533.3822929305,869013.0479592208,1723.3719699361186,7.0,14.0,20.0,0.1,1.9036,2912.1352
658,729005.0164795895,867372.6697973161,0,729533.3822929305,869013.0479592208,1723.3719699361186,8.0,14.0,20.0,0.5,2.0895,2056.0712
659,729005.0164795895,868092.6366878789,0,729533.3822929305,869013.0479592208,1061.285701929886,12.0,14.0,16.0,0.625,5.2386,1339.7833
660,729005.0164795895,868092.6366878789,0,729533.3822929305,869013.0479592208,1061.285701929886,8.0,14.0,20.0,0.7,2.0425,2056.0709
661,729005.0164795895,868092.6366878789,0,729533.3822929305,869013.0479592208,1061.285701929886,12.0,14.0,15.0,0.2,5.0368,1693.5756
662,729005.0164795895,868332.653421472,0,729533.3822929305,869013.0479592208,861.4564177635494,11.0,14.0,20.0,0.15,4.1399,1446.7919
663,729005.0164795895,868332.653421472,0,729533.3822929305,869013.0479592208,861.4564177635494,9.0,14.0,20.0,0.45,2.4774,1693.5753
664,729005.0164795895,867852.6199542858,0,729533.3822929305,869013.0479592208,1275.054346820163,9.0,14.0,20.0,0.15,2.5028,1278.0874
665,729005.0164795895,868092.6366878789,0,729533.3822929305,869013.0479592208,1061.285701929886,10.0,14.0,20.0,0.4,3.2135,1693.5752
666,729005.0164795895,868332.653421472,0,729533.3822929305,869013.0479592208,861.4564177635494,7.0,14.0,20.0,0.25,1.7296,1446.7918
667,729005.0164795895,868572.670155065,0,729533.3822929305,869013.0479592208,687.8248636830318,12.0,14.0,16.0,0.625,5.6522,2912.1359
668,729005.0164795895,868812.6035784415,0,729533.3822929305,869013.0479592208,565.109177498896,12.0,14.0,15.0,0.4667,5.1905,1693.5753
669,729005.0164795895,868092.6366878789,0,729533.3822929305,869013.0479592208,1061.285701929886,10.0,14.0,20.0,0.25,3.1406,1339.7839
670,729005.0164795895,868332.653421472,0,729533.3822929305,869013.0479592208,861.4564177635494,9.0,14.0,20.0,0.2,2.3475,1693.5754
671,729005.0164795895,868572.670155065,0,729533.3822929305,869013.0479592208,687.8248636830318,10.0,14.0,20.0,0.45,3.2198,1693.5749
672,729005.0164795895,868572.670155065,0,729533.3822929305,869013.0479592208,687.8248636830318,9.0,14.0,20.0,0.2,2.4723,1278.0873
673,729005.0164795895,868812.6035784415,0,729533.3822929305,869013.0479592208,565.109177498896,9.0,14.0,20.0,0.45,2.494,2912.1348
674,729005.0164795895,868812.6035784415,0,729533.3822929305,869013.0479592208,565.109177498896,8.0,14.0,20.0,0.3,2.0478,2056.0714
675,729005.0164795895,868812.6035784415,0,729533.3822929305,869013.0479592208,565.109177498896,10.0,14.0,20.0,0.35,3.1046,1693.576
676,729005.0164795895,868572.670155065,0,729533.3822929305,869013.0479592208,687.8248636830318,8.0,14.0,20.0,0.35,2.0051,2056.0714
677,729005.0164795895,868572.670155065,0,729533.3822929305,869013.0479592208,687.8248636830318,10.0,14.0,20.0,0.3,3.1269,2056.0714
678,729005.0164795895,868812.6035784415,0,729533.3822929305,869013.0479592208,565.109177498896,12.0,14.0,15.0,0.7333,4.9524,1446.7911
679,729005.0164795895,868812.6035784415,0,729533.3822929305,869013.0479592208,565.109177498896,9.0,14.0,20.0,0.45,2.295,1278.0871
680,729005.0164795895,869052.6203120346,0,729533.3822929305,869013.0479592208,529.8456414982638,12.0,14.0,16.0,0.5,5.3205,1693.5751
681,729005.0164795895,869052.6203120346,0,729533.3822929305,869013.0479592208,529.8456414982638,9.0,14.0,20.0,0.4,2.5793,2912.1349
682,729005.0164795895,869052.6203120346,0,729533.3822929305,869013.0479592208,529.8456414982638,11.0,14.0,20.0,0.6,4.326,2912.1347
683,729005.0164795895,869292.6370456277,0,729533.3822929305,869013.0479592208,597.7796332640589,8.0,14.0,20.0,0.65,2.006,1339.7828
684,729005.0164795895,869052.6203120346,0,729533.3822929305,869013.0479592208,529.8456414982638,12.0,14.0,17.0,0.2941,5.6539,1693.576
685,729005.0164795895,869292.6370456277,0,729533.3822929305,869013.0479592208,597.7796332640589,7.0,14.0,20.0,0.25,1.8369,1446.7914
686,729005.0164795895,869052.6203120346,0,729533.3822929305,869013.0479592208,529.8456414982638,10.0,14.0,20.0,0.1,3.2458,2912.1356
687,729005.0164795895,869292.6370456277,0,729533.3822929305,869013.0479592208,597.7796332640589,12.0,14.0,17.0,0.6471,5.5772,1693.5752
688,729005.0164795895,869052.6203120346,0,729533.3822929305,869013.0479592208,529.8456414982638,7.0,14.0,20.0,0.3,1.8322,1446.7913
689,729005.0164795895,869292.6370456277,0,729533.3822929305,869013.0479592208,597.7796332640589,11.0,14.0,20.0,0.2,4.4468,2912.1352
690,729005.0164795895,869532.6537792208,0,729533.3822929305,869013.0479592208,741.0537368405186,9.0,14.0,20.0,0.45,2.3694,2056.0709
691,729005.0164795895,870492.6374033766,0,729533.3822929305,869013.0479592208,1571.1000464530484,8.0,14.0,20.0,0.3,2.0734,2912.1351
692,729005.0164795895,869772.6705128138,0,729533.3822929305,869013.0479592208,925.3090600629923,7.0,14.0,20.0,0.4,1.7031,2056.071
693,729005.0164795895,869772.6705128138,0,729533.3822929305,869013.0479592208,925.3090600629923,8.0,14.0,20.0,0.2,2.0818,1339.7836
694,729005.0164795895,869532.6537792208,0,729533.3822929305,869013.0479592208,741.0537368405186,9.0,14.0,20.0,0.15,2.4444,2912.1355
695,729005.0164795895,870012.6039361905,0,729533.3822929305,869013.0479592208,1130.61159723543,8.0,14.0,20.0,0.4,2.1834,1446.7913
696,729005.0164795895,870252.6206697836,0,729533.3822929305,869013.0479592208,1347.4831863438303,8.0,14.0,20.0,0.3,2.0792,1278.0877
697,729005.0164795895,870492.6374033766,0,729533.3822929305,869013.0479592208,1571.1000464530484,12.0,14.0,16.0,0.375,5.3647,1693.5753
698,729005.0164795895,870012.6039361905,0,729533.3822929305,869013.0479592208,1130.61159723543,10.0,14.0,20.0,0.55,3.119,2056.0723
699,729005.0164795895,869772.6705128138,0,729533.3822929305,869013.0479592208,925.3090600629923,7.0,14.0,20.0,0.45,1.8876,2056.0714
700,729005.0164795895,870732.6541369697,0,729533.3822929305,869013.0479592208,1798.9485371348449,11.0,14.0,20.0,0.15,4.3142,2912.1356
701,729005.0164795895,870252.6206697836,0,729533.3822929305,869013.0479592208,1347.4831863438303,8.0,14.0,20.0,0.2,1.8686,2056.0713
702,729005.0164795895,870012.6039361905,0,729533.3822929305,869013.0479592208,1130.61159723543,8.0,14.0,20.0,0.2,1.9679,1339.7838
703,729005.0164795895,870252.6206697836,0,729533.3822929305,869013.0479592208,1347.4831863438303,12.0,14.0,15.0,0.2667,5.1413,1339.7834
704,729005.0164795895,870492.6374033766,0,729533.3822929305,869013.0479592208,1571.1000464530484,11.0,14.0,20.0,0.1,4.1862,2912.1359
705,729005.0164795895,870732.6541369697,0,729533.3822929305,869013.0479592208,1798.9485371348449,7.0,14.0,20.0,0.3,1.9201,2056.0733
706,729005.0164795895,870972.6708705628,0,729533.3822929305,869013.0479592208,2029.6039976714185,9.0,14.0,20.0,0.15,2.2995,1339.784
707,729005.0164795895,870972.6708705628,0,729533.3822929305,869013.0479592208,2029.6039976714185,10.0,14.0,20.0,0.05,3.0441,1446.7918
708,729005.0164795895,870972.6708705628,0,729533.3822929305,869013.0479592208,2029.6039976714185,11.0,14.0,20.0,0.1,4.3618,2912.1353
709,729005.0164795895,871212.6042939394,0,729533.3822929305,869013.0479592208,2262.12698633569,8.0,14.0,20.0,0.45,2.1335,2056.0709
710,729005.0164795895,871212.6042939394,0,729533.3822929305,869013.0479592208,2262.12698633569,9.0,14.0,20.0,0.25,2.3326,1446.7916
711,729005.0164795895,870252.6206697836,0,729533.3822929305,869013.0479592208,1347.4831863438303,10.0,14.0,20.0,0.4,3.0707,2912.1349
712,729005.0164795895,870972.6708705628,0,729533.3822929305,869013.0479592208,2029.6039976714185,11.0,14.0,20.0,0.2,4.2185,2056.0717
713,729282.0731472065,867492.6365090044,0,729533.3822929305,869013.0479592208,1541.0409678765134,8.0,14.0,20.0,0.2,2.0294,2912.1361
714,729282.0731472065,867732.6532425975,0,729533.3822929305,869013.0479592208,1304.8244774993898,7.0,14.0,20.0,0.1,1.8014,2912.1352
715,729282.0731472065,867492.6365090044,0,729533.3822929305,869013.0479592208,1541.0409678765134,11.0,14.0,20.0,0.2,4.3813,2912.135
716,729282.0731472065,867492.6365090044,0,729533.3822929305,869013.0479592208,1541.0409678765134,8.0,14.0,20.0,0.55,1.9803,1446.791
717,729282.0731472065,867492.6365090044,0,729533.3822929305,869013.0479592208,1541.0409678765134,9.0,14.0,20.0,0.25,2.4519,1693.5755
718,729253.9091912201,866814.9912083982,0,729533.3822929305,869013.0479592208,2215.7523991674625,11.0,14.0,20.0,0.35,4.287,1278.087
719,729282.0731472065,868212.6033995671,0,729533.3822929305,869013.0479592208,838.968282954634,10.0,14.0,20.0,0.1,3.298,1446.7919
720,729282.0731472065,867732.6532425975,0,729533.3822929305,869013.0479592208,1304.8244774993898,7.0,14.0,20.0,0.3,1.8083,2056.0715
721,729253.9091912201,866814.9912083982,0,729533.3822929305,869013.0479592208,2215.7523991674625,11.0,14.0,20.0,0.65,4.5657,2056.0709
722,729282.0731472065,867732.6532425975,0,729533.3822929305,869013.0479592208,1304.8244774993898,12.0,14.0,18.0,0.4444,6.1575,2056.071
723,729282.0731472065,867492.6365090044,0,729533.3822929305,869013.0479592208,1541.0409678765134,11.0,14.0,20.0,0.25,4.3338,2056.0711
724,729282.0731472065,868452.6201331601,0,729533.3822929305,869013.0479592208,614.1951114651216,12.0,14.0,15.0,0.4,5.2201,2056.0714
725,729282.0731472065,867492.6365090044,0,729533.3822929305,869013.0479592208,1541.0409678765134,7.0,14.0,20.0,0.2,1.8944,1693.5752
726,729282.0731472065,868212.6033995671,0,729533.3822929305,869013.0479592208,838.968282954634,12.0,14.0,17.0,0.4118,5.8063,2056.0712
727,729282.0731472065,868212.6033995671,0,729533.3822929305,869013.0479592208,838.968282954634,9.0,14.0,20.0,0.15,2.482,1693.5758
728,729282.0731472065,868932.6536003463,0,729533.3822929305,869013.0479592208,263.8551490181679,10.0,14.0,20.0,0.2,3.3194,1446.7918
729,729282.0731472065,867972.6699761905,0,729533.3822929305,869013.0479592208,1070.3002542738689,8.0,14.0,20.0,0.25,2.061,1339.7835
730,729282.0731472065,867972.6699761905,0,729533.3822929305,869013.0479592208,1070.3002542738689,9.0,14.0,20.0,0.2,2.3634,1278.088
731,729282.0731472065,868212.6033995671,0,729533.3822929305,869013.0479592208,838.968282954634,8.0,14.0,20.0,0.1,1.8937,1446.7918
732,729282.0731472065,868212.6033995671,0,729533.3822929305,869013.0479592208,838.968282954634,12.0,14.0,17.0,0.2941,5.7383,1278.0872
733,729282.0731472065,868212.6033995671,0,729533.3822929305,869013.0479592208,838.968282954634,10.0,14.0,20.0,0.4,3.0564,2912.135
734,729282.0731472065,868452.6201331601,0,729533.3822929305,869013.0479592208,614.1951114651216,9.0,14.0,20.0,0.15,2.231,1278.0878
735,729282.0731472065,868212.6033995671,0,729533.3822929305,869013.0479592208,838.968282954634,11.0,14.0,20.0,0.2,4.3311,1446.7919
736,729282.0731472065,867972.6699761905,0,729533.3822929305,869013.0479592208,1070.3002542738689,9.0,14.0,20.0,0.1,2.4109,2056.0714
737,729282.0731472065,868452.6201331601,0,729533.3822929305,869013.0479592208,614.1951114651216,8.0,14.0,20.0,0.3,2.0693,1278.0875
738,729282.0731472065,868692.6368667532,0,729533.3822929305,869013.0479592208,407.2094729998768,11.0,14.0,20.0,0.1,4.3295,1278.0881
739,729282.0731472065,868452.6201331601,0,729533.3822929305,869013.0479592208,614.1951114651216,7.0,14.0,20.0,0.05,1.8896,1339.784
740,729282.0731472065,868452.6201331601,0,729533.3822929305,869013.0479592208,614.1951114651216,9.0,14.0,20.0,0.2,2.3376,1446.7913
741,729282.0731472065,868212.6033995671,0,729533.3822929305,869013.0479592208,838.968282954634,9.0,14.0,20.0,0.1,2.3278,1446.7919
742,729282.0731472065,868692.6368667532,0,729533.3822929305,869013.0479592208,407.2094729998768,11.0,14.0,20.0,0.25,4.4244,2912.1353
743,729282.0731472065,868692.6368667532,0,729533.3822929305,869013.0479592208,407.2094729998768,9.0,14.0,20.0,0.3,2.2469,1693.5756
744,729282.0731472065,868692.6368667532,0,729533.3822929305,869013.0479592208,407.2094729998768,11.0,14.0,20.0,0.25,4.3323,2056.0711
745,729282.0731472065,868452.6201331601,0,729533.3822929305,869013.0479592208,614.1951114651216,7.0,14.0,20.0,0.05,1.8687,1278.0876
746,729282.0731472065,868692.6368667532,0,729533.3822929305,869013.0479592208,407.2094729998768,9.0,14.0,20.0,0.1,2.2715,1339.784
747,729282.0731472065,868932.6536003463,0,729533.3822929305,869013.0479592208,263.8551490181679,8.0,14.0,20.0,0.5,2.0818,2912.135
748,729282.0731472065,868932.6536003463,0,729533.3822929305,869013.0479592208,263.8551490181679,9.0,14.0,20.0,0.15,2.3469,1693.5759
749,729282.0731472065,868932.6536003463,0,729533.3822929305,869013.0479592208,263.8551490181679,11.0,14.0,20.0,0.2,4.4246,2056.0741
750,729282.0731472065,868932.6536003463,0,729533.3822929305,869013.0479592208,263.8551490181679,11.0,14.0,20.0,0.1,4.3386,2056.0719
751,729282.0731472065,868932.6536003463,0,729533.3822929305,869013.0479592208,263.8551490181679,8.0,14.0,20.0,0.2,2.0799,2912.1357
752,729282.0731472065,869172.6703339394,0,729533.3822929305,869013.0479592208,297.7172975077861,8.0,14.0,20.0,0.05,2.0674,1339.784
753,729282.0731472065,868932.6536003463,0,729533.3822929305,869013.0479592208,263.8551490181679,11.0,14.0,20.0,0.4,4.312,2056.0711
754,729282.0731472065,868692.6368667532,0,729533.3822929305,869013.0479592208,407.2094729998768,12.0,14.0,17.0,0.2941,5.6818,2056.0714
755,729282.0731472065,869172.6703339394,0,729533.3822929305,869013.0479592208,297.7172975077861,11.0,14.0,20.0,0.35,4.3192,1446.7914
756,729282.0731472065,869412.603757316,0,729533.3822929305,869013.0479592208,472.0181379100099,9.0,14.0,20.0,0.3,2.3151,1693.5757
757,729282.0731472065,869172.6703339394,0,729533.3822929305,869013.0479592208,297.7172975077861,11.0,14.0,20.0,0.3,4.3041,2912.1355
758,729282.0731472065,869412.603757316,0,729533.3822929305,869013.0479592208,472.0181379100099,8.0,14.0,20.0,0.15,1.9349,1446.7914
759,729282.0731472065,869412.603757316,0,729533.3822929305,869013.0479592208,472.0181379100099,9.0,14.0,20.0,0.05,2.3113,1339.7839
760,729282.0731472065,869412.603757316,0,729533.3822929305,869013.0479592208,472.0181379100099,11.0,14.0,20.0,0.35,4.3999,2056.0714
761,729282.0731472065,869172.6703339394,0,729533.3822929305,869013.0479592208,297.7172975077861,7.0,14.0,20.0,0.05,1.8269,2912.1353
762,729282.0731472065,869892.6372245022,0,729533.3822929305,869013.0479592208,914.7860746222094,8.0,14.0,20.0,0.4,2.1112,2056.0714
763,729282.0731472065,869652.6204909091,0,729533.3822929305,869013.0479592208,687.1748758610743,12.0,14.0,15.0,0.3333,5.2257,2912.135
764,729282.0731472065,869412.603757316,0,729533.3822929305,869013.0479592208,472.0181379100099,7.0,14.0,20.0,0.3,1.9382,2056.0709
765,729282.0731472065,870132.6539580952,0,729533.3822929305,869013.0479592208,1147.464108127185,9.0,14.0,20.0,0.15,2.3837,1693.5755
766,729282.0731472065,869652.6204909091,0,729533.3822929305,869013.0479592208,687.1748758610743,8.0,14.0,20.0,0.4,1.9802,1446.7913
767,729282.0731472065,869892.6372245022,0,729533.3822929305,869013.0479592208,914.7860746222094,9.0,14.0,20.0,0.2,2.7385,1339.7839
768,729282.0731472065,870132.6539580952,0,729533.3822929305,869013.0479592208,1147.464108127185,10.0,14.0,20.0,0.5,3.1513,2912.1348
769,729282.0731472065,869892.6372245022,0,729533.3822929305,869013.0479592208,914.7860746222094,8.0,14.0,20.0,0.2,2.2498,1339.7836
770,729282.0731472065,869652.6204909091,0,729533.3822929305,869013.0479592208,687.1748758610743,9.0,14.0,20.0,0.4,2.5219,2056.071
771,729282.0731472065,870852.620848658,0,729533.3822929305,869013.0479592208,1856.6595547587294,7.0,14.0,20.0,0.3,1.8853,2912.1349
772,729282.0731472065,870612.604115065,0,729533.3822929305,869013.0479592208,1619.1776253467035,9.0,14.0,20.0,0.1,2.3782,1278.0876
773,729282.0731472065,870372.6706916883,0,729533.3822929305,869013.0479592208,1382.6533409958186,11.0,14.0,20.0,0.15,4.3327,1693.5758
774,729282.0731472065,870612.604115065,0,729533.3822929305,869013.0479592208,1619.1776253467035,11.0,14.0,20.0,0.15,4.2336,1693.5757
775,729282.0731472065,870612.604115065,0,729533.3822929305,869013.0479592208,1619.1776253467035,7.0,14.0,20.0,0.25,1.8774,2056.0719
776,729282.0731472065,870372.6706916883,0,729533.3822929305,869013.0479592208,1382.6533409958186,9.0,14.0,20.0,0.05,2.4088,1278.0879
777,729282.0731472065,871092.6375822511,0,729533.3822929305,869013.0479592208,2094.7193814303037,8.0,14.0,20.0,0.05,2.0654,1278.0878
778,729282.0731472065,870612.604115065,0,729533.3822929305,869013.0479592208,1619.1776253467035,7.0,14.0,20.0,0.1,1.8939,1693.5762
779,729282.0731472065,870852.620848658,0,729533.3822929305,869013.0479592208,1856.6595547587294,9.0,14.0,20.0,0.15,2.4291,1446.7919
780,729282.0731472065,870852.620848658,0,729533.3822929305,869013.0479592208,1856.6595547587294,10.0,14.0,20.0,0.15,3.1303,1278.0875
781,729282.0731472065,870372.6706916883,0,729533.3822929305,869013.0479592208,1382.6533409958186,11.0,14.0,20.0,0.25,4.398,2056.0712
782,729282.0731472065,870852.620848658,0,729533.3822929305,869013.0479592208,1856.6595547587294,7.0,14.0,20.0,0.25,1.9814,1446.7913
783,729282.0731472065,870852.620848658,0,729533.3822929305,869013.0479592208,1856.6595547587294,9.0,14.0,20.0,0.1,2.3237,2912.1356
784,729282.0731472065,871332.6543158442,0,729533.3822929305,869013.0479592208,2333.180219445554,10.0,14.0,20.0,0.15,3.2889,1446.7915
785,729282.0731472065,870852.620848658,0,729533.3822929305,869013.0479592208,1856.6595547587294,11.0,14.0,20.0,0.05,4.3151,1278.0878
786,729282.0731472065,870852.620848658,0,729533.3822929305,869013.0479592208,1856.6595547587294,10.0,14.0,20.0,0.15,3.0032,1446.7916
787,729559.2131401368,867372.6697973161,0,729533.3822929305,869013.0479592208,1640.5815269962677,12.0,14.0,16.0,0.125,5.2722,1446.792
788,729559.2131401368,867612.6032206927,0,729533.3822929305,869013.0479592208,1400.6829399755175,7.0,14.0,20.0,0.45,1.9238,2056.0711
789,729559.2131401368,867372.6697973161,0,729533.3822929305,869013.0479592208,1640.5815269962677,9.0,14.0,20.0,0.2,2.3374,1693.5758
790,729559.2131401368,867852.6199542858,0,729533.3822929305,869013.0479592208,1160.7154635417328,10.0,14.0,20.0,0.1,3.0905,2912.1352
791,729559.2131401368,867612.6032206927,0,729533.3822929305,869013.0479592208,1400.6829399755175,10.0,14.0,20.0,0.35,3.2267,2056.0712
792,729559.2131401368,867372.6697973161,0,729533.3822929305,869013.0479592208,1640.5815269962677,10.0,14.0,20.0,0.3,3.0841,2056.0715
793,729559.2131401368,867852.6199542858,0,729533.3822929305,869013.0479592208,1160.7154635417328,8.0,14.0,20.0,0.2,2.1102,1446.7916
794,729559.2131401368,867612.6032206927,0,729533.3822929305,869013.0479592208,1400.6829399755175,10.0,14.0,20.0,0.5,3.2102,2912.1348
795,729559.2131401368,867612.6032206927,0,729533.3822929305,869013.0479592208,1400.6829399755175,9.0,14.0,20.0,0.1,2.2723,2056.0716
796,729559.2131401368,868092.6366878789,0,729533.3822929305,869013.0479592208,920.7736644152665,9.0,14.0,20.0,0.3,2.5174,1446.7913
797,729559.2131401368,867852.6199542858,0,729533.3822929305,869013.0479592208,1160.7154635417328,9.0,14.0,20.0,0.2,2.4528,1278.0872
798,729559.2131401368,867852.6199542858,0,729533.3822929305,869013.0479592208,1160.7154635417328,11.0,14.0,20.0,0.2,4.571,1446.7919
799,729559.2131401368,867852.6199542858,0,729533.3822929305,869013.0479592208,1160.7154635417328,10.0,14.0,20.0,0.15,3.2407,1446.7917
800,729559.2131401368,868572.670155065,0,729533.3822929305,869013.0479592208,441.1347221206787,7.0,14.0,20.0,0.2,2.0203,1693.576
801,729559.2131401368,867852.6199542858,0,729533.3822929305,869013.0479592208,1160.7154635417328,11.0,14.0,20.0,0.15,4.5692,1339.784
802,729559.2131401368,868092.6366878789,0,729533.3822929305,869013.0479592208,920.7736644152665,12.0,14.0,18.0,0.2222,6.0326,1278.0875
803,729559.2131401368,868092.6366878789,0,729533.3822929305,869013.0479592208,920.7736644152665,8.0,14.0,20.0,0.1,2.0712,1339.7839
804,729559.2131401368,868092.6366878789,0,729533.3822929305,869013.0479592208,920.7736644152665,9.0,14.0,20.0,0.1,2.3412,2912.1351
805,729559.2131401368,868572.670155065,0,729533.3822929305,869013.0479592208,441.1347221206787,8.0,14.0,20.0,0.35,1.9795,2056.0713
806,729559.2131401368,868572.670155065,0,729533.3822929305,869013.0479592208,441.1347221206787,11.0,14.0,20.0,0.35,4.1508,2056.0711
807,729559.2131401368,868092.6366878789,0,729533.3822929305,869013.0479592208,920.7736644152665,8.0,14.0,20.0,0.25,2.0841,1693.5752
808,729559.2131401368,867852.6199542858,0,729533.3822929305,869013.0479592208,1160.7154635417328,11.0,14.0,20.0,0.45,4.1379,2912.1348
809,729559.2131401368,868332.653421472,0,729533.3822929305,869013.0479592208,680.8846889642285,12.0,14.0,16.0,0.3125,5.407,2912.1352
810,729559.2131401368,868332.653421472,0,729533.3822929305,869013.0479592208,680.8846889642285,8.0,14.0,20.0,0.2,1.9934,2056.0714
811,729559.2131401368,868332.653421472,0,729533.3822929305,869013.0479592208,680.8846889642285,9.0,14.0,20.0,0.25,2.357,2056.0714
812,729559.2131401368,868332.653421472,0,729533.3822929305,869013.0479592208,680.8846889642285,12.0,14.0,14.0,0.4286,4.6652,2056.0719
813,729559.2131401368,868332.653421472,0,729533.3822929305,869013.0479592208,680.8846889642285,10.0,14.0,20.0,0.2,3.0719,2912.1352
814,729559.2131401368,868332.653421472,0,729533.3822929305,869013.0479592208,680.8846889642285,9.0,14.0,20.0,0.15,2.4694,2056.0719
815,729559.2131401368,868572.670155065,0,729533.3822929305,869013.0479592208,441.1347221206787,12.0,14.0,16.0,0.75,5.4055,2912.1348
816,729559.2131401368,868572.670155065,0,729533.3822929305,869013.0479592208,441.1347221206787,9.0,14.0,20.0,0.15,2.3413,2912.1351
817,729559.2131401368,868572.670155065,0,729533.3822929305,869013.0479592208,441.1347221206787,9.0,14.0,20.0,0.25,2.3424,2056.0712
818,729559.2131401368,868572.670155065,0,729533.3822929305,869013.0479592208,441.1347221206787,10.0,14.0,20.0,0.05,3.0931,2056.0719
819,729559.2131401368,868572.670155065,0,729533.3822929305,869013.0479592208,441.1347221206787,9.0,14.0,20.0,0.3,2.2671,1446.7911
820,729559.2131401368,869052.6203120346,0,729533.3822929305,869013.0479592208,47.25678548752423,11.0,14.0,20.0,0.1,4.3643,2056.0776
821,729559.2131401368,869052.6203120346,0,729533.3822929305,869013.0479592208,47.25678548752423,12.0,14.0,16.0,0.1875,5.5477,2912.1353
822,729559.2131401368,869052.6203120346,0,729533.3822929305,869013.0479592208,47.25678548752423,8.0,14.0,20.0,0.25,1.9103,2056.0717
823,729559.2131401368,869052.6203120346,0,729533.3822929305,869013.0479592208,47.25678548752423,10.0,14.0,20.0,0.35,3.2522,2056.0713
824,729559.2131401368,869052.6203120346,0,729533.3822929305,869013.0479592208,47.25678548752423,7.0,14.0,20.0,0.15,1.9834,2056.0716
825,729559.2131401368,869052.6203120346,0,729533.3822929305,869013.0479592208,47.25678548752423,12.0,14.0,16.0,0.5,5.419,1446.7911
826,729559.2131401368,869052.6203120346,0,729533.3822929305,869013.0479592208,47.25678548752423,11.0,14.0,20.0,0.05,4.2853,1278.0878
827,729559.2131401368,869052.6203120346,0,729533.3822929305,869013.0479592208,47.25678548752423,12.0,14.0,16.0,0.125,5.3782,2912.1352
828,729559.2131401368,869052.6203120346,0,729533.3822929305,869013.0479592208,47.25678548752423,10.0,14.0,20.0,0.15,3.2317,2056.0714
829,729559.2131401368,869292.6370456277,0,729533.3822929305,869013.0479592208,280.77978898991256,8.0,14.0,20.0,0.2,2.1693,2912.1354
830,729559.2131401368,868812.6035784415,0,729533.3822929305,869013.0479592208,202.10191105822287,10.0,14.0,20.0,0.1,3.2052,2912.1357
831,729559.2131401368,869292.6370456277,0,729533.3822929305,869013.0479592208,280.77978898991256,11.0,14.0,20.0,0.35,4.4264,2912.1349
832,729559.2131401368,869772.6705128138,0,729533.3822929305,869013.0479592208,760.0616136831048,11.0,14.0,20.0,0.15,4.2772,1278.0876
833,729559.2131401368,869052.6203120346,0,729533.3822929305,869013.0479592208,47.25678548752423,12.0,14.0,15.0,0.0667,5.3425,1693.5756
834,729559.2131401368,868812.6035784415,0,729533.3822929305,869013.0479592208,202.10191105822287,7.0,14.0,20.0,0.25,2.0301,2912.1352
835,729559.2131401368,869052.6203120346,0,729533.3822929305,869013.0479592208,47.25678548752423,9.0,14.0,20.0,0.05,2.4117,1278.0879
836,729559.2131401368,869532.6537792208,0,729533.3822929305,869013.0479592208,520.2474803833303,8.0,14.0,20.0,0.45,1.9086,1693.5751
837,729559.2131401368,869532.6537792208,0,729533.3822929305,869013.0479592208,520.2474803833303,12.0,14.0,17.0,0.1765,5.9722,2912.1356
838,729559.2131401368,869532.6537792208,0,729533.3822929305,869013.0479592208,520.2474803833303,11.0,14.0,20.0,0.1,4.3269,2056.0718
839,729559.2131401368,869532.6537792208,0,729533.3822929305,869013.0479592208,520.2474803833303,11.0,14.0,20.0,0.35,4.3618,1339.7834
840,729559.2131401368,869532.6537792208,0,729533.3822929305,869013.0479592208,520.2474803833303,8.0,14.0,20.0,0.2,2.0417,2912.1355
841,729559.2131401368,869772.6705128138,0,729533.3822929305,869013.0479592208,760.0616136831048,12.0,14.0,18.0,0.1667,5.9759,1693.5754
842,729559.2131401368,869772.6705128138,0,729533.3822929305,869013.0479592208,760.0616136831048,11.0,14.0,20.0,0.3,4.1305,2056.0717
843,729559.2131401368,869532.6537792208,0,729533.3822929305,869013.0479592208,520.2474803833303,7.0,14.0,20.0,0.2,1.8329,2912.1352
844,729559.2131401368,869772.6705128138,0,729533.3822929305,869013.0479592208,760.0616136831048,7.0,14.0,20.0,0.15,1.9537,2056.0714
845,729559.2131401368,870012.6039361905,0,729533.3822929305,869013.0479592208,999.8896857969671,9.0,14.0,20.0,0.2,2.31,1693.5753
846,729559.2131401368,869772.6705128138,0,729533.3822929305,869013.0479592208,760.0616136831048,12.0,14.0,16.0,0.1875,5.3758,2912.1355
847,729559.2131401368,870012.6039361905,0,729533.3822929305,869013.0479592208,999.8896857969671,12.0,14.0,16.0,0.125,5.5795,2912.1356
848,729559.2131401368,870012.6039361905,0,729533.3822929305,869013.0479592208,999.8896857969671,12.0,14.0,13.0,0.5385,4.2964,1339.7833
849,729559.2131401368,870492.6374033766,0,729533.3822929305,869013.0479592208,1479.814905967864,10.0,14.0,20.0,0.35,3.115,2912.1347
850,729559.2131401368,870012.6039361905,0,729533.3822929305,869013.0479592208,999.8896857969671,8.0,14.0,20.0,0.2,1.9417,2056.0718
851,729559.2131401368,870252.6206697836,0,729533.3822929305,869013.0479592208,1239.841819523454,7.0,14.0,20.0,0.2,1.7772,1339.7834
852,729559.2131401368,870492.6374033766,0,729533.3822929305,869013.0479592208,1479.814905967864,7.0,14.0,20.0,0.2,1.8636,1693.5754
853,729559.2131401368,870252.6206697836,0,729533.3822929305,869013.0479592208,1239.841819523454,7.0,14.0,20.0,0.2,1.7443,1339.7834
854,729559.2131401368,870492.6374033766,0,729533.3822929305,869013.0479592208,1479.814905967864,7.0,14.0,20.0,0.15,1.8529,1693.5755
855,729559.2131401368,870252.6206697836,0,729533.3822929305,869013.0479592208,1239.841819523454,9.0,14.0,20.0,0.1,2.3757,2056.0717
856,729559.2131401368,870252.6206697836,0,729533.3822929305,869013.0479592208,1239.841819523454,11.0,14.0,20.0,0.25,4.2691,1693.5753
857,729559.2131401368,870732.6541369697,0,729533.3822929305,869013.0479592208,1719.8001742119652,12.0,14.0,15.0,0.0667,5.1744,2912.1354
858,729559.2131401368,870492.6374033766,0,729533.3822929305,869013.0479592208,1479.814905967864,7.0,14.0,20.0,0.2,1.9377,1693.5752
859,729559.2131401368,870732.6541369697,0,729533.3822929305,869013.0479592208,1719.8001742119652,12.0,14.0,15.0,0.2667,5.1458,1693.5755
860,729559.2131401368,870492.6374033766,0,729533.3822929305,869013.0479592208,1479.814905967864,9.0,14.0,20.0,0.3,2.3573,2912.1349
861,729559.2131401368,870972.6708705628,0,729533.3822929305,869013.0479592208,1959.7931491164345,10.0,14.0,20.0,0.15,3.2496,1446.7919
862,729559.2131401368,870972.6708705628,0,729533.3822929305,869013.0479592208,1959.7931491164345,12.0,14.0,17.0,0.2353,5.7881,1446.7918
863,729559.2131401368,870972.6708705628,0,729533.3822929305,869013.0479592208,1959.7931491164345,11.0,14.0,20.0,0.05,4.3611,1278.0879
864,729559.2131401368,871212.6042939394,0,729533.3822929305,869013.0479592208,2199.708003865081,10.0,14.0,20.0,0.3,3.1854,1693.5757
865,729559.2131401368,871212.6042939394,0,729533.3822929305,869013.0479592208,2199.708003865081,11.0,14.0,20.0,0.15,4.2338,2912.1352
866,729559.2131401368,870732.6541369697,0,729533.3822929305,869013.0479592208,1719.8001742119652,12.0,14.0,14.0,0.1429,4.787,2912.1353
867,729559.2131401368,871212.6042939394,0,729533.3822929305,869013.0479592208,2199.708003865081,11.0,14.0,20.0,0.2,4.2036,2912.1359
868,729559.2131401368,871212.6042939394,0,729533.3822929305,869013.0479592208,2199.708003865081,11.0,14.0,20.0,0.2,4.2367,1693.5756
869,729836.3531330673,867252.6197754113,0,729533.3822929305,869013.0479592208,1786.3086856207137,9.0,14.0,20.0,0.3,2.3521,1446.7916
870,729836.3531330673,867732.6532425975,0,729533.3822929305,869013.0479592208,1315.7514812190686,8.0,14.0,20.0,0.1,2.0389,1693.576
871,729836.3531330673,867252.6197754113,0,729533.3822929305,869013.0479592208,1786.3086856207137,10.0,14.0,20.0,0.1,3.1804,2056.0716
872,729836.3531330673,867492.6365090044,0,729533.3822929305,869013.0479592208,1550.3039404976041,11.0,14.0,20.0,0.1,4.228,1693.5759
873,729836.3531330673,867972.6699761905,0,729533.3822929305,869013.0479592208,1083.5947939831226,11.0,14.0,20.0,0.05,4.1817,1278.0877
874,729836.3531330673,867972.6699761905,0,729533.3822929305,869013.0479592208,1083.5947939831226,7.0,14.0,20.0,0.1,1.9112,1693.5758
875,729836.3531330673,867732.6532425975,0,729533.3822929305,869013.0479592208,1315.7514812190686,12.0,14.0,16.0,0.1875,5.3604,2912.135
876,729836.3531330673,867972.6699761905,0,729533.3822929305,869013.0479592208,1083.5947939831226,7.0,14.0,20.0,0.2,1.9364,2056.0717
877,729836.3531330673,867972.6699761905,0,729533.3822929305,869013.0479592208,1083.5947939831226,9.0,14.0,20.0,0.35,2.3189,2056.0713
878,729836.3531330673,868212.6033995671,0,729533.3822929305,869013.0479592208,855.8637876744549,11.0,14.0,20.0,0.15,4.4647,2056.0718
879,729836.3531330673,868212.6033995671,0,729533.3822929305,869013.0479592208,855.8637876744549,10.0,14.0,20.0,0.1,3.1729,2912.1361
880,729836.3531330673,867972.6699761905,0,729533.3822929305,869013.0479592208,1083.5947939831226,12.0,14.0,16.0,0.4375,5.3258,2912.135
881,729836.3531330673,867972.6699761905,0,729533.3822929305,869013.0479592208,1083.5947939831226,10.0,14.0,20.0,0.15,3.6202,2056.0715
882,729836.3531330673,867732.6532425975,0,729533.3822929305,869013.0479592208,1315.7514812190686,7.0,14.0,20.0,0.2,1.8632,1693.5757
883,729836.3531330673,868212.6033995671,0,729533.3822929305,869013.0479592208,855.8637876744549,7.0,14.0,20.0,0.35,1.932,2912.135
884,729836.3531330673,868212.6033995671,0,729533.3822929305,869013.0479592208,855.8637876744549,8.0,14.0,20.0,0.05,2.2035,2912.1356
885,729836.3531330673,868452.6201331601,0,729533.3822929305,869013.0479592208,637.0798052020411,11.0,14.0,20.0,0.05,4.264,2912.1355
886,729836.3531330673,868452.6201331601,0,729533.3822929305,869013.0479592208,637.0798052020411,11.0,14.0,20.0,0.15,4.3136,2056.0715
887,729836.3531330673,868692.6368667532,0,729533.3822929305,869013.0479592208,440.9700649130902,12.0,14.0,17.0,0.1176,5.6815,2912.1351
888,729836.3531330673,868212.6033995671,0,729533.3822929305,869013.0479592208,855.8637876744549,7.0,14.0,20.0,0.1,2.0141,2056.0721
889,729836.3531330673,867972.6699761905,0,729533.3822929305,869013.0479592208,1083.5947939831226,7.0,14.0,20.0,0.25,1.7816,2912.1353
890,729836.3531330673,868212.6033995671,0,729533.3822929305,869013.0479592208,855.8637876744549,7.0,14.0,20.0,0.1,1.9552,2912.1357
891,729836.3531330673,868452.6201331601,0,729533.3822929305,869013.0479592208,637.0798052020411,8.0,14.0,20.0,0.25,2.1079,2056.0719
892,729836.3531330673,867972.6699761905,0,729533.3822929305,869013.0479592208,1083.5947939831226,12.0,14.0,17.0,0.1765,5.6696,2912.135
893,729836.3531330673,868212.6033995671,0,729533.3822929305,869013.0479592208,855.8637876744549,8.0,14.0,20.0,0.15,2.0503,2056.0716
894,729836.3531330673,868212.6033995671,0,729533.3822929305,869013.0479592208,855.8637876744549,8.0,14.0,20.0,0.1,2.0115,2912.1349
895,729836.3531330673,868212.6033995671,0,729533.3822929305,869013.0479592208,855.8637876744549,11.0,14.0,20.0,0.2,4.2788,2912.1356
896,729836.3531330673,868692.6368667532,0,729533.3822929305,869013.0479592208,440.9700649130902,8.0,14.0,20.0,0.1,2.0744,2912.1358
897,729836.3531330673,868452.6201331601,0,729533.3822929305,869013.0479592208,637.0798052020411,11.0,14.0,20.0,0.2,4.1296,2912.1349
898,729836.3531330673,868452.6201331601,0,729533.3822929305,869013.0479592208,637.0798052020411,7.0,14.0,20.0,0.2,1.8438,1446.7918
899,729836.3531330673,868932.6536003463,0,729533.3822929305,869013.0479592208,313.4558707569809,11.0,14.0,20.0,0.25,4.2708,1693.5759
900,729836.3531330673,868692.6368667532,0,729533.3822929305,869013.0479592208,440.9700649130902,10.0,14.0,20.0,0.2,3.2874,2056.0713
901,729836.3531330673,868932.6536003463,0,729533.3822929305,869013.0479592208,313.4558707569809,12.0,14.0,14.0,0.2143,4.6708,2912.1358
902,729836.3531330673,868452.6201331601,0,729533.3822929305,869013.0479592208,637.0798052020411,9.0,14.0,20.0,0.1,2.3812,2912.1358
903,729836.3531330673,868692.6368667532,0,729533.3822929305,869013.0479592208,440.9700649130902,7.0,14.0,20.0,0.15,1.9104,2912.1352
904,729836.3531330673,868692.6368667532,0,729533.3822929305,869013.0479592208,440.9700649130902,10.0,14.0,20.0,0.1,3.0947,2912.1353
905,729836.3531330673,868692.6368667532,0,729533.3822929305,869013.0479592208,440.9700649130902,9.0,14.0,20.0,0.1,2.4207,1693.5755
906,729836.3531330673,868692.6368667532,0,729533.3822929305,869013.0479592208,440.9700649130902,10.0,14.0,20.0,0.1,3.2981,2912.1352
907,729836.3531330673,868932.6536003463,0,729533.3822929305,869013.0479592208,313.4558707569809,9.0,14.0,20.0,0.05,2.4645,2912.1354
908,729836.3531330673,868932.6536003463,0,729533.3822929305,869013.0479592208,313.4558707569809,9.0,14.0,20.0,0.05,2.4672,2056.0716
909,729836.3531330673,868932.6536003463,0,729533.3822929305,869013.0479592208,313.4558707569809,8.0,14.0,20.0,0.1,2.0982,1693.5759
910,729836.3531330673,869172.6703339394,0,729533.3822929305,869013.0479592208,342.44799967872086,10.0,14.0,20.0,0.25,3.0631,2056.0721
911,729836.3531330673,869172.6703339394,0,729533.3822929305,869013.0479592208,342.44799967872086,12.0,14.0,16.0,0.1875,5.5355,2056.0718
912,729836.3531330673,869412.603757316,0,729533.3822929305,869013.0479592208,501.43410909575215,10.0,14.0,20.0,0.1,3.1623,2912.1354
913,729836.3531330673,869172.6703339394,0,729533.3822929305,869013.0479592208,342.44799967872086,7.0,14.0,20.0,0.05,2.019,2912.1353
914,729836.3531330673,868932.6536003463,0,729533.3822929305,869013.0479592208,313.4558707569809,12.0,14.0,17.0,0.0588,5.7531,2912.1354
915,729836.3531330673,868932.6536003463,0,729533.3822929305,869013.0479592208,313.4558707569809,11.0,14.0,20.0,0.1,4.274,1693.5761
916,729836.3531330673,869172.6703339394,0,729533.3822929305,869013.0479592208,342.44799967872086,12.0,14.0,16.0,0.25,5.4621,2912.1355
917,729836.3531330673,869172.6703339394,0,729533.3822929305,869013.0479592208,342.44799967872086,12.0,14.0,16.0,0.125,5.4429,2912.1352
918,729836.3531330673,869412.603757316,0,729533.3822929305,869013.0479592208,501.43410909575215,12.0,14.0,14.0,0.3571,4.9219,2912.1352
919,729836.3531330673,869412.603757316,0,729533.3822929305,869013.0479592208,501.43410909575215,10.0,14.0,20.0,0.1,3.1049,2912.1355
920,729836.3531330673,869412.603757316,0,729533.3822929305,869013.0479592208,501.43410909575215,10.0,14.0,20.0,0.15,3.0672,2056.0718
921,729836.3531330673,869412.603757316,0,729533.3822929305,869013.0479592208,501.43410909575215,7.0,14.0,20.0,0.1,1.7713,1693.5756
922,729836.3531330673,869412.603757316,0,729533.3822929305,869013.0479592208,501.43410909575215,7.0,14.0,20.0,0.2,1.9451,2912.1354
923,729836.3531330673,869892.6372245022,0,729533.3822929305,869013.0479592208,930.3056516926725,8.0,14.0,20.0,0.05,2.0438,1693.576
924,729836.3531330673,869652.6204909091,0,729533.3822929305,869013.0479592208,707.7035772576683,12.0,14.0,17.0,0.1176,5.8097,2056.0713
925,729836.3531330673,869412.603757316,0,729533.3822929305,869013.0479592208,501.43410909575215,11.0,14.0,20.0,0.15,4.2809,2912.1353
926,729836.3531330673,869412.603757316,0,729533.3822929305,869013.0479592208,501.43410909575215,11.0,14.0,20.0,0.05,4.1311,1693.5756
927,729836.3531330673,869652.6204909091,0,729533.3822929305,869013.0479592208,707.7035772576683,8.0,14.0,20.0,0.1,2.2164,2056.0718
928,729836.3531330673,869652.6204909091,0,729533.3822929305,869013.0479592208,707.7035772576683,12.0,14.0,16.0,0.125,5.371,2056.0715
929,729836.3531330673,869892.6372245022,0,729533.3822929305,869013.0479592208,930.3056516926725,12.0,14.0,15.0,0.2,5.1751,2912.1352
930,729836.3531330673,869652.6204909091,0,729533.3822929305,869013.0479592208,707.7035772576683,12.0,14.0,15.0,0.1333,4.9695,2056.0713
931,729836.3531330673,869412.603757316,0,729533.3822929305,869013.0479592208,501.43410909575215,7.0,14.0,20.0,0.15,1.9093,2912.1353
932,729836.3531330673,869892.6372245022,0,729533.3822929305,869013.0479592208,930.3056516926725,7.0,14.0,20.0,0.05,1.8883,2912.1356
933,729836.3531330673,869892.6372245022,0,729533.3822929305,869013.0479592208,930.3056516926725,7.0,14.0,20.0,0.15,1.8017,2912.1356
934,729836.3531330673,869892.6372245022,0,729533.3822929305,869013.0479592208,930.3056516926725,10.0,14.0,20.0,0.05,3.4124,2056.0835
935,729836.3531330673,870132.6539580952,0,729533.3822929305,869013.0479592208,1159.8745288559162,11.0,14.0,20.0,0.1,4.2684,2912.1355
936,729836.3531330673,870132.6539580952,0,729533.3822929305,869013.0479592208,1159.8745288559162,11.0,14.0,20.0,0.15,4.0978,1693.576
937,729836.3531330673,869652.6204909091,0,729533.3822929305,869013.0479592208,707.7035772576683,9.0,14.0,20.0,0.1,2.3748,2912.1415
938,729836.3531330673,870132.6539580952,0,729533.3822929305,869013.0479592208,1159.8745288559162,9.0,14.0,20.0,0.1,2.2853,2912.135
939,729836.3531330673,870372.6706916883,0,729533.3822929305,869013.0479592208,1392.9699582602336,10.0,14.0,20.0,0.25,3.1918,2056.0717
940,729836.3531330673,870372.6706916883,0,729533.3822929305,869013.0479592208,1392.9699582602336,10.0,14.0,20.0,0.05,3.3004,2912.1358
941,729836.3531330673,870372.6706916883,0,729533.3822929305,869013.0479592208,1392.9699582602336,11.0,14.0,20.0,0.15,4.3428,2912.1352
942,729836.3531330673,870372.6706916883,0,729533.3822929305,869013.0479592208,1392.9699582602336,12.0,14.0,15.0,0.2667,5.0232,2912.1354
943,729836.3531330673,870132.6539580952,0,729533.3822929305,869013.0479592208,1159.8745288559162,9.0,14.0,20.0,0.05,2.4039,2056.0713
944,729836.3531330673,870612.604115065,0,729533.3822929305,869013.0479592208,1627.9960766758645,12.0,14.0,16.0,0.125,5.5408,2912.136
945,729836.3531330673,870612.604115065,0,729533.3822929305,869013.0479592208,1627.9960766758645,8.0,14.0,20.0,0.1,2.023,2912.1355
946,729836.3531330673,870612.604115065,0,729533.3822929305,869013.0479592208,1627.9960766758645,7.0,14.0,20.0,0.05,1.9525,2056.0717
947,729836.3531330673,870612.604115065,0,729533.3822929305,869013.0479592208,1627.9960766758645,11.0,14.0,20.0,0.05,4.2926,2912.1355
948,729836.3531330673,870852.620848658,0,729533.3822929305,869013.0479592208,1864.355048140107,8.0,14.0,20.0,0.05,2.0616,2912.1359
949,729836.3531330673,870612.604115065,0,729533.3822929305,869013.0479592208,1627.9960766758645,10.0,14.0,20.0,0.1,3.0914,2912.1359
950,729836.3531330673,870852.620848658,0,729533.3822929305,869013.0479592208,1864.355048140107,7.0,14.0,20.0,0.05,1.7678,2912.1357
951,729836.3531330673,871092.6375822511,0,729533.3822929305,869013.0479592208,2101.54332103537,10.0,14.0,20.0,0.05,3.2237,2912.1355
