node_id,x,y,gateway_id,gw_x,gw_y,distance_m,sf,tp,lambda,PDR,Energy_mJ,Latency_ms
1,729531.2991600912,869014.2976124675,0,729533.3822929305,869013.0479592208,2.429212971970507,12.0,14.0,17.0,0.6471,5.6995,2056.0705
2,729534.5488473204,869013.2978898701,0,729533.3822929305,869013.0479592208,1.1930274405833408,7.0,14.0,20.0,0.05,1.7376,2912.1345
3,729533.5489435575,869012.4647877057,0,729533.3822929305,869013.0479592208,0.6065158263128629,10.0,14.0,20.0,0.75,3.2226,1278.0865
4,729532.7156904219,869011.5483753247,0,729533.3822929305,869013.0479592208,1.6410700064453052,10.0,14.0,20.0,0.9,3.2364,1693.5745
5,729532.9656663627,869012.9646490044,0,729533.3822929305,869013.0479592208,0.4248744393214984,10.0,14.0,20.0,0.55,3.2775,1693.5745
6,729534.2155460662,869012.1315468398,0,729533.3822929305,869013.0479592208,1.238596964366559,8.0,14.0,20.0,0.8,2.093,1693.5745
7,729532.3823891677,869009.9654812121,0,729533.3822929305,869013.0479592208,3.2405984337821776,10.0,14.0,20.0,0.65,3.093,1339.7825
8,729532.7990157355,869013.3812000866,0,729533.3822929305,869013.0479592208,0.6717601958972267,12.0,14.0,17.0,0.1176,5.8811,1693.5745
9,729530.965858837,869012.6314081385,0,729533.3822929305,869013.0479592208,2.4520743325502985,9.0,14.0,20.0,0.5,2.4244,2912.1345
10,729534.1322207525,869013.631130736,0,729533.3822929305,869013.0479592208,0.9499898706494747,11.0,14.0,20.0,0.2,4.224,1446.7905
11,729534.3821966933,869011.2151344588,0,729533.3822929305,869013.0479592208,2.0878347978336276,7.0,14.0,20.0,0.75,1.7853,2056.0705
12,729533.3822929305,869011.6316855411,0,729533.3822929305,869013.0479592208,1.41627367970068,7.0,14.0,20.0,0.35,1.9757,1278.0865
13,729533.0489916762,869012.7980285714,0,729533.3822929305,869013.0479592208,0.41659939467613355,11.0,14.0,20.0,0.55,4.1852,1278.0865
14,729528.7994006842,869014.2976124675,0,729533.3822929305,869013.0479592208,4.75021416131301,9.0,14.0,20.0,0.45,2.3696,2056.0705
15,729533.9655701255,869014.547543117,0,729533.3822929305,869013.0479592208,1.6090258381211122,8.0,14.0,20.0,0.05,2.0051,1446.7905
16,729533.7155941847,869014.0476818183,0,729533.3822929305,869013.0479592208,1.0538192434411593,7.0,14.0,20.0,0.35,1.8885,1339.7825
17,729536.548654846,869012.9646490044,0,729533.3822929305,869013.0479592208,3.167457714363203,8.0,14.0,20.0,0.7,2.0374,1278.0865
18,729533.2156423033,869012.4647877057,0,729533.3822929305,869013.0479592208,0.60651582634485,12.0,14.0,16.0,0.125,5.5944,1339.7825
19,729532.1324132269,869016.047127013,0,729533.3822929305,869013.0479592208,3.249185547025666,8.0,14.0,20.0,0.55,1.983,2912.1345
20,729531.6324613455,869012.6314081385,0,729533.3822929305,869013.0479592208,1.798728823348195,12.0,14.0,14.0,0.2857,4.7596,1339.7825
21,729532.882341049,869013.2145796537,0,729533.3822929305,869013.0479592208,0.5269860078184463,7.0,14.0,20.0,0.1,1.8193,2912.1345
22,729534.7988232612,869015.4639554978,0,729533.3822929305,869013.0479592208,2.800642102840626,8.0,14.0,20.0,0.85,2.0513,1278.0865
23,729533.3822929305,869016.213747446,0,729533.3822929305,869013.0479592208,3.1657882251311094,11.0,14.0,20.0,0.3,4.3158,1339.7825
24,729533.9655701255,869015.8805065801,0,729533.3822929305,869013.0479592208,2.8919780131929915,10.0,14.0,20.0,0.05,3.2217,2056.0705
25,729534.4655220069,869014.2143022511,0,729533.3822929305,869013.0479592208,1.5917730039642146,7.0,14.0,20.0,0.25,1.8952,1693.5745
26,729535.8820523375,869011.7983059741,0,729533.3822929305,869013.0479592208,2.7947147135260306,10.0,14.0,20.0,0.35,3.0627,1278.0865
27,729533.6322688712,869015.297335065,0,729533.3822929305,869013.0479592208,2.263223289718699,12.0,14.0,15.0,0.2667,5.0383,1693.5745
28,729533.5489435575,869013.0479592208,0,729533.3822929305,869013.0479592208,0.16665062704123557,7.0,14.0,20.0,0.05,1.7599,2912.1345
29,729534.048895439,869015.0474044156,0,729533.3822929305,869013.0479592208,2.1076384868086993,9.0,14.0,20.0,0.95,2.5124,1278.0865
30,729532.2157385405,869012.2981672727,0,729533.3822929305,869013.0479592208,1.3867361357774604,10.0,14.0,20.0,0.4,3.2726,1446.7905
31,729531.9657625998,869012.881338788,0,729533.3822929305,869013.0479592208,1.4262960935034257,7.0,14.0,20.0,0.45,1.923,1693.5745
32,729537.6318839225,869011.2984446754,0,729533.3822929305,869013.0479592208,4.595631049587002,8.0,14.0,20.0,0.75,1.989,1278.0865
33,729532.2157385405,869013.4645103031,0,729533.3822929305,869013.0479592208,1.2386944534249538,10.0,14.0,20.0,0.05,3.0944,1339.7825
34,729534.048895439,869011.3817548918,0,729533.3822929305,869013.0479592208,1.7946018417267537,12.0,14.0,16.0,0.6875,5.4373,1693.5745
35,729532.5490397947,869014.7141635498,0,729533.3822929305,869013.0479592208,1.862940593328893,10.0,14.0,20.0,0.15,3.1186,2912.1345
36,729533.1323169897,869012.5480979221,0,729533.3822929305,869013.0479592208,0.5588821780351151,10.0,14.0,20.0,0.3,3.0698,1693.5745
37,729533.8822448119,869012.714718355,0,729533.3822929305,869013.0479592208,0.6008338858135771,7.0,14.0,20.0,0.65,2.0247,1693.5745
38,729534.7988232612,869014.547543117,0,729533.3822929305,869013.0479592208,2.0628402844711062,8.0,14.0,20.0,0.9,2.052,1278.0865
39,729531.7991119727,869011.4650651083,0,729533.3822929305,869013.0479592208,2.238753161205638,8.0,14.0,20.0,0.4,2.0914,1339.7825
40,729533.9655701255,869013.8810613853,0,729533.3822929305,869013.0479592208,1.0169913975031912,8.0,14.0,20.0,0.15,2.0719,1339.7825
41,729533.2989676169,869013.2978898701,0,729533.3822929305,869013.0479592208,0.263454810832685,7.0,14.0,20.0,0.9,1.8197,1339.7825
42,729533.6322688712,869014.9640941991,0,729533.3822929305,869013.0479592208,1.9323719170917202,9.0,14.0,20.0,0.95,2.2792,1278.0865
43,729533.2156423033,869016.213747446,0,729533.3822929305,869013.0479592208,3.170171528152825,11.0,14.0,20.0,0.4,4.4408,1446.7905
44,729535.5487510832,869012.3814774893,0,729533.3822929305,869013.0479592208,2.266658074330061,10.0,14.0,20.0,0.15,3.0865,2056.0705
45,729534.2988713797,869011.2984446754,0,729533.3822929305,869013.0479592208,1.9750739728416986,10.0,14.0,20.0,0.4,3.2281,1693.5745
46,729533.2989676169,869014.1309920347,0,729533.3822929305,869013.0479592208,1.0862334849277755,9.0,14.0,20.0,0.2,2.5519,1693.5745
47,729532.882341049,869008.465897316,0,729533.3822929305,869013.0479592208,4.609256250578728,11.0,14.0,20.0,0.75,4.2957,1446.7905
48,729533.9655701255,869012.2981672727,0,729533.3822929305,869013.0479592208,0.9499474994294684,9.0,14.0,20.0,0.05,2.3359,2056.0705
49,729531.7991119727,869015.7138861472,0,729533.3822929305,869013.0479592208,3.1005851580347064,7.0,14.0,20.0,0.8,1.7753,1446.7905
50,729538.5484623717,869012.714718355,0,729533.3822929305,869013.0479592208,5.176906042197571,7.0,14.0,20.0,0.15,1.833,1278.0865
51,729531.6324613455,869012.9646490044,0,729533.3822929305,869013.0479592208,1.7518136795784327,11.0,14.0,20.0,0.05,4.5324,1278.0865
52,729533.5489435575,869012.9646490044,0,729533.3822929305,869013.0479592208,0.186314314144825,12.0,14.0,15.0,0.6,5.0308,2056.0705
53,729533.6322688712,869012.1315468398,0,729533.3822929305,869013.0479592208,0.9498945325398437,12.0,14.0,14.0,0.7143,4.8301,2912.1345
54,729533.2156423033,869013.2145796537,0,729533.3822929305,869013.0479592208,0.23565822748233628,7.0,14.0,20.0,0.45,1.8596,2912.1345
55,729536.1320282782,869010.5486527273,0,729533.3822929305,869013.0479592208,3.7158548721773075,11.0,14.0,20.0,0.95,4.287,1278.0865
56,729531.0491841505,869015.297335065,0,729533.3822929305,869013.0479592208,3.2408468441751803,8.0,14.0,20.0,0.1,2.0716,2056.0705
57,729533.2156423033,869011.5483753247,0,729533.3822929305,869013.0479592208,1.5088155265219862,11.0,14.0,20.0,0.2,4.102,1339.7825
58,729530.8825335234,869010.6319629437,0,729533.3822929305,869013.0479592208,3.4764687694002974,8.0,14.0,20.0,0.35,2.0841,2056.0705
59,729534.7154979475,869014.8807839827,0,729533.3822929305,869013.0479592208,2.2664249877565563,9.0,14.0,20.0,0.2,2.3338,1339.7825
60,729533.3822929305,869013.631130736,0,729533.3822929305,869013.0479592208,0.5831715151434764,9.0,14.0,20.0,0.15,2.3857,1446.7905
61,729533.0489916762,869014.547543117,0,729533.3822929305,869013.0479592208,1.5361775898866425,7.0,14.0,20.0,0.85,1.7231,1446.7905
62,729532.3823891677,869012.5480979221,0,729533.3822929305,869013.0479592208,1.117885885441649,8.0,14.0,20.0,0.25,2.0725,1278.0865
63,729535.9653776512,869011.7983059741,0,729533.3822929305,869013.0479592208,2.869487743675686,8.0,14.0,20.0,0.7,2.0336,1339.7825
64,729533.8822448119,869016.2970576624,0,729533.3822929305,869013.0479592208,3.2873382190828204,8.0,14.0,20.0,0.15,2.0215,1339.7825
65,729533.3822929305,869013.3812000866,0,729533.3822929305,869013.0479592208,0.3332408657297492,8.0,14.0,20.0,0.05,1.9973,1339.7825
66,729534.9654738883,869015.6305759308,0,729533.3822929305,869013.0479592208,3.0292525506997414,10.0,14.0,20.0,0.95,3.1596,1339.7825
67,729531.9657625998,869013.0479592208,0,729533.3822929305,869013.0479592208,1.4165303306654096,10.0,14.0,20.0,0.2,3.0783,1693.5745
68,729530.965858837,869011.7983059741,0,729533.3822929305,869013.0479592208,2.720438744989644,9.0,14.0,20.0,0.6,2.5383,1693.5745
69,729535.5487510832,869010.298722078,0,729533.3822929305,869013.0479592208,3.5002636750737866,10.0,14.0,20.0,0.35,2.9215,1446.7905
70,729534.048895439,869013.4645103031,0,729533.3822929305,869013.0479592208,0.7860494313367848,7.0,14.0,20.0,0.15,1.8621,1693.5745
71,729533.2156423033,869015.297335065,0,729533.3822929305,869013.0479592208,2.255540759937444,10.0,14.0,20.0,0.65,3.0544,1278.0865
72,729532.7156904219,869014.2143022511,0,729533.3822929305,869013.0479592208,1.3433968024420655,12.0,14.0,15.0,0.4667,5.146,1693.5745
73,729533.8822448119,869012.2981672727,0,729533.3822929305,869013.0479592208,0.90118802097269,11.0,14.0,20.0,0.3,4.2729,2912.1345
74,729533.0489916762,869013.8810613853,0,729533.3822929305,869013.0479592208,0.897300920830955,8.0,14.0,20.0,0.5,2.1322,2056.0705
75,729532.0490879134,869011.7149957576,0,729533.3822929305,869013.0479592208,1.8852658200232966,9.0,14.0,20.0,0.7,2.4173,1339.7825
76,729534.4655220069,869013.2978898701,0,729533.3822929305,869013.0479592208,1.111688158301816,11.0,14.0,20.0,0.25,4.2365,1446.7905
77,729536.548654846,869012.1315468398,0,729533.3822929305,869013.0479592208,3.2963099720972915,10.0,14.0,20.0,0.3,3.1026,2056.0705
78,729533.6322688712,869009.9654812121,0,729533.3822929305,869013.0479592208,3.0925973945906566,11.0,14.0,20.0,0.15,4.3244,1693.5745
79,729531.8824372862,869013.2145796537,0,729533.3822929305,869013.0479592208,1.5090822782055238,11.0,14.0,20.0,0.15,4.115,2056.0705
80,729532.5490397947,869014.8807839827,0,729533.3822929305,869013.0479592208,2.013344827891793,11.0,14.0,20.0,0.4,4.3019,2056.0705
81,729534.7154979475,869014.0476818183,0,729533.3822929305,869013.0479592208,1.6663975783785754,10.0,14.0,20.0,0.3,3.0882,2056.0705
82,729534.632172634,869012.9646490044,0,729533.3822929305,869013.0479592208,1.2526531305204416,11.0,14.0,20.0,0.4,4.1806,1693.5745
83,729533.465618244,869013.1312694373,0,729533.3822929305,869013.0479592208,0.11782911370000537,11.0,14.0,20.0,0.45,4.1892,2056.0705
84,729533.1323169897,869012.714718355,0,729533.3822929305,869013.0479592208,0.41657825872948384,11.0,14.0,20.0,0.6,4.4438,2056.0705
85,729533.5489435575,869012.0482366234,0,729533.3822929305,869013.0479592208,1.0135174903718158,7.0,14.0,20.0,0.4,1.8369,2056.0705
86,729533.0489916762,869011.2984446754,0,729533.3822929305,869013.0479592208,1.7809803117386769,11.0,14.0,20.0,0.6,4.1842,1278.0865
87,729533.7155941847,869012.714718355,0,729533.3822929305,869013.0479592208,0.4713164549646576,10.0,14.0,20.0,0.2,3.1837,2056.0705
88,729534.9654738883,869017.5467109091,0,729533.3822929305,869013.0479592208,4.769195812507819,9.0,14.0,20.0,0.65,2.2414,1693.5745
89,729530.2159310149,869013.631130736,0,729533.3822929305,869013.0479592208,3.2196174923318006,12.0,14.0,16.0,0.0625,5.3143,1446.7905
90,729533.0489916762,869013.1312694373,0,729533.3822929305,869013.0479592208,0.3435554078895761,12.0,14.0,16.0,0.125,5.3284,2912.1345
91,729532.9656663627,869008.0493462338,0,729533.3822929305,869013.0479592208,5.015945523106444,12.0,14.0,17.0,0.4706,5.8498,2912.1345
93,729531.9657625998,869013.7144409524,0,729533.3822929305,869013.0479592208,1.5654890853083208,8.0,14.0,20.0,0.95,2.2143,1278.0865
94,729535.3821004562,869013.9643716018,0,729533.3822929305,869013.0479592208,2.1997822146097543,12.0,14.0,14.0,0.7143,4.8273,1339.7825
95,729534.3821966933,869012.9646490044,0,729533.3822929305,869013.0479592208,1.003368390513969,8.0,14.0,20.0,0.2,1.9979,2912.1345
96,729530.8825335234,869012.2981672727,0,729533.3822929305,869013.0479592208,2.6097864010331047,10.0,14.0,20.0,0.7,3.1502,1339.7825
97,729532.9656663627,869014.0476818183,0,729533.3822929305,869013.0479592208,1.083061849029447,7.0,14.0,20.0,0.4,1.8361,1693.5745
98,729530.6325575827,869014.380922684,0,729533.3822929305,869013.0479592208,3.0557873088771412,12.0,14.0,17.0,0.7059,5.6889,1278.0865
99,729533.9655701255,869013.0479592208,0,729533.3822929305,869013.0479592208,0.5832771949935704,7.0,14.0,20.0,0.15,1.7829,2912.1345
100,729532.1324132269,869012.881338788,0,729533.3822929305,869013.0479592208,1.2609368113350212,8.0,14.0,20.0,0.9,1.9897,1278.0865
101,729533.465618244,869014.380922684,0,729533.3822929305,869013.0479592208,1.3355653117579172,9.0,14.0,20.0,0.75,2.4401,1339.7825
102,729533.3822929305,869012.6314081385,0,729533.3822929305,869013.0479592208,0.4165510822786018,11.0,14.0,20.0,0.65,4.1477,1446.7905
103,729534.8821485747,869012.2981672727,0,729533.3822929305,869013.0479592208,1.6768288281364365,9.0,14.0,20.0,0.4,2.3059,2056.0705
104,729533.7155941847,869011.8816161905,0,729533.3822929305,869013.0479592208,1.213031652657713,7.0,14.0,20.0,0.45,1.8164,1446.7905
105,729533.3822929305,869011.7149957576,0,729533.3822929305,869013.0479592208,1.3329634632682428,12.0,14.0,17.0,0.5294,5.8977,1278.0865
106,729536.7153054732,869014.2143022511,0,729533.3822929305,869013.0479592208,3.5311936613573303,10.0,14.0,20.0,0.2,3.3234,2912.1345
107,729536.7986307868,869011.7983059741,0,729533.3822929305,869013.0479592208,3.637718733710928,9.0,14.0,20.0,0.25,2.5908,1693.5745
108,729536.9652814139,869013.2145796537,0,729533.3822929305,869013.0479592208,3.5868605828187388,9.0,14.0,20.0,0.05,2.2442,1446.7905
109,729534.2988713797,869012.3814774893,0,729533.3822929305,869013.0479592208,1.1332757616963656,12.0,14.0,16.0,0.25,5.4018,1446.7905
110,729535.2987751425,869012.4647877057,0,729533.3822929305,869013.0479592208,2.0032456377267547,7.0,14.0,20.0,0.25,1.8376,2912.1369
111,729530.7158828962,869012.1315468398,0,729533.3822929305,869013.0479592208,2.8194953667263367,12.0,14.0,16.0,0.3125,5.4961,1278.0865
112,729532.5490397947,869011.6316855411,0,729533.3822929305,869013.0479592208,1.6432108580805642,8.0,14.0,20.0,0.25,1.9913,2912.1345
113,729530.2159310149,869013.0479592208,0,729533.3822929305,869013.0479592208,3.166361915646121,7.0,14.0,20.0,0.45,1.9051,1339.7825
114,729530.2159310149,869013.3812000866,0,729533.3822929305,869013.0479592208,3.1838494398206847,9.0,14.0,20.0,0.1,2.2487,1278.0865
115,729536.9652814139,869013.2978898701,0,729533.3822929305,869013.0479592208,3.5916948368964867,9.0,14.0,20.0,0.05,2.3674,1446.7905
116,729533.1323169897,869010.4653425108,0,729533.3822929305,869013.0479592208,2.5946863089174252,10.0,14.0,20.0,0.25,3.4283,1446.7905
117,729532.7990157355,869013.1312694373,0,729533.3822929305,869013.0479592208,0.5891968078338401,9.0,14.0,20.0,0.3,2.3195,1693.5745
118,729533.2989676169,869013.9643716018,0,729533.3822929305,869013.0479592208,0.9201927841076634,10.0,14.0,20.0,0.95,3.0535,1446.7905
119,729531.4658107184,869013.4645103031,0,729533.3822929305,869013.0479592208,1.9612289192213705,9.0,14.0,20.0,0.55,2.4451,1693.5745
120,729534.1322207525,869013.1312694373,0,729533.3822929305,869013.0479592208,0.7545411389870583,8.0,14.0,20.0,0.35,1.9312,1446.7905
121,729535.215449829,869014.7974737663,0,729533.3822929305,869013.0479592208,2.5340215782813793,9.0,14.0,20.0,0.75,2.2652,1339.7825
122,729535.3821004562,869011.7149957576,0,729533.3822929305,869013.0479592208,2.4033355433834784,10.0,14.0,20.0,0.05,3.0454,1446.7905
123,729535.1321245154,869011.2984446754,0,729533.3822929305,869013.0479592208,2.474411388605649,10.0,14.0,20.0,0.2,3.1789,1693.5745
124,729530.7992082098,869013.7144409524,0,729533.3822929305,869013.0479592208,2.6676814975916994,10.0,14.0,20.0,0.2,3.381,1693.5745
125,729534.2988713797,869017.2967802598,0,729533.3822929305,869013.0479592208,4.346561431160376,9.0,14.0,20.0,0.3,2.4689,1693.5745
126,729533.2989676169,869014.4642329004,0,729533.3822929305,869013.0479592208,1.4187227507077846,10.0,14.0,20.0,0.15,3.0449,1446.7905
127,729536.382004219,869013.5478205195,0,729533.3822929305,869013.0479592208,3.0410736808295593,11.0,14.0,20.0,0.45,4.287,1693.5745
128,729535.7154017104,869016.213747446,0,729533.3822929305,869013.0479592208,3.932634189068269,8.0,14.0,20.0,0.2,1.9784,2056.0705
129,729533.2989676169,869012.9646490044,0,729533.3822929305,869013.0479592208,0.1178291137823309,9.0,14.0,20.0,0.2,2.3934,1339.7825
130,729531.5491360319,869012.2981672727,0,729533.3822929305,869013.0479592208,1.9805686507724392,10.0,14.0,20.0,0.95,3.185,1446.7905
131,729533.7155941847,869015.4639554978,0,729533.3822929305,869013.0479592208,2.4388783767459707,8.0,14.0,20.0,0.45,1.9177,1693.5745
132,729533.5489435575,869012.3814774893,0,729533.3822929305,869013.0479592208,0.6870009679888852,9.0,14.0,20.0,0.25,2.4286,1339.7825
133,729532.299063854,869011.2151344588,0,729533.3822929305,869013.0479592208,2.128997848807492,8.0,14.0,20.0,0.9,1.9634,1446.7905
134,729535.8820523375,869012.714718355,0,729533.3822929305,869013.0479592208,2.521873622454637,11.0,14.0,20.0,0.45,4.3408,1339.7825
135,729532.6323651084,869013.8810613853,0,729533.3822929305,869013.0479592208,1.1209152308860828,9.0,14.0,20.0,0.3,2.3213,2056.0705
136,729532.882341049,869016.5469883117,0,729533.3822929305,869013.0479592208,3.534565951072198,10.0,14.0,20.0,0.6,3.2163,1446.7905
138,729534.1322207525,869015.5472657143,0,729533.3822929305,869013.0479592208,2.6093916314741104,10.0,14.0,20.0,0.1,3.1409,1278.0865
139,729536.0487029647,869013.3812000866,0,729533.3822929305,869013.0479592208,2.687153130160555,9.0,14.0,20.0,0.15,2.2949,1693.5745
140,729532.882341049,869013.4645103031,0,729533.3822929305,869013.0479592208,0.6507431812441985,10.0,14.0,20.0,0.4,3.1815,1446.7905
141,729533.2989676169,869012.6314081385,0,729533.3822929305,869013.0479592208,0.4248033804481603,7.0,14.0,20.0,0.75,1.7952,1693.5745
142,729533.2989676169,869015.8805065801,0,729533.3822929305,869013.0479592208,2.8337726885699253,7.0,14.0,20.0,0.95,1.8438,1278.0865
143,729533.0489916762,869014.0476818183,0,729533.3822929305,869013.0479592208,1.0538192434779792,7.0,14.0,20.0,0.1,1.9223,1278.0865
144,729532.6323651084,869013.4645103031,0,729533.3822929305,869013.0479592208,0.8578499534207299,10.0,14.0,20.0,0.5,3.2208,1278.0865
145,729533.2156423033,869013.0479592208,0,729533.3822929305,869013.0479592208,0.1666506271576509,9.0,14.0,20.0,0.6,2.4257,1693.5745
146,729532.6323651084,869013.3812000866,0,729533.3822929305,869013.0479592208,0.8206346404026499,10.0,14.0,20.0,0.85,3.1276,1446.7905
147,729529.5493285063,869013.631130736,0,729533.3822929305,869013.0479592208,3.8770743213089567,7.0,14.0,20.0,0.55,1.8213,1693.5745
148,729533.1323169897,869013.3812000866,0,729533.3822929305,869013.0479592208,0.41657825863635767,11.0,14.0,20.0,0.1,4.2239,1278.0865
149,729532.2157385405,869013.3812000866,0,729533.3822929305,869013.0479592208,1.2132182900824497,7.0,14.0,20.0,0.5,1.6572,2056.0705
150,729534.7988232612,869012.5480979221,0,729533.3822929305,869013.0479592208,1.502138307761353,12.0,14.0,18.0,0.6667,6.1773,1278.0865
151,729532.299063854,869009.8821709957,0,729533.3822929305,869013.0479592208,3.345982713416388,7.0,14.0,20.0,0.15,1.8646,2912.1345
152,729533.5489435575,869013.9643716018,0,729533.3822929305,869013.0479592208,0.9314419378170278,12.0,14.0,16.0,0.125,5.529,1278.0865
153,729533.7155941847,869012.1315468398,0,729533.3822929305,869013.0479592208,0.9751417220494945,9.0,14.0,20.0,0.25,2.4324,2912.1345
154,729532.2157385405,869012.3814774893,0,729533.3822929305,869013.0479592208,1.3435203918522036,10.0,14.0,20.0,0.7,3.1835,1446.7905
155,729532.7990157355,869011.2151344588,0,729533.3822929305,869013.0479592208,1.9233977473013686,9.0,14.0,20.0,0.4,2.4248,1693.5745
156,729534.1322207525,869012.2148570563,0,729533.3822929305,869013.0479592208,1.120915230894721,10.0,14.0,20.0,0.65,3.0912,1446.7905
157,729534.7154979475,869013.2145796537,0,729533.3822929305,869013.0479592208,1.343576565022519,12.0,14.0,17.0,0.3529,5.8242,1693.5745
158,729535.7154017104,869014.2143022511,0,729533.3822929305,869013.0479592208,2.608400399277077,7.0,14.0,20.0,0.2,1.7269,2912.1345
159,729533.9655701255,869013.2978898701,0,729533.3822929305,869013.0479592208,0.6345688423313451,7.0,14.0,20.0,0.2,1.8125,1278.0865
160,729538.6317876853,869014.1309920347,0,729533.3822929305,869013.0479592208,5.360051796095664,7.0,14.0,20.0,0.9,1.7901,1278.0865
162,729532.9656663627,869014.9640941991,0,729533.3822929305,869013.0479592208,1.9609056458875023,7.0,14.0,20.0,0.75,1.9262,1693.5745
163,729533.465618244,869013.3812000866,0,729533.3822929305,869013.0479592208,0.3435004839379735,9.0,14.0,20.0,0.3,2.243,1278.0865
164,729533.7989194983,869016.3803678788,0,729533.3822929305,869013.0479592208,3.3583515540981312,9.0,14.0,20.0,0.75,2.3132,1446.7905
165,729532.9656663627,869012.7980285714,0,729533.3822929305,869013.0479592208,0.48584259441006766,7.0,14.0,20.0,0.1,1.8418,1446.7905
166,729533.8822448119,869012.714718355,0,729533.3822929305,869013.0479592208,0.6008338858135771,11.0,14.0,20.0,0.95,4.3013,1278.0865
167,729531.9657625998,869014.4642329004,0,729533.3822929305,869013.0479592208,2.0030949336409916,10.0,14.0,20.0,0.45,3.188,2056.0705
168,729536.2153535918,869013.5478205195,0,729533.3822929305,869013.0479592208,2.8768201245001928,11.0,14.0,20.0,0.25,4.2814,1693.5745
169,729533.2156423033,869015.297335065,0,729533.3822929305,869013.0479592208,2.255540759937444,12.0,14.0,17.0,0.1765,5.7144,2056.0705
170,729532.299063854,869014.2143022511,0,729533.3822929305,869013.0479592208,1.5917730040434372,7.0,14.0,20.0,0.05,1.8998,2912.1345
171,729535.2987751425,869010.9652038096,0,729533.3822929305,869013.0479592208,2.8303311064605974,11.0,14.0,20.0,0.3,4.2356,1278.0865
172,729531.5491360319,869015.3806452814,0,729533.3822929305,869013.0479592208,2.966797679678484,10.0,14.0,20.0,0.1,3.1892,2056.0705
173,729533.5489435575,869017.1301598268,0,729533.3822929305,869013.0479592208,4.085600839430523,12.0,14.0,16.0,0.5,5.4022,1693.5745
174,729537.0486067275,869010.8818935931,0,729533.3822929305,869013.0479592208,4.2583678988122395,10.0,14.0,20.0,0.25,3.1454,2912.1345
175,729533.2989676169,869012.2148570563,0,729533.3822929305,869013.0479592208,0.8372588157091019,11.0,14.0,20.0,0.15,4.2853,1693.5745
176,729533.9655701255,869012.6314081385,0,729533.3822929305,869013.0479592208,0.7167475778452566,12.0,14.0,17.0,0.4706,5.834,2056.0705
177,729538.1318358039,869012.1315468398,0,729533.3822929305,869013.0479592208,4.837144731951604,8.0,14.0,20.0,0.2,2.0312,2912.1345
178,729533.465618244,869012.714718355,0,729533.3822929305,869013.0479592208,0.3435004840509117,12.0,14.0,17.0,0.1765,5.7118,1339.7825
179,729533.3822929305,869015.297335065,0,729533.3822929305,869013.0479592208,2.2493758441414684,10.0,14.0,20.0,0.4,3.2786,2912.1345
180,729533.9655701255,869012.9646490044,0,729533.3822929305,869013.0479592208,0.5891968078338401,7.0,14.0,20.0,0.1,1.8589,1693.5745
181,729534.7988232612,869011.5483753247,0,729533.3822929305,869013.0479592208,2.0628402844711062,7.0,14.0,20.0,0.95,1.8646,1278.0865
182,729533.8822448119,869014.380922684,0,729533.3822929305,869013.0479592208,1.4236374109195271,7.0,14.0,20.0,0.3,1.7525,1278.0865
183,729532.299063854,869010.6319629437,0,729533.3822929305,869013.0479592208,2.647720386138526,12.0,14.0,14.0,0.2857,4.7056,1278.0865
184,729533.9655701255,869012.3814774893,0,729533.3822929305,869013.0479592208,0.8856693427707634,12.0,14.0,17.0,0.1176,5.9652,2912.1345
185,729533.2156423033,869011.4650651083,0,729533.3822929305,869013.0479592208,1.5916426116206908,8.0,14.0,20.0,0.3,2.1617,2912.1345
186,729537.7985345497,869014.7141635498,0,729533.3822929305,869013.0479592208,4.720108781025976,7.0,14.0,20.0,0.75,1.7447,1339.7825
187,729533.2156423033,869013.1312694373,0,729533.3822929305,869013.0479592208,0.1863143142489538,11.0,14.0,20.0,0.15,4.2839,1278.0865
188,729532.4657144812,869012.881338788,0,729533.3822929305,869013.0479592208,0.9315999261407951,8.0,14.0,20.0,0.75,2.0109,2056.0705
189,729533.6322688712,869014.1309920347,0,729533.3822929305,869013.0479592208,1.1115071060517854,12.0,14.0,16.0,1.125,5.1863,1339.7825
190,729534.2155460662,869013.2978898701,0,729533.3822929305,869013.0479592208,0.8699288002849016,12.0,14.0,16.0,0.375,5.5506,2912.1345
191,729533.465618244,869012.9646490044,0,729533.3822929305,869013.0479592208,0.11782911370000537,10.0,14.0,20.0,0.4,3.0835,2912.1345
192,729534.632172634,869012.3814774893,0,729533.3822929305,869013.0479592208,1.4164734984337233,8.0,14.0,20.0,0.6,1.9713,1693.5745
193,729531.3824854048,869012.714718355,0,729533.3822929305,869013.0479592208,2.027382453892751,7.0,14.0,20.0,0.6,1.9045,1339.7825
194,729530.6325575827,869013.5478205195,0,729533.3822929305,869013.0479592208,2.7947997783286684,7.0,14.0,20.0,0.2,1.7739,1278.0865
195,729531.5491360319,869012.881338788,0,729533.3822929305,869013.0479592208,1.840713607163783,11.0,14.0,20.0,0.2,4.3296,1278.0865
196,729532.299063854,869014.2143022511,0,729533.3822929305,869013.0479592208,1.5917730040434372,10.0,14.0,20.0,0.35,3.1631,2056.0705
197,729533.0489916762,869012.4647877057,0,729533.3822929305,869013.0479592208,0.6716984012210327,10.0,14.0,20.0,0.3,3.2009,1693.5745
198,729533.2989676169,869013.1312694373,0,729533.3822929305,869013.0479592208,0.1178291137823309,8.0,14.0,20.0,0.75,1.8872,1693.5745
199,729532.6323651084,869013.3812000866,0,729533.3822929305,869013.0479592208,0.8206346404026499,12.0,14.0,15.0,1.1333,5.1543,1339.7825
200,729533.3822929305,869011.1318242424,0,729533.3822929305,869013.0479592208,1.9161349784117192,12.0,14.0,15.0,0.2,5.0969,2912.1345
201,729532.0490879134,869011.048514026,0,729533.3822929305,869013.0479592208,2.403168055905669,7.0,14.0,20.0,0.15,1.9664,2912.1345
202,729535.4654257697,869011.048514026,0,729533.3822929305,869013.0479592208,2.8874250661885306,7.0,14.0,20.0,0.2,1.9498,1278.0865
203,729534.632172634,869013.0479592208,0,729533.3822929305,869013.0479592208,1.2498797035077587,8.0,14.0,20.0,0.1,1.9061,1278.0865
204,729533.8822448119,869012.3814774893,0,729533.3822929305,869013.0479592208,0.8331565172261269,9.0,14.0,20.0,0.7,2.3708,1339.7825
205,729534.7988232612,869017.2134700433,0,729533.3822929305,869013.0479592208,4.399777106801313,7.0,14.0,20.0,0.6,1.7949,1446.7905
206,729534.3821966933,869012.881338788,0,729533.3822929305,869013.0479592208,1.013691226936808,10.0,14.0,20.0,0.05,3.1117,1278.0865
207,729532.6323651084,869011.964926407,0,729533.3822929305,869013.0479592208,1.3173275273530511,12.0,14.0,17.0,0.6471,5.682,1693.5745
208,729533.0489916762,869013.7977511688,0,729533.3822929305,869013.0479592208,0.8205350031694634,8.0,14.0,20.0,0.35,2.1007,2912.1345
209,729535.5487510832,869010.298722078,0,729533.3822929305,869013.0479592208,3.5002636750737866,8.0,14.0,20.0,0.6,2.0642,1339.7835
210,729532.5490397947,869014.380922684,0,729533.3822929305,869013.0479592208,1.5719740399887883,11.0,14.0,20.0,0.2,4.4252,1339.7825
211,729533.3822929305,869013.0479592208,0,729533.3822929305,869013.0479592208,0.0,7.0,14.0,20.0,0.2,1.8136,2056.0705
212,729533.2156423033,869013.5478205195,0,729533.3822929305,869013.0479592208,0.5269096217389896,12.0,14.0,17.0,1.1176,5.75,1278.0865
213,729533.465618244,869016.047127013,0,729533.3822929305,869013.0479592208,3.000325074611438,7.0,14.0,20.0,0.55,1.9104,2912.1345
214,729533.2156423033,869014.380922684,0,729533.3822929305,869013.0479592208,1.3433406215959345,10.0,14.0,20.0,0.1,3.2948,1278.0865
215,729532.882341049,869015.1307146321,0,729533.3822929305,869013.0479592208,2.1419201635425815,9.0,14.0,20.0,0.5,2.4595,1693.5745
216,729533.5489435575,869014.2143022511,0,729533.3822929305,869013.0479592208,1.178188650340933,10.0,14.0,20.0,0.15,3.1025,1446.7905
217,729532.9656663627,869012.2981672727,0,729533.3822929305,869013.0479592208,0.8577678371794261,9.0,14.0,20.0,0.45,2.2823,1693.5745
218,729532.4657144812,869015.4639554978,0,729533.3822929305,869013.0479592208,2.5840189752101215,11.0,14.0,20.0,0.8,4.2302,1446.7905
219,729532.6323651084,869015.297335065,0,729533.3822929305,869013.0479592208,2.3710932977518233,10.0,14.0,20.0,0.15,3.1298,2056.0705
220,729533.3822929305,869011.2984446754,0,729533.3822929305,869013.0479592208,1.7495145454304293,12.0,14.0,16.0,0.3125,5.3254,1693.5745
221,729533.6322688712,869013.7144409524,0,729533.3822929305,869013.0479592208,0.7118187054597636,12.0,14.0,16.0,0.375,5.3809,2912.1345
222,729533.5489435575,869013.2145796537,0,729533.3822929305,869013.0479592208,0.23565822740001074,10.0,14.0,20.0,0.2,3.1948,2912.1374
223,729535.3821004562,869014.7974737663,0,729533.3822929305,869013.0479592208,2.657071938121912,7.0,14.0,20.0,0.6,1.906,1693.5745
224,729533.2156423033,869016.5469883117,0,729533.3822929305,869013.0479592208,3.5029954339425857,10.0,14.0,20.0,0.35,2.9599,1278.0865
226,729534.3821966933,869013.7144409524,0,729533.3822929305,869013.0479592208,1.2016677716594555,11.0,14.0,20.0,0.55,4.2981,1278.0865
227,729534.7154979475,869011.2151344588,0,729533.3822929305,869013.0479592208,2.2664249878506997,9.0,14.0,20.0,0.35,2.3827,2056.0705
228,729531.715786659,869012.4647877057,0,729533.3822929305,869013.0479592208,1.765596830788547,10.0,14.0,20.0,0.2,3.1204,1446.7905
229,729532.6323651084,869010.0487914286,0,729533.3822929305,869013.0479592208,3.09150435623235,12.0,14.0,15.0,0.2667,5.0603,1693.5745
231,729533.6322688712,869012.714718355,0,729533.3822929305,869013.0479592208,0.41657825865962655,11.0,14.0,20.0,0.25,4.2129,2912.1345
232,729533.7155941847,869012.714718355,0,729533.3822929305,869013.0479592208,0.4713164549646576,7.0,14.0,20.0,0.7,1.9634,2056.0705
233,729532.9656663627,869011.7983059741,0,729533.3822929305,869013.0479592208,1.3172740542738444,9.0,14.0,20.0,0.95,2.3542,1278.0865
234,729532.299063854,869013.0479592208,0,729533.3822929305,869013.0479592208,1.083229076466523,10.0,14.0,20.0,0.6,2.9705,1446.7905
235,729532.7990157355,869014.8807839827,0,729533.3822929305,869013.0479592208,1.9233977471904353,10.0,14.0,20.0,0.55,3.0356,1693.5745
236,729533.5489435575,869012.6314081385,0,729533.3822929305,869013.0479592208,0.44865046042627826,8.0,14.0,20.0,0.3,1.9069,1693.5745
237,729532.7990157355,869014.0476818183,0,729533.3822929305,869013.0479592208,1.157435768410461,12.0,14.0,17.0,1.1176,6.0398,1339.7825
238,729538.6317876853,869011.6316855411,0,729533.3822929305,869013.0479592208,5.437189192657879,10.0,14.0,20.0,0.15,3.2616,2912.1345
239,729531.4658107184,869011.7983059741,0,729533.3822929305,869013.0479592208,2.2879111229414186,11.0,14.0,20.0,0.05,4.18,1693.5745
240,729533.465618244,869010.7985833767,0,729533.3822929305,869013.0479592208,2.2509186560336767,12.0,14.0,16.0,0.25,5.541,2056.0705
241,729533.2989676169,869014.1309920347,0,729533.3822929305,869013.0479592208,1.0862334849277755,12.0,14.0,16.0,0.1875,5.5672,2912.1345
242,729533.1323169897,869013.8810613853,0,729533.3822929305,869013.0479592208,0.8697972104876595,10.0,14.0,20.0,0.3,3.1418,2912.1365
243,729534.632172634,869015.297335065,0,729533.3822929305,869013.0479592208,2.5733035113347564,10.0,14.0,20.0,0.8,3.1817,1693.5745
244,729533.5489435575,869014.380922684,0,729533.3822929305,869013.0479592208,1.3433406215814925,8.0,14.0,20.0,0.3,1.9309,1693.5765
245,729535.7154017104,869012.9646490044,0,729533.3822929305,869013.0479592208,2.3345957189226323,8.0,14.0,20.0,0.55,2.0202,1339.7825
246,729531.3824854048,869013.7977511688,0,729533.3822929305,869013.0479592208,2.1357476688458426,8.0,14.0,20.0,0.25,1.9986,1339.7825
247,729533.0489916762,869013.8810613853,0,729533.3822929305,869013.0479592208,0.897300920830955,10.0,14.0,20.0,0.3,3.1294,1339.7825
248,729532.882341049,869014.2976124675,0,729533.3822929305,869013.0479592208,1.3459513813004755,9.0,14.0,20.0,0.7,2.5312,1693.5745
249,729533.8822448119,869013.3812000866,0,729533.3822929305,869013.0479592208,0.6008338857490096,9.0,14.0,20.0,0.5,2.357,1446.7905
250,729534.8821485747,869013.8810613853,0,729533.3822929305,869013.0479592208,1.7156999066831615,11.0,14.0,20.0,0.8,4.1307,1446.7905
251,729535.0487992018,869012.2148570563,0,729533.3822929305,869013.0479592208,1.8631431423853906,10.0,14.0,20.0,0.35,3.1522,2056.0705
252,729533.7155941847,869013.0479592208,0,729533.3822929305,869013.0479592208,0.33330125419888645,8.0,14.0,20.0,0.25,1.9969,1693.5745
253,729531.3824854048,869012.881338788,0,729533.3822929305,869013.0479592208,2.006736781027938,9.0,14.0,20.0,0.95,2.2804,1339.7825
254,729529.6326538199,869012.2981672727,0,729533.3822929305,869013.0479592208,3.8238699540532948,10.0,14.0,20.0,0.3,3.0245,1446.7905
255,729530.7158828962,869013.3812000866,0,729533.3822929305,869013.0479592208,2.6871531302760716,12.0,14.0,15.0,0.2667,5.0425,1693.5745
256,729537.2152573547,869015.2140248485,0,729533.3822929305,869013.0479592208,4.402664713604829,12.0,14.0,16.0,0.0625,5.3521,2912.1345
257,729533.465618244,869014.7974737663,0,729533.3822929305,869013.0479592208,1.7514977169685237,12.0,14.0,16.0,0.0625,5.3741,2912.1345
258,729534.7988232612,869013.3812000866,0,729533.3822929305,869013.0479592208,1.4552002103790969,8.0,14.0,20.0,0.25,2.0793,2912.1345
259,729531.3824854048,869013.7977511688,0,729533.3822929305,869013.0479592208,2.1357476688458426,11.0,14.0,20.0,0.65,4.3119,1339.7825
260,729531.6324613455,869012.1315468398,0,729533.3822929305,869013.0479592208,1.9752777596650075,9.0,14.0,20.0,0.3,2.5059,2056.0705
261,729533.2156423033,869012.2148570563,0,729533.3822929305,869013.0479592208,0.8496067608734857,9.0,14.0,20.0,0.3,2.3034,1446.7905
262,729531.0491841505,869012.4647877057,0,729533.3822929305,869013.0479592208,2.4048878550293815,7.0,14.0,20.0,0.85,1.949,1446.7905
263,729534.7988232612,869013.7144409524,0,729533.3822929305,869013.0479592208,1.5654890853083208,8.0,14.0,20.0,0.45,1.9111,1278.0865
264,729532.9656663627,869012.9646490044,0,729533.3822929305,869013.0479592208,0.4248744393214984,12.0,14.0,18.0,0.6111,6.0733,1339.7825
265,729533.1323169897,869012.881338788,0,729533.3822929305,869013.0479592208,0.3004169429713736,7.0,14.0,20.0,0.65,1.7409,2912.1345
266,729533.1323169897,869013.9643716018,0,729533.3822929305,869013.0479592208,0.9498945325704797,11.0,14.0,20.0,0.95,4.2585,1278.0865
267,729531.7991119727,869014.6308533334,0,729533.3822929305,869013.0479592208,2.238753161205638,7.0,14.0,20.0,0.45,1.8391,2056.0705
268,729534.9654738883,869013.9643716018,0,729533.3822929305,869013.0479592208,1.8292822628683214,10.0,14.0,20.0,0.4,3.0225,1278.0865
269,729533.7155941847,869011.3817548918,0,729533.3822929305,869013.0479592208,1.6992135216099826,9.0,14.0,20.0,0.5,2.4376,1693.5745
270,729532.299063854,869009.6322403464,0,729533.3822929305,869013.0479592208,3.583367223887203,12.0,14.0,15.0,0.5333,5.2247,1446.7905
271,729532.9656663627,869009.8821709957,0,729533.3822929305,869013.0479592208,3.193085151292636,12.0,14.0,15.0,0.1333,4.9524,2912.1345
272,729533.7989194983,869011.964926407,0,729533.3822929305,869013.0479592208,1.1604041420610183,7.0,14.0,20.0,0.1,1.9102,2912.1345
273,729533.7155941847,869011.4650651083,0,729533.3822929305,869013.0479592208,1.617604246299213,7.0,14.0,20.0,0.8,1.846,1278.0865
274,729534.9654738883,869011.7149957576,0,729533.3822929305,869013.0479592208,2.069602266045728,12.0,14.0,16.0,0.375,5.59,1278.0865
275,729533.7989194983,869010.5486527273,0,729533.3822929305,869013.0479592208,2.5337937259678234,8.0,14.0,20.0,0.15,2.1417,2912.1345
276,729529.0493766249,869013.1312694373,0,729533.3822929305,869013.0479592208,4.333717146259619,8.0,14.0,20.0,0.25,2.0385,1339.7825
277,729533.5489435575,869012.6314081385,0,729533.3822929305,869013.0479592208,0.44865046042627826,7.0,14.0,20.0,0.15,1.6986,1339.7825
278,729533.2989676169,869011.6316855411,0,729533.3822929305,869013.0479592208,1.418722750823999,10.0,14.0,20.0,1.0,3.1679,1278.0865
279,729533.0489916762,869013.2978898701,0,729533.3822929305,869013.0479592208,0.4165993946062925,7.0,14.0,20.0,0.4,1.9132,1693.5745
280,729533.6322688712,869011.7149957576,0,729533.3822929305,869013.0479592208,1.3562004148819795,10.0,14.0,20.0,1.0,3.2393,1278.0865
281,729533.0489916762,869011.6316855411,0,729533.3822929305,869013.0479592208,1.4549642132853502,7.0,14.0,20.0,0.55,1.8924,1693.5745
282,729532.882341049,869012.881338788,0,729533.3822929305,869013.0479592208,0.5269860078184463,11.0,14.0,20.0,0.35,4.1487,1278.0865
283,729534.4655220069,869012.2981672727,0,729533.3822929305,869013.0479592208,1.3174115519924061,11.0,14.0,20.0,0.45,4.3446,2056.0705
284,729533.5489435575,869012.881338788,0,729533.3822929305,869013.0479592208,0.23565822740001074,7.0,14.0,20.0,0.3,1.8466,2056.0705
285,729530.8825335234,869011.7983059741,0,729533.3822929305,869013.0479592208,2.7947147136301593,8.0,14.0,20.0,0.95,2.0953,1278.0865
286,729533.9655701255,869010.298722078,0,729533.3822929305,869013.0479592208,2.810430065637533,10.0,14.0,20.0,0.25,3.0563,1339.7825
287,729534.7988232612,869013.3812000866,0,729533.3822929305,869013.0479592208,1.4552002103790969,11.0,14.0,20.0,0.2,4.248,1693.5745
288,729534.5488473204,869013.7977511688,0,729533.3822929305,869013.0479592208,1.3867361356165846,10.0,14.0,20.0,0.25,3.1467,2056.0705
289,729536.7153054732,869012.714718355,0,729533.3822929305,869013.0479592208,3.3496301414307132,9.0,14.0,20.0,0.5,2.2604,1693.5745
290,729532.7990157355,869012.714718355,0,729533.3822929305,869013.0479592208,0.6717601959549769,12.0,14.0,15.0,0.2,5.4774,1446.7905
291,729533.5489435575,869016.1304372294,0,729533.3822929305,869013.0479592208,3.086979608757802,8.0,14.0,20.0,0.35,2.0247,2912.1345
292,729533.2156423033,869011.6316855411,0,729533.3822929305,869013.0479592208,1.4260447283815971,8.0,14.0,20.0,0.2,2.0736,1339.7825
293,729530.382581642,869011.2984446754,0,729533.3822929305,869013.0479592208,3.4726170187565746,9.0,14.0,20.0,0.5,2.3708,1339.7825
294,729532.5490397947,869014.2976124675,0,729533.3822929305,869013.0479592208,1.5019800349329788,8.0,14.0,20.0,0.05,1.9541,1446.7905
295,729533.0489916762,869012.7980285714,0,729533.3822929305,869013.0479592208,0.41659939467613355,12.0,14.0,17.0,0.8235,5.7357,1339.7825
296,729534.1322207525,869012.5480979221,0,729533.3822929305,869013.0479592208,0.9012508286880819,11.0,14.0,20.0,0.4,4.2824,2912.1345
297,729535.215449829,869013.4645103031,0,729533.3822929305,869013.0479592208,1.8798880335462764,12.0,14.0,14.0,0.7143,4.9279,2056.0705
298,729533.465618244,869014.9640941991,0,729533.3822929305,869013.0479592208,1.9179458706960564,9.0,14.0,20.0,0.05,2.3082,2912.1345
299,729533.2989676169,869015.4639554978,0,729533.3822929305,869013.0479592208,2.4174327536461524,12.0,14.0,15.0,0.4,5.0031,1446.7905
300,729532.7156904219,869013.7144409524,0,729533.3822929305,869013.0479592208,0.9426329100116557,12.0,14.0,15.0,0.2,5.2355,2912.1345
301,729533.2989676169,869014.0476818183,0,729533.3822929305,869013.0479592208,1.003189104650293,11.0,14.0,20.0,0.2,4.4054,2912.1345
302,729531.5491360319,869015.2140248485,0,729533.3822929305,869013.0479592208,2.837658280782298,11.0,14.0,20.0,0.4,4.3114,2056.0705
303,729532.0490879134,869014.8807839827,0,729533.3822929305,869013.0479592208,2.266424987825037,12.0,14.0,17.0,0.1176,5.8953,2056.0705
304,729533.6322688712,869015.2140248485,0,729533.3822929305,869013.0479592208,2.1804422199316598,12.0,14.0,16.0,0.1875,5.4289,2912.1345
305,729531.2158347777,869013.1312694373,0,729533.3822929305,869013.0479592208,2.1680593903460457,9.0,14.0,20.0,0.25,2.4507,2912.1345
306,729534.9654738883,869013.9643716018,0,729533.3822929305,869013.0479592208,1.8292822628683214,10.0,14.0,20.0,0.45,3.3451,1446.7905
307,729534.5488473204,869009.5489301299,0,729533.3822929305,869013.0479592208,3.6883673520992875,12.0,14.0,15.0,0.4,5.0715,1693.5745
308,729532.1324132269,869013.4645103031,0,729533.3822929305,869013.0479592208,1.3174650195277018,10.0,14.0,20.0,0.05,3.5266,2912.1345
309,729530.7992082098,869012.9646490044,0,729533.3822929305,869013.0479592208,2.5844278411731065,8.0,14.0,20.0,0.5,2.0743,1693.5745
310,729533.7155941847,869015.0474044156,0,729533.3822929305,869013.0479592208,2.027034980647943,9.0,14.0,20.0,0.2,2.2304,1339.7825
311,729533.3822929305,869009.8821709957,0,729533.3822929305,869013.0479592208,3.1657882251311094,11.0,14.0,20.0,0.4,4.2275,1446.7905
312,729533.7155941847,869010.8818935931,0,729533.3822929305,869013.0479592208,2.1915588127159786,10.0,14.0,20.0,0.1,3.2931,2056.0705
313,729531.7991119727,869013.1312694373,0,729533.3822929305,869013.0479592208,1.5853714193764068,10.0,14.0,20.0,0.4,3.1559,1693.5745
314,729532.7156904219,869011.1318242424,0,729533.3822929305,869013.0479592208,2.028776025096288,8.0,14.0,20.0,0.3,1.9378,1693.5745
315,729531.7991119727,869012.714718355,0,729533.3822929305,869013.0479592208,1.6178724980304984,8.0,14.0,20.0,0.4,2.0202,1339.7825
316,729531.715786659,869012.881338788,0,729533.3822929305,869013.0479592208,1.6748150708254035,12.0,14.0,16.0,0.5625,5.407,1339.7825
317,729532.9656663627,869012.9646490044,0,729533.3822929305,869013.0479592208,0.4248744393214984,12.0,14.0,16.0,0.0625,5.2532,2912.1345
318,729536.2986789054,869013.1312694373,0,729533.3822929305,869013.0479592208,2.9175756625102607,8.0,14.0,20.0,0.45,2.1082,2912.1345
319,729534.632172634,869012.714718355,0,729533.3822929305,869013.0479592208,1.293541165912606,8.0,14.0,20.0,0.3,1.9579,1339.7825
320,729532.299063854,869013.1312694373,0,729533.3822929305,869013.0479592208,1.0864280115426592,9.0,14.0,20.0,0.55,2.4304,1339.7825
321,729532.882341049,869012.881338788,0,729533.3822929305,869013.0479592208,0.5269860078184463,7.0,14.0,20.0,0.45,1.8438,1446.7905
322,729533.2156423033,869013.8810613853,0,729533.3822929305,869013.0479592208,0.8496067607593318,10.0,14.0,20.0,0.75,3.1216,1278.0865
323,729532.9656663627,869013.631130736,0,729533.3822929305,869013.0479592208,0.7167054577031461,8.0,14.0,20.0,0.65,1.9127,1693.5745
324,729533.7155941847,869013.7977511688,0,729533.3822929305,869013.0479592208,0.8205350031221754,11.0,14.0,20.0,0.7,4.4304,1339.7825
325,729532.3823891677,869010.3820322944,0,729533.3822929305,869013.0479592208,2.8472748219889374,10.0,14.0,20.0,0.45,3.2185,2056.0705
326,729532.1324132269,869013.2978898701,0,729533.3822929305,869013.0479592208,1.2746233180786506,8.0,14.0,20.0,0.35,1.9378,1693.5745
327,729532.0490879134,869013.1312694373,0,729533.3822929305,869013.0479592208,1.335805453612937,8.0,14.0,20.0,0.45,1.9741,1339.7825
328,729537.5485586089,869013.3812000866,0,729533.3822929305,869013.0479592208,4.179571649973968,9.0,14.0,20.0,0.7,2.4198,1339.7825
329,729533.5489435575,869010.298722078,0,729533.3822929305,869013.0479592208,2.7542834456774883,7.0,14.0,20.0,0.15,1.8015,1446.7905
330,729534.048895439,869012.2981672727,0,729533.3822929305,869013.0479592208,1.0032680946936072,7.0,14.0,20.0,0.1,1.7803,1278.0865
331,729534.2988713797,869012.3814774893,0,729533.3822929305,869013.0479592208,1.1332757616963656,9.0,14.0,20.0,0.7,2.4418,1278.0865
332,729534.2988713797,869013.1312694373,0,729533.3822929305,869013.0479592208,0.920356803465954,11.0,14.0,20.0,0.8,4.369,1446.792
333,729528.8827259977,869013.2978898701,0,729533.3822929305,869013.0479592208,4.506502847233495,7.0,14.0,20.0,0.6,1.823,2056.0705
334,729532.5490397947,869015.2140248485,0,729533.3822929305,869013.0479592208,2.320808284163834,11.0,14.0,20.0,0.15,4.2789,1278.0865
335,729532.3823891677,869012.1315468398,0,729533.3822929305,869013.0479592208,1.356325619809519,10.0,14.0,20.0,0.2,3.046,2056.0705
336,729532.882341049,869013.9643716018,0,729533.3822929305,869013.0479592208,1.0439173989446906,10.0,14.0,20.0,0.55,3.4536,1693.5756
337,729533.1323169897,869013.631130736,0,729533.3822929305,869013.0479592208,0.6344895484174072,7.0,14.0,20.0,0.65,1.7545,1693.5745
338,729532.2157385405,869013.7144409524,0,729533.3822929305,869013.0479592208,1.3435203918522036,7.0,14.0,20.0,0.85,1.7996,1278.0865
339,729530.965858837,869010.6319629437,0,729533.3822929305,869013.0479592208,3.417044298699615,10.0,14.0,20.0,0.5,3.1142,1278.0865
340,729531.8824372862,869012.7980285714,0,729533.3822929305,869013.0479592208,1.5205368404817632,12.0,14.0,15.0,0.4,5.263,1693.5745
341,729533.8822448119,869012.5480979221,0,729533.3822929305,869013.0479592208,0.7069746824469939,10.0,14.0,20.0,0.05,3.284,2912.1345
342,729534.5488473204,869012.4647877057,0,729533.3822929305,869013.0479592208,1.304200199586474,7.0,14.0,20.0,0.8,1.8878,1693.5745
343,729531.6324613455,869014.7141635498,0,729533.3822929305,869013.0479592208,2.4162258672913337,10.0,14.0,20.0,0.65,3.2436,1278.0865
344,729534.2988713797,869013.9643716018,0,729533.3822929305,869013.0479592208,1.2961202511939824,7.0,14.0,20.0,0.25,1.7259,1693.5745
345,729534.632172634,869013.1312694373,0,729533.3822929305,869013.0479592208,1.2526531305204416,12.0,14.0,18.0,0.8889,6.0599,1278.0865
346,729532.5490397947,869011.8816161905,0,729533.3822929305,869013.0479592208,1.4334109154739652,9.0,14.0,20.0,0.2,2.284,2912.1374
347,729533.1323169897,869014.2976124675,0,729533.3822929305,869013.0479592208,1.2744101412074924,8.0,14.0,20.0,0.5,2.0845,1446.7905
348,729537.2152573547,869014.6308533334,0,729533.3822929305,869013.0479592208,4.146947075677873,7.0,14.0,20.0,0.75,1.9251,1339.7825
349,729535.6320763968,869015.1307146321,0,729533.3822929305,869013.0479592208,3.065843399230688,11.0,14.0,20.0,0.05,4.3832,1278.0865
350,729532.9656663627,869012.7980285714,0,729533.3822929305,869013.0479592208,0.48584259441006766,7.0,14.0,20.0,0.3,1.7819,2056.0705
351,729533.6322688712,869014.380922684,0,729533.3822929305,869013.0479592208,1.3562004147675588,10.0,14.0,20.0,1.0,3.0179,1278.0865
352,729534.8821485747,869013.3812000866,0,729533.3822929305,869013.0479592208,1.5364297666958278,11.0,14.0,20.0,0.65,4.3174,1693.5745
353,729533.9655701255,869013.7977511688,0,729533.3822929305,869013.0479592208,0.949947499337582,11.0,14.0,20.0,0.4,4.3015,2056.0705
354,729535.798727024,869017.2134700433,0,729533.3822929305,869013.0479592208,4.815665492955506,8.0,14.0,20.0,0.4,1.9558,2056.0705
355,729533.3822929305,869011.4650651083,0,729533.3822929305,869013.0479592208,1.5828941125655547,7.0,14.0,20.0,0.1,1.8687,1339.7825
356,729533.0489916762,869013.631130736,0,729533.3822929305,869013.0479592208,0.6716984012210327,9.0,14.0,20.0,0.6,2.3591,1278.0865
357,729533.2989676169,869013.2145796537,0,729533.3822929305,869013.0479592208,0.18629405932768797,11.0,14.0,20.0,0.85,4.0553,1446.7905
358,729541.4648483467,869014.0476818183,0,729533.3822929305,869013.0479592208,8.144148041817372,11.0,14.0,20.0,0.55,4.4349,2056.0705
359,729533.3822929305,869013.7144409524,0,729533.3822929305,869013.0479592208,0.6664817315759137,9.0,14.0,20.0,0.05,2.2837,2056.0705
360,729537.2985826682,869012.6314081385,0,729533.3822929305,869013.0479592208,3.9383803921932703,11.0,14.0,20.0,0.8,4.2883,1446.7905
361,729533.5489435575,869012.4647877057,0,729533.3822929305,869013.0479592208,0.6065158263128629,10.0,14.0,20.0,0.2,3.4101,2056.0705
362,729534.7988232612,869010.5486527273,0,729533.3822929305,869013.0479592208,2.872819368916574,9.0,14.0,20.0,0.6,2.4523,1693.5745
363,729535.2987751425,869012.5480979221,0,729533.3822929305,869013.0479592208,1.9805972298641694,10.0,14.0,20.0,0.25,3.1578,1446.7905
364,729535.215449829,869014.9640941991,0,729533.3822929305,869013.0479592208,2.651798911978387,7.0,14.0,20.0,0.3,1.9172,1693.5745
365,729531.9657625998,869012.881338788,0,729533.3822929305,869013.0479592208,1.4262960935034257,12.0,14.0,15.0,0.4,5.3139,1278.0865
366,729533.0489916762,869012.881338788,0,729533.3822929305,869013.0479592208,0.3726286284979076,12.0,14.0,15.0,0.2667,5.1898,2912.1345
367,729531.3824854048,869013.9643716018,0,729533.3822929305,869013.0479592208,2.1997822146097543,12.0,14.0,15.0,0.4,5.0217,2912.1345
368,729536.1320282782,869013.3812000866,0,729533.3822929305,869013.0479592208,2.7698545010431466,7.0,14.0,20.0,0.05,1.9027,2912.1345
369,729533.1323169897,869013.1312694373,0,729533.3822929305,869013.0479592208,0.26349300396444475,7.0,14.0,20.0,0.1,1.9617,1278.0865
370,729534.2155460662,869013.0479592208,0,729533.3822929305,869013.0479592208,0.8332531356718391,12.0,14.0,15.0,1.2,5.0395,1278.0865
371,729532.882341049,869011.2984446754,0,729533.3822929305,869013.0479592208,1.8195474790345503,10.0,14.0,20.0,0.35,3.3954,2912.1345
372,729531.7991119727,869011.2151344588,0,729533.3822929305,869013.0479592208,2.4219224911912343,11.0,14.0,20.0,0.55,4.4888,1693.5745
373,729533.465618244,869012.714718355,0,729533.3822929305,869013.0479592208,0.3435004840509117,11.0,14.0,20.0,0.2,4.1087,2056.0705
374,729532.7156904219,869013.7977511688,0,729533.3822929305,869013.0479592208,1.003268094683954,12.0,14.0,15.0,0.8,5.1292,2056.0705
375,729533.9655701255,869009.382309697,0,729533.3822929305,869013.0479592208,3.711764906057998,9.0,14.0,20.0,0.2,2.3025,2912.1345
376,729534.048895439,869006.799692987,0,729533.3822929305,869013.0479592208,6.283724200915792,9.0,14.0,20.0,0.05,2.3831,1446.7905
377,729531.6324613455,869013.2145796537,0,729533.3822929305,869013.0479592208,1.7577465529604053,11.0,14.0,20.0,0.05,4.4731,1446.7905
378,729531.9657625998,869013.4645103031,0,729533.3822929305,869013.0479592208,1.4765070205869422,8.0,14.0,20.0,0.25,2.0535,2056.0705
379,729534.4655220069,869014.4642329004,0,729533.3822929305,869013.0479592208,1.7830357167856905,10.0,14.0,20.0,0.45,3.1382,1339.7825
380,729532.9656663627,869011.1318242424,0,729533.3822929305,869013.0479592208,1.9609056460012597,10.0,14.0,20.0,0.2,3.1399,1693.5745
381,729534.7154979475,869013.0479592208,0,729533.3822929305,869013.0479592208,1.3332050170283765,10.0,14.0,20.0,0.25,3.1611,1693.5745
382,729532.1324132269,869013.7977511688,0,729533.3822929305,869013.0479592208,1.4575277832102587,8.0,14.0,20.0,0.5,2.0856,1693.5745
383,729534.632172634,869011.4650651083,0,729533.3822929305,869013.0479592208,2.016867136138456,9.0,14.0,20.0,0.35,2.3439,1339.7825
384,729534.632172634,869013.4645103031,0,729533.3822929305,869013.0479592208,1.3174650194172586,12.0,14.0,16.0,0.5625,5.5259,1446.7905
385,729531.8824372862,869012.881338788,0,729533.3822929305,869013.0479592208,1.5090822782055238,9.0,14.0,20.0,0.3,2.4092,2912.1345
386,729533.465618244,869016.7969189611,0,729533.3822929305,869013.0479592208,3.74988563053235,10.0,14.0,20.0,0.4,3.2212,1446.7905
387,729534.1322207525,869013.631130736,0,729533.3822929305,869013.0479592208,0.9499898706494747,12.0,14.0,16.0,0.25,5.4297,1693.5745
388,729533.7989194983,869014.7141635498,0,729533.3822929305,869013.0479592208,1.7175024200851614,9.0,14.0,20.0,0.3,2.3783,2912.1345
389,729532.5490397947,869012.714718355,0,729533.3822929305,869013.0479592208,0.897418666493438,10.0,14.0,20.0,0.55,3.1286,1446.7905
390,729532.6323651084,869013.1312694373,0,729533.3822929305,869013.0479592208,0.7545411391027619,11.0,14.0,20.0,0.4,4.2869,1693.5745
391,729531.2158347777,869010.4653425108,0,729533.3822929305,869013.0479592208,3.370971669802788,11.0,14.0,20.0,0.6,4.4701,2056.0705
392,729534.048895439,869011.7149957576,0,729533.3822929305,869013.0479592208,1.4903524746735173,9.0,14.0,20.0,0.2,2.3965,2056.0705
393,729533.8822448119,869013.2978898701,0,729533.3822929305,869013.0479592208,0.5589429426427326,12.0,14.0,15.0,0.6,5.1818,1446.7905
394,729534.8821485747,869013.7977511688,0,729533.3822929305,869013.0479592208,1.6768288280843817,8.0,14.0,20.0,0.3,1.8253,2912.1345
395,729532.7156904219,869013.1312694373,0,729533.3822929305,869013.0479592208,0.6717882826267763,9.0,14.0,20.0,0.35,2.3051,1339.7825
396,729531.9657625998,869010.9652038096,0,729533.3822929305,869013.0479592208,2.518814856415014,12.0,14.0,14.0,0.8571,4.6815,1446.7905
397,729534.2988713797,869010.6319629437,0,729533.3822929305,869013.0479592208,2.5840189752776737,7.0,14.0,20.0,0.05,1.8533,2912.1345
398,729532.7990157355,869013.2145796537,0,729533.3822929305,869013.0479592208,0.6066091450412249,10.0,14.0,20.0,0.25,3.2381,1278.0865
399,729531.2991600912,869013.5478205195,0,729533.3822929305,869013.0479592208,2.142266030189191,7.0,14.0,20.0,0.6,1.836,1693.5745
400,729533.5489435575,869013.7977511688,0,729533.3822929305,869013.0479592208,0.7680887948612418,9.0,14.0,20.0,0.15,2.4298,1278.0865
401,729534.2988713797,869013.631130736,0,729533.3822929305,869013.0479592208,1.0863724359531528,11.0,14.0,20.0,0.8,4.3124,1446.7905
402,729534.2155460662,869012.7980285714,0,729533.3822929305,869013.0479592208,0.8699288003183477,10.0,14.0,20.0,0.4,3.3405,2056.0705
403,729533.1323169897,869012.714718355,0,729533.3822929305,869013.0479592208,0.41657825872948384,9.0,14.0,20.0,0.55,2.4681,1693.5745
404,729531.6324613455,869011.048514026,0,729533.3822929305,869013.0479592208,2.6570080283998947,8.0,14.0,20.0,0.85,1.9779,1446.7905
405,729533.2156423033,869013.0479592208,0,729533.3822929305,869013.0479592208,0.1666506271576509,9.0,14.0,20.0,0.35,2.3394,1339.7825
406,729532.5490397947,869014.2976124675,0,729533.3822929305,869013.0479592208,1.5019800349329788,8.0,14.0,20.0,0.85,1.9998,1446.7912
407,729533.7989194983,869012.0482366234,0,729533.3822929305,869013.0479592208,1.083061849029447,11.0,14.0,20.0,0.6,4.2576,1339.7825
408,729535.798727024,869013.2145796537,0,729533.3822929305,869013.0479592208,2.42217177278008,12.0,14.0,15.0,0.7333,5.019,2056.0705
409,729531.2158347777,869013.3812000866,0,729533.3822929305,869013.0479592208,2.1919375909222327,8.0,14.0,20.0,0.1,2.0489,2912.1345
410,729531.715786659,869012.714718355,0,729533.3822929305,869013.0479592208,1.699497757422976,7.0,14.0,20.0,0.5,1.8339,1339.7825
411,729532.7156904219,869014.380922684,0,729533.3822929305,869013.0479592208,1.4903524746214658,12.0,14.0,17.0,0.5882,5.7578,1278.0865
412,729533.2989676169,869012.0482366234,0,729533.3822929305,869013.0479592208,1.003189104650293,7.0,14.0,20.0,0.1,1.7491,2912.1345
413,729540.631595211,869011.4650651083,0,729533.3822929305,869013.0479592208,7.4201035926350345,7.0,14.0,20.0,0.65,1.8214,1278.0865
414,729531.7991119727,869013.1312694373,0,729533.3822929305,869013.0479592208,1.5853714193764068,7.0,14.0,20.0,0.05,1.9367,1278.0865
415,729534.5488473204,869011.7149957576,0,729533.3822929305,869013.0479592208,1.7713386855524633,7.0,14.0,20.0,0.25,1.8345,1278.0865
416,729533.5489435575,869013.2145796537,0,729533.3822929305,869013.0479592208,0.23565822740001074,8.0,14.0,20.0,0.4,1.9707,1278.0865
417,729534.048895439,869014.0476818183,0,729533.3822929305,869013.0479592208,1.2015840279205425,7.0,14.0,20.0,0.95,1.8726,1339.7825
418,729533.7989194983,869012.881338788,0,729533.3822929305,869013.0479592208,0.4487093331710588,10.0,14.0,20.0,0.55,3.1522,1278.0865
419,729537.2152573547,869012.6314081385,0,729533.3822929305,869013.0479592208,3.855532528850722,8.0,14.0,20.0,0.85,2.0994,1693.5745
420,729533.7155941847,869013.7977511688,0,729533.3822929305,869013.0479592208,0.8205350031221754,11.0,14.0,20.0,0.05,4.4064,1339.7825
421,729531.7991119727,869013.2145796537,0,729533.3822929305,869013.0479592208,1.5919247199103423,8.0,14.0,20.0,0.35,2.0521,2056.0705
422,729534.632172634,869010.8818935931,0,729533.3822929305,869013.0479592208,2.5008077848533588,9.0,14.0,20.0,0.55,2.4162,1339.7825
423,729533.465618244,869014.1309920347,0,729533.3822929305,869013.0479592208,1.0862334849188453,11.0,14.0,20.0,0.3,4.2967,1446.7905
424,729533.3822929305,869013.0479592208,0,729533.3822929305,869013.0479592208,0.0,7.0,14.0,20.0,0.55,1.8428,2056.0705
425,729535.7154017104,869011.4650651083,0,729533.3822929305,869013.0479592208,2.819388293627637,7.0,14.0,20.0,1.0,1.7945,1278.0865
426,729534.1322207525,869013.1312694373,0,729533.3822929305,869013.0479592208,0.7545411389870583,9.0,14.0,20.0,0.1,2.464,1278.0865
427,729535.2987751425,869013.1312694373,0,729533.3822929305,869013.0479592208,1.9182921209134323,12.0,14.0,16.0,1.0625,5.3344,1446.7905
428,729532.882341049,869014.7974737663,0,729533.3822929305,869013.0479592208,1.8195474790345503,7.0,14.0,20.0,0.25,1.6913,2912.1345
429,729533.3822929305,869012.6314081385,0,729533.3822929305,869013.0479592208,0.4165510822786018,11.0,14.0,20.0,0.35,4.2119,1278.0865
430,729533.0489916762,869013.3812000866,0,729533.3822929305,869013.0479592208,0.47131645496467256,11.0,14.0,20.0,0.65,4.2111,2056.0714
431,729532.2157385405,869012.6314081385,0,729533.3822929305,869013.0479592208,1.2386944534249538,11.0,14.0,20.0,0.6,4.5676,2056.0705
432,729531.9657625998,869010.8818935931,0,729533.3822929305,869013.0479592208,2.58812644228167,8.0,14.0,20.0,0.4,2.0657,2056.0705
433,729532.7990157355,869013.0479592208,0,729533.3822929305,869013.0479592208,0.5832771949935704,8.0,14.0,20.0,0.3,2.0217,1339.7825
434,729533.5489435575,869013.4645103031,0,729533.3822929305,869013.0479592208,0.44865046042627826,11.0,14.0,20.0,0.9,4.2411,1339.7825
435,729533.7989194983,869013.5478205195,0,729533.3822929305,869013.0479592208,0.6507219183152084,8.0,14.0,20.0,0.45,2.0322,2056.0705
436,729533.5489435575,869011.4650651083,0,729533.3822929305,869013.0479592208,1.5916426116085016,12.0,14.0,17.0,1.1176,6.0556,1339.7825
437,729532.882341049,869016.3803678788,0,729533.3822929305,869013.0479592208,3.3697031542370226,8.0,14.0,20.0,0.1,2.0443,2912.1403
438,729535.0487992018,869013.7977511688,0,729533.3822929305,869013.0479592208,1.8274110423563623,10.0,14.0,20.0,0.1,3.1689,1339.7825
439,729533.5489435575,869013.7977511688,0,729533.3822929305,869013.0479592208,0.7680887948612418,12.0,14.0,17.0,0.4706,5.9117,1693.5745
440,729533.6322688712,869012.2148570563,0,729533.3822929305,869013.0479592208,0.8697972105657061,8.0,14.0,20.0,0.3,1.9045,2912.1345
441,729528.5494247435,869013.4645103031,0,729533.3822929305,869013.0479592208,4.850786504987159,10.0,14.0,20.0,0.75,3.3229,1339.7833
442,729534.7154979475,869012.3814774893,0,729533.3822929305,869013.0479592208,1.4905145138354279,12.0,14.0,16.0,0.125,5.3292,1693.5745
443,729534.1322207525,869012.0482366234,0,729533.3822929305,869013.0479592208,1.2497347758857535,10.0,14.0,20.0,0.25,3.1892,2912.1345
444,729533.465618244,869011.6316855411,0,729533.3822929305,869013.0479592208,1.4187227508171616,8.0,14.0,20.0,0.35,2.0858,1693.5745
445,729533.0489916762,869012.9646490044,0,729533.3822929305,869013.0479592208,0.3435554078895761,8.0,14.0,20.0,0.45,1.9309,1339.7825
446,729532.3823891677,869012.9646490044,0,729533.3822929305,869013.0479592208,1.003368390513969,8.0,14.0,20.0,0.8,1.9843,1339.7825
447,729532.6323651084,869013.2978898701,0,729533.3822929305,869013.0479592208,0.7904790116724477,7.0,14.0,20.0,0.65,1.8537,1339.7825
448,729532.5490397947,869012.7980285714,0,729533.3822929305,869013.0479592208,0.8699288004298551,10.0,14.0,20.0,0.85,3.4055,1278.0865
449,729532.1324132269,869015.4639554978,0,729533.3822929305,869013.0479592208,2.720153908153023,7.0,14.0,20.0,0.55,1.7605,1693.5745
450,729537.4652332953,869013.9643716018,0,729533.3822929305,869013.0479592208,4.1845207222403955,11.0,14.0,20.0,0.3,4.3862,1278.0865
451,729536.7153054732,869014.547543117,0,729533.3822929305,869013.0479592208,3.6548220847604904,8.0,14.0,20.0,0.2,2.1186,2056.0705
452,729535.0487992018,869013.2145796537,0,729533.3822929305,869013.0479592208,1.6748150707095657,11.0,14.0,20.0,0.1,4.2353,1339.7825
453,729534.048895439,869013.1312694373,0,729533.3822929305,869013.0479592208,0.6717882825112595,12.0,14.0,19.0,0.3158,6.444,2056.0705
454,729534.048895439,869013.9643716018,0,729533.3822929305,869013.0479592208,1.1332124939253498,7.0,14.0,20.0,0.25,1.7909,2912.1345
455,729533.3822929305,869012.2148570563,0,729533.3822929305,869013.0479592208,0.8331021645572037,10.0,14.0,20.0,0.75,3.2036,1278.0865
456,729532.9656663627,869016.7969189611,0,729533.3822929305,869013.0479592208,3.772038816240685,9.0,14.0,20.0,0.55,2.2924,1693.5745
457,729531.9657625998,869013.9643716018,0,729533.3822929305,869013.0479592208,1.6871187953805025,8.0,14.0,20.0,0.1,2.0142,1446.7905
458,729530.7992082098,869011.964926407,0,729533.3822929305,869013.0479592208,2.8009439033929784,11.0,14.0,20.0,0.5,4.5743,1339.7825
459,729533.1323169897,869016.213747446,0,729533.3822929305,869013.0479592208,3.1756421488188757,11.0,14.0,20.0,0.15,4.3996,2056.0705
460,729534.5488473204,869011.964926407,0,729533.3822929305,869013.0479592208,1.591794339860615,11.0,14.0,20.0,0.05,4.3753,2056.0705
461,729533.7989194983,869012.6314081385,0,729533.3822929305,869013.0479592208,0.5891455687469885,7.0,14.0,20.0,0.4,1.7746,2056.0705
462,729532.7990157355,869013.8810613853,0,729533.3822929305,869013.0479592208,1.0169913975031912,7.0,14.0,20.0,0.85,1.8079,1278.0865
463,729531.8824372862,869012.2148570563,0,729533.3822929305,869013.0479592208,1.7156999068414598,9.0,14.0,20.0,0.7,2.3711,1278.0865
464,729532.3823891677,869012.4647877057,0,729533.3822929305,869013.0479592208,1.1575390062521915,12.0,14.0,16.0,0.5,5.5269,1446.7905
465,729535.798727024,869013.2145796537,0,729533.3822929305,869013.0479592208,2.42217177278008,7.0,14.0,20.0,0.25,1.9195,2912.1345
466,729535.2987751425,869014.0476818183,0,729533.3822929305,869013.0479592208,2.161561782784124,10.0,14.0,20.0,0.25,3.1593,1278.0865
467,729535.6320763968,869013.9643716018,0,729533.3822929305,869013.0479592208,2.4292668230220302,10.0,14.0,20.0,0.25,3.1853,1693.5745
468,729533.5489435575,869010.5486527273,0,729533.3822929305,869013.0479592208,2.5048563591991466,11.0,14.0,20.0,0.25,4.2019,1693.5745
469,729533.9655701255,869013.1312694373,0,729533.3822929305,869013.0479592208,0.5891968078338401,8.0,14.0,20.0,0.25,2.0557,2056.0705
470,729534.2155460662,869009.2156892641,0,729533.3822929305,869013.0479592208,3.921811291888762,11.0,14.0,20.0,0.85,4.4746,1339.7825
471,729533.8822448119,869014.0476818183,0,729533.3822929305,869013.0479592208,1.11776435596609,10.0,14.0,20.0,0.25,3.1674,2056.0705
472,729533.2156423033,869012.714718355,0,729533.3822929305,869013.0479592208,0.3725881187074271,10.0,14.0,20.0,0.5,3.1111,1693.5745
473,729534.632172634,869012.714718355,0,729533.3822929305,869013.0479592208,1.293541165912606,10.0,14.0,20.0,0.6,3.2078,1693.5745
474,729533.2989676169,869012.2148570563,0,729533.3822929305,869013.0479592208,0.8372588157091019,11.0,14.0,20.0,0.45,4.2588,1693.5745
475,729533.7989194983,869013.631130736,0,729533.3822929305,869013.0479592208,0.7167054577031461,9.0,14.0,20.0,0.65,2.3557,2056.0705
476,729530.2992563284,869014.0476818183,0,729533.3822929305,869013.0479592208,3.2410738902163145,8.0,14.0,20.0,0.8,1.9856,1446.7905
477,729531.2991600912,869013.2145796537,0,729533.3822929305,869013.0479592208,2.089785825103029,9.0,14.0,20.0,0.15,2.4997,1339.7825
478,729531.4658107184,869013.1312694373,0,729533.3822929305,869013.0479592208,1.918292121029738,9.0,14.0,20.0,0.5,2.3924,1446.7905
479,729535.215449829,869013.1312694373,0,729533.3822929305,869013.0479592208,1.8350489929931113,8.0,14.0,20.0,0.4,1.9259,1446.7905
480,729531.8824372862,869014.9640941991,0,729533.3822929305,869013.0479592208,2.4333393123016442,10.0,14.0,20.0,0.6,3.2403,1339.7825
481,729533.9655701255,869011.6316855411,0,729533.3822929305,869013.0479592208,1.531679934585706,10.0,14.0,20.0,0.3,2.9781,1693.5745
482,729533.7989194983,869012.714718355,0,729533.3822929305,869013.0479592208,0.5335046126292063,11.0,14.0,20.0,0.45,4.346,1693.5745
483,729533.2989676169,869012.1315468398,0,729533.3822929305,869013.0479592208,0.9201927841076634,11.0,14.0,20.0,0.4,4.2562,2056.0705
484,729533.465618244,869012.5480979221,0,729533.3822929305,869013.0479592208,0.5067587451859079,9.0,14.0,20.0,0.55,2.3116,2056.0716
485,729534.7988232612,869013.9643716018,0,729533.3822929305,869013.0479592208,1.6871187953805025,8.0,14.0,20.0,0.95,1.9657,1446.7905
486,729533.3822929305,869014.380922684,0,729533.3822929305,869013.0479592208,1.3329634631518275,8.0,14.0,20.0,0.5,2.0509,1339.7825
487,729535.215449829,869015.7138861472,0,729533.3822929305,869013.0479592208,3.2353717856738777,7.0,14.0,20.0,0.45,1.7881,1339.7825
488,729532.0490879134,869016.4636780953,0,729533.3822929305,869013.0479592208,3.666683930592683,7.0,14.0,20.0,0.15,1.9137,1278.0865
489,729535.215449829,869011.5483753247,0,729533.3822929305,869013.0479592208,2.3683783642114262,9.0,14.0,20.0,0.2,2.4383,1278.0865
490,729533.7989194983,869012.9646490044,0,729533.3822929305,869013.0479592208,0.4248744393214984,11.0,14.0,20.0,0.25,4.2964,1446.7905
491,729533.8822448119,869011.3817548918,0,729533.3822929305,869013.0479592208,1.7395944210199081,10.0,14.0,20.0,0.5,3.3839,2056.0705
492,729532.5490397947,869012.2148570563,0,729533.3822929305,869013.0479592208,1.1782911375763025,12.0,14.0,14.0,0.6429,4.767,1693.5745
493,729533.6322688712,869013.2978898701,0,729533.3822929305,869013.0479592208,0.35348734118234165,10.0,14.0,20.0,0.2,3.0076,2912.1345
494,729533.2989676169,869007.716105368,0,729533.3822929305,869013.0479592208,5.332504910071716,9.0,14.0,20.0,0.75,2.3945,1693.5745
495,729533.465618244,869011.2984446754,0,729533.3822929305,869013.0479592208,1.7514977169685237,8.0,14.0,20.0,0.1,2.0798,1446.7905
496,729531.9657625998,869011.7983059741,0,729533.3822929305,869013.0479592208,1.8889656997233613,7.0,14.0,20.0,0.6,1.8456,1339.7825
497,729534.3821966933,869011.048514026,0,729533.3822929305,869013.0479592208,2.23552871198425,11.0,14.0,20.0,0.45,4.488,1278.0865
498,729533.0489916762,869014.8807839827,0,729533.3822929305,869013.0479592208,1.862883875561176,8.0,14.0,20.0,0.2,2.137,2056.0705
499,729531.5491360319,869011.8816161905,0,729533.3822929305,869013.0479592208,2.1727448721027462,11.0,14.0,20.0,0.4,4.1169,1339.7825
500,729533.1323169897,869013.9643716018,0,729533.3822929305,869013.0479592208,0.9498945325704797,11.0,14.0,20.0,0.3,4.2474,2056.0705
501,729532.0490879134,869013.8810613853,0,729533.3822929305,869013.0479592208,1.5720988627106027,9.0,14.0,20.0,0.6,2.4478,2056.0705
502,729532.882341049,869012.9646490044,0,729533.3822929305,869013.0479592208,0.5068456135258199,7.0,14.0,20.0,0.3,1.8212,1446.7905
503,729534.7154979475,869012.9646490044,0,729533.3822929305,869013.0479592208,1.3358054534967483,7.0,14.0,20.0,0.95,1.8408,1278.0865
504,729531.2158347777,869012.2148570563,0,729533.3822929305,869013.0479592208,2.321120450234228,12.0,14.0,15.0,0.4667,5.0668,1278.0865
505,729531.2991600912,869015.297335065,0,729533.3822929305,869013.0479592208,3.0658007297214565,10.0,14.0,20.0,0.15,3.1359,2912.1345
506,729532.6323651084,869011.3817548918,0,729533.3822929305,869013.0479592208,1.8271914525873096,8.0,14.0,20.0,0.15,2.0796,1693.5745
507,729535.1321245154,869011.5483753247,0,729533.3822929305,869013.0479592208,2.3044874564489333,12.0,14.0,15.0,0.6667,5.0675,1339.7825
508,729532.9656663627,869013.0479592208,0,729533.3822929305,869013.0479592208,0.41662656783591956,12.0,14.0,16.0,0.125,5.5,2912.1345
509,729533.2156423033,869013.1312694373,0,729533.3822929305,869013.0479592208,0.1863143142489538,8.0,14.0,20.0,0.45,2.0686,2912.1345
510,729534.4655220069,869012.5480979221,0,729533.3822929305,869013.0479592208,1.192998973092347,12.0,14.0,14.0,1.1429,4.8726,1339.7825
511,729536.7153054732,869012.3814774893,0,729533.3822929305,869013.0479592208,3.3989955145948145,7.0,14.0,20.0,0.2,1.7325,2912.1345
512,729534.1322207525,869012.3814774893,0,729533.3822929305,869013.0479592208,1.0032894082897,11.0,14.0,20.0,0.05,4.1919,1278.0865
513,729533.6322688712,869011.7983059741,0,729533.3822929305,869013.0479592208,1.2744101411846573,10.0,14.0,20.0,0.55,3.1259,2056.0705
514,729533.2989676169,869012.0482366234,0,729533.3822929305,869013.0479592208,1.003189104650293,12.0,14.0,15.0,0.8667,5.0361,1693.5745
515,729536.548654846,869012.2981672727,0,729533.3822929305,869013.0479592208,3.25392620469329,10.0,14.0,20.0,0.3,3.2596,2912.1345
516,729534.7154979475,869012.1315468398,0,729533.3822929305,869013.0479592208,1.6177908608533849,11.0,14.0,20.0,0.25,4.0842,1693.5745
517,729533.3822929305,869013.9643716018,0,729533.3822929305,869013.0479592208,0.916412380989641,10.0,14.0,20.0,0.1,3.0806,2056.0705
518,729534.2988713797,869012.5480979221,0,729533.3822929305,869013.0479592208,1.0440198137358965,11.0,14.0,20.0,0.45,4.0863,1693.5745
519,729534.8821485747,869013.4645103031,0,729533.3822929305,869013.0479592208,1.5566251178572692,10.0,14.0,20.0,0.5,3.1555,2056.0705
520,729532.0490879134,869015.1307146321,0,729533.3822929305,869013.0479592208,2.4729144184427367,7.0,14.0,20.0,0.45,1.7604,1693.5745
521,729534.5488473204,869012.714718355,0,729533.3822929305,869013.0479592208,1.2132182900024884,12.0,14.0,16.0,0.1875,5.3478,1278.0865
522,729533.7155941847,869014.7141635498,0,729533.3822929305,869013.0479592208,1.6992135216099826,10.0,14.0,20.0,0.25,3.1518,2912.1345
523,729532.3823891677,869013.7144409524,0,729533.3822929305,869013.0479592208,1.2016677716594555,10.0,14.0,20.0,0.4,3.1409,1693.5745
524,729534.2988713797,869012.7980285714,0,729533.3822929305,869013.0479592208,0.9500428322135885,8.0,14.0,20.0,0.7,2.2169,1693.5745
525,729534.4655220069,869013.3812000866,0,729533.3822929305,869013.0479592208,1.1333290371479152,10.0,14.0,20.0,0.85,3.4297,1339.7825
526,729534.5488473204,869017.2134700433,0,729533.3822929305,869013.0479592208,4.325775023780656,12.0,14.0,15.0,0.4667,5.1313,1693.5745
528,729533.0489916762,869012.881338788,0,729533.3822929305,869013.0479592208,0.3726286284979076,11.0,14.0,20.0,0.15,4.33,2912.1345
529,729533.6322688712,869013.7977511688,0,729533.3822929305,869013.0479592208,0.7903644325348548,7.0,14.0,20.0,0.65,1.8205,2056.0705
530,729533.6322688712,869014.8807839827,0,729533.3822929305,869013.0479592208,1.8497931177879483,10.0,14.0,20.0,0.65,3.1388,1278.0865
531,729532.299063854,869011.8816161905,0,729533.3822929305,869013.0479592208,1.5917730040434372,7.0,14.0,20.0,0.4,1.8276,1693.5745
532,729533.465618244,869013.631130736,0,729533.3822929305,869013.0479592208,0.5890943251704664,7.0,14.0,20.0,0.5,1.7984,1278.0865
533,729532.299063854,869012.9646490044,0,729533.3822929305,869013.0479592208,1.0864280115426592,10.0,14.0,20.0,0.75,3.1609,1278.0865
534,729532.6323651084,869013.4645103031,0,729533.3822929305,869013.0479592208,0.8578499534207299,8.0,14.0,20.0,0.5,1.953,1693.5745
535,729532.7990157355,869013.3812000866,0,729533.3822929305,869013.0479592208,0.6717601958972267,9.0,14.0,20.0,0.95,2.3182,1339.7825
536,729533.2989676169,869011.7149957576,0,729533.3822929305,869013.0479592208,1.3355653118813688,10.0,14.0,20.0,0.75,3.248,1446.7905
537,729532.3823891677,869013.4645103031,0,729533.3822929305,869013.0479592208,1.0832000457293414,9.0,14.0,20.0,0.4,2.3994,1693.5745
538,729533.9655701255,869014.547543117,0,729533.3822929305,869013.0479592208,1.6090258381211122,10.0,14.0,20.0,0.8,3.3312,1446.7905
539,729534.1322207525,869012.1315468398,0,729533.3822929305,869013.0479592208,1.1841466928944955,7.0,14.0,20.0,0.35,1.7835,1693.5745
540,729534.2155460662,869013.631130736,0,729533.3822929305,869013.0479592208,1.0170544745399286,10.0,14.0,20.0,0.35,3.1961,1278.0865
541,729532.9656663627,869011.7149957576,0,729533.3822929305,869013.0479592208,1.3965562256618265,9.0,14.0,20.0,0.6,2.6512,1693.5745
542,729535.3821004562,869012.9646490044,0,729533.3822929305,869013.0479592208,2.0015420884518793,7.0,14.0,20.0,0.6,1.9301,1446.7905
543,729533.3822929305,869012.4647877057,0,729533.3822929305,869013.0479592208,0.5831715151434764,10.0,14.0,20.0,0.2,3.2051,1278.0865
544,729528.8827259977,869012.9646490044,0,729533.3822929305,869013.0479592208,4.500338117833753,8.0,14.0,20.0,0.75,1.9467,1693.5745
546,729532.7990157355,869012.6314081385,0,729533.3822929305,869013.0479592208,0.7167475778452566,10.0,14.0,20.0,0.5,3.3572,2056.0705
547,729534.7988232612,869011.8816161905,0,729533.3822929305,869013.0479592208,1.8349153228402684,8.0,14.0,20.0,0.6,2.0247,1693.5745
548,729533.5489435575,869010.7152731603,0,729533.3822929305,869013.0479592208,2.33863137084258,9.0,14.0,20.0,0.55,2.3711,1339.7825
549,729533.1323169897,869013.0479592208,0,729533.3822929305,869013.0479592208,0.249975940794684,12.0,14.0,14.0,0.4286,4.5998,1446.7905
550,729533.2156423033,869012.4647877057,0,729533.3822929305,869013.0479592208,0.60651582634485,8.0,14.0,20.0,0.45,2.0065,2912.1345
551,729533.3822929305,869012.6314081385,0,729533.3822929305,869013.0479592208,0.4165510822786018,11.0,14.0,20.0,0.7,4.4526,1339.7825
552,729533.7989194983,869011.2151344588,0,729533.3822929305,869013.0479592208,1.8795808855037734,8.0,14.0,20.0,0.65,2.2044,2056.0705
553,729532.3823891677,869013.8810613853,0,729533.3822929305,869013.0479592208,1.3014863623244384,12.0,14.0,17.0,0.4706,5.8184,1339.7825
554,729531.0491841505,869012.881338788,0,729533.3822929305,869013.0479592208,2.3390508647400465,10.0,14.0,20.0,0.2,3.034,2912.1345
555,729532.299063854,869015.297335065,0,729533.3822929305,869013.0479592208,2.496613089829832,8.0,14.0,20.0,0.4,2.0306,1693.5745
556,729533.3822929305,869008.0493462338,0,729533.3822929305,869013.0479592208,4.998612986993976,10.0,14.0,20.0,0.25,3.1094,1339.7825
557,729532.9656663627,869011.7983059741,0,729533.3822929305,869013.0479592208,1.3172740542738444,9.0,14.0,20.0,0.05,2.3402,1693.5745
558,729534.2155460662,869014.7141635498,0,729533.3822929305,869013.0479592208,1.8629405932768228,11.0,14.0,20.0,0.6,4.5538,1446.7905
559,729533.3822929305,869013.4645103031,0,729533.3822929305,869013.0479592208,0.4165510822786018,12.0,14.0,17.0,0.1765,5.6482,2056.0705
560,729535.1321245154,869010.8818935931,0,729533.3822929305,869013.0479592208,2.784555777665661,8.0,14.0,20.0,0.5,2.2311,2912.1345
561,729534.3821966933,869012.3814774893,0,729533.3822929305,869013.0479592208,1.2016677716594555,11.0,14.0,20.0,0.2,4.2896,1339.7825
562,729535.5487510832,869015.6305759308,0,729533.3822929305,869013.0479592208,3.37097166972797,8.0,14.0,20.0,0.65,2.0754,2056.0705
563,729532.7990157355,869013.0479592208,0,729533.3822929305,869013.0479592208,0.5832771949935704,11.0,14.0,20.0,0.1,4.1289,1339.7825
564,729532.9656663627,869012.881338788,0,729533.3822929305,869013.0479592208,0.4487093331710588,8.0,14.0,20.0,0.4,2.0663,2056.0705
565,729533.7989194983,869014.2143022511,0,729533.3822929305,869013.0479592208,1.238520795677525,9.0,14.0,20.0,0.75,2.3503,1339.7825
566,729533.465618244,869012.881338788,0,729533.3822929305,869013.0479592208,0.1862940592756179,12.0,14.0,16.0,0.8125,5.5461,1446.7905
567,729533.0489916762,869015.4639554978,0,729533.3822929305,869013.0479592208,2.4388783767618802,12.0,14.0,16.0,0.5,5.3942,2912.1345
569,729534.8821485747,869013.7144409524,0,729533.3822929305,869013.0479592208,1.6412692807461886,10.0,14.0,20.0,0.05,3.1292,1446.7905
570,729533.0489916762,869010.7985833767,0,729533.3822929305,869013.0479592208,2.27393522650389,8.0,14.0,20.0,0.3,2.0836,1693.5745
571,729532.299063854,869009.6322403464,0,729533.3822929305,869013.0479592208,3.583367223887203,9.0,14.0,20.0,0.3,2.3477,1339.7825
572,729531.7991119727,869011.964926407,0,729533.3822929305,869013.0479592208,1.918181957244717,9.0,14.0,20.0,0.2,2.3622,1446.7905
573,729533.7989194983,869012.4647877057,0,729533.3822929305,869013.0479592208,0.7167054577031461,11.0,14.0,20.0,0.5,4.3604,1446.7905
574,729534.9654738883,869012.9646490044,0,729533.3822929305,869013.0479592208,1.5853714193764068,9.0,14.0,20.0,0.55,2.3766,2056.0705
575,729530.2992563284,869014.4642329004,0,729533.3822929305,869013.0479592208,3.392778481647265,9.0,14.0,20.0,0.55,2.4792,1446.7905
576,729531.0491841505,869012.714718355,0,729533.3822929305,869013.0479592208,2.3567872313518214,10.0,14.0,20.0,0.1,3.1529,1446.7905
577,729534.4655220069,869012.881338788,0,729533.3822929305,869013.0479592208,1.0959687954035853,7.0,14.0,20.0,0.2,1.8537,1693.5745
578,729536.548654846,869012.6314081385,0,729533.3822929305,869013.0479592208,3.1936440916708957,12.0,14.0,15.0,0.8,5.4864,1278.0865
580,729532.6323651084,869011.3817548918,0,729533.3822929305,869013.0479592208,1.8271914525873096,9.0,14.0,20.0,0.4,2.6326,2056.0705
581,729531.8824372862,869012.7980285714,0,729533.3822929305,869013.0479592208,1.5205368404817632,7.0,14.0,20.0,0.35,1.8064,1446.7905
582,729534.3821966933,869012.5480979221,0,729533.3822929305,869013.0479592208,1.117885885441649,7.0,14.0,20.0,0.25,1.9044,1278.0865
583,729532.6323651084,869012.9646490044,0,729533.3822929305,869013.0479592208,0.7545411391027619,9.0,14.0,20.0,0.7,2.2432,1278.0865
584,729533.2989676169,869014.7141635498,0,729533.3822929305,869013.0479592208,1.6682865382974108,10.0,14.0,20.0,0.85,3.054,1446.7905
585,729532.7156904219,869014.1309920347,0,729533.3822929305,869013.0479592208,1.2717385660576013,12.0,14.0,15.0,0.5333,5.0699,1693.5745
586,729535.215449829,869012.2148570563,0,729533.3822929305,869013.0479592208,2.0135847216129026,12.0,14.0,16.0,0.125,5.6159,2912.1345
587,729533.1323169897,869013.1312694373,0,729533.3822929305,869013.0479592208,0.26349300396444475,12.0,14.0,15.0,0.1333,5.3042,2912.1345
588,729532.5490397947,869015.0474044156,0,729533.3822929305,869013.0479592208,2.166123697996219,8.0,14.0,20.0,0.4,2.0124,2912.1345
589,729535.2987751425,869013.631130736,0,729533.3822929305,869013.0479592208,2.0032456377267547,12.0,14.0,15.0,0.4667,5.1151,1339.7825
590,729534.2988713797,869013.4645103031,0,729533.3822929305,869013.0479592208,1.0067923607534595,10.0,14.0,20.0,0.1,3.1121,2912.1345
591,729534.1322207525,869015.1307146321,0,729533.3822929305,869013.0479592208,2.2136535052857305,9.0,14.0,20.0,0.55,2.405,1693.5745
592,729533.7989194983,869016.213747446,0,729533.3822929305,869013.0479592208,3.193085151292636,11.0,14.0,20.0,0.3,4.2078,1446.7905
593,729532.7156904219,869008.9657586147,0,729533.3822929305,869013.0479592208,4.136268933849108,8.0,14.0,20.0,0.35,2.0773,2056.0705
594,729532.1324132269,869013.4645103031,0,729533.3822929305,869013.0479592208,1.3174650195277018,8.0,14.0,20.0,0.05,2.1011,1339.7825
595,729533.2156423033,869014.0476818183,0,729533.3822929305,869013.0479592208,1.0135174903909578,9.0,14.0,20.0,0.65,2.4933,1339.7825
596,729533.1323169897,869011.4650651083,0,729533.3822929305,869013.0479592208,1.6025110740868165,9.0,14.0,20.0,0.6,2.5906,1446.7905
597,729533.6322688712,869013.4645103031,0,729533.3822929305,869013.0479592208,0.48580116824217273,11.0,14.0,20.0,0.45,4.1725,1446.7905
598,729534.7988232612,869015.297335065,0,729533.3822929305,869013.0479592208,2.658241874980943,12.0,14.0,17.0,0.7647,5.7583,2056.0705
599,729533.465618244,869012.7980285714,0,729533.3822929305,869013.0479592208,0.26345481090630457,10.0,14.0,20.0,0.1,3.1945,2912.1345
600,729533.7155941847,869011.3817548918,0,729533.3822929305,869013.0479592208,1.6992135216099826,11.0,14.0,20.0,0.7,4.3647,1693.5745
601,729533.1323169897,869012.7980285714,0,729533.3822929305,869013.0479592208,0.3534873413469778,12.0,14.0,16.0,0.375,5.4989,2056.0705
602,729534.1322207525,869013.1312694373,0,729533.3822929305,869013.0479592208,0.7545411389870583,9.0,14.0,20.0,0.45,2.2094,2912.1345
603,729533.0489916762,869013.8810613853,0,729533.3822929305,869013.0479592208,0.897300920830955,11.0,14.0,20.0,0.75,4.1513,1446.7905
604,729535.215449829,869016.8802291775,0,729533.3822929305,869013.0479592208,4.248147506337587,12.0,14.0,15.0,0.7333,4.997,2056.0705
605,729532.5490397947,869012.6314081385,0,729533.3822929305,869013.0479592208,0.931571571296824,9.0,14.0,20.0,0.05,2.3002,2912.1345
606,729534.5488473204,869012.9646490044,0,729533.3822929305,869013.0479592208,1.1695254322539037,8.0,14.0,20.0,0.65,2.0016,1446.7905
607,729534.3821966933,869013.3812000866,0,729533.3822929305,869013.0479592208,1.0539720155264494,11.0,14.0,20.0,0.5,4.4432,1339.7825
608,729531.8824372862,869012.3814774893,0,729533.3822929305,869013.0479592208,1.6412692808525735,7.0,14.0,20.0,0.35,1.9396,2056.0705
609,729535.2987751425,869014.0476818183,0,729533.3822929305,869013.0479592208,2.161561782784124,8.0,14.0,20.0,0.35,2.1011,1278.0865
610,729534.8821485747,869014.380922684,0,729533.3822929305,869013.0479592208,2.0065788166664165,7.0,14.0,20.0,0.45,1.8564,1339.7825
611,729534.5488473204,869013.1312694373,0,729533.3822929305,869013.0479592208,1.1695254322539037,9.0,14.0,20.0,0.25,2.2123,1278.0865
612,729533.8822448119,869013.1312694373,0,729533.3822929305,869013.0479592208,0.506845613410988,7.0,14.0,20.0,0.55,1.972,1446.7905
613,729535.798727024,869011.048514026,0,729533.3822929305,869013.0479592208,3.1363888176356425,10.0,14.0,20.0,0.95,3.0663,1278.0865
614,729532.7990157355,869013.4645103031,0,729533.3822929305,869013.0479592208,0.7167475778452566,12.0,14.0,17.0,0.1176,5.7294,1693.5745
615,729531.5491360319,869010.2154118615,0,729533.3822929305,869013.0479592208,3.3739870713359204,9.0,14.0,20.0,0.3,2.4911,2912.1345
616,729534.048895439,869013.2978898701,0,729533.3822929305,869013.0479592208,0.7119158895653224,7.0,14.0,20.0,0.25,1.746,1446.7905
617,729533.1323169897,869012.881338788,0,729533.3822929305,869013.0479592208,0.3004169429713736,9.0,14.0,20.0,0.75,2.2202,1278.0865
618,729533.2156423033,869013.4645103031,0,729533.3822929305,869013.0479592208,0.4486504604695206,10.0,14.0,20.0,0.9,3.0702,1446.7905
619,729534.048895439,869013.2978898701,0,729533.3822929305,869013.0479592208,0.7119158895653224,7.0,14.0,20.0,0.65,1.869,1693.5745
620,729534.048895439,869014.0476818183,0,729533.3822929305,869013.0479592208,1.2015840279205425,7.0,14.0,20.0,0.75,1.9609,1278.0865
621,729533.2156423033,869009.2989994806,0,729533.3822929305,869013.0479592208,3.752661930647594,8.0,14.0,20.0,0.7,2.0475,1278.0865
622,729533.2989676169,869012.2148570563,0,729533.3822929305,869013.0479592208,0.8372588157091019,7.0,14.0,20.0,0.3,1.7969,1339.7825
623,729530.7158828962,869011.048514026,0,729533.3822929305,869013.0479592208,3.3327951569434275,12.0,14.0,15.0,1.0667,5.1174,1278.0865
624,729533.0489916762,869012.5480979221,0,729533.3822929305,869013.0479592208,0.6007920139925631,7.0,14.0,20.0,0.1,1.8525,2912.1345
625,729533.3822929305,869009.2989994806,0,729533.3822929305,869013.0479592208,3.748959740274586,9.0,14.0,20.0,0.8,2.3142,1278.0873
626,729533.2989676169,869012.2148570563,0,729533.3822929305,869013.0479592208,0.8372588157091019,10.0,14.0,20.0,0.15,3.1678,1446.7905
627,729533.9655701255,869012.881338788,0,729533.3822929305,869013.0479592208,0.6066091450412249,11.0,14.0,20.0,0.65,4.1256,1693.5745
628,729535.6320763968,869013.4645103031,0,729533.3822929305,869013.0479592208,2.2880210771651384,12.0,14.0,17.0,0.7059,5.698,2056.0705
630,729532.7990157355,869011.8816161905,0,729533.3822929305,869013.0479592208,1.304058415293778,10.0,14.0,20.0,0.45,3.091,1693.5745
631,729533.6322688712,869012.2148570563,0,729533.3822929305,869013.0479592208,0.8697972105657061,7.0,14.0,20.0,0.55,1.7392,1693.5745
632,729533.2989676169,869013.5478205195,0,729533.3822929305,869013.0479592208,0.5067587452050498,11.0,14.0,20.0,1.0,4.2941,1278.0865
633,729532.0490879134,869013.2978898701,0,729533.3822929305,869013.0479592208,1.3564294847865186,11.0,14.0,20.0,0.55,4.157,2056.0705
634,729533.465618244,869012.2981672727,0,729533.3822929305,869013.0479592208,0.7544077633124155,10.0,14.0,20.0,0.55,3.0958,2056.0705
635,729532.4657144812,869012.1315468398,0,729533.3822929305,869013.0479592208,1.296120251276308,9.0,14.0,20.0,0.55,2.3629,1693.5745
636,729534.048895439,869013.1312694373,0,729533.3822929305,869013.0479592208,0.6717882825112595,11.0,14.0,20.0,0.7,4.5393,1446.7905
637,729535.8820523375,869014.0476818183,0,729533.3822929305,869013.0479592208,2.6922559991128105,11.0,14.0,20.0,0.7,4.3222,2056.0714
638,729533.465618244,869012.1315468398,0,729533.3822929305,869013.0479592208,0.9201927840971217,12.0,14.0,17.0,0.1176,5.7394,2056.0705
639,729535.8820523375,869012.9646490044,0,729533.3822929305,869013.0479592208,2.501147273777494,10.0,14.0,20.0,0.2,3.0801,2912.1345
640,729533.465618244,869014.547543117,0,729533.3822929305,869013.0479592208,1.5018971234459066,12.0,14.0,15.0,0.3333,4.9853,1693.5745
641,729534.5488473204,869014.1309920347,0,729533.3822929305,869013.0479592208,1.591794339860615,12.0,14.0,15.0,0.2667,5.1657,2912.1345
642,729534.048895439,869013.4645103031,0,729533.3822929305,869013.0479592208,0.7860494313367848,8.0,14.0,20.0,0.1,1.9567,2912.1345
643,729534.5488473204,869012.2981672727,0,729533.3822929305,869013.0479592208,1.386736135679529,11.0,14.0,20.0,0.9,4.1991,1339.7825
644,729533.2989676169,869013.4645103031,0,729533.3822929305,869013.0479592208,0.4248033804481603,12.0,14.0,18.0,0.5556,6.0449,2056.0705
645,729532.4657144812,869014.0476818183,0,729533.3822929305,869013.0479592208,1.3563042894327968,12.0,14.0,17.0,0.4706,5.8298,2912.1345
646,729532.3823891677,869013.5478205195,0,729533.3822929305,869013.0479592208,1.117885885441649,10.0,14.0,20.0,0.1,3.388,2912.1345
647,729532.6323651084,869012.9646490044,0,729533.3822929305,869013.0479592208,0.7545411391027619,8.0,14.0,20.0,0.45,2.2111,1693.5745
648,729535.8820523375,869012.1315468398,0,729533.3822929305,869013.0479592208,2.662444129929053,10.0,14.0,20.0,0.85,3.1623,1339.7825
649,729533.3822929305,869014.1309920347,0,729533.3822929305,869013.0479592208,1.0830328138545156,12.0,14.0,16.0,0.25,5.4247,1693.5745
650,729534.048895439,869011.6316855411,0,729533.3822929305,869013.0479592208,1.5653082891783052,10.0,14.0,20.0,0.2,3.0432,2912.1345
651,729531.4658107184,869009.7988607793,0,729533.3822929305,869013.0479592208,3.7722068809138,9.0,14.0,20.0,0.45,2.405,1693.5745
652,729533.7989194983,869014.2143022511,0,729533.3822929305,869013.0479592208,1.238520795677525,7.0,14.0,20.0,0.35,1.7888,1446.7905
653,729533.9655701255,869012.9646490044,0,729533.3822929305,869013.0479592208,0.5891968078338401,8.0,14.0,20.0,0.65,1.9168,1278.0865
654,729533.8822448119,869012.881338788,0,729533.3822929305,869013.0479592208,0.526986007708003,12.0,14.0,14.0,1.3571,4.8309,1339.7825
655,729533.0489916762,869011.964926407,0,729533.3822929305,869013.0479592208,1.1331592130030903,12.0,14.0,17.0,0.2941,5.6354,2912.1345
656,729532.1324132269,869014.7974737663,0,729533.3822929305,869013.0479592208,2.150116373177111,12.0,14.0,16.0,0.375,5.3902,2912.1345
657,729533.7155941847,869012.7980285714,0,729533.3822929305,869013.0479592208,0.4165993945829952,7.0,14.0,20.0,0.15,1.9459,2912.1345
658,729533.2989676169,869013.0479592208,0,729533.3822929305,869013.0479592208,0.0833253136370331,8.0,14.0,20.0,0.95,2.092,1278.0865
659,729534.632172634,869012.6314081385,0,729533.3822929305,869013.0479592208,1.3174650194172586,12.0,14.0,15.0,1.0667,5.034,1339.7825
660,729532.299063854,869011.2151344588,0,729533.3822929305,869013.0479592208,2.128997848807492,8.0,14.0,20.0,0.1,2.1109,2912.1345
661,729532.7156904219,869011.3817548918,0,729533.3822929305,869013.0479592208,1.7946018417699963,12.0,14.0,17.0,0.2941,5.717,1339.7825
663,729534.7154979475,869013.631130736,0,729533.3822929305,869013.0479592208,1.4551716852331795,9.0,14.0,20.0,0.5,2.442,2056.0705
664,729533.7155941847,869012.6314081385,0,729533.3822929305,869013.0479592208,0.5334833926168885,9.0,14.0,20.0,0.6,2.3675,1446.7905
665,729536.0487029647,869012.881338788,0,729533.3822929305,869013.0479592208,2.6716109071096854,10.0,14.0,20.0,0.95,3.25,1446.7905
666,729534.2155460662,869014.380922684,0,729533.3822929305,869013.0479592208,1.57197403992708,7.0,14.0,20.0,0.2,1.9263,1693.5774
667,729533.5489435575,869013.5478205195,0,729533.3822929305,869013.0479592208,0.5269096217021698,12.0,14.0,16.0,0.375,5.3324,1278.0865
668,729533.2989676169,869011.7149957576,0,729533.3822929305,869013.0479592208,1.3355653118813688,12.0,14.0,15.0,0.4667,5.0968,2912.1345
669,729533.2989676169,869015.0474044156,0,729533.3822929305,869013.0479592208,2.001180700139936,10.0,14.0,20.0,0.15,3.1214,2912.1345
670,729532.6323651084,869014.0476818183,0,729533.3822929305,869013.0479592208,1.2497347759556108,9.0,14.0,20.0,0.25,2.5154,1693.5745
671,729533.7155941847,869018.2965028571,0,729533.3822929305,869013.0479592208,5.259115897953222,10.0,14.0,20.0,0.75,3.0109,1446.7905
672,729532.0490879134,869012.9646490044,0,729533.3822929305,869013.0479592208,1.335805453612937,9.0,14.0,20.0,0.1,2.2609,1693.5745
673,729533.465618244,869014.6308533334,0,729533.3822929305,869013.0479592208,1.5850857640733524,9.0,14.0,20.0,0.5,2.2784,1446.7905
674,729532.2157385405,869014.2976124675,0,729533.3822929305,869013.0479592208,1.7095269467997816,8.0,14.0,20.0,0.4,2.0882,1446.7905
675,729533.2156423033,869013.1312694373,0,729533.3822929305,869013.0479592208,0.1863143142489538,10.0,14.0,20.0,0.3,3.1902,1339.7825
676,729534.7154979475,869013.7977511688,0,729533.3822929305,869013.0479592208,1.5295828132951126,8.0,14.0,20.0,0.75,2.0125,1693.5745
677,729533.3822929305,869014.1309920347,0,729533.3822929305,869013.0479592208,1.0830328138545156,10.0,14.0,20.0,0.5,3.1074,1339.7825
678,729533.6322688712,869011.7983059741,0,729533.3822929305,869013.0479592208,1.2744101411846573,12.0,14.0,18.0,0.6111,6.4014,1693.5745
679,729532.1324132269,869014.2143022511,0,729533.3822929305,869013.0479592208,1.7095482847321408,9.0,14.0,20.0,0.3,2.3356,2912.1345
680,729533.2989676169,869012.714718355,0,729533.3822929305,869013.0479592208,0.3435004840791514,12.0,14.0,17.0,0.4118,5.7356,1446.7905
681,729535.0487992018,869013.5478205195,0,729533.3822929305,869013.0479592208,1.7398576006032493,9.0,14.0,20.0,0.35,2.4801,2912.1345
682,729531.2991600912,869011.964926407,0,729533.3822929305,869013.0479592208,2.3478506132288524,11.0,14.0,20.0,0.45,4.2823,1446.7905
683,729535.215449829,869015.7138861472,0,729533.3822929305,869013.0479592208,3.2353717856738777,8.0,14.0,20.0,0.25,2.0098,2056.0705
684,729529.8826297605,869010.4653425108,0,729533.3822929305,869013.0479592208,4.349431155207745,12.0,14.0,16.0,0.375,5.606,1339.7825
685,729536.0487029647,869012.7980285714,0,729533.3822929305,869013.0479592208,2.6780977950507565,7.0,14.0,20.0,0.05,1.8067,2912.1345
686,729531.6324613455,869013.2978898701,0,729533.3822929305,869013.0479592208,1.7675904235015203,10.0,14.0,20.0,0.05,3.1328,1278.0865
687,729533.0489916762,869011.1318242424,0,729533.3822929305,869013.0479592208,1.944906933922812,12.0,14.0,15.0,0.4667,4.8665,1693.5745
688,729533.9655701255,869011.964926407,0,729533.3822929305,869013.0479592208,1.2301107113122776,7.0,14.0,20.0,0.1,1.8158,2912.1345
689,729532.9656663627,869013.4645103031,0,729533.3822929305,869013.0479592208,0.5891455687469885,11.0,14.0,20.0,0.4,4.2093,1278.0865
690,729532.9656663627,869012.881338788,0,729533.3822929305,869013.0479592208,0.4487093331710588,9.0,14.0,20.0,0.5,2.2949,2056.0705
691,729532.7156904219,869012.5480979221,0,729533.3822929305,869013.0479592208,0.8331987892824261,8.0,14.0,20.0,0.8,1.9873,1446.7905
692,729533.2989676169,869012.7980285714,0,729533.3822929305,869013.0479592208,0.2634548109431243,7.0,14.0,20.0,0.85,1.7604,1339.7825
693,729534.048895439,869012.5480979221,0,729533.3822929305,869013.0479592208,0.8331987891892877,8.0,14.0,20.0,1.0,1.9764,1278.0865
694,729533.465618244,869013.8810613853,0,729533.3822929305,869013.0479592208,0.8372588155816787,9.0,14.0,20.0,0.8,2.3735,1339.7825
695,729532.5490397947,869014.2976124675,0,729533.3822929305,869013.0479592208,1.5019800349329788,8.0,14.0,20.0,0.8,1.9685,1446.7905
696,729533.5489435575,869013.3812000866,0,729533.3822929305,869013.0479592208,0.3725881185512358,8.0,14.0,20.0,0.55,2.0617,1339.7825
697,729532.5490397947,869015.7971963637,0,729533.3822929305,869013.0479592208,2.8727366144394058,12.0,14.0,17.0,1.1765,5.7759,1339.7825
698,729533.7155941847,869012.714718355,0,729533.3822929305,869013.0479592208,0.4713164549646576,10.0,14.0,20.0,0.1,3.0225,2912.1403
699,729534.632172634,869013.1312694373,0,729533.3822929305,869013.0479592208,1.2526531305204416,7.0,14.0,20.0,0.6,1.8874,1693.5755
700,729531.0491841505,869012.714718355,0,729533.3822929305,869013.0479592208,2.3567872313518214,11.0,14.0,20.0,0.45,4.468,1278.0865
701,729534.8821485747,869013.4645103031,0,729533.3822929305,869013.0479592208,1.5566251178572692,8.0,14.0,20.0,0.1,1.947,2056.0705
702,729533.2989676169,869014.6308533334,0,729533.3822929305,869013.0479592208,1.5850857640794724,8.0,14.0,20.0,0.5,1.9509,1339.7825
703,729534.4655220069,869018.5464335065,0,729533.3822929305,869013.0479592208,5.604159589305928,12.0,14.0,17.0,0.5882,5.7373,1339.7825
704,729533.8822448119,869013.5478205195,0,729533.3822929305,869013.0479592208,0.7069746824469939,11.0,14.0,20.0,0.15,4.2939,2912.1345
705,729534.048895439,869012.3814774893,0,729533.3822929305,869013.0479592208,0.9426329099293301,7.0,14.0,20.0,0.6,1.8067,2056.0705
706,729533.7989194983,869013.7144409524,0,729533.3822929305,869013.0479592208,0.78598701996354,9.0,14.0,20.0,0.65,2.3593,1278.0865
707,729534.048895439,869012.9646490044,0,729533.3822929305,869013.0479592208,0.6717882825112595,10.0,14.0,20.0,0.9,3.2603,1446.7905
708,729535.6320763968,869013.5478205195,0,729533.3822929305,869013.0479592208,2.3046446501258133,11.0,14.0,20.0,0.6,4.2755,1693.5745
709,729533.3822929305,869014.4642329004,0,729533.3822929305,869013.0479592208,1.4162736795842648,8.0,14.0,20.0,0.35,1.9818,2056.0705
710,729532.3823891677,869012.2981672727,0,729533.3822929305,869013.0479592208,1.2497981838654213,9.0,14.0,20.0,0.4,2.293,1339.7825
711,729532.4657144812,869012.3814774893,0,729533.3822929305,869013.0479592208,1.1332757617905207,10.0,14.0,20.0,0.55,3.1422,1446.7905
712,729533.6322688712,869011.5483753247,0,729533.3822929305,869013.0479592208,1.5202762355768655,11.0,14.0,20.0,0.4,4.0998,1693.5745
713,729532.6323651084,869013.1312694373,0,729533.3822929305,869013.0479592208,0.7545411391027619,8.0,14.0,20.0,0.25,1.9679,2056.0705
714,729532.3823891677,869014.4642329004,0,729533.3822929305,869013.0479592208,1.7336777873652665,7.0,14.0,20.0,0.85,1.8095,1339.7825
715,729532.6323651084,869015.3806452814,0,729533.3822929305,869013.0479592208,2.4502685558183783,11.0,14.0,20.0,0.35,4.2571,1278.0865
716,729536.548654846,869014.0476818183,0,729533.3822929305,869013.0479592208,3.3204356720034935,8.0,14.0,20.0,0.3,1.9627,2056.0705
717,729534.7154979475,869012.9646490044,0,729533.3822929305,869013.0479592208,1.3358054534967483,9.0,14.0,20.0,0.3,2.3232,1339.7825
718,729533.0489916762,869013.7977511688,0,729533.3822929305,869013.0479592208,0.8205350031694634,11.0,14.0,20.0,0.5,4.4381,1446.7905
719,729532.6323651084,869012.7980285714,0,729533.3822929305,869013.0479592208,0.7904790117092555,10.0,14.0,20.0,0.55,3.194,2056.0705
720,729537.131932041,869014.380922684,0,729533.3822929305,869013.0479592208,3.979520706475027,7.0,14.0,20.0,0.6,1.8245,1693.5745
721,729533.3822929305,869014.0476818183,0,729533.3822929305,869013.0479592208,0.9997225974220783,11.0,14.0,20.0,0.2,4.3368,1278.0865
722,729536.382004219,869012.2981672727,0,729533.3822929305,869013.0479592208,3.0919986707238234,12.0,14.0,16.0,0.5,5.2901,2056.0705
723,729527.7161716077,869011.1318242424,0,729533.3822929305,869013.0479592208,5.981346345090961,11.0,14.0,20.0,0.25,4.1215,2912.1345
724,729533.2156423033,869013.631130736,0,729533.3822929305,869013.0479592208,0.60651582634485,12.0,14.0,14.0,0.1429,4.8738,2056.0763
725,729535.1321245154,869013.631130736,0,729533.3822929305,869013.0479592208,1.8444510271252614,7.0,14.0,20.0,0.35,1.9435,2912.1345
726,729533.5489435575,869013.3812000866,0,729533.3822929305,869013.0479592208,0.3725881185512358,12.0,14.0,17.0,0.3529,5.8253,1278.0865
727,729534.2988713797,869013.0479592208,0,729533.3822929305,869013.0479592208,0.9165784491924569,9.0,14.0,20.0,0.35,2.2795,2912.1345
728,729533.9655701255,869013.1312694373,0,729533.3822929305,869013.0479592208,0.5891968078338401,10.0,14.0,20.0,0.8,3.2886,1446.7905
729,729531.132509464,869013.1312694373,0,729533.3822929305,869013.0479592208,2.2513254402885168,8.0,14.0,20.0,0.5,1.9908,1693.5745
730,729533.3822929305,869012.881338788,0,729533.3822929305,869013.0479592208,0.1666204328648746,9.0,14.0,20.0,0.1,2.3357,1339.7825
731,729532.9656663627,869013.1312694373,0,729533.3822929305,869013.0479592208,0.4248744393214984,8.0,14.0,20.0,0.9,2.1208,1446.7905
732,729533.5489435575,869012.7980285714,0,729533.3822929305,869013.0479592208,0.30039600698012686,12.0,14.0,15.0,1.2,5.0359,1339.7825
733,729533.2156423033,869012.9646490044,0,729533.3822929305,869013.0479592208,0.1863143142489538,10.0,14.0,20.0,0.4,3.1123,2912.1345
734,729533.1323169897,869010.5486527273,0,729533.3822929305,869013.0479592208,2.5117764469998827,9.0,14.0,20.0,0.7,2.3782,1693.5745
735,729533.8822448119,869011.2151344588,0,729533.3822929305,869013.0479592208,1.8997890650796874,11.0,14.0,20.0,0.35,4.4859,1446.7905
736,729534.2988713797,869013.4645103031,0,729533.3822929305,869013.0479592208,1.0067923607534595,9.0,14.0,20.0,0.65,2.3581,2056.0705
737,729533.7155941847,869012.881338788,0,729533.3822929305,869013.0479592208,0.3726286283937788,8.0,14.0,20.0,0.55,2.0191,1446.7905
738,729534.4655220069,869014.8807839827,0,729533.3822929305,869013.0479592208,2.12899784864804,11.0,14.0,20.0,0.95,4.2412,1339.7825
739,729534.5488473204,869012.9646490044,0,729533.3822929305,869013.0479592208,1.1695254322539037,7.0,14.0,20.0,0.25,1.8281,2056.0705
740,729535.0487992018,869014.547543117,0,729533.3822929305,869013.0479592208,2.241873103895399,9.0,14.0,20.0,0.5,2.2929,1278.0877
741,729532.4657144812,869013.631130736,0,729533.3822929305,869013.0479592208,1.0863724360513731,9.0,14.0,20.0,0.4,2.3721,1446.7905
742,729533.0489916762,869013.2978898701,0,729533.3822929305,869013.0479592208,0.4165993946062925,11.0,14.0,20.0,0.7,4.2651,1446.7905
743,729535.215449829,869012.1315468398,0,729533.3822929305,869013.0479592208,2.0494574566343444,9.0,14.0,20.0,0.7,2.4153,2056.0705
744,729534.4655220069,869011.3817548918,0,729533.3822929305,869013.0479592208,1.9873656175505192,11.0,14.0,20.0,0.2,4.3941,1446.7905
745,729533.6322688712,869013.0479592208,0,729533.3822929305,869013.0479592208,0.24997594067826867,7.0,14.0,20.0,0.35,1.8929,2056.0705
746,729533.0489916762,869014.8807839827,0,729533.3822929305,869013.0479592208,1.862883875561176,9.0,14.0,20.0,0.9,2.2834,1278.0865
747,729533.2989676169,869013.5478205195,0,729533.3822929305,869013.0479592208,0.5067587452050498,8.0,14.0,20.0,0.5,2.0321,1446.7905
748,729533.465618244,869013.3812000866,0,729533.3822929305,869013.0479592208,0.3435004839379735,9.0,14.0,20.0,0.95,2.2706,1339.7825
749,729533.7155941847,869010.7152731603,0,729533.3822929305,869013.0479592208,2.356377300698332,11.0,14.0,20.0,0.75,4.2835,1446.7913
750,729536.2153535918,869013.631130736,0,729533.3822929305,869013.0479592208,2.892459459846405,11.0,14.0,20.0,0.3,4.2722,2056.0705
751,729536.2986789054,869011.2151344588,0,729533.3822929305,869013.0479592208,3.4444961550906945,8.0,14.0,20.0,0.25,2.0512,2056.0705
752,729534.632172634,869013.0479592208,0,729533.3822929305,869013.0479592208,1.2498797035077587,8.0,14.0,20.0,0.1,2.029,1339.7825
753,729532.3823891677,869014.8807839827,0,729533.3822929305,869013.0479592208,2.087834797731431,11.0,14.0,20.0,0.7,4.4025,1339.7825
754,729532.7156904219,869014.547543117,0,729533.3822929305,869013.0479592208,1.6410700064453052,12.0,14.0,15.0,0.2,5.1116,2056.0705
755,729534.5488473204,869012.7980285714,0,729533.3822929305,869013.0479592208,1.193027440607729,11.0,14.0,20.0,0.1,4.4357,2912.1345
756,729532.6323651084,869013.5478205195,0,729533.3822929305,869013.0479592208,0.9012508287849508,9.0,14.0,20.0,0.35,2.3455,2056.0705
757,729532.7990157355,869013.7977511688,0,729533.3822929305,869013.0479592208,0.949947499337582,11.0,14.0,20.0,0.65,4.2116,1446.7905
758,729532.882341049,869012.3814774893,0,729533.3822929305,869013.0479592208,0.8331565172959842,8.0,14.0,20.0,0.55,1.9024,2056.0705
759,729532.5490397947,869013.8810613853,0,729533.3822929305,869013.0479592208,1.178291137493992,9.0,14.0,20.0,1.0,2.3307,1339.7825
760,729534.8821485747,869012.6314081385,0,729533.3822929305,869013.0479592208,1.5566251178572692,11.0,14.0,20.0,0.65,4.2733,1446.7905
761,729532.9656663627,869013.0479592208,0,729533.3822929305,869013.0479592208,0.41662656783591956,7.0,14.0,20.0,0.25,1.9319,2056.0705
762,729534.5488473204,869013.7144409524,0,729533.3822929305,869013.0479592208,1.3435203917511223,8.0,14.0,20.0,0.95,2.0576,1278.0865
763,729532.7990157355,869011.964926407,0,729533.3822929305,869013.0479592208,1.2301107113122776,12.0,14.0,17.0,0.8824,5.5607,1339.7825
764,729534.1322207525,869012.6314081385,0,729533.3822929305,869013.0479592208,0.8578499533189603,7.0,14.0,20.0,0.2,1.8396,2912.1345
765,729534.3821966933,869013.7144409524,0,729533.3822929305,869013.0479592208,1.2016677716594555,9.0,14.0,20.0,0.75,2.4028,1278.0865
766,729532.7156904219,869013.1312694373,0,729533.3822929305,869013.0479592208,0.6717882826267763,8.0,14.0,20.0,0.65,1.9465,1446.7905
767,729536.2986789054,869013.631130736,0,729533.3822929305,869013.0479592208,2.974121075273316,9.0,14.0,20.0,0.85,2.6034,1339.7825
768,729533.2156423033,869014.2143022511,0,729533.3822929305,869013.0479592208,1.1781886503573993,10.0,14.0,20.0,0.5,3.0455,1446.7905
769,729533.5489435575,869011.6316855411,0,729533.3822929305,869013.0479592208,1.4260447283679925,8.0,14.0,20.0,0.6,1.9607,1693.5745
770,729531.2158347777,869011.8816161905,0,729533.3822929305,869013.0479592208,2.4604668240406333,9.0,14.0,20.0,0.55,2.6158,1339.7825
771,729534.7154979475,869010.0487914286,0,729533.3822929305,869013.0479592208,3.2821400127960345,7.0,14.0,20.0,0.25,1.9114,1446.7929
772,729533.7155941847,869011.964926407,0,729533.3822929305,869013.0479592208,1.1331592129688486,9.0,14.0,20.0,0.1,2.2849,1278.0865
773,729533.3822929305,869012.6314081385,0,729533.3822929305,869013.0479592208,0.4165510822786018,11.0,14.0,20.0,0.6,4.2909,1446.7905
774,729533.2989676169,869012.1315468398,0,729533.3822929305,869013.0479592208,0.9201927841076634,11.0,14.0,20.0,0.7,4.3085,2056.0705
775,729533.5489435575,869013.7144409524,0,729533.3822929305,869013.0479592208,0.6870009679888852,7.0,14.0,20.0,0.4,1.801,2056.0705
776,729531.9657625998,869012.9646490044,0,729533.3822929305,869013.0479592208,1.4189780723665444,9.0,14.0,20.0,0.75,2.3398,1278.0865
777,729533.9655701255,869012.7980285714,0,729533.3822929305,869013.0479592208,0.6345688423771964,8.0,14.0,20.0,0.8,1.8751,1446.7913
778,729532.9656663627,869013.1312694373,0,729533.3822929305,869013.0479592208,0.4248744393214984,7.0,14.0,20.0,0.9,1.9475,1339.7825
779,729534.1322207525,869012.7980285714,0,729533.3822929305,869013.0479592208,0.7904790115988123,9.0,14.0,20.0,0.95,2.517,1278.0865
780,729533.465618244,869014.547543117,0,729533.3822929305,869013.0479592208,1.5018971234459066,10.0,14.0,20.0,0.65,3.0756,1446.7905
781,729533.8822448119,869012.0482366234,0,729533.3822929305,869013.0479592208,1.11776435596609,11.0,14.0,20.0,0.3,4.2227,1693.5745
782,729534.4655220069,869013.631130736,0,729533.3822929305,869013.0479592208,1.2302334119690643,7.0,14.0,20.0,0.3,1.9102,2056.0705
783,729533.0489916762,869012.2981672727,0,729533.3822929305,869013.0479592208,0.8205350032758418,9.0,14.0,20.0,0.6,2.2636,1278.0865
784,729530.4659069555,869013.3812000866,0,729533.3822929305,869013.0479592208,2.9353631171596986,10.0,14.0,20.0,0.75,3.1763,1446.7905
785,729533.2156423033,869013.631130736,0,729533.3822929305,869013.0479592208,0.60651582634485,11.0,14.0,20.0,0.25,4.1642,1693.5745
786,729532.7990157355,869012.881338788,0,729533.3822929305,869013.0479592208,0.6066091450412249,10.0,14.0,20.0,0.7,3.0846,2056.0705
787,729534.3821966933,869013.9643716018,0,729533.3822929305,869013.0479592208,1.356325619809519,12.0,14.0,16.0,0.625,5.2537,1693.5745
788,729533.465618244,869013.0479592208,0,729533.3822929305,869013.0479592208,0.08332531352061778,7.0,14.0,20.0,0.15,1.8907,2912.1345
789,729532.7156904219,869013.5478205195,0,729533.3822929305,869013.0479592208,0.8331987892824261,9.0,14.0,20.0,0.95,2.2889,1278.0865
790,729533.0489916762,869013.2145796537,0,729533.3822929305,869013.0479592208,0.3726286284979076,10.0,14.0,20.0,0.6,3.1987,1446.7905
791,729533.2989676169,869012.4647877057,0,729533.3822929305,869013.0479592208,0.5890943251869329,10.0,14.0,20.0,1.0,3.1621,1693.5745
792,729532.7990157355,869010.7152731603,0,729533.3822929305,869013.0479592208,2.4045033881022864,10.0,14.0,20.0,0.7,3.0719,1693.5745
793,729532.3823891677,869013.1312694373,0,729533.3822929305,869013.0479592208,1.003368390513969,8.0,14.0,20.0,0.15,1.9555,1693.5745
794,729531.8824372862,869013.7144409524,0,729533.3822929305,869013.0479592208,1.6412692808525735,10.0,14.0,20.0,0.75,3.2505,1339.7825
795,729533.465618244,869013.631130736,0,729533.3822929305,869013.0479592208,0.5890943251704664,9.0,14.0,20.0,0.2,2.4047,1693.5745
796,729533.3822929305,869012.9646490044,0,729533.3822929305,869013.0479592208,0.0833102164324373,9.0,14.0,20.0,0.8,2.2834,1446.7905
797,729532.6323651084,869011.7983059741,0,729533.3822929305,869013.0479592208,1.4574035046866007,9.0,14.0,20.0,0.8,2.4118,1446.7905
798,729532.7990157355,869013.1312694373,0,729533.3822929305,869013.0479592208,0.5891968078338401,11.0,14.0,20.0,0.5,4.1104,1446.7905
799,729533.8822448119,869011.7149957576,0,729533.3822929305,869013.0479592208,1.4236374110285277,10.0,14.0,20.0,0.45,3.1419,2056.0705
800,729533.3822929305,869012.2148570563,0,729533.3822929305,869013.0479592208,0.8331021645572037,7.0,14.0,20.0,0.4,1.8678,1693.5745
801,729533.465618244,869009.382309697,0,729533.3822929305,869013.0479592208,3.666596451686152,11.0,14.0,20.0,0.7,4.2712,1278.0865
802,729533.465618244,869013.7144409524,0,729533.3822929305,869013.0479592208,0.6716703107907462,12.0,14.0,17.0,0.1176,5.8666,2056.0705
803,729533.3822929305,869012.2981672727,0,729533.3822929305,869013.0479592208,0.7497919481247663,8.0,14.0,20.0,0.45,2.0604,2912.1345
804,729533.8822448119,869013.631130736,0,729533.3822929305,869013.0479592208,0.7681411977928791,9.0,14.0,20.0,0.9,2.5097,1339.7825
805,729533.1323169897,869015.297335065,0,729533.3822929305,869013.0479592208,2.263223289731557,8.0,14.0,20.0,0.65,2.0155,1446.7905
806,729533.465618244,869010.8818935931,0,729533.3822929305,869013.0479592208,2.167667735474196,11.0,14.0,20.0,0.2,4.507,1339.7825
807,729532.9656663627,869013.2145796537,0,729533.3822929305,869013.0479592208,0.4487093331710588,8.0,14.0,20.0,0.15,2.1061,2056.0705
808,729532.2157385405,869013.5478205195,0,729533.3822929305,869013.0479592208,1.2691376847085414,11.0,14.0,20.0,1.0,4.2624,1339.7825
809,729533.2989676169,869012.9646490044,0,729533.3822929305,869013.0479592208,0.1178291137823309,12.0,14.0,14.0,0.7857,4.7525,2056.0705
810,729532.2157385405,869011.964926407,0,729533.3822929305,869013.0479592208,1.5917943399459304,8.0,14.0,20.0,0.45,2.2238,2912.1345
811,729533.2989676169,869010.3820322944,0,729533.3822929305,869013.0479592208,2.6672288025035034,9.0,14.0,20.0,0.4,2.3996,1339.7825
812,729533.9655701255,869011.7149957576,0,729533.3822929305,869013.0479592208,1.4549927424587505,12.0,14.0,16.0,0.3125,5.2997,1446.7905
813,729533.1323169897,869012.5480979221,0,729533.3822929305,869013.0479592208,0.5588821780351151,10.0,14.0,20.0,0.25,3.1322,2912.1345
814,729534.9654738883,869013.2145796537,0,729533.3822929305,869013.0479592208,1.5919247199103423,9.0,14.0,20.0,0.85,2.6456,1693.5745
815,729534.2155460662,869014.1309920347,0,729533.3822929305,869013.0479592208,1.3664811978189024,12.0,14.0,15.0,0.6667,5.0036,1446.7905
816,729533.5489435575,869014.380922684,0,729533.3822929305,869013.0479592208,1.3433406215814925,9.0,14.0,20.0,0.2,2.2051,2912.1345
817,729531.9657625998,869011.3817548918,0,729533.3822929305,869013.0479592208,2.186960229100361,9.0,14.0,20.0,0.5,2.3401,1446.7905
818,729532.882341049,869013.2145796537,0,729533.3822929305,869013.0479592208,0.5269860078184463,10.0,14.0,20.0,0.1,3.1872,1446.7905
819,729533.3822929305,869012.714718355,0,729533.3822929305,869013.0479592208,0.3332408658461645,9.0,14.0,20.0,0.6,2.5484,1693.5745
820,729533.2156423033,869015.3806452814,0,729533.3822929305,869013.0479592208,2.3386313708508757,11.0,14.0,20.0,0.9,4.1525,1446.7905
821,729533.465618244,869013.1312694373,0,729533.3822929305,869013.0479592208,0.11782911370000537,12.0,14.0,16.0,0.25,5.3959,2056.0705
822,729534.7154979475,869013.631130736,0,729533.3822929305,869013.0479592208,1.4551716852331795,8.0,14.0,20.0,0.4,1.9649,2912.1345
823,729533.3822929305,869011.1318242424,0,729533.3822929305,869013.0479592208,1.9161349784117192,10.0,14.0,20.0,0.55,3.191,1339.7825
824,729530.7992082098,869015.0474044156,0,729533.3822929305,869013.0479592208,3.2665130890275824,7.0,14.0,20.0,0.35,1.7647,1693.5745
825,729533.0489916762,869013.0479592208,0,729533.3822929305,869013.0479592208,0.3333012543153018,12.0,14.0,16.0,0.3125,5.4224,1278.0865
826,729535.2987751425,869014.7974737663,0,729533.3822929305,869013.0479592208,2.5949383834051196,11.0,14.0,20.0,0.3,4.2367,2912.1345
827,729533.7989194983,869012.3814774893,0,729533.3822929305,869013.0479592208,0.78598701996354,12.0,14.0,15.0,0.3333,5.2558,2056.0705
828,729533.5489435575,869012.9646490044,0,729533.3822929305,869013.0479592208,0.186314314144825,10.0,14.0,20.0,0.25,3.1143,2912.1345
829,729533.7989194983,869013.7977511688,0,729533.3822929305,869013.0479592208,0.8577678370776651,8.0,14.0,20.0,0.7,2.015,1693.5745
830,729532.7156904219,869012.9646490044,0,729533.3822929305,869013.0479592208,0.6717882826267763,10.0,14.0,20.0,0.8,3.3975,1339.7825
831,729534.1322207525,869003.0507332467,0,729533.3822929305,869013.0479592208,10.025313906086376,11.0,14.0,20.0,0.6,4.1891,1693.5745
832,729533.2989676169,869013.2978898701,0,729533.3822929305,869013.0479592208,0.263454810832685,11.0,14.0,20.0,0.05,4.3254,2056.0705
833,729533.5489435575,869012.6314081385,0,729533.3822929305,869013.0479592208,0.44865046042627826,12.0,14.0,19.0,0.5789,6.4821,2056.0705
834,729533.2156423033,869011.3817548918,0,729533.3822929305,869013.0479592208,1.6745176312907806,7.0,14.0,20.0,0.35,1.869,2912.1345
835,729533.2989676169,869010.4653425108,0,729533.3822929305,869013.0479592208,2.583960560573643,9.0,14.0,20.0,0.1,2.3879,1278.0865
836,729534.3821966933,869012.714718355,0,729533.3822929305,869013.0479592208,1.053972015563257,8.0,14.0,20.0,0.2,2.0414,1446.7905
837,729534.2155460662,869014.0476818183,0,729533.3822929305,869013.0479592208,1.3014438366304169,12.0,14.0,18.0,0.8333,6.0371,1339.7825
838,729532.7990157355,869012.3814774893,0,729533.3822929305,869013.0479592208,0.8856693427707634,11.0,14.0,20.0,0.3,4.1843,2912.1345
839,729532.299063854,869012.3814774893,0,729533.3822929305,869013.0479592208,1.2718424157995931,11.0,14.0,20.0,0.35,4.295,2056.0705
840,729535.6320763968,869012.0482366234,0,729533.3822929305,869013.0479592208,2.4619039211961122,8.0,14.0,20.0,0.4,2.0763,2056.0705
841,729533.1323169897,869012.9646490044,0,729533.3822929305,869013.0479592208,0.26349300396444475,12.0,14.0,18.0,0.0556,5.5972,1339.7825
842,729532.7990157355,869012.6314081385,0,729533.3822929305,869013.0479592208,0.7167475778452566,11.0,14.0,20.0,0.45,4.3235,2912.1345
843,729533.6322688712,869012.7980285714,0,729533.3822929305,869013.0479592208,0.35348734126465226,7.0,14.0,20.0,0.6,1.77,2056.0705
844,729533.465618244,869013.7144409524,0,729533.3822929305,869013.0479592208,0.6716703107907462,7.0,14.0,20.0,0.95,1.8882,1278.0865
845,729533.5489435575,869010.9652038096,0,729533.3822929305,869013.0479592208,2.0894120069280664,9.0,14.0,20.0,0.75,2.3299,1278.0865
846,729532.2157385405,869015.3806452814,0,729533.3822929305,869013.0479592208,2.608116830587556,12.0,14.0,16.0,0.625,5.2859,1446.7905
847,729532.9656663627,869013.631130736,0,729533.3822929305,869013.0479592208,0.7167054577031461,12.0,14.0,15.0,0.0667,5.0265,2912.1345
848,729533.3822929305,869011.7149957576,0,729533.3822929305,869013.0479592208,1.3329634632682428,12.0,14.0,16.0,0.375,5.3844,2912.1345
849,729532.7990157355,869012.9646490044,0,729533.3822929305,869013.0479592208,0.5891968078338401,10.0,14.0,20.0,0.25,3.0576,2912.1345
850,729534.7988232612,869013.631130736,0,729533.3822929305,869013.0479592208,1.5318770165290008,8.0,14.0,20.0,0.5,1.9641,1693.5745
851,729536.0487029647,869013.1312694373,0,729533.3822929305,869013.0479592208,2.667711202979321,7.0,14.0,20.0,0.5,1.9842,1339.7825
852,729536.382004219,869012.881338788,0,729533.3822929305,869013.0479592208,3.004335231450251,7.0,14.0,20.0,0.2,1.8269,1278.0865
853,729533.9655701255,869012.4647877057,0,729533.3822929305,869013.0479592208,0.8248037962293249,7.0,14.0,20.0,0.1,1.7387,1278.0865
854,729533.9655701255,869013.2145796537,0,729533.3822929305,869013.0479592208,0.6066091450412249,7.0,14.0,20.0,0.7,1.8065,1278.0865
855,729535.3821004562,869010.6319629437,0,729533.3822929305,869013.0479592208,3.136282536818601,9.0,14.0,20.0,0.85,2.3334,1278.0865
857,729534.8821485747,869012.2981672727,0,729533.3822929305,869013.0479592208,1.6768288281364365,12.0,14.0,15.0,0.4,5.1497,2056.0705
858,729534.2155460662,869012.7980285714,0,729533.3822929305,869013.0479592208,0.8699288003183477,7.0,14.0,20.0,0.1,2.0316,2912.1345
859,729533.7155941847,869016.3803678788,0,729533.3822929305,869013.0479592208,3.3490352625699757,12.0,14.0,17.0,0.8824,5.8044,1278.0865
860,729533.2156423033,869012.3814774893,0,729533.3822929305,869013.0479592208,0.6870009680171248,9.0,14.0,20.0,0.05,2.3462,2912.1345
861,729532.1324132269,869012.2981672727,0,729533.3822929305,869013.0479592208,1.4575277832701459,10.0,14.0,20.0,0.7,3.1666,1446.7905
862,729536.1320282782,869008.5492075325,0,729533.3822929305,869013.0479592208,5.272552629911364,12.0,14.0,16.0,0.6875,5.6634,1693.5745
863,729532.5490397947,869014.0476818183,0,729533.3822929305,869013.0479592208,1.3014438367049521,11.0,14.0,20.0,0.05,4.3639,2912.1345
864,729533.2156423033,869010.9652038096,0,729533.3822929305,869013.0479592208,2.089412006937352,10.0,14.0,20.0,0.35,3.1483,2056.0705
865,729531.6324613455,869012.881338788,0,729533.3822929305,869013.0479592208,1.7577465529604053,11.0,14.0,20.0,0.1,4.4025,1693.5745
866,729535.3821004562,869012.9646490044,0,729533.3822929305,869013.0479592208,2.0015420884518793,12.0,14.0,16.0,0.375,5.4948,2056.0725
867,729534.3821966933,869012.7980285714,0,729533.3822929305,869013.0479592208,1.0306662235840176,11.0,14.0,20.0,0.15,4.2441,2912.1345
868,729533.465618244,869013.3812000866,0,729533.3822929305,869013.0479592208,0.3435004839379735,11.0,14.0,20.0,0.5,4.2596,2056.0705
869,729535.4654257697,869012.5480979221,0,729533.3822929305,869013.0479592208,2.142266030075989,9.0,14.0,20.0,0.7,2.5341,2056.0705
870,729536.2986789054,869012.714718355,0,729533.3822929305,869013.0479592208,2.935363117057252,8.0,14.0,20.0,0.4,1.9576,1446.7905
871,729532.4657144812,869012.2148570563,0,729533.3822929305,869013.0479592208,1.2386182908093013,10.0,14.0,20.0,0.35,3.3287,1339.7825
872,729533.0489916762,869013.0479592208,0,729533.3822929305,869013.0479592208,0.3333012543153018,11.0,14.0,20.0,0.45,4.5308,1693.5745
873,729535.9653776512,869012.5480979221,0,729533.3822929305,869013.0479592208,2.631005129606887,11.0,14.0,20.0,0.55,4.449,2056.0705
874,729533.8822448119,869009.4656199134,0,729533.3822929305,869013.0479592208,3.617057754181516,7.0,14.0,20.0,0.15,1.9,2056.0705
875,729533.2989676169,869013.631130736,0,729533.3822929305,869013.0479592208,0.5890943251869329,12.0,14.0,17.0,0.1176,5.6563,1278.0865
876,729532.2157385405,869013.2978898701,0,729533.3822929305,869013.0479592208,1.1930274406971728,7.0,14.0,20.0,0.4,1.8576,2912.1345
877,729533.1323169897,869014.7974737663,0,729533.3822929305,869013.0479592208,1.7672829755443322,9.0,14.0,20.0,0.8,2.3221,1278.0865
878,729532.0490879134,869012.2981672727,0,729533.3822929305,869013.0479592208,1.5295828134536478,11.0,14.0,20.0,0.55,4.3398,1446.7905
879,729535.0487992018,869013.5478205195,0,729533.3822929305,869013.0479592208,1.7398576006032493,10.0,14.0,20.0,0.3,3.0216,2056.0705
880,729534.5488473204,869013.631130736,0,729533.3822929305,869013.0479592208,1.304200199586474,12.0,14.0,17.0,0.5294,5.628,1693.5745
881,729533.2989676169,869013.2978898701,0,729533.3822929305,869013.0479592208,0.263454810832685,10.0,14.0,20.0,0.2,3.1344,2912.1374
882,729533.8822448119,869014.2143022511,0,729533.3822929305,869013.0479592208,1.2689790967430838,7.0,14.0,20.0,0.75,1.8146,1693.5745
883,729531.5491360319,869012.1315468398,0,729533.3822929305,869013.0479592208,2.049457456738473,7.0,14.0,20.0,0.55,1.8685,1278.0865
884,729534.4655220069,869015.0474044156,0,729533.3822929305,869013.0479592208,2.274019858877702,8.0,14.0,20.0,0.15,1.9987,1278.0865
885,729533.7989194983,869014.6308533334,0,729533.3822929305,869013.0479592208,1.636805262889093,11.0,14.0,20.0,0.4,4.4031,1339.7825
886,729532.2157385405,869013.1312694373,0,729533.3822929305,869013.0479592208,1.1695254323700233,11.0,14.0,20.0,0.2,4.271,2056.0705
887,729533.3822929305,869012.6314081385,0,729533.3822929305,869013.0479592208,0.4165510822786018,12.0,14.0,16.0,0.375,5.386,2056.0705
888,729533.1323169897,869013.631130736,0,729533.3822929305,869013.0479592208,0.6344895484174072,7.0,14.0,20.0,0.55,1.9276,2912.1345
889,729532.299063854,869013.8810613853,0,729533.3822929305,869013.0479592208,1.3665447114889593,7.0,14.0,20.0,1.0,1.9028,1278.0865
890,729533.3822929305,869013.2145796537,0,729533.3822929305,869013.0479592208,0.1666204328648746,7.0,14.0,20.0,0.5,1.8712,1278.0865
891,729533.465618244,869012.881338788,0,729533.3822929305,869013.0479592208,0.1862940592756179,8.0,14.0,20.0,0.9,2.1168,1278.0865
892,729532.6323651084,869014.2143022511,0,729533.3822929305,869013.0479592208,1.3866318194587293,12.0,14.0,16.0,1.125,5.5525,1339.7825
893,729533.2989676169,869011.7149957576,0,729533.3822929305,869013.0479592208,1.3355653118813688,8.0,14.0,20.0,0.35,2.0972,2912.1345
894,729534.1322207525,869013.9643716018,0,729533.3822929305,869013.0479592208,1.1841466928944955,8.0,14.0,20.0,0.65,1.9743,1339.7825
895,729533.2156423033,869007.716105368,0,729533.3822929305,869013.0479592208,5.33445760500337,11.0,14.0,20.0,0.4,4.5067,1339.7825
896,729534.3821966933,869011.7149957576,0,729533.3822929305,869013.0479592208,1.6663130346152373,8.0,14.0,20.0,0.15,2.064,2056.0705
897,729534.048895439,869013.2145796537,0,729533.3822929305,869013.0479592208,0.6871108156662116,11.0,14.0,20.0,0.4,4.226,1339.7825
898,729533.5489435575,869012.4647877057,0,729533.3822929305,869013.0479592208,0.6065158263128629,7.0,14.0,20.0,0.4,1.7944,2056.0705
899,729529.9659550742,869011.5483753247,0,729533.3822929305,869013.0479592208,3.730967194990718,11.0,14.0,20.0,0.8,4.3036,1278.0865
900,729533.465618244,869013.1312694373,0,729533.3822929305,869013.0479592208,0.11782911370000537,10.0,14.0,20.0,0.15,3.2858,2056.0705
901,729533.465618244,869013.0479592208,0,729533.3822929305,869013.0479592208,0.08332531352061778,12.0,14.0,15.0,1.0,5.247,1693.5745
902,729536.6319801597,869013.9643716018,0,729533.3822929305,869013.0479592208,3.3764298807232023,9.0,14.0,20.0,0.35,2.3106,2912.1345
903,729533.6322688712,869011.6316855411,0,729533.3822929305,869013.0479592208,1.43816518756744,7.0,14.0,20.0,0.25,1.8274,1446.7905
904,729533.2989676169,869012.1315468398,0,729533.3822929305,869013.0479592208,0.9201927841076634,10.0,14.0,20.0,0.35,3.2888,1278.0865
905,729533.2989676169,869014.1309920347,0,729533.3822929305,869013.0479592208,1.0862334849277755,9.0,14.0,20.0,0.45,2.2828,1693.5745
906,729533.1323169897,869011.2151344588,0,729533.3822929305,869013.0479592208,1.849793117919028,10.0,14.0,20.0,0.75,3.0547,1446.7905
907,729531.5491360319,869013.2145796537,0,729533.3822929305,869013.0479592208,1.840713607163783,9.0,14.0,20.0,0.25,2.3737,1693.5745
908,729531.7991119727,869014.8807839827,0,729533.3822929305,869013.0479592208,2.4219224911031354,9.0,14.0,20.0,0.5,2.3237,1446.7905
909,729533.6322688712,869014.4642329004,0,729533.3822929305,869013.0479592208,1.4381651874527968,8.0,14.0,20.0,0.35,1.9006,1446.7905
910,729530.965858837,869013.4645103031,0,729533.3822929305,869013.0479592208,2.4520743325502985,10.0,14.0,20.0,0.65,3.0931,1339.7825
911,729532.7156904219,869011.048514026,0,729533.3822929305,869013.0479592208,2.1076384869559583,12.0,14.0,14.0,0.2857,4.7065,1693.5745
913,729533.7155941847,869014.380922684,0,729533.3822929305,869013.0479592208,1.37400193600601,7.0,14.0,20.0,0.2,1.9742,1693.5745
914,729534.2988713797,869013.4645103031,0,729533.3822929305,869013.0479592208,1.0067923607534595,12.0,14.0,15.0,0.6,5.2462,1278.0865
915,729534.1322207525,869014.6308533334,0,729533.3822929305,869013.0479592208,1.7515551689446045,11.0,14.0,20.0,0.15,4.2038,2912.1345
916,729533.2989676169,869013.3812000866,0,729533.3822929305,869013.0479592208,0.3435004839662132,12.0,14.0,16.0,0.5625,5.4612,2056.0705
917,729531.3824854048,869012.714718355,0,729533.3822929305,869013.0479592208,2.027382453892751,12.0,14.0,17.0,0.5882,5.728,2912.1345
918,729533.6322688712,869011.7149957576,0,729533.3822929305,869013.0479592208,1.3562004148819795,12.0,14.0,15.0,0.0667,5.0329,2912.1345
919,729534.048895439,869013.7144409524,0,729533.3822929305,869013.0479592208,0.9426329099293301,10.0,14.0,20.0,0.1,3.264,2912.1345
920,729532.1324132269,869011.8816161905,0,729533.3822929305,869013.0479592208,1.7095482847321408,10.0,14.0,20.0,0.55,3.1315,1693.5745
921,729535.215449829,869013.0479592208,0,729533.3822929305,869013.0479592208,1.8331568985013291,7.0,14.0,20.0,0.4,1.8675,1693.5745
922,729532.299063854,869013.9643716018,0,729533.3822929305,869013.0479592208,1.4188716940349537,7.0,14.0,20.0,0.2,1.7299,1278.0865
923,729535.3821004562,869011.5483753247,0,729533.3822929305,869013.0479592208,2.4995963676610016,8.0,14.0,20.0,0.4,2.0147,1278.0865
924,729533.7989194983,869012.7980285714,0,729533.3822929305,869013.0479592208,0.48584259441006766,12.0,14.0,16.0,0.5,5.7301,1339.7825
925,729531.2158347777,869012.881338788,0,729533.3822929305,869013.0479592208,2.1728560229692455,11.0,14.0,20.0,0.4,4.2879,2912.1345
926,729535.1321245154,869012.1315468398,0,729533.3822929305,869013.0479592208,1.9752777595618791,11.0,14.0,20.0,0.4,4.3213,2056.0705
927,729533.2989676169,869011.964926407,0,729533.3822929305,869013.0479592208,1.0862334849277755,8.0,14.0,20.0,0.25,1.9905,2056.0705
928,729533.0489916762,869014.2976124675,0,729533.3822929305,869013.0479592208,1.293337915304607,12.0,14.0,17.0,0.9412,6.0355,1339.7825
929,729533.0489916762,869013.2145796537,0,729533.3822929305,869013.0479592208,0.3726286284979076,12.0,14.0,17.0,0.2941,5.907,2912.1345
930,729533.1323169897,869015.3806452814,0,729533.3822929305,869013.0479592208,2.346041821488269,12.0,14.0,16.0,0.75,5.5482,2912.1345
931,729534.048895439,869012.1315468398,0,729533.3822929305,869013.0479592208,1.1332124939253498,7.0,14.0,20.0,0.2,1.8483,2912.1345
932,729531.132509464,869013.3812000866,0,729533.3822929305,869013.0479592208,2.274329598039954,7.0,14.0,20.0,0.7,1.8864,1278.0865
933,729534.7988232612,869013.7144409524,0,729533.3822929305,869013.0479592208,1.5654890853083208,7.0,14.0,20.0,0.1,1.8416,1278.0865
934,729533.2989676169,869011.7149957576,0,729533.3822929305,869013.0479592208,1.3355653118813688,10.0,14.0,20.0,0.4,3.1401,1278.0865
935,729531.9657625998,869013.9643716018,0,729533.3822929305,869013.0479592208,1.6871187953805025,11.0,14.0,20.0,0.35,4.1266,1693.5745
936,729533.9655701255,869013.631130736,0,729533.3822929305,869013.0479592208,0.8248037962293249,11.0,14.0,20.0,0.4,4.4623,2056.0705
937,729532.7156904219,869014.7141635498,0,729533.3822929305,869013.0479592208,1.7946018417699963,9.0,14.0,20.0,0.4,2.3778,2056.0705
938,729534.3821966933,869015.9638167965,0,729533.3822929305,869013.0479592208,3.082536769738363,9.0,14.0,20.0,0.5,2.3998,1446.7917
939,729533.465618244,869012.4647877057,0,729533.3822929305,869013.0479592208,0.5890943251704664,10.0,14.0,20.0,0.25,3.1832,1446.7905
940,729534.4655220069,869013.1312694373,0,729533.3822929305,869013.0479592208,1.0864280114265865,10.0,14.0,20.0,0.65,3.212,1693.5745
941,729533.7155941847,869012.6314081385,0,729533.3822929305,869013.0479592208,0.5334833926168885,11.0,14.0,20.0,0.6,4.2879,1693.5745
942,729533.7989194983,869013.1312694373,0,729533.3822929305,869013.0479592208,0.4248744393214984,12.0,14.0,16.0,0.625,5.3852,2056.0705
943,729533.2989676169,869012.6314081385,0,729533.3822929305,869013.0479592208,0.4248033804481603,9.0,14.0,20.0,0.45,2.363,2912.1345
944,729533.0489916762,869011.8816161905,0,729533.3822929305,869013.0479592208,1.2130316526897,12.0,14.0,16.0,1.25,5.4413,1446.7905
945,729531.715786659,869012.2981672727,0,729533.3822929305,869013.0479592208,1.8274110425102927,8.0,14.0,20.0,0.1,2.0413,2912.1345
946,729532.9656663627,869014.380922684,0,729533.3822929305,869013.0479592208,1.396556225550712,7.0,14.0,20.0,0.35,1.8232,1339.7825
947,729533.5489435575,869011.4650651083,0,729533.3822929305,869013.0479592208,1.5916426116085016,11.0,14.0,20.0,0.6,4.2259,1278.0865
948,729533.6322688712,869013.3812000866,0,729533.3822929305,869013.0479592208,0.4165782585665004,8.0,14.0,20.0,0.35,1.9907,2056.0705
949,729532.1324132269,869010.298722078,0,729533.3822929305,869013.0479592208,3.020017241866588,10.0,14.0,20.0,0.95,3.1278,1339.7825
950,729529.9659550742,869011.3817548918,0,729533.3822929305,869013.0479592208,3.801000028219781,7.0,14.0,20.0,0.15,1.8305,1693.5745
951,729531.0491841505,869008.5492075325,0,729533.3822929305,869013.0479592208,5.06775722899407,10.0,14.0,20.0,0.05,3.1085,1278.0865
952,729533.7155941847,869011.2151344588,0,729533.3822929305,869013.0479592208,1.8628838756548842,9.0,14.0,20.0,0.15,2.2605,1693.5745
953,729533.5489435575,869012.7980285714,0,729533.3822929305,869013.0479592208,0.30039600698012686,12.0,14.0,16.0,0.1875,5.4145,1446.7905
954,729533.8822448119,869014.1309920347,0,729533.3822929305,869013.0479592208,1.1928587341163124,8.0,14.0,20.0,0.3,2.0349,2912.1365
955,729533.8822448119,869012.881338788,0,729533.3822929305,869013.0479592208,0.526986007708003,12.0,14.0,15.0,1.0,5.0567,1339.7825
956,729533.2989676169,869011.964926407,0,729533.3822929305,869013.0479592208,1.0862334849277755,7.0,14.0,20.0,0.15,1.89,2912.1345
957,729533.7155941847,869012.2981672727,0,729533.3822929305,869013.0479592208,0.8205350032285539,7.0,14.0,20.0,0.5,1.7949,1278.0865
958,729535.9653776512,869015.297335065,0,729533.3822929305,869013.0479592208,3.4252034045113016,10.0,14.0,20.0,0.6,3.3473,1278.0865
959,729532.3823891677,869012.9646490044,0,729533.3822929305,869013.0479592208,1.003368390513969,12.0,14.0,15.0,0.1333,5.2246,1693.5745
960,729532.882341049,869010.8818935931,0,729533.3822929305,869013.0479592208,2.2230142121297525,11.0,14.0,20.0,0.25,4.3005,2912.1345
961,729534.1322207525,869011.7983059741,0,729533.3822929305,869013.0479592208,1.4574035046266978,8.0,14.0,20.0,0.3,2.0485,2056.0705
962,729533.465618244,869014.380922684,0,729533.3822929305,869013.0479592208,1.3355653117579172,7.0,14.0,20.0,0.45,1.8526,1339.7825
963,729533.7155941847,869012.881338788,0,729533.3822929305,869013.0479592208,0.3726286283937788,7.0,14.0,20.0,0.4,1.7506,1278.0865
964,729534.1322207525,869013.9643716018,0,729533.3822929305,869013.0479592208,1.1841466928944955,12.0,14.0,17.0,1.1765,5.8666,1278.0865
965,729533.5489435575,869013.9643716018,0,729533.3822929305,869013.0479592208,0.9314419378170278,9.0,14.0,20.0,0.25,2.3197,2912.1369
966,729535.8820523375,869012.9646490044,0,729533.3822929305,869013.0479592208,2.501147273777494,8.0,14.0,20.0,0.75,2.1616,1446.7905
967,729531.9657625998,869012.6314081385,0,729533.3822929305,869013.0479592208,1.4765070205869422,8.0,14.0,20.0,0.25,2.0559,1339.7825
968,729533.7155941847,869013.7144409524,0,729533.3822929305,869013.0479592208,0.7451762372586629,7.0,14.0,20.0,0.65,1.7754,1339.7834
