node_id,x,y,gateway_id,gw_x,gw_y,distance_m,sf,tp,lambda,PDR,Energy_mJ,Latency_ms
1,729476.63775439,868992.2204051083,0,729533.3822929305,869013.0479592208,60.446088909731984,12.0,14.0,17.0,0.1765,5.6186,2056.0705
3,729545.9644152793,869031.3762068398,0,729533.3822929305,869013.0479592208,22.231384652862335,10.0,14.0,20.0,0.4,3.2336,1278.0865
4,729546.631017788,869009.6322403464,0,729533.3822929305,869013.0479592208,13.681953288103585,10.0,14.0,20.0,0.35,3.2255,1693.5745
5,729517.6338086659,869040.3737102165,0,729533.3822929305,869013.0479592208,31.53904602407904,10.0,14.0,20.0,0.4,3.1064,1693.5745
6,729540.631595211,869012.9646490044,0,729533.3822929305,869013.0479592208,7.2497809722778985,8.0,14.0,20.0,0.2,2.0382,1693.5745
7,729512.9675911061,869014.7141635498,0,729533.3822929305,869013.0479592208,20.482584979591383,10.0,14.0,20.0,0.95,3.189,1339.7825
8,729508.3846988598,868985.8055184416,0,729533.3822929305,869013.0479592208,36.97337270164963,12.0,14.0,17.0,0.3529,6.0667,1693.5745
10,729503.7184812999,869027.7105573161,0,729533.3822929305,869013.0479592208,33.08977943953083,11.0,14.0,20.0,0.35,4.2571,1446.7905
11,729516.4672542759,869019.7127765368,0,729533.3822929305,869013.0479592208,18.180712927206844,7.0,14.0,20.0,0.25,1.8108,2056.0705
12,729570.8786840366,869018.5464335065,0,729533.3822929305,869013.0479592208,37.8973952330269,7.0,14.0,20.0,0.45,1.8021,1278.0865
13,729509.1346266819,869012.714718355,0,729533.3822929305,869013.0479592208,24.249956040733103,11.0,14.0,20.0,0.15,4.2011,1278.0865
14,729520.2168933866,869016.2970576624,0,729533.3822929305,869013.0479592208,13.560397701932386,9.0,14.0,20.0,0.35,2.5033,2056.0705
15,729541.3815230331,869008.3825870996,0,729533.3822929305,869013.0479592208,9.260312050076182,8.0,14.0,20.0,0.7,1.9401,1446.7905
16,729525.7996893957,869016.047127013,0,729533.3822929305,869013.0479592208,8.154194246608936,7.0,14.0,20.0,0.7,2.0153,1339.7825
17,729540.1316433295,868995.3861933333,0,729533.3822929305,869013.0479592208,18.9074510464565,8.0,14.0,20.0,0.55,2.0602,1278.0865
18,729540.631595211,869018.9629845888,0,729533.3822929305,869013.0479592208,9.356276431237502,12.0,14.0,16.0,0.4375,5.5546,1339.7825
19,729535.798727024,869015.297335065,0,729533.3822929305,869013.0479592208,3.3013399425705408,8.0,14.0,20.0,0.45,1.8972,2912.1345
20,729552.1304884835,869016.7969189611,0,729533.3822929305,869013.0479592208,19.119349769969684,12.0,14.0,14.0,1.3571,4.8957,1339.7825
21,729543.0480293045,869038.2909548052,0,729533.3822929305,869013.0479592208,27.030266105321317,7.0,14.0,20.0,0.1,1.8857,2912.1345
22,729532.0490879134,868986.0554490909,0,729533.3822929305,869013.0479592208,27.02541468196442,8.0,14.0,20.0,0.1,2.1188,1278.0865
23,729532.4657144812,868995.0529524676,0,729533.3822929305,869013.0479592208,18.018334665090013,11.0,14.0,20.0,0.15,4.3059,1339.7825
24,729535.2987751425,869011.7149957576,0,729533.3822929305,869013.0479592208,2.334458323338543,10.0,14.0,20.0,0.2,3.3986,2056.0705
25,729517.3838327252,869017.9632619914,0,729533.3822929305,869013.0479592208,16.73651487813268,7.0,14.0,20.0,0.9,1.9041,1693.5745
26,729503.9684572406,868990.6375109957,0,729533.3822929305,869013.0479592208,36.97839801345836,10.0,14.0,20.0,0.1,3.1789,1278.0865
27,729531.715786659,869014.6308533334,0,729533.3822929305,869013.0479592208,2.298433580595819,12.0,14.0,15.0,0.0667,5.1127,1693.5745
28,729558.5465376283,869016.047127013,0,729533.3822929305,869013.0479592208,25.34234043365256,7.0,14.0,20.0,0.65,1.9697,2912.1345
29,729538.7984383125,869021.2956706494,0,729533.3822929305,869013.0479592208,9.867085416045517,9.0,14.0,20.0,0.35,2.4618,1278.0865
30,729538.881763626,868988.2215147186,0,729533.3822929305,869013.0479592208,25.428262318778042,10.0,14.0,20.0,0.4,3.1112,1446.7905
31,729528.632750057,869009.1323790477,0,729533.3822929305,869013.0479592208,6.155479315147175,7.0,14.0,20.0,0.15,1.7718,1693.5745
32,729543.4646558723,869014.4642329004,0,729533.3822929305,869013.0479592208,10.181349302817285,8.0,14.0,20.0,0.8,1.9916,1278.0865
33,729543.714631813,869020.6291889178,0,729533.3822929305,869013.0479592208,12.815313905678972,10.0,14.0,20.0,0.65,3.3607,1339.7825
34,729504.5517344356,869004.2170762771,0,729533.3822929305,869013.0479592208,30.15270463313464,12.0,14.0,16.0,0.5625,5.5276,1693.5745
35,729536.1320282782,869016.8802291775,0,729533.3822929305,869013.0479592208,4.716708333513523,10.0,14.0,20.0,0.05,3.2476,2912.1345
36,729499.7188662486,869004.0504558441,0,729533.3822929305,869013.0479592208,34.845105294434326,10.0,14.0,20.0,0.65,3.1697,1693.5745
37,729510.8011329533,869020.4625684848,0,729533.3822929305,869013.0479592208,23.767314035364013,7.0,14.0,20.0,0.2,1.9558,1693.5745
38,729508.1347229191,869018.8796743724,0,729533.3822929305,869013.0479592208,25.912327048919398,8.0,14.0,20.0,0.5,2.1463,1278.0865
39,729553.1303922463,869007.3828645021,0,729533.3822929305,869013.0479592208,20.54460330009307,8.0,14.0,20.0,0.15,1.9256,1339.7825
40,729572.6285156214,869029.8766229438,0,729533.3822929305,869013.0479592208,42.70210671858197,8.0,14.0,20.0,0.25,2.0713,1339.7825
41,729526.6329425314,869012.5480979221,0,729533.3822929305,869013.0479592208,6.767835113842576,7.0,14.0,20.0,0.15,1.7825,1339.7825
42,729492.9695158495,869013.631130736,0,729533.3822929305,869013.0479592208,40.41698455372355,9.0,14.0,20.0,0.65,2.1958,1278.0865
43,729500.5521193843,869016.6302985281,0,729533.3822929305,869013.0479592208,33.02504277040694,11.0,14.0,20.0,0.05,4.4383,1446.7905
44,729538.3818117446,868999.5517041559,0,729533.3822929305,869013.0479592208,14.39250114301242,10.0,14.0,20.0,0.2,3.1937,2056.0705
45,729551.9638378563,869021.8788421645,0,729533.3822929305,869013.0479592208,20.57324246187677,10.0,14.0,20.0,0.35,3.1526,1693.5745
46,729546.2977165336,868991.3873029437,0,729533.3822929305,869013.0479592208,25.21888572484838,9.0,14.0,20.0,0.4,2.5257,1693.5745
47,729551.5472112885,869002.9674230303,0,729533.3822929305,869013.0479592208,20.77453895614804,11.0,14.0,20.0,0.2,4.3764,1446.7905
48,729567.1290449259,869016.5469883117,0,729533.3822929305,869013.0479592208,33.9276653310873,9.0,14.0,20.0,0.15,2.4012,2056.0705
49,729575.7115522235,869042.7063962771,0,729533.3822929305,869013.0479592208,51.68548230321353,7.0,14.0,20.0,0.05,1.778,1446.7905
50,729560.5463451539,868973.5589166234,0,729533.3822929305,869013.0479592208,47.92984684372278,7.0,14.0,20.0,0.1,1.6802,1278.0866
51,729523.5499059294,869012.714718355,0,729533.3822929305,869013.0479592208,9.838032507305648,11.0,14.0,20.0,0.1,4.4761,1278.0865
52,729531.2158347777,869021.1290502165,0,729533.3822929305,869013.0479592208,8.366455199699,12.0,14.0,15.0,0.8667,5.0558,2056.0705
53,729492.8028652223,869021.962152381,0,729533.3822929305,869013.0479592208,41.54699499144339,12.0,14.0,14.0,0.5714,4.9323,2912.1345
55,729533.7989194983,868984.222624329,0,729533.3822929305,869013.0479592208,28.828345587651473,11.0,14.0,20.0,0.35,4.508,1278.0865
56,729529.6326538199,869015.7138861472,0,729533.3822929305,869013.0479592208,4.600756441831101,8.0,14.0,20.0,0.1,2.1083,2056.0705
57,729548.8808012543,869011.2151344588,0,729533.3822929305,869013.0479592208,15.606505274115273,11.0,14.0,20.0,0.85,4.375,1339.7825
58,729554.4635972634,869017.3800904762,0,729533.3822929305,869013.0479592208,21.521820406094857,8.0,14.0,20.0,0.3,1.9583,2056.0705
59,729531.4658107184,869020.9624297835,0,729533.3822929305,869013.0479592208,8.143202586050982,9.0,14.0,20.0,0.45,2.3814,1339.7825
60,729571.3786359179,869001.80108,0,729533.3822929305,869013.0479592208,39.62593055846459,9.0,14.0,20.0,0.75,2.4056,1446.7905
61,729547.214294983,869016.047127013,0,729533.3822929305,869013.0479592208,14.153419665388077,7.0,14.0,20.0,0.1,1.7431,1446.7905
62,729508.9679760548,869012.3814774893,0,729533.3822929305,869013.0479592208,24.423412259709885,8.0,14.0,20.0,0.35,2.1276,1278.0865
63,729601.6257247435,869005.7166601731,0,729533.3822929305,869013.0479592208,68.63609787376957,8.0,14.0,20.0,0.2,2.0507,1339.7825
64,729525.2164122007,869018.0465722078,0,729533.3822929305,869013.0479592208,9.574327124501169,8.0,14.0,20.0,0.1,2.0011,1339.7826
65,729512.3843139111,869043.2895677922,0,729533.3822929305,869013.0479592208,36.816708324949296,8.0,14.0,20.0,0.55,2.0248,1339.7825
66,729464.5555839224,869023.4617362771,0,729533.3822929305,869013.0479592208,69.61007560303432,10.0,14.0,20.0,0.15,3.1719,1339.7825
68,729526.1329906499,869051.7872098702,0,729533.3822929305,869013.0479592208,39.41169781205324,9.0,14.0,20.0,0.65,2.4836,1693.5754
69,729562.7128033068,869002.3009412987,0,729533.3822929305,869013.0479592208,31.237433203606233,10.0,14.0,20.0,0.25,2.961,1446.7905
70,729540.7982458381,869013.9643716018,0,729533.3822929305,869013.0479592208,7.4723603486716375,7.0,14.0,20.0,0.05,1.922,1693.5745
71,729550.7139581528,869005.8832806061,0,729533.3822929305,869013.0479592208,18.75417924170166,10.0,14.0,20.0,0.75,3.157,1278.0865
72,729534.9654738883,868988.7213760173,0,729533.3822929305,869013.0479592208,24.37804570310194,12.0,14.0,15.0,0.4,5.2364,1693.5745
73,729483.7204060433,869027.6272470996,0,729533.3822929305,869013.0479592208,51.75769164333447,11.0,14.0,20.0,0.1,4.1717,2912.1345
74,729535.3821004562,869013.631130736,0,729533.3822929305,869013.0479592208,2.0831032513433008,8.0,14.0,20.0,0.1,2.1617,2056.0706
75,729520.133568073,869010.3820322944,0,729533.3822929305,869013.0479592208,13.514284173633966,9.0,14.0,20.0,0.95,2.3768,1339.7825
76,729520.3002187001,869028.8769003464,0,729533.3822929305,869013.0479592208,20.535239061817947,11.0,14.0,20.0,0.6,4.2235,1446.7905
77,729526.7162678449,869014.0476818183,0,729533.3822929305,869013.0479592208,6.740573841576502,10.0,14.0,20.0,0.1,3.1612,2056.0705
78,729508.5513494869,869019.6294663204,0,729533.3822929305,869013.0479592208,25.688362890612574,11.0,14.0,20.0,0.65,4.3497,1693.5745
79,729521.5500984037,869017.1301598268,0,729533.3822929305,869013.0479592208,12.516596546490137,11.0,14.0,20.0,0.1,4.0525,2056.0705
80,729527.6328462942,869013.2978898701,0,729533.3822929305,869013.0479592208,5.754876362972908,11.0,14.0,20.0,0.35,4.3912,2056.0705
81,729529.7159791334,869042.7063962771,0,729533.3822929305,869013.0479592208,29.88418888773035,10.0,14.0,20.0,0.75,3.1405,2056.0705
82,729544.1312583808,869039.7905387013,0,729533.3822929305,869013.0479592208,28.821967585925425,11.0,14.0,20.0,0.25,4.3703,1693.5745
83,729537.5485586089,869006.1332112554,0,729533.3822929305,869013.0479592208,8.072887285708626,11.0,14.0,20.0,0.2,4.1748,2056.0705
84,729510.5511570126,868998.0521202597,0,729533.3822929305,869013.0479592208,27.315489258839204,11.0,14.0,20.0,0.5,4.2519,2056.0705
85,729541.6314989738,869016.6302985281,0,729533.3822929305,869013.0479592208,8.993472925273636,7.0,14.0,20.0,0.1,1.935,2056.0705
86,729548.0475481186,869029.0435207792,0,729533.3822929305,869013.0479592208,21.700868630116613,11.0,14.0,20.0,0.4,4.2351,1278.0865
87,729523.3832553022,869019.8793969697,0,729533.3822929305,869013.0479592208,12.109884194680127,10.0,14.0,20.0,0.4,3.1506,2056.0705
88,729561.7962248574,869013.1312694373,0,729533.3822929305,869013.0479592208,28.414054060292752,9.0,14.0,20.0,0.45,2.3336,1693.5745
89,729552.7137656785,869010.6319629437,0,729533.3822929305,869013.0479592208,19.481860193938363,12.0,14.0,16.0,0.25,5.3344,1446.7905
90,729541.1315470923,869019.0462948052,0,729533.3822929305,869013.0479592208,9.799539267133206,12.0,14.0,16.0,0.125,5.5335,2912.1345
91,729522.1333755987,869029.3767616451,0,729533.3822929305,869013.0479592208,19.82846261685279,12.0,14.0,17.0,0.1176,5.8667,2912.1345
92,729514.4674467503,869002.8841128139,0,729533.3822929305,869013.0479592208,21.472661218549266,7.0,14.0,20.0,0.25,1.7926,2912.1345
93,729484.0537072977,868989.5544781819,0,729533.3822929305,869013.0479592208,54.63746893720889,8.0,14.0,20.0,0.15,2.3753,1278.0865
94,729544.0479330673,869013.3812000866,0,729533.3822929305,869013.0479592208,10.670844812033641,12.0,14.0,14.0,0.1429,5.0018,1339.7826
95,729539.0484142532,868996.5525363637,0,729533.3822929305,869013.0479592208,17.4414422017835,8.0,14.0,20.0,0.3,1.9945,2912.1345
96,729583.3774810719,869017.9632619914,0,729533.3822929305,869013.0479592208,50.23623232902804,10.0,14.0,20.0,0.45,3.0982,1339.7825
97,729528.632750057,869023.7949771429,0,729533.3822929305,869013.0479592208,11.7497468791942,7.0,14.0,20.0,0.1,1.8612,1693.5746
98,729523.5499059294,868981.9732484849,0,729533.3822929305,869013.0479592208,32.593150836673544,12.0,14.0,17.0,0.8235,5.7652,1278.0865
99,729546.1310659065,869028.7102799135,0,729533.3822929305,869013.0479592208,20.195036565291772,7.0,14.0,20.0,0.05,1.778,2912.1345
100,729526.1329906499,869009.5489301299,0,729533.3822929305,869013.0479592208,8.049570680168836,8.0,14.0,20.0,0.35,2.2838,1278.0865
101,729572.3785396807,869017.879951775,0,729533.3822929305,869013.0479592208,39.29447050983473,9.0,14.0,20.0,0.7,2.4148,1339.7825
102,729559.2964654504,869029.0435207792,0,729533.3822929305,869013.0479592208,30.453281054122428,11.0,14.0,20.0,0.15,4.2162,1446.7905
103,729585.2106379704,869004.2170762771,0,729533.3822929305,869013.0479592208,52.5752968906127,9.0,14.0,20.0,0.15,2.3323,2056.0705
105,729524.5498096922,869023.7949771429,0,729533.3822929305,869013.0479592208,13.910828673130853,12.0,14.0,17.0,0.0588,5.7179,1278.0865
106,729534.4655220069,869016.213747446,0,729533.3822929305,869013.0479592208,3.3459827133787,10.0,14.0,20.0,0.1,3.2596,2912.1345
107,729498.8022877993,869024.4614588745,0,729533.3822929305,869013.0479592208,36.41489707823308,9.0,14.0,20.0,0.95,2.5438,1693.5745
108,729521.2167971494,869002.717492381,0,729533.3822929305,869013.0479592208,15.959881977294028,9.0,14.0,20.0,0.2,2.3988,1446.7905
109,729568.2122740023,869012.6314081385,0,729533.3822929305,869013.0479592208,34.83247186553337,12.0,14.0,16.0,0.4375,5.3882,1446.7905
110,729540.4649445838,869008.7158279654,0,729533.3822929305,869013.0479592208,8.30248852191597,7.0,14.0,20.0,0.1,1.8681,2912.1345
111,729516.9672061574,869005.133488658,0,729533.3822929305,869013.0479592208,18.223444187598695,12.0,14.0,16.0,0.875,5.4393,1278.0865
112,729525.7163640821,869035.9582687446,0,729533.3822929305,869013.0479592208,24.158823389934877,8.0,14.0,20.0,0.3,2.0043,2912.1345
113,729514.717422691,869006.5497623377,0,729533.3822929305,869013.0479592208,19.763702684143034,7.0,14.0,20.0,0.25,2.0365,1339.7825
114,729547.38094561,869000.6347369697,0,729533.3822929305,869013.0479592208,18.709632906517516,9.0,14.0,20.0,0.05,2.4245,1278.0865
115,729524.6331350057,869007.5494849351,0,729533.3822929305,869013.0479592208,10.333488465345328,9.0,14.0,20.0,0.2,2.4669,1446.7905
116,729537.8818598632,868995.3861933333,0,729533.3822929305,869013.0479592208,18.225917723042834,10.0,14.0,20.0,0.55,3.3819,1446.7905
117,729536.8819561003,869031.5428272728,0,729533.3822929305,869013.0479592208,18.823065280706828,9.0,14.0,20.0,0.65,2.3297,1693.5745
118,729513.2175670468,869006.96631342,0,729533.3822929305,869013.0479592208,21.06187516850417,10.0,14.0,20.0,0.4,3.1813,1446.7905
119,729509.884554504,868998.5519815584,0,729533.3822929305,869013.0479592208,27.60936579407527,9.0,14.0,20.0,0.35,2.4118,1693.5745
120,729486.3868160775,869019.546156104,0,729533.3822929305,869013.0479592208,47.442611725867586,8.0,14.0,20.0,0.15,1.9858,1446.7905
121,729523.5499059294,868989.3878577489,0,729533.3822929305,869013.0479592208,25.621792205120396,9.0,14.0,20.0,0.05,2.2889,1339.7825
122,729526.2996412771,869019.7960867533,0,729533.3822929305,869013.0479592208,9.78269797335529,10.0,14.0,20.0,0.25,3.0151,1446.7905
123,729520.0502427594,869001.7177697836,0,729533.3822929305,869013.0479592208,17.496192570065176,10.0,14.0,20.0,0.5,3.2241,1693.5745
124,729505.1350116306,869022.0454625974,0,729533.3822929305,869013.0479592208,29.645639946663657,10.0,14.0,20.0,0.35,3.1609,1693.5745
125,729543.131354618,869029.9599331602,0,729533.3822929305,869013.0479592208,19.520734266758883,9.0,14.0,20.0,0.25,2.5394,1693.5745
126,729536.2153535918,869034.2920644156,0,729533.3822929305,869013.0479592208,21.432177636418704,10.0,14.0,20.0,0.35,3.1404,1446.7905
127,729500.7187700114,869011.1318242424,0,729533.3822929305,869013.0479592208,32.71967760750878,11.0,14.0,20.0,0.3,4.2343,1693.5745
128,729538.4651370582,868989.0546168832,0,729533.3822929305,869013.0479592208,24.525818660312236,8.0,14.0,20.0,0.1,2.0189,2056.0705
129,729516.4672542759,869002.6341821646,0,729533.3822929305,869013.0479592208,19.863667467604852,9.0,14.0,20.0,0.25,2.4648,1339.7825
130,729543.131354618,869012.5480979221,0,729533.3822929305,869013.0479592208,9.761867910632352,10.0,14.0,20.0,0.3,3.2074,1446.7905
131,729537.2152573547,869007.5494849351,0,729533.3822929305,869013.0479592208,6.70259917848575,8.0,14.0,20.0,0.5,1.8795,1693.5745
132,729543.8812824402,869017.713331342,0,729533.3822929305,869013.0479592208,11.48888496558975,9.0,14.0,20.0,0.5,2.4369,1339.7825
133,729532.3823891677,869013.2978898701,0,729533.3822929305,869013.0479592208,1.0306662235557877,8.0,14.0,20.0,0.6,1.9578,1446.7905
134,729549.9640303307,869005.133488658,0,729533.3822929305,869013.0479592208,18.3737002124604,11.0,14.0,20.0,1.0,4.4277,1339.7825
135,729562.9627792474,869036.5414402598,0,729533.3822929305,869013.0479592208,37.774976135980225,9.0,14.0,20.0,0.4,2.353,2056.0705
136,729549.2141025086,869016.7136087447,0,729533.3822929305,869013.0479592208,16.250636324443185,10.0,14.0,20.0,0.15,3.0957,1446.7905
137,729495.8859018245,869031.4595170564,0,729533.3822929305,869013.0479592208,41.77277591815796,7.0,14.0,20.0,0.15,1.9045,1693.5745
138,729509.6345785633,869035.5417176624,0,729533.3822929305,869013.0479592208,32.70967909493258,10.0,14.0,20.0,0.05,3.0921,1278.0865
139,729545.0478368301,869035.6250278788,0,729533.3822929305,869013.0479592208,25.412771270776318,9.0,14.0,20.0,0.2,2.3723,1693.5745
140,729554.0469706956,869009.5489301299,0,729533.3822929305,869013.0479592208,20.958819425604304,10.0,14.0,20.0,0.3,3.2024,1446.7905
141,729524.4664843786,869006.049901039,0,729533.3822929305,869013.0479592208,11.334216358060381,7.0,14.0,20.0,0.25,1.7142,1693.5745
142,729537.2152573547,869005.7999703897,0,729533.3822929305,869013.0479592208,8.199082776331919,7.0,14.0,20.0,0.65,1.9858,1278.0865
143,729545.2144874573,868992.3037153247,0,729533.3822929305,869013.0479592208,23.881467336427562,7.0,14.0,20.0,0.55,1.8901,1278.0865
144,729525.549713455,869010.6319629437,0,729533.3822929305,869013.0479592208,8.196727350031502,10.0,14.0,20.0,0.05,3.2197,1278.0865
145,729504.468409122,869023.1284954112,0,729533.3822929305,869013.0479592208,30.62074275356191,9.0,14.0,20.0,0.55,2.5632,1693.5745
146,729531.7991119727,868984.6391754113,0,729533.3822929305,869013.0479592208,28.452863818620422,10.0,14.0,20.0,0.25,3.3857,1446.7905
147,729549.9640303307,869018.5464335065,0,729533.3822929305,869013.0479592208,17.469608887380943,7.0,14.0,20.0,0.05,1.8728,1693.5745
148,729530.382581642,869037.5411628572,0,729533.3822929305,869013.0479592208,24.67620903192448,11.0,14.0,20.0,0.25,4.4618,1278.0865
149,729518.7170377424,868990.137649697,0,729533.3822929305,869013.0479592208,27.202058602422955,7.0,14.0,20.0,0.05,1.7247,2056.0705
150,729527.9661475485,869031.1262761905,0,729533.3822929305,869013.0479592208,18.872206422541623,12.0,14.0,18.0,0.2778,6.0064,1278.0865
151,729530.965858837,869020.4625684848,0,729533.3822929305,869013.0479592208,7.798434731790981,7.0,14.0,20.0,0.15,1.7966,2912.1345
152,729550.88060878,869006.3831419048,0,729533.3822929305,869013.0479592208,18.72460540099403,12.0,14.0,16.0,1.0,5.4442,1278.0865
153,729554.2969466363,868994.3031605195,0,729533.3822929305,869013.0479592208,28.085409343425702,9.0,14.0,20.0,0.2,2.3457,2912.1345
154,729543.5479811858,869014.8807839827,0,729533.3822929305,869013.0479592208,10.329591681783782,10.0,14.0,20.0,0.2,3.085,1446.7905
155,729519.2169896237,869009.9654812121,0,729533.3822929305,869013.0479592208,14.496809595456321,9.0,14.0,20.0,0.6,2.2753,1693.5745
156,729545.7977646523,869014.2143022511,0,729533.3822929305,869013.0479592208,12.470136091433048,10.0,14.0,20.0,0.55,3.2339,1446.7905
157,729510.2178557583,869023.62835671,0,729533.3822929305,869013.0479592208,25.466369205964245,12.0,14.0,17.0,0.3529,5.808,1693.5745
158,729515.5506758267,869012.714718355,0,729533.3822929305,869013.0479592208,17.834730668284447,7.0,14.0,20.0,0.2,1.7411,2912.1345
159,729569.7954549601,869056.6192024243,0,729533.3822929305,869013.0479592208,56.78355046392531,7.0,14.0,20.0,0.4,1.8497,1278.0865
160,729544.881186203,869031.3762068398,0,729533.3822929305,869013.0479592208,21.63675593231288,7.0,14.0,20.0,0.1,1.9333,1278.0866
161,729534.3821966933,869018.8796743724,0,729533.3822929305,869013.0479592208,5.916815794306273,10.0,14.0,20.0,0.2,3.0075,1278.0865
162,729565.7958399088,868992.720266407,0,729533.3822929305,869013.0479592208,38.260333543308114,7.0,14.0,20.0,0.55,2.074,1693.5745
163,729498.2190106043,869012.0482366234,0,729533.3822929305,869013.0479592208,35.177490945534025,9.0,14.0,20.0,0.05,2.3826,1278.0865
164,729551.5472112885,869027.7105573161,0,729533.3822929305,869013.0479592208,23.344293560840153,9.0,14.0,20.0,0.15,2.356,1446.7905
165,729531.0491841505,869003.5505945454,0,729533.3822929305,869013.0479592208,9.77974091459493,7.0,14.0,20.0,0.2,1.8648,1446.7905
166,729548.8808012543,869023.4617362771,0,729533.3822929305,869013.0479592208,18.672185540008087,11.0,14.0,20.0,0.5,4.2738,1278.0865
167,729533.0489916762,869002.9674230303,0,729533.3822929305,869013.0479592208,10.086044795401735,10.0,14.0,20.0,0.3,3.2544,2056.0705
168,729546.4643671608,869019.9627071861,0,729533.3822929305,869013.0479592208,14.797108014428222,11.0,14.0,20.0,0.65,4.2987,1693.5745
169,729531.132509464,869013.2145796537,0,729533.3822929305,869013.0479592208,2.2559450380220576,12.0,14.0,17.0,0.4706,5.6746,2056.0705
170,729530.4659069555,869003.8838354113,0,729533.3822929305,869013.0479592208,9.616988736174042,7.0,14.0,20.0,0.55,1.8664,2912.1345
171,729508.1347229191,869031.0429659741,0,729533.3822929305,869013.0479592208,31.004194224826666,11.0,14.0,20.0,0.55,4.2791,1278.0865
172,729526.3829665907,869003.8838354113,0,729533.3822929305,869013.0479592208,11.531337060714915,10.0,14.0,20.0,0.1,3.0324,2056.0705
173,729520.8834958951,869001.80108,0,729533.3822929305,869013.0479592208,16.8140482793583,12.0,14.0,16.0,0.375,5.4401,1693.5745
174,729520.8834958951,869014.7974737663,0,729533.3822929305,869013.0479592208,12.620646912003648,10.0,14.0,20.0,0.1,3.0548,2912.1345
175,729515.0507239453,869020.295948052,0,729533.3822929305,869013.0479592208,19.712426627817837,11.0,14.0,20.0,0.35,4.4395,1693.5745
176,729554.4635972634,869016.963539394,0,729533.3822929305,869013.0479592208,21.4418553411386,12.0,14.0,17.0,0.2941,5.8551,2056.0705
177,729523.0499540479,869020.3792582684,0,729533.3822929305,869013.0479592208,12.669063600360067,8.0,14.0,20.0,0.1,2.0623,2912.1345
178,729534.2988713797,869017.0468496104,0,729533.3822929305,869013.0479592208,4.102589475116239,12.0,14.0,17.0,0.7059,5.5989,1339.7825
179,729524.0498578107,869022.7952545455,0,729533.3822929305,869013.0479592208,13.494595637204267,10.0,14.0,20.0,0.7,3.2148,2912.1345
180,729538.7151129988,869007.0496236364,0,729533.3822929305,869013.0479592208,8.026144757268543,7.0,14.0,20.0,0.35,1.7813,1693.5745
181,729531.715786659,869014.380922684,0,729533.3822929305,869013.0479592208,2.1340184504623045,7.0,14.0,20.0,0.7,1.856,1278.0865
182,729515.8006517674,869025.9610427705,0,729533.3822929305,869013.0479592208,21.814257556687632,7.0,14.0,20.0,0.95,1.843,1278.0865
183,729548.8808012543,869010.8818935931,0,729533.3822929305,869013.0479592208,15.649140569577803,12.0,14.0,14.0,0.3571,4.6606,1278.0865
184,729556.8800313569,869019.0462948052,0,729533.3822929305,869013.0479592208,24.251262666929797,12.0,14.0,17.0,0.3529,5.8078,2912.1345
185,729546.631017788,869014.7974737663,0,729533.3822929305,869013.0479592208,13.36373867947868,8.0,14.0,20.0,0.1,2.1041,2912.1345
186,729562.4628273661,869017.3800904762,0,729533.3822929305,869013.0479592208,29.401442894403697,7.0,14.0,20.0,0.5,1.7661,1339.7825
187,729552.3804644241,869012.2148570563,0,729533.3822929305,869013.0479592208,19.016429194738254,11.0,14.0,20.0,0.25,4.1879,1278.0865
188,729529.7159791334,869018.8796743724,0,729533.3822929305,869013.0479592208,6.8884510935171255,8.0,14.0,20.0,0.2,2.0485,2056.0705
189,729538.1318358039,869019.0462948052,0,729533.3822929305,869013.0479592208,7.651025244311245,12.0,14.0,16.0,1.0625,5.2831,1339.7825
190,729532.6323651084,869010.7152731603,0,729533.3822929305,869013.0479592208,2.4502685558183783,12.0,14.0,16.0,0.5,5.5832,2912.136
191,729536.9652814139,869009.7155505628,0,729533.3822929305,869013.0479592208,4.893133345395085,10.0,14.0,20.0,0.65,2.9698,2912.1345
192,729517.9671099202,869010.3820322944,0,729533.3822929305,869013.0479592208,15.644009512186553,8.0,14.0,20.0,0.7,2.0518,1693.5745
193,729522.63332748,869025.7944223377,0,729533.3822929305,869013.0479592208,16.673709252708544,7.0,14.0,20.0,0.3,1.9958,1339.7825
194,729591.7100124287,869029.6266922944,0,729533.3822929305,869013.0479592208,60.63808417309874,7.0,14.0,20.0,0.4,1.8349,1278.0865
196,729540.7982458381,869017.3800904762,0,729533.3822929305,869013.0479592208,8.588580717588856,10.0,14.0,20.0,0.55,3.0889,2056.0705
197,729516.4672542759,869015.1307146321,0,729533.3822929305,869013.0479592208,17.042781544958018,10.0,14.0,20.0,0.55,3.2891,1693.5745
198,729530.8825335234,869023.7949771429,0,729533.3822929305,869013.0479592208,11.033910970809787,8.0,14.0,20.0,0.4,1.955,1693.5745
199,729541.2981977195,869013.631130736,0,729533.3822929305,869013.0479592208,7.937357094434535,12.0,14.0,15.0,0.6,5.1985,1339.7825
200,729514.0508201824,869012.3814774893,0,729533.3822929305,869013.0479592208,19.34295831841951,12.0,14.0,15.0,0.4667,5.2619,2912.1345
201,729527.9661475485,869007.2162440693,0,729533.3822929305,869013.0479592208,7.958865020064819,7.0,14.0,20.0,0.35,1.9782,2912.1345
202,729557.8799351198,869025.294561039,0,729533.3822929305,869013.0479592208,27.3882041931382,7.0,14.0,20.0,0.55,1.965,1278.0865
203,729557.2133326111,869007.7994155844,0,729533.3822929305,869013.0479592208,24.40216512039892,8.0,14.0,20.0,0.15,2.0028,1278.0865
204,729542.2147761688,869020.6291889178,0,729533.3822929305,869013.0479592208,11.63992284653912,9.0,14.0,20.0,0.25,2.2958,1339.7825
205,729533.2989676169,869000.8846676191,0,729533.3822929305,869013.0479592208,12.163577010723657,7.0,14.0,20.0,0.7,1.8448,1446.7905
206,729544.297909008,869023.9615975758,0,729533.3822929305,869013.0479592208,15.435613900792495,10.0,14.0,20.0,0.45,3.1947,1278.0865
207,729558.0465857469,869030.8763455411,0,729533.3822929305,869013.0479592208,30.4331841731831,12.0,14.0,17.0,0.6471,5.687,1693.5745
208,729522.3833515394,869010.7985833767,0,729533.3822929305,869013.0479592208,11.226593580138031,8.0,14.0,20.0,0.15,2.0272,2912.1345
209,729486.9700932725,869023.0451851948,0,729533.3822929305,869013.0479592208,47.47669748696021,8.0,14.0,20.0,0.6,2.039,1339.7825
210,729568.2955993159,869012.6314081385,0,729533.3822929305,869013.0479592208,34.91579123497875,11.0,14.0,20.0,0.25,4.3058,1339.7825
211,729529.799304447,868988.2215147186,0,729533.3822929305,869013.0479592208,25.083663071701572,7.0,14.0,20.0,0.05,1.8568,2056.0705
212,729548.0475481186,869033.8755133334,0,729533.3822929305,869013.0479592208,25.472666135357365,12.0,14.0,17.0,0.2941,5.7679,1278.0865
213,729542.9647039908,869013.9643716018,0,729533.3822929305,869013.0479592208,9.626131797425517,7.0,14.0,20.0,0.15,2.0331,2912.1345
214,729526.4662919042,869016.8802291775,0,729533.3822929305,869013.0479592208,7.906792220405546,10.0,14.0,20.0,0.85,3.3376,1278.0865
215,729550.3806568985,869008.1326564503,0,729533.3822929305,869013.0479592208,17.694761340983884,9.0,14.0,20.0,0.7,2.3045,1693.5745
216,729506.5515419613,869005.9665908226,0,729533.3822929305,869013.0479592208,27.74950406701572,10.0,14.0,20.0,0.5,3.0955,1446.7905
217,729502.3852762828,869012.4647877057,0,729533.3822929305,869013.0479592208,31.0025019970122,9.0,14.0,20.0,0.25,2.2963,1693.5745
218,729532.7156904219,869021.2956706494,0,729533.3822929305,869013.0479592208,8.274605894740304,11.0,14.0,20.0,0.2,4.2431,1446.7905
219,729561.9628754846,869009.0490688311,0,729533.3822929305,869013.0479592208,28.858981677817933,10.0,14.0,20.0,0.45,3.3036,2056.0705
220,729559.6297667047,869016.1304372294,0,729533.3822929305,869013.0479592208,26.42785557329752,12.0,14.0,16.0,0.125,5.489,1693.5745
221,729532.5490397947,869015.7971963637,0,729533.3822929305,869013.0479592208,2.8727366144394058,12.0,14.0,16.0,0.25,5.4346,2912.1345
222,729521.3001224629,869033.7922031169,0,729533.3822929305,869013.0479592208,24.006301215073428,10.0,14.0,20.0,0.65,3.181,2912.1345
223,729569.4621537059,868994.219850303,0,729533.3822929305,869013.0479592208,40.69710111287669,7.0,14.0,20.0,0.2,1.7556,1693.5745
224,729524.96643626,868981.0568361039,0,729533.3822929305,869013.0479592208,33.07957983076783,10.0,14.0,20.0,0.05,3.1142,1278.0865
225,729518.6337124287,869008.2992768831,0,729533.3822929305,869013.0479592208,15.494212169754482,7.0,14.0,20.0,0.05,1.9612,1693.5745
226,729549.3807531357,869024.9613201732,0,729533.3822929305,869013.0479592208,19.946901967927325,11.0,14.0,20.0,0.5,4.5959,1278.0865
227,729534.2155460662,869027.0440755844,0,729533.3822929305,869013.0479592208,14.020898118537724,9.0,14.0,20.0,0.15,2.2153,2056.0705
228,729534.7154979475,869032.0426885715,0,729533.3822929305,869013.0479592208,19.041459469343287,10.0,14.0,20.0,0.6,3.0919,1446.7915
229,729518.6337124287,868999.8849450217,0,729533.3822929305,869013.0479592208,19.768297084554998,12.0,14.0,15.0,0.4,4.9706,1693.5745
230,729559.379790764,868993.0535072727,0,729533.3822929305,869013.0479592208,32.79707307527345,12.0,14.0,16.0,0.1875,5.5081,2912.1345
231,729588.1270239453,869000.3014961039,0,729533.3822929305,869013.0479592208,56.20905528362608,11.0,14.0,20.0,0.05,4.2723,2912.1345
232,729561.3795982896,869020.2126378355,0,729533.3822929305,869013.0479592208,28.89951084401245,7.0,14.0,20.0,0.2,1.9009,2056.0706
233,729499.635540935,868998.6352917749,0,729533.3822929305,869013.0479592208,36.69561626618521,9.0,14.0,20.0,0.25,2.3983,1278.0865
234,729519.1336643102,868988.1382045022,0,729533.3822929305,869013.0479592208,28.69702593828283,10.0,14.0,20.0,0.15,3.0145,1446.7905
235,729546.047740593,868999.8016348053,0,729533.3822929305,869013.0479592208,18.326993070680025,10.0,14.0,20.0,0.05,2.9902,1693.5745
236,729518.2170858609,868993.2201277056,0,729533.3822929305,869013.0479592208,24.962500036256234,8.0,14.0,20.0,0.35,2.009,1693.5745
237,729529.8826297605,869002.5508719481,0,729533.3822929305,869013.0479592208,11.065102056187442,12.0,14.0,17.0,0.1765,6.0194,1339.7825
238,729535.9653776512,869008.0493462338,0,729533.3822929305,869013.0479592208,5.626584973837461,10.0,14.0,20.0,0.2,3.212,2912.1345
239,729567.8789727481,869009.1323790477,0,729533.3822929305,869013.0479592208,34.7181895629291,11.0,14.0,20.0,0.85,4.2427,1693.5745
241,729506.8848432156,869016.7136087447,0,729533.3822929305,869013.0479592208,26.749800519378304,12.0,14.0,16.0,0.5,5.5171,2912.1345
242,729509.0513013683,869009.1323790477,0,729533.3822929305,869013.0479592208,24.644044280378427,10.0,14.0,20.0,0.1,3.2422,2912.1345
243,729529.9659550742,869011.1318242424,0,729533.3822929305,869013.0479592208,3.917006204239151,10.0,14.0,20.0,0.3,3.2829,1693.5745
244,729533.465618244,869011.964926407,0,729533.3822929305,869013.0479592208,1.0862334849188453,8.0,14.0,20.0,0.8,2.05,1693.5753
245,729495.2192993158,868989.7210986147,0,729533.3822929305,869013.0479592208,44.72758105878127,8.0,14.0,20.0,0.9,1.9701,1339.7825
246,729522.3000262257,869032.2093090044,0,729533.3822929305,869013.0479592208,22.135355448748612,8.0,14.0,20.0,0.15,2.0552,1339.7825
247,729525.3830628279,869038.4575752381,0,729533.3822929305,869013.0479592208,26.63899901233016,10.0,14.0,20.0,0.35,3.024,1339.7825
248,729520.9668212087,869001.3845289177,0,729533.3822929305,869013.0479592208,17.034657158566137,9.0,14.0,20.0,0.25,2.3234,1693.5745
249,729549.7973797035,868994.9696422511,0,729533.3822929305,869013.0479592208,24.418857840224163,9.0,14.0,20.0,0.5,2.5302,1446.7905
250,729541.4648483467,869013.3812000866,0,729533.3822929305,869013.0479592208,8.089422199998817,11.0,14.0,20.0,0.25,4.2382,1446.7905
251,729528.2161234892,869013.4645103031,0,729533.3822929305,869013.0479592208,5.182935606432143,10.0,14.0,20.0,0.7,3.186,2056.0705
252,729559.2131401368,868998.3853611256,0,729533.3822929305,869013.0479592208,29.702263386781333,8.0,14.0,20.0,0.75,1.9443,1693.5745
253,729530.8825335234,869014.547543117,0,729533.3822929305,869013.0479592208,2.915055566380574,9.0,14.0,20.0,0.2,2.3534,1339.7825
254,729519.6336161916,869005.5500397403,0,729533.3822929305,869013.0479592208,15.660297206902552,10.0,14.0,20.0,0.85,2.981,1446.7905
255,729523.8832071836,869018.9629845888,0,729533.3822929305,869013.0479592208,11.190181192973474,12.0,14.0,15.0,0.3333,5.0071,1693.5745
256,729534.048895439,869013.0479592208,0,729533.3822929305,869013.0479592208,0.6666025085141882,12.0,14.0,16.0,0.25,5.3805,2912.1345
257,729539.465040821,869000.5514267533,0,729533.3822929305,869013.0479592208,13.89831448815692,12.0,14.0,16.0,0.9375,5.4656,2912.1345
258,729520.3835440137,869018.8796743724,0,729533.3822929305,869013.0479592208,14.246977750049602,8.0,14.0,20.0,0.25,1.9942,2912.1345
259,729541.964800228,869028.5436594805,0,729533.3822929305,869013.0479592208,17.71372795461514,11.0,14.0,20.0,0.4,4.129,1339.7825
260,729541.8814749145,869012.3814774893,0,729533.3822929305,869013.0479592208,8.52527373727943,9.0,14.0,20.0,0.25,2.6079,2056.0705
261,729465.805463626,869028.9602105628,0,729533.3822929305,869013.0479592208,69.42497822551515,9.0,14.0,20.0,0.75,2.2901,1446.7905
262,729515.5506758267,869011.2151344588,0,729533.3822929305,869013.0479592208,17.92556317507766,7.0,14.0,20.0,0.1,1.7991,1446.7906
263,729539.2983901938,869014.380922684,0,729533.3822929305,869013.0479592208,6.064404210093161,8.0,14.0,20.0,0.35,1.977,1278.0865
264,729526.0496653364,869018.0465722078,0,729533.3822929305,869013.0479592208,8.874320212152607,12.0,14.0,18.0,0.8889,6.1522,1339.7825
265,729566.0458158494,869007.6327951516,0,729533.3822929305,869013.0479592208,33.10936017764998,7.0,14.0,20.0,0.5,1.8595,2912.1345
266,729536.4653295325,869023.5450464935,0,729533.3822929305,869013.0479592208,10.940473294148973,11.0,14.0,20.0,0.15,4.3972,1278.0865
267,729505.1350116306,869020.7958093507,0,729533.3822929305,869013.0479592208,29.290580097882454,7.0,14.0,20.0,0.45,1.9098,2056.0705
268,729532.5490397947,869003.5505945454,0,729533.3822929305,869013.0479592208,9.533847416741573,10.0,14.0,20.0,0.25,3.1651,1278.0865
269,729526.882918472,868996.9690874459,0,729533.3822929305,869013.0479592208,17.342779071029145,9.0,14.0,20.0,0.6,2.4509,1693.5745
270,729525.3830628279,869027.1273858009,0,729533.3822929305,869013.0479592208,16.193144693344408,12.0,14.0,15.0,0.6,5.168,1446.7905
271,729571.2119852907,869021.212360433,0,729533.3822929305,869013.0479592208,38.700685668647345,12.0,14.0,15.0,0.2,4.941,2912.1345
273,729514.3007961232,869041.6233634632,0,729533.3822929305,869013.0479592208,34.36069335769693,7.0,14.0,20.0,0.65,1.814,1278.0865
274,729512.9675911061,869019.1296050217,0,729533.3822929305,869013.0479592208,21.301325457050527,12.0,14.0,16.0,0.25,5.6412,1278.0865
275,729536.8819561003,869016.1304372294,0,729533.3822929305,869013.0479592208,4.663615869233104,8.0,14.0,20.0,0.05,1.9792,2912.1345
276,729554.9635491448,869003.633904762,0,729533.3822929305,869013.0479592208,23.545170229607567,8.0,14.0,20.0,0.85,2.058,1339.7825
277,729559.2964654504,869009.382309697,0,729533.3822929305,869013.0479592208,26.17214786417661,7.0,14.0,20.0,0.4,1.7876,1339.7825
278,729537.715209236,869009.6322403464,0,729533.3822929305,869013.0479592208,5.517363422844314,10.0,14.0,20.0,0.15,3.185,1278.0865
279,729529.9659550742,869011.4650651083,0,729533.3822929305,869013.0479592208,3.7652248432397526,7.0,14.0,20.0,0.7,1.8644,1693.5745
280,729520.8834958951,869034.8752359308,0,729533.3822929305,869013.0479592208,25.152533389417194,10.0,14.0,20.0,0.95,3.2669,1278.0865
281,729542.381426796,869036.9579913421,0,729533.3822929305,869013.0479592208,25.547486106599646,7.0,14.0,20.0,0.3,1.8893,1693.5745
283,729546.047740593,869023.8782873594,0,729533.3822929305,869013.0479592208,16.664620370091868,11.0,14.0,20.0,0.05,4.2793,2056.0705
284,729521.6334237172,869028.2104186148,0,729533.3822929305,869013.0479592208,19.181660581509593,7.0,14.0,20.0,0.3,2.0264,2056.0705
285,729537.5485586089,869020.2126378355,0,729533.3822929305,869013.0479592208,8.287966539185375,8.0,14.0,20.0,0.25,1.9727,1278.0865
286,729526.6329425314,868984.6391754113,0,729533.3822929305,869013.0479592208,29.199533015888402,10.0,14.0,20.0,0.8,3.2439,1339.7825
287,729517.4671580388,869001.5511493507,0,729533.3822929305,869013.0479592208,19.633342960697,11.0,14.0,20.0,0.35,4.3668,1693.5745
288,729552.9637416191,869011.8816161905,0,729533.3822929305,869013.0479592208,19.616153772083887,10.0,14.0,20.0,0.4,3.194,2056.0705
289,729530.8825335234,869017.4634006927,0,729533.3822929305,869013.0479592208,5.073945258364727,9.0,14.0,20.0,0.35,2.2842,1693.5745
290,729530.5492322692,869010.2154118615,0,729533.3822929305,869013.0479592208,4.006189867364293,12.0,14.0,15.0,1.0,5.2584,1446.7905
291,729482.9704782212,869004.7169375758,0,729533.3822929305,869013.0479592208,51.09556716521637,8.0,14.0,20.0,0.5,2.0202,2912.1345
292,729526.9662437857,869034.8752359308,0,729533.3822929305,869013.0479592208,22.750729553172707,8.0,14.0,20.0,0.25,2.1582,1339.7826
293,729535.9653776512,869019.8793969697,0,729533.3822929305,869013.0479592208,7.303483305284877,9.0,14.0,20.0,0.25,2.5233,1339.7825
294,729528.9660513113,868996.3859159307,0,729533.3822929305,869013.0479592208,17.237368611240846,8.0,14.0,20.0,0.75,1.8864,1446.7905
295,729530.2992563284,869010.8818935931,0,729533.3822929305,869013.0479592208,3.7678846842211198,12.0,14.0,17.0,0.2941,5.8587,1339.7825
296,729535.215449829,869038.2909548052,0,729533.3822929305,869013.0479592208,25.309470367586385,11.0,14.0,20.0,0.75,4.3186,2912.1345
297,729551.1305847206,868998.468671342,0,729533.3822929305,869013.0479592208,22.968619821863786,12.0,14.0,14.0,0.2143,4.7109,2056.0705
299,729529.8826297605,868980.3903543723,0,729533.3822929305,869013.0479592208,32.844585501174734,12.0,14.0,15.0,0.6,5.0773,1446.7905
300,729547.4642709236,869013.0479592208,0,729533.3822929305,869013.0479592208,14.081977993133478,12.0,14.0,15.0,0.2,5.5003,2912.1345
301,729539.5483661345,869000.2181858874,0,729533.3822929305,869013.0479592208,14.234589651389971,11.0,14.0,20.0,0.2,4.3845,2912.1374
302,729531.5491360319,869033.3756520347,0,729533.3822929305,869013.0479592208,20.41018273676312,11.0,14.0,20.0,0.55,4.2547,2056.0705
303,729544.6312102623,869012.9646490044,0,729533.3822929305,869013.0479592208,11.249225828024446,12.0,14.0,17.0,0.2941,5.8379,2056.0705
304,729532.4657144812,869007.2995542857,0,729533.3822929305,869013.0479592208,5.821020129825611,12.0,14.0,16.0,0.25,5.4391,2912.1345
305,729517.4671580388,869010.2154118615,0,729533.3822929305,869013.0479592208,16.165235635932724,9.0,14.0,20.0,0.55,2.4525,2912.1345
306,729522.4666768529,869024.0449077922,0,729533.3822929305,869013.0479592208,15.494629786990043,10.0,14.0,20.0,0.55,3.3484,1446.7905
307,729534.5488473204,869006.3831419048,0,729533.3822929305,869013.0479592208,6.766139150215064,12.0,14.0,15.0,0.4,5.1551,1693.5745
308,729543.7979571266,868997.4689487446,0,729533.3822929305,869013.0479592208,18.740107472088145,10.0,14.0,20.0,0.5,3.1812,2912.1345
309,729513.1342417332,869007.8827258009,0,729533.3822929305,869013.0479592208,20.896488067855284,8.0,14.0,20.0,0.4,2.1026,1693.576
310,729539.7150167617,869016.2970576624,0,729533.3822929305,869013.0479592208,7.117586093958605,9.0,14.0,20.0,0.3,2.2534,1339.7825
311,729494.7193474345,869020.8791195671,0,729533.3822929305,869013.0479592208,39.448072535910924,11.0,14.0,20.0,0.8,4.1934,1446.7905
312,729554.8802238313,869014.4642329004,0,729533.3822929305,869013.0479592208,21.54453211722212,10.0,14.0,20.0,0.05,3.1822,2056.0705
313,729527.5495209807,869011.7149957576,0,729533.3822929305,869013.0479592208,5.983144675921415,10.0,14.0,20.0,0.35,3.1505,1693.5745
314,729532.7990157355,869017.2967802598,0,729533.3822929305,869013.0479592208,4.288670249334454,8.0,14.0,20.0,0.6,1.8997,1693.5745
315,729589.1269277082,869027.2940062338,0,729533.3822929305,869013.0479592208,57.536198709944266,8.0,14.0,20.0,0.9,2.1433,1339.7825
316,729546.2143912201,869015.0474044156,0,729533.3822929305,869013.0479592208,12.98693680593446,12.0,14.0,16.0,0.125,5.2779,1339.7826
317,729528.2994488027,869009.2989994806,0,729533.3822929305,869013.0479592208,6.315853351808677,12.0,14.0,16.0,0.3125,5.4733,2912.1345
318,729529.799304447,868998.7186019914,0,729533.3822929305,869013.0479592208,14.770520812777567,8.0,14.0,20.0,0.55,2.1223,2912.1345
319,729510.3845063854,868997.9688100433,0,729533.3822929305,869013.0479592208,27.500525920265783,8.0,14.0,20.0,0.55,2.035,1339.7825
320,729549.71405439,869019.9627071861,0,729533.3822929305,869013.0479592208,17.735280426103376,9.0,14.0,20.0,0.3,2.437,1339.7825
321,729532.7990157355,869008.0493462338,0,729533.3822929305,869013.0479592208,5.032528597031954,7.0,14.0,20.0,0.2,1.9346,1446.7905
322,729548.6308253136,869014.4642329004,0,729533.3822929305,869013.0479592208,15.314162431375781,10.0,14.0,20.0,0.7,3.2341,1278.0865
323,729542.7980533638,869018.1298824243,0,729533.3822929305,869013.0479592208,10.699648965402867,8.0,14.0,20.0,0.35,1.998,1693.5745
324,729549.2974278221,869004.5503171429,0,729533.3822929305,869013.0479592208,18.041658446612917,11.0,14.0,20.0,0.35,4.6655,1339.7825
325,729534.5488473204,869001.3845289177,0,729533.3822929305,869013.0479592208,11.721623419128132,10.0,14.0,20.0,0.2,3.1683,2056.0705
326,729539.7983420753,869005.8832806061,0,729533.3822929305,869013.0479592208,9.617603978155705,8.0,14.0,20.0,0.5,2.0136,1693.5745
327,729534.7154979475,869007.8827258009,0,729533.3822929305,869013.0479592208,5.334517025960177,8.0,14.0,20.0,0.45,2.0987,1339.7825
328,729536.2153535918,868986.1387593073,0,729533.3822929305,869013.0479592208,27.0579243973994,9.0,14.0,20.0,0.95,2.4595,1339.7825
329,729547.214294983,868985.3889673593,0,729533.3822929305,869013.0479592208,30.92481384865559,7.0,14.0,20.0,0.35,1.7988,1446.7905
330,729527.466195667,869019.379535671,0,729533.3822929305,869013.0479592208,8.665394807780908,7.0,14.0,20.0,0.1,1.9022,1278.0865
331,729538.2151611175,868988.2215147186,0,729533.3822929305,869013.0479592208,25.292468474522178,9.0,14.0,20.0,0.6,2.3593,1278.0865
332,729524.7997856329,869019.7960867533,0,729533.3822929305,869013.0479592208,10.917722139151909,11.0,14.0,20.0,0.3,4.2162,1446.7925
333,729535.2987751425,869026.960765368,0,729533.3822929305,869013.0479592208,14.044183100363753,7.0,14.0,20.0,0.5,1.9736,2056.0705
334,729539.5483661345,869007.3828645021,0,729533.3822929305,869013.0479592208,8.373395782416978,11.0,14.0,20.0,0.45,4.318,1278.0865
335,729531.9657625998,869015.0474044156,0,729533.3822929305,869013.0479592208,2.4503753313349588,10.0,14.0,20.0,0.55,3.0529,2056.0705
336,729537.131932041,869019.546156104,0,729533.3822929305,869013.0479592208,7.502423354560076,10.0,14.0,20.0,1.0,3.1278,1693.5751
337,729552.3804644241,869011.7983059741,0,729533.3822929305,869013.0479592208,19.039226700129912,7.0,14.0,20.0,0.7,1.702,1693.5745
338,729516.4672542759,869029.9599331602,0,729533.3822929305,869013.0479592208,23.919310090650388,7.0,14.0,20.0,0.35,1.8504,1278.0865
339,729546.2977165336,869004.9668682251,0,729533.3822929305,869013.0479592208,15.235228863701861,10.0,14.0,20.0,0.2,3.1309,1278.0865
340,729553.963645382,869015.2140248485,0,729533.3822929305,869013.0479592208,20.695021358651637,12.0,14.0,15.0,0.6,5.2845,1693.5758
341,729514.3007961232,869011.2984446754,0,729533.3822929305,869013.0479592208,19.161532338279862,10.0,14.0,20.0,0.05,3.3143,2912.1345
342,729531.9657625998,869007.7994155844,0,729533.3822929305,869013.0479592208,5.436337782089231,7.0,14.0,20.0,0.4,1.9369,1693.5745
343,729520.5501946409,869001.2179084849,0,729533.3822929305,869013.0479592208,17.453161516761774,10.0,14.0,20.0,0.85,3.2232,1278.0865
344,729514.6340973774,868982.8896608659,0,729533.3822929305,869013.0479592208,35.51081238387109,7.0,14.0,20.0,0.35,1.9019,1693.5745
345,729534.5488473204,869022.4620136797,0,729533.3822929305,869013.0479592208,9.48605663585329,12.0,14.0,18.0,0.1111,6.1927,1278.0865
346,729500.3021434436,868999.0518428572,0,729533.3822929305,869013.0479592208,35.91918099485017,9.0,14.0,20.0,0.35,2.3718,2912.1345
347,729454.9731728621,869025.3778712554,0,729533.3822929305,869013.0479592208,79.3726454182037,8.0,14.0,20.0,0.1,2.0682,1446.7905
349,729532.2157385405,869011.7149957576,0,729533.3822929305,869013.0479592208,1.7713386856291313,11.0,14.0,20.0,0.2,4.2881,1278.0865
350,729528.1327981756,869002.3009412987,0,729533.3822929305,869013.0479592208,11.960584826854285,7.0,14.0,20.0,1.0,1.7833,2056.0711
351,729539.9649927024,868985.4722775758,0,729533.3822929305,869013.0479592208,28.350487729082104,10.0,14.0,20.0,0.55,3.1848,1278.0865
352,729538.298486431,868983.2229017316,0,729533.3822929305,869013.0479592208,30.227520784369073,11.0,14.0,20.0,0.15,4.1766,1693.5745
353,729522.7999781072,868975.3084311689,0,729533.3822929305,869013.0479592208,39.19511914258403,11.0,14.0,20.0,0.1,4.3178,2056.0705
355,729543.2146799316,869012.881338788,0,729533.3822929305,869013.0479592208,9.833798681525915,7.0,14.0,20.0,0.15,1.897,1339.7825
356,729517.8004592931,869015.9638167965,0,729533.3822929305,869013.0479592208,15.85231102731075,9.0,14.0,20.0,0.55,2.3344,1278.0865
357,729544.9645115165,869010.8818935931,0,729533.3822929305,869013.0479592208,11.783022858225394,11.0,14.0,20.0,0.55,4.2983,1446.7905
358,729543.2146799316,869007.7994155844,0,729533.3822929305,869013.0479592208,11.145539217256765,11.0,14.0,20.0,0.35,4.1691,2056.0705
359,729539.8816673888,869004.1337660606,0,729533.3822929305,869013.0479592208,11.031985680188441,9.0,14.0,20.0,0.45,2.3618,2056.0705
360,729502.6352522235,868989.8877190476,0,729533.3822929305,869013.0479592208,38.49385973270953,11.0,14.0,20.0,0.75,4.3168,1446.7905
361,729539.3817155075,869014.547543117,0,729533.3822929305,869013.0479592208,6.183997341419416,10.0,14.0,20.0,0.15,3.2614,2056.0705
362,729527.6328462942,868996.4692261472,0,729533.3822929305,869013.0479592208,17.547379489583147,9.0,14.0,20.0,0.7,2.4468,1693.5745
363,729535.798727024,869012.7980285714,0,729533.3822929305,869013.0479592208,2.429324815194725,10.0,14.0,20.0,0.45,3.0894,1446.7905
364,729525.3830628279,869005.9665908226,0,729533.3822929305,869013.0479592208,10.68332629039017,7.0,14.0,20.0,0.9,1.9389,1693.5745
365,729531.3824854048,869018.9629845888,0,729533.3822929305,869013.0479592208,6.24393747915304,12.0,14.0,15.0,0.8,5.1708,1278.0865
366,729517.6338086659,869015.6305759308,0,729533.3822929305,869013.0479592208,15.958842868543405,12.0,14.0,15.0,0.4667,5.2699,2912.1345
367,729515.6340011402,869032.3759294372,0,729533.3822929305,869013.0479592208,26.24066108462192,12.0,14.0,15.0,0.2,5.113,2912.1345
368,729523.2999299886,868998.7186019914,0,729533.3822929305,869013.0479592208,17.52097374864687,7.0,14.0,20.0,0.15,1.8387,2912.1345
369,729524.383159065,869000.4681165369,0,729533.3822929305,869013.0479592208,15.467283287059187,7.0,14.0,20.0,0.3,2.0517,1278.0865
370,729541.2981977195,868983.306211948,0,729533.3822929305,869013.0479592208,30.777151906350728,12.0,14.0,15.0,0.4667,5.0537,1278.0865
372,729537.131932041,869022.7119443291,0,729533.3822929305,869013.0479592208,10.365925025380132,11.0,14.0,20.0,0.3,4.3542,1693.5745
373,729512.0510126568,869007.4661747187,0,729533.3822929305,869013.0479592208,22.04948607892983,11.0,14.0,20.0,0.55,4.2715,2056.0705
374,729530.7158828962,868998.8019122079,0,729533.3822929305,869013.0479592208,14.493432925529188,12.0,14.0,15.0,0.2,5.1609,2056.0705
375,729524.6331350057,869014.380922684,0,729533.3822929305,869013.0479592208,8.850116156693275,9.0,14.0,20.0,0.4,2.5225,2912.136
376,729532.7990157355,869018.2131926407,0,729533.3822929305,869013.0479592208,5.198062001152576,9.0,14.0,20.0,0.7,2.2699,1446.7905
377,729604.1254841505,869006.7163827706,0,729533.3822929305,869013.0479592208,71.02596683138182,11.0,14.0,20.0,0.95,4.4062,1446.7905
379,729532.1324132269,869006.049901039,0,729533.3822929305,869013.0479592208,7.108798603837591,10.0,14.0,20.0,0.8,3.1336,1339.7825
380,729519.8002668187,869022.4620136797,0,729533.3822929305,869013.0479592208,16.52561208110248,10.0,14.0,20.0,0.7,3.1635,1693.5754
381,729504.8017103763,869037.3745424242,0,729533.3822929305,869013.0479592208,37.53175121800465,10.0,14.0,20.0,0.35,3.3466,1693.5745
383,729555.3801757126,869001.80108,0,729533.3822929305,869013.0479592208,24.706257084071492,9.0,14.0,20.0,0.7,2.4504,1339.7834
384,729558.213236374,869009.8821709957,0,729533.3822929305,869013.0479592208,25.031938945651934,12.0,14.0,16.0,0.3125,5.4926,1446.7905
385,729531.132509464,869012.3814774893,0,729533.3822929305,869013.0479592208,2.3464278263890184,9.0,14.0,20.0,0.15,2.3966,2912.1345
386,729533.2989676169,869024.8780099568,0,729533.3822929305,869013.0479592208,11.830344184488109,10.0,14.0,20.0,1.0,3.1446,1446.7905
387,729510.3011810719,869025.0446303897,0,729533.3822929305,869013.0479592208,26.01264776531297,12.0,14.0,16.0,0.5625,5.6,1693.5745
388,729547.2976202965,869009.9654812121,0,729533.3822929305,869013.0479592208,14.252649100303659,9.0,14.0,20.0,0.05,2.3177,2912.1345
389,729543.131354618,868967.9771321212,0,729533.3822929305,869013.0479592208,46.11316145342584,10.0,14.0,20.0,0.3,3.0698,1446.7905
391,729535.7154017104,868992.4703357576,0,729533.3822929305,869013.0479592208,20.70946604751948,11.0,14.0,20.0,0.65,4.5042,2056.0705
392,729514.3007961232,869034.0421337662,0,729533.3822929305,869013.0479592208,28.37003498850343,9.0,14.0,20.0,0.2,2.2724,2056.0705
393,729535.1321245154,869012.881338788,0,729533.3822929305,869013.0479592208,1.7577465528445142,12.0,14.0,15.0,0.4,5.0982,1446.7905
394,729549.0474518815,869011.2984446754,0,729533.3822929305,869013.0479592208,15.76255074863857,8.0,14.0,20.0,0.7,1.9003,2912.1354
395,729523.216604675,869015.7138861472,0,729533.3822929305,869013.0479592208,10.509442615289238,9.0,14.0,20.0,0.3,2.2595,1339.7825
396,729528.9660513113,869000.6347369697,0,729533.3822929305,869013.0479592208,13.17540423266842,12.0,14.0,14.0,0.7857,4.7513,1446.7905
397,729540.9648964652,869020.295948052,0,729533.3822929305,869013.0479592208,10.4894813246633,7.0,14.0,20.0,0.15,1.8651,2912.1345
398,729531.8824372862,868993.5533685714,0,729533.3822929305,869013.0479592208,19.552202728610656,10.0,14.0,20.0,0.7,3.1529,1278.0865
399,729552.4637897378,869015.2140248485,0,729533.3822929305,869013.0479592208,19.204045425634014,7.0,14.0,20.0,0.15,1.9017,1693.5745
400,729541.3815230331,869068.2826327273,0,729533.3822929305,869013.0479592208,55.81090251555317,9.0,14.0,20.0,0.35,2.3183,1278.0865
401,729532.9656663627,869037.0413015585,0,729533.3822929305,869013.0479592208,23.996959270486272,11.0,14.0,20.0,0.05,4.2809,1446.7906
402,729531.715786659,869046.6219764502,0,729533.3822929305,869013.0479592208,33.6153517915712,10.0,14.0,20.0,0.25,3.2903,2056.0705
403,729537.3819079818,869025.1279406061,0,729533.3822929305,869013.0479592208,12.724891780564073,9.0,14.0,20.0,0.3,2.3823,1693.5745
404,729540.631595211,869028.4603492641,0,729533.3822929305,869013.0479592208,17.032150492507895,8.0,14.0,20.0,0.6,2.0764,1446.7905
405,729523.7165565564,869014.2976124675,0,729533.3822929305,869013.0479592208,9.746183503841854,9.0,14.0,20.0,0.35,2.2729,1339.7825
406,729570.7953587229,869041.3734328139,0,729533.3822929305,869013.0479592208,46.92621811162336,8.0,14.0,20.0,0.55,2.0656,1446.7905
407,729538.6317876853,868996.3859159307,0,729533.3822929305,869013.0479592208,17.469427059351062,11.0,14.0,20.0,0.1,4.2092,1339.7825
408,729531.2158347777,869008.2992768831,0,729533.3822929305,869013.0479592208,5.219533012852577,12.0,14.0,15.0,0.5333,5.0671,2056.0705
409,729535.4654257697,868992.1370948917,0,729533.3822929305,869013.0479592208,21.014368641835063,8.0,14.0,20.0,0.4,2.1502,2912.1345
410,729513.9674948689,869012.0482366234,0,729533.3822929305,869013.0479592208,19.440520287388324,7.0,14.0,20.0,0.15,1.8207,1339.7825
411,729526.6329425314,869020.295948052,0,729533.3822929305,869013.0479592208,9.903891806076821,12.0,14.0,17.0,0.2353,5.8251,1278.0865
412,729527.2995450399,869005.8832806061,0,729533.3822929305,869013.0479592208,9.398534010831229,7.0,14.0,20.0,0.25,1.8545,2912.1345
413,729538.7151129988,869013.1312694373,0,729533.3822929305,869013.0479592208,5.333470771788241,7.0,14.0,20.0,0.7,1.9361,1278.0865
414,729529.799304447,868991.803854026,0,729533.3822929305,869013.0479592208,21.544136371667136,7.0,14.0,20.0,0.65,1.8125,1278.0865
415,729560.5463451539,869034.6253052814,0,729533.3822929305,869013.0479592208,34.69103048648169,7.0,14.0,20.0,0.3,1.9781,1278.0865
416,729523.9665324972,869027.7105573161,0,729533.3822929305,869013.0479592208,17.42550795357816,8.0,14.0,20.0,0.15,2.1013,1278.0865
417,729530.0492803877,869023.9615975758,0,729533.3822929305,869013.0479592208,11.411243348282662,7.0,14.0,20.0,0.4,2.0007,1339.7825
418,729525.6330387685,869025.7111121212,0,729533.3822929305,869013.0479592208,14.846089769556498,10.0,14.0,20.0,0.55,3.065,1278.0865
419,729521.1334718359,869005.300109091,0,729533.3822929305,869013.0479592208,14.49354338465469,8.0,14.0,20.0,0.4,2.0574,1693.5745
420,729516.7172302167,869014.7141635498,0,729533.3822929305,869013.0479592208,16.748150707477915,11.0,14.0,20.0,0.4,4.1922,1339.7825
421,729523.79988187,869039.0407467532,0,729533.3822929305,869013.0479592208,27.70284471738737,8.0,14.0,20.0,0.4,1.9338,2056.0705
422,729523.7165565564,869016.047127013,0,729533.3822929305,869013.0479592208,10.12034915894662,9.0,14.0,20.0,0.25,2.3488,1339.7825
423,729545.2978127708,869011.4650651083,0,729533.3822929305,869013.0479592208,12.02019828607578,11.0,14.0,20.0,0.6,4.3434,1446.7905
424,729515.0507239453,869009.6322403464,0,729533.3822929305,869013.0479592208,18.64707904444994,7.0,14.0,20.0,0.55,1.8509,2056.0705
425,729542.1314508552,869058.4520271862,0,729533.3822929305,869013.0479592208,46.23934636423957,7.0,14.0,20.0,0.35,1.8098,1278.0865
426,729536.1320282782,869025.7111121212,0,729533.3822929305,869013.0479592208,12.958259368505816,9.0,14.0,20.0,0.1,2.4205,1278.0865
427,729533.2989676169,868988.1382045022,0,729533.3822929305,869013.0479592208,24.909894083504067,12.0,14.0,16.0,0.625,5.3558,1446.7905
428,729531.3824854048,869018.3798130737,0,729533.3822929305,869013.0479592208,5.694549643977875,7.0,14.0,20.0,0.1,1.7584,2912.1345
429,729527.2162197264,869025.9610427705,0,729533.3822929305,869013.0479592208,14.309723460654897,11.0,14.0,20.0,0.7,4.2744,1278.0865
430,729523.8832071836,869014.380922684,0,729533.3822929305,869013.0479592208,9.59215417003841,11.0,14.0,20.0,0.45,4.2352,2056.0705
431,729494.6360221208,869013.7977511688,0,729533.3822929305,869013.0479592208,38.75352486705856,11.0,14.0,20.0,0.6,4.303,2056.0705
432,729548.6308253136,869017.6300211255,0,729533.3822929305,869013.0479592208,15.92209254896234,8.0,14.0,20.0,0.3,2.0041,2056.0705
433,729523.79988187,869024.3781486581,0,729533.3822929305,869013.0479592208,14.838995734742916,8.0,14.0,20.0,0.4,2.0636,1339.7825
434,729545.5477887115,869026.0443529871,0,729533.3822929305,869013.0479592208,17.80184087461015,11.0,14.0,20.0,0.4,4.2689,1339.7825
435,729549.71405439,869013.1312694373,0,729533.3822929305,869013.0479592208,16.33197394564464,8.0,14.0,20.0,0.3,2.108,2056.0705
436,729528.1327981756,869021.3789808658,0,729533.3822929305,869013.0479592208,9.846985164579877,12.0,14.0,17.0,0.5882,6.0933,1339.7825
437,729537.2985826682,869005.4667295238,0,729533.3822929305,869013.0479592208,8.53301640850765,8.0,14.0,20.0,0.3,2.0034,2912.1345
438,729507.6347710376,869002.3009412987,0,729533.3822929305,869013.0479592208,27.90041716252614,10.0,14.0,20.0,0.6,3.1532,1339.7825
439,729517.5504833524,869000.8846676191,0,729533.3822929305,869013.0479592208,19.964765390697195,12.0,14.0,17.0,0.3529,5.8601,1693.5745
440,729529.5493285063,869022.1287728138,0,729533.3822929305,869013.0479592208,9.856611577396233,8.0,14.0,20.0,0.05,1.9814,2912.1345
441,729546.7976684151,869015.9638167965,0,729533.3822929305,869013.0479592208,13.728602434158864,10.0,14.0,20.0,0.6,3.1991,1339.7835
442,729521.2167971494,869007.2995542857,0,729533.3822929305,869013.0479592208,13.455238641448913,12.0,14.0,16.0,0.4375,5.2394,1693.5745
443,729528.3827741164,869013.7977511688,0,729533.3822929305,869013.0479592208,5.05543038111618,10.0,14.0,20.0,0.25,2.9955,2912.1345
444,729527.2995450399,869013.8810613853,0,729533.3822929305,869013.0479592208,6.13953427526589,8.0,14.0,20.0,0.85,2.0972,1693.5745
445,729527.1328944127,869007.5494849351,0,729533.3822929305,869013.0479592208,8.323953466021146,8.0,14.0,20.0,0.8,1.9425,1339.7825
446,729512.3009885976,869026.8774551515,0,729533.3822929305,869013.0479592208,25.212622832127952,8.0,14.0,20.0,0.7,2.0711,1339.7825
447,729526.3829665907,869028.0437981818,0,729533.3822929305,869013.0479592208,16.548889852640013,7.0,14.0,20.0,0.2,1.866,1339.7825
448,729520.8834958951,869023.1284954112,0,729533.3822929305,869013.0479592208,16.057307906967775,10.0,14.0,20.0,0.3,3.3602,1278.0865
449,729531.7991119727,869020.2126378355,0,729533.3822929305,869013.0479592208,7.3375119486918825,7.0,14.0,20.0,0.4,1.8213,1693.5745
450,729524.7997856329,869008.465897316,0,729533.3822929305,869013.0479592208,9.72906587569301,11.0,14.0,20.0,0.65,4.3309,1278.0865
451,729517.8837846066,869043.7894290909,0,729533.3822929305,869013.0479592208,34.42733986296412,8.0,14.0,20.0,0.6,2.0865,2056.0705
452,729509.2179519954,869016.963539394,0,729533.3822929305,869013.0479592208,24.479524932448356,11.0,14.0,20.0,0.05,4.3737,1339.7825
453,729558.2965616876,869006.049901039,0,729533.3822929305,869013.0479592208,25.878439018175182,12.0,14.0,19.0,0.2105,6.3361,2056.0705
454,729540.8815711517,869017.2134700433,0,729533.3822929305,869013.0479592208,8.578499533732403,7.0,14.0,20.0,0.1,1.8857,2912.1345
455,729565.1292374003,869004.8835580087,0,729533.3822929305,869013.0479592208,32.77996232941514,10.0,14.0,20.0,0.8,3.1594,1278.0865
456,729543.7979571266,869007.716105368,0,729533.3822929305,869013.0479592208,11.701056625561971,9.0,14.0,20.0,0.1,2.3287,1693.5745
457,729525.8830147092,869023.1284954112,0,729533.3822929305,869013.0479592208,12.564091042591599,8.0,14.0,20.0,0.45,2.1002,1446.7905
458,729520.6335199544,869028.2937288312,0,729533.3822929305,869013.0479592208,19.87371891241122,11.0,14.0,20.0,0.5,4.326,1339.7825
459,729524.2998337514,869006.96631342,0,729533.3822929305,869013.0479592208,10.930575482884711,11.0,14.0,20.0,0.3,4.3639,2056.0705
460,729543.2980052452,868993.8866094373,0,729533.3822929305,869013.0479592208,21.574954837358035,11.0,14.0,20.0,0.55,4.3744,2056.0705
461,729555.7968022805,869034.2920644156,0,729533.3822929305,869013.0479592208,30.882393607491654,7.0,14.0,20.0,0.15,1.7925,2056.0705
462,729536.4653295325,869032.2926192208,0,729533.3822929305,869013.0479592208,19.490050107777527,7.0,14.0,20.0,0.25,1.7339,1278.0865
463,729555.4635010263,869013.3812000866,0,729533.3822929305,869013.0479592208,22.08372252232998,9.0,14.0,20.0,0.3,2.4231,1278.0865
464,729524.1331831242,868990.5542007793,0,729533.3822929305,869013.0479592208,24.321085523352124,12.0,14.0,16.0,0.1875,5.5899,1446.7905
465,729545.7977646523,869001.80108,0,729533.3822929305,869013.0479592208,16.752200759373657,7.0,14.0,20.0,0.05,2.0062,2912.1345
466,729540.7982458381,869009.5489301299,0,729533.3822929305,869013.0479592208,8.199973299217154,10.0,14.0,20.0,0.5,3.1265,1278.0865
467,729529.3826778792,868997.552258961,0,729533.3822929305,869013.0479592208,16.003551077826,10.0,14.0,20.0,0.5,3.2293,1693.5745
468,729536.6319801597,869005.7999703897,0,729533.3822929305,869013.0479592208,7.943161158107869,11.0,14.0,20.0,0.4,4.2523,1693.5745
469,729528.3827741164,869019.1296050217,0,729533.3822929305,869013.0479592208,7.872839641450372,8.0,14.0,20.0,0.7,2.0524,2056.0705
470,729555.713476967,869023.5450464935,0,729533.3822929305,869013.0479592208,24.675303882229176,11.0,14.0,20.0,0.85,4.5026,1339.7825
471,729509.1346266819,869028.5436594805,0,729533.3822929305,869013.0479592208,28.776136728912498,10.0,14.0,20.0,0.2,3.2024,2056.0705
472,729551.463885975,869022.3787034632,0,729533.3822929305,869013.0479592208,20.347156930206737,10.0,14.0,20.0,0.05,3.2442,1693.5745
473,729532.882341049,868997.4689487446,0,729533.3822929305,869013.0479592208,15.587030483791347,10.0,14.0,20.0,0.15,3.0879,1693.5745
474,729537.5485586089,869010.5486527273,0,729533.3822929305,869013.0479592208,4.85842594380124,11.0,14.0,20.0,0.2,4.2853,1693.5745
475,729508.5513494869,869029.4600718615,0,729533.3822929305,869013.0479592208,29.7646299091506,9.0,14.0,20.0,0.75,2.3569,2056.0705
476,729528.4660994299,869026.0443529871,0,729533.3822929305,869013.0479592208,13.89515057360431,8.0,14.0,20.0,0.3,2.1028,1446.7905
477,729554.7968985176,869000.4681165369,0,729533.3822929305,869013.0479592208,24.836219003831683,9.0,14.0,20.0,0.6,2.427,1339.7825
478,729509.0513013683,869011.2984446754,0,729533.3822929305,869013.0479592208,24.393809697249885,9.0,14.0,20.0,0.35,2.5793,1446.7905
479,729548.0475481186,869016.7969189611,0,729533.3822929305,869013.0479592208,15.136855976955287,8.0,14.0,20.0,0.2,2.0008,1446.7905
480,729547.6309215508,869012.881338788,0,729533.3822929305,869013.0479592208,14.249602798942416,10.0,14.0,20.0,0.55,3.2968,1339.7825
481,729546.7976684151,869012.4647877057,0,729533.3822929305,869013.0479592208,13.428044846864303,10.0,14.0,20.0,0.35,2.9977,1693.5745
482,729554.2136213228,869048.3714909957,0,729533.3822929305,869013.0479592208,41.008488629063834,11.0,14.0,20.0,0.45,4.3301,1693.5745
483,729530.6325575827,869032.5425498702,0,729533.3822929305,869013.0479592208,19.687562293741216,11.0,14.0,20.0,0.05,4.1587,2056.0705
484,729513.9674948689,869000.7180471862,0,729533.3822929305,869013.0479592208,22.999154648714043,9.0,14.0,20.0,0.35,2.3622,2056.0722
485,729526.882918472,868989.6377883983,0,729533.3822929305,869013.0479592208,24.29563677475345,8.0,14.0,20.0,0.2,2.0127,1446.7905
486,729558.8798388826,869026.21097342,0,729533.3822929305,869013.0479592208,28.69476942554765,8.0,14.0,20.0,0.2,2.0691,1339.7825
487,729531.6324613455,868971.9760225109,0,729533.3822929305,869013.0479592208,41.10919478267235,7.0,14.0,20.0,0.1,1.7501,1339.7825
488,729530.4659069555,868977.3911865801,0,729533.3822929305,869013.0479592208,35.77584020411413,7.0,14.0,20.0,0.25,1.8573,1278.0865
489,729529.2993525655,868994.9696422511,0,729533.3822929305,869013.0479592208,18.533643637450798,9.0,14.0,20.0,0.1,2.3935,1278.0865
490,729514.8840733181,869007.716105368,0,729533.3822929305,869013.0479592208,19.25130630208677,11.0,14.0,20.0,0.15,4.3364,1446.7905
491,729553.4636935006,869009.1323790477,0,729533.3822929305,869013.0479592208,20.45958007754592,10.0,14.0,20.0,0.4,3.2201,2056.0705
492,729537.5485586089,868987.3884125542,0,729533.3822929305,869013.0479592208,25.995578563311287,12.0,14.0,14.0,0.4286,4.8228,1693.5745
493,729533.0489916762,869042.7897064935,0,729533.3822929305,869013.0479592208,29.743614786325082,10.0,14.0,20.0,0.05,3.0994,2912.1345
494,729530.382581642,869011.2151344588,0,729533.3822929305,869013.0479592208,3.5153256495536183,9.0,14.0,20.0,0.15,2.4152,1693.5745
495,729537.715209236,869020.8791195671,0,729533.3822929305,869013.0479592208,8.94992938965136,8.0,14.0,20.0,0.85,1.9312,1446.7905
496,729508.8846507411,869008.3825870996,0,729533.3822929305,869013.0479592208,24.937926334577124,7.0,14.0,20.0,0.6,1.9327,1339.7825
497,729530.7158828962,869008.2159666667,0,729533.3822929305,869013.0479592208,5.5188671404663525,11.0,14.0,20.0,0.25,4.2658,1278.0865
498,729528.1327981756,869007.2162440693,0,729533.3822929305,869013.0479592208,7.846406616470789,8.0,14.0,20.0,0.8,2.1302,2056.0713
499,729517.8837846066,869024.544769091,0,729533.3822929305,869013.0479592208,19.297160346957405,11.0,14.0,20.0,0.9,4.1827,1339.7825
500,729540.2149686432,869004.3003864936,0,729533.3822929305,869013.0479592208,11.099796665393166,11.0,14.0,20.0,0.35,4.2966,2056.0705
501,729537.2985826682,869023.9615975758,0,729533.3822929305,869013.0479592208,11.595034603342198,9.0,14.0,20.0,0.55,2.3226,2056.0705
502,729569.2955030787,868991.5539233766,0,729533.3822929305,869013.0479592208,41.85393936087009,7.0,14.0,20.0,0.85,1.9523,1446.7905
503,729521.2167971494,869039.4572978355,0,729533.3822929305,869013.0479592208,29.076665105623306,7.0,14.0,20.0,0.05,1.9064,1278.0865
504,729531.0491841505,868998.3853611256,0,729533.3822929305,869013.0479592208,14.847059624117023,12.0,14.0,15.0,0.2,4.8974,1278.0865
505,729556.2134288483,869010.3820322944,0,729533.3822929305,869013.0479592208,22.98625532082729,10.0,14.0,20.0,0.15,3.1084,2912.1345
506,729547.1309696693,869017.4634006927,0,729533.3822929305,869013.0479592208,14.440299008672131,8.0,14.0,20.0,0.2,2.0025,1693.5745
507,729559.4631160776,869006.1332112554,0,729533.3822929305,869013.0479592208,26.981902739701844,12.0,14.0,15.0,0.7333,5.015,1339.7825
508,729502.7185775371,869018.2965028571,0,729533.3822929305,869013.0479592208,31.10965528625192,12.0,14.0,16.0,0.0625,5.6103,2912.1345
509,729526.7995931585,868999.7183245887,0,729533.3822929305,869013.0479592208,14.866441931854094,8.0,14.0,20.0,0.15,1.9673,2912.1345
510,729540.2149686432,869022.2120830304,0,729533.3822929305,869013.0479592208,11.430950205076117,12.0,14.0,14.0,0.7143,4.7459,1339.7825
511,729532.882341049,869026.5442142858,0,729533.3822929305,869013.0479592208,13.505511936331324,7.0,14.0,20.0,0.45,1.8646,2912.1358
512,729537.2152573547,869039.5406080519,0,729533.3822929305,869013.0479592208,26.768490027736373,11.0,14.0,20.0,0.65,4.0864,1278.0865
513,729529.216027252,869027.877177749,0,729533.3822929305,869013.0479592208,15.403359758776459,10.0,14.0,20.0,0.15,3.1259,2056.0705
514,729539.9649927024,869007.0496236364,0,729533.3822929305,869013.0479592208,8.905726588529419,12.0,14.0,15.0,0.5333,5.0625,1693.5745
515,729537.6318839225,869016.7136087447,0,729533.3822929305,869013.0479592208,5.612130614205238,10.0,14.0,20.0,0.25,3.2038,2912.1345
516,729533.7989194983,869003.9671456277,0,729533.3822929305,869013.0479592208,9.090365955775594,11.0,14.0,20.0,0.5,4.2853,1693.5745
517,729535.6320763968,869016.213747446,0,729533.3822929305,869013.0479592208,3.8837791816455303,10.0,14.0,20.0,0.65,3.0773,2056.0705
518,729513.8841695553,869005.5500397403,0,729533.3822929305,869013.0479592208,20.89008405183226,11.0,14.0,20.0,0.85,4.3401,1693.5745
519,729539.465040821,869010.6319629437,0,729533.3822929305,869013.0479592208,6.544987388102709,10.0,14.0,20.0,0.3,3.4166,2056.0705
520,729556.1301035348,869005.6333499567,0,729533.3822929305,869013.0479592208,23.925704123972665,7.0,14.0,20.0,0.65,1.7463,1693.5754
521,729581.6276494869,868984.3892447619,0,729533.3822929305,869013.0479592208,56.11538419801097,12.0,14.0,16.0,0.1875,5.4066,1278.0865
523,729550.297331585,869022.2120830304,0,729533.3822929305,869013.0479592208,19.237975410077084,10.0,14.0,20.0,0.05,3.0002,1693.5745
524,729552.9637416191,869017.1301598268,0,729533.3822929305,869013.0479592208,20.0024372148347,8.0,14.0,20.0,0.25,2.1342,1693.5745
525,729546.7143431015,869007.2995542857,0,729533.3822929305,869013.0479592208,14.518530265136533,10.0,14.0,20.0,0.35,3.1878,1339.7825
526,729513.3008923603,868992.4703357576,0,729533.3822929305,869013.0479592208,28.752412703225776,12.0,14.0,15.0,0.4667,5.2202,1693.5745
527,729522.2167009122,869016.5469883117,0,729533.3822929305,869013.0479592208,11.70101062718149,12.0,14.0,15.0,0.2,5.0153,2912.1345
528,729536.0487029647,869002.6341821646,0,729533.3822929305,869013.0479592208,10.749720696276858,11.0,14.0,20.0,0.2,4.3644,2912.1345
529,729514.8007480046,869004.7169375758,0,729533.3822929305,869013.0479592208,20.36368663782267,7.0,14.0,20.0,0.4,1.9146,2056.0705
530,729539.2983901938,869020.5458787014,0,729533.3822929305,869013.0479592208,9.55086401149638,10.0,14.0,20.0,0.25,3.1845,1278.0865
531,729520.3002187001,869011.1318242424,0,729533.3822929305,869013.0479592208,13.221657968111355,7.0,14.0,20.0,0.45,1.9144,1693.5745
532,729527.7994969214,868987.9715840693,0,729533.3822929305,869013.0479592208,25.69031338889012,7.0,14.0,20.0,0.55,1.8764,1278.0865
533,729526.7995931585,869032.7091703031,0,729533.3822929305,869013.0479592208,20.733913222267994,10.0,14.0,20.0,0.15,3.2641,1278.0865
534,729526.2996412771,869004.7169375758,0,729533.3822929305,869013.0479592208,10.93480114557721,8.0,14.0,20.0,0.35,1.9556,1693.5745
535,729529.6326538199,869011.6316855411,0,729533.3822929305,869013.0479592208,4.008194680383142,9.0,14.0,20.0,0.8,2.4898,1339.7825
536,729522.7999781072,868973.5589166234,0,729533.3822929305,869013.0479592208,40.88239073591802,10.0,14.0,20.0,0.95,3.1643,1446.7905
537,729564.7959361459,868989.8877190476,0,729533.3822929305,869013.0479592208,39.02837051361427,9.0,14.0,20.0,0.15,2.3839,1693.5745
538,729535.1321245154,869018.3798130737,0,729533.3822929305,869013.0479592208,5.611646468144171,10.0,14.0,20.0,0.15,3.293,1446.7905
539,729538.6317876853,869020.1293276191,0,729533.3822929305,869013.0479592208,8.814929016898992,7.0,14.0,20.0,0.65,1.7509,1693.5745
540,729534.5488473204,869008.2159666667,0,729533.3822929305,869013.0479592208,4.970814942007571,10.0,14.0,20.0,0.55,3.3218,1278.0865
541,729508.8846507411,869013.5478205195,0,729533.3822929305,869013.0479592208,24.502741360037145,9.0,14.0,20.0,0.9,2.5015,1693.5745
542,729530.8825335234,868979.3906317749,0,729533.3822929305,869013.0479592208,33.750029450292146,7.0,14.0,20.0,0.35,1.8647,1446.7905
543,729553.7136694413,869006.049901039,0,729533.3822929305,869013.0479592208,21.502039185617758,10.0,14.0,20.0,0.1,3.2363,1278.0865
544,729558.9631641961,869022.1287728138,0,729533.3822929305,869013.0479592208,27.14483652960024,8.0,14.0,20.0,0.3,2.0051,1693.5745
545,729526.882918472,869021.7122217317,0,729533.3822929305,869013.0479592208,10.83103472470803,11.0,14.0,20.0,0.3,4.427,1339.7825
546,729508.2180482326,869016.5469883117,0,729533.3822929305,869013.0479592208,25.406345974858766,10.0,14.0,20.0,0.5,3.3492,2056.0705
547,729535.798727024,869019.7960867533,0,729533.3822929305,869013.0479592208,7.167731783630636,8.0,14.0,20.0,0.1,1.9731,1693.5745
548,729500.9687459521,868995.6361239827,0,729533.3822929305,869013.0479592208,36.79415760794811,9.0,14.0,20.0,0.7,2.5233,1339.7825
549,729547.6309215508,869040.9568817316,0,729533.3822929305,869013.0479592208,31.335784229424092,12.0,14.0,14.0,0.2143,4.6144,1446.7905
550,729534.9654738883,869024.2948384415,0,729533.3822929305,869013.0479592208,11.357761845997306,8.0,14.0,20.0,0.1,1.9179,2912.1345
551,729511.8010367161,869018.2131926407,0,729533.3822929305,869013.0479592208,22.190769614273417,11.0,14.0,20.0,0.45,4.4566,1339.7825
552,729525.8830147092,869009.7155505628,0,729533.3822929305,869013.0479592208,8.20634640409737,8.0,14.0,20.0,0.25,2.2494,2056.0705
553,729516.4672542759,869014.0476818183,0,729533.3822929305,869013.0479592208,16.944555997657655,12.0,14.0,17.0,0.6471,5.8306,1339.7825
554,729533.3822929305,869017.879951775,0,729533.3822929305,869013.0479592208,4.831992554129101,10.0,14.0,20.0,0.1,3.0303,2912.1345
555,729534.7154979475,869031.959378355,0,729533.3822929305,869013.0479592208,18.958354603811014,8.0,14.0,20.0,0.55,2.1472,1693.5745
556,729547.38094561,868995.6361239827,0,729533.3822929305,869013.0479592208,22.34131337231715,10.0,14.0,20.0,0.25,3.1151,1339.7825
557,729539.1317395667,868999.8849450217,0,729533.3822929305,869013.0479592208,14.363881071232715,9.0,14.0,20.0,0.2,2.289,1693.5745
558,729523.1332793615,869021.212360433,0,729533.3822929305,869013.0479592208,13.103424220010039,11.0,14.0,20.0,0.3,4.4025,1446.7905
559,729558.3798870011,869009.4656199134,0,729533.3822929305,869013.0479592208,25.252977334028373,12.0,14.0,17.0,0.2941,5.7052,2056.0705
560,729543.6313064995,869009.7988607793,0,729533.3822929305,869013.0479592208,10.751693811672968,8.0,14.0,20.0,0.15,2.1276,2912.1345
561,729536.4653295325,868987.7216534199,0,729533.3822929305,869013.0479592208,25.51326870888309,11.0,14.0,20.0,0.5,4.2107,1339.7825
562,729526.6329425314,869004.1337660606,0,729533.3822929305,869013.0479592208,11.181080918607856,8.0,14.0,20.0,0.35,2.212,2056.0705
563,729521.1334718359,869018.8796743724,0,729533.3822929305,869013.0479592208,13.566227176969178,11.0,14.0,20.0,0.55,4.1333,1339.7825
564,729513.8008442417,869041.3734328139,0,729533.3822929305,869013.0479592208,34.434947176127665,8.0,14.0,20.0,0.55,2.0662,2056.0705
565,729540.7149205245,868983.306211948,0,729533.3822929305,869013.0479592208,30.632318852324268,9.0,14.0,20.0,0.1,2.3849,1339.7825
566,729528.7160753706,869009.5489301299,0,729533.3822929305,869013.0479592208,5.832391524604429,12.0,14.0,16.0,0.25,5.5664,1446.7905
567,729545.5477887115,868986.8885512555,0,729533.3822929305,869013.0479592208,28.849851172861243,12.0,14.0,16.0,0.75,5.3764,2912.1345
569,729542.2147761688,869016.2970576624,0,729533.3822929305,869013.0479592208,9.411131751174148,10.0,14.0,20.0,0.1,3.2026,1446.7905
570,729531.7991119727,869020.8791195671,0,729533.3822929305,869013.0479592208,7.989589120495805,8.0,14.0,20.0,0.45,2.3324,1693.5745
571,729506.4682166476,869009.5489301299,0,729533.3822929305,869013.0479592208,27.140573073167648,9.0,14.0,20.0,0.7,2.3321,1339.7825
572,729535.4654257697,869044.0393597403,0,729533.3822929305,869013.0479592208,31.06133204783528,9.0,14.0,20.0,0.4,2.3742,1446.7905
573,729521.2167971494,868990.9707518615,0,729533.3822929305,869013.0479592208,25.207188902946225,11.0,14.0,20.0,0.1,4.4488,1446.7905
574,729535.2987751425,869011.2151344588,0,729533.3822929305,869013.0479592208,2.6518202573177816,9.0,14.0,20.0,0.15,2.3273,2056.0705
575,729527.7161716077,868975.5583618182,0,729533.3822929305,869013.0479592208,37.91536422422552,9.0,14.0,20.0,0.95,2.3113,1446.7905
576,729534.7988232612,868993.5533685714,0,729533.3822929305,869013.0479592208,19.54598738269927,10.0,14.0,20.0,0.15,3.0874,1446.7905
577,729519.3003149373,869000.0515654546,0,729533.3822929305,869013.0479592208,19.162681313686374,7.0,14.0,20.0,0.2,1.8097,1693.5745
578,729528.7160753706,869032.2926192208,0,729533.3822929305,869013.0479592208,19.802285848636853,12.0,14.0,15.0,0.6,5.233,1278.0865
579,729506.3848913341,869036.4581300433,0,729533.3822929305,869013.0479592208,35.7336786644854,11.0,14.0,20.0,0.1,4.2354,2912.1345
580,729530.7158828962,868999.3017735066,0,729533.3822929305,869013.0479592208,14.002405656241917,9.0,14.0,20.0,0.1,2.5093,2056.0705
581,729536.548654846,869011.1318242424,0,729533.3822929305,869013.0479592208,3.701002706782288,7.0,14.0,20.0,0.35,1.7487,1446.7905
582,729537.8818598632,869004.1337660606,0,729533.3822929305,869013.0479592208,9.98543650922998,7.0,14.0,20.0,0.85,1.9929,1278.0865
583,729528.632750057,869015.6305759308,0,729533.3822929305,869013.0479592208,5.406298787306269,9.0,14.0,20.0,0.65,2.2682,1278.0865
584,729540.3816192703,868990.2209599135,0,729533.3822929305,869013.0479592208,23.87598095555678,10.0,14.0,20.0,0.95,3.0064,1446.7905
585,729526.882918472,868983.8060732468,0,729533.3822929305,869013.0479592208,29.95546300212659,12.0,14.0,15.0,0.2667,5.1258,1693.5745
586,729536.6319801597,869019.9627071861,0,729533.3822929305,869013.0479592208,7.640301467277429,12.0,14.0,16.0,0.125,5.581,2912.1345
587,729517.8004592931,869014.0476818183,0,729533.3822929305,869013.0479592208,15.61387154989197,12.0,14.0,15.0,0.3333,5.2572,2912.1345
588,729556.9633566705,869016.047127013,0,729533.3822929305,869013.0479592208,23.771023843185834,8.0,14.0,20.0,0.2,1.9028,2912.1345
589,729543.8812824402,868996.1359852814,0,729533.3822929305,869013.0479592208,19.905869567805894,12.0,14.0,15.0,0.4,5.0283,1339.7825
590,729532.1324132269,869004.5503171429,0,729533.3822929305,869013.0479592208,8.58906980754256,10.0,14.0,20.0,0.2,3.0376,2912.1345
591,729554.8802238313,869019.7960867533,0,729533.3822929305,869013.0479592208,22.53216053130273,9.0,14.0,20.0,0.5,2.3943,1693.5745
592,729505.3016622578,869020.9624297835,0,729533.3822929305,869013.0479592208,29.174657894604472,11.0,14.0,20.0,0.4,4.2979,1446.7905
593,729520.7168452679,869013.4645103031,0,729533.3822929305,869013.0479592208,12.67229573904485,8.0,14.0,20.0,0.25,2.1909,2056.0705
594,729552.04716317,869033.6255826841,0,729533.3822929305,869013.0479592208,27.781576061304232,8.0,14.0,20.0,0.4,2.0632,1339.7825
595,729554.0469706956,869010.3820322944,0,729533.3822929305,869013.0479592208,20.835932268861757,9.0,14.0,20.0,0.25,2.4701,1339.7825
596,729530.8825335234,869008.465897316,0,729533.3822929305,869013.0479592208,5.21958699450975,9.0,14.0,20.0,0.25,2.4658,1446.7905
597,729511.2177595211,868996.6358465801,0,729533.3822929305,869013.0479592208,27.579412295898326,11.0,14.0,20.0,0.75,4.2681,1446.7905
598,729554.4635972634,869005.4667295238,0,729533.3822929305,869013.0479592208,22.40304524158327,12.0,14.0,17.0,0.2941,5.6911,2056.0705
599,729537.3819079818,869037.5411628572,0,729533.3822929305,869013.0479592208,24.817613602674918,10.0,14.0,20.0,0.15,3.2927,2912.1345
600,729552.5471150513,869047.2884581819,0,729533.3822929305,869013.0479592208,39.23903892840291,11.0,14.0,20.0,0.25,4.406,1693.5745
601,729519.8002668187,869014.2143022511,0,729533.3822929305,869013.0479592208,13.632013401009022,12.0,14.0,16.0,0.0625,5.5896,2056.0705
602,729515.3006998859,869056.95244329,0,729533.3822929305,869013.0479592208,47.48207797066885,9.0,14.0,20.0,0.35,2.2557,2912.1345
603,729523.4665806157,869009.7155505628,0,729533.3822929305,869013.0479592208,10.460702565949045,11.0,14.0,20.0,0.15,4.1209,1446.7905
604,729533.0489916762,868996.5525363637,0,729533.3822929305,869013.0479592208,16.498789802926808,12.0,14.0,15.0,0.8,4.9065,2056.0705
605,729552.5471150513,869032.7924805195,0,729533.3822929305,869013.0479592208,27.516113974105007,9.0,14.0,20.0,0.15,2.3198,2912.1345
606,729532.3823891677,869019.7127765368,0,729533.3822929305,869013.0479592208,6.739406308456773,8.0,14.0,20.0,0.2,2.0508,1446.7905
607,729531.715786659,869003.1340434633,0,729533.3822929305,869013.0479592208,10.05300794790909,11.0,14.0,20.0,0.65,4.514,1339.7825
608,729515.8839770809,869020.3792582684,0,729533.3822929305,869013.0479592208,18.97205848863882,7.0,14.0,20.0,0.35,1.9995,2056.0705
609,729528.9660513113,869015.3806452814,0,729533.3822929305,869013.0479592208,4.994458358615345,8.0,14.0,20.0,0.4,2.0666,1278.0865
610,729535.9653776512,869015.7138861472,0,729533.3822929305,869013.0479592208,3.712073955497146,7.0,14.0,20.0,0.85,1.9842,1339.7825
611,729567.3790208666,868992.8868868399,0,729533.3822929305,869013.0479592208,39.525262173835884,9.0,14.0,20.0,0.9,2.3404,1278.0865
612,729544.5478849487,869024.3781486581,0,729533.3822929305,869013.0479592208,15.907345403939521,7.0,14.0,20.0,0.15,1.989,1446.7905
613,729522.8833034207,869026.5442142858,0,729533.3822929305,869013.0479592208,17.099054988648202,10.0,14.0,20.0,0.5,3.0814,1278.0865
614,729541.5481736602,869002.5508719481,0,729533.3822929305,869013.0479592208,13.29926499104262,12.0,14.0,17.0,0.2941,5.8976,1693.5745
615,729545.1311621437,869027.9604879654,0,729533.3822929305,869013.0479592208,18.984715993265077,9.0,14.0,20.0,0.3,2.568,2912.1345
616,729496.6358296465,869021.1290502165,0,729533.3822929305,869013.0479592208,37.62454777886334,7.0,14.0,20.0,0.3,1.7724,1446.7905
617,729551.5472112885,868999.8016348053,0,729533.3822929305,869013.0479592208,22.4817563698619,9.0,14.0,20.0,0.15,2.3952,1278.0865
618,729531.7991119727,869025.7944223377,0,729533.3822929305,869013.0479592208,12.844406717874817,10.0,14.0,20.0,0.2,3.1758,1446.7905
619,729537.4652332953,869003.467284329,0,729533.3822929305,869013.0479592208,10.414400290256218,7.0,14.0,20.0,0.4,1.778,1693.5745
620,729535.8820523375,869009.1323790477,0,729533.3822929305,869013.0479592208,4.64548869175735,7.0,14.0,20.0,0.7,1.8544,1278.0865
621,729542.8813786773,868993.3867481386,0,729533.3822929305,869013.0479592208,21.835655503009633,8.0,14.0,20.0,0.75,1.9844,1278.0865
622,729524.2998337514,869007.0496236364,0,729533.3822929305,869013.0479592208,10.884442775049815,7.0,14.0,20.0,0.5,1.7676,1339.7825
623,729532.7990157355,869002.4675617316,0,729533.3822929305,869013.0479592208,10.596462773807193,12.0,14.0,15.0,0.8,5.1326,1278.0865
624,729547.4642709236,869008.2159666667,0,729533.3822929305,869013.0479592208,14.887923167529266,7.0,14.0,20.0,0.25,1.8593,2912.1345
625,729543.6313064995,869033.0424111688,0,729533.3822929305,869013.0479592208,22.468208380663413,9.0,14.0,20.0,0.35,2.2412,1278.0865
626,729536.2153535918,869050.3709361905,0,729533.3822929305,869013.0479592208,37.430346546454345,10.0,14.0,20.0,0.25,3.3015,1446.7905
627,729483.8037313569,868998.5519815584,0,729533.3822929305,869013.0479592208,51.654304139147044,11.0,14.0,20.0,0.05,4.386,1693.5745
628,729545.8810899658,869046.8719070996,0,729533.3822929305,869013.0479592208,36.05938681448707,12.0,14.0,17.0,0.0588,5.6277,2056.0706
630,729518.5503871152,868995.136262684,0,729533.3822929305,869013.0479592208,23.255414486533077,10.0,14.0,20.0,0.7,3.1222,1693.5745
631,729535.798727024,869025.0446303897,0,729533.3822929305,869013.0479592208,12.23761712349639,7.0,14.0,20.0,0.2,1.7941,1693.5745
632,729532.5490397947,869011.6316855411,0,729533.3822929305,869013.0479592208,1.6432108580805642,11.0,14.0,20.0,0.5,4.2581,1278.0865
633,729565.9624905359,869070.8652494373,0,729533.3822929305,869013.0479592208,66.36496307526772,11.0,14.0,20.0,1.0,4.0729,2056.0705
635,729523.4665806157,869015.4639554978,0,729533.3822929305,869013.0479592208,10.205801718624308,9.0,14.0,20.0,0.1,2.3709,1693.5745
636,729540.2982939567,868984.0560038962,0,729533.3822929305,869013.0479592208,29.805444867355238,11.0,14.0,20.0,0.55,4.5284,1446.7905
637,729516.4672542759,869037.7077832901,0,729533.3822929305,869013.0479592208,29.903602722946854,11.0,14.0,20.0,0.2,4.3878,2056.0705
638,729542.2147761688,869014.1309920347,0,729533.3822929305,869013.0479592208,8.89863586348341,12.0,14.0,17.0,0.1176,5.769,2056.0705
639,729549.6307290765,869021.3789808658,0,729533.3822929305,869013.0479592208,18.25972614357371,10.0,14.0,20.0,0.45,3.042,2912.1345
640,729515.3840251996,869025.2112508225,0,729533.3822929305,869013.0479592208,21.72287512973773,12.0,14.0,15.0,0.6,5.0241,1693.5745
641,729509.6345785633,869028.7935901299,0,729533.3822929305,869013.0479592208,28.493487508434875,12.0,14.0,15.0,0.2667,5.1837,2912.1345
642,729525.3830628279,869007.2995542857,0,729533.3822929305,869013.0479592208,9.850474178079661,8.0,14.0,20.0,0.05,1.9551,2912.1345
643,729561.6295742303,869012.4647877057,0,729533.3822929305,869013.0479592208,28.253300512425156,11.0,14.0,20.0,0.55,4.2801,1339.7825
644,729539.1317395667,869004.8002477923,0,729533.3822929305,869013.0479592208,10.053898767695337,12.0,14.0,18.0,0.2778,6.0474,2056.0705
645,729525.7163640821,869011.048514026,0,729533.3822929305,869013.0479592208,7.922388919794618,12.0,14.0,17.0,0.6471,5.8299,2912.1345
646,729536.7153054732,868987.1384819048,0,729533.3822929305,869013.0479592208,26.122978149551876,10.0,14.0,20.0,0.4,3.302,2912.1345
647,729528.7160753706,869002.6341821646,0,729533.3822929305,869013.0479592208,11.411412659894305,8.0,14.0,20.0,0.25,1.9409,1693.5745
648,729539.1317395667,869032.5425498702,0,729533.3822929305,869013.0479592208,20.324743570565694,10.0,14.0,20.0,0.55,3.1135,1339.7825
649,729544.6312102623,869012.4647877057,0,729533.3822929305,869013.0479592208,11.264023710637554,12.0,14.0,16.0,0.3125,5.5898,1693.5745
650,729530.5492322692,869036.2081993939,0,729533.3822929305,869013.0479592208,23.33287289612619,10.0,14.0,20.0,0.35,3.1711,2912.1345
651,729539.6316914482,869021.3789808658,0,729533.3822929305,869013.0479592208,10.414456465978546,9.0,14.0,20.0,0.2,2.3154,1693.5745
652,729533.0489916762,869029.7100025108,0,729533.3822929305,869013.0479592208,16.66537657310188,7.0,14.0,20.0,0.7,1.8155,1446.7905
653,729542.8813786773,869012.3814774893,0,729533.3822929305,869013.0479592208,9.522438129176807,8.0,14.0,20.0,0.4,2.0362,1278.0865
654,729527.7161716077,869008.3825870996,0,729533.3822929305,869013.0479592208,7.339661291524942,12.0,14.0,14.0,0.9286,4.9779,1339.7825
655,729540.4649445838,869009.9654812121,0,729533.3822929305,869013.0479592208,7.724352731231743,12.0,14.0,17.0,0.4706,5.9402,2912.1345
656,729520.5501946409,869022.3787034632,0,729533.3822929305,869013.0479592208,15.865860664707752,12.0,14.0,16.0,0.625,5.4018,2912.1357
657,729546.7143431015,869003.1340434633,0,729533.3822929305,869013.0479592208,16.61412914989815,7.0,14.0,20.0,0.2,1.9759,2912.1345
658,729538.0485104903,869023.4617362771,0,729533.3822929305,869013.0479592208,11.411412659846702,8.0,14.0,20.0,0.35,2.1051,1278.0865
659,729537.9651851767,868993.0535072727,0,729533.3822929305,869013.0479592208,20.512947375860154,12.0,14.0,15.0,0.7333,5.4154,1339.7825
660,729524.2165084379,869024.4614588745,0,729533.3822929305,869013.0479592208,14.63829155707591,8.0,14.0,20.0,0.15,2.0259,2912.1345
661,729541.3815230331,869030.2098638095,0,729533.3822929305,869013.0479592208,18.934588755667455,12.0,14.0,17.0,0.6471,5.7113,1339.7825
662,729535.5487510832,868984.0560038962,0,729533.3822929305,869013.0479592208,29.072788212938534,11.0,14.0,20.0,0.15,4.5295,2912.1345
663,729531.7991119727,868999.9682552381,0,729533.3822929305,869013.0479592208,13.175170519576659,9.0,14.0,20.0,0.2,2.5798,2056.0705
664,729507.7180963513,868998.3853611256,0,729533.3822929305,869013.0479592208,29.557448620632908,9.0,14.0,20.0,0.65,2.4259,1446.7905
665,729543.0480293045,869015.0474044156,0,729533.3822929305,869013.0479592208,9.87037186422032,10.0,14.0,20.0,0.15,3.4004,1446.7905
666,729508.8846507411,868992.720266407,0,729533.3822929305,869013.0479592208,31.833152026967724,7.0,14.0,20.0,0.7,1.9913,1693.5745
667,729530.965858837,868999.4683939394,0,729533.3822929305,869013.0479592208,13.792887549746256,12.0,14.0,16.0,0.25,5.417,1278.0865
668,729538.2151611175,868997.4689487446,0,729533.3822929305,869013.0479592208,16.311412640592184,12.0,14.0,15.0,0.0667,5.2508,2912.1345
669,729520.2168933866,869030.7097251082,0,729533.3822929305,869013.0479592208,22.028747567962174,10.0,14.0,20.0,0.2,3.0616,2912.1345
670,729531.7991119727,869017.879951775,0,729533.3822929305,869013.0479592208,5.084743256878622,9.0,14.0,20.0,0.2,2.4854,1693.5745
671,729538.3818117446,869016.963539394,0,729533.3822929305,869013.0479592208,6.3503508930843475,10.0,14.0,20.0,0.85,2.9564,1446.7905
672,729539.2150648803,869038.9574365368,0,729533.3822929305,869013.0479592208,26.557903595819074,9.0,14.0,20.0,0.8,2.3315,1693.5745
673,729528.632750057,869013.631130736,0,729533.3822929305,869013.0479592208,4.785211230760521,9.0,14.0,20.0,0.25,2.2706,1446.7905
674,729535.2987751425,869003.0507332467,0,729533.3822929305,869013.0479592208,10.17926476943711,8.0,14.0,20.0,0.95,2.1733,1446.7905
675,729536.4653295325,869009.6322403464,0,729533.3822929305,869013.0479592208,4.601331341954664,10.0,14.0,20.0,0.55,3.0991,1339.7825
676,729522.7166527936,869019.2962254545,0,729533.3822929305,869013.0479592208,12.361096652714874,8.0,14.0,20.0,0.9,1.9976,1693.5745
677,729536.9652814139,869016.2970576624,0,729533.3822929305,869013.0479592208,4.836780660201718,10.0,14.0,20.0,0.6,3.1257,1339.7825
678,729527.3828703535,869023.9615975758,0,729533.3822929305,869013.0479592208,12.453938067951785,12.0,14.0,18.0,0.8333,6.2773,1693.5745
679,729530.965858837,869040.9568817316,0,729533.3822929305,869013.0479592208,28.01333806318427,9.0,14.0,20.0,0.4,2.3027,2912.1345
680,729520.133568073,869012.7980285714,0,729533.3822929305,869013.0479592208,13.251082056882685,12.0,14.0,17.0,0.1765,5.798,1446.7905
681,729517.8004592931,869008.7158279654,0,729533.3822929305,869013.0479592208,16.172844546303523,9.0,14.0,20.0,0.15,2.3707,2912.1345
682,729514.3007961232,869008.7158279654,0,729533.3822929305,869013.0479592208,19.567086692209507,11.0,14.0,20.0,0.45,4.5589,1446.7905
683,729527.2162197264,869014.380922684,0,729533.3822929305,869013.0479592208,6.3085061902834285,8.0,14.0,20.0,0.4,1.9332,2056.0705
684,729532.882341049,869014.7974737663,0,729533.3822929305,869013.0479592208,1.8195474790345503,12.0,14.0,16.0,0.875,5.443,1339.7825
685,729533.7155941847,869019.7960867533,0,729533.3822929305,869013.0479592208,6.756353670428662,7.0,14.0,20.0,0.7,1.8314,2912.1354
686,729561.2962729761,869007.0496236364,0,729533.3822929305,869013.0479592208,28.551187571952156,10.0,14.0,20.0,0.7,3.1134,1278.0865
687,729528.2994488027,868985.888828658,0,729533.3822929305,869013.0479592208,27.63066552499806,12.0,14.0,15.0,0.1333,4.9693,1693.5745
689,729527.9661475485,869001.3012187013,0,729533.3822929305,869013.0479592208,12.935244243231761,11.0,14.0,20.0,0.35,4.2144,1278.0865
690,729528.049472862,868991.7205438096,0,729533.3822929305,869013.0479592208,21.984030977197367,9.0,14.0,20.0,0.2,2.2947,2056.0705
691,729536.0487029647,869016.8802291775,0,729533.3822929305,869013.0479592208,4.668622440444141,8.0,14.0,20.0,0.4,2.0964,1446.7905
692,729559.1298148233,869000.3014961039,0,729533.3822929305,869013.0479592208,28.729900898031623,7.0,14.0,20.0,0.9,1.8638,1339.7825
693,729519.8002668187,869045.7055640693,0,729533.3822929305,869013.0479592208,35.36934531118414,8.0,14.0,20.0,0.15,2.0194,1278.0865
694,729532.0490879134,869028.7102799135,0,729533.3822929305,869013.0479592208,15.718960687587213,9.0,14.0,20.0,0.3,2.4125,1339.7825
695,729569.9621055872,869010.3820322944,0,729533.3822929305,869013.0479592208,36.67683002086084,8.0,14.0,20.0,0.6,2.1298,1446.7905
696,729524.383159065,869015.1307146321,0,729533.3822929305,869013.0479592208,9.237006031814007,8.0,14.0,20.0,0.1,2.1952,1339.7825
697,729529.4660031927,869036.5414402598,0,729533.3822929305,869013.0479592208,23.817661023661184,12.0,14.0,17.0,0.7059,5.5327,1339.7825
698,729534.632172634,869000.6347369697,0,729533.3822929305,869013.0479592208,12.475988374822682,10.0,14.0,20.0,0.15,3.1003,2912.1345
699,729536.548654846,869009.7155505628,0,729533.3822929305,869013.0479592208,4.596824473917135,7.0,14.0,20.0,0.25,1.8469,1693.5745
700,729540.2982939567,869016.6302985281,0,729533.3822929305,869013.0479592208,7.7887242284314295,11.0,14.0,20.0,0.9,4.389,1278.0865
701,729521.1334718359,869035.2917870131,0,729533.3822929305,869013.0479592208,25.393335603241606,8.0,14.0,20.0,0.3,1.978,2056.0705
702,729536.2153535918,869016.5469883117,0,729533.3822929305,869013.0479592208,4.5021591808232175,8.0,14.0,20.0,0.3,2.0429,1339.7825
703,729536.0487029647,868993.5533685714,0,729533.3822929305,869013.0479592208,19.67609735331891,12.0,14.0,17.0,1.0,5.812,1339.7825
704,729540.2982939567,868999.0518428572,0,729533.3822929305,869013.0479592208,15.611609252717757,11.0,14.0,20.0,0.25,4.0936,2912.1345
705,729531.9657625998,869022.3787034632,0,729533.3822929305,869013.0479592208,9.437655762688129,7.0,14.0,20.0,0.35,1.8,2056.0705
706,729534.4655220069,869054.4531367966,0,729533.3822929305,869013.0479592208,41.41934469922003,9.0,14.0,20.0,0.65,2.385,1278.0865
707,729536.9652814139,869015.2140248485,0,729533.3822929305,869013.0479592208,4.186842100613925,10.0,14.0,20.0,0.05,3.1901,1446.7905
708,729542.8813786773,869027.7938675325,0,729533.3822929305,869013.0479592208,17.540651127084345,11.0,14.0,20.0,0.8,4.3407,1693.5745
709,729535.3821004562,868994.5530911689,0,729533.3822929305,869013.0479592208,18.602671163009454,8.0,14.0,20.0,0.35,2.0424,2056.0705
710,729532.4657144812,869018.2965028571,0,729533.3822929305,869013.0479592208,5.327975821622244,9.0,14.0,20.0,0.25,2.2234,1339.7825
711,729526.1329906499,869013.7977511688,0,729533.3822929305,869013.0479592208,7.287974445676019,10.0,14.0,20.0,0.85,3.1448,1446.7905
712,729530.7992082098,868996.3859159307,0,729533.3822929305,869013.0479592208,16.861079837160872,11.0,14.0,20.0,0.75,4.1428,1693.5745
713,729538.1318358039,869015.7138861472,0,729533.3822929305,869013.0479592208,5.446588279173267,8.0,14.0,20.0,0.45,1.9608,2056.0705
714,729537.715209236,868985.2223469265,0,729533.3822929305,869013.0479592208,28.160945709746283,7.0,14.0,20.0,0.8,1.9074,1339.7825
715,729539.7150167617,869031.8760681385,0,729533.3822929305,869013.0479592208,19.864568370299427,11.0,14.0,20.0,0.15,4.2308,1278.0865
716,729542.1314508552,869041.2068123809,0,729533.3822929305,869013.0479592208,29.48675593691103,8.0,14.0,20.0,0.2,2.0052,2056.0705
717,729534.9654738883,868997.8021896104,0,729533.3822929305,869013.0479592208,15.327751073085615,9.0,14.0,20.0,0.1,2.3648,1339.7825
718,729548.2141987458,869006.2165214719,0,729533.3822929305,869013.0479592208,16.329542915573995,11.0,14.0,20.0,0.4,4.5027,1446.7905
719,729537.5485586089,869005.300109091,0,729533.3822929305,869013.0479592208,8.796985355065448,10.0,14.0,20.0,0.35,3.2176,2056.0705
720,729530.2159310149,869019.2129152381,0,729533.3822929305,869013.0479592208,6.9305505175175295,7.0,14.0,20.0,0.6,1.8417,1693.5745
721,729549.2141025086,869017.4634006927,0,729533.3822929305,869013.0479592208,16.436006750698464,11.0,14.0,20.0,0.75,4.2533,1278.0865
722,729530.7158828962,869008.8824483983,0,729533.3822929305,869013.0479592208,4.9458288368854735,12.0,14.0,16.0,0.3125,5.3026,2056.0705
723,729532.7156904219,869024.4614588745,0,729533.3822929305,869013.0479592208,11.432949455379532,11.0,14.0,20.0,0.55,4.1788,2912.1345
724,729550.3806568985,869022.9618749784,0,729533.3822929305,869013.0479592208,19.678163106245343,12.0,14.0,14.0,0.5714,4.7619,2056.0705
725,729530.7992082098,869012.714718355,0,729533.3822929305,869013.0479592208,2.604491533627738,7.0,14.0,20.0,0.1,2.0068,2912.1345
726,729557.5466338655,869031.2928966234,0,729533.3822929305,869013.0479592208,30.278591672058567,12.0,14.0,17.0,1.1765,5.7751,1278.0865
727,729509.3846026226,869021.04574,0,729533.3822929305,869013.0479592208,25.295328373150088,9.0,14.0,20.0,0.1,2.4379,2912.1345
728,729522.9666287344,869039.2073671862,0,729533.3822929305,869013.0479592208,28.156716529904454,10.0,14.0,20.0,0.25,3.4474,1446.7905
729,729551.0472594071,869038.8741263204,0,729533.3822929305,869013.0479592208,31.289646013859684,8.0,14.0,20.0,0.15,2.0343,1693.5745
731,729535.5487510832,869005.7166601731,0,729533.3822929305,869013.0479592208,7.644703176316129,8.0,14.0,20.0,0.2,2.109,1446.7905
732,729524.5498096922,869020.0460174027,0,729533.3822929305,869013.0479592208,11.268787799554092,12.0,14.0,15.0,1.1333,4.9615,1339.7825
733,729538.881763626,869013.9643716018,0,729533.3822929305,869013.0479592208,5.575301748133298,10.0,14.0,20.0,0.25,3.0547,2912.1345
734,729532.882341049,869018.7963641558,0,729533.3822929305,869013.0479592208,5.770104954032245,9.0,14.0,20.0,0.6,2.415,1693.5745
735,729537.2152573547,869008.7158279654,0,729533.3822929305,869013.0479592208,5.784373560814398,11.0,14.0,20.0,0.85,4.2989,1446.7905
736,729544.3812343215,868989.221237316,0,729533.3822929305,869013.0479592208,26.24289215104679,9.0,14.0,20.0,0.9,2.3559,2056.0705
737,729546.2977165336,869019.379535671,0,729533.3822929305,869013.0479592208,14.383915572358955,8.0,14.0,20.0,0.15,2.0353,1446.7905
738,729543.0480293045,869004.38369671,0,729533.3822929305,869013.0479592208,12.980597232329202,11.0,14.0,20.0,0.4,4.2584,1339.7825
739,729549.71405439,869002.5508719481,0,729533.3822929305,869013.0479592208,19.41430590002415,7.0,14.0,20.0,0.4,1.8703,2056.0705
740,729545.2144874573,869017.2134700433,0,729533.3822929305,869013.0479592208,12.544014817106385,9.0,14.0,20.0,0.45,2.374,1278.0865
741,729533.8822448119,868995.6361239827,0,729533.3822929305,869013.0479592208,17.419011402561743,9.0,14.0,20.0,0.5,2.3329,1446.7905
742,729557.2133326111,869025.1279406061,0,729533.3822929305,869013.0479592208,26.71786672861955,11.0,14.0,20.0,0.4,4.2654,1446.7905
743,729534.7154979475,868999.8016348053,0,729533.3822929305,869013.0479592208,13.31324701714294,9.0,14.0,20.0,0.1,2.3982,2056.0705
744,729544.297909008,869009.2156892641,0,729533.3822929305,869013.0479592208,11.56879282259734,11.0,14.0,20.0,0.45,4.3304,1446.7905
745,729542.1314508552,868995.6361239827,0,729533.3822929305,869013.0479592208,19.48639963537987,7.0,14.0,20.0,0.4,1.8862,2056.0705
746,729533.8822448119,869010.132101645,0,729533.3822929305,869013.0479592208,2.95840789720067,9.0,14.0,20.0,0.2,2.3524,1278.0865
747,729539.465040821,869000.3014961039,0,729533.3822929305,869013.0479592208,14.123460761842136,8.0,14.0,20.0,0.9,1.969,1446.7905
748,729546.4643671608,869018.2965028571,0,729533.3822929305,869013.0479592208,14.095668713091886,9.0,14.0,20.0,0.25,2.3114,1339.7825
749,729515.8839770809,869012.9646490044,0,729533.3822929305,869013.0479592208,17.498514170169553,11.0,14.0,20.0,0.5,4.3762,1446.7917
750,729522.2167009122,869027.0440755844,0,729533.3822929305,869013.0479592208,17.904237442042355,11.0,14.0,20.0,0.35,4.3373,2056.0705
751,729542.4647521095,869014.7974737663,0,729533.3822929305,869013.0479592208,9.249425164982966,8.0,14.0,20.0,0.35,2.0041,2056.0705
752,729556.6300554163,869017.1301598268,0,729533.3822929305,869013.0479592208,23.60344937465309,8.0,14.0,20.0,0.75,2.0871,1339.7825
753,729519.3836402509,869005.133488658,0,729533.3822929305,869013.0479592208,16.081079601018697,11.0,14.0,20.0,0.2,4.231,1339.7825
754,729519.7169415051,869014.1309920347,0,729533.3822929305,869013.0479592208,13.70820154710126,12.0,14.0,15.0,0.5333,5.0787,2056.0705
755,729523.1332793615,869043.5394984416,0,729533.3822929305,869013.0479592208,32.16793812463041,11.0,14.0,20.0,0.15,4.5114,2912.1345
756,729528.2994488027,869006.2998316883,0,729533.3822929305,869013.0479592208,8.44822641876913,9.0,14.0,20.0,0.25,2.3805,2056.0705
757,729532.3823891677,869026.6275245022,0,729533.3822929305,869013.0479592208,13.616328461323976,11.0,14.0,20.0,0.7,4.3063,1446.7905
758,729572.0452384264,868985.9721388745,0,729533.3822929305,869013.0479592208,47.2008834858933,8.0,14.0,20.0,0.35,1.936,2056.0705
759,729537.2985826682,869011.5483753247,0,729533.3822929305,869013.0479592208,4.193575702310229,9.0,14.0,20.0,0.2,2.3559,1339.7825
760,729535.8820523375,869008.5492075325,0,729533.3822929305,869013.0479592208,5.146607022669513,11.0,14.0,20.0,0.85,4.2904,1446.7912
761,729519.550290878,869010.298722078,0,729533.3822929305,869013.0479592208,14.102573724209526,7.0,14.0,20.0,0.75,1.814,2056.0705
762,729542.381426796,869007.5494849351,0,729533.3822929305,869013.0479592208,10.545976948539462,8.0,14.0,20.0,0.55,2.0584,1278.0865
763,729526.4662919042,868992.3037153247,0,729533.3822929305,869013.0479592208,21.8667493015422,12.0,14.0,17.0,0.4118,5.7077,1339.7825
764,729532.882341049,869021.7955319481,0,729533.3822929305,869013.0479592208,8.76184800727798,7.0,14.0,20.0,0.2,1.8224,2912.1345
765,729541.8814749145,869006.1332112554,0,729533.3822929305,869013.0479592208,10.95672550637754,9.0,14.0,20.0,0.75,2.3103,1278.0865
766,729535.8820523375,869028.2937288312,0,729533.3822929305,869013.0479592208,15.44934587955834,8.0,14.0,20.0,0.2,1.9526,1446.7905
767,729530.7992082098,869004.0504558441,0,729533.3822929305,869013.0479592208,9.360950469235368,9.0,14.0,20.0,0.4,2.4713,1339.7825
768,729546.9643190422,869013.0479592208,0,729533.3822929305,869013.0479592208,13.582026111660525,10.0,14.0,20.0,0.7,3.0167,1446.7905
769,729530.5492322692,869013.0479592208,0,729533.3822929305,869013.0479592208,2.833060661330819,8.0,14.0,20.0,0.4,2.2042,1693.5745
770,729518.6337124287,868995.2195729004,0,729533.3822929305,869013.0479592208,23.138106785254614,9.0,14.0,20.0,1.0,2.4175,1339.7825
771,729537.7985345497,869014.547543117,0,729533.3822929305,869013.0479592208,4.663897715461678,7.0,14.0,20.0,0.45,1.8199,1446.7905
772,729530.965858837,869004.1337660606,0,729533.3822929305,869013.0479592208,9.23590782903607,9.0,14.0,20.0,0.95,2.3072,1278.0865
773,729537.0486067275,869022.878564762,0,729533.3822929305,869013.0479592208,10.492028505644264,11.0,14.0,20.0,0.55,4.4739,1446.7905
774,729543.6313064995,869009.7988607793,0,729533.3822929305,869013.0479592208,10.751693811672968,11.0,14.0,20.0,0.5,4.2294,2056.0705
775,729545.3811380843,869021.4622910823,0,729533.3822929305,869013.0479592208,14.655144683691011,7.0,14.0,20.0,0.4,1.7387,2056.0705
776,729533.3822929305,869033.7922031169,0,729533.3822929305,869013.0479592208,20.74424389610067,9.0,14.0,20.0,0.5,2.3619,1278.0865
777,729534.9654738883,869023.5450464935,0,729533.3822929305,869013.0479592208,10.615804404559867,8.0,14.0,20.0,0.35,1.9845,1446.7905
778,729528.7160753706,869011.4650651083,0,729533.3822929305,869013.0479592208,4.927386740288103,7.0,14.0,20.0,0.55,1.9237,1339.7825
779,729569.1288524516,869013.7977511688,0,729533.3822929305,869013.0479592208,35.75442218185718,9.0,14.0,20.0,1.0,2.4671,1278.0865
780,729498.9689384265,869028.3770390477,0,729533.3822929305,869013.0479592208,37.673062744591135,10.0,14.0,20.0,0.2,3.0258,1446.7905
781,729525.1330868872,869016.963539394,0,729533.3822929305,869013.0479592208,9.131328952421667,11.0,14.0,20.0,0.05,4.1922,1693.5745
782,729525.4663881414,868984.222624329,0,729533.3822929305,869013.0479592208,29.892498728851287,7.0,14.0,20.0,0.5,1.7762,2056.0717
783,729553.8803200684,869004.7169375758,0,729533.3822929305,869013.0479592208,22.12634263038688,9.0,14.0,20.0,0.05,2.4297,1278.0865
784,729527.7994969214,869035.4584074459,0,729533.3822929305,869013.0479592208,23.09536319111498,10.0,14.0,20.0,0.35,3.2257,1446.7905
785,729536.382004219,869015.7138861472,0,729533.3822929305,869013.0479592208,4.013157633497184,11.0,14.0,20.0,0.35,4.2173,1693.5745
786,729523.2999299886,869014.7974737663,0,729533.3822929305,869013.0479592208,10.233027100399715,10.0,14.0,20.0,0.8,3.1202,2056.0705
787,729521.3001224629,869017.4634006927,0,729533.3822929305,869013.0479592208,12.863707342724465,12.0,14.0,16.0,0.5,5.2688,1693.5745
788,729513.9674948689,869016.7969189611,0,729533.3822929305,869013.0479592208,19.773443880790225,7.0,14.0,20.0,0.15,1.9038,2912.1345
789,729558.213236374,869038.3742650216,0,729533.3822929305,869013.0479592208,35.46826071023099,9.0,14.0,20.0,0.4,2.4185,1278.0865
791,729582.0442760547,869012.7980285714,0,729533.3822929305,869013.0479592208,48.6626249488325,10.0,14.0,20.0,0.75,3.2197,1693.5745
792,729519.3003149373,868997.6355691776,0,729533.3822929305,869013.0479592208,20.8768740727143,10.0,14.0,20.0,0.1,3.1795,1693.5745
793,729541.0482217788,869025.7944223377,0,729533.3822929305,869013.0479592208,14.87409785823962,8.0,14.0,20.0,0.25,1.9309,1693.5745
794,729551.7971872292,868985.888828658,0,729533.3822929305,869013.0479592208,32.813514059872155,10.0,14.0,20.0,0.35,3.4305,1339.7825
795,729563.9626830103,868957.1468039827,0,729533.3822929305,869013.0479592208,63.718909394235844,9.0,14.0,20.0,0.1,2.3512,1693.5745
796,729552.797090992,869025.8777325541,0,729533.3822929305,869013.0479592208,23.270957598500342,9.0,14.0,20.0,0.15,2.3271,1446.7906
797,729533.7989194983,869017.1301598268,0,729533.3822929305,869013.0479592208,4.103405839627479,9.0,14.0,20.0,0.1,2.4405,1446.7905
798,729523.79988187,869008.1326564503,0,729533.3822929305,869013.0479592208,10.769531236683264,11.0,14.0,20.0,0.75,4.2646,1446.7905
799,729525.3830628279,869000.2181858874,0,729533.3822929305,869013.0479592208,15.119218432877545,10.0,14.0,20.0,0.3,3.2554,2056.0705
800,729538.7151129988,869040.9568817316,0,729533.3822929305,869013.0479592208,28.41385094624454,7.0,14.0,20.0,0.35,1.9101,1693.5745
801,729538.7984383125,869016.5469883117,0,729533.3822929305,869013.0479592208,6.448087730286426,11.0,14.0,20.0,0.1,4.2139,1278.0865
802,729536.9652814139,869002.6341821646,0,729533.3822929305,869013.0479592208,11.012926906574583,12.0,14.0,17.0,0.8235,5.7413,2056.0705
803,729529.2993525655,869013.4645103031,0,729533.3822929305,869013.0479592208,4.1041341142714,8.0,14.0,20.0,0.45,2.016,2912.1345
804,729524.5498096922,868995.5528137663,0,729533.3822929305,869013.0479592208,19.598287543313536,9.0,14.0,20.0,0.85,2.5065,1339.7825
805,729533.3822929305,869000.4681165369,0,729533.3822929305,869013.0479592208,12.579842683975585,8.0,14.0,20.0,0.2,2.0431,1446.7905
806,729505.4683128848,869027.1273858009,0,729533.3822929305,869013.0479592208,31.263725542818694,11.0,14.0,20.0,0.5,4.3849,1339.7825
807,729547.214294983,869002.717492381,0,729533.3822929305,869013.0479592208,17.263916876191143,8.0,14.0,20.0,0.2,2.108,2056.0705
808,729535.9653776512,869009.6322403464,0,729533.3822929305,869013.0479592208,4.2824598192154975,11.0,14.0,20.0,0.3,4.1586,1339.7825
809,729523.5499059294,868987.7216534199,0,729533.3822929305,869013.0479592208,27.167951701636948,12.0,14.0,14.0,1.0714,4.7379,2056.0705
810,729550.5473075256,868996.8857772294,0,729533.3822929305,869013.0479592208,23.576553029951526,8.0,14.0,20.0,0.1,2.2183,2912.1345
811,729538.5484623717,869011.7149957576,0,729533.3822929305,869013.0479592208,5.33536299509976,9.0,14.0,20.0,0.35,2.3385,1339.7825
812,729524.6331350057,868995.8027444156,0,729533.3822929305,869013.0479592208,19.337662683781822,12.0,14.0,16.0,0.875,5.3421,1446.7905
813,729529.3826778792,869014.2143022511,0,729533.3822929305,869013.0479592208,4.1662065026866015,10.0,14.0,20.0,0.3,3.1171,2912.1345
814,729539.7983420753,869028.1271083982,0,729533.3822929305,869013.0479592208,16.38738620230115,9.0,14.0,20.0,0.85,2.3963,1693.5745
815,729547.0476443558,869023.1284954112,0,729533.3822929305,869013.0479592208,16.98113775526414,12.0,14.0,15.0,0.4667,5.0545,1446.7905
816,729536.9652814139,869011.8816161905,0,729533.3822929305,869013.0479592208,3.7680449222679995,9.0,14.0,20.0,0.2,2.326,2912.1345
817,729533.2989676169,869013.1312694373,0,729533.3822929305,869013.0479592208,0.1178291137823309,9.0,14.0,20.0,0.9,2.2585,1446.7905
818,729549.9640303307,869012.4647877057,0,729533.3822929305,869013.0479592208,16.591989158132147,10.0,14.0,20.0,1.0,3.1609,1446.7911
819,729531.0491841505,869000.9679778356,0,729533.3822929305,869013.0479592208,12.303225058801901,9.0,14.0,20.0,0.4,2.4788,1693.5745
820,729541.5481736602,869025.7944223377,0,729533.3822929305,869013.0479592208,15.13783108903937,11.0,14.0,20.0,0.5,4.2426,1446.7905
821,729530.382581642,869017.4634006927,0,729533.3822929305,869013.0479592208,5.3380137884443934,12.0,14.0,16.0,0.5625,5.3655,2056.0705
822,729534.9654738883,868998.1354304762,0,729533.3822929305,869013.0479592208,14.996332068399274,8.0,14.0,20.0,0.55,1.9889,2912.1345
823,729536.6319801597,869016.1304372294,0,729533.3822929305,869013.0479592208,4.479077780168885,10.0,14.0,20.0,0.5,3.2582,1339.7825
824,729530.1326057012,869016.3803678788,0,729533.3822929305,869013.0479592208,4.654612180628223,7.0,14.0,20.0,0.55,1.705,1693.5745
825,729507.3847950969,869019.4628458875,0,729533.3822929305,869013.0479592208,26.777241541145425,12.0,14.0,16.0,0.875,5.5023,1278.0865
826,729555.713476967,869042.2065349784,0,729533.3822929305,869013.0479592208,36.72743280814638,11.0,14.0,20.0,0.05,4.3512,2912.1345
827,729531.6324613455,869023.2951158442,0,729533.3822929305,869013.0479592208,10.39548601270383,12.0,14.0,15.0,0.1333,5.2537,2056.0705
828,729539.1317395667,869030.7930353247,0,729533.3822929305,869013.0479592208,18.653253403982465,10.0,14.0,20.0,0.3,3.2209,2912.1345
829,729537.6318839225,869022.1287728138,0,729533.3822929305,869013.0479592208,10.025976217308637,8.0,14.0,20.0,0.25,2.0002,1693.5745
830,729526.2163159635,869020.8791195671,0,729533.3822929305,869013.0479592208,10.615003450785643,10.0,14.0,20.0,0.55,3.3741,1339.7825
831,729543.6313064995,869020.8791195671,0,729533.3822929305,869013.0479592208,12.898424380757811,11.0,14.0,20.0,0.65,4.2052,1693.5745
832,729526.882918472,869013.2145796537,0,729533.3822929305,869013.0479592208,6.501509880004714,11.0,14.0,20.0,0.4,4.2016,2056.0705
833,729530.965858837,869014.8807839827,0,729533.3822929305,869013.0479592208,3.0328864693394295,12.0,14.0,19.0,0.5789,6.3143,2056.0705
834,729532.0490879134,869006.3831419048,0,729533.3822929305,869013.0479592208,6.796854086508436,7.0,14.0,20.0,0.75,1.8206,2912.1345
835,729545.1311621437,869004.5503171429,0,729533.3822929305,869013.0479592208,14.49985685009433,9.0,14.0,20.0,0.75,2.4234,1278.0865
836,729540.4649445838,868996.802467013,0,729533.3822929305,869013.0479592208,17.72230152989851,8.0,14.0,20.0,0.45,2.1158,1446.7905
837,729529.9659550742,869016.8802291775,0,729533.3822929305,869013.0479592208,5.133970916321437,12.0,14.0,18.0,0.4444,6.0893,1339.7825
838,729545.464463398,869020.7124991342,0,729533.3822929305,869013.0479592208,14.308180013175328,11.0,14.0,20.0,0.6,4.4974,2912.1345
839,729538.7984383125,869011.8816161905,0,729533.3822929305,869013.0479592208,5.540305665130647,11.0,14.0,20.0,0.2,4.2476,2056.0705
840,729536.382004219,869023.62835671,0,729533.3822929305,869013.0479592208,10.997412370294377,8.0,14.0,20.0,0.8,2.0241,2056.0705
841,729543.9646077537,869032.8757907359,0,729533.3822929305,869013.0479592208,22.475059279306855,12.0,14.0,18.0,0.5,5.8651,1339.7825
842,729552.797090992,869013.2145796537,0,729533.3822929305,869013.0479592208,19.415513027903447,11.0,14.0,20.0,0.1,4.3157,2912.1345
843,729536.0487029647,869016.047127013,0,729533.3822929305,869013.0479592208,4.01307237859077,7.0,14.0,20.0,0.3,1.8829,2056.0705
844,729536.4653295325,869014.8807839827,0,729533.3822929305,869013.0479592208,3.5866922501136638,7.0,14.0,20.0,0.9,1.7842,1278.0865
845,729520.9668212087,869015.6305759308,0,729533.3822929305,869013.0479592208,12.681239968759739,9.0,14.0,20.0,0.75,2.422,1278.0865
846,729553.8803200684,869037.2079219914,0,729533.3822929305,869013.0479592208,31.683953629894994,12.0,14.0,16.0,0.5625,5.231,1446.7905
848,729521.9667249715,869006.5497623377,0,729533.3822929305,869013.0479592208,13.135515009223045,12.0,14.0,16.0,0.4375,5.341,2912.1362
849,729532.882341049,869004.8002477923,0,729533.3822929305,869013.0479592208,8.262850337053596,10.0,14.0,20.0,0.35,3.0839,2912.1345
850,729534.2155460662,869017.9632619914,0,729533.3822929305,869013.0479592208,4.985429982899859,8.0,14.0,20.0,0.6,1.9579,1693.5745
851,729572.0452384264,868995.886054632,0,729533.3822929305,869013.0479592208,42.30076031864775,7.0,14.0,20.0,0.8,1.9802,1339.7825
852,729537.715209236,869025.2112508225,0,729533.3822929305,869013.0479592208,12.912003186900401,7.0,14.0,20.0,0.3,1.856,1278.0865
853,729527.2995450399,869010.132101645,0,729533.3822929305,869013.0479592208,6.745520536127371,7.0,14.0,20.0,0.4,1.8237,1278.0865
854,729526.4662919042,869050.3709361905,0,729533.3822929305,869013.0479592208,37.95834137673132,7.0,14.0,20.0,0.7,1.7972,1278.0865
856,729523.0499540479,869024.0449077922,0,729533.3822929305,869013.0479592208,15.089403721397865,11.0,14.0,20.0,0.2,4.2739,1446.7905
857,729536.2986789054,869007.2162440693,0,729533.3822929305,869013.0479592208,6.520292076520941,12.0,14.0,15.0,0.2,5.1237,2056.0705
858,729542.2147761688,869012.7980285714,0,729533.3822929305,869013.0479592208,8.836018644418077,7.0,14.0,20.0,0.5,1.8938,2912.1345
859,729533.465618244,868996.9690874459,0,729533.3822929305,869013.0479592208,16.079087681309815,12.0,14.0,17.0,0.8235,5.8123,1278.0865
860,729516.9672061574,869024.544769091,0,729533.3822929305,869013.0479592208,20.040751257334904,9.0,14.0,20.0,0.3,2.3177,2912.1345
861,729542.0481255417,868998.5519815584,0,729533.3822929305,869013.0479592208,16.88875434225107,10.0,14.0,20.0,0.2,3.0665,1446.7905
862,729532.3823891677,869033.9588235498,0,729533.3822929305,869013.0479592208,20.934757092436595,12.0,14.0,16.0,0.125,5.5613,1693.5745
863,729521.3001224629,868973.0590553248,0,729533.3822929305,869013.0479592208,41.774289676988,11.0,14.0,20.0,0.1,4.1942,2912.1345
864,729540.2149686432,869004.9668682251,0,729533.3822929305,869013.0479592208,10.582508638072794,10.0,14.0,20.0,0.05,3.128,2056.0705
865,729530.1326057012,869010.9652038096,0,729533.3822929305,869013.0479592208,3.8598364202862223,11.0,14.0,20.0,0.4,4.4269,1693.5745
866,729504.8017103763,869002.4675617316,0,729533.3822929305,869013.0479592208,30.476130170496155,12.0,14.0,16.0,1.0,5.4098,2056.0713
867,729517.8837846066,869021.962152381,0,729533.3822929305,869013.0479592208,17.87922257713242,11.0,14.0,20.0,0.1,4.4058,2912.1345
868,729549.3807531357,869039.8738489178,0,729533.3822929305,869013.0479592208,31.23426142825895,11.0,14.0,20.0,0.3,4.3379,2056.0705
869,729529.5493285063,869008.1326564503,0,729533.3822929305,869013.0479592208,6.23312262057859,9.0,14.0,20.0,0.25,2.4089,2056.0705
870,729543.131354618,869038.1243343723,0,729533.3822929305,869013.0479592208,26.90480987716491,8.0,14.0,20.0,0.8,2.0256,1446.7905
871,729545.464463398,869022.2953932468,0,729533.3822929305,869013.0479592208,15.214922913704104,10.0,14.0,20.0,0.45,3.4065,1339.7825
872,729546.047740593,869029.543382078,0,729533.3822929305,869013.0479592208,20.796935825398688,11.0,14.0,20.0,0.35,4.5896,1693.5745
873,729529.4660031927,868998.7186019914,0,729533.3822929305,869013.0479592208,14.854891582179492,11.0,14.0,20.0,0.25,4.3633,2056.0705
874,729576.1281787914,869017.713331342,0,729533.3822929305,869013.0479592208,42.99972622075167,7.0,14.0,20.0,0.4,1.7087,2056.0705
875,729551.6305366021,869035.8749585282,0,729533.3822929305,869013.0479592208,29.22448108140542,12.0,14.0,17.0,0.0588,5.7333,1278.0865
876,729543.4646558723,869005.0501784416,0,729533.3822929305,869013.0479592208,12.869286688997137,7.0,14.0,20.0,0.05,1.8377,2912.1345
877,729549.71405439,869015.6305759308,0,729533.3822929305,869013.0479592208,16.534701129435653,9.0,14.0,20.0,0.7,2.2291,1278.0865
878,729526.7162678449,869016.8802291775,0,729533.3822929305,869013.0479592208,7.689095100402147,11.0,14.0,20.0,0.45,4.2479,1446.7905
879,729527.1328944127,869004.0504558441,0,729533.3822929305,869013.0479592208,10.954909805531734,10.0,14.0,20.0,0.7,3.1548,2056.0705
880,729535.798727024,869016.213747446,0,729533.3822929305,869013.0479592208,3.9826334019820724,12.0,14.0,17.0,0.5882,5.6679,1693.5745
881,729544.3812343215,869009.8821709957,0,729533.3822929305,869013.0479592208,11.445476259606115,10.0,14.0,20.0,0.7,3.3168,2912.1345
882,729492.1362627138,869005.7999703897,0,729533.3822929305,869013.0479592208,41.87801751196146,7.0,14.0,20.0,0.3,1.7798,1693.5745
884,729527.9661475485,869005.2167988744,0,729533.3822929305,869013.0479592208,9.521643932101982,8.0,14.0,20.0,0.95,1.9605,1278.0865
885,729522.4666768529,869015.297335065,0,729533.3822929305,869013.0479592208,11.144970437010997,11.0,14.0,20.0,0.5,4.2336,1339.7825
886,729544.881186203,869026.1276632035,0,729533.3822929305,869013.0479592208,17.415602279755227,11.0,14.0,20.0,0.4,4.4586,2056.0705
887,729540.631595211,869007.6327951516,0,729533.3822929305,869013.0479592208,9.048557092209862,12.0,14.0,16.0,0.25,5.3278,2056.0705
888,729537.2985826682,869006.5497623377,0,729533.3822929305,869013.0479592208,7.587086927230215,7.0,14.0,20.0,0.35,1.9194,2912.1345
889,729543.4646558723,869003.633904762,0,729533.3822929305,869013.0479592208,13.794145999103547,7.0,14.0,20.0,0.65,1.8205,1278.0865
890,729522.3000262257,869019.7960867533,0,729533.3822929305,869013.0479592208,12.975124681841324,7.0,14.0,20.0,0.45,1.7912,1278.0865
891,729536.382004219,869003.1340434633,0,729533.3822929305,869013.0479592208,10.35779867839652,8.0,14.0,20.0,0.45,2.1889,1278.0865
892,729518.8003630559,869015.8805065801,0,729533.3822929305,869013.0479592208,14.854494384210176,12.0,14.0,16.0,0.75,5.4662,1339.7825
893,729531.8824372862,869028.626969697,0,729533.3822929305,869013.0479592208,15.65104259686782,8.0,14.0,20.0,0.3,2.1901,2912.1345
894,729535.8820523375,868999.1351530736,0,729533.3822929305,869013.0479592208,14.135592381776867,8.0,14.0,20.0,0.65,1.918,1339.7825
895,729516.7172302167,869030.5431046754,0,729533.3822929305,869013.0479592208,24.162045230688406,11.0,14.0,20.0,0.6,4.5874,1339.7825
896,729542.548077423,869010.9652038096,0,729533.3822929305,869013.0479592208,9.399440167705587,8.0,14.0,20.0,0.2,2.125,2056.0705
897,729539.0484142532,869002.9674230303,0,729533.3822929305,869013.0479592208,11.563828982298345,11.0,14.0,20.0,0.65,4.3539,1339.7825
898,729526.1329906499,869020.7124991342,0,729533.3822929305,869013.0479592208,10.549765667532409,7.0,14.0,20.0,0.4,1.7391,2056.0705
899,729528.7160753706,869032.5425498702,0,729533.3822929305,869013.0479592208,20.045265049475308,11.0,14.0,20.0,0.5,4.452,1278.0865
900,729554.1302960091,869005.7166601731,0,729533.3822929305,869013.0479592208,22.005171607537918,10.0,14.0,20.0,0.4,3.1307,2056.0705
901,729529.7159791334,869010.0487914286,0,729533.3822929305,869013.0479592208,4.73675672851296,12.0,14.0,15.0,0.4,5.1228,1693.5745
902,729527.7994969214,869002.8008025974,0,729533.3822929305,869013.0479592208,11.669268620792213,9.0,14.0,20.0,0.6,2.3555,2912.1345
903,729524.96643626,869008.2159666667,0,729533.3822929305,869013.0479592208,9.704369919839435,7.0,14.0,20.0,0.55,1.9715,1446.7905
904,729524.1331831242,869001.1345982684,0,729533.3822929305,869013.0479592208,15.082247889171489,10.0,14.0,20.0,0.6,3.2727,1278.0865
905,729533.7155941847,869003.7172149784,0,729533.3822929305,869013.0479592208,9.336695231362967,9.0,14.0,20.0,0.45,2.294,1693.5745
906,729533.8822448119,869022.7952545455,0,729533.3822929305,869013.0479592208,9.760108505053003,10.0,14.0,20.0,0.7,3.0299,1446.7905
907,729530.2992563284,868995.4695035499,0,729533.3822929305,869013.0479592208,17.846770533244595,9.0,14.0,20.0,0.4,2.2736,1693.5745
908,729498.5523118586,868989.5544781819,0,729533.3822929305,869013.0479592208,42.012750835844926,9.0,14.0,20.0,0.35,2.3672,1446.7905
909,729527.7994969214,869010.5486527273,0,729533.3822929305,869013.0479592208,6.116710245582021,8.0,14.0,20.0,0.05,1.9357,1446.7905
910,729513.5508683011,869011.7149957576,0,729533.3822929305,869013.0479592208,19.87617152339092,10.0,14.0,20.0,0.75,3.0848,1339.7825
911,729519.9669174459,869025.7944223377,0,729533.3822929305,869013.0479592208,18.505259289788363,12.0,14.0,14.0,0.3571,4.7525,1693.5745
912,729516.9672061574,868994.0532298702,0,729533.3822929305,869013.0479592208,25.10487635647447,10.0,14.0,20.0,0.05,3.2181,2912.1345
913,729535.5487510832,869001.051288052,0,729533.3822929305,869013.0479592208,12.19072024371361,7.0,14.0,20.0,0.15,1.8524,1693.5745
914,729555.2968503991,869026.5442142858,0,729533.3822929305,869013.0479592208,25.73706917703891,12.0,14.0,15.0,0.5333,5.2995,1278.0865
915,729536.8819561003,869010.3820322944,0,729533.3822929305,869013.0479592208,4.399410037650636,11.0,14.0,20.0,0.15,4.4508,2912.1345
916,729536.4653295325,869017.4634006927,0,729533.3822929305,869013.0479592208,5.385279758811518,12.0,14.0,16.0,1.125,5.3824,2056.0705
917,729520.9668212087,869019.8793969697,0,729533.3822929305,869013.0479592208,14.17083200772165,12.0,14.0,17.0,0.3529,5.825,2912.1345
918,729527.9661475485,869023.0451851948,0,729533.3822929305,869013.0479592208,11.370099294806494,12.0,14.0,15.0,0.2667,5.0382,2912.1345
919,729544.881186203,869011.1318242424,0,729533.3822929305,869013.0479592208,11.657449109792417,10.0,14.0,20.0,0.2,3.2521,2912.1345
920,729547.38094561,869006.6330725541,0,729533.3822929305,869013.0479592208,15.398475502065452,10.0,14.0,20.0,0.4,3.2304,1693.5745
921,729538.3818117446,869004.3003864936,0,729533.3822929305,869013.0479592208,10.075476018127732,7.0,14.0,20.0,0.4,1.9547,1693.5745
922,729536.2153535918,869018.7130539394,0,729533.3822929305,869013.0479592208,6.333998017141202,7.0,14.0,20.0,0.4,1.7088,1278.0865
923,729539.5483661345,869018.7130539394,0,729533.3822929305,869013.0479592208,8.373395782338216,8.0,14.0,20.0,0.6,2.0438,1278.0865
924,729549.4640784493,869044.8724619048,0,729533.3822929305,869013.0479592208,35.65701609154567,12.0,14.0,16.0,0.875,5.6362,1339.7825
925,729517.3005074116,869011.7149957576,0,729533.3822929305,869013.0479592208,16.136933322989076,11.0,14.0,20.0,0.1,4.1334,2912.1345
926,729522.5500021665,869021.6289115152,0,729533.3822929305,869013.0479592208,13.819235343315889,11.0,14.0,20.0,0.55,4.2527,2056.0705
927,729537.4652332953,869004.1337660606,0,729533.3822929305,869013.0479592208,9.80475607657189,8.0,14.0,20.0,0.4,2.1005,2056.0705
928,729527.3828703535,869019.1296050217,0,729533.3822929305,869013.0479592208,8.542803222837263,12.0,14.0,17.0,0.7059,6.0041,1339.7825
929,729519.8002668187,869027.3773164502,0,729533.3822929305,869013.0479592208,19.743401730930792,12.0,14.0,17.0,0.5882,5.8797,2912.1357
930,729563.3794058153,869008.2159666667,0,729533.3822929305,869013.0479592208,30.383793928090853,12.0,14.0,16.0,0.3125,5.5784,2912.1369
931,729487.8033464082,868994.6364013853,0,729533.3822929305,869013.0479592208,49.15715439298241,7.0,14.0,20.0,0.1,1.8117,2912.1345
933,729510.8011329533,869007.716105368,0,729533.3822929305,869013.0479592208,23.20210015119015,7.0,14.0,20.0,0.55,1.9088,1278.0865
934,729520.0502427594,869039.2073671862,0,729533.3822929305,869013.0479592208,29.360827421302783,10.0,14.0,20.0,0.15,3.0979,1278.0865
935,729518.967013683,869067.7827714286,0,729533.3822929305,869013.0479592208,56.60123623384826,11.0,14.0,20.0,0.2,4.2024,1693.5745
936,729540.9648964652,869008.0493462338,0,729533.3822929305,869013.0479592208,9.081960589979502,11.0,14.0,20.0,0.05,4.2741,2056.0706
937,729538.7151129988,869034.7919257144,0,729533.3822929305,869013.0479592208,22.388368604094346,9.0,14.0,20.0,0.45,2.365,2056.0705
938,729552.04716317,868967.7272014719,0,729533.3822929305,869013.0479592208,49.01375790521022,9.0,14.0,20.0,0.15,2.4236,1446.7905
939,729559.1298148233,868998.3853611256,0,729533.3822929305,869013.0479592208,29.62982731170854,10.0,14.0,20.0,0.15,3.1998,1446.7905
940,729534.632172634,869006.6330725541,0,729533.3822929305,869013.0479592208,6.535516063768608,10.0,14.0,20.0,0.05,3.0929,1693.5745
941,729533.7989194983,869001.3012187013,0,729533.3822929305,869013.0479592208,11.754126532001743,11.0,14.0,20.0,0.85,4.2369,1693.5745
942,729531.4658107184,869012.4647877057,0,729533.3822929305,869013.0479592208,2.0032456378381283,12.0,14.0,16.0,0.6875,5.4611,2056.0705
943,729520.3835440137,869033.9588235498,0,729533.3822929305,869013.0479592208,24.6217732989722,9.0,14.0,20.0,0.55,2.3815,2912.1345
944,729561.5462489168,869006.7163827706,0,729533.3822929305,869013.0479592208,28.866888941170945,12.0,14.0,16.0,0.25,5.4337,1446.7905
945,729522.3833515394,868995.7194341992,0,729533.3822929305,869013.0479592208,20.524485161682147,8.0,14.0,20.0,0.05,1.9869,2912.1345
946,729534.7988232612,869025.0446303897,0,729533.3822929305,869013.0479592208,12.080011478089853,7.0,14.0,20.0,0.4,1.8063,1339.784
947,729525.9663400229,869004.9668682251,0,729533.3822929305,869013.0479592208,10.968153409258726,11.0,14.0,20.0,0.6,4.2026,1278.0865
948,729522.7166527936,869021.5456012987,0,729533.3822929305,869013.0479592208,13.63692782168056,8.0,14.0,20.0,0.5,1.9872,2056.0705
949,729519.8002668187,869054.9529980953,0,729533.3822929305,869013.0479592208,44.05114886552524,10.0,14.0,20.0,0.5,3.1152,1339.7825
950,729576.2115041049,869011.6316855411,0,729533.3822929305,869013.0479592208,42.85262140122409,7.0,14.0,20.0,0.25,1.7613,1693.5745
951,729534.048895439,868978.2242887446,0,729533.3822929305,869013.0479592208,34.830050019199994,10.0,14.0,20.0,0.1,3.1191,1278.0865
952,729519.4669655644,869027.0440755844,0,729533.3822929305,869013.0479592208,19.736453809330172,9.0,14.0,20.0,0.05,2.3392,1693.5745
953,729533.0489916762,868990.6375109957,0,729533.3822929305,869013.0479592208,22.412926613362117,12.0,14.0,16.0,0.4375,5.5227,1446.7905
954,729550.0473556443,869006.2165214719,0,729533.3822929305,869013.0479592208,18.01090938771605,8.0,14.0,20.0,0.05,2.072,2912.1345
955,729521.2167971494,869019.6294663204,0,729533.3822929305,869013.0479592208,13.831685483042007,12.0,14.0,15.0,0.4667,5.1464,1339.7825
956,729532.7990157355,869020.7124991342,0,729533.3822929305,869013.0479592208,7.6867017875364825,7.0,14.0,20.0,0.15,1.8602,2912.1345
957,729542.2147761688,869019.4628458875,0,729533.3822929305,869013.0479592208,10.916204977075338,7.0,14.0,20.0,0.65,1.8364,1278.0865
958,729534.1322207525,869008.2159666667,0,729533.3822929305,869013.0479592208,4.889840874856865,10.0,14.0,20.0,0.5,3.369,1278.0865
959,729518.8003630559,869055.0363083117,0,729533.3822929305,869013.0479592208,44.44833110757098,12.0,14.0,15.0,1.0,5.1935,1693.5745
960,729535.4654257697,869001.7177697836,0,729533.3822929305,869013.0479592208,11.520097009564646,11.0,14.0,20.0,0.05,4.2678,2912.1345
961,729525.6330387685,869014.9640941991,0,729533.3822929305,869013.0479592208,7.9826382431915786,8.0,14.0,20.0,0.4,2.077,2056.0705
962,729523.4665806157,869034.1254439827,0,729533.3822929305,869013.0479592208,23.293383493914316,7.0,14.0,20.0,0.65,1.8193,1339.7825
963,729519.0503389966,868995.3861933333,0,729533.3822929305,869013.0479592208,22.745172626949834,7.0,14.0,20.0,0.35,1.7917,1278.0865
964,729533.0489916762,869029.3767616451,0,729533.3822929305,869013.0479592208,16.332203719532966,12.0,14.0,17.0,0.4118,5.709,1278.0865
965,729543.4646558723,869026.960765368,0,729533.3822929305,869013.0479592208,17.18197361708023,9.0,14.0,20.0,0.3,2.47,2912.1345
966,729511.7177114026,869002.5508719481,0,729533.3822929305,869013.0479592208,24.073697970838126,8.0,14.0,20.0,0.5,2.1125,1446.7905
967,729534.7988232612,869047.1218377489,0,729533.3822929305,869013.0479592208,34.10331004645092,8.0,14.0,20.0,0.45,2.1225,1339.7825
968,729538.1318358039,869020.4625684848,0,729533.3822929305,869013.0479592208,8.805372680563577,7.0,14.0,20.0,0.15,1.9099,1339.7825
