Dinámica,Artículo,Municipio,BARRIO_1,COMUNA,x,y,Sitio,Año_Hecho,Mes_Hecho,Día_Hecho,Fecha_Hecho,Día_Semana_Hecho,Hora_Hecho,Tipo_Noticia,NIVEL_SEVERIDAD
DELITOS SEXUALES,ACTO SEXUAL VIOLENTO. ART. 206 C.P.,CALI,Ciudad de Los Álamos,02,-76.509241,3.48171,ENTIDAD PUBLICA / ESTATAL,2023,enero     ,1,1/1/2023,1,08:00,DENUNCIA,Nivel 3
DELITOS SEXUALES,ACTOS SEXUALES CON MENOR DE CATORCE AÑOS. ART. 209 C.P.,CALI,El Morichal,15,-76.507349,3.392109,SIN INFORMACION,2023,enero     ,1,1/1/2023,1,06:00,DENUNCIA,Nivel 3
DELITOS SEXUALES,ACCESO CARNAL ABUSIVO CON MENOR DE CATORCE AÑOS. ART. 208 C.P.,CALI,La Sultana,20,-76.565458,3.421773,SIN INFORMACION,2023,enero     ,1,1/1/2023,1,08:00,DENUNCIA,Nivel 3
DELITOS SEXUALES,ACTOS SEXUALES CON MENOR DE CATORCE AÑOS. ART. 209 C.P.,CALI,Los Comuneros II,13,-76.495543,3.424603,SIN INFORMACION,2023,enero     ,1,1/1/2023,1,05:00,DENUNCIA,Nivel 3
DELITOS SEXUALES,ACTO SEXUAL VIOLENTO. ART. 206 C.P.,CALI,Junín,09,-76.52645,3.43402,SIN INFORMACION,2023,enero     ,1,1/1/2023,1,14:16,DENUNCIA,Nivel 3
DELITOS SEXUALES,ACCESO CARNAL ABUSIVO CON MENOR DE CATORCE AÑOS. ART. 208 C.P.,CALI,Rural,Rural,-76.559935,3.44746,OTRO,2023,enero     ,1,1/1/2023,1,10:05,DENUNCIA,Nivel 3
DELITOS SEXUALES,ACTOS SEXUALES CON MENOR DE CATORCE AÑOS. ART. 209 C.P.,CALI,Promociones Populares B,14,-76.472363,3.427686,DOMICILIO,2023,enero     ,1,1/1/2023,1,00:00,DENUNCIA,Nivel 3
DELITOS SEXUALES,ACTOS SEXUALES CON MENOR DE CATORCE AÑOS. ART. 209 C.P.,CALI,Siete de Agosto,07,-76.486039,3.445479,DOMICILIO,2023,enero     ,1,1/1/2023,1,00:00,DENUNCIA,Nivel 3
DELITOS SEXUALES,ACTOS SEXUALES CON MENOR DE CATORCE AÑOS. ART. 209 C.P.,CALI,Manuela Beltrán,14,-76.476748,3.417765,SIN INFORMACION,2023,enero     ,1,1/1/2023,1,13:23,DENUNCIA,Nivel 3
DELITOS SEXUALES,ACTOS SEXUALES CON MENOR DE CATORCE AÑOS. ART. 209 C.P.,CALI,Petecuy Segunda Etapa,06,-76.482701,3.478998,DOMICILIO,2023,enero     ,1,1/1/2023,1,19:00,DENUNCIA,Nivel 3
DELITOS SEXUALES,ACCESO CARNAL VIOLENTO. ART. 205 C.P.,CALI,Saavedra Galindo,08,-76.51537,3.44337,SIN INFORMACION,2023,enero     ,1,1/1/2023,1,10:17,DENUNCIA,Nivel 3
DELITOS SEXUALES,ACTO SEXUAL VIOLENTO CON MENOR DE CATORCE AÑOS ART. 209 C.P. ,CALI,Centenario,02,-76.534502,3.454759,SIN INFORMACION,2023,enero     ,1,1/1/2023,1,12:00,DENUNCIA,Nivel 3
DELITOS SEXUALES,ACTOS SEXUALES CON MENOR DE CATORCE AÑOS. ART. 209 C.P.,CALI,La Sultana,20,-76.564466,3.422938,DOMICILIO,2023,enero     ,1,1/1/2023,1,00:00,DENUNCIA,Nivel 3
DELITOS SEXUALES,ACTOS SEXUALES CON MENOR DE CATORCE AÑOS. ART. 209 C.P.,CALI,Ciudad Talanga,21,-76.463219,3.434445,DOMICILIO,2023,enero     ,1,1/1/2023,1,05:00,DENUNCIA,Nivel 3
DELITOS SEXUALES,ACCESO CARNAL ABUSIVO CON MENOR DE CATORCE AÑOS. ART. 208 C.P.,CALI,El Retiro,15,-76.497473,3.411522,DOMICILIO,2023,enero     ,1,1/1/2023,1,00:00,DENUNCIA,Nivel 3
DELITOS SEXUALES,ACOSO SEXUAL ART. 210A C.P.  ADICIONADO LEY 1257 DE 2008,CALI,Promociones Populares B,14,-76.470462,3.427518,SIN INFORMACION,2023,enero     ,1,1/1/2023,1,06:01,DENUNCIA,Nivel 3
DELITOS SEXUALES,ACCESO CARNAL ABUSIVO CON MENOR DE CATORCE AÑOS. ART. 208 C.P.,CALI,Venezuela - Urbanización Cañaveralejo,20,-76.565322,3.412384,DOMICILIO,2023,enero     ,1,1/1/2023,1,00:00,DENUNCIA,Nivel 3
DELITOS SEXUALES,ACCESO CARNAL ABUSIVO CON MENOR DE CATORCE AÑOS. ART. 208 C.P.,CALI,Potrero Grande,21,-76.469967,3.402998,DOMICILIO,2023,enero     ,1,1/1/2023,1,00:00,DENUNCIA,Nivel 3
DELITOS SEXUALES,ACCESO CARNAL ABUSIVO CON MENOR DE CATORCE AÑOS. ART. 208 C.P.,CALI,El Lido,19,-76.552109,3.416314,DOMICILIO,2023,enero     ,1,1/1/2023,1,00:00,DENUNCIA,Nivel 3
DELITOS SEXUALES,ACCESO CARNAL O ACTO SEXUAL ABUSIVOS CON INCAPAZ DE RESISTIR. ART. 210 C.P.,CALI,Los Guaduales,06,-76.501267,3.490102,OTRO,2023,enero     ,1,1/1/2023,1,16:00,DENUNCIA,Nivel 3
DELITOS SEXUALES,ACCESO CARNAL ABUSIVO CON MENOR DE CATORCE AÑOS. ART. 208 C.P.,CALI,Mojica,15,-76.484343,3.414089,DOMICILIO,2023,enero     ,1,1/1/2023,1,00:00,DENUNCIA,Nivel 3
DELITOS SEXUALES,ACCESO CARNAL O ACTO SEXUAL EN PERSONA PUESTA EN INCAPACIDAD DE RESISTIR. ART. 207 C.P.,CALI,El Diamante,13,-76.501117,3.419926,SIN INFORMACION,2023,enero     ,2,1/2/2023,2,22:00,DENUNCIA,Nivel 3
DELITOS SEXUALES,ACCESO CARNAL O ACTO SEXUAL ABUSIVOS CON INCAPAZ DE RESISTIR. ART. 210 C.P.,CALI,Lili,17,-76.520347,3.373623,SIN INFORMACION,2023,enero     ,2,1/2/2023,2,16:18,DENUNCIA,Nivel 3
DELITOS SEXUALES,ACCESO CARNAL VIOLENTO. ART. 205 C.P. ,CALI,Bretaña,09,-76.533504,3.433973,SIN INFORMACION,2023,enero     ,3,1/3/2023,3,11:27,DENUNCIA,Nivel 3
DELITOS SEXUALES,ACCESO CARNAL VIOLENTO. ART. 205 C.P.,CALI,Fátima,04,-76.5191,3.46428,SIN INFORMACION,2023,enero     ,3,1/3/2023,3,21:00,DENUNCIA,Nivel 3
DELITOS SEXUALES,ACCESO CARNAL ABUSIVO CON MENOR DE CATORCE AÑOS. ART. 208 C.P.,CALI,Los Lagos,13,-76.48631,3.43011,SIN INFORMACION,2023,enero     ,4,1/4/2023,4,05:00,DENUNCIA,Nivel 3
DELITOS SEXUALES,ACTO SEXUAL VIOLENTO. ART. 206 C.P.,CALI,Junín,09,-76.52645,3.43402,SIN INFORMACION,2023,enero     ,4,1/4/2023,4,06:00,DENUNCIA,Nivel 3
DELITOS SEXUALES,ACTOS SEXUALES CON MENOR DE CATORCE AÑOS. ART. 209 C.P.,CALI,La Isla,04,-76.514309,3.47097,DOMICILIO,2023,enero     ,4,1/4/2023,4,00:00,DENUNCIA,Nivel 3
DELITOS SEXUALES,ACCESO CARNAL ABUSIVO CON MENOR DE CATORCE AÑOS. ART. 208 C.P.,CALI,Junín,09,-76.52645,3.43402,SIN INFORMACION,2023,enero     ,4,1/4/2023,4,22:00,DENUNCIA,Nivel 3
DELITOS SEXUALES,ACCESO CARNAL VIOLENTO. ART. 205 C.P.,CALI,Los Comuneros I,15,-76.492003,3.410758,SIN INFORMACION,2023,enero     ,4,1/4/2023,4,08:00,DENUNCIA,Nivel 3
DELITOS SEXUALES,ACTOS SEXUALES CON MENOR DE CATORCE AÑOS. ART. 209 C.P.,CALI,Rural,Rural,-76.56028,3.366605,SIN INFORMACION,2023,enero     ,4,1/4/2023,4,01:30,DENUNCIA,Nivel 3
DELITOS SEXUALES,ACTOS SEXUALES CON MENOR DE CATORCE AÑOS. ART. 209 C.P.,CALI,Petecuy Tercera Etapa,06,-76.481227,3.478414,SIN INFORMACION,2023,enero     ,4,1/4/2023,4,15:00,DENUNCIA,Nivel 3
DELITOS SEXUALES,ACCESO CARNAL ABUSIVO CON MENOR DE CATORCE AÑOS. ART. 208 C.P.,CALI,El Jardín,11,-76.515973,3.42761,DOMICILIO,2023,enero     ,5,1/5/2023,5,13:00,DENUNCIA,Nivel 3
DELITOS SEXUALES,ACCESO CARNAL VIOLENTO. ART. 205 C.P. ,CALI,Pampa Linda,19,-76.54759,3.401376,SIN INFORMACION,2023,enero     ,5,1/5/2023,5,17:21,DENUNCIA,Nivel 3
DELITOS SEXUALES,ACTOS SEXUALES CON MENOR DE CATORCE AÑOS. ART. 209 C.P.,CALI,Rural,Rural,-76.631,3.4679,SIN INFORMACION,2023,enero     ,5,1/5/2023,5,21:00,DENUNCIA,Nivel 3
DELITOS SEXUALES,ACCESO CARNAL ABUSIVO CON MENOR DE CATORCE AÑOS. ART. 208 C.P.,CALI,Urbanización Tequendama,19,-76.547548,3.420865,SIN INFORMACION,2023,enero     ,6,1/6/2023,6,19:03,DENUNCIA,Nivel 3
DELITOS SEXUALES,ACOSO SEXUAL ART. 210A C.P.  ADICIONADO LEY 1257 DE 2008,CALI,Alameda,09,-76.53734,3.43908,SIN INFORMACION,2023,enero     ,6,1/6/2023,6,18:30,DENUNCIA,Nivel 3
DELITOS SEXUALES,ACOSO SEXUAL ART. 210A C.P.  ADICIONADO LEY 1257 DE 2008,CALI,Siloé,20,-76.553715,3.421313,SIN INFORMACION,2023,enero     ,6,1/6/2023,6,15:08,DENUNCIA,Nivel 3
DELITOS SEXUALES,ACOSO SEXUAL ART. 210A C.P.  ADICIONADO LEY 1257 DE 2008,CALI,Torres de Comfandi,05,-76.500452,3.478538,SIN INFORMACION,2023,enero     ,6,1/6/2023,6,09:30,DENUNCIA,Nivel 3
DELITOS SEXUALES,ACCESO CARNAL ABUSIVO CON MENOR DE CATORCE AÑOS. ART. 208 C.P.,CALI,El Morichal,15,-76.505469,3.394389,SIN INFORMACION,2023,enero     ,6,1/6/2023,6,03:00,DENUNCIA,Nivel 3
DELITOS SEXUALES,ACCESO CARNAL ABUSIVO CON MENOR DE CATORCE AÑOS. ART. 208 C.P.,CALI,Porvenir,04,-76.513862,3.45871,DOMICILIO,2023,enero     ,6,1/6/2023,6,10:30,DENUNCIA,Nivel 3
DELITOS SEXUALES,ACCESO CARNAL ABUSIVO CON MENOR DE CATORCE AÑOS. ART. 208 C.P.,CALI,Benjamín Herrera,08,-76.517962,3.447524,DOMICILIO,2023,enero     ,6,1/6/2023,6,19:00,DENUNCIA,Nivel 3
DELITOS SEXUALES,ACTO SEXUAL VIOLENTO CON MENOR DE CATORCE AÑOS ART. 209 C.P. ,CALI,Caney,17,-76.517876,3.387787,DOMICILIO,2023,enero     ,7,1/7/2023,7,00:00,DENUNCIA,Nivel 3
DELITOS SEXUALES,ACTOS SEXUALES CON MENOR DE CATORCE AÑOS. ART. 209 C.P.,CALI,El Morichal,15,-76.502682,3.397974,DOMICILIO,2023,enero     ,8,1/8/2023,1,21:50,DENUNCIA,Nivel 3
DELITOS SEXUALES,ACCESO CARNAL VIOLENTO. ART. 205 C.P.,CALI,Mojica,15,-76.48599,3.4176,SIN INFORMACION,2023,enero     ,8,1/8/2023,1,02:00,DENUNCIA,Nivel 3
DELITOS SEXUALES,ACCESO CARNAL VIOLENTO. ART. 205 C.P.,CALI,Manuela Beltrán,14,-76.472289,3.420238,DOMICILIO,2023,enero     ,8,1/8/2023,1,05:00,DENUNCIA,Nivel 3
DELITOS SEXUALES,ACTOS SEXUALES CON MENOR DE CATORCE AÑOS. ART. 209 C.P.,CALI,Ciudad Talanga,21,-76.4691,3.432858,DOMICILIO,2023,enero     ,8,1/8/2023,1,21:00,DENUNCIA,Nivel 3
DELITOS SEXUALES,PORNOGRAFIA CON MENORES ART. 218 C.P.,CALI,San Pascual,03,-76.528642,3.444581,DOMICILIO,2023,enero     ,9,1/9/2023,2,03:00,DENUNCIA,Nivel 3
DELITOS SEXUALES,ACCESO CARNAL VIOLENTO. ART. 205 C.P.,CALI,Los Lagos,13,-76.485445,3.428601,DOMICILIO,2023,enero     ,9,1/9/2023,2,01:30,DENUNCIA,Nivel 3
DELITOS SEXUALES,ACTO SEXUAL VIOLENTO. ART. 206 C.P.,CALI,Rural,Rural,-76.494945,3.36404,DOMICILIO,2023,enero     ,9,1/9/2023,2,05:00,DENUNCIA,Nivel 3
DELITOS SEXUALES,ACOSO SEXUAL ART. 210A C.P.  ADICIONADO LEY 1257 DE 2008,CALI,San Cristóbal,10,-76.520485,3.431611,SIN INFORMACION,2023,enero     ,9,1/9/2023,2,07:49,DENUNCIA,Nivel 3
DELITOS SEXUALES,ACCESO CARNAL VIOLENTO. ART. 205 C.P.,CALI,Unión de Vivienda Popular,16,-76.507166,3.411225,DOMICILIO,2023,enero     ,9,1/9/2023,2,11:58,DENUNCIA,Nivel 3
DELITOS SEXUALES,ACTO SEXUAL VIOLENTO. ART. 206 C.P.,CALI,Belén,20,-76.555043,3.427626,SIN INFORMACION,2023,enero     ,10,1/10/2023,3,15:00,DENUNCIA,Nivel 3
DELITOS SEXUALES,ACCESO CARNAL ABUSIVO CON MENOR DE CATORCE AÑOS. ART. 208 C.P.,CALI,Aguacatal,01,-76.568191,3.455775,DOMICILIO,2023,enero     ,10,1/10/2023,3,00:00,DENUNCIA,Nivel 3
DELITOS SEXUALES,ACCESO CARNAL VIOLENTO. ART. 205 C.P.,CALI,Villa del Lago,13,-76.49029,3.4377,DOMICILIO,2023,enero     ,10,1/10/2023,3,02:00,DENUNCIA,Nivel 3
DELITOS SEXUALES,ACOSO SEXUAL ART. 210A C.P.  ADICIONADO LEY 1257 DE 2008,CALI,San Vicente,02,-76.526464,3.467316,SIN INFORMACION,2023,enero     ,10,1/10/2023,3,10:36,DENUNCIA,Nivel 3
DELITOS SEXUALES,ACOSO SEXUAL ART. 210A C.P.  ADICIONADO LEY 1257 DE 2008,CALI,Santa Anita - La Selva,17,-76.538765,3.40817,ESTABLECIMIENTO EDUCATIVO,2023,enero     ,10,1/10/2023,3,00:00,DENUNCIA,Nivel 3
DELITOS SEXUALES,ACCESO CARNAL ABUSIVO CON MENOR DE CATORCE AÑOS. ART. 208 C.P.,CALI,Chapinero,08,-76.498813,3.443824,SIN INFORMACION,2023,enero     ,10,1/10/2023,3,19:00,DENUNCIA,Nivel 3
DELITOS SEXUALES,ACTOS SEXUALES CON MENOR DE CATORCE AÑOS. ART. 209 C.P.,CALI,Pueblo Joven,20,-76.56376,3.41569,VIA PUBLICA,2023,enero     ,10,1/10/2023,3,00:00,DENUNCIA,Nivel 3
DELITOS SEXUALES,ACTOS SEXUALES CON MENOR DE CATORCE AÑOS. ART. 209 C.P.,CALI,Alfonso Lopez P. 3a Etapa,07,-76.477522,3.456446,DOMICILIO,2023,enero     ,10,1/10/2023,3,18:30,DENUNCIA,Nivel 3
DELITOS SEXUALES,PORNOGRAFIA CON MENORES ART. 218 C.P.,CALI,20 de Julio,11,-76.510909,3.434013,SIN INFORMACION,2023,enero     ,10,1/10/2023,3,17:00,DENUNCIA,Nivel 3
DELITOS SEXUALES,ACTOS SEXUALES CON MENOR DE CATORCE AÑOS. ART. 209 C.P.,CALI,Mariano Ramos,16,-76.515677,3.403741,DOMICILIO,2023,enero     ,10,1/10/2023,3,00:00,DENUNCIA,Nivel 3
DELITOS SEXUALES,ACTOS SEXUALES CON MENOR DE CATORCE AÑOS. ART. 209 C.P.,CALI,San Pedro,03,-76.53309,3.4497,DOMICILIO,2023,enero     ,10,1/10/2023,3,00:00,DENUNCIA,Nivel 3
DELITOS SEXUALES,ACTO SEXUAL VIOLENTO. ART. 206 C.P.,CALI,San Vicente,02,-76.522078,3.46236,DOMICILIO,2023,enero     ,10,1/10/2023,3,18:00,DENUNCIA,Nivel 3
DELITOS SEXUALES,ACTO SEXUAL VIOLENTO CON MENOR DE CATORCE AÑOS ART. 209 C.P. ,CALI,Ciudad 2000,16,-76.52145,3.39758,ESTABLECIMIENTO EDUCATIVO,2023,enero     ,11,1/11/2023,4,10:00,DENUNCIA,Nivel 3
DELITOS SEXUALES,ACCESO CARNAL ABUSIVO CON MENOR DE CATORCE AÑOS. ART. 208 C.P.,CALI,Caney,17,-76.517876,3.387787,SIN INFORMACION,2023,enero     ,11,1/11/2023,4,04:35,DENUNCIA,Nivel 3
DELITOS SEXUALES,ACCESO CARNAL VIOLENTO. ART. 205 C.P.,CALI,Parcelaciones Pance,22,-76.532485,3.351469,SIN INFORMACION,2023,enero     ,12,1/12/2023,5,21:35,DENUNCIA,Nivel 3
DELITOS SEXUALES,ACCESO CARNAL O ACTO SEXUAL EN PERSONA PUESTA EN INCAPACIDAD DE RESISTIR. ART. 207 C.P.,CALI,Los Lagos,13,-76.484007,3.428517,DOMICILIO,2023,enero     ,13,1/13/2023,6,18:00,DENUNCIA,Nivel 3
DELITOS SEXUALES,ACTOS SEXUALES CON MENOR DE CATORCE AÑOS. ART. 209 C.P.,CALI,Desepaz Invicali,21,-76.464096,3.421518,SIN INFORMACION,2023,enero     ,13,1/13/2023,6,08:00,DENUNCIA,Nivel 3
DELITOS SEXUALES,ACTOS SEXUALES CON MENOR DE CATORCE AÑOS. ART. 209 C.P.,CALI,San Fernando Nuevo,19,-76.54499,3.426246,SIN INFORMACION,2023,enero     ,13,1/13/2023,6,10:53,DENUNCIA,Nivel 3
DELITOS SEXUALES,ACCESO CARNAL VIOLENTO EN PERSONA PROTEGIDA ART. 138 C.P.,CALI,Los Robles,13,-76.494124,3.422718,DOMICILIO,2023,enero     ,14,1/14/2023,7,21:00,DENUNCIA,Nivel 3
DELITOS SEXUALES,ACOSO SEXUAL ART. 210A C.P.  ADICIONADO LEY 1257 DE 2008,CALI,Versalles,02,-76.52835,3.46156,SIN INFORMACION,2023,enero     ,14,1/14/2023,7,14:40,DENUNCIA,Nivel 3
DELITOS SEXUALES,ACCESO CARNAL ABUSIVO CON MENOR DE CATORCE AÑOS. ART. 208 C.P.,CALI,Rural,Rural,-76.496495,3.404262,DOMICILIO,2023,enero     ,15,1/15/2023,1,22:00,DENUNCIA,Nivel 3
DELITOS SEXUALES,ACOSO SEXUAL ART. 210A C.P.  ADICIONADO LEY 1257 DE 2008,CALI,Santa Elena,10,-76.526176,3.43015,SIN INFORMACION,2023,enero     ,15,1/15/2023,1,13:30,DENUNCIA,Nivel 3
DELITOS SEXUALES,ACCESO CARNAL ABUSIVO CON MENOR DE CATORCE AÑOS. ART. 208 C.P.,CALI,Santa Elena,10,-76.523058,3.426876,DOMICILIO,2023,enero     ,15,1/15/2023,1,15:00,DENUNCIA,Nivel 3
DELITOS SEXUALES,ACTOS SEXUALES CON MENOR DE CATORCE AÑOS. ART. 209 C.P.,CALI,Promociones Populares B,14,-76.475726,3.429616,SIN INFORMACION,2023,enero     ,15,1/15/2023,1,17:00,DENUNCIA,Nivel 3
DELITOS SEXUALES,ACTOS SEXUALES CON MENOR DE CATORCE AÑOS. ART. 209 C.P.,CALI,Ciudadela del Rio - CVC,21,-76.46542,3.42727,DOMICILIO,2023,enero     ,16,1/16/2023,2,18:00,DENUNCIA,Nivel 3
DELITOS SEXUALES,ACTOS SEXUALES CON MENOR DE CATORCE AÑOS. ART. 209 C.P.,CALI,República de Israel,16,-76.51664,3.40935,DOMICILIO,2023,enero     ,16,1/16/2023,2,09:00,DENUNCIA,Nivel 3
DELITOS SEXUALES,ACCESO CARNAL ABUSIVO CON MENOR DE CATORCE AÑOS. ART. 208 C.P.,CALI,Promociones Populares B,14,-76.467114,3.42477,DOMICILIO,2023,enero     ,16,1/16/2023,2,11:00,DENUNCIA,Nivel 3
DELITOS SEXUALES,ACTOS SEXUALES CON MENOR DE CATORCE AÑOS. ART. 209 C.P.,CALI,Ciudadela del Rio - CVC,21,-76.46574,3.42654,SIN INFORMACION,2023,enero     ,16,1/16/2023,2,23:00,DENUNCIA,Nivel 3
DELITOS SEXUALES,ACCESO CARNAL VIOLENTO. ART. 205 C.P.,CALI,San Nicolás,03,-76.527675,3.454748,VEHICULO,2023,enero     ,17,1/17/2023,3,12:00,DENUNCIA,Nivel 3
DELITOS SEXUALES,ACTOS SEXUALES CON MENOR DE CATORCE AÑOS. ART. 209 C.P.,CALI,Atanasio Girardot,08,-76.508918,3.444728,ESTABLECIMIENTO DE COMERCIO,2023,enero     ,18,1/18/2023,4,16:45,DENUNCIA,Nivel 3
DELITOS SEXUALES,ACCESO CARNAL ABUSIVO CON MENOR DE CATORCE AÑOS. ART. 208 C.P.,CALI,José María Córdoba,11,-76.51017,3.421224,DOMICILIO,2023,enero     ,18,1/18/2023,4,18:30,DENUNCIA,Nivel 3
DELITOS SEXUALES,PORNOGRAFIA CON MENORES ART. 218 C.P.,CALI,Sucre,09,-76.523505,3.445491,DOMICILIO,2023,enero     ,19,1/19/2023,5,08:00,DENUNCIA,Nivel 3
DELITOS SEXUALES,ACTO SEXUAL VIOLENTO. ART. 206 C.P.,CALI,El Guabal,10,-76.521475,3.419095,SIN INFORMACION,2023,enero     ,19,1/19/2023,5,16:30,DENUNCIA,Nivel 3
DELITOS SEXUALES,ACOSO SEXUAL ART. 210A C.P.  ADICIONADO LEY 1257 DE 2008,CALI,Los Cámbulos,19,-76.540893,3.418977,SIN INFORMACION,2023,enero     ,19,1/19/2023,5,19:20,DENUNCIA,Nivel 3
DELITOS SEXUALES,ACCESO CARNAL VIOLENTO. ART. 205 C.P.,CALI,San Juan Bosco,03,-76.53478,3.44157,TRANSPORTE MASIVO,2023,enero     ,19,1/19/2023,5,16:00,DENUNCIA,Nivel 3
DELITOS SEXUALES,ACCESO CARNAL ABUSIVO CON MENOR DE CATORCE AÑOS. ART. 208 C.P.,CALI,Alfonso Lopez P. 2a Etapa,07,-76.479988,3.461985,EDIFICIO,2023,enero     ,19,1/19/2023,5,00:00,DENUNCIA,Nivel 3
DELITOS SEXUALES,ACTOS SEXUALES CON MENOR DE CATORCE AÑOS. ART. 209 C.P.,CALI,Rural,Rural,-76.56854,3.402795,ESTABLECIMIENTO EDUCATIVO,2023,enero     ,20,1/20/2023,6,10:00,DENUNCIA,Nivel 3
DELITOS SEXUALES,ACCESO CARNAL ABUSIVO CON MENOR DE CATORCE AÑOS. ART. 208 C.P.,CALI,San Benito,11,-76.509252,3.428119,DOMICILIO,2023,enero     ,20,1/20/2023,6,08:30,DENUNCIA,Nivel 3
DELITOS SEXUALES,ACCESO CARNAL VIOLENTO. ART. 205 C.P.,CALI,San Benito,11,-76.50948,3.4288,VEHICULO,2023,enero     ,21,1/21/2023,7,23:10,DENUNCIA,Nivel 3
DELITOS SEXUALES,ACTOS SEXUALES CON MENOR DE CATORCE AÑOS. ART. 209 C.P.,CALI,San Marino,07,-76.488721,3.461091,VEHICULO,2023,enero     ,21,1/21/2023,7,15:00,DENUNCIA,Nivel 3
DELITOS SEXUALES,ACCESO CARNAL ABUSIVO CON MENOR DE CATORCE AÑOS. ART. 208 C.P.,CALI,Rural,Rural,-76.5709,3.416444,DOMICILIO,2023,enero     ,21,1/21/2023,7,00:00,DENUNCIA,Nivel 3
DELITOS SEXUALES,ACCESO CARNAL ABUSIVO CON MENOR DE CATORCE AÑOS. ART. 208 C.P.,CALI,El Lido,19,-76.548493,3.414466,ESTACION DE ARTICULADO,2023,enero     ,22,1/22/2023,1,21:30,DENUNCIA,Nivel 3
DELITOS SEXUALES,ACTOS SEXUALES CON MENOR DE CATORCE AÑOS. ART. 209 C.P.,CALI,Lleras Restrepo II,13,-76.48761,3.440765,ESTABLECIMIENTO PUBLICO,2023,enero     ,22,1/22/2023,1,22:00,DENUNCIA,Nivel 3
DELITOS SEXUALES,ACTO SEXUAL VIOLENTO. ART. 206 C.P.,CALI,Cañaverales - Los Samanes,17,-76.527595,3.39759,VIA PUBLICA,2023,enero     ,22,1/22/2023,1,20:00,DENUNCIA,Nivel 3
DELITOS SEXUALES,ACTO SEXUAL VIOLENTO. ART. 206 C.P.,CALI,Alameda,09,-76.534012,3.43646,CAMPO ABIERTO,2023,enero     ,22,1/22/2023,1,01:56,DENUNCIA,Nivel 3
DELITOS SEXUALES,ACTO SEXUAL VIOLENTO. ART. 206 C.P.,CALI,Rural,Rural,-76.550863,3.437584,SIN INFORMACION,2023,enero     ,23,1/23/2023,2,09:00,DENUNCIA,Nivel 3
DELITOS SEXUALES,ACTOS SEXUALES CON MENOR DE CATORCE AÑOS. ART. 209 C.P.,CALI,Pueblo Joven,20,-76.56328,3.415505,DOMICILIO,2023,enero     ,23,1/23/2023,2,16:00,DENUNCIA,Nivel 3
DELITOS SEXUALES,ACCESO CARNAL VIOLENTO. ART. 205 C.P.,CALI,Venezuela - Urbanización Cañaveralejo,20,-76.56111,3.41491,VEHICULO,2023,enero     ,23,1/23/2023,2,09:40,DENUNCIA,Nivel 3
DELITOS SEXUALES,ACTO SEXUAL VIOLENTO. ART. 206 C.P.,CALI,Aguacatal,01,-76.568562,3.455081,DOMICILIO,2023,enero     ,23,1/23/2023,2,01:00,DENUNCIA,Nivel 3
DELITOS SEXUALES,ACOSO SEXUAL ART. 210A C.P.  ADICIONADO LEY 1257 DE 2008,CALI,Municipal,08,-76.513836,3.449137,SIN INFORMACION,2023,enero     ,23,1/23/2023,2,05:00,DENUNCIA,Nivel 3
DELITOS SEXUALES,ACOSO SEXUAL ART. 210A C.P.  ADICIONADO LEY 1257 DE 2008,CALI,Lleras Camargo,20,-76.562099,3.421497,DOMICILIO,2023,enero     ,23,1/23/2023,2,22:11,DENUNCIA,Nivel 3
DELITOS SEXUALES,ACCESO CARNAL ABUSIVO CON MENOR DE CATORCE AÑOS. ART. 208 C.P.,CALI,San Luis II,06,-76.488925,3.490473,SIN INFORMACION,2023,enero     ,24,1/24/2023,3,08:22,DENUNCIA,Nivel 3
DELITOS SEXUALES,ACTOS SEXUALES CON MENOR DE CATORCE AÑOS. ART. 209 C.P.,CALI,El Rodeo,12,-76.50749,3.43616,DOMICILIO,2023,enero     ,24,1/24/2023,3,14:30,DENUNCIA,Nivel 3
DELITOS SEXUALES,ACCESO CARNAL ABUSIVO CON MENOR DE CATORCE AÑOS. ART. 208 C.P.,CALI,Rural,Rural,-76.5782,3.405045,OTRO,2023,enero     ,24,1/24/2023,3,00:00,DENUNCIA,Nivel 3
DELITOS SEXUALES,ACCESO CARNAL VIOLENTO. ART. 205 C.P.,CALI,Sultana - Berlín - San Francisco,04,-76.517267,3.464679,DOMICILIO,2023,enero     ,24,1/24/2023,3,16:30,DENUNCIA,Nivel 3
DELITOS SEXUALES,ACTOS SEXUALES CON MENOR DE CATORCE AÑOS. ART. 209 C.P.,CALI,El Mortiñal,19,-76.550434,3.441359,DOMICILIO,2023,enero     ,25,1/25/2023,4,19:00,DENUNCIA,Nivel 3
DELITOS SEXUALES,ACCESO CARNAL O ACTO SEXUAL ABUSIVOS CON INCAPAZ DE RESISTIR. ART. 210 C.P.,CALI,El Prado,11,-76.516731,3.435118,VEHICULO DE UBER,2023,enero     ,25,1/25/2023,4,21:00,DENUNCIA,Nivel 3
DELITOS SEXUALES,ACCESO CARNAL ABUSIVO CON MENOR DE CATORCE AÑOS. ART. 208 C.P.,CALI,Manuela Beltrán,14,-76.474081,3.418708,SIN INFORMACION,2023,enero     ,25,1/25/2023,4,03:00,DENUNCIA,Nivel 3
DELITOS SEXUALES,ACCESO CARNAL ABUSIVO CON MENOR DE CATORCE AÑOS. ART. 208 C.P.,CALI,El Jordán,18,-76.552178,3.377401,DOMICILIO,2023,enero     ,26,1/26/2023,5,00:00,DENUNCIA,Nivel 3
DELITOS SEXUALES,ACCESO CARNAL VIOLENTO. ART. 205 C.P.,CALI,Los Comuneros II,13,-76.49291,3.426612,SIN INFORMACION,2023,enero     ,27,1/27/2023,6,06:18,DENUNCIA,Nivel 3
DELITOS SEXUALES,ACOSO SEXUAL ART. 210A C.P.  ADICIONADO LEY 1257 DE 2008,CALI,La Gran Colombia,11,-76.50716,3.421583,SIN INFORMACION,2023,enero     ,28,1/28/2023,7,10:00,DENUNCIA,Nivel 3
DELITOS SEXUALES,ACCESO CARNAL ABUSIVO CON MENOR DE CATORCE AÑOS. ART. 208 C.P.,CALI,La Floresta,08,-76.514367,3.443758,SIN INFORMACION,2023,enero     ,28,1/28/2023,7,19:00,DENUNCIA,Nivel 3
DELITOS SEXUALES,ACCESO CARNAL VIOLENTO. ART. 205 C.P.,CALI,Los Lagos,13,-76.484577,3.431318,DOMICILIO,2023,enero     ,28,1/28/2023,7,22:00,DENUNCIA,Nivel 3
DELITOS SEXUALES,ACCESO CARNAL VIOLENTO. ART. 205 C.P.,CALI,Sector Alto Jordán,18,-76.55694,3.376375,DOMICILIO,2023,enero     ,29,1/29/2023,1,02:30,DENUNCIA,Nivel 3
DELITOS SEXUALES,ACCESO CARNAL O ACTO SEXUAL ABUSIVOS CON INCAPAZ DE RESISTIR. ART. 210 C.P.,CALI,Caney,17,-76.519947,3.38001,SIN INFORMACION,2023,enero     ,29,1/29/2023,1,23:00,DENUNCIA,Nivel 3
DELITOS SEXUALES,ACCESO CARNAL ABUSIVO CON MENOR DE CATORCE AÑOS. ART. 208 C.P.,CALI,Urbanización Colseguros,19,-76.531088,3.429187,DOMICILIO,2023,enero     ,30,1/30/2023,2,00:00,DENUNCIA,Nivel 3
DELITOS SEXUALES,ACTOS SEXUALES CON MENOR DE CATORCE AÑOS. ART. 209 C.P.,CALI,Colseguros Andes,10,-76.526358,3.429784,SIN INFORMACION,2023,enero     ,30,1/30/2023,2,14:59,DENUNCIA,Nivel 3
DELITOS SEXUALES,ACTO SEXUAL VIOLENTO. ART. 206 C.P.,CALI,Granada,02,-76.534088,3.459488,SIN INFORMACION,2023,enero     ,30,1/30/2023,2,07:00,DENUNCIA,Nivel 3
DELITOS SEXUALES,ACCESO CARNAL ABUSIVO CON MENOR DE CATORCE AÑOS. ART. 208 C.P.,CALI,Jorge Eliécer Gaitán,06,-76.481895,3.4675,DOMICILIO,2023,enero     ,30,1/30/2023,2,00:00,DENUNCIA,Nivel 3
DELITOS SEXUALES,ACCESO CARNAL VIOLENTO. ART. 205 C.P.,CALI,San Pedro,03,-76.53309,3.4497,VIA PUBLICA,2023,enero     ,30,1/30/2023,2,16:00,DENUNCIA,Nivel 3
DELITOS SEXUALES,ACTOS SEXUALES CON MENOR DE CATORCE AÑOS. ART. 209 C.P.,CALI,Caney,17,-76.515175,3.382929,SIN INFORMACION,2023,enero     ,30,1/30/2023,2,18:32,DENUNCIA,Nivel 3
DELITOS SEXUALES,ACCESO CARNAL ABUSIVO CON MENOR DE CATORCE AÑOS. ART. 208 C.P.,CALI,San Pedro,03,-76.53042,3.4494,DOMICILIO,2023,enero     ,30,1/30/2023,2,15:00,DENUNCIA,Nivel 3
DELITOS SEXUALES,ACTOS SEXUALES CON MENOR DE CATORCE AÑOS. ART. 209 C.P.,CALI,Rural,Rural,-76.567305,3.376515,DOMICILIO,2023,enero     ,30,1/30/2023,2,12:00,DENUNCIA,Nivel 3
DELITOS SEXUALES,ACTOS SEXUALES CON MENOR DE CATORCE AÑOS. ART. 209 C.P.,CALI,Los Comuneros II,13,-76.491761,3.423483,SIN INFORMACION,2023,enero     ,31,1/31/2023,3,20:00,DENUNCIA,Nivel 3
DELITOS SEXUALES,ACCESO CARNAL ABUSIVO CON MENOR DE CATORCE AÑOS. ART. 208 C.P.,CALI,Bretaña,09,-76.53187,3.43739,SIN INFORMACION,2023,enero     ,31,1/31/2023,3,09:15,DENUNCIA,Nivel 3
DELITOS SEXUALES,ACOSO SEXUAL ART. 210A C.P.  ADICIONADO LEY 1257 DE 2008,CALI,Las Orquídeas,14,-76.479016,3.412412,SIN INFORMACION,2023,enero     ,31,1/31/2023,3,20:00,DENUNCIA,Nivel 3
DELITOS SEXUALES,ACCESO CARNAL ABUSIVO CON MENOR DE CATORCE AÑOS. ART. 208 C.P.,CALI,Rural,Rural,-76.55847,3.3635,SIN INFORMACION,2023,enero     ,31,1/31/2023,3,16:00,DENUNCIA,Nivel 3
DELITOS SEXUALES,ACCESO CARNAL ABUSIVO CON MENOR DE CATORCE AÑOS. ART. 208 C.P.,CALI,Alfonso Lopez P. 1a Etapa,07,-76.480147,3.465186,SIN INFORMACION,2023,enero     ,31,1/31/2023,3,09:00,DENUNCIA,Nivel 3
DELITOS SEXUALES,ACTO SEXUAL VIOLENTO CON MENOR DE CATORCE AÑOS ART. 209 C.P. ,CALI,Bochalema,81,-76.518525,3.354762,RED VIRTUAL O INTERNET,2023,enero     ,31,1/31/2023,3,16:46,DENUNCIA,Nivel 3
DELITOS SEXUALES,ACTO SEXUAL VIOLENTO. ART. 206 C.P.,CALI,Desepaz Invicali,21,-76.462899,3.427063,SIN INFORMACION,2023,enero     ,31,1/31/2023,3,11:00,DENUNCIA,Nivel 3
DELITOS SEXUALES,ACCESO CARNAL ABUSIVO CON MENOR DE CATORCE AÑOS. ART. 208 C.P.,CALI,Terrón Colorado,01,-76.562406,3.452893,DOMICILIO,2023,febrero   ,1,2/1/2023,4,10:00,DENUNCIA,Nivel 3
DELITOS SEXUALES,ACCESO CARNAL VIOLENTO. ART. 205 C.P.,CALI,El Vallado,15,-76.496582,3.404775,DOMICILIO,2023,febrero   ,1,2/1/2023,4,00:00,DENUNCIA,Nivel 3
DELITOS SEXUALES,ACTOS SEXUALES CON MENOR DE CATORCE AÑOS. ART. 209 C.P.,CALI,República de Israel,16,-76.51466,3.40894,EDIFICIO,2023,febrero   ,1,2/1/2023,4,00:00,DENUNCIA,Nivel 3
DELITOS SEXUALES,ACCESO CARNAL VIOLENTO. ART. 205 C.P.,CALI,Las Orquídeas,14,-76.475026,3.415762,SIN INFORMACION,2023,febrero   ,1,2/1/2023,4,06:00,DENUNCIA,Nivel 3
DELITOS SEXUALES,ACCESO CARNAL ABUSIVO CON MENOR DE CATORCE AÑOS. ART. 208 C.P.,CALI,Las Orquídeas,14,-76.476092,3.414364,DOMICILIO,2023,febrero   ,1,2/1/2023,4,09:00,DENUNCIA,Nivel 3
DELITOS SEXUALES,ACCESO CARNAL ABUSIVO CON MENOR DE CATORCE AÑOS. ART. 208 C.P.,CALI,Rural,Rural,-76.542175,3.459664,DOMICILIO,2023,febrero   ,1,2/1/2023,4,00:00,DENUNCIA,Nivel 3
DELITOS SEXUALES,ACCESO CARNAL ABUSIVO CON MENOR DE CATORCE AÑOS. ART. 208 C.P.,CALI,Lili,17,-76.523425,3.376815,SIN INFORMACION,2023,febrero   ,1,2/1/2023,4,12:00,DENUNCIA,Nivel 3
DELITOS SEXUALES,ACTOS SEXUALES CON MENOR DE CATORCE AÑOS. ART. 209 C.P.,CALI,Laureano Gómez,15,-76.496457,3.413464,SIN INFORMACION,2023,febrero   ,1,2/1/2023,4,13:04,DENUNCIA,Nivel 3
DELITOS SEXUALES,ACTOS SEXUALES CON MENOR DE CATORCE AÑOS. ART. 209 C.P.,CALI,Venezuela - Urbanización Cañaveralejo,20,-76.563767,3.412177,DOMICILIO,2023,febrero   ,2,2/2/2023,5,23:59,DENUNCIA,Nivel 3
DELITOS SEXUALES,ACTO SEXUAL VIOLENTO. ART. 206 C.P.,CALI,El Jordán,18,-76.5522,3.3737,SIN INFORMACION,2023,febrero   ,2,2/2/2023,5,10:49,DENUNCIA,Nivel 3
DELITOS SEXUALES,ACCESO CARNAL VIOLENTO. ART. 205 C.P.,CALI,San Pedro,03,-76.53309,3.4497,DOMICILIO,2023,febrero   ,3,2/3/2023,6,00:00,DENUNCIA,Nivel 3
DELITOS SEXUALES,PORNOGRAFIA CON MENORES ART. 218 C.P.,CALI,Guayaquil,09,-76.525335,3.437835,SIN INFORMACION,2023,febrero   ,3,2/3/2023,6,00:40,DENUNCIA,Nivel 3
DELITOS SEXUALES,ACCESO CARNAL ABUSIVO CON MENOR DE CATORCE AÑOS. ART. 208 C.P.,CALI,Urbanización San Joaquin,17,-76.526326,3.371276,SIN INFORMACION,2023,febrero   ,4,2/4/2023,7,16:22,DENUNCIA,Nivel 3
DELITOS SEXUALES,ACCESO CARNAL ABUSIVO CON MENOR DE CATORCE AÑOS. ART. 208 C.P.,CALI,Mariano Ramos,16,-76.51552,3.403308,SIN INFORMACION,2023,febrero   ,4,2/4/2023,7,08:00,DENUNCIA,Nivel 3
DELITOS SEXUALES,ACCESO CARNAL O ACTO SEXUAL EN PERSONA PUESTA EN INCAPACIDAD DE RESISTIR. ART. 207 C.P.,CALI,Granada,02,-76.533896,3.459933,DOMICILIO,2023,febrero   ,4,2/4/2023,7,06:00,DENUNCIA,Nivel 3
DELITOS SEXUALES,DEMANDA DE EXPLOT.SEX. COMERC. MENOR DE 18 AÑOS Adic. Art 217A C.P. Ley 1329 de 2009,CALI,Ciudad 2000,16,-76.51919,3.39432,VIA PUBLICA,2023,febrero   ,5,2/5/2023,1,18:55,DENUNCIA,Nivel 3
DELITOS SEXUALES,ACTO SEXUAL VIOLENTO. ART. 206 C.P.,CALI,La Esperanza,11,-76.518702,3.419904,DOMICILIO,2023,febrero   ,5,2/5/2023,1,14:00,DENUNCIA,Nivel 3
DELITOS SEXUALES,ACCESO CARNAL O ACTO SEXUAL EN PERSONA PUESTA EN INCAPACIDAD DE RESISTIR. ART. 207 C.P.,CALI,Villa del Sur,11,-76.516631,3.414425,VEHICULO,2023,febrero   ,6,2/6/2023,2,20:50,DENUNCIA,Nivel 3
DELITOS SEXUALES,ACCESO CARNAL ABUSIVO CON MENOR DE CATORCE AÑOS. ART. 208 C.P.,CALI,El Lido,19,-76.553108,3.41611,OTRO,2023,febrero   ,6,2/6/2023,2,16:00,DENUNCIA,Nivel 3
DELITOS SEXUALES,ACCESO CARNAL VIOLENTO. ART. 205 C.P.,CALI,El Verdal - Gonchelandia,81,-76.517114,3.360266,SIN INFORMACION,2023,febrero   ,7,2/7/2023,3,23:27,DENUNCIA,Nivel 3
DELITOS SEXUALES,ACOSO SEXUAL ART. 210A C.P.  ADICIONADO LEY 1257 DE 2008,CALI,El Lido,19,-76.55201,3.41524,RED VIRTUAL O INTERNET,2023,febrero   ,7,2/7/2023,3,23:47,DENUNCIA,Nivel 3
DELITOS SEXUALES,ACTOS SEXUALES CON MENOR DE CATORCE AÑOS. ART. 209 C.P.,CALI,Colseguros Andes,10,-76.52936,3.4259,DOMICILIO,2023,febrero   ,8,2/8/2023,4,07:40,DENUNCIA,Nivel 3
DELITOS SEXUALES,ACCESO CARNAL VIOLENTO. ART. 205 C.P.,CALI,Ciudadela Floralia,06,-76.494402,3.493079,DOMICILIO,2023,febrero   ,8,2/8/2023,4,14:00,DENUNCIA,Nivel 3
DELITOS SEXUALES,ACTOS SEXUALES CON MENOR DE CATORCE AÑOS. ART. 209 C.P.,CALI,San Pedro,03,-76.53309,3.4497,DOMICILIO,2023,febrero   ,8,2/8/2023,4,00:00,DENUNCIA,Nivel 3
DELITOS SEXUALES,ACTO SEXUAL VIOLENTO. ART. 206 C.P.,CALI,Prados del Norte,02,-76.521312,3.472099,SIN INFORMACION,2023,febrero   ,8,2/8/2023,4,22:30,DENUNCIA,Nivel 3
DELITOS SEXUALES,ACCESO CARNAL ABUSIVO CON MENOR DE CATORCE AÑOS. ART. 208 C.P.,CALI,Antonio Nariño,16,-76.50493,3.413884,SIN INFORMACION,2023,febrero   ,8,2/8/2023,4,15:03,DENUNCIA,Nivel 3
DELITOS SEXUALES,ACCESO CARNAL VIOLENTO. ART. 205 C.P.,CALI,San Fernando Viejo,19,-76.545301,3.431959,VEHICULO DE UBER,2023,febrero   ,8,2/8/2023,4,23:00,DENUNCIA,Nivel 3
DELITOS SEXUALES,ACCESO CARNAL ABUSIVO CON MENOR DE CATORCE AÑOS. ART. 208 C.P.,CALI,Vista Hermosa,01,-76.57508,3.456665,DOMICILIO,2023,febrero   ,8,2/8/2023,4,10:00,DENUNCIA,Nivel 3
DELITOS SEXUALES,ACTOS SEXUALES CON MENOR DE CATORCE AÑOS. ART. 209 C.P.,CALI,Puerta del Sol,14,-76.4732,3.4285,DOMICILIO,2023,febrero   ,9,2/9/2023,5,09:00,DENUNCIA,Nivel 3
DELITOS SEXUALES,ACTOS SEXUALES CON MENOR DE CATORCE AÑOS. ART. 209 C.P.,CALI,San Luis II,06,-76.488636,3.490849,SIN INFORMACION,2023,febrero   ,9,2/9/2023,5,13:00,DENUNCIA,Nivel 3
DELITOS SEXUALES,ACTOS SEXUALES CON MENOR DE CATORCE AÑOS. ART. 209 C.P.,CALI,Puerta del Sol,14,-76.474006,3.429662,SIN INFORMACION,2023,febrero   ,9,2/9/2023,5,14:00,DENUNCIA,Nivel 3
DELITOS SEXUALES,ACCESO CARNAL VIOLENTO. ART. 205 C.P.,CALI,José Manuel Marroquín I,14,-76.477488,3.422752,VIA PUBLICA,2023,febrero   ,10,2/10/2023,6,20:30,DENUNCIA,Nivel 3
DELITOS SEXUALES,ACOSO SEXUAL ART. 210A C.P.  ADICIONADO LEY 1257 DE 2008,CALI,Villa del Prado - El Guabito,05,-76.48728,3.4699,SIN INFORMACION,2023,febrero   ,10,2/10/2023,6,18:29,DENUNCIA,Nivel 3
DELITOS SEXUALES,ACOSO SEXUAL ART. 210A C.P.  ADICIONADO LEY 1257 DE 2008,CALI,Industrial,08,-76.516136,3.450048,SIN INFORMACION,2023,febrero   ,10,2/10/2023,6,10:00,DENUNCIA,Nivel 3
DELITOS SEXUALES,ACCESO CARNAL VIOLENTO. ART. 205 C.P.,CALI,Manuela Beltrán,14,-76.473245,3.416256,DOMICILIO,2023,febrero   ,10,2/10/2023,6,23:00,DENUNCIA,Nivel 3
DELITOS SEXUALES,ACCESO CARNAL O ACTO SEXUAL ABUSIVOS CON INCAPAZ DE RESISTIR. ART. 210 C.P.,CALI,Junín,09,-76.526623,3.433264,SIN INFORMACION,2023,febrero   ,10,2/10/2023,6,06:00,DENUNCIA,Nivel 3
DELITOS SEXUALES,ACTOS SEXUALES CON MENOR DE CATORCE AÑOS. ART. 209 C.P.,CALI,Junín,09,-76.52645,3.43402,SIN INFORMACION,2023,febrero   ,10,2/10/2023,6,15:00,DENUNCIA,Nivel 3
DELITOS SEXUALES,PORNOGRAFIA CON MENORES ART. 218 C.P.,CALI,Cañaverales - Los Samanes,17,-76.527209,3.400424,SIN INFORMACION,2023,febrero   ,10,2/10/2023,6,12:00,DENUNCIA,Nivel 3
DELITOS SEXUALES,ACTO SEXUAL VIOLENTO. ART. 206 C.P.,CALI,Los Lideres,21,-76.46616,3.419225,DOMICILIO,2023,febrero   ,10,2/10/2023,6,19:00,DENUNCIA,Nivel 3
DELITOS SEXUALES,ACTOS SEXUALES CON MENOR DE CATORCE AÑOS. ART. 209 C.P.,CALI,El Vallado,15,-76.496288,3.406946,DOMICILIO,2023,febrero   ,11,2/11/2023,7,19:00,DENUNCIA,Nivel 3
DELITOS SEXUALES,ACOSO SEXUAL ART. 210A C.P.  ADICIONADO LEY 1257 DE 2008,CALI,Cuarteles de Nápoles,18,-76.54485,3.38607,ENTIDAD PUBLICA / ESTATAL,2023,febrero   ,11,2/11/2023,7,00:00,DENUNCIA,Nivel 3
DELITOS SEXUALES,ACTOS SEXUALES CON MENOR DE CATORCE AÑOS. ART. 209 C.P.,CALI,Mojica,15,-76.487055,3.413835,VIA PUBLICA,2023,febrero   ,11,2/11/2023,7,15:40,DENUNCIA,Nivel 3
DELITOS SEXUALES,ACTOS SEXUALES CON MENOR DE CATORCE AÑOS. ART. 209 C.P.,CALI,San Pedro,03,-76.53309,3.4497,LUGAR DE RECREACION / PARQUE,2023,febrero   ,11,2/11/2023,7,00:00,DENUNCIA,Nivel 3
DELITOS SEXUALES,ACCESO CARNAL ABUSIVO CON MENOR DE CATORCE AÑOS. ART. 208 C.P.,CALI,Sucre,09,-76.524158,3.44608,DOMICILIO,2023,febrero   ,11,2/11/2023,7,02:00,DENUNCIA,Nivel 3
DELITOS SEXUALES,DEMANDA DE EXPLOT.SEX. COMERC. MENOR DE 18 AÑOS Adic. Art 217A C.P. Ley 1329 de 2009,CALI,Vista Hermosa,01,-76.582615,3.457091,SIN INFORMACION,2023,febrero   ,12,2/12/2023,1,21:00,DENUNCIA,Nivel 3
DELITOS SEXUALES,ACTOS SEXUALES CON MENOR DE CATORCE AÑOS. ART. 209 C.P.,CALI,El Poblado II,13,-76.487066,3.422423,DOMICILIO,2023,febrero   ,12,2/12/2023,1,02:00,DENUNCIA,Nivel 3
DELITOS SEXUALES,ACCESO CARNAL VIOLENTO. ART. 205 C.P.,CALI,Valle Grande,21,-76.470909,3.437589,SIN INFORMACION,2023,febrero   ,12,2/12/2023,1,08:00,DENUNCIA,Nivel 3
DELITOS SEXUALES,ACCESO CARNAL ABUSIVO CON MENOR DE CATORCE AÑOS. ART. 208 C.P.,CALI,Alfonso Bonilla Aragón,14,-76.484451,3.423148,DOMICILIO,2023,febrero   ,12,2/12/2023,1,18:00,DENUNCIA,Nivel 3
DELITOS SEXUALES,ACTOS SEXUALES CON MENOR DE CATORCE AÑOS. ART. 209 C.P.,CALI,Flora Industrial,04,-76.503875,3.481685,DOMICILIO,2023,febrero   ,12,2/12/2023,1,00:00,DENUNCIA,Nivel 3
DELITOS SEXUALES,ACTO SEXUAL VIOLENTO. ART. 206 C.P.,CALI,Versalles,02,-76.529903,3.460218,EDIFICIO,2023,febrero   ,12,2/12/2023,1,09:45,DENUNCIA,Nivel 3
DELITOS SEXUALES,ACOSO SEXUAL ART. 210A C.P.  ADICIONADO LEY 1257 DE 2008,CALI,Champagnat,19,-76.534575,3.433575,SIN INFORMACION,2023,febrero   ,13,2/13/2023,2,12:22,DENUNCIA,Nivel 3
DELITOS SEXUALES,ACTO SEXUAL VIOLENTO. ART. 206 C.P.,CALI,Las Quintas de Don Simón,17,-76.53565,3.389655,VIA PUBLICA,2023,febrero   ,13,2/13/2023,2,08:15,DENUNCIA,Nivel 3
DELITOS SEXUALES,ACTO SEXUAL VIOLENTO CON MENOR DE CATORCE AÑOS ART. 209 C.P. ,CALI,El Vallado,15,-76.496288,3.406946,SIN INFORMACION,2023,febrero   ,13,2/13/2023,2,01:00,DENUNCIA,Nivel 3
DELITOS SEXUALES,ACCESO CARNAL VIOLENTO. ART. 205 C.P.,CALI,Venezuela - Urbanización Cañaveralejo,20,-76.55771,3.41573,DOMICILIO,2023,febrero   ,13,2/13/2023,2,20:00,DENUNCIA,Nivel 3
DELITOS SEXUALES,ACCESO CARNAL ABUSIVO CON MENOR DE CATORCE AÑOS. ART. 208 C.P.,CALI,El Jardín,11,-76.519941,3.42713,DOMICILIO,2023,febrero   ,13,2/13/2023,2,00:00,DENUNCIA,Nivel 3
DELITOS SEXUALES,ACTO SEXUAL VIOLENTO. ART. 206 C.P.,CALI,La Independencia,11,-76.518975,3.414555,SIN INFORMACION,2023,febrero   ,14,2/14/2023,3,06:00,DENUNCIA,Nivel 3
DELITOS SEXUALES,ACTOS SEXUALES CON MENOR DE CATORCE AÑOS. ART. 209 C.P.,CALI,San Luis II,06,-76.48743,3.488675,VIA PUBLICA,2023,febrero   ,14,2/14/2023,3,20:00,DENUNCIA,Nivel 3
DELITOS SEXUALES,DEMANDA DE EXPLOT.SEX. COMERC. MENOR DE 18 AÑOS Adic. Art 217A C.P. Ley 1329 de 2009,CALI,Vista Hermosa,01,-76.58241,3.45689,VIA PUBLICA,2023,febrero   ,14,2/14/2023,3,16:05,DENUNCIA,Nivel 3
DELITOS SEXUALES,DEMANDA DE EXPLOT.SEX. COMERC. MENOR DE 18 AÑOS Adic. Art 217A C.P. Ley 1329 de 2009,CALI,Calimio Desepaz,21,-76.469438,3.413194,SIN INFORMACION,2023,febrero   ,14,2/14/2023,3,10:33,DENUNCIA,Nivel 3
DELITOS SEXUALES,ACCESO CARNAL O ACTO SEXUAL EN PERSONA PUESTA EN INCAPACIDAD DE RESISTIR. ART. 207 C.P.,CALI,Los Conquistadores,11,-76.50761,3.42552,DOMICILIO,2023,febrero   ,14,2/14/2023,3,12:30,DENUNCIA,Nivel 3
DELITOS SEXUALES,,CALI,Popular,04,-76.51296,3.46986,SIN INFORMACION,2023,febrero   ,15,2/15/2023,4,09:00,DENUNCIA,Nivel 3
DELITOS SEXUALES,ACTOS SEXUALES CON MENOR DE CATORCE AÑOS. ART. 209 C.P.,CALI,Terrón Colorado,01,-76.555687,3.454233,SIN INFORMACION,2023,febrero   ,15,2/15/2023,4,08:00,DENUNCIA,Nivel 3
DELITOS SEXUALES,ACCESO CARNAL VIOLENTO. ART. 205 C.P.,CALI,Los Portales - Nuevo Rey,17,-76.535415,3.391923,PUENTE PEATONAL,2023,febrero   ,15,2/15/2023,4,22:00,DENUNCIA,Nivel 3
DELITOS SEXUALES,ACCESO CARNAL ABUSIVO CON MENOR DE CATORCE AÑOS. ART. 208 C.P.,CALI,Prados del Sur,18,-76.554654,3.387172,DOMICILIO,2023,febrero   ,15,2/15/2023,4,10:00,DENUNCIA,Nivel 3
DELITOS SEXUALES,ACCESO CARNAL VIOLENTO. ART. 205 C.P. ,CALI,Alfonso Lopez P. 2a Etapa,07,-76.480533,3.459256,SIN INFORMACION,2023,febrero   ,15,2/15/2023,4,20:00,DENUNCIA,Nivel 3
DELITOS SEXUALES,ACOSO SEXUAL ART. 210A C.P.  ADICIONADO LEY 1257 DE 2008,CALI,San Fernando Viejo,19,-76.54519,3.435401,SIN INFORMACION,2023,febrero   ,15,2/15/2023,4,15:24,DENUNCIA,Nivel 3
DELITOS SEXUALES,ACTOS SEXUALES CON MENOR DE CATORCE AÑOS. ART. 209 C.P.,CALI,Las Américas,08,-76.504349,3.447316,SIN INFORMACION,2023,febrero   ,16,2/16/2023,5,09:30,DENUNCIA,Nivel 3
DELITOS SEXUALES,ACCESO CARNAL O ACTO SEXUAL EN PERSONA PUESTA EN INCAPACIDAD DE RESISTIR. ART. 207 C.P.,CALI,San Cristóbal,10,-76.523186,3.430669,VEHICULO TAXI,2023,febrero   ,16,2/16/2023,5,04:00,DENUNCIA,Nivel 3
DELITOS SEXUALES,ACCESO CARNAL VIOLENTO. ART. 205 C.P.,CALI,Municipal,08,-76.51074,3.44857,ESTABLECIMIENTO DE COMERCIO,2023,febrero   ,16,2/16/2023,5,00:00,DENUNCIA,Nivel 3
DELITOS SEXUALES,ACOSO SEXUAL ART. 210A C.P.  ADICIONADO LEY 1257 DE 2008,CALI,El Paraíso,12,-76.506001,3.433444,SIN INFORMACION,2023,febrero   ,16,2/16/2023,5,15:00,DENUNCIA,Nivel 3
DELITOS SEXUALES,ACOSO SEXUAL ART. 210A C.P.  ADICIONADO LEY 1257 DE 2008,CALI,José Manuel Marroquín I,14,-76.478005,3.418785,SIN INFORMACION,2023,febrero   ,16,2/16/2023,5,19:00,DENUNCIA,Nivel 3
DELITOS SEXUALES,ACTO SEXUAL VIOLENTO. ART. 206 C.P.,CALI,San Cristóbal,10,-76.521132,3.4309,VIA PUBLICA,2023,febrero   ,16,2/16/2023,5,02:30,DENUNCIA,Nivel 3
DELITOS SEXUALES,ACCESO CARNAL VIOLENTO. ART. 205 C.P.,CALI,La Independencia,11,-76.520624,3.417091,ESTABLECIMIENTO EDUCATIVO,2023,febrero   ,16,2/16/2023,5,15:30,DENUNCIA,Nivel 3
DELITOS SEXUALES,ACTO SEXUAL VIOLENTO. ART. 206 C.P.,CALI,Chipichape,02,-76.526375,3.47754,VIA PUBLICA,2023,febrero   ,16,2/16/2023,5,13:00,DENUNCIA,Nivel 3
DELITOS SEXUALES,ACCESO CARNAL ABUSIVO CON MENOR DE CATORCE AÑOS. ART. 208 C.P.,CALI,Junín,09,-76.52645,3.43402,SIN INFORMACION,2023,febrero   ,17,2/17/2023,6,21:00,DENUNCIA,Nivel 3
DELITOS SEXUALES,ACTO SEXUAL VIOLENTO CON MENOR DE CATORCE AÑOS ART. 209 C.P. ,CALI,Santander,04,-76.513667,3.463026,SIN INFORMACION,2023,febrero   ,17,2/17/2023,6,10:00,DENUNCIA,Nivel 3
DELITOS SEXUALES,ACOSO SEXUAL ART. 210A C.P.  ADICIONADO LEY 1257 DE 2008,CALI,Sector Alto de los Chorros,18,-76.560413,3.389535,SIN INFORMACION,2023,febrero   ,18,2/18/2023,7,11:41,DENUNCIA,Nivel 3
DELITOS SEXUALES,ACCESO CARNAL O ACTO SEXUAL ABUSIVOS CON INCAPAZ DE RESISTIR. ART. 210 C.P.,CALI,San Judas Tadeo I,10,-76.524707,3.408725,SIN INFORMACION,2023,febrero   ,19,2/19/2023,1,13:20,DENUNCIA,Nivel 3
DELITOS SEXUALES,ACTO SEXUAL VIOLENTO CON MENOR DE CATORCE AÑOS ART. 209 C.P. ,CALI,José Manuel Marroquín II,14,-76.478972,3.428224,SIN INFORMACION,2023,febrero   ,19,2/19/2023,1,20:30,DENUNCIA,Nivel 3
DELITOS SEXUALES,ACCESO CARNAL O ACTO SEXUAL EN PERSONA PUESTA EN INCAPACIDAD DE RESISTIR. ART. 207 C.P.,CALI,Siete de Agosto,07,-76.48401,3.45166,ESTABLECIMIENTO PUBLICO,2023,febrero   ,19,2/19/2023,1,20:00,DENUNCIA,Nivel 3
DELITOS SEXUALES,ACCESO CARNAL O ACTO SEXUAL EN PERSONA PUESTA EN INCAPACIDAD DE RESISTIR. ART. 207 C.P.,CALI,San Luis II,06,-76.48874,3.488734,DOMICILIO,2023,febrero   ,19,2/19/2023,1,02:00,DENUNCIA,Nivel 3
DELITOS SEXUALES,ACOSO SEXUAL ART. 210A C.P.  ADICIONADO LEY 1257 DE 2008,CALI,Los Libertadores,03,-76.537193,3.439739,ESTACION TRANSPORTE MASIVO,2023,febrero   ,20,2/20/2023,2,06:30,DENUNCIA,Nivel 3
DELITOS SEXUALES,ACCESO CARNAL ABUSIVO CON MENOR DE CATORCE AÑOS. ART. 208 C.P.,CALI,Potrero Grande,21,-76.46731,3.407087,DOMICILIO,2023,febrero   ,20,2/20/2023,2,00:00,DENUNCIA,Nivel 3
DELITOS SEXUALES,ACCESO CARNAL VIOLENTO. ART. 205 C.P.,CALI,Rural,Rural,-76.547449,3.486985,DOMICILIO,2023,febrero   ,20,2/20/2023,2,23:00,DENUNCIA,Nivel 3
DELITOS SEXUALES,ACTOS SEXUALES CON MENOR DE CATORCE AÑOS. ART. 209 C.P.,CALI,Caney,17,-76.521654,3.388495,DOMICILIO,2023,febrero   ,21,2/21/2023,3,00:00,DENUNCIA,Nivel 3
DELITOS SEXUALES,PORNOGRAFIA CON MENORES ART. 218 C.P.,CALI,Ricardo Balcázar,13,-76.493525,3.43461,RED VIRTUAL O INTERNET,2023,febrero   ,21,2/21/2023,3,00:00,DENUNCIA,Nivel 3
DELITOS SEXUALES,ACCESO CARNAL VIOLENTO. ART. 205 C.P.,CALI,José Manuel Marroquín II,14,-76.479836,3.427864,SIN INFORMACION,2023,febrero   ,21,2/21/2023,3,02:30,DENUNCIA,Nivel 3
DELITOS SEXUALES,ACTOS SEXUALES CON MENOR DE CATORCE AÑOS. ART. 209 C.P.,CALI,Altos de Menga,02,-76.533569,3.489751,VIA PUBLICA,2023,febrero   ,21,2/21/2023,3,06:00,DENUNCIA,Nivel 3
DELITOS SEXUALES,ACTOS SEXUALES CON MENOR DE CATORCE AÑOS. ART. 209 C.P.,CALI,El Poblado II,13,-76.49271,3.42053,DOMICILIO,2023,febrero   ,21,2/21/2023,3,21:00,DENUNCIA,Nivel 3
DELITOS SEXUALES,ACCESO CARNAL VIOLENTO. ART. 205 C.P.,CALI,Compartir,21,-76.467,3.43025,VIA PUBLICA,2023,febrero   ,21,2/21/2023,3,11:50,DENUNCIA,Nivel 3
DELITOS SEXUALES,ACCESO CARNAL VIOLENTO. ART. 205 C.P.,CALI,San Nicolás,03,-76.525997,3.451339,DOMICILIO,2023,febrero   ,21,2/21/2023,3,07:30,DENUNCIA,Nivel 3
DELITOS SEXUALES,ACCESO CARNAL VIOLENTO. ART. 205 C.P.,CALI,Sector Alto de los Chorros,18,-76.55988,3.391725,DOMICILIO,2023,febrero   ,21,2/21/2023,3,03:00,DENUNCIA,Nivel 3
DELITOS SEXUALES,ACCESO CARNAL VIOLENTO. ART. 205 C.P.,CALI,El Troncal,08,-76.503543,3.451266,DOMICILIO,2023,febrero   ,21,2/21/2023,3,19:00,DENUNCIA,Nivel 3
DELITOS SEXUALES,ACTO SEXUAL VIOLENTO. ART. 206 C.P.,CALI,Los Naranjos II,14,-76.477248,3.432,SIN INFORMACION,2023,febrero   ,22,2/22/2023,4,14:00,DENUNCIA,Nivel 3
DELITOS SEXUALES,ACCESO CARNAL ABUSIVO CON MENOR DE CATORCE AÑOS. ART. 208 C.P.,CALI,Alfonso Bonilla Aragón,14,-76.482267,3.419194,SIN INFORMACION,2023,febrero   ,22,2/22/2023,4,04:00,DENUNCIA,Nivel 3
DELITOS SEXUALES,ACCESO CARNAL O ACTO SEXUAL ABUSIVOS CON INCAPAZ DE RESISTIR. ART. 210 C.P.,CALI,José Manuel Marroquín II,14,-76.479852,3.427853,SIN INFORMACION,2023,febrero   ,22,2/22/2023,4,02:40,DENUNCIA,Nivel 3
DELITOS SEXUALES,ACCESO CARNAL O ACTO SEXUAL ABUSIVOS CON INCAPAZ DE RESISTIR. ART. 210 C.P.,CALI,El Vallado,15,-76.499707,3.40655,SIN INFORMACION,2023,febrero   ,24,2/24/2023,6,00:00,DENUNCIA,Nivel 3
DELITOS SEXUALES,ACTOS SEXUALES CON MENOR DE CATORCE AÑOS. ART. 209 C.P.,CALI,Promociones Populares B,14,-76.475375,3.427936,SIN INFORMACION,2023,febrero   ,24,2/24/2023,6,15:00,DENUNCIA,Nivel 3
DELITOS SEXUALES,ACTOS SEXUALES CON MENOR DE CATORCE AÑOS. ART. 209 C.P.,CALI,El Guabal,10,-76.527857,3.414903,DOMICILIO,2023,febrero   ,24,2/24/2023,6,00:00,DENUNCIA,Nivel 3
DELITOS SEXUALES,ACOSO SEXUAL ART. 210A C.P.  ADICIONADO LEY 1257 DE 2008,CALI,Urbanización La Flora,02,-76.514032,3.485197,DOMICILIO,2023,febrero   ,24,2/24/2023,6,05:00,DENUNCIA,Nivel 3
DELITOS SEXUALES,ACTOS SEXUALES CON MENOR DE CATORCE AÑOS. ART. 209 C.P.,CALI,Parcelaciones Pance,22,-76.547908,3.349614,DOMICILIO,2023,febrero   ,24,2/24/2023,6,13:30,DENUNCIA,Nivel 3
DELITOS SEXUALES,PORNOGRAFIA CON MENORES ART. 218 C.P.,CALI,Rural,Rural,-76.540748,3.459986,SIN INFORMACION,2023,febrero   ,25,2/25/2023,7,13:40,DENUNCIA,Nivel 3
DELITOS SEXUALES,ACCESO CARNAL ABUSIVO CON MENOR DE CATORCE AÑOS. ART. 208 C.P.,CALI,Alfonso Lopez P. 3a Etapa,07,-76.479997,3.455468,DOMICILIO,2023,febrero   ,25,2/25/2023,7,00:00,DENUNCIA,Nivel 3
DELITOS SEXUALES,ACCESO CARNAL VIOLENTO. ART. 205 C.P.,CALI,Caney,17,-76.51789,3.380013,SIN INFORMACION,2023,febrero   ,25,2/25/2023,7,08:00,DENUNCIA,Nivel 3
DELITOS SEXUALES,ACCESO CARNAL ABUSIVO CON MENOR DE CATORCE AÑOS. ART. 208 C.P.,CALI,Meléndez,18,-76.542977,3.377124,SIN INFORMACION,2023,febrero   ,25,2/25/2023,7,11:00,DENUNCIA,Nivel 3
DELITOS SEXUALES,ACCESO CARNAL O ACTO SEXUAL EN PERSONA PUESTA EN INCAPACIDAD DE RESISTIR. ART. 207 C.P.,CALI,San Nicolás,03,-76.523622,3.454472,ESTABLECIMIENTO CARCELARIO,2023,febrero   ,25,2/25/2023,7,00:00,DENUNCIA,Nivel 3
DELITOS SEXUALES,ACCESO CARNAL VIOLENTO. ART. 205 C.P.,CALI,Departamental,10,-76.53838,3.410615,VIA PUBLICA,2023,febrero   ,25,2/25/2023,7,03:00,DENUNCIA,Nivel 3
DELITOS SEXUALES,ACCESO CARNAL VIOLENTO. ART. 205 C.P.,CALI,Alfonso Lopez P. 2a Etapa,07,-76.482222,3.459508,SIN INFORMACION,2023,febrero   ,26,2/26/2023,1,05:00,DENUNCIA,Nivel 3
DELITOS SEXUALES,ACCESO CARNAL ABUSIVO CON MENOR DE CATORCE AÑOS. ART. 208 C.P.,CALI,José Manuel Marroquín I,14,-76.478637,3.422252,DOMICILIO,2023,febrero   ,26,2/26/2023,1,00:00,DENUNCIA,Nivel 3
DELITOS SEXUALES,ACCESO CARNAL VIOLENTO. ART. 205 C.P.,CALI,San Pedro,03,-76.53309,3.4497,DOMICILIO,2023,febrero   ,26,2/26/2023,1,00:00,DENUNCIA,Nivel 3
DELITOS SEXUALES,ACOSO SEXUAL ART. 210A C.P.  ADICIONADO LEY 1257 DE 2008,CALI,Lili,17,-76.515995,3.376658,SIN INFORMACION,2023,febrero   ,26,2/26/2023,1,03:15,DENUNCIA,Nivel 3
DELITOS SEXUALES,ACTO SEXUAL VIOLENTO CON MENOR DE CATORCE AÑOS ART. 209 C.P. ,CALI,Granada,02,-76.532555,3.458825,CENTRO COMERCIAL,2023,febrero   ,26,2/26/2023,1,19:24,DENUNCIA,Nivel 3
DELITOS SEXUALES,ACCESO CARNAL VIOLENTO. ART. 205 C.P.,CALI,Rural,Rural,-76.543106,3.298593,VIA PUBLICA,2023,febrero   ,26,2/26/2023,1,06:30,DENUNCIA,Nivel 3
DELITOS SEXUALES,ACOSO SEXUAL ART. 210A C.P.  ADICIONADO LEY 1257 DE 2008,CALI,Mojica,15,-76.487242,3.412088,SIN INFORMACION,2023,febrero   ,27,2/27/2023,2,13:00,DENUNCIA,Nivel 3
DELITOS SEXUALES,ACCESO CARNAL O ACTO SEXUAL EN PERSONA PUESTA EN INCAPACIDAD DE RESISTIR. ART. 207 C.P.,CALI,Rural,Rural,-76.656052,3.456774,VIA PUBLICA,2023,febrero   ,27,2/27/2023,2,16:00,DENUNCIA,Nivel 3
DELITOS SEXUALES,ACCESO CARNAL VIOLENTO. ART. 205 C.P.,CALI,Chiminangos II,05,-76.493016,3.478584,DOMICILIO,2023,febrero   ,28,2/28/2023,3,06:42,DENUNCIA,Nivel 3
DELITOS SEXUALES,ACCESO CARNAL VIOLENTO. ART. 205 C.P.,CALI,Manuela Beltrán,14,-76.47293,3.42144,DOMICILIO,2023,febrero   ,28,2/28/2023,3,12:40,DENUNCIA,Nivel 3
DELITOS SEXUALES,ACCESO CARNAL ABUSIVO CON MENOR DE CATORCE AÑOS. ART. 208 C.P.,CALI,Las Acacias,10,-76.520445,3.435013,DOMICILIO,2023,febrero   ,28,2/28/2023,3,19:00,DENUNCIA,Nivel 3
DELITOS SEXUALES,ACTO SEXUAL VIOLENTO. ART. 206 C.P.,CALI,Paso del Comercio,06,-76.48542,3.49267,SIN INFORMACION,2023,febrero   ,28,2/28/2023,3,19:00,DENUNCIA,Nivel 3
DELITOS SEXUALES,ACOSO SEXUAL ART. 210A C.P.  ADICIONADO LEY 1257 DE 2008,CALI,Caney,17,-76.516305,3.388541,SIN INFORMACION,2023,febrero   ,28,2/28/2023,3,23:00,DENUNCIA,Nivel 3
DELITOS SEXUALES,ACCESO CARNAL O ACTO SEXUAL EN PERSONA PUESTA EN INCAPACIDAD DE RESISTIR. ART. 207 C.P.,CALI,San Antonio,03,-76.538515,3.448426,LUGAR DE TRABAJO,2023,febrero   ,28,2/28/2023,3,09:00,DENUNCIA,Nivel 3
DELITOS SEXUALES,ACCESO CARNAL VIOLENTO. ART. 205 C.P.,CALI,Miraflores,19,-76.540488,3.436524,DOMICILIO,2023,marzo     ,1,3/1/2023,4,00:00,DENUNCIA,Nivel 3
DELITOS SEXUALES,ACCESO CARNAL VIOLENTO. ART. 205 C.P.,CALI,La Hacienda,17,-76.53532,3.39254,OTRO,2023,marzo     ,1,3/1/2023,4,22:00,DENUNCIA,Nivel 3
DELITOS SEXUALES,ACTOS SEXUALES CON MENOR DE CATORCE AÑOS. ART. 209 C.P.,CALI,Chapinero,08,-76.497494,3.443239,SIN INFORMACION,2023,marzo     ,1,3/1/2023,4,21:18,DENUNCIA,Nivel 3
DELITOS SEXUALES,ACCESO CARNAL ABUSIVO CON MENOR DE CATORCE AÑOS. ART. 208 C.P.,CALI,Junín,09,-76.52645,3.43402,SIN INFORMACION,2023,marzo     ,1,3/1/2023,4,19:30,DENUNCIA,Nivel 3
DELITOS SEXUALES,ACTOS SEXUALES CON MENOR DE CATORCE AÑOS. ART. 209 C.P.,CALI,San Pedro,03,-76.53309,3.4497,DOMICILIO,2023,marzo     ,1,3/1/2023,4,00:00,DENUNCIA,Nivel 3
DELITOS SEXUALES,ACCESO CARNAL O ACTO SEXUAL EN PERSONA PUESTA EN INCAPACIDAD DE RESISTIR. ART. 207 C.P.,CALI,El Retiro,15,-76.500285,3.411361,DOMICILIO,2023,marzo     ,1,3/1/2023,4,20:30,DENUNCIA,Nivel 3
DELITOS SEXUALES,ACOSO SEXUAL ART. 210A C.P.  ADICIONADO LEY 1257 DE 2008,CALI,El Vallado,15,-76.5036,3.40778,SIN INFORMACION,2023,marzo     ,1,3/1/2023,4,05:00,DENUNCIA,Nivel 3
DELITOS SEXUALES,ACCESO CARNAL O ACTO SEXUAL ABUSIVOS CON INCAPAZ DE RESISTIR. ART. 210 C.P.,CALI,Sector Patio Bonito,01,-76.58706,3.461178,DOMICILIO,2023,marzo     ,1,3/1/2023,4,00:00,DENUNCIA,Nivel 3
DELITOS SEXUALES,ACOSO SEXUAL ART. 210A C.P.  ADICIONADO LEY 1257 DE 2008,CALI,Los Farallones,18,-76.552063,3.391315,SIN INFORMACION,2023,marzo     ,1,3/1/2023,4,08:49,DENUNCIA,Nivel 3
DELITOS SEXUALES,ACCESO CARNAL ABUSIVO CON MENOR DE CATORCE AÑOS. ART. 208 C.P.,CALI,Belén,20,-76.555029,3.427128,DOMICILIO,2023,marzo     ,1,3/1/2023,4,00:00,DENUNCIA,Nivel 3
DELITOS SEXUALES,ACTOS SEXUALES CON MENOR DE CATORCE AÑOS. ART. 209 C.P.,CALI,Prados de Oriente,11,-76.512645,3.431735,SIN INFORMACION,2023,marzo     ,1,3/1/2023,4,06:00,DENUNCIA,Nivel 3
DELITOS SEXUALES,ACTOS SEXUALES CON MENOR DE CATORCE AÑOS. ART. 209 C.P.,CALI,El Vergel,13,-76.499456,3.416667,DOMICILIO,2023,marzo     ,2,3/2/2023,5,20:00,DENUNCIA,Nivel 3
DELITOS SEXUALES,ACCESO CARNAL O ACTO SEXUAL EN PERSONA PUESTA EN INCAPACIDAD DE RESISTIR. ART. 207 C.P.,CALI,San Judas Tadeo I,10,-76.52348,3.40573,DOMICILIO,2023,marzo     ,2,3/2/2023,5,20:00,DENUNCIA,Nivel 3
DELITOS SEXUALES,ACTOS SEXUALES CON MENOR DE CATORCE AÑOS. ART. 209 C.P.,CALI,Jorge Eliécer Gaitán,06,-76.484322,3.46736,DOMICILIO,2023,marzo     ,2,3/2/2023,5,00:00,DENUNCIA,Nivel 3
DELITOS SEXUALES,ACTOS SEXUALES CON MENOR DE CATORCE AÑOS. ART. 209 C.P.,CALI,Los Lideres,21,-76.464855,3.41987,DOMICILIO,2023,marzo     ,2,3/2/2023,5,22:00,DENUNCIA,Nivel 3
DELITOS SEXUALES,ACCESO CARNAL ABUSIVO CON MENOR DE CATORCE AÑOS. ART. 208 C.P.,CALI,Siloé,20,-76.555795,3.41843,SIN INFORMACION,2023,marzo     ,2,3/2/2023,5,10:05,DENUNCIA,Nivel 3
DELITOS SEXUALES,ACTO SEXUAL VIOLENTO. ART. 206 C.P.,CALI,Caldas,18,-76.54794,3.394485,SIN INFORMACION,2023,marzo     ,2,3/2/2023,5,21:00,DENUNCIA,Nivel 3
DELITOS SEXUALES,PORNOGRAFIA CON MENORES ART. 218 C.P.,CALI,Manuela Beltrán,14,-76.472863,3.417608,DOMICILIO,2023,marzo     ,2,3/2/2023,5,17:30,DENUNCIA,Nivel 3
DELITOS SEXUALES,ACCESO CARNAL ABUSIVO CON MENOR DE CATORCE AÑOS. ART. 208 C.P.,CALI,Prados del Sur,18,-76.554918,3.386764,DOMICILIO,2023,marzo     ,3,3/3/2023,6,09:05,DENUNCIA,Nivel 3
DELITOS SEXUALES,ACOSO SEXUAL ART. 210A C.P.  ADICIONADO LEY 1257 DE 2008,CALI,Caney,17,-76.518737,3.38002,SIN INFORMACION,2023,marzo     ,3,3/3/2023,6,09:46,DENUNCIA,Nivel 3
DELITOS SEXUALES,ACCESO CARNAL ABUSIVO CON MENOR DE CATORCE AÑOS. ART. 208 C.P.,CALI,Desepaz Invicali,21,-76.462855,3.427059,DOMICILIO,2023,marzo     ,3,3/3/2023,6,09:49,DENUNCIA,Nivel 3
DELITOS SEXUALES,ACTO SEXUAL VIOLENTO. ART. 206 C.P.,CALI,Siloé,20,-76.556351,3.42577,SIN INFORMACION,2023,marzo     ,3,3/3/2023,6,20:15,DENUNCIA,Nivel 3
DELITOS SEXUALES,ACCESO CARNAL VIOLENTO. ART. 205 C.P.,CALI,El Limonar,17,-76.5313,3.40377,DOMICILIO,2023,marzo     ,3,3/3/2023,6,10:00,DENUNCIA,Nivel 3
DELITOS SEXUALES,ACCESO CARNAL VIOLENTO. ART. 205 C.P.,CALI,El Vallado,15,-76.49722,3.4054,DOMICILIO,2023,marzo     ,3,3/3/2023,6,02:30,DENUNCIA,Nivel 3
DELITOS SEXUALES,ACOSO SEXUAL ART. 210A C.P.  ADICIONADO LEY 1257 DE 2008,CALI,El Cedro,19,-76.538729,3.431102,OTRO,2023,marzo     ,4,3/4/2023,7,01:30,DENUNCIA,Nivel 3
DELITOS SEXUALES,ACCESO CARNAL O ACTO SEXUAL ABUSIVOS CON INCAPAZ DE RESISTIR. ART. 210 C.P.,CALI,Rural,Rural,-76.539948,3.455199,DOMICILIO,2023,marzo     ,4,3/4/2023,7,03:30,DENUNCIA,Nivel 3
DELITOS SEXUALES,ACTOS SEXUALES CON MENOR DE CATORCE AÑOS. ART. 209 C.P.,CALI,Siloé,20,-76.553832,3.420743,DOMICILIO,2023,marzo     ,4,3/4/2023,7,19:30,DENUNCIA,Nivel 3
DELITOS SEXUALES,ACCESO CARNAL VIOLENTO. ART. 205 C.P.,CALI,San Nicolás,03,-76.52359,3.45298,VEHICULO,2023,marzo     ,4,3/4/2023,7,09:58,DENUNCIA,Nivel 3
DELITOS SEXUALES,ACCESO CARNAL VIOLENTO. ART. 205 C.P.,CALI,Unión de Vivienda Popular,16,-76.509526,3.410378,SIN INFORMACION,2023,marzo     ,4,3/4/2023,7,18:30,DENUNCIA,Nivel 3
DELITOS SEXUALES,ACCESO CARNAL ABUSIVO CON MENOR DE CATORCE AÑOS. ART. 208 C.P.,CALI,El Vallado,15,-76.50139,3.406833,SIN INFORMACION,2023,marzo     ,5,3/5/2023,1,14:00,DENUNCIA,Nivel 3
DELITOS SEXUALES,ACTOS SEXUALES CON MENOR DE CATORCE AÑOS. ART. 209 C.P.,CALI,El Poblado I,13,-76.497825,3.421469,SIN INFORMACION,2023,marzo     ,5,3/5/2023,1,15:00,DENUNCIA,Nivel 3
DELITOS SEXUALES,ACCESO CARNAL O ACTO SEXUAL EN PERSONA PUESTA EN INCAPACIDAD DE RESISTIR. ART. 207 C.P.,CALI,Terrón Colorado,01,-76.564665,3.453505,VIA PUBLICA,2023,marzo     ,5,3/5/2023,1,04:00,DENUNCIA,Nivel 3
DELITOS SEXUALES,ACCESO CARNAL VIOLENTO. ART. 205 C.P.,CALI,El Gran Limonar,17,-76.546133,3.399833,LOCAL COMERCIAL,2023,marzo     ,6,3/6/2023,2,14:10,DENUNCIA,Nivel 3
DELITOS SEXUALES,ACTO SEXUAL VIOLENTO. ART. 206 C.P.,CALI,Mariano Ramos,16,-76.518324,3.405354,SIN INFORMACION,2023,marzo     ,6,3/6/2023,2,10:20,DENUNCIA,Nivel 3
DELITOS SEXUALES,ACCESO CARNAL ABUSIVO CON MENOR DE CATORCE AÑOS. ART. 208 C.P.,CALI,San Fernando Viejo,19,-76.546345,3.432915,SIN INFORMACION,2023,marzo     ,6,3/6/2023,2,00:00,DENUNCIA,Nivel 3
DELITOS SEXUALES,ACTO SEXUAL VIOLENTO. ART. 206 C.P.,CALI,Desepaz Invicali,21,-76.462927,3.427027,SIN INFORMACION,2023,marzo     ,6,3/6/2023,2,13:00,DENUNCIA,Nivel 3
DELITOS SEXUALES,ACCESO CARNAL ABUSIVO CON MENOR DE CATORCE AÑOS. ART. 208 C.P.,CALI,Mojica,15,-76.487262,3.418369,SIN INFORMACION,2023,marzo     ,6,3/6/2023,2,10:05,DENUNCIA,Nivel 3
DELITOS SEXUALES,ACCESO CARNAL VIOLENTO. ART. 205 C.P.,CALI,Los Naranjos II,14,-76.474855,3.43558,SIN INFORMACION,2023,marzo     ,6,3/6/2023,2,07:15,DENUNCIA,Nivel 3
DELITOS SEXUALES,ACOSO SEXUAL ART. 210A C.P.  ADICIONADO LEY 1257 DE 2008,CALI,Salomia,04,-76.50475,3.464285,SIN INFORMACION,2023,marzo     ,6,3/6/2023,2,16:00,DENUNCIA,Nivel 3
DELITOS SEXUALES,ACTO SEXUAL VIOLENTO. ART. 206 C.P.,CALI,Brisas de Mayo,20,-76.565968,3.418374,VIA PUBLICA,2023,marzo     ,6,3/6/2023,2,20:50,DENUNCIA,Nivel 3
DELITOS SEXUALES,ACTO SEXUAL VIOLENTO. ART. 206 C.P.,CALI,Urbanización San Joaquin,17,-76.52696,3.37119,SIN INFORMACION,2023,marzo     ,7,3/7/2023,3,12:30,DENUNCIA,Nivel 3
DELITOS SEXUALES,ACTO SEXUAL VIOLENTO CON MENOR DE CATORCE AÑOS ART. 209 C.P. ,CALI,Alfonso Lopez P. 1a Etapa,07,-76.48302,3.46393,DOMICILIO,2023,marzo     ,7,3/7/2023,3,00:00,DENUNCIA,Nivel 3
DELITOS SEXUALES,ACTOS SEXUALES CON MENOR DE CATORCE AÑOS. ART. 209 C.P.,CALI,Laureano Gómez,15,-76.494943,3.415803,SIN INFORMACION,2023,marzo     ,7,3/7/2023,3,08:30,DENUNCIA,Nivel 3
DELITOS SEXUALES,ACOSO SEXUAL ART. 210A C.P.  ADICIONADO LEY 1257 DE 2008,CALI,Manuel María Buenaventura,09,-76.5225,3.43722,SIN INFORMACION,2023,marzo     ,7,3/7/2023,3,23:00,DENUNCIA,Nivel 3
DELITOS SEXUALES,PORNOGRAFIA CON MENORES ART. 218 C.P.,CALI,Ciudad Meléndez 1,81,-76.511745,3.370305,SIN INFORMACION,2023,marzo     ,8,3/8/2023,4,16:10,DENUNCIA,Nivel 3
DELITOS SEXUALES,ACTOS SEXUALES CON MENOR DE CATORCE AÑOS. ART. 209 C.P.,CALI,Salomia,04,-76.505492,3.463892,DOMICILIO,2023,marzo     ,8,3/8/2023,4,00:00,DENUNCIA,Nivel 3
DELITOS SEXUALES,ACCESO CARNAL ABUSIVO CON MENOR DE CATORCE AÑOS. ART. 208 C.P.,CALI,El Vallado,15,-76.499805,3.406868,DOMICILIO,2023,marzo     ,8,3/8/2023,4,23:30,DENUNCIA,Nivel 3
DELITOS SEXUALES,ACCESO CARNAL VIOLENTO. ART. 205 C.P.,CALI,Villa del Lago,13,-76.49091,3.43785,DOMICILIO,2023,marzo     ,8,3/8/2023,4,00:00,DENUNCIA,Nivel 3
DELITOS SEXUALES,ACTO SEXUAL VIOLENTO. ART. 206 C.P.,CALI,San Vicente,02,-76.52595,3.46631,SIN INFORMACION,2023,marzo     ,9,3/9/2023,5,15:30,DENUNCIA,Nivel 3
DELITOS SEXUALES,ACCESO CARNAL O ACTO SEXUAL EN PERSONA PUESTA EN INCAPACIDAD DE RESISTIR. ART. 207 C.P.,CALI,Santa Mónica,02,-76.531523,3.461388,EDIFICIO,2023,marzo     ,9,3/9/2023,5,19:00,DENUNCIA,Nivel 3
DELITOS SEXUALES,ACCESO CARNAL VIOLENTO. ART. 205 C.P.,CALI,Sector Alto de los Chorros,18,-76.5602,3.38748,DOMICILIO,2023,marzo     ,9,3/9/2023,5,23:53,DENUNCIA,Nivel 3
DELITOS SEXUALES,ACOSO SEXUAL ART. 210A C.P.  ADICIONADO LEY 1257 DE 2008,CALI,Belén,20,-76.5533,3.424805,SIN INFORMACION,2023,marzo     ,9,3/9/2023,5,01:28,DENUNCIA,Nivel 3
DELITOS SEXUALES,ACTO SEXUAL VIOLENTO. ART. 206 C.P.,CALI,Vista Hermosa,01,-76.574125,3.44974,EDIFICIO,2023,marzo     ,9,3/9/2023,5,08:45,DENUNCIA,Nivel 3
DELITOS SEXUALES,ACCESO CARNAL ABUSIVO CON MENOR DE CATORCE AÑOS. ART. 208 C.P.,CALI,Los Lagos,13,-76.487687,3.429599,DOMICILIO,2023,marzo     ,9,3/9/2023,5,13:00,DENUNCIA,Nivel 3
DELITOS SEXUALES,ACTOS SEXUALES CON MENOR DE CATORCE AÑOS. ART. 209 C.P.,CALI,Potrero Grande,21,-76.471903,3.409869,ESTABLECIMIENTO EDUCATIVO,2023,marzo     ,10,3/10/2023,6,14:00,DENUNCIA,Nivel 3
DELITOS SEXUALES,ACOSO SEXUAL ART. 210A C.P.  ADICIONADO LEY 1257 DE 2008,CALI,Ciudad Córdoba,15,-76.504444,3.404051,DOMICILIO,2023,marzo     ,10,3/10/2023,6,10:00,DENUNCIA,Nivel 3
DELITOS SEXUALES,ACTOS SEXUALES CON MENOR DE CATORCE AÑOS. ART. 209 C.P.,CALI,Primitivo Crespo,08,-76.51578,3.43839,SIN INFORMACION,2023,marzo     ,10,3/10/2023,6,11:00,DENUNCIA,Nivel 3
DELITOS SEXUALES,ACCESO CARNAL VIOLENTO. ART. 205 C.P.,CALI,Siloé,20,-76.555795,3.41843,SIN INFORMACION,2023,marzo     ,10,3/10/2023,6,07:00,DENUNCIA,Nivel 3
DELITOS SEXUALES,ACTO SEXUAL VIOLENTO. ART. 206 C.P.,CALI,Ciudad Campestre,22,-76.53952,3.3681,EDIFICIO,2023,marzo     ,10,3/10/2023,6,23:30,DENUNCIA,Nivel 3
DELITOS SEXUALES,ACTO SEXUAL VIOLENTO. ART. 206 C.P.,CALI,Bretaña,09,-76.531995,3.435485,DOMICILIO,2023,marzo     ,10,3/10/2023,6,15:00,DENUNCIA,Nivel 3
DELITOS SEXUALES,ACOSO SEXUAL ART. 210A C.P.  ADICIONADO LEY 1257 DE 2008,CALI,Ciudad Capri,17,-76.54,3.3906,SIN INFORMACION,2023,marzo     ,10,3/10/2023,6,14:24,DENUNCIA,Nivel 3
DELITOS SEXUALES,ACTO SEXUAL VIOLENTO CON MENOR DE CATORCE AÑOS ART. 209 C.P. ,CALI,Calipso,13,-76.498248,3.426104,DOMICILIO,2023,marzo     ,11,3/11/2023,7,11:00,DENUNCIA,Nivel 3
DELITOS SEXUALES,ACOSO SEXUAL ART. 210A C.P.  ADICIONADO LEY 1257 DE 2008,CALI,Pizamos II,21,-76.472889,3.404068,SIN INFORMACION,2023,marzo     ,11,3/11/2023,7,18:00,DENUNCIA,Nivel 3
DELITOS SEXUALES,ACCESO CARNAL VIOLENTO. ART. 205 C.P. ,CALI,Mariano Ramos,16,-76.513094,3.40272,DOMICILIO,2023,marzo     ,11,3/11/2023,7,20:00,DENUNCIA,Nivel 3
DELITOS SEXUALES,ACTO SEXUAL VIOLENTO. ART. 206 C.P.,CALI,Calipso,13,-76.498919,3.426388,DOMICILIO,2023,marzo     ,11,3/11/2023,7,00:00,DENUNCIA,Nivel 3
DELITOS SEXUALES,ACTOS SEXUALES CON MENOR DE CATORCE AÑOS. ART. 209 C.P.,CALI,Sucre,09,-76.523484,3.444661,DOMICILIO,2023,marzo     ,12,3/12/2023,1,03:30,DENUNCIA,Nivel 3
DELITOS SEXUALES,ACCESO CARNAL O ACTO SEXUAL ABUSIVOS CON INCAPAZ DE RESISTIR. ART. 210 C.P.,CALI,El Diamante,13,-76.504395,3.421916,SIN INFORMACION,2023,marzo     ,12,3/12/2023,1,05:00,DENUNCIA,Nivel 3
DELITOS SEXUALES,ACCESO CARNAL ABUSIVO CON MENOR DE CATORCE AÑOS. ART. 208 C.P.,CALI,Petecuy Segunda Etapa,06,-76.48196,3.48037,DOMICILIO,2023,marzo     ,13,3/13/2023,2,12:00,DENUNCIA,Nivel 3
DELITOS SEXUALES,ACCESO CARNAL VIOLENTO. ART. 205 C.P.,CALI,San Pedro,03,-76.53314,3.449735,SIN INFORMACION,2023,marzo     ,13,3/13/2023,2,02:00,DENUNCIA,Nivel 3
DELITOS SEXUALES,ACOSO SEXUAL ART. 210A C.P.  ADICIONADO LEY 1257 DE 2008,CALI,Eucaristico,19,-76.539789,3.42664,SIN INFORMACION,2023,marzo     ,14,3/14/2023,3,16:44,DENUNCIA,Nivel 3
DELITOS SEXUALES,PORNOGRAFIA CON MENORES ART. 218 C.P.,CALI,Los Comuneros II,13,-76.492489,3.42675,CAMPO ABIERTO,2023,marzo     ,15,3/15/2023,4,00:00,DENUNCIA,Nivel 3
DELITOS SEXUALES,ACCESO CARNAL ABUSIVO CON MENOR DE CATORCE AÑOS. ART. 208 C.P.,CALI,Rural,Rural,-76.547903,3.487436,DOMICILIO,2023,marzo     ,15,3/15/2023,4,00:00,DENUNCIA,Nivel 3
DELITOS SEXUALES,ACOSO SEXUAL ART. 210A C.P.  ADICIONADO LEY 1257 DE 2008,CALI,Los Guayacanes,05,-76.489275,3.471992,LUGAR DE TRABAJO,2023,marzo     ,15,3/15/2023,4,18:00,DENUNCIA,Nivel 3
DELITOS SEXUALES,ACTOS SEXUALES CON MENOR DE CATORCE AÑOS. ART. 209 C.P.,CALI,U. D. A. Galindo Plaza de Toros,19,-76.551721,3.415067,ESTABLECIMIENTO EDUCATIVO,2023,marzo     ,15,3/15/2023,4,16:00,DENUNCIA,Nivel 3
DELITOS SEXUALES,ACCESO CARNAL ABUSIVO CON MENOR DE CATORCE AÑOS. ART. 208 C.P.,CALI,Siloé,20,-76.555991,3.425125,DOMICILIO,2023,marzo     ,15,3/15/2023,4,19:00,DENUNCIA,Nivel 3
DELITOS SEXUALES,ACOSO SEXUAL ART. 210A C.P.  ADICIONADO LEY 1257 DE 2008,CALI,Cristóbal Colón,10,-76.52539,3.42165,ESTABLECIMIENTO EDUCATIVO,2023,marzo     ,15,3/15/2023,4,07:00,DENUNCIA,Nivel 3
DELITOS SEXUALES,ACCESO CARNAL ABUSIVO CON MENOR DE CATORCE AÑOS. ART. 208 C.P.,CALI,El Retiro,15,-76.499667,3.410617,OTRO,2023,marzo     ,15,3/15/2023,4,00:00,DENUNCIA,Nivel 3
DELITOS SEXUALES,ACOSO SEXUAL ART. 210A C.P.  ADICIONADO LEY 1257 DE 2008,CALI,San Pedro,03,-76.53309,3.4497,CERCA AL DOMICILIO,2023,marzo     ,15,3/15/2023,4,00:00,DENUNCIA,Nivel 3
DELITOS SEXUALES,ACTO SEXUAL VIOLENTO CON MENOR DE CATORCE AÑOS ART. 209 C.P. ,CALI,Municipal,08,-76.51093,3.4492,ESTABLECIMIENTO DE COMERCIO,2023,marzo     ,16,3/16/2023,5,18:45,DENUNCIA,Nivel 3
DELITOS SEXUALES,ACCESO CARNAL VIOLENTO. ART. 205 C.P.,CALI,Rural,Rural,-76.61388,3.436755,DOMICILIO,2023,marzo     ,16,3/16/2023,5,12:04,DENUNCIA,Nivel 3
DELITOS SEXUALES,ACTO SEXUAL VIOLENTO. ART. 206 C.P.,CALI,El Troncal,08,-76.50821,3.44993,LUGAR DE TRABAJO,2023,marzo     ,16,3/16/2023,5,15:00,DENUNCIA,Nivel 3
DELITOS SEXUALES,ACCESO CARNAL ABUSIVO CON MENOR DE CATORCE AÑOS. ART. 208 C.P.,CALI,El Guabal,10,-76.525982,3.415228,DOMICILIO,2023,marzo     ,17,3/17/2023,6,00:00,DENUNCIA,Nivel 3
DELITOS SEXUALES,ACTO SEXUAL VIOLENTO. ART. 206 C.P.,CALI,Julio Rincón,12,-76.50073,3.427025,ESTABLECIMIENTO EDUCATIVO,2023,marzo     ,17,3/17/2023,6,05:30,DENUNCIA,Nivel 3
DELITOS SEXUALES,PORNOGRAFIA CON MENORES ART. 218 C.P.,CALI,Belén,20,-76.555043,3.427626,SIN INFORMACION,2023,marzo     ,17,3/17/2023,6,16:02,DENUNCIA,Nivel 3
DELITOS SEXUALES,ACCESO CARNAL VIOLENTO. ART. 205 C.P.,CALI,San Fernando Nuevo,19,-76.539733,3.429034,SIN INFORMACION,2023,marzo     ,18,3/18/2023,7,19:00,DENUNCIA,Nivel 3
DELITOS SEXUALES,ACOSO SEXUAL ART. 210A C.P.  ADICIONADO LEY 1257 DE 2008,CALI,Rural,Rural,-76.646073,3.345492,SIN INFORMACION,2023,marzo     ,18,3/18/2023,7,01:00,DENUNCIA,Nivel 3
DELITOS SEXUALES,ACCESO CARNAL VIOLENTO. ART. 205 C.P.,CALI,3 de Julio,19,-76.538851,3.433186,SIN INFORMACION,2023,marzo     ,18,3/18/2023,7,03:00,DENUNCIA,Nivel 3
DELITOS SEXUALES,ACTOS SEXUALES CON MENOR DE CATORCE AÑOS. ART. 209 C.P.,CALI,Prados del Limonar,17,-76.53055,3.38926,DOMICILIO,2023,marzo     ,19,3/19/2023,1,19:30,DENUNCIA,Nivel 3
DELITOS SEXUALES,ACCESO CARNAL VIOLENTO. ART. 205 C.P.,CALI,San Fernando Viejo,19,-76.543846,3.437941,SIN INFORMACION,2023,marzo     ,19,3/19/2023,1,04:30,DENUNCIA,Nivel 3
DELITOS SEXUALES,ACCESO CARNAL VIOLENTO. ART. 205 C.P. ,CALI,Sucre,09,-76.52438,3.44303,DOMICILIO,2023,marzo     ,19,3/19/2023,1,04:00,DENUNCIA,Nivel 3
DELITOS SEXUALES,ACCESO CARNAL VIOLENTO. ART. 205 C.P.,CALI,Primitivo Crespo,08,-76.51401,3.43786,DOMICILIO,2023,marzo     ,19,3/19/2023,1,05:06,DENUNCIA,Nivel 3
DELITOS SEXUALES,ACTOS SEXUALES CON MENOR DE CATORCE AÑOS. ART. 209 C.P.,CALI,Siloé,20,-76.555715,3.418182,SIN INFORMACION,2023,marzo     ,20,3/20/2023,2,11:00,DENUNCIA,Nivel 3
DELITOS SEXUALES,ACCESO CARNAL ABUSIVO CON MENOR DE CATORCE AÑOS. ART. 208 C.P.,CALI,Alfonso Lopez P. 1a Etapa,07,-76.47934,3.463672,SIN INFORMACION,2023,marzo     ,20,3/20/2023,2,01:00,DENUNCIA,Nivel 3
DELITOS SEXUALES,ACCESO CARNAL ABUSIVO CON MENOR DE CATORCE AÑOS. ART. 208 C.P.,CALI,Ciudad Córdoba,15,-76.510552,3.397,DOMICILIO,2023,marzo     ,20,3/20/2023,2,00:01,DENUNCIA,Nivel 3
DELITOS SEXUALES,ACTOS SEXUALES CON MENOR DE CATORCE AÑOS. ART. 209 C.P.,CALI,Aguacatal,01,-76.557607,3.462962,DOMICILIO,2023,marzo     ,20,3/20/2023,2,17:00,DENUNCIA,Nivel 3
DELITOS SEXUALES,ACCESO CARNAL VIOLENTO. ART. 205 C.P.,CALI,Los Guaduales,06,-76.498235,3.49238,SIN INFORMACION,2023,marzo     ,20,3/20/2023,2,20:00,DENUNCIA,Nivel 3
DELITOS SEXUALES,ACCESO CARNAL O ACTO SEXUAL ABUSIVOS CON INCAPAZ DE RESISTIR. ART. 210 C.P.,CALI,San Nicolás,03,-76.529028,3.452821,SIN INFORMACION,2023,marzo     ,21,3/21/2023,3,14:25,DENUNCIA,Nivel 3
DELITOS SEXUALES,ACTO SEXUAL VIOLENTO. ART. 206 C.P.,CALI,Barrio Obrero,09,-76.521818,3.45145,SIN INFORMACION,2023,marzo     ,21,3/21/2023,3,18:51,DENUNCIA,Nivel 3
DELITOS SEXUALES,ACTO SEXUAL VIOLENTO. ART. 206 C.P.,CALI,Manuel María Buenaventura,09,-76.5225,3.43722,SIN INFORMACION,2023,marzo     ,21,3/21/2023,3,00:00,DENUNCIA,Nivel 3
DELITOS SEXUALES,ACCESO CARNAL O ACTO SEXUAL ABUSIVOS CON INCAPAZ DE RESISTIR. ART. 210 C.P.,CALI,PP6-PP8-PP10,81,-76.523431,3.333032,AREA RURAL,2023,marzo     ,22,3/22/2023,4,01:30,DENUNCIA,Nivel 3
DELITOS SEXUALES,ACCESO CARNAL VIOLENTO. ART. 205 C.P.,CALI,Salomia,04,-76.506815,3.470392,SIN INFORMACION,2023,marzo     ,22,3/22/2023,4,23:00,DENUNCIA,Nivel 3
DELITOS SEXUALES,ACOSO SEXUAL ART. 210A C.P.  ADICIONADO LEY 1257 DE 2008,CALI,Los Sauces,11,-76.51453,3.417773,ESTABLECIMIENTO EDUCATIVO,2023,marzo     ,22,3/22/2023,4,07:00,DENUNCIA,Nivel 3
DELITOS SEXUALES,ACOSO SEXUAL ART. 210A C.P.  ADICIONADO LEY 1257 DE 2008,CALI,U. D. A. Galindo Plaza de Toros,19,-76.552914,3.415378,ESTABLECIMIENTO EDUCATIVO,2023,marzo     ,23,3/23/2023,5,09:00,DENUNCIA,Nivel 3
DELITOS SEXUALES,ACCESO CARNAL ABUSIVO CON MENOR DE CATORCE AÑOS. ART. 208 C.P.,CALI,Urbanización Nueva Granada,19,-76.551268,3.425164,SIN INFORMACION,2023,marzo     ,23,3/23/2023,5,14:25,DENUNCIA,Nivel 3
DELITOS SEXUALES,ACCESO CARNAL ABUSIVO CON MENOR DE CATORCE AÑOS. ART. 208 C.P.,CALI,Manuela Beltrán,14,-76.471575,3.420672,DOMICILIO,2023,marzo     ,23,3/23/2023,5,19:00,DENUNCIA,Nivel 3
DELITOS SEXUALES,ACTOS SEXUALES CON MENOR DE CATORCE AÑOS. ART. 209 C.P.,CALI,El Morichal,15,-76.501979,3.399714,SIN INFORMACION,2023,marzo     ,23,3/23/2023,5,06:02,DENUNCIA,Nivel 3
DELITOS SEXUALES,ACCESO CARNAL O ACTO SEXUAL EN PERSONA PUESTA EN INCAPACIDAD DE RESISTIR. ART. 207 C.P.,CALI,Venezuela - Urbanización Cañaveralejo,20,-76.55771,3.41573,DOMICILIO,2023,marzo     ,23,3/23/2023,5,13:45,DENUNCIA,Nivel 3
DELITOS SEXUALES,ACTO SEXUAL VIOLENTO. ART. 206 C.P.,CALI,Alto Nápoles,18,-76.55148,3.38837,ESTABLECIMIENTO DE SALUD,2023,marzo     ,24,3/24/2023,6,00:00,DENUNCIA,Nivel 3
DELITOS SEXUALES,ACOSO SEXUAL ART. 210A C.P.  ADICIONADO LEY 1257 DE 2008,CALI,Vipasa,02,-76.51777,3.4806,SIN INFORMACION,2023,marzo     ,24,3/24/2023,6,02:00,DENUNCIA,Nivel 3
DELITOS SEXUALES,ACOSO SEXUAL ART. 210A C.P.  ADICIONADO LEY 1257 DE 2008,CALI,Granada,02,-76.535551,3.462416,SIN INFORMACION,2023,marzo     ,24,3/24/2023,6,10:41,DENUNCIA,Nivel 3
DELITOS SEXUALES,ACOSO SEXUAL ART. 210A C.P.  ADICIONADO LEY 1257 DE 2008,CALI,Guayaquil,09,-76.52911,3.441825,SIN INFORMACION,2023,marzo     ,24,3/24/2023,6,22:50,DENUNCIA,Nivel 3
DELITOS SEXUALES,ACTO SEXUAL VIOLENTO CON MENOR DE CATORCE AÑOS ART. 209 C.P. ,CALI,Sucre,09,-76.52436,3.444478,DOMICILIO,2023,marzo     ,24,3/24/2023,6,18:00,DENUNCIA,Nivel 3
DELITOS SEXUALES,ACCESO CARNAL O ACTO SEXUAL EN PERSONA PUESTA EN INCAPACIDAD DE RESISTIR. ART. 207 C.P.,CALI,Urbanización Ciudad Jardín,22,-76.541155,3.35815,DOMICILIO,2023,marzo     ,25,3/25/2023,7,21:30,DENUNCIA,Nivel 3
DELITOS SEXUALES,ACCESO CARNAL ABUSIVO CON MENOR DE CATORCE AÑOS. ART. 208 C.P.,CALI,Los Comuneros I,15,-76.494031,3.414872,DOMICILIO,2023,marzo     ,26,3/26/2023,1,00:00,DENUNCIA,Nivel 3
DELITOS SEXUALES,ACTOS SEXUALES CON MENOR DE CATORCE AÑOS. ART. 209 C.P.,CALI,Petecuy Primera Etapa,06,-76.4795,3.47228,DOMICILIO,2023,marzo     ,26,3/26/2023,1,18:30,DENUNCIA,Nivel 3
DELITOS SEXUALES,ACTOS SEXUALES CON MENOR DE CATORCE AÑOS. ART. 209 C.P.,CALI,El Poblado II,13,-76.486963,3.42219,SIN INFORMACION,2023,marzo     ,26,3/26/2023,1,19:00,DENUNCIA,Nivel 3
DELITOS SEXUALES,ACCESO CARNAL VIOLENTO. ART. 205 C.P.,CALI,San Pedro,03,-76.53309,3.4497,DOMICILIO,2023,marzo     ,26,3/26/2023,1,00:00,DENUNCIA,Nivel 3
DELITOS SEXUALES,ACCESO CARNAL VIOLENTO. ART. 205 C.P.,CALI,Cañaveral,19,-76.563747,3.410022,OTRO,2023,marzo     ,26,3/26/2023,1,15:30,DENUNCIA,Nivel 3
DELITOS SEXUALES,ACCESO CARNAL VIOLENTO. ART. 205 C.P.,CALI,San Pedro,03,-76.53309,3.4497,DOMICILIO,2023,marzo     ,26,3/26/2023,1,00:00,DENUNCIA,Nivel 3
DELITOS SEXUALES,ACTO SEXUAL VIOLENTO CON MENOR DE CATORCE AÑOS ART. 209 C.P. ,CALI,La Hacienda,17,-76.53252,3.39294,DOMICILIO,2023,marzo     ,26,3/26/2023,1,00:00,DENUNCIA,Nivel 3
DELITOS SEXUALES,ACCESO CARNAL ABUSIVO CON MENOR DE CATORCE AÑOS. ART. 208 C.P.,CALI,Prados del Norte,02,-76.52113,3.46836,DOMICILIO,2023,marzo     ,27,3/27/2023,2,06:00,DENUNCIA,Nivel 3
DELITOS SEXUALES,ACCESO CARNAL VIOLENTO. ART. 205 C.P.,CALI,Santa Rosa,03,-76.535564,3.446474,ESTABLECIMIENTO EDUCATIVO,2023,marzo     ,28,3/28/2023,3,10:00,DENUNCIA,Nivel 3
DELITOS SEXUALES,ACTO SEXUAL VIOLENTO. ART. 206 C.P.,CALI,Rural,Rural,-76.564135,3.383026,DOMICILIO,2023,marzo     ,28,3/28/2023,3,10:00,DENUNCIA,Nivel 3
DELITOS SEXUALES,"ADIC.L.679/2001,ART.34.UTILIZAC.O FACILITAC.MEDIOS DE COMUNICAC.PARA OFRECER SERV.SEXUALES DE MENORES",CALI,Sucre,09,-76.52298,3.446459,DOMICILIO,2023,marzo     ,29,3/29/2023,4,14:00,DENUNCIA,Nivel 3
DELITOS SEXUALES,ACOSO SEXUAL ART. 210A C.P.  ADICIONADO LEY 1257 DE 2008,CALI,Calipso,13,-76.500217,3.426734,SIN INFORMACION,2023,marzo     ,29,3/29/2023,4,13:00,DENUNCIA,Nivel 3
DELITOS SEXUALES,ACTOS SEXUALES CON MENOR DE CATORCE AÑOS. ART. 209 C.P.,CALI,Desepaz Invicali,21,-76.463282,3.425223,DOMICILIO,2023,marzo     ,29,3/29/2023,4,13:00,DENUNCIA,Nivel 3
DELITOS SEXUALES,ACCESO CARNAL VIOLENTO. ART. 205 C.P.,CALI,Urbanización Tequendama,19,-76.54674,3.42192,ESTABLECIMIENTO DE SALUD,2023,marzo     ,29,3/29/2023,4,11:15,DENUNCIA,Nivel 3
DELITOS SEXUALES,ACTOS SEXUALES CON MENOR DE CATORCE AÑOS. ART. 209 C.P.,CALI,Terrón Colorado,01,-76.564528,3.45057,DOMICILIO,2023,marzo     ,29,3/29/2023,4,07:30,DENUNCIA,Nivel 3
DELITOS SEXUALES,ACTOS SEXUALES CON MENOR DE CATORCE AÑOS. ART. 209 C.P.,CALI,San Nicolás,03,-76.528056,3.455366,ESTABLECIMIENTO EDUCATIVO,2023,marzo     ,29,3/29/2023,4,08:00,DENUNCIA,Nivel 3
DELITOS SEXUALES,ACCESO CARNAL VIOLENTO. ART. 205 C.P.,CALI,El Refugio,19,-76.552287,3.396714,DOMICILIO,2023,marzo     ,30,3/30/2023,5,09:30,DENUNCIA,Nivel 3
DELITOS SEXUALES,ACTO SEXUAL VIOLENTO. ART. 206 C.P.,CALI,Rural,Rural,-76.58982,3.46663,ESTABLECIMIENTO EDUCATIVO,2023,marzo     ,30,3/30/2023,5,16:00,DENUNCIA,Nivel 3
DELITOS SEXUALES,ACOSO SEXUAL ART. 210A C.P.  ADICIONADO LEY 1257 DE 2008,CALI,San Benito,11,-76.509431,3.428523,SIN INFORMACION,2023,marzo     ,30,3/30/2023,5,12:03,DENUNCIA,Nivel 3
DELITOS SEXUALES,ACOSO SEXUAL ART. 210A C.P.  ADICIONADO LEY 1257 DE 2008,CALI,Andalucía,81,-76.515205,3.358455,SIN INFORMACION,2023,marzo     ,30,3/30/2023,5,14:19,DENUNCIA,Nivel 3
DELITOS SEXUALES,ACCESO CARNAL ABUSIVO CON MENOR DE CATORCE AÑOS. ART. 208 C.P.,CALI,Rural,Rural,-76.571643,3.376215,ESTABLECIMIENTO EDUCATIVO,2023,marzo     ,30,3/30/2023,5,00:00,DENUNCIA,Nivel 3
DELITOS SEXUALES,ACTO SEXUAL VIOLENTO CON MENOR DE CATORCE AÑOS ART. 209 C.P. ,CALI,El Diamante,13,-76.501117,3.419926,DOMICILIO,2023,marzo     ,30,3/30/2023,5,00:00,DENUNCIA,Nivel 3
DELITOS SEXUALES,ACCESO CARNAL ABUSIVO CON MENOR DE CATORCE AÑOS. ART. 208 C.P.,CALI,Potrero Grande,21,-76.469794,3.407509,DOMICILIO,2023,marzo     ,30,3/30/2023,5,00:00,DENUNCIA,Nivel 3
DELITOS SEXUALES,ACOSO SEXUAL ART. 210A C.P.  ADICIONADO LEY 1257 DE 2008,CALI,Siete de Agosto,07,-76.48847,3.44669,SIN INFORMACION,2023,marzo     ,31,3/31/2023,6,10:40,DENUNCIA,Nivel 3
DELITOS SEXUALES,ACCESO CARNAL VIOLENTO. ART. 205 C.P.,CALI,El Piloto,03,-76.521759,3.46042,SIN INFORMACION,2023,marzo     ,31,3/31/2023,6,08:00,DENUNCIA,Nivel 3
DELITOS SEXUALES,ACCESO CARNAL VIOLENTO. ART. 205 C.P. ,CALI,Urbanización Colseguros,19,-76.53073,3.43253,SIN INFORMACION,2023,marzo     ,31,3/31/2023,6,14:00,DENUNCIA,Nivel 3
DELITOS SEXUALES,ACTO SEXUAL VIOLENTO. ART. 206 C.P.,CALI,Terrón Colorado,01,-76.549975,3.453755,SIN INFORMACION,2023,marzo     ,31,3/31/2023,6,11:00,DENUNCIA,Nivel 3
DELITOS SEXUALES,,CALI,Terrón Colorado,01,-76.559829,3.450933,SIN INFORMACION,2023,marzo     ,31,3/31/2023,6,16:00,DENUNCIA,Nivel 3
DELITOS SEXUALES,ACCESO CARNAL VIOLENTO. ART. 205 C.P.,CALI,San Nicolás,03,-76.52177,3.46031,EDIFICIO,2023,marzo     ,31,3/31/2023,6,02:03,DENUNCIA,Nivel 3
DELITOS SEXUALES,ACTOS SEXUALES CON MENOR DE CATORCE AÑOS. ART. 209 C.P.,CALI,Los Andes B - La Riviera,05,-76.492185,3.47049,VIA PUBLICA,2023,marzo     ,31,3/31/2023,6,06:15,DENUNCIA,Nivel 3
DELITOS SEXUALES,ACCESO CARNAL ABUSIVO CON MENOR DE CATORCE AÑOS. ART. 208 C.P.,CALI,Alfonso Bonilla Aragón,14,-76.48561,3.422285,DOMICILIO,2023,abril     ,1,4/1/2023,7,06:00,DENUNCIA,Nivel 3
DELITOS SEXUALES,ACTOS SEXUALES CON MENOR DE CATORCE AÑOS. ART. 209 C.P.,CALI,Atanasio Girardot,08,-76.506238,3.445633,SIN INFORMACION,2023,abril     ,1,4/1/2023,7,06:00,DENUNCIA,Nivel 3
DELITOS SEXUALES,ACTOS SEXUALES CON MENOR DE CATORCE AÑOS. ART. 209 C.P.,CALI,Atanasio Girardot,08,-76.506238,3.445633,DOMICILIO,2023,abril     ,1,4/1/2023,7,00:00,DENUNCIA,Nivel 3
DELITOS SEXUALES,ACOSO SEXUAL ART. 210A C.P.  ADICIONADO LEY 1257 DE 2008,CALI,Los Sauces,11,-76.513825,3.418168,ESTABLECIMIENTO EDUCATIVO,2023,abril     ,1,4/1/2023,7,00:00,DENUNCIA,Nivel 3
DELITOS SEXUALES,ACCESO CARNAL VIOLENTO. ART. 205 C.P.,CALI,Potrero Grande,21,-76.469955,3.41022,SIN INFORMACION,2023,abril     ,1,4/1/2023,7,22:27,DENUNCIA,Nivel 3
DELITOS SEXUALES,ACCESO CARNAL ABUSIVO CON MENOR DE CATORCE AÑOS. ART. 208 C.P.,CALI,Valle Grande,21,-76.47122,3.43728,SIN INFORMACION,2023,abril     ,1,4/1/2023,7,07:35,DENUNCIA,Nivel 3
DELITOS SEXUALES,ACCESO CARNAL ABUSIVO CON MENOR DE CATORCE AÑOS. ART. 208 C.P.,CALI,El Vallado,15,-76.500743,3.406402,SIN INFORMACION,2023,abril     ,1,4/1/2023,7,05:00,DENUNCIA,Nivel 3
DELITOS SEXUALES,ACCESO CARNAL ABUSIVO CON MENOR DE CATORCE AÑOS. ART. 208 C.P.,CALI,Mojica,15,-76.490162,3.417557,DOMICILIO,2023,abril     ,1,4/1/2023,7,16:00,DENUNCIA,Nivel 3
DELITOS SEXUALES,ACCESO CARNAL ABUSIVO CON MENOR DE CATORCE AÑOS. ART. 208 C.P.,CALI,Siloé,20,-76.55683,3.41614,DOMICILIO,2023,abril     ,1,4/1/2023,7,00:00,DENUNCIA,Nivel 3
DELITOS SEXUALES,ACTOS SEXUALES CON MENOR DE CATORCE AÑOS. ART. 209 C.P.,CALI,Guayaquil,09,-76.527504,3.44126,DOMICILIO,2023,abril     ,1,4/1/2023,7,00:00,DENUNCIA,Nivel 3
DELITOS SEXUALES,ACTOS SEXUALES CON MENOR DE CATORCE AÑOS. ART. 209 C.P.,CALI,Alto Nápoles,18,-76.55873,3.385005,DOMICILIO,2023,abril     ,2,4/2/2023,1,08:00,DENUNCIA,Nivel 3
DELITOS SEXUALES,ACTO SEXUAL VIOLENTO. ART. 206 C.P.,CALI,Calipso,13,-76.499191,3.42484,SIN INFORMACION,2023,abril     ,2,4/2/2023,1,16:30,DENUNCIA,Nivel 3
DELITOS SEXUALES,ACCESO CARNAL O ACTO SEXUAL ABUSIVOS CON INCAPAZ DE RESISTIR. ART. 210 C.P.,CALI,Guayaquil,09,-76.528582,3.439833,DOMICILIO,2023,abril     ,3,4/3/2023,2,20:00,DENUNCIA,Nivel 3
DELITOS SEXUALES,ACTOS SEXUALES CON MENOR DE CATORCE AÑOS. ART. 209 C.P.,CALI,San Benito,11,-76.509417,3.428771,DOMICILIO,2023,abril     ,4,4/4/2023,3,16:30,DENUNCIA,Nivel 3
DELITOS SEXUALES,ACTOS SEXUALES CON MENOR DE CATORCE AÑOS. ART. 209 C.P.,CALI,El Morichal,15,-76.505574,3.394499,SIN INFORMACION,2023,abril     ,4,4/4/2023,3,07:03,DENUNCIA,Nivel 3
DELITOS SEXUALES,ACTO SEXUAL VIOLENTO. ART. 206 C.P.,CALI,Bellavista,19,-76.551307,3.445836,SIN INFORMACION,2023,abril     ,5,4/5/2023,4,14:22,DENUNCIA,Nivel 3
DELITOS SEXUALES,ACCESO CARNAL VIOLENTO. ART. 205 C.P.,CALI,Fepicol,07,-76.484987,3.461147,DOMICILIO,2023,abril     ,5,4/5/2023,4,12:00,DENUNCIA,Nivel 3
DELITOS SEXUALES,ACCESO CARNAL VIOLENTO. ART. 205 C.P. ,CALI,Rural,Rural,-76.52225,3.308226,VIA PUBLICA,2023,abril     ,6,4/6/2023,5,20:30,DENUNCIA,Nivel 3
DELITOS SEXUALES,ACTO SEXUAL VIOLENTO CON MENOR DE CATORCE AÑOS ART. 209 C.P. ,CALI,Vista Hermosa,01,-76.57388,3.452295,FINCA,2023,abril     ,6,4/6/2023,5,03:00,DENUNCIA,Nivel 3
DELITOS SEXUALES,ACTOS SEXUALES CON MENOR DE CATORCE AÑOS. ART. 209 C.P.,CALI,Las Orquídeas,14,-76.475156,3.412923,SIN INFORMACION,2023,abril     ,8,4/8/2023,7,23:00,DENUNCIA,Nivel 3
DELITOS SEXUALES,ACTOS SEXUALES CON MENOR DE CATORCE AÑOS. ART. 209 C.P.,CALI,Sector Alto Jordán,18,-76.558825,3.37837,SIN INFORMACION,2023,abril     ,8,4/8/2023,7,10:00,DENUNCIA,Nivel 3
DELITOS SEXUALES,ACCESO CARNAL ABUSIVO CON MENOR DE CATORCE AÑOS. ART. 208 C.P.,CALI,Terrón Colorado,01,-76.564288,3.451183,DOMICILIO,2023,abril     ,8,4/8/2023,7,19:30,DENUNCIA,Nivel 3
DELITOS SEXUALES,ACTOS SEXUALES CON MENOR DE CATORCE AÑOS. ART. 209 C.P.,CALI,La Gran Colombia,11,-76.506923,3.421941,SIN INFORMACION,2023,abril     ,8,4/8/2023,7,22:10,DENUNCIA,Nivel 3
DELITOS SEXUALES,ACCESO CARNAL ABUSIVO CON MENOR DE CATORCE AÑOS. ART. 208 C.P.,CALI,Juanambú,02,-76.536681,3.455391,SIN INFORMACION,2023,abril     ,8,4/8/2023,7,12:40,DENUNCIA,Nivel 3
DELITOS SEXUALES,ACTOS SEXUALES CON MENOR DE CATORCE AÑOS. ART. 209 C.P.,CALI,Alfonso Bonilla Aragón,14,-76.484996,3.420757,SIN INFORMACION,2023,abril     ,9,4/9/2023,1,08:34,DENUNCIA,Nivel 3
DELITOS SEXUALES,ACCESO CARNAL O ACTO SEXUAL ABUSIVOS CON INCAPAZ DE RESISTIR. ART. 210 C.P.,CALI,Terrón Colorado,01,-76.556392,3.45323,VIA PUBLICA,2023,abril     ,9,4/9/2023,1,18:00,DENUNCIA,Nivel 3
DELITOS SEXUALES,ACOSO SEXUAL ART. 210A C.P.  ADICIONADO LEY 1257 DE 2008,CALI,Caney,17,-76.516053,3.381517,SIN INFORMACION,2023,abril     ,9,4/9/2023,1,06:00,DENUNCIA,Nivel 3
DELITOS SEXUALES,ACCESO CARNAL VIOLENTO. ART. 205 C.P.,CALI,Valle Grande,21,-76.472395,3.43757,SIN INFORMACION,2023,abril     ,9,4/9/2023,1,11:16,DENUNCIA,Nivel 3
DELITOS SEXUALES,ACTOS SEXUALES CON MENOR DE CATORCE AÑOS. ART. 209 C.P.,CALI,Las Orquídeas,14,-76.476332,3.414201,SIN INFORMACION,2023,abril     ,9,4/9/2023,1,15:05,DENUNCIA,Nivel 3
DELITOS SEXUALES,ACCESO CARNAL ABUSIVO CON MENOR DE CATORCE AÑOS. ART. 208 C.P.,CALI,Terrón Colorado,01,-76.549975,3.453755,SIN INFORMACION,2023,abril     ,10,4/10/2023,2,09:00,DENUNCIA,Nivel 3
DELITOS SEXUALES,ACCESO CARNAL VIOLENTO. ART. 205 C.P.,CALI,Los Robles,13,-76.49505,3.42183,SIN INFORMACION,2023,abril     ,10,4/10/2023,2,21:41,DENUNCIA,Nivel 3
DELITOS SEXUALES,ACOSO SEXUAL ART. 210A ,CALI,Villanueva,12,-76.509632,3.432731,SIN INFORMACION,2023,abril     ,10,4/10/2023,2,09:15,DENUNCIA,Nivel 3
DELITOS SEXUALES,ACCESO CARNAL VIOLENTO. ART. 205 C.P.,CALI,Terrón Colorado,01,-76.560519,3.45505,DOMICILIO,2023,abril     ,10,4/10/2023,2,09:30,DENUNCIA,Nivel 3
DELITOS SEXUALES,ACOSO SEXUAL ART. 210A C.P.  ADICIONADO LEY 1257 DE 2008,CALI,Las Ceibas,07,-76.48797,3.45285,SIN INFORMACION,2023,abril     ,11,4/11/2023,3,03:00,DENUNCIA,Nivel 3
DELITOS SEXUALES,ACCESO CARNAL VIOLENTO. ART. 205 C.P.,CALI,República de Israel,16,-76.51419,3.409585,SIN INFORMACION,2023,abril     ,11,4/11/2023,3,12:00,DENUNCIA,Nivel 3
DELITOS SEXUALES,ACCESO CARNAL VIOLENTO. ART. 205 C.P.,CALI,Urbanización Colseguros,19,-76.53073,3.43253,SIN INFORMACION,2023,abril     ,11,4/11/2023,3,11:30,DENUNCIA,Nivel 3
DELITOS SEXUALES,ACTO SEXUAL VIOLENTO. ART. 206 C.P.,CALI,República de Israel,16,-76.516385,3.40871,SIN INFORMACION,2023,abril     ,11,4/11/2023,3,06:10,DENUNCIA,Nivel 3
DELITOS SEXUALES,ACCESO CARNAL ABUSIVO CON MENOR DE CATORCE AÑOS. ART. 208 C.P.,CALI,Petecuy Segunda Etapa,06,-76.48278,3.481276,SIN INFORMACION,2023,abril     ,11,4/11/2023,3,14:00,DENUNCIA,Nivel 3
DELITOS SEXUALES,ACCESO CARNAL ABUSIVO CON MENOR DE CATORCE AÑOS. ART. 208 C.P.,CALI,Promociones Populares B,14,-76.46778,3.426273,DOMICILIO,2023,abril     ,11,4/11/2023,3,14:00,DENUNCIA,Nivel 3
DELITOS SEXUALES,ACTO SEXUAL VIOLENTO CON MENOR DE CATORCE AÑOS ART. 209 C.P. ,CALI,Potrero Grande,21,-76.468464,3.40881,SIN INFORMACION,2023,abril     ,12,4/12/2023,4,20:00,DENUNCIA,Nivel 3
DELITOS SEXUALES,ACCESO CARNAL ABUSIVO CON MENOR DE CATORCE AÑOS. ART. 208 C.P.,CALI,Puerta del Sol,14,-76.473103,3.430991,SIN INFORMACION,2023,abril     ,13,4/13/2023,5,08:00,DENUNCIA,Nivel 3
DELITOS SEXUALES,ACTOS SEXUALES CON MENOR DE CATORCE AÑOS. ART. 209 C.P.,CALI,Rural,Rural,-76.575734,3.407031,SIN INFORMACION,2023,abril     ,13,4/13/2023,5,08:00,DENUNCIA,Nivel 3
DELITOS SEXUALES,ACTOS SEXUALES CON MENOR DE CATORCE AÑOS. ART. 209 C.P.,CALI,El Piloto,03,-76.522069,3.46175,ESTABLECIMIENTO EDUCATIVO,2023,abril     ,13,4/13/2023,5,14:30,DENUNCIA,Nivel 3
DELITOS SEXUALES,ACCESO CARNAL O ACTO SEXUAL EN PERSONA PUESTA EN INCAPACIDAD DE RESISTIR. ART. 207 C.P.,CALI,Cañaveralejo - Seguros Patria,19,-76.545441,3.404054,SIN INFORMACION,2023,abril     ,13,4/13/2023,5,16:00,DENUNCIA,Nivel 3
DELITOS SEXUALES,ACCESO CARNAL VIOLENTO. ART. 205 C.P. ,CALI,El Morichal,15,-76.505938,3.392336,DOMICILIO,2023,abril     ,13,4/13/2023,5,13:30,DENUNCIA,Nivel 3
DELITOS SEXUALES,ACTO SEXUAL VIOLENTO. ART. 206 C.P.,CALI,Terrón Colorado,01,-76.559894,3.453576,DOMICILIO,2023,abril     ,13,4/13/2023,5,13:00,DENUNCIA,Nivel 3
DELITOS SEXUALES,ACTOS SEXUALES CON MENOR DE CATORCE AÑOS. ART. 209 C.P.,CALI,El Retiro,15,-76.497541,3.411599,DOMICILIO,2023,abril     ,14,4/14/2023,6,21:45,DENUNCIA,Nivel 3
DELITOS SEXUALES,ACTO SEXUAL VIOLENTO. ART. 206 C.P.,CALI,Los Comuneros I,15,-76.494375,3.41446,SIN INFORMACION,2023,abril     ,14,4/14/2023,6,08:00,DENUNCIA,Nivel 3
DELITOS SEXUALES,ACTOS SEXUALES CON MENOR DE CATORCE AÑOS. ART. 209 C.P.,CALI,Junín,09,-76.52645,3.43402,SIN INFORMACION,2023,abril     ,15,4/15/2023,7,19:30,DENUNCIA,Nivel 3
DELITOS SEXUALES,ACOSO SEXUAL ART. 210A C.P.  ADICIONADO LEY 1257 DE 2008,CALI,Siete de Agosto,07,-76.485988,3.447667,SIN INFORMACION,2023,abril     ,15,4/15/2023,7,10:00,DENUNCIA,Nivel 3
DELITOS SEXUALES,ACTOS SEXUALES CON MENOR DE CATORCE AÑOS. ART. 209 C.P.,CALI,El Morichal,15,-76.506363,3.398857,DOMICILIO,2023,abril     ,15,4/15/2023,7,23:00,DENUNCIA,Nivel 3
DELITOS SEXUALES,ACCESO CARNAL O ACTO SEXUAL ABUSIVOS CON INCAPAZ DE RESISTIR. ART. 210 C.P.,CALI,Ciudad Córdoba,15,-76.504777,3.403458,DOMICILIO,2023,abril     ,15,4/15/2023,7,14:00,DENUNCIA,Nivel 3
DELITOS SEXUALES,ACCESO CARNAL VIOLENTO. ART. 205 C.P.,CALI,Sector Meléndez,18,-76.545708,3.373965,SIN INFORMACION,2023,abril     ,16,4/16/2023,1,12:04,DENUNCIA,Nivel 3
DELITOS SEXUALES,ACTOS SEXUALES CON MENOR DE CATORCE AÑOS. ART. 209 C.P.,CALI,Aguacatal,01,-76.558036,3.45801,SIN INFORMACION,2023,abril     ,16,4/16/2023,1,13:00,DENUNCIA,Nivel 3
DELITOS SEXUALES,ACCESO CARNAL ABUSIVO CON MENOR DE CATORCE AÑOS. ART. 208 C.P.,CALI,La Independencia,11,-76.519065,3.415098,SIN INFORMACION,2023,abril     ,16,4/16/2023,1,09:01,DENUNCIA,Nivel 3
DELITOS SEXUALES,ACCESO CARNAL VIOLENTO. ART. 205 C.P.,CALI,Mario Correa Rengifo,18,-76.557458,3.38644,SIN INFORMACION,2023,abril     ,17,4/17/2023,2,09:23,DENUNCIA,Nivel 3
DELITOS SEXUALES,ACTOS SEXUALES CON MENOR DE CATORCE AÑOS. ART. 209 C.P.,CALI,San Carlos,11,-76.514867,3.422032,SIN INFORMACION,2023,abril     ,17,4/17/2023,2,09:59,DENUNCIA,Nivel 3
DELITOS SEXUALES,ACCESO CARNAL ABUSIVO CON MENOR DE CATORCE AÑOS. ART. 208 C.P.,CALI,Paseo de Los Almendros,05,-76.494891,3.473005,DOMICILIO,2023,abril     ,17,4/17/2023,2,00:00,DENUNCIA,Nivel 3
DELITOS SEXUALES,ACCESO CARNAL ABUSIVO CON MENOR DE CATORCE AÑOS. ART. 208 C.P.,CALI,Alirio Mora Beltrán,14,-76.48064,3.43792,DOMICILIO,2023,abril     ,18,4/18/2023,3,05:00,DENUNCIA,Nivel 3
DELITOS SEXUALES,ACTOS SEXUALES CON MENOR DE CATORCE AÑOS. ART. 209 C.P.,CALI,La Fortaleza,11,-76.511094,3.425234,SIN INFORMACION,2023,abril     ,18,4/18/2023,3,09:37,DENUNCIA,Nivel 3
DELITOS SEXUALES,ACTOS SEXUALES CON MENOR DE CATORCE AÑOS. ART. 209 C.P.,CALI,San Pedro,03,-76.53309,3.4497,SIN INFORMACION,2023,abril     ,18,4/18/2023,3,11:00,DENUNCIA,Nivel 3
DELITOS SEXUALES,ACCESO CARNAL ABUSIVO CON MENOR DE CATORCE AÑOS. ART. 208 C.P.,CALI,Alfonso Bonilla Aragón,14,-76.48069,3.422045,SIN INFORMACION,2023,abril     ,19,4/19/2023,4,10:03,DENUNCIA,Nivel 3
DELITOS SEXUALES,ACTOS SEXUALES CON MENOR DE CATORCE AÑOS. ART. 209 C.P.,CALI,Centenario,02,-76.535208,3.454877,SIN INFORMACION,2023,abril     ,19,4/19/2023,4,16:41,DENUNCIA,Nivel 3
DELITOS SEXUALES,ACOSO SEXUAL ART. 210A C.P.  ADICIONADO LEY 1257 DE 2008,CALI,San Nicolás,03,-76.525437,3.452581,SIN INFORMACION,2023,abril     ,19,4/19/2023,4,05:00,DENUNCIA,Nivel 3
DELITOS SEXUALES,ACTOS SEXUALES CON MENOR DE CATORCE AÑOS. ART. 209 C.P.,CALI,Rural,Rural,-76.538257,3.481369,SIN INFORMACION,2023,abril     ,20,4/20/2023,5,14:32,DENUNCIA,Nivel 3
DELITOS SEXUALES,ACCESO CARNAL ABUSIVO CON MENOR DE CATORCE AÑOS. ART. 208 C.P.,CALI,Sector Alto de los Chorros,18,-76.560574,3.389332,DOMICILIO,2023,abril     ,20,4/20/2023,5,14:00,DENUNCIA,Nivel 3
DELITOS SEXUALES,ACCESO CARNAL VIOLENTO. ART. 205 C.P.,CALI,Lili,17,-76.52326,3.37855,DOMICILIO,2023,abril     ,20,4/20/2023,5,22:00,DENUNCIA,Nivel 3
DELITOS SEXUALES,ACCESO CARNAL ABUSIVO CON MENOR DE CATORCE AÑOS. ART. 208 C.P.,CALI,San Pedro,03,-76.533014,3.449747,SIN INFORMACION,2023,abril     ,20,4/20/2023,5,19:00,DENUNCIA,Nivel 3
DELITOS SEXUALES,ACOSO SEXUAL ART. 210A C.P.  ADICIONADO LEY 1257 DE 2008,CALI,Sector Asprosocial - Diamante,13,-76.500775,3.424216,SIN INFORMACION,2023,abril     ,20,4/20/2023,5,18:40,DENUNCIA,Nivel 3
DELITOS SEXUALES,ACCESO CARNAL ABUSIVO CON MENOR DE CATORCE AÑOS. ART. 208 C.P.,CALI,Rural,Rural,-76.578565,3.375464,OTRO,2023,abril     ,21,4/21/2023,6,19:00,DENUNCIA,Nivel 3
DELITOS SEXUALES,ACCESO CARNAL ABUSIVO CON MENOR DE CATORCE AÑOS. ART. 208 C.P.,CALI,Rural,Rural,-76.574685,3.371781,ESTABLECIMIENTO EDUCATIVO,2023,abril     ,21,4/21/2023,6,00:00,DENUNCIA,Nivel 3
DELITOS SEXUALES,ACOSO SEXUAL ART. 210A C.P.  ADICIONADO LEY 1257 DE 2008,CALI,Parcelaciones Pance,22,-76.537645,3.34851,ESTABLECIMIENTO EDUCATIVO,2023,abril     ,21,4/21/2023,6,09:00,DENUNCIA,Nivel 3
DELITOS SEXUALES,ACTO SEXUAL VIOLENTO. ART. 206 C.P.,CALI,El Morichal,15,-76.506646,3.398012,SIN INFORMACION,2023,abril     ,21,4/21/2023,6,10:00,DENUNCIA,Nivel 3
DELITOS SEXUALES,ACCESO CARNAL ABUSIVO CON MENOR DE CATORCE AÑOS. ART. 208 C.P.,CALI,Alfonso Bonilla Aragón,14,-76.482177,3.417242,DOMICILIO,2023,abril     ,21,4/21/2023,6,08:00,DENUNCIA,Nivel 3
DELITOS SEXUALES,ACOSO SEXUAL ART. 210A C.P.  ADICIONADO LEY 1257 DE 2008,CALI,Siloé,20,-76.55634,3.42674,SIN INFORMACION,2023,abril     ,21,4/21/2023,6,10:26,DENUNCIA,Nivel 3
DELITOS SEXUALES,ACTOS SEXUALES CON MENOR DE CATORCE AÑOS. ART. 209 C.P.,CALI,El Lido,19,-76.552944,3.422707,SIN INFORMACION,2023,abril     ,22,4/22/2023,7,10:30,DENUNCIA,Nivel 3
DELITOS SEXUALES,ACCESO CARNAL ABUSIVO CON MENOR DE CATORCE AÑOS. ART. 208 C.P.,CALI,San Fernando Nuevo,19,-76.543767,3.427403,EDIFICIO,2023,abril     ,22,4/22/2023,7,22:00,DENUNCIA,Nivel 3
DELITOS SEXUALES,PROXENETISMO CON MENOR DE EDAD ART. 213A C.P.,CALI,Siloé,20,-76.55434,3.42145,SIN INFORMACION,2023,abril     ,22,4/22/2023,7,19:00,DENUNCIA,Nivel 3
DELITOS SEXUALES,ACTO SEXUAL VIOLENTO. ART. 206 C.P.,CALI,Cuarteles de Nápoles,18,-76.544483,3.383011,HOTEL / HOSTAL,2023,abril     ,22,4/22/2023,7,01:40,DENUNCIA,Nivel 3
DELITOS SEXUALES,ACTOS SEXUALES CON MENOR DE CATORCE AÑOS. ART. 209 C.P.,CALI,Ciudad Córdoba,15,-76.504862,3.406944,DOMICILIO,2023,abril     ,23,4/23/2023,1,00:00,DENUNCIA,Nivel 3
DELITOS SEXUALES,ACTOS SEXUALES CON MENOR DE CATORCE AÑOS. ART. 209 C.P.,CALI,Ciudad Córdoba,15,-76.504862,3.406944,SIN INFORMACION,2023,abril     ,23,4/23/2023,1,05:00,DENUNCIA,Nivel 3
DELITOS SEXUALES,ACCESO CARNAL O ACTO SEXUAL ABUSIVOS CON INCAPAZ DE RESISTIR. ART. 210 C.P.,CALI,Rural,Rural,-76.530034,3.476658,DOMICILIO,2023,abril     ,23,4/23/2023,1,03:00,DENUNCIA,Nivel 3
DELITOS SEXUALES,ACTO SEXUAL VIOLENTO. ART. 206 C.P.,CALI,Mojica,15,-76.487894,3.418397,DOMICILIO,2023,abril     ,23,4/23/2023,1,00:00,DENUNCIA,Nivel 3
DELITOS SEXUALES,ACCESO CARNAL ABUSIVO CON MENOR DE CATORCE AÑOS. ART. 208 C.P.,CALI,Cristóbal Colón,10,-76.524101,3.419081,DOMICILIO,2023,abril     ,24,4/24/2023,2,17:00,DENUNCIA,Nivel 3
DELITOS SEXUALES,ACTOS SEXUALES CON MENOR DE CATORCE AÑOS. ART. 209 C.P.,CALI,Lleras Camargo,20,-76.560833,3.420113,DOMICILIO,2023,abril     ,24,4/24/2023,2,08:00,DENUNCIA,Nivel 3
DELITOS SEXUALES,ACTO SEXUAL VIOLENTO. ART. 206 C.P.,CALI,Siete de Agosto,07,-76.483238,3.450673,SIN INFORMACION,2023,abril     ,24,4/24/2023,2,21:30,DENUNCIA,Nivel 3
DELITOS SEXUALES,ACCESO CARNAL ABUSIVO CON MENOR DE CATORCE AÑOS. ART. 208 C.P.,CALI,Sector Alto de los Chorros,18,-76.562155,3.389195,OTRO,2023,abril     ,24,4/24/2023,2,21:00,DENUNCIA,Nivel 3
DELITOS SEXUALES,ACCESO CARNAL VIOLENTO. ART. 205 C.P.,CALI,El Vergel,13,-76.500362,3.417511,DOMICILIO,2023,abril     ,24,4/24/2023,2,16:00,DENUNCIA,Nivel 3
DELITOS SEXUALES,ACCESO CARNAL ABUSIVO CON MENOR DE CATORCE AÑOS. ART. 208 C.P.,CALI,Rural,Rural,-76.566643,3.456112,DOMICILIO,2023,abril     ,24,4/24/2023,2,22:00,DENUNCIA,Nivel 3
DELITOS SEXUALES,ACOSO SEXUAL ART. 210A C.P.  ADICIONADO LEY 1257 DE 2008,CALI,Torres de Comfandi,05,-76.50329,3.47607,SIN INFORMACION,2023,abril     ,25,4/25/2023,3,20:00,DENUNCIA,Nivel 3
DELITOS SEXUALES,ACCESO CARNAL O ACTO SEXUAL ABUSIVOS CON INCAPAZ DE RESISTIR. ART. 210 C.P.,CALI,Vista Hermosa,01,-76.57919,3.45573,EDIFICIO,2023,abril     ,25,4/25/2023,3,03:30,DENUNCIA,Nivel 3
DELITOS SEXUALES,ACTOS SEXUALES CON MENOR DE CATORCE AÑOS. ART. 209 C.P.,CALI,Doce de Octubre,12,-76.502899,3.429419,SIN INFORMACION,2023,abril     ,26,4/26/2023,4,15:00,DENUNCIA,Nivel 3
DELITOS SEXUALES,ACCESO CARNAL VIOLENTO. ART. 205 C.P.,CALI,Mariano Ramos,16,-76.51305,3.40014,VIA PUBLICA,2023,abril     ,26,4/26/2023,4,18:37,DENUNCIA,Nivel 3
DELITOS SEXUALES,ACOSO SEXUAL ART. 210A C.P.  ADICIONADO LEY 1257 DE 2008,CALI,El Vallado,15,-76.500616,3.40718,SIN INFORMACION,2023,abril     ,26,4/26/2023,4,20:00,DENUNCIA,Nivel 3
DELITOS SEXUALES,ACCESO CARNAL VIOLENTO. ART. 205 C.P.,CALI,Calimio Desepaz,21,-76.471241,3.412081,SIN INFORMACION,2023,abril     ,26,4/26/2023,4,07:30,DENUNCIA,Nivel 3
DELITOS SEXUALES,ACTOS SEXUALES CON MENOR DE CATORCE AÑOS. ART. 209 C.P.,CALI,Rural,Rural,-76.54931,3.486137,SIN INFORMACION,2023,abril     ,26,4/26/2023,4,14:05,DENUNCIA,Nivel 3
DELITOS SEXUALES,DEMANDA DE EXPLOT.SEX. COMERC. MENOR DE 18 AÑOS Adic. Art 217A C.P. Ley 1329 de 2009,CALI,José Manuel Marroquín I,14,-76.484248,3.426822,ENTIDAD PUBLICA / ESTATAL,2023,abril     ,26,4/26/2023,4,22:29,DENUNCIA,Nivel 3
DELITOS SEXUALES,PORNOGRAFIA CON MENORES ART. 218 C.P.,CALI,La Base,08,-76.4976,3.447148,DOMICILIO,2023,abril     ,27,4/27/2023,5,00:00,DENUNCIA,Nivel 3
DELITOS SEXUALES,ACTOS SEXUALES CON MENOR DE CATORCE AÑOS. ART. 209 C.P.,CALI,Venezuela - Urbanización Cañaveralejo,20,-76.563433,3.413977,DOMICILIO,2023,abril     ,27,4/27/2023,5,08:00,DENUNCIA,Nivel 3
DELITOS SEXUALES,ACTOS SEXUALES CON MENOR DE CATORCE AÑOS. ART. 209 C.P.,CALI,Los Andes B - La Riviera,05,-76.492442,3.46835,SIN INFORMACION,2023,abril     ,27,4/27/2023,5,09:50,DENUNCIA,Nivel 3
DELITOS SEXUALES,ACCESO CARNAL O ACTO SEXUAL EN PERSONA PUESTA EN INCAPACIDAD DE RESISTIR. ART. 207 C.P.,CALI,Cañaveralejo - Seguros Patria,19,-76.545441,3.404054,SIN INFORMACION,2023,abril     ,27,4/27/2023,5,10:00,DENUNCIA,Nivel 3
DELITOS SEXUALES,ACTO SEXUAL VIOLENTO CON MENOR DE CATORCE AÑOS ART. 209 C.P. ,CALI,Rural,Rural,-76.569735,3.52005,ESTABLECIMIENTO EDUCATIVO,2023,abril     ,27,4/27/2023,5,09:50,DENUNCIA,Nivel 3
DELITOS SEXUALES,ACTO SEXUAL VIOLENTO CON MENOR DE CATORCE AÑOS ART. 209 C.P. ,CALI,San Marino,07,-76.488925,3.461388,DOMICILIO,2023,abril     ,27,4/27/2023,5,01:00,DENUNCIA,Nivel 3
DELITOS SEXUALES,ACCESO CARNAL O ACTO SEXUAL EN PERSONA PUESTA EN INCAPACIDAD DE RESISTIR. ART. 207 C.P.,CALI,Las Acacias,10,-76.521132,3.432956,DOMICILIO,2023,abril     ,27,4/27/2023,5,05:00,DENUNCIA,Nivel 3
DELITOS SEXUALES,ACCESO CARNAL VIOLENTO. ART. 205 C.P.,CALI,San Pedro,03,-76.53309,3.4497,CAMPO ABIERTO,2023,abril     ,27,4/27/2023,5,00:00,DENUNCIA,Nivel 3
DELITOS SEXUALES,ACCESO CARNAL ABUSIVO CON MENOR DE CATORCE AÑOS. ART. 208 C.P.,CALI,Calimio Desepaz,21,-76.467815,3.415335,SIN INFORMACION,2023,abril     ,27,4/27/2023,5,13:30,DENUNCIA,Nivel 3
DELITOS SEXUALES,ACOSO SEXUAL ART. 210A C.P.  ADICIONADO LEY 1257 DE 2008,CALI,La Alianza,04,-76.504085,3.47126,SIN INFORMACION,2023,abril     ,28,4/28/2023,6,12:52,DENUNCIA,Nivel 3
DELITOS SEXUALES,ACCESO CARNAL ABUSIVO CON MENOR DE CATORCE AÑOS. ART. 208 C.P.,CALI,José Manuel Marroquín I,14,-76.477467,3.422703,SIN INFORMACION,2023,abril     ,28,4/28/2023,6,07:03,DENUNCIA,Nivel 3
DELITOS SEXUALES,ACTOS SEXUALES CON MENOR DE CATORCE AÑOS. ART. 209 C.P.,CALI,Unión de Vivienda Popular,16,-76.509519,3.409438,DOMICILIO,2023,abril     ,28,4/28/2023,6,19:00,DENUNCIA,Nivel 3
DELITOS SEXUALES,PORNOGRAFIA CON MENORES ART. 218 C.P.,CALI,Desepaz Invicali,21,-76.463375,3.424031,SIN INFORMACION,2023,abril     ,29,4/29/2023,7,08:00,DENUNCIA,Nivel 3
DELITOS SEXUALES,ACCESO CARNAL VIOLENTO. ART. 205 C.P.,CALI,Villa del Prado - El Guabito,05,-76.487907,3.466262,DOMICILIO,2023,abril     ,29,4/29/2023,7,06:00,DENUNCIA,Nivel 3
DELITOS SEXUALES,PORNOGRAFIA CON MENORES ART. 218 C.P.,CALI,Desepaz Invicali,21,-76.463875,3.422521,RED VIRTUAL O INTERNET,2023,abril     ,29,4/29/2023,7,02:30,DENUNCIA,Nivel 3
DELITOS SEXUALES,ACCESO CARNAL ABUSIVO CON MENOR DE CATORCE AÑOS. ART. 208 C.P.,CALI,Terrón Colorado,01,-76.55925,3.45248,VEHICULO,2023,abril     ,29,4/29/2023,7,19:00,DENUNCIA,Nivel 3
DELITOS SEXUALES,ACCESO CARNAL ABUSIVO CON MENOR DE CATORCE AÑOS. ART. 208 C.P.,CALI,Aguacatal,01,-76.556652,3.462007,DOMICILIO,2023,abril     ,30,4/30/2023,1,05:00,DENUNCIA,Nivel 3
DELITOS SEXUALES,ACCESO CARNAL O ACTO SEXUAL ABUSIVOS CON INCAPAZ DE RESISTIR. ART. 210 C.P.,CALI,San Juan Bosco,03,-76.536919,3.439956,SIN INFORMACION,2023,abril     ,30,4/30/2023,1,22:28,DENUNCIA,Nivel 3
DELITOS SEXUALES,ACTOS SEXUALES CON MENOR DE CATORCE AÑOS. ART. 209 C.P.,CALI,Promociones Populares B,14,-76.476242,3.425077,DOMICILIO,2023,abril     ,30,4/30/2023,1,22:00,DENUNCIA,Nivel 3
DELITOS SEXUALES,ACCESO CARNAL VIOLENTO. ART. 205 C.P.,CALI,Vipasa,02,-76.51522,3.473998,DOMICILIO,2023,mayo      ,1,5/1/2023,2,19:00,DENUNCIA,Nivel 3
DELITOS SEXUALES,ACTO SEXUAL VIOLENTO CON MENOR DE CATORCE AÑOS ART. 209 C.P. ,CALI,Los Cámbulos,19,-76.538935,3.420257,DOMICILIO,2023,mayo      ,1,5/1/2023,2,00:00,DENUNCIA,Nivel 3
DELITOS SEXUALES,ACTO SEXUAL VIOLENTO CON MENOR DE CATORCE AÑOS ART. 209 C.P. ,CALI,Junín,09,-76.52645,3.43402,SIN INFORMACION,2023,mayo      ,1,5/1/2023,2,05:46,DENUNCIA,Nivel 3
DELITOS SEXUALES,ACTO SEXUAL VIOLENTO CON MENOR DE CATORCE AÑOS ART. 209 C.P. ,CALI,Champagnat,19,-76.534887,3.431812,SIN INFORMACION,2023,mayo      ,1,5/1/2023,2,05:00,DENUNCIA,Nivel 3
DELITOS SEXUALES,ACTOS SEXUALES CON MENOR DE CATORCE AÑOS. ART. 209 C.P.,CALI,Villa Colombia,08,-76.496691,3.452533,CAMPO ABIERTO,2023,mayo      ,1,5/1/2023,2,17:00,DENUNCIA,Nivel 3
DELITOS SEXUALES,PORNOGRAFIA CON MENORES ART. 218 C.P.,CALI,El Trébol,08,-76.496078,3.440762,DOMICILIO,2023,mayo      ,1,5/1/2023,2,00:00,DENUNCIA,Nivel 3
DELITOS SEXUALES,ACOSO SEXUAL ART. 210A C.P.  ADICIONADO LEY 1257 DE 2008,CALI,El Guabal,10,-76.529509,3.413684,SIN INFORMACION,2023,mayo      ,1,5/1/2023,2,18:34,DENUNCIA,Nivel 3
DELITOS SEXUALES,PORNOGRAFIA CON MENORES ART. 218 C.P.,CALI,San Pedro,03,-76.533476,3.45062,SIN INFORMACION,2023,mayo      ,1,5/1/2023,2,14:27,DENUNCIA,Nivel 3
DELITOS SEXUALES,ACCESO CARNAL ABUSIVO CON MENOR DE CATORCE AÑOS. ART. 208 C.P.,CALI,San Pedro,03,-76.53309,3.4497,ESTABLECIMIENTO PUBLICO,2023,mayo      ,1,5/1/2023,2,00:00,DENUNCIA,Nivel 3
DELITOS SEXUALES,ACCESO CARNAL ABUSIVO CON MENOR DE CATORCE AÑOS. ART. 208 C.P.,CALI,Valle Grande,21,-76.473922,3.436864,SIN INFORMACION,2023,mayo      ,1,5/1/2023,2,15:00,DENUNCIA,Nivel 3
DELITOS SEXUALES,ACOSO SEXUAL ART. 210A C.P.  ADICIONADO LEY 1257 DE 2008,CALI,Sindical,12,-76.500845,3.431365,SIN INFORMACION,2023,mayo      ,1,5/1/2023,2,18:43,DENUNCIA,Nivel 3
DELITOS SEXUALES,ACCESO CARNAL VIOLENTO. ART. 205 C.P.,CALI,San Fernando Nuevo,19,-76.544468,3.427849,SIN INFORMACION,2023,mayo      ,2,5/2/2023,3,13:00,DENUNCIA,Nivel 3
DELITOS SEXUALES,ACTO SEXUAL VIOLENTO. ART. 206 C.P.,CALI,Las Quintas de Don Simón,17,-76.53672,3.3872,VEHICULO MOTO,2023,mayo      ,2,5/2/2023,3,22:50,DENUNCIA,Nivel 3
DELITOS SEXUALES,ACTOS SEXUALES CON MENOR DE CATORCE AÑOS. ART. 209 C.P.,CALI,Promociones Populares B,14,-76.472491,3.426872,DOMICILIO,2023,mayo      ,2,5/2/2023,3,13:30,DENUNCIA,Nivel 3
DELITOS SEXUALES,ACCESO CARNAL VIOLENTO. ART. 205 C.P.,CALI,San Pedro,03,-76.53309,3.4497,VIA PUBLICA,2023,mayo      ,3,5/3/2023,4,00:00,DENUNCIA,Nivel 3
DELITOS SEXUALES,ACTO SEXUAL VIOLENTO. ART. 206 C.P.,CALI,La Isla,04,-76.513,3.47371,EDIFICIO,2023,mayo      ,3,5/3/2023,4,20:00,DENUNCIA,Nivel 3
DELITOS SEXUALES,ACCESO CARNAL ABUSIVO CON MENOR DE CATORCE AÑOS. ART. 208 C.P.,CALI,Junín,09,-76.52645,3.43402,SIN INFORMACION,2023,mayo      ,3,5/3/2023,4,09:02,DENUNCIA,Nivel 3
DELITOS SEXUALES,ACCESO CARNAL VIOLENTO. ART. 205 C.P.,CALI,Alfonso Lopez P. 1a Etapa,07,-76.479297,3.46517,SIN INFORMACION,2023,mayo      ,3,5/3/2023,4,21:00,DENUNCIA,Nivel 3
DELITOS SEXUALES,ACTOS SEXUALES CON MENOR DE CATORCE AÑOS. ART. 209 C.P.,CALI,Ciudadela Floralia,06,-76.492167,3.494752,DOMICILIO,2023,mayo      ,3,5/3/2023,4,10:03,DENUNCIA,Nivel 3
DELITOS SEXUALES,ACCESO CARNAL ABUSIVO CON MENOR DE CATORCE AÑOS. ART. 208 C.P.,CALI,Ulpiano Lloreda,13,-76.491792,3.440168,SIN INFORMACION,2023,mayo      ,3,5/3/2023,4,12:30,DENUNCIA,Nivel 3
DELITOS SEXUALES,ACTOS SEXUALES CON MENOR DE CATORCE AÑOS. ART. 209 C.P.,CALI,Las Delicias,04,-76.507466,3.461346,DOMICILIO,2023,mayo      ,4,5/4/2023,5,09:03,DENUNCIA,Nivel 3
DELITOS SEXUALES,PORNOGRAFIA CON MENORES ART. 218 C.P.,CALI,Los Comuneros II,13,-76.49482,3.427309,SIN INFORMACION,2023,mayo      ,4,5/4/2023,5,03:00,DENUNCIA,Nivel 3
DELITOS SEXUALES,ACOSO SEXUAL ART. 210A C.P.  ADICIONADO LEY 1257 DE 2008,CALI,Villablanca,13,-76.496003,3.427912,ENTIDAD PUBLICA / ESTATAL,2023,mayo      ,4,5/4/2023,5,08:00,DENUNCIA,Nivel 3
DELITOS SEXUALES,PORNOGRAFIA CON MENORES ART. 218 C.P.,CALI,Alirio Mora Beltrán,14,-76.480834,3.436246,SIN INFORMACION,2023,mayo      ,4,5/4/2023,5,05:00,DENUNCIA,Nivel 3
DELITOS SEXUALES,ACOSO SEXUAL ART. 210A C.P.  ADICIONADO LEY 1257 DE 2008,CALI,Cristóbal Colón,10,-76.52605,3.426635,ESTABLECIMIENTO EDUCATIVO,2023,mayo      ,4,5/4/2023,5,00:00,DENUNCIA,Nivel 3
DELITOS SEXUALES,ACCESO CARNAL ABUSIVO CON MENOR DE CATORCE AÑOS. ART. 208 C.P.,CALI,San Judas Tadeo II,10,-76.522766,3.414409,DOMICILIO,2023,mayo      ,5,5/5/2023,6,09:00,DENUNCIA,Nivel 3
DELITOS SEXUALES,ACCESO CARNAL O ACTO SEXUAL ABUSIVOS CON INCAPAZ DE RESISTIR. ART. 210 C.P.,CALI,El Poblado I,13,-76.497695,3.417701,SIN INFORMACION,2023,mayo      ,5,5/5/2023,6,10:00,DENUNCIA,Nivel 3
DELITOS SEXUALES,ACCESO CARNAL ABUSIVO CON MENOR DE CATORCE AÑOS. ART. 208 C.P.,CALI,San Pedro,03,-76.53309,3.4497,OTRO,2023,mayo      ,5,5/5/2023,6,00:00,DENUNCIA,Nivel 3
DELITOS SEXUALES,ACTOS SEXUALES CON MENOR DE CATORCE AÑOS. ART. 209 C.P.,CALI,Urbanización Calimio,06,-76.485027,3.48755,DOMICILIO,2023,mayo      ,5,5/5/2023,6,14:00,DENUNCIA,Nivel 3
DELITOS SEXUALES,ACCESO CARNAL VIOLENTO. ART. 205 C.P.,CALI,Pasoancho,10,-76.53211,3.419291,SIN INFORMACION,2023,mayo      ,5,5/5/2023,6,12:03,DENUNCIA,Nivel 3
DELITOS SEXUALES,ACCESO CARNAL O ACTO SEXUAL ABUSIVOS CON INCAPAZ DE RESISTIR. ART. 210 C.P.,CALI,Camino Real - Los Fundadores,19,-76.541126,3.405677,SIN INFORMACION,2023,mayo      ,5,5/5/2023,6,09:35,DENUNCIA,Nivel 3
DELITOS SEXUALES,ACOSO SEXUAL ART. 210A C.P.  ADICIONADO LEY 1257 DE 2008,CALI,Unión de Vivienda Popular,16,-76.51164,3.412058,SIN INFORMACION,2023,mayo      ,5,5/5/2023,6,13:00,DENUNCIA,Nivel 3
DELITOS SEXUALES,ACCESO CARNAL ABUSIVO CON MENOR DE CATORCE AÑOS. ART. 208 C.P.,CALI,Porvenir,04,-76.512669,3.459626,DOMICILIO,2023,mayo      ,5,5/5/2023,6,10:45,DENUNCIA,Nivel 3
DELITOS SEXUALES,ACCESO CARNAL ABUSIVO CON MENOR DE CATORCE AÑOS. ART. 208 C.P.,CALI,Rural,Rural,-76.481172,3.330133,DOMICILIO,2023,mayo      ,6,5/6/2023,7,21:00,DENUNCIA,Nivel 3
DELITOS SEXUALES,ACTO SEXUAL VIOLENTO. ART. 206 C.P.,CALI,La Libertad,10,-76.52372,3.42391,DOMICILIO,2023,mayo      ,6,5/6/2023,7,22:00,DENUNCIA,Nivel 3
DELITOS SEXUALES,ACTO SEXUAL VIOLENTO. ART. 206 C.P.,CALI,San Carlos,11,-76.514456,3.424113,SIN INFORMACION,2023,mayo      ,6,5/6/2023,7,16:30,DENUNCIA,Nivel 3
DELITOS SEXUALES,ACCESO CARNAL VIOLENTO. ART. 205 C.P. ,CALI,Mariano Ramos,16,-76.516221,3.40322,SIN INFORMACION,2023,mayo      ,7,5/7/2023,1,12:00,DENUNCIA,Nivel 3
DELITOS SEXUALES,ACTOS SEXUALES CON MENOR DE CATORCE AÑOS. ART. 209 C.P.,CALI,San Pedro,03,-76.53309,3.4497,CAMPO ABIERTO,2023,mayo      ,7,5/7/2023,1,00:00,DENUNCIA,Nivel 3
DELITOS SEXUALES,ACCESO CARNAL O ACTO SEXUAL ABUSIVOS CON INCAPAZ DE RESISTIR. ART. 210 C.P.,CALI,San Pedro,03,-76.53309,3.4497,DOMICILIO,2023,mayo      ,7,5/7/2023,1,10:30,DENUNCIA,Nivel 3
DELITOS SEXUALES,ACCESO CARNAL VIOLENTO. ART. 205 C.P.,CALI,Mojica,15,-76.487232,3.413744,DOMICILIO,2023,mayo      ,7,5/7/2023,1,20:30,DENUNCIA,Nivel 3
DELITOS SEXUALES,ACTOS SEXUALES CON MENOR DE CATORCE AÑOS. ART. 209 C.P.,CALI,Rural,Rural,-76.565718,3.515447,SIN INFORMACION,2023,mayo      ,8,5/8/2023,2,15:00,DENUNCIA,Nivel 3
DELITOS SEXUALES,ACCESO CARNAL ABUSIVO CON MENOR DE CATORCE AÑOS. ART. 208 C.P.,CALI,San Antonio,03,-76.543112,3.444945,ESTABLECIMIENTO DE SALUD,2023,mayo      ,8,5/8/2023,2,00:00,DENUNCIA,Nivel 3
DELITOS SEXUALES,ACTO SEXUAL VIOLENTO CON MENOR DE CATORCE AÑOS ART. 209 C.P. ,CALI,Sector Alto de los Chorros,18,-76.55689,3.393863,SIN INFORMACION,2023,mayo      ,8,5/8/2023,2,11:44,DENUNCIA,Nivel 3
DELITOS SEXUALES,ACCESO CARNAL ABUSIVO CON MENOR DE CATORCE AÑOS. ART. 208 C.P.,CALI,Urbanización El Angel del Hogar,07,-76.482942,3.450061,SIN INFORMACION,2023,mayo      ,8,5/8/2023,2,23:00,DENUNCIA,Nivel 3
DELITOS SEXUALES,ACTOS SEXUALES CON MENOR DE CATORCE AÑOS. ART. 209 C.P.,CALI,Saavedra Galindo,08,-76.511731,3.442189,SIN INFORMACION,2023,mayo      ,8,5/8/2023,2,12:00,DENUNCIA,Nivel 3
DELITOS SEXUALES,ACOSO SEXUAL ART. 210A C.P.  ADICIONADO LEY 1257 DE 2008,CALI,Junín,09,-76.52645,3.43402,SIN INFORMACION,2023,mayo      ,8,5/8/2023,2,16:00,DENUNCIA,Nivel 3
DELITOS SEXUALES,ACOSO SEXUAL ART. 210A C.P.  ADICIONADO LEY 1257 DE 2008,CALI,Manuel María Buenaventura,09,-76.5225,3.43722,SIN INFORMACION,2023,mayo      ,9,5/9/2023,3,14:00,DENUNCIA,Nivel 3
DELITOS SEXUALES,ACTOS SEXUALES CON MENOR DE CATORCE AÑOS. ART. 209 C.P.,CALI,Pasoancho,10,-76.53267,3.41747,SIN INFORMACION,2023,mayo      ,9,5/9/2023,3,06:00,DENUNCIA,Nivel 3
DELITOS SEXUALES,ACTOS SEXUALES CON MENOR DE CATORCE AÑOS. ART. 209 C.P.,CALI,Rural,Rural,-76.59054,3.497465,ESTABLECIMIENTO EDUCATIVO,2023,mayo      ,9,5/9/2023,3,00:00,DENUNCIA,Nivel 3
DELITOS SEXUALES,ACTO SEXUAL VIOLENTO. ART. 206 C.P.,CALI,San Pedro,03,-76.53309,3.4497,VIA PUBLICA,2023,mayo      ,9,5/9/2023,3,13:00,DENUNCIA,Nivel 3
DELITOS SEXUALES,ACOSO SEXUAL ART. 210A C.P.  ADICIONADO LEY 1257 DE 2008,CALI,Alfonso Bonilla Aragón,14,-76.484455,3.421342,ESTABLECIMIENTO EDUCATIVO,2023,mayo      ,9,5/9/2023,3,07:00,DENUNCIA,Nivel 3
DELITOS SEXUALES,ACOSO SEXUAL ART. 210A C.P.  ADICIONADO LEY 1257 DE 2008,CALI,Flora Industrial,04,-76.501873,3.483149,SIN INFORMACION,2023,mayo      ,10,5/10/2023,4,15:30,DENUNCIA,Nivel 3
DELITOS SEXUALES,ACOSO SEXUAL ART. 210A C.P.  ADICIONADO LEY 1257 DE 2008,CALI,Versalles,02,-76.529258,3.45848,DOMICILIO,2023,mayo      ,10,5/10/2023,4,14:00,DENUNCIA,Nivel 3
DELITOS SEXUALES,ACCESO CARNAL ABUSIVO CON MENOR DE CATORCE AÑOS. ART. 208 C.P.,CALI,Nueva Floresta,12,-76.49484,3.43821,DOMICILIO,2023,mayo      ,10,5/10/2023,4,00:00,DENUNCIA,Nivel 3
DELITOS SEXUALES,ACTOS SEXUALES CON MENOR DE CATORCE AÑOS. ART. 209 C.P.,CALI,Junín,09,-76.52645,3.43402,SIN INFORMACION,2023,mayo      ,10,5/10/2023,4,14:56,DENUNCIA,Nivel 3
DELITOS SEXUALES,ACOSO SEXUAL ART. 210A C.P.  ADICIONADO LEY 1257 DE 2008,CALI,Calipso,13,-76.499861,3.425215,SIN INFORMACION,2023,mayo      ,10,5/10/2023,4,12:01,DENUNCIA,Nivel 3
DELITOS SEXUALES,ACTOS SEXUALES CON MENOR DE CATORCE AÑOS. ART. 209 C.P.,CALI,El Morichal,15,-76.509065,3.395155,SIN INFORMACION,2023,mayo      ,10,5/10/2023,4,08:45,DENUNCIA,Nivel 3
DELITOS SEXUALES,ACTO SEXUAL VIOLENTO. ART. 206 C.P.,CALI,La Hacienda,17,-76.526059,3.396775,DOMICILIO,2023,mayo      ,11,5/11/2023,5,17:23,DENUNCIA,Nivel 3
DELITOS SEXUALES,ACCESO CARNAL ABUSIVO CON MENOR DE CATORCE AÑOS. ART. 208 C.P.,CALI,Rural,Rural,-76.475408,3.369232,SIN INFORMACION,2023,mayo      ,11,5/11/2023,5,00:00,DENUNCIA,Nivel 3
DELITOS SEXUALES,ACCESO CARNAL ABUSIVO CON MENOR DE CATORCE AÑOS. ART. 208 C.P.,CALI,Alfonso Barberena A.,12,-76.508335,3.435797,DOMICILIO,2023,mayo      ,11,5/11/2023,5,10:30,DENUNCIA,Nivel 3
DELITOS SEXUALES,ACCESO CARNAL ABUSIVO CON MENOR DE CATORCE AÑOS. ART. 208 C.P.,CALI,Ciudadela Floralia,06,-76.49182,3.499195,SIN INFORMACION,2023,mayo      ,12,5/12/2023,6,05:00,DENUNCIA,Nivel 3
DELITOS SEXUALES,ACOSO SEXUAL ART. 210A C.P.  ADICIONADO LEY 1257 DE 2008,CALI,Ciudad Córdoba,15,-76.504811,3.406719,SIN INFORMACION,2023,mayo      ,12,5/12/2023,6,10:30,DENUNCIA,Nivel 3
DELITOS SEXUALES,ACCESO CARNAL ABUSIVO CON MENOR DE CATORCE AÑOS. ART. 208 C.P.,CALI,Prados del Sur,18,-76.554559,3.386883,DOMICILIO,2023,mayo      ,12,5/12/2023,6,19:00,DENUNCIA,Nivel 3
DELITOS SEXUALES,ACCESO CARNAL VIOLENTO. ART. 205 C.P.,CALI,San Pedro,03,-76.53309,3.4497,VIA PUBLICA,2023,mayo      ,12,5/12/2023,6,21:00,DENUNCIA,Nivel 3
DELITOS SEXUALES,ACCESO CARNAL ABUSIVO CON MENOR DE CATORCE AÑOS. ART. 208 C.P.,CALI,Pizamos III - Las Dalias,21,-76.47607,3.408419,DOMICILIO,2023,mayo      ,12,5/12/2023,6,20:00,DENUNCIA,Nivel 3
DELITOS SEXUALES,ACTOS SEXUALES CON MENOR DE CATORCE AÑOS. ART. 209 C.P.,CALI,Ricardo Balcázar,13,-76.49273,3.43515,DOMICILIO,2023,mayo      ,12,5/12/2023,6,00:00,DENUNCIA,Nivel 3
DELITOS SEXUALES,ACTO SEXUAL VIOLENTO. ART. 206 C.P.,CALI,Los Farallones,18,-76.552088,3.391513,SIN INFORMACION,2023,mayo      ,13,5/13/2023,7,14:00,DENUNCIA,Nivel 3
DELITOS SEXUALES,ACCESO CARNAL VIOLENTO. ART. 205 C.P.,CALI,Alameda,09,-76.53406,3.437269,SIN INFORMACION,2023,mayo      ,13,5/13/2023,7,05:15,DENUNCIA,Nivel 3
DELITOS SEXUALES,ACTO SEXUAL VIOLENTO. ART. 206 C.P.,CALI,Calimio Desepaz,21,-76.4701,3.414974,DOMICILIO,2023,mayo      ,13,5/13/2023,7,00:00,DENUNCIA,Nivel 3
DELITOS SEXUALES,ACTO SEXUAL VIOLENTO CON MENOR DE CATORCE AÑOS ART. 209 C.P. ,CALI,Venezuela - Urbanización Cañaveralejo,20,-76.55771,3.41573,DOMICILIO,2023,mayo      ,13,5/13/2023,7,00:28,DENUNCIA,Nivel 3
DELITOS SEXUALES,ACOSO SEXUAL ART. 210A C.P.  ADICIONADO LEY 1257 DE 2008,CALI,U. D. A. Galindo Plaza de Toros,19,-76.549999,3.413906,SIN INFORMACION,2023,mayo      ,13,5/13/2023,7,20:28,DENUNCIA,Nivel 3
DELITOS SEXUALES,ACTOS SEXUALES CON MENOR DE CATORCE AÑOS. ART. 209 C.P.,CALI,Rural,Rural,-76.56713,3.44837,DOMICILIO,2023,mayo      ,13,5/13/2023,7,21:00,DENUNCIA,Nivel 3
DELITOS SEXUALES,ACCESO CARNAL O ACTO SEXUAL ABUSIVOS CON INCAPAZ DE RESISTIR. ART. 210 C.P.,CALI,Miraflores,19,-76.540478,3.436514,DOMICILIO,2023,mayo      ,13,5/13/2023,7,16:00,DENUNCIA,Nivel 3
DELITOS SEXUALES,ACCESO CARNAL O ACTO SEXUAL ABUSIVOS CON INCAPAZ DE RESISTIR. ART. 210 C.P.,CALI,Desepaz Invicali,21,-76.462691,3.427881,SIN INFORMACION,2023,mayo      ,14,5/14/2023,1,11:00,DENUNCIA,Nivel 3
DELITOS SEXUALES,ACOSO SEXUAL ART. 210A C.P.  ADICIONADO LEY 1257 DE 2008,CALI,El Morichal,15,-76.506165,3.396285,SIN INFORMACION,2023,mayo      ,14,5/14/2023,1,18:00,DENUNCIA,Nivel 3
DELITOS SEXUALES,DEMANDA DE EXPLOT.SEX. COMERC. MENOR DE 18 AÑOS Adic. Art 217A C.P. Ley 1329 de 2009,CALI,Manuela Beltrán,14,-76.473108,3.419708,DOMICILIO,2023,mayo      ,14,5/14/2023,1,00:00,DENUNCIA,Nivel 3
DELITOS SEXUALES,ACCESO CARNAL ABUSIVO CON MENOR DE CATORCE AÑOS. ART. 208 C.P.,CALI,Mojica,15,-76.48966,3.417975,ESTABLECIMIENTO EDUCATIVO,2023,mayo      ,15,5/15/2023,2,14:30,DENUNCIA,Nivel 3
DELITOS SEXUALES,ACCESO CARNAL ABUSIVO CON MENOR DE CATORCE AÑOS. ART. 208 C.P.,CALI,Mojica,15,-76.485075,3.4168,SIN INFORMACION,2023,mayo      ,15,5/15/2023,2,13:30,DENUNCIA,Nivel 3
DELITOS SEXUALES,ACTOS SEXUALES CON MENOR DE CATORCE AÑOS. ART. 209 C.P.,CALI,Primavera,11,-76.50681,3.42342,DOMICILIO,2023,mayo      ,15,5/15/2023,2,15:00,DENUNCIA,Nivel 3
DELITOS SEXUALES,ACTOS SEXUALES CON MENOR DE CATORCE AÑOS. ART. 209 C.P.,CALI,El Poblado I,13,-76.497391,3.418718,SIN INFORMACION,2023,mayo      ,15,5/15/2023,2,09:03,DENUNCIA,Nivel 3
DELITOS SEXUALES,ACOSO SEXUAL ART. 210A C.P.  ADICIONADO LEY 1257 DE 2008,CALI,Rural,Rural,-76.594255,3.345265,ESTABLECIMIENTO EDUCATIVO,2023,mayo      ,15,5/15/2023,2,08:00,DENUNCIA,Nivel 3
DELITOS SEXUALES,ACOSO SEXUAL ART. 210A C.P.  ADICIONADO LEY 1257 DE 2008,CALI,Alfonso Bonilla Aragón,14,-76.483955,3.42357,DOMICILIO,2023,mayo      ,15,5/15/2023,2,10:00,DENUNCIA,Nivel 3
DELITOS SEXUALES,ACTO SEXUAL VIOLENTO. ART. 206 C.P.,CALI,Los Andes B - La Riviera,05,-76.492213,3.470396,SIN INFORMACION,2023,mayo      ,15,5/15/2023,2,15:00,DENUNCIA,Nivel 3
DELITOS SEXUALES,ACCESO CARNAL ABUSIVO CON MENOR DE CATORCE AÑOS. ART. 208 C.P.,CALI,Junín,09,-76.52645,3.43402,SIN INFORMACION,2023,mayo      ,15,5/15/2023,2,13:03,DENUNCIA,Nivel 3
DELITOS SEXUALES,ACCESO CARNAL ABUSIVO CON MENOR DE CATORCE AÑOS. ART. 208 C.P.,CALI,La Isla,04,-76.511508,3.475081,DOMICILIO,2023,mayo      ,15,5/15/2023,2,18:30,DENUNCIA,Nivel 3
DELITOS SEXUALES,ACCESO CARNAL VIOLENTO. ART. 205 C.P.,CALI,Los Comuneros II,13,-76.493788,3.427777,DOMICILIO,2023,mayo      ,15,5/15/2023,2,17:20,DENUNCIA,Nivel 3
DELITOS SEXUALES,ACCESO CARNAL VIOLENTO. ART. 205 C.P.,CALI,Prados de Oriente,11,-76.5142,3.43469,DOMICILIO,2023,mayo      ,15,5/15/2023,2,00:00,DENUNCIA,Nivel 3
DELITOS SEXUALES,ACCESO CARNAL ABUSIVO CON MENOR DE CATORCE AÑOS. ART. 208 C.P.,CALI,El Calvario,03,-76.531439,3.447231,DOMICILIO,2023,mayo      ,15,5/15/2023,2,00:00,DENUNCIA,Nivel 3
DELITOS SEXUALES,ACOSO SEXUAL ART. 210A C.P.  ADICIONADO LEY 1257 DE 2008,CALI,Ciudad Córdoba,15,-76.508581,3.40205,SIN INFORMACION,2023,mayo      ,16,5/16/2023,3,09:44,DENUNCIA,Nivel 3
DELITOS SEXUALES,ACCESO CARNAL VIOLENTO. ART. 205 C.P.,CALI,Los Guayacanes,05,-76.492774,3.47309,SIN INFORMACION,2023,mayo      ,16,5/16/2023,3,11:31,DENUNCIA,Nivel 3
DELITOS SEXUALES,ACTOS SEXUALES CON MENOR DE CATORCE AÑOS. ART. 209 C.P.,CALI,Prados del Norte,02,-76.52305,3.47566,SIN INFORMACION,2023,mayo      ,16,5/16/2023,3,16:30,DENUNCIA,Nivel 3
DELITOS SEXUALES,ACTOS SEXUALES CON MENOR DE CATORCE AÑOS. ART. 209 C.P.,CALI,Alfonso Bonilla Aragón,14,-76.484267,3.42289,DOMICILIO,2023,mayo      ,16,5/16/2023,3,06:00,DENUNCIA,Nivel 3
DELITOS SEXUALES,ACTO SEXUAL VIOLENTO CON MENOR DE CATORCE AÑOS ART. 209 C.P. ,CALI,PP6-PP8-PP10,81,-76.524217,3.329074,DOMICILIO,2023,mayo      ,17,5/17/2023,4,22:00,DENUNCIA,Nivel 3
DELITOS SEXUALES,ACCESO CARNAL VIOLENTO. ART. 205 C.P.,CALI,Valle Grande,21,-76.472342,3.437333,DOMICILIO,2023,mayo      ,17,5/17/2023,4,01:30,DENUNCIA,Nivel 3
DELITOS SEXUALES,PORNOGRAFIA CON MENORES ART. 218 C.P.,CALI,Alfonso Lopez P. 3a Etapa,07,-76.478068,3.452719,SIN INFORMACION,2023,mayo      ,17,5/17/2023,4,12:00,DENUNCIA,Nivel 3
DELITOS SEXUALES,ACCESO CARNAL O ACTO SEXUAL ABUSIVOS CON INCAPAZ DE RESISTIR. ART. 210 C.P.,CALI,Ciudad Córdoba,15,-76.51425,3.39577,VIA PUBLICA,2023,mayo      ,17,5/17/2023,4,06:45,DENUNCIA,Nivel 3
DELITOS SEXUALES,ACTOS SEXUALES CON MENOR DE CATORCE AÑOS. ART. 209 C.P.,CALI,La Alborada,16,-76.521233,3.399243,DOMICILIO,2023,mayo      ,17,5/17/2023,4,08:30,DENUNCIA,Nivel 3
DELITOS SEXUALES,ACTOS SEXUALES CON MENOR DE CATORCE AÑOS. ART. 209 C.P.,CALI,Mariano Ramos,16,-76.517221,3.403811,SIN INFORMACION,2023,mayo      ,17,5/17/2023,4,12:49,DENUNCIA,Nivel 3
DELITOS SEXUALES,ACTOS SEXUALES CON MENOR DE CATORCE AÑOS. ART. 209 C.P.,CALI,Altos de Menga,02,-76.533844,3.489786,SIN INFORMACION,2023,mayo      ,18,5/18/2023,5,22:00,DENUNCIA,Nivel 3
DELITOS SEXUALES,ACTOS SEXUALES CON MENOR DE CATORCE AÑOS. ART. 209 C.P.,CALI,El Hoyo,03,-76.525741,3.457502,DOMICILIO,2023,mayo      ,18,5/18/2023,5,16:21,DENUNCIA,Nivel 3
DELITOS SEXUALES,ACCESO CARNAL VIOLENTO. ART. 205 C.P.,CALI,Alfonso Bonilla Aragón,14,-76.483565,3.420395,SIN INFORMACION,2023,mayo      ,18,5/18/2023,5,09:34,DENUNCIA,Nivel 3
DELITOS SEXUALES,ACCESO CARNAL ABUSIVO CON MENOR DE CATORCE AÑOS. ART. 208 C.P.,CALI,Las Ceibas,07,-76.4863,3.458062,DOMICILIO,2023,mayo      ,19,5/19/2023,6,21:30,DENUNCIA,Nivel 3
DELITOS SEXUALES,ACCESO CARNAL ABUSIVO CON MENOR DE CATORCE AÑOS. ART. 208 C.P.,CALI,Junín,09,-76.52645,3.43402,SIN INFORMACION,2023,mayo      ,19,5/19/2023,6,16:10,DENUNCIA,Nivel 3
DELITOS SEXUALES,ACTOS SEXUALES CON MENOR DE CATORCE AÑOS. ART. 209 C.P.,CALI,Brisas de Mayo,20,-76.560621,3.415701,DOMICILIO,2023,mayo      ,19,5/19/2023,6,08:00,DENUNCIA,Nivel 3
DELITOS SEXUALES,ACCESO CARNAL VIOLENTO. ART. 205 C.P.,CALI,Manuela Beltrán,14,-76.474299,3.420533,DOMICILIO,2023,mayo      ,19,5/19/2023,6,23:30,DENUNCIA,Nivel 3
DELITOS SEXUALES,ACCESO CARNAL ABUSIVO CON MENOR DE CATORCE AÑOS. ART. 208 C.P.,CALI,Potrero Grande,21,-76.468955,3.406665,DOMICILIO,2023,mayo      ,19,5/19/2023,6,00:00,DENUNCIA,Nivel 3
DELITOS SEXUALES,ACTOS SEXUALES CON MENOR DE CATORCE AÑOS. ART. 209 C.P.,CALI,Terrón Colorado,01,-76.572772,3.451958,SIN INFORMACION,2023,mayo      ,20,5/20/2023,7,15:00,DENUNCIA,Nivel 3
DELITOS SEXUALES,DEMANDA DE EXPLOT.SEX. COMERC. MENOR DE 18 AÑOS Adic. Art 217A C.P. Ley 1329 de 2009,CALI,Manuel María Buenaventura,09,-76.5225,3.43722,SIN INFORMACION,2023,mayo      ,20,5/20/2023,7,05:00,DENUNCIA,Nivel 3
DELITOS SEXUALES,ACCESO CARNAL O ACTO SEXUAL ABUSIVOS CON INCAPAZ DE RESISTIR. ART. 210 C.P.,CALI,Santa Elena,10,-76.525667,3.432055,SIN INFORMACION,2023,mayo      ,20,5/20/2023,7,11:00,DENUNCIA,Nivel 3
DELITOS SEXUALES,ACTOS SEXUALES CON MENOR DE CATORCE AÑOS. ART. 209 C.P.,CALI,Alfonso Lopez P. 1a Etapa,07,-76.480851,3.466027,DOMICILIO,2023,mayo      ,20,5/20/2023,7,11:00,DENUNCIA,Nivel 3
DELITOS SEXUALES,ACTO SEXUAL VIOLENTO. ART. 206 C.P.,CALI,La Flora,02,-76.525705,3.48726,DOMICILIO,2023,mayo      ,20,5/20/2023,7,10:00,DENUNCIA,Nivel 3
DELITOS SEXUALES,ACCESO CARNAL O ACTO SEXUAL EN PERSONA PUESTA EN INCAPACIDAD DE RESISTIR. ART. 207 C.P.,CALI,San Nicolás,03,-76.525896,3.454436,DOMICILIO,2023,mayo      ,21,5/21/2023,1,12:00,DENUNCIA,Nivel 3
DELITOS SEXUALES,ACCESO CARNAL O ACTO SEXUAL ABUSIVOS CON INCAPAZ DE RESISTIR. ART. 210 C.P.,CALI,Brisas de Los Álamos,02,-76.504598,3.494612,SIN INFORMACION,2023,mayo      ,22,5/22/2023,2,05:35,DENUNCIA,Nivel 3
DELITOS SEXUALES,ACOSO SEXUAL ART. 210A C.P.  ADICIONADO LEY 1257 DE 2008,CALI,Salomia,04,-76.505233,3.464422,SIN INFORMACION,2023,mayo      ,22,5/22/2023,2,09:38,DENUNCIA,Nivel 3
DELITOS SEXUALES,ACCESO CARNAL ABUSIVO CON MENOR DE CATORCE AÑOS. ART. 208 C.P.,CALI,San Pedro,03,-76.53314,3.449735,SIN INFORMACION,2023,mayo      ,22,5/22/2023,2,19:30,DENUNCIA,Nivel 3
DELITOS SEXUALES,ACCESO CARNAL ABUSIVO CON MENOR DE CATORCE AÑOS. ART. 208 C.P.,CALI,Promociones Populares B,14,-76.476799,3.42779,SIN INFORMACION,2023,mayo      ,23,5/23/2023,3,20:20,DENUNCIA,Nivel 3
DELITOS SEXUALES,ACOSO SEXUAL ART. 210A C.P.  ADICIONADO LEY 1257 DE 2008,CALI,Sucre,09,-76.52625,3.447703,SIN INFORMACION,2023,mayo      ,23,5/23/2023,3,09:00,DENUNCIA,Nivel 3
DELITOS SEXUALES,ACCESO CARNAL ABUSIVO CON MENOR DE CATORCE AÑOS. ART. 208 C.P.,CALI,Urbanización San Joaquin,17,-76.52736,3.37093,DOMICILIO,2023,mayo      ,23,5/23/2023,3,21:00,DENUNCIA,Nivel 3
DELITOS SEXUALES,ACTOS SEXUALES CON MENOR DE CATORCE AÑOS. ART. 209 C.P.,CALI,San Pedro,03,-76.53309,3.4497,DOMICILIO,2023,mayo      ,24,5/24/2023,4,00:00,DENUNCIA,Nivel 3
DELITOS SEXUALES,ACTOS SEXUALES CON MENOR DE CATORCE AÑOS. ART. 209 C.P.,CALI,Caney,17,-76.518895,3.386933,SIN INFORMACION,2023,mayo      ,24,5/24/2023,4,11:00,DENUNCIA,Nivel 3
DELITOS SEXUALES,ACCESO CARNAL VIOLENTO. ART. 205 C.P.,CALI,Compartir,21,-76.466543,3.431645,SIN INFORMACION,2023,mayo      ,24,5/24/2023,4,11:00,DENUNCIA,Nivel 3
DELITOS SEXUALES,ACOSO SEXUAL ART. 210A C.P.  ADICIONADO LEY 1257 DE 2008,CALI,Lili,17,-76.519642,3.371945,SIN INFORMACION,2023,mayo      ,24,5/24/2023,4,06:50,DENUNCIA,Nivel 3
DELITOS SEXUALES,ACOSO SEXUAL ART. 210A C.P.  ADICIONADO LEY 1257 DE 2008,CALI,Saavedra Galindo,08,-76.516268,3.443027,SIN INFORMACION,2023,mayo      ,24,5/24/2023,4,06:01,DENUNCIA,Nivel 3
DELITOS SEXUALES,ACTO SEXUAL VIOLENTO. ART. 206 C.P.,CALI,Urbanización San Joaquin,17,-76.52696,3.37119,VEHICULO,2023,mayo      ,24,5/24/2023,4,16:50,DENUNCIA,Nivel 3
DELITOS SEXUALES,ACOSO SEXUAL ART. 210A C.P.  ADICIONADO LEY 1257 DE 2008,CALI,Vipasa,02,-76.517065,3.478075,ESTABLECIMIENTO EDUCATIVO,2023,mayo      ,25,5/25/2023,5,08:00,DENUNCIA,Nivel 3
DELITOS SEXUALES,ACCESO CARNAL ABUSIVO CON MENOR DE CATORCE AÑOS. ART. 208 C.P.,CALI,El Jordán,18,-76.552812,3.372551,DOMICILIO,2023,mayo      ,25,5/25/2023,5,00:00,DENUNCIA,Nivel 3
DELITOS SEXUALES,ACTOS SEXUALES CON MENOR DE CATORCE AÑOS. ART. 209 C.P.,CALI,Santa Rosa,03,-76.533979,3.446807,SIN INFORMACION,2023,mayo      ,25,5/25/2023,5,09:46,DENUNCIA,Nivel 3
DELITOS SEXUALES,ACCESO CARNAL VIOLENTO. ART. 205 C.P.,CALI,Ciudad Talanga,21,-76.466192,3.43346,DOMICILIO,2023,mayo      ,25,5/25/2023,5,19:30,DENUNCIA,Nivel 3
DELITOS SEXUALES,ACTOS SEXUALES CON MENOR DE CATORCE AÑOS. ART. 209 C.P.,CALI,Prados de Oriente,11,-76.511545,3.428671,DOMICILIO,2023,mayo      ,26,5/26/2023,6,19:00,DENUNCIA,Nivel 3
DELITOS SEXUALES,DEMANDA DE EXPLOT.SEX. COMERC. MENOR DE 18 AÑOS Adic. Art 217A C.P. Ley 1329 de 2009,CALI,Altos de Menga,02,-76.533773,3.490265,SIN INFORMACION,2023,mayo      ,26,5/26/2023,6,18:03,DENUNCIA,Nivel 3
DELITOS SEXUALES,ACTO SEXUAL VIOLENTO. ART. 206 C.P.,CALI,Junín,09,-76.52645,3.43402,SIN INFORMACION,2023,mayo      ,27,5/27/2023,7,07:00,DENUNCIA,Nivel 3
DELITOS SEXUALES,ACCESO CARNAL O ACTO SEXUAL ABUSIVOS CON INCAPAZ DE RESISTIR. ART. 210 C.P.,CALI,Siloé,20,-76.555582,3.421129,DOMICILIO,2023,mayo      ,28,5/28/2023,1,03:00,DENUNCIA,Nivel 3
DELITOS SEXUALES,ACCESO CARNAL VIOLENTO. ART. 205 C.P. ,CALI,Calipso,13,-76.498712,3.42506,SIN INFORMACION,2023,mayo      ,28,5/28/2023,1,15:00,DENUNCIA,Nivel 3
DELITOS SEXUALES,ACTO SEXUAL VIOLENTO. ART. 206 C.P.,CALI,Eucaristico,19,-76.53834,3.42713,ESTABLECIMIENTO DE SALUD,2023,mayo      ,28,5/28/2023,1,01:00,DENUNCIA,Nivel 3
DELITOS SEXUALES,ACCESO CARNAL ABUSIVO CON MENOR DE CATORCE AÑOS. ART. 208 C.P.,CALI,Desepaz Invicali,21,-76.463252,3.425865,DOMICILIO,2023,mayo      ,28,5/28/2023,1,01:00,DENUNCIA,Nivel 3
DELITOS SEXUALES,ACOSO SEXUAL ART. 210A C.P.  ADICIONADO LEY 1257 DE 2008,CALI,Petecuy Tercera Etapa,06,-76.480137,3.47854,SIN INFORMACION,2023,mayo      ,28,5/28/2023,1,08:30,DENUNCIA,Nivel 3
DELITOS SEXUALES,ACCESO CARNAL VIOLENTO. ART. 205 C.P.,CALI,Jorge Isaacs,04,-76.517175,3.457348,SIN INFORMACION,2023,mayo      ,28,5/28/2023,1,15:00,DENUNCIA,Nivel 3
DELITOS SEXUALES,ACCESO CARNAL ABUSIVO CON MENOR DE CATORCE AÑOS. ART. 208 C.P.,CALI,Ciudad Córdoba,15,-76.512446,3.395622,DOMICILIO,2023,mayo      ,29,5/29/2023,2,21:00,DENUNCIA,Nivel 3
DELITOS SEXUALES,DEMANDA DE EXPLOT.SEX. COMERC. MENOR DE 18 AÑOS Adic. Art 217A C.P. Ley 1329 de 2009,CALI,El Vallado,15,-76.50144,3.40677,DOMICILIO,2023,mayo      ,29,5/29/2023,2,20:00,DENUNCIA,Nivel 3
DELITOS SEXUALES,ACTOS SEXUALES CON MENOR DE CATORCE AÑOS. ART. 209 C.P.,CALI,Brisas de Mayo,20,-76.564712,3.419428,SIN INFORMACION,2023,mayo      ,29,5/29/2023,2,10:05,DENUNCIA,Nivel 3
DELITOS SEXUALES,ACTOS SEXUALES CON MENOR DE CATORCE AÑOS. ART. 209 C.P.,CALI,Puerta del Sol,14,-76.472626,3.432224,DOMICILIO,2023,mayo      ,29,5/29/2023,2,13:30,DENUNCIA,Nivel 3
DELITOS SEXUALES,ACCESO CARNAL VIOLENTO. ART. 205 C.P.,CALI,Laureano Gómez,15,-76.494885,3.409175,DOMICILIO,2023,mayo      ,29,5/29/2023,2,17:00,DENUNCIA,Nivel 3
DELITOS SEXUALES,ACCESO CARNAL ABUSIVO CON MENOR DE CATORCE AÑOS. ART. 208 C.P.,CALI,La Fortaleza,11,-76.511014,3.425226,CERCA ENTIDAD FINANCIERA,2023,mayo      ,29,5/29/2023,2,09:00,DENUNCIA,Nivel 3
DELITOS SEXUALES,ACCESO CARNAL O ACTO SEXUAL EN PERSONA PUESTA EN INCAPACIDAD DE RESISTIR. ART. 207 C.P.,CALI,Calimio Desepaz,21,-76.469146,3.413122,DOMICILIO,2023,mayo      ,29,5/29/2023,2,16:19,DENUNCIA,Nivel 3
DELITOS SEXUALES,ACCESO CARNAL O ACTO SEXUAL ABUSIVOS CON INCAPAZ DE RESISTIR. ART. 210 C.P.,CALI,Mojica,15,-76.490872,3.414901,SIN INFORMACION,2023,mayo      ,30,5/30/2023,3,22:30,DENUNCIA,Nivel 3
DELITOS SEXUALES,ACCESO CARNAL O ACTO SEXUAL ABUSIVOS CON INCAPAZ DE RESISTIR. ART. 210 C.P.,CALI,Alfonso Bonilla Aragón,14,-76.480302,3.415574,DOMICILIO,2023,mayo      ,30,5/30/2023,3,00:00,DENUNCIA,Nivel 3
DELITOS SEXUALES,ACTOS SEXUALES CON MENOR DE CATORCE AÑOS. ART. 209 C.P.,CALI,San Pedro,03,-76.530435,3.449545,TRANSPORTE MASIVO,2023,mayo      ,30,5/30/2023,3,18:30,DENUNCIA,Nivel 3
DELITOS SEXUALES,PORNOGRAFIA CON MENORES ART. 218 C.P.,CALI,La Hacienda,17,-76.52888,3.397231,SIN INFORMACION,2023,mayo      ,30,5/30/2023,3,11:30,DENUNCIA,Nivel 3
DELITOS SEXUALES,ACTO SEXUAL VIOLENTO. ART. 206 C.P.,CALI,Urbanización El Angel del Hogar,07,-76.480908,3.448902,DOMICILIO,2023,mayo      ,30,5/30/2023,3,11:00,DENUNCIA,Nivel 3
DELITOS SEXUALES,ACTOS SEXUALES CON MENOR DE CATORCE AÑOS. ART. 209 C.P.,CALI,Primitivo Crespo,08,-76.515933,3.437985,DOMICILIO,2023,mayo      ,31,5/31/2023,4,00:00,DENUNCIA,Nivel 3
DELITOS SEXUALES,DEMANDA DE EXPLOT.SEX. COMERC. MENOR DE 18 AÑOS Adic. Art 217A C.P. Ley 1329 de 2009,CALI,La Floresta,08,-76.515904,3.444994,SIN INFORMACION,2023,junio     ,1,6/1/2023,5,05:00,DENUNCIA,Nivel 3
DELITOS SEXUALES,ACCESO CARNAL VIOLENTO. ART. 205 C.P.,CALI,San Vicente,02,-76.526662,3.466662,SIN INFORMACION,2023,junio     ,1,6/1/2023,5,17:00,DENUNCIA,Nivel 3
DELITOS SEXUALES,ACCESO CARNAL ABUSIVO CON MENOR DE CATORCE AÑOS. ART. 208 C.P.,CALI,Villanueva,12,-76.508938,3.430444,SIN INFORMACION,2023,junio     ,1,6/1/2023,5,20:43,DENUNCIA,Nivel 3
DELITOS SEXUALES,ACCESO CARNAL VIOLENTO. ART. 205 C.P.,CALI,El Morichal,15,-76.507646,3.398769,DOMICILIO,2023,junio     ,1,6/1/2023,5,00:00,DENUNCIA,Nivel 3
DELITOS SEXUALES,ACTOS SEXUALES CON MENOR DE CATORCE AÑOS. ART. 209 C.P.,CALI,San Pedro,03,-76.53314,3.449735,DOMICILIO,2023,junio     ,1,6/1/2023,5,00:00,DENUNCIA,Nivel 3
DELITOS SEXUALES,ACCESO CARNAL VIOLENTO. ART. 205 C.P.,CALI,José Manuel Marroquín I,14,-76.478215,3.424618,DOMICILIO,2023,junio     ,1,6/1/2023,5,10:00,DENUNCIA,Nivel 3
DELITOS SEXUALES,ACCESO CARNAL VIOLENTO. ART. 205 C.P.,CALI,Junín,09,-76.52645,3.43402,SIN INFORMACION,2023,junio     ,1,6/1/2023,5,05:11,DENUNCIA,Nivel 3
DELITOS SEXUALES,ACCESO CARNAL VIOLENTO. ART. 205 C.P.,CALI,San Vicente,02,-76.52707,3.46296,OTRO,2023,junio     ,1,6/1/2023,5,00:00,DENUNCIA,Nivel 3
DELITOS SEXUALES,ACTO SEXUAL VIOLENTO. ART. 206 C.P.,CALI,Ciudadela del Rio - CVC,21,-76.466354,3.426245,SIN INFORMACION,2023,junio     ,1,6/1/2023,5,10:09,DENUNCIA,Nivel 3
DELITOS SEXUALES,ACOSO SEXUAL ART. 210A C.P.  ADICIONADO LEY 1257 DE 2008,CALI,La Flora,02,-76.524565,3.47304,SIN INFORMACION,2023,junio     ,1,6/1/2023,5,10:04,DENUNCIA,Nivel 3
DELITOS SEXUALES,PORNOGRAFIA CON MENORES ART. 218 C.P.,CALI,El Guabal,10,-76.525456,3.414574,DOMICILIO,2023,junio     ,1,6/1/2023,5,00:00,DENUNCIA,Nivel 3
DELITOS SEXUALES,ACCESO CARNAL ABUSIVO CON MENOR DE CATORCE AÑOS. ART. 208 C.P.,CALI,Junín,09,-76.52645,3.43402,SIN INFORMACION,2023,junio     ,2,6/2/2023,6,11:00,DENUNCIA,Nivel 3
DELITOS SEXUALES,PORNOGRAFIA CON MENORES ART. 218 C.P.,CALI,Flora Industrial,04,-76.503876,3.480607,SIN INFORMACION,2023,junio     ,2,6/2/2023,6,06:00,DENUNCIA,Nivel 3
DELITOS SEXUALES,ACTO SEXUAL VIOLENTO. ART. 206 C.P.,CALI,San Pedro,03,-76.533025,3.449707,SIN INFORMACION,2023,junio     ,2,6/2/2023,6,04:00,DENUNCIA,Nivel 3
DELITOS SEXUALES,ACTO SEXUAL VIOLENTO. ART. 206 C.P.,CALI,Urbanización Tequendama,19,-76.54189,3.422,SIN INFORMACION,2023,junio     ,2,6/2/2023,6,16:31,DENUNCIA,Nivel 3
DELITOS SEXUALES,ACCESO CARNAL VIOLENTO. ART. 205 C.P.,CALI,Compartir,21,-76.468093,3.430386,DOMICILIO,2023,junio     ,2,6/2/2023,6,16:00,DENUNCIA,Nivel 3
DELITOS SEXUALES,PORNOGRAFIA CON MENORES ART. 218 C.P.,CALI,Guayaquil,09,-76.52911,3.441825,ESTABLECIMIENTO PUBLICO,2023,junio     ,2,6/2/2023,6,08:00,DENUNCIA,Nivel 3
DELITOS SEXUALES,ACTO SEXUAL VIOLENTO. ART. 206 C.P.,CALI,Guayaquil,09,-76.52911,3.441825,SIN INFORMACION,2023,junio     ,2,6/2/2023,6,16:00,DENUNCIA,Nivel 3
DELITOS SEXUALES,ACTO SEXUAL VIOLENTO. ART. 206 C.P.,CALI,La Gran Colombia,11,-76.506788,3.421858,SIN INFORMACION,2023,junio     ,2,6/2/2023,6,20:00,DENUNCIA,Nivel 3
DELITOS SEXUALES,ACCESO CARNAL O ACTO SEXUAL ABUSIVOS CON INCAPAZ DE RESISTIR. ART. 210 C.P.,CALI,Potrero Grande,21,-76.471064,3.408132,DOMICILIO,2023,junio     ,4,6/4/2023,1,14:00,DENUNCIA,Nivel 3
DELITOS SEXUALES,ACTO SEXUAL VIOLENTO CON MENOR DE CATORCE AÑOS ART. 209 C.P. ,CALI,Manuela Beltrán,14,-76.47708,3.41764,DOMICILIO,2023,junio     ,4,6/4/2023,1,18:00,DENUNCIA,Nivel 3
DELITOS SEXUALES,ACOSO SEXUAL ART. 210A C.P.  ADICIONADO LEY 1257 DE 2008,CALI,San Pedro,03,-76.53309,3.4497,AREA RURAL,2023,junio     ,4,6/4/2023,1,00:00,DENUNCIA,Nivel 3
DELITOS SEXUALES,ACTO SEXUAL VIOLENTO. ART. 206 C.P.,CALI,Rural,Rural,-76.665241,3.326271,SIN INFORMACION,2023,junio     ,4,6/4/2023,1,13:30,DENUNCIA,Nivel 3
DELITOS SEXUALES,ACOSO SEXUAL ART. 210A C.P.  ADICIONADO LEY 1257 DE 2008,CALI,Municipal,08,-76.5126,3.44841,SIN INFORMACION,2023,junio     ,5,6/5/2023,2,11:55,DENUNCIA,Nivel 3
DELITOS SEXUALES,ACTOS SEXUALES CON MENOR DE CATORCE AÑOS. ART. 209 C.P.,CALI,Los Andes B - La Riviera,05,-76.49787,3.46703,SIN INFORMACION,2023,junio     ,5,6/5/2023,2,05:00,DENUNCIA,Nivel 3
DELITOS SEXUALES,ACCESO CARNAL VIOLENTO. ART. 205 C.P.,CALI,El Jordán,18,-76.54963,3.37453,DOMICILIO,2023,junio     ,5,6/5/2023,2,21:00,DENUNCIA,Nivel 3
DELITOS SEXUALES,ACTO SEXUAL VIOLENTO. ART. 206 C.P.,CALI,Junín,09,-76.52645,3.43402,SIN INFORMACION,2023,junio     ,5,6/5/2023,2,04:30,DENUNCIA,Nivel 3
DELITOS SEXUALES,ACCESO CARNAL VIOLENTO. ART. 205 C.P.,CALI,San Pedro,03,-76.53314,3.449735,SIN INFORMACION,2023,junio     ,5,6/5/2023,2,12:00,DENUNCIA,Nivel 3
DELITOS SEXUALES,ACCESO CARNAL VIOLENTO. ART. 205 C.P.,CALI,José Manuel Marroquín I,14,-76.476575,3.419525,SIN INFORMACION,2023,junio     ,6,6/6/2023,3,08:15,DENUNCIA,Nivel 3
DELITOS SEXUALES,ACTOS SEXUALES CON MENOR DE CATORCE AÑOS. ART. 209 C.P.,CALI,Planta de Tratamiento,21,-76.477289,3.440558,SIN INFORMACION,2023,junio     ,6,6/6/2023,3,05:00,DENUNCIA,Nivel 3
DELITOS SEXUALES,ACCESO CARNAL ABUSIVO CON MENOR DE CATORCE AÑOS. ART. 208 C.P.,CALI,San Carlos,11,-76.515606,3.423179,DOMICILIO,2023,junio     ,6,6/6/2023,3,10:00,DENUNCIA,Nivel 3
DELITOS SEXUALES,ACTOS SEXUALES CON MENOR DE CATORCE AÑOS. ART. 209 C.P.,CALI,Sector Cañaveralejo Guadalupe,19,-76.55651,3.41095,DOMICILIO,2023,junio     ,6,6/6/2023,3,16:00,DENUNCIA,Nivel 3
DELITOS SEXUALES,ACCESO CARNAL ABUSIVO CON MENOR DE CATORCE AÑOS. ART. 208 C.P.,CALI,Omar Torrijos,13,-76.486671,3.424538,DOMICILIO,2023,junio     ,6,6/6/2023,3,15:00,DENUNCIA,Nivel 3
DELITOS SEXUALES,ACCESO CARNAL O ACTO SEXUAL ABUSIVOS CON INCAPAZ DE RESISTIR. ART. 210 C.P.,CALI,Rural,Rural,-76.553759,3.498704,SIN INFORMACION,2023,junio     ,7,6/7/2023,4,09:00,DENUNCIA,Nivel 3
DELITOS SEXUALES,ACTOS SEXUALES CON MENOR DE CATORCE AÑOS. ART. 209 C.P.,CALI,Rural,Rural,-76.556785,3.357385,DOMICILIO,2023,junio     ,7,6/7/2023,4,07:00,DENUNCIA,Nivel 3
DELITOS SEXUALES,ACTOS SEXUALES CON MENOR DE CATORCE AÑOS. ART. 209 C.P.,CALI,Rural,Rural,-76.549173,3.486775,SIN INFORMACION,2023,junio     ,7,6/7/2023,4,13:00,DENUNCIA,Nivel 3
DELITOS SEXUALES,ACCESO CARNAL ABUSIVO CON MENOR DE CATORCE AÑOS. ART. 208 C.P.,CALI,Paso del Comercio,06,-76.489585,3.493286,SIN INFORMACION,2023,junio     ,7,6/7/2023,4,05:00,DENUNCIA,Nivel 3
DELITOS SEXUALES,ACTO SEXUAL VIOLENTO. ART. 206 C.P.,CALI,Ciudad Córdoba,15,-76.50422,3.40726,SIN INFORMACION,2023,junio     ,7,6/7/2023,4,10:00,DENUNCIA,Nivel 3
DELITOS SEXUALES,ACTOS SEXUALES CON MENOR DE CATORCE AÑOS. ART. 209 C.P.,CALI,El Guabal,10,-76.52841,3.41807,SIN INFORMACION,2023,junio     ,7,6/7/2023,4,10:51,DENUNCIA,Nivel 3
DELITOS SEXUALES,ACOSO SEXUAL ART. 210A C.P.  ADICIONADO LEY 1257 DE 2008,CALI,Ignacio Rengifo,04,-76.51214,3.471105,SIN INFORMACION,2023,junio     ,8,6/8/2023,5,16:00,DENUNCIA,Nivel 3
DELITOS SEXUALES,ACTOS SEXUALES CON MENOR DE CATORCE AÑOS. ART. 209 C.P.,CALI,Rural,Rural,-76.549129,3.486857,SIN INFORMACION,2023,junio     ,8,6/8/2023,5,06:00,DENUNCIA,Nivel 3
DELITOS SEXUALES,ACOSO SEXUAL ART. 210A C.P.  ADICIONADO LEY 1257 DE 2008,CALI,San Fernando Viejo,19,-76.544071,3.434442,SIN INFORMACION,2023,junio     ,8,6/8/2023,5,01:00,DENUNCIA,Nivel 3
DELITOS SEXUALES,ACTO SEXUAL VIOLENTO. ART. 206 C.P.,CALI,Chiminangos II,05,-76.49296,3.47857,ESTABLECIMIENTO EDUCATIVO,2023,junio     ,8,6/8/2023,5,00:00,DENUNCIA,Nivel 3
DELITOS SEXUALES,ACCESO CARNAL ABUSIVO CON MENOR DE CATORCE AÑOS. ART. 208 C.P.,CALI,Siloé,20,-76.5579,3.417325,SIN INFORMACION,2023,junio     ,8,6/8/2023,5,10:05,DENUNCIA,Nivel 3
DELITOS SEXUALES,ACTOS SEXUALES CON MENOR DE CATORCE AÑOS. ART. 209 C.P.,CALI,José Manuel Marroquín II,14,-76.480079,3.42821,DOMICILIO,2023,junio     ,8,6/8/2023,5,08:00,DENUNCIA,Nivel 3
DELITOS SEXUALES,ACTO SEXUAL VIOLENTO CON MENOR DE CATORCE AÑOS ART. 209 C.P. ,CALI,Vista Hermosa,01,-76.572445,3.45415,DOMICILIO,2023,junio     ,9,6/9/2023,6,00:00,DENUNCIA,Nivel 3
DELITOS SEXUALES,ACTOS SEXUALES CON MENOR DE CATORCE AÑOS. ART. 209 C.P.,CALI,República de Israel,16,-76.51697,3.40913,DOMICILIO,2023,junio     ,9,6/9/2023,6,22:00,DENUNCIA,Nivel 3
DELITOS SEXUALES,ACOSO SEXUAL ART. 210A C.P.  ADICIONADO LEY 1257 DE 2008,CALI,El Troncal,08,-76.502396,3.450068,SIN INFORMACION,2023,junio     ,10,6/10/2023,7,02:30,DENUNCIA,Nivel 3
DELITOS SEXUALES,ACOSO SEXUAL ART. 210A C.P.  ADICIONADO LEY 1257 DE 2008,CALI,Valle Grande,21,-76.472676,3.437975,SIN INFORMACION,2023,junio     ,10,6/10/2023,7,12:38,DENUNCIA,Nivel 3
DELITOS SEXUALES,ACTOS SEXUALES CON MENOR DE CATORCE AÑOS. ART. 209 C.P.,CALI,Desepaz Invicali,21,-76.461849,3.426102,DOMICILIO,2023,junio     ,11,6/11/2023,1,20:00,DENUNCIA,Nivel 3
DELITOS SEXUALES,ACOSO SEXUAL ART. 210A C.P.  ADICIONADO LEY 1257 DE 2008,CALI,Industrial,08,-76.512893,3.453319,SIN INFORMACION,2023,junio     ,11,6/11/2023,1,16:28,DENUNCIA,Nivel 3
DELITOS SEXUALES,ACTO SEXUAL VIOLENTO CON MENOR DE CATORCE AÑOS ART. 209 C.P. ,CALI,Calimio Desepaz,21,-76.467796,3.416565,DOMICILIO,2023,junio     ,11,6/11/2023,1,10:14,DENUNCIA,Nivel 3
DELITOS SEXUALES,ACTO SEXUAL VIOLENTO. ART. 206 C.P.,CALI,Manuela Beltrán,14,-76.475101,3.419988,SIN INFORMACION,2023,junio     ,11,6/11/2023,1,08:30,DENUNCIA,Nivel 3
DELITOS SEXUALES,ACTO SEXUAL VIOLENTO CON MENOR DE CATORCE AÑOS ART. 209 C.P. ,CALI,Los Naranjos II,14,-76.474543,3.433874,DOMICILIO,2023,junio     ,11,6/11/2023,1,10:00,DENUNCIA,Nivel 3
DELITOS SEXUALES,ACTOS SEXUALES CON MENOR DE CATORCE AÑOS. ART. 209 C.P.,CALI,República de Israel,16,-76.511292,3.40316,DOMICILIO,2023,junio     ,11,6/11/2023,1,16:00,DENUNCIA,Nivel 3
DELITOS SEXUALES,ACTOS SEXUALES CON MENOR DE CATORCE AÑOS. ART. 209 C.P.,CALI,Mariano Ramos,16,-76.517489,3.403526,DOMICILIO,2023,junio     ,11,6/11/2023,1,01:10,DENUNCIA,Nivel 3
DELITOS SEXUALES,ACCESO CARNAL ABUSIVO CON MENOR DE CATORCE AÑOS. ART. 208 C.P.,CALI,Barrio Obrero,09,-76.52102,3.44935,DOMICILIO,2023,junio     ,12,6/12/2023,2,18:00,DENUNCIA,Nivel 3
DELITOS SEXUALES,ACCESO CARNAL VIOLENTO. ART. 205 C.P.,CALI,Alto Nápoles,18,-76.551555,3.386005,OTRO,2023,junio     ,12,6/12/2023,2,20:30,DENUNCIA,Nivel 3
DELITOS SEXUALES,ACCESO CARNAL ABUSIVO CON MENOR DE CATORCE AÑOS. ART. 208 C.P.,CALI,Siete de Agosto,07,-76.483238,3.450673,SIN INFORMACION,2023,junio     ,12,6/12/2023,2,18:00,DENUNCIA,Nivel 3
DELITOS SEXUALES,ACCESO CARNAL ABUSIVO CON MENOR DE CATORCE AÑOS. ART. 208 C.P.,CALI,Barrio Obrero,09,-76.51914,3.4491,DOMICILIO,2023,junio     ,12,6/12/2023,2,18:00,DENUNCIA,Nivel 3
DELITOS SEXUALES,ACTOS SEXUALES CON MENOR DE CATORCE AÑOS. ART. 209 C.P.,CALI,Prados de Oriente,11,-76.513579,3.431928,CERCA AL DOMICILIO,2023,junio     ,13,6/13/2023,3,15:00,DENUNCIA,Nivel 3
DELITOS SEXUALES,ACCESO CARNAL VIOLENTO. ART. 205 C.P.,CALI,El Jordán,18,-76.550335,3.372946,SIN INFORMACION,2023,junio     ,13,6/13/2023,3,23:00,DENUNCIA,Nivel 3
DELITOS SEXUALES,ACOSO SEXUAL ART. 210A C.P.  ADICIONADO LEY 1257 DE 2008,CALI,Cristóbal Colón,10,-76.52096,3.42324,SIN INFORMACION,2023,junio     ,13,6/13/2023,3,12:30,DENUNCIA,Nivel 3
DELITOS SEXUALES,ACTOS SEXUALES CON MENOR DE CATORCE AÑOS. ART. 209 C.P.,CALI,Pizamos I,21,-76.474273,3.403564,VIA PUBLICA,2023,junio     ,13,6/13/2023,3,20:00,DENUNCIA,Nivel 3
DELITOS SEXUALES,ACCESO CARNAL ABUSIVO CON MENOR DE CATORCE AÑOS. ART. 208 C.P.,CALI,Desepaz Invicali,21,-76.463558,3.423392,DOMICILIO,2023,junio     ,14,6/14/2023,4,13:30,DENUNCIA,Nivel 3
DELITOS SEXUALES,ACTOS SEXUALES CON MENOR DE CATORCE AÑOS. ART. 209 C.P.,CALI,Sector Alto de los Chorros,18,-76.557859,3.38992,DOMICILIO,2023,junio     ,14,6/14/2023,4,22:30,DENUNCIA,Nivel 3
DELITOS SEXUALES,ACTOS SEXUALES CON MENOR DE CATORCE AÑOS. ART. 209 C.P.,CALI,Potrero Grande,21,-76.467655,3.408841,DOMICILIO,2023,junio     ,14,6/14/2023,4,16:00,DENUNCIA,Nivel 3
DELITOS SEXUALES,ACTO SEXUAL VIOLENTO CON MENOR DE CATORCE AÑOS ART. 209 C.P. ,CALI,Guillermo Valencia,04,-76.51021,3.47377,DOMICILIO,2023,junio     ,14,6/14/2023,4,00:00,DENUNCIA,Nivel 3
DELITOS SEXUALES,ACTOS SEXUALES CON MENOR DE CATORCE AÑOS. ART. 209 C.P.,CALI,El Morichal,15,-76.502031,3.399771,SIN INFORMACION,2023,junio     ,14,6/14/2023,4,17:00,DENUNCIA,Nivel 3
DELITOS SEXUALES,ACCESO CARNAL VIOLENTO. ART. 205 C.P.,CALI,La Fortaleza,11,-76.512089,3.428114,DOMICILIO,2023,junio     ,15,6/15/2023,5,12:39,DENUNCIA,Nivel 3
DELITOS SEXUALES,ACCESO CARNAL ABUSIVO CON MENOR DE CATORCE AÑOS. ART. 208 C.P.,CALI,Calimio Desepaz,21,-76.46828,3.414359,SIN INFORMACION,2023,junio     ,15,6/15/2023,5,08:02,DENUNCIA,Nivel 3
DELITOS SEXUALES,ACCESO CARNAL ABUSIVO CON MENOR DE CATORCE AÑOS. ART. 208 C.P.,CALI,Chiminangos II,05,-76.492299,3.478677,SIN INFORMACION,2023,junio     ,15,6/15/2023,5,09:00,DENUNCIA,Nivel 3
DELITOS SEXUALES,ACTOS SEXUALES CON MENOR DE CATORCE AÑOS. ART. 209 C.P.,CALI,El Morichal,15,-76.500209,3.402359,DOMICILIO,2023,junio     ,15,6/15/2023,5,17:00,DENUNCIA,Nivel 3
DELITOS SEXUALES,ACTOS SEXUALES CON MENOR DE CATORCE AÑOS. ART. 209 C.P.,CALI,Rural,Rural,-76.612399,3.529797,DOMICILIO,2023,junio     ,15,6/15/2023,5,15:00,DENUNCIA,Nivel 3
DELITOS SEXUALES,ACCESO CARNAL O ACTO SEXUAL EN PERSONA PUESTA EN INCAPACIDAD DE RESISTIR. ART. 207 C.P.,CALI,San Luís,06,-76.486913,3.47962,SIN INFORMACION,2023,junio     ,16,6/16/2023,6,14:00,DENUNCIA,Nivel 3
DELITOS SEXUALES,ACCESO CARNAL VIOLENTO. ART. 205 C.P.,CALI,San Pedro,03,-76.53309,3.4497,VIA PUBLICA,2023,junio     ,16,6/16/2023,6,00:00,DENUNCIA,Nivel 3
DELITOS SEXUALES,ACTOS SEXUALES CON MENOR DE CATORCE AÑOS. ART. 209 C.P.,CALI,Rodrigo Lara Bonilla,13,-76.488732,3.425665,SIN INFORMACION,2023,junio     ,16,6/16/2023,6,08:00,DENUNCIA,Nivel 3
DELITOS SEXUALES,ACCESO CARNAL O ACTO SEXUAL ABUSIVOS CON INCAPAZ DE RESISTIR. ART. 210 C.P.,CALI,Rural,Rural,-76.49057,3.409585,DOMICILIO,2023,junio     ,16,6/16/2023,6,00:00,DENUNCIA,Nivel 3
DELITOS SEXUALES,ACTOS SEXUALES CON MENOR DE CATORCE AÑOS. ART. 209 C.P.,CALI,Alirio Mora Beltrán,14,-76.481158,3.434887,DOMICILIO,2023,junio     ,17,6/17/2023,7,09:01,DENUNCIA,Nivel 3
DELITOS SEXUALES,ACTOS SEXUALES CON MENOR DE CATORCE AÑOS. ART. 209 C.P.,CALI,San Pedro,03,-76.53309,3.4497,AREA RURAL,2023,junio     ,17,6/17/2023,7,18:00,DENUNCIA,Nivel 3
DELITOS SEXUALES,ACTO SEXUAL VIOLENTO. ART. 206 C.P.,CALI,Rural,Rural,-76.600595,3.434055,DOMICILIO,2023,junio     ,17,6/17/2023,7,00:00,DENUNCIA,Nivel 3
DELITOS SEXUALES,ACOSO SEXUAL ART. 210A C.P.  ADICIONADO LEY 1257 DE 2008,CALI,Menga,02,-76.5265,3.487878,SIN INFORMACION,2023,junio     ,18,6/18/2023,1,11:50,DENUNCIA,Nivel 3
DELITOS SEXUALES,ACTO SEXUAL VIOLENTO. ART. 206 C.P.,CALI,Promociones Populares B,14,-76.474536,3.4256,DOMICILIO,2023,junio     ,18,6/18/2023,1,19:00,DENUNCIA,Nivel 3
DELITOS SEXUALES,ACCESO CARNAL O ACTO SEXUAL ABUSIVOS CON INCAPAZ DE RESISTIR. ART. 210 C.P.,CALI,Santa Mónica,02,-76.53341,3.46338,SIN INFORMACION,2023,junio     ,18,6/18/2023,1,04:42,DENUNCIA,Nivel 3
DELITOS SEXUALES,ACTOS SEXUALES CON MENOR DE CATORCE AÑOS. ART. 209 C.P.,CALI,El Limonar,17,-76.529253,3.401948,DOMICILIO,2023,junio     ,19,6/19/2023,2,00:00,DENUNCIA,Nivel 3
DELITOS SEXUALES,ACTO SEXUAL VIOLENTO CON MENOR DE CATORCE AÑOS ART. 209 C.P. ,CALI,Lleras Camargo,20,-76.561356,3.421973,SIN INFORMACION,2023,junio     ,19,6/19/2023,2,10:00,DENUNCIA,Nivel 3
DELITOS SEXUALES,ACTOS SEXUALES CON MENOR DE CATORCE AÑOS. ART. 209 C.P.,CALI,Alfonso Bonilla Aragón,14,-76.479107,3.416052,DOMICILIO,2023,junio     ,19,6/19/2023,2,08:00,DENUNCIA,Nivel 3
DELITOS SEXUALES,ACTO SEXUAL VIOLENTO CON MENOR DE CATORCE AÑOS ART. 209 C.P. ,CALI,Lleras Camargo,20,-76.561356,3.421973,SIN INFORMACION,2023,junio     ,19,6/19/2023,2,10:00,DENUNCIA,Nivel 3
DELITOS SEXUALES,ACOSO SEXUAL ART. 210A C.P.  ADICIONADO LEY 1257 DE 2008,CALI,Siloé,20,-76.55586,3.42074,SIN INFORMACION,2023,junio     ,19,6/19/2023,2,14:00,DENUNCIA,Nivel 3
DELITOS SEXUALES,ACOSO SEXUAL ART. 210A C.P.  ADICIONADO LEY 1257 DE 2008,CALI,Alto Nápoles,18,-76.558865,3.380738,SIN INFORMACION,2023,junio     ,20,6/20/2023,3,10:17,DENUNCIA,Nivel 3
DELITOS SEXUALES,ACCESO CARNAL VIOLENTO. ART. 205 C.P.,CALI,Chapinero,08,-76.497775,3.443713,DOMICILIO,2023,junio     ,20,6/20/2023,3,22:00,DENUNCIA,Nivel 3
DELITOS SEXUALES,ACCESO CARNAL VIOLENTO. ART. 205 C.P.,CALI,Mojica,15,-76.484199,3.414838,SIN INFORMACION,2023,junio     ,21,6/21/2023,4,09:00,DENUNCIA,Nivel 3
DELITOS SEXUALES,ACTO SEXUAL VIOLENTO CON MENOR DE CATORCE AÑOS ART. 209 C.P. ,CALI,Laureano Gómez,15,-76.496603,3.414117,DOMICILIO,2023,junio     ,21,6/21/2023,4,16:00,DENUNCIA,Nivel 3
DELITOS SEXUALES,ACOSO SEXUAL ART. 210A C.P.  ADICIONADO LEY 1257 DE 2008,CALI,San Pedro,03,-76.531653,3.451787,SIN INFORMACION,2023,junio     ,21,6/21/2023,4,19:30,DENUNCIA,Nivel 3
DELITOS SEXUALES,ACCESO CARNAL ABUSIVO CON MENOR DE CATORCE AÑOS. ART. 208 C.P.,CALI,Calimio Desepaz,21,-76.46912,3.41271,ESTABLECIMIENTO EDUCATIVO,2023,junio     ,22,6/22/2023,5,13:30,DENUNCIA,Nivel 3
DELITOS SEXUALES,ACCESO CARNAL VIOLENTO. ART. 205 C.P. ,CALI,Antonio Nariño,16,-76.501117,3.412108,DOMICILIO,2023,junio     ,22,6/22/2023,5,16:30,DENUNCIA,Nivel 3
DELITOS SEXUALES,ACCESO CARNAL VIOLENTO. ART. 205 C.P.,CALI,La Fortaleza,11,-76.51485,3.427251,DOMICILIO,2023,junio     ,22,6/22/2023,5,19:00,DENUNCIA,Nivel 3
DELITOS SEXUALES,ACTO SEXUAL VIOLENTO CON MENOR DE CATORCE AÑOS ART. 209 C.P. ,CALI,Los Comuneros II,13,-76.49171,3.42634,DOMICILIO,2023,junio     ,22,6/22/2023,5,18:30,DENUNCIA,Nivel 3
DELITOS SEXUALES,ACCESO CARNAL VIOLENTO. ART. 205 C.P.,CALI,El Guabal,10,-76.526557,3.414846,SIN INFORMACION,2023,junio     ,22,6/22/2023,5,07:03,DENUNCIA,Nivel 3
DELITOS SEXUALES,ACCESO CARNAL O ACTO SEXUAL EN PERSONA PUESTA EN INCAPACIDAD DE RESISTIR. ART. 207 C.P.,CALI,San Cristóbal,10,-76.522162,3.4309,DOMICILIO,2023,junio     ,22,6/22/2023,5,00:00,DENUNCIA,Nivel 3
DELITOS SEXUALES,ACCESO CARNAL O ACTO SEXUAL ABUSIVOS CON INCAPAZ DE RESISTIR. ART. 210 C.P.,CALI,Alto Nápoles,18,-76.55321,3.38971,DOMICILIO,2023,junio     ,23,6/23/2023,6,16:40,DENUNCIA,Nivel 3
DELITOS SEXUALES,ACCESO CARNAL VIOLENTO. ART. 205 C.P. ,CALI,Nueva Floresta,12,-76.49809,3.43764,DOMICILIO,2023,junio     ,23,6/23/2023,6,02:00,DENUNCIA,Nivel 3
DELITOS SEXUALES,ACOSO SEXUAL ART. 210A C.P.  ADICIONADO LEY 1257 DE 2008,CALI,Las Orquídeas,14,-76.476988,3.414322,SIN INFORMACION,2023,junio     ,24,6/24/2023,7,17:00,DENUNCIA,Nivel 3
DELITOS SEXUALES,ACCESO CARNAL ABUSIVO CON MENOR DE CATORCE AÑOS. ART. 208 C.P.,CALI,Caney,17,-76.514727,3.385357,DOMICILIO,2023,junio     ,24,6/24/2023,7,19:00,DENUNCIA,Nivel 3
DELITOS SEXUALES,ACCESO CARNAL ABUSIVO CON MENOR DE CATORCE AÑOS. ART. 208 C.P.,CALI,Siete de Agosto,07,-76.48332,3.450801,SIN INFORMACION,2023,junio     ,24,6/24/2023,7,01:00,DENUNCIA,Nivel 3
DELITOS SEXUALES,PORNOGRAFIA CON MENORES ART. 218 C.P.,CALI,Los Pinos,07,-76.484144,3.457312,DOMICILIO,2023,junio     ,24,6/24/2023,7,00:40,DENUNCIA,Nivel 3
DELITOS SEXUALES,ACOSO SEXUAL ART. 210A C.P.  ADICIONADO LEY 1257 DE 2008,CALI,Petecuy Primera Etapa,06,-76.477833,3.475141,SIN INFORMACION,2023,junio     ,24,6/24/2023,7,13:00,DENUNCIA,Nivel 3
DELITOS SEXUALES,PROXENETISMO CON MENOR DE EDAD ART. 213A C.P.,CALI,Las Ceibas,07,-76.487299,3.455665,DOMICILIO,2023,junio     ,25,6/25/2023,1,23:59,DENUNCIA,Nivel 3
DELITOS SEXUALES,PORNOGRAFIA CON MENORES ART. 218 C.P.,CALI,Los Comuneros I,15,-76.494305,3.415052,SIN INFORMACION,2023,junio     ,25,6/25/2023,1,10:56,DENUNCIA,Nivel 3
DELITOS SEXUALES,ACTO SEXUAL VIOLENTO. ART. 206 C.P.,CALI,Parcelaciones Pance,22,-76.530487,3.346813,SIN INFORMACION,2023,junio     ,25,6/25/2023,1,06:00,DENUNCIA,Nivel 3
DELITOS SEXUALES,ACCESO CARNAL ABUSIVO CON MENOR DE CATORCE AÑOS. ART. 208 C.P.,CALI,El Poblado I,13,-76.49975,3.419243,DOMICILIO,2023,junio     ,25,6/25/2023,1,15:00,DENUNCIA,Nivel 3
DELITOS SEXUALES,PORNOGRAFIA CON MENORES ART. 218 C.P.,CALI,Charco Azul,13,-76.484338,3.44235,SIN INFORMACION,2023,junio     ,25,6/25/2023,1,03:49,DENUNCIA,Nivel 3
DELITOS SEXUALES,ACCESO CARNAL ABUSIVO CON MENOR DE CATORCE AÑOS. ART. 208 C.P.,CALI,San Carlos,11,-76.513938,3.42403,SIN INFORMACION,2023,junio     ,26,6/26/2023,2,16:00,DENUNCIA,Nivel 3
DELITOS SEXUALES,ACCESO CARNAL ABUSIVO CON MENOR DE CATORCE AÑOS. ART. 208 C.P.,CALI,Santa Rosa,03,-76.535804,3.446223,DOMICILIO,2023,junio     ,26,6/26/2023,2,00:00,DENUNCIA,Nivel 3
DELITOS SEXUALES,ACTO SEXUAL VIOLENTO CON MENOR DE CATORCE AÑOS ART. 209 C.P. ,CALI,Ricardo Balcázar,13,-76.49499,3.433328,ESTABLECIMIENTO EDUCATIVO,2023,junio     ,26,6/26/2023,2,08:00,DENUNCIA,Nivel 3
DELITOS SEXUALES,ACCESO CARNAL ABUSIVO CON MENOR DE CATORCE AÑOS. ART. 208 C.P.,CALI,Rural,Rural,-76.529865,3.297775,EDIFICIO,2023,junio     ,26,6/26/2023,2,11:00,DENUNCIA,Nivel 3
DELITOS SEXUALES,ACTOS SEXUALES CON MENOR DE CATORCE AÑOS. ART. 209 C.P.,CALI,Rural,Rural,-76.547309,3.487636,DOMICILIO,2023,junio     ,26,6/26/2023,2,16:00,DENUNCIA,Nivel 3
DELITOS SEXUALES,ACOSO SEXUAL ART. 210A C.P.  ADICIONADO LEY 1257 DE 2008,CALI,República de Israel,16,-76.511198,3.403707,SIN INFORMACION,2023,junio     ,26,6/26/2023,2,05:50,DENUNCIA,Nivel 3
DELITOS SEXUALES,ACTO SEXUAL VIOLENTO. ART. 206 C.P.,CALI,Ciudadela Floralia,06,-76.49686,3.49628,SIN INFORMACION,2023,junio     ,27,6/27/2023,3,11:00,DENUNCIA,Nivel 3
DELITOS SEXUALES,ACCESO CARNAL VIOLENTO. ART. 205 C.P.,CALI,Siloé,20,-76.556444,3.422139,VIA PUBLICA,2023,junio     ,27,6/27/2023,3,00:00,DENUNCIA,Nivel 3
DELITOS SEXUALES,ACTOS SEXUALES CON MENOR DE CATORCE AÑOS. ART. 209 C.P.,CALI,Barrio Obrero,09,-76.519751,3.448563,SIN INFORMACION,2023,junio     ,27,6/27/2023,3,14:14,DENUNCIA,Nivel 3
DELITOS SEXUALES,DEMANDA DE EXPLOT.SEX. COMERC. MENOR DE 18 AÑOS Adic. Art 217A C.P. Ley 1329 de 2009,CALI,Junín,09,-76.52645,3.43402,SIN INFORMACION,2023,junio     ,27,6/27/2023,3,08:33,DENUNCIA,Nivel 3
DELITOS SEXUALES,ACTO SEXUAL VIOLENTO. ART. 206 C.P.,CALI,Lili,17,-76.51974,3.370812,SIN INFORMACION,2023,junio     ,27,6/27/2023,3,15:40,DENUNCIA,Nivel 3
DELITOS SEXUALES,DEMANDA DE EXPLOT.SEX. COMERC. MENOR DE 18 AÑOS Adic. Art 217A C.P. Ley 1329 de 2009,CALI,República de Israel,16,-76.512374,3.406433,DOMICILIO,2023,junio     ,28,6/28/2023,4,14:00,DENUNCIA,Nivel 3
DELITOS SEXUALES,ACTO SEXUAL VIOLENTO CON MENOR DE CATORCE AÑOS ART. 209 C.P. ,CALI,Terrón Colorado,01,-76.558169,3.451144,SIN INFORMACION,2023,junio     ,28,6/28/2023,4,15:02,DENUNCIA,Nivel 3
DELITOS SEXUALES,ACCESO CARNAL VIOLENTO. ART. 205 C.P.,CALI,Santa Elena,10,-76.521818,3.425747,SIN INFORMACION,2023,junio     ,28,6/28/2023,4,09:20,DENUNCIA,Nivel 3
DELITOS SEXUALES,ACTOS SEXUALES CON MENOR DE CATORCE AÑOS. ART. 209 C.P.,CALI,Los Naranjos II,14,-76.475414,3.434073,SIN INFORMACION,2023,junio     ,28,6/28/2023,4,08:04,DENUNCIA,Nivel 3
DELITOS SEXUALES,ACCESO CARNAL ABUSIVO CON MENOR DE CATORCE AÑOS. ART. 208 C.P.,CALI,Nueva Floresta,12,-76.49661,3.43822,DOMICILIO,2023,junio     ,29,6/29/2023,5,17:00,DENUNCIA,Nivel 3
DELITOS SEXUALES,ACTOS SEXUALES CON MENOR DE CATORCE AÑOS. ART. 209 C.P.,CALI,Sector Alto de los Chorros,18,-76.55966,3.39205,DOMICILIO,2023,junio     ,29,6/29/2023,5,11:20,DENUNCIA,Nivel 3
DELITOS SEXUALES,ACOSO SEXUAL ART. 210A ,CALI,Siete de Agosto,07,-76.485099,3.448314,SIN INFORMACION,2023,junio     ,29,6/29/2023,5,22:00,DENUNCIA,Nivel 3
DELITOS SEXUALES,ACCESO CARNAL ABUSIVO CON MENOR DE CATORCE AÑOS. ART. 208 C.P.,CALI,Alirio Mora Beltrán,14,-76.480484,3.43444,DOMICILIO,2023,junio     ,29,6/29/2023,5,07:00,DENUNCIA,Nivel 3
DELITOS SEXUALES,ACOSO SEXUAL ART. 210A C.P.  ADICIONADO LEY 1257 DE 2008,CALI,Alto Nápoles,18,-76.558865,3.380738,ESTABLECIMIENTO EDUCATIVO,2023,junio     ,29,6/29/2023,5,19:27,DENUNCIA,Nivel 3
DELITOS SEXUALES,ACCESO CARNAL VIOLENTO. ART. 205 C.P.,CALI,Los Guaduales,06,-76.50051,3.48968,DOMICILIO,2023,junio     ,30,6/30/2023,6,16:00,DENUNCIA,Nivel 3
DELITOS SEXUALES,INDUCCION A LA PROSTITUCION ART. 213 C.P.,CALI,Junín,09,-76.52645,3.43402,SIN INFORMACION,2023,junio     ,30,6/30/2023,6,19:03,DENUNCIA,Nivel 3
DELITOS SEXUALES,ACCESO CARNAL O ACTO SEXUAL ABUSIVOS CON INCAPAZ DE RESISTIR. ART. 210 C.P.,CALI,Sector Alto de los Chorros,18,-76.55839,3.394515,DOMICILIO,2023,junio     ,30,6/30/2023,6,00:00,DENUNCIA,Nivel 3
DELITOS SEXUALES,ACOSO SEXUAL ART. 210A C.P.  ADICIONADO LEY 1257 DE 2008,CALI,San Judas Tadeo I,10,-76.524853,3.406142,SIN INFORMACION,2023,junio     ,30,6/30/2023,6,19:00,DENUNCIA,Nivel 3
DELITOS SEXUALES,ACCESO CARNAL VIOLENTO. ART. 205 C.P.,CALI,República de Israel,16,-76.512878,3.404839,SIN INFORMACION,2023,junio     ,30,6/30/2023,6,10:57,DENUNCIA,Nivel 3
DELITOS SEXUALES,PORNOGRAFIA CON MENORES ART. 218 C.P.,CALI,Junín,09,-76.52645,3.43402,SIN INFORMACION,2023,junio     ,30,6/30/2023,6,21:00,DENUNCIA,Nivel 3
DELITOS SEXUALES,ACTO SEXUAL VIOLENTO. ART. 206 C.P.,CALI,Los Comuneros I,15,-76.495185,3.40875,VEHICULO TAXI,2023,junio     ,30,6/30/2023,6,02:13,DENUNCIA,Nivel 3
DELITOS SEXUALES,ACTOS SEXUALES CON MENOR DE CATORCE AÑOS. ART. 209 C.P.,CALI,Junín,09,-76.52645,3.43402,SIN INFORMACION,2023,julio     ,1,7/1/2023,7,10:49,DENUNCIA,Nivel 3
DELITOS SEXUALES,,CALI,El Limonar,17,-76.529763,3.402237,SIN INFORMACION,2023,julio     ,1,7/1/2023,7,23:54,DENUNCIA,Nivel 3
DELITOS SEXUALES,ACCESO CARNAL ABUSIVO CON MENOR DE CATORCE AÑOS. ART. 208 C.P.,CALI,Los Lagos,13,-76.486435,3.429521,SIN INFORMACION,2023,julio     ,1,7/1/2023,7,13:35,DENUNCIA,Nivel 3
DELITOS SEXUALES,ACCESO CARNAL VIOLENTO. ART. 205 C.P.,CALI,Guayaquil,09,-76.527281,3.441878,SIN INFORMACION,2023,julio     ,1,7/1/2023,7,18:00,DENUNCIA,Nivel 3
DELITOS SEXUALES,ACTOS SEXUALES CON MENOR DE CATORCE AÑOS. ART. 209 C.P.,CALI,Calipso,13,-76.49897,3.426094,DOMICILIO,2023,julio     ,1,7/1/2023,7,00:00,DENUNCIA,Nivel 3
DELITOS SEXUALES,ACCESO CARNAL ABUSIVO CON MENOR DE CATORCE AÑOS. ART. 208 C.P.,CALI,Las Acacias,10,-76.521132,3.435013,DOMICILIO,2023,julio     ,1,7/1/2023,7,10:00,DENUNCIA,Nivel 3
DELITOS SEXUALES,ACCESO CARNAL O ACTO SEXUAL ABUSIVOS CON INCAPAZ DE RESISTIR. ART. 210 C.P.,CALI,Cristóbal Colón,10,-76.52199,3.423348,SIN INFORMACION,2023,julio     ,1,7/1/2023,7,14:24,DENUNCIA,Nivel 3
DELITOS SEXUALES,ACOSO SEXUAL ART. 210A C.P.  ADICIONADO LEY 1257 DE 2008,CALI,Villa del Sur,11,-76.516912,3.414259,ESTABLECIMIENTO EDUCATIVO,2023,julio     ,1,7/1/2023,7,12:12,DENUNCIA,Nivel 3
DELITOS SEXUALES,ACCESO CARNAL VIOLENTO. ART. 205 C.P.,CALI,El Limonar,17,-76.530089,3.404574,SIN INFORMACION,2023,julio     ,1,7/1/2023,7,06:00,DENUNCIA,Nivel 3
DELITOS SEXUALES,ACCESO CARNAL ABUSIVO CON MENOR DE CATORCE AÑOS. ART. 208 C.P.,CALI,Desepaz Invicali,21,-76.463319,3.429174,DOMICILIO,2023,julio     ,1,7/1/2023,7,00:00,DENUNCIA,Nivel 3
DELITOS SEXUALES,ACCESO CARNAL O ACTO SEXUAL EN PERSONA PUESTA EN INCAPACIDAD DE RESISTIR. ART. 207 C.P.,CALI,Prados del Limonar,17,-76.528905,3.389064,SIN INFORMACION,2023,julio     ,1,7/1/2023,7,04:30,DENUNCIA,Nivel 3
DELITOS SEXUALES,ACTO SEXUAL VIOLENTO CON MENOR DE CATORCE AÑOS ART. 209 C.P. ,CALI,Manuela Beltrán,14,-76.47313,3.41878,SIN INFORMACION,2023,julio     ,1,7/1/2023,7,17:00,DENUNCIA,Nivel 3
DELITOS SEXUALES,ACCESO CARNAL VIOLENTO. ART. 205 C.P.,CALI,Rural,Rural,-76.494945,3.36404,DOMICILIO,2023,julio     ,1,7/1/2023,7,12:00,DENUNCIA,Nivel 3
DELITOS SEXUALES,ACTOS SEXUALES CON MENOR DE CATORCE AÑOS. ART. 209 C.P.,CALI,Marroquín III,13,-76.484239,3.432814,SIN INFORMACION,2023,julio     ,1,7/1/2023,7,12:00,DENUNCIA,Nivel 3
DELITOS SEXUALES,ACTO SEXUAL VIOLENTO CON MENOR DE CATORCE AÑOS ART. 209 C.P. ,CALI,León XIII,11,-76.509516,3.427668,DOMICILIO,2023,julio     ,1,7/1/2023,7,00:00,DENUNCIA,Nivel 3
DELITOS SEXUALES,ACCESO CARNAL O ACTO SEXUAL EN PERSONA PUESTA EN INCAPACIDAD DE RESISTIR. ART. 207 C.P.,CALI,Pizamos I,21,-76.474769,3.402077,SIN INFORMACION,2023,julio     ,2,7/2/2023,1,16:02,DENUNCIA,Nivel 3
DELITOS SEXUALES,ACCESO CARNAL VIOLENTO. ART. 205 C.P.,CALI,Promociones Populares B,14,-76.475021,3.425589,DOMICILIO,2023,julio     ,2,7/2/2023,1,00:00,DENUNCIA,Nivel 3
DELITOS SEXUALES,ACCESO CARNAL O ACTO SEXUAL ABUSIVOS CON INCAPAZ DE RESISTIR. ART. 210 C.P.,CALI,Ciudadela Floralia,06,-76.491385,3.494685,SIN INFORMACION,2023,julio     ,2,7/2/2023,1,02:00,DENUNCIA,Nivel 3
DELITOS SEXUALES,ACTOS SEXUALES CON MENOR DE CATORCE AÑOS. ART. 209 C.P.,CALI,Prados del Norte,02,-76.519393,3.468958,SIN INFORMACION,2023,julio     ,2,7/2/2023,1,06:02,DENUNCIA,Nivel 3
DELITOS SEXUALES,ACCESO CARNAL ABUSIVO CON MENOR DE CATORCE AÑOS. ART. 208 C.P.,CALI,Aguacatal,01,-76.560623,3.455211,DOMICILIO,2023,julio     ,2,7/2/2023,1,00:00,DENUNCIA,Nivel 3
DELITOS SEXUALES,ACCESO CARNAL O ACTO SEXUAL EN PERSONA PUESTA EN INCAPACIDAD DE RESISTIR. ART. 207 C.P.,CALI,San Fernando Viejo,19,-76.541718,3.434132,ESTABLECIMIENTO PUBLICO,2023,julio     ,2,7/2/2023,1,01:13,DENUNCIA,Nivel 3
DELITOS SEXUALES,ACCESO CARNAL O ACTO SEXUAL EN PERSONA PUESTA EN INCAPACIDAD DE RESISTIR. ART. 207 C.P.,CALI,PP6-PP8-PP10,81,-76.52527,3.327935,SIN INFORMACION,2023,julio     ,2,7/2/2023,1,09:00,DENUNCIA,Nivel 3
DELITOS SEXUALES,ACCESO CARNAL ABUSIVO CON MENOR DE CATORCE AÑOS. ART. 208 C.P.,CALI,Alto Nápoles,18,-76.556826,3.385706,DOMICILIO,2023,julio     ,3,7/3/2023,2,00:00,DENUNCIA,Nivel 3
DELITOS SEXUALES,ACCESO CARNAL ABUSIVO CON MENOR DE CATORCE AÑOS. ART. 208 C.P.,CALI,Prados del Sur,18,-76.555675,3.385919,SIN INFORMACION,2023,julio     ,3,7/3/2023,2,16:35,DENUNCIA,Nivel 3
DELITOS SEXUALES,ACCESO CARNAL VIOLENTO. ART. 205 C.P.,CALI,Calimio Desepaz,21,-76.467008,3.414756,DOMICILIO,2023,julio     ,3,7/3/2023,2,00:00,DENUNCIA,Nivel 3
DELITOS SEXUALES,ACCESO CARNAL ABUSIVO CON MENOR DE CATORCE AÑOS. ART. 208 C.P.,CALI,Mojica,15,-76.487471,3.415737,SIN INFORMACION,2023,julio     ,3,7/3/2023,2,12:02,DENUNCIA,Nivel 3
DELITOS SEXUALES,ACCESO CARNAL VIOLENTO. ART. 205 C.P.,CALI,San Nicolás,03,-76.522418,3.452765,EDIFICIO,2023,julio     ,4,7/4/2023,3,22:00,DENUNCIA,Nivel 3
DELITOS SEXUALES,ACCESO CARNAL VIOLENTO. ART. 205 C.P.,CALI,Alfonso Bonilla Aragón,14,-76.483408,3.418262,DOMICILIO,2023,julio     ,4,7/4/2023,3,17:00,DENUNCIA,Nivel 3
DELITOS SEXUALES,ACOSO SEXUAL ART. 210A C.P.  ADICIONADO LEY 1257 DE 2008,CALI,Manuel María Buenaventura,09,-76.5225,3.43722,SIN INFORMACION,2023,julio     ,4,7/4/2023,3,05:00,DENUNCIA,Nivel 3
DELITOS SEXUALES,ACCESO CARNAL O ACTO SEXUAL EN PERSONA PUESTA EN INCAPACIDAD DE RESISTIR. ART. 207 C.P.,CALI,Calima,04,-76.499788,3.485033,VEHICULO,2023,julio     ,4,7/4/2023,3,21:30,DENUNCIA,Nivel 3
DELITOS SEXUALES,ACCESO CARNAL VIOLENTO. ART. 205 C.P.,CALI,Alfonso Bonilla Aragón,14,-76.483408,3.418262,SIN INFORMACION,2023,julio     ,4,7/4/2023,3,22:00,DENUNCIA,Nivel 3
DELITOS SEXUALES,ACTOS SEXUALES CON MENOR DE CATORCE AÑOS. ART. 209 C.P.,CALI,El Remanso,21,-76.46685,3.41787,SIN INFORMACION,2023,julio     ,5,7/5/2023,4,14:32,DENUNCIA,Nivel 3
DELITOS SEXUALES,ACCESO CARNAL VIOLENTO. ART. 205 C.P.,CALI,San Pedro,03,-76.53309,3.4497,VIA PUBLICA,2023,julio     ,5,7/5/2023,4,00:00,DENUNCIA,Nivel 3
DELITOS SEXUALES,ACTOS SEXUALES CON MENOR DE CATORCE AÑOS. ART. 209 C.P.,CALI,Rodrigo Lara Bonilla,13,-76.488541,3.425514,SIN INFORMACION,2023,julio     ,5,7/5/2023,4,08:03,DENUNCIA,Nivel 3
DELITOS SEXUALES,"ADIC.L.679/2001,ART.34.UTILIZAC.O FACILITAC.MEDIOS DE COMUNICAC.PARA OFRECER SERV.SEXUALES DE MENORES",CALI,Las Ceibas,07,-76.48541,3.455115,SIN INFORMACION,2023,julio     ,5,7/5/2023,4,12:30,DENUNCIA,Nivel 3
DELITOS SEXUALES,ACCESO CARNAL VIOLENTO. ART. 205 C.P. ,CALI,Ciudadela Floralia,06,-76.49271,3.49555,SIN INFORMACION,2023,julio     ,5,7/5/2023,4,12:21,DENUNCIA,Nivel 3
DELITOS SEXUALES,ACTO SEXUAL VIOLENTO CON MENOR DE CATORCE AÑOS ART. 209 C.P. ,CALI,Torres de Comfandi,05,-76.49758,3.473784,SIN INFORMACION,2023,julio     ,6,7/6/2023,5,19:00,DENUNCIA,Nivel 3
DELITOS SEXUALES,ACTOS SEXUALES CON MENOR DE CATORCE AÑOS. ART. 209 C.P.,CALI,Petecuy Segunda Etapa,06,-76.481071,3.480255,DOMICILIO,2023,julio     ,6,7/6/2023,5,18:00,DENUNCIA,Nivel 3
DELITOS SEXUALES,ACCESO CARNAL ABUSIVO CON MENOR DE CATORCE AÑOS. ART. 208 C.P.,CALI,Lourdes,18,-76.555543,3.392908,LUGAR DE RECREACION / PARQUE,2023,julio     ,7,7/7/2023,6,14:00,DENUNCIA,Nivel 3
DELITOS SEXUALES,ACTOS SEXUALES CON MENOR DE CATORCE AÑOS. ART. 209 C.P.,CALI,Mojica,15,-76.487653,3.414569,DOMICILIO,2023,julio     ,7,7/7/2023,6,08:00,DENUNCIA,Nivel 3
DELITOS SEXUALES,ACTOS SEXUALES CON MENOR DE CATORCE AÑOS. ART. 209 C.P.,CALI,Sector Alto Jordán,18,-76.556239,3.375891,SIN INFORMACION,2023,julio     ,7,7/7/2023,6,10:29,DENUNCIA,Nivel 3
DELITOS SEXUALES,ACTO SEXUAL VIOLENTO CON MENOR DE CATORCE AÑOS ART. 209 C.P. ,CALI,La Fortaleza,11,-76.511175,3.424903,DOMICILIO,2023,julio     ,7,7/7/2023,6,00:00,DENUNCIA,Nivel 3
DELITOS SEXUALES,ACTO SEXUAL VIOLENTO. ART. 206 C.P.,CALI,Alirio Mora Beltrán,14,-76.48064,3.43792,DOMICILIO,2023,julio     ,7,7/7/2023,6,11:18,DENUNCIA,Nivel 3
DELITOS SEXUALES,ACTOS SEXUALES CON MENOR DE CATORCE AÑOS. ART. 209 C.P.,CALI,El Troncal,08,-76.502555,3.449125,SIN INFORMACION,2023,julio     ,7,7/7/2023,6,10:47,DENUNCIA,Nivel 3
DELITOS SEXUALES,ACCESO CARNAL ABUSIVO CON MENOR DE CATORCE AÑOS. ART. 208 C.P.,CALI,José Manuel Marroquín I,14,-76.478827,3.423165,DOMICILIO,2023,julio     ,8,7/8/2023,7,23:00,DENUNCIA,Nivel 3
DELITOS SEXUALES,ACTOS SEXUALES CON MENOR DE CATORCE AÑOS. ART. 209 C.P.,CALI,La Esperanza,11,-76.518841,3.419969,DOMICILIO,2023,julio     ,8,7/8/2023,7,18:00,DENUNCIA,Nivel 3
DELITOS SEXUALES,ACCESO CARNAL VIOLENTO. ART. 205 C.P.,CALI,Siete de Agosto,07,-76.48845,3.44419,CAMPO ABIERTO,2023,julio     ,8,7/8/2023,7,04:30,DENUNCIA,Nivel 3
DELITOS SEXUALES,ACCESO CARNAL VIOLENTO. ART. 205 C.P. ,CALI,Los Andes B - La Riviera,05,-76.4952,3.467473,DOMICILIO,2023,julio     ,8,7/8/2023,7,01:20,DENUNCIA,Nivel 3
DELITOS SEXUALES,ACTOS SEXUALES CON MENOR DE CATORCE AÑOS. ART. 209 C.P.,CALI,Doce de Octubre,12,-76.503157,3.428104,SIN INFORMACION,2023,julio     ,8,7/8/2023,7,02:00,DENUNCIA,Nivel 3
DELITOS SEXUALES,ACCESO CARNAL VIOLENTO. ART. 205 C.P.,CALI,San Fernando Viejo,19,-76.544765,3.430005,VEHICULO,2023,julio     ,8,7/8/2023,7,14:30,DENUNCIA,Nivel 3
DELITOS SEXUALES,ACOSO SEXUAL ART. 210A C.P.  ADICIONADO LEY 1257 DE 2008,CALI,José Manuel Marroquín II,14,-76.483074,3.432046,DOMICILIO,2023,julio     ,8,7/8/2023,7,20:00,DENUNCIA,Nivel 3
DELITOS SEXUALES,ACCESO CARNAL VIOLENTO. ART. 205 C.P. ,CALI,El Lido,19,-76.5529,3.42131,SIN INFORMACION,2023,julio     ,9,7/9/2023,1,10:08,DENUNCIA,Nivel 3
DELITOS SEXUALES,ACTO SEXUAL VIOLENTO CON MENOR DE CATORCE AÑOS ART. 209 C.P. ,CALI,Chapinero,08,-76.502125,3.443798,DOMICILIO,2023,julio     ,9,7/9/2023,1,15:00,DENUNCIA,Nivel 3
DELITOS SEXUALES,ACCESO CARNAL VIOLENTO. ART. 205 C.P.,CALI,Los Comuneros I,15,-76.491236,3.414864,DOMICILIO,2023,julio     ,10,7/10/2023,2,22:00,DENUNCIA,Nivel 3
DELITOS SEXUALES,DEMANDA DE EXPLOT.SEX. COMERC. MENOR DE 18 AÑOS Adic. Art 217A C.P. Ley 1329 de 2009,CALI,Alfonso Lopez P. 3a Etapa,07,-76.484255,3.453691,DOMICILIO,2023,julio     ,10,7/10/2023,2,10:00,DENUNCIA,Nivel 3
DELITOS SEXUALES,ACCESO CARNAL VIOLENTO. ART. 205 C.P.,CALI,Ciudad Córdoba,15,-76.506887,3.403745,DOMICILIO,2023,julio     ,10,7/10/2023,2,14:00,DENUNCIA,Nivel 3
DELITOS SEXUALES,ACTOS SEXUALES CON MENOR DE CATORCE AÑOS. ART. 209 C.P.,CALI,Santa Elena,10,-76.5211,3.42739,DOMICILIO,2023,julio     ,10,7/10/2023,2,10:00,DENUNCIA,Nivel 3
DELITOS SEXUALES,ACCESO CARNAL ABUSIVO CON MENOR DE CATORCE AÑOS. ART. 208 C.P.,CALI,Desepaz Invicali,21,-76.463157,3.424456,DOMICILIO,2023,julio     ,10,7/10/2023,2,10:17,DENUNCIA,Nivel 3
DELITOS SEXUALES,ACCESO CARNAL VIOLENTO. ART. 205 C.P.,CALI,Lili,17,-76.51613,3.37846,DOMICILIO,2023,julio     ,10,7/10/2023,2,14:00,DENUNCIA,Nivel 3
DELITOS SEXUALES,ACCESO CARNAL ABUSIVO CON MENOR DE CATORCE AÑOS. ART. 208 C.P.,CALI,Cuarteles de Nápoles,18,-76.54962,3.377676,DOMICILIO,2023,julio     ,11,7/11/2023,3,00:00,DENUNCIA,Nivel 3
DELITOS SEXUALES,ACTO SEXUAL VIOLENTO CON MENOR DE CATORCE AÑOS ART. 209 C.P. ,CALI,Las Orquídeas,14,-76.474312,3.414345,DOMICILIO,2023,julio     ,11,7/11/2023,3,16:46,DENUNCIA,Nivel 3
DELITOS SEXUALES,ACCESO CARNAL ABUSIVO CON MENOR DE CATORCE AÑOS. ART. 208 C.P.,CALI,Jorge Eliécer Gaitán,06,-76.482127,3.474033,DOMICILIO,2023,julio     ,11,7/11/2023,3,08:00,DENUNCIA,Nivel 3
DELITOS SEXUALES,ACTOS SEXUALES CON MENOR DE CATORCE AÑOS. ART. 209 C.P.,CALI,Alameda,09,-76.538365,3.43787,SIN INFORMACION,2023,julio     ,11,7/11/2023,3,09:24,DENUNCIA,Nivel 3
DELITOS SEXUALES,ACCESO CARNAL ABUSIVO CON MENOR DE CATORCE AÑOS. ART. 208 C.P.,CALI,El Jardín,11,-76.516885,3.42317,DOMICILIO,2023,julio     ,12,7/12/2023,4,20:00,DENUNCIA,Nivel 3
DELITOS SEXUALES,ACOSO SEXUAL ART. 210A C.P.  ADICIONADO LEY 1257 DE 2008,CALI,Urbanización Boyaca,11,-76.51871,3.425184,SIN INFORMACION,2023,julio     ,12,7/12/2023,4,19:48,DENUNCIA,Nivel 3
DELITOS SEXUALES,PORNOGRAFIA CON MENORES ART. 218 C.P.,CALI,Aranjuez,09,-76.521342,3.437935,SIN INFORMACION,2023,julio     ,12,7/12/2023,4,12:52,DENUNCIA,Nivel 3
DELITOS SEXUALES,ACCESO CARNAL VIOLENTO. ART. 205 C.P.,CALI,Omar Torrijos,13,-76.487185,3.424954,SIN INFORMACION,2023,julio     ,12,7/12/2023,4,11:50,DENUNCIA,Nivel 3
DELITOS SEXUALES,ACCESO CARNAL ABUSIVO CON MENOR DE CATORCE AÑOS. ART. 208 C.P.,CALI,Los Comuneros II,13,-76.49193,3.42637,SIN INFORMACION,2023,julio     ,13,7/13/2023,5,17:05,DENUNCIA,Nivel 3
DELITOS SEXUALES,ACOSO SEXUAL ART. 210A C.P.  ADICIONADO LEY 1257 DE 2008,CALI,Alférez Real,18,-76.545075,3.38755,ESTABLECIMIENTO DE SALUD,2023,julio     ,13,7/13/2023,5,17:10,DENUNCIA,Nivel 3
DELITOS SEXUALES,ACTOS SEXUALES CON MENOR DE CATORCE AÑOS. ART. 209 C.P.,CALI,Junín,09,-76.52645,3.43402,SIN INFORMACION,2023,julio     ,13,7/13/2023,5,19:00,DENUNCIA,Nivel 3
DELITOS SEXUALES,ACTOS SEXUALES CON MENOR DE CATORCE AÑOS. ART. 209 C.P.,CALI,Ciudadela Floralia,06,-76.493265,3.500458,SIN INFORMACION,2023,julio     ,13,7/13/2023,5,16:52,DENUNCIA,Nivel 3
DELITOS SEXUALES,ACCESO CARNAL O ACTO SEXUAL ABUSIVOS CON INCAPAZ DE RESISTIR. ART. 210 C.P.,CALI,Antonio Nariño,16,-76.50457,3.41195,SIN INFORMACION,2023,julio     ,14,7/14/2023,6,01:30,DENUNCIA,Nivel 3
DELITOS SEXUALES,ACCESO CARNAL ABUSIVO CON MENOR DE CATORCE AÑOS. ART. 208 C.P.,CALI,Siloé,20,-76.553427,3.422807,DOMICILIO,2023,julio     ,14,7/14/2023,6,21:00,DENUNCIA,Nivel 3
DELITOS SEXUALES,ACCESO CARNAL ABUSIVO CON MENOR DE CATORCE AÑOS. ART. 208 C.P.,CALI,Junín,09,-76.528587,3.434069,DOMICILIO,2023,julio     ,14,7/14/2023,6,10:00,DENUNCIA,Nivel 3
DELITOS SEXUALES,,CALI,Lili,17,-76.521291,3.37358,SIN INFORMACION,2023,julio     ,14,7/14/2023,6,11:04,DENUNCIA,Nivel 3
DELITOS SEXUALES,ACCESO CARNAL ABUSIVO CON MENOR DE CATORCE AÑOS. ART. 208 C.P.,CALI,Unión de Vivienda Popular,16,-76.510007,3.410326,SIN INFORMACION,2023,julio     ,14,7/14/2023,6,16:25,DENUNCIA,Nivel 3
DELITOS SEXUALES,ACCESO CARNAL ABUSIVO CON MENOR DE CATORCE AÑOS. ART. 208 C.P.,CALI,Doce de Octubre,12,-76.501982,3.428126,DOMICILIO,2023,julio     ,15,7/15/2023,7,08:00,DENUNCIA,Nivel 3
DELITOS SEXUALES,ACCESO CARNAL O ACTO SEXUAL EN PERSONA PUESTA EN INCAPACIDAD DE RESISTIR. ART. 207 C.P.,CALI,San Pedro,03,-76.53309,3.4497,VIA PUBLICA,2023,julio     ,15,7/15/2023,7,04:30,DENUNCIA,Nivel 3
DELITOS SEXUALES,ACCESO CARNAL ABUSIVO CON MENOR DE CATORCE AÑOS. ART. 208 C.P.,CALI,Potrero Grande,21,-76.470098,3.407657,SIN INFORMACION,2023,julio     ,15,7/15/2023,7,23:30,DENUNCIA,Nivel 3
DELITOS SEXUALES,ACTOS SEXUALES CON MENOR DE CATORCE AÑOS. ART. 209 C.P.,CALI,Los Comuneros I,15,-76.49195,3.41087,SIN INFORMACION,2023,julio     ,15,7/15/2023,7,10:00,DENUNCIA,Nivel 3
DELITOS SEXUALES,PORNOGRAFIA CON MENORES ART. 218 C.P.,CALI,Promociones Populares B,14,-76.47727,3.426435,DOMICILIO,2023,julio     ,15,7/15/2023,7,15:30,DENUNCIA,Nivel 3
DELITOS SEXUALES,ACCESO CARNAL O ACTO SEXUAL ABUSIVOS CON INCAPAZ DE RESISTIR. ART. 210 C.P.,CALI,Prados del Norte,02,-76.52118,3.46547,HOTEL / HOSTAL,2023,julio     ,16,7/16/2023,1,16:00,DENUNCIA,Nivel 3
DELITOS SEXUALES,ACCESO CARNAL O ACTO SEXUAL ABUSIVOS CON INCAPAZ DE RESISTIR. ART. 210 C.P.,CALI,Alfonso Bonilla Aragón,14,-76.48074,3.41572,SIN INFORMACION,2023,julio     ,16,7/16/2023,1,05:23,DENUNCIA,Nivel 3
DELITOS SEXUALES,ACTOS SEXUALES CON MENOR DE CATORCE AÑOS. ART. 209 C.P.,CALI,Barrio Obrero,09,-76.519474,3.450721,DOMICILIO,2023,julio     ,16,7/16/2023,1,00:00,DENUNCIA,Nivel 3
DELITOS SEXUALES,ACTO SEXUAL VIOLENTO. ART. 206 C.P.,CALI,Los Naranjos II,14,-76.47512,3.433232,SIN INFORMACION,2023,julio     ,16,7/16/2023,1,10:00,DENUNCIA,Nivel 3
DELITOS SEXUALES,ACCESO CARNAL VIOLENTO. ART. 205 C.P.,CALI,San Pedro,03,-76.53309,3.4497,EDIFICIO,2023,julio     ,16,7/16/2023,1,02:00,DENUNCIA,Nivel 3
DELITOS SEXUALES,ACTOS SEXUALES CON MENOR DE CATORCE AÑOS. ART. 209 C.P.,CALI,Barrio Obrero,09,-76.519475,3.450701,DOMICILIO,2023,julio     ,16,7/16/2023,1,00:00,DENUNCIA,Nivel 3
DELITOS SEXUALES,ACTO SEXUAL VIOLENTO. ART. 206 C.P.,CALI,La Flora,02,-76.525051,3.478248,SIN INFORMACION,2023,julio     ,16,7/16/2023,1,07:30,DENUNCIA,Nivel 3
DELITOS SEXUALES,ACCESO CARNAL VIOLENTO. ART. 205 C.P.,CALI,Los Guaduales,06,-76.499506,3.489458,ESTABLECIMIENTO DE COMERCIO,2023,julio     ,17,7/17/2023,2,06:00,DENUNCIA,Nivel 3
DELITOS SEXUALES,ACTOS SEXUALES CON MENOR DE CATORCE AÑOS. ART. 209 C.P.,CALI,Manuel María Buenaventura,09,-76.5225,3.43722,SIN INFORMACION,2023,julio     ,17,7/17/2023,2,03:00,DENUNCIA,Nivel 3
DELITOS SEXUALES,ACTO SEXUAL VIOLENTO CON MENOR DE CATORCE AÑOS ART. 209 C.P. ,CALI,Ciudad Córdoba,15,-76.51277,3.39418,SIN INFORMACION,2023,julio     ,17,7/17/2023,2,16:00,DENUNCIA,Nivel 3
DELITOS SEXUALES,ACTOS SEXUALES CON MENOR DE CATORCE AÑOS. ART. 209 C.P.,CALI,El Retiro,15,-76.498868,3.408041,SIN INFORMACION,2023,julio     ,17,7/17/2023,2,20:50,DENUNCIA,Nivel 3
DELITOS SEXUALES,ACOSO SEXUAL ART. 210A C.P.  ADICIONADO LEY 1257 DE 2008,CALI,San Nicolás,03,-76.528434,3.452829,SIN INFORMACION,2023,julio     ,17,7/17/2023,2,23:00,DENUNCIA,Nivel 3
DELITOS SEXUALES,ACTOS SEXUALES CON MENOR DE CATORCE AÑOS. ART. 209 C.P.,CALI,El Jordán,18,-76.552096,3.373799,DOMICILIO,2023,julio     ,17,7/17/2023,2,07:02,DENUNCIA,Nivel 3
DELITOS SEXUALES,ACTOS SEXUALES CON MENOR DE CATORCE AÑOS. ART. 209 C.P.,CALI,Los Comuneros II,13,-76.492061,3.423989,SIN INFORMACION,2023,julio     ,18,7/18/2023,3,22:00,DENUNCIA,Nivel 3
DELITOS SEXUALES,ACCESO CARNAL ABUSIVO CON MENOR DE CATORCE AÑOS. ART. 208 C.P.,CALI,Lili,17,-76.52007,3.370775,SIN INFORMACION,2023,julio     ,18,7/18/2023,3,18:58,DENUNCIA,Nivel 3
DELITOS SEXUALES,ACTOS SEXUALES CON MENOR DE CATORCE AÑOS. ART. 209 C.P.,CALI,Junín,09,-76.52645,3.43402,SIN INFORMACION,2023,julio     ,18,7/18/2023,3,17:24,DENUNCIA,Nivel 3
DELITOS SEXUALES,ACTOS SEXUALES CON MENOR DE CATORCE AÑOS. ART. 209 C.P.,CALI,Paso del Comercio,06,-76.487835,3.494735,DOMICILIO,2023,julio     ,18,7/18/2023,3,15:00,DENUNCIA,Nivel 3
DELITOS SEXUALES,ACCESO CARNAL ABUSIVO CON MENOR DE CATORCE AÑOS. ART. 208 C.P.,CALI,La Alianza,04,-76.504597,3.473429,VIA PUBLICA,2023,julio     ,19,7/19/2023,4,00:00,DENUNCIA,Nivel 3
DELITOS SEXUALES,ACCESO CARNAL VIOLENTO. ART. 205 C.P.,CALI,Pizamos II,21,-76.47413,3.40449,DOMICILIO,2023,julio     ,19,7/19/2023,4,14:30,DENUNCIA,Nivel 3
DELITOS SEXUALES,ACTO SEXUAL VIOLENTO. ART. 206 C.P.,CALI,El Gran Limonar,17,-76.546039,3.399277,SIN INFORMACION,2023,julio     ,20,7/20/2023,5,22:30,DENUNCIA,Nivel 3
DELITOS SEXUALES,ACTOS SEXUALES CON MENOR DE CATORCE AÑOS. ART. 209 C.P.,CALI,Siete de Agosto,07,-76.488304,3.444684,SIN INFORMACION,2023,julio     ,20,7/20/2023,5,09:00,DENUNCIA,Nivel 3
DELITOS SEXUALES,ACCESO CARNAL VIOLENTO. ART. 205 C.P.,CALI,Junín,09,-76.52645,3.43402,SIN INFORMACION,2023,julio     ,20,7/20/2023,5,23:30,DENUNCIA,Nivel 3
DELITOS SEXUALES,ACCESO CARNAL O ACTO SEXUAL ABUSIVOS CON INCAPAZ DE RESISTIR. ART. 210 C.P.,CALI,Terrón Colorado,01,-76.56215,3.45306,SIN INFORMACION,2023,julio     ,20,7/20/2023,5,06:30,DENUNCIA,Nivel 3
DELITOS SEXUALES,ACTOS SEXUALES CON MENOR DE CATORCE AÑOS. ART. 209 C.P.,CALI,El Jardín,11,-76.518574,3.426824,SIN INFORMACION,2023,julio     ,21,7/21/2023,6,14:17,DENUNCIA,Nivel 3
DELITOS SEXUALES,ACCESO CARNAL VIOLENTO. ART. 205 C.P.,CALI,José Manuel Marroquín I,14,-76.477749,3.422814,VIA PUBLICA,2023,julio     ,21,7/21/2023,6,22:00,DENUNCIA,Nivel 3
DELITOS SEXUALES,ACTO SEXUAL VIOLENTO. ART. 206 C.P.,CALI,Lili,17,-76.516636,3.369618,DOMICILIO,2023,julio     ,21,7/21/2023,6,01:40,DENUNCIA,Nivel 3
DELITOS SEXUALES,ACCESO CARNAL O ACTO SEXUAL ABUSIVOS CON INCAPAZ DE RESISTIR. ART. 210 C.P.,CALI,Urbanización La Nueva Base,08,-76.492322,3.44515,DOMICILIO,2023,julio     ,21,7/21/2023,6,04:30,DENUNCIA,Nivel 3
DELITOS SEXUALES,ACOSO SEXUAL ART. 210A C.P.  ADICIONADO LEY 1257 DE 2008,CALI,San Pedro,03,-76.53309,3.4497,ESTABLECIMIENTO EDUCATIVO,2023,julio     ,21,7/21/2023,6,00:00,DENUNCIA,Nivel 3
DELITOS SEXUALES,ACCESO CARNAL VIOLENTO. ART. 205 C.P.,CALI,Omar Torrijos,13,-76.487497,3.426197,SIN INFORMACION,2023,julio     ,22,7/22/2023,7,08:00,DENUNCIA,Nivel 3
DELITOS SEXUALES,ACCESO CARNAL VIOLENTO. ART. 205 C.P. ,CALI,Sector Alto de los Chorros,18,-76.558428,3.394381,DOMICILIO,2023,julio     ,22,7/22/2023,7,23:59,DENUNCIA,Nivel 3
DELITOS SEXUALES,ACCESO CARNAL O ACTO SEXUAL EN PERSONA PUESTA EN INCAPACIDAD DE RESISTIR. ART. 207 C.P.,CALI,El Guabal,10,-76.52867,3.41498,DOMICILIO,2023,julio     ,23,7/23/2023,1,04:00,DENUNCIA,Nivel 3
DELITOS SEXUALES,ACTO SEXUAL VIOLENTO. ART. 206 C.P.,CALI,Las Orquídeas,14,-76.472683,3.412823,PUENTE PEATONAL,2023,julio     ,23,7/23/2023,1,02:00,DENUNCIA,Nivel 3
DELITOS SEXUALES,ACCESO CARNAL VIOLENTO. ART. 205 C.P.,CALI,Junín,09,-76.52645,3.43402,SIN INFORMACION,2023,julio     ,23,7/23/2023,1,15:00,DENUNCIA,Nivel 3
DELITOS SEXUALES,ACCESO CARNAL ABUSIVO CON MENOR DE CATORCE AÑOS. ART. 208 C.P.,CALI,Sector Meléndez,18,-76.548039,3.371856,SIN INFORMACION,2023,julio     ,24,7/24/2023,2,07:00,DENUNCIA,Nivel 3
DELITOS SEXUALES,ACTOS SEXUALES CON MENOR DE CATORCE AÑOS. ART. 209 C.P.,CALI,Ciudad 2000,16,-76.522225,3.39753,VIA PUBLICA,2023,julio     ,24,7/24/2023,2,17:55,DENUNCIA,Nivel 3
DELITOS SEXUALES,ACTOS SEXUALES CON MENOR DE CATORCE AÑOS. ART. 209 C.P.,CALI,Ciudad Córdoba,15,-76.51391,3.399055,ESTABLECIMIENTO EDUCATIVO,2023,julio     ,24,7/24/2023,2,10:00,DENUNCIA,Nivel 3
DELITOS SEXUALES,ACTO SEXUAL VIOLENTO. ART. 206 C.P.,CALI,Ciudad Córdoba,15,-76.501631,3.405294,DOMICILIO,2023,julio     ,24,7/24/2023,2,04:00,DENUNCIA,Nivel 3
DELITOS SEXUALES,ACCESO CARNAL ABUSIVO CON MENOR DE CATORCE AÑOS. ART. 208 C.P.,CALI,Terrón Colorado,01,-76.56401,3.45201,SIN INFORMACION,2023,julio     ,25,7/25/2023,3,22:18,DENUNCIA,Nivel 3
DELITOS SEXUALES,ACTOS SEXUALES CON MENOR DE CATORCE AÑOS. ART. 209 C.P.,CALI,Calimio Desepaz,21,-76.469745,3.413273,SIN INFORMACION,2023,julio     ,25,7/25/2023,3,23:00,DENUNCIA,Nivel 3
DELITOS SEXUALES,ACCESO CARNAL VIOLENTO. ART. 205 C.P.,CALI,Los Alcázares,06,-76.492809,3.487618,SIN INFORMACION,2023,julio     ,25,7/25/2023,3,09:00,DENUNCIA,Nivel 3
DELITOS SEXUALES,ACCESO CARNAL ABUSIVO EN PERSONA PROTEGIDA MENOR DE CATORCE AÑOS ART. 138,CALI,Junín,09,-76.52645,3.43402,SIN INFORMACION,2023,julio     ,25,7/25/2023,3,11:36,DENUNCIA,Nivel 3
DELITOS SEXUALES,ACTOS SEXUALES CON MENOR DE CATORCE AÑOS. ART. 209 C.P.,CALI,Urbanización La Merced,02,-76.514765,3.480446,SIN INFORMACION,2023,julio     ,25,7/25/2023,3,18:00,DENUNCIA,Nivel 3
DELITOS SEXUALES,ACTO SEXUAL VIOLENTO CON MENOR DE CATORCE AÑOS ART. 209 C.P. ,CALI,Vista Hermosa,01,-76.57302,3.453595,ESTABLECIMIENTO EDUCATIVO,2023,julio     ,25,7/25/2023,3,10:51,DENUNCIA,Nivel 3
DELITOS SEXUALES,ACCESO CARNAL VIOLENTO. ART. 205 C.P. ,CALI,Versalles,02,-76.5306,3.46223,SIN INFORMACION,2023,julio     ,25,7/25/2023,3,05:00,DENUNCIA,Nivel 3
DELITOS SEXUALES,ACTOS SEXUALES CON MENOR DE CATORCE AÑOS. ART. 209 C.P.,CALI,Rural,Rural,-76.554011,3.472723,SIN INFORMACION,2023,julio     ,27,7/27/2023,5,22:16,DENUNCIA,Nivel 3
DELITOS SEXUALES,ACTOS SEXUALES CON MENOR DE CATORCE AÑOS. ART. 209 C.P.,CALI,El Vergel,13,-76.499115,3.41522,SIN INFORMACION,2023,julio     ,27,7/27/2023,5,03:41,DENUNCIA,Nivel 3
DELITOS SEXUALES,ACOSO SEXUAL ART. 210A C.P.  ADICIONADO LEY 1257 DE 2008,CALI,Flora Industrial,04,-76.505429,3.481448,SIN INFORMACION,2023,julio     ,28,7/28/2023,6,16:19,DENUNCIA,Nivel 3
DELITOS SEXUALES,ACCESO CARNAL VIOLENTO. ART. 205 C.P.,CALI,Prados de Oriente,11,-76.514952,3.433984,DOMICILIO,2023,julio     ,28,7/28/2023,6,10:22,DENUNCIA,Nivel 3
DELITOS SEXUALES,ACTOS SEXUALES CON MENOR DE CATORCE AÑOS. ART. 209 C.P.,CALI,El Guabal,10,-76.525406,3.417426,DOMICILIO,2023,julio     ,28,7/28/2023,6,08:00,DENUNCIA,Nivel 3
DELITOS SEXUALES,ACCESO CARNAL O ACTO SEXUAL EN PERSONA PUESTA EN INCAPACIDAD DE RESISTIR. ART. 207 C.P.,CALI,Terrón Colorado,01,-76.54944,3.454145,OTRO,2023,julio     ,29,7/29/2023,7,20:00,DENUNCIA,Nivel 3
DELITOS SEXUALES,ACCESO CARNAL VIOLENTO. ART. 205 C.P.,CALI,Rural,Rural,-76.634171,3.429346,SIN INFORMACION,2023,julio     ,29,7/29/2023,7,11:29,DENUNCIA,Nivel 3
DELITOS SEXUALES,ACCESO CARNAL O ACTO SEXUAL EN PERSONA PUESTA EN INCAPACIDAD DE RESISTIR. ART. 207 C.P.,CALI,Miraflores,19,-76.542441,3.43868,DOMICILIO,2023,julio     ,30,7/30/2023,1,13:00,DENUNCIA,Nivel 3
DELITOS SEXUALES,ACCESO CARNAL VIOLENTO. ART. 205 C.P.,CALI,Sector Alto de los Chorros,18,-76.55839,3.394515,DOMICILIO,2023,julio     ,30,7/30/2023,1,08:00,DENUNCIA,Nivel 3
DELITOS SEXUALES,ACCESO CARNAL ABUSIVO CON MENOR DE CATORCE AÑOS. ART. 208 C.P.,CALI,Santander,04,-76.513564,3.462937,DOMICILIO,2023,julio     ,30,7/30/2023,1,08:15,DENUNCIA,Nivel 3
DELITOS SEXUALES,ACCESO CARNAL VIOLENTO. ART. 205 C.P.,CALI,Ciudad Meléndez 1,81,-76.50989,3.37088,SIN INFORMACION,2023,julio     ,30,7/30/2023,1,09:44,DENUNCIA,Nivel 3
DELITOS SEXUALES,ACCESO CARNAL ABUSIVO CON MENOR DE CATORCE AÑOS. ART. 208 C.P.,CALI,San Fernando Nuevo,19,-76.543765,3.430496,SIN INFORMACION,2023,julio     ,30,7/30/2023,1,15:00,DENUNCIA,Nivel 3
DELITOS SEXUALES,ACTO SEXUAL VIOLENTO CON MENOR DE CATORCE AÑOS ART. 209 C.P. ,CALI,Los Comuneros I,15,-76.493612,3.411012,DOMICILIO,2023,julio     ,30,7/30/2023,1,12:28,DENUNCIA,Nivel 3
DELITOS SEXUALES,ACCESO CARNAL O ACTO SEXUAL ABUSIVOS CON INCAPAZ DE RESISTIR. ART. 210 C.P.,CALI,El Vergel,13,-76.4975,3.415875,VEHICULO TAXI,2023,julio     ,30,7/30/2023,1,02:00,DENUNCIA,Nivel 3
DELITOS SEXUALES,"ADIC.L.679/2001,ART.34.UTILIZAC.O FACILITAC.MEDIOS DE COMUNICAC.PARA OFRECER SERV.SEXUALES DE MENORES",CALI,Ciudadela Floralia,06,-76.49591,3.496855,SIN INFORMACION,2023,julio     ,30,7/30/2023,1,16:00,DENUNCIA,Nivel 3
DELITOS SEXUALES,ACTOS SEXUALES CON MENOR DE CATORCE AÑOS. ART. 209 C.P.,CALI,Los Lagos,13,-76.48483,3.428886,SIN INFORMACION,2023,julio     ,30,7/30/2023,1,15:30,DENUNCIA,Nivel 3
DELITOS SEXUALES,ACTO SEXUAL VIOLENTO. ART. 206 C.P.,CALI,La Independencia,11,-76.518755,3.415062,DOMICILIO,2023,julio     ,31,7/31/2023,2,19:30,DENUNCIA,Nivel 3
DELITOS SEXUALES,ACTOS SEXUALES CON MENOR DE CATORCE AÑOS. ART. 209 C.P.,CALI,La Base,08,-76.496315,3.448186,SIN INFORMACION,2023,julio     ,31,7/31/2023,2,05:00,DENUNCIA,Nivel 3
DELITOS SEXUALES,ACCESO CARNAL ABUSIVO CON MENOR DE CATORCE AÑOS. ART. 208 C.P.,CALI,Planta de Tratamiento,21,-76.478072,3.44054,SIN INFORMACION,2023,julio     ,31,7/31/2023,2,08:50,DENUNCIA,Nivel 3
DELITOS SEXUALES,PORNOGRAFIA CON MENORES ART. 218 C.P.,CALI,Los Robles,13,-76.493874,3.42231,SIN INFORMACION,2023,julio     ,31,7/31/2023,2,09:37,DENUNCIA,Nivel 3
DELITOS SEXUALES,ACCESO CARNAL ABUSIVO CON MENOR DE CATORCE AÑOS. ART. 208 C.P.,CALI,San Pedro,03,-76.533227,3.450292,EDIFICIO,2023,julio     ,31,7/31/2023,2,07:40,DENUNCIA,Nivel 3
DELITOS SEXUALES,ACCESO CARNAL O ACTO SEXUAL ABUSIVOS CON INCAPAZ DE RESISTIR. ART. 210 C.P.,CALI,Manuela Beltrán,14,-76.47127,3.41872,SIN INFORMACION,2023,julio     ,31,7/31/2023,2,15:15,DENUNCIA,Nivel 3
DELITOS SEXUALES,ACTO SEXUAL VIOLENTO. ART. 206 C.P.,CALI,Petecuy Segunda Etapa,06,-76.480241,3.479591,ESTABLECIMIENTO EDUCATIVO,2023,julio     ,31,7/31/2023,2,14:00,DENUNCIA,Nivel 3
DELITOS SEXUALES,ACTOS SEXUALES CON MENOR DE CATORCE AÑOS. ART. 209 C.P.,CALI,Unicentro Cali,17,-76.53938,3.37721,SIN INFORMACION,2023,agosto    ,1,8/1/2023,3,19:00,DENUNCIA,Nivel 3
DELITOS SEXUALES,ACTOS SEXUALES CON MENOR DE CATORCE AÑOS. ART. 209 C.P.,CALI,Terrón Colorado,01,-76.5582,3.452083,DOMICILIO,2023,agosto    ,1,8/1/2023,3,17:00,DENUNCIA,Nivel 3
DELITOS SEXUALES,ACTO SEXUAL VIOLENTO CON MENOR DE CATORCE AÑOS ART. 209 C.P. ,CALI,Sector Alto Jordán,18,-76.559216,3.376353,DOMICILIO,2023,agosto    ,1,8/1/2023,3,00:10,DENUNCIA,Nivel 3
DELITOS SEXUALES,PORNOGRAFIA CON MENORES ART. 218 C.P.,CALI,Los Sauces,11,-76.510536,3.417269,DOMICILIO,2023,agosto    ,1,8/1/2023,3,09:10,DENUNCIA,Nivel 3
DELITOS SEXUALES,ACTO SEXUAL VIOLENTO CON MENOR DE CATORCE AÑOS ART. 209 C.P. ,CALI,El Vergel,13,-76.49927,3.41538,SIN INFORMACION,2023,agosto    ,1,8/1/2023,3,12:00,DENUNCIA,Nivel 3
DELITOS SEXUALES,ACTO SEXUAL VIOLENTO. ART. 206 C.P.,CALI,Petecuy Tercera Etapa,06,-76.480158,3.478609,SIN INFORMACION,2023,agosto    ,1,8/1/2023,3,22:48,DENUNCIA,Nivel 3
DELITOS SEXUALES,ACTOS SEXUALES CON MENOR DE CATORCE AÑOS. ART. 209 C.P.,CALI,Salomia,04,-76.506094,3.463776,DOMICILIO,2023,agosto    ,1,8/1/2023,3,12:00,DENUNCIA,Nivel 3
DELITOS SEXUALES,ACTO SEXUAL VIOLENTO CON MENOR DE CATORCE AÑOS ART. 209 C.P. ,CALI,Sector Alto de los Chorros,18,-76.559409,3.394202,DOMICILIO,2023,agosto    ,1,8/1/2023,3,21:00,DENUNCIA,Nivel 3
DELITOS SEXUALES,ACCESO CARNAL ABUSIVO CON MENOR DE CATORCE AÑOS. ART. 208 C.P.,CALI,Calimio Desepaz,21,-76.46699,3.414224,DOMICILIO,2023,agosto    ,1,8/1/2023,3,17:25,DENUNCIA,Nivel 3
DELITOS SEXUALES,ACOSO SEXUAL ART. 210A C.P.  ADICIONADO LEY 1257 DE 2008,CALI,Ciudad Córdoba,15,-76.51422,3.39573,SIN INFORMACION,2023,agosto    ,1,8/1/2023,3,05:30,DENUNCIA,Nivel 3
DELITOS SEXUALES,ACTOS SEXUALES CON MENOR DE CATORCE AÑOS. ART. 209 C.P.,CALI,Santa Anita - La Selva,17,-76.535475,3.406241,DOMICILIO,2023,agosto    ,1,8/1/2023,3,00:00,DENUNCIA,Nivel 3
DELITOS SEXUALES,ACTO SEXUAL VIOLENTO. ART. 206 C.P.,CALI,Santa Rosa,03,-76.53425,3.44754,SIN INFORMACION,2023,agosto    ,1,8/1/2023,3,06:00,DENUNCIA,Nivel 3
DELITOS SEXUALES,ACCESO CARNAL VIOLENTO. ART. 205 C.P.,CALI,Petecuy Primera Etapa,06,-76.478531,3.474914,SIN INFORMACION,2023,agosto    ,1,8/1/2023,3,10:58,DENUNCIA,Nivel 3
DELITOS SEXUALES,ACCESO CARNAL ABUSIVO CON MENOR DE CATORCE AÑOS. ART. 208 C.P.,CALI,Junín,09,-76.52645,3.43402,SIN INFORMACION,2023,agosto    ,1,8/1/2023,3,20:00,DENUNCIA,Nivel 3
DELITOS SEXUALES,ACTOS SEXUALES CON MENOR DE CATORCE AÑOS. ART. 209 C.P.,CALI,Sector Alto de los Chorros,18,-76.558115,3.394615,DOMICILIO,2023,agosto    ,2,8/2/2023,4,07:00,DENUNCIA,Nivel 3
DELITOS SEXUALES,DEMANDA DE EXPLOT.SEX. COMERC. MENOR DE 18 AÑOS Adic. Art 217A C.P. Ley 1329 de 2009,CALI,República de Israel,16,-76.51419,3.409585,SIN INFORMACION,2023,agosto    ,2,8/2/2023,4,14:00,DENUNCIA,Nivel 3
DELITOS SEXUALES,ACCESO CARNAL ABUSIVO CON MENOR DE CATORCE AÑOS. ART. 208 C.P.,CALI,Mojica,15,-76.487821,3.416424,DOMICILIO,2023,agosto    ,2,8/2/2023,4,20:20,DENUNCIA,Nivel 3
DELITOS SEXUALES,ACTOS SEXUALES CON MENOR DE CATORCE AÑOS. ART. 209 C.P.,CALI,Rural,Rural,-76.577908,3.404517,SIN INFORMACION,2023,agosto    ,3,8/3/2023,5,01:20,DENUNCIA,Nivel 3
DELITOS SEXUALES,ACOSO SEXUAL ART. 210A C.P.  ADICIONADO LEY 1257 DE 2008,CALI,San Pedro,03,-76.53309,3.4497,ESTABLECIMIENTO EDUCATIVO,2023,agosto    ,3,8/3/2023,5,00:00,DENUNCIA,Nivel 3
DELITOS SEXUALES,ACTO SEXUAL VIOLENTO. ART. 206 C.P.,CALI,Brisas de Mayo,20,-76.565685,3.417695,DOMICILIO,2023,agosto    ,4,8/4/2023,6,09:00,DENUNCIA,Nivel 3
DELITOS SEXUALES,ACCESO CARNAL ABUSIVO CON MENOR DE CATORCE AÑOS. ART. 208 C.P.,CALI,Terrón Colorado,01,-76.561592,3.453586,DOMICILIO,2023,agosto    ,4,8/4/2023,6,19:00,DENUNCIA,Nivel 3
DELITOS SEXUALES,ACCESO CARNAL ABUSIVO CON MENOR DE CATORCE AÑOS. ART. 208 C.P.,CALI,Santa Fé,08,-76.50573,3.440831,SIN INFORMACION,2023,agosto    ,4,8/4/2023,6,15:11,DENUNCIA,Nivel 3
DELITOS SEXUALES,ACTO SEXUAL VIOLENTO CON MENOR DE CATORCE AÑOS ART. 209 C.P. ,CALI,Sucre,09,-76.526082,3.443533,SIN INFORMACION,2023,agosto    ,4,8/4/2023,6,17:00,DENUNCIA,Nivel 3
DELITOS SEXUALES,ACOSO SEXUAL ART. 210A C.P.  ADICIONADO LEY 1257 DE 2008,CALI,Urbanización Militar,19,-76.53814,3.41465,SIN INFORMACION,2023,agosto    ,5,8/5/2023,7,12:30,DENUNCIA,Nivel 3
DELITOS SEXUALES,ACOSO SEXUAL ART. 210A C.P.  ADICIONADO LEY 1257 DE 2008,CALI,Junín,09,-76.52645,3.43402,SIN INFORMACION,2023,agosto    ,5,8/5/2023,7,05:00,DENUNCIA,Nivel 3
DELITOS SEXUALES,ACCESO CARNAL ABUSIVO CON MENOR DE CATORCE AÑOS. ART. 208 C.P.,CALI,Planta de Tratamiento,21,-76.47935,3.44072,DOMICILIO,2023,agosto    ,5,8/5/2023,7,22:00,DENUNCIA,Nivel 3
DELITOS SEXUALES,ACCESO CARNAL O ACTO SEXUAL ABUSIVOS CON INCAPAZ DE RESISTIR. ART. 210 C.P.,CALI,Sector Alto Jordán,18,-76.558313,3.374958,DOMICILIO,2023,agosto    ,6,8/6/2023,1,09:00,DENUNCIA,Nivel 3
DELITOS SEXUALES,ACOSO SEXUAL ART. 210A C.P.  ADICIONADO LEY 1257 DE 2008,CALI,El Refugio,19,-76.547833,3.400039,SIN INFORMACION,2023,agosto    ,6,8/6/2023,1,05:10,DENUNCIA,Nivel 3
DELITOS SEXUALES,ACCESO CARNAL ABUSIVO CON MENOR DE CATORCE AÑOS. ART. 208 C.P.,CALI,Sucre,09,-76.5266,3.447701,DOMICILIO,2023,agosto    ,6,8/6/2023,1,00:00,DENUNCIA,Nivel 3
DELITOS SEXUALES,ACCESO CARNAL VIOLENTO. ART. 205 C.P.,CALI,Vista Hermosa,01,-76.57528,3.454615,DOMICILIO,2023,agosto    ,7,8/7/2023,2,05:00,DENUNCIA,Nivel 3
DELITOS SEXUALES,ACTOS SEXUALES CON MENOR DE CATORCE AÑOS. ART. 209 C.P.,CALI,Alirio Mora Beltrán,14,-76.480062,3.436142,SIN INFORMACION,2023,agosto    ,7,8/7/2023,2,12:00,DENUNCIA,Nivel 3
DELITOS SEXUALES,ACTO SEXUAL VIOLENTO CON MENOR DE CATORCE AÑOS ART. 209 C.P. ,CALI,Doce de Octubre,12,-76.50285,3.42757,SIN INFORMACION,2023,agosto    ,8,8/8/2023,3,21:15,DENUNCIA,Nivel 3
DELITOS SEXUALES,ACTO SEXUAL VIOLENTO CON MENOR DE CATORCE AÑOS ART. 209 C.P. ,CALI,Desepaz Invicali,21,-76.463525,3.423053,ESTABLECIMIENTO EDUCATIVO,2023,agosto    ,8,8/8/2023,3,17:00,DENUNCIA,Nivel 3
DELITOS SEXUALES,ACTO SEXUAL VIOLENTO CON MENOR DE CATORCE AÑOS ART. 209 C.P. ,CALI,Unión de Vivienda Popular,16,-76.51229,3.41205,SIN INFORMACION,2023,agosto    ,8,8/8/2023,3,15:00,DENUNCIA,Nivel 3
DELITOS SEXUALES,ACTO SEXUAL VIOLENTO CON MENOR DE CATORCE AÑOS ART. 209 C.P. ,CALI,Potrero Grande,21,-76.46785,3.410555,DOMICILIO,2023,agosto    ,8,8/8/2023,3,10:00,DENUNCIA,Nivel 3
DELITOS SEXUALES,ACTOS SEXUALES CON MENOR DE CATORCE AÑOS. ART. 209 C.P.,CALI,Promociones Populares B,14,-76.474045,3.425027,SIN INFORMACION,2023,agosto    ,8,8/8/2023,3,12:00,DENUNCIA,Nivel 3
DELITOS SEXUALES,ACCESO CARNAL ABUSIVO CON MENOR DE CATORCE AÑOS. ART. 208 C.P.,CALI,Siete de Agosto,07,-76.48706,3.44408,SIN INFORMACION,2023,agosto    ,8,8/8/2023,3,19:30,DENUNCIA,Nivel 3
DELITOS SEXUALES,ACTOS SEXUALES CON MENOR DE CATORCE AÑOS. ART. 209 C.P.,CALI,Puerta del Sol,14,-76.473693,3.430887,SIN INFORMACION,2023,agosto    ,8,8/8/2023,3,16:00,DENUNCIA,Nivel 3
DELITOS SEXUALES,ACCESO CARNAL VIOLENTO. ART. 205 C.P.,CALI,Junín,09,-76.52645,3.43402,SIN INFORMACION,2023,agosto    ,9,8/9/2023,4,14:00,DENUNCIA,Nivel 3
DELITOS SEXUALES,ACOSO SEXUAL ART. 210A C.P.  ADICIONADO LEY 1257 DE 2008,CALI,Salomia,04,-76.503729,3.463389,DOMICILIO,2023,agosto    ,9,8/9/2023,4,00:00,DENUNCIA,Nivel 3
DELITOS SEXUALES,ACOSO SEXUAL ART. 210A C.P.  ADICIONADO LEY 1257 DE 2008,CALI,Junín,09,-76.52645,3.43402,SIN INFORMACION,2023,agosto    ,9,8/9/2023,4,09:47,DENUNCIA,Nivel 3
DELITOS SEXUALES,ACTO SEXUAL VIOLENTO CON MENOR DE CATORCE AÑOS ART. 209 C.P. ,CALI,Urbanización San Joaquin,17,-76.526012,3.372959,SIN INFORMACION,2023,agosto    ,9,8/9/2023,4,09:10,DENUNCIA,Nivel 3
DELITOS SEXUALES,ACTOS SEXUALES CON MENOR DE CATORCE AÑOS. ART. 209 C.P.,CALI,Los Lagos,13,-76.48631,3.43011,SIN INFORMACION,2023,agosto    ,9,8/9/2023,4,07:00,DENUNCIA,Nivel 3
DELITOS SEXUALES,ACTO SEXUAL VIOLENTO. ART. 206 C.P.,CALI,Santa Elena,10,-76.52133,3.425502,DOMICILIO,2023,agosto    ,9,8/9/2023,4,23:50,DENUNCIA,Nivel 3
DELITOS SEXUALES,ACTO SEXUAL VIOLENTO CON MENOR DE CATORCE AÑOS ART. 209 C.P. ,CALI,Chipichape,02,-76.52926,3.47446,ESTABLECIMIENTO EDUCATIVO,2023,agosto    ,9,8/9/2023,4,21:00,DENUNCIA,Nivel 3
DELITOS SEXUALES,ACTOS SEXUALES CON MENOR DE CATORCE AÑOS. ART. 209 C.P.,CALI,San Juan Bosco,03,-76.53291,3.44522,DOMICILIO,2023,agosto    ,9,8/9/2023,4,07:00,DENUNCIA,Nivel 3
DELITOS SEXUALES,ACTO SEXUAL VIOLENTO CON MENOR DE CATORCE AÑOS ART. 209 C.P. ,CALI,Los Andes,05,-76.498659,3.472555,SIN INFORMACION,2023,agosto    ,9,8/9/2023,4,13:57,DENUNCIA,Nivel 3
DELITOS SEXUALES,ACOSO SEXUAL ART. 210A C.P.  ADICIONADO LEY 1257 DE 2008,CALI,Rural,Rural,-76.547522,3.488404,SIN INFORMACION,2023,agosto    ,9,8/9/2023,4,16:34,DENUNCIA,Nivel 3
DELITOS SEXUALES,ACOSO SEXUAL ART. 210A C.P.  ADICIONADO LEY 1257 DE 2008,CALI,El Guabal,10,-76.526828,3.415284,SIN INFORMACION,2023,agosto    ,9,8/9/2023,4,12:49,DENUNCIA,Nivel 3
DELITOS SEXUALES,ACTO SEXUAL VIOLENTO. ART. 206 C.P.,CALI,Manuel María Buenaventura,09,-76.5225,3.43722,SIN INFORMACION,2023,agosto    ,9,8/9/2023,4,11:00,DENUNCIA,Nivel 3
DELITOS SEXUALES,ACCESO CARNAL O ACTO SEXUAL ABUSIVOS CON INCAPAZ DE RESISTIR. ART. 210 C.P.,CALI,Rural,Rural,-76.488875,3.314285,OTRO,2023,agosto    ,10,8/10/2023,5,17:30,DENUNCIA,Nivel 3
DELITOS SEXUALES,ACOSO SEXUAL ART. 210A C.P.  ADICIONADO LEY 1257 DE 2008,CALI,San Cayetano,03,-76.53965,3.44481,SIN INFORMACION,2023,agosto    ,10,8/10/2023,5,22:00,DENUNCIA,Nivel 3
DELITOS SEXUALES,ACCESO CARNAL ABUSIVO CON MENOR DE CATORCE AÑOS. ART. 208 C.P.,CALI,Unidad Residencial El Coliseo,19,-76.554995,3.412055,DOMICILIO,2023,agosto    ,10,8/10/2023,5,19:00,DENUNCIA,Nivel 3
DELITOS SEXUALES,ACCESO CARNAL ABUSIVO CON MENOR DE CATORCE AÑOS. ART. 208 C.P.,CALI,Olaya Herrera,04,-76.507628,3.478434,SIN INFORMACION,2023,agosto    ,10,8/10/2023,5,11:00,DENUNCIA,Nivel 3
DELITOS SEXUALES,ACTO SEXUAL VIOLENTO CON MENOR DE CATORCE AÑOS ART. 209 C.P. ,CALI,Pizamos I,21,-76.4746,3.40243,SIN INFORMACION,2023,agosto    ,11,8/11/2023,6,16:00,DENUNCIA,Nivel 3
DELITOS SEXUALES,PORNOGRAFIA CON MENORES ART. 218 C.P.,CALI,Alférez Real,18,-76.546223,3.38974,SIN INFORMACION,2023,agosto    ,11,8/11/2023,6,07:25,DENUNCIA,Nivel 3
DELITOS SEXUALES,ACCESO CARNAL ABUSIVO CON MENOR DE CATORCE AÑOS. ART. 208 C.P.,CALI,Rural,Rural,-76.562253,3.376639,DOMICILIO,2023,agosto    ,11,8/11/2023,6,00:00,DENUNCIA,Nivel 3
DELITOS SEXUALES,ACCESO CARNAL VIOLENTO. ART. 205 C.P.,CALI,PP4-PP5,81,-76.52321,3.342763,ESTABLECIMIENTO PUBLICO,2023,agosto    ,12,8/12/2023,7,16:11,DENUNCIA,Nivel 3
DELITOS SEXUALES,ACCESO CARNAL VIOLENTO. ART. 205 C.P.,CALI,El Lido,19,-76.54954,3.41968,SIN INFORMACION,2023,agosto    ,12,8/12/2023,7,07:00,DENUNCIA,Nivel 3
DELITOS SEXUALES,ACCESO CARNAL O ACTO SEXUAL ABUSIVOS CON INCAPAZ DE RESISTIR. ART. 210 C.P.,CALI,Lituania - Dalandia,81,-76.507504,3.345247,DOMICILIO,2023,agosto    ,12,8/12/2023,7,19:00,DENUNCIA,Nivel 3
DELITOS SEXUALES,ACTO SEXUAL VIOLENTO. ART. 206 C.P.,CALI,Puerta del Sol,14,-76.473228,3.43314,SIN INFORMACION,2023,agosto    ,12,8/12/2023,7,15:11,DENUNCIA,Nivel 3
DELITOS SEXUALES,ACTOS SEXUALES CON MENOR DE CATORCE AÑOS. ART. 209 C.P.,CALI,San Pedro,03,-76.53309,3.4497,SIN INFORMACION,2023,agosto    ,12,8/12/2023,7,10:04,DENUNCIA,Nivel 3
DELITOS SEXUALES,ACCESO CARNAL VIOLENTO. ART. 205 C.P.,CALI,Barrio Obrero,09,-76.520975,3.449235,DOMICILIO,2023,agosto    ,12,8/12/2023,7,03:50,DENUNCIA,Nivel 3
DELITOS SEXUALES,ACTO SEXUAL VIOLENTO CON MENOR DE CATORCE AÑOS ART. 209 C.P. ,CALI,Valle Grande,21,-76.47383,3.43741,DOMICILIO,2023,agosto    ,13,8/13/2023,1,00:00,DENUNCIA,Nivel 3
DELITOS SEXUALES,ACCESO CARNAL VIOLENTO. ART. 205 C.P.,CALI,Marañón Bajo,81,-76.504952,3.327782,HOTEL / HOSTAL,2023,agosto    ,13,8/13/2023,1,04:00,DENUNCIA,Nivel 3
DELITOS SEXUALES,ACTOS SEXUALES CON MENOR DE CATORCE AÑOS. ART. 209 C.P.,CALI,Las Delicias,04,-76.508326,3.461421,DOMICILIO,2023,agosto    ,13,8/13/2023,1,17:26,DENUNCIA,Nivel 3
DELITOS SEXUALES,ACTOS SEXUALES CON MENOR DE CATORCE AÑOS. ART. 209 C.P.,CALI,Mariano Ramos,16,-76.517566,3.403312,SIN INFORMACION,2023,agosto    ,14,8/14/2023,2,15:39,DENUNCIA,Nivel 3
DELITOS SEXUALES,PORNOGRAFIA CON MENORES ART. 218 C.P.,CALI,El Jordán,18,-76.55015,3.373719,SIN INFORMACION,2023,agosto    ,14,8/14/2023,2,23:00,DENUNCIA,Nivel 3
DELITOS SEXUALES,ACCESO CARNAL ABUSIVO CON MENOR DE CATORCE AÑOS. ART. 208 C.P.,CALI,Junín,09,-76.52645,3.43402,SIN INFORMACION,2023,agosto    ,14,8/14/2023,2,17:31,DENUNCIA,Nivel 3
DELITOS SEXUALES,ACCESO CARNAL ABUSIVO CON MENOR DE CATORCE AÑOS. ART. 208 C.P.,CALI,Junín,09,-76.52645,3.43402,SIN INFORMACION,2023,agosto    ,14,8/14/2023,2,08:00,DENUNCIA,Nivel 3
DELITOS SEXUALES,ACCESO CARNAL VIOLENTO. ART. 205 C.P.,CALI,Charco Azul,13,-76.486779,3.440819,DOMICILIO,2023,agosto    ,15,8/15/2023,3,00:00,DENUNCIA,Nivel 3
DELITOS SEXUALES,ACTO SEXUAL VIOLENTO CON MENOR DE CATORCE AÑOS ART. 209 C.P. ,CALI,Zonamérica,81,-76.52189,3.32198,ESTABLECIMIENTO EDUCATIVO,2023,agosto    ,15,8/15/2023,3,08:30,DENUNCIA,Nivel 3
DELITOS SEXUALES,ACCESO CARNAL ABUSIVO CON MENOR DE CATORCE AÑOS. ART. 208 C.P.,CALI,Pizamos II,21,-76.473635,3.405045,DOMICILIO,2023,agosto    ,15,8/15/2023,3,13:00,DENUNCIA,Nivel 3
DELITOS SEXUALES,ACOSO SEXUAL ART. 210A C.P.  ADICIONADO LEY 1257 DE 2008,CALI,Mariano Ramos,16,-76.51641,3.405891,SIN INFORMACION,2023,agosto    ,15,8/15/2023,3,14:00,DENUNCIA,Nivel 3
DELITOS SEXUALES,ACTOS SEXUALES CON MENOR DE CATORCE AÑOS. ART. 209 C.P.,CALI,Urbanización San Joaquin,17,-76.525075,3.37097,DOMICILIO,2023,agosto    ,15,8/15/2023,3,00:00,DENUNCIA,Nivel 3
DELITOS SEXUALES,ACCESO CARNAL ABUSIVO CON MENOR DE CATORCE AÑOS. ART. 208 C.P.,CALI,José Manuel Marroquín I,14,-76.477883,3.422835,DOMICILIO,2023,agosto    ,15,8/15/2023,3,08:00,DENUNCIA,Nivel 3
DELITOS SEXUALES,ACTOS SEXUALES CON MENOR DE CATORCE AÑOS. ART. 209 C.P.,CALI,Rural,Rural,-76.503385,3.31627,DOMICILIO,2023,agosto    ,15,8/15/2023,3,13:30,DENUNCIA,Nivel 3
DELITOS SEXUALES,ACTOS SEXUALES CON MENOR DE CATORCE AÑOS. ART. 209 C.P.,CALI,El Morichal,15,-76.50618,3.39252,SIN INFORMACION,2023,agosto    ,15,8/15/2023,3,16:51,DENUNCIA,Nivel 3
DELITOS SEXUALES,ACTOS SEXUALES CON MENOR DE CATORCE AÑOS. ART. 209 C.P.,CALI,Paso del Comercio,06,-76.489768,3.494734,DOMICILIO,2023,agosto    ,15,8/15/2023,3,00:00,DENUNCIA,Nivel 3
DELITOS SEXUALES,ACCESO CARNAL O ACTO SEXUAL ABUSIVOS CON INCAPAZ DE RESISTIR. ART. 210 C.P.,CALI,Junín,09,-76.52645,3.43402,SIN INFORMACION,2023,agosto    ,15,8/15/2023,3,18:13,DENUNCIA,Nivel 3
DELITOS SEXUALES,ACTOS SEXUALES CON MENOR DE CATORCE AÑOS. ART. 209 C.P.,CALI,Rural,Rural,-76.5003,3.316326,ESTABLECIMIENTO DE SALUD,2023,agosto    ,15,8/15/2023,3,15:00,DENUNCIA,Nivel 3
DELITOS SEXUALES,ACCESO CARNAL ABUSIVO CON MENOR DE CATORCE AÑOS. ART. 208 C.P.,CALI,San Pedro,03,-76.53302,3.44973,SIN INFORMACION,2023,agosto    ,15,8/15/2023,3,20:30,DENUNCIA,Nivel 3
DELITOS SEXUALES,ACCESO CARNAL ABUSIVO CON MENOR DE CATORCE AÑOS. ART. 208 C.P.,CALI,Rural,Rural,-76.580374,3.422615,SIN INFORMACION,2023,agosto    ,16,8/16/2023,4,15:19,DENUNCIA,Nivel 3
DELITOS SEXUALES,ACCESO CARNAL VIOLENTO. ART. 205 C.P.,CALI,Vipasa,02,-76.515922,3.481374,SIN INFORMACION,2023,agosto    ,16,8/16/2023,4,23:00,DENUNCIA,Nivel 3
DELITOS SEXUALES,DEMANDA DE EXPLOT.SEX. COMERC. MENOR DE 18 AÑOS Adic. Art 217A C.P. Ley 1329 de 2009,CALI,El Retiro,15,-76.497273,3.412571,SIN INFORMACION,2023,agosto    ,16,8/16/2023,4,14:00,DENUNCIA,Nivel 3
DELITOS SEXUALES,ACCESO CARNAL ABUSIVO CON MENOR DE CATORCE AÑOS. ART. 208 C.P.,CALI,El Piloto,03,-76.523146,3.459855,DOMICILIO,2023,agosto    ,16,8/16/2023,4,17:00,DENUNCIA,Nivel 3
DELITOS SEXUALES,ACCESO CARNAL O ACTO SEXUAL EN PERSONA PUESTA EN INCAPACIDAD DE RESISTIR. ART. 207 C.P.,CALI,La Isla,04,-76.51465,3.47168,SIN INFORMACION,2023,agosto    ,17,8/17/2023,5,06:00,DENUNCIA,Nivel 3
DELITOS SEXUALES,ACCESO CARNAL VIOLENTO. ART. 205 C.P.,CALI,Colseguros Andes,10,-76.52841,3.424102,SIN INFORMACION,2023,agosto    ,17,8/17/2023,5,09:19,DENUNCIA,Nivel 3
DELITOS SEXUALES,ACTOS SEXUALES CON MENOR DE CATORCE AÑOS. ART. 209 C.P.,CALI,Potrero Grande,21,-76.474745,3.4101,DOMICILIO,2023,agosto    ,17,8/17/2023,5,14:00,DENUNCIA,Nivel 3
DELITOS SEXUALES,ACTOS SEXUALES CON MENOR DE CATORCE AÑOS. ART. 209 C.P.,CALI,La Esperanza,11,-76.519621,3.420812,SIN INFORMACION,2023,agosto    ,17,8/17/2023,5,09:25,DENUNCIA,Nivel 3
DELITOS SEXUALES,ACTOS SEXUALES CON MENOR DE CATORCE AÑOS. ART. 209 C.P.,CALI,Bolivariano,04,-76.513601,3.467871,SIN INFORMACION,2023,agosto    ,17,8/17/2023,5,19:05,DENUNCIA,Nivel 3
DELITOS SEXUALES,ACTOS SEXUALES CON MENOR DE CATORCE AÑOS. ART. 209 C.P.,CALI,El Guabal,10,-76.522917,3.418619,SIN INFORMACION,2023,agosto    ,18,8/18/2023,6,12:53,DENUNCIA,Nivel 3
DELITOS SEXUALES,ACTOS SEXUALES CON MENOR DE CATORCE AÑOS. ART. 209 C.P.,CALI,Omar Torrijos,13,-76.4869,3.42571,SIN INFORMACION,2023,agosto    ,18,8/18/2023,6,18:00,DENUNCIA,Nivel 3
DELITOS SEXUALES,ACOSO SEXUAL ART. 210A C.P.  ADICIONADO LEY 1257 DE 2008,CALI,Base Aérea,07,-76.497528,3.45779,SIN INFORMACION,2023,agosto    ,18,8/18/2023,6,18:30,DENUNCIA,Nivel 3
DELITOS SEXUALES,ACTOS SEXUALES CON MENOR DE CATORCE AÑOS. ART. 209 C.P.,CALI,Guayaquil,09,-76.530024,3.439429,DOMICILIO,2023,agosto    ,18,8/18/2023,6,15:00,DENUNCIA,Nivel 3
DELITOS SEXUALES,PORNOGRAFIA CON MENORES ART. 218 C.P.,CALI,Siete de Agosto,07,-76.48328,3.450735,SIN INFORMACION,2023,agosto    ,18,8/18/2023,6,14:17,DENUNCIA,Nivel 3
DELITOS SEXUALES,ACTO SEXUAL VIOLENTO. ART. 206 C.P.,CALI,Omar Torrijos,13,-76.487506,3.424926,DOMICILIO,2023,agosto    ,18,8/18/2023,6,13:00,DENUNCIA,Nivel 3
DELITOS SEXUALES,ACCESO CARNAL O ACTO SEXUAL ABUSIVOS CON INCAPAZ DE RESISTIR. ART. 210 C.P.,CALI,Cañaveralejo - Seguros Patria,19,-76.54423,3.40496,DOMICILIO,2023,agosto    ,19,8/19/2023,7,07:00,DENUNCIA,Nivel 3
DELITOS SEXUALES,ACTOS SEXUALES CON MENOR DE CATORCE AÑOS. ART. 209 C.P.,CALI,Rural,Rural,-76.488875,3.314285,DOMICILIO,2023,agosto    ,19,8/19/2023,7,22:00,DENUNCIA,Nivel 3
DELITOS SEXUALES,ACTOS SEXUALES CON MENOR DE CATORCE AÑOS. ART. 209 C.P.,CALI,Los Portales - Nuevo Rey,17,-76.537292,3.393904,SIN INFORMACION,2023,agosto    ,19,8/19/2023,7,07:34,DENUNCIA,Nivel 3
DELITOS SEXUALES,ACTOS SEXUALES CON MENOR DE CATORCE AÑOS. ART. 209 C.P.,CALI,El Rodeo,12,-76.5026,3.43574,DOMICILIO,2023,agosto    ,19,8/19/2023,7,06:40,DENUNCIA,Nivel 3
DELITOS SEXUALES,DEMANDA DE EXPLOT.SEX. COMERC. MENOR DE 18 AÑOS Adic. Art 217A C.P. Ley 1329 de 2009,CALI,Lili,17,-76.51472,3.366975,SIN INFORMACION,2023,agosto    ,20,8/20/2023,1,01:00,DENUNCIA,Nivel 3
DELITOS SEXUALES,ACTOS SEXUALES CON MENOR DE CATORCE AÑOS. ART. 209 C.P.,CALI,San Luis II,06,-76.489101,3.490118,SIN INFORMACION,2023,agosto    ,20,8/20/2023,1,09:00,DENUNCIA,Nivel 3
DELITOS SEXUALES,ACOSO SEXUAL ART. 210A C.P.  ADICIONADO LEY 1257 DE 2008,CALI,Urbanización La Flora,02,-76.517269,3.492727,SIN INFORMACION,2023,agosto    ,20,8/20/2023,1,04:00,DENUNCIA,Nivel 3
DELITOS SEXUALES,ACCESO CARNAL O ACTO SEXUAL EN PERSONA PUESTA EN INCAPACIDAD DE RESISTIR. ART. 207 C.P.,CALI,Alto Nápoles,18,-76.557376,3.385115,DOMICILIO,2023,agosto    ,20,8/20/2023,1,23:11,DENUNCIA,Nivel 3
DELITOS SEXUALES,ACCESO CARNAL ABUSIVO CON MENOR DE CATORCE AÑOS. ART. 208 C.P.,CALI,El Jardín,11,-76.516325,3.426102,OTRO,2023,agosto    ,20,8/20/2023,1,17:00,DENUNCIA,Nivel 3
DELITOS SEXUALES,ACCESO CARNAL O ACTO SEXUAL EN PERSONA PUESTA EN INCAPACIDAD DE RESISTIR. ART. 207 C.P.,CALI,San Fernando Nuevo,19,-76.541187,3.428016,DOMICILIO,2023,agosto    ,20,8/20/2023,1,03:14,DENUNCIA,Nivel 3
DELITOS SEXUALES,ACTOS SEXUALES CON MENOR DE CATORCE AÑOS. ART. 209 C.P.,CALI,El Guabal,10,-76.52476,3.418164,SIN INFORMACION,2023,agosto    ,21,8/21/2023,2,16:00,DENUNCIA,Nivel 3
DELITOS SEXUALES,ACOSO SEXUAL ART. 210A C.P.  ADICIONADO LEY 1257 DE 2008,CALI,Cuarteles de Nápoles,18,-76.557271,3.381305,DOMICILIO,2023,agosto    ,22,8/22/2023,3,16:14,DENUNCIA,Nivel 3
DELITOS SEXUALES,ACCESO CARNAL O ACTO SEXUAL ABUSIVOS CON INCAPAZ DE RESISTIR. ART. 210 C.P.,CALI,Los Guaduales,06,-76.496799,3.49224,SIN INFORMACION,2023,agosto    ,22,8/22/2023,3,11:11,DENUNCIA,Nivel 3
DELITOS SEXUALES,ACCESO CARNAL VIOLENTO. ART. 205 C.P. ,CALI,Vipasa,02,-76.51945,3.476821,SIN INFORMACION,2023,agosto    ,22,8/22/2023,3,17:30,DENUNCIA,Nivel 3
DELITOS SEXUALES,ACCESO CARNAL O ACTO SEXUAL ABUSIVOS CON INCAPAZ DE RESISTIR. ART. 210 C.P.,CALI,Ulpiano Lloreda,13,-76.490595,3.443955,SIN INFORMACION,2023,agosto    ,23,8/23/2023,4,17:30,DENUNCIA,Nivel 3
DELITOS SEXUALES,ACTOS SEXUALES CON MENOR DE CATORCE AÑOS. ART. 209 C.P.,CALI,El Guabal,10,-76.529509,3.417522,SIN INFORMACION,2023,agosto    ,23,8/23/2023,4,13:00,DENUNCIA,Nivel 3
DELITOS SEXUALES,ACCESO CARNAL VIOLENTO. ART. 205 C.P.,CALI,Petecuy Tercera Etapa,06,-76.482795,3.47754,DOMICILIO,2023,agosto    ,23,8/23/2023,4,07:50,DENUNCIA,Nivel 3
DELITOS SEXUALES,ACTO SEXUAL VIOLENTO. ART. 206 C.P.,CALI,Villa del Prado - El Guabito,05,-76.485138,3.466952,TRANSPORTE MASIVO,2023,agosto    ,23,8/23/2023,4,13:10,DENUNCIA,Nivel 3
DELITOS SEXUALES,ACCESO CARNAL ABUSIVO CON MENOR DE CATORCE AÑOS. ART. 208 C.P.,CALI,Venezuela - Urbanización Cañaveralejo,20,-76.55771,3.41573,DOMICILIO,2023,agosto    ,23,8/23/2023,4,09:30,DENUNCIA,Nivel 3
DELITOS SEXUALES,PORNOGRAFIA CON MENORES ART. 218 C.P.,CALI,Ciudadela Floralia,06,-76.494382,3.49145,RED VIRTUAL O INTERNET,2023,agosto    ,23,8/23/2023,4,14:45,DENUNCIA,Nivel 3
DELITOS SEXUALES,ACCESO CARNAL ABUSIVO CON MENOR DE CATORCE AÑOS. ART. 208 C.P.,CALI,Alférez Real,18,-76.545029,3.387259,SIN INFORMACION,2023,agosto    ,23,8/23/2023,4,13:00,DENUNCIA,Nivel 3
DELITOS SEXUALES,ACOSO SEXUAL ART. 210A C.P.  ADICIONADO LEY 1257 DE 2008,CALI,El Poblado II,13,-76.49301,3.4202,SIN INFORMACION,2023,agosto    ,23,8/23/2023,4,15:45,DENUNCIA,Nivel 3
DELITOS SEXUALES,ACTO SEXUAL VIOLENTO CON MENOR DE CATORCE AÑOS ART. 209 C.P. ,CALI,Calimio Desepaz,21,-76.46828,3.414359,SIN INFORMACION,2023,agosto    ,23,8/23/2023,4,15:00,DENUNCIA,Nivel 3
DELITOS SEXUALES,ACTO SEXUAL VIOLENTO CON MENOR DE CATORCE AÑOS ART. 209 C.P. ,CALI,Chiminangos II,05,-76.49296,3.47857,ESTABLECIMIENTO EDUCATIVO,2023,agosto    ,24,8/24/2023,5,14:00,DENUNCIA,Nivel 3
DELITOS SEXUALES,ACTO SEXUAL VIOLENTO CON MENOR DE CATORCE AÑOS ART. 209 C.P. ,CALI,Cañaverales - Los Samanes,17,-76.524667,3.401898,DOMICILIO,2023,agosto    ,24,8/24/2023,5,10:00,DENUNCIA,Nivel 3
DELITOS SEXUALES,ACCESO CARNAL ABUSIVO CON MENOR DE CATORCE AÑOS. ART. 208 C.P.,CALI,Santa Elena,10,-76.524565,3.426616,DOMICILIO,2023,agosto    ,24,8/24/2023,5,19:00,DENUNCIA,Nivel 3
DELITOS SEXUALES,ACTOS SEXUALES CON MENOR DE CATORCE AÑOS. ART. 209 C.P.,CALI,Salomia,04,-76.504549,3.464137,DOMICILIO,2023,agosto    ,24,8/24/2023,5,07:40,DENUNCIA,Nivel 3
DELITOS SEXUALES,ACCESO CARNAL VIOLENTO. ART. 205 C.P.,CALI,Siloé,20,-76.554334,3.419803,DOMICILIO,2023,agosto    ,24,8/24/2023,5,19:25,DENUNCIA,Nivel 3
DELITOS SEXUALES,ACCESO CARNAL ABUSIVO CON MENOR DE CATORCE AÑOS. ART. 208 C.P.,CALI,Bellavista,19,-76.555617,3.446144,DOMICILIO,2023,agosto    ,24,8/24/2023,5,17:37,DENUNCIA,Nivel 3
DELITOS SEXUALES,ACTOS SEXUALES CON MENOR DE CATORCE AÑOS. ART. 209 C.P.,CALI,Junín,09,-76.52645,3.43402,SIN INFORMACION,2023,agosto    ,25,8/25/2023,6,21:00,DENUNCIA,Nivel 3
DELITOS SEXUALES,ACOSO SEXUAL ART. 210A C.P.  ADICIONADO LEY 1257 DE 2008,CALI,Barrio Obrero,09,-76.522103,3.450011,SIN INFORMACION,2023,agosto    ,25,8/25/2023,6,06:30,DENUNCIA,Nivel 3
DELITOS SEXUALES,ACCESO CARNAL ABUSIVO CON MENOR DE CATORCE AÑOS. ART. 208 C.P.,CALI,Ciudadela Floralia,06,-76.489989,3.496543,DOMICILIO,2023,agosto    ,25,8/25/2023,6,21:00,DENUNCIA,Nivel 3
DELITOS SEXUALES,ACTO SEXUAL VIOLENTO. ART. 206 C.P.,CALI,El Ingenio,17,-76.528551,3.38645,VIA PUBLICA,2023,agosto    ,25,8/25/2023,6,23:00,DENUNCIA,Nivel 3
DELITOS SEXUALES,ACCESO CARNAL VIOLENTO. ART. 205 C.P.,CALI,Charco Azul,13,-76.484264,3.443234,SIN INFORMACION,2023,agosto    ,25,8/25/2023,6,00:30,DENUNCIA,Nivel 3
DELITOS SEXUALES,ACCESO CARNAL VIOLENTO. ART. 205 C.P.,CALI,Cristóbal Colón,10,-76.52131,3.42256,VIA PUBLICA,2023,agosto    ,25,8/25/2023,6,12:00,DENUNCIA,Nivel 3
DELITOS SEXUALES,ACCESO CARNAL ABUSIVO CON MENOR DE CATORCE AÑOS. ART. 208 C.P.,CALI,Los Naranjos II,14,-76.474846,3.435305,DOMICILIO,2023,agosto    ,26,8/26/2023,7,10:00,DENUNCIA,Nivel 3
DELITOS SEXUALES,ACTO SEXUAL VIOLENTO. ART. 206 C.P.,CALI,Prados del Limonar,17,-76.52729,3.38786,SIN INFORMACION,2023,agosto    ,26,8/26/2023,7,04:00,DENUNCIA,Nivel 3
DELITOS SEXUALES,ACTO SEXUAL VIOLENTO. ART. 206 C.P.,CALI,Urbanización Militar,19,-76.54068,3.41215,OTRO,2023,agosto    ,26,8/26/2023,7,04:10,DENUNCIA,Nivel 3
DELITOS SEXUALES,ACCESO CARNAL VIOLENTO. ART. 205 C.P.,CALI,Primero de Mayo,17,-76.5354,3.40412,DOMICILIO,2023,agosto    ,26,8/26/2023,7,20:00,DENUNCIA,Nivel 3
DELITOS SEXUALES,ACTO SEXUAL VIOLENTO. ART. 206 C.P.,CALI,Antonio Nariño,16,-76.510233,3.415581,VIA PUBLICA,2023,agosto    ,27,8/27/2023,1,15:00,DENUNCIA,Nivel 3
DELITOS SEXUALES,ACOSO SEXUAL ART. 210A C.P.  ADICIONADO LEY 1257 DE 2008,CALI,Sector Alto de los Chorros,18,-76.55855,3.394545,SIN INFORMACION,2023,agosto    ,27,8/27/2023,1,17:00,DENUNCIA,Nivel 3
DELITOS SEXUALES,ACTO SEXUAL VIOLENTO. ART. 206 C.P.,CALI,Villa del Sur,11,-76.521537,3.410059,DOMICILIO,2023,agosto    ,27,8/27/2023,1,00:00,DENUNCIA,Nivel 3
DELITOS SEXUALES,ACTOS SEXUALES CON MENOR DE CATORCE AÑOS. ART. 209 C.P.,CALI,Porvenir,04,-76.51423,3.460485,VIA PUBLICA,2023,agosto    ,28,8/28/2023,2,18:00,DENUNCIA,Nivel 3
DELITOS SEXUALES,ACTO SEXUAL VIOLENTO. ART. 206 C.P.,CALI,San Vicente,02,-76.526959,3.466524,DOMICILIO,2023,agosto    ,28,8/28/2023,2,18:00,DENUNCIA,Nivel 3
DELITOS SEXUALES,ACTOS SEXUALES CON MENOR DE CATORCE AÑOS. ART. 209 C.P.,CALI,Aguacatal,01,-76.565699,3.454455,VIA PUBLICA,2023,agosto    ,28,8/28/2023,2,19:00,DENUNCIA,Nivel 3
DELITOS SEXUALES,ACTO SEXUAL VIOLENTO. ART. 206 C.P.,CALI,Salomia,04,-76.505624,3.467513,DOMICILIO,2023,agosto    ,28,8/28/2023,2,18:00,DENUNCIA,Nivel 3
DELITOS SEXUALES,ACCESO CARNAL O ACTO SEXUAL ABUSIVOS CON INCAPAZ DE RESISTIR. ART. 210 C.P.,CALI,Junín,09,-76.52645,3.43402,SIN INFORMACION,2023,agosto    ,28,8/28/2023,2,22:30,DENUNCIA,Nivel 3
DELITOS SEXUALES,ACCESO CARNAL VIOLENTO. ART. 205 C.P.,CALI,El Limonar,17,-76.529509,3.405459,SIN INFORMACION,2023,agosto    ,28,8/28/2023,2,15:09,DENUNCIA,Nivel 3
DELITOS SEXUALES,ACTO SEXUAL VIOLENTO CON MENOR DE CATORCE AÑOS ART. 209 C.P. ,CALI,Belalcázar,09,-76.51923,3.43915,ESTABLECIMIENTO DE COMERCIO,2023,agosto    ,28,8/28/2023,2,14:30,DENUNCIA,Nivel 3
DELITOS SEXUALES,ACOSO SEXUAL ART. 210A C.P.  ADICIONADO LEY 1257 DE 2008,CALI,Los Comuneros II,13,-76.491613,3.426103,SIN INFORMACION,2023,agosto    ,28,8/28/2023,2,17:43,DENUNCIA,Nivel 3
DELITOS SEXUALES,ACTOS SEXUALES CON MENOR DE CATORCE AÑOS. ART. 209 C.P.,CALI,Mojica,15,-76.489693,3.416685,SIN INFORMACION,2023,agosto    ,29,8/29/2023,3,10:30,DENUNCIA,Nivel 3
DELITOS SEXUALES,ACTO SEXUAL VIOLENTO CON MENOR DE CATORCE AÑOS ART. 209 C.P. ,CALI,Mojica,15,-76.489693,3.416685,DOMICILIO,2023,agosto    ,29,8/29/2023,3,05:30,DENUNCIA,Nivel 3
DELITOS SEXUALES,ACTOS SEXUALES CON MENOR DE CATORCE AÑOS. ART. 209 C.P.,CALI,Rural,Rural,-76.549477,3.492694,FINCA,2023,agosto    ,29,8/29/2023,3,16:00,DENUNCIA,Nivel 3
DELITOS SEXUALES,ACCESO CARNAL VIOLENTO. ART. 205 C.P.,CALI,El Gran Limonar - Cataya,17,-76.538495,3.401188,ESTABLECIMIENTO DE COMERCIO,2023,agosto    ,29,8/29/2023,3,17:00,DENUNCIA,Nivel 3
DELITOS SEXUALES,ACCESO CARNAL ABUSIVO CON MENOR DE CATORCE AÑOS. ART. 208 C.P.,CALI,Los Lideres,21,-76.46486,3.42039,DOMICILIO,2023,agosto    ,30,8/30/2023,4,00:00,DENUNCIA,Nivel 3
DELITOS SEXUALES,ACCESO CARNAL O ACTO SEXUAL ABUSIVOS CON INCAPAZ DE RESISTIR. ART. 210 C.P.,CALI,Rural,Rural,-76.484408,3.330274,SIN INFORMACION,2023,agosto    ,30,8/30/2023,4,18:00,DENUNCIA,Nivel 3
DELITOS SEXUALES,ACCESO CARNAL ABUSIVO CON MENOR DE CATORCE AÑOS. ART. 208 C.P.,CALI,Nueva Floresta,12,-76.498236,3.437526,SIN INFORMACION,2023,agosto    ,30,8/30/2023,4,15:00,DENUNCIA,Nivel 3
DELITOS SEXUALES,ACOSO SEXUAL ART. 210A C.P.  ADICIONADO LEY 1257 DE 2008,CALI,San Pedro,03,-76.530745,3.453849,SIN INFORMACION,2023,agosto    ,30,8/30/2023,4,09:43,DENUNCIA,Nivel 3
DELITOS SEXUALES,ACCESO CARNAL ABUSIVO CON MENOR DE CATORCE AÑOS. ART. 208 C.P.,CALI,Sector Alto Jordán,18,-76.554407,3.377176,DOMICILIO,2023,agosto    ,30,8/30/2023,4,00:00,DENUNCIA,Nivel 3
DELITOS SEXUALES,ACTO SEXUAL VIOLENTO. ART. 206 C.P.,CALI,Cristóbal Colón,10,-76.525201,3.424954,VIA PUBLICA,2023,agosto    ,30,8/30/2023,4,14:00,DENUNCIA,Nivel 3
DELITOS SEXUALES,ACCESO CARNAL VIOLENTO. ART. 205 C.P.,CALI,La Base,08,-76.494404,3.447762,DOMICILIO,2023,agosto    ,30,8/30/2023,4,00:00,DENUNCIA,Nivel 3
DELITOS SEXUALES,ACCESO CARNAL O ACTO SEXUAL ABUSIVOS CON INCAPAZ DE RESISTIR. ART. 210 C.P.,CALI,Departamental,10,-76.535806,3.41532,SIN INFORMACION,2023,agosto    ,31,8/31/2023,5,14:48,DENUNCIA,Nivel 3
DELITOS SEXUALES,ACTOS SEXUALES CON MENOR DE CATORCE AÑOS. ART. 209 C.P.,CALI,Rural,Rural,-76.607394,3.482744,SIN INFORMACION,2023,agosto    ,31,8/31/2023,5,14:54,DENUNCIA,Nivel 3
DELITOS SEXUALES,ACCESO CARNAL ABUSIVO CON MENOR DE CATORCE AÑOS. ART. 208 C.P.,CALI,El Hoyo,03,-76.5298,3.457495,DOMICILIO,2023,septiembre,1,9/1/2023,6,15:00,DENUNCIA,Nivel 3
DELITOS SEXUALES,ACCESO CARNAL ABUSIVO CON MENOR DE CATORCE AÑOS. ART. 208 C.P.,CALI,Manuela Beltrán,14,-76.471897,3.42041,DOMICILIO,2023,septiembre,1,9/1/2023,6,00:00,DENUNCIA,Nivel 3
DELITOS SEXUALES,ACTO SEXUAL VIOLENTO CON MENOR DE CATORCE AÑOS ART. 209 C.P. ,CALI,Ciudad Córdoba,15,-76.514391,3.396005,DOMICILIO,2023,septiembre,1,9/1/2023,6,00:00,DENUNCIA,Nivel 3
DELITOS SEXUALES,ACCESO CARNAL ABUSIVO CON MENOR DE CATORCE AÑOS. ART. 208 C.P.,CALI,Urbanización Boyaca,11,-76.520054,3.423234,DOMICILIO,2023,septiembre,1,9/1/2023,6,16:00,DENUNCIA,Nivel 3
DELITOS SEXUALES,ACCESO CARNAL O ACTO SEXUAL ABUSIVOS CON INCAPAZ DE RESISTIR. ART. 210 C.P.,CALI,Parque de la Caña,07,-76.50829,3.457609,DOMICILIO,2023,septiembre,1,9/1/2023,6,00:00,DENUNCIA,Nivel 3
DELITOS SEXUALES,PORNOGRAFIA CON MENORES ART. 218 C.P.,CALI,Guayaquil,09,-76.526582,3.437854,SIN INFORMACION,2023,septiembre,2,9/2/2023,7,13:00,DENUNCIA,Nivel 3
DELITOS SEXUALES,DEMANDA DE EXPLOT.SEX. COMERC. MENOR DE 18 AÑOS Adic. Art 217A C.P. Ley 1329 de 2009,CALI,Paso del Comercio,06,-76.492221,3.491052,DOMICILIO,2023,septiembre,2,9/2/2023,7,07:00,DENUNCIA,Nivel 3
DELITOS SEXUALES,ACTOS SEXUALES CON MENOR DE CATORCE AÑOS. ART. 209 C.P.,CALI,Potrero Grande,21,-76.472083,3.407706,SIN INFORMACION,2023,septiembre,2,9/2/2023,7,07:00,DENUNCIA,Nivel 3
DELITOS SEXUALES,ACCESO CARNAL VIOLENTO. ART. 205 C.P.,CALI,Terrón Colorado,01,-76.561956,3.452412,VIA PUBLICA,2023,septiembre,2,9/2/2023,7,18:00,DENUNCIA,Nivel 3
DELITOS SEXUALES,ACCESO CARNAL VIOLENTO. ART. 205 C.P.,CALI,La Base,08,-76.493505,3.451815,DOMICILIO,2023,septiembre,3,9/3/2023,1,08:00,DENUNCIA,Nivel 3
DELITOS SEXUALES,ACTOS SEXUALES CON MENOR DE CATORCE AÑOS. ART. 209 C.P.,CALI,Alto Nápoles,18,-76.558571,3.384903,SIN INFORMACION,2023,septiembre,3,9/3/2023,1,16:00,DENUNCIA,Nivel 3
DELITOS SEXUALES,ACCESO CARNAL O ACTO SEXUAL ABUSIVOS CON INCAPAZ DE RESISTIR. ART. 210 C.P.,CALI,Junín,09,-76.52645,3.43402,SIN INFORMACION,2023,septiembre,3,9/3/2023,1,14:00,DENUNCIA,Nivel 3
DELITOS SEXUALES,ACTOS SEXUALES CON MENOR DE CATORCE AÑOS. ART. 209 C.P.,CALI,La Independencia,11,-76.520624,3.417091,ESTABLECIMIENTO EDUCATIVO,2023,septiembre,4,9/4/2023,2,00:00,DENUNCIA,Nivel 3
DELITOS SEXUALES,ACTO SEXUAL VIOLENTO. ART. 206 C.P.,CALI,El Calvario,03,-76.527998,3.448023,SIN INFORMACION,2023,septiembre,4,9/4/2023,2,12:04,DENUNCIA,Nivel 3
DELITOS SEXUALES,ACCESO CARNAL O ACTO SEXUAL EN PERSONA PUESTA EN INCAPACIDAD DE RESISTIR. ART. 207 C.P.,CALI,San Pedro,03,-76.53309,3.4497,DOMICILIO,2023,septiembre,4,9/4/2023,2,02:30,DENUNCIA,Nivel 3
DELITOS SEXUALES,ACCESO CARNAL ABUSIVO CON MENOR DE CATORCE AÑOS. ART. 208 C.P.,CALI,Sucre,09,-76.523382,3.450025,SIN INFORMACION,2023,septiembre,4,9/4/2023,2,16:00,DENUNCIA,Nivel 3
DELITOS SEXUALES,ACCESO CARNAL VIOLENTO. ART. 205 C.P.,CALI,San Pedro,03,-76.533054,3.449798,SIN INFORMACION,2023,septiembre,5,9/5/2023,3,05:00,DENUNCIA,Nivel 3
DELITOS SEXUALES,ACTOS SEXUALES CON MENOR DE CATORCE AÑOS. ART. 209 C.P.,CALI,Polvorines,18,-76.555587,3.370929,SIN INFORMACION,2023,septiembre,5,9/5/2023,3,18:52,DENUNCIA,Nivel 3
DELITOS SEXUALES,ACTO SEXUAL VIOLENTO CON MENOR DE CATORCE AÑOS ART. 209 C.P. ,CALI,Pizamos I,21,-76.475304,3.401604,SIN INFORMACION,2023,septiembre,5,9/5/2023,3,22:23,DENUNCIA,Nivel 3
DELITOS SEXUALES,ACOSO SEXUAL ART. 210A C.P.  ADICIONADO LEY 1257 DE 2008,CALI,Calimio Desepaz,21,-76.469567,3.411495,SIN INFORMACION,2023,septiembre,5,9/5/2023,3,20:04,DENUNCIA,Nivel 3
DELITOS SEXUALES,ACCESO CARNAL O ACTO SEXUAL ABUSIVOS CON INCAPAZ DE RESISTIR. ART. 210 C.P.,CALI,Venezuela - Urbanización Cañaveralejo,20,-76.563542,3.413893,DOMICILIO,2023,septiembre,5,9/5/2023,3,14:00,DENUNCIA,Nivel 3
DELITOS SEXUALES,ACCESO CARNAL VIOLENTO. ART. 205 C.P.,CALI,Mayapan - Las Vegas,17,-76.541699,3.382544,SIN INFORMACION,2023,septiembre,6,9/6/2023,4,01:00,DENUNCIA,Nivel 3
DELITOS SEXUALES,ACTO SEXUAL VIOLENTO CON MENOR DE CATORCE AÑOS ART. 209 C.P. ,CALI,Calipso,13,-76.499546,3.426321,SIN INFORMACION,2023,septiembre,6,9/6/2023,4,21:22,DENUNCIA,Nivel 3
DELITOS SEXUALES,ACTOS SEXUALES CON MENOR DE CATORCE AÑOS. ART. 209 C.P.,CALI,El Morichal,15,-76.505446,3.392814,SIN INFORMACION,2023,septiembre,6,9/6/2023,4,23:15,DENUNCIA,Nivel 3
DELITOS SEXUALES,ACCESO CARNAL ABUSIVO CON MENOR DE CATORCE AÑOS. ART. 208 C.P.,CALI,El Dorado,10,-76.530607,3.419715,SIN INFORMACION,2023,septiembre,6,9/6/2023,4,17:25,DENUNCIA,Nivel 3
DELITOS SEXUALES,ACCESO CARNAL VIOLENTO. ART. 205 C.P.,CALI,El Calvario,03,-76.531,3.44828,VIA PUBLICA,2023,septiembre,6,9/6/2023,4,00:40,DENUNCIA,Nivel 3
DELITOS SEXUALES,ACTOS SEXUALES CON MENOR DE CATORCE AÑOS. ART. 209 C.P.,CALI,El Morichal,15,-76.505446,3.392814,DOMICILIO,2023,septiembre,6,9/6/2023,4,18:15,DENUNCIA,Nivel 3
DELITOS SEXUALES,INDUCCION A LA PROSTITUCION ART. 213 C.P.,CALI,Junín,09,-76.52645,3.43402,SIN INFORMACION,2023,septiembre,6,9/6/2023,4,12:10,DENUNCIA,Nivel 3
DELITOS SEXUALES,ACTOS SEXUALES CON MENOR DE CATORCE AÑOS. ART. 209 C.P.,CALI,Calimio Desepaz,21,-76.467136,3.413311,DOMICILIO,2023,septiembre,7,9/7/2023,5,18:00,DENUNCIA,Nivel 3
DELITOS SEXUALES,ACTO SEXUAL VIOLENTO CON MENOR DE CATORCE AÑOS ART. 209 C.P. ,CALI,El Morichal,15,-76.505446,3.392814,DOMICILIO,2023,septiembre,7,9/7/2023,5,00:00,DENUNCIA,Nivel 3
DELITOS SEXUALES,ACCESO CARNAL ABUSIVO CON MENOR DE CATORCE AÑOS. ART. 208 C.P.,CALI,Ciudad Córdoba,15,-76.503736,3.403397,DOMICILIO,2023,septiembre,7,9/7/2023,5,12:00,DENUNCIA,Nivel 3
DELITOS SEXUALES,ACTO SEXUAL VIOLENTO CON MENOR DE CATORCE AÑOS ART. 209 C.P. ,CALI,Lleras Camargo,20,-76.562245,3.417845,SIN INFORMACION,2023,septiembre,7,9/7/2023,5,15:00,DENUNCIA,Nivel 3
DELITOS SEXUALES,ACTO SEXUAL VIOLENTO CON MENOR DE CATORCE AÑOS ART. 209 C.P. ,CALI,Omar Torrijos,13,-76.48617,3.42306,VIA PUBLICA,2023,septiembre,7,9/7/2023,5,16:00,DENUNCIA,Nivel 3
DELITOS SEXUALES,ACCESO CARNAL O ACTO SEXUAL ABUSIVOS CON INCAPAZ DE RESISTIR. ART. 210 C.P.,CALI,Ricardo Balcázar,13,-76.495045,3.433365,SIN INFORMACION,2023,septiembre,8,9/8/2023,6,10:45,DENUNCIA,Nivel 3
DELITOS SEXUALES,ACTO SEXUAL VIOLENTO. ART. 206 C.P.,CALI,San Vicente,02,-76.527775,3.46254,ESTABLECIMIENTO DE SALUD,2023,septiembre,8,9/8/2023,6,08:00,DENUNCIA,Nivel 3
DELITOS SEXUALES,ACCESO CARNAL O ACTO SEXUAL EN PERSONA PUESTA EN INCAPACIDAD DE RESISTIR. ART. 207 C.P.,CALI,Cristóbal Colón,10,-76.527322,3.420062,DOMICILIO,2023,septiembre,8,9/8/2023,6,02:00,DENUNCIA,Nivel 3
DELITOS SEXUALES,ACTO SEXUAL VIOLENTO CON MENOR DE CATORCE AÑOS ART. 209 C.P. ,CALI,Compartir,21,-76.464308,3.43002,ESTABLECIMIENTO EDUCATIVO,2023,septiembre,8,9/8/2023,6,17:00,DENUNCIA,Nivel 3
DELITOS SEXUALES,ACTO SEXUAL VIOLENTO CON MENOR DE CATORCE AÑOS ART. 209 C.P. ,CALI,Desepaz Invicali,21,-76.463525,3.423053,SIN INFORMACION,2023,septiembre,8,9/8/2023,6,20:00,DENUNCIA,Nivel 3
DELITOS SEXUALES,ACTOS SEXUALES CON MENOR DE CATORCE AÑOS. ART. 209 C.P.,CALI,Junín,09,-76.52645,3.43402,SIN INFORMACION,2023,septiembre,8,9/8/2023,6,08:25,DENUNCIA,Nivel 3
DELITOS SEXUALES,ACCESO CARNAL VIOLENTO. ART. 205 C.P.,CALI,San Pedro,03,-76.53309,3.4497,DOMICILIO,2023,septiembre,9,9/9/2023,7,00:00,DENUNCIA,Nivel 3
DELITOS SEXUALES,ACCESO CARNAL VIOLENTO. ART. 205 C.P.,CALI,Junín,09,-76.52645,3.43402,SIN INFORMACION,2023,septiembre,9,9/9/2023,7,09:26,DENUNCIA,Nivel 3
DELITOS SEXUALES,PORNOGRAFIA CON MENORES ART. 218 C.P.,CALI,Sector Alto de los Chorros,18,-76.559954,3.390629,SIN INFORMACION,2023,septiembre,9,9/9/2023,7,21:00,DENUNCIA,Nivel 3
DELITOS SEXUALES,ACCESO CARNAL VIOLENTO. ART. 205 C.P.,CALI,Urbanización Rio Lili,22,-76.52878,3.36613,DOMICILIO,2023,septiembre,9,9/9/2023,7,22:00,DENUNCIA,Nivel 3
DELITOS SEXUALES,ACCESO CARNAL ABUSIVO CON MENOR DE CATORCE AÑOS. ART. 208 C.P.,CALI,Belén,20,-76.555625,3.428255,DOMICILIO,2023,septiembre,9,9/9/2023,7,09:09,DENUNCIA,Nivel 3
DELITOS SEXUALES,ACCESO CARNAL VIOLENTO. ART. 205 C.P.,CALI,San Pedro,03,-76.534017,3.452359,ESTABLECIMIENTO PUBLICO,2023,septiembre,9,9/9/2023,7,00:00,DENUNCIA,Nivel 3
DELITOS SEXUALES,ACTO SEXUAL VIOLENTO CON MENOR DE CATORCE AÑOS ART. 209 C.P. ,CALI,San Pedro,03,-76.53309,3.4497,DOMICILIO,2023,septiembre,10,9/10/2023,1,00:00,DENUNCIA,Nivel 3
DELITOS SEXUALES,ACTOS SEXUALES CON MENOR DE CATORCE AÑOS. ART. 209 C.P.,CALI,Los Guayacanes,05,-76.489393,3.474992,SIN INFORMACION,2023,septiembre,10,9/10/2023,1,08:00,DENUNCIA,Nivel 3
DELITOS SEXUALES,DEMANDA DE EXPLOT.SEX. COMERC. MENOR DE 18 AÑOS Adic. Art 217A C.P. Ley 1329 de 2009,CALI,Manuel María Buenaventura,09,-76.52302,3.438214,SIN INFORMACION,2023,septiembre,10,9/10/2023,1,14:19,DENUNCIA,Nivel 3
DELITOS SEXUALES,ACCESO CARNAL VIOLENTO. ART. 205 C.P.,CALI,Caney,17,-76.518366,3.38442,SIN INFORMACION,2023,septiembre,10,9/10/2023,1,02:34,DENUNCIA,Nivel 3
DELITOS SEXUALES,ACTO SEXUAL VIOLENTO CON MENOR DE CATORCE AÑOS ART. 209 C.P. ,CALI,Alirio Mora Beltrán,14,-76.48157,3.438453,DOMICILIO,2023,septiembre,11,9/11/2023,2,09:00,DENUNCIA,Nivel 3
DELITOS SEXUALES,ACCESO CARNAL ABUSIVO CON MENOR DE CATORCE AÑOS. ART. 208 C.P.,CALI,Antonio Nariño,16,-76.506024,3.411147,SIN INFORMACION,2023,septiembre,11,9/11/2023,2,20:37,DENUNCIA,Nivel 3
DELITOS SEXUALES,ACCESO CARNAL ABUSIVO CON MENOR DE CATORCE AÑOS. ART. 208 C.P.,CALI,El Poblado I,13,-76.497151,3.41803,DOMICILIO,2023,septiembre,11,9/11/2023,2,00:00,DENUNCIA,Nivel 3
DELITOS SEXUALES,ACCESO CARNAL ABUSIVO CON MENOR DE CATORCE AÑOS. ART. 208 C.P.,CALI,Junín,09,-76.52645,3.43402,SIN INFORMACION,2023,septiembre,12,9/12/2023,3,18:00,DENUNCIA,Nivel 3
DELITOS SEXUALES,PORNOGRAFIA CON MENORES ART. 218 C.P.,CALI,Nueva Floresta,12,-76.498255,3.433582,DOMICILIO,2023,septiembre,12,9/12/2023,3,10:00,DENUNCIA,Nivel 3
DELITOS SEXUALES,ACTO SEXUAL VIOLENTO CON MENOR DE CATORCE AÑOS ART. 209 C.P. ,CALI,Los Conquistadores,11,-76.50702,3.42464,DOMICILIO,2023,septiembre,12,9/12/2023,3,00:00,DENUNCIA,Nivel 3
DELITOS SEXUALES,ACCESO CARNAL ABUSIVO CON MENOR DE CATORCE AÑOS. ART. 208 C.P.,CALI,Simón Bolívar,08,-76.517012,3.441867,DOMICILIO,2023,septiembre,13,9/13/2023,4,18:00,DENUNCIA,Nivel 3
DELITOS SEXUALES,ACCESO CARNAL ABUSIVO CON MENOR DE CATORCE AÑOS. ART. 208 C.P.,CALI,Atanasio Girardot,08,-76.508566,3.443678,DOMICILIO,2023,septiembre,13,9/13/2023,4,00:00,DENUNCIA,Nivel 3
DELITOS SEXUALES,ACCESO CARNAL ABUSIVO CON MENOR DE CATORCE AÑOS. ART. 208 C.P.,CALI,Rural,Rural,-76.56685,3.448505,DOMICILIO,2023,septiembre,13,9/13/2023,4,11:00,DENUNCIA,Nivel 3
DELITOS SEXUALES,ACTOS SEXUALES CON MENOR DE CATORCE AÑOS. ART. 209 C.P.,CALI,Los Guayacanes,05,-76.492128,3.472075,DOMICILIO,2023,septiembre,13,9/13/2023,4,17:00,DENUNCIA,Nivel 3
DELITOS SEXUALES,ACTO SEXUAL VIOLENTO CON MENOR DE CATORCE AÑOS ART. 209 C.P. ,CALI,Ciudad Córdoba,15,-76.505574,3.404333,DOMICILIO,2023,septiembre,13,9/13/2023,4,00:00,DENUNCIA,Nivel 3
DELITOS SEXUALES,ACOSO SEXUAL ART. 210A C.P.  ADICIONADO LEY 1257 DE 2008,CALI,León XIII,11,-76.508972,3.425951,DOMICILIO,2023,septiembre,13,9/13/2023,4,16:00,DENUNCIA,Nivel 3
DELITOS SEXUALES,ACTO SEXUAL VIOLENTO CON MENOR DE CATORCE AÑOS ART. 209 C.P. ,CALI,Santa Fé,08,-76.508796,3.440815,DOMICILIO,2023,septiembre,13,9/13/2023,4,17:30,DENUNCIA,Nivel 3
DELITOS SEXUALES,ACOSO SEXUAL ART. 210A C.P.  ADICIONADO LEY 1257 DE 2008,CALI,Terrón Colorado,01,-76.56681,3.452285,SIN INFORMACION,2023,septiembre,13,9/13/2023,4,15:40,DENUNCIA,Nivel 3
DELITOS SEXUALES,ACCESO CARNAL VIOLENTO. ART. 205 C.P.,CALI,Rural,Rural,-76.5782,3.405045,DOMICILIO,2023,septiembre,14,9/14/2023,5,04:30,DENUNCIA,Nivel 3
DELITOS SEXUALES,ACCESO CARNAL ABUSIVO CON MENOR DE CATORCE AÑOS. ART. 208 C.P.,CALI,Las Américas,08,-76.506246,3.448253,DOMICILIO,2023,septiembre,14,9/14/2023,5,13:00,DENUNCIA,Nivel 3
DELITOS SEXUALES,ACTO SEXUAL VIOLENTO CON MENOR DE CATORCE AÑOS ART. 209 C.P. ,CALI,El Rodeo,12,-76.50401,3.435917,DOMICILIO,2023,septiembre,14,9/14/2023,5,10:35,DENUNCIA,Nivel 3
DELITOS SEXUALES,ACCESO CARNAL O ACTO SEXUAL ABUSIVOS CON INCAPAZ DE RESISTIR. ART. 210 C.P.,CALI,Siloé,20,-76.558061,3.422301,SIN INFORMACION,2023,septiembre,14,9/14/2023,5,08:00,DENUNCIA,Nivel 3
DELITOS SEXUALES,ACTOS SEXUALES CON MENOR DE CATORCE AÑOS. ART. 209 C.P.,CALI,Los Parques Barranquilla,05,-76.49681,3.47673,SIN INFORMACION,2023,septiembre,14,9/14/2023,5,05:25,DENUNCIA,Nivel 3
DELITOS SEXUALES,ACCESO CARNAL VIOLENTO. ART. 205 C.P.,CALI,San Pedro,03,-76.53309,3.4497,VEHICULO,2023,septiembre,14,9/14/2023,5,00:00,DENUNCIA,Nivel 3
DELITOS SEXUALES,ACTOS SEXUALES CON MENOR DE CATORCE AÑOS. ART. 209 C.P.,CALI,Aguacatal,01,-76.570209,3.455347,DOMICILIO,2023,septiembre,14,9/14/2023,5,07:48,DENUNCIA,Nivel 3
DELITOS SEXUALES,ACTOS SEXUALES CON MENOR DE CATORCE AÑOS. ART. 209 C.P.,CALI,José Manuel Marroquín II,14,-76.480305,3.431825,DOMICILIO,2023,septiembre,15,9/15/2023,6,00:00,DENUNCIA,Nivel 3
DELITOS SEXUALES,ACTO SEXUAL VIOLENTO. ART. 206 C.P.,CALI,Lili,17,-76.52409,3.36956,VEHICULO,2023,septiembre,15,9/15/2023,6,16:00,DENUNCIA,Nivel 3
DELITOS SEXUALES,PORNOGRAFIA CON MENORES ART. 218 C.P.,CALI,Alirio Mora Beltrán,14,-76.479311,3.439546,SIN INFORMACION,2023,septiembre,15,9/15/2023,6,17:00,DENUNCIA,Nivel 3
DELITOS SEXUALES,ACOSO SEXUAL ART. 210A C.P.  ADICIONADO LEY 1257 DE 2008,CALI,Junín,09,-76.52645,3.43402,SIN INFORMACION,2023,septiembre,15,9/15/2023,6,12:23,DENUNCIA,Nivel 3
DELITOS SEXUALES,ACCESO CARNAL ABUSIVO CON MENOR DE CATORCE AÑOS. ART. 208 C.P.,CALI,San Pedro,03,-76.533025,3.449728,SIN INFORMACION,2023,septiembre,15,9/15/2023,6,21:54,DENUNCIA,Nivel 3
DELITOS SEXUALES,ACTO SEXUAL VIOLENTO CON MENOR DE CATORCE AÑOS ART. 209 C.P. ,CALI,Los Comuneros II,13,-76.492977,3.426015,VIA PUBLICA,2023,septiembre,15,9/15/2023,6,19:00,DENUNCIA,Nivel 3
DELITOS SEXUALES,ACTOS SEXUALES CON MENOR DE CATORCE AÑOS. ART. 209 C.P.,CALI,Colinas del Sur,18,-76.551774,3.388663,DOMICILIO,2023,septiembre,15,9/15/2023,6,16:25,DENUNCIA,Nivel 3
DELITOS SEXUALES,ACTOS SEXUALES CON MENOR DE CATORCE AÑOS. ART. 209 C.P.,CALI,Junín,09,-76.52645,3.43402,SIN INFORMACION,2023,septiembre,15,9/15/2023,6,15:00,DENUNCIA,Nivel 3
DELITOS SEXUALES,ACCESO CARNAL ABUSIVO CON MENOR DE CATORCE AÑOS. ART. 208 C.P.,CALI,Manuela Beltrán,14,-76.469852,3.422088,SIN INFORMACION,2023,septiembre,15,9/15/2023,6,14:00,DENUNCIA,Nivel 3
DELITOS SEXUALES,ACCESO CARNAL ABUSIVO CON MENOR DE CATORCE AÑOS. ART. 208 C.P.,CALI,Ciudadela Floralia,06,-76.494215,3.496495,SIN INFORMACION,2023,septiembre,16,9/16/2023,7,22:00,DENUNCIA,Nivel 3
DELITOS SEXUALES,ACCESO CARNAL O ACTO SEXUAL ABUSIVOS CON INCAPAZ DE RESISTIR. ART. 210 C.P.,CALI,Chiminangos I,05,-76.49036,3.47682,SIN INFORMACION,2023,septiembre,16,9/16/2023,7,08:00,DENUNCIA,Nivel 3
DELITOS SEXUALES,ACCESO CARNAL ABUSIVO CON MENOR DE CATORCE AÑOS. ART. 208 C.P.,CALI,Aguacatal,01,-76.556734,3.458244,SIN INFORMACION,2023,septiembre,16,9/16/2023,7,20:00,DENUNCIA,Nivel 3
DELITOS SEXUALES,ACTOS SEXUALES CON MENOR DE CATORCE AÑOS. ART. 209 C.P.,CALI,Junín,09,-76.52645,3.43402,SIN INFORMACION,2023,septiembre,16,9/16/2023,7,08:00,DENUNCIA,Nivel 3
DELITOS SEXUALES,ACCESO CARNAL VIOLENTO. ART. 205 C.P. ,CALI,Urbanización La Nueva Base,08,-76.491646,3.448205,SIN INFORMACION,2023,septiembre,16,9/16/2023,7,23:00,DENUNCIA,Nivel 3
DELITOS SEXUALES,ACTO SEXUAL VIOLENTO CON MENOR DE CATORCE AÑOS ART. 209 C.P. ,CALI,Los Robles,13,-76.494819,3.422554,DOMICILIO,2023,septiembre,17,9/17/2023,1,15:35,DENUNCIA,Nivel 3
DELITOS SEXUALES,ACCESO CARNAL O ACTO SEXUAL ABUSIVOS CON INCAPAZ DE RESISTIR. ART. 210 C.P.,CALI,Charco Azul,13,-76.485468,3.441491,DOMICILIO,2023,septiembre,17,9/17/2023,1,03:00,DENUNCIA,Nivel 3
DELITOS SEXUALES,ACTO SEXUAL VIOLENTO CON MENOR DE CATORCE AÑOS ART. 209 C.P. ,CALI,Aguacatal,01,-76.56281,3.4543,DOMICILIO,2023,septiembre,18,9/18/2023,2,10:18,DENUNCIA,Nivel 3
DELITOS SEXUALES,ACTOS SEXUALES CON MENOR DE CATORCE AÑOS. ART. 209 C.P.,CALI,Junín,09,-76.52645,3.43402,SIN INFORMACION,2023,septiembre,18,9/18/2023,2,14:15,DENUNCIA,Nivel 3
DELITOS SEXUALES,ACTOS SEXUALES CON MENOR DE CATORCE AÑOS. ART. 209 C.P.,CALI,Bretaña,09,-76.531338,3.437293,SIN INFORMACION,2023,septiembre,18,9/18/2023,2,21:00,DENUNCIA,Nivel 3
DELITOS SEXUALES,ACCESO CARNAL ABUSIVO CON MENOR DE CATORCE AÑOS. ART. 208 C.P.,CALI,San Luis II,06,-76.487724,3.48909,DOMICILIO,2023,septiembre,18,9/18/2023,2,13:53,DENUNCIA,Nivel 3
DELITOS SEXUALES,ACOSO SEXUAL ART. 210A C.P.  ADICIONADO LEY 1257 DE 2008,CALI,Vista Hermosa,01,-76.579542,3.455471,SIN INFORMACION,2023,septiembre,18,9/18/2023,2,11:02,DENUNCIA,Nivel 3
DELITOS SEXUALES,PORNOGRAFIA CON MENORES ART. 218 C.P.,CALI,República de Israel,16,-76.511311,3.404555,DOMICILIO,2023,septiembre,18,9/18/2023,2,11:00,DENUNCIA,Nivel 3
DELITOS SEXUALES,ACOSO SEXUAL ART. 210A C.P.  ADICIONADO LEY 1257 DE 2008,CALI,Chipichape,02,-76.52799,3.473697,SIN INFORMACION,2023,septiembre,18,9/18/2023,2,13:30,DENUNCIA,Nivel 3
DELITOS SEXUALES,ACTO SEXUAL VIOLENTO CON MENOR DE CATORCE AÑOS ART. 209 C.P. ,CALI,Bretaña,09,-76.531338,3.437293,DOMICILIO,2023,septiembre,18,9/18/2023,2,00:00,DENUNCIA,Nivel 3
DELITOS SEXUALES,ACOSO SEXUAL ART. 210A C.P.  ADICIONADO LEY 1257 DE 2008,CALI,Junín,09,-76.52645,3.43402,SIN INFORMACION,2023,septiembre,18,9/18/2023,2,11:40,DENUNCIA,Nivel 3
DELITOS SEXUALES,ACTOS SEXUALES CON MENOR DE CATORCE AÑOS. ART. 209 C.P.,CALI,La Independencia,11,-76.518213,3.415889,SIN INFORMACION,2023,septiembre,19,9/19/2023,3,20:00,DENUNCIA,Nivel 3
DELITOS SEXUALES,ACTOS SEXUALES CON MENOR DE CATORCE AÑOS. ART. 209 C.P.,CALI,Valle Grande,21,-76.465822,3.437315,SIN INFORMACION,2023,septiembre,19,9/19/2023,3,19:22,DENUNCIA,Nivel 3
DELITOS SEXUALES,ACOSO SEXUAL ART. 210A C.P.  ADICIONADO LEY 1257 DE 2008,CALI,San Luís,06,-76.488584,3.481886,ESTABLECIMIENTO EDUCATIVO,2023,septiembre,19,9/19/2023,3,09:00,DENUNCIA,Nivel 3
DELITOS SEXUALES,ACTO SEXUAL VIOLENTO CON MENOR DE CATORCE AÑOS ART. 209 C.P. ,CALI,Unión de Vivienda Popular,16,-76.506445,3.41055,VEHICULO TAXI,2023,septiembre,19,9/19/2023,3,11:00,DENUNCIA,Nivel 3
DELITOS SEXUALES,ACOSO SEXUAL ART. 210A C.P.  ADICIONADO LEY 1257 DE 2008,CALI,Los Alcázares,06,-76.490792,3.486184,DOMICILIO,2023,septiembre,19,9/19/2023,3,00:00,DENUNCIA,Nivel 3
DELITOS SEXUALES,ACTO SEXUAL VIOLENTO. ART. 206 C.P.,CALI,La Flora,02,-76.52332,3.48334,SIN INFORMACION,2023,septiembre,20,9/20/2023,4,04:40,DENUNCIA,Nivel 3
DELITOS SEXUALES,ACOSO SEXUAL ART. 210A C.P.  ADICIONADO LEY 1257 DE 2008,CALI,El Gran Limonar,17,-76.543232,3.399733,SIN INFORMACION,2023,septiembre,21,9/21/2023,5,02:10,DENUNCIA,Nivel 3
DELITOS SEXUALES,ACTOS SEXUALES CON MENOR DE CATORCE AÑOS. ART. 209 C.P.,CALI,Brisas de Los Álamos,02,-76.50661,3.48974,LUGAR DE RECREACION / PARQUE,2023,septiembre,21,9/21/2023,5,17:30,DENUNCIA,Nivel 3
DELITOS SEXUALES,ACTOS SEXUALES CON MENOR DE CATORCE AÑOS. ART. 209 C.P.,CALI,José Manuel Marroquín I,14,-76.480099,3.422791,DOMICILIO,2023,septiembre,21,9/21/2023,5,22:00,DENUNCIA,Nivel 3
DELITOS SEXUALES,PORNOGRAFIA CON MENORES ART. 218 C.P.,CALI,San Pedro,03,-76.533039,3.449741,SIN INFORMACION,2023,septiembre,21,9/21/2023,5,01:00,DENUNCIA,Nivel 3
DELITOS SEXUALES,ACTO SEXUAL VIOLENTO CON MENOR DE CATORCE AÑOS ART. 209 C.P. ,CALI,Valle Grande,21,-76.468405,3.436512,DOMICILIO,2023,septiembre,21,9/21/2023,5,00:00,DENUNCIA,Nivel 3
DELITOS SEXUALES,ACTOS SEXUALES CON MENOR DE CATORCE AÑOS. ART. 209 C.P.,CALI,Valle Grande,21,-76.468405,3.436512,SIN INFORMACION,2023,septiembre,21,9/21/2023,5,15:30,DENUNCIA,Nivel 3
DELITOS SEXUALES,ACTOS SEXUALES CON MENOR DE CATORCE AÑOS. ART. 209 C.P.,CALI,San Pedro,03,-76.533035,3.449699,SIN INFORMACION,2023,septiembre,21,9/21/2023,5,15:00,DENUNCIA,Nivel 3
DELITOS SEXUALES,ACCESO CARNAL ABUSIVO CON MENOR DE CATORCE AÑOS. ART. 208 C.P.,CALI,Los Sauces,11,-76.51366,3.41683,DOMICILIO,2023,septiembre,21,9/21/2023,5,00:00,DENUNCIA,Nivel 3
DELITOS SEXUALES,ACTOS SEXUALES CON MENOR DE CATORCE AÑOS. ART. 209 C.P.,CALI,Parcelaciones Pance,22,-76.527259,3.343455,SIN INFORMACION,2023,septiembre,22,9/22/2023,6,14:00,DENUNCIA,Nivel 3
DELITOS SEXUALES,,CALI,San Pedro,03,-76.533019,3.44971,SIN INFORMACION,2023,septiembre,22,9/22/2023,6,14:21,DENUNCIA,Nivel 3
DELITOS SEXUALES,ACTO SEXUAL VIOLENTO CON MENOR DE CATORCE AÑOS ART. 209 C.P. ,CALI,Rural,Rural,-76.550468,3.48558,DOMICILIO,2023,septiembre,22,9/22/2023,6,00:00,DENUNCIA,Nivel 3
DELITOS SEXUALES,ACCESO CARNAL VIOLENTO. ART. 205 C.P.,CALI,Rural,Rural,-76.558036,3.39546,DOMICILIO,2023,septiembre,22,9/22/2023,6,00:00,DENUNCIA,Nivel 3
DELITOS SEXUALES,ACTO SEXUAL VIOLENTO. ART. 206 C.P.,CALI,Las Vegas del Lili,81,-76.511705,3.370909,SIN INFORMACION,2023,septiembre,23,9/23/2023,7,01:00,DENUNCIA,Nivel 3
DELITOS SEXUALES,ACCESO CARNAL ABUSIVO CON MENOR DE CATORCE AÑOS. ART. 208 C.P.,CALI,Rodrigo Lara Bonilla,13,-76.488828,3.426157,DOMICILIO,2023,septiembre,23,9/23/2023,7,00:00,DENUNCIA,Nivel 3
DELITOS SEXUALES,ACOSO SEXUAL ART. 210A C.P.  ADICIONADO LEY 1257 DE 2008,CALI,Vista Hermosa,01,-76.572445,3.45415,RED VIRTUAL O INTERNET,2023,septiembre,23,9/23/2023,7,09:00,DENUNCIA,Nivel 3
DELITOS SEXUALES,ACTOS SEXUALES CON MENOR DE CATORCE AÑOS. ART. 209 C.P.,CALI,Los Guayacanes,05,-76.49219,3.472757,SIN INFORMACION,2023,septiembre,23,9/23/2023,7,09:16,DENUNCIA,Nivel 3
DELITOS SEXUALES,ACCESO CARNAL VIOLENTO. ART. 205 C.P.,CALI,Rural,Rural,-76.544239,3.459964,DOMICILIO,2023,septiembre,24,9/24/2023,1,03:00,DENUNCIA,Nivel 3
DELITOS SEXUALES,ACTOS SEXUALES CON MENOR DE CATORCE AÑOS. ART. 209 C.P.,CALI,La Independencia,11,-76.519791,3.416867,DOMICILIO,2023,septiembre,24,9/24/2023,1,00:00,DENUNCIA,Nivel 3
DELITOS SEXUALES,ACCESO CARNAL VIOLENTO. ART. 205 C.P. ,CALI,Santa Elena,10,-76.525535,3.43137,DOMICILIO,2023,septiembre,24,9/24/2023,1,11:45,DENUNCIA,Nivel 3
DELITOS SEXUALES,ACCESO CARNAL VIOLENTO. ART. 205 C.P.,CALI,Venezuela - Urbanización Cañaveralejo,20,-76.562807,3.413406,SIN INFORMACION,2023,septiembre,24,9/24/2023,1,20:25,DENUNCIA,Nivel 3
DELITOS SEXUALES,ACCESO CARNAL VIOLENTO. ART. 205 C.P.,CALI,Junín,09,-76.52645,3.43402,SIN INFORMACION,2023,septiembre,24,9/24/2023,1,18:00,DENUNCIA,Nivel 3
DELITOS SEXUALES,ACTO SEXUAL VIOLENTO CON MENOR DE CATORCE AÑOS ART. 209 C.P. ,CALI,Paso del Comercio,06,-76.493505,3.489275,DOMICILIO,2023,septiembre,24,9/24/2023,1,00:00,DENUNCIA,Nivel 3
DELITOS SEXUALES,ACCESO CARNAL VIOLENTO. ART. 205 C.P.,CALI,San Pedro,03,-76.52989,3.44956,DOMICILIO,2023,septiembre,24,9/24/2023,1,00:00,DENUNCIA,Nivel 3
DELITOS SEXUALES,ACCESO CARNAL VIOLENTO. ART. 205 C.P.,CALI,Los Sauces,11,-76.508786,3.419415,SIN INFORMACION,2023,septiembre,25,9/25/2023,2,08:00,DENUNCIA,Nivel 3
DELITOS SEXUALES,ACCESO CARNAL VIOLENTO. ART. 205 C.P.,CALI,Aguacatal,01,-76.565727,3.455428,SIN INFORMACION,2023,septiembre,25,9/25/2023,2,07:00,DENUNCIA,Nivel 3
DELITOS SEXUALES,ACTO SEXUAL VIOLENTO. ART. 206 C.P.,CALI,La Fortaleza,11,-76.515396,3.425151,VIA PUBLICA,2023,septiembre,25,9/25/2023,2,23:30,DENUNCIA,Nivel 3
DELITOS SEXUALES,ACTO SEXUAL VIOLENTO. ART. 206 C.P.,CALI,Los Lagos,13,-76.485516,3.428201,DOMICILIO,2023,septiembre,25,9/25/2023,2,12:54,DENUNCIA,Nivel 3
DELITOS SEXUALES,ACTO SEXUAL VIOLENTO. ART. 206 C.P.,CALI,El Morichal,15,-76.506652,3.391298,DOMICILIO,2023,septiembre,25,9/25/2023,2,03:00,DENUNCIA,Nivel 3
DELITOS SEXUALES,ACCESO CARNAL ABUSIVO CON MENOR DE CATORCE AÑOS. ART. 208 C.P.,CALI,Los Naranjos II,14,-76.478802,3.432616,SIN INFORMACION,2023,septiembre,25,9/25/2023,2,11:00,DENUNCIA,Nivel 3
DELITOS SEXUALES,ACCESO CARNAL ABUSIVO CON MENOR DE CATORCE AÑOS. ART. 208 C.P.,CALI,El Morichal,15,-76.507684,3.395024,OTRO,2023,septiembre,26,9/26/2023,3,05:00,DENUNCIA,Nivel 3
DELITOS SEXUALES,ACCESO CARNAL VIOLENTO. ART. 205 C.P.,CALI,San Pedro,03,-76.53309,3.4497,ESTABLECIMIENTO PUBLICO,2023,septiembre,26,9/26/2023,3,00:00,DENUNCIA,Nivel 3
DELITOS SEXUALES,ACTO SEXUAL VIOLENTO CON MENOR DE CATORCE AÑOS ART. 209 C.P. ,CALI,San Nicolás,03,-76.527998,3.450765,SIN INFORMACION,2023,septiembre,26,9/26/2023,3,09:14,DENUNCIA,Nivel 3
DELITOS SEXUALES,ACTOS SEXUALES CON MENOR DE CATORCE AÑOS. ART. 209 C.P.,CALI,Junín,09,-76.52645,3.43402,SIN INFORMACION,2023,septiembre,27,9/27/2023,4,05:00,DENUNCIA,Nivel 3
DELITOS SEXUALES,ACCESO CARNAL VIOLENTO. ART. 205 C.P.,CALI,Mojica,15,-76.489981,3.418002,DOMICILIO,2023,septiembre,27,9/27/2023,4,20:36,DENUNCIA,Nivel 3
DELITOS SEXUALES,ACTOS SEXUALES CON MENOR DE CATORCE AÑOS. ART. 209 C.P.,CALI,Junín,09,-76.52645,3.43402,SIN INFORMACION,2023,septiembre,27,9/27/2023,4,13:00,DENUNCIA,Nivel 3
DELITOS SEXUALES,ACTO SEXUAL VIOLENTO. ART. 206 C.P.,CALI,Sector Alto Jordán,18,-76.56036,3.37992,ESTABLECIMIENTO EDUCATIVO,2023,septiembre,28,9/28/2023,5,00:00,DENUNCIA,Nivel 3
DELITOS SEXUALES,ACOSO SEXUAL ART. 210A C.P.  ADICIONADO LEY 1257 DE 2008,CALI,Alfonso Bonilla Aragón,14,-76.485204,3.422077,SIN INFORMACION,2023,septiembre,28,9/28/2023,5,01:00,DENUNCIA,Nivel 3
DELITOS SEXUALES,ACOSO SEXUAL ART. 210A C.P.  ADICIONADO LEY 1257 DE 2008,CALI,Los Alcázares,06,-76.491047,3.488043,SIN INFORMACION,2023,septiembre,28,9/28/2023,5,13:30,DENUNCIA,Nivel 3
DELITOS SEXUALES,ACTOS SEXUALES CON MENOR DE CATORCE AÑOS. ART. 209 C.P.,CALI,República de Israel,16,-76.514561,3.408727,SIN INFORMACION,2023,septiembre,29,9/29/2023,6,08:00,DENUNCIA,Nivel 3
DELITOS SEXUALES,ACTO SEXUAL VIOLENTO CON MENOR DE CATORCE AÑOS ART. 209 C.P. ,CALI,El Poblado I,13,-76.497255,3.419621,SIN INFORMACION,2023,septiembre,29,9/29/2023,6,14:00,DENUNCIA,Nivel 3
DELITOS SEXUALES,ACCESO CARNAL ABUSIVO CON MENOR DE CATORCE AÑOS. ART. 208 C.P.,CALI,Junín,09,-76.52645,3.43402,SIN INFORMACION,2023,septiembre,30,9/30/2023,7,07:00,DENUNCIA,Nivel 3
DELITOS SEXUALES,INDUCCION A LA PROSTITUCION ART. 213 C.P.,CALI,Villa Colombia,08,-76.499609,3.449324,SIN INFORMACION,2023,septiembre,30,9/30/2023,7,16:04,DENUNCIA,Nivel 3
DELITOS SEXUALES,ACTO SEXUAL VIOLENTO CON MENOR DE CATORCE AÑOS ART. 209 C.P. ,CALI,Santa Anita - La Selva,17,-76.539767,3.403664,DOMICILIO,2023,septiembre,30,9/30/2023,7,00:00,DENUNCIA,Nivel 3
DELITOS SEXUALES,ACOSO SEXUAL ART. 210A C.P.  ADICIONADO LEY 1257 DE 2008,CALI,Junín,09,-76.52645,3.43402,SIN INFORMACION,2023,septiembre,30,9/30/2023,7,00:00,DENUNCIA,Nivel 3
DELITOS SEXUALES,ACCESO CARNAL ABUSIVO CON MENOR DE CATORCE AÑOS. ART. 208 C.P.,CALI,Rural,Rural,-76.567305,3.376515,ENTIDAD PUBLICA / ESTATAL,2023,octubre   ,1,10/1/2023,1,13:00,DENUNCIA,Nivel 3
DELITOS SEXUALES,ACCESO CARNAL O ACTO SEXUAL EN PERSONA PUESTA EN INCAPACIDAD DE RESISTIR ART. 207,CALI,Las Américas,08,-76.503997,3.44692,DOMICILIO,2023,octubre   ,1,10/1/2023,1,06:30,DENUNCIA,Nivel 3
DELITOS SEXUALES,ACTOS SEXUALES CON MENOR DE CATORCE AÑOS. ART. 209 C.P.,CALI,Los Comuneros I,15,-76.49183,3.41113,SIN INFORMACION,2023,octubre   ,1,10/1/2023,1,15:00,DENUNCIA,Nivel 3
DELITOS SEXUALES,ACCESO CARNAL VIOLENTO. ART. 205 C.P.,CALI,El Poblado II,13,-76.49301,3.4202,DOMICILIO,2023,octubre   ,1,10/1/2023,1,00:00,DENUNCIA,Nivel 3
DELITOS SEXUALES,"ADIC.L.679/2001,ART.34.UTILIZAC.O FACILITAC.MEDIOS DE COMUNICAC.PARA OFRECER SERV.SEXUALES DE MENORES",CALI,Ciudadela Floralia,06,-76.492958,3.497273,SIN INFORMACION,2023,octubre   ,1,10/1/2023,1,02:30,DENUNCIA,Nivel 3
DELITOS SEXUALES,ACTOS SEXUALES CON MENOR DE CATORCE AÑOS. ART. 209 C.P.,CALI,Lleras Camargo,20,-76.560335,3.41782,SIN INFORMACION,2023,octubre   ,1,10/1/2023,1,11:09,DENUNCIA,Nivel 3
DELITOS SEXUALES,ACOSO SEXUAL ART. 210A C.P.  ADICIONADO LEY 1257 DE 2008,CALI,Laureano Gómez,15,-76.496083,3.409108,SIN INFORMACION,2023,octubre   ,2,10/2/2023,2,20:00,DENUNCIA,Nivel 3
DELITOS SEXUALES,ACCESO CARNAL ABUSIVO CON MENOR DE CATORCE AÑOS. ART. 208 C.P.,CALI,Los Lagos,13,-76.486842,3.428274,DOMICILIO,2023,octubre   ,2,10/2/2023,2,08:00,DENUNCIA,Nivel 3
DELITOS SEXUALES,ACCESO CARNAL ABUSIVO CON MENOR DE CATORCE AÑOS. ART. 208 C.P.,CALI,Mariano Ramos,16,-76.51667,3.4033,SIN INFORMACION,2023,octubre   ,2,10/2/2023,2,00:00,DENUNCIA,Nivel 3
DELITOS SEXUALES,ACCESO CARNAL ABUSIVO CON MENOR DE CATORCE AÑOS. ART. 208 C.P.,CALI,Las Granjas,10,-76.525724,3.411911,DOMICILIO,2023,octubre   ,2,10/2/2023,2,00:00,DENUNCIA,Nivel 3
DELITOS SEXUALES,ACCESO CARNAL ABUSIVO CON MENOR DE CATORCE AÑOS. ART. 208 C.P.,CALI,Miraflores,19,-76.542892,3.441399,ESTABLECIMIENTO EDUCATIVO,2023,octubre   ,3,10/3/2023,3,09:00,DENUNCIA,Nivel 3
DELITOS SEXUALES,ACTOS SEXUALES CON MENOR DE CATORCE AÑOS. ART. 209 C.P.,CALI,Junín,09,-76.52645,3.43402,SIN INFORMACION,2023,octubre   ,3,10/3/2023,3,20:17,DENUNCIA,Nivel 3
DELITOS SEXUALES,ACTO SEXUAL VIOLENTO. ART. 206 C.P.,CALI,Calima,04,-76.498311,3.485169,SIN INFORMACION,2023,octubre   ,3,10/3/2023,3,09:24,DENUNCIA,Nivel 3
DELITOS SEXUALES,ACOSO SEXUAL ART. 210A C.P.  ADICIONADO LEY 1257 DE 2008,CALI,Flora Industrial,04,-76.50235,3.48263,ESTABLECIMIENTO EDUCATIVO,2023,octubre   ,3,10/3/2023,3,14:43,DENUNCIA,Nivel 3
DELITOS SEXUALES,ACCESO CARNAL VIOLENTO. ART. 205 C.P.,CALI,El Calvario,03,-76.529875,3.447715,DOMICILIO,2023,octubre   ,3,10/3/2023,3,12:40,DENUNCIA,Nivel 3
DELITOS SEXUALES,ACCESO CARNAL VIOLENTO. ART. 205 C.P.,CALI,Terrón Colorado,01,-76.559863,3.452583,SIN INFORMACION,2023,octubre   ,3,10/3/2023,3,11:00,DENUNCIA,Nivel 3
DELITOS SEXUALES,ACCESO CARNAL ABUSIVO CON MENOR DE CATORCE AÑOS. ART. 208 C.P.,CALI,Santa Fé,08,-76.508405,3.43919,SIN INFORMACION,2023,octubre   ,3,10/3/2023,3,15:00,DENUNCIA,Nivel 3
DELITOS SEXUALES,ACOSO SEXUAL ART. 210A C.P.  ADICIONADO LEY 1257 DE 2008,CALI,El Sena,05,-76.503509,3.470639,ESTABLECIMIENTO EDUCATIVO,2023,octubre   ,4,10/4/2023,4,15:00,DENUNCIA,Nivel 3
DELITOS SEXUALES,ACOSO SEXUAL ART. 210A C.P.  ADICIONADO LEY 1257 DE 2008,CALI,Parcelaciones Pance,22,-76.54751,3.342153,SIN INFORMACION,2023,octubre   ,4,10/4/2023,4,01:00,DENUNCIA,Nivel 3
DELITOS SEXUALES,ACTOS SEXUALES CON MENOR DE CATORCE AÑOS. ART. 209 C.P.,CALI,El Calvario,03,-76.52991,3.44771,SIN INFORMACION,2023,octubre   ,4,10/4/2023,4,11:17,DENUNCIA,Nivel 3
DELITOS SEXUALES,ACTOS SEXUALES CON MENOR DE CATORCE AÑOS. ART. 209 C.P.,CALI,Junín,09,-76.52645,3.43402,SIN INFORMACION,2023,octubre   ,5,10/5/2023,5,02:35,DENUNCIA,Nivel 3
DELITOS SEXUALES,ACCESO CARNAL VIOLENTO. ART. 205 C.P.,CALI,Saavedra Galindo,08,-76.511717,3.442063,DOMICILIO,2023,octubre   ,5,10/5/2023,5,06:00,DENUNCIA,Nivel 3
DELITOS SEXUALES,ACTOS SEXUALES CON MENOR DE CATORCE AÑOS. ART. 209 C.P.,CALI,Camino Real - Los Fundadores,19,-76.54,3.40952,DOMICILIO,2023,octubre   ,5,10/5/2023,5,10:00,DENUNCIA,Nivel 3
DELITOS SEXUALES,ACOSO SEXUAL ART. 210A C.P.  ADICIONADO LEY 1257 DE 2008,CALI,Cañaverales - Los Samanes,17,-76.525922,3.399804,SIN INFORMACION,2023,octubre   ,5,10/5/2023,5,21:17,DENUNCIA,Nivel 3
DELITOS SEXUALES,ACTOS SEXUALES CON MENOR DE CATORCE AÑOS. ART. 209 C.P.,CALI,El Troncal,08,-76.51008,3.45029,SIN INFORMACION,2023,octubre   ,5,10/5/2023,5,23:00,DENUNCIA,Nivel 3
DELITOS SEXUALES,ACTO SEXUAL VIOLENTO CON MENOR DE CATORCE AÑOS ART. 209 C.P. ,CALI,Los Guayacanes,05,-76.492835,3.474005,SIN INFORMACION,2023,octubre   ,5,10/5/2023,5,11:00,DENUNCIA,Nivel 3
DELITOS SEXUALES,ACTOS SEXUALES CON MENOR DE CATORCE AÑOS. ART. 209 C.P.,CALI,Cuarteles de Nápoles,18,-76.544697,3.385085,SIN INFORMACION,2023,octubre   ,6,10/6/2023,6,12:00,DENUNCIA,Nivel 3
DELITOS SEXUALES,ACTOS SEXUALES CON MENOR DE CATORCE AÑOS. ART. 209 C.P.,CALI,Junín,09,-76.52645,3.43402,SIN INFORMACION,2023,octubre   ,6,10/6/2023,6,01:00,DENUNCIA,Nivel 3
DELITOS SEXUALES,PORNOGRAFIA CON MENORES ART. 218 C.P.,CALI,Unidad Residencial El Coliseo,19,-76.555016,3.413086,RED VIRTUAL O INTERNET,2023,octubre   ,6,10/6/2023,6,23:00,DENUNCIA,Nivel 3
DELITOS SEXUALES,ACCESO CARNAL ABUSIVO CON MENOR DE CATORCE AÑOS. ART. 208 C.P.,CALI,Manuela Beltrán,14,-76.473011,3.420307,SIN INFORMACION,2023,octubre   ,6,10/6/2023,6,15:35,DENUNCIA,Nivel 3
DELITOS SEXUALES,ACTO SEXUAL VIOLENTO. ART. 206 C.P.,CALI,Terrón Colorado,01,-76.5691,3.45075,ESTABLECIMIENTO EDUCATIVO,2023,octubre   ,6,10/6/2023,6,10:00,DENUNCIA,Nivel 3
DELITOS SEXUALES,ACTO SEXUAL VIOLENTO. ART. 206 C.P.,CALI,Ciudad Capri,17,-76.543388,3.386526,SIN INFORMACION,2023,octubre   ,6,10/6/2023,6,22:49,DENUNCIA,Nivel 3
DELITOS SEXUALES,ACCESO CARNAL VIOLENTO. ART. 205 C.P.,CALI,Menga,02,-76.525633,3.492732,DOMICILIO,2023,octubre   ,7,10/7/2023,7,22:40,DENUNCIA,Nivel 3
DELITOS SEXUALES,ACCESO CARNAL ABUSIVO CON MENOR DE CATORCE AÑOS. ART. 208 C.P.,CALI,Las Orquídeas,14,-76.477295,3.412321,DOMICILIO,2023,octubre   ,7,10/7/2023,7,00:00,DENUNCIA,Nivel 3
DELITOS SEXUALES,ACOSO SEXUAL ART. 210A C.P.  ADICIONADO LEY 1257 DE 2008,CALI,Caney,17,-76.518876,3.38381,SIN INFORMACION,2023,octubre   ,7,10/7/2023,7,05:00,DENUNCIA,Nivel 3
DELITOS SEXUALES,ACCESO CARNAL VIOLENTO. ART. 205 C.P.,CALI,Potrero Grande,21,-76.471104,3.407997,DOMICILIO,2023,octubre   ,7,10/7/2023,7,06:29,DENUNCIA,Nivel 3
DELITOS SEXUALES,ACCESO CARNAL ABUSIVO CON MENOR DE CATORCE AÑOS. ART. 208 C.P.,CALI,Junín,09,-76.52645,3.43402,SIN INFORMACION,2023,octubre   ,7,10/7/2023,7,04:00,DENUNCIA,Nivel 3
DELITOS SEXUALES,ACCESO CARNAL VIOLENTO. ART. 205 C.P.,CALI,Terrón Colorado,01,-76.558565,3.453346,SIN INFORMACION,2023,octubre   ,8,10/8/2023,1,08:00,DENUNCIA,Nivel 3
DELITOS SEXUALES,ACOSO SEXUAL ART. 210A C.P.  ADICIONADO LEY 1257 DE 2008,CALI,El Guabal,10,-76.52933,3.41739,SIN INFORMACION,2023,octubre   ,8,10/8/2023,1,04:45,DENUNCIA,Nivel 3
DELITOS SEXUALES,ACTOS SEXUALES CON MENOR DE CATORCE AÑOS. ART. 209 C.P.,CALI,Sector Meléndez,18,-76.548069,3.373039,SIN INFORMACION,2023,octubre   ,8,10/8/2023,1,00:21,DENUNCIA,Nivel 3
DELITOS SEXUALES,ACCESO CARNAL ABUSIVO CON MENOR DE CATORCE AÑOS. ART. 208 C.P.,CALI,Sucre,09,-76.525423,3.445967,SIN INFORMACION,2023,octubre   ,8,10/8/2023,1,20:00,DENUNCIA,Nivel 3
DELITOS SEXUALES,ACTO SEXUAL VIOLENTO. ART. 206 C.P.,CALI,Rural,Rural,-76.567305,3.376515,DOMICILIO,2023,octubre   ,8,10/8/2023,1,05:30,DENUNCIA,Nivel 3
DELITOS SEXUALES,ACTOS SEXUALES CON MENOR DE CATORCE AÑOS. ART. 209 C.P.,CALI,Junín,09,-76.52645,3.43402,SIN INFORMACION,2023,octubre   ,9,10/9/2023,2,11:17,DENUNCIA,Nivel 3
DELITOS SEXUALES,ACTOS SEXUALES CON MENOR DE CATORCE AÑOS. ART. 209 C.P.,CALI,Brisas de Mayo,20,-76.564395,3.41884,DOMICILIO,2023,octubre   ,9,10/9/2023,2,18:30,DENUNCIA,Nivel 3
DELITOS SEXUALES,ACCESO CARNAL ABUSIVO CON MENOR DE CATORCE AÑOS. ART. 208 C.P.,CALI,Brisas de Mayo,20,-76.561845,3.416505,SIN INFORMACION,2023,octubre   ,9,10/9/2023,2,23:00,DENUNCIA,Nivel 3
DELITOS SEXUALES,ACTOS SEXUALES CON MENOR DE CATORCE AÑOS. ART. 209 C.P.,CALI,San Pedro,03,-76.53309,3.4497,SIN INFORMACION,2023,octubre   ,9,10/9/2023,2,13:13,DENUNCIA,Nivel 3
DELITOS SEXUALES,ACCESO CARNAL VIOLENTO. ART. 205 C.P.,CALI,Potrero Grande,21,-76.471104,3.407997,SIN INFORMACION,2023,octubre   ,9,10/9/2023,2,00:00,DENUNCIA,Nivel 3
DELITOS SEXUALES,PORNOGRAFIA CON MENORES ART. 218 C.P.,CALI,José María Córdoba,11,-76.51074,3.422464,RED VIRTUAL O INTERNET,2023,octubre   ,10,10/10/2023,3,11:30,DENUNCIA,Nivel 3
DELITOS SEXUALES,ACTOS SEXUALES CON MENOR DE CATORCE AÑOS. ART. 209 C.P.,CALI,Pampa Linda,19,-76.548505,3.404447,SIN INFORMACION,2023,octubre   ,10,10/10/2023,3,20:00,DENUNCIA,Nivel 3
DELITOS SEXUALES,ACCESO CARNAL VIOLENTO. ART. 205 C.P.,CALI,Ulpiano Lloreda,13,-76.489822,3.44317,DOMICILIO,2023,octubre   ,11,10/11/2023,4,00:05,DENUNCIA,Nivel 3
DELITOS SEXUALES,ACTOS SEXUALES CON MENOR DE CATORCE AÑOS. ART. 209 C.P.,CALI,Parcelaciones Pance,22,-76.537705,3.346321,SIN INFORMACION,2023,octubre   ,11,10/11/2023,4,16:20,DENUNCIA,Nivel 3
DELITOS SEXUALES,ACTO SEXUAL VIOLENTO CON MENOR DE CATORCE AÑOS ART. 209 C.P. ,CALI,Rural,Rural,-76.574341,3.424217,DOMICILIO,2023,octubre   ,12,10/12/2023,5,17:00,DENUNCIA,Nivel 3
DELITOS SEXUALES,ACTOS SEXUALES CON MENOR DE CATORCE AÑOS. ART. 209 C.P.,CALI,Sucre,09,-76.523535,3.444829,SIN INFORMACION,2023,octubre   ,12,10/12/2023,5,11:02,DENUNCIA,Nivel 3
DELITOS SEXUALES,ACCESO CARNAL ABUSIVO CON MENOR DE CATORCE AÑOS. ART. 208 C.P.,CALI,Mojica,15,-76.48891,3.411315,DOMICILIO,2023,octubre   ,12,10/12/2023,5,16:00,DENUNCIA,Nivel 3
DELITOS SEXUALES,ACCESO CARNAL VIOLENTO. ART. 205 C.P.,CALI,Valle Grande,21,-76.47122,3.43728,VIA PUBLICA,2023,octubre   ,12,10/12/2023,5,23:00,DENUNCIA,Nivel 3
DELITOS SEXUALES,ACCESO CARNAL VIOLENTO. ART. 205 C.P.,CALI,Siloé,20,-76.555065,3.424907,SIN INFORMACION,2023,octubre   ,12,10/12/2023,5,00:00,DENUNCIA,Nivel 3
DELITOS SEXUALES,ACTO SEXUAL VIOLENTO. ART. 206 C.P.,CALI,El Troncal,08,-76.510281,3.452968,DOMICILIO,2023,octubre   ,12,10/12/2023,5,19:40,DENUNCIA,Nivel 3
DELITOS SEXUALES,ACTOS SEXUALES CON MENOR DE CATORCE AÑOS. ART. 209 C.P.,CALI,Nueva Floresta,12,-76.501634,3.441758,SIN INFORMACION,2023,octubre   ,12,10/12/2023,5,21:00,DENUNCIA,Nivel 3
DELITOS SEXUALES,ACCESO CARNAL VIOLENTO. ART. 205 C.P.,CALI,Ciudad Córdoba,15,-76.511764,3.39497,DOMICILIO,2023,octubre   ,13,10/13/2023,6,20:00,DENUNCIA,Nivel 3
DELITOS SEXUALES,ACTOS SEXUALES CON MENOR DE CATORCE AÑOS. ART. 209 C.P.,CALI,Ciudad Talanga,21,-76.464632,3.434525,DOMICILIO,2023,octubre   ,13,10/13/2023,6,00:00,DENUNCIA,Nivel 3
DELITOS SEXUALES,ACTOS SEXUALES CON MENOR DE CATORCE AÑOS. ART. 209 C.P.,CALI,Cañaverales - Los Samanes,17,-76.524865,3.397375,DOMICILIO,2023,octubre   ,13,10/13/2023,6,10:00,DENUNCIA,Nivel 3
DELITOS SEXUALES,ACCESO CARNAL ABUSIVO CON MENOR DE CATORCE AÑOS. ART. 208 C.P.,CALI,La Isla,04,-76.515335,3.47142,SIN INFORMACION,2023,octubre   ,14,10/14/2023,7,18:30,DENUNCIA,Nivel 3
DELITOS SEXUALES,ACTOS SEXUALES CON MENOR DE CATORCE AÑOS. ART. 209 C.P.,CALI,El Retiro,15,-76.49881,3.408065,DOMICILIO,2023,octubre   ,14,10/14/2023,7,21:00,DENUNCIA,Nivel 3
DELITOS SEXUALES,ACCESO CARNAL O ACTO SEXUAL EN PERSONA PUESTA EN INCAPACIDAD DE RESISTIR. ART. 207 C.P.,CALI,Doce de Octubre,12,-76.50316,3.4302,SIN INFORMACION,2023,octubre   ,14,10/14/2023,7,18:30,DENUNCIA,Nivel 3
DELITOS SEXUALES,ACTOS SEXUALES CON MENOR DE CATORCE AÑOS. ART. 209 C.P.,CALI,Altos de Menga,02,-76.533606,3.48955,SIN INFORMACION,2023,octubre   ,14,10/14/2023,7,14:00,DENUNCIA,Nivel 3
DELITOS SEXUALES,ACOSO SEXUAL ART. 210A C.P.  ADICIONADO LEY 1257 DE 2008,CALI,Charco Azul,13,-76.485472,3.441858,SIN INFORMACION,2023,octubre   ,14,10/14/2023,7,07:41,DENUNCIA,Nivel 3
DELITOS SEXUALES,ACTO SEXUAL VIOLENTO. ART. 206 C.P.,CALI,Ricardo Balcázar,13,-76.493178,3.433478,SIN INFORMACION,2023,octubre   ,15,10/15/2023,1,03:00,DENUNCIA,Nivel 3
DELITOS SEXUALES,DEMANDA DE EXPLOT.SEX. COMERC. MENOR DE 18 AÑOS Adic. Art 217A C.P. Ley 1329 de 2009,CALI,Ciudadela Floralia,06,-76.492792,3.497092,DOMICILIO,2023,octubre   ,15,10/15/2023,1,09:00,DENUNCIA,Nivel 3
DELITOS SEXUALES,ACCESO CARNAL VIOLENTO. ART. 205 C.P.,CALI,Junín,09,-76.52645,3.43402,SIN INFORMACION,2023,octubre   ,15,10/15/2023,1,10:15,DENUNCIA,Nivel 3
DELITOS SEXUALES,ACTO SEXUAL VIOLENTO CON MENOR DE CATORCE AÑOS ART. 209 C.P. ,CALI,Mariano Ramos,16,-76.515535,3.400738,SIN INFORMACION,2023,octubre   ,15,10/15/2023,1,21:00,DENUNCIA,Nivel 3
DELITOS SEXUALES,ACTO SEXUAL VIOLENTO. ART. 206 C.P.,CALI,Rural,Rural,-76.617255,3.427509,SIN INFORMACION,2023,octubre   ,17,10/17/2023,3,22:00,DENUNCIA,Nivel 3
DELITOS SEXUALES,PORNOGRAFIA CON MENORES ART. 218 C.P.,CALI,San Pedro,03,-76.533025,3.449733,SIN INFORMACION,2023,octubre   ,17,10/17/2023,3,21:00,DENUNCIA,Nivel 3
DELITOS SEXUALES,ACCESO CARNAL ABUSIVO CON MENOR DE CATORCE AÑOS. ART. 208 C.P.,CALI,Buenos Aires,18,-76.549301,3.39256,SIN INFORMACION,2023,octubre   ,17,10/17/2023,3,08:00,DENUNCIA,Nivel 3
DELITOS SEXUALES,ACCESO CARNAL VIOLENTO. ART. 205 C.P.,CALI,Junín,09,-76.52645,3.43402,SIN INFORMACION,2023,octubre   ,17,10/17/2023,3,18:30,DENUNCIA,Nivel 3
DELITOS SEXUALES,ACTOS SEXUALES CON MENOR DE CATORCE AÑOS. ART. 209 C.P.,CALI,El Vergel,13,-76.50183,3.41296,SIN INFORMACION,2023,octubre   ,17,10/17/2023,3,09:01,DENUNCIA,Nivel 3
DELITOS SEXUALES,DEMANDA DE EXPLOT.SEX. COMERC. MENOR DE 18 AÑOS Adic. Art 217A C.P. Ley 1329 de 2009,CALI,El Pondaje,13,-76.496595,3.42847,DOMICILIO,2023,octubre   ,17,10/17/2023,3,18:30,DENUNCIA,Nivel 3
DELITOS SEXUALES,ACTOS SEXUALES CON MENOR DE CATORCE AÑOS. ART. 209 C.P.,CALI,Junín,09,-76.52645,3.43402,SIN INFORMACION,2023,octubre   ,17,10/17/2023,3,11:38,DENUNCIA,Nivel 3
DELITOS SEXUALES,ACTOS SEXUALES CON MENOR DE CATORCE AÑOS. ART. 209 C.P.,CALI,El Lido,19,-76.551038,3.418966,ESTABLECIMIENTO EDUCATIVO,2023,octubre   ,17,10/17/2023,3,18:30,DENUNCIA,Nivel 3
DELITOS SEXUALES,ACCESO CARNAL VIOLENTO. ART. 205 C.P.,CALI,La Base,08,-76.494404,3.447762,DOMICILIO,2023,octubre   ,17,10/17/2023,3,15:00,DENUNCIA,Nivel 3
DELITOS SEXUALES,ACCESO CARNAL VIOLENTO. ART. 205 C.P.,CALI,Las Acacias,10,-76.519967,3.435288,ESTABLECIMIENTO EDUCATIVO,2023,octubre   ,17,10/17/2023,3,00:00,DENUNCIA,Nivel 3
DELITOS SEXUALES,ACOSO SEXUAL ART. 210A C.P.  ADICIONADO LEY 1257 DE 2008,CALI,Las Américas,08,-76.507105,3.447355,SIN INFORMACION,2023,octubre   ,18,10/18/2023,4,19:38,DENUNCIA,Nivel 3
DELITOS SEXUALES,ACOSO SEXUAL ART. 210A C.P.  ADICIONADO LEY 1257 DE 2008,CALI,Cuarteles de Nápoles,18,-76.544081,3.38188,SIN INFORMACION,2023,octubre   ,18,10/18/2023,4,09:45,DENUNCIA,Nivel 3
DELITOS SEXUALES,ACCESO CARNAL O ACTO SEXUAL EN PERSONA PUESTA EN INCAPACIDAD DE RESISTIR. ART. 207 C.P.,CALI,San Pedro,03,-76.53309,3.4497,DOMICILIO,2023,octubre   ,18,10/18/2023,4,00:00,DENUNCIA,Nivel 3
DELITOS SEXUALES,ACTOS SEXUALES CON MENOR DE CATORCE AÑOS. ART. 209 C.P.,CALI,Centenario,02,-76.534068,3.455071,EDIFICIO,2023,octubre   ,18,10/18/2023,4,17:30,DENUNCIA,Nivel 3
DELITOS SEXUALES,ACTOS SEXUALES CON MENOR DE CATORCE AÑOS. ART. 209 C.P.,CALI,Aguacatal,01,-76.56007,3.457523,DOMICILIO,2023,octubre   ,18,10/18/2023,4,16:40,DENUNCIA,Nivel 3
DELITOS SEXUALES,ACCESO CARNAL ABUSIVO CON MENOR DE CATORCE AÑOS. ART. 208 C.P.,CALI,Junín,09,-76.52645,3.43402,SIN INFORMACION,2023,octubre   ,18,10/18/2023,4,20:00,DENUNCIA,Nivel 3
DELITOS SEXUALES,ACTO SEXUAL VIOLENTO. ART. 206 C.P.,CALI,Manuela Beltrán,14,-76.47147,3.416125,DOMICILIO,2023,octubre   ,18,10/18/2023,4,11:40,DENUNCIA,Nivel 3
DELITOS SEXUALES,PORNOGRAFIA CON MENORES ART. 218 C.P.,CALI,Junín,09,-76.52645,3.43402,SIN INFORMACION,2023,octubre   ,19,10/19/2023,5,21:04,DENUNCIA,Nivel 3
DELITOS SEXUALES,ACCESO CARNAL ABUSIVO CON MENOR DE CATORCE AÑOS. ART. 208 C.P.,CALI,Junín,09,-76.52645,3.43402,SIN INFORMACION,2023,octubre   ,19,10/19/2023,5,18:18,DENUNCIA,Nivel 3
DELITOS SEXUALES,ACTOS SEXUALES CON MENOR DE CATORCE AÑOS. ART. 209 C.P.,CALI,Lili,17,-76.519896,3.371834,SIN INFORMACION,2023,octubre   ,19,10/19/2023,5,11:31,DENUNCIA,Nivel 3
DELITOS SEXUALES,ACTO SEXUAL VIOLENTO. ART. 206 C.P.,CALI,El Poblado I,13,-76.49451,3.41862,ESTABLECIMIENTO DE SALUD,2023,octubre   ,19,10/19/2023,5,13:21,DENUNCIA,Nivel 3
DELITOS SEXUALES,ACTOS SEXUALES CON MENOR DE CATORCE AÑOS. ART. 209 C.P.,CALI,Alfonso Barberena A.,12,-76.50852,3.43294,SIN INFORMACION,2023,octubre   ,19,10/19/2023,5,18:00,DENUNCIA,Nivel 3
DELITOS SEXUALES,ACCESO CARNAL ABUSIVO CON MENOR DE CATORCE AÑOS. ART. 208 C.P.,CALI,Nueva Floresta,12,-76.49599,3.4369,SIN INFORMACION,2023,octubre   ,19,10/19/2023,5,20:00,DENUNCIA,Nivel 3
DELITOS SEXUALES,ACTO SEXUAL VIOLENTO CON MENOR DE CATORCE AÑOS ART. 209 C.P. ,CALI,Belisario Caicedo,20,-76.556206,3.414287,SIN INFORMACION,2023,octubre   ,20,10/20/2023,6,13:00,DENUNCIA,Nivel 3
DELITOS SEXUALES,ACCESO CARNAL O ACTO SEXUAL ABUSIVOS CON INCAPAZ DE RESISTIR. ART. 210 C.P.,CALI,Siloé,20,-76.555233,3.421741,SIN INFORMACION,2023,octubre   ,20,10/20/2023,6,18:36,DENUNCIA,Nivel 3
DELITOS SEXUALES,ACCESO CARNAL O ACTO SEXUAL ABUSIVOS CON INCAPAZ DE RESISTIR. ART. 210 C.P.,CALI,Santa Elena,10,-76.523385,3.427847,SIN INFORMACION,2023,octubre   ,20,10/20/2023,6,23:00,DENUNCIA,Nivel 3
DELITOS SEXUALES,ACCESO CARNAL ABUSIVO CON MENOR DE CATORCE AÑOS. ART. 208 C.P.,CALI,Potrero Grande,21,-76.472083,3.407706,DOMICILIO,2023,octubre   ,20,10/20/2023,6,12:16,DENUNCIA,Nivel 3
DELITOS SEXUALES,ACOSO SEXUAL ART. 210A C.P.  ADICIONADO LEY 1257 DE 2008,CALI,Las Américas,08,-76.50718,3.447274,ESTABLECIMIENTO EDUCATIVO,2023,octubre   ,20,10/20/2023,6,13:00,DENUNCIA,Nivel 3
DELITOS SEXUALES,ACOSO SEXUAL ART. 210A C.P.  ADICIONADO LEY 1257 DE 2008,CALI,Calimio Desepaz,21,-76.471295,3.412111,SIN INFORMACION,2023,octubre   ,20,10/20/2023,6,01:00,DENUNCIA,Nivel 3
DELITOS SEXUALES,ACCESO CARNAL VIOLENTO. ART. 205 C.P.,CALI,Valle Grande,21,-76.473295,3.43574,SIN INFORMACION,2023,octubre   ,20,10/20/2023,6,20:00,DENUNCIA,Nivel 3
DELITOS SEXUALES,ACTOS SEXUALES CON MENOR DE CATORCE AÑOS. ART. 209 C.P.,CALI,Junín,09,-76.52645,3.43402,SIN INFORMACION,2023,octubre   ,20,10/20/2023,6,21:00,DENUNCIA,Nivel 3
DELITOS SEXUALES,ACCESO CARNAL ABUSIVO CON MENOR DE CATORCE AÑOS. ART. 208 C.P.,CALI,Los Alcázares,06,-76.49182,3.48713,SIN INFORMACION,2023,octubre   ,20,10/20/2023,6,22:23,DENUNCIA,Nivel 3
DELITOS SEXUALES,ACTO SEXUAL VIOLENTO. ART. 206 C.P.,CALI,Paso del Comercio,06,-76.493134,3.48984,SIN INFORMACION,2023,octubre   ,21,10/21/2023,7,07:30,DENUNCIA,Nivel 3
DELITOS SEXUALES,ACCESO CARNAL VIOLENTO. ART. 205 C.P. ,CALI,Las Orquídeas,14,-76.47554,3.41526,SIN INFORMACION,2023,octubre   ,22,10/22/2023,1,18:00,DENUNCIA,Nivel 3
DELITOS SEXUALES,ACCESO CARNAL VIOLENTO. ART. 205 C.P.,CALI,El Peñón,03,-76.539528,3.44992,DOMICILIO,2023,octubre   ,22,10/22/2023,1,23:00,DENUNCIA,Nivel 3
DELITOS SEXUALES,ACOSO SEXUAL ART. 210A C.P.  ADICIONADO LEY 1257 DE 2008,CALI,El Remanso,21,-76.463909,3.4187,SIN INFORMACION,2023,octubre   ,22,10/22/2023,1,02:30,DENUNCIA,Nivel 3
DELITOS SEXUALES,ACCESO CARNAL VIOLENTO. ART. 205 C.P.,CALI,Siete de Agosto,07,-76.48538,3.44737,DOMICILIO,2023,octubre   ,23,10/23/2023,2,18:00,DENUNCIA,Nivel 3
DELITOS SEXUALES,ACCESO CARNAL O ACTO SEXUAL ABUSIVOS CON INCAPAZ DE RESISTIR. ART. 210 C.P.,CALI,Ciudad Córdoba,15,-76.504956,3.405989,DOMICILIO,2023,octubre   ,23,10/23/2023,2,03:00,DENUNCIA,Nivel 3
DELITOS SEXUALES,ACTOS SEXUALES CON MENOR DE CATORCE AÑOS. ART. 209 C.P.,CALI,El Vallado,15,-76.496382,3.406573,DOMICILIO,2023,octubre   ,23,10/23/2023,2,20:00,DENUNCIA,Nivel 3
DELITOS SEXUALES,ACTO SEXUAL VIOLENTO. ART. 206 C.P.,CALI,El Poblado II,13,-76.49301,3.4202,SIN INFORMACION,2023,octubre   ,23,10/23/2023,2,15:15,DENUNCIA,Nivel 3
DELITOS SEXUALES,ACCESO CARNAL ABUSIVO CON MENOR DE CATORCE AÑOS. ART. 208 C.P.,CALI,Sucre,09,-76.52438,3.44303,DOMICILIO,2023,octubre   ,24,10/24/2023,3,15:00,DENUNCIA,Nivel 3
DELITOS SEXUALES,ACTOS SEXUALES CON MENOR DE CATORCE AÑOS. ART. 209 C.P.,CALI,Junín,09,-76.52645,3.43402,SIN INFORMACION,2023,octubre   ,24,10/24/2023,3,11:42,DENUNCIA,Nivel 3
DELITOS SEXUALES,ACTOS SEXUALES CON MENOR DE CATORCE AÑOS. ART. 209 C.P.,CALI,Siete de Agosto,07,-76.487912,3.444288,DOMICILIO,2023,octubre   ,24,10/24/2023,3,00:00,DENUNCIA,Nivel 3
DELITOS SEXUALES,ACTO SEXUAL VIOLENTO. ART. 206 C.P.,CALI,El Guabal,10,-76.525771,3.416532,SIN INFORMACION,2023,octubre   ,24,10/24/2023,3,19:34,DENUNCIA,Nivel 3
DELITOS SEXUALES,ACTOS SEXUALES CON MENOR DE CATORCE AÑOS. ART. 209 C.P.,CALI,El Jardín,11,-76.519415,3.426775,SIN INFORMACION,2023,octubre   ,25,10/25/2023,4,11:53,DENUNCIA,Nivel 3
DELITOS SEXUALES,ACOSO SEXUAL ART. 210A C.P.  ADICIONADO LEY 1257 DE 2008,CALI,Junín,09,-76.52645,3.43402,SIN INFORMACION,2023,octubre   ,25,10/25/2023,4,14:33,DENUNCIA,Nivel 3
DELITOS SEXUALES,ACOSO SEXUAL ART. 210A C.P.  ADICIONADO LEY 1257 DE 2008,CALI,Ciudad Córdoba,15,-76.506736,3.403762,SIN INFORMACION,2023,octubre   ,25,10/25/2023,4,22:13,DENUNCIA,Nivel 3
DELITOS SEXUALES,ACOSO SEXUAL ART. 210A C.P.  ADICIONADO LEY 1257 DE 2008,CALI,El Guabal,10,-76.527879,3.416189,ESTABLECIMIENTO EDUCATIVO,2023,octubre   ,25,10/25/2023,4,15:00,DENUNCIA,Nivel 3
DELITOS SEXUALES,ACOSO SEXUAL ART. 210A C.P.  ADICIONADO LEY 1257 DE 2008,CALI,El Jardín,11,-76.517919,3.422657,SIN INFORMACION,2023,octubre   ,25,10/25/2023,4,12:30,DENUNCIA,Nivel 3
DELITOS SEXUALES,ACTOS SEXUALES CON MENOR DE CATORCE AÑOS. ART. 209 C.P.,CALI,Ricardo Balcázar,13,-76.492638,3.434568,DOMICILIO,2023,octubre   ,26,10/26/2023,5,19:00,DENUNCIA,Nivel 3
DELITOS SEXUALES,ACCESO CARNAL VIOLENTO. ART. 205 C.P.,CALI,Promociones Populares B,14,-76.467537,3.423268,DOMICILIO,2023,octubre   ,26,10/26/2023,5,06:20,DENUNCIA,Nivel 3
DELITOS SEXUALES,ACTOS SEXUALES CON MENOR DE CATORCE AÑOS. ART. 209 C.P.,CALI,Los Lagos,13,-76.484583,3.429481,DOMICILIO,2023,octubre   ,26,10/26/2023,5,08:00,DENUNCIA,Nivel 3
DELITOS SEXUALES,ACTOS SEXUALES CON MENOR DE CATORCE AÑOS. ART. 209 C.P.,CALI,Alfonso Bonilla Aragón,14,-76.48006,3.416455,SIN INFORMACION,2023,octubre   ,27,10/27/2023,6,13:00,DENUNCIA,Nivel 3
DELITOS SEXUALES,ACTOS SEXUALES CON MENOR DE CATORCE AÑOS. ART. 209 C.P.,CALI,El Poblado II,13,-76.493545,3.42074,CERCA AL DOMICILIO,2023,octubre   ,27,10/27/2023,6,00:00,DENUNCIA,Nivel 3
DELITOS SEXUALES,ACCESO CARNAL O ACTO SEXUAL ABUSIVOS CON INCAPAZ DE RESISTIR. ART. 210 C.P.,CALI,Mayapan - Las Vegas,17,-76.54377,3.386029,ESTABLECIMIENTO DE SALUD,2023,octubre   ,27,10/27/2023,6,11:00,DENUNCIA,Nivel 3
DELITOS SEXUALES,ACTOS SEXUALES CON MENOR DE CATORCE AÑOS. ART. 209 C.P.,CALI,Los Lagos,13,-76.48932,3.429195,DOMICILIO,2023,octubre   ,28,10/28/2023,7,14:00,DENUNCIA,Nivel 3
DELITOS SEXUALES,ACTO SEXUAL VIOLENTO CON MENOR DE CATORCE AÑOS ART. 209 C.P. ,CALI,Los Naranjos II,14,-76.476471,3.4343,DOMICILIO,2023,octubre   ,29,10/29/2023,1,13:00,DENUNCIA,Nivel 3
DELITOS SEXUALES,ACTOS SEXUALES CON MENOR DE CATORCE AÑOS. ART. 209 C.P.,CALI,Alto Nápoles,18,-76.556285,3.384715,SIN INFORMACION,2023,octubre   ,29,10/29/2023,1,22:00,DENUNCIA,Nivel 3
DELITOS SEXUALES,DEMANDA DE EXPLOT.SEX. COMERC. MENOR DE 18 AÑOS Adic. Art 217A C.P. Ley 1329 de 2009,CALI,Mariano Ramos,16,-76.518038,3.402052,SIN INFORMACION,2023,octubre   ,29,10/29/2023,1,16:09,DENUNCIA,Nivel 3
DELITOS SEXUALES,ACTOS SEXUALES CON MENOR DE CATORCE AÑOS. ART. 209 C.P.,CALI,Departamental,10,-76.53627,3.41133,DOMICILIO,2023,octubre   ,30,10/30/2023,2,11:00,DENUNCIA,Nivel 3
DELITOS SEXUALES,ACCESO CARNAL O ACTO SEXUAL ABUSIVOS CON INCAPAZ DE RESISTIR. ART. 210 C.P.,CALI,Santa Fé,08,-76.501809,3.440608,SIN INFORMACION,2023,octubre   ,31,10/31/2023,3,06:30,DENUNCIA,Nivel 3
DELITOS SEXUALES,ACOSO SEXUAL ART. 210A C.P.  ADICIONADO LEY 1257 DE 2008,CALI,Junín,09,-76.52645,3.43402,SIN INFORMACION,2023,octubre   ,31,10/31/2023,3,11:40,DENUNCIA,Nivel 3
DELITOS SEXUALES,ACTOS SEXUALES CON MENOR DE CATORCE AÑOS. ART. 209 C.P.,CALI,Las Quintas de Don Simón,17,-76.535517,3.38988,DOMICILIO,2023,octubre   ,31,10/31/2023,3,16:00,DENUNCIA,Nivel 3
DELITOS SEXUALES,"ADIC.L.679/2001,ART.34.UTILIZAC.O FACILITAC.MEDIOS DE COMUNICAC.PARA OFRECER SERV.SEXUALES DE MENORES",CALI,Chiminangos I,05,-76.491158,3.477177,SIN INFORMACION,2023,octubre   ,31,10/31/2023,3,16:41,DENUNCIA,Nivel 3
DELITOS SEXUALES,ACOSO SEXUAL ART. 210A C.P.  ADICIONADO LEY 1257 DE 2008,CALI,Cuarteles de Nápoles,18,-76.544438,3.382641,ENTIDAD PUBLICA / ESTATAL,2023,noviembre ,1,11/1/2023,4,00:00,DENUNCIA,Nivel 3
DELITOS SEXUALES,ACTOS SEXUALES CON MENOR DE CATORCE AÑOS. ART. 209 C.P.,CALI,Aguacatal,01,-76.565824,3.454525,SIN INFORMACION,2023,noviembre ,1,11/1/2023,4,18:00,DENUNCIA,Nivel 3
DELITOS SEXUALES,ACOSO SEXUAL ART. 210A C.P.  ADICIONADO LEY 1257 DE 2008,CALI,Versalles,02,-76.527467,3.460335,SIN INFORMACION,2023,noviembre ,1,11/1/2023,4,23:30,DENUNCIA,Nivel 3
DELITOS SEXUALES,ACCESO CARNAL ABUSIVO CON MENOR DE CATORCE AÑOS. ART. 208 C.P.,CALI,Valle Grande,21,-76.47383,3.43741,DOMICILIO,2023,noviembre ,1,11/1/2023,4,00:00,DENUNCIA,Nivel 3
DELITOS SEXUALES,ACTOS SEXUALES CON MENOR DE CATORCE AÑOS. ART. 209 C.P.,CALI,Prados del Sur,18,-76.5538,3.39009,DOMICILIO,2023,noviembre ,2,11/2/2023,5,08:00,DENUNCIA,Nivel 3
DELITOS SEXUALES,ACOSO SEXUAL ART. 210A C.P.  ADICIONADO LEY 1257 DE 2008,CALI,Junín,09,-76.52645,3.43402,SIN INFORMACION,2023,noviembre ,2,11/2/2023,5,19:30,DENUNCIA,Nivel 3
DELITOS SEXUALES,ACCESO CARNAL O ACTO SEXUAL EN PERSONA PUESTA EN INCAPACIDAD DE RESISTIR. ART. 207 C.P.,CALI,El Poblado II,13,-76.49006,3.420776,DOMICILIO,2023,noviembre ,2,11/2/2023,5,16:00,DENUNCIA,Nivel 3
DELITOS SEXUALES,ACTO SEXUAL VIOLENTO. ART. 206 C.P.,CALI,Parcelaciones Pance,22,-76.528628,3.354048,SIN INFORMACION,2023,noviembre ,2,11/2/2023,5,13:09,DENUNCIA,Nivel 3
DELITOS SEXUALES,ACTOS SEXUALES CON MENOR DE CATORCE AÑOS. ART. 209 C.P.,CALI,El Refugio,19,-76.554003,3.395669,ESTABLECIMIENTO EDUCATIVO,2023,noviembre ,3,11/3/2023,6,07:00,DENUNCIA,Nivel 3
DELITOS SEXUALES,ACCESO CARNAL ABUSIVO CON MENOR DE CATORCE AÑOS. ART. 208 C.P.,CALI,San Luis II,06,-76.488675,3.48661,DOMICILIO,2023,noviembre ,3,11/3/2023,6,18:00,DENUNCIA,Nivel 3
DELITOS SEXUALES,ACCESO CARNAL O ACTO SEXUAL EN PERSONA PUESTA EN INCAPACIDAD DE RESISTIR. ART. 207 C.P.,CALI,José Manuel Marroquín I,14,-76.48316,3.425945,DOMICILIO,2023,noviembre ,3,11/3/2023,6,00:00,DENUNCIA,Nivel 3
DELITOS SEXUALES,ACTO SEXUAL VIOLENTO CON MENOR DE CATORCE AÑOS ART. 209 C.P. ,CALI,Bochalema,81,-76.519298,3.356644,DOMICILIO,2023,noviembre ,3,11/3/2023,6,16:00,DENUNCIA,Nivel 3
DELITOS SEXUALES,ACTO SEXUAL VIOLENTO CON MENOR DE CATORCE AÑOS ART. 209 C.P. ,CALI,Urbanización Militar,19,-76.540248,3.415258,DOMICILIO,2023,noviembre ,4,11/4/2023,7,07:00,DENUNCIA,Nivel 3
DELITOS SEXUALES,ACTOS SEXUALES CON MENOR DE CATORCE AÑOS. ART. 209 C.P.,CALI,Junín,09,-76.52645,3.43402,SIN INFORMACION,2023,noviembre ,4,11/4/2023,7,20:00,DENUNCIA,Nivel 3
DELITOS SEXUALES,ACCESO CARNAL O ACTO SEXUAL ABUSIVOS CON INCAPAZ DE RESISTIR. ART. 210 C.P.,CALI,Rural,Rural,-76.549067,3.48701,DOMICILIO,2023,noviembre ,4,11/4/2023,7,05:00,DENUNCIA,Nivel 3
DELITOS SEXUALES,ACTO SEXUAL VIOLENTO. ART. 206 C.P.,CALI,Urbanización Calimio,06,-76.483288,3.486514,DOMICILIO,2023,noviembre ,4,11/4/2023,7,22:30,DENUNCIA,Nivel 3
DELITOS SEXUALES,ACCESO CARNAL VIOLENTO. ART. 205 C.P.,CALI,Eucaristico,19,-76.541584,3.425114,SIN INFORMACION,2023,noviembre ,4,11/4/2023,7,06:00,DENUNCIA,Nivel 3
DELITOS SEXUALES,ACOSO SEXUAL ART. 210A C.P.  ADICIONADO LEY 1257 DE 2008,CALI,Caney,17,-76.518187,3.381255,DOMICILIO,2023,noviembre ,4,11/4/2023,7,21:00,DENUNCIA,Nivel 3
DELITOS SEXUALES,ACOSO SEXUAL ART. 210A C.P.  ADICIONADO LEY 1257 DE 2008,CALI,Junín,09,-76.52645,3.43402,SIN INFORMACION,2023,noviembre ,5,11/5/2023,1,15:37,DENUNCIA,Nivel 3
DELITOS SEXUALES,ACCESO CARNAL O ACTO SEXUAL EN PERSONA PUESTA EN INCAPACIDAD DE RESISTIR. ART. 207 C.P.,CALI,El Piloto,03,-76.523739,3.462015,DOMICILIO,2023,noviembre ,5,11/5/2023,1,20:00,DENUNCIA,Nivel 3
DELITOS SEXUALES,ACOSO SEXUAL ART. 210A C.P.  ADICIONADO LEY 1257 DE 2008,CALI,El Vallado,15,-76.494641,3.40657,DOMICILIO,2023,noviembre ,5,11/5/2023,1,15:00,DENUNCIA,Nivel 3
DELITOS SEXUALES,ACCESO CARNAL VIOLENTO. ART. 205 C.P.,CALI,San Fernando Viejo,19,-76.543361,3.435355,DOMICILIO,2023,noviembre ,6,11/6/2023,2,13:25,DENUNCIA,Nivel 3
DELITOS SEXUALES,ACCESO CARNAL VIOLENTO. ART. 205 C.P.,CALI,Ciudadela Floralia,06,-76.49271,3.49555,SIN INFORMACION,2023,noviembre ,6,11/6/2023,2,10:23,DENUNCIA,Nivel 3
DELITOS SEXUALES,ACCESO CARNAL VIOLENTO. ART. 205 C.P.,CALI,Terrón Colorado,01,-76.56833,3.4551,SIN INFORMACION,2023,noviembre ,6,11/6/2023,2,21:00,DENUNCIA,Nivel 3
DELITOS SEXUALES,ACCESO CARNAL VIOLENTO. ART. 205 C.P.,CALI,El Morichal,15,-76.504363,3.3941,DOMICILIO,2023,noviembre ,7,11/7/2023,3,07:10,DENUNCIA,Nivel 3
DELITOS SEXUALES,ACTO SEXUAL VIOLENTO. ART. 206 C.P.,CALI,Petecuy Segunda Etapa,06,-76.479965,3.479345,DOMICILIO,2023,noviembre ,7,11/7/2023,3,21:00,DENUNCIA,Nivel 3
DELITOS SEXUALES,ACTO SEXUAL VIOLENTO. ART. 206 C.P.,CALI,Junín,09,-76.52645,3.43402,SIN INFORMACION,2023,noviembre ,7,11/7/2023,3,14:25,DENUNCIA,Nivel 3
DELITOS SEXUALES,ACTOS SEXUALES CON MENOR DE CATORCE AÑOS. ART. 209 C.P.,CALI,Julio Rincón,12,-76.500847,3.428223,DOMICILIO,2023,noviembre ,7,11/7/2023,3,12:10,DENUNCIA,Nivel 3
DELITOS SEXUALES,ACTO SEXUAL VIOLENTO CON MENOR DE CATORCE AÑOS ART. 209 C.P. ,CALI,León XIII,11,-76.509088,3.427688,DOMICILIO,2023,noviembre ,7,11/7/2023,3,20:00,DENUNCIA,Nivel 3
DELITOS SEXUALES,ACOSO SEXUAL ART. 210A C.P.  ADICIONADO LEY 1257 DE 2008,CALI,Lili,17,-76.51464,3.36949,SIN INFORMACION,2023,noviembre ,7,11/7/2023,3,11:05,DENUNCIA,Nivel 3
DELITOS SEXUALES,ACCESO CARNAL VIOLENTO. ART. 205 C.P.,CALI,San Juan Bosco,03,-76.533145,3.442195,HOTEL / HOSTAL,2023,noviembre ,9,11/9/2023,5,15:00,DENUNCIA,Nivel 3
DELITOS SEXUALES,PROXENETISMO CON MENOR DE EDAD ART. 213A C.P.,CALI,Cristóbal Colón,10,-76.52319,3.419785,SIN INFORMACION,2023,noviembre ,9,11/9/2023,5,03:00,DENUNCIA,Nivel 3
DELITOS SEXUALES,ACTO SEXUAL VIOLENTO. ART. 206 C.P.,CALI,Lituania - Dalandia,81,-76.5019,3.346419,VEHICULO TAXI,2023,noviembre ,9,11/9/2023,5,04:15,DENUNCIA,Nivel 3
DELITOS SEXUALES,ACTOS SEXUALES CON MENOR DE CATORCE AÑOS. ART. 209 C.P.,CALI,Petecuy Segunda Etapa,06,-76.482945,3.478707,SIN INFORMACION,2023,noviembre ,9,11/9/2023,5,13:00,DENUNCIA,Nivel 3
DELITOS SEXUALES,PORNOGRAFIA CON MENORES ART. 218 C.P.,CALI,La Campiña,02,-76.52861,3.480974,SIN INFORMACION,2023,noviembre ,10,11/10/2023,6,18:00,DENUNCIA,Nivel 3
DELITOS SEXUALES,ACCESO CARNAL ABUSIVO CON MENOR DE CATORCE AÑOS. ART. 208 C.P.,CALI,Vista Hermosa,01,-76.574903,3.449933,DOMICILIO,2023,noviembre ,10,11/10/2023,6,14:00,DENUNCIA,Nivel 3
DELITOS SEXUALES,ACOSO SEXUAL ART. 210A C.P.  ADICIONADO LEY 1257 DE 2008,CALI,Nueva Tequendama,19,-76.544,3.413385,SIN INFORMACION,2023,noviembre ,10,11/10/2023,6,14:42,DENUNCIA,Nivel 3
DELITOS SEXUALES,ACTO SEXUAL VIOLENTO. ART. 206 C.P.,CALI,Vista Hermosa,01,-76.572445,3.45415,DOMICILIO,2023,noviembre ,11,11/11/2023,7,23:49,DENUNCIA,Nivel 3
DELITOS SEXUALES,ACTOS SEXUALES CON MENOR DE CATORCE AÑOS. ART. 209 C.P.,CALI,Siloé,20,-76.557666,3.421243,SIN INFORMACION,2023,noviembre ,11,11/11/2023,7,08:00,DENUNCIA,Nivel 3
DELITOS SEXUALES,ACTO SEXUAL VIOLENTO. ART. 206 C.P.,CALI,Ciudad Córdoba,15,-76.51232,3.394679,DOMICILIO,2023,noviembre ,11,11/11/2023,7,07:00,DENUNCIA,Nivel 3
DELITOS SEXUALES,INDUCCION A LA PROSTITUCION ART. 213 C.P.,CALI,Terrón Colorado,01,-76.564682,3.453508,SIN INFORMACION,2023,noviembre ,11,11/11/2023,7,12:26,DENUNCIA,Nivel 3
DELITOS SEXUALES,ACCESO CARNAL ABUSIVO CON MENOR DE CATORCE AÑOS. ART. 208 C.P.,CALI,San Pedro,03,-76.531603,3.449394,SIN INFORMACION,2023,noviembre ,11,11/11/2023,7,03:30,DENUNCIA,Nivel 3
DELITOS SEXUALES,ACTOS SEXUALES CON MENOR DE CATORCE AÑOS. ART. 209 C.P.,CALI,Siloé,20,-76.557666,3.421243,DOMICILIO,2023,noviembre ,11,11/11/2023,7,03:00,DENUNCIA,Nivel 3
DELITOS SEXUALES,ACTOS SEXUALES CON MENOR DE CATORCE AÑOS. ART. 209 C.P.,CALI,Urbanización Ciudad Jardín,22,-76.53647,3.35898,SIN INFORMACION,2023,noviembre ,11,11/11/2023,7,20:59,DENUNCIA,Nivel 3
DELITOS SEXUALES,ACCESO CARNAL O ACTO SEXUAL ABUSIVOS CON INCAPAZ DE RESISTIR. ART. 210 C.P.,CALI,Las Quintas de Don Simón,17,-76.537845,3.390624,DOMICILIO,2023,noviembre ,11,11/11/2023,7,00:00,DENUNCIA,Nivel 3
DELITOS SEXUALES,ACCESO CARNAL ABUSIVO CON MENOR DE CATORCE AÑOS. ART. 208 C.P.,CALI,Santander,04,-76.516942,3.461655,SIN INFORMACION,2023,noviembre ,12,11/12/2023,1,04:18,DENUNCIA,Nivel 3
DELITOS SEXUALES,ACTO SEXUAL VIOLENTO. ART. 206 C.P.,CALI,Junín,09,-76.52645,3.43402,SIN INFORMACION,2023,noviembre ,12,11/12/2023,1,04:49,DENUNCIA,Nivel 3
DELITOS SEXUALES,ACCESO CARNAL ABUSIVO CON MENOR DE CATORCE AÑOS. ART. 208 C.P.,CALI,San Pedro,03,-76.532998,3.44971,SIN INFORMACION,2023,noviembre ,13,11/13/2023,2,19:26,DENUNCIA,Nivel 3
DELITOS SEXUALES,ACOSO SEXUAL ART. 210A C.P.  ADICIONADO LEY 1257 DE 2008,CALI,Brisas de Los Álamos,02,-76.500944,3.4931,SIN INFORMACION,2023,noviembre ,13,11/13/2023,2,19:00,DENUNCIA,Nivel 3
DELITOS SEXUALES,ACCESO CARNAL VIOLENTO. ART. 205 C.P.,CALI,San Vicente,02,-76.52445,3.46442,ESTABLECIMIENTO PUBLICO,2023,noviembre ,13,11/13/2023,2,10:35,DENUNCIA,Nivel 3
DELITOS SEXUALES,PORNOGRAFIA CON MENORES ART. 218 C.P.,CALI,San Pedro,03,-76.531545,3.451746,SIN INFORMACION,2023,noviembre ,13,11/13/2023,2,19:13,DENUNCIA,Nivel 3
DELITOS SEXUALES,ACCESO CARNAL VIOLENTO. ART. 205 C.P.,CALI,Mojica,15,-76.489511,3.414399,DOMICILIO,2023,noviembre ,13,11/13/2023,2,14:00,DENUNCIA,Nivel 3
DELITOS SEXUALES,ACOSO SEXUAL ART. 210A C.P.  ADICIONADO LEY 1257 DE 2008,CALI,San Fernando Nuevo,19,-76.542709,3.425888,SIN INFORMACION,2023,noviembre ,14,11/14/2023,3,15:18,DENUNCIA,Nivel 3
DELITOS SEXUALES,ACOSO SEXUAL ART. 210A C.P.  ADICIONADO LEY 1257 DE 2008,CALI,Olímpico,10,-76.533535,3.42443,SIN INFORMACION,2023,noviembre ,14,11/14/2023,3,14:00,DENUNCIA,Nivel 3
DELITOS SEXUALES,ACTOS SEXUALES CON MENOR DE CATORCE AÑOS. ART. 209 C.P.,CALI,Aguacatal,01,-76.559527,3.455529,SIN INFORMACION,2023,noviembre ,15,11/15/2023,4,18:40,DENUNCIA,Nivel 3
DELITOS SEXUALES,ACCESO CARNAL ABUSIVO CON MENOR DE CATORCE AÑOS. ART. 208 C.P.,CALI,Junín,09,-76.52645,3.43402,SIN INFORMACION,2023,noviembre ,15,11/15/2023,4,15:00,DENUNCIA,Nivel 3
DELITOS SEXUALES,INDUCCION A LA PROSTITUCION ART. 213 C.P.,CALI,Los Alcázares,06,-76.494231,3.487408,SIN INFORMACION,2023,noviembre ,15,11/15/2023,4,13:56,DENUNCIA,Nivel 3
DELITOS SEXUALES,ACTO SEXUAL VIOLENTO CON MENOR DE CATORCE AÑOS ART. 209 C.P. ,CALI,Parcelaciones Pance,22,-76.530561,3.347254,TRANSPORTE ESCOLAR PARTICULAR,2023,noviembre ,15,11/15/2023,4,14:00,DENUNCIA,Nivel 3
DELITOS SEXUALES,ACCESO CARNAL ABUSIVO CON MENOR DE CATORCE AÑOS. ART. 208 C.P.,CALI,Los Sauces,11,-76.513721,3.418603,DOMICILIO,2023,noviembre ,15,11/15/2023,4,17:00,DENUNCIA,Nivel 3
DELITOS SEXUALES,ACCESO CARNAL ABUSIVO CON MENOR DE CATORCE AÑOS. ART. 208 C.P.,CALI,La Esperanza,11,-76.519862,3.420318,ESTABLECIMIENTO EDUCATIVO,2023,noviembre ,15,11/15/2023,4,16:00,DENUNCIA,Nivel 3
DELITOS SEXUALES,ACOSO SEXUAL ART. 210A C.P.  ADICIONADO LEY 1257 DE 2008,CALI,Santa Teresita,02,-76.547282,3.45246,SIN INFORMACION,2023,noviembre ,15,11/15/2023,4,12:43,DENUNCIA,Nivel 3
DELITOS SEXUALES,ACCESO CARNAL VIOLENTO. ART. 205 C.P.,CALI,Villa Colombia,08,-76.501622,3.448721,DOMICILIO,2023,noviembre ,15,11/15/2023,4,07:00,DENUNCIA,Nivel 3
DELITOS SEXUALES,ACTOS SEXUALES CON MENOR DE CATORCE AÑOS. ART. 209 C.P.,CALI,Alirio Mora Beltrán,14,-76.481435,3.439841,DOMICILIO,2023,noviembre ,16,11/16/2023,5,12:15,DENUNCIA,Nivel 3
DELITOS SEXUALES,ACTOS SEXUALES CON MENOR DE CATORCE AÑOS. ART. 209 C.P.,CALI,Junín,09,-76.52645,3.43402,SIN INFORMACION,2023,noviembre ,16,11/16/2023,5,04:54,DENUNCIA,Nivel 3
DELITOS SEXUALES,ACTO SEXUAL VIOLENTO CON MENOR DE CATORCE AÑOS ART. 209 C.P. ,CALI,Sindical,12,-76.50221,3.43243,DOMICILIO,2023,noviembre ,16,11/16/2023,5,14:00,DENUNCIA,Nivel 3
DELITOS SEXUALES,ACCESO CARNAL VIOLENTO. ART. 205 C.P.,CALI,Ciudadela Floralia,06,-76.48896,3.49571,SIN INFORMACION,2023,noviembre ,16,11/16/2023,5,15:26,DENUNCIA,Nivel 3
DELITOS SEXUALES,ACOSO SEXUAL ART. 210A C.P.  ADICIONADO LEY 1257 DE 2008,CALI,Alfonso Lopez P. 1a Etapa,07,-76.48302,3.46393,ESTABLECIMIENTO EDUCATIVO,2023,noviembre ,17,11/17/2023,6,14:52,DENUNCIA,Nivel 3
DELITOS SEXUALES,ACCESO CARNAL VIOLENTO. ART. 205 C.P.,CALI,Urbanización San Joaquin,17,-76.526119,3.372799,SIN INFORMACION,2023,noviembre ,17,11/17/2023,6,16:52,DENUNCIA,Nivel 3
DELITOS SEXUALES,ACTOS SEXUALES CON MENOR DE CATORCE AÑOS. ART. 209 C.P.,CALI,Nueva Floresta,12,-76.497675,3.43841,SIN INFORMACION,2023,noviembre ,17,11/17/2023,6,14:02,DENUNCIA,Nivel 3
DELITOS SEXUALES,ACCESO CARNAL VIOLENTO. ART. 205 C.P.,CALI,Normandia,02,-76.547499,3.454813,ESTABLECIMIENTO DE COMERCIO,2023,noviembre ,17,11/17/2023,6,10:00,DENUNCIA,Nivel 3
DELITOS SEXUALES,ACCESO CARNAL O ACTO SEXUAL EN PERSONA PUESTA EN INCAPACIDAD DE RESISTIR. ART. 207 C.P.,CALI,El Morichal,15,-76.50435,3.398115,SIN INFORMACION,2023,noviembre ,17,11/17/2023,6,12:00,DENUNCIA,Nivel 3
DELITOS SEXUALES,ACCESO CARNAL VIOLENTO. ART. 205 C.P.,CALI,Rural,Rural,-76.573685,3.413041,VIA PUBLICA,2023,noviembre ,18,11/18/2023,7,21:30,DENUNCIA,Nivel 3
DELITOS SEXUALES,ACTOS SEXUALES CON MENOR DE CATORCE AÑOS. ART. 209 C.P.,CALI,Unión de Vivienda Popular,16,-76.509247,3.40998,SIN INFORMACION,2023,noviembre ,18,11/18/2023,7,11:45,DENUNCIA,Nivel 3
DELITOS SEXUALES,ACOSO SEXUAL ART. 210A C.P.  ADICIONADO LEY 1257 DE 2008,CALI,El Troncal,08,-76.50309,3.44612,SIN INFORMACION,2023,noviembre ,18,11/18/2023,7,07:11,DENUNCIA,Nivel 3
DELITOS SEXUALES,ACTOS SEXUALES CON MENOR DE CATORCE AÑOS. ART. 209 C.P.,CALI,Junín,09,-76.52645,3.43402,SIN INFORMACION,2023,noviembre ,18,11/18/2023,7,23:45,DENUNCIA,Nivel 3
DELITOS SEXUALES,ACCESO CARNAL O ACTO SEXUAL EN PERSONA PUESTA EN INCAPACIDAD DE RESISTIR. ART. 207 C.P.,CALI,Junín,09,-76.52645,3.43402,SIN INFORMACION,2023,noviembre ,19,11/19/2023,1,01:00,DENUNCIA,Nivel 3
DELITOS SEXUALES,ACCESO CARNAL VIOLENTO. ART. 205 C.P.,CALI,Los Andes,05,-76.49993,3.47114,SIN INFORMACION,2023,noviembre ,19,11/19/2023,1,10:30,DENUNCIA,Nivel 3
DELITOS SEXUALES,ACOSO SEXUAL ART. 210A C.P.  ADICIONADO LEY 1257 DE 2008,CALI,Mojica,15,-76.48843,3.415474,SIN INFORMACION,2023,noviembre ,19,11/19/2023,1,03:00,DENUNCIA,Nivel 3
DELITOS SEXUALES,ACCESO CARNAL ABUSIVO CON MENOR DE CATORCE AÑOS. ART. 208 C.P.,CALI,Olaya Herrera,04,-76.509536,3.477957,SIN INFORMACION,2023,noviembre ,20,11/20/2023,2,09:19,DENUNCIA,Nivel 3
DELITOS SEXUALES,ACTO SEXUAL VIOLENTO CON MENOR DE CATORCE AÑOS ART. 209 C.P. ,CALI,Santa Rosa,03,-76.533511,3.447248,DOMICILIO,2023,noviembre ,20,11/20/2023,2,11:30,DENUNCIA,Nivel 3
DELITOS SEXUALES,ACCESO CARNAL ABUSIVO CON MENOR DE CATORCE AÑOS. ART. 208 C.P.,CALI,Junín,09,-76.52645,3.43402,SIN INFORMACION,2023,noviembre ,20,11/20/2023,2,23:00,DENUNCIA,Nivel 3
DELITOS SEXUALES,CONSTREÑIMIENTO A LA PROSTITUCION ART. 214 C.P.,CALI,José Manuel Marroquín I,14,-76.477924,3.423562,SIN INFORMACION,2023,noviembre ,20,11/20/2023,2,11:59,DENUNCIA,Nivel 3
DELITOS SEXUALES,ACCESO CARNAL VIOLENTO. ART. 205 C.P.,CALI,Ciudad Córdoba,15,-76.510672,3.396612,DOMICILIO,2023,noviembre ,20,11/20/2023,2,14:00,DENUNCIA,Nivel 3
DELITOS SEXUALES,ACTO SEXUAL VIOLENTO CON MENOR DE CATORCE AÑOS ART. 209 C.P. ,CALI,Potrero Grande,21,-76.470854,3.407016,DOMICILIO,2023,noviembre ,21,11/21/2023,3,19:00,DENUNCIA,Nivel 3
DELITOS SEXUALES,ACTOS SEXUALES CON MENOR DE CATORCE AÑOS. ART. 209 C.P.,CALI,Manuela Beltrán,14,-76.473073,3.417482,DOMICILIO,2023,noviembre ,21,11/21/2023,3,20:00,DENUNCIA,Nivel 3
DELITOS SEXUALES,ACCESO CARNAL VIOLENTO. ART. 205 C.P.,CALI,Terrón Colorado,01,-76.564563,3.452936,SIN INFORMACION,2023,noviembre ,22,11/22/2023,4,06:00,DENUNCIA,Nivel 3
DELITOS SEXUALES,ACOSO SEXUAL ART. 210A C.P.  ADICIONADO LEY 1257 DE 2008,CALI,Cañaverales - Los Samanes,17,-76.523885,3.40359,SIN INFORMACION,2023,noviembre ,22,11/22/2023,4,16:00,DENUNCIA,Nivel 3
DELITOS SEXUALES,ACCESO CARNAL ABUSIVO CON MENOR DE CATORCE AÑOS. ART. 208 C.P.,CALI,Vipasa,02,-76.51971,3.47979,DOMICILIO,2023,noviembre ,22,11/22/2023,4,19:00,DENUNCIA,Nivel 3
DELITOS SEXUALES,ACCESO CARNAL VIOLENTO. ART. 205 C.P.,CALI,Junín,09,-76.52645,3.43402,SIN INFORMACION,2023,noviembre ,22,11/22/2023,4,13:52,DENUNCIA,Nivel 3
DELITOS SEXUALES,ACTO SEXUAL VIOLENTO CON MENOR DE CATORCE AÑOS ART. 209 C.P. ,CALI,Antonio Nariño,16,-76.505229,3.414379,DOMICILIO,2023,noviembre ,22,11/22/2023,4,21:00,DENUNCIA,Nivel 3
DELITOS SEXUALES,ACCESO CARNAL VIOLENTO. ART. 205 C.P.,CALI,Olímpico,10,-76.533785,3.424048,SIN INFORMACION,2023,noviembre ,23,11/23/2023,5,12:00,DENUNCIA,Nivel 3
DELITOS SEXUALES,ACCESO CARNAL VIOLENTO. ART. 205 C.P.,CALI,San Pedro,03,-76.533025,3.449723,SIN INFORMACION,2023,noviembre ,23,11/23/2023,5,05:00,DENUNCIA,Nivel 3
DELITOS SEXUALES,ACTOS SEXUALES CON MENOR DE CATORCE AÑOS. ART. 209 C.P.,CALI,Los Chorros,18,-76.55495,3.3944,SIN INFORMACION,2023,noviembre ,23,11/23/2023,5,20:00,DENUNCIA,Nivel 3
DELITOS SEXUALES,ACTO SEXUAL VIOLENTO. ART. 206 C.P.,CALI,Pampa Linda,19,-76.552277,3.40645,IGLESIA O PARROQUIA,2023,noviembre ,24,11/24/2023,6,23:00,DENUNCIA,Nivel 3
DELITOS SEXUALES,ACTO SEXUAL VIOLENTO. ART. 206 C.P.,CALI,Salomia,04,-76.507039,3.467204,ESTABLECIMIENTO EDUCATIVO,2023,noviembre ,24,11/24/2023,6,13:30,DENUNCIA,Nivel 3
DELITOS SEXUALES,ACTO SEXUAL VIOLENTO. ART. 206 C.P.,CALI,Urbanización Ciudad Jardín,22,-76.539495,3.36224,ESTABLECIMIENTO CARCELARIO,2023,noviembre ,24,11/24/2023,6,12:00,DENUNCIA,Nivel 3
DELITOS SEXUALES,ACTOS SEXUALES CON MENOR DE CATORCE AÑOS. ART. 209 C.P.,CALI,Sector Alto de los Chorros,18,-76.55948,3.39512,DOMICILIO,2023,noviembre ,24,11/24/2023,6,15:17,DENUNCIA,Nivel 3
DELITOS SEXUALES,ACCESO CARNAL O ACTO SEXUAL ABUSIVOS CON INCAPAZ DE RESISTIR. ART. 210 C.P.,CALI,El Jardín,11,-76.516807,3.427118,DOMICILIO,2023,noviembre ,25,11/25/2023,7,05:00,DENUNCIA,Nivel 3
DELITOS SEXUALES,ACCESO CARNAL O ACTO SEXUAL ABUSIVOS CON INCAPAZ DE RESISTIR. ART. 210 C.P.,CALI,La Campiña,02,-76.528491,3.481105,SIN INFORMACION,2023,noviembre ,25,11/25/2023,7,07:27,DENUNCIA,Nivel 3
DELITOS SEXUALES,ACCESO CARNAL VIOLENTO. ART. 205 C.P.,CALI,República de Israel,16,-76.508799,3.404669,VEHICULO,2023,noviembre ,25,11/25/2023,7,18:00,DENUNCIA,Nivel 3
DELITOS SEXUALES,PORNOGRAFIA CON MENORES ART. 218 C.P.,CALI,Los Conquistadores,11,-76.5068,3.42451,SIN INFORMACION,2023,noviembre ,25,11/25/2023,7,16:30,DENUNCIA,Nivel 3
DELITOS SEXUALES,ACCESO CARNAL VIOLENTO. ART. 205 C.P.,CALI,Centenario,02,-76.536905,3.452515,ESTABLECIMIENTO PUBLICO,2023,noviembre ,25,11/25/2023,7,02:27,DENUNCIA,Nivel 3
DELITOS SEXUALES,ACTOS SEXUALES CON MENOR DE CATORCE AÑOS. ART. 209 C.P.,CALI,Mariano Ramos,16,-76.51847,3.40714,SIN INFORMACION,2023,noviembre ,26,11/26/2023,1,14:13,DENUNCIA,Nivel 3
DELITOS SEXUALES,ACCESO CARNAL VIOLENTO. ART. 205 C.P.,CALI,Santa Mónica,02,-76.529212,3.470517,SIN INFORMACION,2023,noviembre ,26,11/26/2023,1,07:54,DENUNCIA,Nivel 3
DELITOS SEXUALES,ACTO SEXUAL VIOLENTO. ART. 206 C.P.,CALI,Urbanización San Joaquin,17,-76.526082,3.372692,SIN INFORMACION,2023,noviembre ,26,11/26/2023,1,13:56,DENUNCIA,Nivel 3
DELITOS SEXUALES,ACTOS SEXUALES CON MENOR DE CATORCE AÑOS. ART. 209 C.P.,CALI,El Refugio,19,-76.553005,3.395958,DOMICILIO,2023,noviembre ,26,11/26/2023,1,14:00,DENUNCIA,Nivel 3
DELITOS SEXUALES,ACOSO SEXUAL ART. 210A C.P.  ADICIONADO LEY 1257 DE 2008,CALI,El Piloto,03,-76.524219,3.460658,CAMPO ABIERTO,2023,noviembre ,26,11/26/2023,1,09:30,DENUNCIA,Nivel 3
DELITOS SEXUALES,ACCESO CARNAL ABUSIVO CON MENOR DE CATORCE AÑOS. ART. 208 C.P.,CALI,Urbanización El Angel del Hogar,07,-76.48213,3.44796,DOMICILIO,2023,noviembre ,26,11/26/2023,1,15:00,DENUNCIA,Nivel 3
DELITOS SEXUALES,ACCESO CARNAL O ACTO SEXUAL ABUSIVOS CON INCAPAZ DE RESISTIR. ART. 210 C.P.,CALI,Los Chorros,18,-76.554255,3.393993,SIN INFORMACION,2023,noviembre ,26,11/26/2023,1,13:00,DENUNCIA,Nivel 3
DELITOS SEXUALES,ACTO SEXUAL VIOLENTO. ART. 206 C.P.,CALI,República de Israel,16,-76.511047,3.403714,DOMICILIO,2023,noviembre ,27,11/27/2023,2,15:30,DENUNCIA,Nivel 3
DELITOS SEXUALES,INDUCCION A LA PROSTITUCION ART. 213 C.P.,CALI,Ciudadela del Rio - CVC,21,-76.467061,3.42977,SIN INFORMACION,2023,noviembre ,27,11/27/2023,2,19:35,DENUNCIA,Nivel 3
DELITOS SEXUALES,ACTO SEXUAL VIOLENTO CON MENOR DE CATORCE AÑOS ART. 209 C.P. ,CALI,Los Chorros,18,-76.55495,3.3944,SIN INFORMACION,2023,noviembre ,27,11/27/2023,2,20:26,DENUNCIA,Nivel 3
DELITOS SEXUALES,ACTOS SEXUALES CON MENOR DE CATORCE AÑOS. ART. 209 C.P.,CALI,Pizamos II,21,-76.473155,3.406025,SIN INFORMACION,2023,noviembre ,27,11/27/2023,2,15:41,DENUNCIA,Nivel 3
DELITOS SEXUALES,ACTOS SEXUALES CON MENOR DE CATORCE AÑOS. ART. 209 C.P.,CALI,Ciudad Talanga,21,-76.471345,3.432955,DOMICILIO,2023,noviembre ,27,11/27/2023,2,00:30,DENUNCIA,Nivel 3
DELITOS SEXUALES,ACTOS SEXUALES CON MENOR DE CATORCE AÑOS. ART. 209 C.P.,CALI,Evaristo Garcia,04,-76.506534,3.475415,SIN INFORMACION,2023,noviembre ,27,11/27/2023,2,19:30,DENUNCIA,Nivel 3
DELITOS SEXUALES,ACOSO SEXUAL ART. 210A C.P.  ADICIONADO LEY 1257 DE 2008,CALI,San Fernando Nuevo,19,-76.543115,3.431695,ESTACION TRANSPORTE MASIVO,2023,noviembre ,27,11/27/2023,2,21:27,DENUNCIA,Nivel 3
DELITOS SEXUALES,ACTOS SEXUALES CON MENOR DE CATORCE AÑOS. ART. 209 C.P.,CALI,Lleras Restrepo II,13,-76.492775,3.43544,SIN INFORMACION,2023,noviembre ,28,11/28/2023,3,23:00,DENUNCIA,Nivel 3
DELITOS SEXUALES,ACOSO SEXUAL ART. 210A C.P.  ADICIONADO LEY 1257 DE 2008,CALI,La Flora,02,-76.520419,3.487642,VIA PUBLICA,2023,noviembre ,28,11/28/2023,3,13:30,DENUNCIA,Nivel 3
DELITOS SEXUALES,ACTOS SEXUALES CON MENOR DE CATORCE AÑOS. ART. 209 C.P.,CALI,Ciudad de Los Álamos,02,-76.507198,3.48326,DOMICILIO,2023,noviembre ,28,11/28/2023,3,17:30,DENUNCIA,Nivel 3
DELITOS SEXUALES,ACTOS SEXUALES CON MENOR DE CATORCE AÑOS. ART. 209 C.P.,CALI,Los Comuneros II,13,-76.49311,3.42494,SIN INFORMACION,2023,noviembre ,28,11/28/2023,3,14:00,DENUNCIA,Nivel 3
DELITOS SEXUALES,ACTO SEXUAL VIOLENTO CON MENOR DE CATORCE AÑOS ART. 209 C.P. ,CALI,El Morichal,15,-76.501899,3.397836,SIN INFORMACION,2023,noviembre ,28,11/28/2023,3,09:17,DENUNCIA,Nivel 3
DELITOS SEXUALES,ACTO SEXUAL VIOLENTO CON MENOR DE CATORCE AÑOS ART. 209 C.P. ,CALI,San Fernando Viejo,19,-76.544144,3.432439,DOMICILIO,2023,noviembre ,28,11/28/2023,3,19:00,DENUNCIA,Nivel 3
DELITOS SEXUALES,ACTO SEXUAL VIOLENTO. ART. 206 C.P.,CALI,San Cayetano,03,-76.541897,3.444207,SIN INFORMACION,2023,noviembre ,28,11/28/2023,3,09:00,DENUNCIA,Nivel 3
DELITOS SEXUALES,ACOSO SEXUAL ART. 210A C.P.  ADICIONADO LEY 1257 DE 2008,CALI,Urbanización Ciudad Jardín,22,-76.530701,3.36287,SIN INFORMACION,2023,noviembre ,29,11/29/2023,4,22:30,DENUNCIA,Nivel 3
DELITOS SEXUALES,ACTOS SEXUALES CON MENOR DE CATORCE AÑOS. ART. 209 C.P.,CALI,Junín,09,-76.52645,3.43402,SIN INFORMACION,2023,noviembre ,29,11/29/2023,4,11:46,DENUNCIA,Nivel 3
DELITOS SEXUALES,ACTOS SEXUALES CON MENOR DE CATORCE AÑOS. ART. 209 C.P.,CALI,Junín,09,-76.52645,3.43402,SIN INFORMACION,2023,noviembre ,29,11/29/2023,4,11:11,DENUNCIA,Nivel 3
DELITOS SEXUALES,,CALI,Evaristo Garcia,04,-76.506587,3.475869,SIN INFORMACION,2023,noviembre ,29,11/29/2023,4,11:03,DENUNCIA,Nivel 3
DELITOS SEXUALES,ACTOS SEXUALES CON MENOR DE CATORCE AÑOS. ART. 209 C.P.,CALI,Junín,09,-76.52645,3.43402,SIN INFORMACION,2023,noviembre ,29,11/29/2023,4,10:37,DENUNCIA,Nivel 3
DELITOS SEXUALES,ACCESO CARNAL ABUSIVO CON MENOR DE CATORCE AÑOS. ART. 208 C.P.,CALI,Rural,Rural,-76.581286,3.434741,DOMICILIO,2023,noviembre ,29,11/29/2023,4,06:00,DENUNCIA,Nivel 3
DELITOS SEXUALES,ACTOS SEXUALES CON MENOR DE CATORCE AÑOS. ART. 209 C.P.,CALI,Siloé,20,-76.55441,3.42415,DOMICILIO,2023,noviembre ,29,11/29/2023,4,19:30,DENUNCIA,Nivel 3
DELITOS SEXUALES,ACOSO SEXUAL ART. 210A C.P.  ADICIONADO LEY 1257 DE 2008,CALI,Parcelaciones Pance,22,-76.5366,3.347542,SIN INFORMACION,2023,noviembre ,29,11/29/2023,4,21:41,DENUNCIA,Nivel 3
DELITOS SEXUALES,PORNOGRAFIA CON MENORES ART. 218 C.P.,CALI,Manuela Beltrán,14,-76.4745,3.41635,DOMICILIO,2023,noviembre ,30,11/30/2023,5,20:00,DENUNCIA,Nivel 3
DELITOS SEXUALES,ACTOS SEXUALES CON MENOR DE CATORCE AÑOS. ART. 209 C.P.,CALI,Junín,09,-76.52645,3.43402,SIN INFORMACION,2023,noviembre ,30,11/30/2023,5,11:16,DENUNCIA,Nivel 3
DELITOS SEXUALES,ACTOS SEXUALES CON MENOR DE CATORCE AÑOS. ART. 209 C.P.,CALI,Junín,09,-76.52645,3.43402,SIN INFORMACION,2023,noviembre ,30,11/30/2023,5,17:17,DENUNCIA,Nivel 3
DELITOS SEXUALES,ACTO SEXUAL VIOLENTO. ART. 206 C.P.,CALI,José Manuel Marroquín I,14,-76.47734,3.42516,SIN INFORMACION,2023,noviembre ,30,11/30/2023,5,20:00,DENUNCIA,Nivel 3
DELITOS SEXUALES,ACCESO CARNAL VIOLENTO. ART. 205 C.P.,CALI,Alfonso Bonilla Aragón,14,-76.478815,3.41795,HOTEL / HOSTAL,2023,noviembre ,30,11/30/2023,5,02:00,DENUNCIA,Nivel 3
DELITOS SEXUALES,ACTOS SEXUALES CON MENOR DE CATORCE AÑOS. ART. 209 C.P.,CALI,20 de Julio,11,-76.514609,3.435698,EDIFICIO,2023,noviembre ,30,11/30/2023,5,00:00,DENUNCIA,Nivel 3
DELITOS SEXUALES,ACCESO CARNAL VIOLENTO. ART. 205 C.P.,CALI,La Fortaleza,11,-76.514866,3.427546,SIN INFORMACION,2023,diciembre ,1,12/1/2023,6,01:00,DENUNCIA,Nivel 3
DELITOS SEXUALES,ACTOS SEXUALES CON MENOR DE CATORCE AÑOS. ART. 209 C.P.,CALI,Antonio Nariño,16,-76.505955,3.417268,DOMICILIO,2023,diciembre ,1,12/1/2023,6,21:30,DENUNCIA,Nivel 3
DELITOS SEXUALES,ACCESO CARNAL O ACTO SEXUAL ABUSIVOS CON INCAPAZ DE RESISTIR. ART. 210 C.P.,CALI,San Nicolás,03,-76.522662,3.459184,SIN INFORMACION,2023,diciembre ,1,12/1/2023,6,05:00,DENUNCIA,Nivel 3
DELITOS SEXUALES,ACTO SEXUAL VIOLENTO CON MENOR DE CATORCE AÑOS ART. 209 C.P. ,CALI,Guillermo Valencia,04,-76.511898,3.472518,DOMICILIO,2023,diciembre ,2,12/2/2023,7,00:00,DENUNCIA,Nivel 3
DELITOS SEXUALES,ACTO SEXUAL VIOLENTO CON MENOR DE CATORCE AÑOS ART. 209 C.P. ,CALI,Chiminangos II,05,-76.494111,3.477002,SIN INFORMACION,2023,diciembre ,2,12/2/2023,7,22:00,DENUNCIA,Nivel 3
DELITOS SEXUALES,ACTOS SEXUALES CON MENOR DE CATORCE AÑOS. ART. 209 C.P.,CALI,El Morichal,15,-76.504878,3.395529,SIN INFORMACION,2023,diciembre ,2,12/2/2023,7,13:00,DENUNCIA,Nivel 3
DELITOS SEXUALES,ACCESO CARNAL VIOLENTO. ART. 205 C.P.,CALI,Sector Alto de los Chorros,18,-76.55894,3.39315,DOMICILIO,2023,diciembre ,2,12/2/2023,7,16:00,DENUNCIA,Nivel 3
DELITOS SEXUALES,ACTOS SEXUALES CON MENOR DE CATORCE AÑOS. ART. 209 C.P.,CALI,San Nicolás,03,-76.52274,3.45963,DOMICILIO,2023,diciembre ,3,12/3/2023,1,20:30,DENUNCIA,Nivel 3
DELITOS SEXUALES,ACTOS SEXUALES CON MENOR DE CATORCE AÑOS. ART. 209 C.P.,CALI,Ciudadela Floralia,06,-76.494262,3.496134,SIN INFORMACION,2023,diciembre ,3,12/3/2023,1,15:30,DENUNCIA,Nivel 3
DELITOS SEXUALES,ACCESO CARNAL O ACTO SEXUAL ABUSIVOS CON INCAPAZ DE RESISTIR. ART. 210 C.P.,CALI,Terrón Colorado,01,-76.564682,3.453508,SIN INFORMACION,2023,diciembre ,3,12/3/2023,1,15:09,DENUNCIA,Nivel 3
DELITOS SEXUALES,ACCESO CARNAL VIOLENTO. ART. 205 C.P.,CALI,San Judas Tadeo II,10,-76.52284,3.411883,ESTABLECIMIENTO DE COMERCIO,2023,diciembre ,3,12/3/2023,1,18:30,DENUNCIA,Nivel 3
DELITOS SEXUALES,ACCESO CARNAL VIOLENTO. ART. 205 C.P.,CALI,Calipso,13,-76.50125,3.42565,SIN INFORMACION,2023,diciembre ,3,12/3/2023,1,02:00,DENUNCIA,Nivel 3
DELITOS SEXUALES,ACCESO CARNAL VIOLENTO. ART. 205 C.P.,CALI,Alfonso Bonilla Aragón,14,-76.48452,3.42593,VIA PUBLICA,2023,diciembre ,3,12/3/2023,1,15:00,DENUNCIA,Nivel 3
DELITOS SEXUALES,ACCESO CARNAL VIOLENTO. ART. 205 C.P.,CALI,Valle Grande,21,-76.470037,3.437442,DOMICILIO,2023,diciembre ,3,12/3/2023,1,23:59,DENUNCIA,Nivel 3
DELITOS SEXUALES,ACTOS SEXUALES CON MENOR DE CATORCE AÑOS. ART. 209 C.P.,CALI,Urbanización San Joaquin,17,-76.528239,3.377782,DOMICILIO,2023,diciembre ,4,12/4/2023,2,07:30,DENUNCIA,Nivel 3
DELITOS SEXUALES,ACTOS SEXUALES CON MENOR DE CATORCE AÑOS. ART. 209 C.P.,CALI,Primavera,11,-76.509081,3.422288,SIN INFORMACION,2023,diciembre ,4,12/4/2023,2,20:00,DENUNCIA,Nivel 3
DELITOS SEXUALES,ACTO SEXUAL VIOLENTO. ART. 206 C.P.,CALI,El Jardín,11,-76.518267,3.42713,DOMICILIO,2023,diciembre ,4,12/4/2023,2,09:29,DENUNCIA,Nivel 3
DELITOS SEXUALES,ACTO SEXUAL VIOLENTO. ART. 206 C.P.,CALI,Alameda,09,-76.535373,3.439778,SIN INFORMACION,2023,diciembre ,5,12/5/2023,3,15:40,DENUNCIA,Nivel 3
DELITOS SEXUALES,ACTOS SEXUALES CON MENOR DE CATORCE AÑOS. ART. 209 C.P.,CALI,Paso del Comercio,06,-76.487421,3.493356,DOMICILIO,2023,diciembre ,5,12/5/2023,3,13:16,DENUNCIA,Nivel 3
DELITOS SEXUALES,ACTO SEXUAL VIOLENTO CON MENOR DE CATORCE AÑOS ART. 209 C.P. ,CALI,Potrero Grande,21,-76.468683,3.407665,DOMICILIO,2023,diciembre ,5,12/5/2023,3,23:35,DENUNCIA,Nivel 3
DELITOS SEXUALES,ACCESO CARNAL VIOLENTO. ART. 205 C.P.,CALI,Prados del Norte,02,-76.521015,3.464637,TERMINAL DE TRANSPORTE,2023,diciembre ,5,12/5/2023,3,14:00,DENUNCIA,Nivel 3
DELITOS SEXUALES,ACCESO CARNAL ABUSIVO CON MENOR DE CATORCE AÑOS. ART. 208 C.P.,CALI,Potrero Grande,21,-76.470022,3.405688,SIN INFORMACION,2023,diciembre ,5,12/5/2023,3,11:00,DENUNCIA,Nivel 3
DELITOS SEXUALES,ACCESO CARNAL ABUSIVO CON MENOR DE CATORCE AÑOS. ART. 208 C.P.,CALI,Los Lagos,13,-76.488395,3.429166,DOMICILIO,2023,diciembre ,6,12/6/2023,4,12:16,DENUNCIA,Nivel 3
DELITOS SEXUALES,ACCESO CARNAL O ACTO SEXUAL EN PERSONA PUESTA EN INCAPACIDAD DE RESISTIR. ART. 207 C.P.,CALI,Vista Hermosa,01,-76.57738,3.453695,ESTABLECIMIENTO DE SALUD,2023,diciembre ,6,12/6/2023,4,21:40,DENUNCIA,Nivel 3
DELITOS SEXUALES,ACTOS SEXUALES CON MENOR DE CATORCE AÑOS. ART. 209 C.P.,CALI,Junín,09,-76.52645,3.43402,SIN INFORMACION,2023,diciembre ,7,12/7/2023,5,15:15,DENUNCIA,Nivel 3
DELITOS SEXUALES,ACTO SEXUAL VIOLENTO CON MENOR DE CATORCE AÑOS ART. 209 C.P. ,CALI,Prados de Oriente,11,-76.514875,3.433642,DOMICILIO,2023,diciembre ,7,12/7/2023,5,21:00,DENUNCIA,Nivel 3
DELITOS SEXUALES,ACCESO CARNAL O ACTO SEXUAL ABUSIVOS CON INCAPAZ DE RESISTIR. ART. 210 C.P.,CALI,Terrón Colorado,01,-76.564682,3.453508,SIN INFORMACION,2023,diciembre ,8,12/8/2023,6,06:27,DENUNCIA,Nivel 3
DELITOS SEXUALES,ACCESO CARNAL VIOLENTO. ART. 205 C.P.,CALI,La Fortaleza,11,-76.514964,3.426325,DOMICILIO,2023,diciembre ,8,12/8/2023,6,02:40,DENUNCIA,Nivel 3
DELITOS SEXUALES,ACCESO CARNAL VIOLENTO. ART. 205 C.P.,CALI,Villa del Lago,13,-76.489605,3.43773,SIN INFORMACION,2023,diciembre ,9,12/9/2023,7,14:00,DENUNCIA,Nivel 3
DELITOS SEXUALES,ACCESO CARNAL VIOLENTO. ART. 205 C.P.,CALI,Villa del Lago,13,-76.49029,3.4377,DOMICILIO,2023,diciembre ,9,12/9/2023,7,09:00,DENUNCIA,Nivel 3
DELITOS SEXUALES,ACTO SEXUAL VIOLENTO CON MENOR DE CATORCE AÑOS ART. 209 C.P. ,CALI,Prados del Sur,18,-76.556517,3.38958,DOMICILIO,2023,diciembre ,9,12/9/2023,7,19:00,DENUNCIA,Nivel 3
DELITOS SEXUALES,ACCESO CARNAL O ACTO SEXUAL ABUSIVOS CON INCAPAZ DE RESISTIR. ART. 210 C.P.,CALI,Prados de Oriente,11,-76.51213,3.42928,VIA PUBLICA,2023,diciembre ,10,12/10/2023,1,21:30,DENUNCIA,Nivel 3
DELITOS SEXUALES,ACCESO CARNAL VIOLENTO. ART. 205 C.P.,CALI,Ciudadela Floralia,06,-76.490069,3.498151,DOMICILIO,2023,diciembre ,10,12/10/2023,1,08:30,DENUNCIA,Nivel 3
DELITOS SEXUALES,,CALI,El Poblado II,13,-76.49035,3.42141,SIN INFORMACION,2023,diciembre ,10,12/10/2023,1,02:01,DENUNCIA,Nivel 3
DELITOS SEXUALES,PORNOGRAFIA CON MENORES ART. 218 C.P.,CALI,Aguacatal,01,-76.560813,3.45652,RED VIRTUAL O INTERNET,2023,diciembre ,10,12/10/2023,1,23:00,DENUNCIA,Nivel 3
DELITOS SEXUALES,ACCESO CARNAL O ACTO SEXUAL ABUSIVOS CON INCAPAZ DE RESISTIR. ART. 210 C.P.,CALI,Cañaveralejo - Seguros Patria,19,-76.541655,3.40208,HOTEL / HOSTAL,2023,diciembre ,10,12/10/2023,1,02:00,DENUNCIA,Nivel 3
DELITOS SEXUALES,ACTOS SEXUALES CON MENOR DE CATORCE AÑOS. ART. 209 C.P.,CALI,Belén,20,-76.55372,3.426338,DOMICILIO,2023,diciembre ,11,12/11/2023,2,15:14,DENUNCIA,Nivel 3
DELITOS SEXUALES,ACCESO CARNAL VIOLENTO. ART. 205 C.P.,CALI,Desepaz Invicali,21,-76.461493,3.427381,DOMICILIO,2023,diciembre ,11,12/11/2023,2,20:00,DENUNCIA,Nivel 3
DELITOS SEXUALES,DEMANDA DE EXPLOT.SEX. COMERC. MENOR DE 18 AÑOS Adic. Art 217A C.P. Ley 1329 de 2009,CALI,Alfonso Lopez P. 2a Etapa,07,-76.480044,3.458393,DOMICILIO,2023,diciembre ,11,12/11/2023,2,23:00,DENUNCIA,Nivel 3
DELITOS SEXUALES,ACTO SEXUAL VIOLENTO. ART. 206 C.P.,CALI,Alférez Real,18,-76.545075,3.38755,LUGAR DE TRABAJO,2023,diciembre ,11,12/11/2023,2,20:10,DENUNCIA,Nivel 3
DELITOS SEXUALES,PORNOGRAFIA CON MENORES ART. 218 C.P.,CALI,Rural,Rural,-76.614344,3.488473,RED VIRTUAL O INTERNET,2023,diciembre ,12,12/12/2023,3,15:51,DENUNCIA,Nivel 3
DELITOS SEXUALES,ACTO SEXUAL VIOLENTO CON MENOR DE CATORCE AÑOS ART. 209 C.P. ,CALI,Rodrigo Lara Bonilla,13,-76.490105,3.42685,DOMICILIO,2023,diciembre ,12,12/12/2023,3,12:55,DENUNCIA,Nivel 3
DELITOS SEXUALES,ACTOS SEXUALES CON MENOR DE CATORCE AÑOS. ART. 209 C.P.,CALI,Lleras Restrepo II,13,-76.49167,3.43837,VIA PUBLICA,2023,diciembre ,12,12/12/2023,3,12:55,DENUNCIA,Nivel 3
DELITOS SEXUALES,ACTOS SEXUALES CON MENOR DE CATORCE AÑOS. ART. 209 C.P.,CALI,Urbanización San Joaquin,17,-76.526025,3.373354,SIN INFORMACION,2023,diciembre ,12,12/12/2023,3,19:12,DENUNCIA,Nivel 3
DELITOS SEXUALES,ACTOS SEXUALES CON MENOR DE CATORCE AÑOS. ART. 209 C.P.,CALI,Junín,09,-76.52645,3.43402,SIN INFORMACION,2023,diciembre ,13,12/13/2023,4,11:44,DENUNCIA,Nivel 3
DELITOS SEXUALES,ACTO SEXUAL VIOLENTO. ART. 206 C.P.,CALI,San Pedro,03,-76.5302,3.45056,DOMICILIO,2023,diciembre ,13,12/13/2023,4,11:00,DENUNCIA,Nivel 3
DELITOS SEXUALES,ACCESO CARNAL VIOLENTO. ART. 205 C.P.,CALI,Lourdes,18,-76.55567,3.392935,DOMICILIO,2023,diciembre ,13,12/13/2023,4,02:00,DENUNCIA,Nivel 3
DELITOS SEXUALES,ACTOS SEXUALES CON MENOR DE CATORCE AÑOS. ART. 209 C.P.,CALI,Junín,09,-76.52645,3.43402,SIN INFORMACION,2023,diciembre ,13,12/13/2023,4,10:24,DENUNCIA,Nivel 3
DELITOS SEXUALES,ACCESO CARNAL VIOLENTO. ART. 205 C.P.,CALI,San Pedro,03,-76.53309,3.4497,ENTIDAD PUBLICA / ESTATAL,2023,diciembre ,13,12/13/2023,4,09:00,DENUNCIA,Nivel 3
DELITOS SEXUALES,ACTO SEXUAL VIOLENTO CON MENOR DE CATORCE AÑOS ART. 209 C.P. ,CALI,Rural,Rural,-76.61388,3.436755,DOMICILIO,2023,diciembre ,15,12/15/2023,6,18:00,DENUNCIA,Nivel 3
DELITOS SEXUALES,ACCESO CARNAL VIOLENTO. ART. 205 C.P.,CALI,Julio Rincón,12,-76.502549,3.425772,DOMICILIO,2023,diciembre ,16,12/16/2023,7,23:00,DENUNCIA,Nivel 3
DELITOS SEXUALES,ACOSO SEXUAL ART. 210A C.P.  ADICIONADO LEY 1257 DE 2008,CALI,El Remanso,21,-76.46464,3.417234,SIN INFORMACION,2023,diciembre ,17,12/17/2023,1,20:37,DENUNCIA,Nivel 3
DELITOS SEXUALES,ACCESO CARNAL VIOLENTO. ART. 205 C.P. ,CALI,La Fortaleza,11,-76.51421,3.42794,SIN INFORMACION,2023,diciembre ,17,12/17/2023,1,14:00,DENUNCIA,Nivel 3
DELITOS SEXUALES,PROXENETISMO CON MENOR DE EDAD ART. 213A C.P.,CALI,Urbanización Nueva Granada,19,-76.5525,3.42463,SIN INFORMACION,2023,diciembre ,18,12/18/2023,2,01:30,DENUNCIA,Nivel 3
DELITOS SEXUALES,ACTOS SEXUALES CON MENOR DE CATORCE AÑOS. ART. 209 C.P.,CALI,Puerta del Sol,14,-76.472064,3.431926,DOMICILIO,2023,diciembre ,18,12/18/2023,2,18:00,DENUNCIA,Nivel 3
DELITOS SEXUALES,ACTOS SEXUALES CON MENOR DE CATORCE AÑOS. ART. 209 C.P.,CALI,Sector Alto de los Chorros,18,-76.559305,3.39148,DOMICILIO,2023,diciembre ,18,12/18/2023,2,15:00,DENUNCIA,Nivel 3
DELITOS SEXUALES,PORNOGRAFIA CON MENORES ART. 218 C.P.,CALI,Venezuela - Urbanización Cañaveralejo,20,-76.563225,3.414003,RED VIRTUAL O INTERNET,2023,diciembre ,19,12/19/2023,3,17:00,DENUNCIA,Nivel 3
DELITOS SEXUALES,ACCESO CARNAL O ACTO SEXUAL EN PERSONA PUESTA EN INCAPACIDAD DE RESISTIR. ART. 207 C.P.,CALI,El Calvario,03,-76.531376,3.448148,VEHICULO,2023,diciembre ,20,12/20/2023,4,20:20,DENUNCIA,Nivel 3
DELITOS SEXUALES,ACCESO CARNAL VIOLENTO. ART. 205 C.P.,CALI,San Nicolás,03,-76.522555,3.45269,HOTEL / HOSTAL,2023,diciembre ,27,12/27/2023,4,02:00,DENUNCIA,Nivel 3
DELITOS SEXUALES,ACTO SEXUAL VIOLENTO. ART. 206 C.P.,CALI,Rural,Rural,-76.495265,3.362455,VIA PUBLICA,2023,diciembre ,29,12/29/2023,6,20:00,DENUNCIA,Nivel 3
DELITOS SEXUALES,ACTOS SEXUALES CON MENOR DE CATORCE AÑOS. ART. 209 C.P.,CALI,Rural,Rural,-76.547383,3.487103,DOMICILIO,2023,diciembre ,29,12/29/2023,6,12:03,DENUNCIA,Nivel 3
DELITOS SEXUALES,ACCESO CARNAL O ACTO SEXUAL EN PERSONA PUESTA EN INCAPACIDAD DE RESISTIR. ART. 207 C.P.,CALI,Bretaña,09,-76.53081,3.44173,DOMICILIO,2023,diciembre ,29,12/29/2023,6,11:38,DENUNCIA,Nivel 3
DELITOS SEXUALES,ACCESO CARNAL ABUSIVO CON MENOR DE CATORCE AÑOS. ART. 208 C.P.,CALI,Alfonso Bonilla Aragón,14,-76.482861,3.419591,SIN INFORMACION,2024,enero     ,1,1/1/2024,2,08:00,DENUNCIA,Nivel 3
DELITOS SEXUALES,ACTO SEXUAL VIOLENTO. ART. 206 C.P.,CALI,Primitivo Crespo,08,-76.518973,3.437022,DOMICILIO,2024,enero     ,1,1/1/2024,2,00:00,DENUNCIA,Nivel 3
DELITOS SEXUALES,ACTO SEXUAL VIOLENTO. ART. 206 C.P.,CALI,Terrón Colorado,01,-76.564682,3.453508,SIN INFORMACION,2024,enero     ,1,1/1/2024,2,16:24,DENUNCIA,Nivel 3
DELITOS SEXUALES,ACTOS SEXUALES CON MENOR DE CATORCE AÑOS. ART. 209 C.P.,CALI,Junín,09,-76.52645,3.43402,SIN INFORMACION,2024,enero     ,1,1/1/2024,2,15:00,DENUNCIA,Nivel 3
DELITOS SEXUALES,ACCESO CARNAL ABUSIVO CON MENOR DE CATORCE AÑOS. ART. 208 C.P.,CALI,Santa Mónica,02,-76.530709,3.471647,DOMICILIO,2024,enero     ,1,1/1/2024,2,10:00,DENUNCIA,Nivel 3
DELITOS SEXUALES,ACTO SEXUAL VIOLENTO. ART. 206 C.P.,CALI,El Guayabal 2,81,-76.514696,3.358648,ESTABLECIMIENTO CARCELARIO,2024,enero     ,1,1/1/2024,2,12:00,DENUNCIA,Nivel 3
DELITOS SEXUALES,ACTO SEXUAL VIOLENTO. ART. 206 C.P.,CALI,Antonio Nariño,16,-76.506131,3.417293,DOMICILIO,2024,enero     ,1,1/1/2024,2,00:00,DENUNCIA,Nivel 3
DELITOS SEXUALES,ACTO SEXUAL VIOLENTO CON MENOR DE CATORCE AÑOS ART. 209 C.P. ,CALI,Junín,09,-76.52645,3.43402,SIN INFORMACION,2024,enero     ,1,1/1/2024,2,07:00,DENUNCIA,Nivel 3
DELITOS SEXUALES,ACCESO CARNAL ABUSIVO CON MENOR DE CATORCE AÑOS. ART. 208 C.P.,CALI,El Vergel,13,-76.499565,3.417472,VIA PUBLICA,2024,enero     ,1,1/1/2024,2,15:52,DENUNCIA,Nivel 3
DELITOS SEXUALES,ACCESO CARNAL ABUSIVO CON MENOR DE CATORCE AÑOS. ART. 208 C.P.,CALI,Alfonso Bonilla Aragón,14,-76.486113,3.419165,DOMICILIO,2024,enero     ,1,1/1/2024,2,20:00,DENUNCIA,Nivel 3
DELITOS SEXUALES,ACCESO CARNAL VIOLENTO. ART. 205 C.P. ,CALI,Sucre,09,-76.526354,3.444459,SIN INFORMACION,2024,enero     ,1,1/1/2024,2,05:00,DENUNCIA,Nivel 3
DELITOS SEXUALES,ACTO SEXUAL VIOLENTO CON MENOR DE CATORCE AÑOS ART. 209 C.P. ,CALI,Los Lideres,21,-76.465088,3.419324,DOMICILIO,2024,enero     ,1,1/1/2024,2,00:00,DENUNCIA,Nivel 3
DELITOS SEXUALES,ACTO SEXUAL VIOLENTO CON MENOR DE CATORCE AÑOS ART. 209 C.P. ,CALI,Junín,09,-76.52645,3.43402,SIN INFORMACION,2024,enero     ,1,1/1/2024,2,07:00,DENUNCIA,Nivel 3
DELITOS SEXUALES,ACCESO CARNAL ABUSIVO CON MENOR DE CATORCE AÑOS. ART. 208 C.P.,CALI,El Vallado,15,-76.498945,3.407103,DOMICILIO,2024,enero     ,1,1/1/2024,2,16:09,DENUNCIA,Nivel 3
DELITOS SEXUALES,ACCESO CARNAL ABUSIVO CON MENOR DE CATORCE AÑOS. ART. 208 C.P.,CALI,Villa del Prado - El Guabito,05,-76.488172,3.467667,DOMICILIO,2024,enero     ,1,1/1/2024,2,00:00,DENUNCIA,Nivel 3
DELITOS SEXUALES,ACCESO CARNAL O ACTO SEXUAL EN PERSONA PUESTA EN INCAPACIDAD DE RESISTIR. ART. 207 C.P.,CALI,El Jordán,18,-76.55114,3.376469,SIN INFORMACION,2024,enero     ,1,1/1/2024,2,19:30,DENUNCIA,Nivel 3
DELITOS SEXUALES,ACTOS SEXUALES CON MENOR DE CATORCE AÑOS. ART. 209 C.P.,CALI,Alfonso Bonilla Aragón,14,-76.479505,3.419142,DOMICILIO,2024,enero     ,1,1/1/2024,2,11:52,DENUNCIA,Nivel 3
DELITOS SEXUALES,ACCESO CARNAL ABUSIVO CON MENOR DE CATORCE AÑOS. ART. 208 C.P.,CALI,Mojica,15,-76.486255,3.41823,DOMICILIO,2024,enero     ,1,1/1/2024,2,00:00,DENUNCIA,Nivel 3
DELITOS SEXUALES,ACCESO CARNAL ABUSIVO CON MENOR DE CATORCE AÑOS. ART. 208 C.P.,CALI,Mojica,15,-76.487273,3.41354,DOMICILIO,2024,enero     ,1,1/1/2024,2,21:41,DENUNCIA,Nivel 3
DELITOS SEXUALES,ACCESO CARNAL ABUSIVO CON MENOR DE CATORCE AÑOS. ART. 208 C.P.,CALI,El Vallado,15,-76.49764,3.405691,DOMICILIO,2024,enero     ,2,1/2/2024,3,00:00,DENUNCIA,Nivel 3
DELITOS SEXUALES,ACCESO CARNAL ABUSIVO CON MENOR DE CATORCE AÑOS. ART. 208 C.P.,CALI,Terrón Colorado,01,-76.569977,3.456328,DOMICILIO,2024,enero     ,2,1/2/2024,3,10:00,DENUNCIA,Nivel 3
DELITOS SEXUALES,ACTO SEXUAL VIOLENTO CON MENOR DE CATORCE AÑOS ART. 209 C.P. ,CALI,Primitivo Crespo,08,-76.517072,3.438577,DOMICILIO,2024,enero     ,2,1/2/2024,3,00:02,DENUNCIA,Nivel 3
DELITOS SEXUALES,ACCESO CARNAL O ACTO SEXUAL EN PERSONA PUESTA EN INCAPACIDAD DE RESISTIR ART. 207,CALI,Sector Alto Jordán,18,-76.554695,3.3741,SIN INFORMACION,2024,enero     ,2,1/2/2024,3,15:10,DENUNCIA,Nivel 3
DELITOS SEXUALES,ACCESO CARNAL ABUSIVO CON MENOR DE CATORCE AÑOS. ART. 208 C.P.,CALI,Compartir,21,-76.462708,3.433604,DOMICILIO,2024,enero     ,2,1/2/2024,3,00:15,DENUNCIA,Nivel 3
DELITOS SEXUALES,ACCESO CARNAL ABUSIVO CON MENOR DE CATORCE AÑOS. ART. 208 C.P.,CALI,Pizamos I,21,-76.47442,3.402526,DOMICILIO,2024,enero     ,2,1/2/2024,3,17:00,DENUNCIA,Nivel 3
DELITOS SEXUALES,ACTO SEXUAL VIOLENTO. ART. 206 C.P.,CALI,El Retiro,15,-76.499515,3.411685,DOMICILIO,2024,enero     ,3,1/3/2024,4,03:00,DENUNCIA,Nivel 3
DELITOS SEXUALES,ACOSO SEXUAL ART. 210A C.P.  ADICIONADO LEY 1257 DE 2008,CALI,Santa Rosa,03,-76.53377,3.44772,SIN INFORMACION,2024,enero     ,3,1/3/2024,4,14:59,DENUNCIA,Nivel 3
DELITOS SEXUALES,ACTO SEXUAL VIOLENTO CON MENOR DE CATORCE AÑOS ART. 209 C.P. ,CALI,Colseguros Andes,10,-76.52937,3.42679,SIN INFORMACION,2024,enero     ,3,1/3/2024,4,19:44,DENUNCIA,Nivel 3
DELITOS SEXUALES,ACTOS SEXUALES CON MENOR DE CATORCE AÑOS. ART. 209 C.P.,CALI,El Vergel,13,-76.500771,3.411992,SIN INFORMACION,2024,enero     ,4,1/4/2024,5,21:00,DENUNCIA,Nivel 3
DELITOS SEXUALES,ACTO SEXUAL VIOLENTO CON MENOR DE CATORCE AÑOS ART. 209 C.P. ,CALI,Los Comuneros I,15,-76.490743,3.410928,SIN INFORMACION,2024,enero     ,4,1/4/2024,5,15:00,DENUNCIA,Nivel 3
DELITOS SEXUALES,ACTOS SEXUALES CON MENOR DE CATORCE AÑOS. ART. 209 C.P.,CALI,Antonio Nariño,16,-76.500966,3.411787,DOMICILIO,2024,enero     ,4,1/4/2024,5,16:00,DENUNCIA,Nivel 3
DELITOS SEXUALES,ACOSO SEXUAL ART. 210A ,CALI,Cañaveralejo - Seguros Patria,19,-76.543475,3.402867,SIN INFORMACION,2024,enero     ,4,1/4/2024,5,15:00,DENUNCIA,Nivel 3
DELITOS SEXUALES,ACTOS SEXUALES CON MENOR DE CATORCE AÑOS. ART. 209 C.P.,CALI,Ricardo Balcázar,13,-76.493186,3.433114,SIN INFORMACION,2024,enero     ,4,1/4/2024,5,00:00,DENUNCIA,Nivel 3
DELITOS SEXUALES,ACTOS SEXUALES CON MENOR DE CATORCE AÑOS. ART. 209 C.P.,CALI,Colseguros Andes,10,-76.52937,3.42679,SIN INFORMACION,2024,enero     ,5,1/5/2024,6,19:31,DENUNCIA,Nivel 3
DELITOS SEXUALES,ACTO SEXUAL VIOLENTO. ART. 206 C.P.,CALI,Colseguros Andes,10,-76.528883,3.426772,SIN INFORMACION,2024,enero     ,5,1/5/2024,6,18:01,DENUNCIA,Nivel 3
DELITOS SEXUALES,ACTOS SEXUALES CON MENOR DE CATORCE AÑOS. ART. 209 C.P.,CALI,Vista Hermosa,01,-76.577366,3.453718,DOMICILIO,2024,enero     ,6,1/6/2024,7,19:40,DENUNCIA,Nivel 3
DELITOS SEXUALES,ACOSO SEXUAL ART. 210A C.P.  ADICIONADO LEY 1257 DE 2008,CALI,Siloé,20,-76.556231,3.421725,SIN INFORMACION,2024,enero     ,6,1/6/2024,7,08:00,DENUNCIA,Nivel 3
DELITOS SEXUALES,ACTO SEXUAL VIOLENTO. ART. 206 C.P.,CALI,Ciudad Córdoba,15,-76.513406,3.394736,VIA PUBLICA,2024,enero     ,7,1/7/2024,1,09:30,DENUNCIA,Nivel 3
DELITOS SEXUALES,ACCESO CARNAL ABUSIVO CON MENOR DE CATORCE AÑOS. ART. 208 C.P.,CALI,Alto Nápoles,18,-76.559878,3.385825,DOMICILIO,2024,enero     ,7,1/7/2024,1,14:00,DENUNCIA,Nivel 3
DELITOS SEXUALES,ACCESO CARNAL O ACTO SEXUAL EN PERSONA PUESTA EN INCAPACIDAD DE RESISTIR ART. 207,CALI,Bochalema,81,-76.520959,3.354919,EDIFICIO,2024,enero     ,7,1/7/2024,1,03:00,DENUNCIA,Nivel 3
DELITOS SEXUALES,ACCESO CARNAL O ACTO SEXUAL EN PERSONA PUESTA EN INCAPACIDAD DE RESISTIR. ART. 207 C.P.,CALI,La Playa,17,-76.541985,3.374764,DOMICILIO,2024,enero     ,8,1/8/2024,2,23:15,DENUNCIA,Nivel 3
DELITOS SEXUALES,ACCESO CARNAL ABUSIVO CON MENOR DE CATORCE AÑOS. ART. 208 C.P.,CALI,Rural,Rural,-76.547675,3.487111,AREA RURAL,2024,enero     ,8,1/8/2024,2,16:31,DENUNCIA,Nivel 3
DELITOS SEXUALES,ACTO SEXUAL VIOLENTO. ART. 206 C.P.,CALI,Mariano Ramos,16,-76.513369,3.404382,DOMICILIO,2024,enero     ,8,1/8/2024,2,07:00,DENUNCIA,Nivel 3
DELITOS SEXUALES,ACTO SEXUAL VIOLENTO CON MENOR DE CATORCE AÑOS ART. 209 C.P. ,CALI,Compartir,21,-76.462784,3.43159,SIN INFORMACION,2024,enero     ,8,1/8/2024,2,18:00,DENUNCIA,Nivel 3
DELITOS SEXUALES,ACCESO CARNAL O ACTO SEXUAL ABUSIVOS CON INCAPAZ DE RESISTIR. ART. 210 C.P.,CALI,Junín,09,-76.52645,3.43402,SIN INFORMACION,2024,enero     ,9,1/9/2024,3,07:00,DENUNCIA,Nivel 3
DELITOS SEXUALES,ACTOS SEXUALES CON MENOR DE CATORCE AÑOS. ART. 209 C.P.,CALI,El Rodeo,12,-76.502045,3.436185,DOMICILIO,2024,enero     ,10,1/10/2024,4,14:00,DENUNCIA,Nivel 3
DELITOS SEXUALES,ACCESO CARNAL VIOLENTO. ART. 205 C.P.,CALI,Ciudadela Comfandi,17,-76.523501,3.385333,DOMICILIO,2024,enero     ,10,1/10/2024,4,17:00,DENUNCIA,Nivel 3
DELITOS SEXUALES,ACTOS SEXUALES CON MENOR DE CATORCE AÑOS. ART. 209 C.P.,CALI,Lili,17,-76.51973,3.371877,SIN INFORMACION,2024,enero     ,10,1/10/2024,4,14:58,DENUNCIA,Nivel 3
DELITOS SEXUALES,ACCESO CARNAL VIOLENTO. ART. 205 C.P.,CALI,Villa del Prado - El Guabito,05,-76.489831,3.466476,DOMICILIO,2024,enero     ,11,1/11/2024,5,03:00,DENUNCIA,Nivel 3
DELITOS SEXUALES,ACCESO CARNAL VIOLENTO. ART. 205 C.P.,CALI,El Rodeo,12,-76.504462,3.435935,VIA PUBLICA,2024,enero     ,11,1/11/2024,5,18:00,DENUNCIA,Nivel 3
DELITOS SEXUALES,ACTOS SEXUALES CON MENOR DE CATORCE AÑOS. ART. 209 C.P.,CALI,Calimio Desepaz,21,-76.468343,3.411513,SIN INFORMACION,2024,enero     ,11,1/11/2024,5,13:00,DENUNCIA,Nivel 3
DELITOS SEXUALES,ACCESO CARNAL VIOLENTO. ART. 205 C.P.,CALI,San Pedro,03,-76.530144,3.452649,SIN INFORMACION,2024,enero     ,11,1/11/2024,5,15:04,DENUNCIA,Nivel 3
DELITOS SEXUALES,ACCESO CARNAL VIOLENTO. ART. 205 C.P.,CALI,Colseguros Andes,10,-76.53064,3.42746,DOMICILIO,2024,enero     ,11,1/11/2024,5,02:00,DENUNCIA,Nivel 3
DELITOS SEXUALES,ACTOS SEXUALES CON MENOR DE CATORCE AÑOS. ART. 209 C.P.,CALI,Bretaña,09,-76.532218,3.43588,DOMICILIO,2024,enero     ,11,1/11/2024,5,02:30,DENUNCIA,Nivel 3
DELITOS SEXUALES,ACOSO SEXUAL ART. 210A ,CALI,Rural,Rural,-76.495265,3.362455,SIN INFORMACION,2024,enero     ,12,1/12/2024,6,23:05,DENUNCIA,Nivel 3
DELITOS SEXUALES,ACCESO CARNAL ABUSIVO CON MENOR DE CATORCE AÑOS. ART. 208 C.P.,CALI,San Cristóbal,10,-76.523478,3.433754,DOMICILIO,2024,enero     ,12,1/12/2024,6,19:00,DENUNCIA,Nivel 3
DELITOS SEXUALES,ACTO SEXUAL VIOLENTO. ART. 206 C.P.,CALI,El Morichal,15,-76.505909,3.392125,DOMICILIO,2024,enero     ,12,1/12/2024,6,08:30,DENUNCIA,Nivel 3
DELITOS SEXUALES,ACCESO CARNAL O ACTO SEXUAL EN PERSONA PUESTA EN INCAPACIDAD DE RESISTIR. ART. 207 C.P.,CALI,Planta de Tratamiento,21,-76.477232,3.440889,DOMICILIO,2024,enero     ,12,1/12/2024,6,00:00,DENUNCIA,Nivel 3
DELITOS SEXUALES,ACCESO CARNAL ABUSIVO CON MENOR DE CATORCE AÑOS. ART. 208 C.P.,CALI,Siloé,20,-76.557795,3.423139,SIN INFORMACION,2024,enero     ,12,1/12/2024,6,12:30,DENUNCIA,Nivel 3
DELITOS SEXUALES,ACTOS SEXUALES CON MENOR DE CATORCE AÑOS. ART. 209 C.P.,CALI,Parcelaciones Pance,22,-76.547635,3.348025,DOMICILIO,2024,enero     ,13,1/13/2024,7,23:40,DENUNCIA,Nivel 3
DELITOS SEXUALES,ACCESO CARNAL ABUSIVO CON MENOR DE CATORCE AÑOS. ART. 208 C.P.,CALI,El Vallado,15,-76.500814,3.407435,DOMICILIO,2024,enero     ,13,1/13/2024,7,20:00,DENUNCIA,Nivel 3
DELITOS SEXUALES,ACTO SEXUAL VIOLENTO. ART. 206 C.P.,CALI,San Fernando Nuevo,19,-76.543822,3.427877,SIN INFORMACION,2024,enero     ,13,1/13/2024,7,23:10,DENUNCIA,Nivel 3
DELITOS SEXUALES,ACTOS SEXUALES CON MENOR DE CATORCE AÑOS. ART. 209 C.P.,CALI,Potrero Grande,21,-76.46992,3.40646,SIN INFORMACION,2024,enero     ,14,1/14/2024,1,05:00,DENUNCIA,Nivel 3
DELITOS SEXUALES,ACTOS SEXUALES CON MENOR DE CATORCE AÑOS. ART. 209 C.P.,CALI,Aguablanca,11,-76.517048,3.432728,DOMICILIO,2024,enero     ,14,1/14/2024,1,12:00,DENUNCIA,Nivel 3
DELITOS SEXUALES,ACCESO CARNAL O ACTO SEXUAL ABUSIVOS CON INCAPAZ DE RESISTIR. ART. 210 C.P.,CALI,La Floresta,08,-76.512565,3.444173,SIN INFORMACION,2024,enero     ,14,1/14/2024,1,08:00,DENUNCIA,Nivel 3
DELITOS SEXUALES,ACCESO CARNAL ABUSIVO CON MENOR DE CATORCE AÑOS. ART. 208 C.P.,CALI,Los Robles,13,-76.493874,3.42231,SIN INFORMACION,2024,enero     ,15,1/15/2024,2,08:06,DENUNCIA,Nivel 3
DELITOS SEXUALES,ACTO SEXUAL VIOLENTO CON MENOR DE CATORCE AÑOS ART. 209 C.P. ,CALI,San Nicolás,03,-76.52839,3.45441,ESTABLECIMIENTO EDUCATIVO,2024,enero     ,15,1/15/2024,2,10:00,DENUNCIA,Nivel 3
DELITOS SEXUALES,ACOSO SEXUAL ART. 210A C.P.  ADICIONADO LEY 1257 DE 2008,CALI,Aguablanca,11,-76.519313,3.432329,DOMICILIO,2024,enero     ,15,1/15/2024,2,08:10,DENUNCIA,Nivel 3
DELITOS SEXUALES,ACTO SEXUAL VIOLENTO CON MENOR DE CATORCE AÑOS ART. 209 C.P. ,CALI,Los Comuneros I,15,-76.489685,3.41068,DOMICILIO,2024,enero     ,15,1/15/2024,2,16:00,DENUNCIA,Nivel 3
DELITOS SEXUALES,ACOSO SEXUAL ART. 210A C.P.  ADICIONADO LEY 1257 DE 2008,CALI,Brisas de Mayo,20,-76.565685,3.417695,DOMICILIO,2024,enero     ,16,1/16/2024,3,18:00,DENUNCIA,Nivel 3
DELITOS SEXUALES,ACTO SEXUAL VIOLENTO CON MENOR DE CATORCE AÑOS ART. 209 C.P. ,CALI,El Poblado II,13,-76.487946,3.419439,VIA PUBLICA,2024,enero     ,16,1/16/2024,3,10:00,DENUNCIA,Nivel 3
DELITOS SEXUALES,ACTOS SEXUALES CON MENOR DE CATORCE AÑOS. ART. 209 C.P.,CALI,Junín,09,-76.52645,3.43402,SIN INFORMACION,2024,enero     ,16,1/16/2024,3,20:00,DENUNCIA,Nivel 3
DELITOS SEXUALES,ACTOS SEXUALES CON MENOR DE CATORCE AÑOS. ART. 209 C.P.,CALI,Base Aérea,07,-76.488367,3.461917,DOMICILIO,2024,enero     ,17,1/17/2024,4,10:00,DENUNCIA,Nivel 3
DELITOS SEXUALES,ACTO SEXUAL VIOLENTO. ART. 206 C.P.,CALI,Porvenir,04,-76.513726,3.46002,SIN INFORMACION,2024,enero     ,18,1/18/2024,5,15:00,DENUNCIA,Nivel 3
DELITOS SEXUALES,ACTOS SEXUALES CON MENOR DE CATORCE AÑOS. ART. 209 C.P.,CALI,Meléndez,18,-76.546045,3.378085,DOMICILIO,2024,enero     ,18,1/18/2024,5,14:00,DENUNCIA,Nivel 3
DELITOS SEXUALES,ACCESO CARNAL O ACTO SEXUAL EN PERSONA PUESTA EN INCAPACIDAD DE RESISTIR. ART. 207 C.P.,CALI,Ciudad Campestre,22,-76.540955,3.371421,SIN INFORMACION,2024,enero     ,18,1/18/2024,5,17:00,DENUNCIA,Nivel 3
DELITOS SEXUALES,ACCESO CARNAL ABUSIVO CON MENOR DE CATORCE AÑOS. ART. 208 C.P.,CALI,Jorge Isaacs,04,-76.517515,3.45611,DOMICILIO,2024,enero     ,18,1/18/2024,5,13:00,DENUNCIA,Nivel 3
DELITOS SEXUALES,ACCESO CARNAL VIOLENTO. ART. 205 C.P.,CALI,Lili,17,-76.516175,3.376755,SIN INFORMACION,2024,enero     ,18,1/18/2024,5,22:33,DENUNCIA,Nivel 3
DELITOS SEXUALES,ACTO SEXUAL VIOLENTO CON MENOR DE CATORCE AÑOS ART. 209 C.P. ,CALI,La Independencia,11,-76.518657,3.418947,DOMICILIO,2024,enero     ,18,1/18/2024,5,02:46,DENUNCIA,Nivel 3
DELITOS SEXUALES,ACCESO CARNAL VIOLENTO. ART. 205 C.P.,CALI,Rural,Rural,-76.533382,3.486172,VEHICULO,2024,enero     ,19,1/19/2024,6,22:00,DENUNCIA,Nivel 3
DELITOS SEXUALES,ACOSO SEXUAL ART. 210A C.P.  ADICIONADO LEY 1257 DE 2008,CALI,Ciudadela Floralia,06,-76.492121,3.492407,SIN INFORMACION,2024,enero     ,19,1/19/2024,6,12:00,DENUNCIA,Nivel 3
DELITOS SEXUALES,ACCESO CARNAL VIOLENTO. ART. 205 C.P.,CALI,Ciudad Córdoba,15,-76.512725,3.394215,DOMICILIO,2024,enero     ,19,1/19/2024,6,12:30,DENUNCIA,Nivel 3
DELITOS SEXUALES,ACTO SEXUAL VIOLENTO. ART. 206 C.P.,CALI,Aguablanca,11,-76.518782,3.433984,DOMICILIO,2024,enero     ,19,1/19/2024,6,09:15,DENUNCIA,Nivel 3
DELITOS SEXUALES,PORNOGRAFIA CON MENORES ART. 218 C.P.,CALI,Alfonso Bonilla Aragón,14,-76.479934,3.418175,DOMICILIO,2024,enero     ,20,1/20/2024,7,14:00,DENUNCIA,Nivel 3
DELITOS SEXUALES,ACTOS SEXUALES CON MENOR DE CATORCE AÑOS. ART. 209 C.P.,CALI,La Floresta,08,-76.51224,3.44478,SIN INFORMACION,2024,enero     ,20,1/20/2024,7,15:00,DENUNCIA,Nivel 3
DELITOS SEXUALES,ACCESO CARNAL ABUSIVO CON MENOR DE CATORCE AÑOS. ART. 208 C.P.,CALI,Atanasio Girardot,08,-76.508525,3.442125,DOMICILIO,2024,enero     ,20,1/20/2024,7,17:00,DENUNCIA,Nivel 3
DELITOS SEXUALES,ACCESO CARNAL ABUSIVO CON MENOR DE CATORCE AÑOS. ART. 208 C.P.,CALI,Terrón Colorado,01,-76.554644,3.454791,DOMICILIO,2024,enero     ,20,1/20/2024,7,03:00,DENUNCIA,Nivel 3
DELITOS SEXUALES,ACCESO CARNAL ABUSIVO CON MENOR DE CATORCE AÑOS. ART. 208 C.P.,CALI,Rural,Rural,-76.65526,3.324353,HOTEL / HOSTAL,2024,enero     ,21,1/21/2024,1,00:00,DENUNCIA,Nivel 3
DELITOS SEXUALES,ACCESO CARNAL VIOLENTO. ART. 205 C.P.,CALI,Puerta del Sol,14,-76.471928,3.431191,DOMICILIO,2024,enero     ,21,1/21/2024,1,19:20,DENUNCIA,Nivel 3
DELITOS SEXUALES,ACTO SEXUAL VIOLENTO. ART. 206 C.P.,CALI,El Ingenio,17,-76.528563,3.38055,SIN INFORMACION,2024,enero     ,21,1/21/2024,1,14:36,DENUNCIA,Nivel 3
DELITOS SEXUALES,ACTOS SEXUALES CON MENOR DE CATORCE AÑOS. ART. 209 C.P.,CALI,El Vergel,13,-76.49933,3.412835,SIN INFORMACION,2024,enero     ,21,1/21/2024,1,01:59,DENUNCIA,Nivel 3
DELITOS SEXUALES,"ADIC.L.679/2001,ART.34.UTILIZAC.O FACILITAC.MEDIOS DE COMUNICAC.PARA OFRECER SERV.SEXUALES DE MENORES",CALI,Prados del Norte,02,-76.518104,3.471468,RED VIRTUAL O INTERNET,2024,enero     ,21,1/21/2024,1,19:30,DENUNCIA,Nivel 3
DELITOS SEXUALES,ACTO SEXUAL VIOLENTO CON MENOR DE CATORCE AÑOS ART. 209 C.P. ,CALI,Belalcázar,09,-76.521476,3.440313,DOMICILIO,2024,enero     ,22,1/22/2024,2,10:30,DENUNCIA,Nivel 3
DELITOS SEXUALES,ACOSO SEXUAL ART. 210A C.P.  ADICIONADO LEY 1257 DE 2008,CALI,Centenario,02,-76.539328,3.45145,SIN INFORMACION,2024,enero     ,22,1/22/2024,2,10:53,DENUNCIA,Nivel 3
DELITOS SEXUALES,ACTO SEXUAL VIOLENTO. ART. 206 C.P.,CALI,Villa del Sur,11,-76.51657,3.411499,VIA PUBLICA,2024,enero     ,22,1/22/2024,2,21:10,DENUNCIA,Nivel 3
DELITOS SEXUALES,ACOSO SEXUAL ART. 210A C.P.  ADICIONADO LEY 1257 DE 2008,CALI,Santander,04,-76.513023,3.466271,LUGAR DE TRABAJO,2024,enero     ,22,1/22/2024,2,09:00,DENUNCIA,Nivel 3
DELITOS SEXUALES,ACTOS SEXUALES CON MENOR DE CATORCE AÑOS. ART. 209 C.P.,CALI,Atanasio Girardot,08,-76.506957,3.445331,SIN INFORMACION,2024,enero     ,23,1/23/2024,3,20:03,DENUNCIA,Nivel 3
DELITOS SEXUALES,ACCESO CARNAL ABUSIVO CON MENOR DE CATORCE AÑOS. ART. 208 C.P.,CALI,Junín,09,-76.52645,3.43402,SIN INFORMACION,2024,enero     ,23,1/23/2024,3,21:10,DENUNCIA,Nivel 3
DELITOS SEXUALES,ACCESO CARNAL ABUSIVO CON MENOR DE CATORCE AÑOS. ART. 208 C.P.,CALI,Alfonso Bonilla Aragón,14,-76.483166,3.419237,DOMICILIO,2024,enero     ,23,1/23/2024,3,10:00,DENUNCIA,Nivel 3
DELITOS SEXUALES,ACTO SEXUAL VIOLENTO. ART. 206 C.P.,CALI,El Prado,11,-76.516325,3.435013,VEHICULO DE UBER,2024,enero     ,23,1/23/2024,3,19:40,DENUNCIA,Nivel 3
DELITOS SEXUALES,ACOSO SEXUAL ART. 210A C.P.  ADICIONADO LEY 1257 DE 2008,CALI,Junín,09,-76.52645,3.43402,SIN INFORMACION,2024,enero     ,23,1/23/2024,3,02:13,DENUNCIA,Nivel 3
DELITOS SEXUALES,ACTO SEXUAL VIOLENTO CON MENOR DE CATORCE AÑOS ART. 209 C.P. ,CALI,San Nicolás,03,-76.52714,3.450593,SIN INFORMACION,2024,enero     ,23,1/23/2024,3,01:20,DENUNCIA,Nivel 3
DELITOS SEXUALES,ACTOS SEXUALES CON MENOR DE CATORCE AÑOS. ART. 209 C.P.,CALI,Manuela Beltrán,14,-76.471575,3.420281,DOMICILIO,2024,enero     ,24,1/24/2024,4,00:00,DENUNCIA,Nivel 3
DELITOS SEXUALES,ACTOS SEXUALES CON MENOR DE CATORCE AÑOS. ART. 209 C.P.,CALI,El Morichal,15,-76.504273,3.394536,DOMICILIO,2024,enero     ,24,1/24/2024,4,14:20,DENUNCIA,Nivel 3
DELITOS SEXUALES,ACCESO CARNAL VIOLENTO. ART. 205 C.P.,CALI,San Pedro,03,-76.533131,3.449924,HOTEL / HOSTAL,2024,enero     ,24,1/24/2024,4,22:00,DENUNCIA,Nivel 3
DELITOS SEXUALES,PORNOGRAFIA CON MENORES ART. 218 C.P.,CALI,Nueva Floresta,12,-76.495208,3.436349,SIN INFORMACION,2024,enero     ,24,1/24/2024,4,18:10,DENUNCIA,Nivel 3
DELITOS SEXUALES,ACOSO SEXUAL ART. 210A C.P.  ADICIONADO LEY 1257 DE 2008,CALI,El Trébol,08,-76.494863,3.44446,ESTABLECIMIENTO EDUCATIVO,2024,enero     ,25,1/25/2024,5,10:00,DENUNCIA,Nivel 3
DELITOS SEXUALES,ACCESO CARNAL ABUSIVO CON MENOR DE CATORCE AÑOS. ART. 208 C.P.,CALI,Junín,09,-76.52645,3.43402,SIN INFORMACION,2024,enero     ,25,1/25/2024,5,19:18,DENUNCIA,Nivel 3
DELITOS SEXUALES,ACTO SEXUAL VIOLENTO. ART. 206 C.P.,CALI,Cuarteles de Nápoles,18,-76.544725,3.385275,SIN INFORMACION,2024,enero     ,25,1/25/2024,5,11:00,DENUNCIA,Nivel 3
DELITOS SEXUALES,ACOSO SEXUAL ART. 210A C.P.  ADICIONADO LEY 1257 DE 2008,CALI,Parcelaciones Pance,22,-76.537432,3.347754,SIN INFORMACION,2024,enero     ,25,1/25/2024,5,21:30,DENUNCIA,Nivel 3
DELITOS SEXUALES,ACCESO CARNAL O ACTO SEXUAL EN PERSONA PUESTA EN INCAPACIDAD DE RESISTIR. ART. 207 C.P.,CALI,Aguablanca,11,-76.517518,3.43296,DOMICILIO,2024,enero     ,25,1/25/2024,5,17:35,DENUNCIA,Nivel 3
DELITOS SEXUALES,ACOSO SEXUAL ART. 210A C.P.  ADICIONADO LEY 1257 DE 2008,CALI,San Antonio,03,-76.53761,3.44977,SIN INFORMACION,2024,enero     ,26,1/26/2024,6,17:30,DENUNCIA,Nivel 3
DELITOS SEXUALES,ACCESO CARNAL VIOLENTO. ART. 205 C.P.,CALI,El Lido,19,-76.550572,3.420084,ESTABLECIMIENTO CARCELARIO,2024,enero     ,27,1/27/2024,7,19:30,DENUNCIA,Nivel 3
DELITOS SEXUALES,ACTOS SEXUALES CON MENOR DE CATORCE AÑOS. ART. 209 C.P.,CALI,Siloé,20,-76.55586,3.42074,SIN INFORMACION,2024,enero     ,27,1/27/2024,7,08:00,DENUNCIA,Nivel 3
DELITOS SEXUALES,ACCESO CARNAL O ACTO SEXUAL ABUSIVOS CON INCAPAZ DE RESISTIR. ART. 210 C.P.,CALI,Rural,Rural,-76.562647,3.379371,DOMICILIO,2024,enero     ,27,1/27/2024,7,11:30,DENUNCIA,Nivel 3
DELITOS SEXUALES,ACCESO CARNAL O ACTO SEXUAL ABUSIVOS CON INCAPAZ DE RESISTIR. ART. 210 C.P.,CALI,Rural,Rural,-76.55847,3.3635,SIN INFORMACION,2024,enero     ,27,1/27/2024,7,16:30,DENUNCIA,Nivel 3
DELITOS SEXUALES,ACCESO CARNAL VIOLENTO. ART. 205 C.P.,CALI,Meléndez,18,-76.543828,3.378575,DOMICILIO,2024,enero     ,27,1/27/2024,7,15:24,DENUNCIA,Nivel 3
DELITOS SEXUALES,ACTO SEXUAL VIOLENTO CON MENOR DE CATORCE AÑOS ART. 209 C.P. ,CALI,El Poblado II,13,-76.488551,3.423517,SIN INFORMACION,2024,enero     ,28,1/28/2024,1,19:00,DENUNCIA,Nivel 3
DELITOS SEXUALES,ACCESO CARNAL ABUSIVO CON MENOR DE CATORCE AÑOS. ART. 208 C.P.,CALI,Junín,09,-76.52645,3.43402,SIN INFORMACION,2024,enero     ,29,1/29/2024,2,18:35,DENUNCIA,Nivel 3
DELITOS SEXUALES,ACCESO CARNAL ABUSIVO CON MENOR DE CATORCE AÑOS. ART. 208 C.P.,CALI,Los Comuneros I,15,-76.49308,3.41035,DOMICILIO,2024,enero     ,29,1/29/2024,2,18:00,DENUNCIA,Nivel 3
DELITOS SEXUALES,ACOSO SEXUAL ART. 210A C.P.  ADICIONADO LEY 1257 DE 2008,CALI,Sector Alto de los Chorros,18,-76.557533,3.39295,DOMICILIO,2024,enero     ,29,1/29/2024,2,15:47,DENUNCIA,Nivel 3
DELITOS SEXUALES,ACTOS SEXUALES CON MENOR DE CATORCE AÑOS. ART. 209 C.P.,CALI,Mayapan - Las Vegas,17,-76.543082,3.382087,DOMICILIO,2024,enero     ,29,1/29/2024,2,16:00,DENUNCIA,Nivel 3
DELITOS SEXUALES,ACTO SEXUAL VIOLENTO. ART. 206 C.P.,CALI,Pizamos I,21,-76.475844,3.40245,DOMICILIO,2024,enero     ,29,1/29/2024,2,15:30,DENUNCIA,Nivel 3
DELITOS SEXUALES,ACOSO SEXUAL ART. 210A C.P.  ADICIONADO LEY 1257 DE 2008,CALI,Junín,09,-76.52645,3.43402,SIN INFORMACION,2024,enero     ,29,1/29/2024,2,11:05,DENUNCIA,Nivel 3
DELITOS SEXUALES,ACTO SEXUAL VIOLENTO. ART. 206 C.P.,CALI,El Guayabal 2,81,-76.513313,3.36112,ESTABLECIMIENTO CARCELARIO,2024,enero     ,29,1/29/2024,2,07:00,DENUNCIA,Nivel 3
DELITOS SEXUALES,ACCESO CARNAL ABUSIVO CON MENOR DE CATORCE AÑOS. ART. 208 C.P.,CALI,Parcelaciones Pance,22,-76.533676,3.350502,OTRO,2024,enero     ,29,1/29/2024,2,18:03,DENUNCIA,Nivel 3
DELITOS SEXUALES,ACCESO CARNAL ABUSIVO CON MENOR DE CATORCE AÑOS. ART. 208 C.P.,CALI,Los Guayacanes,05,-76.492601,3.472262,DOMICILIO,2024,enero     ,30,1/30/2024,3,00:00,DENUNCIA,Nivel 3
DELITOS SEXUALES,ACCESO CARNAL ABUSIVO CON MENOR DE CATORCE AÑOS. ART. 208 C.P.,CALI,Rural,Rural,-76.550474,3.483044,DOMICILIO,2024,enero     ,30,1/30/2024,3,20:30,DENUNCIA,Nivel 3
DELITOS SEXUALES,ACOSO SEXUAL ART. 210A C.P.  ADICIONADO LEY 1257 DE 2008,CALI,Ciudadela Floralia,06,-76.491512,3.499541,DOMICILIO,2024,enero     ,30,1/30/2024,3,11:42,DENUNCIA,Nivel 3
DELITOS SEXUALES,ACCESO CARNAL ABUSIVO CON MENOR DE CATORCE AÑOS. ART. 208 C.P.,CALI,San Pedro,03,-76.533109,3.450237,DOMICILIO,2024,enero     ,30,1/30/2024,3,01:00,DENUNCIA,Nivel 3
DELITOS SEXUALES,ACCESO CARNAL ABUSIVO CON MENOR DE CATORCE AÑOS. ART. 208 C.P.,CALI,El Vallado,15,-76.498546,3.405257,DOMICILIO,2024,enero     ,30,1/30/2024,3,09:00,DENUNCIA,Nivel 3
DELITOS SEXUALES,ACCESO CARNAL VIOLENTO. ART. 205 C.P.,CALI,Prados del Norte,02,-76.521018,3.471608,DOMICILIO,2024,enero     ,30,1/30/2024,3,23:50,DENUNCIA,Nivel 3
DELITOS SEXUALES,ACOSO SEXUAL ART. 210A C.P.  ADICIONADO LEY 1257 DE 2008,CALI,Chiminangos I,05,-76.491145,3.477326,SIN INFORMACION,2024,enero     ,31,1/31/2024,4,13:29,DENUNCIA,Nivel 3
DELITOS SEXUALES,ACOSO SEXUAL ART. 210A C.P.  ADICIONADO LEY 1257 DE 2008,CALI,El Poblado II,13,-76.49072,3.42223,TRANSPORTE MASIVO,2024,enero     ,31,1/31/2024,4,11:10,DENUNCIA,Nivel 3
DELITOS SEXUALES,ACTOS SEXUALES CON MENOR DE CATORCE AÑOS. ART. 209 C.P.,CALI,Rural,Rural,-76.566985,3.42037,AREA RURAL,2024,enero     ,31,1/31/2024,4,12:00,DENUNCIA,Nivel 3
DELITOS SEXUALES,ACCESO CARNAL O ACTO SEXUAL EN PERSONA PUESTA EN INCAPACIDAD DE RESISTIR. ART. 207 C.P.,CALI,Parcelaciones Pance,22,-76.529919,3.35056,DOMICILIO,2024,enero     ,31,1/31/2024,4,21:00,DENUNCIA,Nivel 3
DELITOS SEXUALES,ACTO SEXUAL VIOLENTO CON MENOR DE CATORCE AÑOS ART. 209 C.P. ,CALI,Alfonso Lopez P. 1a Etapa,07,-76.47724,3.465293,DOMICILIO,2024,febrero   ,1,2/1/2024,5,11:00,DENUNCIA,Nivel 3
DELITOS SEXUALES,ACCESO CARNAL ABUSIVO CON MENOR DE CATORCE AÑOS. ART. 208 C.P.,CALI,Desepaz Invicali,21,-76.462271,3.428296,DOMICILIO,2024,febrero   ,1,2/1/2024,5,00:00,DENUNCIA,Nivel 3
DELITOS SEXUALES,ACTOS SEXUALES CON MENOR DE CATORCE AÑOS. ART. 209 C.P.,CALI,La Libertad,10,-76.524161,3.424505,DOMICILIO,2024,febrero   ,1,2/1/2024,5,15:30,DENUNCIA,Nivel 3
DELITOS SEXUALES,ACCESO CARNAL ABUSIVO CON MENOR DE CATORCE AÑOS. ART. 208 C.P.,CALI,El Pondaje,13,-76.497579,3.430054,DOMICILIO,2024,febrero   ,1,2/1/2024,5,15:28,DENUNCIA,Nivel 3
DELITOS SEXUALES,PROXENETISMO CON MENOR DE EDAD ART. 213A C.P.,CALI,Aguacatal,01,-76.556327,3.457849,SIN INFORMACION,2024,febrero   ,1,2/1/2024,5,15:00,DENUNCIA,Nivel 3
DELITOS SEXUALES,ACCESO CARNAL VIOLENTO. ART. 205 C.P.,CALI,Parcelaciones Pance,22,-76.534283,3.347242,SIN INFORMACION,2024,febrero   ,1,2/1/2024,5,02:00,DENUNCIA,Nivel 3
DELITOS SEXUALES,ACCESO CARNAL VIOLENTO. ART. 205 C.P.,CALI,Compartir,21,-76.463003,3.431813,DOMICILIO,2024,febrero   ,1,2/1/2024,5,11:06,DENUNCIA,Nivel 3
DELITOS SEXUALES,PROXENETISMO CON MENOR DE EDAD ART. 213A C.P.,CALI,El Hoyo,03,-76.52728,3.457024,DOMICILIO,2024,febrero   ,1,2/1/2024,5,00:00,DENUNCIA,Nivel 3
DELITOS SEXUALES,ACTO SEXUAL VIOLENTO CON MENOR DE CATORCE AÑOS ART. 209 C.P. ,CALI,Alfonso Lopez P. 2a Etapa,07,-76.482483,3.458604,SIN INFORMACION,2024,febrero   ,2,2/2/2024,6,13:47,DENUNCIA,Nivel 3
DELITOS SEXUALES,ACTOS SEXUALES CON MENOR DE CATORCE AÑOS. ART. 209 C.P.,CALI,El Retiro,15,-76.498757,3.409829,DOMICILIO,2024,febrero   ,3,2/3/2024,7,07:48,DENUNCIA,Nivel 3
DELITOS SEXUALES,ACTOS SEXUALES CON MENOR DE CATORCE AÑOS. ART. 209 C.P.,CALI,Sindical,12,-76.50258,3.430968,DOMICILIO,2024,febrero   ,3,2/3/2024,7,16:00,DENUNCIA,Nivel 3
DELITOS SEXUALES,ACTOS SEXUALES CON MENOR DE CATORCE AÑOS. ART. 209 C.P.,CALI,El Cortijo,20,-76.559087,3.416777,DOMICILIO,2024,febrero   ,3,2/3/2024,7,18:51,DENUNCIA,Nivel 3
DELITOS SEXUALES,ACTO SEXUAL VIOLENTO CON MENOR DE CATORCE AÑOS ART. 209 C.P. ,CALI,Sector Alto Jordán,18,-76.557174,3.378956,FINCA,2024,febrero   ,3,2/3/2024,7,20:00,DENUNCIA,Nivel 3
DELITOS SEXUALES,ACTO SEXUAL VIOLENTO. ART. 206 C.P.,CALI,Urbanización San Joaquin,17,-76.52621,3.372621,SIN INFORMACION,2024,febrero   ,4,2/4/2024,1,06:54,DENUNCIA,Nivel 3
DELITOS SEXUALES,ACCESO CARNAL VIOLENTO. ART. 205 C.P.,CALI,Metropolitano del Norte,05,-76.490569,3.478833,DOMICILIO,2024,febrero   ,4,2/4/2024,1,00:00,DENUNCIA,Nivel 3
DELITOS SEXUALES,ACTO SEXUAL VIOLENTO. ART. 206 C.P.,CALI,Rural,Rural,-76.54196,3.45731,SIN INFORMACION,2024,febrero   ,4,2/4/2024,1,09:00,DENUNCIA,Nivel 3
DELITOS SEXUALES,ACOSO SEXUAL ART. 210A C.P.  ADICIONADO LEY 1257 DE 2008,CALI,San Judas Tadeo I,10,-76.524735,3.408224,SIN INFORMACION,2024,febrero   ,4,2/4/2024,1,14:47,DENUNCIA,Nivel 3
DELITOS SEXUALES,ACCESO CARNAL VIOLENTO. ART. 205 C.P.,CALI,Ciudadela Comfandi,17,-76.522586,3.385414,DOMICILIO,2024,febrero   ,4,2/4/2024,1,07:37,DENUNCIA,Nivel 3
DELITOS SEXUALES,ACOSO SEXUAL ART. 210A C.P.  ADICIONADO LEY 1257 DE 2008,CALI,Ciudadela Floralia,06,-76.49425,3.49908,SIN INFORMACION,2024,febrero   ,4,2/4/2024,1,08:43,DENUNCIA,Nivel 3
DELITOS SEXUALES,ACOSO SEXUAL ART. 210A C.P.  ADICIONADO LEY 1257 DE 2008,CALI,Urbanización San Joaquin,17,-76.525952,3.371038,SIN INFORMACION,2024,febrero   ,4,2/4/2024,1,19:06,DENUNCIA,Nivel 3
DELITOS SEXUALES,ACOSO SEXUAL ART. 210A C.P.  ADICIONADO LEY 1257 DE 2008,CALI,Guayaquil,09,-76.524955,3.437425,SIN INFORMACION,2024,febrero   ,4,2/4/2024,1,23:00,DENUNCIA,Nivel 3
DELITOS SEXUALES,ACOSO SEXUAL ART. 210A C.P.  ADICIONADO LEY 1257 DE 2008,CALI,La Flora,02,-76.524724,3.475311,ENTIDAD PUBLICA / ESTATAL,2024,febrero   ,6,2/6/2024,3,08:00,DENUNCIA,Nivel 3
DELITOS SEXUALES,ACCESO CARNAL ABUSIVO CON MENOR DE CATORCE AÑOS. ART. 208 C.P.,CALI,Los Comuneros II,13,-76.492712,3.425653,SIN INFORMACION,2024,febrero   ,6,2/6/2024,3,13:24,DENUNCIA,Nivel 3
DELITOS SEXUALES,ACCESO CARNAL VIOLENTO. ART. 205 C.P.,CALI,José Manuel Marroquín II,14,-76.478454,3.429539,SIN INFORMACION,2024,febrero   ,6,2/6/2024,3,22:00,DENUNCIA,Nivel 3
DELITOS SEXUALES,ACCESO CARNAL VIOLENTO. ART. 205 C.P.,CALI,José Manuel Marroquín II,14,-76.480445,3.429387,DOMICILIO,2024,febrero   ,7,2/7/2024,4,15:29,DENUNCIA,Nivel 3
DELITOS SEXUALES,ACCESO CARNAL ABUSIVO CON MENOR DE CATORCE AÑOS. ART. 208 C.P.,CALI,Los Comuneros I,15,-76.491974,3.411414,DOMICILIO,2024,febrero   ,7,2/7/2024,4,14:17,DENUNCIA,Nivel 3
DELITOS SEXUALES,ACTO SEXUAL VIOLENTO CON MENOR DE CATORCE AÑOS ART. 209 C.P. ,CALI,El Retiro,15,-76.498737,3.412922,DOMICILIO,2024,febrero   ,7,2/7/2024,4,13:52,DENUNCIA,Nivel 3
DELITOS SEXUALES,ACTOS SEXUALES CON MENOR DE CATORCE AÑOS. ART. 209 C.P.,CALI,Julio Rincón,12,-76.501242,3.427524,DOMICILIO,2024,febrero   ,7,2/7/2024,4,00:00,DENUNCIA,Nivel 3
DELITOS SEXUALES,PORNOGRAFIA CON MENORES ART. 218 C.P.,CALI,Villa del Prado - El Guabito,05,-76.49455,3.46524,DOMICILIO,2024,febrero   ,8,2/8/2024,5,13:00,DENUNCIA,Nivel 3
DELITOS SEXUALES,ACCESO CARNAL O ACTO SEXUAL ABUSIVOS CON INCAPAZ DE RESISTIR. ART. 210 C.P.,CALI,Ciudadela Floralia,06,-76.491462,3.492728,DOMICILIO,2024,febrero   ,8,2/8/2024,5,16:00,DENUNCIA,Nivel 3
DELITOS SEXUALES,ACCESO CARNAL VIOLENTO. ART. 205 C.P. ,CALI,El Morichal,15,-76.507856,3.396434,SIN INFORMACION,2024,febrero   ,8,2/8/2024,5,01:00,DENUNCIA,Nivel 3
DELITOS SEXUALES,ACCESO CARNAL ABUSIVO CON MENOR DE CATORCE AÑOS. ART. 208 C.P.,CALI,Nueva Floresta,12,-76.495232,3.437102,DOMICILIO,2024,febrero   ,8,2/8/2024,5,00:00,DENUNCIA,Nivel 3
DELITOS SEXUALES,ACTOS SEXUALES CON MENOR DE CATORCE AÑOS. ART. 209 C.P.,CALI,Mojica,15,-76.485765,3.415166,SIN INFORMACION,2024,febrero   ,9,2/9/2024,6,20:00,DENUNCIA,Nivel 3
DELITOS SEXUALES,ACCESO CARNAL ABUSIVO CON MENOR DE CATORCE AÑOS. ART. 208 C.P.,CALI,Caney,17,-76.52136,3.38063,DOMICILIO,2024,febrero   ,9,2/9/2024,6,16:54,DENUNCIA,Nivel 3
DELITOS SEXUALES,ACTO SEXUAL VIOLENTO CON MENOR DE CATORCE AÑOS ART. 209 C.P. ,CALI,Ciudadela Floralia,06,-76.491617,3.492825,EDIFICIO,2024,febrero   ,9,2/9/2024,6,05:00,DENUNCIA,Nivel 3
DELITOS SEXUALES,ACTOS SEXUALES CON MENOR DE CATORCE AÑOS. ART. 209 C.P.,CALI,Los Comuneros I,15,-76.492662,3.412768,VIA PUBLICA,2024,febrero   ,10,2/10/2024,7,22:00,DENUNCIA,Nivel 3
DELITOS SEXUALES,ACCESO CARNAL ABUSIVO CON MENOR DE CATORCE AÑOS. ART. 208 C.P.,CALI,Chiminangos II,05,-76.492875,3.478975,DOMICILIO,2024,febrero   ,10,2/10/2024,7,00:00,DENUNCIA,Nivel 3
DELITOS SEXUALES,ACOSO SEXUAL ART. 210A C.P.  ADICIONADO LEY 1257 DE 2008,CALI,Los Parques Barranquilla,05,-76.496655,3.475383,SIN INFORMACION,2024,febrero   ,10,2/10/2024,7,23:00,DENUNCIA,Nivel 3
DELITOS SEXUALES,ACCESO CARNAL VIOLENTO. ART. 205 C.P.,CALI,Junín,09,-76.52645,3.43402,SIN INFORMACION,2024,febrero   ,11,2/11/2024,1,21:03,DENUNCIA,Nivel 3
DELITOS SEXUALES,ACCESO CARNAL VIOLENTO. ART. 205 C.P.,CALI,Paso del Comercio,06,-76.48336,3.49289,SIN INFORMACION,2024,febrero   ,11,2/11/2024,1,18:00,DENUNCIA,Nivel 3
DELITOS SEXUALES,ACCESO CARNAL VIOLENTO. ART. 205 C.P.,CALI,Las Acacias,10,-76.520193,3.433139,VIA PUBLICA,2024,febrero   ,11,2/11/2024,1,13:00,DENUNCIA,Nivel 3
DELITOS SEXUALES,ACTO SEXUAL VIOLENTO CON MENOR DE CATORCE AÑOS ART. 209 C.P. ,CALI,Fepicol,07,-76.485145,3.464917,SIN INFORMACION,2024,febrero   ,11,2/11/2024,1,03:00,DENUNCIA,Nivel 3
DELITOS SEXUALES,ACCESO CARNAL ABUSIVO CON MENOR DE CATORCE AÑOS. ART. 208 C.P.,CALI,Rural,Rural,-76.565324,3.409337,SIN INFORMACION,2024,febrero   ,12,2/12/2024,2,18:46,DENUNCIA,Nivel 3
DELITOS SEXUALES,PORNOGRAFIA CON MENORES ART. 218 C.P.,CALI,Parcelaciones Pance,22,-76.537334,3.342904,ESTABLECIMIENTO EDUCATIVO,2024,febrero   ,12,2/12/2024,2,09:00,DENUNCIA,Nivel 3
DELITOS SEXUALES,ACCESO CARNAL VIOLENTO. ART. 205 C.P.,CALI,Los Pinos,07,-76.48489,3.456261,SIN INFORMACION,2024,febrero   ,12,2/12/2024,2,15:17,DENUNCIA,Nivel 3
DELITOS SEXUALES,ACCESO CARNAL ABUSIVO CON MENOR DE CATORCE AÑOS. ART. 208 C.P.,CALI,Francisco Eladio Ramírez,18,-76.549648,3.388772,DOMICILIO,2024,febrero   ,13,2/13/2024,3,15:09,DENUNCIA,Nivel 3
DELITOS SEXUALES,ACCESO CARNAL ABUSIVO CON MENOR DE CATORCE AÑOS. ART. 208 C.P.,CALI,Bretaña,09,-76.530666,3.438745,DOMICILIO,2024,febrero   ,13,2/13/2024,3,00:00,DENUNCIA,Nivel 3
DELITOS SEXUALES,ACTO SEXUAL VIOLENTO. ART. 206 C.P.,CALI,Aguablanca,11,-76.518532,3.431979,OTRO,2024,febrero   ,13,2/13/2024,3,14:02,DENUNCIA,Nivel 3
DELITOS SEXUALES,ACOSO SEXUAL ART. 210A C.P.  ADICIONADO LEY 1257 DE 2008,CALI,Santa Elena,10,-76.52314,3.42749,ESTABLECIMIENTO EDUCATIVO,2024,febrero   ,13,2/13/2024,3,13:00,DENUNCIA,Nivel 3
DELITOS SEXUALES,ACCESO CARNAL VIOLENTO. ART. 205 C.P.,CALI,Siete de Agosto,07,-76.485617,3.448217,DOMICILIO,2024,febrero   ,13,2/13/2024,3,06:00,DENUNCIA,Nivel 3
DELITOS SEXUALES,ACCESO CARNAL VIOLENTO. ART. 205 C.P.,CALI,Alfonso Lopez P. 3a Etapa,07,-76.482965,3.451745,VIA PUBLICA,2024,febrero   ,13,2/13/2024,3,23:00,DENUNCIA,Nivel 3
DELITOS SEXUALES,ACCESO CARNAL ABUSIVO CON MENOR DE CATORCE AÑOS. ART. 208 C.P.,CALI,Villa del Lago,13,-76.489642,3.437574,DOMICILIO,2024,febrero   ,13,2/13/2024,3,17:24,DENUNCIA,Nivel 3
DELITOS SEXUALES,ACOSO SEXUAL ART. 210A C.P.  ADICIONADO LEY 1257 DE 2008,CALI,El Lido,19,-76.550508,3.419278,SIN INFORMACION,2024,febrero   ,14,2/14/2024,4,11:00,DENUNCIA,Nivel 3
DELITOS SEXUALES,ACOSO SEXUAL ART. 210A C.P.  ADICIONADO LEY 1257 DE 2008,CALI,Alfonso Lopez P. 1a Etapa,07,-76.479116,3.465763,DOMICILIO,2024,febrero   ,14,2/14/2024,4,08:30,DENUNCIA,Nivel 3
DELITOS SEXUALES,ACCESO CARNAL ABUSIVO CON MENOR DE CATORCE AÑOS. ART. 208 C.P.,CALI,Rural,Rural,-76.575028,3.429015,DOMICILIO,2024,febrero   ,14,2/14/2024,4,10:33,DENUNCIA,Nivel 3
DELITOS SEXUALES,ACCESO CARNAL VIOLENTO. ART. 205 C.P.,CALI,Los Comuneros I,15,-76.49308,3.41035,DOMICILIO,2024,febrero   ,14,2/14/2024,4,21:30,DENUNCIA,Nivel 3
DELITOS SEXUALES,ACCESO CARNAL VIOLENTO. ART. 205 C.P.,CALI,Parcelaciones Pance,22,-76.5274,3.343451,ESTABLECIMIENTO EDUCATIVO,2024,febrero   ,14,2/14/2024,4,14:00,DENUNCIA,Nivel 3
DELITOS SEXUALES,ACTOS SEXUALES CON MENOR DE CATORCE AÑOS. ART. 209 C.P.,CALI,Pueblo Joven,20,-76.56539,3.41651,SIN INFORMACION,2024,febrero   ,14,2/14/2024,4,11:00,DENUNCIA,Nivel 3
DELITOS SEXUALES,ACTO SEXUAL VIOLENTO. ART. 206 C.P.,CALI,Sector Alto de los Chorros,18,-76.557945,3.392525,ESTABLECIMIENTO EDUCATIVO,2024,febrero   ,14,2/14/2024,4,11:55,DENUNCIA,Nivel 3
DELITOS SEXUALES,ACTO SEXUAL VIOLENTO CON MENOR DE CATORCE AÑOS ART. 209 C.P. ,CALI,Rural,Rural,-76.537127,3.315665,ESTABLECIMIENTO EDUCATIVO,2024,febrero   ,14,2/14/2024,4,08:00,DENUNCIA,Nivel 3
DELITOS SEXUALES,ACTOS SEXUALES CON MENOR DE CATORCE AÑOS. ART. 209 C.P.,CALI,Potrero Grande,21,-76.471941,3.406097,DOMICILIO,2024,febrero   ,14,2/14/2024,4,11:20,DENUNCIA,Nivel 3
DELITOS SEXUALES,ACCESO CARNAL ABUSIVO CON MENOR DE CATORCE AÑOS. ART. 208 C.P.,CALI,San Pedro,03,-76.53309,3.4497,SIN INFORMACION,2024,febrero   ,15,2/15/2024,5,13:41,DENUNCIA,Nivel 3
DELITOS SEXUALES,PORNOGRAFIA CON MENORES ART. 218 C.P.,CALI,Sector Alto de los Chorros,18,-76.55703,3.393085,EDIFICIO,2024,febrero   ,15,2/15/2024,5,10:31,DENUNCIA,Nivel 3
DELITOS SEXUALES,ACTO SEXUAL VIOLENTO. ART. 206 C.P.,CALI,Rural,Rural,-76.583959,3.520773,VIA PUBLICA,2024,febrero   ,15,2/15/2024,5,23:00,DENUNCIA,Nivel 3
DELITOS SEXUALES,ACTO SEXUAL VIOLENTO CON MENOR DE CATORCE AÑOS ART. 209 C.P. ,CALI,José Manuel Marroquín II,14,-76.482821,3.435787,DOMICILIO,2024,febrero   ,15,2/15/2024,5,16:47,DENUNCIA,Nivel 3
DELITOS SEXUALES,ACOSO SEXUAL ART. 210A C.P.  ADICIONADO LEY 1257 DE 2008,CALI,Lleras Restrepo,13,-76.494168,3.436491,SIN INFORMACION,2024,febrero   ,16,2/16/2024,6,08:40,DENUNCIA,Nivel 3
DELITOS SEXUALES,PORNOGRAFIA CON MENORES ART. 218 C.P.,CALI,Los Comuneros I,15,-76.49183,3.41113,SIN INFORMACION,2024,febrero   ,16,2/16/2024,6,15:00,DENUNCIA,Nivel 3
DELITOS SEXUALES,ACTOS SEXUALES CON MENOR DE CATORCE AÑOS. ART. 209 C.P.,CALI,El Morichal,15,-76.508485,3.38923,DOMICILIO,2024,febrero   ,16,2/16/2024,6,10:24,DENUNCIA,Nivel 3
DELITOS SEXUALES,ACTOS SEXUALES CON MENOR DE CATORCE AÑOS. ART. 209 C.P.,CALI,Torres de Comfandi,05,-76.50147,3.47863,DOMICILIO,2024,febrero   ,16,2/16/2024,6,22:50,DENUNCIA,Nivel 3
DELITOS SEXUALES,ACTO SEXUAL VIOLENTO CON MENOR DE CATORCE AÑOS ART. 209 C.P. ,CALI,Omar Torrijos,13,-76.488692,3.424169,DOMICILIO,2024,febrero   ,16,2/16/2024,6,09:20,DENUNCIA,Nivel 3
DELITOS SEXUALES,ACCESO CARNAL ABUSIVO CON MENOR DE CATORCE AÑOS. ART. 208 C.P.,CALI,El Vergel,13,-76.49954,3.414205,DOMICILIO,2024,febrero   ,18,2/18/2024,1,14:30,DENUNCIA,Nivel 3
DELITOS SEXUALES,ACTO SEXUAL VIOLENTO. ART. 206 C.P.,CALI,Lili,17,-76.519923,3.37192,SIN INFORMACION,2024,febrero   ,18,2/18/2024,1,07:52,DENUNCIA,Nivel 3
DELITOS SEXUALES,ACCESO CARNAL VIOLENTO. ART. 205 C.P.,CALI,Mariano Ramos,16,-76.51548,3.40655,HOTEL / HOSTAL,2024,febrero   ,19,2/19/2024,2,18:00,DENUNCIA,Nivel 3
DELITOS SEXUALES,ACCESO CARNAL O ACTO SEXUAL EN PERSONA PUESTA EN INCAPACIDAD DE RESISTIR. ART. 207 C.P.,CALI,Simón Bolívar,08,-76.516894,3.442552,DOMICILIO,2024,febrero   ,19,2/19/2024,2,03:50,DENUNCIA,Nivel 3
DELITOS SEXUALES,ACCESO CARNAL VIOLENTO. ART. 205 C.P.,CALI,El Sena,05,-76.502272,3.463278,DOMICILIO,2024,febrero   ,19,2/19/2024,2,02:30,DENUNCIA,Nivel 3
DELITOS SEXUALES,PORNOGRAFIA CON MENORES ART. 218 C.P.,CALI,Ciudad 2000,16,-76.51995,3.397185,RED VIRTUAL O INTERNET,2024,febrero   ,19,2/19/2024,2,08:30,DENUNCIA,Nivel 3
DELITOS SEXUALES,ACTO SEXUAL VIOLENTO. ART. 206 C.P.,CALI,Centenario,02,-76.53726,3.4544,VEHICULO TAXI,2024,febrero   ,20,2/20/2024,3,20:30,DENUNCIA,Nivel 3
DELITOS SEXUALES,ACCESO CARNAL VIOLENTO. ART. 205 C.P.,CALI,Ciudad Capri,17,-76.54436,3.391145,DOMICILIO,2024,febrero   ,20,2/20/2024,3,03:00,DENUNCIA,Nivel 3
DELITOS SEXUALES,ACOSO SEXUAL ART. 210A C.P.  ADICIONADO LEY 1257 DE 2008,CALI,El Jardín,11,-76.516044,3.427632,SIN INFORMACION,2024,febrero   ,20,2/20/2024,3,09:43,DENUNCIA,Nivel 3
DELITOS SEXUALES,ACCESO CARNAL VIOLENTO. ART. 205 C.P.,CALI,El Jardín,11,-76.516586,3.427438,DOMICILIO,2024,febrero   ,20,2/20/2024,3,00:00,DENUNCIA,Nivel 3
DELITOS SEXUALES,ACTO SEXUAL VIOLENTO. ART. 206 C.P.,CALI,Los Comuneros II,13,-76.491138,3.425628,SIN INFORMACION,2024,febrero   ,20,2/20/2024,3,10:34,DENUNCIA,Nivel 3
DELITOS SEXUALES,ACCESO CARNAL ABUSIVO CON MENOR DE CATORCE AÑOS. ART. 208 C.P.,CALI,Manuela Beltrán,14,-76.474243,3.417838,DOMICILIO,2024,febrero   ,21,2/21/2024,4,00:06,DENUNCIA,Nivel 3
DELITOS SEXUALES,ACCESO CARNAL VIOLENTO. ART. 205 C.P.,CALI,El Jordán,18,-76.54963,3.37453,DOMICILIO,2024,febrero   ,21,2/21/2024,4,00:00,DENUNCIA,Nivel 3
DELITOS SEXUALES,ACCESO CARNAL ABUSIVO CON MENOR DE CATORCE AÑOS. ART. 208 C.P.,CALI,Manzanares,04,-76.509803,3.46841,DOMICILIO,2024,febrero   ,21,2/21/2024,4,10:00,DENUNCIA,Nivel 3
DELITOS SEXUALES,ACCESO CARNAL ABUSIVO CON MENOR DE CATORCE AÑOS. ART. 208 C.P.,CALI,Unión de Vivienda Popular,16,-76.507931,3.406577,DOMICILIO,2024,febrero   ,22,2/22/2024,5,23:00,DENUNCIA,Nivel 3
DELITOS SEXUALES,ACTO SEXUAL VIOLENTO CON MENOR DE CATORCE AÑOS ART. 209 C.P. ,CALI,Unidad Residencial Bueno Madrid,04,-76.515378,3.466893,DOMICILIO,2024,febrero   ,22,2/22/2024,5,14:40,DENUNCIA,Nivel 3
DELITOS SEXUALES,ACTOS SEXUALES CON MENOR DE CATORCE AÑOS. ART. 209 C.P.,CALI,Los Comuneros II,13,-76.49115,3.42576,DOMICILIO,2024,febrero   ,22,2/22/2024,5,18:00,DENUNCIA,Nivel 3
DELITOS SEXUALES,ACCESO CARNAL ABUSIVO CON MENOR DE CATORCE AÑOS. ART. 208 C.P.,CALI,Rural,Rural,-76.488875,3.314285,VIA PUBLICA,2024,febrero   ,22,2/22/2024,5,09:07,DENUNCIA,Nivel 3
DELITOS SEXUALES,ACTOS SEXUALES CON MENOR DE CATORCE AÑOS. ART. 209 C.P.,CALI,Urbanización Calimio,06,-76.484653,3.486018,DOMICILIO,2024,febrero   ,22,2/22/2024,5,11:40,DENUNCIA,Nivel 3
DELITOS SEXUALES,ACTOS SEXUALES CON MENOR DE CATORCE AÑOS. ART. 209 C.P.,CALI,Brisas del Limonar,16,-76.522649,3.400912,DOMICILIO,2024,febrero   ,22,2/22/2024,5,09:00,DENUNCIA,Nivel 3
DELITOS SEXUALES,PORNOGRAFIA CON MENORES ART. 218 C.P.,CALI,La Floresta,08,-76.511068,3.443695,DOMICILIO,2024,febrero   ,23,2/23/2024,6,15:00,DENUNCIA,Nivel 3
DELITOS SEXUALES,ACTOS SEXUALES CON MENOR DE CATORCE AÑOS. ART. 209 C.P.,CALI,Alfonso Lopez P. 3a Etapa,07,-76.480586,3.451748,DOMICILIO,2024,febrero   ,24,2/24/2024,7,06:00,DENUNCIA,Nivel 3
DELITOS SEXUALES,ACTO SEXUAL VIOLENTO CON MENOR DE CATORCE AÑOS ART. 209 C.P. ,CALI,Lourdes,18,-76.555168,3.391398,DOMICILIO,2024,febrero   ,24,2/24/2024,7,15:00,DENUNCIA,Nivel 3
DELITOS SEXUALES,ACCESO CARNAL O ACTO SEXUAL ABUSIVOS CON INCAPAZ DE RESISTIR. ART. 210 C.P.,CALI,Urbanización Tequendama,19,-76.547436,3.420222,ESTABLECIMIENTO DE SALUD,2024,febrero   ,24,2/24/2024,7,18:30,DENUNCIA,Nivel 3
DELITOS SEXUALES,ACCESO CARNAL ABUSIVO CON MENOR DE CATORCE AÑOS. ART. 208 C.P.,CALI,Terrón Colorado,01,-76.566834,3.451719,DOMICILIO,2024,febrero   ,24,2/24/2024,7,00:00,DENUNCIA,Nivel 3
DELITOS SEXUALES,ACTO SEXUAL VIOLENTO CON MENOR DE CATORCE AÑOS ART. 209 C.P. ,CALI,Promociones Populares B,14,-76.47721,3.426442,DOMICILIO,2024,febrero   ,25,2/25/2024,1,09:36,DENUNCIA,Nivel 3
DELITOS SEXUALES,ACTO SEXUAL VIOLENTO CON MENOR DE CATORCE AÑOS ART. 209 C.P. ,CALI,Rural,Rural,-76.595871,3.524724,DOMICILIO,2024,febrero   ,25,2/25/2024,1,14:00,DENUNCIA,Nivel 3
DELITOS SEXUALES,ACTOS SEXUALES CON MENOR DE CATORCE AÑOS. ART. 209 C.P.,CALI,Urbanización El Angel del Hogar,07,-76.482554,3.447245,DOMICILIO,2024,febrero   ,26,2/26/2024,2,17:01,DENUNCIA,Nivel 3
DELITOS SEXUALES,ACTO SEXUAL VIOLENTO. ART. 206 C.P.,CALI,San Pedro,03,-76.53309,3.4497,VIA PUBLICA,2024,febrero   ,26,2/26/2024,2,14:10,DENUNCIA,Nivel 3
DELITOS SEXUALES,ACCESO CARNAL ABUSIVO CON MENOR DE CATORCE AÑOS. ART. 208 C.P.,CALI,Urbanización Rio Lili,22,-76.530119,3.365552,SIN INFORMACION,2024,febrero   ,26,2/26/2024,2,00:00,DENUNCIA,Nivel 3
DELITOS SEXUALES,ACCESO CARNAL ABUSIVO CON MENOR DE CATORCE AÑOS. ART. 208 C.P.,CALI,La Sultana,20,-76.564417,3.422047,ESTABLECIMIENTO EDUCATIVO,2024,febrero   ,26,2/26/2024,2,15:00,DENUNCIA,Nivel 3
DELITOS SEXUALES,ACCESO CARNAL ABUSIVO CON MENOR DE CATORCE AÑOS. ART. 208 C.P.,CALI,Primitivo Crespo,08,-76.514487,3.438135,DOMICILIO,2024,febrero   ,26,2/26/2024,2,11:51,DENUNCIA,Nivel 3
DELITOS SEXUALES,ACTOS SEXUALES CON MENOR DE CATORCE AÑOS. ART. 209 C.P.,CALI,Sector Alto de los Chorros,18,-76.558583,3.389568,DOMICILIO,2024,febrero   ,27,2/27/2024,3,18:00,DENUNCIA,Nivel 3
DELITOS SEXUALES,ACTO SEXUAL VIOLENTO CON MENOR DE CATORCE AÑOS ART. 209 C.P. ,CALI,Santa Mónica Popular,08,-76.509857,3.435843,SIN INFORMACION,2024,febrero   ,27,2/27/2024,3,05:30,DENUNCIA,Nivel 3
DELITOS SEXUALES,ACOSO SEXUAL ART. 210A C.P.  ADICIONADO LEY 1257 DE 2008,CALI,Promociones Populares B,14,-76.468324,3.425837,DOMICILIO,2024,febrero   ,27,2/27/2024,3,05:00,DENUNCIA,Nivel 3
DELITOS SEXUALES,ACOSO SEXUAL ART. 210A C.P.  ADICIONADO LEY 1257 DE 2008,CALI,San Pedro,03,-76.533749,3.452992,SIN INFORMACION,2024,febrero   ,27,2/27/2024,3,11:30,DENUNCIA,Nivel 3
DELITOS SEXUALES,ACCESO CARNAL VIOLENTO. ART. 205 C.P.,CALI,Las Acacias,10,-76.521818,3.435013,HOTEL / HOSTAL,2024,febrero   ,27,2/27/2024,3,03:00,DENUNCIA,Nivel 3
DELITOS SEXUALES,ACCESO CARNAL VIOLENTO. ART. 205 C.P.,CALI,Valle Grande,21,-76.470279,3.439579,DOMICILIO,2024,febrero   ,27,2/27/2024,3,07:02,DENUNCIA,Nivel 3
DELITOS SEXUALES,ACOSO SEXUAL ART. 210A C.P.  ADICIONADO LEY 1257 DE 2008,CALI,Manuel María Buenaventura,09,-76.521818,3.43844,DOMICILIO,2024,febrero   ,27,2/27/2024,3,21:00,DENUNCIA,Nivel 3
DELITOS SEXUALES,ACOSO SEXUAL ART. 210A C.P.  ADICIONADO LEY 1257 DE 2008,CALI,Santa Mónica Popular,08,-76.509857,3.435843,DOMICILIO,2024,febrero   ,27,2/27/2024,3,00:30,DENUNCIA,Nivel 3
DELITOS SEXUALES,ACCESO CARNAL VIOLENTO. ART. 205 C.P.,CALI,Valle Grande,21,-76.470279,3.439579,SIN INFORMACION,2024,febrero   ,27,2/27/2024,3,12:02,DENUNCIA,Nivel 3
DELITOS SEXUALES,ACTO SEXUAL VIOLENTO. ART. 206 C.P.,CALI,Ciudad Capri,17,-76.545028,3.390491,DOMICILIO,2024,febrero   ,28,2/28/2024,4,14:00,DENUNCIA,Nivel 3
DELITOS SEXUALES,,CALI,Eucaristico,19,-76.540531,3.425277,SIN INFORMACION,2024,febrero   ,28,2/28/2024,4,09:56,DENUNCIA,Nivel 3
DELITOS SEXUALES,ACCESO CARNAL ABUSIVO CON MENOR DE CATORCE AÑOS. ART. 208 C.P.,CALI,Potrero Grande,21,-76.469057,3.4104,DOMICILIO,2024,febrero   ,28,2/28/2024,4,07:00,DENUNCIA,Nivel 3
DELITOS SEXUALES,ACOSO SEXUAL ART. 210A C.P.  ADICIONADO LEY 1257 DE 2008,CALI,José Manuel Marroquín II,14,-76.483509,3.431333,SIN INFORMACION,2024,febrero   ,28,2/28/2024,4,08:00,DENUNCIA,Nivel 3
DELITOS SEXUALES,ACTOS SEXUALES CON MENOR DE CATORCE AÑOS. ART. 209 C.P.,CALI,Desepaz Invicali,21,-76.463228,3.429563,SIN INFORMACION,2024,febrero   ,28,2/28/2024,4,02:00,DENUNCIA,Nivel 3
DELITOS SEXUALES,ACCESO CARNAL VIOLENTO. ART. 205 C.P.,CALI,Omar Torrijos,13,-76.485514,3.424585,VIA PUBLICA,2024,febrero   ,28,2/28/2024,4,09:00,DENUNCIA,Nivel 3
DELITOS SEXUALES,ACTO SEXUAL VIOLENTO CON MENOR DE CATORCE AÑOS ART. 209 C.P. ,CALI,Eucaristico,19,-76.541599,3.424491,ESTABLECIMIENTO EDUCATIVO,2024,febrero   ,28,2/28/2024,4,09:32,DENUNCIA,Nivel 3
DELITOS SEXUALES,ACCESO CARNAL ABUSIVO CON MENOR DE CATORCE AÑOS. ART. 208 C.P.,CALI,El Trébol,08,-76.496514,3.444855,ESTABLECIMIENTO EDUCATIVO,2024,febrero   ,28,2/28/2024,4,10:30,DENUNCIA,Nivel 3
DELITOS SEXUALES,ACTOS SEXUALES CON MENOR DE CATORCE AÑOS. ART. 209 C.P.,CALI,Olímpico,10,-76.533632,3.424402,DOMICILIO,2024,febrero   ,29,2/29/2024,5,10:00,DENUNCIA,Nivel 3
DELITOS SEXUALES,ACTOS SEXUALES CON MENOR DE CATORCE AÑOS. ART. 209 C.P.,CALI,Alirio Mora Beltrán,14,-76.481461,3.437985,DOMICILIO,2024,febrero   ,29,2/29/2024,5,14:40,DENUNCIA,Nivel 3
DELITOS SEXUALES,ACCESO CARNAL VIOLENTO. ART. 205 C.P.,CALI,El Jardín,11,-76.51923,3.42775,SIN INFORMACION,2024,febrero   ,29,2/29/2024,5,08:00,DENUNCIA,Nivel 3
DELITOS SEXUALES,ACTOS SEXUALES CON MENOR DE CATORCE AÑOS. ART. 209 C.P.,CALI,Ciudad Córdoba,15,-76.512725,3.394215,DOMICILIO,2024,febrero   ,29,2/29/2024,5,20:00,DENUNCIA,Nivel 3
DELITOS SEXUALES,ACCESO CARNAL VIOLENTO. ART. 205 C.P.,CALI,Siloé,20,-76.55511,3.421729,SIN INFORMACION,2024,febrero   ,29,2/29/2024,5,08:00,DENUNCIA,Nivel 3
DELITOS SEXUALES,ACCESO CARNAL O ACTO SEXUAL EN PERSONA PUESTA EN INCAPACIDAD DE RESISTIR. ART. 207 C.P.,CALI,Los Naranjos,14,-76.48144,3.43367,SIN INFORMACION,2024,febrero   ,29,2/29/2024,5,02:00,DENUNCIA,Nivel 3
DELITOS SEXUALES,ACTOS SEXUALES CON MENOR DE CATORCE AÑOS. ART. 209 C.P.,CALI,El Dorado,10,-76.529278,3.421973,DOMICILIO,2024,febrero   ,29,2/29/2024,5,11:46,DENUNCIA,Nivel 3
DELITOS SEXUALES,ACCESO CARNAL VIOLENTO. ART. 205 C.P.,CALI,Colseguros Andes,10,-76.53162,3.423882,ESTABLECIMIENTO EDUCATIVO,2024,marzo     ,1,3/1/2024,6,07:00,DENUNCIA,Nivel 3
DELITOS SEXUALES,PORNOGRAFIA CON MENORES ART. 218 C.P.,CALI,Ciudadela Floralia,06,-76.491993,3.493636,DOMICILIO,2024,marzo     ,1,3/1/2024,6,00:00,DENUNCIA,Nivel 3
DELITOS SEXUALES,ACCESO CARNAL ABUSIVO CON MENOR DE CATORCE AÑOS. ART. 208 C.P.,CALI,El Morichal,15,-76.510374,3.394488,DOMICILIO,2024,marzo     ,1,3/1/2024,6,14:34,DENUNCIA,Nivel 3
DELITOS SEXUALES,ACTOS SEXUALES CON MENOR DE CATORCE AÑOS. ART. 209 C.P.,CALI,El Troncal,08,-76.510141,3.452213,DOMICILIO,2024,marzo     ,1,3/1/2024,6,23:00,DENUNCIA,Nivel 3
DELITOS SEXUALES,ACTOS SEXUALES CON MENOR DE CATORCE AÑOS. ART. 209 C.P.,CALI,Urbanización Colseguros,19,-76.531502,3.426635,AREA RURAL,2024,marzo     ,1,3/1/2024,6,14:26,DENUNCIA,Nivel 3
DELITOS SEXUALES,ACTOS SEXUALES CON MENOR DE CATORCE AÑOS. ART. 209 C.P.,CALI,Los Lideres,21,-76.466561,3.419785,DOMICILIO,2024,marzo     ,1,3/1/2024,6,09:33,DENUNCIA,Nivel 3
DELITOS SEXUALES,ACCESO CARNAL VIOLENTO. ART. 205 C.P.,CALI,Los Naranjos II,14,-76.47856,3.43202,DOMICILIO,2024,marzo     ,1,3/1/2024,6,15:04,DENUNCIA,Nivel 3
DELITOS SEXUALES,ACCESO CARNAL O ACTO SEXUAL ABUSIVOS CON INCAPAZ DE RESISTIR. ART. 210 C.P.,CALI,Unión de Vivienda Popular,16,-76.506024,3.407978,DOMICILIO,2024,marzo     ,1,3/1/2024,6,13:55,DENUNCIA,Nivel 3
DELITOS SEXUALES,PORNOGRAFIA CON MENORES ART. 218 C.P.,CALI,El Morichal,15,-76.50231,3.398635,SIN INFORMACION,2024,marzo     ,1,3/1/2024,6,22:30,DENUNCIA,Nivel 3
DELITOS SEXUALES,ACCESO CARNAL VIOLENTO. ART. 205 C.P.,CALI,Cristóbal Colón,10,-76.526843,3.424639,VEHICULO TAXI,2024,marzo     ,1,3/1/2024,6,21:00,DENUNCIA,Nivel 3
DELITOS SEXUALES,PORNOGRAFIA CON MENORES ART. 218 C.P.,CALI,Santa Elena,10,-76.524651,3.431059,SIN INFORMACION,2024,marzo     ,1,3/1/2024,6,05:11,DENUNCIA,Nivel 3
DELITOS SEXUALES,ACTO SEXUAL VIOLENTO CON MENOR DE CATORCE AÑOS ART. 209 C.P. ,CALI,Los Comuneros I,15,-76.492744,3.410479,DOMICILIO,2024,marzo     ,2,3/2/2024,7,19:38,DENUNCIA,Nivel 3
DELITOS SEXUALES,ACCESO CARNAL O ACTO SEXUAL EN PERSONA PUESTA EN INCAPACIDAD DE RESISTIR. ART. 207 C.P.,CALI,Junín,09,-76.526979,3.433202,SIN INFORMACION,2024,marzo     ,2,3/2/2024,7,08:00,DENUNCIA,Nivel 3
DELITOS SEXUALES,ACCESO CARNAL ABUSIVO CON MENOR DE CATORCE AÑOS. ART. 208 C.P.,CALI,Ciudad Córdoba,15,-76.504381,3.403495,DOMICILIO,2024,marzo     ,2,3/2/2024,7,17:09,DENUNCIA,Nivel 3
DELITOS SEXUALES,ACOSO SEXUAL ART. 210A C.P.  ADICIONADO LEY 1257 DE 2008,CALI,Junín,09,-76.527371,3.434062,SIN INFORMACION,2024,marzo     ,2,3/2/2024,7,05:12,DENUNCIA,Nivel 3
DELITOS SEXUALES,ACCESO CARNAL ABUSIVO CON MENOR DE CATORCE AÑOS. ART. 208 C.P.,CALI,El Vergel,13,-76.499725,3.415754,DOMICILIO,2024,marzo     ,2,3/2/2024,7,12:00,DENUNCIA,Nivel 3
DELITOS SEXUALES,ACCESO CARNAL ABUSIVO CON MENOR DE CATORCE AÑOS. ART. 208 C.P.,CALI,República de Israel,16,-76.512438,3.406862,DOMICILIO,2024,marzo     ,2,3/2/2024,7,20:00,DENUNCIA,Nivel 3
DELITOS SEXUALES,ACCESO CARNAL ABUSIVO CON MENOR DE CATORCE AÑOS. ART. 208 C.P.,CALI,Ciudadela Floralia,06,-76.495461,3.498946,DOMICILIO,2024,marzo     ,3,3/3/2024,1,00:00,DENUNCIA,Nivel 3
DELITOS SEXUALES,ACTOS SEXUALES CON MENOR DE CATORCE AÑOS. ART. 209 C.P.,CALI,San Fernando Viejo,19,-76.54424,3.431595,DOMICILIO,2024,marzo     ,3,3/3/2024,1,20:00,DENUNCIA,Nivel 3
DELITOS SEXUALES,ACCESO CARNAL VIOLENTO. ART. 205 C.P.,CALI,El Vergel,13,-76.499367,3.417072,SIN INFORMACION,2024,marzo     ,3,3/3/2024,1,01:00,DENUNCIA,Nivel 3
DELITOS SEXUALES,ACTO SEXUAL VIOLENTO. ART. 206 C.P.,CALI,El Ingenio,17,-76.526162,3.385751,DOMICILIO,2024,marzo     ,3,3/3/2024,1,15:21,DENUNCIA,Nivel 3
DELITOS SEXUALES,ACCESO CARNAL VIOLENTO. ART. 205 C.P.,CALI,Alfonso Bonilla Aragón,14,-76.482297,3.419762,DOMICILIO,2024,marzo     ,4,3/4/2024,2,00:30,DENUNCIA,Nivel 3
DELITOS SEXUALES,ACCESO CARNAL ABUSIVO CON MENOR DE CATORCE AÑOS. ART. 208 C.P.,CALI,Potrero Grande,21,-76.469227,3.410281,DOMICILIO,2024,marzo     ,4,3/4/2024,2,09:57,DENUNCIA,Nivel 3
DELITOS SEXUALES,ACTO SEXUAL VIOLENTO. ART. 206 C.P.,CALI,Versalles,02,-76.528397,3.460912,VEHICULO DE UBER,2024,marzo     ,4,3/4/2024,2,07:10,DENUNCIA,Nivel 3
DELITOS SEXUALES,ACTO SEXUAL VIOLENTO. ART. 206 C.P.,CALI,PP6-PP8-PP10,81,-76.52994,3.327397,DOMICILIO,2024,marzo     ,4,3/4/2024,2,15:30,DENUNCIA,Nivel 3
DELITOS SEXUALES,ACTOS SEXUALES CON MENOR DE CATORCE AÑOS. ART. 209 C.P.,CALI,Rural,Rural,-76.539416,3.478199,DOMICILIO,2024,marzo     ,4,3/4/2024,2,16:44,DENUNCIA,Nivel 3
DELITOS SEXUALES,ACTO SEXUAL VIOLENTO. ART. 206 C.P.,CALI,Rural,Rural,-76.556145,3.4774,DOMICILIO,2024,marzo     ,4,3/4/2024,2,07:00,DENUNCIA,Nivel 3
DELITOS SEXUALES,ACTO SEXUAL VIOLENTO CON MENOR DE CATORCE AÑOS ART. 209 C.P. ,CALI,Puerta del Sol,14,-76.473993,3.430903,SIN INFORMACION,2024,marzo     ,5,3/5/2024,3,14:00,DENUNCIA,Nivel 3
DELITOS SEXUALES,ACOSO SEXUAL ART. 210A C.P.  ADICIONADO LEY 1257 DE 2008,CALI,Primitivo Crespo,08,-76.518385,3.440496,DOMICILIO,2024,marzo     ,5,3/5/2024,3,16:30,DENUNCIA,Nivel 3
DELITOS SEXUALES,ACCESO CARNAL VIOLENTO. ART. 205 C.P.,CALI,Las Acacias,10,-76.519758,3.433642,DOMICILIO,2024,marzo     ,5,3/5/2024,3,16:20,DENUNCIA,Nivel 3
DELITOS SEXUALES,ACOSO SEXUAL ART. 210A C.P.  ADICIONADO LEY 1257 DE 2008,CALI,La Merced,03,-76.535474,3.451168,IGLESIA O PARROQUIA,2024,marzo     ,5,3/5/2024,3,00:00,DENUNCIA,Nivel 3
DELITOS SEXUALES,ACTOS SEXUALES CON MENOR DE CATORCE AÑOS. ART. 209 C.P.,CALI,Prados del Limonar,17,-76.525199,3.390493,DOMICILIO,2024,marzo     ,5,3/5/2024,3,20:30,DENUNCIA,Nivel 3
DELITOS SEXUALES,ACOSO SEXUAL ART. 210A C.P.  ADICIONADO LEY 1257 DE 2008,CALI,Rural,Rural,-76.486371,3.391325,DOMICILIO,2024,marzo     ,5,3/5/2024,3,16:28,DENUNCIA,Nivel 3
DELITOS SEXUALES,ACCESO CARNAL VIOLENTO. ART. 205 C.P.,CALI,Lleras Camargo,20,-76.563389,3.420021,DOMICILIO,2024,marzo     ,6,3/6/2024,4,02:40,DENUNCIA,Nivel 3
DELITOS SEXUALES,ACOSO SEXUAL ART. 210A C.P.  ADICIONADO LEY 1257 DE 2008,CALI,Villa del Prado - El Guabito,05,-76.487368,3.46489,RED VIRTUAL O INTERNET,2024,marzo     ,7,3/7/2024,5,15:42,DENUNCIA,Nivel 3
DELITOS SEXUALES,ACCESO CARNAL ABUSIVO CON MENOR DE CATORCE AÑOS. ART. 208 C.P.,CALI,Alfonso Bonilla Aragón,14,-76.484793,3.420014,DOMICILIO,2024,marzo     ,7,3/7/2024,5,13:07,DENUNCIA,Nivel 3
DELITOS SEXUALES,ACCESO CARNAL VIOLENTO. ART. 205 C.P.,CALI,San Vicente,02,-76.52759,3.46761,ESTABLECIMIENTO PUBLICO,2024,marzo     ,8,3/8/2024,6,14:33,DENUNCIA,Nivel 3
DELITOS SEXUALES,ACOSO SEXUAL ART. 210A C.P.  ADICIONADO LEY 1257 DE 2008,CALI,Urbanización Militar,19,-76.53855,3.41619,DOMICILIO,2024,marzo     ,8,3/8/2024,6,14:50,DENUNCIA,Nivel 3
DELITOS SEXUALES,ACCESO CARNAL O ACTO SEXUAL EN PERSONA PUESTA EN INCAPACIDAD DE RESISTIR. ART. 207 C.P.,CALI,San Nicolás,03,-76.52817,3.45443,ESTABLECIMIENTO DE COMERCIO,2024,marzo     ,8,3/8/2024,6,09:39,DENUNCIA,Nivel 3
DELITOS SEXUALES,ACTOS SEXUALES CON MENOR DE CATORCE AÑOS. ART. 209 C.P.,CALI,Valle Grande,21,-76.467162,3.437663,DOMICILIO,2024,marzo     ,8,3/8/2024,6,23:30,DENUNCIA,Nivel 3
DELITOS SEXUALES,ACCESO CARNAL ABUSIVO CON MENOR DE CATORCE AÑOS. ART. 208 C.P.,CALI,Sector Alto de los Chorros,18,-76.562441,3.388881,DOMICILIO,2024,marzo     ,8,3/8/2024,6,00:00,DENUNCIA,Nivel 3
DELITOS SEXUALES,ACOSO SEXUAL ART. 210A C.P.  ADICIONADO LEY 1257 DE 2008,CALI,Ciudad Córdoba,15,-76.510963,3.400386,ESTABLECIMIENTO EDUCATIVO,2024,marzo     ,8,3/8/2024,6,16:45,DENUNCIA,Nivel 3
DELITOS SEXUALES,ACTOS SEXUALES CON MENOR DE CATORCE AÑOS. ART. 209 C.P.,CALI,Los Comuneros II,13,-76.494835,3.42522,ESTABLECIMIENTO EDUCATIVO,2024,marzo     ,8,3/8/2024,6,10:00,DENUNCIA,Nivel 3
DELITOS SEXUALES,ACTOS SEXUALES CON MENOR DE CATORCE AÑOS. ART. 209 C.P.,CALI,La Hacienda,17,-76.532169,3.393148,ESTABLECIMIENTO PUBLICO,2024,marzo     ,8,3/8/2024,6,15:00,DENUNCIA,Nivel 3
DELITOS SEXUALES,ACTOS SEXUALES CON MENOR DE CATORCE AÑOS. ART. 209 C.P.,CALI,Ciudadela Floralia,06,-76.491894,3.497177,DOMICILIO,2024,marzo     ,10,3/10/2024,1,22:30,DENUNCIA,Nivel 3
DELITOS SEXUALES,ACOSO SEXUAL ART. 210A C.P.  ADICIONADO LEY 1257 DE 2008,CALI,El Gran Limonar,17,-76.546253,3.400331,SIN INFORMACION,2024,marzo     ,10,3/10/2024,1,06:00,DENUNCIA,Nivel 3
DELITOS SEXUALES,ACTOS SEXUALES CON MENOR DE CATORCE AÑOS. ART. 209 C.P.,CALI,Santa Elena,10,-76.523523,3.428643,SIN INFORMACION,2024,marzo     ,11,3/11/2024,2,20:35,DENUNCIA,Nivel 3
DELITOS SEXUALES,ACTO SEXUAL VIOLENTO. ART. 206 C.P.,CALI,Antonio Nariño,16,-76.505072,3.413727,DOMICILIO,2024,marzo     ,11,3/11/2024,2,00:00,DENUNCIA,Nivel 3
DELITOS SEXUALES,ACOSO SEXUAL ART. 210A C.P.  ADICIONADO LEY 1257 DE 2008,CALI,Brisas de Mayo,20,-76.56372,3.417685,VIA PUBLICA,2024,marzo     ,11,3/11/2024,2,20:00,DENUNCIA,Nivel 3
DELITOS SEXUALES,ACCESO CARNAL ABUSIVO CON MENOR DE CATORCE AÑOS. ART. 208 C.P.,CALI,San Pedro,03,-76.53309,3.4497,OTRO,2024,marzo     ,11,3/11/2024,2,08:30,DENUNCIA,Nivel 3
DELITOS SEXUALES,ACCESO CARNAL O ACTO SEXUAL ABUSIVOS CON INCAPAZ DE RESISTIR. ART. 210 C.P.,CALI,Manuela Beltrán,14,-76.474665,3.421759,DOMICILIO,2024,marzo     ,12,3/12/2024,3,11:00,DENUNCIA,Nivel 3
DELITOS SEXUALES,ACCESO CARNAL ABUSIVO CON MENOR DE CATORCE AÑOS. ART. 208 C.P.,CALI,San Pedro,03,-76.53309,3.4497,SIN INFORMACION,2024,marzo     ,12,3/12/2024,3,01:00,DENUNCIA,Nivel 3
DELITOS SEXUALES,ACTOS SEXUALES CON MENOR DE CATORCE AÑOS. ART. 209 C.P.,CALI,Nueva Floresta,12,-76.501245,3.442048,DOMICILIO,2024,marzo     ,12,3/12/2024,3,15:02,DENUNCIA,Nivel 3
DELITOS SEXUALES,ACTOS SEXUALES CON MENOR DE CATORCE AÑOS. ART. 209 C.P.,CALI,Unión de Vivienda Popular,16,-76.506118,3.40876,DOMICILIO,2024,marzo     ,12,3/12/2024,3,09:08,DENUNCIA,Nivel 3
DELITOS SEXUALES,ACTOS SEXUALES CON MENOR DE CATORCE AÑOS. ART. 209 C.P.,CALI,Vista Hermosa,01,-76.577964,3.454344,DOMICILIO,2024,marzo     ,12,3/12/2024,3,21:00,DENUNCIA,Nivel 3
DELITOS SEXUALES,ACCESO CARNAL VIOLENTO. ART. 205 C.P.,CALI,Planta de Tratamiento,21,-76.481836,3.443426,VIA PUBLICA,2024,marzo     ,12,3/12/2024,3,11:00,DENUNCIA,Nivel 3
DELITOS SEXUALES,ACCESO CARNAL O ACTO SEXUAL ABUSIVOS CON INCAPAZ DE RESISTIR. ART. 210 C.P.,CALI,La Isla,04,-76.514562,3.471565,DOMICILIO,2024,marzo     ,13,3/13/2024,4,20:00,DENUNCIA,Nivel 3
DELITOS SEXUALES,ACOSO SEXUAL ART. 210A C.P.  ADICIONADO LEY 1257 DE 2008,CALI,Mariano Ramos,16,-76.516363,3.401591,SIN INFORMACION,2024,marzo     ,13,3/13/2024,4,03:59,DENUNCIA,Nivel 3
DELITOS SEXUALES,ACTOS SEXUALES CON MENOR DE CATORCE AÑOS. ART. 209 C.P.,CALI,Parcelaciones Pance,22,-76.541985,3.337096,ESTABLECIMIENTO EDUCATIVO,2024,marzo     ,15,3/15/2024,6,10:12,DENUNCIA,Nivel 3
DELITOS SEXUALES,ACOSO SEXUAL ART. 210A C.P.  ADICIONADO LEY 1257 DE 2008,CALI,La Flora,02,-76.523711,3.485649,SIN INFORMACION,2024,marzo     ,15,3/15/2024,6,14:30,DENUNCIA,Nivel 3
DELITOS SEXUALES,ACTO SEXUAL VIOLENTO. ART. 206 C.P.,CALI,La Merced,03,-76.536029,3.448348,LUGAR DE TRABAJO,2024,marzo     ,15,3/15/2024,6,12:00,DENUNCIA,Nivel 3
DELITOS SEXUALES,ACTO SEXUAL VIOLENTO. ART. 206 C.P.,CALI,Guayaquil,09,-76.525519,3.436731,ESTABLECIMIENTO EDUCATIVO,2024,marzo     ,15,3/15/2024,6,15:00,DENUNCIA,Nivel 3
DELITOS SEXUALES,ACTOS SEXUALES CON MENOR DE CATORCE AÑOS. ART. 209 C.P.,CALI,Antonio Nariño,16,-76.506722,3.417131,DOMICILIO,2024,marzo     ,15,3/15/2024,6,11:50,DENUNCIA,Nivel 3
DELITOS SEXUALES,ACTO SEXUAL VIOLENTO. ART. 206 C.P.,CALI,Lleras Camargo,20,-76.563224,3.420613,DOMICILIO,2024,marzo     ,15,3/15/2024,6,04:00,DENUNCIA,Nivel 3
DELITOS SEXUALES,ACCESO CARNAL VIOLENTO. ART. 205 C.P.,CALI,Unidad Residencial Santiago de Cali,19,-76.548189,3.414386,VEHICULO TAXI,2024,marzo     ,16,3/16/2024,7,19:00,DENUNCIA,Nivel 3
DELITOS SEXUALES,ACOSO SEXUAL ART. 210A C.P.  ADICIONADO LEY 1257 DE 2008,CALI,Bretaña,09,-76.532301,3.436366,SIN INFORMACION,2024,marzo     ,16,3/16/2024,7,09:00,DENUNCIA,Nivel 3
DELITOS SEXUALES,PORNOGRAFIA CON MENORES ART. 218 C.P.,CALI,Belén,20,-76.555681,3.427641,DOMICILIO,2024,marzo     ,16,3/16/2024,7,10:38,DENUNCIA,Nivel 3
DELITOS SEXUALES,ACOSO SEXUAL ART. 210A ,CALI,Cuarteles de Nápoles,18,-76.546397,3.382642,ENTIDAD PUBLICA / ESTATAL,2024,marzo     ,17,3/17/2024,1,03:00,DENUNCIA,Nivel 3
DELITOS SEXUALES,ACTO SEXUAL VIOLENTO CON MENOR DE CATORCE AÑOS ART. 209 C.P. ,CALI,Guayaquil,09,-76.525455,3.438736,SIN INFORMACION,2024,marzo     ,17,3/17/2024,1,06:00,DENUNCIA,Nivel 3
DELITOS SEXUALES,ACCESO CARNAL O ACTO SEXUAL EN PERSONA PUESTA EN INCAPACIDAD DE RESISTIR. ART. 207 C.P.,CALI,San Pedro,03,-76.533131,3.449924,ESTABLECIMIENTO DE COMERCIO,2024,marzo     ,17,3/17/2024,1,08:16,DENUNCIA,Nivel 3
DELITOS SEXUALES,ACCESO CARNAL VIOLENTO. ART. 205 C.P.,CALI,Caldas,18,-76.547948,3.395379,DOMICILIO,2024,marzo     ,17,3/17/2024,1,15:30,DENUNCIA,Nivel 3
DELITOS SEXUALES,ACTO SEXUAL VIOLENTO CON MENOR DE CATORCE AÑOS ART. 209 C.P. ,CALI,Belén,20,-76.554795,3.427151,DOMICILIO,2024,marzo     ,17,3/17/2024,1,15:52,DENUNCIA,Nivel 3
DELITOS SEXUALES,ACTOS SEXUALES CON MENOR DE CATORCE AÑOS. ART. 209 C.P.,CALI,El Jardín,11,-76.51983,3.427233,DOMICILIO,2024,marzo     ,18,3/18/2024,2,17:30,DENUNCIA,Nivel 3
DELITOS SEXUALES,ACOSO SEXUAL ART. 210A C.P.  ADICIONADO LEY 1257 DE 2008,CALI,Santa Isabel,19,-76.548921,3.429671,SIN INFORMACION,2024,marzo     ,18,3/18/2024,2,20:30,DENUNCIA,Nivel 3
DELITOS SEXUALES,ACCESO CARNAL ABUSIVO CON MENOR DE CATORCE AÑOS. ART. 208 C.P.,CALI,El Jardín,11,-76.51983,3.427233,DOMICILIO,2024,marzo     ,18,3/18/2024,2,17:30,DENUNCIA,Nivel 3
DELITOS SEXUALES,ACTOS SEXUALES CON MENOR DE CATORCE AÑOS. ART. 209 C.P.,CALI,Calipso,13,-76.49975,3.42421,DOMICILIO,2024,marzo     ,19,3/19/2024,3,22:30,DENUNCIA,Nivel 3
DELITOS SEXUALES,ACOSO SEXUAL ART. 210A C.P.  ADICIONADO LEY 1257 DE 2008,CALI,El Morichal,15,-76.501884,3.399228,DOMICILIO,2024,marzo     ,19,3/19/2024,3,10:00,DENUNCIA,Nivel 3
DELITOS SEXUALES,ACCESO CARNAL VIOLENTO. ART. 205 C.P.,CALI,Calipso,13,-76.49931,3.425045,DOMICILIO,2024,marzo     ,19,3/19/2024,3,10:21,DENUNCIA,Nivel 3
DELITOS SEXUALES,ACOSO SEXUAL ART. 210A C.P.  ADICIONADO LEY 1257 DE 2008,CALI,Promociones Populares B,14,-76.47493,3.42545,DOMICILIO,2024,marzo     ,19,3/19/2024,3,10:31,DENUNCIA,Nivel 3
DELITOS SEXUALES,ACTOS SEXUALES CON MENOR DE CATORCE AÑOS. ART. 209 C.P.,CALI,Alfonso Bonilla Aragón,14,-76.485475,3.421184,SIN INFORMACION,2024,marzo     ,19,3/19/2024,3,20:12,DENUNCIA,Nivel 3
DELITOS SEXUALES,ACCESO CARNAL O ACTO SEXUAL ABUSIVOS CON INCAPAZ DE RESISTIR. ART. 210 C.P.,CALI,Prados del Norte,02,-76.520678,3.468191,SIN INFORMACION,2024,marzo     ,19,3/19/2024,3,23:00,DENUNCIA,Nivel 3
DELITOS SEXUALES,ACTO SEXUAL VIOLENTO CON MENOR DE CATORCE AÑOS ART. 209 C.P. ,CALI,Valle Grande,21,-76.475345,3.439925,DOMICILIO,2024,marzo     ,19,3/19/2024,3,16:31,DENUNCIA,Nivel 3
DELITOS SEXUALES,ACTO SEXUAL VIOLENTO. ART. 206 C.P.,CALI,El Sena,05,-76.502886,3.466828,DOMICILIO,2024,marzo     ,20,3/20/2024,4,14:05,DENUNCIA,Nivel 3
DELITOS SEXUALES,ACCESO CARNAL ABUSIVO CON MENOR DE CATORCE AÑOS. ART. 208 C.P.,CALI,Sector Asprosocial - Diamante,13,-76.500977,3.424257,DOMICILIO,2024,marzo     ,20,3/20/2024,4,00:00,DENUNCIA,Nivel 3
DELITOS SEXUALES,ACTO SEXUAL VIOLENTO CON MENOR DE CATORCE AÑOS ART. 209 C.P. ,CALI,Planta de Tratamiento,21,-76.476393,3.440545,DOMICILIO,2024,marzo     ,20,3/20/2024,4,14:42,DENUNCIA,Nivel 3
DELITOS SEXUALES,ACTO SEXUAL VIOLENTO CON MENOR DE CATORCE AÑOS ART. 209 C.P. ,CALI,Mojica,15,-76.483508,3.415789,ESTABLECIMIENTO EDUCATIVO,2024,marzo     ,20,3/20/2024,4,14:58,DENUNCIA,Nivel 3
DELITOS SEXUALES,ACCESO CARNAL ABUSIVO CON MENOR DE CATORCE AÑOS. ART. 208 C.P.,CALI,Alirio Mora Beltrán,14,-76.478548,3.436849,DOMICILIO,2024,marzo     ,20,3/20/2024,4,00:00,DENUNCIA,Nivel 3
DELITOS SEXUALES,ACTO SEXUAL VIOLENTO CON MENOR DE CATORCE AÑOS ART. 209 C.P. ,CALI,El Paraíso,12,-76.507695,3.432627,DOMICILIO,2024,marzo     ,20,3/20/2024,4,16:35,DENUNCIA,Nivel 3
DELITOS SEXUALES,ACTO SEXUAL VIOLENTO. ART. 206 C.P.,CALI,Rural,Rural,-76.564676,3.314944,DOMICILIO,2024,marzo     ,21,3/21/2024,5,06:34,DENUNCIA,Nivel 3
DELITOS SEXUALES,ACOSO SEXUAL ART. 210A C.P.  ADICIONADO LEY 1257 DE 2008,CALI,Valle Grande,21,-76.472175,3.435249,ESTABLECIMIENTO EDUCATIVO,2024,marzo     ,21,3/21/2024,5,16:20,DENUNCIA,Nivel 3
DELITOS SEXUALES,ACTO SEXUAL VIOLENTO. ART. 206 C.P.,CALI,San Vicente,02,-76.52752,3.47056,DOMICILIO,2024,marzo     ,21,3/21/2024,5,16:30,DENUNCIA,Nivel 3
DELITOS SEXUALES,ACTO SEXUAL VIOLENTO. ART. 206 C.P.,CALI,Paso del Comercio,06,-76.484962,3.492607,TRANSPORTE PUBLICO URBANO,2024,marzo     ,21,3/21/2024,5,05:00,DENUNCIA,Nivel 3
DELITOS SEXUALES,ACTOS SEXUALES CON MENOR DE CATORCE AÑOS. ART. 209 C.P.,CALI,Pizamos II,21,-76.468087,3.401009,VIA PUBLICA,2024,marzo     ,21,3/21/2024,5,19:55,DENUNCIA,Nivel 3
DELITOS SEXUALES,ACTOS SEXUALES CON MENOR DE CATORCE AÑOS. ART. 209 C.P.,CALI,San Cristóbal,10,-76.523192,3.434327,DOMICILIO,2024,marzo     ,21,3/21/2024,5,16:42,DENUNCIA,Nivel 3
DELITOS SEXUALES,ACOSO SEXUAL ART. 210A C.P.  ADICIONADO LEY 1257 DE 2008,CALI,Belalcázar,09,-76.519758,3.43981,DOMICILIO,2024,marzo     ,21,3/21/2024,5,15:16,DENUNCIA,Nivel 3
DELITOS SEXUALES,ACCESO CARNAL ABUSIVO CON MENOR DE CATORCE AÑOS. ART. 208 C.P.,CALI,Calima,04,-76.496425,3.48604,DOMICILIO,2024,marzo     ,22,3/22/2024,6,09:00,DENUNCIA,Nivel 3
DELITOS SEXUALES,ACCESO CARNAL ABUSIVO CON MENOR DE CATORCE AÑOS. ART. 208 C.P.,CALI,Sector Alto de los Chorros,18,-76.558661,3.394833,ESTABLECIMIENTO EDUCATIVO,2024,marzo     ,22,3/22/2024,6,08:00,DENUNCIA,Nivel 3
DELITOS SEXUALES,ACTOS SEXUALES CON MENOR DE CATORCE AÑOS. ART. 209 C.P.,CALI,Santa Mónica Belalcázar,09,-76.520445,3.43844,DOMICILIO,2024,marzo     ,22,3/22/2024,6,11:22,DENUNCIA,Nivel 3
DELITOS SEXUALES,PORNOGRAFIA CON MENORES ART. 218 C.P.,CALI,Pasoancho,10,-76.532159,3.418355,EDIFICIO,2024,marzo     ,22,3/22/2024,6,11:56,DENUNCIA,Nivel 3
DELITOS SEXUALES,ACTO SEXUAL VIOLENTO CON MENOR DE CATORCE AÑOS ART. 209 C.P. ,CALI,Vipasa,02,-76.517733,3.482375,ESTABLECIMIENTO EDUCATIVO,2024,marzo     ,22,3/22/2024,6,18:00,DENUNCIA,Nivel 3
DELITOS SEXUALES,ACTO SEXUAL VIOLENTO CON MENOR DE CATORCE AÑOS ART. 209 C.P. ,CALI,Parcelaciones Pance,22,-76.541679,3.35425,SIN INFORMACION,2024,marzo     ,22,3/22/2024,6,10:58,DENUNCIA,Nivel 3
DELITOS SEXUALES,PROXENETISMO CON MENOR DE EDAD ART. 213A C.P.,CALI,San Pedro,03,-76.53309,3.4497,DOMICILIO,2024,marzo     ,22,3/22/2024,6,07:00,DENUNCIA,Nivel 3
DELITOS SEXUALES,ACTOS SEXUALES CON MENOR DE CATORCE AÑOS. ART. 209 C.P.,CALI,Sector Alto Jordán,18,-76.552777,3.377615,DOMICILIO,2024,marzo     ,23,3/23/2024,7,14:00,DENUNCIA,Nivel 3
DELITOS SEXUALES,ACCESO CARNAL O ACTO SEXUAL ABUSIVOS CON INCAPAZ DE RESISTIR. ART. 210 C.P.,CALI,Lili,17,-76.519977,3.376716,DOMICILIO,2024,marzo     ,23,3/23/2024,7,03:00,DENUNCIA,Nivel 3
DELITOS SEXUALES,ACCESO CARNAL ABUSIVO CON MENOR DE CATORCE AÑOS. ART. 208 C.P.,CALI,Rural,Rural,-76.571073,3.372474,DOMICILIO,2024,marzo     ,23,3/23/2024,7,18:30,DENUNCIA,Nivel 3
DELITOS SEXUALES,ACTOS SEXUALES CON MENOR DE CATORCE AÑOS. ART. 209 C.P.,CALI,Calipso,13,-76.500364,3.424916,DOMICILIO,2024,marzo     ,23,3/23/2024,7,00:00,DENUNCIA,Nivel 3
DELITOS SEXUALES,ACTO SEXUAL VIOLENTO. ART. 206 C.P.,CALI,Santa Isabel,19,-76.546606,3.425038,DOMICILIO,2024,marzo     ,23,3/23/2024,7,10:57,DENUNCIA,Nivel 3
DELITOS SEXUALES,ACCESO CARNAL O ACTO SEXUAL ABUSIVOS CON INCAPAZ DE RESISTIR. ART. 210 C.P.,CALI,El Lido,19,-76.548512,3.418978,EDIFICIO,2024,marzo     ,23,3/23/2024,7,23:00,DENUNCIA,Nivel 3
DELITOS SEXUALES,ACTO SEXUAL VIOLENTO CON MENOR DE CATORCE AÑOS ART. 209 C.P. ,CALI,Nueva Floresta,12,-76.496111,3.437633,DOMICILIO,2024,marzo     ,23,3/23/2024,7,10:07,DENUNCIA,Nivel 3
DELITOS SEXUALES,ACTO SEXUAL VIOLENTO CON MENOR DE CATORCE AÑOS ART. 209 C.P. ,CALI,San Pedro,03,-76.533131,3.449924,CERCA AL DOMICILIO,2024,marzo     ,23,3/23/2024,7,00:43,DENUNCIA,Nivel 3
DELITOS SEXUALES,ACTO SEXUAL VIOLENTO CON MENOR DE CATORCE AÑOS ART. 209 C.P. ,CALI,Cristóbal Colón,10,-76.52251,3.42314,DOMICILIO,2024,marzo     ,24,3/24/2024,1,09:37,DENUNCIA,Nivel 3
DELITOS SEXUALES,DEMANDA DE EXPLOT.SEX. COMERC. MENOR DE 18 AÑOS Adic. Art 217A C.P. Ley 1329 de 2009,CALI,Santa Fé,08,-76.504744,3.441877,DOMICILIO,2024,marzo     ,25,3/25/2024,2,10:55,DENUNCIA,Nivel 3
DELITOS SEXUALES,ACCESO CARNAL ABUSIVO CON MENOR DE CATORCE AÑOS. ART. 208 C.P.,CALI,La Independencia,11,-76.518036,3.416535,DOMICILIO,2024,marzo     ,25,3/25/2024,2,00:00,DENUNCIA,Nivel 3
DELITOS SEXUALES,ACCESO CARNAL VIOLENTO. ART. 205 C.P.,CALI,Los Comuneros II,13,-76.493264,3.422821,DOMICILIO,2024,marzo     ,26,3/26/2024,3,12:00,DENUNCIA,Nivel 3
DELITOS SEXUALES,ACTOS SEXUALES CON MENOR DE CATORCE AÑOS. ART. 209 C.P.,CALI,El Vergel,13,-76.502845,3.417145,DOMICILIO,2024,marzo     ,26,3/26/2024,3,22:00,DENUNCIA,Nivel 3
DELITOS SEXUALES,ACCESO CARNAL ABUSIVO CON MENOR DE CATORCE AÑOS. ART. 208 C.P.,CALI,Villa del Sur,11,-76.515352,3.413063,OTRO,2024,marzo     ,26,3/26/2024,3,15:00,DENUNCIA,Nivel 3
DELITOS SEXUALES,ACTO SEXUAL VIOLENTO. ART. 206 C.P.,CALI,Urbanización Tequendama,19,-76.544731,3.419747,ESTABLECIMIENTO DE SALUD,2024,marzo     ,27,3/27/2024,4,19:00,DENUNCIA,Nivel 3
DELITOS SEXUALES,ACTO SEXUAL VIOLENTO CON MENOR DE CATORCE AÑOS ART. 209 C.P. ,CALI,Jorge Eliécer Gaitán,06,-76.483935,3.465856,DOMICILIO,2024,marzo     ,27,3/27/2024,4,00:18,DENUNCIA,Nivel 3
DELITOS SEXUALES,ACCESO CARNAL O ACTO SEXUAL EN PERSONA PUESTA EN INCAPACIDAD DE RESISTIR. ART. 207 C.P.,CALI,Laureano Gómez,15,-76.495709,3.41335,DOMICILIO,2024,marzo     ,27,3/27/2024,4,13:29,DENUNCIA,Nivel 3
DELITOS SEXUALES,ACCESO CARNAL ABUSIVO CON MENOR DE CATORCE AÑOS. ART. 208 C.P.,CALI,Calimio Desepaz,21,-76.467183,3.412912,DOMICILIO,2024,marzo     ,27,3/27/2024,4,14:42,DENUNCIA,Nivel 3
DELITOS SEXUALES,ACTO SEXUAL VIOLENTO. ART. 206 C.P.,CALI,Prados del Limonar,17,-76.52744,3.387303,SIN INFORMACION,2024,marzo     ,28,3/28/2024,5,01:40,DENUNCIA,Nivel 3
DELITOS SEXUALES,ACTO SEXUAL VIOLENTO CON MENOR DE CATORCE AÑOS ART. 209 C.P. ,CALI,El Poblado II,13,-76.491666,3.421791,DOMICILIO,2024,marzo     ,28,3/28/2024,5,01:00,DENUNCIA,Nivel 3
DELITOS SEXUALES,ACTO SEXUAL VIOLENTO. ART. 206 C.P.,CALI,Julio Rincón,12,-76.49989,3.428349,DOMICILIO,2024,marzo     ,28,3/28/2024,5,15:00,DENUNCIA,Nivel 3
DELITOS SEXUALES,ACTO SEXUAL VIOLENTO CON MENOR DE CATORCE AÑOS ART. 209 C.P. ,CALI,La Selva,10,-76.530383,3.40763,DOMICILIO,2024,marzo     ,28,3/28/2024,5,20:00,DENUNCIA,Nivel 3
DELITOS SEXUALES,ACTOS SEXUALES CON MENOR DE CATORCE AÑOS. ART. 209 C.P.,CALI,Parcelaciones Pance,22,-76.540305,3.349969,DOMICILIO,2024,marzo     ,30,3/30/2024,7,17:00,DENUNCIA,Nivel 3
DELITOS SEXUALES,ACCESO CARNAL ABUSIVO CON MENOR DE CATORCE AÑOS. ART. 208 C.P.,CALI,El Lido,19,-76.548455,3.418978,SIN INFORMACION,2024,marzo     ,30,3/30/2024,7,09:11,DENUNCIA,Nivel 3
DELITOS SEXUALES,ACTO SEXUAL VIOLENTO. ART. 206 C.P.,CALI,Manuela Beltrán,14,-76.476185,3.418012,DOMICILIO,2024,marzo     ,30,3/30/2024,7,15:52,DENUNCIA,Nivel 3
DELITOS SEXUALES,ACCESO CARNAL ABUSIVO CON MENOR DE CATORCE AÑOS. ART. 208 C.P.,CALI,Ciudad Córdoba,15,-76.506586,3.400678,SIN INFORMACION,2024,marzo     ,30,3/30/2024,7,05:00,DENUNCIA,Nivel 3
DELITOS SEXUALES,ACTO SEXUAL VIOLENTO CON MENOR DE CATORCE AÑOS ART. 209 C.P. ,CALI,Alfonso Bonilla Aragón,14,-76.480632,3.414698,VIA PUBLICA,2024,marzo     ,31,3/31/2024,1,12:18,DENUNCIA,Nivel 3
DELITOS SEXUALES,ACCESO CARNAL ABUSIVO CON MENOR DE CATORCE AÑOS. ART. 208 C.P.,CALI,Mojica,15,-76.483965,3.415212,DOMICILIO,2024,abril     ,1,4/1/2024,2,22:00,DENUNCIA,Nivel 3
DELITOS SEXUALES,ACCESO CARNAL ABUSIVO CON MENOR DE CATORCE AÑOS. ART. 208 C.P.,CALI,Polvorines,18,-76.554696,3.369442,DOMICILIO,2024,abril     ,1,4/1/2024,2,16:00,DENUNCIA,Nivel 3
DELITOS SEXUALES,ACTOS SEXUALES CON MENOR DE CATORCE AÑOS. ART. 209 C.P.,CALI,Brisas de Los Álamos,02,-76.501204,3.494607,DOMICILIO,2024,abril     ,1,4/1/2024,2,00:00,DENUNCIA,Nivel 3
DELITOS SEXUALES,ACCESO CARNAL VIOLENTO. ART. 205 C.P.,CALI,Popular,04,-76.511873,3.469579,HOTEL / HOSTAL,2024,abril     ,1,4/1/2024,2,15:00,DENUNCIA,Nivel 3
DELITOS SEXUALES,ACCESO CARNAL ABUSIVO CON MENOR DE CATORCE AÑOS. ART. 208 C.P.,CALI,Santa Elena,10,-76.52288,3.428786,DOMICILIO,2024,abril     ,1,4/1/2024,2,00:00,DENUNCIA,Nivel 3
DELITOS SEXUALES,ACCESO CARNAL ABUSIVO CON MENOR DE CATORCE AÑOS. ART. 208 C.P.,CALI,Mariano Ramos,16,-76.515573,3.401025,DOMICILIO,2024,abril     ,1,4/1/2024,2,00:00,DENUNCIA,Nivel 3
DELITOS SEXUALES,ACCESO CARNAL ABUSIVO CON MENOR DE CATORCE AÑOS. ART. 208 C.P.,CALI,San Cristóbal,10,-76.52332,3.431328,DOMICILIO,2024,abril     ,1,4/1/2024,2,00:00,DENUNCIA,Nivel 3
DELITOS SEXUALES,ACCESO CARNAL O ACTO SEXUAL ABUSIVOS CON INCAPAZ DE RESISTIR. ART. 210 C.P.,CALI,San Cristóbal,10,-76.522505,3.434327,DOMICILIO,2024,abril     ,1,4/1/2024,2,23:59,DENUNCIA,Nivel 3
DELITOS SEXUALES,ACTOS SEXUALES CON MENOR DE CATORCE AÑOS. ART. 209 C.P.,CALI,José Manuel Marroquín I,14,-76.476581,3.418711,SIN INFORMACION,2024,abril     ,1,4/1/2024,2,13:00,DENUNCIA,Nivel 3
DELITOS SEXUALES,ACTOS SEXUALES CON MENOR DE CATORCE AÑOS. ART. 209 C.P.,CALI,Los Alcázares,06,-76.490236,3.486135,DOMICILIO,2024,abril     ,1,4/1/2024,2,15:25,DENUNCIA,Nivel 3
DELITOS SEXUALES,ACCESO CARNAL VIOLENTO. ART. 205 C.P.,CALI,Rural,Rural,-76.628667,3.376193,DOMICILIO,2024,abril     ,1,4/1/2024,2,20:30,DENUNCIA,Nivel 3
DELITOS SEXUALES,ACCESO CARNAL ABUSIVO CON MENOR DE CATORCE AÑOS. ART. 208 C.P.,CALI,Chapinero,08,-76.499432,3.444334,DOMICILIO,2024,abril     ,1,4/1/2024,2,00:00,DENUNCIA,Nivel 3
DELITOS SEXUALES,ACCESO CARNAL ABUSIVO CON MENOR DE CATORCE AÑOS. ART. 208 C.P.,CALI,El Poblado II,13,-76.494041,3.420841,CERCA AL DOMICILIO,2024,abril     ,1,4/1/2024,2,12:45,DENUNCIA,Nivel 3
DELITOS SEXUALES,DEMANDA DE EXPLOT.SEX. COMERC. MENOR DE 18 AÑOS Adic. Art 217A C.P. Ley 1329 de 2009,CALI,Rodrigo Lara Bonilla,13,-76.48797,3.4273,DOMICILIO,2024,abril     ,1,4/1/2024,2,09:17,DENUNCIA,Nivel 3
DELITOS SEXUALES,ACCESO CARNAL O ACTO SEXUAL ABUSIVOS CON INCAPAZ DE RESISTIR. ART. 210 C.P.,CALI,El Cedro,19,-76.538012,3.433414,DOMICILIO,2024,abril     ,1,4/1/2024,2,01:30,DENUNCIA,Nivel 3
DELITOS SEXUALES,ACCESO CARNAL ABUSIVO CON MENOR DE CATORCE AÑOS. ART. 208 C.P.,CALI,Desepaz Invicali,21,-76.461792,3.427027,DOMICILIO,2024,abril     ,1,4/1/2024,2,22:00,DENUNCIA,Nivel 3
DELITOS SEXUALES,ACCESO CARNAL VIOLENTO. ART. 205 C.P. ,CALI,Los Guayacanes,05,-76.488998,3.470586,SIN INFORMACION,2024,abril     ,2,4/2/2024,3,03:35,DENUNCIA,Nivel 3
DELITOS SEXUALES,PORNOGRAFIA CON MENORES ART. 218 C.P.,CALI,El Vergel,13,-76.499252,3.413955,DOMICILIO,2024,abril     ,2,4/2/2024,3,07:00,DENUNCIA,Nivel 3
DELITOS SEXUALES,ACCESO CARNAL O ACTO SEXUAL ABUSIVOS CON INCAPAZ DE RESISTIR. ART. 210 C.P.,CALI,Aranjuez,09,-76.521818,3.435698,DOMICILIO,2024,abril     ,2,4/2/2024,3,00:00,DENUNCIA,Nivel 3
DELITOS SEXUALES,PORNOGRAFIA CON MENORES ART. 218 C.P.,CALI,Los Lagos,13,-76.487446,3.431146,DOMICILIO,2024,abril     ,2,4/2/2024,3,09:00,DENUNCIA,Nivel 3
DELITOS SEXUALES,ACCESO CARNAL ABUSIVO CON MENOR DE CATORCE AÑOS. ART. 208 C.P.,CALI,Pampa Linda,19,-76.549695,3.406257,DOMICILIO,2024,abril     ,3,4/3/2024,4,16:00,DENUNCIA,Nivel 3
DELITOS SEXUALES,ACCESO CARNAL VIOLENTO. ART. 205 C.P. ,CALI,El Jardín,11,-76.517183,3.426448,DOMICILIO,2024,abril     ,3,4/3/2024,4,05:00,DENUNCIA,Nivel 3
DELITOS SEXUALES,ACCESO CARNAL VIOLENTO. ART. 205 C.P.,CALI,Caney,17,-76.522737,3.388995,DOMICILIO,2024,abril     ,3,4/3/2024,4,23:30,DENUNCIA,Nivel 3
DELITOS SEXUALES,ACTO SEXUAL VIOLENTO CON MENOR DE CATORCE AÑOS ART. 209 C.P. ,CALI,Ciudadela Floralia,06,-76.495228,3.498417,DOMICILIO,2024,abril     ,4,4/4/2024,5,15:00,DENUNCIA,Nivel 3
DELITOS SEXUALES,ACCESO CARNAL ABUSIVO CON MENOR DE CATORCE AÑOS. ART. 208 C.P.,CALI,Sector Patio Bonito,01,-76.584849,3.45989,DOMICILIO,2024,abril     ,4,4/4/2024,5,20:00,DENUNCIA,Nivel 3
DELITOS SEXUALES,ACTO SEXUAL VIOLENTO CON MENOR DE CATORCE AÑOS ART. 209 C.P. ,CALI,Industrial,08,-76.51188,3.449904,DOMICILIO,2024,abril     ,4,4/4/2024,5,10:35,DENUNCIA,Nivel 3
DELITOS SEXUALES,ACCESO CARNAL O ACTO SEXUAL EN PERSONA PUESTA EN INCAPACIDAD DE RESISTIR. ART. 207 C.P.,CALI,Lleras Restrepo II,13,-76.494856,3.434148,VIA PUBLICA,2024,abril     ,4,4/4/2024,5,20:00,DENUNCIA,Nivel 3
DELITOS SEXUALES,ACTO SEXUAL VIOLENTO CON MENOR DE CATORCE AÑOS ART. 209 C.P. ,CALI,Manuela Beltrán,14,-76.468179,3.422473,VIA PUBLICA,2024,abril     ,4,4/4/2024,5,10:00,DENUNCIA,Nivel 3
DELITOS SEXUALES,ACCESO CARNAL VIOLENTO. ART. 205 C.P.,CALI,Los Naranjos,14,-76.481737,3.434866,VIA PUBLICA,2024,abril     ,5,4/5/2024,6,16:04,DENUNCIA,Nivel 3
DELITOS SEXUALES,ACTO SEXUAL VIOLENTO CON MENOR DE CATORCE AÑOS ART. 209 C.P. ,CALI,San Pedro,03,-76.533128,3.449858,DOMICILIO,2024,abril     ,5,4/5/2024,6,08:51,DENUNCIA,Nivel 3
DELITOS SEXUALES,CONSTREÑIMIENTO A LA PROSTITUCION ART. 214 C.P.,CALI,San Cristóbal,10,-76.522243,3.429787,ESTABLECIMIENTO DE COMERCIO,2024,abril     ,6,4/6/2024,7,15:24,DENUNCIA,Nivel 3
DELITOS SEXUALES,ACCESO CARNAL O ACTO SEXUAL ABUSIVOS CON INCAPAZ DE RESISTIR. ART. 210 C.P.,CALI,San Pedro,03,-76.533131,3.449924,VIA PUBLICA,2024,abril     ,6,4/6/2024,7,20:00,DENUNCIA,Nivel 3
DELITOS SEXUALES,ACCESO CARNAL VIOLENTO. ART. 205 C.P.,CALI,San Pedro,03,-76.533131,3.449924,CAMPO ABIERTO,2024,abril     ,6,4/6/2024,7,16:42,DENUNCIA,Nivel 3
DELITOS SEXUALES,ACCESO CARNAL O ACTO SEXUAL ABUSIVOS CON INCAPAZ DE RESISTIR. ART. 210 C.P.,CALI,Calimio Desepaz,21,-76.469601,3.416335,DOMICILIO,2024,abril     ,7,4/7/2024,1,06:00,DENUNCIA,Nivel 3
DELITOS SEXUALES,ACTO SEXUAL VIOLENTO CON MENOR DE CATORCE AÑOS ART. 209 C.P. ,CALI,San Vicente,02,-76.52984,3.467166,DOMICILIO,2024,abril     ,7,4/7/2024,1,17:00,DENUNCIA,Nivel 3
DELITOS SEXUALES,ACOSO SEXUAL ART. 210A C.P.  ADICIONADO LEY 1257 DE 2008,CALI,Santa Mónica Popular,08,-76.511579,3.435094,DOMICILIO,2024,abril     ,7,4/7/2024,1,11:40,DENUNCIA,Nivel 3
DELITOS SEXUALES,ACCESO CARNAL VIOLENTO. ART. 205 C.P.,CALI,Rural,Rural,-76.570515,3.372538,ESTABLECIMIENTO PUBLICO,2024,abril     ,7,4/7/2024,1,00:53,DENUNCIA,Nivel 3
DELITOS SEXUALES,ACCESO CARNAL ABUSIVO CON MENOR DE CATORCE AÑOS. ART. 208 C.P.,CALI,El Diamante,13,-76.504025,3.421329,DOMICILIO,2024,abril     ,7,4/7/2024,1,14:00,DENUNCIA,Nivel 3
DELITOS SEXUALES,ACCESO CARNAL ABUSIVO CON MENOR DE CATORCE AÑOS. ART. 208 C.P.,CALI,Calipso,13,-76.499662,3.426807,DOMICILIO,2024,abril     ,7,4/7/2024,1,15:00,DENUNCIA,Nivel 3
DELITOS SEXUALES,ACTO SEXUAL VIOLENTO. ART. 206 C.P.,CALI,José Manuel Marroquín I,14,-76.474819,3.421746,VIA PUBLICA,2024,abril     ,8,4/8/2024,2,06:40,DENUNCIA,Nivel 3
DELITOS SEXUALES,ACTO SEXUAL VIOLENTO. ART. 206 C.P.,CALI,Antonio Nariño,16,-76.505414,3.413789,DOMICILIO,2024,abril     ,8,4/8/2024,2,10:00,DENUNCIA,Nivel 3
DELITOS SEXUALES,ACCESO CARNAL VIOLENTO. ART. 205 C.P.,CALI,Sector Alto de los Chorros,18,-76.560261,3.391489,DOMICILIO,2024,abril     ,8,4/8/2024,2,18:01,DENUNCIA,Nivel 3
DELITOS SEXUALES,"ADIC.L.679/2001,ART.34.UTILIZAC.O FACILITAC.MEDIOS DE COMUNICAC.PARA OFRECER SERV.SEXUALES DE MENORES",CALI,El Diamante,13,-76.499229,3.421927,VIA PUBLICA,2024,abril     ,8,4/8/2024,2,12:50,DENUNCIA,Nivel 3
DELITOS SEXUALES,ACOSO SEXUAL ART. 210A C.P.  ADICIONADO LEY 1257 DE 2008,CALI,Urbanización Calimio,06,-76.484595,3.488792,SIN INFORMACION,2024,abril     ,8,4/8/2024,2,14:13,DENUNCIA,Nivel 3
DELITOS SEXUALES,DEMANDA DE EXPLOT.SEX. COMERC. MENOR DE 18 AÑOS Adic. Art 217A C.P. Ley 1329 de 2009,CALI,La Floresta,08,-76.511672,3.445686,ESTABLECIMIENTO PUBLICO,2024,abril     ,8,4/8/2024,2,21:16,DENUNCIA,Nivel 3
DELITOS SEXUALES,ACCESO CARNAL O ACTO SEXUAL EN PERSONA PUESTA EN INCAPACIDAD DE RESISTIR. ART. 207 C.P.,CALI,Las Delicias,04,-76.507693,3.462526,DOMICILIO,2024,abril     ,9,4/9/2024,3,16:10,DENUNCIA,Nivel 3
DELITOS SEXUALES,ACCESO CARNAL ABUSIVO CON MENOR DE CATORCE AÑOS. ART. 208 C.P.,CALI,Terrón Colorado,01,-76.561301,3.452476,DOMICILIO,2024,abril     ,9,4/9/2024,3,00:00,DENUNCIA,Nivel 3
DELITOS SEXUALES,ACTO SEXUAL VIOLENTO. ART. 206 C.P.,CALI,Caney,17,-76.51947,3.385977,DOMICILIO,2024,abril     ,9,4/9/2024,3,07:00,DENUNCIA,Nivel 3
DELITOS SEXUALES,ACOSO SEXUAL ART. 210A C.P.  ADICIONADO LEY 1257 DE 2008,CALI,El Vallado,15,-76.50138,3.406401,ESTABLECIMIENTO EDUCATIVO,2024,abril     ,9,4/9/2024,3,13:49,DENUNCIA,Nivel 3
DELITOS SEXUALES,ACCESO CARNAL O ACTO SEXUAL EN PERSONA PUESTA EN INCAPACIDAD DE RESISTIR. ART. 207 C.P.,CALI,Manuela Beltrán,14,-76.47631,3.423885,VIA PUBLICA,2024,abril     ,10,4/10/2024,4,20:00,DENUNCIA,Nivel 3
DELITOS SEXUALES,ACOSO SEXUAL ART. 210A C.P.  ADICIONADO LEY 1257 DE 2008,CALI,República de Israel,16,-76.514974,3.41155,SIN INFORMACION,2024,abril     ,10,4/10/2024,4,21:00,DENUNCIA,Nivel 3
DELITOS SEXUALES,PORNOGRAFIA CON MENORES ART. 218 C.P.,CALI,Alfonso Lopez P. 3a Etapa,07,-76.478703,3.452674,DOMICILIO,2024,abril     ,10,4/10/2024,4,13:30,DENUNCIA,Nivel 3
DELITOS SEXUALES,ACCESO CARNAL VIOLENTO. ART. 205 C.P.,CALI,San Fernando Nuevo,19,-76.543617,3.42694,DOMICILIO,2024,abril     ,10,4/10/2024,4,00:22,DENUNCIA,Nivel 3
DELITOS SEXUALES,PORNOGRAFIA CON MENORES ART. 218 C.P.,CALI,Siete de Agosto,07,-76.485835,3.451241,DOMICILIO,2024,abril     ,10,4/10/2024,4,19:00,DENUNCIA,Nivel 3
DELITOS SEXUALES,ACTOS SEXUALES CON MENOR DE CATORCE AÑOS. ART. 209 C.P.,CALI,San Pedro,03,-76.531595,3.450826,ESTABLECIMIENTO EDUCATIVO,2024,abril     ,10,4/10/2024,4,09:00,DENUNCIA,Nivel 3
DELITOS SEXUALES,ACCESO CARNAL VIOLENTO. ART. 205 C.P.,CALI,Marroquín III,13,-76.484108,3.434088,VIA PUBLICA,2024,abril     ,10,4/10/2024,4,20:00,DENUNCIA,Nivel 3
DELITOS SEXUALES,ACCESO CARNAL ABUSIVO CON MENOR DE CATORCE AÑOS. ART. 208 C.P.,CALI,Junín,09,-76.527971,3.434595,DOMICILIO,2024,abril     ,10,4/10/2024,4,14:24,DENUNCIA,Nivel 3
DELITOS SEXUALES,ACOSO SEXUAL ART. 210A C.P.  ADICIONADO LEY 1257 DE 2008,CALI,Lleras Camargo,20,-76.560786,3.420262,DOMICILIO,2024,abril     ,11,4/11/2024,5,05:34,DENUNCIA,Nivel 3
DELITOS SEXUALES,ACCESO CARNAL O ACTO SEXUAL ABUSIVOS CON INCAPAZ DE RESISTIR. ART. 210 C.P.,CALI,El Lido,19,-76.553468,3.416989,DOMICILIO,2024,abril     ,11,4/11/2024,5,17:03,DENUNCIA,Nivel 3
DELITOS SEXUALES,ACCESO CARNAL ABUSIVO CON MENOR DE CATORCE AÑOS. ART. 208 C.P.,CALI,Villa del Prado - El Guabito,05,-76.486298,3.468756,DOMICILIO,2024,abril     ,11,4/11/2024,5,11:04,DENUNCIA,Nivel 3
DELITOS SEXUALES,PORNOGRAFIA CON MENORES ART. 218 C.P.,CALI,Vipasa,02,-76.517133,3.481627,SIN INFORMACION,2024,abril     ,11,4/11/2024,5,19:11,DENUNCIA,Nivel 3
DELITOS SEXUALES,ACTO SEXUAL VIOLENTO. ART. 206 C.P.,CALI,El Hoyo,03,-76.52728,3.457024,DOMICILIO,2024,abril     ,11,4/11/2024,5,15:04,DENUNCIA,Nivel 3
DELITOS SEXUALES,ACCESO CARNAL O ACTO SEXUAL ABUSIVOS CON INCAPAZ DE RESISTIR. ART. 210 C.P.,CALI,Aguablanca,11,-76.518954,3.429529,DOMICILIO,2024,abril     ,12,4/12/2024,6,10:07,DENUNCIA,Nivel 3
DELITOS SEXUALES,ACTOS SEXUALES CON MENOR DE CATORCE AÑOS. ART. 209 C.P.,CALI,Brisas del Limonar,16,-76.522837,3.401524,DOMICILIO,2024,abril     ,12,4/12/2024,6,19:30,DENUNCIA,Nivel 3
DELITOS SEXUALES,ACCESO CARNAL ABUSIVO CON MENOR DE CATORCE AÑOS. ART. 208 C.P.,CALI,Salomia,04,-76.506918,3.466773,DOMICILIO,2024,abril     ,12,4/12/2024,6,14:30,DENUNCIA,Nivel 3
DELITOS SEXUALES,ACTO SEXUAL VIOLENTO CON MENOR DE CATORCE AÑOS ART. 209 C.P. ,CALI,Los Lideres,21,-76.464704,3.418892,DOMICILIO,2024,abril     ,12,4/12/2024,6,00:00,DENUNCIA,Nivel 3
DELITOS SEXUALES,ACTO SEXUAL VIOLENTO CON MENOR DE CATORCE AÑOS ART. 209 C.P. ,CALI,Terrón Colorado,01,-76.557298,3.453897,ESTABLECIMIENTO EDUCATIVO,2024,abril     ,12,4/12/2024,6,07:45,DENUNCIA,Nivel 3
DELITOS SEXUALES,ACTOS SEXUALES CON MENOR DE CATORCE AÑOS. ART. 209 C.P.,CALI,Brisas del Limonar,16,-76.522837,3.401524,DOMICILIO,2024,abril     ,12,4/12/2024,6,19:30,DENUNCIA,Nivel 3
DELITOS SEXUALES,ACOSO SEXUAL ART. 210A C.P.  ADICIONADO LEY 1257 DE 2008,CALI,El Refugio,19,-76.551553,3.396684,DOMICILIO,2024,abril     ,13,4/13/2024,7,10:00,DENUNCIA,Nivel 3
DELITOS SEXUALES,ACCESO CARNAL VIOLENTO. ART. 205 C.P.,CALI,Aguablanca,11,-76.518301,3.432244,DOMICILIO,2024,abril     ,14,4/14/2024,1,23:00,DENUNCIA,Nivel 3
DELITOS SEXUALES,ACCESO CARNAL O ACTO SEXUAL ABUSIVOS CON INCAPAZ DE RESISTIR. ART. 210 C.P.,CALI,Siete de Agosto,07,-76.484814,3.447631,DOMICILIO,2024,abril     ,14,4/14/2024,1,05:30,DENUNCIA,Nivel 3
DELITOS SEXUALES,ACCESO CARNAL ABUSIVO CON MENOR DE CATORCE AÑOS. ART. 208 C.P.,CALI,Potrero Grande,21,-76.468086,3.405539,DOMICILIO,2024,abril     ,14,4/14/2024,1,17:00,DENUNCIA,Nivel 3
DELITOS SEXUALES,ACOSO SEXUAL ART. 210A C.P.  ADICIONADO LEY 1257 DE 2008,CALI,San Fernando Viejo,19,-76.54504,3.438586,SIN INFORMACION,2024,abril     ,14,4/14/2024,1,07:00,DENUNCIA,Nivel 3
DELITOS SEXUALES,ACTO SEXUAL VIOLENTO. ART. 206 C.P.,CALI,Chiminangos I,05,-76.490701,3.477156,VIA PUBLICA,2024,abril     ,14,4/14/2024,1,15:35,DENUNCIA,Nivel 3
DELITOS SEXUALES,ACTO SEXUAL VIOLENTO CON MENOR DE CATORCE AÑOS ART. 209 C.P. ,CALI,El Bosque,02,-76.52966,3.483493,DOMICILIO,2024,abril     ,14,4/14/2024,1,10:30,DENUNCIA,Nivel 3
DELITOS SEXUALES,ACCESO CARNAL VIOLENTO. ART. 205 C.P.,CALI,Los Parques Barranquilla,05,-76.498138,3.479682,DOMICILIO,2024,abril     ,14,4/14/2024,1,00:30,DENUNCIA,Nivel 3
DELITOS SEXUALES,ACOSO SEXUAL ART. 210A C.P.  ADICIONADO LEY 1257 DE 2008,CALI,Caney,17,-76.51893,3.382797,DOMICILIO,2024,abril     ,14,4/14/2024,1,19:30,DENUNCIA,Nivel 3
DELITOS SEXUALES,ACCESO CARNAL O ACTO SEXUAL EN PERSONA PUESTA EN INCAPACIDAD DE RESISTIR. ART. 207 C.P.,CALI,José Manuel Marroquín I,14,-76.478631,3.422927,DOMICILIO,2024,abril     ,15,4/15/2024,2,12:30,DENUNCIA,Nivel 3
DELITOS SEXUALES,ACTOS SEXUALES CON MENOR DE CATORCE AÑOS. ART. 209 C.P.,CALI,San Marino,07,-76.487397,3.460486,SIN INFORMACION,2024,abril     ,15,4/15/2024,2,18:30,DENUNCIA,Nivel 3
DELITOS SEXUALES,ACTO SEXUAL VIOLENTO CON MENOR DE CATORCE AÑOS ART. 209 C.P. ,CALI,Sector Alto de los Chorros,18,-76.561449,3.389012,DOMICILIO,2024,abril     ,15,4/15/2024,2,20:40,DENUNCIA,Nivel 3
DELITOS SEXUALES,ACTO SEXUAL VIOLENTO. ART. 206 C.P.,CALI,San Fernando Viejo,19,-76.545112,3.437228,VIA PUBLICA,2024,abril     ,15,4/15/2024,2,15:30,DENUNCIA,Nivel 3
DELITOS SEXUALES,ACCESO CARNAL VIOLENTO. ART. 205 C.P.,CALI,San Fernando Viejo,19,-76.545125,3.435381,SIN INFORMACION,2024,abril     ,15,4/15/2024,2,21:00,DENUNCIA,Nivel 3
DELITOS SEXUALES,ACTOS SEXUALES CON MENOR DE CATORCE AÑOS. ART. 209 C.P.,CALI,Unión de Vivienda Popular,16,-76.508034,3.409598,DOMICILIO,2024,abril     ,15,4/15/2024,2,08:51,DENUNCIA,Nivel 3
DELITOS SEXUALES,ACOSO SEXUAL ART. 210A C.P.  ADICIONADO LEY 1257 DE 2008,CALI,San Vicente,02,-76.52752,3.47056,ESTABLECIMIENTO EDUCATIVO,2024,abril     ,16,4/16/2024,3,16:09,DENUNCIA,Nivel 3
DELITOS SEXUALES,ACTO SEXUAL VIOLENTO CON MENOR DE CATORCE AÑOS ART. 209 C.P. ,CALI,Caney,17,-76.519408,3.385197,DOMICILIO,2024,abril     ,16,4/16/2024,3,16:14,DENUNCIA,Nivel 3
DELITOS SEXUALES,ACTOS SEXUALES CON MENOR DE CATORCE AÑOS. ART. 209 C.P.,CALI,San Vicente,02,-76.52982,3.467147,SIN INFORMACION,2024,abril     ,16,4/16/2024,3,13:18,DENUNCIA,Nivel 3
DELITOS SEXUALES,ACTO SEXUAL VIOLENTO CON MENOR DE CATORCE AÑOS ART. 209 C.P. ,CALI,Los Comuneros I,15,-76.493022,3.408202,ESTABLECIMIENTO EDUCATIVO,2024,abril     ,16,4/16/2024,3,14:38,DENUNCIA,Nivel 3
DELITOS SEXUALES,ACCESO CARNAL VIOLENTO. ART. 205 C.P.,CALI,Mojica,15,-76.485269,3.416106,DOMICILIO,2024,abril     ,16,4/16/2024,3,18:11,DENUNCIA,Nivel 3
DELITOS SEXUALES,ACTO SEXUAL VIOLENTO CON MENOR DE CATORCE AÑOS ART. 209 C.P. ,CALI,Mojica,15,-76.48485,3.415584,DOMICILIO,2024,abril     ,17,4/17/2024,4,17:00,DENUNCIA,Nivel 3
DELITOS SEXUALES,ACTOS SEXUALES CON MENOR DE CATORCE AÑOS. ART. 209 C.P.,CALI,Petecuy Primera Etapa,06,-76.47674,3.473199,TRANSPORTE INSTITUCIONAL,2024,abril     ,17,4/17/2024,4,21:30,DENUNCIA,Nivel 3
DELITOS SEXUALES,ACTO SEXUAL VIOLENTO. ART. 206 C.P.,CALI,Cañaverales - Los Samanes,17,-76.527258,3.398611,DOMICILIO,2024,abril     ,17,4/17/2024,4,22:30,DENUNCIA,Nivel 3
DELITOS SEXUALES,ACCESO CARNAL O ACTO SEXUAL ABUSIVOS CON INCAPAZ DE RESISTIR. ART. 210 C.P.,CALI,Manuela Beltrán,14,-76.472014,3.4202,VIA PUBLICA,2024,abril     ,17,4/17/2024,4,20:16,DENUNCIA,Nivel 3
DELITOS SEXUALES,ACTO SEXUAL VIOLENTO. ART. 206 C.P.,CALI,Los Lagos,13,-76.487686,3.427984,VIA PUBLICA,2024,abril     ,18,4/18/2024,5,20:00,DENUNCIA,Nivel 3
DELITOS SEXUALES,ACOSO SEXUAL ART. 210A C.P.  ADICIONADO LEY 1257 DE 2008,CALI,Polvorines,18,-76.555456,3.37109,DOMICILIO,2024,abril     ,18,4/18/2024,5,10:00,DENUNCIA,Nivel 3
DELITOS SEXUALES,ACTO SEXUAL VIOLENTO CON MENOR DE CATORCE AÑOS ART. 209 C.P. ,CALI,Las Delicias,04,-76.510615,3.460263,OTRO,2024,abril     ,18,4/18/2024,5,11:50,DENUNCIA,Nivel 3
DELITOS SEXUALES,ACOSO SEXUAL ART. 210A C.P.  ADICIONADO LEY 1257 DE 2008,CALI,Rural,Rural,-76.54798,3.487633,ESTABLECIMIENTO EDUCATIVO,2024,abril     ,18,4/18/2024,5,17:30,DENUNCIA,Nivel 3
DELITOS SEXUALES,ACCESO CARNAL ABUSIVO CON MENOR DE CATORCE AÑOS. ART. 208 C.P.,CALI,Chapinero,08,-76.502034,3.44462,SIN INFORMACION,2024,abril     ,19,4/19/2024,6,21:30,DENUNCIA,Nivel 3
DELITOS SEXUALES,ACTO SEXUAL VIOLENTO CON MENOR DE CATORCE AÑOS ART. 209 C.P. ,CALI,Horizontes,18,-76.549661,3.374917,DOMICILIO,2024,abril     ,19,4/19/2024,6,07:00,DENUNCIA,Nivel 3
DELITOS SEXUALES,ACCESO CARNAL ABUSIVO CON MENOR DE CATORCE AÑOS. ART. 208 C.P.,CALI,Lleras Restrepo II,13,-76.491484,3.438359,DOMICILIO,2024,abril     ,19,4/19/2024,6,23:00,DENUNCIA,Nivel 3
DELITOS SEXUALES,ACTOS SEXUALES CON MENOR DE CATORCE AÑOS. ART. 209 C.P.,CALI,Urbanización La Flora,02,-76.515531,3.488495,DOMICILIO,2024,abril     ,20,4/20/2024,7,16:34,DENUNCIA,Nivel 3
DELITOS SEXUALES,ACOSO SEXUAL ART. 210A C.P.  ADICIONADO LEY 1257 DE 2008,CALI,Normandia,02,-76.544374,3.453679,SIN INFORMACION,2024,abril     ,20,4/20/2024,7,13:30,DENUNCIA,Nivel 3
DELITOS SEXUALES,ACTO SEXUAL VIOLENTO. ART. 206 C.P.,CALI,Urbanización San Joaquin,17,-76.526345,3.371353,DOMICILIO,2024,abril     ,20,4/20/2024,7,16:25,DENUNCIA,Nivel 3
DELITOS SEXUALES,ACTO SEXUAL VIOLENTO CON MENOR DE CATORCE AÑOS ART. 209 C.P. ,CALI,Los Lagos,13,-76.484851,3.428831,DOMICILIO,2024,abril     ,20,4/20/2024,7,08:00,DENUNCIA,Nivel 3
DELITOS SEXUALES,ACTO SEXUAL VIOLENTO. ART. 206 C.P.,CALI,Cañaverales - Los Samanes,17,-76.525786,3.400239,DOMICILIO,2024,abril     ,20,4/20/2024,7,10:00,DENUNCIA,Nivel 3
DELITOS SEXUALES,ACTO SEXUAL VIOLENTO CON MENOR DE CATORCE AÑOS ART. 209 C.P. ,CALI,José Manuel Marroquín II,14,-76.482888,3.437099,DOMICILIO,2024,abril     ,21,4/21/2024,1,14:00,DENUNCIA,Nivel 3
DELITOS SEXUALES,ACCESO CARNAL VIOLENTO. ART. 205 C.P.,CALI,Meléndez,18,-76.544254,3.380519,OTRO,2024,abril     ,21,4/21/2024,1,05:00,DENUNCIA,Nivel 3
DELITOS SEXUALES,ACTO SEXUAL VIOLENTO CON MENOR DE CATORCE AÑOS ART. 209 C.P. ,CALI,Villa del Lago,13,-76.488576,3.438199,DOMICILIO,2024,abril     ,21,4/21/2024,1,19:00,DENUNCIA,Nivel 3
DELITOS SEXUALES,ACTO SEXUAL VIOLENTO. ART. 206 C.P.,CALI,Los Andes,05,-76.499618,3.470562,DOMICILIO,2024,abril     ,21,4/21/2024,1,05:12,DENUNCIA,Nivel 3
DELITOS SEXUALES,ACCESO CARNAL O ACTO SEXUAL EN PERSONA PUESTA EN INCAPACIDAD DE RESISTIR. ART. 207 C.P.,CALI,Prados del Norte,02,-76.520622,3.46583,HOTEL / HOSTAL,2024,abril     ,21,4/21/2024,1,15:30,DENUNCIA,Nivel 3
DELITOS SEXUALES,ACTO SEXUAL VIOLENTO. ART. 206 C.P.,CALI,Ciudad Universitaria,17,-76.530574,3.373033,ESTABLECIMIENTO EDUCATIVO,2024,abril     ,22,4/22/2024,2,01:22,DENUNCIA,Nivel 3
DELITOS SEXUALES,,CALI,Sector Cañaveralejo Guadalupe,19,-76.561623,3.410549,ESTABLECIMIENTO EDUCATIVO,2024,abril     ,22,4/22/2024,2,10:00,DENUNCIA,Nivel 3
DELITOS SEXUALES,ACCESO CARNAL O ACTO SEXUAL ABUSIVOS CON INCAPAZ DE RESISTIR. ART. 210 C.P.,CALI,Alfonso Lopez P. 2a Etapa,07,-76.480384,3.462078,VIA PUBLICA,2024,abril     ,22,4/22/2024,2,11:28,DENUNCIA,Nivel 3
DELITOS SEXUALES,ACTO SEXUAL VIOLENTO. ART. 206 C.P.,CALI,Buenos Aires,18,-76.551915,3.39253,DOMICILIO,2024,abril     ,22,4/22/2024,2,16:00,DENUNCIA,Nivel 3
DELITOS SEXUALES,ACCESO CARNAL VIOLENTO. ART. 205 C.P.,CALI,Prados de Oriente,11,-76.512133,3.430717,ESTABLECIMIENTO CARCELARIO,2024,abril     ,22,4/22/2024,2,14:00,DENUNCIA,Nivel 3
DELITOS SEXUALES,ACTO SEXUAL VIOLENTO. ART. 206 C.P.,CALI,Parcelaciones Pance,22,-76.529947,3.341775,DOMICILIO,2024,abril     ,22,4/22/2024,2,09:00,DENUNCIA,Nivel 3
DELITOS SEXUALES,ACCESO CARNAL ABUSIVO CON MENOR DE CATORCE AÑOS. ART. 208 C.P.,CALI,El Limonar,17,-76.529513,3.406511,ESTABLECIMIENTO EDUCATIVO,2024,abril     ,22,4/22/2024,2,10:25,DENUNCIA,Nivel 3
DELITOS SEXUALES,ACCESO CARNAL ABUSIVO CON MENOR DE CATORCE AÑOS. ART. 208 C.P.,CALI,Potrero Grande,21,-76.470224,3.403131,DOMICILIO,2024,abril     ,22,4/22/2024,2,04:00,DENUNCIA,Nivel 3
DELITOS SEXUALES,ACTO SEXUAL VIOLENTO CON MENOR DE CATORCE AÑOS ART. 209 C.P. ,CALI,El Sena,05,-76.501729,3.465346,DOMICILIO,2024,abril     ,22,4/22/2024,2,18:00,DENUNCIA,Nivel 3
DELITOS SEXUALES,ACTO SEXUAL VIOLENTO CON MENOR DE CATORCE AÑOS ART. 209 C.P. ,CALI,Pueblo Joven,20,-76.566667,3.41683,DOMICILIO,2024,abril     ,23,4/23/2024,3,19:30,DENUNCIA,Nivel 3
DELITOS SEXUALES,PORNOGRAFIA CON MENORES ART. 218 C.P.,CALI,Alfonso Bonilla Aragón,14,-76.483143,3.418262,OTRO,2024,abril     ,23,4/23/2024,3,15:25,DENUNCIA,Nivel 3
DELITOS SEXUALES,DEMANDA DE EXPLOT.SEX. COMERC. MENOR DE 18 AÑOS Adic. Art 217A C.P. Ley 1329 de 2009,CALI,Rural,Rural,-76.58977,3.34712,DOMICILIO,2024,abril     ,23,4/23/2024,3,08:45,DENUNCIA,Nivel 3
DELITOS SEXUALES,ACTO SEXUAL VIOLENTO CON MENOR DE CATORCE AÑOS ART. 209 C.P. ,CALI,Nueva Floresta,12,-76.49865,3.433817,SIN INFORMACION,2024,abril     ,24,4/24/2024,4,13:00,DENUNCIA,Nivel 3
DELITOS SEXUALES,ACTOS SEXUALES CON MENOR DE CATORCE AÑOS. ART. 209 C.P.,CALI,San Nicolás,03,-76.518781,3.452981,SIN INFORMACION,2024,abril     ,24,4/24/2024,4,13:14,DENUNCIA,Nivel 3
DELITOS SEXUALES,ACTOS SEXUALES CON MENOR DE CATORCE AÑOS. ART. 209 C.P.,CALI,Laureano Gómez,15,-76.49631,3.412649,DOMICILIO,2024,abril     ,24,4/24/2024,4,08:00,DENUNCIA,Nivel 3
DELITOS SEXUALES,ACCESO CARNAL VIOLENTO. ART. 205 C.P. ,CALI,Calipso,13,-76.497434,3.423862,DOMICILIO,2024,abril     ,24,4/24/2024,4,19:00,DENUNCIA,Nivel 3
DELITOS SEXUALES,ACCESO CARNAL VIOLENTO. ART. 205 C.P.,CALI,Guayaquil,09,-76.52468,3.438016,CAMPO ABIERTO,2024,abril     ,24,4/24/2024,4,11:30,DENUNCIA,Nivel 3
DELITOS SEXUALES,ACTOS SEXUALES CON MENOR DE CATORCE AÑOS. ART. 209 C.P.,CALI,Desepaz Invicali,21,-76.463568,3.423065,ESTABLECIMIENTO DE SALUD,2024,abril     ,25,4/25/2024,5,11:00,DENUNCIA,Nivel 3
DELITOS SEXUALES,ACCESO CARNAL O ACTO SEXUAL EN PERSONA PUESTA EN INCAPACIDAD DE RESISTIR. ART. 207 C.P.,CALI,Santa Fé,08,-76.50814,3.438034,OTRO,2024,abril     ,25,4/25/2024,5,20:30,DENUNCIA,Nivel 3
DELITOS SEXUALES,ACTOS SEXUALES CON MENOR DE CATORCE AÑOS. ART. 209 C.P.,CALI,El Poblado I,13,-76.496423,3.420508,DOMICILIO,2024,abril     ,25,4/25/2024,5,00:00,DENUNCIA,Nivel 3
DELITOS SEXUALES,ACCESO CARNAL O ACTO SEXUAL EN PERSONA PUESTA EN INCAPACIDAD DE RESISTIR. ART. 207 C.P.,CALI,San Pedro,03,-76.531798,3.452236,SIN INFORMACION,2024,abril     ,25,4/25/2024,5,14:00,DENUNCIA,Nivel 3
DELITOS SEXUALES,ACTO SEXUAL VIOLENTO. ART. 206 C.P.,CALI,Siloé,20,-76.559246,3.418078,DOMICILIO,2024,abril     ,26,4/26/2024,6,07:00,DENUNCIA,Nivel 3
DELITOS SEXUALES,PORNOGRAFIA CON MENORES ART. 218 C.P.,CALI,Caney,17,-76.520606,3.388699,DOMICILIO,2024,abril     ,26,4/26/2024,6,08:00,DENUNCIA,Nivel 3
DELITOS SEXUALES,PORNOGRAFIA CON MENORES ART. 218 C.P.,CALI,Terrón Colorado,01,-76.566716,3.451138,DOMICILIO,2024,abril     ,26,4/26/2024,6,13:00,DENUNCIA,Nivel 3
DELITOS SEXUALES,ACTO SEXUAL VIOLENTO. ART. 206 C.P.,CALI,Mariano Ramos,16,-76.512674,3.403483,DOMICILIO,2024,abril     ,27,4/27/2024,7,14:10,DENUNCIA,Nivel 3
DELITOS SEXUALES,ACTO SEXUAL VIOLENTO. ART. 206 C.P.,CALI,Rural,Rural,-76.567367,3.389175,DOMICILIO,2024,abril     ,27,4/27/2024,7,15:38,DENUNCIA,Nivel 3
DELITOS SEXUALES,ACTO SEXUAL VIOLENTO CON MENOR DE CATORCE AÑOS ART. 209 C.P. ,CALI,San Pedro,03,-76.532476,3.451951,VIA PUBLICA,2024,abril     ,28,4/28/2024,1,20:22,DENUNCIA,Nivel 3
DELITOS SEXUALES,ACCESO CARNAL O ACTO SEXUAL ABUSIVOS CON INCAPAZ DE RESISTIR. ART. 210 C.P.,CALI,Antonio Nariño,16,-76.507656,3.415492,VIA PUBLICA,2024,abril     ,28,4/28/2024,1,22:30,DENUNCIA,Nivel 3
DELITOS SEXUALES,ACCESO CARNAL VIOLENTO. ART. 205 C.P.,CALI,San Nicolás,03,-76.523033,3.454554,HOTEL / HOSTAL,2024,abril     ,28,4/28/2024,1,16:00,DENUNCIA,Nivel 3
DELITOS SEXUALES,ACCESO CARNAL ABUSIVO CON MENOR DE CATORCE AÑOS. ART. 208 C.P.,CALI,Urbanización La Nueva Base,08,-76.489214,3.448847,DOMICILIO,2024,abril     ,28,4/28/2024,1,17:34,DENUNCIA,Nivel 3
DELITOS SEXUALES,ACCESO CARNAL VIOLENTO. ART. 205 C.P.,CALI,Ciudad Córdoba,15,-76.505091,3.405078,DOMICILIO,2024,abril     ,28,4/28/2024,1,08:30,DENUNCIA,Nivel 3
DELITOS SEXUALES,ACOSO SEXUAL ART. 210A C.P.  ADICIONADO LEY 1257 DE 2008,CALI,Las Delicias,04,-76.508433,3.462778,SIN INFORMACION,2024,abril     ,28,4/28/2024,1,22:24,DENUNCIA,Nivel 3
DELITOS SEXUALES,ACTO SEXUAL VIOLENTO. ART. 206 C.P.,CALI,El Trébol,08,-76.497201,3.445613,DOMICILIO,2024,abril     ,28,4/28/2024,1,21:00,DENUNCIA,Nivel 3
DELITOS SEXUALES,ACCESO CARNAL ABUSIVO CON MENOR DE CATORCE AÑOS. ART. 208 C.P.,CALI,Alirio Mora Beltrán,14,-76.479165,3.438711,DOMICILIO,2024,abril     ,29,4/29/2024,2,06:00,DENUNCIA,Nivel 3
DELITOS SEXUALES,ACOSO SEXUAL ART. 210A C.P.  ADICIONADO LEY 1257 DE 2008,CALI,San Fernando Viejo,19,-76.543892,3.43211,ESTABLECIMIENTO EDUCATIVO,2024,abril     ,29,4/29/2024,2,10:30,DENUNCIA,Nivel 3
DELITOS SEXUALES,ACTO SEXUAL VIOLENTO. ART. 206 C.P.,CALI,Mojica,15,-76.48386,3.415032,HOTEL / HOSTAL,2024,abril     ,30,4/30/2024,3,20:00,DENUNCIA,Nivel 3
DELITOS SEXUALES,ACTO SEXUAL VIOLENTO. ART. 206 C.P.,CALI,Primitivo Crespo,08,-76.51576,3.440363,DOMICILIO,2024,abril     ,30,4/30/2024,3,19:30,DENUNCIA,Nivel 3
DELITOS SEXUALES,ACTO SEXUAL VIOLENTO. ART. 206 C.P.,CALI,El Morichal,15,-76.508518,3.395435,DOMICILIO,2024,abril     ,30,4/30/2024,3,11:00,DENUNCIA,Nivel 3
DELITOS SEXUALES,ACTO SEXUAL VIOLENTO. ART. 206 C.P.,CALI,Los Conquistadores,11,-76.507658,3.425836,DOMICILIO,2024,mayo      ,1,5/1/2024,4,00:00,DENUNCIA,Nivel 3
DELITOS SEXUALES,PORNOGRAFIA CON MENORES ART. 218 C.P.,CALI,Guillermo Valencia,04,-76.510398,3.473646,VIA PUBLICA,2024,mayo      ,1,5/1/2024,4,09:00,DENUNCIA,Nivel 3
DELITOS SEXUALES,ACTO SEXUAL VIOLENTO CON MENOR DE CATORCE AÑOS ART. 209 C.P. ,CALI,El Guabal,10,-76.527913,3.414329,DOMICILIO,2024,mayo      ,1,5/1/2024,4,01:00,DENUNCIA,Nivel 3
DELITOS SEXUALES,PORNOGRAFIA CON MENORES ART. 218 C.P.,CALI,San Benito,11,-76.508069,3.427791,DOMICILIO,2024,mayo      ,1,5/1/2024,4,10:00,DENUNCIA,Nivel 3
DELITOS SEXUALES,ACCESO CARNAL VIOLENTO. ART. 205 C.P.,CALI,Urbanización San Joaquin,17,-76.526345,3.371353,ESTABLECIMIENTO DE SALUD,2024,mayo      ,1,5/1/2024,4,16:10,DENUNCIA,Nivel 3
DELITOS SEXUALES,ACCESO CARNAL VIOLENTO. ART. 205 C.P.,CALI,Rural,Rural,-76.567824,3.373495,ESTABLECIMIENTO PUBLICO,2024,mayo      ,1,5/1/2024,4,10:12,DENUNCIA,Nivel 3
DELITOS SEXUALES,ACTO SEXUAL VIOLENTO. ART. 206 C.P.,CALI,Porvenir,04,-76.515371,3.460147,DOMICILIO,2024,mayo      ,2,5/2/2024,5,08:59,DENUNCIA,Nivel 3
DELITOS SEXUALES,ACTOS SEXUALES CON MENOR DE CATORCE AÑOS. ART. 209 C.P.,CALI,Cristóbal Colón,10,-76.522934,3.420778,SIN INFORMACION,2024,mayo      ,2,5/2/2024,5,03:00,DENUNCIA,Nivel 3
DELITOS SEXUALES,ACCESO CARNAL VIOLENTO. ART. 205 C.P. ,CALI,Unidad Residencial Bueno Madrid,04,-76.515341,3.467936,DOMICILIO,2024,mayo      ,2,5/2/2024,5,16:08,DENUNCIA,Nivel 3
DELITOS SEXUALES,ACCESO CARNAL VIOLENTO. ART. 205 C.P.,CALI,Lili,17,-76.521534,3.364397,VIA PUBLICA,2024,mayo      ,3,5/3/2024,6,19:00,DENUNCIA,Nivel 3
DELITOS SEXUALES,ACTOS SEXUALES CON MENOR DE CATORCE AÑOS. ART. 209 C.P.,CALI,Los Andes,05,-76.49488,3.472325,SIN INFORMACION,2024,mayo      ,3,5/3/2024,6,19:00,DENUNCIA,Nivel 3
DELITOS SEXUALES,ACCESO CARNAL VIOLENTO. ART. 205 C.P.,CALI,El Calvario,03,-76.52908,3.447793,DOMICILIO,2024,mayo      ,3,5/3/2024,6,22:07,DENUNCIA,Nivel 3
DELITOS SEXUALES,ACCESO CARNAL VIOLENTO. ART. 205 C.P.,CALI,Lili,17,-76.521534,3.364397,VIA PUBLICA,2024,mayo      ,3,5/3/2024,6,19:00,DENUNCIA,Nivel 3
DELITOS SEXUALES,ACTO SEXUAL VIOLENTO CON MENOR DE CATORCE AÑOS ART. 209 C.P. ,CALI,El Rodeo,12,-76.506412,3.434767,DOMICILIO,2024,mayo      ,3,5/3/2024,6,16:53,DENUNCIA,Nivel 3
DELITOS SEXUALES,ACOSO SEXUAL ART. 210A C.P.  ADICIONADO LEY 1257 DE 2008,CALI,Los Lagos,13,-76.486089,3.430545,ESTABLECIMIENTO EDUCATIVO,2024,mayo      ,3,5/3/2024,6,10:57,DENUNCIA,Nivel 3
DELITOS SEXUALES,ACOSO SEXUAL ART. 210A C.P.  ADICIONADO LEY 1257 DE 2008,CALI,Chipichape,02,-76.528234,3.476565,ESTABLECIMIENTO DE COMERCIO,2024,mayo      ,3,5/3/2024,6,08:42,DENUNCIA,Nivel 3
DELITOS SEXUALES,ACCESO CARNAL ABUSIVO CON MENOR DE CATORCE AÑOS. ART. 208 C.P.,CALI,Ciudadela del Rio - CVC,21,-76.467024,3.429459,EDIFICIO,2024,mayo      ,3,5/3/2024,6,00:00,DENUNCIA,Nivel 3
DELITOS SEXUALES,PORNOGRAFIA CON MENORES ART. 218 C.P.,CALI,Brisas de Los Álamos,02,-76.50655,3.492591,SIN INFORMACION,2024,mayo      ,4,5/4/2024,7,16:40,DENUNCIA,Nivel 3
DELITOS SEXUALES,ACCESO CARNAL VIOLENTO. ART. 205 C.P.,CALI,Mojica,15,-76.489305,3.414078,DOMICILIO,2024,mayo      ,4,5/4/2024,7,13:00,DENUNCIA,Nivel 3
DELITOS SEXUALES,"ADIC.L.679/2001,ART.34.UTILIZAC.O FACILITAC.MEDIOS DE COMUNICAC.PARA OFRECER SERV.SEXUALES DE MENORES",CALI,Los Comuneros I,15,-76.493035,3.407831,DOMICILIO,2024,mayo      ,4,5/4/2024,7,13:30,DENUNCIA,Nivel 3
DELITOS SEXUALES,ACOSO SEXUAL ART. 210A C.P.  ADICIONADO LEY 1257 DE 2008,CALI,Santa Mónica,02,-76.527722,3.473095,DOMICILIO,2024,mayo      ,4,5/4/2024,7,14:00,DENUNCIA,Nivel 3
DELITOS SEXUALES,ACCESO CARNAL O ACTO SEXUAL ABUSIVOS CON INCAPAZ DE RESISTIR. ART. 210 C.P.,CALI,San Pedro,03,-76.534795,3.452516,VIA PUBLICA,2024,mayo      ,4,5/4/2024,7,20:00,DENUNCIA,Nivel 3
DELITOS SEXUALES,ACCESO CARNAL O ACTO SEXUAL ABUSIVOS CON INCAPAZ DE RESISTIR. ART. 210 C.P.,CALI,Brisas de Mayo,20,-76.562218,3.417424,DOMICILIO,2024,mayo      ,4,5/4/2024,7,01:00,DENUNCIA,Nivel 3
DELITOS SEXUALES,ACCESO CARNAL VIOLENTO. ART. 205 C.P. ,CALI,3 de Julio,19,-76.540193,3.435787,DOMICILIO,2024,mayo      ,4,5/4/2024,7,05:00,DENUNCIA,Nivel 3
DELITOS SEXUALES,ACTO SEXUAL VIOLENTO CON MENOR DE CATORCE AÑOS ART. 209 C.P. ,CALI,Ciudad Capri,17,-76.541914,3.3909,DOMICILIO,2024,mayo      ,5,5/5/2024,1,19:00,DENUNCIA,Nivel 3
DELITOS SEXUALES,ACCESO CARNAL VIOLENTO. ART. 205 C.P. ,CALI,El Guabal,10,-76.528794,3.415611,DOMICILIO,2024,mayo      ,5,5/5/2024,1,09:00,DENUNCIA,Nivel 3
DELITOS SEXUALES,ACCESO CARNAL VIOLENTO. ART. 205 C.P.,CALI,San Cristóbal,10,-76.521466,3.431448,VIA PUBLICA,2024,mayo      ,5,5/5/2024,1,22:30,DENUNCIA,Nivel 3
DELITOS SEXUALES,ACTO SEXUAL VIOLENTO. ART. 206 C.P.,CALI,El Vallado,15,-76.499028,3.403669,DOMICILIO,2024,mayo      ,6,5/6/2024,2,13:30,DENUNCIA,Nivel 3
DELITOS SEXUALES,DEMANDA DE EXPLOT.SEX. COMERC. MENOR DE 18 AÑOS Adic. Art 217A C.P. Ley 1329 de 2009,CALI,San Nicolás,03,-76.523033,3.454554,HOTEL / HOSTAL,2024,mayo      ,6,5/6/2024,2,17:33,DENUNCIA,Nivel 3
DELITOS SEXUALES,ACTO SEXUAL VIOLENTO CON MENOR DE CATORCE AÑOS ART. 209 C.P. ,CALI,Ciudadela Floralia,06,-76.491853,3.499226,DOMICILIO,2024,mayo      ,6,5/6/2024,2,09:00,DENUNCIA,Nivel 3
DELITOS SEXUALES,ACCESO CARNAL VIOLENTO. ART. 205 C.P.,CALI,La Rivera I,06,-76.485972,3.471894,DOMICILIO,2024,mayo      ,6,5/6/2024,2,16:12,DENUNCIA,Nivel 3
DELITOS SEXUALES,ACCESO CARNAL VIOLENTO. ART. 205 C.P.,CALI,Santa Fé,08,-76.505152,3.439764,DOMICILIO,2024,mayo      ,7,5/7/2024,3,00:00,DENUNCIA,Nivel 3
DELITOS SEXUALES,ACCESO CARNAL ABUSIVO CON MENOR DE CATORCE AÑOS. ART. 208 C.P.,CALI,San Nicolás,03,-76.51878,3.452952,DOMICILIO,2024,mayo      ,7,5/7/2024,3,20:00,DENUNCIA,Nivel 3
DELITOS SEXUALES,PORNOGRAFIA CON MENORES ART. 218 C.P.,CALI,Santa Mónica Popular,08,-76.510483,3.438268,DOMICILIO,2024,mayo      ,7,5/7/2024,3,11:10,DENUNCIA,Nivel 3
DELITOS SEXUALES,ACCESO CARNAL ABUSIVO CON MENOR DE CATORCE AÑOS. ART. 208 C.P.,CALI,El Poblado I,13,-76.497578,3.420756,DOMICILIO,2024,mayo      ,7,5/7/2024,3,00:00,DENUNCIA,Nivel 3
DELITOS SEXUALES,ACCESO CARNAL VIOLENTO. ART. 205 C.P.,CALI,20 de Julio,11,-76.5117,3.433054,DOMICILIO,2024,mayo      ,7,5/7/2024,3,12:00,DENUNCIA,Nivel 3
DELITOS SEXUALES,ACCESO CARNAL ABUSIVO CON MENOR DE CATORCE AÑOS. ART. 208 C.P.,CALI,Urbanización Tequendama,19,-76.543759,3.422321,DOMICILIO,2024,mayo      ,7,5/7/2024,3,09:00,DENUNCIA,Nivel 3
DELITOS SEXUALES,ACCESO CARNAL ABUSIVO CON MENOR DE CATORCE AÑOS. ART. 208 C.P.,CALI,Los Lagos,13,-76.485355,3.430081,DOMICILIO,2024,mayo      ,8,5/8/2024,4,13:00,DENUNCIA,Nivel 3
DELITOS SEXUALES,ACTO SEXUAL VIOLENTO. ART. 206 C.P.,CALI,Ricardo Balcázar,13,-76.492615,3.43249,DOMICILIO,2024,mayo      ,8,5/8/2024,4,06:00,DENUNCIA,Nivel 3
DELITOS SEXUALES,ACTO SEXUAL VIOLENTO CON MENOR DE CATORCE AÑOS ART. 209 C.P. ,CALI,Urbanización Tequendama,19,-76.54395,3.420666,EDIFICIO,2024,mayo      ,9,5/9/2024,5,15:34,DENUNCIA,Nivel 3
DELITOS SEXUALES,ACCESO CARNAL VIOLENTO. ART. 205 C.P.,CALI,PP1,81,-76.522768,3.351091,VIA PUBLICA,2024,mayo      ,9,5/9/2024,5,01:10,DENUNCIA,Nivel 3
DELITOS SEXUALES,ACCESO CARNAL VIOLENTO. ART. 205 C.P.,CALI,San Luís,06,-76.485648,3.47767,DOMICILIO,2024,mayo      ,9,5/9/2024,5,10:03,DENUNCIA,Nivel 3
DELITOS SEXUALES,ACCESO CARNAL ABUSIVO CON MENOR DE CATORCE AÑOS. ART. 208 C.P.,CALI,Ciudad Córdoba,15,-76.512865,3.394627,DOMICILIO,2024,mayo      ,10,5/10/2024,6,22:18,DENUNCIA,Nivel 3
DELITOS SEXUALES,ACTO SEXUAL VIOLENTO. ART. 206 C.P.,CALI,León XIII,11,-76.509258,3.426651,EDIFICIO,2024,mayo      ,10,5/10/2024,6,22:30,DENUNCIA,Nivel 3
DELITOS SEXUALES,ACCESO CARNAL VIOLENTO. ART. 205 C.P.,CALI,Nueva Tequendama,19,-76.541813,3.415225,DOMICILIO,2024,mayo      ,10,5/10/2024,6,00:00,DENUNCIA,Nivel 3
DELITOS SEXUALES,ACOSO SEXUAL ART. 210A C.P.  ADICIONADO LEY 1257 DE 2008,CALI,Sector Laguna del Pondaje,13,-76.491277,3.426436,DOMICILIO,2024,mayo      ,10,5/10/2024,6,22:00,DENUNCIA,Nivel 3
DELITOS SEXUALES,ACCESO CARNAL ABUSIVO CON MENOR DE CATORCE AÑOS. ART. 208 C.P.,CALI,Petecuy Primera Etapa,06,-76.479124,3.472725,DOMICILIO,2024,mayo      ,11,5/11/2024,7,16:00,DENUNCIA,Nivel 3
DELITOS SEXUALES,ACTO SEXUAL VIOLENTO. ART. 206 C.P.,CALI,Jorge Eliécer Gaitán,06,-76.48256,3.467117,DOMICILIO,2024,mayo      ,11,5/11/2024,7,14:30,DENUNCIA,Nivel 3
DELITOS SEXUALES,ACCESO CARNAL O ACTO SEXUAL EN PERSONA PUESTA EN INCAPACIDAD DE RESISTIR. ART. 207 C.P.,CALI,Flora Industrial,04,-76.505564,3.481619,VIA PUBLICA,2024,mayo      ,11,5/11/2024,7,08:00,DENUNCIA,Nivel 3
DELITOS SEXUALES,ACTOS SEXUALES CON MENOR DE CATORCE AÑOS. ART. 209 C.P.,CALI,El Jordán,18,-76.552615,3.373137,DOMICILIO,2024,mayo      ,11,5/11/2024,7,14:30,DENUNCIA,Nivel 3
DELITOS SEXUALES,ACTO SEXUAL VIOLENTO. ART. 206 C.P.,CALI,El Paraíso,12,-76.507228,3.431839,DOMICILIO,2024,mayo      ,12,5/12/2024,1,13:00,DENUNCIA,Nivel 3
DELITOS SEXUALES,ACTO SEXUAL VIOLENTO. ART. 206 C.P.,CALI,Parcelaciones Pance,22,-76.527285,3.357895,SIN INFORMACION,2024,mayo      ,12,5/12/2024,1,05:30,DENUNCIA,Nivel 3
DELITOS SEXUALES,ACTO SEXUAL VIOLENTO. ART. 206 C.P.,CALI,Rural,Rural,-76.562668,3.332367,FINCA,2024,mayo      ,12,5/12/2024,1,20:00,DENUNCIA,Nivel 3
DELITOS SEXUALES,ACTO SEXUAL VIOLENTO CON MENOR DE CATORCE AÑOS ART. 209 C.P. ,CALI,Ciudadela Floralia,06,-76.496669,3.495956,RED VIRTUAL O INTERNET,2024,mayo      ,13,5/13/2024,2,22:00,DENUNCIA,Nivel 3
DELITOS SEXUALES,ACTO SEXUAL VIOLENTO CON MENOR DE CATORCE AÑOS ART. 209 C.P. ,CALI,El Retiro,15,-76.49939,3.410533,DOMICILIO,2024,mayo      ,13,5/13/2024,2,09:00,DENUNCIA,Nivel 3
DELITOS SEXUALES,ACOSO SEXUAL ART. 210A C.P.  ADICIONADO LEY 1257 DE 2008,CALI,Lourdes,18,-76.556154,3.391816,SIN INFORMACION,2024,mayo      ,14,5/14/2024,3,13:00,DENUNCIA,Nivel 3
DELITOS SEXUALES,ACCESO CARNAL VIOLENTO. ART. 205 C.P.,CALI,San Pedro,03,-76.533131,3.449924,VIA PUBLICA,2024,mayo      ,14,5/14/2024,3,18:22,DENUNCIA,Nivel 3
DELITOS SEXUALES,PORNOGRAFIA CON MENORES ART. 218 C.P.,CALI,Jorge Eliécer Gaitán,06,-76.482029,3.469759,DOMICILIO,2024,mayo      ,14,5/14/2024,3,09:35,DENUNCIA,Nivel 3
DELITOS SEXUALES,ACTO SEXUAL VIOLENTO. ART. 206 C.P.,CALI,Ciudad de Los Álamos,02,-76.506407,3.486726,VIA PUBLICA,2024,mayo      ,14,5/14/2024,3,05:30,DENUNCIA,Nivel 3
DELITOS SEXUALES,ACTOS SEXUALES CON MENOR DE CATORCE AÑOS. ART. 209 C.P.,CALI,Ulpiano Lloreda,13,-76.490804,3.440527,SIN INFORMACION,2024,mayo      ,14,5/14/2024,3,09:00,DENUNCIA,Nivel 3
DELITOS SEXUALES,ACTOS SEXUALES CON MENOR DE CATORCE AÑOS. ART. 209 C.P.,CALI,Ciudadela Floralia,06,-76.495027,3.499628,DOMICILIO,2024,mayo      ,15,5/15/2024,4,12:02,DENUNCIA,Nivel 3
DELITOS SEXUALES,ACTO SEXUAL VIOLENTO CON MENOR DE CATORCE AÑOS ART. 209 C.P. ,CALI,Sector Alto de los Chorros,18,-76.562845,3.388631,DOMICILIO,2024,mayo      ,15,5/15/2024,4,18:00,DENUNCIA,Nivel 3
DELITOS SEXUALES,ACCESO CARNAL VIOLENTO. ART. 205 C.P.,CALI,San Cristóbal,10,-76.522406,3.434841,CENTRO COMERCIAL,2024,mayo      ,15,5/15/2024,4,23:00,DENUNCIA,Nivel 3
DELITOS SEXUALES,ACTO SEXUAL VIOLENTO CON MENOR DE CATORCE AÑOS ART. 209 C.P. ,CALI,Ciudadela Floralia,06,-76.496259,3.496685,DOMICILIO,2024,mayo      ,15,5/15/2024,4,15:00,DENUNCIA,Nivel 3
DELITOS SEXUALES,ACTOS SEXUALES CON MENOR DE CATORCE AÑOS. ART. 209 C.P.,CALI,San Pedro,03,-76.533131,3.449924,SIN INFORMACION,2024,mayo      ,15,5/15/2024,4,15:11,DENUNCIA,Nivel 3
DELITOS SEXUALES,ACTO SEXUAL VIOLENTO CON MENOR DE CATORCE AÑOS ART. 209 C.P. ,CALI,San Luis II,06,-76.489308,3.487037,DOMICILIO,2024,mayo      ,16,5/16/2024,5,12:00,DENUNCIA,Nivel 3
DELITOS SEXUALES,ACOSO SEXUAL ART. 210A C.P.  ADICIONADO LEY 1257 DE 2008,CALI,Rural,Rural,-76.564588,3.379355,SIN INFORMACION,2024,mayo      ,16,5/16/2024,5,15:18,DENUNCIA,Nivel 3
DELITOS SEXUALES,ACCESO CARNAL O ACTO SEXUAL ABUSIVOS CON INCAPAZ DE RESISTIR. ART. 210 C.P.,CALI,Primero de Mayo,17,-76.534625,3.40672,DOMICILIO,2024,mayo      ,16,5/16/2024,5,16:15,DENUNCIA,Nivel 3
DELITOS SEXUALES,INDUCCION A LA PROSTITUCION ART. 213 C.P.,CALI,Sultana - Berlín - San Francisco,04,-76.515422,3.464475,SIN INFORMACION,2024,mayo      ,16,5/16/2024,5,12:43,DENUNCIA,Nivel 3
DELITOS SEXUALES,ACOSO SEXUAL ART. 210A C.P.  ADICIONADO LEY 1257 DE 2008,CALI,Ciudad de Los Álamos,02,-76.505135,3.484941,SIN INFORMACION,2024,mayo      ,16,5/16/2024,5,15:30,DENUNCIA,Nivel 3
DELITOS SEXUALES,ACCESO CARNAL O ACTO SEXUAL ABUSIVOS CON INCAPAZ DE RESISTIR. ART. 210 C.P.,CALI,Petecuy Segunda Etapa,06,-76.481511,3.479054,DOMICILIO,2024,mayo      ,16,5/16/2024,5,16:00,DENUNCIA,Nivel 3
DELITOS SEXUALES,ACTO SEXUAL VIOLENTO. ART. 206 C.P.,CALI,PP1,81,-76.517123,3.3515,ESTABLECIMIENTO CARCELARIO,2024,mayo      ,17,5/17/2024,6,00:30,DENUNCIA,Nivel 3
DELITOS SEXUALES,ACCESO CARNAL O ACTO SEXUAL ABUSIVOS CON INCAPAZ DE RESISTIR. ART. 210 C.P.,CALI,San Antonio,03,-76.541901,3.449124,VIA PUBLICA,2024,mayo      ,17,5/17/2024,6,23:35,DENUNCIA,Nivel 3
DELITOS SEXUALES,ACCESO CARNAL ABUSIVO CON MENOR DE CATORCE AÑOS. ART. 208 C.P.,CALI,Bretaña,09,-76.533242,3.435801,DOMICILIO,2024,mayo      ,17,5/17/2024,6,22:36,DENUNCIA,Nivel 3
DELITOS SEXUALES,ACTO SEXUAL VIOLENTO CON MENOR DE CATORCE AÑOS ART. 209 C.P. ,CALI,Caldas,18,-76.552498,3.393751,DOMICILIO,2024,mayo      ,17,5/17/2024,6,15:19,DENUNCIA,Nivel 3
DELITOS SEXUALES,ACTO SEXUAL VIOLENTO CON MENOR DE CATORCE AÑOS ART. 209 C.P. ,CALI,Fepicol,07,-76.488314,3.464035,DOMICILIO,2024,mayo      ,18,5/18/2024,7,09:00,DENUNCIA,Nivel 3
DELITOS SEXUALES,ACTOS SEXUALES CON MENOR DE CATORCE AÑOS. ART. 209 C.P.,CALI,Sucre,09,-76.524798,3.446066,DOMICILIO,2024,mayo      ,18,5/18/2024,7,10:00,DENUNCIA,Nivel 3
DELITOS SEXUALES,ACTOS SEXUALES CON MENOR DE CATORCE AÑOS. ART. 209 C.P.,CALI,Puerto Nuevo,07,-76.477233,3.453227,VIA PUBLICA,2024,mayo      ,18,5/18/2024,7,22:30,DENUNCIA,Nivel 3
DELITOS SEXUALES,ACTO SEXUAL VIOLENTO CON MENOR DE CATORCE AÑOS ART. 209 C.P. ,CALI,Unión de Vivienda Popular,16,-76.50801,3.410947,ESTABLECIMIENTO DE SALUD,2024,mayo      ,18,5/18/2024,7,21:00,DENUNCIA,Nivel 3
DELITOS SEXUALES,ACTO SEXUAL VIOLENTO. ART. 206 C.P.,CALI,El Morichal,15,-76.506869,3.392821,DOMICILIO,2024,mayo      ,18,5/18/2024,7,08:35,DENUNCIA,Nivel 3
DELITOS SEXUALES,ACTOS SEXUALES CON MENOR DE CATORCE AÑOS. ART. 209 C.P.,CALI,Urbanización La Nueva Base,08,-76.492165,3.44385,DOMICILIO,2024,mayo      ,19,5/19/2024,1,10:10,DENUNCIA,Nivel 3
DELITOS SEXUALES,ACCESO CARNAL ABUSIVO CON MENOR DE CATORCE AÑOS. ART. 208 C.P.,CALI,Ciudad Talanga,21,-76.465059,3.433232,DOMICILIO,2024,mayo      ,19,5/19/2024,1,18:30,DENUNCIA,Nivel 3
DELITOS SEXUALES,ACCESO CARNAL VIOLENTO. ART. 205 C.P.,CALI,El Rodeo,12,-76.501617,3.435064,SIN INFORMACION,2024,mayo      ,20,5/20/2024,2,09:09,DENUNCIA,Nivel 3
DELITOS SEXUALES,ACCESO CARNAL VIOLENTO. ART. 205 C.P.,CALI,Alfonso Bonilla Aragón,14,-76.479358,3.419354,DOMICILIO,2024,mayo      ,20,5/20/2024,2,20:23,DENUNCIA,Nivel 3
DELITOS SEXUALES,ACTOS SEXUALES CON MENOR DE CATORCE AÑOS. ART. 209 C.P.,CALI,Aguablanca,11,-76.517698,3.432956,DOMICILIO,2024,mayo      ,20,5/20/2024,2,03:00,DENUNCIA,Nivel 3
DELITOS SEXUALES,ACTOS SEXUALES CON MENOR DE CATORCE AÑOS. ART. 209 C.P.,CALI,Lleras Camargo,20,-76.560917,3.417771,DOMICILIO,2024,mayo      ,20,5/20/2024,2,18:00,DENUNCIA,Nivel 3
DELITOS SEXUALES,ACTO SEXUAL VIOLENTO CON MENOR DE CATORCE AÑOS ART. 209 C.P. ,CALI,El Retiro,15,-76.498606,3.41189,DOMICILIO,2024,mayo      ,21,5/21/2024,3,09:52,DENUNCIA,Nivel 3
DELITOS SEXUALES,ACTO SEXUAL VIOLENTO. ART. 206 C.P.,CALI,Alfonso Barberena A.,12,-76.508673,3.434899,DOMICILIO,2024,mayo      ,21,5/21/2024,3,08:00,DENUNCIA,Nivel 3
DELITOS SEXUALES,ACCESO CARNAL VIOLENTO. ART. 205 C.P.,CALI,San Nicolás,03,-76.518781,3.452981,SIN INFORMACION,2024,mayo      ,21,5/21/2024,3,13:00,DENUNCIA,Nivel 3
DELITOS SEXUALES,ACCESO CARNAL ABUSIVO CON MENOR DE CATORCE AÑOS. ART. 208 C.P.,CALI,Caldas,18,-76.552498,3.393751,DOMICILIO,2024,mayo      ,22,5/22/2024,4,09:44,DENUNCIA,Nivel 3
DELITOS SEXUALES,ACTO SEXUAL VIOLENTO CON MENOR DE CATORCE AÑOS ART. 209 C.P. ,CALI,San Luis II,06,-76.487334,3.489658,DOMICILIO,2024,mayo      ,22,5/22/2024,4,22:00,DENUNCIA,Nivel 3
DELITOS SEXUALES,ACOSO SEXUAL ART. 210A C.P.  ADICIONADO LEY 1257 DE 2008,CALI,Andalucía,81,-76.512741,3.347687,SIN INFORMACION,2024,mayo      ,22,5/22/2024,4,13:10,DENUNCIA,Nivel 3
DELITOS SEXUALES,ACTO SEXUAL VIOLENTO CON MENOR DE CATORCE AÑOS ART. 209 C.P. ,CALI,Alfonso Barberena A.,12,-76.511143,3.434327,DOMICILIO,2024,mayo      ,23,5/23/2024,5,16:00,DENUNCIA,Nivel 3
DELITOS SEXUALES,ACTO SEXUAL VIOLENTO CON MENOR DE CATORCE AÑOS ART. 209 C.P. ,CALI,Polvorines,18,-76.555138,3.370041,DOMICILIO,2024,mayo      ,23,5/23/2024,5,00:00,DENUNCIA,Nivel 3
DELITOS SEXUALES,ACTOS SEXUALES CON MENOR DE CATORCE AÑOS. ART. 209 C.P.,CALI,Antonio Nariño,16,-76.50867,3.415189,DOMICILIO,2024,mayo      ,23,5/23/2024,5,09:41,DENUNCIA,Nivel 3
DELITOS SEXUALES,ACCESO CARNAL ABUSIVO CON MENOR DE CATORCE AÑOS. ART. 208 C.P.,CALI,Alfonso Lopez P. 2a Etapa,07,-76.479968,3.460805,DOMICILIO,2024,mayo      ,24,5/24/2024,6,17:00,DENUNCIA,Nivel 3
DELITOS SEXUALES,ACOSO SEXUAL ART. 210A C.P.  ADICIONADO LEY 1257 DE 2008,CALI,Antonio Nariño,16,-76.502941,3.411827,ESTABLECIMIENTO EDUCATIVO,2024,mayo      ,24,5/24/2024,6,00:00,DENUNCIA,Nivel 3
DELITOS SEXUALES,ACOSO SEXUAL ART. 210A C.P.  ADICIONADO LEY 1257 DE 2008,CALI,El Poblado II,13,-76.488087,3.422979,ESTABLECIMIENTO EDUCATIVO,2024,mayo      ,24,5/24/2024,6,15:00,DENUNCIA,Nivel 3
DELITOS SEXUALES,ACOSO SEXUAL ART. 210A C.P.  ADICIONADO LEY 1257 DE 2008,CALI,Versalles,02,-76.526629,3.460809,SIN INFORMACION,2024,mayo      ,25,5/25/2024,7,00:28,DENUNCIA,Nivel 3
DELITOS SEXUALES,ACTO SEXUAL VIOLENTO CON MENOR DE CATORCE AÑOS ART. 209 C.P. ,CALI,Mojica,15,-76.489353,3.418307,DOMICILIO,2024,mayo      ,25,5/25/2024,7,09:47,DENUNCIA,Nivel 3
DELITOS SEXUALES,ACCESO CARNAL ABUSIVO CON MENOR DE CATORCE AÑOS. ART. 208 C.P.,CALI,Los Comuneros I,15,-76.492546,3.411514,VIA PUBLICA,2024,mayo      ,25,5/25/2024,7,14:00,DENUNCIA,Nivel 3
DELITOS SEXUALES,ACCESO CARNAL VIOLENTO. ART. 205 C.P.,CALI,Cristóbal Colón,10,-76.521572,3.42281,DOMICILIO,2024,mayo      ,25,5/25/2024,7,11:00,DENUNCIA,Nivel 3
DELITOS SEXUALES,ACTOS SEXUALES CON MENOR DE CATORCE AÑOS. ART. 209 C.P.,CALI,Urbanización Calimio,06,-76.484663,3.487764,DOMICILIO,2024,mayo      ,25,5/25/2024,7,18:00,DENUNCIA,Nivel 3
DELITOS SEXUALES,ACCESO CARNAL O ACTO SEXUAL ABUSIVOS CON INCAPAZ DE RESISTIR. ART. 210 C.P.,CALI,El Calvario,03,-76.529895,3.447811,DOMICILIO,2024,mayo      ,25,5/25/2024,7,02:00,DENUNCIA,Nivel 3
DELITOS SEXUALES,ACTOS SEXUALES CON MENOR DE CATORCE AÑOS. ART. 209 C.P.,CALI,El Retiro,15,-76.496886,3.412588,SIN INFORMACION,2024,mayo      ,25,5/25/2024,7,03:16,DENUNCIA,Nivel 3
DELITOS SEXUALES,ACCESO CARNAL VIOLENTO. ART. 205 C.P. ,CALI,Santa Mónica,02,-76.531626,3.463072,HOTEL / HOSTAL,2024,mayo      ,26,5/26/2024,1,22:00,DENUNCIA,Nivel 3
DELITOS SEXUALES,ACTO SEXUAL VIOLENTO. ART. 206 C.P.,CALI,Los Naranjos II,14,-76.475839,3.435295,DOMICILIO,2024,mayo      ,26,5/26/2024,1,12:20,DENUNCIA,Nivel 3
DELITOS SEXUALES,ACCESO CARNAL VIOLENTO. ART. 205 C.P.,CALI,La Rivera I,06,-76.485509,3.475172,DOMICILIO,2024,mayo      ,26,5/26/2024,1,08:30,DENUNCIA,Nivel 3
DELITOS SEXUALES,ACTO SEXUAL VIOLENTO. ART. 206 C.P.,CALI,Pizamos I,21,-76.472979,3.401852,DOMICILIO,2024,mayo      ,26,5/26/2024,1,10:09,DENUNCIA,Nivel 3
DELITOS SEXUALES,ACCESO CARNAL VIOLENTO. ART. 205 C.P.,CALI,Lili,17,-76.524222,3.378587,SIN INFORMACION,2024,mayo      ,27,5/27/2024,2,09:49,DENUNCIA,Nivel 3
DELITOS SEXUALES,ACCESO CARNAL VIOLENTO. ART. 205 C.P.,CALI,Urbanización Colseguros,19,-76.533338,3.431758,DOMICILIO,2024,mayo      ,27,5/27/2024,2,15:18,DENUNCIA,Nivel 3
DELITOS SEXUALES,ACTO SEXUAL VIOLENTO CON MENOR DE CATORCE AÑOS ART. 209 C.P. ,CALI,Junín,09,-76.52665,3.434129,DOMICILIO,2024,mayo      ,27,5/27/2024,2,17:00,DENUNCIA,Nivel 3
DELITOS SEXUALES,ACOSO SEXUAL ART. 210A C.P.  ADICIONADO LEY 1257 DE 2008,CALI,Jorge Eliécer Gaitán,06,-76.48174,3.468413,ESTABLECIMIENTO DE COMERCIO,2024,mayo      ,27,5/27/2024,2,11:30,DENUNCIA,Nivel 3
DELITOS SEXUALES,ACCESO CARNAL VIOLENTO. ART. 205 C.P.,CALI,Caldas,18,-76.546182,3.394568,VIA PUBLICA,2024,mayo      ,28,5/28/2024,3,01:00,DENUNCIA,Nivel 3
DELITOS SEXUALES,ACOSO SEXUAL ART. 210A C.P.  ADICIONADO LEY 1257 DE 2008,CALI,San Vicente,02,-76.52752,3.47056,DOMICILIO,2024,mayo      ,28,5/28/2024,3,12:00,DENUNCIA,Nivel 3
DELITOS SEXUALES,ACCESO CARNAL VIOLENTO. ART. 205 C.P.,CALI,Potrero Grande,21,-76.470531,3.402115,DOMICILIO,2024,mayo      ,28,5/28/2024,3,00:31,DENUNCIA,Nivel 3
DELITOS SEXUALES,ACTO SEXUAL VIOLENTO. ART. 206 C.P.,CALI,Alirio Mora Beltrán,14,-76.480383,3.437778,VEHICULO DE UBER,2024,mayo      ,29,5/29/2024,4,11:15,DENUNCIA,Nivel 3
DELITOS SEXUALES,ACCESO CARNAL ABUSIVO CON MENOR DE CATORCE AÑOS. ART. 208 C.P.,CALI,Potrero Grande,21,-76.469226,3.405106,DOMICILIO,2024,mayo      ,29,5/29/2024,4,16:09,DENUNCIA,Nivel 3
DELITOS SEXUALES,ACOSO SEXUAL ART. 210A C.P.  ADICIONADO LEY 1257 DE 2008,CALI,San Pedro,03,-76.531669,3.451851,SIN INFORMACION,2024,mayo      ,29,5/29/2024,4,11:00,DENUNCIA,Nivel 3
DELITOS SEXUALES,ACTOS SEXUALES CON MENOR DE CATORCE AÑOS. ART. 209 C.P.,CALI,Ciudad Córdoba,15,-76.507253,3.401574,DOMICILIO,2024,mayo      ,29,5/29/2024,4,10:12,DENUNCIA,Nivel 3
DELITOS SEXUALES,ACOSO SEXUAL ART. 210A C.P.  ADICIONADO LEY 1257 DE 2008,CALI,Parcelaciones Pance,22,-76.524683,3.338836,ENTIDAD PUBLICA / ESTATAL,2024,mayo      ,31,5/31/2024,6,14:30,DENUNCIA,Nivel 3
DELITOS SEXUALES,ACOSO SEXUAL ART. 210A C.P.  ADICIONADO LEY 1257 DE 2008,CALI,Parcelaciones Pance,22,-76.535742,3.345829,SIN INFORMACION,2024,mayo      ,31,5/31/2024,6,08:00,DENUNCIA,Nivel 3
DELITOS SEXUALES,PORNOGRAFIA CON MENORES ART. 218 C.P.,CALI,Chiminangos I,05,-76.490572,3.477156,RED VIRTUAL O INTERNET,2024,mayo      ,31,5/31/2024,6,07:00,DENUNCIA,Nivel 3
DELITOS SEXUALES,ACCESO CARNAL VIOLENTO. ART. 205 C.P.,CALI,San Cristóbal,10,-76.521132,3.432271,VIA PUBLICA,2024,mayo      ,31,5/31/2024,6,03:00,DENUNCIA,Nivel 3
DELITOS SEXUALES,ACTO SEXUAL VIOLENTO CON MENOR DE CATORCE AÑOS ART. 209 C.P. ,CALI,Bolivariano,04,-76.51359,3.46828,DOMICILIO,2024,junio     ,1,6/1/2024,7,15:00,DENUNCIA,Nivel 3
DELITOS SEXUALES,ACCESO CARNAL ABUSIVO CON MENOR DE CATORCE AÑOS. ART. 208 C.P.,CALI,Las Orquídeas,14,-76.472814,3.412876,ESTABLECIMIENTO EDUCATIVO,2024,junio     ,1,6/1/2024,7,17:00,DENUNCIA,Nivel 3
DELITOS SEXUALES,ACCESO CARNAL ABUSIVO CON MENOR DE CATORCE AÑOS. ART. 208 C.P.,CALI,Rural,Rural,-76.587994,3.416421,FINCA,2024,junio     ,1,6/1/2024,7,00:00,DENUNCIA,Nivel 3
DELITOS SEXUALES,ACTOS SEXUALES CON MENOR DE CATORCE AÑOS. ART. 209 C.P.,CALI,Ulpiano Lloreda,13,-76.488713,3.441847,SIN INFORMACION,2024,junio     ,1,6/1/2024,7,14:37,DENUNCIA,Nivel 3
DELITOS SEXUALES,ACOSO SEXUAL ART. 210A C.P.  ADICIONADO LEY 1257 DE 2008,CALI,San Luís,06,-76.486037,3.482099,DOMICILIO,2024,junio     ,1,6/1/2024,7,18:29,DENUNCIA,Nivel 3
DELITOS SEXUALES,ACCESO CARNAL ABUSIVO CON MENOR DE CATORCE AÑOS. ART. 208 C.P.,CALI,Mojica,15,-76.485269,3.416106,DOMICILIO,2024,junio     ,1,6/1/2024,7,23:00,DENUNCIA,Nivel 3
DELITOS SEXUALES,ACCESO CARNAL VIOLENTO. ART. 205 C.P.,CALI,Fátima,04,-76.518256,3.46383,SIN INFORMACION,2024,junio     ,2,6/2/2024,1,04:05,DENUNCIA,Nivel 3
DELITOS SEXUALES,ACCESO CARNAL VIOLENTO. ART. 205 C.P.,CALI,San Carlos,11,-76.515076,3.422675,DOMICILIO,2024,junio     ,2,6/2/2024,1,00:00,DENUNCIA,Nivel 3
DELITOS SEXUALES,ACTOS SEXUALES CON MENOR DE CATORCE AÑOS. ART. 209 C.P.,CALI,Valle Grande,21,-76.470881,3.434605,VIA PUBLICA,2024,junio     ,2,6/2/2024,1,14:25,DENUNCIA,Nivel 3
DELITOS SEXUALES,ACCESO CARNAL ABUSIVO CON MENOR DE CATORCE AÑOS. ART. 208 C.P.,CALI,Mojica,15,-76.489005,3.413276,DOMICILIO,2024,junio     ,2,6/2/2024,1,00:00,DENUNCIA,Nivel 3
DELITOS SEXUALES,ACCESO CARNAL O ACTO SEXUAL EN PERSONA PUESTA EN INCAPACIDAD DE RESISTIR. ART. 207 C.P.,CALI,Unión de Vivienda Popular,16,-76.50731,3.410298,DOMICILIO,2024,junio     ,3,6/3/2024,2,02:55,DENUNCIA,Nivel 3
DELITOS SEXUALES,ACCESO CARNAL ABUSIVO CON MENOR DE CATORCE AÑOS. ART. 208 C.P.,CALI,San Pedro,03,-76.533131,3.449924,VIA PUBLICA,2024,junio     ,4,6/4/2024,3,10:29,DENUNCIA,Nivel 3
DELITOS SEXUALES,ACCESO CARNAL VIOLENTO. ART. 205 C.P.,CALI,Ciudad 2000,16,-76.520178,3.394323,SIN INFORMACION,2024,junio     ,4,6/4/2024,3,02:00,DENUNCIA,Nivel 3
DELITOS SEXUALES,ACTOS SEXUALES CON MENOR DE CATORCE AÑOS. ART. 209 C.P.,CALI,Las Granjas,10,-76.526882,3.41068,DOMICILIO,2024,junio     ,4,6/4/2024,3,13:27,DENUNCIA,Nivel 3
DELITOS SEXUALES,ACCESO CARNAL ABUSIVO CON MENOR DE CATORCE AÑOS. ART. 208 C.P.,CALI,El Vallado,15,-76.496356,3.406207,DOMICILIO,2024,junio     ,5,6/5/2024,4,00:00,DENUNCIA,Nivel 3
DELITOS SEXUALES,ACCESO CARNAL ABUSIVO CON MENOR DE CATORCE AÑOS. ART. 208 C.P.,CALI,Sector Meléndez,18,-76.543887,3.376145,DOMICILIO,2024,junio     ,5,6/5/2024,4,13:00,DENUNCIA,Nivel 3
DELITOS SEXUALES,ACTO SEXUAL VIOLENTO. ART. 206 C.P.,CALI,El Diamante,13,-76.50043,3.423118,SIN INFORMACION,2024,junio     ,5,6/5/2024,4,09:56,DENUNCIA,Nivel 3
DELITOS SEXUALES,ACTOS SEXUALES CON MENOR DE CATORCE AÑOS. ART. 209 C.P.,CALI,Rodrigo Lara Bonilla,13,-76.488009,3.42633,DOMICILIO,2024,junio     ,5,6/5/2024,4,12:00,DENUNCIA,Nivel 3
DELITOS SEXUALES,ACTOS SEXUALES CON MENOR DE CATORCE AÑOS. ART. 209 C.P.,CALI,El Morichal,15,-76.502971,3.395848,DOMICILIO,2024,junio     ,5,6/5/2024,4,14:52,DENUNCIA,Nivel 3
DELITOS SEXUALES,ACTO SEXUAL VIOLENTO. ART. 206 C.P.,CALI,Manuela Beltrán,14,-76.476506,3.417959,DOMICILIO,2024,junio     ,5,6/5/2024,4,14:27,DENUNCIA,Nivel 3
DELITOS SEXUALES,ACTOS SEXUALES CON MENOR DE CATORCE AÑOS. ART. 209 C.P.,CALI,Potrero Grande,21,-76.471918,3.406613,VIA PUBLICA,2024,junio     ,6,6/6/2024,5,06:48,DENUNCIA,Nivel 3
DELITOS SEXUALES,ACCESO CARNAL O ACTO SEXUAL ABUSIVOS CON INCAPAZ DE RESISTIR. ART. 210 C.P.,CALI,Pizamos I,21,-76.47496,3.402363,VIA PUBLICA,2024,junio     ,6,6/6/2024,5,14:33,DENUNCIA,Nivel 3
DELITOS SEXUALES,ACTO SEXUAL VIOLENTO. ART. 206 C.P.,CALI,Alfonso Bonilla Aragón,14,-76.485669,3.422832,DOMICILIO,2024,junio     ,6,6/6/2024,5,19:00,DENUNCIA,Nivel 3
DELITOS SEXUALES,ACOSO SEXUAL ART. 210A C.P.  ADICIONADO LEY 1257 DE 2008,CALI,Nueva Floresta,12,-76.496579,3.433442,SIN INFORMACION,2024,junio     ,6,6/6/2024,5,13:00,DENUNCIA,Nivel 3
DELITOS SEXUALES,ACCESO CARNAL VIOLENTO. ART. 205 C.P.,CALI,San Cristóbal,10,-76.522505,3.432442,VIA PUBLICA,2024,junio     ,6,6/6/2024,5,14:00,DENUNCIA,Nivel 3
DELITOS SEXUALES,ACCESO CARNAL O ACTO SEXUAL ABUSIVOS CON INCAPAZ DE RESISTIR. ART. 210 C.P.,CALI,Sector Alto de los Chorros,18,-76.560397,3.390739,DOMICILIO,2024,junio     ,6,6/6/2024,5,09:00,DENUNCIA,Nivel 3
DELITOS SEXUALES,ACTOS SEXUALES CON MENOR DE CATORCE AÑOS. ART. 209 C.P.,CALI,Ciudadela Floralia,06,-76.495692,3.497694,DOMICILIO,2024,junio     ,6,6/6/2024,5,00:20,DENUNCIA,Nivel 3
DELITOS SEXUALES,ACCESO CARNAL ABUSIVO CON MENOR DE CATORCE AÑOS. ART. 208 C.P.,CALI,Nueva Floresta,12,-76.499725,3.431928,DOMICILIO,2024,junio     ,6,6/6/2024,5,16:23,DENUNCIA,Nivel 3
DELITOS SEXUALES,ACTOS SEXUALES CON MENOR DE CATORCE AÑOS. ART. 209 C.P.,CALI,Manuela Beltrán,14,-76.471097,3.421039,DOMICILIO,2024,junio     ,6,6/6/2024,5,10:00,DENUNCIA,Nivel 3
DELITOS SEXUALES,ACTO SEXUAL VIOLENTO CON MENOR DE CATORCE AÑOS ART. 209 C.P. ,CALI,Potrero Grande,21,-76.468094,3.4074,DOMICILIO,2024,junio     ,7,6/7/2024,6,09:30,DENUNCIA,Nivel 3
DELITOS SEXUALES,ACTOS SEXUALES CON MENOR DE CATORCE AÑOS. ART. 209 C.P.,CALI,Chapinero,08,-76.499923,3.444509,ESTABLECIMIENTO EDUCATIVO,2024,junio     ,7,6/7/2024,6,10:00,DENUNCIA,Nivel 3
DELITOS SEXUALES,ACCESO CARNAL VIOLENTO. ART. 205 C.P.,CALI,Santa Bárbara,19,-76.546824,3.44192,SIN INFORMACION,2024,junio     ,7,6/7/2024,6,12:25,DENUNCIA,Nivel 3
DELITOS SEXUALES,ACCESO CARNAL ABUSIVO CON MENOR DE CATORCE AÑOS. ART. 208 C.P.,CALI,Unión de Vivienda Popular,16,-76.509606,3.407913,DOMICILIO,2024,junio     ,8,6/8/2024,7,15:13,DENUNCIA,Nivel 3
DELITOS SEXUALES,ACTOS SEXUALES CON MENOR DE CATORCE AÑOS. ART. 209 C.P.,CALI,Terrón Colorado,01,-76.565329,3.451504,DOMICILIO,2024,junio     ,8,6/8/2024,7,17:20,DENUNCIA,Nivel 3
DELITOS SEXUALES,ACCESO CARNAL VIOLENTO. ART. 205 C.P. ,CALI,Lili,17,-76.524222,3.378587,DOMICILIO,2024,junio     ,8,6/8/2024,7,03:00,DENUNCIA,Nivel 3
DELITOS SEXUALES,ACCESO CARNAL ABUSIVO CON MENOR DE CATORCE AÑOS. ART. 208 C.P.,CALI,Ciudad de Los Álamos,02,-76.505372,3.485435,DOMICILIO,2024,junio     ,8,6/8/2024,7,03:00,DENUNCIA,Nivel 3
DELITOS SEXUALES,ACTO SEXUAL VIOLENTO CON MENOR DE CATORCE AÑOS ART. 209 C.P. ,CALI,Valle Grande,21,-76.469745,3.43868,DOMICILIO,2024,junio     ,8,6/8/2024,7,09:54,DENUNCIA,Nivel 3
DELITOS SEXUALES,ACCESO CARNAL VIOLENTO. ART. 205 C.P.,CALI,El Vallado,15,-76.49967,3.406531,DOMICILIO,2024,junio     ,9,6/9/2024,1,15:00,DENUNCIA,Nivel 3
DELITOS SEXUALES,ACTOS SEXUALES CON MENOR DE CATORCE AÑOS. ART. 209 C.P.,CALI,Calimio Desepaz,21,-76.468089,3.414702,VIA PUBLICA,2024,junio     ,9,6/9/2024,1,03:13,DENUNCIA,Nivel 3
DELITOS SEXUALES,ACCESO CARNAL VIOLENTO. ART. 205 C.P.,CALI,Mariano Ramos,16,-76.515064,3.400748,ESTABLECIMIENTO CARCELARIO,2024,junio     ,9,6/9/2024,1,01:00,DENUNCIA,Nivel 3
DELITOS SEXUALES,ACCESO CARNAL O ACTO SEXUAL ABUSIVOS CON INCAPAZ DE RESISTIR. ART. 210 C.P.,CALI,San Luis II,06,-76.488675,3.490002,OTRO,2024,junio     ,9,6/9/2024,1,23:00,DENUNCIA,Nivel 3
DELITOS SEXUALES,ACOSO SEXUAL ART. 210A C.P.  ADICIONADO LEY 1257 DE 2008,CALI,Caney,17,-76.51664,3.387411,ENTIDAD PUBLICA / ESTATAL,2024,junio     ,9,6/9/2024,1,17:50,DENUNCIA,Nivel 3
DELITOS SEXUALES,ACCESO CARNAL O ACTO SEXUAL ABUSIVOS CON INCAPAZ DE RESISTIR. ART. 210 C.P.,CALI,José Manuel Marroquín II,14,-76.483688,3.432404,VIA PUBLICA,2024,junio     ,9,6/9/2024,1,02:00,DENUNCIA,Nivel 3
DELITOS SEXUALES,ACCESO CARNAL ABUSIVO CON MENOR DE CATORCE AÑOS. ART. 208 C.P.,CALI,El Poblado I,13,-76.498236,3.420145,EDIFICIO,2024,junio     ,10,6/10/2024,2,19:33,DENUNCIA,Nivel 3
DELITOS SEXUALES,ACCESO CARNAL ABUSIVO CON MENOR DE CATORCE AÑOS. ART. 208 C.P.,CALI,Urbanización Colseguros,19,-76.530396,3.431414,DOMICILIO,2024,junio     ,10,6/10/2024,2,20:00,DENUNCIA,Nivel 3
DELITOS SEXUALES,ACCESO CARNAL VIOLENTO. ART. 205 C.P.,CALI,Rural,Rural,-76.538541,3.462148,SIN INFORMACION,2024,junio     ,10,6/10/2024,2,13:00,DENUNCIA,Nivel 3
DELITOS SEXUALES,ACCESO CARNAL O ACTO SEXUAL EN PERSONA PUESTA EN INCAPACIDAD DE RESISTIR. ART. 207 C.P.,CALI,Mojica,15,-76.486167,3.416958,VIA PUBLICA,2024,junio     ,10,6/10/2024,2,10:07,DENUNCIA,Nivel 3
DELITOS SEXUALES,ACCESO CARNAL VIOLENTO. ART. 205 C.P.,CALI,Prados del Limonar,17,-76.532223,3.387821,VIA PUBLICA,2024,junio     ,11,6/11/2024,3,13:49,DENUNCIA,Nivel 3
DELITOS SEXUALES,ACTOS SEXUALES CON MENOR DE CATORCE AÑOS. ART. 209 C.P.,CALI,El Prado,11,-76.516175,3.434167,DOMICILIO,2024,junio     ,11,6/11/2024,3,14:36,DENUNCIA,Nivel 3
DELITOS SEXUALES,ACCESO CARNAL VIOLENTO. ART. 205 C.P.,CALI,Calimio Desepaz,21,-76.466712,3.414751,DOMICILIO,2024,junio     ,12,6/12/2024,4,20:00,DENUNCIA,Nivel 3
DELITOS SEXUALES,ACCESO CARNAL VIOLENTO. ART. 205 C.P.,CALI,Belalcázar,09,-76.52249,3.441299,DOMICILIO,2024,junio     ,12,6/12/2024,4,17:27,DENUNCIA,Nivel 3
DELITOS SEXUALES,ACCESO CARNAL ABUSIVO CON MENOR DE CATORCE AÑOS. ART. 208 C.P.,CALI,Jorge Eliécer Gaitán,06,-76.484484,3.472629,DOMICILIO,2024,junio     ,12,6/12/2024,4,00:00,DENUNCIA,Nivel 3
DELITOS SEXUALES,ACTOS SEXUALES CON MENOR DE CATORCE AÑOS. ART. 209 C.P.,CALI,El Guabal,10,-76.524836,3.415362,DOMICILIO,2024,junio     ,12,6/12/2024,4,15:33,DENUNCIA,Nivel 3
DELITOS SEXUALES,ACCESO CARNAL ABUSIVO CON MENOR DE CATORCE AÑOS. ART. 208 C.P.,CALI,El Poblado I,13,-76.497672,3.420081,DOMICILIO,2024,junio     ,12,6/12/2024,4,11:40,DENUNCIA,Nivel 3
DELITOS SEXUALES,ACTOS SEXUALES CON MENOR DE CATORCE AÑOS. ART. 209 C.P.,CALI,Terrón Colorado,01,-76.562713,3.452715,DOMICILIO,2024,junio     ,12,6/12/2024,4,13:50,DENUNCIA,Nivel 3
DELITOS SEXUALES,ACTOS SEXUALES CON MENOR DE CATORCE AÑOS. ART. 209 C.P.,CALI,San Cayetano,03,-76.53913,3.44414,DOMICILIO,2024,junio     ,13,6/13/2024,5,13:41,DENUNCIA,Nivel 3
DELITOS SEXUALES,ACOSO SEXUAL ART. 210A C.P.  ADICIONADO LEY 1257 DE 2008,CALI,Rural,Rural,-76.600084,3.369946,ESTABLECIMIENTO EDUCATIVO,2024,junio     ,13,6/13/2024,5,09:00,DENUNCIA,Nivel 3
DELITOS SEXUALES,ACOSO SEXUAL ART. 210A C.P.  ADICIONADO LEY 1257 DE 2008,CALI,Caney,17,-76.51664,3.387411,ENTIDAD PUBLICA / ESTATAL,2024,junio     ,13,6/13/2024,5,11:57,DENUNCIA,Nivel 3
DELITOS SEXUALES,ACTO SEXUAL VIOLENTO CON MENOR DE CATORCE AÑOS ART. 209 C.P. ,CALI,Rural,Rural,-76.565909,3.312695,ESTABLECIMIENTO DE SALUD,2024,junio     ,13,6/13/2024,5,00:46,DENUNCIA,Nivel 3
DELITOS SEXUALES,ACOSO SEXUAL ART. 210A C.P.  ADICIONADO LEY 1257 DE 2008,CALI,Pasoancho,10,-76.531609,3.419204,SIN INFORMACION,2024,junio     ,14,6/14/2024,6,14:20,DENUNCIA,Nivel 3
DELITOS SEXUALES,ACTOS SEXUALES CON MENOR DE CATORCE AÑOS. ART. 209 C.P.,CALI,Sector Patio Bonito,01,-76.584999,3.460175,DOMICILIO,2024,junio     ,14,6/14/2024,6,11:19,DENUNCIA,Nivel 3
DELITOS SEXUALES,DEMANDA DE EXPLOT.SEX. COMERC. MENOR DE 18 AÑOS Adic. Art 217A C.P. Ley 1329 de 2009,CALI,Atanasio Girardot,08,-76.509483,3.443721,DOMICILIO,2024,junio     ,14,6/14/2024,6,08:00,DENUNCIA,Nivel 3
DELITOS SEXUALES,ACTOS SEXUALES CON MENOR DE CATORCE AÑOS. ART. 209 C.P.,CALI,Sector Cañaveralejo Guadalupe,19,-76.556211,3.409093,DOMICILIO,2024,junio     ,14,6/14/2024,6,17:40,DENUNCIA,Nivel 3
DELITOS SEXUALES,ACOSO SEXUAL ART. 210A C.P.  ADICIONADO LEY 1257 DE 2008,CALI,El Diamante,13,-76.504551,3.420821,DOMICILIO,2024,junio     ,14,6/14/2024,6,00:00,DENUNCIA,Nivel 3
DELITOS SEXUALES,ACOSO SEXUAL ART. 210A C.P.  ADICIONADO LEY 1257 DE 2008,CALI,Urbanización Militar,19,-76.540508,3.412738,SIN INFORMACION,2024,junio     ,14,6/14/2024,6,12:30,DENUNCIA,Nivel 3
DELITOS SEXUALES,ACCESO CARNAL VIOLENTO. ART. 205 C.P.,CALI,José Manuel Marroquín I,14,-76.478624,3.420112,SIN INFORMACION,2024,junio     ,14,6/14/2024,6,07:27,DENUNCIA,Nivel 3
DELITOS SEXUALES,ACTO SEXUAL VIOLENTO. ART. 206 C.P.,CALI,Potrero Grande,21,-76.469979,3.40927,VIA PUBLICA,2024,junio     ,14,6/14/2024,6,23:00,DENUNCIA,Nivel 3
DELITOS SEXUALES,ACCESO CARNAL VIOLENTO. ART. 205 C.P.,CALI,San Nicolás,03,-76.51878,3.452952,DOMICILIO,2024,junio     ,15,6/15/2024,7,15:00,DENUNCIA,Nivel 3
DELITOS SEXUALES,INDUCCION A LA PROSTITUCION ART. 213 C.P.,CALI,Alfonso Lopez P. 3a Etapa,07,-76.477934,3.454744,SIN INFORMACION,2024,junio     ,15,6/15/2024,7,11:00,DENUNCIA,Nivel 3
DELITOS SEXUALES,ACCESO CARNAL ABUSIVO CON MENOR DE CATORCE AÑOS. ART. 208 C.P.,CALI,Alfonso Bonilla Aragón,14,-76.47958,3.415014,DOMICILIO,2024,junio     ,15,6/15/2024,7,00:00,DENUNCIA,Nivel 3
DELITOS SEXUALES,ACCESO CARNAL O ACTO SEXUAL ABUSIVOS CON INCAPAZ DE RESISTIR. ART. 210 C.P.,CALI,Aguablanca,11,-76.518385,3.434327,DOMICILIO,2024,junio     ,16,6/16/2024,1,02:00,DENUNCIA,Nivel 3
DELITOS SEXUALES,ACCESO CARNAL VIOLENTO. ART. 205 C.P.,CALI,Rural,Rural,-76.606957,3.446836,DOMICILIO,2024,junio     ,16,6/16/2024,1,13:26,DENUNCIA,Nivel 3
DELITOS SEXUALES,ACTO SEXUAL VIOLENTO. ART. 206 C.P.,CALI,Petecuy Primera Etapa,06,-76.477475,3.474023,SIN INFORMACION,2024,junio     ,17,6/17/2024,2,09:00,DENUNCIA,Nivel 3
DELITOS SEXUALES,ACCESO CARNAL VIOLENTO. ART. 205 C.P.,CALI,El Diamante,13,-76.503539,3.422448,DOMICILIO,2024,junio     ,17,6/17/2024,2,23:30,DENUNCIA,Nivel 3
DELITOS SEXUALES,ACOSO SEXUAL ART. 210A C.P.  ADICIONADO LEY 1257 DE 2008,CALI,Miraflores,19,-76.539834,3.439446,DOMICILIO,2024,junio     ,17,6/17/2024,2,19:00,DENUNCIA,Nivel 3
DELITOS SEXUALES,ACOSO SEXUAL ART. 210A C.P.  ADICIONADO LEY 1257 DE 2008,CALI,Parcelaciones Pance,22,-76.531808,3.345776,SIN INFORMACION,2024,junio     ,17,6/17/2024,2,09:00,DENUNCIA,Nivel 3
DELITOS SEXUALES,ACCESO CARNAL ABUSIVO CON MENOR DE CATORCE AÑOS. ART. 208 C.P.,CALI,Calima,04,-76.501086,3.48344,SIN INFORMACION,2024,junio     ,18,6/18/2024,3,09:43,DENUNCIA,Nivel 3
DELITOS SEXUALES,ACOSO SEXUAL ART. 210A C.P.  ADICIONADO LEY 1257 DE 2008,CALI,Ciudad Campestre,22,-76.537447,3.370429,ESTABLECIMIENTO PUBLICO,2024,junio     ,18,6/18/2024,3,00:00,DENUNCIA,Nivel 3
DELITOS SEXUALES,ACCESO CARNAL O ACTO SEXUAL ABUSIVOS CON INCAPAZ DE RESISTIR. ART. 210 C.P.,CALI,Siloé,20,-76.558073,3.423056,DOMICILIO,2024,junio     ,18,6/18/2024,3,23:00,DENUNCIA,Nivel 3
DELITOS SEXUALES,PORNOGRAFIA CON MENORES ART. 218 C.P.,CALI,Alfonso Bonilla Aragón,14,-76.483618,3.419698,SIN INFORMACION,2024,junio     ,18,6/18/2024,3,17:30,DENUNCIA,Nivel 3
DELITOS SEXUALES,ACTO SEXUAL VIOLENTO CON MENOR DE CATORCE AÑOS ART. 209 C.P. ,CALI,Ciudad Córdoba,15,-76.505153,3.402266,DOMICILIO,2024,junio     ,18,6/18/2024,3,19:00,DENUNCIA,Nivel 3
DELITOS SEXUALES,ACCESO CARNAL ABUSIVO CON MENOR DE CATORCE AÑOS. ART. 208 C.P.,CALI,Valle Grande,21,-76.474362,3.440519,DOMICILIO,2024,junio     ,18,6/18/2024,3,08:17,DENUNCIA,Nivel 3
DELITOS SEXUALES,ACCESO CARNAL VIOLENTO. ART. 205 C.P.,CALI,Lili,17,-76.519977,3.376716,DOMICILIO,2024,junio     ,19,6/19/2024,4,13:08,DENUNCIA,Nivel 3
DELITOS SEXUALES,ACTO SEXUAL VIOLENTO CON MENOR DE CATORCE AÑOS ART. 209 C.P. ,CALI,El Vallado,15,-76.502973,3.408528,VIA PUBLICA,2024,junio     ,19,6/19/2024,4,12:52,DENUNCIA,Nivel 3
DELITOS SEXUALES,ACTOS SEXUALES CON MENOR DE CATORCE AÑOS. ART. 209 C.P.,CALI,La Fortaleza,11,-76.51129,3.427789,DOMICILIO,2024,junio     ,19,6/19/2024,4,13:15,DENUNCIA,Nivel 3
DELITOS SEXUALES,ACCESO CARNAL VIOLENTO. ART. 205 C.P.,CALI,José Manuel Marroquín I,14,-76.474819,3.421746,DOMICILIO,2024,junio     ,20,6/20/2024,5,00:00,DENUNCIA,Nivel 3
DELITOS SEXUALES,ACTO SEXUAL VIOLENTO. ART. 206 C.P.,CALI,Santa Elena,10,-76.524393,3.427987,ESTABLECIMIENTO EDUCATIVO,2024,junio     ,20,6/20/2024,5,15:08,DENUNCIA,Nivel 3
DELITOS SEXUALES,ACTOS SEXUALES CON MENOR DE CATORCE AÑOS. ART. 209 C.P.,CALI,El Guabal,10,-76.527569,3.416506,DOMICILIO,2024,junio     ,20,6/20/2024,5,16:24,DENUNCIA,Nivel 3
DELITOS SEXUALES,ACOSO SEXUAL ART. 210A C.P.  ADICIONADO LEY 1257 DE 2008,CALI,Prados del Limonar,17,-76.530457,3.389386,SIN INFORMACION,2024,junio     ,20,6/20/2024,5,13:00,DENUNCIA,Nivel 3
DELITOS SEXUALES,ACCESO CARNAL ABUSIVO CON MENOR DE CATORCE AÑOS. ART. 208 C.P.,CALI,Meléndez,18,-76.544464,3.378165,DOMICILIO,2024,junio     ,20,6/20/2024,5,20:00,DENUNCIA,Nivel 3
DELITOS SEXUALES,ACTO SEXUAL VIOLENTO CON MENOR DE CATORCE AÑOS ART. 209 C.P. ,CALI,Antonio Nariño,16,-76.503536,3.412568,DOMICILIO,2024,junio     ,20,6/20/2024,5,19:45,DENUNCIA,Nivel 3
DELITOS SEXUALES,ACOSO SEXUAL ART. 210A C.P.  ADICIONADO LEY 1257 DE 2008,CALI,San Nicolás,03,-76.518781,3.452981,SIN INFORMACION,2024,junio     ,20,6/20/2024,5,09:00,DENUNCIA,Nivel 3
DELITOS SEXUALES,ACOSO SEXUAL ART. 210A C.P.  ADICIONADO LEY 1257 DE 2008,CALI,San Fernando Nuevo,19,-76.541374,3.428984,DOMICILIO,2024,junio     ,20,6/20/2024,5,15:20,DENUNCIA,Nivel 3
DELITOS SEXUALES,ACCESO CARNAL ABUSIVO CON MENOR DE CATORCE AÑOS. ART. 208 C.P.,CALI,Alirio Mora Beltrán,14,-76.481251,3.439822,DOMICILIO,2024,junio     ,20,6/20/2024,5,23:00,DENUNCIA,Nivel 3
DELITOS SEXUALES,ACCESO CARNAL VIOLENTO. ART. 205 C.P.,CALI,Manuel María Buenaventura,09,-76.521818,3.437069,DOMICILIO,2024,junio     ,21,6/21/2024,6,12:00,DENUNCIA,Nivel 3
DELITOS SEXUALES,ACTOS SEXUALES CON MENOR DE CATORCE AÑOS. ART. 209 C.P.,CALI,La Flora,02,-76.525012,3.474554,ESTABLECIMIENTO EDUCATIVO,2024,junio     ,21,6/21/2024,6,08:00,DENUNCIA,Nivel 3
DELITOS SEXUALES,ACCESO CARNAL ABUSIVO CON MENOR DE CATORCE AÑOS. ART. 208 C.P.,CALI,Santo Domingo,10,-76.531603,3.41188,DOMICILIO,2024,junio     ,21,6/21/2024,6,11:02,DENUNCIA,Nivel 3
DELITOS SEXUALES,ACOSO SEXUAL ART. 210A C.P.  ADICIONADO LEY 1257 DE 2008,CALI,Calimio Desepaz,21,-76.468523,3.417095,SIN INFORMACION,2024,junio     ,21,6/21/2024,6,14:44,DENUNCIA,Nivel 3
DELITOS SEXUALES,ACCESO CARNAL VIOLENTO. ART. 205 C.P.,CALI,Alfonso Lopez P. 1a Etapa,07,-76.481087,3.462752,HOTEL / HOSTAL,2024,junio     ,21,6/21/2024,6,11:06,DENUNCIA,Nivel 3
DELITOS SEXUALES,ACCESO CARNAL VIOLENTO. ART. 205 C.P.,CALI,Rural,Rural,-76.616575,3.41325,DOMICILIO,2024,junio     ,22,6/22/2024,7,11:30,DENUNCIA,Nivel 3
DELITOS SEXUALES,ACOSO SEXUAL ART. 210A C.P.  ADICIONADO LEY 1257 DE 2008,CALI,Desepaz Invicali,21,-76.463358,3.423921,SIN INFORMACION,2024,junio     ,22,6/22/2024,7,12:15,DENUNCIA,Nivel 3
DELITOS SEXUALES,ACCESO CARNAL VIOLENTO. ART. 205 C.P.,CALI,El Limonar,17,-76.528472,3.403958,DOMICILIO,2024,junio     ,22,6/22/2024,7,17:10,DENUNCIA,Nivel 3
DELITOS SEXUALES,ACCESO CARNAL VIOLENTO. ART. 205 C.P. ,CALI,Salomia,04,-76.50482,3.463924,VIA PUBLICA,2024,junio     ,23,6/23/2024,1,09:06,DENUNCIA,Nivel 3
DELITOS SEXUALES,ACTOS SEXUALES CON MENOR DE CATORCE AÑOS. ART. 209 C.P.,CALI,José Manuel Marroquín II,14,-76.480848,3.430992,DOMICILIO,2024,junio     ,23,6/23/2024,1,01:53,DENUNCIA,Nivel 3
DELITOS SEXUALES,ACCESO CARNAL VIOLENTO. ART. 205 C.P.,CALI,Altos de Menga,02,-76.533486,3.488947,SIN INFORMACION,2024,junio     ,24,6/24/2024,2,13:00,DENUNCIA,Nivel 3
DELITOS SEXUALES,ACTOS SEXUALES CON PERSONA PROTEGIDA MENOR DE CATORCE AÑOS ART. 139A,CALI,El Lido,19,-76.554221,3.417562,DOMICILIO,2024,junio     ,24,6/24/2024,2,19:13,DENUNCIA,Nivel 3
DELITOS SEXUALES,ACCESO CARNAL VIOLENTO. ART. 205 C.P.,CALI,San Pedro,03,-76.533131,3.449924,DOMICILIO,2024,junio     ,24,6/24/2024,2,16:00,DENUNCIA,Nivel 3
DELITOS SEXUALES,ACTO SEXUAL VIOLENTO. ART. 206 C.P.,CALI,Panamericano,10,-76.535737,3.411725,DOMICILIO,2024,junio     ,24,6/24/2024,2,05:00,DENUNCIA,Nivel 3
DELITOS SEXUALES,ACCESO CARNAL ABUSIVO CON MENOR DE CATORCE AÑOS. ART. 208 C.P.,CALI,El Vergel,13,-76.501216,3.417285,DOMICILIO,2024,junio     ,25,6/25/2024,3,11:00,DENUNCIA,Nivel 3
DELITOS SEXUALES,ACCESO CARNAL ABUSIVO CON MENOR DE CATORCE AÑOS. ART. 208 C.P.,CALI,Junín,09,-76.529967,3.435525,DOMICILIO,2024,junio     ,25,6/25/2024,3,16:01,DENUNCIA,Nivel 3
DELITOS SEXUALES,ACTO SEXUAL VIOLENTO CON MENOR DE CATORCE AÑOS ART. 209 C.P. ,CALI,Rural,Rural,-76.567297,3.371424,CAMPO ABIERTO,2024,junio     ,25,6/25/2024,3,20:00,DENUNCIA,Nivel 3
DELITOS SEXUALES,ACTOS SEXUALES CON MENOR DE CATORCE AÑOS. ART. 209 C.P.,CALI,Paso del Comercio,06,-76.485552,3.492632,DOMICILIO,2024,junio     ,25,6/25/2024,3,11:27,DENUNCIA,Nivel 3
DELITOS SEXUALES,PORNOGRAFIA CON MENORES ART. 218 C.P.,CALI,La Rivera I,06,-76.486408,3.474509,DOMICILIO,2024,junio     ,25,6/25/2024,3,16:35,DENUNCIA,Nivel 3
DELITOS SEXUALES,ACCESO CARNAL O ACTO SEXUAL EN PERSONA PUESTA EN INCAPACIDAD DE RESISTIR. ART. 207 C.P.,CALI,Eucaristico,19,-76.540772,3.425239,DOMICILIO,2024,junio     ,25,6/25/2024,3,14:12,DENUNCIA,Nivel 3
DELITOS SEXUALES,ACTOS SEXUALES CON MENOR DE CATORCE AÑOS. ART. 209 C.P.,CALI,El Rodeo,12,-76.504366,3.4359,DOMICILIO,2024,junio     ,25,6/25/2024,3,15:35,DENUNCIA,Nivel 3
DELITOS SEXUALES,ACTOS SEXUALES CON MENOR DE CATORCE AÑOS. ART. 209 C.P.,CALI,El Poblado II,13,-76.487674,3.419653,DOMICILIO,2024,junio     ,25,6/25/2024,3,09:45,DENUNCIA,Nivel 3
DELITOS SEXUALES,ACOSO SEXUAL ART. 210A C.P.  ADICIONADO LEY 1257 DE 2008,CALI,Ciudadela Floralia,06,-76.491964,3.493588,DOMICILIO,2024,junio     ,25,6/25/2024,3,11:55,DENUNCIA,Nivel 3
DELITOS SEXUALES,ACCESO CARNAL VIOLENTO. ART. 205 C.P.,CALI,Ciudadela Floralia,06,-76.493028,3.497049,DOMICILIO,2024,junio     ,26,6/26/2024,4,17:00,DENUNCIA,Nivel 3
DELITOS SEXUALES,ACOSO SEXUAL ART. 210A C.P.  ADICIONADO LEY 1257 DE 2008,CALI,Siete de Agosto,07,-76.486875,3.447547,ESTABLECIMIENTO EDUCATIVO,2024,junio     ,26,6/26/2024,4,00:00,DENUNCIA,Nivel 3
DELITOS SEXUALES,ACCESO CARNAL ABUSIVO CON MENOR DE CATORCE AÑOS. ART. 208 C.P.,CALI,Rural,Rural,-76.547605,3.487303,DOMICILIO,2024,junio     ,26,6/26/2024,4,00:00,DENUNCIA,Nivel 3
DELITOS SEXUALES,ACOSO SEXUAL ART. 210A C.P.  ADICIONADO LEY 1257 DE 2008,CALI,Miraflores,19,-76.538585,3.437872,SIN INFORMACION,2024,junio     ,26,6/26/2024,4,08:00,DENUNCIA,Nivel 3
DELITOS SEXUALES,ACOSO SEXUAL ART. 210A C.P.  ADICIONADO LEY 1257 DE 2008,CALI,Chiminangos II,05,-76.493011,3.478308,VIA PUBLICA,2024,junio     ,26,6/26/2024,4,15:35,DENUNCIA,Nivel 3
DELITOS SEXUALES,ACCESO CARNAL ABUSIVO CON MENOR DE CATORCE AÑOS. ART. 208 C.P.,CALI,Los Comuneros I,15,-76.49191,3.410991,DOMICILIO,2024,junio     ,26,6/26/2024,4,08:00,DENUNCIA,Nivel 3
DELITOS SEXUALES,ACTO SEXUAL VIOLENTO. ART. 206 C.P.,CALI,La Base,08,-76.495892,3.448149,DOMICILIO,2024,junio     ,26,6/26/2024,4,11:37,DENUNCIA,Nivel 3
DELITOS SEXUALES,ACTO SEXUAL VIOLENTO CON MENOR DE CATORCE AÑOS ART. 209 C.P. ,CALI,El Retiro,15,-76.500007,3.410391,DOMICILIO,2024,junio     ,27,6/27/2024,5,12:01,DENUNCIA,Nivel 3
DELITOS SEXUALES,ACCESO CARNAL ABUSIVO CON MENOR DE CATORCE AÑOS. ART. 208 C.P.,CALI,Sector Meléndez,18,-76.546486,3.374062,DOMICILIO,2024,junio     ,27,6/27/2024,5,00:00,DENUNCIA,Nivel 3
DELITOS SEXUALES,ACTO SEXUAL VIOLENTO. ART. 206 C.P.,CALI,El Lido,19,-76.552267,3.415425,ESTABLECIMIENTO EDUCATIVO,2024,junio     ,27,6/27/2024,5,13:30,DENUNCIA,Nivel 3
DELITOS SEXUALES,ACCESO CARNAL VIOLENTO. ART. 205 C.P.,CALI,Altos de Menga,02,-76.530351,3.488268,DOMICILIO,2024,junio     ,27,6/27/2024,5,14:22,DENUNCIA,Nivel 3
DELITOS SEXUALES,ACTOS SEXUALES CON MENOR DE CATORCE AÑOS. ART. 209 C.P.,CALI,Rural,Rural,-76.547549,3.487619,DOMICILIO,2024,junio     ,28,6/28/2024,6,10:00,DENUNCIA,Nivel 3
DELITOS SEXUALES,ACCESO CARNAL O ACTO SEXUAL ABUSIVOS CON INCAPAZ DE RESISTIR. ART. 210 C.P.,CALI,El Morichal,15,-76.509746,3.393514,DOMICILIO,2024,junio     ,28,6/28/2024,6,22:30,DENUNCIA,Nivel 3
DELITOS SEXUALES,ACTO SEXUAL VIOLENTO. ART. 206 C.P.,CALI,San Nicolás,03,-76.522252,3.455745,DOMICILIO,2024,junio     ,28,6/28/2024,6,11:30,DENUNCIA,Nivel 3
DELITOS SEXUALES,ACCESO CARNAL ABUSIVO CON MENOR DE CATORCE AÑOS. ART. 208 C.P.,CALI,Sector Alto Jordán,18,-76.558501,3.37784,DOMICILIO,2024,junio     ,28,6/28/2024,6,17:00,DENUNCIA,Nivel 3
DELITOS SEXUALES,ACOSO SEXUAL ART. 210A C.P.  ADICIONADO LEY 1257 DE 2008,CALI,José Manuel Marroquín I,14,-76.481823,3.424421,ESTABLECIMIENTO EDUCATIVO,2024,junio     ,28,6/28/2024,6,10:00,DENUNCIA,Nivel 3
DELITOS SEXUALES,ACCESO CARNAL VIOLENTO. ART. 205 C.P.,CALI,Calipso,13,-76.497496,3.425639,DOMICILIO,2024,junio     ,29,6/29/2024,7,05:40,DENUNCIA,Nivel 3
DELITOS SEXUALES,ACCESO CARNAL VIOLENTO. ART. 205 C.P.,CALI,Pizamos III - Las Dalias,21,-76.475384,3.407248,SIN INFORMACION,2024,junio     ,29,6/29/2024,7,09:00,DENUNCIA,Nivel 3
DELITOS SEXUALES,ACCESO CARNAL ABUSIVO CON MENOR DE CATORCE AÑOS. ART. 208 C.P.,CALI,Centenario,02,-76.536213,3.45276,DOMICILIO,2024,junio     ,29,6/29/2024,7,15:45,DENUNCIA,Nivel 3
DELITOS SEXUALES,ACCESO CARNAL O ACTO SEXUAL ABUSIVOS CON INCAPAZ DE RESISTIR. ART. 210 C.P.,CALI,Granada,02,-76.535195,3.455778,DOMICILIO,2024,junio     ,29,6/29/2024,7,10:00,DENUNCIA,Nivel 3
DELITOS SEXUALES,ACTOS SEXUALES CON MENOR DE CATORCE AÑOS. ART. 209 C.P.,CALI,El Refugio,19,-76.551053,3.39835,EDIFICIO,2024,junio     ,30,6/30/2024,1,15:59,DENUNCIA,Nivel 3
DELITOS SEXUALES,PORNOGRAFIA CON MENORES ART. 218 C.P.,CALI,El Prado,11,-76.514809,3.434746,DOMICILIO,2024,junio     ,30,6/30/2024,1,17:56,DENUNCIA,Nivel 3
DELITOS SEXUALES,DEMANDA DE EXPLOT.SEX. COMERC. MENOR DE 18 AÑOS Adic. Art 217A C.P. Ley 1329 de 2009,CALI,Mariano Ramos,16,-76.515469,3.405883,DOMICILIO,2024,junio     ,30,6/30/2024,1,20:00,DENUNCIA,Nivel 3
DELITOS SEXUALES,ACCESO CARNAL O ACTO SEXUAL ABUSIVOS CON INCAPAZ DE RESISTIR. ART. 210 C.P.,CALI,El Poblado I,13,-76.49635,3.418501,SIN INFORMACION,2024,julio     ,1,7/1/2024,2,14:31,DENUNCIA,Nivel 3
DELITOS SEXUALES,ACCESO CARNAL ABUSIVO CON MENOR DE CATORCE AÑOS. ART. 208 C.P.,CALI,Los Andes,05,-76.497738,3.472265,DOMICILIO,2024,julio     ,1,7/1/2024,2,18:00,DENUNCIA,Nivel 3
DELITOS SEXUALES,ACCESO CARNAL ABUSIVO CON MENOR DE CATORCE AÑOS. ART. 208 C.P.,CALI,El Diamante,13,-76.502331,3.422153,DOMICILIO,2024,julio     ,1,7/1/2024,2,18:24,DENUNCIA,Nivel 3
DELITOS SEXUALES,ACTO SEXUAL VIOLENTO. ART. 206 C.P.,CALI,San Luis II,06,-76.487404,3.49131,DOMICILIO,2024,julio     ,1,7/1/2024,2,14:51,DENUNCIA,Nivel 3
DELITOS SEXUALES,ACTO SEXUAL VIOLENTO CON MENOR DE CATORCE AÑOS ART. 209 C.P. ,CALI,El Diamante,13,-76.505423,3.421019,VEHICULO,2024,julio     ,1,7/1/2024,2,14:00,DENUNCIA,Nivel 3
DELITOS SEXUALES,ACOSO SEXUAL ART. 210A C.P.  ADICIONADO LEY 1257 DE 2008,CALI,San Pedro,03,-76.533131,3.449924,SIN INFORMACION,2024,julio     ,1,7/1/2024,2,09:35,DENUNCIA,Nivel 3
DELITOS SEXUALES,ACOSO SEXUAL ART. 210A C.P.  ADICIONADO LEY 1257 DE 2008,CALI,Rural,Rural,-76.633139,3.394888,ESTABLECIMIENTO EDUCATIVO,2024,julio     ,1,7/1/2024,2,08:00,DENUNCIA,Nivel 3
DELITOS SEXUALES,ACTO SEXUAL VIOLENTO. ART. 206 C.P.,CALI,Saavedra Galindo,08,-76.517752,3.444951,OTRO,2024,julio     ,1,7/1/2024,2,12:30,DENUNCIA,Nivel 3
DELITOS SEXUALES,ACTO SEXUAL VIOLENTO CON MENOR DE CATORCE AÑOS ART. 209 C.P. ,CALI,El Dorado,10,-76.529512,3.421067,DOMICILIO,2024,julio     ,2,7/2/2024,3,14:19,DENUNCIA,Nivel 3
DELITOS SEXUALES,ACOSO SEXUAL ART. 210A C.P.  ADICIONADO LEY 1257 DE 2008,CALI,Alfonso Lopez P. 3a Etapa,07,-76.480159,3.45692,SIN INFORMACION,2024,julio     ,2,7/2/2024,3,01:00,DENUNCIA,Nivel 3
DELITOS SEXUALES,ACCESO CARNAL ABUSIVO CON MENOR DE CATORCE AÑOS. ART. 208 C.P.,CALI,Brisas de Mayo,20,-76.563148,3.416028,DOMICILIO,2024,julio     ,2,7/2/2024,3,16:00,DENUNCIA,Nivel 3
DELITOS SEXUALES,ACOSO SEXUAL ART. 210A ,CALI,Departamental,10,-76.53429,3.41878,DOMICILIO,2024,julio     ,3,7/3/2024,4,10:40,DENUNCIA,Nivel 3
DELITOS SEXUALES,ACTO SEXUAL VIOLENTO. ART. 206 C.P.,CALI,Industrial,08,-76.515745,3.455484,DOMICILIO,2024,julio     ,3,7/3/2024,4,08:14,DENUNCIA,Nivel 3
DELITOS SEXUALES,ACTO SEXUAL VIOLENTO CON MENOR DE CATORCE AÑOS ART. 209 C.P. ,CALI,Villa del Lago,13,-76.49201,3.435688,DOMICILIO,2024,julio     ,3,7/3/2024,4,07:00,DENUNCIA,Nivel 3
DELITOS SEXUALES,ACCESO CARNAL VIOLENTO. ART. 205 C.P.,CALI,Urbanización Tequendama,19,-76.547348,3.418744,DOMICILIO,2024,julio     ,3,7/3/2024,4,22:00,DENUNCIA,Nivel 3
DELITOS SEXUALES,ACCESO CARNAL O ACTO SEXUAL ABUSIVOS CON INCAPAZ DE RESISTIR. ART. 210 C.P.,CALI,Flora Industrial,04,-76.498718,3.481115,ESTABLECIMIENTO DE SALUD,2024,julio     ,3,7/3/2024,4,08:37,DENUNCIA,Nivel 3
DELITOS SEXUALES,ACOSO SEXUAL ART. 210A C.P.  ADICIONADO LEY 1257 DE 2008,CALI,Lleras Camargo,20,-76.563208,3.41857,DOMICILIO,2024,julio     ,3,7/3/2024,4,10:13,DENUNCIA,Nivel 3
DELITOS SEXUALES,ACOSO SEXUAL ART. 210A C.P.  ADICIONADO LEY 1257 DE 2008,CALI,Mojica,15,-76.485291,3.413625,SIN INFORMACION,2024,julio     ,3,7/3/2024,4,12:00,DENUNCIA,Nivel 3
DELITOS SEXUALES,ACOSO SEXUAL ART. 210A C.P.  ADICIONADO LEY 1257 DE 2008,CALI,Unicentro Cali,17,-76.541543,3.373883,DOMICILIO,2024,julio     ,3,7/3/2024,4,14:26,DENUNCIA,Nivel 3
DELITOS SEXUALES,ACTOS SEXUALES CON MENOR DE CATORCE AÑOS. ART. 209 C.P.,CALI,Caldas,18,-76.549072,3.394729,DOMICILIO,2024,julio     ,4,7/4/2024,5,08:47,DENUNCIA,Nivel 3
DELITOS SEXUALES,ACTO SEXUAL VIOLENTO. ART. 206 C.P.,CALI,San Pedro,03,-76.533131,3.449924,VIA PUBLICA,2024,julio     ,4,7/4/2024,5,15:47,DENUNCIA,Nivel 3
DELITOS SEXUALES,ACOSO SEXUAL ART. 210A C.P.  ADICIONADO LEY 1257 DE 2008,CALI,San Nicolás,03,-76.518781,3.452981,SIN INFORMACION,2024,julio     ,5,7/5/2024,6,11:10,DENUNCIA,Nivel 3
DELITOS SEXUALES,ACTOS SEXUALES CON MENOR DE CATORCE AÑOS. ART. 209 C.P.,CALI,San Nicolás,03,-76.518781,3.452981,SIN INFORMACION,2024,julio     ,5,7/5/2024,6,17:30,DENUNCIA,Nivel 3
DELITOS SEXUALES,ACCESO CARNAL O ACTO SEXUAL ABUSIVOS CON INCAPAZ DE RESISTIR. ART. 210 C.P.,CALI,Caney,17,-76.519329,3.382362,DOMICILIO,2024,julio     ,5,7/5/2024,6,15:48,DENUNCIA,Nivel 3
DELITOS SEXUALES,ACCESO CARNAL ABUSIVO CON MENOR DE CATORCE AÑOS. ART. 208 C.P.,CALI,José Manuel Marroquín I,14,-76.479514,3.420741,DOMICILIO,2024,julio     ,5,7/5/2024,6,11:37,DENUNCIA,Nivel 3
DELITOS SEXUALES,ACTOS SEXUALES CON MENOR DE CATORCE AÑOS. ART. 209 C.P.,CALI,El Lido,19,-76.554221,3.417562,DOMICILIO,2024,julio     ,5,7/5/2024,6,16:29,DENUNCIA,Nivel 3
DELITOS SEXUALES,ACCESO CARNAL VIOLENTO. ART. 205 C.P.,CALI,San Juan Bosco,03,-76.536206,3.442729,DOMICILIO,2024,julio     ,5,7/5/2024,6,00:58,DENUNCIA,Nivel 3
DELITOS SEXUALES,ACCESO CARNAL VIOLENTO. ART. 205 C.P.,CALI,José Holguín Garcés,11,-76.518894,3.409272,SIN INFORMACION,2024,julio     ,6,7/6/2024,7,08:00,DENUNCIA,Nivel 3
DELITOS SEXUALES,ACCESO CARNAL VIOLENTO. ART. 205 C.P. ,CALI,Rural,Rural,-76.539537,3.461543,DOMICILIO,2024,julio     ,6,7/6/2024,7,16:00,DENUNCIA,Nivel 3
DELITOS SEXUALES,ACCESO CARNAL ABUSIVO CON MENOR DE CATORCE AÑOS. ART. 208 C.P.,CALI,Sucre,09,-76.524683,3.447455,VIA PUBLICA,2024,julio     ,6,7/6/2024,7,19:00,DENUNCIA,Nivel 3
DELITOS SEXUALES,ACTOS SEXUALES CON MENOR DE CATORCE AÑOS. ART. 209 C.P.,CALI,El Morichal,15,-76.510182,3.391698,VEHICULO TAXI,2024,julio     ,6,7/6/2024,7,09:00,DENUNCIA,Nivel 3
DELITOS SEXUALES,ACTO SEXUAL VIOLENTO CON MENOR DE CATORCE AÑOS ART. 209 C.P. ,CALI,Ciudad Córdoba,15,-76.508462,3.40097,SIN INFORMACION,2024,julio     ,7,7/7/2024,1,16:06,DENUNCIA,Nivel 3
DELITOS SEXUALES,ACCESO CARNAL ABUSIVO CON MENOR DE CATORCE AÑOS. ART. 208 C.P.,CALI,La Fortaleza,11,-76.510832,3.425245,DOMICILIO,2024,julio     ,7,7/7/2024,1,10:00,DENUNCIA,Nivel 3
DELITOS SEXUALES,ACCESO CARNAL ABUSIVO CON MENOR DE CATORCE AÑOS. ART. 208 C.P.,CALI,Caney,17,-76.514235,3.382569,DOMICILIO,2024,julio     ,7,7/7/2024,1,01:10,DENUNCIA,Nivel 3
DELITOS SEXUALES,ACTO SEXUAL VIOLENTO CON MENOR DE CATORCE AÑOS ART. 209 C.P. ,CALI,Ciudad Córdoba,15,-76.506136,3.404716,SIN INFORMACION,2024,julio     ,7,7/7/2024,1,20:00,DENUNCIA,Nivel 3
DELITOS SEXUALES,ACTO SEXUAL VIOLENTO. ART. 206 C.P.,CALI,Los Parques Barranquilla,05,-76.495566,3.474112,DOMICILIO,2024,julio     ,7,7/7/2024,1,06:00,DENUNCIA,Nivel 3
DELITOS SEXUALES,ACTO SEXUAL VIOLENTO CON MENOR DE CATORCE AÑOS ART. 209 C.P. ,CALI,Sector Laguna del Pondaje,13,-76.486888,3.437695,DOMICILIO,2024,julio     ,8,7/8/2024,2,19:31,DENUNCIA,Nivel 3
DELITOS SEXUALES,ACCESO CARNAL O ACTO SEXUAL ABUSIVOS CON INCAPAZ DE RESISTIR. ART. 210 C.P.,CALI,Villa del Sur,11,-76.521156,3.412526,DOMICILIO,2024,julio     ,8,7/8/2024,2,04:00,DENUNCIA,Nivel 3
DELITOS SEXUALES,ACTOS SEXUALES CON MENOR DE CATORCE AÑOS. ART. 209 C.P.,CALI,Unión de Vivienda Popular,16,-76.506107,3.407028,DOMICILIO,2024,julio     ,8,7/8/2024,2,20:00,DENUNCIA,Nivel 3
DELITOS SEXUALES,DEMANDA DE EXPLOT.SEX. COMERC. MENOR DE 18 AÑOS Adic. Art 217A C.P. Ley 1329 de 2009,CALI,Los Guaduales,06,-76.499711,3.491467,DOMICILIO,2024,julio     ,8,7/8/2024,2,22:00,DENUNCIA,Nivel 3
DELITOS SEXUALES,ACTOS SEXUALES CON MENOR DE CATORCE AÑOS. ART. 209 C.P.,CALI,Prados de Oriente,11,-76.512774,3.432271,DOMICILIO,2024,julio     ,9,7/9/2024,3,16:23,DENUNCIA,Nivel 3
DELITOS SEXUALES,ACCESO CARNAL O ACTO SEXUAL EN PERSONA PUESTA EN INCAPACIDAD DE RESISTIR. ART. 207 C.P.,CALI,San Fernando Viejo,19,-76.544675,3.436319,DOMICILIO,2024,julio     ,9,7/9/2024,3,13:38,DENUNCIA,Nivel 3
DELITOS SEXUALES,ACCESO CARNAL ABUSIVO CON MENOR DE CATORCE AÑOS. ART. 208 C.P.,CALI,Barrio Obrero,09,-76.520504,3.45156,DOMICILIO,2024,julio     ,9,7/9/2024,3,14:00,DENUNCIA,Nivel 3
DELITOS SEXUALES,ACTO SEXUAL VIOLENTO. ART. 206 C.P.,CALI,San Pedro,03,-76.533131,3.449924,DOMICILIO,2024,julio     ,9,7/9/2024,3,03:00,DENUNCIA,Nivel 3
DELITOS SEXUALES,ACTOS SEXUALES CON MENOR DE CATORCE AÑOS. ART. 209 C.P.,CALI,Aguablanca,11,-76.517698,3.432271,OTRO,2024,julio     ,9,7/9/2024,3,12:32,DENUNCIA,Nivel 3
DELITOS SEXUALES,ACTO SEXUAL VIOLENTO. ART. 206 C.P.,CALI,Los Lagos,13,-76.485875,3.427645,DOMICILIO,2024,julio     ,9,7/9/2024,3,09:40,DENUNCIA,Nivel 3
DELITOS SEXUALES,ACTOS SEXUALES CON MENOR DE CATORCE AÑOS. ART. 209 C.P.,CALI,Promociones Populares B,14,-76.472633,3.428633,DOMICILIO,2024,julio     ,9,7/9/2024,3,09:41,DENUNCIA,Nivel 3
DELITOS SEXUALES,ACCESO CARNAL VIOLENTO. ART. 205 C.P. ,CALI,El Calvario,03,-76.530627,3.445979,DOMICILIO,2024,julio     ,9,7/9/2024,3,16:01,DENUNCIA,Nivel 3
DELITOS SEXUALES,ACTOS SEXUALES CON MENOR DE CATORCE AÑOS. ART. 209 C.P.,CALI,El Troncal,08,-76.50739,3.451136,DOMICILIO,2024,julio     ,10,7/10/2024,4,18:30,DENUNCIA,Nivel 3
DELITOS SEXUALES,ACTOS SEXUALES CON MENOR DE CATORCE AÑOS. ART. 209 C.P.,CALI,Simón Bolívar,08,-76.517377,3.44166,OTRO,2024,julio     ,10,7/10/2024,4,00:00,DENUNCIA,Nivel 3
DELITOS SEXUALES,ACCESO CARNAL ABUSIVO CON MENOR DE CATORCE AÑOS. ART. 208 C.P.,CALI,Sucre,09,-76.525884,3.443429,ESTABLECIMIENTO PUBLICO,2024,julio     ,10,7/10/2024,4,04:50,DENUNCIA,Nivel 3
DELITOS SEXUALES,ACCESO CARNAL O ACTO SEXUAL ABUSIVOS CON INCAPAZ DE RESISTIR. ART. 210 C.P.,CALI,Alfonso Lopez P. 1a Etapa,07,-76.482531,3.46535,ESTABLECIMIENTO DE SALUD,2024,julio     ,11,7/11/2024,5,12:00,DENUNCIA,Nivel 3
DELITOS SEXUALES,ACCESO CARNAL ABUSIVO CON MENOR DE CATORCE AÑOS. ART. 208 C.P.,CALI,Terrón Colorado,01,-76.560651,3.449745,DOMICILIO,2024,julio     ,11,7/11/2024,5,15:37,DENUNCIA,Nivel 3
DELITOS SEXUALES,ACCESO CARNAL ABUSIVO CON MENOR DE CATORCE AÑOS. ART. 208 C.P.,CALI,Promociones Populares B,14,-76.472633,3.428633,DOMICILIO,2024,julio     ,11,7/11/2024,5,10:04,DENUNCIA,Nivel 3
DELITOS SEXUALES,PORNOGRAFIA CON MENORES ART. 218 C.P.,CALI,Alfonso Bonilla Aragón,14,-76.486042,3.421479,DOMICILIO,2024,julio     ,11,7/11/2024,5,14:51,DENUNCIA,Nivel 3
DELITOS SEXUALES,ACOSO SEXUAL ART. 210A C.P.  ADICIONADO LEY 1257 DE 2008,CALI,Primero de Mayo,17,-76.533363,3.405703,SIN INFORMACION,2024,julio     ,11,7/11/2024,5,07:00,DENUNCIA,Nivel 3
DELITOS SEXUALES,ACCESO CARNAL VIOLENTO. ART. 205 C.P.,CALI,Aguablanca,11,-76.516523,3.4309,DOMICILIO,2024,julio     ,11,7/11/2024,5,08:00,DENUNCIA,Nivel 3
DELITOS SEXUALES,ACTO SEXUAL VIOLENTO CON MENOR DE CATORCE AÑOS ART. 209 C.P. ,CALI,Alfonso Bonilla Aragón,14,-76.483057,3.420311,SIN INFORMACION,2024,julio     ,11,7/11/2024,5,14:37,DENUNCIA,Nivel 3
DELITOS SEXUALES,ACCESO CARNAL VIOLENTO. ART. 205 C.P.,CALI,Mariano Ramos,16,-76.515444,3.399823,DOMICILIO,2024,julio     ,11,7/11/2024,5,21:42,DENUNCIA,Nivel 3
DELITOS SEXUALES,ACOSO SEXUAL ART. 210A C.P.  ADICIONADO LEY 1257 DE 2008,CALI,Unidad Residencial Santiago de Cali,19,-76.547288,3.414663,SIN INFORMACION,2024,julio     ,11,7/11/2024,5,17:40,DENUNCIA,Nivel 3
DELITOS SEXUALES,ACOSO SEXUAL ART. 210A C.P.  ADICIONADO LEY 1257 DE 2008,CALI,El Vallado,15,-76.502144,3.409812,VIA PUBLICA,2024,julio     ,12,7/12/2024,6,20:00,DENUNCIA,Nivel 3
DELITOS SEXUALES,ACOSO SEXUAL ART. 210A C.P.  ADICIONADO LEY 1257 DE 2008,CALI,Ciudad Campestre,22,-76.537447,3.370429,ESTABLECIMIENTO EDUCATIVO,2024,julio     ,12,7/12/2024,6,21:00,DENUNCIA,Nivel 3
DELITOS SEXUALES,ACTOS SEXUALES CON MENOR DE CATORCE AÑOS. ART. 209 C.P.,CALI,Los Chorros,18,-76.554949,3.39382,SIN INFORMACION,2024,julio     ,12,7/12/2024,6,10:50,DENUNCIA,Nivel 3
DELITOS SEXUALES,ACCESO CARNAL VIOLENTO. ART. 205 C.P.,CALI,San Cayetano,03,-76.536829,3.443744,DOMICILIO,2024,julio     ,13,7/13/2024,7,23:40,DENUNCIA,Nivel 3
DELITOS SEXUALES,DEMANDA DE EXPLOT.SEX. COMERC. MENOR DE 18 AÑOS Adic. Art 217A C.P. Ley 1329 de 2009,CALI,Meléndez,18,-76.545665,3.378509,DOMICILIO,2024,julio     ,13,7/13/2024,7,15:19,DENUNCIA,Nivel 3
DELITOS SEXUALES,ACCESO CARNAL ABUSIVO CON MENOR DE CATORCE AÑOS. ART. 208 C.P.,CALI,Mayapan - Las Vegas,17,-76.542944,3.380711,DOMICILIO,2024,julio     ,13,7/13/2024,7,10:00,DENUNCIA,Nivel 3
DELITOS SEXUALES,ACTOS SEXUALES CON MENOR DE CATORCE AÑOS. ART. 209 C.P.,CALI,Alirio Mora Beltrán,14,-76.479773,3.437676,DOMICILIO,2024,julio     ,13,7/13/2024,7,10:00,DENUNCIA,Nivel 3
DELITOS SEXUALES,ACTOS SEXUALES CON MENOR DE CATORCE AÑOS. ART. 209 C.P.,CALI,El Vergel,13,-76.50163,3.417278,DOMICILIO,2024,julio     ,13,7/13/2024,7,11:05,DENUNCIA,Nivel 3
DELITOS SEXUALES,ACCESO CARNAL VIOLENTO. ART. 205 C.P.,CALI,Lleras Camargo,20,-76.5603,3.421277,DOMICILIO,2024,julio     ,13,7/13/2024,7,22:00,DENUNCIA,Nivel 3
DELITOS SEXUALES,ACCESO CARNAL ABUSIVO CON MENOR DE CATORCE AÑOS. ART. 208 C.P.,CALI,Ciudadela Floralia,06,-76.494074,3.490722,DOMICILIO,2024,julio     ,14,7/14/2024,1,02:30,DENUNCIA,Nivel 3
DELITOS SEXUALES,ACCESO CARNAL O ACTO SEXUAL ABUSIVOS CON INCAPAZ DE RESISTIR. ART. 210 C.P.,CALI,Compartir,21,-76.468541,3.43179,VIA PUBLICA,2024,julio     ,14,7/14/2024,1,04:00,DENUNCIA,Nivel 3
DELITOS SEXUALES,ACCESO CARNAL VIOLENTO. ART. 205 C.P.,CALI,Urbanización Tequendama,19,-76.545068,3.423177,DOMICILIO,2024,julio     ,14,7/14/2024,1,14:39,DENUNCIA,Nivel 3
DELITOS SEXUALES,ACTOS SEXUALES CON MENOR DE CATORCE AÑOS. ART. 209 C.P.,CALI,Ulpiano Lloreda,13,-76.48987,3.441778,SIN INFORMACION,2024,julio     ,14,7/14/2024,1,23:00,DENUNCIA,Nivel 3
DELITOS SEXUALES,ACCESO CARNAL O ACTO SEXUAL EN PERSONA PUESTA EN INCAPACIDAD DE RESISTIR ART. 207,CALI,El Poblado I,13,-76.497796,3.419305,DOMICILIO,2024,julio     ,14,7/14/2024,1,05:00,DENUNCIA,Nivel 3
DELITOS SEXUALES,ACCESO CARNAL VIOLENTO. ART. 205 C.P.,CALI,Santa Isabel,19,-76.549333,3.42816,DOMICILIO,2024,julio     ,15,7/15/2024,2,03:00,DENUNCIA,Nivel 3
DELITOS SEXUALES,ACCESO CARNAL VIOLENTO. ART. 205 C.P.,CALI,Mayapan - Las Vegas,17,-76.543778,3.382895,ENTIDAD PUBLICA / ESTATAL,2024,julio     ,15,7/15/2024,2,14:00,DENUNCIA,Nivel 3
DELITOS SEXUALES,ACTO SEXUAL VIOLENTO CON MENOR DE CATORCE AÑOS ART. 209 C.P. ,CALI,San Nicolás,03,-76.518781,3.452981,SIN INFORMACION,2024,julio     ,15,7/15/2024,2,22:52,DENUNCIA,Nivel 3
DELITOS SEXUALES,ACTO SEXUAL VIOLENTO. ART. 206 C.P.,CALI,Alfonso Bonilla Aragón,14,-76.483605,3.421032,DOMICILIO,2024,julio     ,15,7/15/2024,2,14:30,DENUNCIA,Nivel 3
DELITOS SEXUALES,ACTO SEXUAL VIOLENTO. ART. 206 C.P.,CALI,San Pedro,03,-76.533131,3.449924,DOMICILIO,2024,julio     ,15,7/15/2024,2,21:30,DENUNCIA,Nivel 3
DELITOS SEXUALES,ACTO SEXUAL VIOLENTO CON MENOR DE CATORCE AÑOS ART. 209 C.P. ,CALI,Potrero Grande,21,-76.467861,3.40873,DOMICILIO,2024,julio     ,15,7/15/2024,2,11:05,DENUNCIA,Nivel 3
DELITOS SEXUALES,ACOSO SEXUAL ART. 210A C.P.  ADICIONADO LEY 1257 DE 2008,CALI,Promociones Populares B,14,-76.47733,3.426102,VIA PUBLICA,2024,julio     ,15,7/15/2024,2,12:20,DENUNCIA,Nivel 3
DELITOS SEXUALES,ACTOS SEXUALES CON MENOR DE CATORCE AÑOS. ART. 209 C.P.,CALI,Terrón Colorado,01,-76.56126,3.450342,DOMICILIO,2024,julio     ,16,7/16/2024,3,15:00,DENUNCIA,Nivel 3
DELITOS SEXUALES,ACOSO SEXUAL ART. 210A C.P.  ADICIONADO LEY 1257 DE 2008,CALI,San Pedro,03,-76.533131,3.449924,DOMICILIO,2024,julio     ,16,7/16/2024,3,16:21,DENUNCIA,Nivel 3
DELITOS SEXUALES,ACCESO CARNAL VIOLENTO. ART. 205 C.P.,CALI,Villa del Lago,13,-76.489269,3.43788,DOMICILIO,2024,julio     ,16,7/16/2024,3,21:00,DENUNCIA,Nivel 3
DELITOS SEXUALES,ACTOS SEXUALES CON MENOR DE CATORCE AÑOS. ART. 209 C.P.,CALI,Paso del Comercio,06,-76.485407,3.493243,DOMICILIO,2024,julio     ,16,7/16/2024,3,20:00,DENUNCIA,Nivel 3
DELITOS SEXUALES,ACCESO CARNAL ABUSIVO CON MENOR DE CATORCE AÑOS. ART. 208 C.P.,CALI,Vipasa,02,-76.517518,3.479204,SIN INFORMACION,2024,julio     ,16,7/16/2024,3,17:00,DENUNCIA,Nivel 3
DELITOS SEXUALES,ACTO SEXUAL VIOLENTO CON MENOR DE CATORCE AÑOS ART. 209 C.P. ,CALI,Manzanares,04,-76.509699,3.466503,SIN INFORMACION,2024,julio     ,16,7/16/2024,3,18:30,DENUNCIA,Nivel 3
DELITOS SEXUALES,ACCESO CARNAL ABUSIVO CON MENOR DE CATORCE AÑOS. ART. 208 C.P.,CALI,Los Alcázares,06,-76.49115,3.488729,EDIFICIO,2024,julio     ,17,7/17/2024,4,00:00,DENUNCIA,Nivel 3
DELITOS SEXUALES,ACCESO CARNAL ABUSIVO CON MENOR DE CATORCE AÑOS. ART. 208 C.P.,CALI,Porvenir,04,-76.512026,3.460231,VIA PUBLICA,2024,julio     ,17,7/17/2024,4,13:17,DENUNCIA,Nivel 3
DELITOS SEXUALES,ACCESO CARNAL VIOLENTO. ART. 205 C.P. ,CALI,Compartir,21,-76.465237,3.431599,SIN INFORMACION,2024,julio     ,17,7/17/2024,4,13:00,DENUNCIA,Nivel 3
DELITOS SEXUALES,ACTO SEXUAL VIOLENTO. ART. 206 C.P.,CALI,San Fernando Viejo,19,-76.544614,3.430913,ESTABLECIMIENTO DE SALUD,2024,julio     ,17,7/17/2024,4,22:00,DENUNCIA,Nivel 3
DELITOS SEXUALES,ACTO SEXUAL VIOLENTO. ART. 206 C.P.,CALI,San Pedro,03,-76.533131,3.449924,ENTIDAD PUBLICA / ESTATAL,2024,julio     ,18,7/18/2024,5,11:46,DENUNCIA,Nivel 3
DELITOS SEXUALES,ACTO SEXUAL VIOLENTO. ART. 206 C.P.,CALI,La Independencia,11,-76.518627,3.417034,DOMICILIO,2024,julio     ,18,7/18/2024,5,15:30,DENUNCIA,Nivel 3
DELITOS SEXUALES,ACTO SEXUAL VIOLENTO CON MENOR DE CATORCE AÑOS ART. 209 C.P. ,CALI,El Refugio,19,-76.551053,3.39835,DOMICILIO,2024,julio     ,18,7/18/2024,5,14:27,DENUNCIA,Nivel 3
DELITOS SEXUALES,ACCESO CARNAL VIOLENTO. ART. 205 C.P.,CALI,San Cayetano,03,-76.542961,3.445322,VIA PUBLICA,2024,julio     ,19,7/19/2024,6,03:15,DENUNCIA,Nivel 3
DELITOS SEXUALES,ACTO SEXUAL VIOLENTO. ART. 206 C.P.,CALI,San Pedro,03,-76.533131,3.449924,DOMICILIO,2024,julio     ,19,7/19/2024,6,17:05,DENUNCIA,Nivel 3
DELITOS SEXUALES,ACTO SEXUAL VIOLENTO CON MENOR DE CATORCE AÑOS ART. 209 C.P. ,CALI,Los Chorros,18,-76.555416,3.393936,SIN INFORMACION,2024,julio     ,19,7/19/2024,6,21:58,DENUNCIA,Nivel 3
DELITOS SEXUALES,ACTO SEXUAL VIOLENTO CON MENOR DE CATORCE AÑOS ART. 209 C.P. ,CALI,Ciudadela Floralia,06,-76.491758,3.492271,DOMICILIO,2024,julio     ,19,7/19/2024,6,16:30,DENUNCIA,Nivel 3
DELITOS SEXUALES,ACTOS SEXUALES CON MENOR DE CATORCE AÑOS. ART. 209 C.P.,CALI,Chipichape,02,-76.525682,3.479894,DOMICILIO,2024,julio     ,19,7/19/2024,6,14:16,DENUNCIA,Nivel 3
DELITOS SEXUALES,ACCESO CARNAL O ACTO SEXUAL EN PERSONA PUESTA EN INCAPACIDAD DE RESISTIR. ART. 207 C.P.,CALI,Villanueva,12,-76.509756,3.432146,DOMICILIO,2024,julio     ,19,7/19/2024,6,15:40,DENUNCIA,Nivel 3
DELITOS SEXUALES,ACCESO CARNAL O ACTO SEXUAL ABUSIVOS CON INCAPAZ DE RESISTIR. ART. 210 C.P.,CALI,Ciudadela Floralia,06,-76.496445,3.496647,DOMICILIO,2024,julio     ,19,7/19/2024,6,18:03,DENUNCIA,Nivel 3
DELITOS SEXUALES,ACCESO CARNAL O ACTO SEXUAL ABUSIVOS CON INCAPAZ DE RESISTIR. ART. 210 C.P.,CALI,Nueva Floresta,12,-76.498971,3.43437,DOMICILIO,2024,julio     ,20,7/20/2024,7,04:30,DENUNCIA,Nivel 3
DELITOS SEXUALES,ACTO SEXUAL VIOLENTO. ART. 206 C.P.,CALI,Petecuy Primera Etapa,06,-76.479171,3.475923,DOMICILIO,2024,julio     ,20,7/20/2024,7,11:00,DENUNCIA,Nivel 3
DELITOS SEXUALES,ACTO SEXUAL VIOLENTO. ART. 206 C.P.,CALI,Fepicol,07,-76.486038,3.464518,DOMICILIO,2024,julio     ,20,7/20/2024,7,14:30,DENUNCIA,Nivel 3
DELITOS SEXUALES,ACTO SEXUAL VIOLENTO CON MENOR DE CATORCE AÑOS ART. 209 C.P. ,CALI,San Pedro,03,-76.533131,3.449924,DOMICILIO,2024,julio     ,20,7/20/2024,7,14:04,DENUNCIA,Nivel 3
DELITOS SEXUALES,ACCESO CARNAL ABUSIVO CON MENOR DE CATORCE AÑOS. ART. 208 C.P.,CALI,Paso del Comercio,06,-76.487243,3.492483,DOMICILIO,2024,julio     ,20,7/20/2024,7,10:43,DENUNCIA,Nivel 3
DELITOS SEXUALES,ACTOS SEXUALES CON MENOR DE CATORCE AÑOS. ART. 209 C.P.,CALI,Rural,Rural,-76.481132,3.401941,DOMICILIO,2024,julio     ,21,7/21/2024,1,10:55,DENUNCIA,Nivel 3
DELITOS SEXUALES,PORNOGRAFIA CON MENORES ART. 218 C.P.,CALI,Alirio Mora Beltrán,14,-76.480195,3.436224,DOMICILIO,2024,julio     ,21,7/21/2024,1,13:26,DENUNCIA,Nivel 3
DELITOS SEXUALES,ACCESO CARNAL VIOLENTO. ART. 205 C.P. ,CALI,Alto Nápoles,18,-76.558817,3.385751,DOMICILIO,2024,julio     ,21,7/21/2024,1,02:15,DENUNCIA,Nivel 3
DELITOS SEXUALES,ACTOS SEXUALES CON MENOR DE CATORCE AÑOS. ART. 209 C.P.,CALI,San Pedro,03,-76.533131,3.449924,DOMICILIO,2024,julio     ,21,7/21/2024,1,13:15,DENUNCIA,Nivel 3
DELITOS SEXUALES,ESTIMULO A LA PROSTITUCION DE MENORES. ART. 217 C.P.,CALI,Meléndez,18,-76.545425,3.37928,SIN INFORMACION,2024,julio     ,21,7/21/2024,1,08:44,DENUNCIA,Nivel 3
DELITOS SEXUALES,ACCESO CARNAL VIOLENTO. ART. 205 C.P. ,CALI,Urbanización La Nueva Base,08,-76.492458,3.446596,DOMICILIO,2024,julio     ,21,7/21/2024,1,23:00,DENUNCIA,Nivel 3
DELITOS SEXUALES,ACTO SEXUAL VIOLENTO. ART. 206 C.P.,CALI,Nueva Floresta,12,-76.500323,3.439724,DOMICILIO,2024,julio     ,21,7/21/2024,1,16:29,DENUNCIA,Nivel 3
DELITOS SEXUALES,ACTOS SEXUALES CON MENOR DE CATORCE AÑOS. ART. 209 C.P.,CALI,Alfonso Bonilla Aragón,14,-76.480687,3.416611,ESTABLECIMIENTO EDUCATIVO,2024,julio     ,21,7/21/2024,1,00:00,DENUNCIA,Nivel 3
DELITOS SEXUALES,ACTO SEXUAL VIOLENTO. ART. 206 C.P.,CALI,Mojica,15,-76.490136,3.4134,VIA PUBLICA,2024,julio     ,21,7/21/2024,1,06:40,DENUNCIA,Nivel 3
DELITOS SEXUALES,ACCESO CARNAL VIOLENTO. ART. 205 C.P.,CALI,Sucre,09,-76.526464,3.444578,HOTEL / HOSTAL,2024,julio     ,21,7/21/2024,1,20:00,DENUNCIA,Nivel 3
DELITOS SEXUALES,ACTO SEXUAL VIOLENTO CON MENOR DE CATORCE AÑOS ART. 209 C.P. ,CALI,Las Delicias,04,-76.507144,3.462313,DOMICILIO,2024,julio     ,21,7/21/2024,1,09:00,DENUNCIA,Nivel 3
DELITOS SEXUALES,PORNOGRAFIA CON MENORES ART. 218 C.P.,CALI,La Independencia,11,-76.520599,3.417503,RED VIRTUAL O INTERNET,2024,julio     ,22,7/22/2024,2,17:30,DENUNCIA,Nivel 3
DELITOS SEXUALES,ACTOS SEXUALES CON MENOR DE CATORCE AÑOS. ART. 209 C.P.,CALI,Siloé,20,-76.558103,3.4232,DOMICILIO,2024,julio     ,22,7/22/2024,2,00:00,DENUNCIA,Nivel 3
DELITOS SEXUALES,ACTO SEXUAL VIOLENTO CON MENOR DE CATORCE AÑOS ART. 209 C.P. ,CALI,Cuarto de Legua - Guadalupe,19,-76.555434,3.40997,ESTABLECIMIENTO EDUCATIVO,2024,julio     ,22,7/22/2024,2,10:00,DENUNCIA,Nivel 3
DELITOS SEXUALES,ACTO SEXUAL VIOLENTO CON MENOR DE CATORCE AÑOS ART. 209 C.P. ,CALI,Potrero Grande,21,-76.469227,3.410281,DOMICILIO,2024,julio     ,22,7/22/2024,2,14:00,DENUNCIA,Nivel 3
DELITOS SEXUALES,ACOSO SEXUAL ART. 210A C.P.  ADICIONADO LEY 1257 DE 2008,CALI,Cuarto de Legua - Guadalupe,19,-76.555434,3.40997,SIN INFORMACION,2024,julio     ,23,7/23/2024,3,13:00,DENUNCIA,Nivel 3
DELITOS SEXUALES,ACTOS SEXUALES CON MENOR DE CATORCE AÑOS. ART. 209 C.P.,CALI,Ciudadela Comfandi,17,-76.521658,3.382251,DOMICILIO,2024,julio     ,23,7/23/2024,3,20:00,DENUNCIA,Nivel 3
DELITOS SEXUALES,ACTO SEXUAL VIOLENTO. ART. 206 C.P.,CALI,Miraflores,19,-76.538679,3.438687,ESTABLECIMIENTO PUBLICO,2024,julio     ,23,7/23/2024,3,14:45,DENUNCIA,Nivel 3
DELITOS SEXUALES,ACCESO CARNAL ABUSIVO CON MENOR DE CATORCE AÑOS. ART. 208 C.P.,CALI,Rodrigo Lara Bonilla,13,-76.490699,3.426128,DOMICILIO,2024,julio     ,23,7/23/2024,3,15:05,DENUNCIA,Nivel 3
DELITOS SEXUALES,ACTOS SEXUALES CON MENOR DE CATORCE AÑOS. ART. 209 C.P.,CALI,San Nicolás,03,-76.518781,3.452981,SIN INFORMACION,2024,julio     ,23,7/23/2024,3,22:01,DENUNCIA,Nivel 3
DELITOS SEXUALES,ACCESO CARNAL VIOLENTO. ART. 205 C.P.,CALI,Chipichape,02,-76.528062,3.477004,CENTRO COMERCIAL,2024,julio     ,24,7/24/2024,4,12:00,DENUNCIA,Nivel 3
DELITOS SEXUALES,ACCESO CARNAL VIOLENTO. ART. 205 C.P.,CALI,San Pedro,03,-76.533131,3.449924,DOMICILIO,2024,julio     ,24,7/24/2024,4,15:18,DENUNCIA,Nivel 3
DELITOS SEXUALES,ACCESO CARNAL O ACTO SEXUAL ABUSIVOS CON INCAPAZ DE RESISTIR. ART. 210 C.P.,CALI,La Independencia,11,-76.517017,3.414646,DOMICILIO,2024,julio     ,24,7/24/2024,4,16:18,DENUNCIA,Nivel 3
DELITOS SEXUALES,ESTIMULO A LA PROSTITUCION DE MENORES. ART. 217 C.P.,CALI,Meléndez,18,-76.545344,3.378641,SIN INFORMACION,2024,julio     ,24,7/24/2024,4,11:38,DENUNCIA,Nivel 3
DELITOS SEXUALES,ACTO SEXUAL VIOLENTO CON MENOR DE CATORCE AÑOS ART. 209 C.P. ,CALI,San Pedro,03,-76.533131,3.449924,DOMICILIO,2024,julio     ,24,7/24/2024,4,14:30,DENUNCIA,Nivel 3
DELITOS SEXUALES,ACOSO SEXUAL ART. 210A C.P.  ADICIONADO LEY 1257 DE 2008,CALI,Cuarteles de Nápoles,18,-76.559139,3.382355,DOMICILIO,2024,julio     ,24,7/24/2024,4,09:30,DENUNCIA,Nivel 3
DELITOS SEXUALES,ACCESO CARNAL ABUSIVO CON MENOR DE CATORCE AÑOS. ART. 208 C.P.,CALI,Rural,Rural,-76.499416,3.386604,DOMICILIO,2024,julio     ,25,7/25/2024,5,14:00,DENUNCIA,Nivel 3
DELITOS SEXUALES,ACTO SEXUAL VIOLENTO CON MENOR DE CATORCE AÑOS ART. 209 C.P. ,CALI,Calimio Desepaz,21,-76.469276,3.412801,DOMICILIO,2024,julio     ,25,7/25/2024,5,17:10,DENUNCIA,Nivel 3
DELITOS SEXUALES,ACCESO CARNAL VIOLENTO. ART. 205 C.P.,CALI,Rural,Rural,-76.544211,3.362127,SIN INFORMACION,2024,julio     ,25,7/25/2024,5,20:22,DENUNCIA,Nivel 3
DELITOS SEXUALES,ACTOS SEXUALES CON MENOR DE CATORCE AÑOS. ART. 209 C.P.,CALI,Departamental,10,-76.535839,3.415097,SIN INFORMACION,2024,julio     ,25,7/25/2024,5,16:57,DENUNCIA,Nivel 3
DELITOS SEXUALES,ACTOS SEXUALES CON MENOR DE CATORCE AÑOS. ART. 209 C.P.,CALI,Santa Rosa,03,-76.532461,3.448035,DOMICILIO,2024,julio     ,25,7/25/2024,5,16:20,DENUNCIA,Nivel 3
DELITOS SEXUALES,ACCESO CARNAL ABUSIVO CON MENOR DE CATORCE AÑOS. ART. 208 C.P.,CALI,Urbanización El Angel del Hogar,07,-76.483043,3.445569,DOMICILIO,2024,julio     ,25,7/25/2024,5,12:30,DENUNCIA,Nivel 3
DELITOS SEXUALES,ACTOS SEXUALES CON MENOR DE CATORCE AÑOS. ART. 209 C.P.,CALI,Mariano Ramos,16,-76.515371,3.399794,DOMICILIO,2024,julio     ,25,7/25/2024,5,11:21,DENUNCIA,Nivel 3
DELITOS SEXUALES,ACCESO CARNAL ABUSIVO CON MENOR DE CATORCE AÑOS. ART. 208 C.P.,CALI,La Floresta,08,-76.5092,3.440633,DOMICILIO,2024,julio     ,25,7/25/2024,5,10:00,DENUNCIA,Nivel 3
DELITOS SEXUALES,ACTO SEXUAL VIOLENTO. ART. 206 C.P.,CALI,Chipichape,02,-76.529032,3.476347,CENTRO COMERCIAL,2024,julio     ,26,7/26/2024,6,08:43,DENUNCIA,Nivel 3
DELITOS SEXUALES,ACOSO SEXUAL ART. 210A C.P.  ADICIONADO LEY 1257 DE 2008,CALI,Champagnat,19,-76.535128,3.427286,DOMICILIO,2024,julio     ,26,7/26/2024,6,13:10,DENUNCIA,Nivel 3
DELITOS SEXUALES,ACTO SEXUAL VIOLENTO CON MENOR DE CATORCE AÑOS ART. 209 C.P. ,CALI,La Sultana,20,-76.563894,3.423658,DOMICILIO,2024,julio     ,26,7/26/2024,6,11:30,DENUNCIA,Nivel 3
DELITOS SEXUALES,ACCESO CARNAL VIOLENTO. ART. 205 C.P.,CALI,San Nicolás,03,-76.518781,3.452981,SIN INFORMACION,2024,julio     ,26,7/26/2024,6,19:00,DENUNCIA,Nivel 3
DELITOS SEXUALES,ACOSO SEXUAL ART. 210A C.P.  ADICIONADO LEY 1257 DE 2008,CALI,Aguablanca,11,-76.516894,3.432271,DOMICILIO,2024,julio     ,26,7/26/2024,6,10:03,DENUNCIA,Nivel 3
DELITOS SEXUALES,ACCESO CARNAL O ACTO SEXUAL ABUSIVOS CON INCAPAZ DE RESISTIR. ART. 210 C.P.,CALI,Calimio Desepaz,21,-76.466946,3.413836,SIN INFORMACION,2024,julio     ,27,7/27/2024,7,21:00,DENUNCIA,Nivel 3
DELITOS SEXUALES,ACTO SEXUAL VIOLENTO. ART. 206 C.P.,CALI,Rural,Rural,-76.56967,3.382065,AREA RURAL,2024,julio     ,27,7/27/2024,7,15:07,DENUNCIA,Nivel 3
DELITOS SEXUALES,ACCESO CARNAL O ACTO SEXUAL ABUSIVOS CON INCAPAZ DE RESISTIR. ART. 210 C.P.,CALI,Alirio Mora Beltrán,14,-76.481251,3.439822,VIA PUBLICA,2024,julio     ,27,7/27/2024,7,23:00,DENUNCIA,Nivel 3
DELITOS SEXUALES,ACCESO CARNAL VIOLENTO. ART. 205 C.P.,CALI,Mariano Ramos,16,-76.512777,3.403118,VIA PUBLICA,2024,julio     ,27,7/27/2024,7,20:00,DENUNCIA,Nivel 3
DELITOS SEXUALES,ACOSO SEXUAL ART. 210A C.P.  ADICIONADO LEY 1257 DE 2008,CALI,Bolivariano,04,-76.515102,3.469416,SIN INFORMACION,2024,julio     ,27,7/27/2024,7,08:00,DENUNCIA,Nivel 3
DELITOS SEXUALES,ACTO SEXUAL VIOLENTO CON MENOR DE CATORCE AÑOS ART. 209 C.P. ,CALI,Santa Teresita,02,-76.54505,3.450543,DOMICILIO,2024,julio     ,27,7/27/2024,7,04:00,DENUNCIA,Nivel 3
DELITOS SEXUALES,ACTO SEXUAL VIOLENTO CON MENOR DE CATORCE AÑOS ART. 209 C.P. ,CALI,Aguacatal,01,-76.555607,3.457916,DOMICILIO,2024,julio     ,27,7/27/2024,7,04:55,DENUNCIA,Nivel 3
DELITOS SEXUALES,ACCESO CARNAL O ACTO SEXUAL EN PERSONA PUESTA EN INCAPACIDAD DE RESISTIR. ART. 207 C.P.,CALI,El Rodeo,12,-76.504131,3.436091,VIA PUBLICA,2024,julio     ,28,7/28/2024,1,23:00,DENUNCIA,Nivel 3
DELITOS SEXUALES,ACCESO CARNAL VIOLENTO. ART. 205 C.P.,CALI,Unión de Vivienda Popular,16,-76.505311,3.408712,DOMICILIO,2024,julio     ,28,7/28/2024,1,00:30,DENUNCIA,Nivel 3
DELITOS SEXUALES,ACTOS SEXUALES CON MENOR DE CATORCE AÑOS. ART. 209 C.P.,CALI,San Nicolás,03,-76.526442,3.453747,DOMICILIO,2024,julio     ,28,7/28/2024,1,22:00,DENUNCIA,Nivel 3
DELITOS SEXUALES,ACCESO CARNAL VIOLENTO. ART. 205 C.P.,CALI,Terrón Colorado,01,-76.557432,3.454639,SIN INFORMACION,2024,julio     ,28,7/28/2024,1,09:00,DENUNCIA,Nivel 3
DELITOS SEXUALES,ACCESO CARNAL VIOLENTO. ART. 205 C.P. ,CALI,Alfonso Bonilla Aragón,14,-76.483092,3.420816,DOMICILIO,2024,julio     ,28,7/28/2024,1,14:00,DENUNCIA,Nivel 3
DELITOS SEXUALES,ACCESO CARNAL O ACTO SEXUAL ABUSIVOS CON INCAPAZ DE RESISTIR. ART. 210 C.P.,CALI,Valle Grande,21,-76.467563,3.437957,DOMICILIO,2024,julio     ,28,7/28/2024,1,13:00,DENUNCIA,Nivel 3
DELITOS SEXUALES,ACCESO CARNAL O ACTO SEXUAL ABUSIVOS CON INCAPAZ DE RESISTIR. ART. 210 C.P.,CALI,Ciudad Córdoba,15,-76.507422,3.400891,DOMICILIO,2024,julio     ,28,7/28/2024,1,09:00,DENUNCIA,Nivel 3
DELITOS SEXUALES,ACCESO CARNAL O ACTO SEXUAL EN PERSONA PUESTA EN INCAPACIDAD DE RESISTIR. ART. 207 C.P.,CALI,San Pedro,03,-76.533131,3.449924,VIA PUBLICA,2024,julio     ,29,7/29/2024,2,11:39,DENUNCIA,Nivel 3
DELITOS SEXUALES,ACCESO CARNAL O ACTO SEXUAL EN PERSONA PUESTA EN INCAPACIDAD DE RESISTIR. ART. 207 C.P.,CALI,San Pedro,03,-76.533131,3.449924,VIA PUBLICA,2024,julio     ,29,7/29/2024,2,08:53,DENUNCIA,Nivel 3
DELITOS SEXUALES,ACTOS SEXUALES CON MENOR DE CATORCE AÑOS. ART. 209 C.P.,CALI,El Limonar,17,-76.530925,3.39799,DOMICILIO,2024,julio     ,29,7/29/2024,2,21:30,DENUNCIA,Nivel 3
DELITOS SEXUALES,ACTOS SEXUALES CON MENOR DE CATORCE AÑOS. ART. 209 C.P.,CALI,Nueva Floresta,12,-76.498571,3.433776,DOMICILIO,2024,julio     ,29,7/29/2024,2,10:00,DENUNCIA,Nivel 3
DELITOS SEXUALES,PORNOGRAFIA CON MENORES ART. 218 C.P.,CALI,Barrio Obrero,09,-76.52302,3.450765,SIN INFORMACION,2024,julio     ,29,7/29/2024,2,16:29,DENUNCIA,Nivel 3
DELITOS SEXUALES,ACCESO CARNAL VIOLENTO. ART. 205 C.P.,CALI,San Pedro,03,-76.533131,3.449924,DOMICILIO,2024,julio     ,31,7/31/2024,4,12:04,DENUNCIA,Nivel 3
DELITOS SEXUALES,ACTOS SEXUALES CON MENOR DE CATORCE AÑOS. ART. 209 C.P.,CALI,San Pedro,03,-76.533131,3.449924,DOMICILIO,2024,agosto    ,1,8/1/2024,5,11:16,DENUNCIA,Nivel 3
DELITOS SEXUALES,PORNOGRAFIA CON MENORES ART. 218 C.P.,CALI,Caney,17,-76.519545,3.384461,SIN INFORMACION,2024,agosto    ,1,8/1/2024,5,12:00,DENUNCIA,Nivel 3
DELITOS SEXUALES,ACCESO CARNAL O ACTO SEXUAL ABUSIVOS CON INCAPAZ DE RESISTIR. ART. 210 C.P.,CALI,Meléndez,18,-76.544646,3.377879,DOMICILIO,2024,agosto    ,1,8/1/2024,5,19:23,DENUNCIA,Nivel 3
DELITOS SEXUALES,ACCESO CARNAL ABUSIVO CON MENOR DE CATORCE AÑOS. ART. 208 C.P.,CALI,Vista Hermosa,01,-76.578706,3.455335,DOMICILIO,2024,agosto    ,1,8/1/2024,5,00:00,DENUNCIA,Nivel 3
DELITOS SEXUALES,ACOSO SEXUAL ART. 210A C.P.  ADICIONADO LEY 1257 DE 2008,CALI,San Fernando Nuevo,19,-76.539171,3.42809,RED VIRTUAL O INTERNET,2024,agosto    ,1,8/1/2024,5,20:33,DENUNCIA,Nivel 3
DELITOS SEXUALES,ACCESO CARNAL VIOLENTO. ART. 205 C.P.,CALI,Rodrigo Lara Bonilla,13,-76.488009,3.42633,SIN INFORMACION,2024,agosto    ,1,8/1/2024,5,05:00,DENUNCIA,Nivel 3
DELITOS SEXUALES,PORNOGRAFIA CON MENORES ART. 218 C.P.,CALI,El Calvario,03,-76.529028,3.449051,SIN INFORMACION,2024,agosto    ,1,8/1/2024,5,16:49,DENUNCIA,Nivel 3
DELITOS SEXUALES,ACTO SEXUAL VIOLENTO. ART. 206 C.P.,CALI,San Pedro,03,-76.533131,3.449924,DOMICILIO,2024,agosto    ,1,8/1/2024,5,07:30,DENUNCIA,Nivel 3
DELITOS SEXUALES,ACCESO CARNAL ABUSIVO CON MENOR DE CATORCE AÑOS. ART. 208 C.P.,CALI,Ciudadela del Rio - CVC,21,-76.464896,3.42564,ESTABLECIMIENTO EDUCATIVO,2024,agosto    ,1,8/1/2024,5,10:00,DENUNCIA,Nivel 3
DELITOS SEXUALES,ACTOS SEXUALES CON MENOR DE CATORCE AÑOS. ART. 209 C.P.,CALI,Paso del Comercio,06,-76.487655,3.495362,SIN INFORMACION,2024,agosto    ,1,8/1/2024,5,08:43,DENUNCIA,Nivel 3
DELITOS SEXUALES,ACTOS SEXUALES CON MENOR DE CATORCE AÑOS. ART. 209 C.P.,CALI,San Pedro,03,-76.533131,3.449924,DOMICILIO,2024,agosto    ,1,8/1/2024,5,15:27,DENUNCIA,Nivel 3
DELITOS SEXUALES,ACTOS SEXUALES CON MENOR DE CATORCE AÑOS. ART. 209 C.P.,CALI,San Pedro,03,-76.533131,3.449924,DOMICILIO,2024,agosto    ,1,8/1/2024,5,13:55,DENUNCIA,Nivel 3
DELITOS SEXUALES,ACTO SEXUAL VIOLENTO CON MENOR DE CATORCE AÑOS ART. 209 C.P. ,CALI,Ciudad Córdoba,15,-76.512206,3.394834,DOMICILIO,2024,agosto    ,1,8/1/2024,5,18:40,DENUNCIA,Nivel 3
DELITOS SEXUALES,INDUCCION A LA PROSTITUCION ART. 213 C.P.,CALI,Nueva Floresta,12,-76.498873,3.436471,DOMICILIO,2024,agosto    ,1,8/1/2024,5,15:58,DENUNCIA,Nivel 3
DELITOS SEXUALES,ACTO SEXUAL VIOLENTO. ART. 206 C.P.,CALI,Potrero Grande,21,-76.472917,3.410039,DOMICILIO,2024,agosto    ,2,8/2/2024,6,20:30,DENUNCIA,Nivel 3
DELITOS SEXUALES,ACCESO CARNAL VIOLENTO. ART. 205 C.P.,CALI,San Pedro,03,-76.533131,3.449924,DOMICILIO,2024,agosto    ,2,8/2/2024,6,14:16,DENUNCIA,Nivel 3
DELITOS SEXUALES,ACCESO CARNAL VIOLENTO. ART. 205 C.P.,CALI,Nápoles,18,-76.548058,3.38644,SIN INFORMACION,2024,agosto    ,2,8/2/2024,6,03:00,DENUNCIA,Nivel 3
DELITOS SEXUALES,ACTO SEXUAL VIOLENTO CON MENOR DE CATORCE AÑOS ART. 209 C.P. ,CALI,Terrón Colorado,01,-76.562602,3.451314,DOMICILIO,2024,agosto    ,2,8/2/2024,6,01:00,DENUNCIA,Nivel 3
DELITOS SEXUALES,DEMANDA DE EXPLOT.SEX. COMERC. MENOR DE 18 AÑOS Adic. Art 217A C.P. Ley 1329 de 2009,CALI,Lili,17,-76.521769,3.3752,DOMICILIO,2024,agosto    ,2,8/2/2024,6,14:00,DENUNCIA,Nivel 3
DELITOS SEXUALES,ACOSO SEXUAL ART. 210A C.P.  ADICIONADO LEY 1257 DE 2008,CALI,Guayaquil,09,-76.528728,3.442633,ESTABLECIMIENTO EDUCATIVO,2024,agosto    ,2,8/2/2024,6,18:12,DENUNCIA,Nivel 3
DELITOS SEXUALES,ACCESO CARNAL VIOLENTO. ART. 205 C.P. ,CALI,Torres de Comfandi,05,-76.50104,3.476491,SIN INFORMACION,2024,agosto    ,2,8/2/2024,6,10:00,DENUNCIA,Nivel 3
DELITOS SEXUALES,ACCESO CARNAL VIOLENTO. ART. 205 C.P.,CALI,Lili,17,-76.524609,3.373097,DOMICILIO,2024,agosto    ,2,8/2/2024,6,18:49,DENUNCIA,Nivel 3
DELITOS SEXUALES,ACTO SEXUAL VIOLENTO. ART. 206 C.P.,CALI,San Pedro,03,-76.533131,3.449924,DOMICILIO,2024,agosto    ,2,8/2/2024,6,19:06,DENUNCIA,Nivel 3
DELITOS SEXUALES,ACTOS SEXUALES CON MENOR DE CATORCE AÑOS. ART. 209 C.P.,CALI,Terrón Colorado,01,-76.560995,3.451842,SIN INFORMACION,2024,agosto    ,2,8/2/2024,6,23:30,DENUNCIA,Nivel 3
DELITOS SEXUALES,ACTOS SEXUALES CON MENOR DE CATORCE AÑOS. ART. 209 C.P.,CALI,Urbanización Ciudad Jardín,22,-76.531223,3.366614,ESTABLECIMIENTO PUBLICO,2024,agosto    ,2,8/2/2024,6,18:30,DENUNCIA,Nivel 3
DELITOS SEXUALES,ACTO SEXUAL VIOLENTO. ART. 206 C.P.,CALI,Potrero Grande,21,-76.468169,3.409999,ESTABLECIMIENTO DE COMERCIO,2024,agosto    ,2,8/2/2024,6,04:00,DENUNCIA,Nivel 3
DELITOS SEXUALES,ACCESO CARNAL ABUSIVO CON MENOR DE CATORCE AÑOS. ART. 208 C.P.,CALI,Lourdes,18,-76.556044,3.391918,EDIFICIO,2024,agosto    ,3,8/3/2024,7,11:54,DENUNCIA,Nivel 3
DELITOS SEXUALES,ACTO SEXUAL VIOLENTO. ART. 206 C.P.,CALI,San Luis II,06,-76.488561,3.488153,DOMICILIO,2024,agosto    ,3,8/3/2024,7,06:00,DENUNCIA,Nivel 3
DELITOS SEXUALES,ACTOS SEXUALES CON MENOR DE CATORCE AÑOS. ART. 209 C.P.,CALI,Terrón Colorado,01,-76.560995,3.451842,SIN INFORMACION,2024,agosto    ,3,8/3/2024,7,09:00,DENUNCIA,Nivel 3
DELITOS SEXUALES,ACCESO CARNAL ABUSIVO CON MENOR DE CATORCE AÑOS. ART. 208 C.P.,CALI,Ciudad Meléndez 2,81,-76.507997,3.371096,DOMICILIO,2024,agosto    ,3,8/3/2024,7,09:15,DENUNCIA,Nivel 3
DELITOS SEXUALES,ACCESO CARNAL VIOLENTO. ART. 205 C.P.,CALI,San Fernando Viejo,19,-76.542802,3.433032,DOMICILIO,2024,agosto    ,3,8/3/2024,7,10:06,DENUNCIA,Nivel 3
DELITOS SEXUALES,ACTO SEXUAL VIOLENTO CON MENOR DE CATORCE AÑOS ART. 209 C.P. ,CALI,Villa Colombia,08,-76.501201,3.445875,DOMICILIO,2024,agosto    ,3,8/3/2024,7,14:00,DENUNCIA,Nivel 3
DELITOS SEXUALES,ACCESO CARNAL O ACTO SEXUAL ABUSIVOS CON INCAPAZ DE RESISTIR. ART. 210 C.P.,CALI,San Antonio,03,-76.54153,3.44906,DOMICILIO,2024,agosto    ,4,8/4/2024,1,06:55,DENUNCIA,Nivel 3
DELITOS SEXUALES,ACCESO CARNAL VIOLENTO. ART. 205 C.P.,CALI,Santa Mónica Belalcázar,09,-76.520096,3.437583,DOMICILIO,2024,agosto    ,4,8/4/2024,1,09:00,DENUNCIA,Nivel 3
DELITOS SEXUALES,ACCESO CARNAL VIOLENTO. ART. 205 C.P.,CALI,Manuela Beltrán,14,-76.472457,3.420277,DOMICILIO,2024,agosto    ,4,8/4/2024,1,16:27,DENUNCIA,Nivel 3
DELITOS SEXUALES,ACOSO SEXUAL ART. 210A C.P.  ADICIONADO LEY 1257 DE 2008,CALI,Paseo de Los Almendros,05,-76.494996,3.473652,DOMICILIO,2024,agosto    ,4,8/4/2024,1,10:00,DENUNCIA,Nivel 3
DELITOS SEXUALES,ACCESO CARNAL ABUSIVO CON MENOR DE CATORCE AÑOS. ART. 208 C.P.,CALI,La Independencia,11,-76.51581,3.416763,DOMICILIO,2024,agosto    ,5,8/5/2024,2,00:00,DENUNCIA,Nivel 3
DELITOS SEXUALES,ACTO SEXUAL VIOLENTO CON MENOR DE CATORCE AÑOS ART. 209 C.P. ,CALI,Aguacatal,01,-76.564478,3.454687,DOMICILIO,2024,agosto    ,5,8/5/2024,2,14:50,DENUNCIA,Nivel 3
DELITOS SEXUALES,ACTO SEXUAL VIOLENTO CON MENOR DE CATORCE AÑOS ART. 209 C.P. ,CALI,Paseo de Los Almendros,05,-76.494319,3.472428,DOMICILIO,2024,agosto    ,5,8/5/2024,2,08:00,DENUNCIA,Nivel 3
DELITOS SEXUALES,ACTO SEXUAL VIOLENTO CON MENOR DE CATORCE AÑOS ART. 209 C.P. ,CALI,San Fernando Nuevo,19,-76.545042,3.426465,SIN INFORMACION,2024,agosto    ,5,8/5/2024,2,23:27,DENUNCIA,Nivel 3
DELITOS SEXUALES,ACCESO CARNAL ABUSIVO CON MENOR DE CATORCE AÑOS. ART. 208 C.P.,CALI,Rural,Rural,-76.549374,3.485128,DOMICILIO,2024,agosto    ,5,8/5/2024,2,16:21,DENUNCIA,Nivel 3
DELITOS SEXUALES,ACTO SEXUAL VIOLENTO. ART. 206 C.P.,CALI,Calimio Desepaz,21,-76.47014,3.414718,DOMICILIO,2024,agosto    ,5,8/5/2024,2,09:54,DENUNCIA,Nivel 3
DELITOS SEXUALES,ACCESO CARNAL VIOLENTO. ART. 205 C.P.,CALI,Eucaristico,19,-76.538377,3.424085,DOMICILIO,2024,agosto    ,5,8/5/2024,2,10:34,DENUNCIA,Nivel 3
DELITOS SEXUALES,ACCESO CARNAL O ACTO SEXUAL EN PERSONA PUESTA EN INCAPACIDAD DE RESISTIR. ART. 207 C.P.,CALI,Centenario,02,-76.5403,3.451024,DOMICILIO,2024,agosto    ,5,8/5/2024,2,14:14,DENUNCIA,Nivel 3
DELITOS SEXUALES,ACTO SEXUAL VIOLENTO CON MENOR DE CATORCE AÑOS ART. 209 C.P. ,CALI,Chiminangos I,05,-76.490656,3.478758,DOMICILIO,2024,agosto    ,6,8/6/2024,3,16:07,DENUNCIA,Nivel 3
DELITOS SEXUALES,ACTO SEXUAL VIOLENTO. ART. 206 C.P.,CALI,Sector Alto de los Chorros,18,-76.559065,3.391996,DOMICILIO,2024,agosto    ,6,8/6/2024,3,11:54,DENUNCIA,Nivel 3
DELITOS SEXUALES,ACTO SEXUAL VIOLENTO CON MENOR DE CATORCE AÑOS ART. 209 C.P. ,CALI,Centenario,02,-76.537846,3.452912,OTRO,2024,agosto    ,6,8/6/2024,3,10:21,DENUNCIA,Nivel 3
DELITOS SEXUALES,ACCESO CARNAL VIOLENTO. ART. 205 C.P.,CALI,Urbanización Rio Lili,22,-76.530588,3.365328,VIA PUBLICA,2024,agosto    ,6,8/6/2024,3,20:00,DENUNCIA,Nivel 3
DELITOS SEXUALES,ACCESO CARNAL VIOLENTO. ART. 205 C.P.,CALI,Antonio Nariño,16,-76.501347,3.412223,DOMICILIO,2024,agosto    ,7,8/7/2024,4,11:46,DENUNCIA,Nivel 3
DELITOS SEXUALES,ACCESO CARNAL VIOLENTO. ART. 205 C.P. ,CALI,Parcelaciones Pance,22,-76.528848,3.347162,DOMICILIO,2024,agosto    ,7,8/7/2024,4,09:00,DENUNCIA,Nivel 3
DELITOS SEXUALES,ACCESO CARNAL VIOLENTO. ART. 205 C.P.,CALI,San Nicolás,03,-76.51878,3.452952,DOMICILIO,2024,agosto    ,7,8/7/2024,4,14:40,DENUNCIA,Nivel 3
DELITOS SEXUALES,ACOSO SEXUAL ART. 210A C.P.  ADICIONADO LEY 1257 DE 2008,CALI,San Pascual,03,-76.528339,3.444412,ENTIDAD PUBLICA / ESTATAL,2024,agosto    ,8,8/8/2024,5,03:00,DENUNCIA,Nivel 3
DELITOS SEXUALES,ACCESO CARNAL ABUSIVO CON MENOR DE CATORCE AÑOS. ART. 208 C.P.,CALI,Rural,Rural,-76.58977,3.34712,DOMICILIO,2024,agosto    ,8,8/8/2024,5,14:45,DENUNCIA,Nivel 3
DELITOS SEXUALES,ACOSO SEXUAL ART. 210A C.P.  ADICIONADO LEY 1257 DE 2008,CALI,San Nicolás,03,-76.518781,3.452981,SIN INFORMACION,2024,agosto    ,8,8/8/2024,5,10:44,DENUNCIA,Nivel 3
DELITOS SEXUALES,ACCESO CARNAL ABUSIVO CON MENOR DE CATORCE AÑOS. ART. 208 C.P.,CALI,El Vergel,13,-76.500294,3.414813,DOMICILIO,2024,agosto    ,8,8/8/2024,5,10:00,DENUNCIA,Nivel 3
DELITOS SEXUALES,ACCESO CARNAL ABUSIVO CON MENOR DE CATORCE AÑOS. ART. 208 C.P.,CALI,El Morichal,15,-76.507414,3.392142,DOMICILIO,2024,agosto    ,8,8/8/2024,5,10:00,DENUNCIA,Nivel 3
DELITOS SEXUALES,PORNOGRAFIA CON MENORES ART. 218 C.P.,CALI,Saavedra Galindo,08,-76.515973,3.442415,DOMICILIO,2024,agosto    ,8,8/8/2024,5,09:41,DENUNCIA,Nivel 3
DELITOS SEXUALES,ACCESO CARNAL VIOLENTO. ART. 205 C.P.,CALI,Jorge Eliécer Gaitán,06,-76.483902,3.46972,DOMICILIO,2024,agosto    ,8,8/8/2024,5,12:30,DENUNCIA,Nivel 3
DELITOS SEXUALES,ACTO SEXUAL VIOLENTO CON MENOR DE CATORCE AÑOS ART. 209 C.P. ,CALI,Alameda,09,-76.536669,3.437145,DOMICILIO,2024,agosto    ,8,8/8/2024,5,08:44,DENUNCIA,Nivel 3
DELITOS SEXUALES,ACCESO CARNAL VIOLENTO. ART. 205 C.P.,CALI,Belalcázar,09,-76.520046,3.439982,SIN INFORMACION,2024,agosto    ,9,8/9/2024,6,09:00,DENUNCIA,Nivel 3
DELITOS SEXUALES,ACOSO SEXUAL ART. 210A C.P.  ADICIONADO LEY 1257 DE 2008,CALI,San Pascual,03,-76.528364,3.443285,ENTIDAD PUBLICA / ESTATAL,2024,agosto    ,9,8/9/2024,6,03:00,DENUNCIA,Nivel 3
DELITOS SEXUALES,PORNOGRAFIA CON MENORES ART. 218 C.P.,CALI,Santa Mónica Belalcázar,09,-76.519758,3.43844,RED VIRTUAL O INTERNET,2024,agosto    ,9,8/9/2024,6,19:00,DENUNCIA,Nivel 3
DELITOS SEXUALES,ACTO SEXUAL VIOLENTO CON MENOR DE CATORCE AÑOS ART. 209 C.P. ,CALI,El Guabal,10,-76.525423,3.417419,DOMICILIO,2024,agosto    ,10,8/10/2024,7,16:20,DENUNCIA,Nivel 3
DELITOS SEXUALES,ACTO SEXUAL VIOLENTO. ART. 206 C.P.,CALI,El Guayabal 2,81,-76.508729,3.357901,DOMICILIO,2024,agosto    ,10,8/10/2024,7,18:30,DENUNCIA,Nivel 3
DELITOS SEXUALES,ACTOS SEXUALES CON MENOR DE CATORCE AÑOS. ART. 209 C.P.,CALI,Santa Mónica Belalcázar,09,-76.520096,3.436212,DOMICILIO,2024,agosto    ,10,8/10/2024,7,10:00,DENUNCIA,Nivel 3
DELITOS SEXUALES,PORNOGRAFIA CON MENORES ART. 218 C.P.,CALI,Calima,04,-76.50057,3.485748,SIN INFORMACION,2024,agosto    ,10,8/10/2024,7,06:00,DENUNCIA,Nivel 3
DELITOS SEXUALES,ACCESO CARNAL O ACTO SEXUAL ABUSIVOS CON INCAPAZ DE RESISTIR. ART. 210 C.P.,CALI,Urbanización Tequendama,19,-76.543759,3.422321,DOMICILIO,2024,agosto    ,10,8/10/2024,7,10:00,DENUNCIA,Nivel 3
DELITOS SEXUALES,PORNOGRAFIA CON MENORES ART. 218 C.P.,CALI,San Luis II,06,-76.48701,3.48813,SIN INFORMACION,2024,agosto    ,11,8/11/2024,1,06:00,DENUNCIA,Nivel 3
DELITOS SEXUALES,ACCESO CARNAL VIOLENTO. ART. 205 C.P.,CALI,Urbanización La Nueva Base,08,-76.487886,3.452276,VIA PUBLICA,2024,agosto    ,11,8/11/2024,1,13:50,DENUNCIA,Nivel 3
DELITOS SEXUALES,ACCESO CARNAL O ACTO SEXUAL ABUSIVOS CON INCAPAZ DE RESISTIR. ART. 210 C.P.,CALI,Lourdes,18,-76.553956,3.390917,SIN INFORMACION,2024,agosto    ,11,8/11/2024,1,13:30,DENUNCIA,Nivel 3
DELITOS SEXUALES,PORNOGRAFIA CON MENORES ART. 218 C.P.,CALI,El Hoyo,03,-76.529584,3.45523,SIN INFORMACION,2024,agosto    ,11,8/11/2024,1,02:32,DENUNCIA,Nivel 3
DELITOS SEXUALES,ACTO SEXUAL VIOLENTO. ART. 206 C.P.,CALI,Ciudad Universitaria,17,-76.537064,3.371316,DOMICILIO,2024,agosto    ,11,8/11/2024,1,06:30,DENUNCIA,Nivel 3
DELITOS SEXUALES,ACTO SEXUAL VIOLENTO CON MENOR DE CATORCE AÑOS ART. 209 C.P. ,CALI,San Nicolás,03,-76.518781,3.452981,SIN INFORMACION,2024,agosto    ,11,8/11/2024,1,08:00,DENUNCIA,Nivel 3
DELITOS SEXUALES,ACCESO CARNAL O ACTO SEXUAL EN PERSONA PUESTA EN INCAPACIDAD DE RESISTIR. ART. 207 C.P.,CALI,Puerto Nuevo,07,-76.476191,3.450744,VIA PUBLICA,2024,agosto    ,11,8/11/2024,1,00:10,DENUNCIA,Nivel 3
DELITOS SEXUALES,ACTO SEXUAL VIOLENTO CON MENOR DE CATORCE AÑOS ART. 209 C.P. ,CALI,Pizamos I,21,-76.474938,3.402473,SIN INFORMACION,2024,agosto    ,12,8/12/2024,2,23:51,DENUNCIA,Nivel 3
DELITOS SEXUALES,ACOSO SEXUAL ART. 210A C.P.  ADICIONADO LEY 1257 DE 2008,CALI,El Vergel,13,-76.500191,3.412615,DOMICILIO,2024,agosto    ,12,8/12/2024,2,09:00,DENUNCIA,Nivel 3
DELITOS SEXUALES,ACCESO CARNAL VIOLENTO. ART. 205 C.P.,CALI,Cristóbal Colón,10,-76.525783,3.423197,ESTABLECIMIENTO PUBLICO,2024,agosto    ,12,8/12/2024,2,02:00,DENUNCIA,Nivel 3
DELITOS SEXUALES,ACTOS SEXUALES CON MENOR DE CATORCE AÑOS. ART. 209 C.P.,CALI,Calimio Desepaz,21,-76.469792,3.41175,SIN INFORMACION,2024,agosto    ,12,8/12/2024,2,23:27,DENUNCIA,Nivel 3
DELITOS SEXUALES,ACTO SEXUAL VIOLENTO. ART. 206 C.P.,CALI,San Pedro,03,-76.533131,3.449924,DOMICILIO,2024,agosto    ,12,8/12/2024,2,11:47,DENUNCIA,Nivel 3
DELITOS SEXUALES,PORNOGRAFIA CON MENORES ART. 218 C.P.,CALI,Petecuy Segunda Etapa,06,-76.481763,3.480288,SIN INFORMACION,2024,agosto    ,12,8/12/2024,2,12:00,DENUNCIA,Nivel 3
DELITOS SEXUALES,ACCESO CARNAL O ACTO SEXUAL ABUSIVOS CON INCAPAZ DE RESISTIR. ART. 210 C.P.,CALI,Rural,Rural,-76.498189,3.316226,DOMICILIO,2024,agosto    ,12,8/12/2024,2,10:00,DENUNCIA,Nivel 3
DELITOS SEXUALES,ACCESO CARNAL O ACTO SEXUAL EN PERSONA PUESTA EN INCAPACIDAD DE RESISTIR. ART. 207 C.P.,CALI,Urbanización Calimio,06,-76.484705,3.485806,DOMICILIO,2024,agosto    ,13,8/13/2024,3,11:51,DENUNCIA,Nivel 3
DELITOS SEXUALES,ACCESO CARNAL ABUSIVO CON MENOR DE CATORCE AÑOS. ART. 208 C.P.,CALI,Lleras Camargo,20,-76.56208,3.421097,DOMICILIO,2024,agosto    ,13,8/13/2024,3,17:00,DENUNCIA,Nivel 3
DELITOS SEXUALES,PORNOGRAFIA CON MENORES ART. 218 C.P.,CALI,Junín,09,-76.527906,3.432637,DOMICILIO,2024,agosto    ,13,8/13/2024,3,23:30,DENUNCIA,Nivel 3
DELITOS SEXUALES,ACTOS SEXUALES CON MENOR DE CATORCE AÑOS. ART. 209 C.P.,CALI,Villablanca,13,-76.495004,3.430763,DOMICILIO,2024,agosto    ,13,8/13/2024,3,14:24,DENUNCIA,Nivel 3
DELITOS SEXUALES,ACTO SEXUAL VIOLENTO. ART. 206 C.P.,CALI,Antonio Nariño,16,-76.504489,3.414891,SIN INFORMACION,2024,agosto    ,14,8/14/2024,4,04:00,DENUNCIA,Nivel 3
DELITOS SEXUALES,ACCESO CARNAL ABUSIVO CON MENOR DE CATORCE AÑOS. ART. 208 C.P.,CALI,Olímpico,10,-76.530796,3.423464,DOMICILIO,2024,agosto    ,14,8/14/2024,4,17:35,DENUNCIA,Nivel 3
DELITOS SEXUALES,ACOSO SEXUAL ART. 210A C.P.  ADICIONADO LEY 1257 DE 2008,CALI,El Vergel,13,-76.499803,3.412936,DOMICILIO,2024,agosto    ,14,8/14/2024,4,10:26,DENUNCIA,Nivel 3
DELITOS SEXUALES,ACTOS SEXUALES CON MENOR DE CATORCE AÑOS. ART. 209 C.P.,CALI,Mojica,15,-76.485123,3.414431,DOMICILIO,2024,agosto    ,14,8/14/2024,4,09:46,DENUNCIA,Nivel 3
DELITOS SEXUALES,ACTO SEXUAL VIOLENTO CON MENOR DE CATORCE AÑOS ART. 209 C.P. ,CALI,San Fernando Viejo,19,-76.543892,3.43211,ESTABLECIMIENTO EDUCATIVO,2024,agosto    ,14,8/14/2024,4,11:00,DENUNCIA,Nivel 3
DELITOS SEXUALES,ACCESO CARNAL O ACTO SEXUAL EN PERSONA PUESTA EN INCAPACIDAD DE RESISTIR ART. 207,CALI,San Nicolás,03,-76.524447,3.452383,DOMICILIO,2024,agosto    ,14,8/14/2024,4,16:00,DENUNCIA,Nivel 3
DELITOS SEXUALES,ACCESO CARNAL VIOLENTO. ART. 205 C.P.,CALI,Rural,Rural,-76.581944,3.419254,CAMPO ABIERTO,2024,agosto    ,14,8/14/2024,4,19:30,DENUNCIA,Nivel 3
DELITOS SEXUALES,ACTO SEXUAL VIOLENTO CON MENOR DE CATORCE AÑOS ART. 209 C.P. ,CALI,Prados del Sur,18,-76.555996,3.390332,DOMICILIO,2024,agosto    ,14,8/14/2024,4,10:30,DENUNCIA,Nivel 3
DELITOS SEXUALES,ACCESO CARNAL O ACTO SEXUAL EN PERSONA PUESTA EN INCAPACIDAD DE RESISTIR. ART. 207 C.P.,CALI,José Manuel Marroquín I,14,-76.483425,3.427018,CERCA AL DOMICILIO,2024,agosto    ,14,8/14/2024,4,09:07,DENUNCIA,Nivel 3
DELITOS SEXUALES,ACCESO CARNAL ABUSIVO CON MENOR DE CATORCE AÑOS. ART. 208 C.P.,CALI,Manuela Beltrán,14,-76.471097,3.425171,DOMICILIO,2024,agosto    ,15,8/15/2024,5,00:00,DENUNCIA,Nivel 3
DELITOS SEXUALES,ACTOS SEXUALES CON MENOR DE CATORCE AÑOS. ART. 209 C.P.,CALI,Mojica,15,-76.491216,3.416564,DOMICILIO,2024,agosto    ,15,8/15/2024,5,20:00,DENUNCIA,Nivel 3
DELITOS SEXUALES,ACOSO SEXUAL ART. 210A ,CALI,Versalles,02,-76.52836,3.460868,SIN INFORMACION,2024,agosto    ,15,8/15/2024,5,09:00,DENUNCIA,Nivel 3
DELITOS SEXUALES,ACCESO CARNAL ABUSIVO CON MENOR DE CATORCE AÑOS. ART. 208 C.P.,CALI,Mariano Ramos,16,-76.519356,3.402798,DOMICILIO,2024,agosto    ,15,8/15/2024,5,00:10,DENUNCIA,Nivel 3
DELITOS SEXUALES,ACCESO CARNAL ABUSIVO CON MENOR DE CATORCE AÑOS. ART. 208 C.P.,CALI,Siete de Agosto,07,-76.484954,3.448188,DOMICILIO,2024,agosto    ,15,8/15/2024,5,10:10,DENUNCIA,Nivel 3
DELITOS SEXUALES,ACTO SEXUAL VIOLENTO CON MENOR DE CATORCE AÑOS ART. 209 C.P. ,CALI,Ciudad Talanga,21,-76.464231,3.435124,DOMICILIO,2024,agosto    ,15,8/15/2024,5,16:02,DENUNCIA,Nivel 3
DELITOS SEXUALES,INDUCCION A LA PROSTITUCION ART. 213 C.P.,CALI,El Remanso,21,-76.46553,3.417005,DOMICILIO,2024,agosto    ,16,8/16/2024,6,13:59,DENUNCIA,Nivel 3
DELITOS SEXUALES,ACTO SEXUAL VIOLENTO. ART. 206 C.P.,CALI,Valle Grande,21,-76.476307,3.439305,DOMICILIO,2024,agosto    ,16,8/16/2024,6,21:00,DENUNCIA,Nivel 3
DELITOS SEXUALES,ACOSO SEXUAL ART. 210A C.P.  ADICIONADO LEY 1257 DE 2008,CALI,Rural,Rural,-76.629832,3.47204,DOMICILIO,2024,agosto    ,16,8/16/2024,6,14:14,DENUNCIA,Nivel 3
DELITOS SEXUALES,ACTO SEXUAL VIOLENTO. ART. 206 C.P.,CALI,La Isla,04,-76.512419,3.474065,VEHICULO TAXI,2024,agosto    ,16,8/16/2024,6,14:26,DENUNCIA,Nivel 3
DELITOS SEXUALES,ACTOS SEXUALES CON MENOR DE CATORCE AÑOS. ART. 209 C.P.,CALI,Los Libertadores,03,-76.540151,3.441003,SIN INFORMACION,2024,agosto    ,17,8/17/2024,7,12:16,DENUNCIA,Nivel 3
DELITOS SEXUALES,ACCESO CARNAL O ACTO SEXUAL ABUSIVOS CON INCAPAZ DE RESISTIR. ART. 210 C.P.,CALI,Primitivo Crespo,08,-76.514265,3.436383,VEHICULO TAXI,2024,agosto    ,17,8/17/2024,7,22:00,DENUNCIA,Nivel 3
DELITOS SEXUALES,ACCESO CARNAL VIOLENTO. ART. 205 C.P.,CALI,Antonio Nariño,16,-76.509688,3.415664,DOMICILIO,2024,agosto    ,17,8/17/2024,7,13:47,DENUNCIA,Nivel 3
DELITOS SEXUALES,ACCESO CARNAL VIOLENTO. ART. 205 C.P.,CALI,Rural,Rural,-76.576386,3.42476,DOMICILIO,2024,agosto    ,17,8/17/2024,7,23:00,DENUNCIA,Nivel 3
DELITOS SEXUALES,ACCESO CARNAL O ACTO SEXUAL ABUSIVOS CON INCAPAZ DE RESISTIR. ART. 210 C.P.,CALI,San Nicolás,03,-76.522092,3.452299,SIN INFORMACION,2024,agosto    ,18,8/18/2024,1,07:33,DENUNCIA,Nivel 3
DELITOS SEXUALES,ACCESO CARNAL O ACTO SEXUAL EN PERSONA PUESTA EN INCAPACIDAD DE RESISTIR. ART. 207 C.P.,CALI,Aranjuez,09,-76.523192,3.436383,OTRO,2024,agosto    ,19,8/19/2024,2,18:00,DENUNCIA,Nivel 3
DELITOS SEXUALES,ACCESO CARNAL O ACTO SEXUAL ABUSIVOS CON INCAPAZ DE RESISTIR. ART. 210 C.P.,CALI,El Vergel,13,-76.500235,3.418238,SIN INFORMACION,2024,agosto    ,19,8/19/2024,2,15:00,DENUNCIA,Nivel 3
DELITOS SEXUALES,ACCESO CARNAL VIOLENTO. ART. 205 C.P.,CALI,Cañaveralejo - Seguros Patria,19,-76.546191,3.402643,HOTEL / HOSTAL,2024,agosto    ,19,8/19/2024,2,01:40,DENUNCIA,Nivel 3
DELITOS SEXUALES,ACCESO CARNAL O ACTO SEXUAL EN PERSONA PUESTA EN INCAPACIDAD DE RESISTIR. ART. 207 C.P.,CALI,El Prado,11,-76.517012,3.435013,OTRO,2024,agosto    ,19,8/19/2024,2,08:30,DENUNCIA,Nivel 3
DELITOS SEXUALES,ACCESO CARNAL ABUSIVO CON MENOR DE CATORCE AÑOS. ART. 208 C.P.,CALI,El Vallado,15,-76.499415,3.405963,DOMICILIO,2024,agosto    ,20,8/20/2024,3,13:00,DENUNCIA,Nivel 3
DELITOS SEXUALES,ACTOS SEXUALES CON MENOR DE CATORCE AÑOS. ART. 209 C.P.,CALI,Caney,17,-76.519454,3.380402,DOMICILIO,2024,agosto    ,20,8/20/2024,3,07:00,DENUNCIA,Nivel 3
DELITOS SEXUALES,ACTOS SEXUALES CON MENOR DE CATORCE AÑOS. ART. 209 C.P.,CALI,La Gran Colombia,11,-76.506353,3.4229,DOMICILIO,2024,agosto    ,20,8/20/2024,3,11:35,DENUNCIA,Nivel 3
DELITOS SEXUALES,ACTO SEXUAL VIOLENTO. ART. 206 C.P.,CALI,El Prado,11,-76.515762,3.433994,DOMICILIO,2024,agosto    ,20,8/20/2024,3,09:30,DENUNCIA,Nivel 3
DELITOS SEXUALES,ACTOS SEXUALES CON MENOR DE CATORCE AÑOS. ART. 209 C.P.,CALI,Alfonso Bonilla Aragón,14,-76.484429,3.419555,OTRO,2024,agosto    ,20,8/20/2024,3,16:00,DENUNCIA,Nivel 3
DELITOS SEXUALES,ACTOS SEXUALES CON MENOR DE CATORCE AÑOS. ART. 209 C.P.,CALI,Laureano Gómez,15,-76.497227,3.410348,DOMICILIO,2024,agosto    ,20,8/20/2024,3,20:34,DENUNCIA,Nivel 3
DELITOS SEXUALES,ACOSO SEXUAL ART. 210A C.P.  ADICIONADO LEY 1257 DE 2008,CALI,El Jordán,18,-76.551016,3.372675,SIN INFORMACION,2024,agosto    ,20,8/20/2024,3,14:08,DENUNCIA,Nivel 3
DELITOS SEXUALES,ACTOS SEXUALES CON MENOR DE CATORCE AÑOS. ART. 209 C.P.,CALI,San Nicolás,03,-76.518781,3.452981,SIN INFORMACION,2024,agosto    ,21,8/21/2024,4,09:30,DENUNCIA,Nivel 3
DELITOS SEXUALES,ACCESO CARNAL O ACTO SEXUAL ABUSIVOS CON INCAPAZ DE RESISTIR. ART. 210 C.P.,CALI,Lourdes,18,-76.553956,3.390917,DOMICILIO,2024,agosto    ,21,8/21/2024,4,14:35,DENUNCIA,Nivel 3
DELITOS SEXUALES,ACCESO CARNAL ABUSIVO CON MENOR DE CATORCE AÑOS. ART. 208 C.P.,CALI,Nueva Floresta,12,-76.499356,3.442712,CERCA AL DOMICILIO,2024,agosto    ,21,8/21/2024,4,14:00,DENUNCIA,Nivel 3
DELITOS SEXUALES,ACCESO CARNAL VIOLENTO. ART. 205 C.P.,CALI,Sucre,09,-76.527604,3.448206,DOMICILIO,2024,agosto    ,21,8/21/2024,4,15:15,DENUNCIA,Nivel 3
DELITOS SEXUALES,ACTO SEXUAL VIOLENTO CON MENOR DE CATORCE AÑOS ART. 209 C.P. ,CALI,Ciudad Córdoba,15,-76.510671,3.400684,DOMICILIO,2024,agosto    ,21,8/21/2024,4,00:00,DENUNCIA,Nivel 3
DELITOS SEXUALES,ACCESO CARNAL ABUSIVO CON MENOR DE CATORCE AÑOS. ART. 208 C.P.,CALI,Ciudad Talanga,21,-76.464678,3.435143,SIN INFORMACION,2024,agosto    ,21,8/21/2024,4,09:16,DENUNCIA,Nivel 3
DELITOS SEXUALES,ACCESO CARNAL VIOLENTO. ART. 205 C.P. ,CALI,Laureano Gómez,15,-76.495986,3.414084,SIN INFORMACION,2024,agosto    ,22,8/22/2024,5,06:56,DENUNCIA,Nivel 3
DELITOS SEXUALES,ACTOS SEXUALES CON MENOR DE CATORCE AÑOS. ART. 209 C.P.,CALI,El Diamante,13,-76.50398,3.422786,DOMICILIO,2024,agosto    ,22,8/22/2024,5,15:07,DENUNCIA,Nivel 3
DELITOS SEXUALES,ACTO SEXUAL VIOLENTO CON MENOR DE CATORCE AÑOS ART. 209 C.P. ,CALI,Omar Torrijos,13,-76.487868,3.424473,DOMICILIO,2024,agosto    ,22,8/22/2024,5,21:00,DENUNCIA,Nivel 3
DELITOS SEXUALES,ACTO SEXUAL VIOLENTO CON MENOR DE CATORCE AÑOS ART. 209 C.P. ,CALI,Santa Elena,10,-76.520789,3.425672,DOMICILIO,2024,agosto    ,22,8/22/2024,5,16:49,DENUNCIA,Nivel 3
DELITOS SEXUALES,ACCESO CARNAL VIOLENTO. ART. 205 C.P. ,CALI,José Manuel Marroquín I,14,-76.476636,3.422314,DOMICILIO,2024,agosto    ,22,8/22/2024,5,22:00,DENUNCIA,Nivel 3
DELITOS SEXUALES,ACTO SEXUAL VIOLENTO CON MENOR DE CATORCE AÑOS ART. 209 C.P. ,CALI,Ciudad Talanga,21,-76.468884,3.43433,DOMICILIO,2024,agosto    ,22,8/22/2024,5,21:18,DENUNCIA,Nivel 3
DELITOS SEXUALES,ACTOS SEXUALES CON MENOR DE CATORCE AÑOS. ART. 209 C.P.,CALI,Asturias,12,-76.503312,3.43832,DOMICILIO,2024,agosto    ,23,8/23/2024,6,04:00,DENUNCIA,Nivel 3
DELITOS SEXUALES,ACCESO CARNAL VIOLENTO. ART. 205 C.P.,CALI,Santa Teresita,02,-76.545992,3.450752,DOMICILIO,2024,agosto    ,23,8/23/2024,6,23:30,DENUNCIA,Nivel 3
DELITOS SEXUALES,ACCESO CARNAL ABUSIVO CON MENOR DE CATORCE AÑOS. ART. 208 C.P.,CALI,Caney,17,-76.515977,3.387441,DOMICILIO,2024,agosto    ,23,8/23/2024,6,07:00,DENUNCIA,Nivel 3
DELITOS SEXUALES,ACCESO CARNAL ABUSIVO CON MENOR DE CATORCE AÑOS. ART. 208 C.P.,CALI,El Poblado I,13,-76.496299,3.420337,DOMICILIO,2024,agosto    ,23,8/23/2024,6,09:00,DENUNCIA,Nivel 3
DELITOS SEXUALES,PORNOGRAFIA CON MENORES ART. 218 C.P.,CALI,Parcelaciones Pance,22,-76.546227,3.343234,DOMICILIO,2024,agosto    ,24,8/24/2024,7,13:15,DENUNCIA,Nivel 3
DELITOS SEXUALES,ACTOS SEXUALES CON MENOR DE CATORCE AÑOS. ART. 209 C.P.,CALI,Los Naranjos II,14,-76.477221,3.430892,DOMICILIO,2024,agosto    ,24,8/24/2024,7,00:00,DENUNCIA,Nivel 3
DELITOS SEXUALES,ACCESO CARNAL VIOLENTO. ART. 205 C.P.,CALI,Rural,Rural,-76.562828,3.350135,SIN INFORMACION,2024,agosto    ,24,8/24/2024,7,20:00,DENUNCIA,Nivel 3
DELITOS SEXUALES,ACCESO CARNAL ABUSIVO CON MENOR DE CATORCE AÑOS. ART. 208 C.P.,CALI,Alfonso Lopez P. 1a Etapa,07,-76.481299,3.462281,DOMICILIO,2024,agosto    ,24,8/24/2024,7,21:00,DENUNCIA,Nivel 3
DELITOS SEXUALES,ACTOS SEXUALES CON MENOR DE CATORCE AÑOS. ART. 209 C.P.,CALI,Urbanización La Flora,02,-76.512791,3.49054,DOMICILIO,2024,agosto    ,25,8/25/2024,1,18:20,DENUNCIA,Nivel 3
DELITOS SEXUALES,ACCESO CARNAL VIOLENTO. ART. 205 C.P.,CALI,Los Alcázares,06,-76.490935,3.488068,DOMICILIO,2024,agosto    ,25,8/25/2024,1,10:13,DENUNCIA,Nivel 3
DELITOS SEXUALES,ACTOS SEXUALES CON MENOR DE CATORCE AÑOS. ART. 209 C.P.,CALI,Los Comuneros I,15,-76.49308,3.41035,DOMICILIO,2024,agosto    ,26,8/26/2024,2,11:39,DENUNCIA,Nivel 3
DELITOS SEXUALES,ACCESO CARNAL O ACTO SEXUAL ABUSIVOS CON INCAPAZ DE RESISTIR. ART. 210 C.P.,CALI,San Cristóbal,10,-76.523074,3.430215,DOMICILIO,2024,agosto    ,26,8/26/2024,2,17:00,DENUNCIA,Nivel 3
DELITOS SEXUALES,ACCESO CARNAL O ACTO SEXUAL ABUSIVOS CON INCAPAZ DE RESISTIR. ART. 210 C.P.,CALI,Caney,17,-76.519545,3.384461,SIN INFORMACION,2024,agosto    ,26,8/26/2024,2,06:00,DENUNCIA,Nivel 3
DELITOS SEXUALES,ACTO SEXUAL VIOLENTO. ART. 206 C.P.,CALI,Compartir,21,-76.467496,3.430557,DOMICILIO,2024,agosto    ,26,8/26/2024,2,07:20,DENUNCIA,Nivel 3
DELITOS SEXUALES,ACTO SEXUAL VIOLENTO. ART. 206 C.P.,CALI,Ciudad Talanga,21,-76.468519,3.434318,DOMICILIO,2024,agosto    ,27,8/27/2024,3,02:30,DENUNCIA,Nivel 3
DELITOS SEXUALES,ACCESO CARNAL ABUSIVO CON MENOR DE CATORCE AÑOS. ART. 208 C.P.,CALI,Villablanca,13,-76.495047,3.428893,DOMICILIO,2024,agosto    ,27,8/27/2024,3,15:00,DENUNCIA,Nivel 3
DELITOS SEXUALES,ACCESO CARNAL VIOLENTO. ART. 205 C.P.,CALI,San Nicolás,03,-76.525269,3.452217,DOMICILIO,2024,agosto    ,27,8/27/2024,3,01:00,DENUNCIA,Nivel 3
DELITOS SEXUALES,ACCESO CARNAL VIOLENTO. ART. 205 C.P.,CALI,Saavedra Galindo,08,-76.51396,3.438997,HOTEL / HOSTAL,2024,agosto    ,27,8/27/2024,3,04:30,DENUNCIA,Nivel 3
DELITOS SEXUALES,PORNOGRAFIA CON MENORES ART. 218 C.P.,CALI,Manuela Beltrán,14,-76.47077,3.423184,DOMICILIO,2024,agosto    ,27,8/27/2024,3,10:30,DENUNCIA,Nivel 3
DELITOS SEXUALES,ACTO SEXUAL VIOLENTO. ART. 206 C.P.,CALI,Los Andes B - La Riviera,05,-76.494658,3.469026,DOMICILIO,2024,agosto    ,28,8/28/2024,4,15:00,DENUNCIA,Nivel 3
DELITOS SEXUALES,ACCESO CARNAL ABUSIVO CON MENOR DE CATORCE AÑOS. ART. 208 C.P.,CALI,Santa Elena,10,-76.524855,3.426935,DOMICILIO,2024,agosto    ,28,8/28/2024,4,15:00,DENUNCIA,Nivel 3
DELITOS SEXUALES,ACTO SEXUAL VIOLENTO. ART. 206 C.P.,CALI,El Gran Limonar - Cataya,17,-76.542444,3.395665,DOMICILIO,2024,agosto    ,28,8/28/2024,4,15:45,DENUNCIA,Nivel 3
DELITOS SEXUALES,ACTOS SEXUALES CON MENOR DE CATORCE AÑOS. ART. 209 C.P.,CALI,Rafael Uribe Uribe,08,-76.511915,3.437988,DOMICILIO,2024,agosto    ,28,8/28/2024,4,11:48,DENUNCIA,Nivel 3
DELITOS SEXUALES,ACTOS SEXUALES CON MENOR DE CATORCE AÑOS. ART. 209 C.P.,CALI,Puerta del Sol,14,-76.471081,3.430506,DOMICILIO,2024,agosto    ,28,8/28/2024,4,14:53,DENUNCIA,Nivel 3
DELITOS SEXUALES,ACOSO SEXUAL ART. 210A C.P.  ADICIONADO LEY 1257 DE 2008,CALI,Los Guaduales,06,-76.496922,3.493946,SIN INFORMACION,2024,agosto    ,28,8/28/2024,4,15:00,DENUNCIA,Nivel 3
DELITOS SEXUALES,ACTO SEXUAL VIOLENTO. ART. 206 C.P.,CALI,Caney,17,-76.516756,3.387544,OTRO,2024,agosto    ,29,8/29/2024,5,15:00,DENUNCIA,Nivel 3
DELITOS SEXUALES,ACCESO CARNAL O ACTO SEXUAL ABUSIVOS CON INCAPAZ DE RESISTIR. ART. 210 C.P.,CALI,Las Acacias,10,-76.522161,3.433864,DOMICILIO,2024,agosto    ,29,8/29/2024,5,00:00,DENUNCIA,Nivel 3
DELITOS SEXUALES,ACCESO CARNAL VIOLENTO. ART. 205 C.P.,CALI,Julio Rincón,12,-76.5015,3.426496,SIN INFORMACION,2024,agosto    ,29,8/29/2024,5,15:57,DENUNCIA,Nivel 3
DELITOS SEXUALES,DEMANDA DE EXPLOT.SEX. COMERC. MENOR DE 18 AÑOS Adic. Art 217A C.P. Ley 1329 de 2009,CALI,Sucre,09,-76.525252,3.445294,RED VIRTUAL O INTERNET,2024,agosto    ,30,8/30/2024,6,18:08,DENUNCIA,Nivel 3
DELITOS SEXUALES,ACTO SEXUAL VIOLENTO. ART. 206 C.P.,CALI,Sucre,09,-76.527594,3.448177,VIA PUBLICA,2024,agosto    ,30,8/30/2024,6,11:02,DENUNCIA,Nivel 3
DELITOS SEXUALES,ACCESO CARNAL VIOLENTO. ART. 205 C.P.,CALI,Manuela Beltrán,14,-76.472839,3.41996,DOMICILIO,2024,agosto    ,30,8/30/2024,6,12:30,DENUNCIA,Nivel 3
DELITOS SEXUALES,ACCESO CARNAL O ACTO SEXUAL EN PERSONA PUESTA EN INCAPACIDAD DE RESISTIR. ART. 207 C.P.,CALI,El Prado,11,-76.519072,3.435698,DOMICILIO,2024,agosto    ,31,8/31/2024,7,20:00,DENUNCIA,Nivel 3
DELITOS SEXUALES,ACCESO CARNAL VIOLENTO. ART. 205 C.P.,CALI,Prados del Norte,02,-76.520698,3.468009,DOMICILIO,2024,agosto    ,31,8/31/2024,7,02:00,DENUNCIA,Nivel 3
DELITOS SEXUALES,ACTO SEXUAL VIOLENTO CON MENOR DE CATORCE AÑOS ART. 209 C.P. ,CALI,Rural,Rural,-76.536075,3.489125,DOMICILIO,2024,agosto    ,31,8/31/2024,7,16:43,DENUNCIA,Nivel 3
DELITOS SEXUALES,ACTO SEXUAL VIOLENTO CON MENOR DE CATORCE AÑOS ART. 209 C.P. ,CALI,Rural,Rural,-76.567398,3.516753,DOMICILIO,2024,agosto    ,31,8/31/2024,7,17:06,DENUNCIA,Nivel 3
DELITOS SEXUALES,ACTO SEXUAL VIOLENTO CON MENOR DE CATORCE AÑOS ART. 209 C.P. ,CALI,Mariano Ramos,16,-76.51336,3.403813,DOMICILIO,2024,agosto    ,31,8/31/2024,7,00:00,DENUNCIA,Nivel 3
DELITOS SEXUALES,ACTO SEXUAL VIOLENTO CON MENOR DE CATORCE AÑOS ART. 209 C.P. ,CALI,Rafael Uribe Uribe,08,-76.513286,3.437772,DOMICILIO,2024,agosto    ,31,8/31/2024,7,22:30,DENUNCIA,Nivel 3
DELITOS SEXUALES,PORNOGRAFIA CON MENORES ART. 218 C.P.,CALI,Nueva Floresta,12,-76.496796,3.435738,DOMICILIO,2024,septiembre,1,9/1/2024,1,00:00,DENUNCIA,Nivel 3
DELITOS SEXUALES,ACOSO SEXUAL ART. 210A C.P.  ADICIONADO LEY 1257 DE 2008,CALI,San Nicolás,03,-76.518781,3.452981,SIN INFORMACION,2024,septiembre,1,9/1/2024,1,12:25,DENUNCIA,Nivel 3
DELITOS SEXUALES,ACTO SEXUAL VIOLENTO CON MENOR DE CATORCE AÑOS ART. 209 C.P. ,CALI,San Pedro,03,-76.533131,3.449924,ENTIDAD PUBLICA / ESTATAL,2024,septiembre,1,9/1/2024,1,15:00,DENUNCIA,Nivel 3
DELITOS SEXUALES,ACCESO CARNAL O ACTO SEXUAL ABUSIVOS CON INCAPAZ DE RESISTIR. ART. 210 C.P.,CALI,Pizamos I,21,-76.474978,3.40219,SIN INFORMACION,2024,septiembre,1,9/1/2024,1,15:00,DENUNCIA,Nivel 3
DELITOS SEXUALES,ACTO SEXUAL VIOLENTO CON MENOR DE CATORCE AÑOS ART. 209 C.P. ,CALI,Belén,20,-76.555116,3.426878,DOMICILIO,2024,septiembre,1,9/1/2024,1,11:37,DENUNCIA,Nivel 3
DELITOS SEXUALES,ACTOS SEXUALES CON MENOR DE CATORCE AÑOS. ART. 209 C.P.,CALI,Nueva Floresta,12,-76.496342,3.438933,ESTABLECIMIENTO DE SALUD,2024,septiembre,1,9/1/2024,1,00:00,DENUNCIA,Nivel 3
DELITOS SEXUALES,ACCESO CARNAL O ACTO SEXUAL ABUSIVOS CON INCAPAZ DE RESISTIR. ART. 210 C.P.,CALI,San Antonio,03,-76.544961,3.444478,DOMICILIO,2024,septiembre,1,9/1/2024,1,05:41,DENUNCIA,Nivel 3
DELITOS SEXUALES,ACTOS SEXUALES CON MENOR DE CATORCE AÑOS. ART. 209 C.P.,CALI,Ciudad Talanga,21,-76.470171,3.43307,DOMICILIO,2024,septiembre,2,9/2/2024,2,00:00,DENUNCIA,Nivel 3
DELITOS SEXUALES,ACCESO CARNAL ABUSIVO CON MENOR DE CATORCE AÑOS. ART. 208 C.P.,CALI,El Trébol,08,-76.494856,3.444216,ESTABLECIMIENTO EDUCATIVO,2024,septiembre,2,9/2/2024,2,15:44,DENUNCIA,Nivel 3
DELITOS SEXUALES,ACCESO CARNAL ABUSIVO CON MENOR DE CATORCE AÑOS. ART. 208 C.P.,CALI,Cristóbal Colón,10,-76.521801,3.421022,DOMICILIO,2024,septiembre,2,9/2/2024,2,21:00,DENUNCIA,Nivel 3
DELITOS SEXUALES,ACOSO SEXUAL ART. 210A C.P.  ADICIONADO LEY 1257 DE 2008,CALI,Colseguros Andes,10,-76.528527,3.423473,DOMICILIO,2024,septiembre,2,9/2/2024,2,13:00,DENUNCIA,Nivel 3
DELITOS SEXUALES,ACCESO CARNAL VIOLENTO. ART. 205 C.P.,CALI,Terrón Colorado,01,-76.559899,3.453348,DOMICILIO,2024,septiembre,2,9/2/2024,2,02:10,DENUNCIA,Nivel 3
DELITOS SEXUALES,ACCESO CARNAL VIOLENTO. ART. 205 C.P.,CALI,Las Quintas de Don Simón,17,-76.53548,3.391876,DOMICILIO,2024,septiembre,2,9/2/2024,2,23:00,DENUNCIA,Nivel 3
DELITOS SEXUALES,"ADIC.L.679/2001,ART.34.UTILIZAC.O FACILITAC.MEDIOS DE COMUNICAC.PARA OFRECER SERV.SEXUALES DE MENORES",CALI,Santa Rosa,03,-76.53203,3.447005,SIN INFORMACION,2024,septiembre,3,9/3/2024,3,08:00,DENUNCIA,Nivel 3
DELITOS SEXUALES,ACTOS SEXUALES CON MENOR DE CATORCE AÑOS. ART. 209 C.P.,CALI,Alfonso Bonilla Aragón,14,-76.479027,3.418235,DOMICILIO,2024,septiembre,3,9/3/2024,3,12:57,DENUNCIA,Nivel 3
DELITOS SEXUALES,ACCESO CARNAL ABUSIVO CON MENOR DE CATORCE AÑOS. ART. 208 C.P.,CALI,Rodrigo Lara Bonilla,13,-76.488009,3.42633,ESTABLECIMIENTO DE SALUD,2024,septiembre,3,9/3/2024,3,16:42,DENUNCIA,Nivel 3
DELITOS SEXUALES,INDUCCION A LA PROSTITUCION ART. 213 C.P.,CALI,Nápoles,18,-76.547546,3.386542,DOMICILIO,2024,septiembre,3,9/3/2024,3,15:00,DENUNCIA,Nivel 3
DELITOS SEXUALES,PORNOGRAFIA CON MENORES ART. 218 C.P.,CALI,Yira Castro,13,-76.497666,3.427201,DOMICILIO,2024,septiembre,3,9/3/2024,3,17:41,DENUNCIA,Nivel 3
DELITOS SEXUALES,PORNOGRAFIA CON MENORES ART. 218 C.P.,CALI,Mariano Ramos,16,-76.515203,3.40289,DOMICILIO,2024,septiembre,3,9/3/2024,3,00:00,DENUNCIA,Nivel 3
DELITOS SEXUALES,ACOSO SEXUAL ART. 210A C.P.  ADICIONADO LEY 1257 DE 2008,CALI,Mariano Ramos,16,-76.517452,3.402642,SIN INFORMACION,2024,septiembre,4,9/4/2024,4,14:55,DENUNCIA,Nivel 3
DELITOS SEXUALES,PORNOGRAFIA CON MENORES ART. 218 C.P.,CALI,Alto Nápoles,18,-76.560035,3.382231,DOMICILIO,2024,septiembre,4,9/4/2024,4,14:22,DENUNCIA,Nivel 3
DELITOS SEXUALES,ACCESO CARNAL ABUSIVO CON MENOR DE CATORCE AÑOS. ART. 208 C.P.,CALI,San Luis II,06,-76.486661,3.487171,DOMICILIO,2024,septiembre,4,9/4/2024,4,00:00,DENUNCIA,Nivel 3
DELITOS SEXUALES,PORNOGRAFIA CON MENORES ART. 218 C.P.,CALI,Santa Rosa,03,-76.532754,3.446224,ESTABLECIMIENTO PUBLICO,2024,septiembre,4,9/4/2024,4,16:00,DENUNCIA,Nivel 3
DELITOS SEXUALES,ACOSO SEXUAL ART. 210A C.P.  ADICIONADO LEY 1257 DE 2008,CALI,Brisas de Los Álamos,02,-76.503938,3.489711,SIN INFORMACION,2024,septiembre,4,9/4/2024,4,20:00,DENUNCIA,Nivel 3
DELITOS SEXUALES,ACOSO SEXUAL ART. 210A C.P.  ADICIONADO LEY 1257 DE 2008,CALI,San Nicolás,03,-76.518781,3.452981,SIN INFORMACION,2024,septiembre,4,9/4/2024,4,12:50,DENUNCIA,Nivel 3
DELITOS SEXUALES,ACCESO CARNAL VIOLENTO. ART. 205 C.P.,CALI,Rural,Rural,-76.579707,3.371526,SIN INFORMACION,2024,septiembre,5,9/5/2024,5,22:00,DENUNCIA,Nivel 3
DELITOS SEXUALES,ACCESO CARNAL O ACTO SEXUAL EN PERSONA PUESTA EN INCAPACIDAD DE RESISTIR ART. 207,CALI,Parcelaciones Pance,22,-76.53016,3.34838,ESTABLECIMIENTO EDUCATIVO,2024,septiembre,5,9/5/2024,5,16:28,DENUNCIA,Nivel 3
DELITOS SEXUALES,ACCESO CARNAL ABUSIVO CON MENOR DE CATORCE AÑOS. ART. 208 C.P.,CALI,El Poblado II,13,-76.493224,3.420003,DOMICILIO,2024,septiembre,5,9/5/2024,5,15:49,DENUNCIA,Nivel 3
DELITOS SEXUALES,ACCESO CARNAL O ACTO SEXUAL ABUSIVOS CON INCAPAZ DE RESISTIR. ART. 210 C.P.,CALI,Los Lagos,13,-76.485104,3.431404,DOMICILIO,2024,septiembre,5,9/5/2024,5,17:27,DENUNCIA,Nivel 3
DELITOS SEXUALES,ACCESO CARNAL ABUSIVO CON MENOR DE CATORCE AÑOS. ART. 208 C.P.,CALI,Nueva Floresta,12,-76.497002,3.437718,DOMICILIO,2024,septiembre,5,9/5/2024,5,00:00,DENUNCIA,Nivel 3
DELITOS SEXUALES,DEMANDA DE EXPLOT.SEX. COMERC. MENOR DE 18 AÑOS Adic. Art 217A C.P. Ley 1329 de 2009,CALI,Antonio Nariño,16,-76.504621,3.414321,DOMICILIO,2024,septiembre,5,9/5/2024,5,07:00,DENUNCIA,Nivel 3
DELITOS SEXUALES,ACOSO SEXUAL ART. 210A C.P.  ADICIONADO LEY 1257 DE 2008,CALI,San Nicolás,03,-76.518781,3.452981,SIN INFORMACION,2024,septiembre,5,9/5/2024,5,11:04,DENUNCIA,Nivel 3
DELITOS SEXUALES,ACTO SEXUAL VIOLENTO. ART. 206 C.P.,CALI,Sucre,09,-76.525938,3.443923,DOMICILIO,2024,septiembre,6,9/6/2024,6,08:57,DENUNCIA,Nivel 3
DELITOS SEXUALES,ACTO SEXUAL VIOLENTO. ART. 206 C.P.,CALI,Calimio Desepaz,21,-76.466874,3.416679,VIA PUBLICA,2024,septiembre,6,9/6/2024,6,12:50,DENUNCIA,Nivel 3
DELITOS SEXUALES,ACTO SEXUAL VIOLENTO CON MENOR DE CATORCE AÑOS ART. 209 C.P. ,CALI,San Pedro,03,-76.533131,3.449924,VIA PUBLICA,2024,septiembre,6,9/6/2024,6,00:00,DENUNCIA,Nivel 3
DELITOS SEXUALES,ACOSO SEXUAL ART. 210A C.P.  ADICIONADO LEY 1257 DE 2008,CALI,Olaya Herrera,04,-76.507837,3.477152,DOMICILIO,2024,septiembre,7,9/7/2024,7,01:00,DENUNCIA,Nivel 3
DELITOS SEXUALES,ACTO SEXUAL VIOLENTO CON MENOR DE CATORCE AÑOS ART. 209 C.P. ,CALI,Ciudadela Floralia,06,-76.495482,3.49551,DOMICILIO,2024,septiembre,7,9/7/2024,7,09:00,DENUNCIA,Nivel 3
DELITOS SEXUALES,ACOSO SEXUAL ART. 210A C.P.  ADICIONADO LEY 1257 DE 2008,CALI,Junín,09,-76.526507,3.434327,DOMICILIO,2024,septiembre,7,9/7/2024,7,01:00,DENUNCIA,Nivel 3
DELITOS SEXUALES,ACOSO SEXUAL ART. 210A C.P.  ADICIONADO LEY 1257 DE 2008,CALI,Bellavista,19,-76.556098,3.446435,VIA PUBLICA,2024,septiembre,7,9/7/2024,7,00:45,DENUNCIA,Nivel 3
DELITOS SEXUALES,ACCESO CARNAL VIOLENTO. ART. 205 C.P.,CALI,Rural,Rural,-76.550602,3.478855,VIA PUBLICA,2024,septiembre,8,9/8/2024,1,00:28,DENUNCIA,Nivel 3
DELITOS SEXUALES,ACCESO CARNAL ABUSIVO CON MENOR DE CATORCE AÑOS. ART. 208 C.P.,CALI,Compartir,21,-76.464528,3.430408,DOMICILIO,2024,septiembre,8,9/8/2024,1,00:00,DENUNCIA,Nivel 3
DELITOS SEXUALES,ACCESO CARNAL O ACTO SEXUAL ABUSIVOS CON INCAPAZ DE RESISTIR. ART. 210 C.P.,CALI,San Pascual,03,-76.526823,3.4431,DOMICILIO,2024,septiembre,8,9/8/2024,1,04:00,DENUNCIA,Nivel 3
DELITOS SEXUALES,ACTO SEXUAL VIOLENTO. ART. 206 C.P.,CALI,Urbanización Militar,19,-76.540551,3.412515,SIN INFORMACION,2024,septiembre,8,9/8/2024,1,23:40,DENUNCIA,Nivel 3
DELITOS SEXUALES,ACTO SEXUAL VIOLENTO. ART. 206 C.P.,CALI,El Morichal,15,-76.508248,3.391578,DOMICILIO,2024,septiembre,8,9/8/2024,1,12:00,DENUNCIA,Nivel 3
DELITOS SEXUALES,ACTO SEXUAL VIOLENTO CON MENOR DE CATORCE AÑOS ART. 209 C.P. ,CALI,Manuela Beltrán,14,-76.469598,3.424283,DOMICILIO,2024,septiembre,8,9/8/2024,1,03:00,DENUNCIA,Nivel 3
DELITOS SEXUALES,ACTO SEXUAL VIOLENTO. ART. 206 C.P.,CALI,Ignacio Rengifo,04,-76.512872,3.471339,ESTABLECIMIENTO DE COMERCIO,2024,septiembre,8,9/8/2024,1,03:00,DENUNCIA,Nivel 3
DELITOS SEXUALES,ACCESO CARNAL ABUSIVO CON MENOR DE CATORCE AÑOS. ART. 208 C.P.,CALI,Alfonso Lopez P. 1a Etapa,07,-76.478284,3.465342,DOMICILIO,2024,septiembre,9,9/9/2024,2,16:39,DENUNCIA,Nivel 3
DELITOS SEXUALES,ACOSO SEXUAL ART. 210A C.P.  ADICIONADO LEY 1257 DE 2008,CALI,El Piloto,03,-76.526097,3.45858,ENTIDAD PUBLICA / ESTATAL,2024,septiembre,9,9/9/2024,2,08:12,DENUNCIA,Nivel 3
DELITOS SEXUALES,ACCESO CARNAL ABUSIVO CON MENOR DE CATORCE AÑOS. ART. 208 C.P.,CALI,Ciudad Córdoba,15,-76.504566,3.401734,ESTABLECIMIENTO EDUCATIVO,2024,septiembre,9,9/9/2024,2,18:27,DENUNCIA,Nivel 3
DELITOS SEXUALES,ACCESO CARNAL O ACTO SEXUAL ABUSIVOS CON INCAPAZ DE RESISTIR. ART. 210 C.P.,CALI,José Manuel Marroquín I,14,-76.477886,3.419226,DOMICILIO,2024,septiembre,10,9/10/2024,3,08:46,DENUNCIA,Nivel 3
DELITOS SEXUALES,ACTOS SEXUALES CON MENOR DE CATORCE AÑOS. ART. 209 C.P.,CALI,Mayapan - Las Vegas,17,-76.543686,3.382263,DOMICILIO,2024,septiembre,10,9/10/2024,3,07:00,DENUNCIA,Nivel 3
DELITOS SEXUALES,ACOSO SEXUAL ART. 210A C.P.  ADICIONADO LEY 1257 DE 2008,CALI,Pampa Linda,19,-76.553611,3.405987,DOMICILIO,2024,septiembre,10,9/10/2024,3,06:00,DENUNCIA,Nivel 3
DELITOS SEXUALES,ACCESO CARNAL VIOLENTO. ART. 205 C.P.,CALI,Cañaveral,19,-76.56538,3.408681,DOMICILIO,2024,septiembre,10,9/10/2024,3,12:03,DENUNCIA,Nivel 3
DELITOS SEXUALES,ACTOS SEXUALES CON MENOR DE CATORCE AÑOS. ART. 209 C.P.,CALI,Buenos Aires,18,-76.546954,3.391942,ESTABLECIMIENTO EDUCATIVO,2024,septiembre,10,9/10/2024,3,10:00,DENUNCIA,Nivel 3
DELITOS SEXUALES,PORNOGRAFIA CON MENORES ART. 218 C.P.,CALI,Rural,Rural,-76.562989,3.424375,DOMICILIO,2024,septiembre,11,9/11/2024,4,11:45,DENUNCIA,Nivel 3
DELITOS SEXUALES,ACTOS SEXUALES CON MENOR DE CATORCE AÑOS. ART. 209 C.P.,CALI,Aranjuez,09,-76.522505,3.435698,DOMICILIO,2024,septiembre,11,9/11/2024,4,21:00,DENUNCIA,Nivel 3
DELITOS SEXUALES,ACOSO SEXUAL ART. 210A C.P.  ADICIONADO LEY 1257 DE 2008,CALI,Promociones Populares B,14,-76.475494,3.429284,ESTABLECIMIENTO EDUCATIVO,2024,septiembre,11,9/11/2024,4,10:00,DENUNCIA,Nivel 3
DELITOS SEXUALES,DEMANDA DE EXPLOT.SEX. COMERC. MENOR DE 18 AÑOS Adic. Art 217A C.P. Ley 1329 de 2009,CALI,José Manuel Marroquín I,14,-76.476231,3.421214,DOMICILIO,2024,septiembre,12,9/12/2024,5,19:00,DENUNCIA,Nivel 3
DELITOS SEXUALES,ACTOS SEXUALES CON MENOR DE CATORCE AÑOS. ART. 209 C.P.,CALI,Centenario,02,-76.537493,3.452534,DOMICILIO,2024,septiembre,12,9/12/2024,5,06:27,DENUNCIA,Nivel 3
DELITOS SEXUALES,ACTO SEXUAL VIOLENTO. ART. 206 C.P.,CALI,Alto Nápoles,18,-76.557409,3.384906,DOMICILIO,2024,septiembre,12,9/12/2024,5,17:34,DENUNCIA,Nivel 3
DELITOS SEXUALES,ACTOS SEXUALES CON MENOR DE CATORCE AÑOS. ART. 209 C.P.,CALI,Rural,Rural,-76.462052,3.422666,VIA PUBLICA,2024,septiembre,12,9/12/2024,5,14:56,DENUNCIA,Nivel 3
DELITOS SEXUALES,ACOSO SEXUAL ART. 210A C.P.  ADICIONADO LEY 1257 DE 2008,CALI,Parcelaciones Pance,22,-76.536996,3.342886,ESTABLECIMIENTO EDUCATIVO,2024,septiembre,12,9/12/2024,5,16:00,DENUNCIA,Nivel 3
DELITOS SEXUALES,ACTO SEXUAL VIOLENTO CON MENOR DE CATORCE AÑOS ART. 209 C.P. ,CALI,Alfonso Bonilla Aragón,14,-76.481691,3.419348,DOMICILIO,2024,septiembre,13,9/13/2024,6,10:23,DENUNCIA,Nivel 3
DELITOS SEXUALES,ACTO SEXUAL VIOLENTO CON MENOR DE CATORCE AÑOS ART. 209 C.P. ,CALI,La Cascada,19,-76.554682,3.401481,DOMICILIO,2024,septiembre,13,9/13/2024,6,11:30,DENUNCIA,Nivel 3
DELITOS SEXUALES,ACCESO CARNAL VIOLENTO. ART. 205 C.P.,CALI,Torres de Comfandi,05,-76.499802,3.475164,DOMICILIO,2024,septiembre,13,9/13/2024,6,14:39,DENUNCIA,Nivel 3
DELITOS SEXUALES,ACOSO SEXUAL ART. 210A C.P.  ADICIONADO LEY 1257 DE 2008,CALI,Atanasio Girardot,08,-76.507613,3.442895,DOMICILIO,2024,septiembre,13,9/13/2024,6,10:56,DENUNCIA,Nivel 3
DELITOS SEXUALES,ACOSO SEXUAL ART. 210A C.P.  ADICIONADO LEY 1257 DE 2008,CALI,Jorge Eliécer Gaitán,06,-76.484837,3.472199,ESTABLECIMIENTO EDUCATIVO,2024,septiembre,13,9/13/2024,6,08:00,DENUNCIA,Nivel 3
DELITOS SEXUALES,ACCESO CARNAL VIOLENTO. ART. 205 C.P. ,CALI,Altos de Menga,02,-76.534502,3.491427,DOMICILIO,2024,septiembre,13,9/13/2024,6,15:16,DENUNCIA,Nivel 3
DELITOS SEXUALES,ACCESO CARNAL ABUSIVO CON MENOR DE CATORCE AÑOS. ART. 208 C.P.,CALI,Compartir,21,-76.464162,3.433271,DOMICILIO,2024,septiembre,13,9/13/2024,6,14:57,DENUNCIA,Nivel 3
DELITOS SEXUALES,ACTO SEXUAL VIOLENTO. ART. 206 C.P.,CALI,Alirio Mora Beltrán,14,-76.477583,3.437957,DOMICILIO,2024,septiembre,13,9/13/2024,6,10:00,DENUNCIA,Nivel 3
DELITOS SEXUALES,ACTOS SEXUALES CON MENOR DE CATORCE AÑOS. ART. 209 C.P.,CALI,Ciudadela Floralia,06,-76.497334,3.49613,DOMICILIO,2024,septiembre,13,9/13/2024,6,18:30,DENUNCIA,Nivel 3
DELITOS SEXUALES,ACTO SEXUAL VIOLENTO CON MENOR DE CATORCE AÑOS ART. 209 C.P. ,CALI,Pizamos I,21,-76.47372,3.400588,OTRO,2024,septiembre,13,9/13/2024,6,16:08,DENUNCIA,Nivel 3
DELITOS SEXUALES,ACTOS SEXUALES CON MENOR DE CATORCE AÑOS. ART. 209 C.P.,CALI,San Pedro Claver,11,-76.505702,3.423576,DOMICILIO,2024,septiembre,14,9/14/2024,7,22:00,DENUNCIA,Nivel 3
DELITOS SEXUALES,ACCESO CARNAL ABUSIVO CON MENOR DE CATORCE AÑOS. ART. 208 C.P.,CALI,San Carlos,11,-76.51361,3.421356,DOMICILIO,2024,septiembre,15,9/15/2024,1,16:00,DENUNCIA,Nivel 3
DELITOS SEXUALES,ACCESO CARNAL VIOLENTO. ART. 205 C.P.,CALI,Potrero Grande,21,-76.470805,3.407866,SIN INFORMACION,2024,septiembre,15,9/15/2024,1,11:00,DENUNCIA,Nivel 3
DELITOS SEXUALES,PORNOGRAFIA CON MENORES ART. 218 C.P.,CALI,Barrio Obrero,09,-76.519758,3.448035,DOMICILIO,2024,septiembre,15,9/15/2024,1,20:00,DENUNCIA,Nivel 3
DELITOS SEXUALES,ACCESO CARNAL VIOLENTO. ART. 205 C.P.,CALI,Sucre,09,-76.52582,3.443237,DOMICILIO,2024,septiembre,15,9/15/2024,1,23:00,DENUNCIA,Nivel 3
DELITOS SEXUALES,ACOSO SEXUAL ART. 210A C.P.  ADICIONADO LEY 1257 DE 2008,CALI,Siete de Agosto,07,-76.486875,3.447547,ESTABLECIMIENTO EDUCATIVO,2024,septiembre,15,9/15/2024,1,14:44,DENUNCIA,Nivel 3
DELITOS SEXUALES,ACTO SEXUAL VIOLENTO. ART. 206 C.P.,CALI,Petecuy Primera Etapa,06,-76.4801,3.475507,DOMICILIO,2024,septiembre,16,9/16/2024,2,15:00,DENUNCIA,Nivel 3
DELITOS SEXUALES,ACTO SEXUAL VIOLENTO. ART. 206 C.P.,CALI,Petecuy Tercera Etapa,06,-76.481196,3.477905,DOMICILIO,2024,septiembre,16,9/16/2024,2,15:30,DENUNCIA,Nivel 3
DELITOS SEXUALES,ACCESO CARNAL VIOLENTO. ART. 205 C.P.,CALI,Alfonso Bonilla Aragón,14,-76.480876,3.420447,ESTABLECIMIENTO EDUCATIVO,2024,septiembre,16,9/16/2024,2,17:00,DENUNCIA,Nivel 3
DELITOS SEXUALES,ACOSO SEXUAL ART. 210A C.P.  ADICIONADO LEY 1257 DE 2008,CALI,San Fernando Nuevo,19,-76.541856,3.428716,SIN INFORMACION,2024,septiembre,16,9/16/2024,2,15:16,DENUNCIA,Nivel 3
DELITOS SEXUALES,ACCESO CARNAL ABUSIVO CON MENOR DE CATORCE AÑOS. ART. 208 C.P.,CALI,Ciudad Capri,17,-76.544278,3.390545,DOMICILIO,2024,septiembre,16,9/16/2024,2,16:59,DENUNCIA,Nivel 3
DELITOS SEXUALES,ACCESO CARNAL ABUSIVO CON MENOR DE CATORCE AÑOS. ART. 208 C.P.,CALI,Granada,02,-76.537383,3.458769,ESTABLECIMIENTO EDUCATIVO,2024,septiembre,16,9/16/2024,2,13:00,DENUNCIA,Nivel 3
DELITOS SEXUALES,ACTO SEXUAL VIOLENTO CON MENOR DE CATORCE AÑOS ART. 209 C.P. ,CALI,Caney,17,-76.517023,3.384788,DOMICILIO,2024,septiembre,17,9/17/2024,3,07:00,DENUNCIA,Nivel 3
DELITOS SEXUALES,ACCESO CARNAL VIOLENTO. ART. 205 C.P. ,CALI,Caney,17,-76.51621,3.38497,VEHICULO,2024,septiembre,17,9/17/2024,3,06:45,DENUNCIA,Nivel 3
DELITOS SEXUALES,ACCESO CARNAL ABUSIVO CON MENOR DE CATORCE AÑOS. ART. 208 C.P.,CALI,Los Conquistadores,11,-76.507229,3.425959,DOMICILIO,2024,septiembre,17,9/17/2024,3,00:00,DENUNCIA,Nivel 3
DELITOS SEXUALES,ACTO SEXUAL VIOLENTO CON MENOR DE CATORCE AÑOS ART. 209 C.P. ,CALI,Alfonso Bonilla Aragón,14,-76.485212,3.424396,DOMICILIO,2024,septiembre,17,9/17/2024,3,22:09,DENUNCIA,Nivel 3
DELITOS SEXUALES,ACCESO CARNAL O ACTO SEXUAL ABUSIVOS CON INCAPAZ DE RESISTIR. ART. 210 C.P.,CALI,Pizamos I,21,-76.475342,3.402581,VIA PUBLICA,2024,septiembre,17,9/17/2024,3,19:00,DENUNCIA,Nivel 3
DELITOS SEXUALES,ACTO SEXUAL VIOLENTO CON MENOR DE CATORCE AÑOS ART. 209 C.P. ,CALI,Brisas de Mayo,20,-76.562682,3.417462,DOMICILIO,2024,septiembre,17,9/17/2024,3,13:37,DENUNCIA,Nivel 3
DELITOS SEXUALES,ACTO SEXUAL VIOLENTO. ART. 206 C.P.,CALI,Unidad Residencial Santiago de Cali,19,-76.547594,3.417274,VIA PUBLICA,2024,septiembre,18,9/18/2024,4,20:30,DENUNCIA,Nivel 3
DELITOS SEXUALES,ACCESO CARNAL O ACTO SEXUAL EN PERSONA PUESTA EN INCAPACIDAD DE RESISTIR ART. 207,CALI,Los Libertadores,03,-76.538001,3.439786,DOMICILIO,2024,septiembre,18,9/18/2024,4,01:00,DENUNCIA,Nivel 3
DELITOS SEXUALES,ACCESO CARNAL ABUSIVO CON MENOR DE CATORCE AÑOS. ART. 208 C.P.,CALI,San Pedro,03,-76.533251,3.450324,EDIFICIO,2024,septiembre,18,9/18/2024,4,00:00,DENUNCIA,Nivel 3
DELITOS SEXUALES,ACCESO CARNAL O ACTO SEXUAL ABUSIVOS CON INCAPAZ DE RESISTIR. ART. 210 C.P.,CALI,Pampa Linda,19,-76.554837,3.405119,DOMICILIO,2024,septiembre,18,9/18/2024,4,01:00,DENUNCIA,Nivel 3
DELITOS SEXUALES,ACTOS SEXUALES CON MENOR DE CATORCE AÑOS. ART. 209 C.P.,CALI,El Morichal,15,-76.506103,3.394595,DOMICILIO,2024,septiembre,18,9/18/2024,4,11:00,DENUNCIA,Nivel 3
DELITOS SEXUALES,ACTO SEXUAL VIOLENTO. ART. 206 C.P.,CALI,El Cedro,19,-76.536811,3.431786,EDIFICIO,2024,septiembre,18,9/18/2024,4,21:30,DENUNCIA,Nivel 3
DELITOS SEXUALES,ACTO SEXUAL VIOLENTO CON MENOR DE CATORCE AÑOS ART. 209 C.P. ,CALI,Potrero Grande,21,-76.472603,3.410977,VIA PUBLICA,2024,septiembre,19,9/19/2024,5,19:00,DENUNCIA,Nivel 3
DELITOS SEXUALES,ACCESO CARNAL VIOLENTO. ART. 205 C.P.,CALI,Saavedra Galindo,08,-76.516894,3.443923,DOMICILIO,2024,septiembre,19,9/19/2024,5,20:00,DENUNCIA,Nivel 3
DELITOS SEXUALES,ACCESO CARNAL ABUSIVO CON MENOR DE CATORCE AÑOS. ART. 208 C.P.,CALI,Alfonso Lopez P. 3a Etapa,07,-76.480749,3.455228,CERCA AL DOMICILIO,2024,septiembre,19,9/19/2024,5,10:31,DENUNCIA,Nivel 3
DELITOS SEXUALES,ACTO SEXUAL VIOLENTO CON MENOR DE CATORCE AÑOS ART. 209 C.P. ,CALI,Sector Alto de los Chorros,18,-76.559514,3.391943,DOMICILIO,2024,septiembre,19,9/19/2024,5,18:30,DENUNCIA,Nivel 3
DELITOS SEXUALES,ACTOS SEXUALES CON MENOR DE CATORCE AÑOS. ART. 209 C.P.,CALI,Las Ceibas,07,-76.487657,3.456944,DOMICILIO,2024,septiembre,19,9/19/2024,5,12:00,DENUNCIA,Nivel 3
DELITOS SEXUALES,PORNOGRAFIA CON MENORES ART. 218 C.P.,CALI,Chapinero,08,-76.499923,3.444509,RED VIRTUAL O INTERNET,2024,septiembre,19,9/19/2024,5,14:41,DENUNCIA,Nivel 3
DELITOS SEXUALES,ACTO SEXUAL VIOLENTO. ART. 206 C.P.,CALI,Rural,Rural,-76.548645,3.486132,SIN INFORMACION,2024,septiembre,19,9/19/2024,5,10:51,DENUNCIA,Nivel 3
DELITOS SEXUALES,ACTOS SEXUALES CON MENOR DE CATORCE AÑOS. ART. 209 C.P.,CALI,Rural,Rural,-76.561938,3.380214,DOMICILIO,2024,septiembre,20,9/20/2024,6,18:30,DENUNCIA,Nivel 3
DELITOS SEXUALES,ACCESO CARNAL ABUSIVO CON MENOR DE CATORCE AÑOS. ART. 208 C.P.,CALI,Mojica,15,-76.490086,3.417627,ESTABLECIMIENTO EDUCATIVO,2024,septiembre,20,9/20/2024,6,14:34,DENUNCIA,Nivel 3
DELITOS SEXUALES,ACCESO CARNAL ABUSIVO CON MENOR DE CATORCE AÑOS. ART. 208 C.P.,CALI,José Manuel Marroquín II,14,-76.480142,3.43058,DOMICILIO,2024,septiembre,20,9/20/2024,6,23:44,DENUNCIA,Nivel 3
DELITOS SEXUALES,ACCESO CARNAL ABUSIVO CON MENOR DE CATORCE AÑOS. ART. 208 C.P.,CALI,Laureano Gómez,15,-76.495313,3.413623,CERCA AL DOMICILIO,2024,septiembre,20,9/20/2024,6,00:00,DENUNCIA,Nivel 3
DELITOS SEXUALES,ACTO SEXUAL VIOLENTO. ART. 206 C.P.,CALI,Santa Fé,08,-76.504688,3.440623,DOMICILIO,2024,septiembre,20,9/20/2024,6,12:00,DENUNCIA,Nivel 3
DELITOS SEXUALES,ACCESO CARNAL ABUSIVO CON MENOR DE CATORCE AÑOS. ART. 208 C.P.,CALI,Siloé,20,-76.55585,3.42634,DOMICILIO,2024,septiembre,20,9/20/2024,6,22:00,DENUNCIA,Nivel 3
DELITOS SEXUALES,ACCESO CARNAL ABUSIVO CON MENOR DE CATORCE AÑOS. ART. 208 C.P.,CALI,Valle Grande,21,-76.469323,3.436466,DOMICILIO,2024,septiembre,21,9/21/2024,7,12:00,DENUNCIA,Nivel 3
DELITOS SEXUALES,ACCESO CARNAL VIOLENTO. ART. 205 C.P.,CALI,Rural,Rural,-76.478086,3.378214,VIA PUBLICA,2024,septiembre,21,9/21/2024,7,12:00,DENUNCIA,Nivel 3
DELITOS SEXUALES,ACCESO CARNAL ABUSIVO CON MENOR DE CATORCE AÑOS. ART. 208 C.P.,CALI,Calimio Desepaz,21,-76.467983,3.411675,SIN INFORMACION,2024,septiembre,21,9/21/2024,7,14:27,DENUNCIA,Nivel 3
DELITOS SEXUALES,ACTO SEXUAL VIOLENTO. ART. 206 C.P.,CALI,San Fernando Viejo,19,-76.544457,3.430661,OTRO,2024,septiembre,22,9/22/2024,1,05:00,DENUNCIA,Nivel 3
DELITOS SEXUALES,ACTOS SEXUALES CON MENOR DE CATORCE AÑOS. ART. 209 C.P.,CALI,Unicentro Cali,17,-76.538693,3.379177,DOMICILIO,2024,septiembre,22,9/22/2024,1,09:00,DENUNCIA,Nivel 3
DELITOS SEXUALES,ACCESO CARNAL O ACTO SEXUAL EN PERSONA PUESTA EN INCAPACIDAD DE RESISTIR. ART. 207 C.P.,CALI,Siloé,20,-76.557256,3.420965,DOMICILIO,2024,septiembre,22,9/22/2024,1,03:00,DENUNCIA,Nivel 3
DELITOS SEXUALES,ACTO SEXUAL VIOLENTO CON MENOR DE CATORCE AÑOS ART. 209 C.P. ,CALI,San Pedro,03,-76.533131,3.449924,DOMICILIO,2024,septiembre,22,9/22/2024,1,18:00,DENUNCIA,Nivel 3
DELITOS SEXUALES,ACTOS SEXUALES CON MENOR DE CATORCE AÑOS. ART. 209 C.P.,CALI,San Luis II,06,-76.488396,3.488674,DOMICILIO,2024,septiembre,22,9/22/2024,1,20:30,DENUNCIA,Nivel 3
DELITOS SEXUALES,ACCESO CARNAL ABUSIVO CON MENOR DE CATORCE AÑOS. ART. 208 C.P.,CALI,San Pedro,03,-76.533131,3.449924,DOMICILIO,2024,septiembre,23,9/23/2024,2,15:50,DENUNCIA,Nivel 3
DELITOS SEXUALES,ACCESO CARNAL ABUSIVO CON MENOR DE CATORCE AÑOS. ART. 208 C.P.,CALI,Bretaña,09,-76.532807,3.440665,DOMICILIO,2024,septiembre,23,9/23/2024,2,00:00,DENUNCIA,Nivel 3
DELITOS SEXUALES,ACTOS SEXUALES CON MENOR DE CATORCE AÑOS. ART. 209 C.P.,CALI,San Pedro,03,-76.533131,3.449924,DOMICILIO,2024,septiembre,23,9/23/2024,2,01:00,DENUNCIA,Nivel 3
DELITOS SEXUALES,ACTO SEXUAL VIOLENTO CON MENOR DE CATORCE AÑOS ART. 209 C.P. ,CALI,Pizamos I,21,-76.476468,3.402337,DOMICILIO,2024,septiembre,23,9/23/2024,2,09:00,DENUNCIA,Nivel 3
DELITOS SEXUALES,ACCESO CARNAL VIOLENTO. ART. 205 C.P.,CALI,La Rivera I,06,-76.486278,3.47437,DOMICILIO,2024,septiembre,24,9/24/2024,3,13:36,DENUNCIA,Nivel 3
DELITOS SEXUALES,ACCESO CARNAL ABUSIVO CON MENOR DE CATORCE AÑOS. ART. 208 C.P.,CALI,Rural,Rural,-76.491552,3.4089,DOMICILIO,2024,septiembre,24,9/24/2024,3,00:00,DENUNCIA,Nivel 3
DELITOS SEXUALES,ACCESO CARNAL ABUSIVO CON MENOR DE CATORCE AÑOS. ART. 208 C.P.,CALI,Mariano Ramos,16,-76.51581,3.40153,DOMICILIO,2024,septiembre,24,9/24/2024,3,11:52,DENUNCIA,Nivel 3
DELITOS SEXUALES,ACCESO CARNAL ABUSIVO CON MENOR DE CATORCE AÑOS. ART. 208 C.P.,CALI,La Base,08,-76.494476,3.445702,DOMICILIO,2024,septiembre,24,9/24/2024,3,13:30,DENUNCIA,Nivel 3
DELITOS SEXUALES,ACOSO SEXUAL ART. 210A C.P.  ADICIONADO LEY 1257 DE 2008,CALI,San Pedro,03,-76.533131,3.449924,OTRO,2024,septiembre,24,9/24/2024,3,10:34,DENUNCIA,Nivel 3
DELITOS SEXUALES,PROXENETISMO CON MENOR DE EDAD ART. 213A C.P.,CALI,San Pedro,03,-76.533131,3.449924,DOMICILIO,2024,septiembre,25,9/25/2024,4,09:26,DENUNCIA,Nivel 3
DELITOS SEXUALES,ACTOS SEXUALES CON MENOR DE CATORCE AÑOS. ART. 209 C.P.,CALI,Mayapan - Las Vegas,17,-76.543561,3.381719,SIN INFORMACION,2024,septiembre,25,9/25/2024,4,09:58,DENUNCIA,Nivel 3
DELITOS SEXUALES,ACCESO CARNAL VIOLENTO. ART. 205 C.P. ,CALI,San Pedro,03,-76.533131,3.449924,DOMICILIO,2024,septiembre,25,9/25/2024,4,08:07,DENUNCIA,Nivel 3
DELITOS SEXUALES,ACTO SEXUAL VIOLENTO CON MENOR DE CATORCE AÑOS ART. 209 C.P. ,CALI,San Luis II,06,-76.488158,3.490888,DOMICILIO,2024,septiembre,25,9/25/2024,4,22:30,DENUNCIA,Nivel 3
DELITOS SEXUALES,ACCESO CARNAL VIOLENTO. ART. 205 C.P.,CALI,Terrón Colorado,01,-76.570738,3.452707,DOMICILIO,2024,septiembre,25,9/25/2024,4,05:00,DENUNCIA,Nivel 3
DELITOS SEXUALES,ACCESO CARNAL O ACTO SEXUAL ABUSIVOS CON INCAPAZ DE RESISTIR. ART. 210 C.P.,CALI,Sucre,09,-76.522654,3.445885,SIN INFORMACION,2024,septiembre,25,9/25/2024,4,09:22,DENUNCIA,Nivel 3
DELITOS SEXUALES,ACCESO CARNAL VIOLENTO. ART. 205 C.P.,CALI,Flora Industrial,04,-76.508443,3.480641,SIN INFORMACION,2024,septiembre,25,9/25/2024,4,21:43,DENUNCIA,Nivel 3
DELITOS SEXUALES,ACCESO CARNAL ABUSIVO CON MENOR DE CATORCE AÑOS. ART. 208 C.P.,CALI,San Pedro,03,-76.533131,3.449924,DOMICILIO,2024,septiembre,25,9/25/2024,4,12:01,DENUNCIA,Nivel 3
DELITOS SEXUALES,ACTO SEXUAL VIOLENTO CON MENOR DE CATORCE AÑOS ART. 209 C.P. ,CALI,San Pedro,03,-76.533131,3.449924,DOMICILIO,2024,septiembre,26,9/26/2024,5,14:19,DENUNCIA,Nivel 3
DELITOS SEXUALES,ACCESO CARNAL ABUSIVO CON MENOR DE CATORCE AÑOS. ART. 208 C.P.,CALI,El Poblado II,13,-76.492713,3.419746,ENTIDAD PUBLICA / ESTATAL,2024,septiembre,26,9/26/2024,5,19:00,DENUNCIA,Nivel 3
DELITOS SEXUALES,ACCESO CARNAL ABUSIVO CON MENOR DE CATORCE AÑOS. ART. 208 C.P.,CALI,San Carlos,11,-76.512176,3.423065,DOMICILIO,2024,septiembre,27,9/27/2024,6,09:22,DENUNCIA,Nivel 3
DELITOS SEXUALES,ACTO SEXUAL VIOLENTO. ART. 206 C.P.,CALI,Belalcázar,09,-76.520885,3.442158,DOMICILIO,2024,septiembre,27,9/27/2024,6,08:52,DENUNCIA,Nivel 3
DELITOS SEXUALES,ACTO SEXUAL VIOLENTO. ART. 206 C.P.,CALI,Los Andes,05,-76.496712,3.473404,ESTABLECIMIENTO EDUCATIVO,2024,septiembre,27,9/27/2024,6,18:27,DENUNCIA,Nivel 3
DELITOS SEXUALES,ACTOS SEXUALES CON MENOR DE CATORCE AÑOS. ART. 209 C.P.,CALI,20 de Julio,11,-76.5117,3.433054,DOMICILIO,2024,septiembre,27,9/27/2024,6,15:00,DENUNCIA,Nivel 3
DELITOS SEXUALES,ACOSO SEXUAL ART. 210A C.P.  ADICIONADO LEY 1257 DE 2008,CALI,San Pedro,03,-76.533131,3.449924,EDIFICIO,2024,septiembre,27,9/27/2024,6,18:39,DENUNCIA,Nivel 3
DELITOS SEXUALES,ACCESO CARNAL VIOLENTO. ART. 205 C.P.,CALI,Urbanización Tequendama,19,-76.543922,3.422721,ESTABLECIMIENTO DE SALUD,2024,septiembre,27,9/27/2024,6,09:20,DENUNCIA,Nivel 3
DELITOS SEXUALES,ACCESO CARNAL VIOLENTO. ART. 205 C.P.,CALI,Los Cámbulos,19,-76.536863,3.417277,ESTABLECIMIENTO DE COMERCIO,2024,septiembre,28,9/28/2024,7,20:00,DENUNCIA,Nivel 3
DELITOS SEXUALES,ACTO SEXUAL VIOLENTO. ART. 206 C.P.,CALI,Valle Grande,21,-76.473579,3.440063,DOMICILIO,2024,septiembre,28,9/28/2024,7,16:30,DENUNCIA,Nivel 3
DELITOS SEXUALES,ACOSO SEXUAL ART. 210A C.P.  ADICIONADO LEY 1257 DE 2008,CALI,Unicentro Cali,17,-76.53953,3.377,SIN INFORMACION,2024,septiembre,28,9/28/2024,7,22:15,DENUNCIA,Nivel 3
DELITOS SEXUALES,ACTO SEXUAL VIOLENTO CON MENOR DE CATORCE AÑOS ART. 209 C.P. ,CALI,Rural,Rural,-76.550474,3.483044,DOMICILIO,2024,septiembre,28,9/28/2024,7,22:00,DENUNCIA,Nivel 3
DELITOS SEXUALES,ACTOS SEXUALES CON MENOR DE CATORCE AÑOS. ART. 209 C.P.,CALI,Las Quintas de Don Simón,17,-76.535041,3.387775,DOMICILIO,2024,septiembre,29,9/29/2024,1,04:30,DENUNCIA,Nivel 3
DELITOS SEXUALES,ACCESO CARNAL VIOLENTO. ART. 205 C.P.,CALI,Manuela Beltrán,14,-76.472487,3.417488,DOMICILIO,2024,septiembre,29,9/29/2024,1,19:00,DENUNCIA,Nivel 3
DELITOS SEXUALES,ACCESO CARNAL ABUSIVO CON MENOR DE CATORCE AÑOS. ART. 208 C.P.,CALI,Caney,17,-76.522226,3.389148,DOMICILIO,2024,septiembre,29,9/29/2024,1,00:00,DENUNCIA,Nivel 3
DELITOS SEXUALES,ACCESO CARNAL VIOLENTO. ART. 205 C.P.,CALI,Villa del Lago,13,-76.486877,3.438663,DOMICILIO,2024,septiembre,29,9/29/2024,1,16:12,DENUNCIA,Nivel 3
DELITOS SEXUALES,ACTO SEXUAL VIOLENTO CON MENOR DE CATORCE AÑOS ART. 209 C.P. ,CALI,Urbanización San Joaquin,17,-76.526129,3.37256,ESTABLECIMIENTO DE SALUD,2024,septiembre,29,9/29/2024,1,20:00,DENUNCIA,Nivel 3
DELITOS SEXUALES,ACCESO CARNAL O ACTO SEXUAL ABUSIVOS CON INCAPAZ DE RESISTIR. ART. 210 C.P.,CALI,Porvenir,04,-76.513804,3.457631,DOMICILIO,2024,septiembre,30,9/30/2024,2,03:44,DENUNCIA,Nivel 3
DELITOS SEXUALES,ACCESO CARNAL VIOLENTO. ART. 205 C.P.,CALI,Rural,Rural,-76.505958,3.282269,DOMICILIO,2024,septiembre,30,9/30/2024,2,18:44,DENUNCIA,Nivel 3
DELITOS SEXUALES,ACOSO SEXUAL ART. 210A ,CALI,Santa Teresita,02,-76.54505,3.450543,DOMICILIO,2024,septiembre,30,9/30/2024,2,08:59,DENUNCIA,Nivel 3
DELITOS SEXUALES,ACCESO CARNAL ABUSIVO CON MENOR DE CATORCE AÑOS. ART. 208 C.P.,CALI,El Morichal,15,-76.507751,3.398651,DOMICILIO,2024,octubre   ,1,10/1/2024,3,22:00,DENUNCIA,Nivel 3
DELITOS SEXUALES,ACCESO CARNAL O ACTO SEXUAL ABUSIVOS CON INCAPAZ DE RESISTIR. ART. 210 C.P.,CALI,Mariano Ramos,16,-76.512017,3.402123,DOMICILIO,2024,octubre   ,1,10/1/2024,3,19:30,DENUNCIA,Nivel 3
DELITOS SEXUALES,ACTO SEXUAL VIOLENTO CON MENOR DE CATORCE AÑOS ART. 209 C.P. ,CALI,El Morichal,15,-76.504541,3.39808,DOMICILIO,2024,octubre   ,1,10/1/2024,3,10:00,DENUNCIA,Nivel 3
DELITOS SEXUALES,ACCESO CARNAL ABUSIVO CON MENOR DE CATORCE AÑOS. ART. 208 C.P.,CALI,Rural,Rural,-76.55921,3.36177,DOMICILIO,2024,octubre   ,1,10/1/2024,3,17:00,DENUNCIA,Nivel 3
DELITOS SEXUALES,ACCESO CARNAL VIOLENTO. ART. 205 C.P.,CALI,Metropolitano del Norte,05,-76.49211,3.480765,DOMICILIO,2024,octubre   ,1,10/1/2024,3,18:00,DENUNCIA,Nivel 3
DELITOS SEXUALES,ACCESO CARNAL ABUSIVO CON MENOR DE CATORCE AÑOS. ART. 208 C.P.,CALI,Sector Patio Bonito,01,-76.588834,3.463562,DOMICILIO,2024,octubre   ,1,10/1/2024,3,00:00,DENUNCIA,Nivel 3
DELITOS SEXUALES,ACCESO CARNAL VIOLENTO. ART. 205 C.P.,CALI,Aguablanca,11,-76.516668,3.432956,DOMICILIO,2024,octubre   ,1,10/1/2024,3,10:37,DENUNCIA,Nivel 3
DELITOS SEXUALES,ACCESO CARNAL ABUSIVO CON MENOR DE CATORCE AÑOS. ART. 208 C.P.,CALI,Santa Mónica Belalcázar,09,-76.520291,3.43657,DOMICILIO,2024,octubre   ,1,10/1/2024,3,10:00,DENUNCIA,Nivel 3
DELITOS SEXUALES,ACCESO CARNAL ABUSIVO CON MENOR DE CATORCE AÑOS. ART. 208 C.P.,CALI,Valle Grande,21,-76.471155,3.437728,DOMICILIO,2024,octubre   ,1,10/1/2024,3,12:00,DENUNCIA,Nivel 3
DELITOS SEXUALES,ACCESO CARNAL VIOLENTO. ART. 205 C.P.,CALI,Brisas de Mayo,20,-76.563575,3.417686,DOMICILIO,2024,octubre   ,2,10/2/2024,4,18:00,DENUNCIA,Nivel 3
DELITOS SEXUALES,ACOSO SEXUAL ART. 210A C.P.  ADICIONADO LEY 1257 DE 2008,CALI,El Poblado II,13,-76.488232,3.422194,ESTABLECIMIENTO EDUCATIVO,2024,octubre   ,2,10/2/2024,4,15:00,DENUNCIA,Nivel 3
DELITOS SEXUALES,ACTO SEXUAL VIOLENTO. ART. 206 C.P.,CALI,Parcelaciones Pance,22,-76.530716,3.35562,DOMICILIO,2024,octubre   ,2,10/2/2024,4,16:28,DENUNCIA,Nivel 3
DELITOS SEXUALES,ACTOS SEXUALES CON MENOR DE CATORCE AÑOS. ART. 209 C.P.,CALI,Bolivariano,04,-76.516086,3.469087,SIN INFORMACION,2024,octubre   ,2,10/2/2024,4,15:01,DENUNCIA,Nivel 3
DELITOS SEXUALES,ACCESO CARNAL VIOLENTO. ART. 205 C.P.,CALI,Mojica,15,-76.490946,3.414994,VIA PUBLICA,2024,octubre   ,3,10/3/2024,5,01:50,DENUNCIA,Nivel 3
DELITOS SEXUALES,ACOSO SEXUAL ART. 210A C.P.  ADICIONADO LEY 1257 DE 2008,CALI,3 de Julio,19,-76.538716,3.43719,SIN INFORMACION,2024,octubre   ,3,10/3/2024,5,20:28,DENUNCIA,Nivel 3
DELITOS SEXUALES,ACCESO CARNAL ABUSIVO CON MENOR DE CATORCE AÑOS. ART. 208 C.P.,CALI,Siete de Agosto,07,-76.486834,3.447699,ESTABLECIMIENTO EDUCATIVO,2024,octubre   ,3,10/3/2024,5,10:33,DENUNCIA,Nivel 3
DELITOS SEXUALES,ACTOS SEXUALES CON MENOR DE CATORCE AÑOS. ART. 209 C.P.,CALI,El Jardín,11,-76.518867,3.426677,VIA PUBLICA,2024,octubre   ,3,10/3/2024,5,20:30,DENUNCIA,Nivel 3
DELITOS SEXUALES,ACTO SEXUAL VIOLENTO CON MENOR DE CATORCE AÑOS ART. 209 C.P. ,CALI,Prados del Sur,18,-76.555996,3.390332,ESTABLECIMIENTO EDUCATIVO,2024,octubre   ,3,10/3/2024,5,06:00,DENUNCIA,Nivel 3
DELITOS SEXUALES,ACCESO CARNAL ABUSIVO CON MENOR DE CATORCE AÑOS. ART. 208 C.P.,CALI,Bellavista,19,-76.553488,3.444699,DOMICILIO,2024,octubre   ,3,10/3/2024,5,21:00,DENUNCIA,Nivel 3
DELITOS SEXUALES,ACTO SEXUAL VIOLENTO CON MENOR DE CATORCE AÑOS ART. 209 C.P. ,CALI,Chiminangos II,05,-76.4933,3.478249,DOMICILIO,2024,octubre   ,4,10/4/2024,6,17:00,DENUNCIA,Nivel 3
DELITOS SEXUALES,ACCESO CARNAL VIOLENTO. ART. 205 C.P.,CALI,Popular,04,-76.51071,3.470386,DOMICILIO,2024,octubre   ,4,10/4/2024,6,15:00,DENUNCIA,Nivel 3
DELITOS SEXUALES,ACTO SEXUAL VIOLENTO CON MENOR DE CATORCE AÑOS ART. 209 C.P. ,CALI,El Trébol,08,-76.497016,3.441337,DOMICILIO,2024,octubre   ,4,10/4/2024,6,15:30,DENUNCIA,Nivel 3
DELITOS SEXUALES,ACCESO CARNAL O ACTO SEXUAL ABUSIVOS CON INCAPAZ DE RESISTIR. ART. 210 C.P.,CALI,Santa Fé,08,-76.507733,3.440222,DOMICILIO,2024,octubre   ,4,10/4/2024,6,23:00,DENUNCIA,Nivel 3
DELITOS SEXUALES,ACCESO CARNAL VIOLENTO. ART. 205 C.P.,CALI,El Dorado,10,-76.527636,3.422312,DOMICILIO,2024,octubre   ,4,10/4/2024,6,16:03,DENUNCIA,Nivel 3
DELITOS SEXUALES,ACCESO CARNAL VIOLENTO. ART. 205 C.P.,CALI,La Fortaleza,11,-76.51373,3.425744,SIN INFORMACION,2024,octubre   ,4,10/4/2024,6,16:30,DENUNCIA,Nivel 3
DELITOS SEXUALES,ACCESO CARNAL O ACTO SEXUAL ABUSIVOS CON INCAPAZ DE RESISTIR. ART. 210 C.P.,CALI,San Nicolás,03,-76.524222,3.451462,DOMICILIO,2024,octubre   ,5,10/5/2024,7,17:07,DENUNCIA,Nivel 3
DELITOS SEXUALES,DEMANDA DE EXPLOT.SEX. COMERC. MENOR DE 18 AÑOS Adic. Art 217A C.P. Ley 1329 de 2009,CALI,Villa del Prado - El Guabito,05,-76.488067,3.467698,DOMICILIO,2024,octubre   ,5,10/5/2024,7,22:00,DENUNCIA,Nivel 3
DELITOS SEXUALES,ACTO SEXUAL VIOLENTO. ART. 206 C.P.,CALI,Sector Altos de Santa Isabel,19,-76.551843,3.431496,DOMICILIO,2024,octubre   ,5,10/5/2024,7,23:00,DENUNCIA,Nivel 3
DELITOS SEXUALES,ACCESO CARNAL O ACTO SEXUAL ABUSIVOS CON INCAPAZ DE RESISTIR. ART. 210 C.P.,CALI,3 de Julio,19,-76.540299,3.435519,ESTABLECIMIENTO DE SALUD,2024,octubre   ,5,10/5/2024,7,20:00,DENUNCIA,Nivel 3
DELITOS SEXUALES,ACCESO CARNAL ABUSIVO CON MENOR DE CATORCE AÑOS. ART. 208 C.P.,CALI,Rural,Rural,-76.536059,3.489976,SIN INFORMACION,2024,octubre   ,5,10/5/2024,7,13:18,DENUNCIA,Nivel 3
DELITOS SEXUALES,ACCESO CARNAL VIOLENTO. ART. 205 C.P.,CALI,Manuela Beltrán,14,-76.474177,3.415962,DOMICILIO,2024,octubre   ,5,10/5/2024,7,23:00,DENUNCIA,Nivel 3
DELITOS SEXUALES,ACCESO CARNAL ABUSIVO CON MENOR DE CATORCE AÑOS. ART. 208 C.P.,CALI,El Jordán,18,-76.549429,3.37331,DOMICILIO,2024,octubre   ,6,10/6/2024,1,08:00,DENUNCIA,Nivel 3
DELITOS SEXUALES,ACTO SEXUAL VIOLENTO. ART. 206 C.P.,CALI,El Poblado II,13,-76.493902,3.416896,VEHICULO DE UBER,2024,octubre   ,6,10/6/2024,1,20:26,DENUNCIA,Nivel 3
DELITOS SEXUALES,DEMANDA DE EXPLOT.SEX. COMERC. MENOR DE 18 AÑOS Adic. Art 217A C.P. Ley 1329 de 2009,CALI,Desepaz Invicali,21,-76.462364,3.426697,EDIFICIO,2024,octubre   ,6,10/6/2024,1,21:00,DENUNCIA,Nivel 3
DELITOS SEXUALES,ACCESO CARNAL VIOLENTO. ART. 205 C.P.,CALI,Ciudad Córdoba,15,-76.505661,3.402737,DOMICILIO,2024,octubre   ,6,10/6/2024,1,12:30,DENUNCIA,Nivel 3
DELITOS SEXUALES,ACOSO SEXUAL ART. 210A C.P.  ADICIONADO LEY 1257 DE 2008,CALI,Compartir,21,-76.467823,3.431358,VIA PUBLICA,2024,octubre   ,6,10/6/2024,1,17:00,DENUNCIA,Nivel 3
DELITOS SEXUALES,ACCESO CARNAL VIOLENTO. ART. 205 C.P.,CALI,Rural,Rural,-76.492081,3.407539,DOMICILIO,2024,octubre   ,6,10/6/2024,1,04:45,DENUNCIA,Nivel 3
DELITOS SEXUALES,ACOSO SEXUAL ART. 210A C.P.  ADICIONADO LEY 1257 DE 2008,CALI,Sector Alto de los Chorros,18,-76.5579,3.3944,DOMICILIO,2024,octubre   ,7,10/7/2024,2,13:44,DENUNCIA,Nivel 3
DELITOS SEXUALES,ACOSO SEXUAL ART. 210A C.P.  ADICIONADO LEY 1257 DE 2008,CALI,El Poblado II,13,-76.489971,3.420067,ESTABLECIMIENTO EDUCATIVO,2024,octubre   ,7,10/7/2024,2,13:00,DENUNCIA,Nivel 3
DELITOS SEXUALES,ACOSO SEXUAL ART. 210A C.P.  ADICIONADO LEY 1257 DE 2008,CALI,Santa Mónica,02,-76.530848,3.472835,SIN INFORMACION,2024,octubre   ,7,10/7/2024,2,10:50,DENUNCIA,Nivel 3
DELITOS SEXUALES,ACTO SEXUAL VIOLENTO CON MENOR DE CATORCE AÑOS ART. 209 C.P. ,CALI,Los Naranjos II,14,-76.479046,3.433074,DOMICILIO,2024,octubre   ,7,10/7/2024,2,15:30,DENUNCIA,Nivel 3
DELITOS SEXUALES,ACTO SEXUAL VIOLENTO. ART. 206 C.P.,CALI,Venezuela - Urbanización Cañaveralejo,20,-76.562287,3.413574,SIN INFORMACION,2024,octubre   ,7,10/7/2024,2,15:22,DENUNCIA,Nivel 3
DELITOS SEXUALES,ACCESO CARNAL O ACTO SEXUAL ABUSIVOS CON INCAPAZ DE RESISTIR. ART. 210 C.P.,CALI,Primitivo Crespo,08,-76.518385,3.437069,HOTEL / HOSTAL,2024,octubre   ,7,10/7/2024,2,17:29,DENUNCIA,Nivel 3
DELITOS SEXUALES,DEMANDA DE EXPLOT.SEX. COMERC. MENOR DE 18 AÑOS Adic. Art 217A C.P. Ley 1329 de 2009,CALI,San Pedro,03,-76.533131,3.449924,ENTIDAD PUBLICA / ESTATAL,2024,octubre   ,8,10/8/2024,3,19:00,DENUNCIA,Nivel 3
DELITOS SEXUALES,ACCESO CARNAL VIOLENTO. ART. 205 C.P.,CALI,Unión de Vivienda Popular,16,-76.51096,3.410448,DOMICILIO,2024,octubre   ,8,10/8/2024,3,05:00,DENUNCIA,Nivel 3
DELITOS SEXUALES,ACTO SEXUAL VIOLENTO. ART. 206 C.P.,CALI,Buenos Aires,18,-76.548831,3.391703,OTRO,2024,octubre   ,8,10/8/2024,3,19:30,DENUNCIA,Nivel 3
DELITOS SEXUALES,ACCESO CARNAL ABUSIVO CON MENOR DE CATORCE AÑOS. ART. 208 C.P.,CALI,Rural,Rural,-76.544384,3.489293,AREA RURAL,2024,octubre   ,8,10/8/2024,3,08:19,DENUNCIA,Nivel 3
DELITOS SEXUALES,PORNOGRAFIA CON MENORES ART. 218 C.P.,CALI,Chiminangos I,05,-76.491559,3.477556,DOMICILIO,2024,octubre   ,8,10/8/2024,3,14:14,DENUNCIA,Nivel 3
DELITOS SEXUALES,ACCESO CARNAL O ACTO SEXUAL EN PERSONA PUESTA EN INCAPACIDAD DE RESISTIR. ART. 207 C.P.,CALI,República de Israel,16,-76.509644,3.405355,OTRO,2024,octubre   ,8,10/8/2024,3,09:15,DENUNCIA,Nivel 3
DELITOS SEXUALES,ACTO SEXUAL VIOLENTO CON MENOR DE CATORCE AÑOS ART. 209 C.P. ,CALI,Rural,Rural,-76.579882,3.504943,DOMICILIO,2024,octubre   ,8,10/8/2024,3,08:19,DENUNCIA,Nivel 3
DELITOS SEXUALES,ACTO SEXUAL VIOLENTO. ART. 206 C.P.,CALI,Unión de Vivienda Popular,16,-76.505966,3.408086,DOMICILIO,2024,octubre   ,8,10/8/2024,3,11:00,DENUNCIA,Nivel 3
DELITOS SEXUALES,ACTO SEXUAL VIOLENTO. ART. 206 C.P.,CALI,Metropolitano del Norte,05,-76.493473,3.481642,DOMICILIO,2024,octubre   ,9,10/9/2024,4,10:24,DENUNCIA,Nivel 3
DELITOS SEXUALES,ACCESO CARNAL VIOLENTO. ART. 205 C.P.,CALI,Caney,17,-76.515478,3.388273,DOMICILIO,2024,octubre   ,9,10/9/2024,4,15:00,DENUNCIA,Nivel 3
DELITOS SEXUALES,ACTOS SEXUALES CON MENOR DE CATORCE AÑOS. ART. 209 C.P.,CALI,San Pedro Claver,11,-76.505674,3.424611,DOMICILIO,2024,octubre   ,9,10/9/2024,4,15:00,DENUNCIA,Nivel 3
DELITOS SEXUALES,ACCESO CARNAL VIOLENTO. ART. 205 C.P.,CALI,Los Sauces,11,-76.514694,3.419384,DOMICILIO,2024,octubre   ,9,10/9/2024,4,22:00,DENUNCIA,Nivel 3
DELITOS SEXUALES,ACTOS SEXUALES CON MENOR DE CATORCE AÑOS. ART. 209 C.P.,CALI,Valle Grande,21,-76.471909,3.436096,ESTABLECIMIENTO EDUCATIVO,2024,octubre   ,10,10/10/2024,5,08:55,DENUNCIA,Nivel 3
DELITOS SEXUALES,ACOSO SEXUAL ART. 210A C.P.  ADICIONADO LEY 1257 DE 2008,CALI,El Retiro,15,-76.498929,3.407856,DOMICILIO,2024,octubre   ,10,10/10/2024,5,18:00,DENUNCIA,Nivel 3
DELITOS SEXUALES,ACCESO CARNAL ABUSIVO CON MENOR DE CATORCE AÑOS. ART. 208 C.P.,CALI,Terrón Colorado,01,-76.569977,3.456328,DOMICILIO,2024,octubre   ,10,10/10/2024,5,08:36,DENUNCIA,Nivel 3
DELITOS SEXUALES,ACOSO SEXUAL ART. 210A C.P.  ADICIONADO LEY 1257 DE 2008,CALI,Parcelaciones Pance,22,-76.529632,3.355598,LUGAR DE TRABAJO,2024,octubre   ,10,10/10/2024,5,14:00,DENUNCIA,Nivel 3
DELITOS SEXUALES,ACTOS SEXUALES CON MENOR DE CATORCE AÑOS. ART. 209 C.P.,CALI,San Nicolás,03,-76.518781,3.452981,SIN INFORMACION,2024,octubre   ,10,10/10/2024,5,20:00,DENUNCIA,Nivel 3
DELITOS SEXUALES,ACCESO CARNAL ABUSIVO CON MENOR DE CATORCE AÑOS. ART. 208 C.P.,CALI,Alto Nápoles,18,-76.553079,3.385317,DOMICILIO,2024,octubre   ,10,10/10/2024,5,11:06,DENUNCIA,Nivel 3
DELITOS SEXUALES,ACTOS SEXUALES CON MENOR DE CATORCE AÑOS. ART. 209 C.P.,CALI,Chapinero,08,-76.504781,3.445347,DOMICILIO,2024,octubre   ,10,10/10/2024,5,12:22,DENUNCIA,Nivel 3
DELITOS SEXUALES,PORNOGRAFIA CON MENORES ART. 218 C.P.,CALI,La Selva,10,-76.528811,3.412459,DOMICILIO,2024,octubre   ,11,10/11/2024,6,09:50,DENUNCIA,Nivel 3
DELITOS SEXUALES,ACTO SEXUAL VIOLENTO CON MENOR DE CATORCE AÑOS ART. 209 C.P. ,CALI,El Morichal,15,-76.509233,3.393974,DOMICILIO,2024,octubre   ,11,10/11/2024,6,10:35,DENUNCIA,Nivel 3
DELITOS SEXUALES,ACTO SEXUAL VIOLENTO CON MENOR DE CATORCE AÑOS ART. 209 C.P. ,CALI,Altos de Menga,02,-76.534379,3.488069,DOMICILIO,2024,octubre   ,11,10/11/2024,6,11:30,DENUNCIA,Nivel 3
DELITOS SEXUALES,ACTOS SEXUALES CON MENOR DE CATORCE AÑOS. ART. 209 C.P.,CALI,Las Orquídeas,14,-76.474592,3.412478,DOMICILIO,2024,octubre   ,12,10/12/2024,7,00:15,DENUNCIA,Nivel 3
DELITOS SEXUALES,ACCESO CARNAL VIOLENTO. ART. 205 C.P.,CALI,Ciudadela Floralia,06,-76.494198,3.490982,SIN INFORMACION,2024,octubre   ,12,10/12/2024,7,10:03,DENUNCIA,Nivel 3
DELITOS SEXUALES,ACCESO CARNAL VIOLENTO. ART. 205 C.P.,CALI,Mayapan - Las Vegas,17,-76.543778,3.382895,ENTIDAD PUBLICA / ESTATAL,2024,octubre   ,12,10/12/2024,7,05:30,DENUNCIA,Nivel 3
DELITOS SEXUALES,ACTO SEXUAL VIOLENTO. ART. 206 C.P.,CALI,El Gran Limonar,17,-76.544461,3.397372,DOMICILIO,2024,octubre   ,12,10/12/2024,7,02:30,DENUNCIA,Nivel 3
DELITOS SEXUALES,ACCESO CARNAL VIOLENTO. ART. 205 C.P.,CALI,La Libertad,10,-76.524455,3.422588,DOMICILIO,2024,octubre   ,12,10/12/2024,7,06:18,DENUNCIA,Nivel 3
DELITOS SEXUALES,ACCESO CARNAL O ACTO SEXUAL ABUSIVOS CON INCAPAZ DE RESISTIR. ART. 210 C.P.,CALI,Rural,Rural,-76.570439,3.456964,VIA PUBLICA,2024,octubre   ,12,10/12/2024,7,22:00,DENUNCIA,Nivel 3
DELITOS SEXUALES,ACCESO CARNAL ABUSIVO CON MENOR DE CATORCE AÑOS. ART. 208 C.P.,CALI,Mojica,15,-76.485558,3.41566,DOMICILIO,2024,octubre   ,13,10/13/2024,1,00:00,DENUNCIA,Nivel 3
DELITOS SEXUALES,PORNOGRAFIA CON MENORES ART. 218 C.P.,CALI,Villa Colombia,08,-76.50131,3.449284,DOMICILIO,2024,octubre   ,13,10/13/2024,1,22:00,DENUNCIA,Nivel 3
DELITOS SEXUALES,ACCESO CARNAL O ACTO SEXUAL EN PERSONA PUESTA EN INCAPACIDAD DE RESISTIR. ART. 207 C.P.,CALI,Alfonso Lopez P. 3a Etapa,07,-76.479332,3.456655,VEHICULO MOTO,2024,octubre   ,13,10/13/2024,1,22:00,DENUNCIA,Nivel 3
DELITOS SEXUALES,ACCESO CARNAL ABUSIVO CON MENOR DE CATORCE AÑOS. ART. 208 C.P.,CALI,Normandia,02,-76.547628,3.45496,DOMICILIO,2024,octubre   ,13,10/13/2024,1,00:00,DENUNCIA,Nivel 3
DELITOS SEXUALES,ACTOS SEXUALES CON MENOR DE CATORCE AÑOS. ART. 209 C.P.,CALI,Aguacatal,01,-76.550744,3.459367,DOMICILIO,2024,octubre   ,13,10/13/2024,1,14:00,DENUNCIA,Nivel 3
DELITOS SEXUALES,ACTOS SEXUALES CON MENOR DE CATORCE AÑOS. ART. 209 C.P.,CALI,Rural,Rural,-76.552467,3.474217,DOMICILIO,2024,octubre   ,14,10/14/2024,2,10:23,DENUNCIA,Nivel 3
DELITOS SEXUALES,ACCESO CARNAL VIOLENTO. ART. 205 C.P.,CALI,Desepaz Invicali,21,-76.462129,3.426004,DOMICILIO,2024,octubre   ,14,10/14/2024,2,16:49,DENUNCIA,Nivel 3
DELITOS SEXUALES,ACCESO CARNAL ABUSIVO CON MENOR DE CATORCE AÑOS. ART. 208 C.P.,CALI,José Manuel Marroquín II,14,-76.479349,3.429677,DOMICILIO,2024,octubre   ,14,10/14/2024,2,17:00,DENUNCIA,Nivel 3
DELITOS SEXUALES,ACCESO CARNAL ABUSIVO CON MENOR DE CATORCE AÑOS. ART. 208 C.P.,CALI,Sucre,09,-76.527594,3.448177,DOMICILIO,2024,octubre   ,14,10/14/2024,2,14:30,DENUNCIA,Nivel 3
DELITOS SEXUALES,ACCESO CARNAL VIOLENTO. ART. 205 C.P.,CALI,Manuela Beltrán,14,-76.470487,3.422857,DOMICILIO,2024,octubre   ,14,10/14/2024,2,21:30,DENUNCIA,Nivel 3
DELITOS SEXUALES,ACTO SEXUAL VIOLENTO CON MENOR DE CATORCE AÑOS ART. 209 C.P. ,CALI,Prados del Sur,18,-76.555635,3.386243,DOMICILIO,2024,octubre   ,14,10/14/2024,2,09:27,DENUNCIA,Nivel 3
DELITOS SEXUALES,ACTOS SEXUALES CON MENOR DE CATORCE AÑOS. ART. 209 C.P.,CALI,El Poblado II,13,-76.492746,3.419158,DOMICILIO,2024,octubre   ,14,10/14/2024,2,09:22,DENUNCIA,Nivel 3
DELITOS SEXUALES,ACCESO CARNAL VIOLENTO. ART. 205 C.P.,CALI,Calimio Desepaz,21,-76.467206,3.41598,VIA PUBLICA,2024,octubre   ,14,10/14/2024,2,19:00,DENUNCIA,Nivel 3
DELITOS SEXUALES,ACCESO CARNAL ABUSIVO CON MENOR DE CATORCE AÑOS. ART. 208 C.P.,CALI,La Rivera I,06,-76.486223,3.473759,DOMICILIO,2024,octubre   ,15,10/15/2024,3,17:05,DENUNCIA,Nivel 3
DELITOS SEXUALES,ACCESO CARNAL ABUSIVO CON MENOR DE CATORCE AÑOS. ART. 208 C.P.,CALI,El Retiro,15,-76.497359,3.411596,CERCA AL DOMICILIO,2024,octubre   ,15,10/15/2024,3,00:00,DENUNCIA,Nivel 3
DELITOS SEXUALES,ACCESO CARNAL VIOLENTO. ART. 205 C.P.,CALI,San Marino,07,-76.488607,3.459379,DOMICILIO,2024,octubre   ,15,10/15/2024,3,03:00,DENUNCIA,Nivel 3
DELITOS SEXUALES,ACCESO CARNAL ABUSIVO CON MENOR DE CATORCE AÑOS. ART. 208 C.P.,CALI,El Poblado II,13,-76.488408,3.422164,DOMICILIO,2024,octubre   ,15,10/15/2024,3,00:00,DENUNCIA,Nivel 3
DELITOS SEXUALES,ACCESO CARNAL ABUSIVO CON MENOR DE CATORCE AÑOS. ART. 208 C.P.,CALI,Prados de Oriente,11,-76.5136,3.431741,DOMICILIO,2024,octubre   ,15,10/15/2024,3,11:00,DENUNCIA,Nivel 3
DELITOS SEXUALES,ACTO SEXUAL VIOLENTO CON MENOR DE CATORCE AÑOS ART. 209 C.P. ,CALI,Sector Alto de los Chorros,18,-76.559423,3.390841,DOMICILIO,2024,octubre   ,15,10/15/2024,3,07:00,DENUNCIA,Nivel 3
DELITOS SEXUALES,ACOSO SEXUAL ART. 210A C.P.  ADICIONADO LEY 1257 DE 2008,CALI,Rural,Rural,-76.538812,3.478321,ESTABLECIMIENTO EDUCATIVO,2024,octubre   ,15,10/15/2024,3,11:00,DENUNCIA,Nivel 3
DELITOS SEXUALES,ACTO SEXUAL VIOLENTO CON MENOR DE CATORCE AÑOS ART. 209 C.P. ,CALI,Guayaquil,09,-76.52949,3.441391,ESTABLECIMIENTO EDUCATIVO,2024,octubre   ,16,10/16/2024,4,10:58,DENUNCIA,Nivel 3
DELITOS SEXUALES,ACCESO CARNAL ABUSIVO CON MENOR DE CATORCE AÑOS. ART. 208 C.P.,CALI,Alirio Mora Beltrán,14,-76.479393,3.43648,DOMICILIO,2024,octubre   ,16,10/16/2024,4,00:00,DENUNCIA,Nivel 3
DELITOS SEXUALES,ACTOS SEXUALES CON MENOR DE CATORCE AÑOS. ART. 209 C.P.,CALI,San Nicolás,03,-76.518781,3.452981,SIN INFORMACION,2024,octubre   ,16,10/16/2024,4,14:16,DENUNCIA,Nivel 3
DELITOS SEXUALES,ACTO SEXUAL VIOLENTO. ART. 206 C.P.,CALI,San Judas Tadeo I,10,-76.52276,3.41149,DOMICILIO,2024,octubre   ,16,10/16/2024,4,16:35,DENUNCIA,Nivel 3
DELITOS SEXUALES,ACTO SEXUAL VIOLENTO CON MENOR DE CATORCE AÑOS ART. 209 C.P. ,CALI,Normandia,02,-76.543345,3.454161,DOMICILIO,2024,octubre   ,16,10/16/2024,4,20:58,DENUNCIA,Nivel 3
DELITOS SEXUALES,PORNOGRAFIA CON MENORES ART. 218 C.P.,CALI,Primitivo Crespo,08,-76.515974,3.436544,DOMICILIO,2024,octubre   ,16,10/16/2024,4,19:00,DENUNCIA,Nivel 3
DELITOS SEXUALES,ACCESO CARNAL ABUSIVO CON MENOR DE CATORCE AÑOS. ART. 208 C.P.,CALI,El Jardín,11,-76.518001,3.428158,DOMICILIO,2024,octubre   ,17,10/17/2024,5,21:00,DENUNCIA,Nivel 3
DELITOS SEXUALES,ACTOS SEXUALES CON MENOR DE CATORCE AÑOS. ART. 209 C.P.,CALI,Rodrigo Lara Bonilla,13,-76.488009,3.42633,ESTABLECIMIENTO DE SALUD,2024,octubre   ,17,10/17/2024,5,10:58,DENUNCIA,Nivel 3
DELITOS SEXUALES,PORNOGRAFIA CON MENORES ART. 218 C.P.,CALI,Champagnat,19,-76.535723,3.423703,RED VIRTUAL O INTERNET,2024,octubre   ,17,10/17/2024,5,19:21,DENUNCIA,Nivel 3
DELITOS SEXUALES,ACCESO CARNAL VIOLENTO. ART. 205 C.P.,CALI,Francisco Eladio Ramírez,18,-76.55035,3.38828,DOMICILIO,2024,octubre   ,17,10/17/2024,5,11:00,DENUNCIA,Nivel 3
DELITOS SEXUALES,ACTO SEXUAL VIOLENTO. ART. 206 C.P.,CALI,Rural,Rural,-76.574475,3.400056,VIA PUBLICA,2024,octubre   ,17,10/17/2024,5,22:00,DENUNCIA,Nivel 3
DELITOS SEXUALES,ACCESO CARNAL VIOLENTO. ART. 205 C.P.,CALI,San Pedro,03,-76.533131,3.449924,DOMICILIO,2024,octubre   ,17,10/17/2024,5,15:39,DENUNCIA,Nivel 3
DELITOS SEXUALES,ACCESO CARNAL VIOLENTO. ART. 205 C.P.,CALI,Ciudad Talanga,21,-76.46803,3.43534,DOMICILIO,2024,octubre   ,17,10/17/2024,5,07:16,DENUNCIA,Nivel 3
DELITOS SEXUALES,ACCESO CARNAL ABUSIVO CON MENOR DE CATORCE AÑOS. ART. 208 C.P.,CALI,Pizamos I,21,-76.474451,3.402537,DOMICILIO,2024,octubre   ,18,10/18/2024,6,19:00,DENUNCIA,Nivel 3
DELITOS SEXUALES,ACTO SEXUAL VIOLENTO. ART. 206 C.P.,CALI,Pizamos I,21,-76.475416,3.403086,DOMICILIO,2024,octubre   ,18,10/18/2024,6,13:22,DENUNCIA,Nivel 3
DELITOS SEXUALES,ACTOS SEXUALES CON MENOR DE CATORCE AÑOS. ART. 209 C.P.,CALI,Alameda,09,-76.536669,3.437145,ESTABLECIMIENTO DE COMERCIO,2024,octubre   ,18,10/18/2024,6,19:00,DENUNCIA,Nivel 3
DELITOS SEXUALES,ACCESO CARNAL O ACTO SEXUAL EN PERSONA PUESTA EN INCAPACIDAD DE RESISTIR ART. 207,CALI,Santa Elena,10,-76.525721,3.426773,CERCA AL DOMICILIO,2024,octubre   ,18,10/18/2024,6,10:00,DENUNCIA,Nivel 3
DELITOS SEXUALES,ACCESO CARNAL O ACTO SEXUAL ABUSIVOS CON INCAPAZ DE RESISTIR. ART. 210 C.P.,CALI,Ciudadela Floralia,06,-76.489818,3.494809,DOMICILIO,2024,octubre   ,18,10/18/2024,6,04:30,DENUNCIA,Nivel 3
DELITOS SEXUALES,ACCESO CARNAL VIOLENTO. ART. 205 C.P.,CALI,San Vicente,02,-76.526897,3.464917,HOTEL / HOSTAL,2024,octubre   ,19,10/19/2024,7,19:27,DENUNCIA,Nivel 3
DELITOS SEXUALES,ACCESO CARNAL VIOLENTO. ART. 205 C.P.,CALI,Rodrigo Lara Bonilla,13,-76.48891,3.424964,HOTEL / HOSTAL,2024,octubre   ,19,10/19/2024,7,21:34,DENUNCIA,Nivel 3
DELITOS SEXUALES,DEMANDA DE EXPLOT.SEX. COMERC. MENOR DE 18 AÑOS Adic. Art 217A C.P. Ley 1329 de 2009,CALI,El Troncal,08,-76.503001,3.446631,DOMICILIO,2024,octubre   ,19,10/19/2024,7,19:00,DENUNCIA,Nivel 3
DELITOS SEXUALES,PORNOGRAFIA CON MENORES ART. 218 C.P.,CALI,República de Israel,16,-76.51272,3.407583,SIN INFORMACION,2024,octubre   ,19,10/19/2024,7,02:00,DENUNCIA,Nivel 3
DELITOS SEXUALES,ACCESO CARNAL VIOLENTO. ART. 205 C.P.,CALI,Pueblo Joven,20,-76.566065,3.415881,DOMICILIO,2024,octubre   ,19,10/19/2024,7,16:30,DENUNCIA,Nivel 3
DELITOS SEXUALES,ACTOS SEXUALES CON MENOR DE CATORCE AÑOS. ART. 209 C.P.,CALI,Potrero Grande,21,-76.468174,3.406112,VIA PUBLICA,2024,octubre   ,20,10/20/2024,1,20:30,DENUNCIA,Nivel 3
DELITOS SEXUALES,ACCESO CARNAL VIOLENTO. ART. 205 C.P.,CALI,Unión de Vivienda Popular,16,-76.510169,3.412231,SIN INFORMACION,2024,octubre   ,20,10/20/2024,1,19:18,DENUNCIA,Nivel 3
DELITOS SEXUALES,ACCESO CARNAL O ACTO SEXUAL EN PERSONA PUESTA EN INCAPACIDAD DE RESISTIR. ART. 207 C.P.,CALI,Alfonso Lopez P. 2a Etapa,07,-76.480578,3.462131,CAMPO ABIERTO,2024,octubre   ,20,10/20/2024,1,16:49,DENUNCIA,Nivel 3
DELITOS SEXUALES,ACTO SEXUAL VIOLENTO CON MENOR DE CATORCE AÑOS ART. 209 C.P. ,CALI,Potrero Grande,21,-76.469473,3.405294,DOMICILIO,2024,octubre   ,21,10/21/2024,2,15:31,DENUNCIA,Nivel 3
DELITOS SEXUALES,ACCESO CARNAL ABUSIVO CON MENOR DE CATORCE AÑOS. ART. 208 C.P.,CALI,San Pedro,03,-76.533131,3.449924,DOMICILIO,2024,octubre   ,21,10/21/2024,2,13:58,DENUNCIA,Nivel 3
DELITOS SEXUALES,ACCESO CARNAL ABUSIVO CON MENOR DE CATORCE AÑOS. ART. 208 C.P.,CALI,Villablanca,13,-76.494143,3.430155,DOMICILIO,2024,octubre   ,21,10/21/2024,2,15:11,DENUNCIA,Nivel 3
DELITOS SEXUALES,ACTO SEXUAL VIOLENTO CON MENOR DE CATORCE AÑOS ART. 209 C.P. ,CALI,San Pedro,03,-76.533131,3.449924,DOMICILIO,2024,octubre   ,21,10/21/2024,2,11:53,DENUNCIA,Nivel 3
DELITOS SEXUALES,ACTO SEXUAL VIOLENTO CON MENOR DE CATORCE AÑOS ART. 209 C.P. ,CALI,Calipso,13,-76.499869,3.426978,VIA PUBLICA,2024,octubre   ,21,10/21/2024,2,12:00,DENUNCIA,Nivel 3
DELITOS SEXUALES,ACOSO SEXUAL ART. 210A C.P.  ADICIONADO LEY 1257 DE 2008,CALI,Sector Alto Jordán,18,-76.554651,3.373202,SIN INFORMACION,2024,octubre   ,21,10/21/2024,2,22:00,DENUNCIA,Nivel 3
DELITOS SEXUALES,ACCESO CARNAL VIOLENTO. ART. 205 C.P.,CALI,Rural,Rural,-76.551935,3.487746,DOMICILIO,2024,octubre   ,21,10/21/2024,2,08:00,DENUNCIA,Nivel 3
DELITOS SEXUALES,ACTO SEXUAL VIOLENTO CON MENOR DE CATORCE AÑOS ART. 209 C.P. ,CALI,San Cayetano,03,-76.538956,3.444301,VIA PUBLICA,2024,octubre   ,22,10/22/2024,3,08:10,DENUNCIA,Nivel 3
DELITOS SEXUALES,PORNOGRAFIA CON MENORES ART. 218 C.P.,CALI,Santa Fé,08,-76.503331,3.442602,DOMICILIO,2024,octubre   ,22,10/22/2024,3,08:34,DENUNCIA,Nivel 3
DELITOS SEXUALES,ACCESO CARNAL ABUSIVO CON MENOR DE CATORCE AÑOS. ART. 208 C.P.,CALI,Alfonso Bonilla Aragón,14,-76.483618,3.420125,DOMICILIO,2024,octubre   ,22,10/22/2024,3,14:00,DENUNCIA,Nivel 3
DELITOS SEXUALES,ACTO SEXUAL VIOLENTO CON MENOR DE CATORCE AÑOS ART. 209 C.P. ,CALI,San Pedro,03,-76.533131,3.449924,DOMICILIO,2024,octubre   ,22,10/22/2024,3,10:31,DENUNCIA,Nivel 3
DELITOS SEXUALES,ACCESO CARNAL VIOLENTO. ART. 205 C.P.,CALI,San Pedro,03,-76.533131,3.449924,ENTIDAD PUBLICA / ESTATAL,2024,octubre   ,23,10/23/2024,4,11:00,DENUNCIA,Nivel 3
DELITOS SEXUALES,ACCESO CARNAL VIOLENTO. ART. 205 C.P.,CALI,Rural,Rural,-76.47905,3.31472,SIN INFORMACION,2024,octubre   ,23,10/23/2024,4,14:37,DENUNCIA,Nivel 3
DELITOS SEXUALES,DEMANDA DE EXPLOT.SEX. COMERC. MENOR DE 18 AÑOS Adic. Art 217A C.P. Ley 1329 de 2009,CALI,La Fortaleza,11,-76.513563,3.426628,SIN INFORMACION,2024,octubre   ,24,10/24/2024,5,17:15,DENUNCIA,Nivel 3
DELITOS SEXUALES,ACTOS SEXUALES CON MENOR DE CATORCE AÑOS. ART. 209 C.P.,CALI,Las Ceibas,07,-76.487804,3.456985,DOMICILIO,2024,octubre   ,24,10/24/2024,5,18:00,DENUNCIA,Nivel 3
DELITOS SEXUALES,ACTOS SEXUALES CON MENOR DE CATORCE AÑOS. ART. 209 C.P.,CALI,El Limonar,17,-76.52966,3.402622,DOMICILIO,2024,octubre   ,24,10/24/2024,5,16:15,DENUNCIA,Nivel 3
DELITOS SEXUALES,ACCESO CARNAL O ACTO SEXUAL EN PERSONA PUESTA EN INCAPACIDAD DE RESISTIR. ART. 207 C.P.,CALI,La Flora,02,-76.523013,3.48445,DOMICILIO,2024,octubre   ,24,10/24/2024,5,20:45,DENUNCIA,Nivel 3
DELITOS SEXUALES,ACTOS SEXUALES CON MENOR DE CATORCE AÑOS. ART. 209 C.P.,CALI,Los Naranjos II,14,-76.476751,3.433177,ESTABLECIMIENTO EDUCATIVO,2024,octubre   ,24,10/24/2024,5,17:34,DENUNCIA,Nivel 3
DELITOS SEXUALES,ACTO SEXUAL VIOLENTO. ART. 206 C.P.,CALI,Rural,Rural,-76.547546,3.487089,DOMICILIO,2024,octubre   ,25,10/25/2024,6,15:51,DENUNCIA,Nivel 3
DELITOS SEXUALES,ACTO SEXUAL VIOLENTO CON MENOR DE CATORCE AÑOS ART. 209 C.P. ,CALI,José Manuel Marroquín I,14,-76.477079,3.417974,DOMICILIO,2024,octubre   ,25,10/25/2024,6,14:30,DENUNCIA,Nivel 3
DELITOS SEXUALES,ACTOS SEXUALES CON MENOR DE CATORCE AÑOS. ART. 209 C.P.,CALI,Brisas de Los Álamos,02,-76.506211,3.490641,DOMICILIO,2024,octubre   ,26,10/26/2024,7,02:00,DENUNCIA,Nivel 3
DELITOS SEXUALES,ACCESO CARNAL O ACTO SEXUAL EN PERSONA PUESTA EN INCAPACIDAD DE RESISTIR. ART. 207 C.P.,CALI,San Pedro,03,-76.533131,3.449924,ENTIDAD PUBLICA / ESTATAL,2024,octubre   ,26,10/26/2024,7,19:00,DENUNCIA,Nivel 3
DELITOS SEXUALES,ACTO SEXUAL VIOLENTO. ART. 206 C.P.,CALI,Alirio Mora Beltrán,14,-76.475385,3.436022,DOMICILIO,2024,octubre   ,26,10/26/2024,7,15:30,DENUNCIA,Nivel 3
DELITOS SEXUALES,ACOSO SEXUAL ART. 210A C.P.  ADICIONADO LEY 1257 DE 2008,CALI,Ciudad 2000,16,-76.518891,3.393306,DOMICILIO,2024,octubre   ,26,10/26/2024,7,21:30,DENUNCIA,Nivel 3
DELITOS SEXUALES,ACTOS SEXUALES CON MENOR DE CATORCE AÑOS. ART. 209 C.P.,CALI,Atanasio Girardot,08,-76.507143,3.442096,ENTIDAD PUBLICA / ESTATAL,2024,octubre   ,27,10/27/2024,1,15:20,DENUNCIA,Nivel 3
DELITOS SEXUALES,ACCESO CARNAL ABUSIVO CON MENOR DE CATORCE AÑOS. ART. 208 C.P.,CALI,Villanueva,12,-76.506356,3.428227,DOMICILIO,2024,octubre   ,27,10/27/2024,1,09:30,DENUNCIA,Nivel 3
DELITOS SEXUALES,ACCESO CARNAL ABUSIVO CON MENOR DE CATORCE AÑOS. ART. 208 C.P.,CALI,Los Lagos,13,-76.488082,3.431646,DOMICILIO,2024,octubre   ,27,10/27/2024,1,18:45,DENUNCIA,Nivel 3
DELITOS SEXUALES,ACTOS SEXUALES CON MENOR DE CATORCE AÑOS. ART. 209 C.P.,CALI,Santa Mónica Belalcázar,09,-76.519673,3.435784,DOMICILIO,2024,octubre   ,27,10/27/2024,1,05:00,DENUNCIA,Nivel 3
DELITOS SEXUALES,ACCESO CARNAL O ACTO SEXUAL EN PERSONA PUESTA EN INCAPACIDAD DE RESISTIR. ART. 207 C.P.,CALI,San Pedro,03,-76.533131,3.449924,ENTIDAD PUBLICA / ESTATAL,2024,octubre   ,27,10/27/2024,1,22:30,DENUNCIA,Nivel 3
DELITOS SEXUALES,ACTOS SEXUALES CON MENOR DE CATORCE AÑOS. ART. 209 C.P.,CALI,Brisas de Los Álamos,02,-76.50445,3.492665,SIN INFORMACION,2024,octubre   ,27,10/27/2024,1,21:30,DENUNCIA,Nivel 3
DELITOS SEXUALES,ACCESO CARNAL VIOLENTO. ART. 205 C.P.,CALI,Los Andes,05,-76.501323,3.468441,DOMICILIO,2024,octubre   ,27,10/27/2024,1,09:30,DENUNCIA,Nivel 3
DELITOS SEXUALES,ACTOS SEXUALES CON MENOR DE CATORCE AÑOS. ART. 209 C.P.,CALI,Los Robles,13,-76.49373,3.422221,DOMICILIO,2024,octubre   ,27,10/27/2024,1,20:01,DENUNCIA,Nivel 3
DELITOS SEXUALES,ACCESO CARNAL VIOLENTO. ART. 205 C.P.,CALI,Caney,17,-76.515743,3.379866,DOMICILIO,2024,octubre   ,28,10/28/2024,2,23:50,DENUNCIA,Nivel 3
DELITOS SEXUALES,ACCESO CARNAL O ACTO SEXUAL EN PERSONA PUESTA EN INCAPACIDAD DE RESISTIR. ART. 207 C.P.,CALI,San Antonio,03,-76.542044,3.448074,SIN INFORMACION,2024,octubre   ,28,10/28/2024,2,17:09,DENUNCIA,Nivel 3
DELITOS SEXUALES,ACTO SEXUAL VIOLENTO CON MENOR DE CATORCE AÑOS ART. 209 C.P. ,CALI,José Manuel Marroquín I,14,-76.477251,3.41862,DOMICILIO,2024,octubre   ,28,10/28/2024,2,10:27,DENUNCIA,Nivel 3
DELITOS SEXUALES,ACTO SEXUAL VIOLENTO CON MENOR DE CATORCE AÑOS ART. 209 C.P. ,CALI,Ciudadela Floralia,06,-76.492563,3.498519,DOMICILIO,2024,octubre   ,28,10/28/2024,2,14:30,DENUNCIA,Nivel 3
DELITOS SEXUALES,ACTO SEXUAL VIOLENTO CON MENOR DE CATORCE AÑOS ART. 209 C.P. ,CALI,Calipso,13,-76.498645,3.426263,DOMICILIO,2024,octubre   ,28,10/28/2024,2,14:20,DENUNCIA,Nivel 3
DELITOS SEXUALES,ACTO SEXUAL VIOLENTO CON MENOR DE CATORCE AÑOS ART. 209 C.P. ,CALI,Sector Meléndez,18,-76.547383,3.373488,DOMICILIO,2024,octubre   ,28,10/28/2024,2,17:18,DENUNCIA,Nivel 3
DELITOS SEXUALES,ACTOS SEXUALES CON MENOR DE CATORCE AÑOS. ART. 209 C.P.,CALI,Mariano Ramos,16,-76.516187,3.403528,VIA PUBLICA,2024,octubre   ,28,10/28/2024,2,16:40,DENUNCIA,Nivel 3
DELITOS SEXUALES,ACCESO CARNAL VIOLENTO. ART. 205 C.P.,CALI,Villa del Sur,11,-76.51769,3.412069,DOMICILIO,2024,octubre   ,28,10/28/2024,2,11:19,DENUNCIA,Nivel 3
DELITOS SEXUALES,ACTO SEXUAL VIOLENTO. ART. 206 C.P.,CALI,El Ingenio,17,-76.534402,3.383744,DOMICILIO,2024,octubre   ,28,10/28/2024,2,20:37,DENUNCIA,Nivel 3
DELITOS SEXUALES,ACOSO SEXUAL ART. 210A C.P.  ADICIONADO LEY 1257 DE 2008,CALI,San Nicolás,03,-76.518781,3.452981,SIN INFORMACION,2024,octubre   ,29,10/29/2024,3,01:00,DENUNCIA,Nivel 3
DELITOS SEXUALES,ACTO SEXUAL VIOLENTO. ART. 206 C.P.,CALI,La Cascada,19,-76.553924,3.400137,DOMICILIO,2024,octubre   ,29,10/29/2024,3,10:44,DENUNCIA,Nivel 3
DELITOS SEXUALES,ACTO SEXUAL VIOLENTO. ART. 206 C.P.,CALI,El Vallado,15,-76.499788,3.408098,DOMICILIO,2024,octubre   ,29,10/29/2024,3,07:55,DENUNCIA,Nivel 3
DELITOS SEXUALES,PROXENETISMO CON MENOR DE EDAD ART. 213A C.P.,CALI,Calima,04,-76.500592,3.487094,EDIFICIO,2024,octubre   ,29,10/29/2024,3,00:00,DENUNCIA,Nivel 3
DELITOS SEXUALES,ACTOS SEXUALES CON MENOR DE CATORCE AÑOS. ART. 209 C.P.,CALI,Pizamos I,21,-76.475993,3.401528,DOMICILIO,2024,octubre   ,29,10/29/2024,3,08:50,DENUNCIA,Nivel 3
DELITOS SEXUALES,ACCESO CARNAL ABUSIVO CON MENOR DE CATORCE AÑOS. ART. 208 C.P.,CALI,San Pedro,03,-76.533131,3.449924,DOMICILIO,2024,octubre   ,30,10/30/2024,4,14:57,DENUNCIA,Nivel 3
DELITOS SEXUALES,ACCESO CARNAL ABUSIVO CON MENOR DE CATORCE AÑOS. ART. 208 C.P.,CALI,Urbanización La Nueva Base,08,-76.491035,3.447926,DOMICILIO,2024,octubre   ,30,10/30/2024,4,18:00,DENUNCIA,Nivel 3
DELITOS SEXUALES,PORNOGRAFIA CON MENORES ART. 218 C.P.,CALI,Pampa Linda,19,-76.555197,3.406455,DOMICILIO,2024,octubre   ,30,10/30/2024,4,01:29,DENUNCIA,Nivel 3
DELITOS SEXUALES,ACOSO SEXUAL ART. 210A C.P.  ADICIONADO LEY 1257 DE 2008,CALI,Guayaquil,09,-76.527998,3.43877,SIN INFORMACION,2024,octubre   ,30,10/30/2024,4,00:00,DENUNCIA,Nivel 3
DELITOS SEXUALES,ACTOS SEXUALES CON MENOR DE CATORCE AÑOS. ART. 209 C.P.,CALI,Ciudad Córdoba,15,-76.510973,3.400364,ESTABLECIMIENTO EDUCATIVO,2024,octubre   ,30,10/30/2024,4,07:00,DENUNCIA,Nivel 3
DELITOS SEXUALES,PORNOGRAFIA CON MENORES ART. 218 C.P.,CALI,Senderos de La Flora,02,-76.521673,3.489457,DOMICILIO,2024,octubre   ,30,10/30/2024,4,21:30,DENUNCIA,Nivel 3
DELITOS SEXUALES,ACCESO CARNAL O ACTO SEXUAL EN PERSONA PUESTA EN INCAPACIDAD DE RESISTIR ART. 207,CALI,San Pedro,03,-76.533131,3.449924,DOMICILIO,2024,octubre   ,30,10/30/2024,4,13:26,DENUNCIA,Nivel 3
DELITOS SEXUALES,ACTO SEXUAL VIOLENTO CON MENOR DE CATORCE AÑOS ART. 209 C.P. ,CALI,Belén,20,-76.553806,3.426986,DOMICILIO,2024,octubre   ,31,10/31/2024,5,20:00,DENUNCIA,Nivel 3
DELITOS SEXUALES,ACCESO CARNAL VIOLENTO. ART. 205 C.P. ,CALI,Bretaña,09,-76.530666,3.438745,VIA PUBLICA,2024,octubre   ,31,10/31/2024,5,09:10,DENUNCIA,Nivel 3
DELITOS SEXUALES,ACCESO CARNAL VIOLENTO. ART. 205 C.P.,CALI,San Pedro,03,-76.533131,3.449924,CERCA AL DOMICILIO,2024,octubre   ,31,10/31/2024,5,08:35,DENUNCIA,Nivel 3
DELITOS SEXUALES,ACCESO CARNAL ABUSIVO CON MENOR DE CATORCE AÑOS. ART. 208 C.P.,CALI,San Juan Bosco,03,-76.531666,3.445105,SIN INFORMACION,2024,octubre   ,31,10/31/2024,5,12:00,DENUNCIA,Nivel 3
DELITOS SEXUALES,ACCESO CARNAL VIOLENTO. ART. 205 C.P.,CALI,El Rodeo,12,-76.505014,3.437548,DOMICILIO,2024,octubre   ,31,10/31/2024,5,13:44,DENUNCIA,Nivel 3
DELITOS SEXUALES,ACCESO CARNAL ABUSIVO CON MENOR DE CATORCE AÑOS. ART. 208 C.P.,CALI,Barrio Obrero,09,-76.522845,3.450237,DOMICILIO,2024,octubre   ,31,10/31/2024,5,15:00,DENUNCIA,Nivel 3
DELITOS SEXUALES,PORNOGRAFIA CON MENORES ART. 218 C.P.,CALI,El Diamante,13,-76.503312,3.419324,DOMICILIO,2024,octubre   ,31,10/31/2024,5,09:43,DENUNCIA,Nivel 3
DELITOS SEXUALES,ACTOS SEXUALES CON MENOR DE CATORCE AÑOS. ART. 209 C.P.,CALI,San Pedro,03,-76.533131,3.449924,DOMICILIO,2024,octubre   ,31,10/31/2024,5,15:14,DENUNCIA,Nivel 3
DELITOS SEXUALES,ACTOS SEXUALES CON MENOR DE CATORCE AÑOS. ART. 209 C.P.,CALI,Alfonso Lopez P. 2a Etapa,07,-76.480921,3.458108,DOMICILIO,2024,octubre   ,31,10/31/2024,5,14:58,DENUNCIA,Nivel 3
DELITOS SEXUALES,ACTO SEXUAL VIOLENTO. ART. 206 C.P.,CALI,Los Comuneros II,13,-76.492719,3.42466,SIN INFORMACION,2024,octubre   ,31,10/31/2024,5,09:22,DENUNCIA,Nivel 3
DELITOS SEXUALES,ACTOS SEXUALES CON MENOR DE CATORCE AÑOS. ART. 209 C.P.,CALI,San Pedro,03,-76.533131,3.449924,DOMICILIO,2024,octubre   ,31,10/31/2024,5,16:37,DENUNCIA,Nivel 3
DELITOS SEXUALES,PORNOGRAFIA CON MENORES ART. 218 C.P.,CALI,El Sena,05,-76.503788,3.470453,ESTABLECIMIENTO EDUCATIVO,2024,noviembre ,1,11/1/2024,6,06:44,DENUNCIA,Nivel 3
DELITOS SEXUALES,ACTOS SEXUALES CON MENOR DE CATORCE AÑOS. ART. 209 C.P.,CALI,Pizamos I,21,-76.475441,3.404044,DOMICILIO,2024,noviembre ,1,11/1/2024,6,16:30,DENUNCIA,Nivel 3
DELITOS SEXUALES,ACTO SEXUAL VIOLENTO. ART. 206 C.P.,CALI,San Luis II,06,-76.487124,3.491062,DOMICILIO,2024,noviembre ,1,11/1/2024,6,06:45,DENUNCIA,Nivel 3
DELITOS SEXUALES,DEMANDA DE EXPLOT.SEX. COMERC. MENOR DE 18 AÑOS Adic. Art 217A C.P. Ley 1329 de 2009,CALI,Siloé,20,-76.55453,3.417661,VIA PUBLICA,2024,noviembre ,1,11/1/2024,6,19:16,DENUNCIA,Nivel 3
DELITOS SEXUALES,ACCESO CARNAL O ACTO SEXUAL EN PERSONA PUESTA EN INCAPACIDAD DE RESISTIR. ART. 207 C.P.,CALI,San Pedro,03,-76.533336,3.451951,EDIFICIO,2024,noviembre ,2,11/2/2024,7,16:46,DENUNCIA,Nivel 3
DELITOS SEXUALES,ACCESO CARNAL O ACTO SEXUAL EN PERSONA PUESTA EN INCAPACIDAD DE RESISTIR. ART. 207 C.P.,CALI,Belén,20,-76.552307,3.428861,DOMICILIO,2024,noviembre ,2,11/2/2024,7,15:00,DENUNCIA,Nivel 3
DELITOS SEXUALES,ACTOS SEXUALES CON MENOR DE CATORCE AÑOS. ART. 209 C.P.,CALI,Ciudad Córdoba,15,-76.508322,3.40274,ESTABLECIMIENTO DE COMERCIO,2024,noviembre ,2,11/2/2024,7,18:35,DENUNCIA,Nivel 3
DELITOS SEXUALES,ACTOS SEXUALES CON MENOR DE CATORCE AÑOS. ART. 209 C.P.,CALI,San Juan Bosco,03,-76.533714,3.443306,DOMICILIO,2024,noviembre ,2,11/2/2024,7,12:43,DENUNCIA,Nivel 3
DELITOS SEXUALES,ACTOS SEXUALES CON MENOR DE CATORCE AÑOS. ART. 209 C.P.,CALI,Urbanización Ciudad Jardín,22,-76.540862,3.367051,DOMICILIO,2024,noviembre ,3,11/3/2024,1,14:53,DENUNCIA,Nivel 3
DELITOS SEXUALES,ACTOS SEXUALES CON MENOR DE CATORCE AÑOS. ART. 209 C.P.,CALI,Pizamos I,21,-76.474392,3.403914,DOMICILIO,2024,noviembre ,3,11/3/2024,1,08:30,DENUNCIA,Nivel 3
DELITOS SEXUALES,ACTO SEXUAL VIOLENTO CON MENOR DE CATORCE AÑOS ART. 209 C.P. ,CALI,Villablanca,13,-76.493332,3.431132,DOMICILIO,2024,noviembre ,3,11/3/2024,1,13:00,DENUNCIA,Nivel 3
DELITOS SEXUALES,ACCESO CARNAL O ACTO SEXUAL EN PERSONA PUESTA EN INCAPACIDAD DE RESISTIR ART. 207,CALI,Prados del Norte,02,-76.522499,3.468364,DOMICILIO,2024,noviembre ,4,11/4/2024,2,05:00,DENUNCIA,Nivel 3
DELITOS SEXUALES,ACCESO CARNAL VIOLENTO. ART. 205 C.P.,CALI,Villa del Prado - El Guabito,05,-76.490607,3.465671,VIA PUBLICA,2024,noviembre ,4,11/4/2024,2,02:51,DENUNCIA,Nivel 3
DELITOS SEXUALES,ACCESO CARNAL VIOLENTO. ART. 205 C.P.,CALI,Mojica,15,-76.483703,3.414617,DOMICILIO,2024,noviembre ,4,11/4/2024,2,13:21,DENUNCIA,Nivel 3
DELITOS SEXUALES,ACCESO CARNAL O ACTO SEXUAL ABUSIVOS CON INCAPAZ DE RESISTIR. ART. 210 C.P.,CALI,Los Portales - Nuevo Rey,17,-76.54414,3.393114,VIA PUBLICA,2024,noviembre ,5,11/5/2024,3,13:48,DENUNCIA,Nivel 3
DELITOS SEXUALES,ACTO SEXUAL VIOLENTO. ART. 206 C.P.,CALI,San Pedro,03,-76.533131,3.449924,DOMICILIO,2024,noviembre ,5,11/5/2024,3,11:05,DENUNCIA,Nivel 3
DELITOS SEXUALES,PORNOGRAFIA CON MENORES ART. 218 C.P.,CALI,Pizamos I,21,-76.475107,3.401534,DOMICILIO,2024,noviembre ,5,11/5/2024,3,15:24,DENUNCIA,Nivel 3
DELITOS SEXUALES,ACTO SEXUAL VIOLENTO. ART. 206 C.P.,CALI,Ignacio Rengifo,04,-76.512582,3.470168,DOMICILIO,2024,noviembre ,5,11/5/2024,3,12:00,DENUNCIA,Nivel 3
DELITOS SEXUALES,ACOSO SEXUAL ART. 210A C.P.  ADICIONADO LEY 1257 DE 2008,CALI,Parcelaciones Pance,22,-76.542983,3.35107,ESTABLECIMIENTO EDUCATIVO,2024,noviembre ,5,11/5/2024,3,10:00,DENUNCIA,Nivel 3
DELITOS SEXUALES,ACCESO CARNAL VIOLENTO. ART. 205 C.P.,CALI,El Poblado II,13,-76.490036,3.422701,VIA PUBLICA,2024,noviembre ,7,11/7/2024,5,00:00,DENUNCIA,Nivel 3
DELITOS SEXUALES,ACTOS SEXUALES CON MENOR DE CATORCE AÑOS. ART. 209 C.P.,CALI,Sucre,09,-76.523482,3.446355,DOMICILIO,2024,noviembre ,7,11/7/2024,5,15:00,DENUNCIA,Nivel 3
DELITOS SEXUALES,ACTO SEXUAL VIOLENTO. ART. 206 C.P.,CALI,El Vallado,15,-76.50176,3.406719,VIA PUBLICA,2024,noviembre ,7,11/7/2024,5,21:28,DENUNCIA,Nivel 3
DELITOS SEXUALES,ACCESO CARNAL VIOLENTO. ART. 205 C.P.,CALI,Lili,17,-76.524075,3.36291,VIA PUBLICA,2024,noviembre ,7,11/7/2024,5,07:50,DENUNCIA,Nivel 3
DELITOS SEXUALES,ACTOS SEXUALES CON MENOR DE CATORCE AÑOS. ART. 209 C.P.,CALI,San Pedro,03,-76.533131,3.449924,SIN INFORMACION,2024,noviembre ,7,11/7/2024,5,15:00,DENUNCIA,Nivel 3
DELITOS SEXUALES,ACTO SEXUAL VIOLENTO. ART. 206 C.P.,CALI,Asturias,12,-76.503308,3.437727,DOMICILIO,2024,noviembre ,7,11/7/2024,5,10:41,DENUNCIA,Nivel 3
DELITOS SEXUALES,ACCESO CARNAL VIOLENTO. ART. 205 C.P.,CALI,San Pedro,03,-76.533131,3.449924,DOMICILIO,2024,noviembre ,7,11/7/2024,5,08:06,DENUNCIA,Nivel 3
DELITOS SEXUALES,ACTOS SEXUALES CON MENOR DE CATORCE AÑOS. ART. 209 C.P.,CALI,Sector Alto de los Chorros,18,-76.559486,3.392099,DOMICILIO,2024,noviembre ,7,11/7/2024,5,10:00,DENUNCIA,Nivel 3
DELITOS SEXUALES,PORNOGRAFIA CON MENORES ART. 218 C.P.,CALI,20 de Julio,11,-76.511928,3.435028,ESTABLECIMIENTO EDUCATIVO,2024,noviembre ,8,11/8/2024,6,10:33,DENUNCIA,Nivel 3
DELITOS SEXUALES,ACCESO CARNAL VIOLENTO. ART. 205 C.P.,CALI,Las Delicias,04,-76.511433,3.461802,DOMICILIO,2024,noviembre ,8,11/8/2024,6,08:59,DENUNCIA,Nivel 3
DELITOS SEXUALES,ACTOS SEXUALES CON MENOR DE CATORCE AÑOS. ART. 209 C.P.,CALI,El Vergel,13,-76.499078,3.415247,DOMICILIO,2024,noviembre ,8,11/8/2024,6,10:06,DENUNCIA,Nivel 3
DELITOS SEXUALES,ACCESO CARNAL O ACTO SEXUAL EN PERSONA PUESTA EN INCAPACIDAD DE RESISTIR. ART. 207 C.P.,CALI,José Manuel Marroquín I,14,-76.47871,3.419693,DOMICILIO,2024,noviembre ,9,11/9/2024,7,04:00,DENUNCIA,Nivel 3
DELITOS SEXUALES,INDUCCION A LA PROSTITUCION ART. 213 C.P.,CALI,El Lido,19,-76.554221,3.417562,CAMPO ABIERTO,2024,noviembre ,10,11/10/2024,1,08:00,DENUNCIA,Nivel 3
DELITOS SEXUALES,ACTOS SEXUALES CON MENOR DE CATORCE AÑOS. ART. 209 C.P.,CALI,Potrero Grande,21,-76.470587,3.404868,DOMICILIO,2024,noviembre ,11,11/11/2024,2,08:00,DENUNCIA,Nivel 3
DELITOS SEXUALES,ACOSO SEXUAL ART. 210A C.P.  ADICIONADO LEY 1257 DE 2008,CALI,San Pedro,03,-76.533131,3.449924,DOMICILIO,2024,noviembre ,11,11/11/2024,2,16:11,DENUNCIA,Nivel 3
DELITOS SEXUALES,ACTO SEXUAL VIOLENTO. ART. 206 C.P.,CALI,Junín,09,-76.526235,3.433974,FINCA,2024,noviembre ,11,11/11/2024,2,03:12,DENUNCIA,Nivel 3
DELITOS SEXUALES,ACTOS SEXUALES CON MENOR DE CATORCE AÑOS. ART. 209 C.P.,CALI,Alfonso Bonilla Aragón,14,-76.484304,3.425704,DOMICILIO,2024,noviembre ,11,11/11/2024,2,16:00,DENUNCIA,Nivel 3
DELITOS SEXUALES,ACOSO SEXUAL ART. 210A C.P.  ADICIONADO LEY 1257 DE 2008,CALI,Lili,17,-76.514942,3.365812,DOMICILIO,2024,noviembre ,11,11/11/2024,2,16:24,DENUNCIA,Nivel 3
DELITOS SEXUALES,ACCESO CARNAL ABUSIVO CON MENOR DE CATORCE AÑOS. ART. 208 C.P.,CALI,San Pedro,03,-76.533131,3.449924,EDIFICIO,2024,noviembre ,11,11/11/2024,2,14:27,DENUNCIA,Nivel 3
DELITOS SEXUALES,ACCESO CARNAL VIOLENTO. ART. 205 C.P.,CALI,Sector Alto Jordán,18,-76.557102,3.374273,DOMICILIO,2024,noviembre ,12,11/12/2024,3,19:00,DENUNCIA,Nivel 3
DELITOS SEXUALES,ACTOS SEXUALES CON MENOR DE CATORCE AÑOS. ART. 209 C.P.,CALI,San Pedro,03,-76.533131,3.449924,DOMICILIO,2024,noviembre ,12,11/12/2024,3,00:00,DENUNCIA,Nivel 3
DELITOS SEXUALES,ACTO SEXUAL VIOLENTO CON MENOR DE CATORCE AÑOS ART. 209 C.P. ,CALI,San Judas Tadeo I,10,-76.524421,3.410958,DOMICILIO,2024,noviembre ,12,11/12/2024,3,10:00,DENUNCIA,Nivel 3
DELITOS SEXUALES,ACTO SEXUAL VIOLENTO CON MENOR DE CATORCE AÑOS ART. 209 C.P. ,CALI,Las Delicias,04,-76.505414,3.461491,SIN INFORMACION,2024,noviembre ,12,11/12/2024,3,09:57,DENUNCIA,Nivel 3
DELITOS SEXUALES,ACTO SEXUAL VIOLENTO. ART. 206 C.P.,CALI,Unidad Residencial Bueno Madrid,04,-76.517258,3.468339,ESTABLECIMIENTO EDUCATIVO,2024,noviembre ,13,11/13/2024,4,07:00,DENUNCIA,Nivel 3
DELITOS SEXUALES,ACTOS SEXUALES CON MENOR DE CATORCE AÑOS. ART. 209 C.P.,CALI,El Gran Limonar,17,-76.542347,3.400091,ESTABLECIMIENTO DE COMERCIO,2024,noviembre ,13,11/13/2024,4,10:33,DENUNCIA,Nivel 3
DELITOS SEXUALES,ACTOS SEXUALES CON MENOR DE CATORCE AÑOS. ART. 209 C.P.,CALI,El Pondaje,13,-76.497199,3.429707,DOMICILIO,2024,noviembre ,13,11/13/2024,4,22:30,DENUNCIA,Nivel 3
DELITOS SEXUALES,ACTOS SEXUALES CON MENOR DE CATORCE AÑOS. ART. 209 C.P.,CALI,San Pedro,03,-76.533131,3.449924,DOMICILIO,2024,noviembre ,13,11/13/2024,4,11:37,DENUNCIA,Nivel 3
DELITOS SEXUALES,ACOSO SEXUAL ART. 210A C.P.  ADICIONADO LEY 1257 DE 2008,CALI,El Calvario,03,-76.531323,3.448153,SIN INFORMACION,2024,noviembre ,13,11/13/2024,4,10:03,DENUNCIA,Nivel 3
DELITOS SEXUALES,ACCESO CARNAL VIOLENTO. ART. 205 C.P.,CALI,Terrón Colorado,01,-76.570467,3.453507,ESTABLECIMIENTO PUBLICO,2024,noviembre ,14,11/14/2024,5,14:56,DENUNCIA,Nivel 3
DELITOS SEXUALES,ACTO SEXUAL VIOLENTO. ART. 206 C.P.,CALI,Urbanización San Joaquin,17,-76.526945,3.376717,SIN INFORMACION,2024,noviembre ,14,11/14/2024,5,10:46,DENUNCIA,Nivel 3
DELITOS SEXUALES,ACCESO CARNAL ABUSIVO CON MENOR DE CATORCE AÑOS. ART. 208 C.P.,CALI,Barrio Obrero,09,-76.521191,3.451737,HOTEL / HOSTAL,2024,noviembre ,14,11/14/2024,5,07:00,DENUNCIA,Nivel 3
DELITOS SEXUALES,ACCESO CARNAL VIOLENTO. ART. 205 C.P. ,CALI,Los Libertadores,03,-76.538648,3.44167,DOMICILIO,2024,noviembre ,14,11/14/2024,5,15:00,DENUNCIA,Nivel 3
DELITOS SEXUALES,DEMANDA DE EXPLOT.SEX. COMERC. MENOR DE 18 AÑOS Adic. Art 217A C.P. Ley 1329 de 2009,CALI,San Pedro,03,-76.533131,3.449924,DOMICILIO,2024,noviembre ,15,11/15/2024,6,16:48,DENUNCIA,Nivel 3
DELITOS SEXUALES,ACOSO SEXUAL ART. 210A C.P.  ADICIONADO LEY 1257 DE 2008,CALI,Belalcázar,09,-76.523286,3.440251,SIN INFORMACION,2024,noviembre ,15,11/15/2024,6,13:03,DENUNCIA,Nivel 3
DELITOS SEXUALES,ACTO SEXUAL VIOLENTO CON MENOR DE CATORCE AÑOS ART. 209 C.P. ,CALI,Manuela Beltrán,14,-76.474494,3.424329,DOMICILIO,2024,noviembre ,16,11/16/2024,7,19:00,DENUNCIA,Nivel 3
DELITOS SEXUALES,ACCESO CARNAL O ACTO SEXUAL ABUSIVOS CON INCAPAZ DE RESISTIR. ART. 210 C.P.,CALI,Eucaristico,19,-76.538084,3.425512,ESTABLECIMIENTO PUBLICO,2024,noviembre ,16,11/16/2024,7,03:00,DENUNCIA,Nivel 3
DELITOS SEXUALES,ACTO SEXUAL VIOLENTO. ART. 206 C.P.,CALI,Santo Domingo,10,-76.532881,3.412547,DOMICILIO,2024,noviembre ,16,11/16/2024,7,11:00,DENUNCIA,Nivel 3
DELITOS SEXUALES,ACCESO CARNAL VIOLENTO. ART. 205 C.P.,CALI,Rural,Rural,-76.566716,3.422163,DOMICILIO,2024,noviembre ,17,11/17/2024,1,23:00,DENUNCIA,Nivel 3
DELITOS SEXUALES,ACTO SEXUAL VIOLENTO. ART. 206 C.P.,CALI,Sector Alto de los Chorros,18,-76.558014,3.393616,DOMICILIO,2024,noviembre ,17,11/17/2024,1,11:00,DENUNCIA,Nivel 3
DELITOS SEXUALES,ACOSO SEXUAL ART. 210A C.P.  ADICIONADO LEY 1257 DE 2008,CALI,Alfonso Bonilla Aragón,14,-76.484963,3.420705,DOMICILIO,2024,noviembre ,17,11/17/2024,1,14:36,DENUNCIA,Nivel 3
DELITOS SEXUALES,ACCESO CARNAL VIOLENTO. ART. 205 C.P.,CALI,Alirio Mora Beltrán,14,-76.480449,3.436939,SIN INFORMACION,2024,noviembre ,17,11/17/2024,1,11:00,DENUNCIA,Nivel 3
DELITOS SEXUALES,ACTO SEXUAL VIOLENTO. ART. 206 C.P.,CALI,Alfonso Lopez P. 1a Etapa,07,-76.480154,3.464402,VIA PUBLICA,2024,noviembre ,17,11/17/2024,1,09:30,DENUNCIA,Nivel 3
DELITOS SEXUALES,ACTO SEXUAL VIOLENTO. ART. 206 C.P.,CALI,San Nicolás,03,-76.527871,3.454531,LUGAR DE TRABAJO,2024,noviembre ,17,11/17/2024,1,09:00,DENUNCIA,Nivel 3
DELITOS SEXUALES,ACTO SEXUAL VIOLENTO. ART. 206 C.P.,CALI,San Pedro,03,-76.533131,3.449924,DOMICILIO,2024,noviembre ,17,11/17/2024,1,16:41,DENUNCIA,Nivel 3
DELITOS SEXUALES,ACOSO SEXUAL ART. 210A C.P.  ADICIONADO LEY 1257 DE 2008,CALI,San Pedro,03,-76.533802,3.448997,DOMICILIO,2024,noviembre ,18,11/18/2024,2,10:47,DENUNCIA,Nivel 3
DELITOS SEXUALES,ACTOS SEXUALES CON MENOR DE CATORCE AÑOS. ART. 209 C.P.,CALI,Fátima,04,-76.517701,3.463724,DOMICILIO,2024,noviembre ,18,11/18/2024,2,13:00,DENUNCIA,Nivel 3
DELITOS SEXUALES,ACTO SEXUAL VIOLENTO. ART. 206 C.P.,CALI,Urbanización Ciudad Jardín,22,-76.536149,3.369176,EDIFICIO,2024,noviembre ,18,11/18/2024,2,15:30,DENUNCIA,Nivel 3
DELITOS SEXUALES,ACTO SEXUAL VIOLENTO. ART. 206 C.P.,CALI,Valle Grande,21,-76.471762,3.439974,VIA PUBLICA,2024,noviembre ,18,11/18/2024,2,18:00,DENUNCIA,Nivel 3
DELITOS SEXUALES,ACCESO CARNAL O ACTO SEXUAL ABUSIVOS CON INCAPAZ DE RESISTIR. ART. 210 C.P.,CALI,José Manuel Marroquín I,14,-76.482008,3.425918,VIA PUBLICA,2024,noviembre ,18,11/18/2024,2,02:00,DENUNCIA,Nivel 3
DELITOS SEXUALES,ACTO SEXUAL VIOLENTO CON MENOR DE CATORCE AÑOS ART. 209 C.P. ,CALI,Aguacatal,01,-76.559867,3.457678,DOMICILIO,2024,noviembre ,18,11/18/2024,2,08:00,DENUNCIA,Nivel 3
DELITOS SEXUALES,ACTO SEXUAL VIOLENTO. ART. 206 C.P.,CALI,Mayapan - Las Vegas,17,-76.542759,3.384723,DOMICILIO,2024,noviembre ,18,11/18/2024,2,13:41,DENUNCIA,Nivel 3
DELITOS SEXUALES,ACTO SEXUAL VIOLENTO. ART. 206 C.P.,CALI,Manuel María Buenaventura,09,-76.52198,3.437462,DOMICILIO,2024,noviembre ,19,11/19/2024,3,23:54,DENUNCIA,Nivel 3
DELITOS SEXUALES,ACOSO SEXUAL ART. 210A C.P.  ADICIONADO LEY 1257 DE 2008,CALI,San Luis II,06,-76.48899,3.489461,ESTABLECIMIENTO EDUCATIVO,2024,noviembre ,19,11/19/2024,3,08:52,DENUNCIA,Nivel 3
DELITOS SEXUALES,ACTO SEXUAL VIOLENTO CON MENOR DE CATORCE AÑOS ART. 209 C.P. ,CALI,La Independencia,11,-76.518197,3.416045,DOMICILIO,2024,noviembre ,19,11/19/2024,3,14:00,DENUNCIA,Nivel 3
DELITOS SEXUALES,ACCESO CARNAL ABUSIVO CON MENOR DE CATORCE AÑOS. ART. 208 C.P.,CALI,Lili,17,-76.519711,3.36768,DOMICILIO,2024,noviembre ,19,11/19/2024,3,17:50,DENUNCIA,Nivel 3
DELITOS SEXUALES,ACCESO CARNAL ABUSIVO CON MENOR DE CATORCE AÑOS. ART. 208 C.P.,CALI,Omar Torrijos,13,-76.486106,3.424752,DOMICILIO,2024,noviembre ,19,11/19/2024,3,08:54,DENUNCIA,Nivel 3
DELITOS SEXUALES,ACTOS SEXUALES CON MENOR DE CATORCE AÑOS. ART. 209 C.P.,CALI,Villa del Prado - El Guabito,05,-76.495154,3.466659,DOMICILIO,2024,noviembre ,20,11/20/2024,4,12:00,DENUNCIA,Nivel 3
DELITOS SEXUALES,ACCESO CARNAL O ACTO SEXUAL EN PERSONA PUESTA EN INCAPACIDAD DE RESISTIR ART. 207,CALI,Rural,Rural,-76.577909,3.423617,ESTABLECIMIENTO PUBLICO,2024,noviembre ,20,11/20/2024,4,15:40,DENUNCIA,Nivel 3
DELITOS SEXUALES,ACCESO CARNAL VIOLENTO. ART. 205 C.P.,CALI,Cañaverales - Los Samanes,17,-76.524922,3.399693,DOMICILIO,2024,noviembre ,20,11/20/2024,4,09:37,DENUNCIA,Nivel 3
DELITOS SEXUALES,ACTO SEXUAL VIOLENTO CON MENOR DE CATORCE AÑOS ART. 209 C.P. ,CALI,El Poblado I,13,-76.498397,3.418651,DOMICILIO,2024,noviembre ,20,11/20/2024,4,15:52,DENUNCIA,Nivel 3
DELITOS SEXUALES,ACCESO CARNAL VIOLENTO. ART. 205 C.P.,CALI,Valle Grande,21,-76.475694,3.439349,SIN INFORMACION,2024,noviembre ,20,11/20/2024,4,19:19,DENUNCIA,Nivel 3
DELITOS SEXUALES,ACTO SEXUAL VIOLENTO. ART. 206 C.P.,CALI,San Pedro,03,-76.533131,3.449924,DOMICILIO,2024,noviembre ,21,11/21/2024,5,15:59,DENUNCIA,Nivel 3
DELITOS SEXUALES,ACCESO CARNAL VIOLENTO. ART. 205 C.P. ,CALI,Pizamos II,21,-76.473214,3.406485,VIA PUBLICA,2024,noviembre ,21,11/21/2024,5,04:30,DENUNCIA,Nivel 3
DELITOS SEXUALES,ACTO SEXUAL VIOLENTO. ART. 206 C.P.,CALI,Colseguros Andes,10,-76.529393,3.429476,DOMICILIO,2024,noviembre ,22,11/22/2024,6,14:49,DENUNCIA,Nivel 3
DELITOS SEXUALES,ACTOS SEXUALES CON MENOR DE CATORCE AÑOS. ART. 209 C.P.,CALI,San Pedro,03,-76.53392,3.45303,ESTABLECIMIENTO EDUCATIVO,2024,noviembre ,22,11/22/2024,6,14:00,DENUNCIA,Nivel 3
DELITOS SEXUALES,ACTO SEXUAL VIOLENTO CON MENOR DE CATORCE AÑOS ART. 209 C.P. ,CALI,Ciudad Córdoba,15,-76.513048,3.395415,DOMICILIO,2024,noviembre ,22,11/22/2024,6,20:10,DENUNCIA,Nivel 3
DELITOS SEXUALES,ACCESO CARNAL ABUSIVO CON MENOR DE CATORCE AÑOS. ART. 208 C.P.,CALI,Sector Alto de los Chorros,18,-76.563351,3.388543,DOMICILIO,2024,noviembre ,22,11/22/2024,6,15:00,DENUNCIA,Nivel 3
DELITOS SEXUALES,ACTO SEXUAL VIOLENTO. ART. 206 C.P.,CALI,Alameda,09,-76.535138,3.438202,SIN INFORMACION,2024,noviembre ,22,11/22/2024,6,10:55,DENUNCIA,Nivel 3
DELITOS SEXUALES,ACTO SEXUAL VIOLENTO. ART. 206 C.P.,CALI,Granada,02,-76.532915,3.457525,SIN INFORMACION,2024,noviembre ,23,11/23/2024,7,10:47,DENUNCIA,Nivel 3
DELITOS SEXUALES,ACTO SEXUAL VIOLENTO. ART. 206 C.P.,CALI,Sector Laguna del Pondaje,13,-76.490319,3.427052,DOMICILIO,2024,noviembre ,23,11/23/2024,7,00:00,DENUNCIA,Nivel 3
DELITOS SEXUALES,ACCESO CARNAL ABUSIVO CON MENOR DE CATORCE AÑOS. ART. 208 C.P.,CALI,El Recuerdo,11,-76.51478,3.430253,DOMICILIO,2024,noviembre ,23,11/23/2024,7,00:00,DENUNCIA,Nivel 3
DELITOS SEXUALES,ACCESO CARNAL O ACTO SEXUAL ABUSIVOS CON INCAPAZ DE RESISTIR. ART. 210 C.P.,CALI,San Pedro,03,-76.533131,3.449924,VIA PUBLICA,2024,noviembre ,24,11/24/2024,1,23:00,DENUNCIA,Nivel 3
DELITOS SEXUALES,ACTOS SEXUALES CON MENOR DE CATORCE AÑOS. ART. 209 C.P.,CALI,Cristóbal Colón,10,-76.525929,3.425351,ESTABLECIMIENTO PUBLICO,2024,noviembre ,24,11/24/2024,1,12:21,DENUNCIA,Nivel 3
DELITOS SEXUALES,ACTO SEXUAL VIOLENTO CON MENOR DE CATORCE AÑOS ART. 209 C.P. ,CALI,Caney,17,-76.521366,3.381649,DOMICILIO,2024,noviembre ,25,11/25/2024,2,07:00,DENUNCIA,Nivel 3
DELITOS SEXUALES,ACTOS SEXUALES CON MENOR DE CATORCE AÑOS. ART. 209 C.P.,CALI,Juanambú,02,-76.539532,3.45369,ESTABLECIMIENTO EDUCATIVO,2024,noviembre ,25,11/25/2024,2,17:30,DENUNCIA,Nivel 3
DELITOS SEXUALES,ACTOS SEXUALES CON MENOR DE CATORCE AÑOS. ART. 209 C.P.,CALI,Torres de Comfandi,05,-76.501808,3.473432,DOMICILIO,2024,noviembre ,25,11/25/2024,2,14:00,DENUNCIA,Nivel 3
DELITOS SEXUALES,ACTO SEXUAL VIOLENTO. ART. 206 C.P.,CALI,Ciudad Córdoba,15,-76.503595,3.403964,DOMICILIO,2024,noviembre ,26,11/26/2024,3,17:30,DENUNCIA,Nivel 3
DELITOS SEXUALES,ACCESO CARNAL ABUSIVO CON MENOR DE CATORCE AÑOS. ART. 208 C.P.,CALI,Los Parques Barranquilla,05,-76.496528,3.475433,DOMICILIO,2024,noviembre ,26,11/26/2024,3,17:59,DENUNCIA,Nivel 3
DELITOS SEXUALES,ACTOS SEXUALES CON MENOR DE CATORCE AÑOS. ART. 209 C.P.,CALI,San Pedro,03,-76.533131,3.449924,DOMICILIO,2024,noviembre ,26,11/26/2024,3,17:09,DENUNCIA,Nivel 3
DELITOS SEXUALES,ACTO SEXUAL VIOLENTO CON MENOR DE CATORCE AÑOS ART. 209 C.P. ,CALI,Villa Colombia,08,-76.500631,3.450882,DOMICILIO,2024,noviembre ,26,11/26/2024,3,14:32,DENUNCIA,Nivel 3
DELITOS SEXUALES,ACTOS SEXUALES CON MENOR DE CATORCE AÑOS. ART. 209 C.P.,CALI,San Pedro,03,-76.533131,3.449924,VIA PUBLICA,2024,noviembre ,26,11/26/2024,3,12:04,DENUNCIA,Nivel 3
DELITOS SEXUALES,ACTOS SEXUALES CON MENOR DE CATORCE AÑOS. ART. 209 C.P.,CALI,Villa del Prado - El Guabito,05,-76.493042,3.466228,DOMICILIO,2024,noviembre ,27,11/27/2024,4,09:31,DENUNCIA,Nivel 3
DELITOS SEXUALES,ACOSO SEXUAL ART. 210A C.P.  ADICIONADO LEY 1257 DE 2008,CALI,El Rodeo,12,-76.505037,3.436675,DOMICILIO,2024,noviembre ,27,11/27/2024,4,22:00,DENUNCIA,Nivel 3
DELITOS SEXUALES,ACCESO CARNAL VIOLENTO. ART. 205 C.P.,CALI,El Sena,05,-76.498321,3.465611,DOMICILIO,2024,noviembre ,28,11/28/2024,5,16:36,DENUNCIA,Nivel 3
DELITOS SEXUALES,ACOSO SEXUAL ART. 210A C.P.  ADICIONADO LEY 1257 DE 2008,CALI,El Bosque,02,-76.532391,3.485694,EDIFICIO,2024,noviembre ,28,11/28/2024,5,13:00,DENUNCIA,Nivel 3
DELITOS SEXUALES,ACTO SEXUAL VIOLENTO. ART. 206 C.P.,CALI,El Jardín,11,-76.518684,3.421085,ESTABLECIMIENTO EDUCATIVO,2024,noviembre ,28,11/28/2024,5,10:00,DENUNCIA,Nivel 3
DELITOS SEXUALES,ACTOS SEXUALES CON MENOR DE CATORCE AÑOS. ART. 209 C.P.,CALI,El Rodeo,12,-76.50302,3.436466,VIA PUBLICA,2024,noviembre ,28,11/28/2024,5,21:40,DENUNCIA,Nivel 3
DELITOS SEXUALES,ACTO SEXUAL VIOLENTO. ART. 206 C.P.,CALI,José Manuel Marroquín I,14,-76.479204,3.425036,DOMICILIO,2024,noviembre ,28,11/28/2024,5,14:35,DENUNCIA,Nivel 3
DELITOS SEXUALES,ACCESO CARNAL VIOLENTO. ART. 205 C.P.,CALI,San Pedro,03,-76.533131,3.449924,DOMICILIO,2024,noviembre ,28,11/28/2024,5,09:23,DENUNCIA,Nivel 3
DELITOS SEXUALES,ACTOS SEXUALES CON MENOR DE CATORCE AÑOS. ART. 209 C.P.,CALI,Lleras Restrepo,13,-76.494618,3.435971,DOMICILIO,2024,noviembre ,28,11/28/2024,5,13:56,DENUNCIA,Nivel 3
DELITOS SEXUALES,ACCESO CARNAL ABUSIVO CON MENOR DE CATORCE AÑOS. ART. 208 C.P.,CALI,Bochalema,81,-76.519228,3.35705,DOMICILIO,2024,noviembre ,28,11/28/2024,5,18:00,DENUNCIA,Nivel 3
DELITOS SEXUALES,ACTOS SEXUALES CON MENOR DE CATORCE AÑOS. ART. 209 C.P.,CALI,Ciudadela Floralia,06,-76.495573,3.493984,DOMICILIO,2024,noviembre ,28,11/28/2024,5,13:49,DENUNCIA,Nivel 3
DELITOS SEXUALES,ACTOS SEXUALES CON MENOR DE CATORCE AÑOS. ART. 209 C.P.,CALI,Valle Grande,21,-76.465808,3.436899,DOMICILIO,2024,noviembre ,28,11/28/2024,5,22:00,DENUNCIA,Nivel 3
DELITOS SEXUALES,ACTO SEXUAL VIOLENTO. ART. 206 C.P.,CALI,Bochalema,81,-76.520995,3.354916,SIN INFORMACION,2024,noviembre ,28,11/28/2024,5,09:10,DENUNCIA,Nivel 3
DELITOS SEXUALES,ACTO SEXUAL VIOLENTO. ART. 206 C.P.,CALI,Los Conquistadores,11,-76.505869,3.426605,DOMICILIO,2024,noviembre ,29,11/29/2024,6,11:31,DENUNCIA,Nivel 3
DELITOS SEXUALES,ACTO SEXUAL VIOLENTO CON MENOR DE CATORCE AÑOS ART. 209 C.P. ,CALI,Mayapan - Las Vegas,17,-76.54332,3.383454,SIN INFORMACION,2024,noviembre ,29,11/29/2024,6,09:49,DENUNCIA,Nivel 3
DELITOS SEXUALES,ACCESO CARNAL VIOLENTO. ART. 205 C.P.,CALI,Alto Nápoles,18,-76.558961,3.386145,ESTABLECIMIENTO DE SALUD,2024,noviembre ,29,11/29/2024,6,02:00,DENUNCIA,Nivel 3
DELITOS SEXUALES,ACCESO CARNAL ABUSIVO CON MENOR DE CATORCE AÑOS. ART. 208 C.P.,CALI,San Pedro,03,-76.533131,3.449924,DOMICILIO,2024,noviembre ,29,11/29/2024,6,11:06,DENUNCIA,Nivel 3
DELITOS SEXUALES,ACCESO CARNAL ABUSIVO CON MENOR DE CATORCE AÑOS. ART. 208 C.P.,CALI,San Pedro,03,-76.533131,3.449924,DOMICILIO,2024,noviembre ,29,11/29/2024,6,12:08,DENUNCIA,Nivel 3
DELITOS SEXUALES,ACCESO CARNAL VIOLENTO. ART. 205 C.P.,CALI,Sector Alto Jordán,18,-76.558194,3.377564,DOMICILIO,2024,noviembre ,29,11/29/2024,6,22:00,DENUNCIA,Nivel 3
DELITOS SEXUALES,ACCESO CARNAL ABUSIVO CON MENOR DE CATORCE AÑOS. ART. 208 C.P.,CALI,Rural,Rural,-76.490721,3.409278,DOMICILIO,2024,diciembre ,1,12/1/2024,1,20:00,DENUNCIA,Nivel 3
DELITOS SEXUALES,ACTO SEXUAL VIOLENTO. ART. 206 C.P.,CALI,Ciudadela Floralia,06,-76.496726,3.497912,DOMICILIO,2024,diciembre ,1,12/1/2024,1,03:00,DENUNCIA,Nivel 3
DELITOS SEXUALES,ACCESO CARNAL VIOLENTO. ART. 205 C.P.,CALI,Caney,17,-76.51718,3.379575,DOMICILIO,2024,diciembre ,1,12/1/2024,1,21:00,DENUNCIA,Nivel 3
DELITOS SEXUALES,ACCESO CARNAL O ACTO SEXUAL ABUSIVOS CON INCAPAZ DE RESISTIR. ART. 210 C.P.,CALI,Guayaquil,09,-76.528142,3.436048,DOMICILIO,2024,diciembre ,1,12/1/2024,1,17:26,DENUNCIA,Nivel 3
DELITOS SEXUALES,ACCESO CARNAL ABUSIVO CON MENOR DE CATORCE AÑOS. ART. 208 C.P.,CALI,Sector Alto de los Chorros,18,-76.558661,3.394833,DOMICILIO,2024,diciembre ,1,12/1/2024,1,00:00,DENUNCIA,Nivel 3
DELITOS SEXUALES,ACCESO CARNAL VIOLENTO. ART. 205 C.P.,CALI,Urbanización San Joaquin,17,-76.526345,3.371353,ESTABLECIMIENTO DE SALUD,2024,diciembre ,1,12/1/2024,1,12:22,DENUNCIA,Nivel 3
DELITOS SEXUALES,ACTO SEXUAL VIOLENTO. ART. 206 C.P.,CALI,Santa Mónica Belalcázar,09,-76.5201,3.43592,DOMICILIO,2024,diciembre ,2,12/2/2024,2,11:33,DENUNCIA,Nivel 3
DELITOS SEXUALES,ACCESO CARNAL ABUSIVO CON MENOR DE CATORCE AÑOS. ART. 208 C.P.,CALI,Urbanización Calimio,06,-76.484135,3.486553,DOMICILIO,2024,diciembre ,2,12/2/2024,2,10:04,DENUNCIA,Nivel 3
DELITOS SEXUALES,ACCESO CARNAL O ACTO SEXUAL EN PERSONA PUESTA EN INCAPACIDAD DE RESISTIR. ART. 207 C.P.,CALI,El Poblado II,13,-76.491997,3.422083,DOMICILIO,2024,diciembre ,2,12/2/2024,2,03:00,DENUNCIA,Nivel 3
DELITOS SEXUALES,ACCESO CARNAL ABUSIVO CON MENOR DE CATORCE AÑOS. ART. 208 C.P.,CALI,Villa del Prado - El Guabito,05,-76.487143,3.46894,DOMICILIO,2024,diciembre ,3,12/3/2024,3,17:16,DENUNCIA,Nivel 3
DELITOS SEXUALES,ACCESO CARNAL VIOLENTO. ART. 205 C.P.,CALI,Cristóbal Colón,10,-76.526988,3.422526,SIN INFORMACION,2024,diciembre ,3,12/3/2024,3,17:51,DENUNCIA,Nivel 3
DELITOS SEXUALES,ACTOS SEXUALES CON MENOR DE CATORCE AÑOS. ART. 209 C.P.,CALI,Antonio Nariño,16,-76.502274,3.413184,DOMICILIO,2024,diciembre ,3,12/3/2024,3,00:00,DENUNCIA,Nivel 3
DELITOS SEXUALES,ACCESO CARNAL ABUSIVO CON MENOR DE CATORCE AÑOS. ART. 208 C.P.,CALI,El Poblado I,13,-76.494641,3.418469,DOMICILIO,2024,diciembre ,3,12/3/2024,3,14:00,DENUNCIA,Nivel 3
DELITOS SEXUALES,ACCESO CARNAL VIOLENTO. ART. 205 C.P.,CALI,El Morichal,15,-76.501813,3.39804,DOMICILIO,2024,diciembre ,4,12/4/2024,4,22:00,DENUNCIA,Nivel 3
DELITOS SEXUALES,ACTOS SEXUALES CON MENOR DE CATORCE AÑOS. ART. 209 C.P.,CALI,Ulpiano Lloreda,13,-76.490937,3.439675,VIA PUBLICA,2024,diciembre ,4,12/4/2024,4,16:20,DENUNCIA,Nivel 3
DELITOS SEXUALES,ACTOS SEXUALES CON MENOR DE CATORCE AÑOS. ART. 209 C.P.,CALI,Parcelaciones Pance,22,-76.534962,3.338917,DOMICILIO,2024,diciembre ,4,12/4/2024,4,20:30,DENUNCIA,Nivel 3
DELITOS SEXUALES,ACTO SEXUAL VIOLENTO CON MENOR DE CATORCE AÑOS ART. 209 C.P. ,CALI,Urbanización Rio Lili,22,-76.527983,3.364255,SIN INFORMACION,2024,diciembre ,5,12/5/2024,5,10:46,DENUNCIA,Nivel 3
DELITOS SEXUALES,ACTOS SEXUALES CON MENOR DE CATORCE AÑOS. ART. 209 C.P.,CALI,Manuela Beltrán,14,-76.471866,3.420969,DOMICILIO,2024,diciembre ,5,12/5/2024,5,00:00,DENUNCIA,Nivel 3
DELITOS SEXUALES,ACTO SEXUAL VIOLENTO CON MENOR DE CATORCE AÑOS ART. 209 C.P. ,CALI,Promociones Populares B,14,-76.468281,3.427222,SIN INFORMACION,2024,diciembre ,5,12/5/2024,5,10:42,DENUNCIA,Nivel 3
DELITOS SEXUALES,ACCESO CARNAL VIOLENTO. ART. 205 C.P.,CALI,Rodrigo Lara Bonilla,13,-76.488009,3.42633,ESTABLECIMIENTO DE COMERCIO,2024,diciembre ,6,12/6/2024,6,18:23,DENUNCIA,Nivel 3
DELITOS SEXUALES,ACCESO CARNAL VIOLENTO. ART. 205 C.P.,CALI,San Luís,06,-76.487914,3.4818,SIN INFORMACION,2024,diciembre ,6,12/6/2024,6,02:00,DENUNCIA,Nivel 3
DELITOS SEXUALES,ACCESO CARNAL ABUSIVO CON MENOR DE CATORCE AÑOS. ART. 208 C.P.,CALI,El Poblado II,13,-76.490073,3.422872,DOMICILIO,2024,diciembre ,6,12/6/2024,6,15:00,DENUNCIA,Nivel 3
DELITOS SEXUALES,ACTO SEXUAL VIOLENTO. ART. 206 C.P.,CALI,Granada,02,-76.529886,3.459332,SIN INFORMACION,2024,diciembre ,6,12/6/2024,6,03:00,DENUNCIA,Nivel 3
DELITOS SEXUALES,ACTO SEXUAL VIOLENTO CON MENOR DE CATORCE AÑOS ART. 209 C.P. ,CALI,José Manuel Marroquín I,14,-76.479859,3.424799,SIN INFORMACION,2024,diciembre ,7,12/7/2024,7,17:02,DENUNCIA,Nivel 3
DELITOS SEXUALES,ACCESO CARNAL VIOLENTO. ART. 205 C.P. ,CALI,Villa del Prado - El Guabito,05,-76.491797,3.467202,DOMICILIO,2024,diciembre ,7,12/7/2024,7,00:31,DENUNCIA,Nivel 3
DELITOS SEXUALES,ACTO SEXUAL VIOLENTO CON MENOR DE CATORCE AÑOS ART. 209 C.P. ,CALI,El Sena,05,-76.502935,3.468532,DOMICILIO,2024,diciembre ,8,12/8/2024,1,03:00,DENUNCIA,Nivel 3
DELITOS SEXUALES,ACTOS SEXUALES CON MENOR DE CATORCE AÑOS. ART. 209 C.P.,CALI,Olímpico,10,-76.532705,3.42348,DOMICILIO,2024,diciembre ,8,12/8/2024,1,20:00,DENUNCIA,Nivel 3
DELITOS SEXUALES,ACTOS SEXUALES CON MENOR DE CATORCE AÑOS. ART. 209 C.P.,CALI,El Morichal,15,-76.509577,3.388957,DOMICILIO,2024,diciembre ,8,12/8/2024,1,05:00,DENUNCIA,Nivel 3
DELITOS SEXUALES,ACTO SEXUAL VIOLENTO. ART. 206 C.P.,CALI,Alfonso Bonilla Aragón,14,-76.480966,3.422634,VEHICULO TAXI,2024,diciembre ,8,12/8/2024,1,00:14,DENUNCIA,Nivel 3
DELITOS SEXUALES,ACCESO CARNAL ABUSIVO CON MENOR DE CATORCE AÑOS. ART. 208 C.P.,CALI,Olímpico,10,-76.532167,3.423504,DOMICILIO,2024,diciembre ,8,12/8/2024,1,08:00,DENUNCIA,Nivel 3
DELITOS SEXUALES,ACTOS SEXUALES CON MENOR DE CATORCE AÑOS. ART. 209 C.P.,CALI,República de Israel,16,-76.516997,3.409085,DOMICILIO,2024,diciembre ,9,12/9/2024,2,23:45,DENUNCIA,Nivel 3
DELITOS SEXUALES,ACTOS SEXUALES CON MENOR DE CATORCE AÑOS. ART. 209 C.P.,CALI,Los Parques Barranquilla,05,-76.495384,3.477514,DOMICILIO,2024,diciembre ,9,12/9/2024,2,13:30,DENUNCIA,Nivel 3
DELITOS SEXUALES,ACTO SEXUAL VIOLENTO. ART. 206 C.P.,CALI,Caney,17,-76.518953,3.385253,DOMICILIO,2024,diciembre ,9,12/9/2024,2,21:00,DENUNCIA,Nivel 3
DELITOS SEXUALES,ACCESO CARNAL VIOLENTO. ART. 205 C.P.,CALI,San Pedro,03,-76.533131,3.449924,DOMICILIO,2024,diciembre ,10,12/10/2024,3,10:36,DENUNCIA,Nivel 3
DELITOS SEXUALES,ACTO SEXUAL VIOLENTO CON MENOR DE CATORCE AÑOS ART. 209 C.P. ,CALI,El Morichal,15,-76.503946,3.400378,SIN INFORMACION,2024,diciembre ,10,12/10/2024,3,16:00,DENUNCIA,Nivel 3
DELITOS SEXUALES,ACTO SEXUAL VIOLENTO. ART. 206 C.P.,CALI,Parcelaciones Pance,22,-76.530223,3.345397,DOMICILIO,2024,diciembre ,10,12/10/2024,3,16:27,DENUNCIA,Nivel 3
DELITOS SEXUALES,ACTO SEXUAL VIOLENTO. ART. 206 C.P.,CALI,Promociones Populares B,14,-76.473786,3.427035,DOMICILIO,2024,diciembre ,10,12/10/2024,3,15:00,DENUNCIA,Nivel 3
DELITOS SEXUALES,ACTOS SEXUALES CON MENOR DE CATORCE AÑOS. ART. 209 C.P.,CALI,Sector Alto Jordán,18,-76.557284,3.374638,DOMICILIO,2024,diciembre ,10,12/10/2024,3,17:00,DENUNCIA,Nivel 3
DELITOS SEXUALES,ACCESO CARNAL VIOLENTO. ART. 205 C.P.,CALI,San Cayetano,03,-76.542459,3.44611,HOGARES / GERIATRICO,2024,diciembre ,11,12/11/2024,4,22:00,DENUNCIA,Nivel 3
DELITOS SEXUALES,ACTOS SEXUALES CON MENOR DE CATORCE AÑOS. ART. 209 C.P.,CALI,Manuela Beltrán,14,-76.472788,3.417884,DOMICILIO,2024,diciembre ,11,12/11/2024,4,14:17,DENUNCIA,Nivel 3
DELITOS SEXUALES,ACTOS SEXUALES CON MENOR DE CATORCE AÑOS. ART. 209 C.P.,CALI,Jorge Isaacs,04,-76.5173,3.460243,DOMICILIO,2024,diciembre ,11,12/11/2024,4,16:59,DENUNCIA,Nivel 3
DELITOS SEXUALES,ACTOS SEXUALES CON MENOR DE CATORCE AÑOS. ART. 209 C.P.,CALI,San Pedro,03,-76.533131,3.449924,DOMICILIO,2024,diciembre ,11,12/11/2024,4,15:42,DENUNCIA,Nivel 3
DELITOS SEXUALES,PORNOGRAFIA CON MENORES ART. 218 C.P.,CALI,Rural,Rural,-76.602073,3.523119,AREA RURAL,2024,diciembre ,11,12/11/2024,4,15:14,DENUNCIA,Nivel 3
DELITOS SEXUALES,ACCESO CARNAL ABUSIVO CON MENOR DE CATORCE AÑOS. ART. 208 C.P.,CALI,Mariano Ramos,16,-76.514024,3.405197,DOMICILIO,2024,diciembre ,11,12/11/2024,4,18:31,DENUNCIA,Nivel 3
DELITOS SEXUALES,ACCESO CARNAL ABUSIVO CON MENOR DE CATORCE AÑOS. ART. 208 C.P.,CALI,Mariano Ramos,16,-76.517043,3.404918,DOMICILIO,2024,diciembre ,12,12/12/2024,5,08:54,DENUNCIA,Nivel 3
DELITOS SEXUALES,ACCESO CARNAL VIOLENTO. ART. 205 C.P.,CALI,Santa Mónica Belalcázar,09,-76.520214,3.435974,DOMICILIO,2024,diciembre ,12,12/12/2024,5,20:00,DENUNCIA,Nivel 3
DELITOS SEXUALES,ACCESO CARNAL VIOLENTO. ART. 205 C.P.,CALI,Lili,17,-76.515305,3.377782,DOMICILIO,2024,diciembre ,13,12/13/2024,6,08:30,DENUNCIA,Nivel 3
DELITOS SEXUALES,ACCESO CARNAL ABUSIVO CON MENOR DE CATORCE AÑOS. ART. 208 C.P.,CALI,El Poblado I,13,-76.498236,3.420145,DOMICILIO,2024,diciembre ,13,12/13/2024,6,12:00,DENUNCIA,Nivel 3
DELITOS SEXUALES,ACCESO CARNAL ABUSIVO CON MENOR DE CATORCE AÑOS. ART. 208 C.P.,CALI,Antonio Nariño,16,-76.506746,3.415255,DOMICILIO,2024,diciembre ,13,12/13/2024,6,11:50,DENUNCIA,Nivel 3
DELITOS SEXUALES,ACCESO CARNAL ABUSIVO CON MENOR DE CATORCE AÑOS. ART. 208 C.P.,CALI,Los Chorros,18,-76.555077,3.394019,VIA PUBLICA,2024,diciembre ,14,12/14/2024,7,10:28,DENUNCIA,Nivel 3
DELITOS SEXUALES,ACCESO CARNAL VIOLENTO. ART. 205 C.P.,CALI,San Luís,06,-76.488941,3.481152,HOTEL / HOSTAL,2024,diciembre ,14,12/14/2024,7,02:00,DENUNCIA,Nivel 3
DELITOS SEXUALES,ACTO SEXUAL VIOLENTO. ART. 206 C.P.,CALI,Manuela Beltrán,14,-76.471347,3.422434,EDIFICIO,2024,diciembre ,14,12/14/2024,7,10:30,DENUNCIA,Nivel 3
DELITOS SEXUALES,ACCESO CARNAL ABUSIVO CON MENOR DE CATORCE AÑOS. ART. 208 C.P.,CALI,Lleras Restrepo II,13,-76.494696,3.435013,DOMICILIO,2024,diciembre ,14,12/14/2024,7,00:00,DENUNCIA,Nivel 3
DELITOS SEXUALES,ACTO SEXUAL VIOLENTO. ART. 206 C.P.,CALI,3 de Julio,19,-76.542173,3.433257,VIA PUBLICA,2024,diciembre ,15,12/15/2024,1,19:30,DENUNCIA,Nivel 3
DELITOS SEXUALES,ACCESO CARNAL O ACTO SEXUAL EN PERSONA PUESTA EN INCAPACIDAD DE RESISTIR. ART. 207 C.P.,CALI,Alto Nápoles,18,-76.55362,3.385621,DOMICILIO,2024,diciembre ,15,12/15/2024,1,08:27,DENUNCIA,Nivel 3
DELITOS SEXUALES,ACTOS SEXUALES CON MENOR DE CATORCE AÑOS. ART. 209 C.P.,CALI,Fepicol,07,-76.486076,3.462723,DOMICILIO,2024,diciembre ,15,12/15/2024,1,20:30,DENUNCIA,Nivel 3
DELITOS SEXUALES,ACTOS SEXUALES CON MENOR DE CATORCE AÑOS. ART. 209 C.P.,CALI,Rural,Rural,-76.547595,3.487473,DOMICILIO,2024,diciembre ,15,12/15/2024,1,22:00,DENUNCIA,Nivel 3
DELITOS SEXUALES,ACTO SEXUAL VIOLENTO. ART. 206 C.P.,CALI,Ciudadela del Rio - CVC,21,-76.464259,3.427073,DOMICILIO,2024,diciembre ,15,12/15/2024,1,10:00,DENUNCIA,Nivel 3
DELITOS SEXUALES,ACCESO CARNAL ABUSIVO CON MENOR DE CATORCE AÑOS. ART. 208 C.P.,CALI,Eduardo Santos,12,-76.505497,3.430285,DOMICILIO,2024,diciembre ,16,12/16/2024,2,10:19,DENUNCIA,Nivel 3
DELITOS SEXUALES,ACTOS SEXUALES CON MENOR DE CATORCE AÑOS. ART. 209 C.P.,CALI,Ciudad Córdoba,15,-76.509179,3.402426,DOMICILIO,2024,diciembre ,16,12/16/2024,2,09:30,DENUNCIA,Nivel 3
DELITOS SEXUALES,ACTO SEXUAL VIOLENTO CON MENOR DE CATORCE AÑOS ART. 209 C.P. ,CALI,Santa Elena,10,-76.521205,3.425094,DOMICILIO,2024,diciembre ,16,12/16/2024,2,19:30,DENUNCIA,Nivel 3
DELITOS SEXUALES,ACTOS SEXUALES CON MENOR DE CATORCE AÑOS. ART. 209 C.P.,CALI,El Vergel,13,-76.501172,3.413062,DOMICILIO,2024,diciembre ,16,12/16/2024,2,18:00,DENUNCIA,Nivel 3
DELITOS SEXUALES,ACOSO SEXUAL ART. 210A C.P.  ADICIONADO LEY 1257 DE 2008,CALI,San Fernando Viejo,19,-76.545775,3.431995,ESTABLECIMIENTO EDUCATIVO,2024,diciembre ,17,12/17/2024,3,14:05,DENUNCIA,Nivel 3
DELITOS SEXUALES,ACTOS SEXUALES CON MENOR DE CATORCE AÑOS. ART. 209 C.P.,CALI,Sector Alto Jordán,18,-76.553407,3.376123,DOMICILIO,2024,diciembre ,19,12/19/2024,5,11:35,DENUNCIA,Nivel 3
DELITOS SEXUALES,ACCESO CARNAL VIOLENTO. ART. 205 C.P.,CALI,Terrón Colorado,01,-76.560255,3.449455,DOMICILIO,2024,diciembre ,19,12/19/2024,5,08:00,DENUNCIA,Nivel 3
DELITOS SEXUALES,ACTOS SEXUALES CON MENOR DE CATORCE AÑOS. ART. 209 C.P.,CALI,Torres de Comfandi,05,-76.499815,3.476015,DOMICILIO,2024,diciembre ,20,12/20/2024,6,17:30,DENUNCIA,Nivel 3
DELITOS SEXUALES,ACCESO CARNAL O ACTO SEXUAL EN PERSONA PUESTA EN INCAPACIDAD DE RESISTIR. ART. 207 C.P.,CALI,San Judas Tadeo II,10,-76.524182,3.412126,HOTEL / HOSTAL,2024,diciembre ,20,12/20/2024,6,05:00,DENUNCIA,Nivel 3
DELITOS SEXUALES,ACCESO CARNAL VIOLENTO. ART. 205 C.P.,CALI,Manuela Beltrán,14,-76.470119,3.42324,VIA PUBLICA,2024,diciembre ,20,12/20/2024,6,06:20,DENUNCIA,Nivel 3
DELITOS SEXUALES,ACCESO CARNAL VIOLENTO. ART. 205 C.P. ,CALI,Siloé,20,-76.553835,3.424784,DOMICILIO,2024,diciembre ,22,12/22/2024,1,01:00,DENUNCIA,Nivel 3
DELITOS SEXUALES,ACTOS SEXUALES CON MENOR DE CATORCE AÑOS. ART. 209 C.P.,CALI,Las Ceibas,07,-76.48824,3.457554,DOMICILIO,2024,diciembre ,23,12/23/2024,2,11:00,DENUNCIA,Nivel 3
DELITOS SEXUALES,ACOSO SEXUAL ART. 210A C.P.  ADICIONADO LEY 1257 DE 2008,CALI,Manuela Beltrán,14,-76.471444,3.424399,DOMICILIO,2024,diciembre ,23,12/23/2024,2,16:24,DENUNCIA,Nivel 3
DELITOS SEXUALES,ACCESO CARNAL VIOLENTO. ART. 205 C.P.,CALI,El Rodeo,12,-76.503114,3.43481,DOMICILIO,2024,diciembre ,23,12/23/2024,2,11:23,DENUNCIA,Nivel 3
DELITOS SEXUALES,ACCESO CARNAL ABUSIVO CON MENOR DE CATORCE AÑOS. ART. 208 C.P.,CALI,El Poblado I,13,-76.495605,3.418826,DOMICILIO,2024,diciembre ,23,12/23/2024,2,10:19,DENUNCIA,Nivel 3
DELITOS SEXUALES,ACTO SEXUAL VIOLENTO. ART. 206 C.P.,CALI,Terrón Colorado,01,-76.5541,3.45425,DOMICILIO,2024,diciembre ,23,12/23/2024,2,03:00,DENUNCIA,Nivel 3
DELITOS SEXUALES,ACTOS SEXUALES CON MENOR DE CATORCE AÑOS. ART. 209 C.P.,CALI,Potrero Grande,21,-76.47326,3.409788,DOMICILIO,2024,diciembre ,23,12/23/2024,2,16:00,DENUNCIA,Nivel 3
DELITOS SEXUALES,ACCESO CARNAL ABUSIVO CON MENOR DE CATORCE AÑOS. ART. 208 C.P.,CALI,Sector Cañaveralejo Guadalupe,19,-76.559445,3.412191,VIA PUBLICA,2024,diciembre ,24,12/24/2024,3,08:35,DENUNCIA,Nivel 3
DELITOS SEXUALES,ACCESO CARNAL VIOLENTO. ART. 205 C.P.,CALI,Villa Colombia,08,-76.49892,3.445921,LUGAR DE RECREACION / PARQUE,2024,diciembre ,24,12/24/2024,3,00:00,DENUNCIA,Nivel 3
DELITOS SEXUALES,ACCESO CARNAL VIOLENTO. ART. 205 C.P.,CALI,Terrón Colorado,01,-76.568766,3.452857,DOMICILIO,2024,diciembre ,24,12/24/2024,3,11:01,DENUNCIA,Nivel 3
DELITOS SEXUALES,ACCESO CARNAL ABUSIVO CON MENOR DE CATORCE AÑOS. ART. 208 C.P.,CALI,El Retiro,15,-76.500343,3.40893,DOMICILIO,2024,diciembre ,24,12/24/2024,3,15:00,DENUNCIA,Nivel 3
DELITOS SEXUALES,ACCESO CARNAL VIOLENTO. ART. 205 C.P.,CALI,Sector Alto de los Chorros,18,-76.560746,3.393677,DOMICILIO,2024,diciembre ,25,12/25/2024,4,06:00,DENUNCIA,Nivel 3
DELITOS SEXUALES,ACCESO CARNAL VIOLENTO. ART. 205 C.P.,CALI,Ciudadela Floralia,06,-76.496114,3.495961,DOMICILIO,2024,diciembre ,27,12/27/2024,6,22:00,DENUNCIA,Nivel 3
DELITOS SEXUALES,ACCESO CARNAL VIOLENTO. ART. 205 C.P.,CALI,Los Guayacanes,05,-76.49186,3.47024,DOMICILIO,2024,diciembre ,27,12/27/2024,6,14:10,DENUNCIA,Nivel 3
DELITOS SEXUALES,ACCESO CARNAL ABUSIVO CON MENOR DE CATORCE AÑOS. ART. 208 C.P.,CALI,Manuela Beltrán,14,-76.472968,3.414997,DOMICILIO,2024,diciembre ,27,12/27/2024,6,13:29,DENUNCIA,Nivel 3
DELITOS SEXUALES,ACCESO CARNAL O ACTO SEXUAL EN PERSONA PUESTA EN INCAPACIDAD DE RESISTIR. ART. 207 C.P.,CALI,Prados del Limonar,17,-76.528225,3.392641,ESTABLECIMIENTO PUBLICO,2024,diciembre ,27,12/27/2024,6,04:00,DENUNCIA,Nivel 3
DELITOS SEXUALES,ACCESO CARNAL O ACTO SEXUAL ABUSIVOS CON INCAPAZ DE RESISTIR. ART. 210 C.P.,CALI,El Morichal,15,-76.504248,3.398868,DOMICILIO,2024,diciembre ,27,12/27/2024,6,13:25,DENUNCIA,Nivel 3
DELITOS SEXUALES,ACOSO SEXUAL ART. 210A C.P.  ADICIONADO LEY 1257 DE 2008,CALI,Rural,Rural,-76.474004,3.343167,DOMICILIO,2024,diciembre ,29,12/29/2024,1,23:00,DENUNCIA,Nivel 3
DELITOS SEXUALES,ACCESO CARNAL VIOLENTO. ART. 205 C.P.,CALI,El Lido,19,-76.553896,3.417911,CAMPO ABIERTO,2024,diciembre ,30,12/30/2024,2,16:15,DENUNCIA,Nivel 3
DELITOS SEXUALES,ACTO SEXUAL VIOLENTO CON MENOR DE CATORCE AÑOS ART. 209 C.P. ,CALI,Aguacatal,01,-76.559867,3.457678,DOMICILIO,2024,diciembre ,30,12/30/2024,2,06:20,DENUNCIA,Nivel 3
DELITOS SEXUALES,"ADIC.L.679/2001,ART.34.UTILIZAC.O FACILITAC.MEDIOS DE COMUNICAC.PARA OFRECER SERV.SEXUALES DE MENORES",CALI,Villa del Sur,11,-76.52119,3.412908,RED VIRTUAL O INTERNET,2025,enero     ,1,1/1/2025,4,22:00,DENUNCIA,Nivel 3
DELITOS SEXUALES,ACTOS SEXUALES CON MENOR DE CATORCE AÑOS. ART. 209 C.P.,CALI,Los Naranjos II,14,-76.475928,3.435183,DOMICILIO,2025,enero     ,1,1/1/2025,4,10:00,DENUNCIA,Nivel 3
DELITOS SEXUALES,ACCESO CARNAL ABUSIVO CON MENOR DE CATORCE AÑOS. ART. 208 C.P.,CALI,Promociones Populares B,14,-76.469714,3.427661,SIN INFORMACION,2025,enero     ,1,1/1/2025,4,05:00,DENUNCIA,Nivel 3
DELITOS SEXUALES,ACCESO CARNAL ABUSIVO CON MENOR DE CATORCE AÑOS. ART. 208 C.P.,CALI,José Manuel Marroquín II,14,-76.480803,3.42983,SIN INFORMACION,2025,enero     ,1,1/1/2025,4,12:00,DENUNCIA,Nivel 3
DELITOS SEXUALES,ACCESO CARNAL ABUSIVO CON MENOR DE CATORCE AÑOS. ART. 208 C.P.,CALI,Villanueva,12,-76.508266,3.430357,DOMICILIO,2025,enero     ,1,1/1/2025,4,00:00,DENUNCIA,Nivel 3
DELITOS SEXUALES,PORNOGRAFIA CON MENORES ART. 218 C.P.,CALI,El Morichal,15,-76.50071,3.402404,DOMICILIO,2025,enero     ,1,1/1/2025,4,13:57,DENUNCIA,Nivel 3
DELITOS SEXUALES,ACTO SEXUAL VIOLENTO CON MENOR DE CATORCE AÑOS ART. 209 C.P. ,CALI,San Nicolás,03,-76.518781,3.452981,SIN INFORMACION,2025,enero     ,1,1/1/2025,4,19:00,DENUNCIA,Nivel 3
DELITOS SEXUALES,ACTOS SEXUALES CON MENOR DE CATORCE AÑOS. ART. 209 C.P.,CALI,Desepaz Invicali,21,-76.464586,3.420852,DOMICILIO,2025,enero     ,1,1/1/2025,4,10:00,DENUNCIA,Nivel 3
DELITOS SEXUALES,ACCESO CARNAL VIOLENTO. ART. 205 C.P.,CALI,Ciudadela Floralia,06,-76.493669,3.495168,VIA PUBLICA,2025,enero     ,1,1/1/2025,4,06:00,DENUNCIA,Nivel 3
DELITOS SEXUALES,ACCESO CARNAL ABUSIVO CON MENOR DE CATORCE AÑOS. ART. 208 C.P.,CALI,El Poblado II,13,-76.493007,3.420216,SIN INFORMACION,2025,enero     ,1,1/1/2025,4,15:00,DENUNCIA,Nivel 3
DELITOS SEXUALES,ACCESO CARNAL VIOLENTO. ART. 205 C.P.,CALI,Mariano Ramos,16,-76.516473,3.398819,DOMICILIO,2025,enero     ,1,1/1/2025,4,08:00,DENUNCIA,Nivel 3
DELITOS SEXUALES,PORNOGRAFIA CON MENORES ART. 218 C.P.,CALI,El Morichal,15,-76.50071,3.402404,DOMICILIO,2025,enero     ,1,1/1/2025,4,08:00,DENUNCIA,Nivel 3
DELITOS SEXUALES,ACTOS SEXUALES CON MENOR DE CATORCE AÑOS. ART. 209 C.P.,CALI,Andalucía,81,-76.505939,3.353583,DOMICILIO,2025,enero     ,1,1/1/2025,4,01:49,DENUNCIA,Nivel 3
DELITOS SEXUALES,ACTOS SEXUALES CON MENOR DE CATORCE AÑOS. ART. 209 C.P.,CALI,El Vallado,15,-76.499421,3.406612,DOMICILIO,2025,enero     ,1,1/1/2025,4,00:00,DENUNCIA,Nivel 3
DELITOS SEXUALES,ACCESO CARNAL ABUSIVO CON MENOR DE CATORCE AÑOS. ART. 208 C.P.,CALI,Manuela Beltrán,14,-76.47419,3.422296,DOMICILIO,2025,enero     ,1,1/1/2025,4,17:00,DENUNCIA,Nivel 3
DELITOS SEXUALES,ACCESO CARNAL VIOLENTO. ART. 205 C.P.,CALI,Rural,Rural,-76.545487,3.486849,DOMICILIO,2025,enero     ,1,1/1/2025,4,22:00,DENUNCIA,Nivel 3
DELITOS SEXUALES,ACCESO CARNAL VIOLENTO. ART. 205 C.P.,CALI,El Lido,19,-76.548202,3.420689,DOMICILIO,2025,enero     ,2,1/2/2025,5,16:24,DENUNCIA,Nivel 3
DELITOS SEXUALES,PROXENETISMO CON MENOR DE EDAD ART. 213A C.P.,CALI,Guayaquil,09,-76.524933,3.439004,SIN INFORMACION,2025,enero     ,2,1/2/2025,5,16:36,DENUNCIA,Nivel 3
DELITOS SEXUALES,ACTOS SEXUALES CON MENOR DE CATORCE AÑOS. ART. 209 C.P.,CALI,Los Pinos,07,-76.48511,3.458334,DOMICILIO,2025,enero     ,2,1/2/2025,5,17:00,DENUNCIA,Nivel 3
DELITOS SEXUALES,ACTOS SEXUALES CON MENOR DE CATORCE AÑOS. ART. 209 C.P.,CALI,Fátima,04,-76.518896,3.464151,DOMICILIO,2025,enero     ,3,1/3/2025,6,16:55,DENUNCIA,Nivel 3
DELITOS SEXUALES,ACTOS SEXUALES CON MENOR DE CATORCE AÑOS. ART. 209 C.P.,CALI,San Antonio,03,-76.539706,3.447355,DOMICILIO,2025,enero     ,3,1/3/2025,6,08:28,DENUNCIA,Nivel 3
DELITOS SEXUALES,ACTOS SEXUALES CON MENOR DE CATORCE AÑOS. ART. 209 C.P.,CALI,Fátima,04,-76.518896,3.464151,DOMICILIO,2025,enero     ,3,1/3/2025,6,16:55,DENUNCIA,Nivel 3
DELITOS SEXUALES,PORNOGRAFIA CON MENORES ART. 218 C.P.,CALI,Promociones Populares B,14,-76.47115,3.429298,DOMICILIO,2025,enero     ,4,1/4/2025,7,09:23,DENUNCIA,Nivel 3
DELITOS SEXUALES,ACTO SEXUAL VIOLENTO. ART. 206 C.P.,CALI,Desepaz Invicali,21,-76.463767,3.426313,DOMICILIO,2025,enero     ,5,1/5/2025,1,16:00,DENUNCIA,Nivel 3
DELITOS SEXUALES,PORNOGRAFIA CON MENORES ART. 218 C.P.,CALI,Sector Alto Jordán,18,-76.555232,3.378876,SIN INFORMACION,2025,enero     ,5,1/5/2025,1,20:00,DENUNCIA,Nivel 3
DELITOS SEXUALES,ACOSO SEXUAL ART. 210A C.P.  ADICIONADO LEY 1257 DE 2008,CALI,Desepaz Invicali,21,-76.464307,3.425479,DOMICILIO,2025,enero     ,5,1/5/2025,1,15:00,DENUNCIA,Nivel 3
DELITOS SEXUALES,ACCESO CARNAL ABUSIVO CON MENOR DE CATORCE AÑOS. ART. 208 C.P.,CALI,Los Comuneros I,15,-76.493181,3.409731,DOMICILIO,2025,enero     ,6,1/6/2025,2,11:00,DENUNCIA,Nivel 3
DELITOS SEXUALES,ACCESO CARNAL ABUSIVO CON MENOR DE CATORCE AÑOS. ART. 208 C.P.,CALI,San Luís,06,-76.488837,3.481898,DOMICILIO,2025,enero     ,6,1/6/2025,2,00:00,DENUNCIA,Nivel 3
DELITOS SEXUALES,ACTO SEXUAL VIOLENTO CON MENOR DE CATORCE AÑOS ART. 209 C.P. ,CALI,Los Comuneros I,15,-76.491209,3.414138,DOMICILIO,2025,enero     ,7,1/7/2025,3,13:24,DENUNCIA,Nivel 3
DELITOS SEXUALES,ACTO SEXUAL VIOLENTO. ART. 206 C.P.,CALI,Guayaquil,09,-76.524861,3.438286,DOMICILIO,2025,enero     ,7,1/7/2025,3,10:00,DENUNCIA,Nivel 3
DELITOS SEXUALES,ACCESO CARNAL VIOLENTO. ART. 205 C.P.,CALI,San Nicolás,03,-76.525086,3.455442,HOTEL / HOSTAL,2025,enero     ,7,1/7/2025,3,15:00,DENUNCIA,Nivel 3
DELITOS SEXUALES,ACCESO CARNAL VIOLENTO. ART. 205 C.P.,CALI,Rural,Rural,-76.532757,3.475662,VIA PUBLICA,2025,enero     ,7,1/7/2025,3,02:00,DENUNCIA,Nivel 3
DELITOS SEXUALES,ACCESO CARNAL VIOLENTO. ART. 205 C.P.,CALI,Sucre,09,-76.526285,3.448208,VEHICULO,2025,enero     ,8,1/8/2025,4,15:05,DENUNCIA,Nivel 3
DELITOS SEXUALES,ACCESO CARNAL ABUSIVO CON MENOR DE CATORCE AÑOS. ART. 208 C.P.,CALI,Los Comuneros II,13,-76.493835,3.426292,DOMICILIO,2025,enero     ,8,1/8/2025,4,21:00,DENUNCIA,Nivel 3
DELITOS SEXUALES,ACTO SEXUAL VIOLENTO. ART. 206 C.P.,CALI,Caney,17,-76.514407,3.388382,DOMICILIO,2025,enero     ,8,1/8/2025,4,10:47,DENUNCIA,Nivel 3
DELITOS SEXUALES,ACTOS SEXUALES CON MENOR DE CATORCE AÑOS. ART. 209 C.P.,CALI,El Vallado,15,-76.50075,3.40717,DOMICILIO,2025,enero     ,9,1/9/2025,5,16:43,DENUNCIA,Nivel 3
DELITOS SEXUALES,ACTOS SEXUALES CON MENOR DE CATORCE AÑOS. ART. 209 C.P.,CALI,Mariano Ramos,16,-76.515814,3.40376,DOMICILIO,2025,enero     ,9,1/9/2025,5,19:00,DENUNCIA,Nivel 3
DELITOS SEXUALES,ACTOS SEXUALES CON MENOR DE CATORCE AÑOS. ART. 209 C.P.,CALI,Petecuy Primera Etapa,06,-76.479285,3.474032,DOMICILIO,2025,enero     ,9,1/9/2025,5,20:30,DENUNCIA,Nivel 3
DELITOS SEXUALES,ACTOS SEXUALES CON MENOR DE CATORCE AÑOS. ART. 209 C.P.,CALI,Asturias,12,-76.502435,3.439446,DOMICILIO,2025,enero     ,9,1/9/2025,5,11:52,DENUNCIA,Nivel 3
DELITOS SEXUALES,ACCESO CARNAL VIOLENTO. ART. 205 C.P.,CALI,Rural,Rural,-76.473324,3.385712,AREA RURAL,2025,enero     ,9,1/9/2025,5,09:00,DENUNCIA,Nivel 3
DELITOS SEXUALES,ACCESO CARNAL ABUSIVO CON MENOR DE CATORCE AÑOS. ART. 208 C.P.,CALI,El Rodeo,12,-76.502731,3.435026,DOMICILIO,2025,enero     ,9,1/9/2025,5,09:06,DENUNCIA,Nivel 3
DELITOS SEXUALES,ACCESO CARNAL ABUSIVO CON MENOR DE CATORCE AÑOS. ART. 208 C.P.,CALI,San Nicolás,03,-76.518781,3.452981,SIN INFORMACION,2025,enero     ,9,1/9/2025,5,12:00,DENUNCIA,Nivel 3
DELITOS SEXUALES,INDUCCION A LA PROSTITUCION ART. 213 C.P.,CALI,Andalucía,81,-76.511586,3.351103,SIN INFORMACION,2025,enero     ,9,1/9/2025,5,04:20,DENUNCIA,Nivel 3
DELITOS SEXUALES,ACCESO CARNAL VIOLENTO. ART. 205 C.P.,CALI,El Vallado,15,-76.498012,3.405689,DOMICILIO,2025,enero     ,10,1/10/2025,6,11:04,DENUNCIA,Nivel 3
DELITOS SEXUALES,DEMANDA DE EXPLOT.SEX. COMERC. MENOR DE 18 AÑOS Adic. Art 217A C.P. Ley 1329 de 2009,CALI,La Libertad,10,-76.523482,3.424598,SIN INFORMACION,2025,enero     ,10,1/10/2025,6,19:50,DENUNCIA,Nivel 3
DELITOS SEXUALES,ACCESO CARNAL VIOLENTO. ART. 205 C.P.,CALI,Rural,Rural,-76.538086,3.480249,DOMICILIO,2025,enero     ,10,1/10/2025,6,22:00,DENUNCIA,Nivel 3
DELITOS SEXUALES,ACCESO CARNAL VIOLENTO. ART. 205 C.P.,CALI,José Manuel Marroquín I,14,-76.474819,3.421746,DOMICILIO,2025,enero     ,10,1/10/2025,6,22:00,DENUNCIA,Nivel 3
DELITOS SEXUALES,ACTO SEXUAL VIOLENTO. ART. 206 C.P.,CALI,Rural,Rural,-76.537622,3.462086,DOMICILIO,2025,enero     ,10,1/10/2025,6,13:33,DENUNCIA,Nivel 3
DELITOS SEXUALES,ACTO SEXUAL VIOLENTO. ART. 206 C.P.,CALI,Desepaz Invicali,21,-76.462903,3.428242,DOMICILIO,2025,enero     ,10,1/10/2025,6,11:27,DENUNCIA,Nivel 3
DELITOS SEXUALES,ACTOS SEXUALES CON MENOR DE CATORCE AÑOS. ART. 209 C.P.,CALI,Valle Grande,21,-76.470635,3.435286,DOMICILIO,2025,enero     ,10,1/10/2025,6,12:00,DENUNCIA,Nivel 3
DELITOS SEXUALES,ACTO SEXUAL VIOLENTO CON MENOR DE CATORCE AÑOS ART. 209 C.P. ,CALI,Salomia,04,-76.506939,3.46519,DOMICILIO,2025,enero     ,10,1/10/2025,6,09:45,DENUNCIA,Nivel 3
DELITOS SEXUALES,ACTOS SEXUALES CON MENOR DE CATORCE AÑOS. ART. 209 C.P.,CALI,Planta de Tratamiento,21,-76.476075,3.440277,SIN INFORMACION,2025,enero     ,11,1/11/2025,7,08:23,DENUNCIA,Nivel 3
DELITOS SEXUALES,ACCESO CARNAL VIOLENTO. ART. 205 C.P.,CALI,Siloé,20,-76.553884,3.419708,DOMICILIO,2025,enero     ,12,1/12/2025,1,14:00,DENUNCIA,Nivel 3
DELITOS SEXUALES,ACCESO CARNAL VIOLENTO. ART. 205 C.P.,CALI,San Pedro,03,-76.533131,3.449924,VIA PUBLICA,2025,enero     ,13,1/13/2025,2,14:18,DENUNCIA,Nivel 3
DELITOS SEXUALES,ACCESO CARNAL VIOLENTO. ART. 205 C.P.,CALI,Caney,17,-76.514407,3.388382,DOMICILIO,2025,enero     ,13,1/13/2025,2,13:46,DENUNCIA,Nivel 3
DELITOS SEXUALES,ACTOS SEXUALES CON MENOR DE CATORCE AÑOS. ART. 209 C.P.,CALI,Alirio Mora Beltrán,14,-76.478396,3.437809,DOMICILIO,2025,enero     ,13,1/13/2025,2,20:30,DENUNCIA,Nivel 3
DELITOS SEXUALES,ACOSO SEXUAL ART. 210A C.P.  ADICIONADO LEY 1257 DE 2008,CALI,Siete de Agosto,07,-76.486254,3.449184,DOMICILIO,2025,enero     ,13,1/13/2025,2,10:30,DENUNCIA,Nivel 3
DELITOS SEXUALES,ACCESO CARNAL ABUSIVO CON MENOR DE CATORCE AÑOS. ART. 208 C.P.,CALI,Villa Colombia,08,-76.49965,3.446376,DOMICILIO,2025,enero     ,14,1/14/2025,3,13:31,DENUNCIA,Nivel 3
DELITOS SEXUALES,PORNOGRAFIA CON MENORES ART. 218 C.P.,CALI,Sector Puente del Comercio,06,-76.496257,3.48925,OTRO,2025,enero     ,14,1/14/2025,3,17:04,DENUNCIA,Nivel 3
DELITOS SEXUALES,ACCESO CARNAL ABUSIVO CON MENOR DE CATORCE AÑOS. ART. 208 C.P.,CALI,Ciudad Córdoba,15,-76.502807,3.404133,SIN INFORMACION,2025,enero     ,14,1/14/2025,3,09:31,DENUNCIA,Nivel 3
DELITOS SEXUALES,ACCESO CARNAL VIOLENTO. ART. 205 C.P.,CALI,Las Ceibas,07,-76.488987,3.452865,DOMICILIO,2025,enero     ,14,1/14/2025,3,13:00,DENUNCIA,Nivel 3
DELITOS SEXUALES,PORNOGRAFIA CON MENORES ART. 218 C.P.,CALI,Siloé,20,-76.55733,3.42171,RED VIRTUAL O INTERNET,2025,enero     ,14,1/14/2025,3,06:48,DENUNCIA,Nivel 3
DELITOS SEXUALES,ACCESO CARNAL VIOLENTO. ART. 205 C.P.,CALI,Calimio Desepaz,21,-76.467928,3.414832,VEHICULO TAXI,2025,enero     ,15,1/15/2025,4,02:00,DENUNCIA,Nivel 3
DELITOS SEXUALES,ACTO SEXUAL VIOLENTO. ART. 206 C.P.,CALI,Ciudadela Comfandi,17,-76.52205,3.382955,DOMICILIO,2025,enero     ,15,1/15/2025,4,16:47,DENUNCIA,Nivel 3
DELITOS SEXUALES,ACTO SEXUAL VIOLENTO. ART. 206 C.P.,CALI,Desepaz Invicali,21,-76.463558,3.428563,SIN INFORMACION,2025,enero     ,15,1/15/2025,4,05:00,DENUNCIA,Nivel 3
DELITOS SEXUALES,ACOSO SEXUAL ART. 210A C.P.  ADICIONADO LEY 1257 DE 2008,CALI,Los Libertadores,03,-76.540582,3.441392,DOMICILIO,2025,enero     ,15,1/15/2025,4,14:43,DENUNCIA,Nivel 3
DELITOS SEXUALES,ACCESO CARNAL ABUSIVO CON MENOR DE CATORCE AÑOS. ART. 208 C.P.,CALI,San Nicolás,03,-76.518781,3.452981,SIN INFORMACION,2025,enero     ,15,1/15/2025,4,15:30,DENUNCIA,Nivel 3
DELITOS SEXUALES,ACTOS SEXUALES CON MENOR DE CATORCE AÑOS. ART. 209 C.P.,CALI,Polvorines,18,-76.556392,3.371314,CAMPO ABIERTO,2025,enero     ,15,1/15/2025,4,15:28,DENUNCIA,Nivel 3
DELITOS SEXUALES,ACTO SEXUAL VIOLENTO CON MENOR DE CATORCE AÑOS ART. 209 C.P. ,CALI,San Pedro,03,-76.533131,3.449924,DOMICILIO,2025,enero     ,15,1/15/2025,4,11:30,DENUNCIA,Nivel 3
DELITOS SEXUALES,ACCESO CARNAL ABUSIVO CON MENOR DE CATORCE AÑOS. ART. 208 C.P.,CALI,Ciudad Córdoba,15,-76.513521,3.394792,DOMICILIO,2025,enero     ,15,1/15/2025,4,14:04,DENUNCIA,Nivel 3
DELITOS SEXUALES,ACTOS SEXUALES CON MENOR DE CATORCE AÑOS. ART. 209 C.P.,CALI,Pizamos I,21,-76.475712,3.402843,DOMICILIO,2025,enero     ,15,1/15/2025,4,15:00,DENUNCIA,Nivel 3
DELITOS SEXUALES,ACCESO CARNAL ABUSIVO CON MENOR DE CATORCE AÑOS. ART. 208 C.P.,CALI,Rural,Rural,-76.483214,3.332586,SIN INFORMACION,2025,enero     ,16,1/16/2025,5,11:07,DENUNCIA,Nivel 3
DELITOS SEXUALES,ACTO SEXUAL VIOLENTO. ART. 206 C.P.,CALI,La Selva,10,-76.52862,3.412808,DOMICILIO,2025,enero     ,16,1/16/2025,5,08:16,DENUNCIA,Nivel 3
DELITOS SEXUALES,ACCESO CARNAL ABUSIVO CON MENOR DE CATORCE AÑOS. ART. 208 C.P.,CALI,Los Comuneros I,15,-76.492569,3.413354,DOMICILIO,2025,enero     ,16,1/16/2025,5,10:00,DENUNCIA,Nivel 3
DELITOS SEXUALES,ACTO SEXUAL VIOLENTO. ART. 206 C.P.,CALI,San Pedro,03,-76.533131,3.449924,DOMICILIO,2025,enero     ,16,1/16/2025,5,15:16,DENUNCIA,Nivel 3
DELITOS SEXUALES,ACTO SEXUAL VIOLENTO CON MENOR DE CATORCE AÑOS ART. 209 C.P. ,CALI,El Diamante,13,-76.502726,3.418658,DOMICILIO,2025,enero     ,16,1/16/2025,5,11:30,DENUNCIA,Nivel 3
DELITOS SEXUALES,ACCESO CARNAL ABUSIVO CON MENOR DE CATORCE AÑOS. ART. 208 C.P.,CALI,Urbanización Ciudad Jardín,22,-76.53147,3.362222,DOMICILIO,2025,enero     ,17,1/17/2025,6,16:44,DENUNCIA,Nivel 3
DELITOS SEXUALES,ACCESO CARNAL ABUSIVO CON MENOR DE CATORCE AÑOS. ART. 208 C.P.,CALI,Los Guayacanes,05,-76.491728,3.471681,DOMICILIO,2025,enero     ,17,1/17/2025,6,11:00,DENUNCIA,Nivel 3
DELITOS SEXUALES,ACCESO CARNAL O ACTO SEXUAL ABUSIVOS CON INCAPAZ DE RESISTIR. ART. 210 C.P.,CALI,Urbanización Ciudad Jardín,22,-76.537786,3.362917,SIN INFORMACION,2025,enero     ,17,1/17/2025,6,05:00,DENUNCIA,Nivel 3
DELITOS SEXUALES,ACCESO CARNAL VIOLENTO. ART. 205 C.P.,CALI,San Pedro,03,-76.533131,3.449924,DOMICILIO,2025,enero     ,17,1/17/2025,6,14:33,DENUNCIA,Nivel 3
DELITOS SEXUALES,ACCESO CARNAL ABUSIVO CON MENOR DE CATORCE AÑOS. ART. 208 C.P.,CALI,Santa Mónica Popular,08,-76.50974,3.435127,DOMICILIO,2025,enero     ,17,1/17/2025,6,17:15,DENUNCIA,Nivel 3
DELITOS SEXUALES,ACTOS SEXUALES CON MENOR DE CATORCE AÑOS. ART. 209 C.P.,CALI,San Pedro,03,-76.531595,3.450826,SIN INFORMACION,2025,enero     ,17,1/17/2025,6,08:57,DENUNCIA,Nivel 3
DELITOS SEXUALES,ACCESO CARNAL O ACTO SEXUAL ABUSIVOS CON INCAPAZ DE RESISTIR. ART. 210 C.P.,CALI,Rural,Rural,-76.571343,3.402398,DOMICILIO,2025,enero     ,18,1/18/2025,7,02:30,DENUNCIA,Nivel 3
DELITOS SEXUALES,ACCESO CARNAL VIOLENTO. ART. 205 C.P.,CALI,Junín,09,-76.526632,3.433554,DOMICILIO,2025,enero     ,18,1/18/2025,7,19:20,DENUNCIA,Nivel 3
DELITOS SEXUALES,ACCESO CARNAL VIOLENTO. ART. 205 C.P.,CALI,El Verdal - Gonchelandia,81,-76.517856,3.359315,DOMICILIO,2025,enero     ,19,1/19/2025,1,09:00,DENUNCIA,Nivel 3
DELITOS SEXUALES,PORNOGRAFIA CON MENORES ART. 218 C.P.,CALI,San Pedro,03,-76.533131,3.449924,DOMICILIO,2025,enero     ,20,1/20/2025,2,10:56,DENUNCIA,Nivel 3
DELITOS SEXUALES,ACCESO CARNAL ABUSIVO CON MENOR DE CATORCE AÑOS. ART. 208 C.P.,CALI,Rural,Rural,-76.490437,3.409692,DOMICILIO,2025,enero     ,20,1/20/2025,2,21:00,DENUNCIA,Nivel 3
DELITOS SEXUALES,ACCESO CARNAL VIOLENTO. ART. 205 C.P.,CALI,El Poblado II,13,-76.494119,3.417309,HOTEL / HOSTAL,2025,enero     ,20,1/20/2025,2,15:00,DENUNCIA,Nivel 3
DELITOS SEXUALES,ACTOS SEXUALES CON MENOR DE CATORCE AÑOS. ART. 209 C.P.,CALI,San Pedro,03,-76.533131,3.449924,DOMICILIO,2025,enero     ,20,1/20/2025,2,17:54,DENUNCIA,Nivel 3
DELITOS SEXUALES,ACCESO CARNAL ABUSIVO CON MENOR DE CATORCE AÑOS. ART. 208 C.P.,CALI,San Nicolás,03,-76.518781,3.452981,SIN INFORMACION,2025,enero     ,20,1/20/2025,2,08:00,DENUNCIA,Nivel 3
DELITOS SEXUALES,ACTO SEXUAL VIOLENTO. ART. 206 C.P.,CALI,Mariano Ramos,16,-76.517012,3.403173,SIN INFORMACION,2025,enero     ,20,1/20/2025,2,14:00,DENUNCIA,Nivel 3
DELITOS SEXUALES,ACCESO CARNAL VIOLENTO. ART. 205 C.P.,CALI,El Piloto,03,-76.522197,3.461722,DOMICILIO,2025,enero     ,21,1/21/2025,3,23:01,DENUNCIA,Nivel 3
DELITOS SEXUALES,ACOSO SEXUAL ART. 210A C.P.  ADICIONADO LEY 1257 DE 2008,CALI,San Vicente,02,-76.526566,3.462183,SIN INFORMACION,2025,enero     ,21,1/21/2025,3,14:25,DENUNCIA,Nivel 3
DELITOS SEXUALES,ACOSO SEXUAL ART. 210A C.P.  ADICIONADO LEY 1257 DE 2008,CALI,Juanambú,02,-76.536823,3.457988,SIN INFORMACION,2025,enero     ,21,1/21/2025,3,17:30,DENUNCIA,Nivel 3
DELITOS SEXUALES,ACCESO CARNAL ABUSIVO CON MENOR DE CATORCE AÑOS. ART. 208 C.P.,CALI,Ciudadela Floralia,06,-76.495715,3.491943,DOMICILIO,2025,enero     ,21,1/21/2025,3,17:00,DENUNCIA,Nivel 3
DELITOS SEXUALES,ACCESO CARNAL ABUSIVO CON MENOR DE CATORCE AÑOS. ART. 208 C.P.,CALI,Villanueva,12,-76.510034,3.430874,DOMICILIO,2025,enero     ,22,1/22/2025,4,15:42,DENUNCIA,Nivel 3
DELITOS SEXUALES,ACCESO CARNAL VIOLENTO. ART. 205 C.P.,CALI,El Refugio,19,-76.549756,3.39835,LUGAR DE RECREACION / PARQUE,2025,enero     ,22,1/22/2025,4,01:30,DENUNCIA,Nivel 3
DELITOS SEXUALES,ACTOS SEXUALES CON MENOR DE CATORCE AÑOS. ART. 209 C.P.,CALI,Vista Hermosa,01,-76.57338,3.453629,DOMICILIO,2025,enero     ,22,1/22/2025,4,17:00,DENUNCIA,Nivel 3
DELITOS SEXUALES,ACCESO CARNAL VIOLENTO. ART. 205 C.P.,CALI,Parcelaciones Pance,22,-76.5272,3.34719,DOMICILIO,2025,enero     ,22,1/22/2025,4,09:49,DENUNCIA,Nivel 3
DELITOS SEXUALES,INDUCCION A LA PROSTITUCION ART. 213 C.P.,CALI,Desepaz Invicali,21,-76.461883,3.426061,DOMICILIO,2025,enero     ,22,1/22/2025,4,10:56,DENUNCIA,Nivel 3
DELITOS SEXUALES,ACCESO CARNAL VIOLENTO. ART. 205 C.P.,CALI,Bellavista,19,-76.554906,3.442423,DOMICILIO,2025,enero     ,22,1/22/2025,4,23:08,DENUNCIA,Nivel 3
DELITOS SEXUALES,ACTOS SEXUALES CON MENOR DE CATORCE AÑOS. ART. 209 C.P.,CALI,3 de Julio,19,-76.540022,3.43012,DOMICILIO,2025,enero     ,22,1/22/2025,4,14:07,DENUNCIA,Nivel 3
DELITOS SEXUALES,ACCESO CARNAL ABUSIVO CON MENOR DE CATORCE AÑOS. ART. 208 C.P.,CALI,Las Orquídeas,14,-76.473429,3.414547,DOMICILIO,2025,enero     ,23,1/23/2025,5,18:59,DENUNCIA,Nivel 3
DELITOS SEXUALES,ACCESO CARNAL ABUSIVO CON MENOR DE CATORCE AÑOS. ART. 208 C.P.,CALI,Alfonso Lopez P. 2a Etapa,07,-76.481613,3.460774,SIN INFORMACION,2025,enero     ,23,1/23/2025,5,15:15,DENUNCIA,Nivel 3
DELITOS SEXUALES,ACCESO CARNAL ABUSIVO CON MENOR DE CATORCE AÑOS. ART. 208 C.P.,CALI,Calimio Desepaz,21,-76.46828,3.416113,DOMICILIO,2025,enero     ,24,1/24/2025,6,00:00,DENUNCIA,Nivel 3
DELITOS SEXUALES,ACTO SEXUAL VIOLENTO. ART. 206 C.P.,CALI,Venezuela - Urbanización Cañaveralejo,20,-76.561142,3.414936,OTRO,2025,enero     ,24,1/24/2025,6,17:37,DENUNCIA,Nivel 3
DELITOS SEXUALES,ACCESO CARNAL O ACTO SEXUAL ABUSIVOS CON INCAPAZ DE RESISTIR. ART. 210 C.P.,CALI,Rural,Rural,-76.568854,3.378525,DOMICILIO,2025,enero     ,24,1/24/2025,6,05:00,DENUNCIA,Nivel 3
DELITOS SEXUALES,ACCESO CARNAL VIOLENTO. ART. 205 C.P.,CALI,Vipasa,02,-76.515243,3.482029,DOMICILIO,2025,enero     ,24,1/24/2025,6,14:00,DENUNCIA,Nivel 3
DELITOS SEXUALES,ACOSO SEXUAL ART. 210A C.P.  ADICIONADO LEY 1257 DE 2008,CALI,3 de Julio,19,-76.540688,3.434894,DOMICILIO,2025,enero     ,24,1/24/2025,6,01:00,DENUNCIA,Nivel 3
DELITOS SEXUALES,ACCESO CARNAL VIOLENTO. ART. 205 C.P.,CALI,La Base,08,-76.493826,3.447706,DOMICILIO,2025,enero     ,25,1/25/2025,7,21:00,DENUNCIA,Nivel 3
DELITOS SEXUALES,ACTO SEXUAL VIOLENTO. ART. 206 C.P.,CALI,José Manuel Marroquín II,14,-76.483406,3.433098,SIN INFORMACION,2025,enero     ,25,1/25/2025,7,09:56,DENUNCIA,Nivel 3
DELITOS SEXUALES,ACTO SEXUAL VIOLENTO CON MENOR DE CATORCE AÑOS ART. 209 C.P. ,CALI,San Pedro,03,-76.533131,3.449924,DOMICILIO,2025,enero     ,25,1/25/2025,7,09:01,DENUNCIA,Nivel 3
DELITOS SEXUALES,DEMANDA DE EXPLOT.SEX. COMERC. MENOR DE 18 AÑOS Adic. Art 217A C.P. Ley 1329 de 2009,CALI,Buenos Aires,18,-76.546968,3.392335,ESTABLECIMIENTO EDUCATIVO,2025,enero     ,25,1/25/2025,7,16:41,DENUNCIA,Nivel 3
DELITOS SEXUALES,DEMANDA DE EXPLOT.SEX. COMERC. MENOR DE 18 AÑOS Adic. Art 217A C.P. Ley 1329 de 2009,CALI,Alirio Mora Beltrán,14,-76.477753,3.438306,DOMICILIO,2025,enero     ,25,1/25/2025,7,19:30,DENUNCIA,Nivel 3
DELITOS SEXUALES,ACTO SEXUAL VIOLENTO. ART. 206 C.P.,CALI,República de Israel,16,-76.514727,3.406126,SIN INFORMACION,2025,enero     ,26,1/26/2025,1,01:26,DENUNCIA,Nivel 3
DELITOS SEXUALES,CONSTREÑIMIENTO A LA PROSTITUCION ART. 214 C.P.,CALI,San Luís,06,-76.486756,3.4795,SIN INFORMACION,2025,enero     ,26,1/26/2025,1,22:00,DENUNCIA,Nivel 3
DELITOS SEXUALES,ACCESO CARNAL O ACTO SEXUAL ABUSIVOS CON INCAPAZ DE RESISTIR. ART. 210 C.P.,CALI,Lili,17,-76.514761,3.378654,EDIFICIO,2025,enero     ,26,1/26/2025,1,18:30,DENUNCIA,Nivel 3
DELITOS SEXUALES,ACTO SEXUAL VIOLENTO. ART. 206 C.P.,CALI,El Lido,19,-76.553018,3.421633,VEHICULO,2025,enero     ,26,1/26/2025,1,22:00,DENUNCIA,Nivel 3
DELITOS SEXUALES,ACCESO CARNAL VIOLENTO. ART. 205 C.P.,CALI,Lourdes,18,-76.556777,3.390682,SIN INFORMACION,2025,enero     ,26,1/26/2025,1,22:36,DENUNCIA,Nivel 3
DELITOS SEXUALES,ACCESO CARNAL VIOLENTO. ART. 205 C.P.,CALI,El Nacional,03,-76.544039,3.443816,DOMICILIO,2025,enero     ,26,1/26/2025,1,02:00,DENUNCIA,Nivel 3
DELITOS SEXUALES,ACCESO CARNAL O ACTO SEXUAL ABUSIVOS CON INCAPAZ DE RESISTIR. ART. 210 C.P.,CALI,Primero de Mayo,17,-76.530887,3.406646,DOMICILIO,2025,enero     ,27,1/27/2025,2,15:24,DENUNCIA,Nivel 3
DELITOS SEXUALES,ACCESO CARNAL VIOLENTO. ART. 205 C.P.,CALI,El Trébol,08,-76.49609,3.443448,ESTABLECIMIENTO DE COMERCIO,2025,enero     ,27,1/27/2025,2,12:45,DENUNCIA,Nivel 3
DELITOS SEXUALES,ACCESO CARNAL ABUSIVO CON MENOR DE CATORCE AÑOS. ART. 208 C.P.,CALI,Prados del Sur,18,-76.555439,3.388617,DOMICILIO,2025,enero     ,27,1/27/2025,2,11:14,DENUNCIA,Nivel 3
DELITOS SEXUALES,ACTOS SEXUALES CON MENOR DE CATORCE AÑOS. ART. 209 C.P.,CALI,Unión de Vivienda Popular,16,-76.509468,3.409185,DOMICILIO,2025,enero     ,27,1/27/2025,2,22:00,DENUNCIA,Nivel 3
DELITOS SEXUALES,ACTOS SEXUALES CON MENOR DE CATORCE AÑOS. ART. 209 C.P.,CALI,Los Andes,05,-76.495383,3.473319,DOMICILIO,2025,enero     ,29,1/29/2025,4,19:00,DENUNCIA,Nivel 3
DELITOS SEXUALES,ACCESO CARNAL ABUSIVO CON MENOR DE CATORCE AÑOS. ART. 208 C.P.,CALI,San Nicolás,03,-76.518781,3.452981,SIN INFORMACION,2025,enero     ,30,1/30/2025,5,05:00,DENUNCIA,Nivel 3
DELITOS SEXUALES,ACCESO CARNAL ABUSIVO CON MENOR DE CATORCE AÑOS. ART. 208 C.P.,CALI,Desepaz Invicali,21,-76.464377,3.425392,DOMICILIO,2025,enero     ,30,1/30/2025,5,12:06,DENUNCIA,Nivel 3
DELITOS SEXUALES,ACTO SEXUAL VIOLENTO. ART. 206 C.P.,CALI,Potrero Grande,21,-76.468747,3.405958,DOMICILIO,2025,enero     ,30,1/30/2025,5,14:31,DENUNCIA,Nivel 3
DELITOS SEXUALES,ACOSO SEXUAL ART. 210A C.P.  ADICIONADO LEY 1257 DE 2008,CALI,Eucaristico,19,-76.540928,3.42526,SIN INFORMACION,2025,enero     ,30,1/30/2025,5,19:27,DENUNCIA,Nivel 3
DELITOS SEXUALES,PORNOGRAFIA CON MENORES ART. 218 C.P.,CALI,San Luis II,06,-76.488543,3.488848,DOMICILIO,2025,enero     ,30,1/30/2025,5,10:50,DENUNCIA,Nivel 3
DELITOS SEXUALES,ACTO SEXUAL VIOLENTO. ART. 206 C.P.,CALI,San Pedro,03,-76.533131,3.449924,OTRO,2025,enero     ,30,1/30/2025,5,13:53,DENUNCIA,Nivel 3
DELITOS SEXUALES,ACCESO CARNAL VIOLENTO. ART. 205 C.P.,CALI,Las Ceibas,07,-76.485903,3.458292,DOMICILIO,2025,enero     ,30,1/30/2025,5,01:00,DENUNCIA,Nivel 3
DELITOS SEXUALES,ACCESO CARNAL O ACTO SEXUAL EN PERSONA PUESTA EN INCAPACIDAD DE RESISTIR. ART. 207 C.P.,CALI,La Floresta,08,-76.510339,3.443369,ESTABLECIMIENTO DE SALUD,2025,enero     ,31,1/31/2025,6,10:00,DENUNCIA,Nivel 3
DELITOS SEXUALES,ACTO SEXUAL VIOLENTO CON MENOR DE CATORCE AÑOS ART. 209 C.P. ,CALI,Desepaz Invicali,21,-76.462902,3.42602,DOMICILIO,2025,enero     ,31,1/31/2025,6,16:33,DENUNCIA,Nivel 3
DELITOS SEXUALES,ACCESO CARNAL ABUSIVO CON MENOR DE CATORCE AÑOS. ART. 208 C.P.,CALI,El Guabal,10,-76.52794,3.41457,DOMICILIO,2025,febrero   ,1,2/1/2025,7,22:00,DENUNCIA,Nivel 3
DELITOS SEXUALES,ACTOS SEXUALES CON MENOR DE CATORCE AÑOS. ART. 209 C.P.,CALI,Los Comuneros I,15,-76.492223,3.409585,VIA PUBLICA,2025,febrero   ,1,2/1/2025,7,00:10,DENUNCIA,Nivel 3
DELITOS SEXUALES,PORNOGRAFIA CON MENORES ART. 218 C.P.,CALI,Olaya Herrera,04,-76.509446,3.474885,DOMICILIO,2025,febrero   ,1,2/1/2025,7,21:00,DENUNCIA,Nivel 3
DELITOS SEXUALES,ACTOS SEXUALES CON MENOR DE CATORCE AÑOS. ART. 209 C.P.,CALI,Los Chorros,18,-76.553005,3.395281,DOMICILIO,2025,febrero   ,1,2/1/2025,7,08:00,DENUNCIA,Nivel 3
DELITOS SEXUALES,ACCESO CARNAL VIOLENTO. ART. 205 C.P.,CALI,Santa Elena,10,-76.521268,3.425417,VIA PUBLICA,2025,febrero   ,1,2/1/2025,7,22:00,DENUNCIA,Nivel 3
DELITOS SEXUALES,ACCESO CARNAL VIOLENTO. ART. 205 C.P.,CALI,San Pedro,03,-76.533131,3.449924,SIN INFORMACION,2025,febrero   ,1,2/1/2025,7,22:00,DENUNCIA,Nivel 3
DELITOS SEXUALES,ACTOS SEXUALES CON MENOR DE CATORCE AÑOS. ART. 209 C.P.,CALI,Barrio Obrero,09,-76.521594,3.445822,DOMICILIO,2025,febrero   ,1,2/1/2025,7,23:00,DENUNCIA,Nivel 3
DELITOS SEXUALES,ACCESO CARNAL ABUSIVO CON MENOR DE CATORCE AÑOS. ART. 208 C.P.,CALI,San Nicolás,03,-76.518781,3.452981,SIN INFORMACION,2025,febrero   ,2,2/2/2025,1,01:00,DENUNCIA,Nivel 3
DELITOS SEXUALES,ACCESO CARNAL ABUSIVO CON MENOR DE CATORCE AÑOS. ART. 208 C.P.,CALI,Los Lagos,13,-76.486284,3.429137,SIN INFORMACION,2025,febrero   ,2,2/2/2025,1,05:00,DENUNCIA,Nivel 3
DELITOS SEXUALES,ACCESO CARNAL O ACTO SEXUAL ABUSIVOS CON INCAPAZ DE RESISTIR. ART. 210 C.P.,CALI,Tierra Blanca,20,-76.560271,3.419591,DOMICILIO,2025,febrero   ,2,2/2/2025,1,22:00,DENUNCIA,Nivel 3
DELITOS SEXUALES,ACTOS SEXUALES CON MENOR DE CATORCE AÑOS. ART. 209 C.P.,CALI,Rural,Rural,-76.571381,3.372868,DOMICILIO,2025,febrero   ,2,2/2/2025,1,11:33,DENUNCIA,Nivel 3
DELITOS SEXUALES,ACTOS SEXUALES CON MENOR DE CATORCE AÑOS. ART. 209 C.P.,CALI,Ciudad Córdoba,15,-76.504887,3.406872,DOMICILIO,2025,febrero   ,2,2/2/2025,1,10:00,DENUNCIA,Nivel 3
DELITOS SEXUALES,ACCESO CARNAL ABUSIVO CON MENOR DE CATORCE AÑOS. ART. 208 C.P.,CALI,San Nicolás,03,-76.518781,3.452981,SIN INFORMACION,2025,febrero   ,2,2/2/2025,1,16:00,DENUNCIA,Nivel 3
DELITOS SEXUALES,ACCESO CARNAL ABUSIVO CON MENOR DE CATORCE AÑOS. ART. 208 C.P.,CALI,La Floresta,08,-76.514803,3.444986,DOMICILIO,2025,febrero   ,2,2/2/2025,1,00:00,DENUNCIA,Nivel 3
DELITOS SEXUALES,ACCESO CARNAL VIOLENTO. ART. 205 C.P.,CALI,La Isla,04,-76.511385,3.475102,DOMICILIO,2025,febrero   ,2,2/2/2025,1,22:00,DENUNCIA,Nivel 3
DELITOS SEXUALES,ACCESO CARNAL VIOLENTO. ART. 205 C.P.,CALI,El Cedro,19,-76.536807,3.434194,SIN INFORMACION,2025,febrero   ,2,2/2/2025,1,03:00,DENUNCIA,Nivel 3
DELITOS SEXUALES,ACCESO CARNAL ABUSIVO CON MENOR DE CATORCE AÑOS. ART. 208 C.P.,CALI,El Cedro,19,-76.53744,3.432259,SIN INFORMACION,2025,febrero   ,2,2/2/2025,1,03:00,DENUNCIA,Nivel 3
DELITOS SEXUALES,ACTOS SEXUALES CON MENOR DE CATORCE AÑOS. ART. 209 C.P.,CALI,La Fortaleza,11,-76.510699,3.427933,DOMICILIO,2025,febrero   ,2,2/2/2025,1,22:00,DENUNCIA,Nivel 3
DELITOS SEXUALES,ACTO SEXUAL VIOLENTO CON MENOR DE CATORCE AÑOS ART. 209 C.P. ,CALI,Rural,Rural,-76.579077,3.371917,SIN INFORMACION,2025,febrero   ,2,2/2/2025,1,07:57,DENUNCIA,Nivel 3
DELITOS SEXUALES,ACTO SEXUAL VIOLENTO CON MENOR DE CATORCE AÑOS ART. 209 C.P. ,CALI,Francisco Eladio Ramírez,18,-76.548707,3.389004,DOMICILIO,2025,febrero   ,3,2/3/2025,2,12:11,DENUNCIA,Nivel 3
DELITOS SEXUALES,ACTOS SEXUALES CON MENOR DE CATORCE AÑOS. ART. 209 C.P.,CALI,Villa del Prado - El Guabito,05,-76.487252,3.467755,SIN INFORMACION,2025,febrero   ,3,2/3/2025,2,13:00,DENUNCIA,Nivel 3
DELITOS SEXUALES,ACOSO SEXUAL ART. 210A C.P.  ADICIONADO LEY 1257 DE 2008,CALI,Brisas de Mayo,20,-76.56592,3.419812,DOMICILIO,2025,febrero   ,3,2/3/2025,2,12:00,DENUNCIA,Nivel 3
DELITOS SEXUALES,ACTOS SEXUALES CON MENOR DE CATORCE AÑOS. ART. 209 C.P.,CALI,Rural,Rural,-76.522662,3.31745,ESTABLECIMIENTO EDUCATIVO,2025,febrero   ,3,2/3/2025,2,10:00,DENUNCIA,Nivel 3
DELITOS SEXUALES,ACTOS SEXUALES CON MENOR DE CATORCE AÑOS. ART. 209 C.P.,CALI,El Poblado II,13,-76.487293,3.420664,DOMICILIO,2025,febrero   ,3,2/3/2025,2,18:00,DENUNCIA,Nivel 3
DELITOS SEXUALES,ACCESO CARNAL ABUSIVO CON MENOR DE CATORCE AÑOS. ART. 208 C.P.,CALI,Los Naranjos II,14,-76.474657,3.434993,DOMICILIO,2025,febrero   ,4,2/4/2025,3,09:18,DENUNCIA,Nivel 3
DELITOS SEXUALES,ACCESO CARNAL VIOLENTO. ART. 205 C.P.,CALI,José Manuel Marroquín II,14,-76.479187,3.428302,DOMICILIO,2025,febrero   ,4,2/4/2025,3,16:36,DENUNCIA,Nivel 3
DELITOS SEXUALES,ACTOS SEXUALES CON MENOR DE CATORCE AÑOS. ART. 209 C.P.,CALI,El Paraíso,12,-76.505182,3.433643,DOMICILIO,2025,febrero   ,4,2/4/2025,3,06:50,DENUNCIA,Nivel 3
DELITOS SEXUALES,ACTO SEXUAL VIOLENTO CON MENOR DE CATORCE AÑOS ART. 209 C.P. ,CALI,José Manuel Marroquín I,14,-76.475765,3.420991,DOMICILIO,2025,febrero   ,4,2/4/2025,3,08:49,DENUNCIA,Nivel 3
DELITOS SEXUALES,ACCESO CARNAL ABUSIVO CON MENOR DE CATORCE AÑOS. ART. 208 C.P.,CALI,San Pedro,03,-76.533131,3.449924,DOMICILIO,2025,febrero   ,4,2/4/2025,3,12:08,DENUNCIA,Nivel 3
DELITOS SEXUALES,ACTOS SEXUALES CON MENOR DE CATORCE AÑOS. ART. 209 C.P.,CALI,Ciudad Talanga,21,-76.464518,3.433991,DOMICILIO,2025,febrero   ,4,2/4/2025,3,15:40,DENUNCIA,Nivel 3
DELITOS SEXUALES,ACTO SEXUAL VIOLENTO CON MENOR DE CATORCE AÑOS ART. 209 C.P. ,CALI,Alfonso Lopez P. 2a Etapa,07,-76.48004,3.45941,ESTABLECIMIENTO EDUCATIVO,2025,febrero   ,4,2/4/2025,3,15:00,DENUNCIA,Nivel 3
DELITOS SEXUALES,ACTOS SEXUALES CON MENOR DE CATORCE AÑOS. ART. 209 C.P.,CALI,El Morichal,15,-76.505699,3.393635,VIA PUBLICA,2025,febrero   ,4,2/4/2025,3,14:00,DENUNCIA,Nivel 3
DELITOS SEXUALES,ACCESO CARNAL ABUSIVO CON MENOR DE CATORCE AÑOS. ART. 208 C.P.,CALI,El Lido,19,-76.554221,3.417562,VIA PUBLICA,2025,febrero   ,5,2/5/2025,4,22:00,DENUNCIA,Nivel 3
DELITOS SEXUALES,ACCESO CARNAL ABUSIVO CON MENOR DE CATORCE AÑOS. ART. 208 C.P.,CALI,Pizamos II,21,-76.468572,3.400928,DOMICILIO,2025,febrero   ,5,2/5/2025,4,15:19,DENUNCIA,Nivel 3
DELITOS SEXUALES,ACCESO CARNAL ABUSIVO CON MENOR DE CATORCE AÑOS. ART. 208 C.P.,CALI,Santa Mónica,02,-76.531196,3.467535,OTRO,2025,febrero   ,5,2/5/2025,4,16:04,DENUNCIA,Nivel 3
DELITOS SEXUALES,ACOSO SEXUAL ART. 210A C.P.  ADICIONADO LEY 1257 DE 2008,CALI,Chapinero,08,-76.503726,3.443553,ESTABLECIMIENTO DE COMERCIO,2025,febrero   ,5,2/5/2025,4,15:00,DENUNCIA,Nivel 3
DELITOS SEXUALES,ACCESO CARNAL VIOLENTO. ART. 205 C.P.,CALI,Prados de Oriente,11,-76.512133,3.430717,ESTABLECIMIENTO CARCELARIO,2025,febrero   ,5,2/5/2025,4,18:00,DENUNCIA,Nivel 3
DELITOS SEXUALES,ACCESO CARNAL ABUSIVO CON MENOR DE CATORCE AÑOS. ART. 208 C.P.,CALI,San Nicolás,03,-76.518781,3.452981,SIN INFORMACION,2025,febrero   ,5,2/5/2025,4,15:00,DENUNCIA,Nivel 3
DELITOS SEXUALES,ACCESO CARNAL VIOLENTO. ART. 205 C.P.,CALI,Prados del Norte,02,-76.520905,3.466425,ESTABLECIMIENTO DE COMERCIO,2025,febrero   ,5,2/5/2025,4,10:51,DENUNCIA,Nivel 3
DELITOS SEXUALES,ACCESO CARNAL ABUSIVO CON MENOR DE CATORCE AÑOS. ART. 208 C.P.,CALI,Los Cámbulos,19,-76.54,3.42,SIN INFORMACION,2025,febrero   ,5,2/5/2025,4,15:00,DENUNCIA,Nivel 3
DELITOS SEXUALES,ACTO SEXUAL VIOLENTO CON MENOR DE CATORCE AÑOS ART. 209 C.P. ,CALI,Siloé,20,-76.558602,3.422166,DOMICILIO,2025,febrero   ,6,2/6/2025,5,14:00,DENUNCIA,Nivel 3
DELITOS SEXUALES,ACCESO CARNAL VIOLENTO. ART. 205 C.P.,CALI,20 de Julio,11,-76.511741,3.433009,DOMICILIO,2025,febrero   ,6,2/6/2025,5,14:36,DENUNCIA,Nivel 3
DELITOS SEXUALES,ACTOS SEXUALES CON MENOR DE CATORCE AÑOS. ART. 209 C.P.,CALI,Siloé,20,-76.556375,3.418209,DOMICILIO,2025,febrero   ,6,2/6/2025,5,17:03,DENUNCIA,Nivel 3
DELITOS SEXUALES,ACTOS SEXUALES CON MENOR DE CATORCE AÑOS. ART. 209 C.P.,CALI,Alfonso Bonilla Aragón,14,-76.48521,3.424096,DOMICILIO,2025,febrero   ,6,2/6/2025,5,09:12,DENUNCIA,Nivel 3
DELITOS SEXUALES,ACTOS SEXUALES CON MENOR DE CATORCE AÑOS. ART. 209 C.P.,CALI,León XIII,11,-76.51056,3.425133,DOMICILIO,2025,febrero   ,6,2/6/2025,5,16:27,DENUNCIA,Nivel 3
DELITOS SEXUALES,ACTO SEXUAL VIOLENTO. ART. 206 C.P.,CALI,Los Comuneros II,13,-76.493285,3.422724,SIN INFORMACION,2025,febrero   ,6,2/6/2025,5,08:04,DENUNCIA,Nivel 3
DELITOS SEXUALES,ACCESO CARNAL O ACTO SEXUAL ABUSIVOS CON INCAPAZ DE RESISTIR. ART. 210 C.P.,CALI,Juanambú,02,-76.536636,3.457351,HOTEL / HOSTAL,2025,febrero   ,6,2/6/2025,5,15:00,DENUNCIA,Nivel 3
DELITOS SEXUALES,ACTOS SEXUALES CON MENOR DE CATORCE AÑOS. ART. 209 C.P.,CALI,Fepicol,07,-76.485306,3.461957,ESTABLECIMIENTO EDUCATIVO,2025,febrero   ,6,2/6/2025,5,12:08,DENUNCIA,Nivel 3
DELITOS SEXUALES,DEMANDA DE EXPLOT.SEX. COMERC. MENOR DE 18 AÑOS Adic. Art 217A C.P. Ley 1329 de 2009,CALI,Urbanización La Merced,02,-76.515379,3.479776,DOMICILIO,2025,febrero   ,7,2/7/2025,6,08:10,DENUNCIA,Nivel 3
DELITOS SEXUALES,ACCESO CARNAL O ACTO SEXUAL ABUSIVOS CON INCAPAZ DE RESISTIR. ART. 210 C.P.,CALI,Alfonso Lopez P. 3a Etapa,07,-76.483094,3.451719,VIA PUBLICA,2025,febrero   ,7,2/7/2025,6,18:30,DENUNCIA,Nivel 3
DELITOS SEXUALES,ACTOS SEXUALES CON MENOR DE CATORCE AÑOS. ART. 209 C.P.,CALI,Terrón Colorado,01,-76.560675,3.453933,DOMICILIO,2025,febrero   ,7,2/7/2025,6,15:59,DENUNCIA,Nivel 3
DELITOS SEXUALES,ACTOS SEXUALES CON MENOR DE CATORCE AÑOS. ART. 209 C.P.,CALI,San Pedro,03,-76.533131,3.449924,DOMICILIO,2025,febrero   ,7,2/7/2025,6,16:14,DENUNCIA,Nivel 3
DELITOS SEXUALES,ACOSO SEXUAL ART. 210A C.P.  ADICIONADO LEY 1257 DE 2008,CALI,Compartir,21,-76.466909,3.432766,DOMICILIO,2025,febrero   ,7,2/7/2025,6,06:00,DENUNCIA,Nivel 3
DELITOS SEXUALES,ACTOS SEXUALES CON MENOR DE CATORCE AÑOS. ART. 209 C.P.,CALI,León XIII,11,-76.509884,3.426515,DOMICILIO,2025,febrero   ,7,2/7/2025,6,14:56,DENUNCIA,Nivel 3
DELITOS SEXUALES,ACTO SEXUAL VIOLENTO. ART. 206 C.P.,CALI,Popular,04,-76.510938,3.471065,VIA PUBLICA,2025,febrero   ,8,2/8/2025,7,02:35,DENUNCIA,Nivel 3
DELITOS SEXUALES,ACTOS SEXUALES CON MENOR DE CATORCE AÑOS. ART. 209 C.P.,CALI,Rural,Rural,-76.578897,3.424176,VIA PUBLICA,2025,febrero   ,8,2/8/2025,7,03:30,DENUNCIA,Nivel 3
DELITOS SEXUALES,ACCESO CARNAL ABUSIVO CON MENOR DE CATORCE AÑOS. ART. 208 C.P.,CALI,Potrero Grande,21,-76.467489,3.408529,DOMICILIO,2025,febrero   ,8,2/8/2025,7,15:56,DENUNCIA,Nivel 3
DELITOS SEXUALES,ACTOS SEXUALES CON MENOR DE CATORCE AÑOS. ART. 209 C.P.,CALI,Manuela Beltrán,14,-76.472723,3.419735,DOMICILIO,2025,febrero   ,9,2/9/2025,1,00:15,DENUNCIA,Nivel 3
DELITOS SEXUALES,ACTOS SEXUALES CON MENOR DE CATORCE AÑOS. ART. 209 C.P.,CALI,Petecuy Segunda Etapa,06,-76.48353,3.480473,DOMICILIO,2025,febrero   ,9,2/9/2025,1,14:00,DENUNCIA,Nivel 3
DELITOS SEXUALES,CONSTREÑIMIENTO A LA PROSTITUCION ART. 214 C.P.,CALI,Mario Correa Rengifo,18,-76.556239,3.387705,SIN INFORMACION,2025,febrero   ,9,2/9/2025,1,20:00,DENUNCIA,Nivel 3
DELITOS SEXUALES,ACTO SEXUAL VIOLENTO CON MENOR DE CATORCE AÑOS ART. 209 C.P. ,CALI,Manuela Beltrán,14,-76.472719,3.419741,SIN INFORMACION,2025,febrero   ,9,2/9/2025,1,08:50,DENUNCIA,Nivel 3
DELITOS SEXUALES,ACTOS SEXUALES CON MENOR DE CATORCE AÑOS. ART. 209 C.P.,CALI,Rural,Rural,-76.574057,3.405183,DOMICILIO,2025,febrero   ,10,2/10/2025,2,10:00,DENUNCIA,Nivel 3
DELITOS SEXUALES,ACCESO CARNAL VIOLENTO. ART. 205 C.P.,CALI,Ciudad Córdoba,15,-76.504669,3.406497,OTRO,2025,febrero   ,10,2/10/2025,2,21:00,DENUNCIA,Nivel 3
DELITOS SEXUALES,ACCESO CARNAL ABUSIVO CON MENOR DE CATORCE AÑOS. ART. 208 C.P.,CALI,La Base,08,-76.496783,3.449889,SIN INFORMACION,2025,febrero   ,10,2/10/2025,2,05:00,DENUNCIA,Nivel 3
DELITOS SEXUALES,ACTO SEXUAL VIOLENTO. ART. 206 C.P.,CALI,San Nicolás,03,-76.518781,3.452981,SIN INFORMACION,2025,febrero   ,10,2/10/2025,2,22:00,DENUNCIA,Nivel 3
DELITOS SEXUALES,ACTOS SEXUALES CON MENOR DE CATORCE AÑOS. ART. 209 C.P.,CALI,Las Delicias,04,-76.511799,3.461589,ENTIDAD PUBLICA / ESTATAL,2025,febrero   ,10,2/10/2025,2,00:06,DENUNCIA,Nivel 3
DELITOS SEXUALES,PORNOGRAFIA CON MENORES ART. 218 C.P.,CALI,El Poblado I,13,-76.499865,3.419013,DOMICILIO,2025,febrero   ,10,2/10/2025,2,07:00,DENUNCIA,Nivel 3
DELITOS SEXUALES,ACOSO SEXUAL ART. 210A C.P.  ADICIONADO LEY 1257 DE 2008,CALI,La Campiña,02,-76.527516,3.481008,DOMICILIO,2025,febrero   ,10,2/10/2025,2,15:02,DENUNCIA,Nivel 3
DELITOS SEXUALES,ACCESO CARNAL ABUSIVO CON MENOR DE CATORCE AÑOS. ART. 208 C.P.,CALI,La Paz,02,-76.526794,3.483216,SIN INFORMACION,2025,febrero   ,10,2/10/2025,2,23:00,DENUNCIA,Nivel 3
DELITOS SEXUALES,ACTO SEXUAL VIOLENTO. ART. 206 C.P.,CALI,Unión de Vivienda Popular,16,-76.50511,3.408258,DOMICILIO,2025,febrero   ,11,2/11/2025,3,16:03,DENUNCIA,Nivel 3
DELITOS SEXUALES,ACTO SEXUAL VIOLENTO. ART. 206 C.P.,CALI,Petecuy Segunda Etapa,06,-76.483615,3.480889,DOMICILIO,2025,febrero   ,11,2/11/2025,3,10:00,DENUNCIA,Nivel 3
DELITOS SEXUALES,ACOSO SEXUAL ART. 210A C.P.  ADICIONADO LEY 1257 DE 2008,CALI,La Flora,02,-76.52214,3.48359,ENTIDAD PUBLICA / ESTATAL,2025,febrero   ,11,2/11/2025,3,11:39,DENUNCIA,Nivel 3
DELITOS SEXUALES,ACTO SEXUAL VIOLENTO. ART. 206 C.P.,CALI,El Paraíso,12,-76.506053,3.43285,DOMICILIO,2025,febrero   ,11,2/11/2025,3,11:45,DENUNCIA,Nivel 3
DELITOS SEXUALES,ACOSO SEXUAL ART. 210A C.P.  ADICIONADO LEY 1257 DE 2008,CALI,Venezuela - Urbanización Cañaveralejo,20,-76.563607,3.414572,SIN INFORMACION,2025,febrero   ,11,2/11/2025,3,13:40,DENUNCIA,Nivel 3
DELITOS SEXUALES,ACCESO CARNAL VIOLENTO. ART. 205 C.P.,CALI,Antonio Nariño,16,-76.508676,3.417394,DOMICILIO,2025,febrero   ,12,2/12/2025,4,15:24,DENUNCIA,Nivel 3
DELITOS SEXUALES,ACCESO CARNAL ABUSIVO CON MENOR DE CATORCE AÑOS. ART. 208 C.P.,CALI,Colseguros Andes,10,-76.525685,3.429163,DOMICILIO,2025,febrero   ,12,2/12/2025,4,10:00,DENUNCIA,Nivel 3
DELITOS SEXUALES,"ADIC.L.679/2001,ART.34.UTILIZAC.O FACILITAC.MEDIOS DE COMUNICAC.PARA OFRECER SERV.SEXUALES DE MENORES",CALI,San Pedro,03,-76.529973,3.454167,DOMICILIO,2025,febrero   ,12,2/12/2025,4,14:49,DENUNCIA,Nivel 3
DELITOS SEXUALES,ACCESO CARNAL O ACTO SEXUAL ABUSIVOS CON INCAPAZ DE RESISTIR. ART. 210 C.P.,CALI,Alfonso Lopez P. 2a Etapa,07,-76.480384,3.462078,DOMICILIO,2025,febrero   ,12,2/12/2025,4,12:56,DENUNCIA,Nivel 3
DELITOS SEXUALES,ACTO SEXUAL VIOLENTO CON MENOR DE CATORCE AÑOS ART. 209 C.P. ,CALI,Santa Fé,08,-76.504627,3.439787,DOMICILIO,2025,febrero   ,12,2/12/2025,4,15:57,DENUNCIA,Nivel 3
DELITOS SEXUALES,ACTOS SEXUALES CON MENOR DE CATORCE AÑOS. ART. 209 C.P.,CALI,La Alborada,16,-76.521473,3.400137,DOMICILIO,2025,febrero   ,12,2/12/2025,4,16:00,DENUNCIA,Nivel 3
DELITOS SEXUALES,INDUCCION A LA PROSTITUCION ART. 213 C.P.,CALI,Valle Grande,21,-76.471318,3.437387,DOMICILIO,2025,febrero   ,13,2/13/2025,5,12:00,DENUNCIA,Nivel 3
DELITOS SEXUALES,ACCESO CARNAL VIOLENTO. ART. 205 C.P.,CALI,Prados del Norte,02,-76.521107,3.465305,DOMICILIO,2025,febrero   ,13,2/13/2025,5,17:00,DENUNCIA,Nivel 3
DELITOS SEXUALES,ACOSO SEXUAL ART. 210A C.P.  ADICIONADO LEY 1257 DE 2008,CALI,Ciudad Córdoba,15,-76.510978,3.399888,SIN INFORMACION,2025,febrero   ,13,2/13/2025,5,02:55,DENUNCIA,Nivel 3
DELITOS SEXUALES,ACCESO CARNAL VIOLENTO. ART. 205 C.P.,CALI,Alto Nápoles,18,-76.560717,3.383396,DOMICILIO,2025,febrero   ,13,2/13/2025,5,09:46,DENUNCIA,Nivel 3
DELITOS SEXUALES,ACCESO CARNAL O ACTO SEXUAL ABUSIVOS CON INCAPAZ DE RESISTIR. ART. 210 C.P.,CALI,Champagnat,19,-76.534604,3.432174,DOMICILIO,2025,febrero   ,13,2/13/2025,5,00:00,DENUNCIA,Nivel 3
DELITOS SEXUALES,ACTO SEXUAL VIOLENTO. ART. 206 C.P.,CALI,El Morichal,15,-76.499838,3.402064,DOMICILIO,2025,febrero   ,13,2/13/2025,5,15:28,DENUNCIA,Nivel 3
DELITOS SEXUALES,ACTO SEXUAL VIOLENTO CON MENOR DE CATORCE AÑOS ART. 209 C.P. ,CALI,Siloé,20,-76.557333,3.423695,DOMICILIO,2025,febrero   ,13,2/13/2025,5,16:47,DENUNCIA,Nivel 3
DELITOS SEXUALES,ACTOS SEXUALES CON MENOR DE CATORCE AÑOS. ART. 209 C.P.,CALI,Mayapan - Las Vegas,17,-76.54332,3.383454,SIN INFORMACION,2025,febrero   ,13,2/13/2025,5,15:04,DENUNCIA,Nivel 3
DELITOS SEXUALES,ACCESO CARNAL ABUSIVO CON MENOR DE CATORCE AÑOS. ART. 208 C.P.,CALI,San Pedro,03,-76.533131,3.449924,DOMICILIO,2025,febrero   ,13,2/13/2025,5,17:47,DENUNCIA,Nivel 3
DELITOS SEXUALES,ACCESO CARNAL VIOLENTO. ART. 205 C.P.,CALI,Villa del Prado - El Guabito,05,-76.488717,3.468322,DOMICILIO,2025,febrero   ,14,2/14/2025,6,09:00,DENUNCIA,Nivel 3
DELITOS SEXUALES,PORNOGRAFIA CON MENORES ART. 218 C.P.,CALI,Belalcázar,09,-76.521968,3.441925,LUGAR DE TRABAJO,2025,febrero   ,14,2/14/2025,6,14:15,DENUNCIA,Nivel 3
DELITOS SEXUALES,ACTO SEXUAL VIOLENTO. ART. 206 C.P.,CALI,El Morichal,15,-76.500828,3.403884,DOMICILIO,2025,febrero   ,14,2/14/2025,6,15:59,DENUNCIA,Nivel 3
DELITOS SEXUALES,ACCESO CARNAL VIOLENTO. ART. 205 C.P.,CALI,Santa Mónica,02,-76.531196,3.467535,DOMICILIO,2025,febrero   ,14,2/14/2025,6,11:35,DENUNCIA,Nivel 3
DELITOS SEXUALES,ACTOS SEXUALES CON MENOR DE CATORCE AÑOS. ART. 209 C.P.,CALI,Mojica,15,-76.488266,3.415469,SIN INFORMACION,2025,febrero   ,14,2/14/2025,6,01:30,DENUNCIA,Nivel 3
DELITOS SEXUALES,ACCESO CARNAL ABUSIVO CON MENOR DE CATORCE AÑOS. ART. 208 C.P.,CALI,Petecuy Primera Etapa,06,-76.480621,3.474981,DOMICILIO,2025,febrero   ,15,2/15/2025,7,22:00,DENUNCIA,Nivel 3
DELITOS SEXUALES,ACTO SEXUAL VIOLENTO CON MENOR DE CATORCE AÑOS ART. 209 C.P. ,CALI,Lourdes,18,-76.55675,3.391408,DOMICILIO,2025,febrero   ,15,2/15/2025,7,23:00,DENUNCIA,Nivel 3
DELITOS SEXUALES,ACTO SEXUAL VIOLENTO. ART. 206 C.P.,CALI,Terrón Colorado,01,-76.559095,3.452096,TRANSPORTE PUBLICO RURAL,2025,febrero   ,15,2/15/2025,7,15:30,DENUNCIA,Nivel 3
DELITOS SEXUALES,ACTOS SEXUALES CON MENOR DE CATORCE AÑOS. ART. 209 C.P.,CALI,República de Israel,16,-76.50958,3.404925,VIA PUBLICA,2025,febrero   ,15,2/15/2025,7,22:15,DENUNCIA,Nivel 3
DELITOS SEXUALES,ACTOS SEXUALES CON MENOR DE CATORCE AÑOS. ART. 209 C.P.,CALI,Puerta del Sol,14,-76.471884,3.43048,DOMICILIO,2025,febrero   ,16,2/16/2025,1,12:30,DENUNCIA,Nivel 3
DELITOS SEXUALES,ACTOS SEXUALES CON MENOR DE CATORCE AÑOS. ART. 209 C.P.,CALI,Las Orquídeas,14,-76.478703,3.418099,DOMICILIO,2025,febrero   ,16,2/16/2025,1,18:00,DENUNCIA,Nivel 3
DELITOS SEXUALES,ACCESO CARNAL VIOLENTO. ART. 205 C.P.,CALI,Las Ceibas,07,-76.489804,3.453264,DOMICILIO,2025,febrero   ,16,2/16/2025,1,19:02,DENUNCIA,Nivel 3
DELITOS SEXUALES,ACCESO CARNAL VIOLENTO. ART. 205 C.P.,CALI,La Independencia,11,-76.516907,3.415844,DOMICILIO,2025,febrero   ,16,2/16/2025,1,06:50,DENUNCIA,Nivel 3
DELITOS SEXUALES,ACCESO CARNAL ABUSIVO CON MENOR DE CATORCE AÑOS. ART. 208 C.P.,CALI,Buenos Aires,18,-76.549022,3.39183,SIN INFORMACION,2025,febrero   ,16,2/16/2025,1,16:00,DENUNCIA,Nivel 3
DELITOS SEXUALES,PORNOGRAFIA CON MENORES ART. 218 C.P.,CALI,Jorge Isaacs,04,-76.51671,3.457419,RED VIRTUAL O INTERNET,2025,febrero   ,17,2/17/2025,2,03:00,DENUNCIA,Nivel 3
DELITOS SEXUALES,ACTOS SEXUALES CON MENOR DE CATORCE AÑOS. ART. 209 C.P.,CALI,Alfonso Bonilla Aragón,14,-76.479902,3.41837,DOMICILIO,2025,febrero   ,17,2/17/2025,2,03:00,DENUNCIA,Nivel 3
DELITOS SEXUALES,ACCESO CARNAL ABUSIVO CON MENOR DE CATORCE AÑOS. ART. 208 C.P.,CALI,Alfonso Lopez P. 1a Etapa,07,-76.482368,3.465028,DOMICILIO,2025,febrero   ,17,2/17/2025,2,10:30,DENUNCIA,Nivel 3
DELITOS SEXUALES,ACTOS SEXUALES CON MENOR DE CATORCE AÑOS. ART. 209 C.P.,CALI,Vista Hermosa,01,-76.579338,3.457692,DOMICILIO,2025,febrero   ,17,2/17/2025,2,09:00,DENUNCIA,Nivel 3
DELITOS SEXUALES,ACTOS SEXUALES CON MENOR DE CATORCE AÑOS. ART. 209 C.P.,CALI,Calimio Desepaz,21,-76.467708,3.414968,DOMICILIO,2025,febrero   ,17,2/17/2025,2,08:58,DENUNCIA,Nivel 3
DELITOS SEXUALES,PORNOGRAFIA CON MENORES ART. 218 C.P.,CALI,Prados del Sur,18,-76.555183,3.388203,DOMICILIO,2025,febrero   ,18,2/18/2025,3,11:03,DENUNCIA,Nivel 3
DELITOS SEXUALES,ACOSO SEXUAL ART. 210A C.P.  ADICIONADO LEY 1257 DE 2008,CALI,San Nicolás,03,-76.518781,3.452981,SIN INFORMACION,2025,febrero   ,18,2/18/2025,3,15:49,DENUNCIA,Nivel 3
DELITOS SEXUALES,ACTOS SEXUALES CON MENOR DE CATORCE AÑOS. ART. 209 C.P.,CALI,Compartir,21,-76.466285,3.431713,DOMICILIO,2025,febrero   ,19,2/19/2025,4,15:31,DENUNCIA,Nivel 3
DELITOS SEXUALES,ACCESO CARNAL ABUSIVO CON MENOR DE CATORCE AÑOS. ART. 208 C.P.,CALI,San Pedro,03,-76.533056,3.4503,EDIFICIO,2025,febrero   ,19,2/19/2025,4,00:00,DENUNCIA,Nivel 3
DELITOS SEXUALES,ACCESO CARNAL VIOLENTO. ART. 205 C.P.,CALI,La Esperanza,11,-76.518823,3.420197,DOMICILIO,2025,febrero   ,20,2/20/2025,5,16:42,DENUNCIA,Nivel 3
DELITOS SEXUALES,ACTO SEXUAL VIOLENTO. ART. 206 C.P.,CALI,San Pedro,03,-76.533131,3.449924,VIA PUBLICA,2025,febrero   ,20,2/20/2025,5,15:38,DENUNCIA,Nivel 3
DELITOS SEXUALES,ACTO SEXUAL VIOLENTO CON MENOR DE CATORCE AÑOS ART. 209 C.P. ,CALI,Mariano Ramos,16,-76.514533,3.402752,ESTABLECIMIENTO EDUCATIVO,2025,febrero   ,20,2/20/2025,5,00:00,DENUNCIA,Nivel 3
DELITOS SEXUALES,PORNOGRAFIA CON MENORES ART. 218 C.P.,CALI,San Pedro,03,-76.533131,3.449924,SIN INFORMACION,2025,febrero   ,20,2/20/2025,5,15:00,DENUNCIA,Nivel 3
DELITOS SEXUALES,ACCESO CARNAL ABUSIVO CON MENOR DE CATORCE AÑOS. ART. 208 C.P.,CALI,Omar Torrijos,13,-76.486647,3.427178,DOMICILIO,2025,febrero   ,21,2/21/2025,6,11:47,DENUNCIA,Nivel 3
DELITOS SEXUALES,ACCESO CARNAL ABUSIVO CON MENOR DE CATORCE AÑOS. ART. 208 C.P.,CALI,Los Comuneros I,15,-76.49308,3.41035,DOMICILIO,2025,febrero   ,21,2/21/2025,6,14:30,DENUNCIA,Nivel 3
DELITOS SEXUALES,ACCESO CARNAL O ACTO SEXUAL EN PERSONA PUESTA EN INCAPACIDAD DE RESISTIR. ART. 207 C.P.,CALI,Santa Isabel,19,-76.551295,3.431074,DOMICILIO,2025,febrero   ,21,2/21/2025,6,23:00,DENUNCIA,Nivel 3
DELITOS SEXUALES,ACTO SEXUAL VIOLENTO. ART. 206 C.P.,CALI,San Nicolás,03,-76.518781,3.452981,SIN INFORMACION,2025,febrero   ,21,2/21/2025,6,22:00,DENUNCIA,Nivel 3
DELITOS SEXUALES,ACCESO CARNAL ABUSIVO CON MENOR DE CATORCE AÑOS. ART. 208 C.P.,CALI,Alirio Mora Beltrán,14,-76.479805,3.437796,SIN INFORMACION,2025,febrero   ,21,2/21/2025,6,14:46,DENUNCIA,Nivel 3
DELITOS SEXUALES,ACCESO CARNAL ABUSIVO CON MENOR DE CATORCE AÑOS. ART. 208 C.P.,CALI,Rural,Rural,-76.534452,3.479398,DOMICILIO,2025,febrero   ,21,2/21/2025,6,09:00,DENUNCIA,Nivel 3
DELITOS SEXUALES,ACCESO CARNAL ABUSIVO CON MENOR DE CATORCE AÑOS. ART. 208 C.P.,CALI,Rural,Rural,-76.547053,3.460017,SIN INFORMACION,2025,febrero   ,21,2/21/2025,6,16:20,DENUNCIA,Nivel 3
DELITOS SEXUALES,ACTO SEXUAL VIOLENTO. ART. 206 C.P.,CALI,El Guayabal 2,81,-76.513313,3.36112,EDIFICIO,2025,febrero   ,22,2/22/2025,7,18:40,DENUNCIA,Nivel 3
DELITOS SEXUALES,ACCESO CARNAL ABUSIVO CON MENOR DE CATORCE AÑOS. ART. 208 C.P.,CALI,San Cayetano,03,-76.540659,3.445404,DOMICILIO,2025,febrero   ,22,2/22/2025,7,20:50,DENUNCIA,Nivel 3
DELITOS SEXUALES,ACCESO CARNAL VIOLENTO. ART. 205 C.P.,CALI,Aguacatal,01,-76.556631,3.455917,CAMPO ABIERTO,2025,febrero   ,22,2/22/2025,7,14:00,DENUNCIA,Nivel 3
DELITOS SEXUALES,ACTOS SEXUALES CON MENOR DE CATORCE AÑOS. ART. 209 C.P.,CALI,José Manuel Marroquín I,14,-76.478203,3.420061,DOMICILIO,2025,febrero   ,23,2/23/2025,1,11:19,DENUNCIA,Nivel 3
DELITOS SEXUALES,ACCESO CARNAL O ACTO SEXUAL ABUSIVOS CON INCAPAZ DE RESISTIR. ART. 210 C.P.,CALI,Brisas de Mayo,20,-76.566349,3.418481,DOMICILIO,2025,febrero   ,23,2/23/2025,1,04:30,DENUNCIA,Nivel 3
DELITOS SEXUALES,ACCESO CARNAL ABUSIVO CON MENOR DE CATORCE AÑOS. ART. 208 C.P.,CALI,Santa Elena,10,-76.522458,3.426949,SIN INFORMACION,2025,febrero   ,23,2/23/2025,1,15:30,DENUNCIA,Nivel 3
DELITOS SEXUALES,ACTO SEXUAL VIOLENTO. ART. 206 C.P.,CALI,Aguablanca,11,-76.518367,3.434114,DOMICILIO,2025,febrero   ,23,2/23/2025,1,06:00,DENUNCIA,Nivel 3
DELITOS SEXUALES,ACTOS SEXUALES CON MENOR DE CATORCE AÑOS. ART. 209 C.P.,CALI,Torres de Comfandi,05,-76.502355,3.475915,DOMICILIO,2025,febrero   ,23,2/23/2025,1,21:44,DENUNCIA,Nivel 3
DELITOS SEXUALES,ACTO SEXUAL VIOLENTO. ART. 206 C.P.,CALI,Bretaña,09,-76.530533,3.437747,VIA PUBLICA,2025,febrero   ,23,2/23/2025,1,16:00,DENUNCIA,Nivel 3
DELITOS SEXUALES,ACTOS SEXUALES CON MENOR DE CATORCE AÑOS. ART. 209 C.P.,CALI,Olímpico,10,-76.532218,3.422838,LUGAR DE RECREACION / PARQUE,2025,febrero   ,23,2/23/2025,1,10:30,DENUNCIA,Nivel 3
DELITOS SEXUALES,PORNOGRAFIA CON MENORES ART. 218 C.P.,CALI,San Pedro,03,-76.533131,3.449924,VIA PUBLICA,2025,febrero   ,24,2/24/2025,2,15:54,DENUNCIA,Nivel 3
DELITOS SEXUALES,ACCESO CARNAL VIOLENTO. ART. 205 C.P.,CALI,Rural,Rural,-76.572157,3.407244,DOMICILIO,2025,febrero   ,24,2/24/2025,2,16:30,DENUNCIA,Nivel 3
DELITOS SEXUALES,ACTO SEXUAL VIOLENTO. ART. 206 C.P.,CALI,Prados del Norte,02,-76.521717,3.465953,TERMINAL DE TRANSPORTE,2025,febrero   ,24,2/24/2025,2,16:00,DENUNCIA,Nivel 3
DELITOS SEXUALES,ACTO SEXUAL VIOLENTO. ART. 206 C.P.,CALI,Urbanización La Nueva Base,08,-76.492102,3.446791,SIN INFORMACION,2025,febrero   ,24,2/24/2025,2,10:17,DENUNCIA,Nivel 3
DELITOS SEXUALES,ACTO SEXUAL VIOLENTO CON MENOR DE CATORCE AÑOS ART. 209 C.P. ,CALI,Villa Colombia,08,-76.500169,3.44746,ESTABLECIMIENTO EDUCATIVO,2025,febrero   ,24,2/24/2025,2,21:00,DENUNCIA,Nivel 3
DELITOS SEXUALES,ACTOS SEXUALES CON MENOR DE CATORCE AÑOS. ART. 209 C.P.,CALI,Manuela Beltrán,14,-76.471841,3.415944,DOMICILIO,2025,febrero   ,24,2/24/2025,2,11:00,DENUNCIA,Nivel 3
DELITOS SEXUALES,ACTO SEXUAL VIOLENTO CON MENOR DE CATORCE AÑOS ART. 209 C.P. ,CALI,San Nicolás,03,-76.529819,3.45458,SIN INFORMACION,2025,febrero   ,25,2/25/2025,3,08:08,DENUNCIA,Nivel 3
DELITOS SEXUALES,ACTO SEXUAL VIOLENTO. ART. 206 C.P.,CALI,Manuela Beltrán,14,-76.475729,3.418079,DOMICILIO,2025,febrero   ,26,2/26/2025,4,17:00,DENUNCIA,Nivel 3
DELITOS SEXUALES,ACTO SEXUAL VIOLENTO. ART. 206 C.P.,CALI,Vista Hermosa,01,-76.578686,3.455321,EDIFICIO,2025,febrero   ,26,2/26/2025,4,10:59,DENUNCIA,Nivel 3
DELITOS SEXUALES,ACTO SEXUAL VIOLENTO. ART. 206 C.P.,CALI,Rural,Rural,-76.551999,3.487634,DOMICILIO,2025,febrero   ,26,2/26/2025,4,21:10,DENUNCIA,Nivel 3
DELITOS SEXUALES,ACTOS SEXUALES CON MENOR DE CATORCE AÑOS. ART. 209 C.P.,CALI,Parcelaciones Pance,22,-76.539128,3.346458,VIA PUBLICA,2025,febrero   ,27,2/27/2025,5,14:30,DENUNCIA,Nivel 3
DELITOS SEXUALES,ACTO SEXUAL VIOLENTO. ART. 206 C.P.,CALI,Mojica,15,-76.485362,3.415863,DOMICILIO,2025,febrero   ,27,2/27/2025,5,07:24,DENUNCIA,Nivel 3
DELITOS SEXUALES,ACTOS SEXUALES CON MENOR DE CATORCE AÑOS. ART. 209 C.P.,CALI,Alfonso Bonilla Aragón,14,-76.482854,3.41636,ESTACION DE ARTICULADO,2025,febrero   ,27,2/27/2025,5,19:00,DENUNCIA,Nivel 3
DELITOS SEXUALES,PORNOGRAFIA CON MENORES ART. 218 C.P.,CALI,Alfonso Lopez P. 2a Etapa,07,-76.479751,3.458939,ESTABLECIMIENTO EDUCATIVO,2025,febrero   ,27,2/27/2025,5,00:00,DENUNCIA,Nivel 3
DELITOS SEXUALES,ACTOS SEXUALES CON MENOR DE CATORCE AÑOS. ART. 209 C.P.,CALI,San Nicolás,03,-76.526807,3.453144,DOMICILIO,2025,febrero   ,27,2/27/2025,5,11:39,DENUNCIA,Nivel 3
DELITOS SEXUALES,ACCESO CARNAL O ACTO SEXUAL EN PERSONA PUESTA EN INCAPACIDAD DE RESISTIR. ART. 207 C.P.,CALI,Ciudadela Floralia,06,-76.493523,3.49995,DOMICILIO,2025,febrero   ,27,2/27/2025,5,16:00,DENUNCIA,Nivel 3
DELITOS SEXUALES,ACCESO CARNAL VIOLENTO. ART. 205 C.P.,CALI,Rural,Rural,-76.56479,3.435925,SIN INFORMACION,2025,febrero   ,27,2/27/2025,5,04:38,DENUNCIA,Nivel 3
DELITOS SEXUALES,DEMANDA DE EXPLOT.SEX. COMERC. MENOR DE 18 AÑOS Adic. Art 217A C.P. Ley 1329 de 2009,CALI,El Vallado,15,-76.497569,3.407035,DOMICILIO,2025,febrero   ,27,2/27/2025,5,10:03,DENUNCIA,Nivel 3
DELITOS SEXUALES,PORNOGRAFIA CON MENORES ART. 218 C.P.,CALI,El Ingenio,17,-76.526799,3.385019,LUGAR DE TRABAJO,2025,febrero   ,27,2/27/2025,5,06:32,DENUNCIA,Nivel 3
DELITOS SEXUALES,ACOSO SEXUAL ART. 210A C.P.  ADICIONADO LEY 1257 DE 2008,CALI,San Nicolás,03,-76.527625,3.451909,DOMICILIO,2025,febrero   ,28,2/28/2025,6,11:09,DENUNCIA,Nivel 3
DELITOS SEXUALES,ACCESO CARNAL VIOLENTO. ART. 205 C.P.,CALI,Sultana - Berlín - San Francisco,04,-76.517049,3.463531,DOMICILIO,2025,febrero   ,28,2/28/2025,6,14:00,DENUNCIA,Nivel 3
DELITOS SEXUALES,ACOSO SEXUAL ART. 210A C.P.  ADICIONADO LEY 1257 DE 2008,CALI,Villa Colombia,08,-76.500169,3.44746,ESTABLECIMIENTO EDUCATIVO,2025,febrero   ,28,2/28/2025,6,16:30,DENUNCIA,Nivel 3
DELITOS SEXUALES,ACTO SEXUAL VIOLENTO. ART. 206 C.P.,CALI,Alirio Mora Beltrán,14,-76.477961,3.436936,DOMICILIO,2025,febrero   ,28,2/28/2025,6,10:00,DENUNCIA,Nivel 3
DELITOS SEXUALES,ACCESO CARNAL VIOLENTO. ART. 205 C.P.,CALI,Antonio Nariño,16,-76.510157,3.416761,VIA PUBLICA,2025,febrero   ,28,2/28/2025,6,05:40,DENUNCIA,Nivel 3
DELITOS SEXUALES,ACTOS SEXUALES CON MENOR DE CATORCE AÑOS. ART. 209 C.P.,CALI,Alfonso Bonilla Aragón,14,-76.484407,3.41952,DOMICILIO,2025,marzo     ,1,3/1/2025,7,10:00,DENUNCIA,Nivel 3
DELITOS SEXUALES,ACTOS SEXUALES CON MENOR DE CATORCE AÑOS. ART. 209 C.P.,CALI,Rural,Rural,-76.562476,3.447879,DOMICILIO,2025,marzo     ,1,3/1/2025,7,14:00,DENUNCIA,Nivel 3
DELITOS SEXUALES,ACTO SEXUAL VIOLENTO CON MENOR DE CATORCE AÑOS ART. 209 C.P. ,CALI,Antonio Nariño,16,-76.5061,3.418429,DOMICILIO,2025,marzo     ,1,3/1/2025,7,11:40,DENUNCIA,Nivel 3
DELITOS SEXUALES,ACCESO CARNAL ABUSIVO CON MENOR DE CATORCE AÑOS. ART. 208 C.P.,CALI,Nápoles,18,-76.549827,3.386933,DOMICILIO,2025,marzo     ,1,3/1/2025,7,14:00,DENUNCIA,Nivel 3
DELITOS SEXUALES,ACCESO CARNAL ABUSIVO CON MENOR DE CATORCE AÑOS. ART. 208 C.P.,CALI,Bretaña,09,-76.533937,3.440748,ESTABLECIMIENTO EDUCATIVO,2025,marzo     ,1,3/1/2025,7,00:00,DENUNCIA,Nivel 3
DELITOS SEXUALES,ACTOS SEXUALES CON MENOR DE CATORCE AÑOS. ART. 209 C.P.,CALI,Siete de Agosto,07,-76.485245,3.446746,DOMICILIO,2025,marzo     ,1,3/1/2025,7,01:00,DENUNCIA,Nivel 3
DELITOS SEXUALES,ACCESO CARNAL ABUSIVO CON MENOR DE CATORCE AÑOS. ART. 208 C.P.,CALI,Potrero Grande,21,-76.468981,3.406761,SIN INFORMACION,2025,marzo     ,1,3/1/2025,7,21:00,DENUNCIA,Nivel 3
DELITOS SEXUALES,ACCESO CARNAL VIOLENTO. ART. 205 C.P.,CALI,Calimio Desepaz,21,-76.470047,3.41428,DOMICILIO,2025,marzo     ,1,3/1/2025,7,18:00,DENUNCIA,Nivel 3
DELITOS SEXUALES,ACCESO CARNAL ABUSIVO CON MENOR DE CATORCE AÑOS. ART. 208 C.P.,CALI,Jorge Eliécer Gaitán,06,-76.482611,3.471015,DOMICILIO,2025,marzo     ,1,3/1/2025,7,12:00,DENUNCIA,Nivel 3
DELITOS SEXUALES,ACCESO CARNAL ABUSIVO CON MENOR DE CATORCE AÑOS. ART. 208 C.P.,CALI,La Alborada,16,-76.521084,3.39995,SIN INFORMACION,2025,marzo     ,1,3/1/2025,7,05:00,DENUNCIA,Nivel 3
DELITOS SEXUALES,ACTOS SEXUALES CON MENOR DE CATORCE AÑOS. ART. 209 C.P.,CALI,Polvorines,18,-76.5565,3.37077,DOMICILIO,2025,marzo     ,2,3/2/2025,1,12:00,DENUNCIA,Nivel 3
DELITOS SEXUALES,ACCESO CARNAL VIOLENTO. ART. 205 C.P.,CALI,Cañaveralejo - Seguros Patria,19,-76.546572,3.404538,DOMICILIO,2025,marzo     ,2,3/2/2025,1,14:00,DENUNCIA,Nivel 3
DELITOS SEXUALES,PORNOGRAFIA CON MENORES ART. 218 C.P.,CALI,Parcelaciones Pance,22,-76.534005,3.354349,DOMICILIO,2025,marzo     ,2,3/2/2025,1,00:00,DENUNCIA,Nivel 3
DELITOS SEXUALES,ACCESO CARNAL VIOLENTO. ART. 205 C.P.,CALI,Terrón Colorado,01,-76.56523,3.451065,SIN INFORMACION,2025,marzo     ,2,3/2/2025,1,19:20,DENUNCIA,Nivel 3
DELITOS SEXUALES,ACCESO CARNAL O ACTO SEXUAL EN PERSONA PUESTA EN INCAPACIDAD DE RESISTIR ART. 207,CALI,Lili,17,-76.519287,3.365795,DOMICILIO,2025,marzo     ,2,3/2/2025,1,19:00,DENUNCIA,Nivel 3
DELITOS SEXUALES,ACCESO CARNAL ABUSIVO CON MENOR DE CATORCE AÑOS. ART. 208 C.P.,CALI,Petecuy Primera Etapa,06,-76.480921,3.473487,DOMICILIO,2025,marzo     ,2,3/2/2025,1,18:30,DENUNCIA,Nivel 3
DELITOS SEXUALES,ACTO SEXUAL VIOLENTO. ART. 206 C.P.,CALI,Los Andes,05,-76.496107,3.47166,VIA PUBLICA,2025,marzo     ,2,3/2/2025,1,01:00,DENUNCIA,Nivel 3
DELITOS SEXUALES,ACCESO CARNAL VIOLENTO. ART. 205 C.P.,CALI,Metropolitano del Norte,05,-76.491148,3.481068,DOMICILIO,2025,marzo     ,2,3/2/2025,1,09:00,DENUNCIA,Nivel 3
DELITOS SEXUALES,ACTOS SEXUALES CON MENOR DE CATORCE AÑOS. ART. 209 C.P.,CALI,Sector Cañaveralejo Guadalupe,19,-76.557304,3.395076,DOMICILIO,2025,marzo     ,2,3/2/2025,1,16:00,DENUNCIA,Nivel 3
DELITOS SEXUALES,ACOSO SEXUAL ART. 210A C.P.  ADICIONADO LEY 1257 DE 2008,CALI,Parcelaciones Pance,22,-76.526375,3.347227,ESTABLECIMIENTO EDUCATIVO,2025,marzo     ,3,3/3/2025,2,14:44,DENUNCIA,Nivel 3
DELITOS SEXUALES,ACCESO CARNAL VIOLENTO. ART. 205 C.P.,CALI,Brisas de Mayo,20,-76.563014,3.416132,DOMICILIO,2025,marzo     ,3,3/3/2025,2,15:28,DENUNCIA,Nivel 3
DELITOS SEXUALES,ACCESO CARNAL ABUSIVO CON MENOR DE CATORCE AÑOS. ART. 208 C.P.,CALI,El Lido,19,-76.552088,3.415382,ESTABLECIMIENTO EDUCATIVO,2025,marzo     ,3,3/3/2025,2,20:45,DENUNCIA,Nivel 3
DELITOS SEXUALES,ACCESO CARNAL VIOLENTO. ART. 205 C.P.,CALI,Urbanización Nueva Granada,19,-76.550138,3.424677,DOMICILIO,2025,marzo     ,3,3/3/2025,2,22:00,DENUNCIA,Nivel 3
DELITOS SEXUALES,PORNOGRAFIA CON MENORES ART. 218 C.P.,CALI,El Lido,19,-76.554221,3.417562,ESTABLECIMIENTO EDUCATIVO,2025,marzo     ,3,3/3/2025,2,15:30,DENUNCIA,Nivel 3
DELITOS SEXUALES,DEMANDA DE EXPLOT.SEX. COMERC. MENOR DE 18 AÑOS Adic. Art 217A C.P. Ley 1329 de 2009,CALI,El Vergel,13,-76.500783,3.418774,DOMICILIO,2025,marzo     ,3,3/3/2025,2,13:15,DENUNCIA,Nivel 3
DELITOS SEXUALES,ACCESO CARNAL VIOLENTO. ART. 205 C.P.,CALI,El Poblado I,13,-76.496437,3.417491,CERCA AL DOMICILIO,2025,marzo     ,3,3/3/2025,2,10:04,DENUNCIA,Nivel 3
DELITOS SEXUALES,ACTOS SEXUALES CON MENOR DE CATORCE AÑOS. ART. 209 C.P.,CALI,Jorge Zawadsky,10,-76.531537,3.40871,DOMICILIO,2025,marzo     ,3,3/3/2025,2,17:00,DENUNCIA,Nivel 3
DELITOS SEXUALES,ACCESO CARNAL VIOLENTO. ART. 205 C.P.,CALI,Saavedra Galindo,08,-76.513812,3.44105,CAMPO ABIERTO,2025,marzo     ,4,3/4/2025,3,14:06,DENUNCIA,Nivel 3
DELITOS SEXUALES,ACCESO CARNAL ABUSIVO CON MENOR DE CATORCE AÑOS. ART. 208 C.P.,CALI,San Nicolás,03,-76.518781,3.452981,SIN INFORMACION,2025,marzo     ,4,3/4/2025,3,08:00,DENUNCIA,Nivel 3
DELITOS SEXUALES,ACTOS SEXUALES CON MENOR DE CATORCE AÑOS. ART. 209 C.P.,CALI,El Poblado II,13,-76.493248,3.420387,DOMICILIO,2025,marzo     ,4,3/4/2025,3,14:30,DENUNCIA,Nivel 3
DELITOS SEXUALES,ACCESO CARNAL VIOLENTO. ART. 205 C.P.,CALI,San Judas Tadeo I,10,-76.524819,3.407456,DOMICILIO,2025,marzo     ,5,3/5/2025,4,01:30,DENUNCIA,Nivel 3
DELITOS SEXUALES,ACCESO CARNAL VIOLENTO. ART. 205 C.P.,CALI,Promociones Populares B,14,-76.47555,3.425334,DOMICILIO,2025,marzo     ,5,3/5/2025,4,19:30,DENUNCIA,Nivel 3
DELITOS SEXUALES,ACCESO CARNAL ABUSIVO CON MENOR DE CATORCE AÑOS. ART. 208 C.P.,CALI,El Vallado,15,-76.496592,3.407357,ESTABLECIMIENTO EDUCATIVO,2025,marzo     ,5,3/5/2025,4,09:15,DENUNCIA,Nivel 3
DELITOS SEXUALES,ACCESO CARNAL VIOLENTO. ART. 205 C.P.,CALI,Mojica,15,-76.486981,3.414314,DOMICILIO,2025,marzo     ,5,3/5/2025,4,05:00,DENUNCIA,Nivel 3
DELITOS SEXUALES,ACTOS SEXUALES CON MENOR DE CATORCE AÑOS. ART. 209 C.P.,CALI,Prados del Limonar,17,-76.527988,3.389936,SIN INFORMACION,2025,marzo     ,5,3/5/2025,4,15:23,DENUNCIA,Nivel 3
DELITOS SEXUALES,ACCESO CARNAL VIOLENTO. ART. 205 C.P.,CALI,Santa Mónica,02,-76.5306,3.466882,DOMICILIO,2025,marzo     ,5,3/5/2025,4,14:51,DENUNCIA,Nivel 3
DELITOS SEXUALES,ACTO SEXUAL VIOLENTO CON MENOR DE CATORCE AÑOS ART. 209 C.P. ,CALI,José Manuel Marroquín I,14,-76.474819,3.421746,ESTABLECIMIENTO EDUCATIVO,2025,marzo     ,5,3/5/2025,4,00:00,DENUNCIA,Nivel 3
DELITOS SEXUALES,ACCESO CARNAL VIOLENTO. ART. 205 C.P.,CALI,La Merced,03,-76.536014,3.44745,ESTABLECIMIENTO DE SALUD,2025,marzo     ,6,3/6/2025,5,07:12,DENUNCIA,Nivel 3
DELITOS SEXUALES,ACCESO CARNAL VIOLENTO. ART. 205 C.P.,CALI,El Sena,05,-76.504109,3.467278,VIA PUBLICA,2025,marzo     ,6,3/6/2025,5,10:30,DENUNCIA,Nivel 3
DELITOS SEXUALES,ACCESO CARNAL VIOLENTO. ART. 205 C.P.,CALI,Lleras Camargo,20,-76.56107,3.421643,DOMICILIO,2025,marzo     ,6,3/6/2025,5,15:40,DENUNCIA,Nivel 3
DELITOS SEXUALES,ACTO SEXUAL VIOLENTO CON MENOR DE CATORCE AÑOS ART. 209 C.P. ,CALI,San Nicolás,03,-76.518781,3.452981,SIN INFORMACION,2025,marzo     ,6,3/6/2025,5,17:58,DENUNCIA,Nivel 3
DELITOS SEXUALES,ACOSO SEXUAL ART. 210A C.P.  ADICIONADO LEY 1257 DE 2008,CALI,El Sena,05,-76.501697,3.467811,ESTABLECIMIENTO EDUCATIVO,2025,marzo     ,6,3/6/2025,5,13:47,DENUNCIA,Nivel 3
DELITOS SEXUALES,ACCESO CARNAL ABUSIVO CON MENOR DE CATORCE AÑOS. ART. 208 C.P.,CALI,Mojica,15,-76.485876,3.414506,DOMICILIO,2025,marzo     ,6,3/6/2025,5,00:00,DENUNCIA,Nivel 3
DELITOS SEXUALES,ACTOS SEXUALES CON MENOR DE CATORCE AÑOS. ART. 209 C.P.,CALI,Ciudad Campestre,22,-76.537447,3.370429,SIN INFORMACION,2025,marzo     ,7,3/7/2025,6,11:10,DENUNCIA,Nivel 3
DELITOS SEXUALES,ACTOS SEXUALES CON MENOR DE CATORCE AÑOS. ART. 209 C.P.,CALI,Ciudad Córdoba,15,-76.505783,3.402998,VIA PUBLICA,2025,marzo     ,7,3/7/2025,6,06:00,DENUNCIA,Nivel 3
DELITOS SEXUALES,ACCESO CARNAL ABUSIVO CON MENOR DE CATORCE AÑOS. ART. 208 C.P.,CALI,El Vergel,13,-76.500392,3.414135,DOMICILIO,2025,marzo     ,7,3/7/2025,6,10:50,DENUNCIA,Nivel 3
DELITOS SEXUALES,ACTOS SEXUALES CON MENOR DE CATORCE AÑOS. ART. 209 C.P.,CALI,Rural,Rural,-76.539846,3.458887,DOMICILIO,2025,marzo     ,7,3/7/2025,6,22:00,DENUNCIA,Nivel 3
DELITOS SEXUALES,PORNOGRAFIA CON MENORES ART. 218 C.P.,CALI,Cristóbal Colón,10,-76.525408,3.421868,SIN INFORMACION,2025,marzo     ,7,3/7/2025,6,13:00,DENUNCIA,Nivel 3
DELITOS SEXUALES,ACCESO CARNAL O ACTO SEXUAL ABUSIVOS CON INCAPAZ DE RESISTIR. ART. 210 C.P.,CALI,Santa Elena,10,-76.524303,3.429729,DOMICILIO,2025,marzo     ,8,3/8/2025,7,16:30,DENUNCIA,Nivel 3
DELITOS SEXUALES,ACCESO CARNAL O ACTO SEXUAL EN PERSONA PUESTA EN INCAPACIDAD DE RESISTIR. ART. 207 C.P.,CALI,Sucre,09,-76.523731,3.443819,DOMICILIO,2025,marzo     ,8,3/8/2025,7,22:00,DENUNCIA,Nivel 3
DELITOS SEXUALES,ACCESO CARNAL VIOLENTO. ART. 205 C.P.,CALI,Ciudadela del Rio - CVC,21,-76.464283,3.426635,SIN INFORMACION,2025,marzo     ,8,3/8/2025,7,08:25,DENUNCIA,Nivel 3
DELITOS SEXUALES,ACTOS SEXUALES CON MENOR DE CATORCE AÑOS. ART. 209 C.P.,CALI,Villa del Prado - El Guabito,05,-76.487326,3.46888,DOMICILIO,2025,marzo     ,9,3/9/2025,1,16:00,DENUNCIA,Nivel 3
DELITOS SEXUALES,ACTO SEXUAL VIOLENTO. ART. 206 C.P.,CALI,Mariano Ramos,16,-76.513122,3.402379,DOMICILIO,2025,marzo     ,9,3/9/2025,1,02:33,DENUNCIA,Nivel 3
DELITOS SEXUALES,ACCESO CARNAL VIOLENTO. ART. 205 C.P.,CALI,Urbanización Ciudad Jardín,22,-76.536758,3.363708,DOMICILIO,2025,marzo     ,9,3/9/2025,1,23:00,DENUNCIA,Nivel 3
DELITOS SEXUALES,ACCESO CARNAL VIOLENTO. ART. 205 C.P.,CALI,Manuela Beltrán,14,-76.47326,3.415861,DOMICILIO,2025,marzo     ,9,3/9/2025,1,03:00,DENUNCIA,Nivel 3
DELITOS SEXUALES,ACTOS SEXUALES CON MENOR DE CATORCE AÑOS. ART. 209 C.P.,CALI,Calimio Desepaz,21,-76.467091,3.414717,VIA PUBLICA,2025,marzo     ,10,3/10/2025,2,11:59,DENUNCIA,Nivel 3
DELITOS SEXUALES,ACCESO CARNAL VIOLENTO. ART. 205 C.P.,CALI,El Poblado I,13,-76.49422,3.418212,SIN INFORMACION,2025,marzo     ,10,3/10/2025,2,10:44,DENUNCIA,Nivel 3
DELITOS SEXUALES,ACOSO SEXUAL ART. 210A C.P.  ADICIONADO LEY 1257 DE 2008,CALI,Urbanización Ciudad Jardín,22,-76.537093,3.370093,SIN INFORMACION,2025,marzo     ,10,3/10/2025,2,20:27,DENUNCIA,Nivel 3
DELITOS SEXUALES,ACOSO SEXUAL ART. 210A C.P.  ADICIONADO LEY 1257 DE 2008,CALI,San Fernando Viejo,19,-76.547128,3.433495,ESTABLECIMIENTO DE SALUD,2025,marzo     ,10,3/10/2025,2,22:00,DENUNCIA,Nivel 3
DELITOS SEXUALES,ACTO SEXUAL VIOLENTO CON MENOR DE CATORCE AÑOS ART. 209 C.P. ,CALI,Los Guayacanes,05,-76.488388,3.475521,DOMICILIO,2025,marzo     ,10,3/10/2025,2,10:00,DENUNCIA,Nivel 3
DELITOS SEXUALES,ACTO SEXUAL VIOLENTO. ART. 206 C.P.,CALI,Los Comuneros I,15,-76.491936,3.411202,DOMICILIO,2025,marzo     ,10,3/10/2025,2,20:00,DENUNCIA,Nivel 3
DELITOS SEXUALES,ACCESO CARNAL VIOLENTO. ART. 205 C.P. ,CALI,Lleras Restrepo II,13,-76.494408,3.434968,DOMICILIO,2025,marzo     ,10,3/10/2025,2,18:34,DENUNCIA,Nivel 3
DELITOS SEXUALES,ACTOS SEXUALES CON MENOR DE CATORCE AÑOS. ART. 209 C.P.,CALI,Junín,09,-76.527638,3.433916,DOMICILIO,2025,marzo     ,10,3/10/2025,2,08:00,DENUNCIA,Nivel 3
DELITOS SEXUALES,ACTOS SEXUALES CON MENOR DE CATORCE AÑOS. ART. 209 C.P.,CALI,Metropolitano del Norte,05,-76.494688,3.485397,DOMICILIO,2025,marzo     ,11,3/11/2025,3,19:57,DENUNCIA,Nivel 3
DELITOS SEXUALES,ACCESO CARNAL VIOLENTO. ART. 205 C.P.,CALI,San Pedro,03,-76.533131,3.449924,SIN INFORMACION,2025,marzo     ,11,3/11/2025,3,11:26,DENUNCIA,Nivel 3
DELITOS SEXUALES,ACCESO CARNAL VIOLENTO. ART. 205 C.P.,CALI,San Pedro,03,-76.533131,3.449924,DOMICILIO,2025,marzo     ,11,3/11/2025,3,00:00,DENUNCIA,Nivel 3
DELITOS SEXUALES,ACCESO CARNAL ABUSIVO CON MENOR DE CATORCE AÑOS. ART. 208 C.P.,CALI,Guayaquil,09,-76.527655,3.439485,CAMPO ABIERTO,2025,marzo     ,11,3/11/2025,3,14:56,DENUNCIA,Nivel 3
DELITOS SEXUALES,ACCESO CARNAL ABUSIVO CON MENOR DE CATORCE AÑOS. ART. 208 C.P.,CALI,San Nicolás,03,-76.527024,3.453912,ESTABLECIMIENTO DE SALUD,2025,marzo     ,11,3/11/2025,3,09:23,DENUNCIA,Nivel 3
DELITOS SEXUALES,ACTO SEXUAL VIOLENTO. ART. 206 C.P.,CALI,Bosques del Limonar,17,-76.533932,3.400957,DOMICILIO,2025,marzo     ,11,3/11/2025,3,09:56,DENUNCIA,Nivel 3
DELITOS SEXUALES,ACTOS SEXUALES CON MENOR DE CATORCE AÑOS. ART. 209 C.P.,CALI,Sector Alto Jordán,18,-76.553243,3.376242,DOMICILIO,2025,marzo     ,11,3/11/2025,3,10:33,DENUNCIA,Nivel 3
DELITOS SEXUALES,ACTOS SEXUALES CON MENOR DE CATORCE AÑOS. ART. 209 C.P.,CALI,San Pedro,03,-76.531809,3.454425,DOMICILIO,2025,marzo     ,11,3/11/2025,3,08:00,DENUNCIA,Nivel 3
DELITOS SEXUALES,ACTO SEXUAL VIOLENTO. ART. 206 C.P.,CALI,Mojica,15,-76.487563,3.415468,DOMICILIO,2025,marzo     ,12,3/12/2025,4,15:43,DENUNCIA,Nivel 3
DELITOS SEXUALES,ACCESO CARNAL O ACTO SEXUAL ABUSIVOS CON INCAPAZ DE RESISTIR. ART. 210 C.P.,CALI,Cañaveralejo - Seguros Patria,19,-76.544863,3.40135,DOMICILIO,2025,marzo     ,12,3/12/2025,4,18:00,DENUNCIA,Nivel 3
DELITOS SEXUALES,ACTOS SEXUALES CON MENOR DE CATORCE AÑOS. ART. 209 C.P.,CALI,Petecuy Primera Etapa,06,-76.479087,3.475914,DOMICILIO,2025,marzo     ,12,3/12/2025,4,16:02,DENUNCIA,Nivel 3
DELITOS SEXUALES,ACCESO CARNAL ABUSIVO CON MENOR DE CATORCE AÑOS. ART. 208 C.P.,CALI,Villa del Lago,13,-76.48779,3.438157,DOMICILIO,2025,marzo     ,12,3/12/2025,4,11:00,DENUNCIA,Nivel 3
DELITOS SEXUALES,ACTOS SEXUALES CON MENOR DE CATORCE AÑOS. ART. 209 C.P.,CALI,San Fernando Viejo,19,-76.547125,3.440122,DOMICILIO,2025,marzo     ,12,3/12/2025,4,23:00,DENUNCIA,Nivel 3
DELITOS SEXUALES,ACCESO CARNAL VIOLENTO. ART. 205 C.P.,CALI,Potrero Grande,21,-76.47007,3.407678,DOMICILIO,2025,marzo     ,12,3/12/2025,4,22:00,DENUNCIA,Nivel 3
DELITOS SEXUALES,ACTOS SEXUALES CON MENOR DE CATORCE AÑOS. ART. 209 C.P.,CALI,Rural,Rural,-76.572779,3.428501,OTRO,2025,marzo     ,13,3/13/2025,5,00:00,DENUNCIA,Nivel 3
DELITOS SEXUALES,DEMANDA DE EXPLOT.SEX. COMERC. MENOR DE 18 AÑOS Adic. Art 217A C.P. Ley 1329 de 2009,CALI,San Pedro,03,-76.533131,3.449924,DOMICILIO,2025,marzo     ,13,3/13/2025,5,11:14,DENUNCIA,Nivel 3
DELITOS SEXUALES,ACCESO CARNAL ABUSIVO CON MENOR DE CATORCE AÑOS. ART. 208 C.P.,CALI,Santa Elena,10,-76.521825,3.427134,DOMICILIO,2025,marzo     ,13,3/13/2025,5,00:00,DENUNCIA,Nivel 3
DELITOS SEXUALES,ACCESO CARNAL ABUSIVO CON MENOR DE CATORCE AÑOS. ART. 208 C.P.,CALI,San Pedro,03,-76.533131,3.449924,DOMICILIO,2025,marzo     ,13,3/13/2025,5,14:34,DENUNCIA,Nivel 3
DELITOS SEXUALES,ACTOS SEXUALES CON MENOR DE CATORCE AÑOS. ART. 209 C.P.,CALI,El Limonar,17,-76.529682,3.402151,SIN INFORMACION,2025,marzo     ,14,3/14/2025,6,13:15,DENUNCIA,Nivel 3
DELITOS SEXUALES,ACCESO CARNAL O ACTO SEXUAL ABUSIVOS CON INCAPAZ DE RESISTIR. ART. 210 C.P.,CALI,San Pedro,03,-76.533131,3.449924,DOMICILIO,2025,marzo     ,14,3/14/2025,6,16:35,DENUNCIA,Nivel 3
DELITOS SEXUALES,ACCESO CARNAL ABUSIVO CON MENOR DE CATORCE AÑOS. ART. 208 C.P.,CALI,Los Naranjos II,14,-76.47823,3.432604,DOMICILIO,2025,marzo     ,15,3/15/2025,7,23:00,DENUNCIA,Nivel 3
DELITOS SEXUALES,ACCESO CARNAL ABUSIVO CON MENOR DE CATORCE AÑOS. ART. 208 C.P.,CALI,Sucre,09,-76.52296,3.447179,DOMICILIO,2025,marzo     ,15,3/15/2025,7,16:26,DENUNCIA,Nivel 3
DELITOS SEXUALES,ACCESO CARNAL ABUSIVO CON MENOR DE CATORCE AÑOS. ART. 208 C.P.,CALI,Aguablanca,11,-76.518101,3.430298,SIN INFORMACION,2025,marzo     ,15,3/15/2025,7,10:30,DENUNCIA,Nivel 3
DELITOS SEXUALES,ACCESO CARNAL VIOLENTO. ART. 205 C.P.,CALI,Pizamos II,21,-76.47223,3.404307,DOMICILIO,2025,marzo     ,15,3/15/2025,7,00:00,DENUNCIA,Nivel 3
DELITOS SEXUALES,ACTO SEXUAL VIOLENTO. ART. 206 C.P.,CALI,Chapinero,08,-76.504701,3.444452,HOTEL / HOSTAL,2025,marzo     ,15,3/15/2025,7,12:48,DENUNCIA,Nivel 3
DELITOS SEXUALES,ACCESO CARNAL ABUSIVO CON MENOR DE CATORCE AÑOS. ART. 208 C.P.,CALI,Primitivo Crespo,08,-76.518356,3.439633,DOMICILIO,2025,marzo     ,15,3/15/2025,7,13:58,DENUNCIA,Nivel 3
DELITOS SEXUALES,ACTOS SEXUALES CON MENOR DE CATORCE AÑOS. ART. 209 C.P.,CALI,El Lido,19,-76.554221,3.417562,DOMICILIO,2025,marzo     ,15,3/15/2025,7,16:55,DENUNCIA,Nivel 3
DELITOS SEXUALES,ACTOS SEXUALES CON MENOR DE CATORCE AÑOS. ART. 209 C.P.,CALI,El Poblado I,13,-76.497226,3.418618,SIN INFORMACION,2025,marzo     ,15,3/15/2025,7,14:30,DENUNCIA,Nivel 3
DELITOS SEXUALES,ACCESO CARNAL ABUSIVO CON MENOR DE CATORCE AÑOS. ART. 208 C.P.,CALI,El Lido,19,-76.554221,3.417562,DOMICILIO,2025,marzo     ,15,3/15/2025,7,21:00,DENUNCIA,Nivel 3
DELITOS SEXUALES,ACCESO CARNAL VIOLENTO. ART. 205 C.P.,CALI,20 de Julio,11,-76.512913,3.436389,SIN INFORMACION,2025,marzo     ,15,3/15/2025,7,09:40,DENUNCIA,Nivel 3
DELITOS SEXUALES,ACCESO CARNAL ABUSIVO CON MENOR DE CATORCE AÑOS. ART. 208 C.P.,CALI,Los Lagos,13,-76.485104,3.431404,DOMICILIO,2025,marzo     ,16,3/16/2025,1,10:00,DENUNCIA,Nivel 3
DELITOS SEXUALES,ACCESO CARNAL ABUSIVO CON MENOR DE CATORCE AÑOS. ART. 208 C.P.,CALI,Sector Alto Jordán,18,-76.553806,3.374222,SIN INFORMACION,2025,marzo     ,16,3/16/2025,1,09:34,DENUNCIA,Nivel 3
DELITOS SEXUALES,ACTO SEXUAL VIOLENTO CON MENOR DE CATORCE AÑOS ART. 209 C.P. ,CALI,El Morichal,15,-76.506084,3.391969,SIN INFORMACION,2025,marzo     ,16,3/16/2025,1,20:00,DENUNCIA,Nivel 3
DELITOS SEXUALES,ACCESO CARNAL VIOLENTO. ART. 205 C.P.,CALI,San Pedro,03,-76.533131,3.449924,VIA PUBLICA,2025,marzo     ,16,3/16/2025,1,13:00,DENUNCIA,Nivel 3
DELITOS SEXUALES,ACTO SEXUAL VIOLENTO. ART. 206 C.P.,CALI,Barrio Obrero,09,-76.522431,3.449675,HOTEL / HOSTAL,2025,marzo     ,16,3/16/2025,1,00:00,DENUNCIA,Nivel 3
DELITOS SEXUALES,ACCESO CARNAL VIOLENTO. ART. 205 C.P.,CALI,Urbanización Tequendama,19,-76.54424,3.422623,SIN INFORMACION,2025,marzo     ,16,3/16/2025,1,21:00,DENUNCIA,Nivel 3
DELITOS SEXUALES,PROXENETISMO CON MENOR DE EDAD ART. 213A C.P.,CALI,San Pedro,03,-76.533131,3.449924,SIN INFORMACION,2025,marzo     ,16,3/16/2025,1,13:54,DENUNCIA,Nivel 3
DELITOS SEXUALES,ACOSO SEXUAL ART. 210A C.P.  ADICIONADO LEY 1257 DE 2008,CALI,Los Robles,13,-76.495253,3.420393,DOMICILIO,2025,marzo     ,17,3/17/2025,2,16:50,DENUNCIA,Nivel 3
DELITOS SEXUALES,ACOSO SEXUAL ART. 210A C.P.  ADICIONADO LEY 1257 DE 2008,CALI,Ciudad 2000,16,-76.518164,3.392911,SIN INFORMACION,2025,marzo     ,17,3/17/2025,2,05:00,DENUNCIA,Nivel 3
DELITOS SEXUALES,ACCESO CARNAL ABUSIVO CON MENOR DE CATORCE AÑOS. ART. 208 C.P.,CALI,El Vallado,15,-76.497268,3.406916,DOMICILIO,2025,marzo     ,17,3/17/2025,2,15:00,DENUNCIA,Nivel 3
DELITOS SEXUALES,ACCESO CARNAL O ACTO SEXUAL EN PERSONA PUESTA EN INCAPACIDAD DE RESISTIR. ART. 207 C.P.,CALI,Sector Alto Jordán,18,-76.557749,3.373362,DOMICILIO,2025,marzo     ,17,3/17/2025,2,18:10,DENUNCIA,Nivel 3
DELITOS SEXUALES,ACCESO CARNAL VIOLENTO. ART. 205 C.P.,CALI,Las Acacias,10,-76.521686,3.432747,DOMICILIO,2025,marzo     ,17,3/17/2025,2,15:00,DENUNCIA,Nivel 3
DELITOS SEXUALES,ACTOS SEXUALES CON MENOR DE CATORCE AÑOS. ART. 209 C.P.,CALI,El Diamante,13,-76.499664,3.420954,DOMICILIO,2025,marzo     ,17,3/17/2025,2,15:36,DENUNCIA,Nivel 3
DELITOS SEXUALES,ACTO SEXUAL VIOLENTO CON MENOR DE CATORCE AÑOS ART. 209 C.P. ,CALI,Bretaña,09,-76.530932,3.436777,DOMICILIO,2025,marzo     ,18,3/18/2025,3,14:00,DENUNCIA,Nivel 3
DELITOS SEXUALES,ACCESO CARNAL VIOLENTO. ART. 205 C.P.,CALI,Unión de Vivienda Popular,16,-76.507983,3.409385,DOMICILIO,2025,marzo     ,18,3/18/2025,3,17:00,DENUNCIA,Nivel 3
DELITOS SEXUALES,ACOSO SEXUAL ART. 210A C.P.  ADICIONADO LEY 1257 DE 2008,CALI,San Nicolás,03,-76.518781,3.452981,SIN INFORMACION,2025,marzo     ,18,3/18/2025,3,14:00,DENUNCIA,Nivel 3
DELITOS SEXUALES,ACCESO CARNAL ABUSIVO CON MENOR DE CATORCE AÑOS. ART. 208 C.P.,CALI,Barrio Obrero,09,-76.519688,3.44909,DOMICILIO,2025,marzo     ,18,3/18/2025,3,20:30,DENUNCIA,Nivel 3
DELITOS SEXUALES,ACTO SEXUAL VIOLENTO. ART. 206 C.P.,CALI,Los Andes,05,-76.49992,3.471172,SIN INFORMACION,2025,marzo     ,18,3/18/2025,3,13:24,DENUNCIA,Nivel 3
DELITOS SEXUALES,ACCESO CARNAL VIOLENTO. ART. 205 C.P.,CALI,Siloé,20,-76.554008,3.424782,DOMICILIO,2025,marzo     ,19,3/19/2025,4,14:52,DENUNCIA,Nivel 3
DELITOS SEXUALES,ACCESO CARNAL ABUSIVO CON MENOR DE CATORCE AÑOS. ART. 208 C.P.,CALI,Urbanización San Joaquin,17,-76.527446,3.369051,CENTRO COMERCIAL,2025,marzo     ,19,3/19/2025,4,15:00,DENUNCIA,Nivel 3
DELITOS SEXUALES,ACTOS SEXUALES CON MENOR DE CATORCE AÑOS. ART. 209 C.P.,CALI,Prados de Oriente,11,-76.516042,3.432224,DOMICILIO,2025,marzo     ,19,3/19/2025,4,09:07,DENUNCIA,Nivel 3
DELITOS SEXUALES,ACCESO CARNAL ABUSIVO CON MENOR DE CATORCE AÑOS. ART. 208 C.P.,CALI,Urbanización San Joaquin,17,-76.5278,3.36911,CENTRO COMERCIAL,2025,marzo     ,19,3/19/2025,4,17:17,DENUNCIA,Nivel 3
DELITOS SEXUALES,ACCESO CARNAL VIOLENTO. ART. 205 C.P.,CALI,Ciudadela Floralia,06,-76.494356,3.495355,LUGAR DE RECREACION / PARQUE,2025,marzo     ,19,3/19/2025,4,23:00,DENUNCIA,Nivel 3
DELITOS SEXUALES,ACTO SEXUAL VIOLENTO. ART. 206 C.P.,CALI,San Cristóbal,10,-76.523029,3.432985,HOTEL / HOSTAL,2025,marzo     ,19,3/19/2025,4,03:00,DENUNCIA,Nivel 3
DELITOS SEXUALES,ACTO SEXUAL VIOLENTO. ART. 206 C.P.,CALI,Unidad Residencial El Coliseo,19,-76.554727,3.415636,VIA PUBLICA,2025,marzo     ,19,3/19/2025,4,13:55,DENUNCIA,Nivel 3
DELITOS SEXUALES,ACTO SEXUAL VIOLENTO. ART. 206 C.P.,CALI,Vipasa,02,-76.520031,3.485335,DOMICILIO,2025,marzo     ,20,3/20/2025,5,22:50,DENUNCIA,Nivel 3
DELITOS SEXUALES,ACCESO CARNAL VIOLENTO. ART. 205 C.P.,CALI,Meléndez,18,-76.544315,3.378935,ESTABLECIMIENTO EDUCATIVO,2025,marzo     ,20,3/20/2025,5,14:15,DENUNCIA,Nivel 3
DELITOS SEXUALES,ACTO SEXUAL VIOLENTO CON MENOR DE CATORCE AÑOS ART. 209 C.P. ,CALI,Puerta del Sol,14,-76.472767,3.431943,DOMICILIO,2025,marzo     ,20,3/20/2025,5,16:00,DENUNCIA,Nivel 3
DELITOS SEXUALES,ACCESO CARNAL ABUSIVO CON MENOR DE CATORCE AÑOS. ART. 208 C.P.,CALI,Vista Hermosa,01,-76.576306,3.453251,SIN INFORMACION,2025,marzo     ,20,3/20/2025,5,16:00,DENUNCIA,Nivel 3
DELITOS SEXUALES,ACCESO CARNAL VIOLENTO. ART. 205 C.P.,CALI,Planta de Tratamiento,21,-76.475494,3.440107,DOMICILIO,2025,marzo     ,20,3/20/2025,5,18:00,DENUNCIA,Nivel 3
DELITOS SEXUALES,ACCESO CARNAL ABUSIVO CON MENOR DE CATORCE AÑOS. ART. 208 C.P.,CALI,Ciudad Córdoba,15,-76.505912,3.402976,DOMICILIO,2025,marzo     ,20,3/20/2025,5,23:00,DENUNCIA,Nivel 3
DELITOS SEXUALES,ACTOS SEXUALES CON MENOR DE CATORCE AÑOS. ART. 209 C.P.,CALI,Los Robles,13,-76.495975,3.422548,DOMICILIO,2025,marzo     ,20,3/20/2025,5,15:32,DENUNCIA,Nivel 3
DELITOS SEXUALES,ACTOS SEXUALES CON MENOR DE CATORCE AÑOS. ART. 209 C.P.,CALI,Camino Real - Joaquin Borrero Sinisterra,19,-76.543278,3.406207,ESTABLECIMIENTO EDUCATIVO,2025,marzo     ,20,3/20/2025,5,00:00,DENUNCIA,Nivel 3
DELITOS SEXUALES,ACTOS SEXUALES CON MENOR DE CATORCE AÑOS. ART. 209 C.P.,CALI,San Nicolás,03,-76.518781,3.452981,SIN INFORMACION,2025,marzo     ,20,3/20/2025,5,21:58,DENUNCIA,Nivel 3
DELITOS SEXUALES,ACCESO CARNAL VIOLENTO. ART. 205 C.P.,CALI,Vipasa,02,-76.519143,3.479511,DOMICILIO,2025,marzo     ,21,3/21/2025,6,18:30,DENUNCIA,Nivel 3
DELITOS SEXUALES,ACOSO SEXUAL ART. 210A C.P.  ADICIONADO LEY 1257 DE 2008,CALI,Alto Nápoles,18,-76.555808,3.385716,DOMICILIO,2025,marzo     ,21,3/21/2025,6,15:58,DENUNCIA,Nivel 3
DELITOS SEXUALES,ACCESO CARNAL VIOLENTO. ART. 205 C.P.,CALI,Cañaveralejo - Seguros Patria,19,-76.544529,3.401199,DOMICILIO,2025,marzo     ,21,3/21/2025,6,05:00,DENUNCIA,Nivel 3
DELITOS SEXUALES,ACCESO CARNAL ABUSIVO CON MENOR DE CATORCE AÑOS. ART. 208 C.P.,CALI,Valle Grande,21,-76.471088,3.439539,DOMICILIO,2025,marzo     ,21,3/21/2025,6,14:16,DENUNCIA,Nivel 3
DELITOS SEXUALES,ACCESO CARNAL ABUSIVO CON MENOR DE CATORCE AÑOS. ART. 208 C.P.,CALI,Lleras Restrepo II,13,-76.492041,3.436502,SIN INFORMACION,2025,marzo     ,21,3/21/2025,6,14:15,DENUNCIA,Nivel 3
DELITOS SEXUALES,ACCESO CARNAL ABUSIVO CON MENOR DE CATORCE AÑOS. ART. 208 C.P.,CALI,Siloé,20,-76.558254,3.417027,DOMICILIO,2025,marzo     ,21,3/21/2025,6,00:00,DENUNCIA,Nivel 3
DELITOS SEXUALES,PORNOGRAFIA CON MENORES ART. 218 C.P.,CALI,Pueblo Joven,20,-76.56698,3.417487,DOMICILIO,2025,marzo     ,21,3/21/2025,6,00:00,DENUNCIA,Nivel 3
DELITOS SEXUALES,ACCESO CARNAL ABUSIVO CON MENOR DE CATORCE AÑOS. ART. 208 C.P.,CALI,San Pedro,03,-76.533131,3.449924,DOMICILIO,2025,marzo     ,21,3/21/2025,6,16:10,DENUNCIA,Nivel 3
DELITOS SEXUALES,ACTO SEXUAL VIOLENTO CON MENOR DE CATORCE AÑOS ART. 209 C.P. ,CALI,Urbanización Colseguros,19,-76.531352,3.425395,DOMICILIO,2025,marzo     ,22,3/22/2025,7,11:25,DENUNCIA,Nivel 3
DELITOS SEXUALES,ACCESO CARNAL VIOLENTO. ART. 205 C.P.,CALI,Las Orquídeas,14,-76.477361,3.41304,DOMICILIO,2025,marzo     ,22,3/22/2025,7,01:00,DENUNCIA,Nivel 3
DELITOS SEXUALES,ACCESO CARNAL VIOLENTO. ART. 205 C.P.,CALI,Santa Mónica Popular,08,-76.508754,3.43594,DOMICILIO,2025,marzo     ,23,3/23/2025,1,11:05,DENUNCIA,Nivel 3
DELITOS SEXUALES,ACCESO CARNAL VIOLENTO. ART. 205 C.P.,CALI,El Hoyo,03,-76.528384,3.456977,DOMICILIO,2025,marzo     ,23,3/23/2025,1,12:02,DENUNCIA,Nivel 3
DELITOS SEXUALES,ACTOS SEXUALES CON MENOR DE CATORCE AÑOS. ART. 209 C.P.,CALI,San Pedro,03,-76.533131,3.449924,EDIFICIO,2025,marzo     ,23,3/23/2025,1,17:30,DENUNCIA,Nivel 3
DELITOS SEXUALES,ACCESO CARNAL VIOLENTO. ART. 205 C.P.,CALI,Los Andes B - La Riviera,05,-76.494987,3.468538,DOMICILIO,2025,marzo     ,23,3/23/2025,1,05:00,DENUNCIA,Nivel 3
DELITOS SEXUALES,ACCESO CARNAL VIOLENTO. ART. 205 C.P.,CALI,Siloé,20,-76.556726,3.422006,VIA PUBLICA,2025,marzo     ,23,3/23/2025,1,22:30,DENUNCIA,Nivel 3
DELITOS SEXUALES,ACCESO CARNAL VIOLENTO. ART. 205 C.P.,CALI,Polvorines,18,-76.550786,3.372231,DOMICILIO,2025,marzo     ,24,3/24/2025,2,06:00,DENUNCIA,Nivel 3
DELITOS SEXUALES,ACTOS SEXUALES CON MENOR DE CATORCE AÑOS. ART. 209 C.P.,CALI,Alfonso Lopez P. 1a Etapa,07,-76.479702,3.463062,VIA PUBLICA,2025,marzo     ,24,3/24/2025,2,11:18,DENUNCIA,Nivel 3
DELITOS SEXUALES,ACTOS SEXUALES CON MENOR DE CATORCE AÑOS. ART. 209 C.P.,CALI,Flora Industrial,04,-76.507033,3.479257,VIA PUBLICA,2025,marzo     ,24,3/24/2025,2,16:20,DENUNCIA,Nivel 3
DELITOS SEXUALES,ACCESO CARNAL VIOLENTO. ART. 205 C.P.,CALI,El Trébol,08,-76.494531,3.442802,HOTEL / HOSTAL,2025,marzo     ,24,3/24/2025,2,20:30,DENUNCIA,Nivel 3
DELITOS SEXUALES,ACCESO CARNAL VIOLENTO. ART. 205 C.P.,CALI,Manuela Beltrán,14,-76.471231,3.417826,DOMICILIO,2025,marzo     ,24,3/24/2025,2,08:00,DENUNCIA,Nivel 3
DELITOS SEXUALES,PORNOGRAFIA CON MENORES ART. 218 C.P.,CALI,El Troncal,08,-76.509552,3.449762,ESTABLECIMIENTO EDUCATIVO,2025,marzo     ,25,3/25/2025,3,12:10,DENUNCIA,Nivel 3
DELITOS SEXUALES,ACCESO CARNAL VIOLENTO. ART. 205 C.P.,CALI,Navarro - La Chanca,03,-76.543239,3.442387,VIA PUBLICA,2025,marzo     ,25,3/25/2025,3,08:08,DENUNCIA,Nivel 3
DELITOS SEXUALES,ACCESO CARNAL VIOLENTO. ART. 205 C.P.,CALI,Los Comuneros I,15,-76.4925,3.408924,DOMICILIO,2025,marzo     ,25,3/25/2025,3,23:59,DENUNCIA,Nivel 3
DELITOS SEXUALES,ACTOS SEXUALES CON MENOR DE CATORCE AÑOS. ART. 209 C.P.,CALI,San Pedro,03,-76.533131,3.449924,DOMICILIO,2025,marzo     ,25,3/25/2025,3,14:21,DENUNCIA,Nivel 3
DELITOS SEXUALES,ACCESO CARNAL O ACTO SEXUAL ABUSIVOS CON INCAPAZ DE RESISTIR. ART. 210 C.P.,CALI,Urbanización Tequendama,19,-76.543759,3.422321,ESTABLECIMIENTO DE SALUD,2025,marzo     ,25,3/25/2025,3,17:33,DENUNCIA,Nivel 3
DELITOS SEXUALES,ACTOS SEXUALES CON MENOR DE CATORCE AÑOS. ART. 209 C.P.,CALI,Calimio Desepaz,21,-76.469795,3.41346,DOMICILIO,2025,marzo     ,25,3/25/2025,3,06:00,DENUNCIA,Nivel 3
DELITOS SEXUALES,ACTOS SEXUALES CON MENOR DE CATORCE AÑOS. ART. 209 C.P.,CALI,Unión de Vivienda Popular,16,-76.506389,3.40696,DOMICILIO,2025,marzo     ,25,3/25/2025,3,13:51,DENUNCIA,Nivel 3
DELITOS SEXUALES,ACCESO CARNAL ABUSIVO CON MENOR DE CATORCE AÑOS. ART. 208 C.P.,CALI,San Pedro,03,-76.533538,3.450887,VIA PUBLICA,2025,marzo     ,26,3/26/2025,4,12:09,DENUNCIA,Nivel 3
DELITOS SEXUALES,ACCESO CARNAL ABUSIVO CON MENOR DE CATORCE AÑOS. ART. 208 C.P.,CALI,El Vallado,15,-76.500727,3.408536,DOMICILIO,2025,marzo     ,26,3/26/2025,4,09:32,DENUNCIA,Nivel 3
DELITOS SEXUALES,ACTO SEXUAL VIOLENTO. ART. 206 C.P.,CALI,El Morichal,15,-76.502759,3.39801,DOMICILIO,2025,marzo     ,26,3/26/2025,4,00:00,DENUNCIA,Nivel 3
DELITOS SEXUALES,ACTO SEXUAL VIOLENTO. ART. 206 C.P.,CALI,Urbanización San Joaquin,17,-76.528167,3.369982,EDIFICIO,2025,marzo     ,26,3/26/2025,4,00:00,DENUNCIA,Nivel 3
DELITOS SEXUALES,ACTOS SEXUALES CON MENOR DE CATORCE AÑOS. ART. 209 C.P.,CALI,Ulpiano Lloreda,13,-76.487476,3.442862,DOMICILIO,2025,marzo     ,26,3/26/2025,4,10:00,DENUNCIA,Nivel 3
DELITOS SEXUALES,ACCESO CARNAL VIOLENTO. ART. 205 C.P.,CALI,Urbanización Colseguros,19,-76.533327,3.426483,DOMICILIO,2025,marzo     ,27,3/27/2025,5,17:02,DENUNCIA,Nivel 3
DELITOS SEXUALES,ACCESO CARNAL ABUSIVO CON MENOR DE CATORCE AÑOS. ART. 208 C.P.,CALI,Desepaz Invicali,21,-76.464373,3.425371,DOMICILIO,2025,marzo     ,27,3/27/2025,5,14:40,DENUNCIA,Nivel 3
DELITOS SEXUALES,ACCESO CARNAL VIOLENTO. ART. 205 C.P.,CALI,Atanasio Girardot,08,-76.50634,3.44479,DOMICILIO,2025,marzo     ,27,3/27/2025,5,19:00,DENUNCIA,Nivel 3
DELITOS SEXUALES,ACCESO CARNAL ABUSIVO CON MENOR DE CATORCE AÑOS. ART. 208 C.P.,CALI,Los Comuneros I,15,-76.490823,3.410305,SIN INFORMACION,2025,marzo     ,27,3/27/2025,5,09:00,DENUNCIA,Nivel 3
DELITOS SEXUALES,ACCESO CARNAL ABUSIVO CON MENOR DE CATORCE AÑOS. ART. 208 C.P.,CALI,Calimio Desepaz,21,-76.469757,3.412234,DOMICILIO,2025,marzo     ,27,3/27/2025,5,00:37,DENUNCIA,Nivel 3
DELITOS SEXUALES,ACCESO CARNAL ABUSIVO CON MENOR DE CATORCE AÑOS. ART. 208 C.P.,CALI,El Vergel,13,-76.501165,3.413825,DOMICILIO,2025,marzo     ,27,3/27/2025,5,08:40,DENUNCIA,Nivel 3
DELITOS SEXUALES,ACCESO CARNAL ABUSIVO CON MENOR DE CATORCE AÑOS. ART. 208 C.P.,CALI,San Pedro,03,-76.533131,3.449924,DOMICILIO,2025,marzo     ,27,3/27/2025,5,16:52,DENUNCIA,Nivel 3
DELITOS SEXUALES,PORNOGRAFIA CON MENORES ART. 218 C.P.,CALI,Caney,17,-76.522098,3.389035,SIN INFORMACION,2025,marzo     ,28,3/28/2025,6,09:44,DENUNCIA,Nivel 3
DELITOS SEXUALES,ACTO SEXUAL VIOLENTO. ART. 206 C.P.,CALI,Meléndez,18,-76.544315,3.378935,ESTABLECIMIENTO EDUCATIVO,2025,marzo     ,28,3/28/2025,6,10:00,DENUNCIA,Nivel 3
DELITOS SEXUALES,ACTOS SEXUALES CON MENOR DE CATORCE AÑOS. ART. 209 C.P.,CALI,Villa del Prado - El Guabito,05,-76.496734,3.465021,DOMICILIO,2025,marzo     ,28,3/28/2025,6,19:30,DENUNCIA,Nivel 3
DELITOS SEXUALES,ACCESO CARNAL VIOLENTO. ART. 205 C.P.,CALI,San Pedro,03,-76.533131,3.449924,DOMICILIO,2025,marzo     ,28,3/28/2025,6,12:42,DENUNCIA,Nivel 3
DELITOS SEXUALES,ACTOS SEXUALES CON MENOR DE CATORCE AÑOS. ART. 209 C.P.,CALI,Ciudad Córdoba,15,-76.503446,3.403221,DOMICILIO,2025,marzo     ,29,3/29/2025,7,15:00,DENUNCIA,Nivel 3
DELITOS SEXUALES,ACCESO CARNAL VIOLENTO. ART. 205 C.P.,CALI,José Manuel Marroquín I,14,-76.479497,3.423068,DOMICILIO,2025,marzo     ,29,3/29/2025,7,04:00,DENUNCIA,Nivel 3
DELITOS SEXUALES,ACTO SEXUAL VIOLENTO. ART. 206 C.P.,CALI,La Base,08,-76.494365,3.446152,DOMICILIO,2025,marzo     ,29,3/29/2025,7,07:00,DENUNCIA,Nivel 3
DELITOS SEXUALES,ACOSO SEXUAL ART. 210A C.P.  ADICIONADO LEY 1257 DE 2008,CALI,La Sultana,20,-76.563645,3.421034,EDIFICIO,2025,marzo     ,29,3/29/2025,7,14:15,DENUNCIA,Nivel 3
DELITOS SEXUALES,ACCESO CARNAL O ACTO SEXUAL EN PERSONA PUESTA EN INCAPACIDAD DE RESISTIR ART. 207,CALI,San Antonio,03,-76.539774,3.448302,DOMICILIO,2025,marzo     ,30,3/30/2025,1,16:30,DENUNCIA,Nivel 3
DELITOS SEXUALES,ACTO SEXUAL VIOLENTO. ART. 206 C.P.,CALI,San Pedro,03,-76.533131,3.449924,DOMICILIO,2025,marzo     ,30,3/30/2025,1,10:52,DENUNCIA,Nivel 3
DELITOS SEXUALES,ACOSO SEXUAL ART. 210A C.P.  ADICIONADO LEY 1257 DE 2008,CALI,Cuarteles de Nápoles,18,-76.546333,3.382933,OTRO,2025,marzo     ,30,3/30/2025,1,09:00,DENUNCIA,Nivel 3
DELITOS SEXUALES,ACCESO CARNAL VIOLENTO. ART. 205 C.P.,CALI,Pizamos I,21,-76.474978,3.40219,SIN INFORMACION,2025,marzo     ,30,3/30/2025,1,10:30,DENUNCIA,Nivel 3
DELITOS SEXUALES,ACCESO CARNAL O ACTO SEXUAL ABUSIVOS CON INCAPAZ DE RESISTIR. ART. 210 C.P.,CALI,Caldas,18,-76.549679,3.39414,OTRO,2025,marzo     ,30,3/30/2025,1,03:00,DENUNCIA,Nivel 3
DELITOS SEXUALES,ACCESO CARNAL ABUSIVO CON MENOR DE CATORCE AÑOS. ART. 208 C.P.,CALI,Sucre,09,-76.521905,3.445752,HOTEL / HOSTAL,2025,marzo     ,30,3/30/2025,1,00:32,DENUNCIA,Nivel 3
DELITOS SEXUALES,ACTOS SEXUALES CON MENOR DE CATORCE AÑOS. ART. 209 C.P.,CALI,Pizamos II,21,-76.47359,3.407346,DOMICILIO,2025,marzo     ,31,3/31/2025,2,15:59,DENUNCIA,Nivel 3
DELITOS SEXUALES,ACCESO CARNAL ABUSIVO CON MENOR DE CATORCE AÑOS. ART. 208 C.P.,CALI,Los Cámbulos,19,-76.54,3.42,SIN INFORMACION,2025,marzo     ,31,3/31/2025,2,20:22,DENUNCIA,Nivel 3
DELITOS SEXUALES,ACOSO SEXUAL ART. 210A C.P.  ADICIONADO LEY 1257 DE 2008,CALI,Urbanización Ciudad Jardín,22,-76.53342,3.368759,DOMICILIO,2025,marzo     ,31,3/31/2025,2,11:55,DENUNCIA,Nivel 3
DELITOS SEXUALES,ACTO SEXUAL VIOLENTO. ART. 206 C.P.,CALI,Los Comuneros II,13,-76.493281,3.425139,SIN INFORMACION,2025,marzo     ,31,3/31/2025,2,15:00,DENUNCIA,Nivel 3
DELITOS SEXUALES,ACCESO CARNAL VIOLENTO. ART. 205 C.P.,CALI,Ciudad Córdoba,15,-76.5104,3.3988,DOMICILIO,2025,marzo     ,31,3/31/2025,2,00:00,DENUNCIA,Nivel 3
DELITOS SEXUALES,ACCESO CARNAL ABUSIVO CON MENOR DE CATORCE AÑOS. ART. 208 C.P.,CALI,Laureano Gómez,15,-76.494556,3.411601,DOMICILIO,2025,marzo     ,31,3/31/2025,2,19:30,DENUNCIA,Nivel 3
DELITOS SEXUALES,PORNOGRAFIA CON MENORES ART. 218 C.P.,CALI,El Morichal,15,-76.507471,3.390696,DOMICILIO,2025,marzo     ,31,3/31/2025,2,16:54,DENUNCIA,Nivel 3
DELITOS SEXUALES,ACOSO SEXUAL ART. 210A C.P.  ADICIONADO LEY 1257 DE 2008,CALI,Rural,Rural,-76.55847,3.3635,SIN INFORMACION,2025,marzo     ,31,3/31/2025,2,11:51,DENUNCIA,Nivel 3
DELITOS SEXUALES,ACCESO CARNAL ABUSIVO CON MENOR DE CATORCE AÑOS. ART. 208 C.P.,CALI,San Judas Tadeo II,10,-76.523963,3.414101,DOMICILIO,2025,abril     ,1,4/1/2025,3,00:00,DENUNCIA,Nivel 3
DELITOS SEXUALES,ACTOS SEXUALES CON MENOR DE CATORCE AÑOS. ART. 209 C.P.,CALI,Prados del Sur,18,-76.554515,3.387507,ESTABLECIMIENTO EDUCATIVO,2025,abril     ,1,4/1/2025,3,16:30,DENUNCIA,Nivel 3
DELITOS SEXUALES,PORNOGRAFIA CON MENORES ART. 218 C.P.,CALI,Terrón Colorado,01,-76.565447,3.450157,DOMICILIO,2025,abril     ,1,4/1/2025,3,22:00,DENUNCIA,Nivel 3
DELITOS SEXUALES,ACOSO SEXUAL ART. 210A C.P.  ADICIONADO LEY 1257 DE 2008,CALI,San Luís,06,-76.487913,3.482026,ESTABLECIMIENTO EDUCATIVO,2025,abril     ,1,4/1/2025,3,07:00,DENUNCIA,Nivel 3
DELITOS SEXUALES,ACCESO CARNAL VIOLENTO. ART. 205 C.P.,CALI,Siloé,20,-76.556108,3.421808,DOMICILIO,2025,abril     ,1,4/1/2025,3,07:30,DENUNCIA,Nivel 3
DELITOS SEXUALES,ACCESO CARNAL ABUSIVO CON MENOR DE CATORCE AÑOS. ART. 208 C.P.,CALI,El Retiro,15,-76.498795,3.408406,SIN INFORMACION,2025,abril     ,1,4/1/2025,3,15:00,DENUNCIA,Nivel 3
DELITOS SEXUALES,ACTOS SEXUALES CON MENOR DE CATORCE AÑOS. ART. 209 C.P.,CALI,Alameda,09,-76.535208,3.440192,ESTABLECIMIENTO EDUCATIVO,2025,abril     ,1,4/1/2025,3,00:00,DENUNCIA,Nivel 3
DELITOS SEXUALES,ACCESO CARNAL ABUSIVO CON MENOR DE CATORCE AÑOS. ART. 208 C.P.,CALI,Las Orquídeas,14,-76.478243,3.417246,DOMICILIO,2025,abril     ,2,4/2/2025,4,12:57,DENUNCIA,Nivel 3
DELITOS SEXUALES,ACTOS SEXUALES CON MENOR DE CATORCE AÑOS. ART. 209 C.P.,CALI,La Paz,02,-76.525996,3.481837,ESTABLECIMIENTO EDUCATIVO,2025,abril     ,2,4/2/2025,4,07:30,DENUNCIA,Nivel 3
DELITOS SEXUALES,ACTO SEXUAL VIOLENTO. ART. 206 C.P.,CALI,Sector Asprosocial - Diamante,13,-76.49793,3.422199,DOMICILIO,2025,abril     ,2,4/2/2025,4,17:04,DENUNCIA,Nivel 3
DELITOS SEXUALES,ACOSO SEXUAL ART. 210A C.P.  ADICIONADO LEY 1257 DE 2008,CALI,Ciudad Córdoba,15,-76.508462,3.40097,SIN INFORMACION,2025,abril     ,2,4/2/2025,4,22:00,DENUNCIA,Nivel 3
DELITOS SEXUALES,ACTO SEXUAL VIOLENTO CON MENOR DE CATORCE AÑOS ART. 209 C.P. ,CALI,Planta de Tratamiento,21,-76.477628,3.441055,DOMICILIO,2025,abril     ,2,4/2/2025,4,12:00,DENUNCIA,Nivel 3
DELITOS SEXUALES,ACTO SEXUAL VIOLENTO. ART. 206 C.P.,CALI,José Manuel Marroquín I,14,-76.478546,3.418056,DOMICILIO,2025,abril     ,2,4/2/2025,4,16:30,DENUNCIA,Nivel 3
DELITOS SEXUALES,ACCESO CARNAL ABUSIVO CON MENOR DE CATORCE AÑOS. ART. 208 C.P.,CALI,Saavedra Galindo,08,-76.513261,3.44089,HOTEL / HOSTAL,2025,abril     ,2,4/2/2025,4,08:05,DENUNCIA,Nivel 3
DELITOS SEXUALES,ACTOS SEXUALES CON MENOR DE CATORCE AÑOS. ART. 209 C.P.,CALI,Alfonso Lopez P. 1a Etapa,07,-76.477241,3.464572,DOMICILIO,2025,abril     ,2,4/2/2025,4,20:00,DENUNCIA,Nivel 3
DELITOS SEXUALES,ACCESO CARNAL VIOLENTO. ART. 205 C.P.,CALI,San Nicolás,03,-76.518781,3.452981,SIN INFORMACION,2025,abril     ,3,4/3/2025,5,03:00,DENUNCIA,Nivel 3
DELITOS SEXUALES,ACTOS SEXUALES CON MENOR DE CATORCE AÑOS. ART. 209 C.P.,CALI,San Benito,11,-76.50986,3.430151,DOMICILIO,2025,abril     ,3,4/3/2025,5,14:19,DENUNCIA,Nivel 3
DELITOS SEXUALES,ACCESO CARNAL VIOLENTO. ART. 205 C.P.,CALI,San Cayetano,03,-76.539945,3.445106,DOMICILIO,2025,abril     ,3,4/3/2025,5,20:57,DENUNCIA,Nivel 3
DELITOS SEXUALES,ACTOS SEXUALES CON MENOR DE CATORCE AÑOS. ART. 209 C.P.,CALI,Industrial,08,-76.511634,3.45025,DOMICILIO,2025,abril     ,3,4/3/2025,5,00:00,DENUNCIA,Nivel 3
DELITOS SEXUALES,ACTO SEXUAL VIOLENTO CON MENOR DE CATORCE AÑOS ART. 209 C.P. ,CALI,Rural,Rural,-76.644705,3.452239,SIN INFORMACION,2025,abril     ,3,4/3/2025,5,09:53,DENUNCIA,Nivel 3
DELITOS SEXUALES,ACOSO SEXUAL ART. 210A C.P.  ADICIONADO LEY 1257 DE 2008,CALI,Los Parques Barranquilla,05,-76.495906,3.478198,ESTABLECIMIENTO EDUCATIVO,2025,abril     ,4,4/4/2025,6,10:39,DENUNCIA,Nivel 3
DELITOS SEXUALES,ACCESO CARNAL VIOLENTO. ART. 205 C.P.,CALI,Ciudad Córdoba,15,-76.510791,3.399904,OTRO,2025,abril     ,4,4/4/2025,6,15:18,DENUNCIA,Nivel 3
DELITOS SEXUALES,ACTOS SEXUALES CON MENOR DE CATORCE AÑOS. ART. 209 C.P.,CALI,Primavera,11,-76.508971,3.421188,ESTABLECIMIENTO EDUCATIVO,2025,abril     ,4,4/4/2025,6,13:00,DENUNCIA,Nivel 3
DELITOS SEXUALES,ACTOS SEXUALES CON MENOR DE CATORCE AÑOS. ART. 209 C.P.,CALI,Primavera,11,-76.508971,3.421188,ESTABLECIMIENTO EDUCATIVO,2025,abril     ,4,4/4/2025,6,13:00,DENUNCIA,Nivel 3
DELITOS SEXUALES,ACCESO CARNAL ABUSIVO CON MENOR DE CATORCE AÑOS. ART. 208 C.P.,CALI,El Sena,05,-76.4983,3.463803,CERCA AL DOMICILIO,2025,abril     ,4,4/4/2025,6,09:36,DENUNCIA,Nivel 3
DELITOS SEXUALES,ACTOS SEXUALES CON MENOR DE CATORCE AÑOS. ART. 209 C.P.,CALI,Camino Real - Joaquin Borrero Sinisterra,19,-76.543307,3.406717,DOMICILIO,2025,abril     ,4,4/4/2025,6,22:00,DENUNCIA,Nivel 3
DELITOS SEXUALES,ACCESO CARNAL VIOLENTO. ART. 205 C.P.,CALI,Potrero Grande,21,-76.471377,3.408874,SIN INFORMACION,2025,abril     ,5,4/5/2025,7,03:00,DENUNCIA,Nivel 3
DELITOS SEXUALES,ACCESO CARNAL ABUSIVO CON MENOR DE CATORCE AÑOS. ART. 208 C.P.,CALI,Ciudad Talanga,21,-76.469988,3.434343,SIN INFORMACION,2025,abril     ,5,4/5/2025,7,21:00,DENUNCIA,Nivel 3
DELITOS SEXUALES,ACCESO CARNAL VIOLENTO. ART. 205 C.P.,CALI,Ciudadela Floralia,06,-76.492562,3.500685,DOMICILIO,2025,abril     ,5,4/5/2025,7,21:00,DENUNCIA,Nivel 3
DELITOS SEXUALES,ACCESO CARNAL ABUSIVO CON MENOR DE CATORCE AÑOS. ART. 208 C.P.,CALI,Los Cámbulos,19,-76.54,3.42,SIN INFORMACION,2025,abril     ,5,4/5/2025,7,05:00,DENUNCIA,Nivel 3
DELITOS SEXUALES,ACOSO SEXUAL ART. 210A C.P.  ADICIONADO LEY 1257 DE 2008,CALI,Unidad Residencial Santiago de Cali,19,-76.547135,3.414937,CENTRO COMERCIAL,2025,abril     ,5,4/5/2025,7,10:07,DENUNCIA,Nivel 3
DELITOS SEXUALES,ACTOS SEXUALES CON MENOR DE CATORCE AÑOS. ART. 209 C.P.,CALI,Siloé,20,-76.556488,3.42096,DOMICILIO,2025,abril     ,5,4/5/2025,7,11:22,DENUNCIA,Nivel 3
DELITOS SEXUALES,ACCESO CARNAL VIOLENTO. ART. 205 C.P.,CALI,Siloé,20,-76.558827,3.419443,VIA PUBLICA,2025,abril     ,6,4/6/2025,1,05:40,DENUNCIA,Nivel 3
DELITOS SEXUALES,ACCESO CARNAL ABUSIVO CON MENOR DE CATORCE AÑOS. ART. 208 C.P.,CALI,Primero de Mayo,17,-76.533005,3.406094,DOMICILIO,2025,abril     ,6,4/6/2025,1,21:00,DENUNCIA,Nivel 3
DELITOS SEXUALES,ACTOS SEXUALES CON MENOR DE CATORCE AÑOS. ART. 209 C.P.,CALI,Rural,Rural,-76.56375,3.412841,DOMICILIO,2025,abril     ,6,4/6/2025,1,14:00,DENUNCIA,Nivel 3
DELITOS SEXUALES,ACTO SEXUAL VIOLENTO. ART. 206 C.P.,CALI,Alfonso Bonilla Aragón,14,-76.485305,3.421178,VIA PUBLICA,2025,abril     ,6,4/6/2025,1,11:35,DENUNCIA,Nivel 3
DELITOS SEXUALES,ACCESO CARNAL VIOLENTO. ART. 205 C.P.,CALI,Vipasa,02,-76.518853,3.481137,DOMICILIO,2025,abril     ,6,4/6/2025,1,18:00,DENUNCIA,Nivel 3
DELITOS SEXUALES,ACOSO SEXUAL ART. 210A C.P.  ADICIONADO LEY 1257 DE 2008,CALI,Alfonso Bonilla Aragón,14,-76.484182,3.424264,DOMICILIO,2025,abril     ,7,4/7/2025,2,22:00,DENUNCIA,Nivel 3
DELITOS SEXUALES,ACTOS SEXUALES CON MENOR DE CATORCE AÑOS. ART. 209 C.P.,CALI,El Poblado I,13,-76.497508,3.416866,DOMICILIO,2025,abril     ,7,4/7/2025,2,08:00,DENUNCIA,Nivel 3
DELITOS SEXUALES,ACCESO CARNAL ABUSIVO CON MENOR DE CATORCE AÑOS. ART. 208 C.P.,CALI,San Pedro,03,-76.533131,3.449924,DOMICILIO,2025,abril     ,7,4/7/2025,2,15:06,DENUNCIA,Nivel 3
DELITOS SEXUALES,ACCESO CARNAL VIOLENTO. ART. 205 C.P.,CALI,Mojica,15,-76.489779,3.411074,DOMICILIO,2025,abril     ,7,4/7/2025,2,00:30,DENUNCIA,Nivel 3
DELITOS SEXUALES,ACTOS SEXUALES CON MENOR DE CATORCE AÑOS. ART. 209 C.P.,CALI,Menga,02,-76.526042,3.492564,DOMICILIO,2025,abril     ,7,4/7/2025,2,21:00,DENUNCIA,Nivel 3
DELITOS SEXUALES,ACCESO CARNAL VIOLENTO. ART. 205 C.P.,CALI,Prados de Oriente,11,-76.513346,3.434093,ESTABLECIMIENTO CARCELARIO,2025,abril     ,8,4/8/2025,3,07:00,DENUNCIA,Nivel 3
DELITOS SEXUALES,ACCESO CARNAL ABUSIVO CON MENOR DE CATORCE AÑOS. ART. 208 C.P.,CALI,José Manuel Marroquín I,14,-76.478632,3.418099,DOMICILIO,2025,abril     ,8,4/8/2025,3,08:00,DENUNCIA,Nivel 3
DELITOS SEXUALES,ACCESO CARNAL VIOLENTO. ART. 205 C.P.,CALI,Rural,Rural,-76.540259,3.460911,DOMICILIO,2025,abril     ,8,4/8/2025,3,11:00,DENUNCIA,Nivel 3
DELITOS SEXUALES,ACCESO CARNAL VIOLENTO. ART. 205 C.P.,CALI,Caney,17,-76.515741,3.384906,DOMICILIO,2025,abril     ,8,4/8/2025,3,20:30,DENUNCIA,Nivel 3
DELITOS SEXUALES,ACCESO CARNAL ABUSIVO CON MENOR DE CATORCE AÑOS. ART. 208 C.P.,CALI,Villa del Sur,11,-76.517726,3.411919,DOMICILIO,2025,abril     ,8,4/8/2025,3,14:00,DENUNCIA,Nivel 3
DELITOS SEXUALES,PORNOGRAFIA CON MENORES ART. 218 C.P.,CALI,Doce de Octubre,12,-76.502738,3.42752,DOMICILIO,2025,abril     ,8,4/8/2025,3,22:00,DENUNCIA,Nivel 3
DELITOS SEXUALES,ACCESO CARNAL VIOLENTO. ART. 205 C.P.,CALI,Base Aérea,07,-76.490235,3.459376,DOMICILIO,2025,abril     ,9,4/9/2025,4,04:00,DENUNCIA,Nivel 3
DELITOS SEXUALES,ACCESO CARNAL VIOLENTO. ART. 205 C.P.,CALI,El Ingenio,17,-76.532596,3.385192,VIA PUBLICA,2025,abril     ,9,4/9/2025,4,15:17,DENUNCIA,Nivel 3
DELITOS SEXUALES,PORNOGRAFIA CON MENORES ART. 218 C.P.,CALI,Granada,02,-76.535133,3.458325,DOMICILIO,2025,abril     ,9,4/9/2025,4,16:27,DENUNCIA,Nivel 3
DELITOS SEXUALES,ACCESO CARNAL VIOLENTO. ART. 205 C.P.,CALI,Barrio Obrero,09,-76.518698,3.445194,DOMICILIO,2025,abril     ,9,4/9/2025,4,09:00,DENUNCIA,Nivel 3
DELITOS SEXUALES,ACCESO CARNAL ABUSIVO CON MENOR DE CATORCE AÑOS. ART. 208 C.P.,CALI,Valle Grande,21,-76.474645,3.440604,DOMICILIO,2025,abril     ,9,4/9/2025,4,09:00,DENUNCIA,Nivel 3
DELITOS SEXUALES,ACCESO CARNAL VIOLENTO. ART. 205 C.P.,CALI,San Juan Bosco,03,-76.535965,3.443052,DOMICILIO,2025,abril     ,9,4/9/2025,4,15:43,DENUNCIA,Nivel 3
DELITOS SEXUALES,DEMANDA DE EXPLOT.SEX. COMERC. MENOR DE 18 AÑOS Adic. Art 217A C.P. Ley 1329 de 2009,CALI,Potrero Grande,21,-76.470005,3.407562,DOMICILIO,2025,abril     ,9,4/9/2025,4,19:00,DENUNCIA,Nivel 3
DELITOS SEXUALES,ACCESO CARNAL ABUSIVO CON MENOR DE CATORCE AÑOS. ART. 208 C.P.,CALI,Los Comuneros II,13,-76.493576,3.42594,DOMICILIO,2025,abril     ,9,4/9/2025,4,17:34,DENUNCIA,Nivel 3
DELITOS SEXUALES,ACTOS SEXUALES CON MENOR DE CATORCE AÑOS. ART. 209 C.P.,CALI,República de Israel,16,-76.513041,3.407508,DOMICILIO,2025,abril     ,9,4/9/2025,4,12:09,DENUNCIA,Nivel 3
DELITOS SEXUALES,ACCESO CARNAL VIOLENTO. ART. 205 C.P.,CALI,Ciudadela Floralia,06,-76.49482,3.496324,SIN INFORMACION,2025,abril     ,10,4/10/2025,5,19:00,DENUNCIA,Nivel 3
DELITOS SEXUALES,ACTOS SEXUALES CON MENOR DE CATORCE AÑOS. ART. 209 C.P.,CALI,Los Alcázares,06,-76.492911,3.488482,DOMICILIO,2025,abril     ,10,4/10/2025,5,15:31,DENUNCIA,Nivel 3
DELITOS SEXUALES,ACCESO CARNAL ABUSIVO CON MENOR DE CATORCE AÑOS. ART. 208 C.P.,CALI,Manuela Beltrán,14,-76.470761,3.421297,DOMICILIO,2025,abril     ,10,4/10/2025,5,12:00,DENUNCIA,Nivel 3
DELITOS SEXUALES,ACCESO CARNAL O ACTO SEXUAL EN PERSONA PUESTA EN INCAPACIDAD DE RESISTIR. ART. 207 C.P.,CALI,Mojica,15,-76.48562,3.418615,DOMICILIO,2025,abril     ,10,4/10/2025,5,11:00,DENUNCIA,Nivel 3
DELITOS SEXUALES,ACTOS SEXUALES CON MENOR DE CATORCE AÑOS. ART. 209 C.P.,CALI,San Nicolás,03,-76.523965,3.45755,DOMICILIO,2025,abril     ,11,4/11/2025,6,07:00,DENUNCIA,Nivel 3
DELITOS SEXUALES,ACTOS SEXUALES CON MENOR DE CATORCE AÑOS. ART. 209 C.P.,CALI,Villamercedes I - Villa Luz - Las Garzas,21,-76.477019,3.41114,SIN INFORMACION,2025,abril     ,11,4/11/2025,6,00:00,DENUNCIA,Nivel 3
DELITOS SEXUALES,ACTO SEXUAL VIOLENTO. ART. 206 C.P.,CALI,Torres de Comfandi,05,-76.502046,3.474453,CAMPO ABIERTO,2025,abril     ,11,4/11/2025,6,20:30,DENUNCIA,Nivel 3
DELITOS SEXUALES,ACTO SEXUAL VIOLENTO. ART. 206 C.P.,CALI,San Fernando Nuevo,19,-76.543765,3.427246,DOMICILIO,2025,abril     ,11,4/11/2025,6,10:15,DENUNCIA,Nivel 3
DELITOS SEXUALES,ACCESO CARNAL ABUSIVO CON MENOR DE CATORCE AÑOS. ART. 208 C.P.,CALI,Pizamos II,21,-76.472236,3.402615,DOMICILIO,2025,abril     ,11,4/11/2025,6,11:10,DENUNCIA,Nivel 3
DELITOS SEXUALES,ACTOS SEXUALES CON MENOR DE CATORCE AÑOS. ART. 209 C.P.,CALI,Los Andes,05,-76.49879,3.472731,DOMICILIO,2025,abril     ,11,4/11/2025,6,11:00,DENUNCIA,Nivel 3
DELITOS SEXUALES,ACOSO SEXUAL ART. 210A C.P.  ADICIONADO LEY 1257 DE 2008,CALI,Sector Alto de los Chorros,18,-76.559582,3.392035,DOMICILIO,2025,abril     ,11,4/11/2025,6,17:38,DENUNCIA,Nivel 3
DELITOS SEXUALES,ACTOS SEXUALES CON MENOR DE CATORCE AÑOS. ART. 209 C.P.,CALI,Paso del Comercio,06,-76.491805,3.491276,DOMICILIO,2025,abril     ,11,4/11/2025,6,21:00,DENUNCIA,Nivel 3
DELITOS SEXUALES,ACCESO CARNAL VIOLENTO. ART. 205 C.P.,CALI,Rafael Uribe Uribe,08,-76.513013,3.438175,SIN INFORMACION,2025,abril     ,11,4/11/2025,6,08:46,DENUNCIA,Nivel 3
DELITOS SEXUALES,ACTO SEXUAL VIOLENTO. ART. 206 C.P.,CALI,Los Robles,13,-76.496832,3.422708,DOMICILIO,2025,abril     ,11,4/11/2025,6,16:52,DENUNCIA,Nivel 3
DELITOS SEXUALES,ACTOS SEXUALES CON MENOR DE CATORCE AÑOS. ART. 209 C.P.,CALI,Chapinero,08,-76.499485,3.442992,DOMICILIO,2025,abril     ,11,4/11/2025,6,10:00,DENUNCIA,Nivel 3
DELITOS SEXUALES,ACCESO CARNAL ABUSIVO CON MENOR DE CATORCE AÑOS. ART. 208 C.P.,CALI,Sector Laguna del Pondaje,13,-76.488232,3.431552,SIN INFORMACION,2025,abril     ,13,4/13/2025,1,16:00,DENUNCIA,Nivel 3
DELITOS SEXUALES,ACCESO CARNAL VIOLENTO. ART. 205 C.P. ,CALI,Rural,Rural,-76.528153,3.315321,ESTABLECIMIENTO EDUCATIVO,2025,abril     ,13,4/13/2025,1,10:29,DENUNCIA,Nivel 3
DELITOS SEXUALES,PORNOGRAFIA CON MENORES ART. 218 C.P.,CALI,Bellavista,19,-76.55031,3.44556,DOMICILIO,2025,abril     ,14,4/14/2025,2,17:00,DENUNCIA,Nivel 3
DELITOS SEXUALES,ACCESO CARNAL VIOLENTO. ART. 205 C.P.,CALI,Junín,09,-76.527708,3.43467,DOMICILIO,2025,abril     ,14,4/14/2025,2,10:00,DENUNCIA,Nivel 3
DELITOS SEXUALES,ACCESO CARNAL O ACTO SEXUAL EN PERSONA PUESTA EN INCAPACIDAD DE RESISTIR. ART. 207 C.P.,CALI,Bretaña,09,-76.53156,3.434319,DOMICILIO,2025,abril     ,14,4/14/2025,2,12:00,DENUNCIA,Nivel 3
DELITOS SEXUALES,ACOSO SEXUAL ART. 210A C.P.  ADICIONADO LEY 1257 DE 2008,CALI,Santa Fé,08,-76.503371,3.44195,SIN INFORMACION,2025,abril     ,14,4/14/2025,2,21:24,DENUNCIA,Nivel 3
DELITOS SEXUALES,ACCESO CARNAL O ACTO SEXUAL ABUSIVOS CON INCAPAZ DE RESISTIR. ART. 210 C.P.,CALI,Laureano Gómez,15,-76.494862,3.410665,DOMICILIO,2025,abril     ,14,4/14/2025,2,08:15,DENUNCIA,Nivel 3
DELITOS SEXUALES,ACTO SEXUAL VIOLENTO CON MENOR DE CATORCE AÑOS ART. 209 C.P. ,CALI,San Antonio,03,-76.543361,3.447879,DOMICILIO,2025,abril     ,14,4/14/2025,2,08:05,DENUNCIA,Nivel 3
DELITOS SEXUALES,ACTOS SEXUALES CON MENOR DE CATORCE AÑOS. ART. 209 C.P.,CALI,Ciudad Córdoba,15,-76.510943,3.399941,DOMICILIO,2025,abril     ,15,4/15/2025,3,21:57,DENUNCIA,Nivel 3
DELITOS SEXUALES,ACTOS SEXUALES CON MENOR DE CATORCE AÑOS. ART. 209 C.P.,CALI,Antonio Nariño,16,-76.508338,3.417966,DOMICILIO,2025,abril     ,15,4/15/2025,3,18:00,DENUNCIA,Nivel 3
DELITOS SEXUALES,ACTO SEXUAL VIOLENTO CON MENOR DE CATORCE AÑOS ART. 209 C.P. ,CALI,Antonio Nariño,16,-76.509202,3.417537,DOMICILIO,2025,abril     ,15,4/15/2025,3,23:56,DENUNCIA,Nivel 3
DELITOS SEXUALES,ACTO SEXUAL VIOLENTO CON MENOR DE CATORCE AÑOS ART. 209 C.P. ,CALI,Las Orquídeas,14,-76.475382,3.41303,DOMICILIO,2025,abril     ,15,4/15/2025,3,11:24,DENUNCIA,Nivel 3
DELITOS SEXUALES,PORNOGRAFIA CON MENORES ART. 218 C.P.,CALI,Sucre,09,-76.52335,3.44454,DOMICILIO,2025,abril     ,15,4/15/2025,3,00:00,DENUNCIA,Nivel 3
DELITOS SEXUALES,ACOSO SEXUAL ART. 210A C.P.  ADICIONADO LEY 1257 DE 2008,CALI,San Fernando Nuevo,19,-76.543765,3.427246,SIN INFORMACION,2025,abril     ,15,4/15/2025,3,15:30,DENUNCIA,Nivel 3
DELITOS SEXUALES,ACCESO CARNAL VIOLENTO. ART. 205 C.P.,CALI,Santa Elena,10,-76.52138,3.425768,SIN INFORMACION,2025,abril     ,15,4/15/2025,3,03:30,DENUNCIA,Nivel 3
DELITOS SEXUALES,ACCESO CARNAL ABUSIVO CON MENOR DE CATORCE AÑOS. ART. 208 C.P.,CALI,Rural,Rural,-76.541115,3.468511,DOMICILIO,2025,abril     ,16,4/16/2025,4,09:00,DENUNCIA,Nivel 3
DELITOS SEXUALES,ACCESO CARNAL VIOLENTO. ART. 205 C.P.,CALI,El Refugio,19,-76.547329,3.396568,DOMICILIO,2025,abril     ,16,4/16/2025,4,12:00,DENUNCIA,Nivel 3
DELITOS SEXUALES,ACTOS SEXUALES CON MENOR DE CATORCE AÑOS. ART. 209 C.P.,CALI,Jorge Eliécer Gaitán,06,-76.482605,3.467109,DOMICILIO,2025,abril     ,16,4/16/2025,4,12:00,DENUNCIA,Nivel 3
DELITOS SEXUALES,ACTO SEXUAL VIOLENTO. ART. 206 C.P.,CALI,San Antonio,03,-76.542095,3.446816,DOMICILIO,2025,abril     ,16,4/16/2025,4,22:00,DENUNCIA,Nivel 3
DELITOS SEXUALES,ACCESO CARNAL VIOLENTO. ART. 205 C.P.,CALI,Zonamérica,81,-76.522375,3.321954,DOMICILIO,2025,abril     ,16,4/16/2025,4,00:00,DENUNCIA,Nivel 3
DELITOS SEXUALES,ACCESO CARNAL ABUSIVO CON MENOR DE CATORCE AÑOS. ART. 208 C.P.,CALI,Santa Rosa,03,-76.533793,3.446065,DOMICILIO,2025,abril     ,17,4/17/2025,5,15:00,DENUNCIA,Nivel 3
DELITOS SEXUALES,ACCESO CARNAL ABUSIVO CON MENOR DE CATORCE AÑOS. ART. 208 C.P.,CALI,Alfonso Lopez P. 2a Etapa,07,-76.480578,3.462131,LUGAR DE EVENTOS,2025,abril     ,18,4/18/2025,6,00:00,DENUNCIA,Nivel 3
DELITOS SEXUALES,DEMANDA DE EXPLOT.SEX. COMERC. MENOR DE 18 AÑOS Adic. Art 217A C.P. Ley 1329 de 2009,CALI,Villablanca,13,-76.494252,3.430415,DOMICILIO,2025,abril     ,18,4/18/2025,6,16:14,DENUNCIA,Nivel 3
DELITOS SEXUALES,ACTO SEXUAL VIOLENTO. ART. 206 C.P.,CALI,Puerta del Sol,14,-76.471431,3.431012,DOMICILIO,2025,abril     ,18,4/18/2025,6,00:10,DENUNCIA,Nivel 3
DELITOS SEXUALES,ACTOS SEXUALES CON MENOR DE CATORCE AÑOS. ART. 209 C.P.,CALI,Desepaz Invicali,21,-76.464363,3.425371,DOMICILIO,2025,abril     ,18,4/18/2025,6,22:00,DENUNCIA,Nivel 3
DELITOS SEXUALES,ACTOS SEXUALES CON MENOR DE CATORCE AÑOS. ART. 209 C.P.,CALI,Nueva Floresta,12,-76.497507,3.442849,DOMICILIO,2025,abril     ,18,4/18/2025,6,20:00,DENUNCIA,Nivel 3
DELITOS SEXUALES,ACTOS SEXUALES CON MENOR DE CATORCE AÑOS. ART. 209 C.P.,CALI,Las Orquídeas,14,-76.473725,3.411756,DOMICILIO,2025,abril     ,19,4/19/2025,7,20:00,DENUNCIA,Nivel 3
DELITOS SEXUALES,ACCESO CARNAL VIOLENTO. ART. 205 C.P.,CALI,Alfonso Lopez P. 2a Etapa,07,-76.480578,3.462131,DOMICILIO,2025,abril     ,20,4/20/2025,1,15:36,DENUNCIA,Nivel 3
DELITOS SEXUALES,"ADIC.L.679/2001,ART.34.UTILIZAC.O FACILITAC.MEDIOS DE COMUNICAC.PARA OFRECER SERV.SEXUALES DE MENORES",CALI,Primitivo Crespo,08,-76.517818,3.43945,DOMICILIO,2025,abril     ,20,4/20/2025,1,14:00,DENUNCIA,Nivel 3
DELITOS SEXUALES,ACCESO CARNAL O ACTO SEXUAL ABUSIVOS CON INCAPAZ DE RESISTIR. ART. 210 C.P.,CALI,Mojica,15,-76.486259,3.413379,DOMICILIO,2025,abril     ,20,4/20/2025,1,22:00,DENUNCIA,Nivel 3
DELITOS SEXUALES,ACCESO CARNAL VIOLENTO. ART. 205 C.P.,CALI,Unión de Vivienda Popular,16,-76.509152,3.411373,DOMICILIO,2025,abril     ,20,4/20/2025,1,12:00,DENUNCIA,Nivel 3
DELITOS SEXUALES,ACTOS SEXUALES CON MENOR DE CATORCE AÑOS. ART. 209 C.P.,CALI,Nueva Floresta,12,-76.497507,3.442849,DOMICILIO,2025,abril     ,21,4/21/2025,2,08:00,DENUNCIA,Nivel 3
DELITOS SEXUALES,ACOSO SEXUAL ART. 210A C.P.  ADICIONADO LEY 1257 DE 2008,CALI,Vista Hermosa,01,-76.578861,3.455474,ESTABLECIMIENTO DE COMERCIO,2025,abril     ,21,4/21/2025,2,14:29,DENUNCIA,Nivel 3
DELITOS SEXUALES,ACTOS SEXUALES CON MENOR DE CATORCE AÑOS. ART. 209 C.P.,CALI,Ciudad Córdoba,15,-76.514498,3.397287,SIN INFORMACION,2025,abril     ,21,4/21/2025,2,09:23,DENUNCIA,Nivel 3
DELITOS SEXUALES,ACOSO SEXUAL ART. 210A C.P.  ADICIONADO LEY 1257 DE 2008,CALI,Urbanización Calimio,06,-76.484703,3.488765,DOMICILIO,2025,abril     ,21,4/21/2025,2,16:00,DENUNCIA,Nivel 3
DELITOS SEXUALES,ACOSO SEXUAL ART. 210A C.P.  ADICIONADO LEY 1257 DE 2008,CALI,El Sena,05,-76.500195,3.463118,SIN INFORMACION,2025,abril     ,22,4/22/2025,3,16:00,DENUNCIA,Nivel 3
DELITOS SEXUALES,ACCESO CARNAL ABUSIVO CON MENOR DE CATORCE AÑOS. ART. 208 C.P.,CALI,Las Orquídeas,14,-76.475665,3.413945,SIN INFORMACION,2025,abril     ,22,4/22/2025,3,18:30,DENUNCIA,Nivel 3
DELITOS SEXUALES,ACTO SEXUAL VIOLENTO. ART. 206 C.P.,CALI,Santa Mónica Popular,08,-76.511367,3.435865,VEHICULO DE UBER,2025,abril     ,22,4/22/2025,3,18:00,DENUNCIA,Nivel 3
DELITOS SEXUALES,PORNOGRAFIA CON MENORES ART. 218 C.P.,CALI,Prados de Oriente,11,-76.512184,3.429273,ESTABLECIMIENTO EDUCATIVO,2025,abril     ,22,4/22/2025,3,13:30,DENUNCIA,Nivel 3
DELITOS SEXUALES,ACCESO CARNAL ABUSIVO CON MENOR DE CATORCE AÑOS. ART. 208 C.P.,CALI,Yira Castro,13,-76.49842,3.42859,DOMICILIO,2025,abril     ,22,4/22/2025,3,16:41,DENUNCIA,Nivel 3
DELITOS SEXUALES,ACCESO CARNAL VIOLENTO. ART. 205 C.P.,CALI,Mayapan - Las Vegas,17,-76.541989,3.383425,SIN INFORMACION,2025,abril     ,22,4/22/2025,3,07:00,DENUNCIA,Nivel 3
DELITOS SEXUALES,ACTOS SEXUALES CON MENOR DE CATORCE AÑOS. ART. 209 C.P.,CALI,Bochalema,81,-76.523396,3.354619,ESTABLECIMIENTO EDUCATIVO,2025,abril     ,23,4/23/2025,4,09:00,DENUNCIA,Nivel 3
DELITOS SEXUALES,ACOSO SEXUAL ART. 210A C.P.  ADICIONADO LEY 1257 DE 2008,CALI,Mojica,15,-76.487956,3.415171,SIN INFORMACION,2025,abril     ,23,4/23/2025,4,08:00,DENUNCIA,Nivel 3
DELITOS SEXUALES,ACCESO CARNAL VIOLENTO. ART. 205 C.P.,CALI,San Pedro,03,-76.533131,3.449924,DOMICILIO,2025,abril     ,23,4/23/2025,4,00:00,DENUNCIA,Nivel 3
DELITOS SEXUALES,ACCESO CARNAL VIOLENTO. ART. 205 C.P.,CALI,Pizamos I,21,-76.473824,3.403337,SIN INFORMACION,2025,abril     ,23,4/23/2025,4,07:39,DENUNCIA,Nivel 3
DELITOS SEXUALES,ACTOS SEXUALES CON MENOR DE CATORCE AÑOS. ART. 209 C.P.,CALI,Charco Azul,13,-76.484921,3.4405,VIA PUBLICA,2025,abril     ,23,4/23/2025,4,09:30,DENUNCIA,Nivel 3
DELITOS SEXUALES,ACCESO CARNAL ABUSIVO CON MENOR DE CATORCE AÑOS. ART. 208 C.P.,CALI,Ciudad 2000,16,-76.51454,3.39383,SIN INFORMACION,2025,abril     ,23,4/23/2025,4,05:30,DENUNCIA,Nivel 3
DELITOS SEXUALES,ACOSO SEXUAL ART. 210A C.P.  ADICIONADO LEY 1257 DE 2008,CALI,Prados del Limonar,17,-76.531716,3.389435,DOMICILIO,2025,abril     ,24,4/24/2025,5,20:30,DENUNCIA,Nivel 3
DELITOS SEXUALES,ACCESO CARNAL VIOLENTO. ART. 205 C.P. ,CALI,Los Comuneros II,13,-76.491689,3.423486,DOMICILIO,2025,abril     ,24,4/24/2025,5,08:00,DENUNCIA,Nivel 3
DELITOS SEXUALES,ACCESO CARNAL ABUSIVO CON MENOR DE CATORCE AÑOS. ART. 208 C.P.,CALI,El Poblado I,13,-76.500088,3.41913,DOMICILIO,2025,abril     ,25,4/25/2025,6,09:00,DENUNCIA,Nivel 3
DELITOS SEXUALES,ACCESO CARNAL ABUSIVO CON MENOR DE CATORCE AÑOS. ART. 208 C.P.,CALI,Los Chorros,18,-76.555562,3.393864,SIN INFORMACION,2025,abril     ,25,4/25/2025,6,00:00,DENUNCIA,Nivel 3
DELITOS SEXUALES,ACCESO CARNAL VIOLENTO. ART. 205 C.P.,CALI,Desepaz Invicali,21,-76.461915,3.429515,DOMICILIO,2025,abril     ,25,4/25/2025,6,08:46,DENUNCIA,Nivel 3
DELITOS SEXUALES,ACCESO CARNAL ABUSIVO CON MENOR DE CATORCE AÑOS. ART. 208 C.P.,CALI,San Pedro,03,-76.533131,3.449924,ESTABLECIMIENTO DE COMERCIO,2025,abril     ,25,4/25/2025,6,15:47,DENUNCIA,Nivel 3
DELITOS SEXUALES,PORNOGRAFIA CON MENORES ART. 218 C.P.,CALI,El Morichal,15,-76.501166,3.401985,DOMICILIO,2025,abril     ,25,4/25/2025,6,14:37,DENUNCIA,Nivel 3
DELITOS SEXUALES,ACCESO CARNAL ABUSIVO CON MENOR DE CATORCE AÑOS. ART. 208 C.P.,CALI,Ciudad Córdoba,15,-76.504545,3.402535,DOMICILIO,2025,abril     ,25,4/25/2025,6,22:15,DENUNCIA,Nivel 3
DELITOS SEXUALES,ACCESO CARNAL ABUSIVO CON MENOR DE CATORCE AÑOS. ART. 208 C.P.,CALI,Alfonso Lopez P. 2a Etapa,07,-76.480578,3.462131,DOMICILIO,2025,abril     ,26,4/26/2025,7,00:00,DENUNCIA,Nivel 3
DELITOS SEXUALES,ACCESO CARNAL VIOLENTO. ART. 205 C.P.,CALI,San Vicente,02,-76.52514,3.47082,VIA PUBLICA,2025,abril     ,27,4/27/2025,1,02:00,DENUNCIA,Nivel 3
DELITOS SEXUALES,ACTOS SEXUALES CON MENOR DE CATORCE AÑOS. ART. 209 C.P.,CALI,Ciudadela Floralia,06,-76.49212,3.499006,DOMICILIO,2025,abril     ,27,4/27/2025,1,05:00,DENUNCIA,Nivel 3
DELITOS SEXUALES,ACCESO CARNAL O ACTO SEXUAL ABUSIVOS CON INCAPAZ DE RESISTIR. ART. 210 C.P.,CALI,Rafael Uribe Uribe,08,-76.513327,3.437406,DOMICILIO,2025,abril     ,27,4/27/2025,1,19:00,DENUNCIA,Nivel 3
DELITOS SEXUALES,ACTO SEXUAL VIOLENTO CON MENOR DE CATORCE AÑOS ART. 209 C.P. ,CALI,Venezuela - Urbanización Cañaveralejo,20,-76.56562,3.410918,DOMICILIO,2025,abril     ,27,4/27/2025,1,04:20,DENUNCIA,Nivel 3
DELITOS SEXUALES,ACOSO SEXUAL ART. 210A C.P.  ADICIONADO LEY 1257 DE 2008,CALI,San Pedro,03,-76.532987,3.44972,SIN INFORMACION,2025,abril     ,28,4/28/2025,2,03:00,DENUNCIA,Nivel 3
DELITOS SEXUALES,ACTO SEXUAL VIOLENTO. ART. 206 C.P.,CALI,Ciudad Córdoba,15,-76.505593,3.40251,VIA PUBLICA,2025,abril     ,28,4/28/2025,2,17:00,DENUNCIA,Nivel 3
DELITOS SEXUALES,ACTO SEXUAL VIOLENTO CON MENOR DE CATORCE AÑOS ART. 209 C.P. ,CALI,San Pedro,03,-76.533131,3.449924,SIN INFORMACION,2025,abril     ,28,4/28/2025,2,08:00,DENUNCIA,Nivel 3
DELITOS SEXUALES,ACCESO CARNAL VIOLENTO. ART. 205 C.P.,CALI,Barrio Obrero,09,-76.519238,3.449248,SIN INFORMACION,2025,abril     ,29,4/29/2025,3,08:55,DENUNCIA,Nivel 3
DELITOS SEXUALES,ACCESO CARNAL VIOLENTO. ART. 205 C.P.,CALI,Santa Elena,10,-76.523718,3.42907,DOMICILIO,2025,abril     ,29,4/29/2025,3,20:00,DENUNCIA,Nivel 3
DELITOS SEXUALES,ACCESO CARNAL ABUSIVO CON MENOR DE CATORCE AÑOS. ART. 208 C.P.,CALI,San Pedro,03,-76.533131,3.449924,DOMICILIO,2025,abril     ,29,4/29/2025,3,09:06,DENUNCIA,Nivel 3
DELITOS SEXUALES,ACTO SEXUAL VIOLENTO. ART. 206 C.P.,CALI,Base Aérea,07,-76.493472,3.452964,LUGAR DE TRABAJO,2025,abril     ,29,4/29/2025,3,11:55,DENUNCIA,Nivel 3
DELITOS SEXUALES,ACCESO CARNAL ABUSIVO CON MENOR DE CATORCE AÑOS. ART. 208 C.P.,CALI,Guayaquil,09,-76.529118,3.441807,SIN INFORMACION,2025,abril     ,29,4/29/2025,3,05:01,DENUNCIA,Nivel 3
DELITOS SEXUALES,ACTOS SEXUALES CON MENOR DE CATORCE AÑOS. ART. 209 C.P.,CALI,San Pedro,03,-76.533131,3.449924,DOMICILIO,2025,abril     ,30,4/30/2025,4,13:37,DENUNCIA,Nivel 3
DELITOS SEXUALES,ACCESO CARNAL VIOLENTO. ART. 205 C.P. ,CALI,Los Cámbulos,19,-76.54,3.42,SIN INFORMACION,2025,abril     ,30,4/30/2025,4,14:07,DENUNCIA,Nivel 3
DELITOS SEXUALES,ACCESO CARNAL ABUSIVO CON MENOR DE CATORCE AÑOS. ART. 208 C.P.,CALI,El Poblado I,13,-76.497248,3.418421,DOMICILIO,2025,abril     ,30,4/30/2025,4,16:39,DENUNCIA,Nivel 3
DELITOS SEXUALES,ACCESO CARNAL ABUSIVO CON MENOR DE CATORCE AÑOS. ART. 208 C.P.,CALI,Promociones Populares B,14,-76.47039,3.42818,DOMICILIO,2025,abril     ,30,4/30/2025,4,19:22,DENUNCIA,Nivel 3
DELITOS SEXUALES,ACTO SEXUAL VIOLENTO. ART. 206 C.P.,CALI,Chiminangos I,05,-76.491026,3.477655,DOMICILIO,2025,abril     ,30,4/30/2025,4,17:35,DENUNCIA,Nivel 3
DELITOS SEXUALES,ACCESO CARNAL ABUSIVO CON MENOR DE CATORCE AÑOS. ART. 208 C.P.,CALI,San Pedro,03,-76.533131,3.449924,DOMICILIO,2025,abril     ,30,4/30/2025,4,16:19,DENUNCIA,Nivel 3
DELITOS SEXUALES,ACTOS SEXUALES CON MENOR DE CATORCE AÑOS. ART. 209 C.P.,CALI,Manuela Beltrán,14,-76.471858,3.420926,DOMICILIO,2025,abril     ,30,4/30/2025,4,14:00,DENUNCIA,Nivel 3
DELITOS SEXUALES,ACCESO CARNAL ABUSIVO CON MENOR DE CATORCE AÑOS. ART. 208 C.P.,CALI,El Jardín,11,-76.518654,3.426148,ESTABLECIMIENTO EDUCATIVO,2025,mayo      ,1,5/1/2025,5,08:00,DENUNCIA,Nivel 3
DELITOS SEXUALES,ACTOS SEXUALES CON MENOR DE CATORCE AÑOS. ART. 209 C.P.,CALI,Ciudadela del Rio - CVC,21,-76.465986,3.426978,DOMICILIO,2025,mayo      ,1,5/1/2025,5,08:00,DENUNCIA,Nivel 3
DELITOS SEXUALES,ACCESO CARNAL ABUSIVO CON MENOR DE CATORCE AÑOS. ART. 208 C.P.,CALI,Caney,17,-76.514526,3.380792,DOMICILIO,2025,mayo      ,1,5/1/2025,5,18:00,DENUNCIA,Nivel 3
DELITOS SEXUALES,ACOSO SEXUAL ART. 210A C.P.  ADICIONADO LEY 1257 DE 2008,CALI,Rural,Rural,-76.519714,3.286058,DOMICILIO,2025,mayo      ,1,5/1/2025,5,00:00,DENUNCIA,Nivel 3
DELITOS SEXUALES,ACCESO CARNAL VIOLENTO. ART. 205 C.P.,CALI,Alfonso Lopez P. 2a Etapa,07,-76.481865,3.459068,DOMICILIO,2025,mayo      ,2,5/2/2025,6,04:00,DENUNCIA,Nivel 3
DELITOS SEXUALES,ACCESO CARNAL ABUSIVO CON MENOR DE CATORCE AÑOS. ART. 208 C.P.,CALI,Lleras Restrepo II,13,-76.491575,3.4382,SIN INFORMACION,2025,mayo      ,2,5/2/2025,6,15:00,DENUNCIA,Nivel 3
DELITOS SEXUALES,ACOSO SEXUAL ART. 210A C.P.  ADICIONADO LEY 1257 DE 2008,CALI,Rural,Rural,-76.578982,3.383207,SIN INFORMACION,2025,mayo      ,2,5/2/2025,6,00:30,DENUNCIA,Nivel 3
DELITOS SEXUALES,ACTO SEXUAL VIOLENTO CON MENOR DE CATORCE AÑOS ART. 209 C.P. ,CALI,El Poblado II,13,-76.489767,3.419532,DOMICILIO,2025,mayo      ,3,5/3/2025,7,15:30,DENUNCIA,Nivel 3
DELITOS SEXUALES,ACCESO CARNAL VIOLENTO. ART. 205 C.P.,CALI,Los Parques Barranquilla,05,-76.495028,3.474218,DOMICILIO,2025,mayo      ,3,5/3/2025,7,23:30,DENUNCIA,Nivel 3
DELITOS SEXUALES,ACCESO CARNAL VIOLENTO. ART. 205 C.P.,CALI,El Lido,19,-76.54879,3.41913,DOMICILIO,2025,mayo      ,3,5/3/2025,7,21:30,DENUNCIA,Nivel 3
DELITOS SEXUALES,ACCESO CARNAL ABUSIVO CON MENOR DE CATORCE AÑOS. ART. 208 C.P.,CALI,San Nicolás,03,-76.518781,3.452981,SIN INFORMACION,2025,mayo      ,3,5/3/2025,7,18:00,DENUNCIA,Nivel 3
DELITOS SEXUALES,ACOSO SEXUAL ART. 210A C.P.  ADICIONADO LEY 1257 DE 2008,CALI,Menga,02,-76.525945,3.49223,DOMICILIO,2025,mayo      ,4,5/4/2025,1,09:00,DENUNCIA,Nivel 3
DELITOS SEXUALES,ACTO SEXUAL VIOLENTO. ART. 206 C.P.,CALI,Junín,09,-76.527346,3.433997,SIN INFORMACION,2025,mayo      ,4,5/4/2025,1,10:26,DENUNCIA,Nivel 3
DELITOS SEXUALES,PORNOGRAFIA CON MENORES ART. 218 C.P.,CALI,San Antonio,03,-76.537655,3.447776,HOTEL / HOSTAL,2025,mayo      ,5,5/5/2025,2,10:00,DENUNCIA,Nivel 3
DELITOS SEXUALES,ACCESO CARNAL VIOLENTO. ART. 205 C.P.,CALI,José Manuel Marroquín II,14,-76.483763,3.435367,DOMICILIO,2025,mayo      ,5,5/5/2025,2,22:00,DENUNCIA,Nivel 3
DELITOS SEXUALES,ACTOS SEXUALES CON MENOR DE CATORCE AÑOS. ART. 209 C.P.,CALI,Promociones Populares B,14,-76.475043,3.427823,DOMICILIO,2025,mayo      ,5,5/5/2025,2,17:31,DENUNCIA,Nivel 3
DELITOS SEXUALES,ACTOS SEXUALES CON MENOR DE CATORCE AÑOS. ART. 209 C.P.,CALI,San Pedro,03,-76.533131,3.449924,DOMICILIO,2025,mayo      ,5,5/5/2025,2,15:28,DENUNCIA,Nivel 3
DELITOS SEXUALES,ACTOS SEXUALES CON MENOR DE CATORCE AÑOS. ART. 209 C.P.,CALI,Prados de Oriente,11,-76.514138,3.430591,ESTABLECIMIENTO EDUCATIVO,2025,mayo      ,5,5/5/2025,2,18:00,DENUNCIA,Nivel 3
DELITOS SEXUALES,ACCESO CARNAL ABUSIVO CON MENOR DE CATORCE AÑOS. ART. 208 C.P.,CALI,Sector Puente del Comercio,06,-76.494289,3.489409,DOMICILIO,2025,mayo      ,5,5/5/2025,2,17:00,DENUNCIA,Nivel 3
DELITOS SEXUALES,ACCESO CARNAL VIOLENTO. ART. 205 C.P.,CALI,La Sultana,20,-76.564244,3.422595,DOMICILIO,2025,mayo      ,5,5/5/2025,2,22:00,DENUNCIA,Nivel 3
DELITOS SEXUALES,ACCESO CARNAL ABUSIVO CON MENOR DE CATORCE AÑOS. ART. 208 C.P.,CALI,Terrón Colorado,01,-76.56028,3.453447,DOMICILIO,2025,mayo      ,6,5/6/2025,3,14:07,DENUNCIA,Nivel 3
DELITOS SEXUALES,ACTOS SEXUALES CON MENOR DE CATORCE AÑOS. ART. 209 C.P.,CALI,Calimio Desepaz,21,-76.470907,3.413429,DOMICILIO,2025,mayo      ,6,5/6/2025,3,22:01,DENUNCIA,Nivel 3
DELITOS SEXUALES,ACTOS SEXUALES CON MENOR DE CATORCE AÑOS. ART. 209 C.P.,CALI,El Sena,05,-76.50059,3.46574,CENTRO COMERCIAL,2025,mayo      ,6,5/6/2025,3,14:21,DENUNCIA,Nivel 3
DELITOS SEXUALES,ACOSO SEXUAL ART. 210A C.P.  ADICIONADO LEY 1257 DE 2008,CALI,Valle Grande,21,-76.465976,3.437071,DOMICILIO,2025,mayo      ,6,5/6/2025,3,20:40,DENUNCIA,Nivel 3
DELITOS SEXUALES,ACTOS SEXUALES CON MENOR DE CATORCE AÑOS. ART. 209 C.P.,CALI,La Rivera I,06,-76.486095,3.47229,DOMICILIO,2025,mayo      ,7,5/7/2025,4,19:00,DENUNCIA,Nivel 3
DELITOS SEXUALES,ACCESO CARNAL ABUSIVO CON MENOR DE CATORCE AÑOS. ART. 208 C.P.,CALI,San Pedro,03,-76.533131,3.449924,DOMICILIO,2025,mayo      ,7,5/7/2025,4,09:28,DENUNCIA,Nivel 3
DELITOS SEXUALES,ACCESO CARNAL O ACTO SEXUAL EN PERSONA PUESTA EN INCAPACIDAD DE RESISTIR. ART. 207 C.P.,CALI,Urbanización La Flora,02,-76.517429,3.492527,DOMICILIO,2025,mayo      ,7,5/7/2025,4,17:00,DENUNCIA,Nivel 3
DELITOS SEXUALES,ACCESO CARNAL VIOLENTO. ART. 205 C.P.,CALI,Alfonso Lopez P. 3a Etapa,07,-76.479928,3.455876,DOMICILIO,2025,mayo      ,7,5/7/2025,4,11:00,DENUNCIA,Nivel 3
DELITOS SEXUALES,ACTOS SEXUALES CON MENOR DE CATORCE AÑOS. ART. 209 C.P.,CALI,Calima,04,-76.497508,3.483776,VIA PUBLICA,2025,mayo      ,7,5/7/2025,4,18:10,DENUNCIA,Nivel 3
DELITOS SEXUALES,ACTO SEXUAL VIOLENTO. ART. 206 C.P.,CALI,Unicentro Cali,17,-76.538483,3.375308,ESTACION TRANSPORTE MASIVO,2025,mayo      ,7,5/7/2025,4,17:33,DENUNCIA,Nivel 3
DELITOS SEXUALES,ACTOS SEXUALES CON MENOR DE CATORCE AÑOS. ART. 209 C.P.,CALI,Alto Nápoles,18,-76.557409,3.384906,DOMICILIO,2025,mayo      ,7,5/7/2025,4,15:22,DENUNCIA,Nivel 3
DELITOS SEXUALES,ACTOS SEXUALES CON MENOR DE CATORCE AÑOS. ART. 209 C.P.,CALI,Laureano Gómez,15,-76.496419,3.410661,DOMICILIO,2025,mayo      ,7,5/7/2025,4,03:57,DENUNCIA,Nivel 3
DELITOS SEXUALES,ACCESO CARNAL VIOLENTO. ART. 205 C.P.,CALI,La Fortaleza,11,-76.51528,3.426814,DOMICILIO,2025,mayo      ,8,5/8/2025,5,09:42,DENUNCIA,Nivel 3
DELITOS SEXUALES,ACCESO CARNAL ABUSIVO CON MENOR DE CATORCE AÑOS. ART. 208 C.P.,CALI,Siete de Agosto,07,-76.485245,3.446746,DOMICILIO,2025,mayo      ,8,5/8/2025,5,16:27,DENUNCIA,Nivel 3
DELITOS SEXUALES,ACCESO CARNAL ABUSIVO CON MENOR DE CATORCE AÑOS. ART. 208 C.P.,CALI,Urbanización San Joaquin,17,-76.526412,3.371237,SIN INFORMACION,2025,mayo      ,8,5/8/2025,5,20:18,DENUNCIA,Nivel 3
DELITOS SEXUALES,ACTOS SEXUALES CON MENOR DE CATORCE AÑOS. ART. 209 C.P.,CALI,San Pedro,03,-76.533131,3.449924,DOMICILIO,2025,mayo      ,8,5/8/2025,5,17:22,DENUNCIA,Nivel 3
DELITOS SEXUALES,ACTOS SEXUALES CON MENOR DE CATORCE AÑOS. ART. 209 C.P.,CALI,San Pedro,03,-76.533131,3.449924,DOMICILIO,2025,mayo      ,9,5/9/2025,6,10:10,DENUNCIA,Nivel 3
DELITOS SEXUALES,ACCESO CARNAL ABUSIVO CON MENOR DE CATORCE AÑOS. ART. 208 C.P.,CALI,Rural,Rural,-76.46665,3.38336,SIN INFORMACION,2025,mayo      ,9,5/9/2025,6,22:00,DENUNCIA,Nivel 3
DELITOS SEXUALES,ACTOS SEXUALES CON MENOR DE CATORCE AÑOS. ART. 209 C.P.,CALI,Las Orquídeas,14,-76.477377,3.412134,DOMICILIO,2025,mayo      ,9,5/9/2025,6,11:52,DENUNCIA,Nivel 3
DELITOS SEXUALES,ACTOS SEXUALES CON MENOR DE CATORCE AÑOS. ART. 209 C.P.,CALI,Mariano Ramos,16,-76.518379,3.399796,VIA PUBLICA,2025,mayo      ,9,5/9/2025,6,16:40,DENUNCIA,Nivel 3
DELITOS SEXUALES,ACTO SEXUAL VIOLENTO. ART. 206 C.P.,CALI,Belisario Caicedo,20,-76.555509,3.416373,ESTABLECIMIENTO DE COMERCIO,2025,mayo      ,9,5/9/2025,6,18:00,DENUNCIA,Nivel 3
DELITOS SEXUALES,ACTO SEXUAL VIOLENTO. ART. 206 C.P.,CALI,El Rodeo,12,-76.507165,3.433669,DOMICILIO,2025,mayo      ,10,5/10/2025,7,13:52,DENUNCIA,Nivel 3
DELITOS SEXUALES,ACCESO CARNAL VIOLENTO. ART. 205 C.P.,CALI,Cristóbal Colón,10,-76.525376,3.422896,DOMICILIO,2025,mayo      ,10,5/10/2025,7,20:00,DENUNCIA,Nivel 3
DELITOS SEXUALES,ACTOS SEXUALES CON MENOR DE CATORCE AÑOS. ART. 209 C.P.,CALI,Urbanización La Nueva Base,08,-76.490362,3.447019,DOMICILIO,2025,mayo      ,10,5/10/2025,7,19:00,DENUNCIA,Nivel 3
DELITOS SEXUALES,ACOSO SEXUAL ART. 210A C.P.  ADICIONADO LEY 1257 DE 2008,CALI,Rural,Rural,-76.534067,3.316417,SIN INFORMACION,2025,mayo      ,10,5/10/2025,7,05:53,DENUNCIA,Nivel 3
DELITOS SEXUALES,ACTOS SEXUALES CON MENOR DE CATORCE AÑOS. ART. 209 C.P.,CALI,Buenos Aires,18,-76.551145,3.392374,VIA PUBLICA,2025,mayo      ,10,5/10/2025,7,19:00,DENUNCIA,Nivel 3
DELITOS SEXUALES,ACCESO CARNAL ABUSIVO CON MENOR DE CATORCE AÑOS. ART. 208 C.P.,CALI,El Vallado,15,-76.496022,3.406266,SIN INFORMACION,2025,mayo      ,10,5/10/2025,7,15:00,DENUNCIA,Nivel 3
DELITOS SEXUALES,ACTO SEXUAL VIOLENTO. ART. 206 C.P.,CALI,El Gran Limonar - Cataya,17,-76.538617,3.401147,DOMICILIO,2025,mayo      ,10,5/10/2025,7,20:16,DENUNCIA,Nivel 3
DELITOS SEXUALES,ACCESO CARNAL O ACTO SEXUAL ABUSIVOS CON INCAPAZ DE RESISTIR. ART. 210 C.P.,CALI,San Pedro,03,-76.533131,3.449924,DOMICILIO,2025,mayo      ,11,5/11/2025,1,14:57,DENUNCIA,Nivel 3
DELITOS SEXUALES,ACCESO CARNAL ABUSIVO CON MENOR DE CATORCE AÑOS. ART. 208 C.P.,CALI,Villanueva,12,-76.508794,3.429975,DOMICILIO,2025,mayo      ,11,5/11/2025,1,00:00,DENUNCIA,Nivel 3
DELITOS SEXUALES,ACOSO SEXUAL ART. 210A C.P.  ADICIONADO LEY 1257 DE 2008,CALI,La Merced,03,-76.535847,3.452413,SIN INFORMACION,2025,mayo      ,11,5/11/2025,1,11:00,DENUNCIA,Nivel 3
DELITOS SEXUALES,ACOSO SEXUAL ART. 210A C.P.  ADICIONADO LEY 1257 DE 2008,CALI,Siete de Agosto,07,-76.48683,3.447635,SIN INFORMACION,2025,mayo      ,12,5/12/2025,2,14:00,DENUNCIA,Nivel 3
DELITOS SEXUALES,ACCESO CARNAL ABUSIVO CON MENOR DE CATORCE AÑOS. ART. 208 C.P.,CALI,Venezuela - Urbanización Cañaveralejo,20,-76.56072,3.414745,DOMICILIO,2025,mayo      ,12,5/12/2025,2,03:20,DENUNCIA,Nivel 3
DELITOS SEXUALES,ACOSO SEXUAL ART. 210A C.P.  ADICIONADO LEY 1257 DE 2008,CALI,San Pedro,03,-76.533131,3.449924,DOMICILIO,2025,mayo      ,12,5/12/2025,2,14:51,DENUNCIA,Nivel 3
DELITOS SEXUALES,ACTOS SEXUALES CON MENOR DE CATORCE AÑOS. ART. 209 C.P.,CALI,República de Israel,16,-76.511938,3.404383,DOMICILIO,2025,mayo      ,12,5/12/2025,2,11:00,DENUNCIA,Nivel 3
DELITOS SEXUALES,ACCESO CARNAL ABUSIVO CON MENOR DE CATORCE AÑOS. ART. 208 C.P.,CALI,Alto Nápoles,18,-76.559422,3.384204,SIN INFORMACION,2025,mayo      ,12,5/12/2025,2,18:17,DENUNCIA,Nivel 3
DELITOS SEXUALES,ACOSO SEXUAL ART. 210A C.P.  ADICIONADO LEY 1257 DE 2008,CALI,Sector Alto Jordán,18,-76.558292,3.377879,SIN INFORMACION,2025,mayo      ,12,5/12/2025,2,22:09,DENUNCIA,Nivel 3
DELITOS SEXUALES,ACCESO CARNAL ABUSIVO CON MENOR DE CATORCE AÑOS. ART. 208 C.P.,CALI,San Nicolás,03,-76.518781,3.452981,SIN INFORMACION,2025,mayo      ,12,5/12/2025,2,08:00,DENUNCIA,Nivel 3
DELITOS SEXUALES,ACCESO CARNAL VIOLENTO. ART. 205 C.P.,CALI,El Jordán,18,-76.552607,3.372888,DOMICILIO,2025,mayo      ,12,5/12/2025,2,11:42,DENUNCIA,Nivel 3
DELITOS SEXUALES,ACCESO CARNAL ABUSIVO CON MENOR DE CATORCE AÑOS. ART. 208 C.P.,CALI,Siloé,20,-76.556783,3.427,DOMICILIO,2025,mayo      ,13,5/13/2025,3,09:20,DENUNCIA,Nivel 3
DELITOS SEXUALES,ACCESO CARNAL ABUSIVO CON MENOR DE CATORCE AÑOS. ART. 208 C.P.,CALI,Pizamos I,21,-76.474475,3.400591,DOMICILIO,2025,mayo      ,13,5/13/2025,3,11:01,DENUNCIA,Nivel 3
DELITOS SEXUALES,ACCESO CARNAL VIOLENTO. ART. 205 C.P.,CALI,San Pedro,03,-76.533131,3.449924,DOMICILIO,2025,mayo      ,13,5/13/2025,3,14:30,DENUNCIA,Nivel 3
DELITOS SEXUALES,ACCESO CARNAL O ACTO SEXUAL EN PERSONA PUESTA EN INCAPACIDAD DE RESISTIR. ART. 207 C.P.,CALI,Parcelaciones Pance,22,-76.534994,3.34236,ESTABLECIMIENTO PUBLICO,2025,mayo      ,13,5/13/2025,3,11:08,DENUNCIA,Nivel 3
DELITOS SEXUALES,ACOSO SEXUAL ART. 210A C.P.  ADICIONADO LEY 1257 DE 2008,CALI,Sector Cañaveralejo Guadalupe,19,-76.556193,3.41035,ESTABLECIMIENTO EDUCATIVO,2025,mayo      ,13,5/13/2025,3,12:00,DENUNCIA,Nivel 3
DELITOS SEXUALES,ACCESO CARNAL ABUSIVO CON MENOR DE CATORCE AÑOS. ART. 208 C.P.,CALI,Atanasio Girardot,08,-76.508702,3.443791,SIN INFORMACION,2025,mayo      ,13,5/13/2025,3,11:47,DENUNCIA,Nivel 3
DELITOS SEXUALES,ACCESO CARNAL VIOLENTO. ART. 205 C.P.,CALI,Pampa Linda,19,-76.550739,3.403138,SIN INFORMACION,2025,mayo      ,13,5/13/2025,3,10:00,DENUNCIA,Nivel 3
DELITOS SEXUALES,ACTOS SEXUALES CON MENOR DE CATORCE AÑOS. ART. 209 C.P.,CALI,José Manuel Marroquín I,14,-76.481539,3.42598,DOMICILIO,2025,mayo      ,14,5/14/2025,4,22:00,DENUNCIA,Nivel 3
DELITOS SEXUALES,ACCESO CARNAL ABUSIVO CON MENOR DE CATORCE AÑOS. ART. 208 C.P.,CALI,Guayaquil,09,-76.525279,3.438077,SIN INFORMACION,2025,mayo      ,14,5/14/2025,4,23:00,DENUNCIA,Nivel 3
DELITOS SEXUALES,ACCESO CARNAL ABUSIVO CON MENOR DE CATORCE AÑOS. ART. 208 C.P.,CALI,Los Comuneros I,15,-76.492341,3.412252,SIN INFORMACION,2025,mayo      ,14,5/14/2025,4,00:00,DENUNCIA,Nivel 3
DELITOS SEXUALES,ACTOS SEXUALES CON MENOR DE CATORCE AÑOS. ART. 209 C.P.,CALI,Pizamos I,21,-76.472979,3.401852,DOMICILIO,2025,mayo      ,14,5/14/2025,4,11:47,DENUNCIA,Nivel 3
DELITOS SEXUALES,ACTOS SEXUALES CON MENOR DE CATORCE AÑOS. ART. 209 C.P.,CALI,Mariano Ramos,16,-76.516058,3.401551,DOMICILIO,2025,mayo      ,14,5/14/2025,4,12:03,DENUNCIA,Nivel 3
DELITOS SEXUALES,ACCESO CARNAL ABUSIVO CON MENOR DE CATORCE AÑOS. ART. 208 C.P.,CALI,Los Cámbulos,19,-76.54,3.42,SIN INFORMACION,2025,mayo      ,14,5/14/2025,4,20:43,DENUNCIA,Nivel 3
DELITOS SEXUALES,ACCESO CARNAL ABUSIVO CON MENOR DE CATORCE AÑOS. ART. 208 C.P.,CALI,San Pedro,03,-76.533131,3.449924,SIN INFORMACION,2025,mayo      ,14,5/14/2025,4,07:00,DENUNCIA,Nivel 3
DELITOS SEXUALES,ACOSO SEXUAL ART. 210A C.P.  ADICIONADO LEY 1257 DE 2008,CALI,San Pedro,03,-76.533131,3.449924,DOMICILIO,2025,mayo      ,14,5/14/2025,4,14:52,DENUNCIA,Nivel 3
DELITOS SEXUALES,ACCESO CARNAL O ACTO SEXUAL ABUSIVOS CON INCAPAZ DE RESISTIR. ART. 210 C.P.,CALI,El Ingenio,17,-76.532596,3.385192,DOMICILIO,2025,mayo      ,15,5/15/2025,5,11:00,DENUNCIA,Nivel 3
DELITOS SEXUALES,ACCESO CARNAL VIOLENTO. ART. 205 C.P.,CALI,Saavedra Galindo,08,-76.513901,3.439402,DOMICILIO,2025,mayo      ,15,5/15/2025,5,15:00,DENUNCIA,Nivel 3
DELITOS SEXUALES,ACCESO CARNAL ABUSIVO CON MENOR DE CATORCE AÑOS. ART. 208 C.P.,CALI,San Pedro,03,-76.533131,3.449924,DOMICILIO,2025,mayo      ,15,5/15/2025,5,11:30,DENUNCIA,Nivel 3
DELITOS SEXUALES,ACTO SEXUAL VIOLENTO. ART. 206 C.P.,CALI,Saavedra Galindo,08,-76.513901,3.439402,SIN INFORMACION,2025,mayo      ,15,5/15/2025,5,20:00,DENUNCIA,Nivel 3
DELITOS SEXUALES,ACCESO CARNAL VIOLENTO. ART. 205 C.P.,CALI,Calima,04,-76.497932,3.48521,DOMICILIO,2025,mayo      ,15,5/15/2025,5,01:00,DENUNCIA,Nivel 3
DELITOS SEXUALES,ACCESO CARNAL ABUSIVO CON MENOR DE CATORCE AÑOS. ART. 208 C.P.,CALI,Potrero Grande,21,-76.469981,3.408471,DOMICILIO,2025,mayo      ,15,5/15/2025,5,10:00,DENUNCIA,Nivel 3
DELITOS SEXUALES,ACTOS SEXUALES CON MENOR DE CATORCE AÑOS. ART. 209 C.P.,CALI,Unión de Vivienda Popular,16,-76.508194,3.407452,DOMICILIO,2025,mayo      ,15,5/15/2025,5,16:00,DENUNCIA,Nivel 3
DELITOS SEXUALES,ACTO SEXUAL VIOLENTO. ART. 206 C.P.,CALI,La Hacienda,17,-76.530098,3.397472,DOMICILIO,2025,mayo      ,15,5/15/2025,5,23:40,DENUNCIA,Nivel 3
DELITOS SEXUALES,ACTO SEXUAL VIOLENTO CON MENOR DE CATORCE AÑOS ART. 209 C.P. ,CALI,Ciudadela Comfandi,17,-76.523626,3.385399,ESTABLECIMIENTO EDUCATIVO,2025,mayo      ,15,5/15/2025,5,16:38,DENUNCIA,Nivel 3
DELITOS SEXUALES,ACOSO SEXUAL ART. 210A C.P.  ADICIONADO LEY 1257 DE 2008,CALI,Mariano Ramos,16,-76.518117,3.40549,VIA PUBLICA,2025,mayo      ,15,5/15/2025,5,13:00,DENUNCIA,Nivel 3
DELITOS SEXUALES,ACTOS SEXUALES CON MENOR DE CATORCE AÑOS. ART. 209 C.P.,CALI,Urbanización Tequendama,19,-76.543275,3.418819,ESTABLECIMIENTO DE SALUD,2025,mayo      ,15,5/15/2025,5,16:09,DENUNCIA,Nivel 3
DELITOS SEXUALES,ACTO SEXUAL VIOLENTO. ART. 206 C.P.,CALI,San Antonio,03,-76.541516,3.448829,DOMICILIO,2025,mayo      ,15,5/15/2025,5,01:00,DENUNCIA,Nivel 3
DELITOS SEXUALES,ACOSO SEXUAL ART. 210A C.P.  ADICIONADO LEY 1257 DE 2008,CALI,Urbanización San Joaquin,17,-76.526457,3.371326,SIN INFORMACION,2025,mayo      ,15,5/15/2025,5,15:08,DENUNCIA,Nivel 3
DELITOS SEXUALES,ACCESO CARNAL ABUSIVO CON MENOR DE CATORCE AÑOS. ART. 208 C.P.,CALI,Brisas de Mayo,20,-76.563014,3.416132,DOMICILIO,2025,mayo      ,15,5/15/2025,5,19:00,DENUNCIA,Nivel 3
DELITOS SEXUALES,ACTO SEXUAL VIOLENTO CON MENOR DE CATORCE AÑOS ART. 209 C.P. ,CALI,El Lido,19,-76.554221,3.417562,DOMICILIO,2025,mayo      ,15,5/15/2025,5,00:00,DENUNCIA,Nivel 3
DELITOS SEXUALES,ACCESO CARNAL VIOLENTO. ART. 205 C.P.,CALI,El Ingenio,17,-76.528342,3.384959,DOMICILIO,2025,mayo      ,15,5/15/2025,5,00:00,DENUNCIA,Nivel 3
DELITOS SEXUALES,ACTOS SEXUALES CON MENOR DE CATORCE AÑOS. ART. 209 C.P.,CALI,Desepaz Invicali,21,-76.463808,3.423437,DOMICILIO,2025,mayo      ,15,5/15/2025,5,15:24,DENUNCIA,Nivel 3
DELITOS SEXUALES,ACTO SEXUAL VIOLENTO. ART. 206 C.P.,CALI,Prados de Oriente,11,-76.513304,3.433186,ESTABLECIMIENTO CARCELARIO,2025,mayo      ,16,5/16/2025,6,13:30,DENUNCIA,Nivel 3
DELITOS SEXUALES,ACTOS SEXUALES CON MENOR DE CATORCE AÑOS. ART. 209 C.P.,CALI,Santa Fé,08,-76.503855,3.441244,DOMICILIO,2025,mayo      ,16,5/16/2025,6,13:02,DENUNCIA,Nivel 3
DELITOS SEXUALES,ACTOS SEXUALES CON MENOR DE CATORCE AÑOS. ART. 209 C.P.,CALI,San Pedro,03,-76.533131,3.449924,DOMICILIO,2025,mayo      ,16,5/16/2025,6,12:14,DENUNCIA,Nivel 3
DELITOS SEXUALES,ACCESO CARNAL VIOLENTO. ART. 205 C.P.,CALI,Rural,Rural,-76.54769,3.36042,DOMICILIO,2025,mayo      ,16,5/16/2025,6,15:00,DENUNCIA,Nivel 3
DELITOS SEXUALES,ACCESO CARNAL ABUSIVO CON MENOR DE CATORCE AÑOS. ART. 208 C.P.,CALI,San Pedro,03,-76.533131,3.449924,DOMICILIO,2025,mayo      ,16,5/16/2025,6,11:26,DENUNCIA,Nivel 3
DELITOS SEXUALES,ACCESO CARNAL VIOLENTO. ART. 205 C.P.,CALI,Los Lagos,13,-76.484077,3.43125,DOMICILIO,2025,mayo      ,17,5/17/2025,7,00:00,DENUNCIA,Nivel 3
DELITOS SEXUALES,ACTO SEXUAL VIOLENTO. ART. 206 C.P.,CALI,San Pedro,03,-76.533131,3.449924,SIN INFORMACION,2025,mayo      ,17,5/17/2025,7,08:47,DENUNCIA,Nivel 3
DELITOS SEXUALES,ACCESO CARNAL O ACTO SEXUAL EN PERSONA PUESTA EN INCAPACIDAD DE RESISTIR. ART. 207 C.P.,CALI,Meléndez,18,-76.543238,3.378282,DOMICILIO,2025,mayo      ,17,5/17/2025,7,15:00,DENUNCIA,Nivel 3
DELITOS SEXUALES,ACCESO CARNAL ABUSIVO CON MENOR DE CATORCE AÑOS. ART. 208 C.P.,CALI,El Troncal,08,-76.506587,3.451062,SIN INFORMACION,2025,mayo      ,17,5/17/2025,7,21:00,DENUNCIA,Nivel 3
DELITOS SEXUALES,ACCESO CARNAL VIOLENTO. ART. 205 C.P.,CALI,El Vallado,15,-76.499712,3.407169,DOMICILIO,2025,mayo      ,17,5/17/2025,7,11:00,DENUNCIA,Nivel 3
DELITOS SEXUALES,ACCESO CARNAL VIOLENTO. ART. 205 C.P.,CALI,Urbanización San Joaquin,17,-76.526783,3.371217,ESTABLECIMIENTO DE SALUD,2025,mayo      ,17,5/17/2025,7,10:00,DENUNCIA,Nivel 3
DELITOS SEXUALES,ACTOS SEXUALES CON MENOR DE CATORCE AÑOS. ART. 209 C.P.,CALI,Terrón Colorado,01,-76.570142,3.453816,DOMICILIO,2025,mayo      ,17,5/17/2025,7,14:11,DENUNCIA,Nivel 3
DELITOS SEXUALES,ACCESO CARNAL ABUSIVO CON MENOR DE CATORCE AÑOS. ART. 208 C.P.,CALI,Municipal,08,-76.511585,3.446352,DOMICILIO,2025,mayo      ,17,5/17/2025,7,18:30,DENUNCIA,Nivel 3
DELITOS SEXUALES,PORNOGRAFIA CON MENORES ART. 218 C.P.,CALI,Brisas de Los Álamos,02,-76.50359,3.492862,RED VIRTUAL O INTERNET,2025,mayo      ,18,5/18/2025,1,18:00,DENUNCIA,Nivel 3
DELITOS SEXUALES,ACTO SEXUAL VIOLENTO. ART. 206 C.P.,CALI,Los Comuneros I,15,-76.49208,3.415354,DOMICILIO,2025,mayo      ,18,5/18/2025,1,18:30,DENUNCIA,Nivel 3
DELITOS SEXUALES,ACTOS SEXUALES CON MENOR DE CATORCE AÑOS. ART. 209 C.P.,CALI,Rural,Rural,-76.559106,3.355965,ESTABLECIMIENTO EDUCATIVO,2025,mayo      ,18,5/18/2025,1,17:25,DENUNCIA,Nivel 3
DELITOS SEXUALES,ACTO SEXUAL VIOLENTO CON MENOR DE CATORCE AÑOS ART. 209 C.P. ,CALI,Los Comuneros I,15,-76.492519,3.414919,DOMICILIO,2025,mayo      ,18,5/18/2025,1,18:30,DENUNCIA,Nivel 3
DELITOS SEXUALES,ACTOS SEXUALES CON MENOR DE CATORCE AÑOS. ART. 209 C.P.,CALI,José Manuel Marroquín I,14,-76.477155,3.421453,DOMICILIO,2025,mayo      ,19,5/19/2025,2,02:00,DENUNCIA,Nivel 3
DELITOS SEXUALES,ACTO SEXUAL VIOLENTO CON MENOR DE CATORCE AÑOS ART. 209 C.P. ,CALI,Junín,09,-76.527346,3.433997,SIN INFORMACION,2025,mayo      ,19,5/19/2025,2,11:23,DENUNCIA,Nivel 3
DELITOS SEXUALES,PORNOGRAFIA CON MENORES ART. 218 C.P.,CALI,San Pedro,03,-76.533131,3.449924,LUGAR DE TRABAJO,2025,mayo      ,19,5/19/2025,2,15:55,DENUNCIA,Nivel 3
DELITOS SEXUALES,ACCESO CARNAL O ACTO SEXUAL ABUSIVOS CON INCAPAZ DE RESISTIR. ART. 210 C.P.,CALI,San Pedro,03,-76.533131,3.449924,DOMICILIO,2025,mayo      ,19,5/19/2025,2,15:36,DENUNCIA,Nivel 3
DELITOS SEXUALES,ACOSO SEXUAL ART. 210A C.P.  ADICIONADO LEY 1257 DE 2008,CALI,Jorge Eliécer Gaitán,06,-76.484354,3.475274,SIN INFORMACION,2025,mayo      ,19,5/19/2025,2,00:20,DENUNCIA,Nivel 3
DELITOS SEXUALES,ACOSO SEXUAL ART. 210A C.P.  ADICIONADO LEY 1257 DE 2008,CALI,Ciudad Córdoba,15,-76.510978,3.399888,SIN INFORMACION,2025,mayo      ,19,5/19/2025,2,12:06,DENUNCIA,Nivel 3
DELITOS SEXUALES,ACTO SEXUAL VIOLENTO CON MENOR DE CATORCE AÑOS ART. 209 C.P. ,CALI,Junín,09,-76.527346,3.433997,SIN INFORMACION,2025,mayo      ,19,5/19/2025,2,07:38,DENUNCIA,Nivel 3
DELITOS SEXUALES,ACTOS SEXUALES CON PERSONA PROTEGIDA MENOR DE CATORCE AÑOS ART. 139A,CALI,Rural,Rural,-76.465993,3.394167,AREA RURAL,2025,mayo      ,20,5/20/2025,3,19:00,DENUNCIA,Nivel 3
DELITOS SEXUALES,ACTOS SEXUALES CON MENOR DE CATORCE AÑOS. ART. 209 C.P.,CALI,San Pascual,03,-76.528482,3.443259,ESTABLECIMIENTO PUBLICO,2025,mayo      ,20,5/20/2025,3,16:31,DENUNCIA,Nivel 3
DELITOS SEXUALES,ACCESO CARNAL VIOLENTO. ART. 205 C.P. ,CALI,Los Cámbulos,19,-76.54,3.42,SIN INFORMACION,2025,mayo      ,20,5/20/2025,3,16:00,DENUNCIA,Nivel 3
DELITOS SEXUALES,ACTO SEXUAL VIOLENTO CON MENOR DE CATORCE AÑOS ART. 209 C.P. ,CALI,Junín,09,-76.527346,3.433997,SIN INFORMACION,2025,mayo      ,20,5/20/2025,3,10:13,DENUNCIA,Nivel 3
DELITOS SEXUALES,ACTO SEXUAL VIOLENTO CON MENOR DE CATORCE AÑOS ART. 209 C.P. ,CALI,San Pedro,03,-76.533131,3.449924,DOMICILIO,2025,mayo      ,20,5/20/2025,3,09:54,DENUNCIA,Nivel 3
DELITOS SEXUALES,PORNOGRAFIA CON MENORES ART. 218 C.P.,CALI,Fepicol,07,-76.483791,3.461916,DOMICILIO,2025,mayo      ,20,5/20/2025,3,16:43,DENUNCIA,Nivel 3
DELITOS SEXUALES,ACCESO CARNAL VIOLENTO. ART. 205 C.P.,CALI,San Juan Bosco,03,-76.533937,3.444117,DOMICILIO,2025,mayo      ,20,5/20/2025,3,22:26,DENUNCIA,Nivel 3
DELITOS SEXUALES,ACTO SEXUAL VIOLENTO. ART. 206 C.P.,CALI,Primero de Mayo,17,-76.530399,3.407582,ESTABLECIMIENTO EDUCATIVO,2025,mayo      ,20,5/20/2025,3,11:15,DENUNCIA,Nivel 3
DELITOS SEXUALES,ACCESO CARNAL ABUSIVO CON MENOR DE CATORCE AÑOS. ART. 208 C.P.,CALI,El Remanso,21,-76.465674,3.418404,DOMICILIO,2025,mayo      ,20,5/20/2025,3,10:00,DENUNCIA,Nivel 3
DELITOS SEXUALES,ACTO SEXUAL VIOLENTO CON MENOR DE CATORCE AÑOS ART. 209 C.P. ,CALI,San Pedro,03,-76.533131,3.449924,DOMICILIO,2025,mayo      ,20,5/20/2025,3,13:21,DENUNCIA,Nivel 3
DELITOS SEXUALES,PORNOGRAFIA CON MENORES ART. 218 C.P.,CALI,San Pedro,03,-76.533131,3.449924,LUGAR DE TRABAJO,2025,mayo      ,20,5/20/2025,3,15:36,DENUNCIA,Nivel 3
DELITOS SEXUALES,ACTOS SEXUALES CON MENOR DE CATORCE AÑOS. ART. 209 C.P.,CALI,San Pedro,03,-76.533131,3.449924,DOMICILIO,2025,mayo      ,20,5/20/2025,3,14:34,DENUNCIA,Nivel 3
DELITOS SEXUALES,ACCESO CARNAL VIOLENTO. ART. 205 C.P.,CALI,Alfonso Bonilla Aragón,14,-76.481114,3.420138,SIN INFORMACION,2025,mayo      ,21,5/21/2025,4,09:00,DENUNCIA,Nivel 3
DELITOS SEXUALES,ACCESO CARNAL ABUSIVO CON MENOR DE CATORCE AÑOS. ART. 208 C.P.,CALI,Los Chorros,18,-76.555562,3.393864,SIN INFORMACION,2025,mayo      ,21,5/21/2025,4,15:00,DENUNCIA,Nivel 3
DELITOS SEXUALES,ACCESO CARNAL ABUSIVO CON MENOR DE CATORCE AÑOS. ART. 208 C.P.,CALI,Normandia,02,-76.543099,3.454819,SIN INFORMACION,2025,mayo      ,21,5/21/2025,4,16:30,DENUNCIA,Nivel 3
DELITOS SEXUALES,ACTOS SEXUALES CON MENOR DE CATORCE AÑOS. ART. 209 C.P.,CALI,El Sena,05,-76.503527,3.470649,ESTABLECIMIENTO EDUCATIVO,2025,mayo      ,21,5/21/2025,4,09:30,DENUNCIA,Nivel 3
DELITOS SEXUALES,PORNOGRAFIA CON MENORES ART. 218 C.P.,CALI,Los Naranjos,14,-76.48032,3.434129,DOMICILIO,2025,mayo      ,21,5/21/2025,4,01:00,DENUNCIA,Nivel 3
DELITOS SEXUALES,ACTOS SEXUALES CON MENOR DE CATORCE AÑOS. ART. 209 C.P.,CALI,San Pedro,03,-76.533131,3.449924,DOMICILIO,2025,mayo      ,22,5/22/2025,5,15:39,DENUNCIA,Nivel 3
DELITOS SEXUALES,ACCESO CARNAL VIOLENTO. ART. 205 C.P.,CALI,Villa del Prado - El Guabito,05,-76.495303,3.465457,VIA PUBLICA,2025,mayo      ,22,5/22/2025,5,22:30,DENUNCIA,Nivel 3
DELITOS SEXUALES,ACCESO CARNAL VIOLENTO. ART. 205 C.P.,CALI,Alfonso Barberena A.,12,-76.507915,3.434258,DOMICILIO,2025,mayo      ,22,5/22/2025,5,09:10,DENUNCIA,Nivel 3
DELITOS SEXUALES,ACTOS SEXUALES CON MENOR DE CATORCE AÑOS. ART. 209 C.P.,CALI,Ciudadela Floralia,06,-76.490576,3.497527,DOMICILIO,2025,mayo      ,22,5/22/2025,5,19:00,DENUNCIA,Nivel 3
DELITOS SEXUALES,ACCESO CARNAL ABUSIVO CON MENOR DE CATORCE AÑOS. ART. 208 C.P.,CALI,Rafael Uribe Uribe,08,-76.511231,3.440085,DOMICILIO,2025,mayo      ,22,5/22/2025,5,00:00,DENUNCIA,Nivel 3
DELITOS SEXUALES,ACOSO SEXUAL ART. 210A C.P.  ADICIONADO LEY 1257 DE 2008,CALI,Miraflores,19,-76.540001,3.438556,ESTABLECIMIENTO EDUCATIVO,2025,mayo      ,22,5/22/2025,5,00:00,DENUNCIA,Nivel 3
DELITOS SEXUALES,ACCESO CARNAL VIOLENTO. ART. 205 C.P.,CALI,San Pedro,03,-76.533131,3.449924,DOMICILIO,2025,mayo      ,23,5/23/2025,6,08:56,DENUNCIA,Nivel 3
DELITOS SEXUALES,ACCESO CARNAL ABUSIVO CON MENOR DE CATORCE AÑOS. ART. 208 C.P.,CALI,San Pedro,03,-76.533131,3.449924,DOMICILIO,2025,mayo      ,23,5/23/2025,6,13:38,DENUNCIA,Nivel 3
DELITOS SEXUALES,ACTOS SEXUALES CON MENOR DE CATORCE AÑOS. ART. 209 C.P.,CALI,Lili,17,-76.514295,3.367321,DOMICILIO,2025,mayo      ,23,5/23/2025,6,23:30,DENUNCIA,Nivel 3
DELITOS SEXUALES,ACCESO CARNAL VIOLENTO. ART. 205 C.P.,CALI,Nueva Tequendama,19,-76.540046,3.416652,DOMICILIO,2025,mayo      ,23,5/23/2025,6,16:22,DENUNCIA,Nivel 3
DELITOS SEXUALES,ACCESO CARNAL VIOLENTO. ART. 205 C.P.,CALI,José Manuel Marroquín I,14,-76.477231,3.417429,VIA PUBLICA,2025,mayo      ,23,5/23/2025,6,02:00,DENUNCIA,Nivel 3
DELITOS SEXUALES,ACOSO SEXUAL ART. 210A C.P.  ADICIONADO LEY 1257 DE 2008,CALI,San Nicolás,03,-76.518781,3.452981,SIN INFORMACION,2025,mayo      ,23,5/23/2025,6,11:00,DENUNCIA,Nivel 3
DELITOS SEXUALES,ACTOS SEXUALES CON MENOR DE CATORCE AÑOS. ART. 209 C.P.,CALI,El Poblado I,13,-76.499251,3.41825,DOMICILIO,2025,mayo      ,23,5/23/2025,6,15:00,DENUNCIA,Nivel 3
DELITOS SEXUALES,ACCESO CARNAL ABUSIVO CON MENOR DE CATORCE AÑOS. ART. 208 C.P.,CALI,San Pedro,03,-76.533131,3.449924,DOMICILIO,2025,mayo      ,23,5/23/2025,6,14:55,DENUNCIA,Nivel 3
DELITOS SEXUALES,ACTOS SEXUALES CON MENOR DE CATORCE AÑOS. ART. 209 C.P.,CALI,Saavedra Galindo,08,-76.516039,3.443909,DOMICILIO,2025,mayo      ,23,5/23/2025,6,08:00,DENUNCIA,Nivel 3
DELITOS SEXUALES,ACCESO CARNAL VIOLENTO. ART. 205 C.P.,CALI,Unión de Vivienda Popular,16,-76.514229,3.412998,VIA PUBLICA,2025,mayo      ,23,5/23/2025,6,04:00,DENUNCIA,Nivel 3
DELITOS SEXUALES,ACCESO CARNAL ABUSIVO CON MENOR DE CATORCE AÑOS. ART. 208 C.P.,CALI,El Poblado II,13,-76.48989,3.420514,DOMICILIO,2025,mayo      ,23,5/23/2025,6,12:59,DENUNCIA,Nivel 3
DELITOS SEXUALES,ACCESO CARNAL VIOLENTO. ART. 205 C.P.,CALI,Unión de Vivienda Popular,16,-76.514632,3.41284,VEHICULO,2025,mayo      ,23,5/23/2025,6,03:00,DENUNCIA,Nivel 3
DELITOS SEXUALES,ACCESO CARNAL VIOLENTO. ART. 205 C.P.,CALI,Los Naranjos II,14,-76.478814,3.433795,DOMICILIO,2025,mayo      ,24,5/24/2025,7,03:00,DENUNCIA,Nivel 3
DELITOS SEXUALES,ACCESO CARNAL VIOLENTO. ART. 205 C.P. ,CALI,El Ingenio,17,-76.535248,3.384138,EDIFICIO,2025,mayo      ,24,5/24/2025,7,13:00,DENUNCIA,Nivel 3
DELITOS SEXUALES,ACTOS SEXUALES CON MENOR DE CATORCE AÑOS. ART. 209 C.P.,CALI,Calimio Desepaz,21,-76.469967,3.412649,DOMICILIO,2025,mayo      ,24,5/24/2025,7,22:00,DENUNCIA,Nivel 3
DELITOS SEXUALES,ACCESO CARNAL VIOLENTO. ART. 205 C.P.,CALI,Villa del Prado - El Guabito,05,-76.488351,3.468327,DOMICILIO,2025,mayo      ,25,5/25/2025,1,06:00,DENUNCIA,Nivel 3
DELITOS SEXUALES,ACCESO CARNAL VIOLENTO. ART. 205 C.P.,CALI,Lleras Camargo,20,-76.560108,3.418034,DOMICILIO,2025,mayo      ,25,5/25/2025,1,05:00,DENUNCIA,Nivel 3
DELITOS SEXUALES,ACCESO CARNAL VIOLENTO. ART. 205 C.P.,CALI,La Cascada,19,-76.555148,3.400612,FINCA,2025,mayo      ,25,5/25/2025,1,04:00,DENUNCIA,Nivel 3
DELITOS SEXUALES,ACCESO CARNAL O ACTO SEXUAL ABUSIVOS CON INCAPAZ DE RESISTIR. ART. 210 C.P.,CALI,El Guabal,10,-76.523076,3.417637,ESTABLECIMIENTO PUBLICO,2025,mayo      ,25,5/25/2025,1,03:00,DENUNCIA,Nivel 3
DELITOS SEXUALES,ACTOS SEXUALES CON MENOR DE CATORCE AÑOS. ART. 209 C.P.,CALI,Industrial,08,-76.512732,3.454819,DOMICILIO,2025,mayo      ,25,5/25/2025,1,18:00,DENUNCIA,Nivel 3
DELITOS SEXUALES,ACTOS SEXUALES CON MENOR DE CATORCE AÑOS. ART. 209 C.P.,CALI,José Manuel Marroquín I,14,-76.480987,3.427382,ESTABLECIMIENTO EDUCATIVO,2025,mayo      ,26,5/26/2025,2,10:00,DENUNCIA,Nivel 3
DELITOS SEXUALES,ACTOS SEXUALES CON MENOR DE CATORCE AÑOS. ART. 209 C.P.,CALI,Los Andes,05,-76.497513,3.473032,DOMICILIO,2025,mayo      ,26,5/26/2025,2,11:06,DENUNCIA,Nivel 3
DELITOS SEXUALES,ACCESO CARNAL VIOLENTO. ART. 205 C.P.,CALI,Nueva Floresta,12,-76.497153,3.435973,DOMICILIO,2025,mayo      ,26,5/26/2025,2,14:30,DENUNCIA,Nivel 3
DELITOS SEXUALES,ACTOS SEXUALES CON MENOR DE CATORCE AÑOS. ART. 209 C.P.,CALI,Manuela Beltrán,14,-76.469441,3.424242,DOMICILIO,2025,mayo      ,26,5/26/2025,2,12:00,DENUNCIA,Nivel 3
DELITOS SEXUALES,ACOSO SEXUAL ART. 210A C.P.  ADICIONADO LEY 1257 DE 2008,CALI,Unidad Residencial Santiago de Cali,19,-76.548061,3.414262,SIN INFORMACION,2025,mayo      ,26,5/26/2025,2,08:25,DENUNCIA,Nivel 3
DELITOS SEXUALES,ACOSO SEXUAL ART. 210A C.P.  ADICIONADO LEY 1257 DE 2008,CALI,Centenario,02,-76.540093,3.450957,LUGAR DE RECREACION / PARQUE,2025,mayo      ,26,5/26/2025,2,18:00,DENUNCIA,Nivel 3
DELITOS SEXUALES,ACTO SEXUAL VIOLENTO CON MENOR DE CATORCE AÑOS ART. 209 C.P. ,CALI,Los Robles,13,-76.492937,3.422214,SIN INFORMACION,2025,mayo      ,26,5/26/2025,2,05:30,DENUNCIA,Nivel 3
DELITOS SEXUALES,PORNOGRAFIA CON MENORES ART. 218 C.P.,CALI,El Trébol,08,-76.496514,3.444855,ESTABLECIMIENTO EDUCATIVO,2025,mayo      ,27,5/27/2025,3,09:12,DENUNCIA,Nivel 3
DELITOS SEXUALES,ACCESO CARNAL VIOLENTO. ART. 205 C.P.,CALI,Los Parques Barranquilla,05,-76.495794,3.475474,ESTABLECIMIENTO EDUCATIVO,2025,mayo      ,27,5/27/2025,3,18:30,DENUNCIA,Nivel 3
DELITOS SEXUALES,ACCESO CARNAL ABUSIVO CON MENOR DE CATORCE AÑOS. ART. 208 C.P.,CALI,El Retiro,15,-76.500683,3.409994,DOMICILIO,2025,mayo      ,27,5/27/2025,3,14:51,DENUNCIA,Nivel 3
DELITOS SEXUALES,ACTO SEXUAL VIOLENTO CON MENOR DE CATORCE AÑOS ART. 209 C.P. ,CALI,Industrial,08,-76.517466,3.450504,SIN INFORMACION,2025,mayo      ,27,5/27/2025,3,07:50,DENUNCIA,Nivel 3
DELITOS SEXUALES,ACCESO CARNAL ABUSIVO CON MENOR DE CATORCE AÑOS. ART. 208 C.P.,CALI,San Nicolás,03,-76.518781,3.452981,SIN INFORMACION,2025,mayo      ,27,5/27/2025,3,20:00,DENUNCIA,Nivel 3
DELITOS SEXUALES,ACCESO CARNAL VIOLENTO. ART. 205 C.P.,CALI,Alfonso Lopez P. 3a Etapa,07,-76.479446,3.452931,DOMICILIO,2025,mayo      ,28,5/28/2025,4,21:00,DENUNCIA,Nivel 3
DELITOS SEXUALES,ACOSO SEXUAL ART. 210A C.P.  ADICIONADO LEY 1257 DE 2008,CALI,Rural,Rural,-76.46665,3.38336,SIN INFORMACION,2025,mayo      ,28,5/28/2025,4,23:30,DENUNCIA,Nivel 3
DELITOS SEXUALES,ACCESO CARNAL O ACTO SEXUAL ABUSIVOS CON INCAPAZ DE RESISTIR. ART. 210 C.P.,CALI,San Nicolás,03,-76.527871,3.454531,ESTABLECIMIENTO DE SALUD,2025,mayo      ,28,5/28/2025,4,13:51,DENUNCIA,Nivel 3
DELITOS SEXUALES,ACTOS SEXUALES CON MENOR DE CATORCE AÑOS. ART. 209 C.P.,CALI,Lili,17,-76.520107,3.3744,DOMICILIO,2025,mayo      ,28,5/28/2025,4,22:00,DENUNCIA,Nivel 3
DELITOS SEXUALES,ACCESO CARNAL O ACTO SEXUAL ABUSIVOS CON INCAPAZ DE RESISTIR. ART. 210 C.P.,CALI,San Pedro,03,-76.533131,3.449924,DOMICILIO,2025,mayo      ,28,5/28/2025,4,09:27,DENUNCIA,Nivel 3
DELITOS SEXUALES,ACCESO CARNAL ABUSIVO CON MENOR DE CATORCE AÑOS. ART. 208 C.P.,CALI,Compartir,21,-76.46493,3.431972,SIN INFORMACION,2025,mayo      ,28,5/28/2025,4,13:00,DENUNCIA,Nivel 3
DELITOS SEXUALES,ACTO SEXUAL VIOLENTO. ART. 206 C.P.,CALI,San Pedro,03,-76.533131,3.449924,DOMICILIO,2025,mayo      ,28,5/28/2025,4,13:38,DENUNCIA,Nivel 3
DELITOS SEXUALES,ACCESO CARNAL ABUSIVO CON MENOR DE CATORCE AÑOS. ART. 208 C.P.,CALI,Alfonso Lopez P. 2a Etapa,07,-76.480578,3.462131,DOMICILIO,2025,mayo      ,28,5/28/2025,4,00:00,DENUNCIA,Nivel 3
DELITOS SEXUALES,ACCESO CARNAL VIOLENTO. ART. 205 C.P. ,CALI,Pizamos II,21,-76.471989,3.405016,DOMICILIO,2025,mayo      ,28,5/28/2025,4,22:00,DENUNCIA,Nivel 3
DELITOS SEXUALES,ACCESO CARNAL VIOLENTO. ART. 205 C.P.,CALI,Villa del Lago,13,-76.490774,3.436474,DOMICILIO,2025,mayo      ,28,5/28/2025,4,17:25,DENUNCIA,Nivel 3
DELITOS SEXUALES,ACCESO CARNAL VIOLENTO. ART. 205 C.P.,CALI,Alfonso Barberena A.,12,-76.508864,3.435561,DOMICILIO,2025,mayo      ,29,5/29/2025,5,16:49,DENUNCIA,Nivel 3
DELITOS SEXUALES,ACTO SEXUAL VIOLENTO CON MENOR DE CATORCE AÑOS ART. 209 C.P. ,CALI,El Retiro,15,-76.498554,3.409603,DOMICILIO,2025,mayo      ,29,5/29/2025,5,19:30,DENUNCIA,Nivel 3
DELITOS SEXUALES,ACTOS SEXUALES CON MENOR DE CATORCE AÑOS. ART. 209 C.P.,CALI,San Pedro,03,-76.533131,3.449924,DOMICILIO,2025,mayo      ,29,5/29/2025,5,08:00,DENUNCIA,Nivel 3
DELITOS SEXUALES,ACTO SEXUAL VIOLENTO CON MENOR DE CATORCE AÑOS ART. 209 C.P. ,CALI,Vista Hermosa,01,-76.578826,3.455363,SIN INFORMACION,2025,mayo      ,30,5/30/2025,6,13:00,DENUNCIA,Nivel 3
DELITOS SEXUALES,ACOSO SEXUAL ART. 210A C.P.  ADICIONADO LEY 1257 DE 2008,CALI,Sector Alto Jordán,18,-76.55887,3.378602,ESTABLECIMIENTO EDUCATIVO,2025,mayo      ,30,5/30/2025,6,10:51,DENUNCIA,Nivel 3
DELITOS SEXUALES,ACCESO CARNAL ABUSIVO CON MENOR DE CATORCE AÑOS. ART. 208 C.P.,CALI,Los Conquistadores,11,-76.507105,3.424795,DOMICILIO,2025,mayo      ,30,5/30/2025,6,08:57,DENUNCIA,Nivel 3
DELITOS SEXUALES,ACCESO CARNAL VIOLENTO. ART. 205 C.P.,CALI,El Diamante,13,-76.505529,3.421727,VIA PUBLICA,2025,mayo      ,30,5/30/2025,6,02:00,DENUNCIA,Nivel 3
DELITOS SEXUALES,ACCESO CARNAL VIOLENTO. ART. 205 C.P.,CALI,Charco Azul,13,-76.485329,3.441676,CERCA AL DOMICILIO,2025,mayo      ,30,5/30/2025,6,22:00,DENUNCIA,Nivel 3
DELITOS SEXUALES,ACOSO SEXUAL ART. 210A C.P.  ADICIONADO LEY 1257 DE 2008,CALI,Nueva Floresta,12,-76.499856,3.432829,ESTABLECIMIENTO EDUCATIVO,2025,mayo      ,30,5/30/2025,6,14:07,DENUNCIA,Nivel 3
DELITOS SEXUALES,PORNOGRAFIA CON MENORES ART. 218 C.P.,CALI,Sector Alto Jordán,18,-76.555232,3.378876,DOMICILIO,2025,mayo      ,30,5/30/2025,6,11:53,DENUNCIA,Nivel 3
DELITOS SEXUALES,ACCESO CARNAL VIOLENTO. ART. 205 C.P.,CALI,Porvenir,04,-76.513285,3.458574,VEHICULO,2025,mayo      ,30,5/30/2025,6,15:51,DENUNCIA,Nivel 3
DELITOS SEXUALES,ACTO SEXUAL VIOLENTO. ART. 206 C.P.,CALI,Ciudad Córdoba,15,-76.51007,3.401749,DOMICILIO,2025,mayo      ,30,5/30/2025,6,15:55,DENUNCIA,Nivel 3
DELITOS SEXUALES,ACCESO CARNAL VIOLENTO. ART. 205 C.P.,CALI,Venezuela - Urbanización Cañaveralejo,20,-76.56562,3.410918,DOMICILIO,2025,mayo      ,31,5/31/2025,7,14:44,DENUNCIA,Nivel 3
DELITOS SEXUALES,ACTOS SEXUALES CON MENOR DE CATORCE AÑOS. ART. 209 C.P.,CALI,Rural,Rural,-76.571692,3.41018,DOMICILIO,2025,mayo      ,31,5/31/2025,7,22:00,DENUNCIA,Nivel 3
DELITOS SEXUALES,ACTOS SEXUALES CON MENOR DE CATORCE AÑOS. ART. 209 C.P.,CALI,Rural,Rural,-76.574289,3.404942,DOMICILIO,2025,mayo      ,31,5/31/2025,7,00:00,DENUNCIA,Nivel 3
DELITOS SEXUALES,ACOSO SEXUAL ART. 210A C.P.  ADICIONADO LEY 1257 DE 2008,CALI,Alto Nápoles,18,-76.555921,3.385739,DOMICILIO,2025,mayo      ,31,5/31/2025,7,09:40,DENUNCIA,Nivel 3
DELITOS SEXUALES,ACTO SEXUAL VIOLENTO. ART. 206 C.P.,CALI,Lourdes,18,-76.55407,3.391927,SIN INFORMACION,2025,mayo      ,31,5/31/2025,7,18:10,DENUNCIA,Nivel 3
DELITOS SEXUALES,ACTO SEXUAL VIOLENTO. ART. 206 C.P.,CALI,El Vergel,13,-76.50341,3.416626,DOMICILIO,2025,mayo      ,31,5/31/2025,7,21:13,DENUNCIA,Nivel 3
DELITOS SEXUALES,ACTOS SEXUALES CON MENOR DE CATORCE AÑOS. ART. 209 C.P.,CALI,Alto Nápoles,18,-76.553544,3.38461,DOMICILIO,2025,mayo      ,31,5/31/2025,7,11:45,DENUNCIA,Nivel 3
DELITOS SEXUALES,ACOSO SEXUAL ART. 210A C.P.  ADICIONADO LEY 1257 DE 2008,CALI,José Manuel Marroquín I,14,-76.477317,3.421745,DOMICILIO,2025,junio     ,1,6/1/2025,1,11:32,DENUNCIA,Nivel 3
DELITOS SEXUALES,ACOSO SEXUAL ART. 210A C.P.  ADICIONADO LEY 1257 DE 2008,CALI,El Guabal,10,-76.525601,3.417332,ESTABLECIMIENTO EDUCATIVO,2025,junio     ,1,6/1/2025,1,00:00,DENUNCIA,Nivel 3
DELITOS SEXUALES,ACCESO CARNAL VIOLENTO. ART. 205 C.P.,CALI,Santa Teresita,02,-76.547873,3.452617,SIN INFORMACION,2025,junio     ,1,6/1/2025,1,06:00,DENUNCIA,Nivel 3
DELITOS SEXUALES,ACCESO CARNAL ABUSIVO CON MENOR DE CATORCE AÑOS. ART. 208 C.P.,CALI,San Vicente,02,-76.52353,3.46318,DOMICILIO,2025,junio     ,1,6/1/2025,1,00:00,DENUNCIA,Nivel 3
DELITOS SEXUALES,ACTOS SEXUALES CON MENOR DE CATORCE AÑOS. ART. 209 C.P.,CALI,El Morichal,15,-76.504186,3.396208,DOMICILIO,2025,junio     ,1,6/1/2025,1,06:00,DENUNCIA,Nivel 3
DELITOS SEXUALES,ACOSO SEXUAL ART. 210A C.P.  ADICIONADO LEY 1257 DE 2008,CALI,San Nicolás,03,-76.518781,3.452981,SIN INFORMACION,2025,junio     ,1,6/1/2025,1,05:37,DENUNCIA,Nivel 3
DELITOS SEXUALES,ACCESO CARNAL ABUSIVO CON MENOR DE CATORCE AÑOS. ART. 208 C.P.,CALI,Sector Laguna del Pondaje,13,-76.491182,3.42659,SIN INFORMACION,2025,junio     ,1,6/1/2025,1,05:00,DENUNCIA,Nivel 3
DELITOS SEXUALES,ACCESO CARNAL VIOLENTO. ART. 205 C.P.,CALI,Sector Laguna del Pondaje,13,-76.49106,3.431463,SIN INFORMACION,2025,junio     ,1,6/1/2025,1,08:13,DENUNCIA,Nivel 3
DELITOS SEXUALES,ACCESO CARNAL VIOLENTO. ART. 205 C.P.,CALI,Chapinero,08,-76.504149,3.446006,DOMICILIO,2025,junio     ,1,6/1/2025,1,19:00,DENUNCIA,Nivel 3
DELITOS SEXUALES,ACCESO CARNAL ABUSIVO CON MENOR DE CATORCE AÑOS. ART. 208 C.P.,CALI,Urbanización Calimio,06,-76.483796,3.484882,DOMICILIO,2025,junio     ,2,6/2/2025,2,15:00,DENUNCIA,Nivel 3
DELITOS SEXUALES,ACTOS SEXUALES CON MENOR DE CATORCE AÑOS. ART. 209 C.P.,CALI,Antonio Nariño,16,-76.506863,3.419371,DOMICILIO,2025,junio     ,2,6/2/2025,2,16:56,DENUNCIA,Nivel 3
DELITOS SEXUALES,ACTOS SEXUALES CON MENOR DE CATORCE AÑOS. ART. 209 C.P.,CALI,Promociones Populares B,14,-76.467612,3.425707,DOMICILIO,2025,junio     ,2,6/2/2025,2,01:10,DENUNCIA,Nivel 3
DELITOS SEXUALES,ACCESO CARNAL VIOLENTO. ART. 205 C.P.,CALI,Terrón Colorado,01,-76.565447,3.450157,DOMICILIO,2025,junio     ,2,6/2/2025,2,08:00,DENUNCIA,Nivel 3
DELITOS SEXUALES,ACTO SEXUAL VIOLENTO. ART. 206 C.P.,CALI,Ciudad Córdoba,15,-76.504377,3.403966,DOMICILIO,2025,junio     ,2,6/2/2025,2,18:00,DENUNCIA,Nivel 3
DELITOS SEXUALES,ACTO SEXUAL VIOLENTO. ART. 206 C.P.,CALI,Guayaquil,09,-76.525644,3.441156,DOMICILIO,2025,junio     ,2,6/2/2025,2,09:16,DENUNCIA,Nivel 3
DELITOS SEXUALES,ACTO SEXUAL VIOLENTO. ART. 206 C.P.,CALI,Rural,Rural,-76.506138,3.385148,ESTABLECIMIENTO DE COMERCIO,2025,junio     ,2,6/2/2025,2,05:33,DENUNCIA,Nivel 3
DELITOS SEXUALES,ACCESO CARNAL ABUSIVO CON MENOR DE CATORCE AÑOS. ART. 208 C.P.,CALI,El Rodeo,12,-76.50622,3.437004,DOMICILIO,2025,junio     ,2,6/2/2025,2,10:52,DENUNCIA,Nivel 3
DELITOS SEXUALES,ACCESO CARNAL ABUSIVO CON MENOR DE CATORCE AÑOS. ART. 208 C.P.,CALI,Sector Alto Jordán,18,-76.559902,3.378032,DOMICILIO,2025,junio     ,2,6/2/2025,2,09:02,DENUNCIA,Nivel 3
DELITOS SEXUALES,PORNOGRAFIA CON MENORES ART. 218 C.P.,CALI,Municipal,08,-76.511952,3.448172,ESTABLECIMIENTO EDUCATIVO,2025,junio     ,3,6/3/2025,3,13:23,DENUNCIA,Nivel 3
DELITOS SEXUALES,ACCESO CARNAL VIOLENTO. ART. 205 C.P.,CALI,Ciudad Córdoba,15,-76.505412,3.40677,VIA PUBLICA,2025,junio     ,3,6/3/2025,3,01:00,DENUNCIA,Nivel 3
DELITOS SEXUALES,ACOSO SEXUAL ART. 210A C.P.  ADICIONADO LEY 1257 DE 2008,CALI,Terrón Colorado,01,-76.56401,3.45201,SIN INFORMACION,2025,junio     ,3,6/3/2025,3,07:56,DENUNCIA,Nivel 3
DELITOS SEXUALES,ACOSO SEXUAL ART. 210A C.P.  ADICIONADO LEY 1257 DE 2008,CALI,Primero de Mayo,17,-76.531603,3.406898,SIN INFORMACION,2025,junio     ,3,6/3/2025,3,19:00,DENUNCIA,Nivel 3
DELITOS SEXUALES,ACCESO CARNAL O ACTO SEXUAL ABUSIVOS CON INCAPAZ DE RESISTIR. ART. 210 C.P.,CALI,Mariano Ramos,16,-76.518225,3.404769,DOMICILIO,2025,junio     ,3,6/3/2025,3,14:00,DENUNCIA,Nivel 3
DELITOS SEXUALES,ACTOS SEXUALES CON MENOR DE CATORCE AÑOS. ART. 209 C.P.,CALI,El Guabal,10,-76.524652,3.41493,DOMICILIO,2025,junio     ,4,6/4/2025,4,11:00,DENUNCIA,Nivel 3
DELITOS SEXUALES,ACCESO CARNAL VIOLENTO. ART. 205 C.P.,CALI,Caney,17,-76.513469,3.387759,DOMICILIO,2025,junio     ,4,6/4/2025,4,12:00,DENUNCIA,Nivel 3
DELITOS SEXUALES,ACCESO CARNAL VIOLENTO. ART. 205 C.P.,CALI,Ciudadela Floralia,06,-76.496124,3.497697,DOMICILIO,2025,junio     ,4,6/4/2025,4,13:55,DENUNCIA,Nivel 3
DELITOS SEXUALES,ACTOS SEXUALES CON MENOR DE CATORCE AÑOS. ART. 209 C.P.,CALI,Alfonso Bonilla Aragón,14,-76.478768,3.41827,DOMICILIO,2025,junio     ,4,6/4/2025,4,10:00,DENUNCIA,Nivel 3
DELITOS SEXUALES,ACTOS SEXUALES CON MENOR DE CATORCE AÑOS. ART. 209 C.P.,CALI,Terrón Colorado,01,-76.565054,3.450958,DOMICILIO,2025,junio     ,4,6/4/2025,4,20:00,DENUNCIA,Nivel 3
DELITOS SEXUALES,ACTOS SEXUALES CON MENOR DE CATORCE AÑOS. ART. 209 C.P.,CALI,Primitivo Crespo,08,-76.517099,3.43855,DOMICILIO,2025,junio     ,4,6/4/2025,4,11:00,DENUNCIA,Nivel 3
DELITOS SEXUALES,ACTOS SEXUALES CON MENOR DE CATORCE AÑOS. ART. 209 C.P.,CALI,El Poblado II,13,-76.492984,3.419529,DOMICILIO,2025,junio     ,4,6/4/2025,4,15:30,DENUNCIA,Nivel 3
DELITOS SEXUALES,ACOSO SEXUAL ART. 210A C.P.  ADICIONADO LEY 1257 DE 2008,CALI,Caney,17,-76.517197,3.380002,SIN INFORMACION,2025,junio     ,4,6/4/2025,4,20:00,DENUNCIA,Nivel 3
DELITOS SEXUALES,ACOSO SEXUAL ART. 210A C.P.  ADICIONADO LEY 1257 DE 2008,CALI,Laureano Gómez,15,-76.494916,3.413429,DOMICILIO,2025,junio     ,5,6/5/2025,5,09:15,DENUNCIA,Nivel 3
DELITOS SEXUALES,ACCESO CARNAL ABUSIVO CON MENOR DE CATORCE AÑOS. ART. 208 C.P.,CALI,Alfonso Lopez P. 2a Etapa,07,-76.480473,3.458915,DOMICILIO,2025,junio     ,5,6/5/2025,5,15:37,DENUNCIA,Nivel 3
DELITOS SEXUALES,ACCESO CARNAL O ACTO SEXUAL ABUSIVOS CON INCAPAZ DE RESISTIR. ART. 210 C.P.,CALI,Unidad Residencial Santiago de Cali,19,-76.548132,3.417083,DOMICILIO,2025,junio     ,5,6/5/2025,5,13:34,DENUNCIA,Nivel 3
DELITOS SEXUALES,ACCESO CARNAL VIOLENTO. ART. 205 C.P.,CALI,Los Sauces,11,-76.509765,3.418776,OTRO,2025,junio     ,5,6/5/2025,5,13:02,DENUNCIA,Nivel 3
DELITOS SEXUALES,ACTOS SEXUALES CON MENOR DE CATORCE AÑOS. ART. 209 C.P.,CALI,Prados de Oriente,11,-76.514156,3.432785,DOMICILIO,2025,junio     ,5,6/5/2025,5,07:00,DENUNCIA,Nivel 3
DELITOS SEXUALES,ACTOS SEXUALES CON MENOR DE CATORCE AÑOS. ART. 209 C.P.,CALI,Sector Alto de los Chorros,18,-76.559534,3.392071,DOMICILIO,2025,junio     ,5,6/5/2025,5,22:00,DENUNCIA,Nivel 3
DELITOS SEXUALES,ACCESO CARNAL ABUSIVO CON MENOR DE CATORCE AÑOS. ART. 208 C.P.,CALI,Villa Colombia,08,-76.501445,3.450034,DOMICILIO,2025,junio     ,6,6/6/2025,6,10:36,DENUNCIA,Nivel 3
DELITOS SEXUALES,PORNOGRAFIA CON MENORES ART. 218 C.P.,CALI,Jorge Zawadsky,10,-76.532017,3.40964,DOMICILIO,2025,junio     ,6,6/6/2025,6,00:00,DENUNCIA,Nivel 3
DELITOS SEXUALES,ACTO SEXUAL VIOLENTO. ART. 206 C.P.,CALI,Los Parques Barranquilla,05,-76.49723,3.476494,DOMICILIO,2025,junio     ,6,6/6/2025,6,12:30,DENUNCIA,Nivel 3
DELITOS SEXUALES,ACCESO CARNAL VIOLENTO. ART. 205 C.P.,CALI,Colseguros Andes,10,-76.52817,3.42609,SIN INFORMACION,2025,junio     ,6,6/6/2025,6,03:00,DENUNCIA,Nivel 3
DELITOS SEXUALES,ACOSO SEXUAL ART. 210A C.P.  ADICIONADO LEY 1257 DE 2008,CALI,Metropolitano del Norte,05,-76.495088,3.484924,DOMICILIO,2025,junio     ,6,6/6/2025,6,20:10,DENUNCIA,Nivel 3
DELITOS SEXUALES,ACCESO CARNAL ABUSIVO CON MENOR DE CATORCE AÑOS. ART. 208 C.P.,CALI,San Nicolás,03,-76.518781,3.452981,SIN INFORMACION,2025,junio     ,6,6/6/2025,6,18:00,DENUNCIA,Nivel 3
DELITOS SEXUALES,PORNOGRAFIA CON MENORES ART. 218 C.P.,CALI,Antonio Nariño,16,-76.501145,3.411904,DOMICILIO,2025,junio     ,8,6/8/2025,1,20:00,DENUNCIA,Nivel 3
DELITOS SEXUALES,ACOSO SEXUAL ART. 210A C.P.  ADICIONADO LEY 1257 DE 2008,CALI,San Nicolás,03,-76.518781,3.452981,SIN INFORMACION,2025,junio     ,9,6/9/2025,2,21:58,DENUNCIA,Nivel 3
DELITOS SEXUALES,ACOSO SEXUAL ART. 210A C.P.  ADICIONADO LEY 1257 DE 2008,CALI,Rural,Rural,-76.6369,3.45693,DOMICILIO,2025,junio     ,9,6/9/2025,2,13:00,DENUNCIA,Nivel 3
DELITOS SEXUALES,ACTOS SEXUALES CON MENOR DE CATORCE AÑOS. ART. 209 C.P.,CALI,San Luis II,06,-76.486017,3.486217,DOMICILIO,2025,junio     ,9,6/9/2025,2,20:30,DENUNCIA,Nivel 3
DELITOS SEXUALES,ACTOS SEXUALES CON MENOR DE CATORCE AÑOS. ART. 209 C.P.,CALI,Ciudad Córdoba,15,-76.504865,3.403924,DOMICILIO,2025,junio     ,9,6/9/2025,2,09:00,DENUNCIA,Nivel 3
DELITOS SEXUALES,PORNOGRAFIA CON MENORES ART. 218 C.P.,CALI,Villamercedes I - Villa Luz - Las Garzas,21,-76.4764,3.408401,RED VIRTUAL O INTERNET,2025,junio     ,9,6/9/2025,2,09:15,DENUNCIA,Nivel 3
DELITOS SEXUALES,ACOSO SEXUAL ART. 210A C.P.  ADICIONADO LEY 1257 DE 2008,CALI,Alto Nápoles,18,-76.555808,3.385716,DOMICILIO,2025,junio     ,9,6/9/2025,2,15:02,DENUNCIA,Nivel 3
DELITOS SEXUALES,ACTOS SEXUALES CON MENOR DE CATORCE AÑOS. ART. 209 C.P.,CALI,La Floresta,08,-76.510425,3.446133,DOMICILIO,2025,junio     ,9,6/9/2025,2,16:30,DENUNCIA,Nivel 3
DELITOS SEXUALES,ACCESO CARNAL VIOLENTO. ART. 205 C.P.,CALI,Potrero Grande,21,-76.470445,3.406728,DOMICILIO,2025,junio     ,9,6/9/2025,2,22:40,DENUNCIA,Nivel 3
DELITOS SEXUALES,ACCESO CARNAL ABUSIVO CON MENOR DE CATORCE AÑOS. ART. 208 C.P.,CALI,El Poblado II,13,-76.490719,3.42016,SIN INFORMACION,2025,junio     ,10,6/10/2025,3,20:00,DENUNCIA,Nivel 3
DELITOS SEXUALES,ACCESO CARNAL ABUSIVO CON MENOR DE CATORCE AÑOS. ART. 208 C.P.,CALI,Mojica,15,-76.487956,3.415171,SIN INFORMACION,2025,junio     ,10,6/10/2025,3,05:00,DENUNCIA,Nivel 3
DELITOS SEXUALES,ACCESO CARNAL VIOLENTO. ART. 205 C.P.,CALI,Sector Laguna del Pondaje,13,-76.491182,3.42659,DOMICILIO,2025,junio     ,10,6/10/2025,3,23:00,DENUNCIA,Nivel 3
DELITOS SEXUALES,ACTO SEXUAL VIOLENTO. ART. 206 C.P.,CALI,San Pedro,03,-76.533131,3.449924,DOMICILIO,2025,junio     ,10,6/10/2025,3,08:39,DENUNCIA,Nivel 3
DELITOS SEXUALES,ACOSO SEXUAL ART. 210A C.P.  ADICIONADO LEY 1257 DE 2008,CALI,Belén,20,-76.552637,3.428284,SIN INFORMACION,2025,junio     ,10,6/10/2025,3,14:00,DENUNCIA,Nivel 3
DELITOS SEXUALES,ACOSO SEXUAL ART. 210A C.P.  ADICIONADO LEY 1257 DE 2008,CALI,Las Granjas,10,-76.526933,3.410728,SIN INFORMACION,2025,junio     ,10,6/10/2025,3,14:30,DENUNCIA,Nivel 3
DELITOS SEXUALES,ACCESO CARNAL O ACTO SEXUAL ABUSIVOS CON INCAPAZ DE RESISTIR. ART. 210 C.P.,CALI,El Guabal,10,-76.530225,3.417209,DOMICILIO,2025,junio     ,10,6/10/2025,3,11:33,DENUNCIA,Nivel 3
DELITOS SEXUALES,DEMANDA DE EXPLOT.SEX. COMERC. MENOR DE 18 AÑOS Adic. Art 217A C.P. Ley 1329 de 2009,CALI,San Pedro,03,-76.533131,3.449924,DOMICILIO,2025,junio     ,10,6/10/2025,3,10:50,DENUNCIA,Nivel 3
DELITOS SEXUALES,ACTOS SEXUALES CON MENOR DE CATORCE AÑOS. ART. 209 C.P.,CALI,San Nicolás,03,-76.518781,3.452981,SIN INFORMACION,2025,junio     ,10,6/10/2025,3,14:00,DENUNCIA,Nivel 3
DELITOS SEXUALES,ACCESO CARNAL ABUSIVO CON MENOR DE CATORCE AÑOS. ART. 208 C.P.,CALI,Doce de Octubre,12,-76.502377,3.427393,ESTABLECIMIENTO EDUCATIVO,2025,junio     ,11,6/11/2025,4,11:11,DENUNCIA,Nivel 3
DELITOS SEXUALES,ACCESO CARNAL VIOLENTO. ART. 205 C.P.,CALI,El Lido,19,-76.548355,3.420084,LUGAR DE TRABAJO,2025,junio     ,11,6/11/2025,4,13:08,DENUNCIA,Nivel 3
DELITOS SEXUALES,ACOSO SEXUAL ART. 210A C.P.  ADICIONADO LEY 1257 DE 2008,CALI,La Selva,10,-76.529379,3.410665,DOMICILIO,2025,junio     ,11,6/11/2025,4,18:00,DENUNCIA,Nivel 3
DELITOS SEXUALES,ACTOS SEXUALES CON MENOR DE CATORCE AÑOS. ART. 209 C.P.,CALI,La Rivera I,06,-76.485422,3.475735,DOMICILIO,2025,junio     ,11,6/11/2025,4,15:26,DENUNCIA,Nivel 3
DELITOS SEXUALES,ACTOS SEXUALES CON MENOR DE CATORCE AÑOS. ART. 209 C.P.,CALI,San Pedro,03,-76.533131,3.449924,DOMICILIO,2025,junio     ,12,6/12/2025,5,13:34,DENUNCIA,Nivel 3
DELITOS SEXUALES,ACOSO SEXUAL ART. 210A C.P.  ADICIONADO LEY 1257 DE 2008,CALI,Primero de Mayo,17,-76.530399,3.407582,ESTABLECIMIENTO EDUCATIVO,2025,junio     ,12,6/12/2025,5,08:27,DENUNCIA,Nivel 3
DELITOS SEXUALES,ACCESO CARNAL ABUSIVO CON MENOR DE CATORCE AÑOS. ART. 208 C.P.,CALI,Promociones Populares B,14,-76.468906,3.424868,DOMICILIO,2025,junio     ,12,6/12/2025,5,09:28,DENUNCIA,Nivel 3
DELITOS SEXUALES,ACTOS SEXUALES CON MENOR DE CATORCE AÑOS. ART. 209 C.P.,CALI,Mojica,15,-76.488866,3.418438,DOMICILIO,2025,junio     ,12,6/12/2025,5,15:31,DENUNCIA,Nivel 3
DELITOS SEXUALES,ACCESO CARNAL ABUSIVO CON MENOR DE CATORCE AÑOS. ART. 208 C.P.,CALI,San Pedro,03,-76.533131,3.449924,DOMICILIO,2025,junio     ,13,6/13/2025,6,14:56,DENUNCIA,Nivel 3
DELITOS SEXUALES,ACTOS SEXUALES CON MENOR DE CATORCE AÑOS. ART. 209 C.P.,CALI,El Vallado,15,-76.49958,3.403451,DOMICILIO,2025,junio     ,13,6/13/2025,6,12:00,DENUNCIA,Nivel 3
DELITOS SEXUALES,ACCESO CARNAL ABUSIVO CON MENOR DE CATORCE AÑOS. ART. 208 C.P.,CALI,San Pedro,03,-76.533131,3.449924,ENTIDAD PUBLICA / ESTATAL,2025,junio     ,13,6/13/2025,6,13:25,DENUNCIA,Nivel 3
DELITOS SEXUALES,ACOSO SEXUAL ART. 210A C.P.  ADICIONADO LEY 1257 DE 2008,CALI,República de Israel,16,-76.512112,3.407408,DOMICILIO,2025,junio     ,13,6/13/2025,6,10:30,DENUNCIA,Nivel 3
DELITOS SEXUALES,ACTOS SEXUALES CON MENOR DE CATORCE AÑOS. ART. 209 C.P.,CALI,San Pedro,03,-76.533131,3.449924,DOMICILIO,2025,junio     ,13,6/13/2025,6,13:46,DENUNCIA,Nivel 3
DELITOS SEXUALES,ACCESO CARNAL VIOLENTO. ART. 205 C.P.,CALI,Alfonso Bonilla Aragón,14,-76.478769,3.418187,DOMICILIO,2025,junio     ,14,6/14/2025,7,16:00,DENUNCIA,Nivel 3
DELITOS SEXUALES,ACOSO SEXUAL ART. 210A C.P.  ADICIONADO LEY 1257 DE 2008,CALI,José Manuel Marroquín II,14,-76.483013,3.438372,SIN INFORMACION,2025,junio     ,14,6/14/2025,7,12:30,DENUNCIA,Nivel 3
DELITOS SEXUALES,ACTOS SEXUALES CON MENOR DE CATORCE AÑOS. ART. 209 C.P.,CALI,Mariano Ramos,16,-76.518156,3.409297,DOMICILIO,2025,junio     ,14,6/14/2025,7,09:51,DENUNCIA,Nivel 3
DELITOS SEXUALES,ACTOS SEXUALES CON MENOR DE CATORCE AÑOS. ART. 209 C.P.,CALI,Calimio Desepaz,21,-76.468084,3.410751,DOMICILIO,2025,junio     ,14,6/14/2025,7,15:54,DENUNCIA,Nivel 3
DELITOS SEXUALES,ACTOS SEXUALES CON MENOR DE CATORCE AÑOS. ART. 209 C.P.,CALI,Santa Fé,08,-76.507931,3.438849,DOMICILIO,2025,junio     ,15,6/15/2025,1,15:12,DENUNCIA,Nivel 3
DELITOS SEXUALES,PORNOGRAFIA CON MENORES ART. 218 C.P.,CALI,Torres de Comfandi,05,-76.501188,3.475918,LUGAR DE RECREACION / PARQUE,2025,junio     ,15,6/15/2025,1,19:40,DENUNCIA,Nivel 3
DELITOS SEXUALES,ACCESO CARNAL VIOLENTO. ART. 205 C.P.,CALI,El Poblado II,13,-76.486627,3.42222,CERCA AL DOMICILIO,2025,junio     ,15,6/15/2025,1,09:56,DENUNCIA,Nivel 3
DELITOS SEXUALES,ACCESO CARNAL VIOLENTO. ART. 205 C.P.,CALI,Los Lagos,13,-76.485599,3.428904,DOMICILIO,2025,junio     ,15,6/15/2025,1,15:54,DENUNCIA,Nivel 3
DELITOS SEXUALES,ACTOS SEXUALES CON MENOR DE CATORCE AÑOS. ART. 209 C.P.,CALI,Sindical,12,-76.50211,3.431881,CERCA AL DOMICILIO,2025,junio     ,15,6/15/2025,1,10:15,DENUNCIA,Nivel 3
DELITOS SEXUALES,ACCESO CARNAL O ACTO SEXUAL ABUSIVOS CON INCAPAZ DE RESISTIR. ART. 210 C.P.,CALI,Brisas del Limonar,16,-76.522884,3.400975,VIA PUBLICA,2025,junio     ,15,6/15/2025,1,08:26,DENUNCIA,Nivel 3
DELITOS SEXUALES,ACCESO CARNAL VIOLENTO. ART. 205 C.P.,CALI,Ciudadela del Rio - CVC,21,-76.4662,3.426222,DOMICILIO,2025,junio     ,15,6/15/2025,1,22:00,DENUNCIA,Nivel 3
DELITOS SEXUALES,ACTO SEXUAL VIOLENTO. ART. 206 C.P.,CALI,El Retiro,15,-76.497186,3.412714,DOMICILIO,2025,junio     ,15,6/15/2025,1,23:00,DENUNCIA,Nivel 3
DELITOS SEXUALES,ACTO SEXUAL VIOLENTO CON MENOR DE CATORCE AÑOS ART. 209 C.P. ,CALI,Santa Fé,08,-76.502802,3.442465,DOMICILIO,2025,junio     ,15,6/15/2025,1,13:30,DENUNCIA,Nivel 3
DELITOS SEXUALES,ACTOS SEXUALES CON MENOR DE CATORCE AÑOS. ART. 209 C.P.,CALI,San Pedro,03,-76.533131,3.449924,DOMICILIO,2025,junio     ,16,6/16/2025,2,16:54,DENUNCIA,Nivel 3
DELITOS SEXUALES,ACTOS SEXUALES CON MENOR DE CATORCE AÑOS. ART. 209 C.P.,CALI,Urbanización Tequendama,19,-76.547342,3.422202,ESTABLECIMIENTO DE SALUD,2025,junio     ,16,6/16/2025,2,15:19,DENUNCIA,Nivel 3
DELITOS SEXUALES,ACOSO SEXUAL ART. 210A C.P.  ADICIONADO LEY 1257 DE 2008,CALI,Ciudad 2000,16,-76.521167,3.399019,DOMICILIO,2025,junio     ,16,6/16/2025,2,20:00,DENUNCIA,Nivel 3
DELITOS SEXUALES,ACCESO CARNAL ABUSIVO CON MENOR DE CATORCE AÑOS. ART. 208 C.P.,CALI,El Poblado II,13,-76.494439,3.418958,SIN INFORMACION,2025,junio     ,16,6/16/2025,2,15:00,DENUNCIA,Nivel 3
DELITOS SEXUALES,ACTOS SEXUALES CON MENOR DE CATORCE AÑOS. ART. 209 C.P.,CALI,Mariano Ramos,16,-76.515203,3.40289,ESTABLECIMIENTO EDUCATIVO,2025,junio     ,16,6/16/2025,2,16:42,DENUNCIA,Nivel 3
DELITOS SEXUALES,ACTOS SEXUALES CON MENOR DE CATORCE AÑOS. ART. 209 C.P.,CALI,El Troncal,08,-76.502234,3.450115,DOMICILIO,2025,junio     ,16,6/16/2025,2,18:30,DENUNCIA,Nivel 3
DELITOS SEXUALES,ACCESO CARNAL ABUSIVO CON MENOR DE CATORCE AÑOS. ART. 208 C.P.,CALI,Junín,09,-76.525779,3.434111,SIN INFORMACION,2025,junio     ,17,6/17/2025,3,22:40,DENUNCIA,Nivel 3
DELITOS SEXUALES,ACTOS SEXUALES CON MENOR DE CATORCE AÑOS. ART. 209 C.P.,CALI,San Pedro,03,-76.533131,3.449924,DOMICILIO,2025,junio     ,17,6/17/2025,3,15:44,DENUNCIA,Nivel 3
DELITOS SEXUALES,PORNOGRAFIA CON MENORES ART. 218 C.P.,CALI,Mojica,15,-76.488141,3.414511,DOMICILIO,2025,junio     ,17,6/17/2025,3,18:00,DENUNCIA,Nivel 3
DELITOS SEXUALES,ACTOS SEXUALES CON MENOR DE CATORCE AÑOS. ART. 209 C.P.,CALI,San Pedro,03,-76.533131,3.449924,DOMICILIO,2025,junio     ,17,6/17/2025,3,14:20,DENUNCIA,Nivel 3
DELITOS SEXUALES,ACTOS SEXUALES CON MENOR DE CATORCE AÑOS. ART. 209 C.P.,CALI,Alameda,09,-76.534217,3.436771,ESTABLECIMIENTO DE COMERCIO,2025,junio     ,18,6/18/2025,4,17:40,DENUNCIA,Nivel 3
DELITOS SEXUALES,ACTO SEXUAL VIOLENTO. ART. 206 C.P.,CALI,Altos de Menga,02,-76.533904,3.487063,DOMICILIO,2025,junio     ,18,6/18/2025,4,14:49,DENUNCIA,Nivel 3
DELITOS SEXUALES,ACOSO SEXUAL ART. 210A C.P.  ADICIONADO LEY 1257 DE 2008,CALI,El Hoyo,03,-76.526269,3.458652,LUGAR DE TRABAJO,2025,junio     ,19,6/19/2025,5,07:00,DENUNCIA,Nivel 3
DELITOS SEXUALES,ACOSO SEXUAL ART. 210A C.P.  ADICIONADO LEY 1257 DE 2008,CALI,La Selva,10,-76.529866,3.409823,SIN INFORMACION,2025,junio     ,19,6/19/2025,5,13:00,DENUNCIA,Nivel 3
DELITOS SEXUALES,ACCESO CARNAL ABUSIVO CON MENOR DE CATORCE AÑOS. ART. 208 C.P.,CALI,Santa Rita,02,-76.5502,3.453692,DOMICILIO,2025,junio     ,19,6/19/2025,5,13:30,DENUNCIA,Nivel 3
DELITOS SEXUALES,ACCESO CARNAL ABUSIVO CON MENOR DE CATORCE AÑOS. ART. 208 C.P.,CALI,Ciudad Córdoba,15,-76.512271,3.396701,DOMICILIO,2025,junio     ,19,6/19/2025,5,14:00,DENUNCIA,Nivel 3
DELITOS SEXUALES,ACCESO CARNAL ABUSIVO CON MENOR DE CATORCE AÑOS. ART. 208 C.P.,CALI,León XIII,11,-76.509642,3.427252,DOMICILIO,2025,junio     ,19,6/19/2025,5,16:14,DENUNCIA,Nivel 3
DELITOS SEXUALES,ACCESO CARNAL VIOLENTO. ART. 205 C.P.,CALI,San Pedro,03,-76.533131,3.449924,DOMICILIO,2025,junio     ,19,6/19/2025,5,23:00,DENUNCIA,Nivel 3
DELITOS SEXUALES,ACTOS SEXUALES CON MENOR DE CATORCE AÑOS. ART. 209 C.P.,CALI,Ciudad Córdoba,15,-76.508462,3.40097,SIN INFORMACION,2025,junio     ,19,6/19/2025,5,17:54,DENUNCIA,Nivel 3
DELITOS SEXUALES,ACCESO CARNAL VIOLENTO. ART. 205 C.P.,CALI,San Pedro,03,-76.533131,3.449924,VIA PUBLICA,2025,junio     ,20,6/20/2025,6,15:30,DENUNCIA,Nivel 3
DELITOS SEXUALES,PORNOGRAFIA CON MENORES ART. 218 C.P.,CALI,Rural,Rural,-76.609511,3.519891,AREA RURAL,2025,junio     ,20,6/20/2025,6,16:14,DENUNCIA,Nivel 3
DELITOS SEXUALES,ACCESO CARNAL VIOLENTO. ART. 205 C.P.,CALI,Valle Grande,21,-76.472227,3.439388,DOMICILIO,2025,junio     ,20,6/20/2025,6,22:00,DENUNCIA,Nivel 3
DELITOS SEXUALES,ACCESO CARNAL ABUSIVO CON MENOR DE CATORCE AÑOS. ART. 208 C.P.,CALI,Brisas de Mayo,20,-76.563737,3.417612,DOMICILIO,2025,junio     ,20,6/20/2025,6,15:43,DENUNCIA,Nivel 3
DELITOS SEXUALES,ACTO SEXUAL VIOLENTO CON MENOR DE CATORCE AÑOS ART. 209 C.P. ,CALI,Santa Mónica Belalcázar,09,-76.519785,3.435698,DOMICILIO,2025,junio     ,21,6/21/2025,7,20:00,DENUNCIA,Nivel 3
DELITOS SEXUALES,ACCESO CARNAL ABUSIVO CON MENOR DE CATORCE AÑOS. ART. 208 C.P.,CALI,Eduardo Santos,12,-76.504948,3.427504,DOMICILIO,2025,junio     ,21,6/21/2025,7,15:02,DENUNCIA,Nivel 3
DELITOS SEXUALES,PORNOGRAFIA CON MENORES ART. 218 C.P.,CALI,Urbanización Ciudad Jardín,22,-76.531716,3.36367,ESTABLECIMIENTO DE COMERCIO,2025,junio     ,21,6/21/2025,7,19:30,DENUNCIA,Nivel 3
DELITOS SEXUALES,ACTOS SEXUALES CON MENOR DE CATORCE AÑOS. ART. 209 C.P.,CALI,La Isla,04,-76.512654,3.474798,DOMICILIO,2025,junio     ,22,6/22/2025,1,08:48,DENUNCIA,Nivel 3
DELITOS SEXUALES,ACTOS SEXUALES CON MENOR DE CATORCE AÑOS. ART. 209 C.P.,CALI,El Poblado II,13,-76.487344,3.422251,DOMICILIO,2025,junio     ,22,6/22/2025,1,08:27,DENUNCIA,Nivel 3
DELITOS SEXUALES,ACTO SEXUAL VIOLENTO. ART. 206 C.P.,CALI,Alfonso Lopez P. 2a Etapa,07,-76.480319,3.461961,ESTABLECIMIENTO EDUCATIVO,2025,junio     ,22,6/22/2025,1,00:00,DENUNCIA,Nivel 3
DELITOS SEXUALES,ACTOS SEXUALES CON MENOR DE CATORCE AÑOS. ART. 209 C.P.,CALI,San Nicolás,03,-76.51878,3.452952,DOMICILIO,2025,junio     ,22,6/22/2025,1,09:03,DENUNCIA,Nivel 3
DELITOS SEXUALES,ACCESO CARNAL O ACTO SEXUAL ABUSIVOS CON INCAPAZ DE RESISTIR. ART. 210 C.P.,CALI,Manuel María Buenaventura,09,-76.523185,3.437874,DOMICILIO,2025,junio     ,22,6/22/2025,1,00:00,DENUNCIA,Nivel 3
DELITOS SEXUALES,ACCESO CARNAL VIOLENTO. ART. 205 C.P.,CALI,El Guabal,10,-76.527978,3.416069,DOMICILIO,2025,junio     ,23,6/23/2025,2,06:00,DENUNCIA,Nivel 3
DELITOS SEXUALES,CONSTREÑIMIENTO A LA PROSTITUCION ART. 214 C.P.,CALI,Alameda,09,-76.534513,3.435867,SIN INFORMACION,2025,junio     ,23,6/23/2025,2,19:00,DENUNCIA,Nivel 3
DELITOS SEXUALES,ACTOS SEXUALES CON MENOR DE CATORCE AÑOS. ART. 209 C.P.,CALI,La Sultana,20,-76.565074,3.422544,DOMICILIO,2025,junio     ,23,6/23/2025,2,12:26,DENUNCIA,Nivel 3
DELITOS SEXUALES,PORNOGRAFIA CON MENORES ART. 218 C.P.,CALI,San Pedro,03,-76.533131,3.449924,DOMICILIO,2025,junio     ,23,6/23/2025,2,11:31,DENUNCIA,Nivel 3
DELITOS SEXUALES,ACCESO CARNAL VIOLENTO. ART. 205 C.P.,CALI,Santa Elena,10,-76.523874,3.427911,DOMICILIO,2025,junio     ,24,6/24/2025,3,16:31,DENUNCIA,Nivel 3
DELITOS SEXUALES,ACOSO SEXUAL ART. 210A C.P.  ADICIONADO LEY 1257 DE 2008,CALI,San Pedro,03,-76.533131,3.449924,ESTABLECIMIENTO EDUCATIVO,2025,junio     ,24,6/24/2025,3,17:14,DENUNCIA,Nivel 3
DELITOS SEXUALES,ACCESO CARNAL ABUSIVO CON MENOR DE CATORCE AÑOS. ART. 208 C.P.,CALI,Urbanización San Joaquin,17,-76.526793,3.371219,DOMICILIO,2025,junio     ,24,6/24/2025,3,17:30,DENUNCIA,Nivel 3
DELITOS SEXUALES,ACCESO CARNAL VIOLENTO. ART. 205 C.P. ,CALI,Rural,Rural,-76.606345,3.36253,DOMICILIO,2025,junio     ,24,6/24/2025,3,15:17,DENUNCIA,Nivel 3
DELITOS SEXUALES,ACTO SEXUAL VIOLENTO. ART. 206 C.P.,CALI,La Hacienda,17,-76.532612,3.39426,DOMICILIO,2025,junio     ,24,6/24/2025,3,15:05,DENUNCIA,Nivel 3
DELITOS SEXUALES,ACOSO SEXUAL ART. 210A ,CALI,Los Comuneros I,15,-76.493393,3.415241,DOMICILIO,2025,junio     ,24,6/24/2025,3,11:49,DENUNCIA,Nivel 3
DELITOS SEXUALES,ACCESO CARNAL VIOLENTO. ART. 205 C.P.,CALI,San Pedro,03,-76.533131,3.449924,DOMICILIO,2025,junio     ,25,6/25/2025,4,17:17,DENUNCIA,Nivel 3
DELITOS SEXUALES,ACCESO CARNAL ABUSIVO CON MENOR DE CATORCE AÑOS. ART. 208 C.P.,CALI,Alfonso Lopez P. 2a Etapa,07,-76.48208,3.457598,DOMICILIO,2025,junio     ,25,6/25/2025,4,15:28,DENUNCIA,Nivel 3
DELITOS SEXUALES,ACTOS SEXUALES CON MENOR DE CATORCE AÑOS. ART. 209 C.P.,CALI,Ciudadela del Rio - CVC,21,-76.464857,3.427287,DOMICILIO,2025,junio     ,25,6/25/2025,4,13:36,DENUNCIA,Nivel 3
DELITOS SEXUALES,ACTO SEXUAL VIOLENTO. ART. 206 C.P.,CALI,Sector Alto Jordán,18,-76.557554,3.379202,DOMICILIO,2025,junio     ,25,6/25/2025,4,06:00,DENUNCIA,Nivel 3
DELITOS SEXUALES,ACCESO CARNAL ABUSIVO CON MENOR DE CATORCE AÑOS. ART. 208 C.P.,CALI,San Pedro,03,-76.533131,3.449924,DOMICILIO,2025,junio     ,25,6/25/2025,4,13:26,DENUNCIA,Nivel 3
DELITOS SEXUALES,ACCESO CARNAL VIOLENTO. ART. 205 C.P.,CALI,San Pedro,03,-76.533131,3.449924,DOMICILIO,2025,junio     ,25,6/25/2025,4,15:05,DENUNCIA,Nivel 3
DELITOS SEXUALES,ACCESO CARNAL ABUSIVO CON MENOR DE CATORCE AÑOS. ART. 208 C.P.,CALI,Promociones Populares B,14,-76.468986,3.427986,DOMICILIO,2025,junio     ,25,6/25/2025,4,12:00,DENUNCIA,Nivel 3
DELITOS SEXUALES,ACTOS SEXUALES CON MENOR DE CATORCE AÑOS. ART. 209 C.P.,CALI,El Remanso,21,-76.467989,3.418559,DOMICILIO,2025,junio     ,25,6/25/2025,4,03:00,DENUNCIA,Nivel 3
DELITOS SEXUALES,ACTO SEXUAL VIOLENTO CON MENOR DE CATORCE AÑOS ART. 209 C.P. ,CALI,Siloé,20,-76.555351,3.422871,SIN INFORMACION,2025,junio     ,25,6/25/2025,4,19:52,DENUNCIA,Nivel 3
DELITOS SEXUALES,ACTOS SEXUALES CON MENOR DE CATORCE AÑOS. ART. 209 C.P.,CALI,San Pedro,03,-76.533131,3.449924,DOMICILIO,2025,junio     ,26,6/26/2025,5,11:40,DENUNCIA,Nivel 3
DELITOS SEXUALES,ACTOS SEXUALES CON MENOR DE CATORCE AÑOS. ART. 209 C.P.,CALI,San Pedro,03,-76.533131,3.449924,DOMICILIO,2025,junio     ,26,6/26/2025,5,16:42,DENUNCIA,Nivel 3
DELITOS SEXUALES,ACTO SEXUAL VIOLENTO. ART. 206 C.P.,CALI,Ciudad 2000,16,-76.523656,3.392645,VIA PUBLICA,2025,junio     ,26,6/26/2025,5,20:00,DENUNCIA,Nivel 3
DELITOS SEXUALES,ACTOS SEXUALES CON MENOR DE CATORCE AÑOS. ART. 209 C.P.,CALI,San Pedro,03,-76.533131,3.449924,DOMICILIO,2025,junio     ,26,6/26/2025,5,15:31,DENUNCIA,Nivel 3
DELITOS SEXUALES,ACCESO CARNAL VIOLENTO. ART. 205 C.P.,CALI,La Gran Colombia,11,-76.506981,3.421018,DOMICILIO,2025,junio     ,26,6/26/2025,5,23:00,DENUNCIA,Nivel 3
DELITOS SEXUALES,ACCESO CARNAL VIOLENTO. ART. 205 C.P.,CALI,Manuela Beltrán,14,-76.472547,3.424011,DOMICILIO,2025,junio     ,26,6/26/2025,5,13:57,DENUNCIA,Nivel 3
DELITOS SEXUALES,ACCESO CARNAL ABUSIVO CON MENOR DE CATORCE AÑOS. ART. 208 C.P.,CALI,El Morichal,15,-76.502861,3.403039,DOMICILIO,2025,junio     ,26,6/26/2025,5,12:28,DENUNCIA,Nivel 3
DELITOS SEXUALES,ACTO SEXUAL VIOLENTO. ART. 206 C.P.,CALI,Navarro - La Chanca,03,-76.548288,3.444104,DOMICILIO,2025,junio     ,26,6/26/2025,5,15:29,DENUNCIA,Nivel 3
DELITOS SEXUALES,ACCESO CARNAL ABUSIVO CON MENOR DE CATORCE AÑOS. ART. 208 C.P.,CALI,San Nicolás,03,-76.518781,3.452981,SIN INFORMACION,2025,junio     ,26,6/26/2025,5,20:00,DENUNCIA,Nivel 3
DELITOS SEXUALES,ACTO SEXUAL VIOLENTO. ART. 206 C.P.,CALI,Desepaz Invicali,21,-76.462088,3.424232,VIA PUBLICA,2025,junio     ,27,6/27/2025,6,15:30,DENUNCIA,Nivel 3
DELITOS SEXUALES,ACOSO SEXUAL ART. 210A C.P.  ADICIONADO LEY 1257 DE 2008,CALI,Barrio Obrero,09,-76.518863,3.448167,DOMICILIO,2025,junio     ,27,6/27/2025,6,10:00,DENUNCIA,Nivel 3
DELITOS SEXUALES,ACCESO CARNAL ABUSIVO CON MENOR DE CATORCE AÑOS. ART. 208 C.P.,CALI,Olímpico,10,-76.533385,3.424215,DOMICILIO,2025,junio     ,27,6/27/2025,6,11:20,DENUNCIA,Nivel 3
DELITOS SEXUALES,ACCESO CARNAL ABUSIVO CON MENOR DE CATORCE AÑOS. ART. 208 C.P.,CALI,Ulpiano Lloreda,13,-76.493355,3.438894,DOMICILIO,2025,junio     ,27,6/27/2025,6,14:22,DENUNCIA,Nivel 3
DELITOS SEXUALES,ACCESO CARNAL ABUSIVO CON MENOR DE CATORCE AÑOS. ART. 208 C.P.,CALI,Primitivo Crespo,08,-76.5168,3.438103,DOMICILIO,2025,junio     ,27,6/27/2025,6,10:16,DENUNCIA,Nivel 3
DELITOS SEXUALES,ACTO SEXUAL VIOLENTO. ART. 206 C.P.,CALI,Alto Nápoles,18,-76.556779,3.384364,SIN INFORMACION,2025,junio     ,27,6/27/2025,6,09:07,DENUNCIA,Nivel 3
DELITOS SEXUALES,ACCESO CARNAL ABUSIVO CON MENOR DE CATORCE AÑOS. ART. 208 C.P.,CALI,Santa Fé,08,-76.508569,3.439531,DOMICILIO,2025,junio     ,27,6/27/2025,6,16:22,DENUNCIA,Nivel 3
DELITOS SEXUALES,ACCESO CARNAL VIOLENTO. ART. 205 C.P.,CALI,Calimio Desepaz,21,-76.471079,3.413858,DOMICILIO,2025,junio     ,28,6/28/2025,7,05:00,DENUNCIA,Nivel 3
DELITOS SEXUALES,ACCESO CARNAL VIOLENTO. ART. 205 C.P.,CALI,Ciudadela Floralia,06,-76.495398,3.498161,DOMICILIO,2025,junio     ,29,6/29/2025,1,14:04,DENUNCIA,Nivel 3
DELITOS SEXUALES,ACCESO CARNAL ABUSIVO CON MENOR DE CATORCE AÑOS. ART. 208 C.P.,CALI,Siloé,20,-76.556173,3.425678,DOMICILIO,2025,junio     ,29,6/29/2025,1,22:00,DENUNCIA,Nivel 3
DELITOS SEXUALES,ACTO SEXUAL VIOLENTO CON MENOR DE CATORCE AÑOS ART. 209 C.P. ,CALI,Alfonso Bonilla Aragón,14,-76.479512,3.414219,DOMICILIO,2025,junio     ,29,6/29/2025,1,09:12,DENUNCIA,Nivel 3
DELITOS SEXUALES,ACTOS SEXUALES CON MENOR DE CATORCE AÑOS. ART. 209 C.P.,CALI,Mariano Ramos,16,-76.517453,3.401712,DOMICILIO,2025,junio     ,29,6/29/2025,1,00:00,DENUNCIA,Nivel 3
DELITOS SEXUALES,ACCESO CARNAL ABUSIVO CON MENOR DE CATORCE AÑOS. ART. 208 C.P.,CALI,Santa Mónica Popular,08,-76.509779,3.435785,DOMICILIO,2025,junio     ,29,6/29/2025,1,08:48,DENUNCIA,Nivel 3
DELITOS SEXUALES,ACCESO CARNAL VIOLENTO. ART. 205 C.P.,CALI,Urbanización Ciudad Jardín,22,-76.538497,3.366081,VEHICULO,2025,junio     ,29,6/29/2025,1,02:00,DENUNCIA,Nivel 3
DELITOS SEXUALES,ACTOS SEXUALES CON MENOR DE CATORCE AÑOS. ART. 209 C.P.,CALI,Omar Torrijos,13,-76.485768,3.425804,DOMICILIO,2025,junio     ,29,6/29/2025,1,18:00,DENUNCIA,Nivel 3
DELITOS SEXUALES,ACOSO SEXUAL ART. 210A C.P.  ADICIONADO LEY 1257 DE 2008,CALI,Alameda,09,-76.536861,3.437476,ESTABLECIMIENTO EDUCATIVO,2025,junio     ,29,6/29/2025,1,08:52,DENUNCIA,Nivel 3
DELITOS SEXUALES,ACCESO CARNAL O ACTO SEXUAL ABUSIVOS CON INCAPAZ DE RESISTIR. ART. 210 C.P.,CALI,Francisco Eladio Ramírez,18,-76.546801,3.387802,DOMICILIO,2025,junio     ,29,6/29/2025,1,03:55,DENUNCIA,Nivel 3
DELITOS SEXUALES,ACCESO CARNAL ABUSIVO CON MENOR DE CATORCE AÑOS. ART. 208 C.P.,CALI,Rural,Rural,-76.49888,3.31751,SIN INFORMACION,2025,junio     ,30,6/30/2025,2,06:00,DENUNCIA,Nivel 3
DELITOS SEXUALES,ACCESO CARNAL VIOLENTO. ART. 205 C.P.,CALI,El Retiro,15,-76.498682,3.412076,VIA PUBLICA,2025,junio     ,30,6/30/2025,2,02:45,DENUNCIA,Nivel 3
DELITOS SEXUALES,ACCESO CARNAL ABUSIVO CON MENOR DE CATORCE AÑOS. ART. 208 C.P.,CALI,Santa Mónica Popular,08,-76.509779,3.435785,DOMICILIO,2025,junio     ,30,6/30/2025,2,08:45,DENUNCIA,Nivel 3
DELITOS SEXUALES,ACCESO CARNAL VIOLENTO. ART. 205 C.P.,CALI,El Retiro,15,-76.498682,3.412076,VIA PUBLICA,2025,junio     ,30,6/30/2025,2,02:45,DENUNCIA,Nivel 3
DELITOS SEXUALES,ACTOS SEXUALES CON MENOR DE CATORCE AÑOS. ART. 209 C.P.,CALI,Sector Laguna del Pondaje,13,-76.491141,3.433165,DOMICILIO,2025,junio     ,30,6/30/2025,2,12:30,DENUNCIA,Nivel 3
DELITOS SEXUALES,ACCESO CARNAL ABUSIVO CON MENOR DE CATORCE AÑOS. ART. 208 C.P.,CALI,El Sena,05,-76.503058,3.467689,DOMICILIO,2025,julio     ,1,7/1/2025,3,16:42,DENUNCIA,Nivel 3
DELITOS SEXUALES,ACCESO CARNAL VIOLENTO. ART. 205 C.P.,CALI,Ulpiano Lloreda,13,-76.489912,3.442326,DOMICILIO,2025,julio     ,1,7/1/2025,3,18:00,DENUNCIA,Nivel 3
DELITOS SEXUALES,ACCESO CARNAL ABUSIVO CON MENOR DE CATORCE AÑOS. ART. 208 C.P.,CALI,Chapinero,08,-76.501982,3.445126,DOMICILIO,2025,julio     ,1,7/1/2025,3,00:00,DENUNCIA,Nivel 3
DELITOS SEXUALES,ACCESO CARNAL VIOLENTO. ART. 205 C.P.,CALI,La Fortaleza,11,-76.513644,3.425149,DOMICILIO,2025,julio     ,1,7/1/2025,3,16:53,DENUNCIA,Nivel 3
DELITOS SEXUALES,ACCESO CARNAL O ACTO SEXUAL ABUSIVOS CON INCAPAZ DE RESISTIR. ART. 210 C.P.,CALI,Sector Alto Jordán,18,-76.553096,3.376892,DOMICILIO,2025,julio     ,1,7/1/2025,3,00:00,DENUNCIA,Nivel 3
DELITOS SEXUALES,ACTOS SEXUALES CON MENOR DE CATORCE AÑOS. ART. 209 C.P.,CALI,Santa Rosa,03,-76.533052,3.448039,SIN INFORMACION,2025,julio     ,3,7/3/2025,5,15:00,DENUNCIA,Nivel 3
DELITOS SEXUALES,ACOSO SEXUAL ART. 210A C.P.  ADICIONADO LEY 1257 DE 2008,CALI,Planta de Tratamiento,21,-76.476533,3.440699,SIN INFORMACION,2025,julio     ,3,7/3/2025,5,03:25,DENUNCIA,Nivel 3
DELITOS SEXUALES,ACCESO CARNAL ABUSIVO CON MENOR DE CATORCE AÑOS. ART. 208 C.P.,CALI,Alfonso Bonilla Aragón,14,-76.481978,3.423759,LUGAR DE RECREACION / PARQUE,2025,julio     ,3,7/3/2025,5,22:00,DENUNCIA,Nivel 3
DELITOS SEXUALES,ACCESO CARNAL VIOLENTO. ART. 205 C.P.,CALI,San Antonio,03,-76.537623,3.449647,VIA PUBLICA,2025,julio     ,4,7/4/2025,6,21:00,DENUNCIA,Nivel 3
DELITOS SEXUALES,ACOSO SEXUAL ART. 210A C.P.  ADICIONADO LEY 1257 DE 2008,CALI,Sucre,09,-76.524649,3.447209,SIN INFORMACION,2025,julio     ,4,7/4/2025,6,19:12,DENUNCIA,Nivel 3
DELITOS SEXUALES,ACCESO CARNAL VIOLENTO. ART. 205 C.P.,CALI,Los Comuneros I,15,-76.492179,3.412993,DOMICILIO,2025,julio     ,4,7/4/2025,6,14:00,DENUNCIA,Nivel 3
DELITOS SEXUALES,ACTOS SEXUALES CON MENOR DE CATORCE AÑOS. ART. 209 C.P.,CALI,Los Guayacanes,05,-76.49121,3.473793,DOMICILIO,2025,julio     ,5,7/5/2025,7,05:00,DENUNCIA,Nivel 3
DELITOS SEXUALES,ACCESO CARNAL ABUSIVO CON MENOR DE CATORCE AÑOS. ART. 208 C.P.,CALI,El Jardín,11,-76.517898,3.42863,SIN INFORMACION,2025,julio     ,5,7/5/2025,7,19:00,DENUNCIA,Nivel 3
DELITOS SEXUALES,ACTO SEXUAL VIOLENTO. ART. 206 C.P.,CALI,Ciudad Córdoba,15,-76.512592,3.397817,VIA PUBLICA,2025,julio     ,5,7/5/2025,7,01:30,DENUNCIA,Nivel 3
DELITOS SEXUALES,ACTOS SEXUALES CON MENOR DE CATORCE AÑOS. ART. 209 C.P.,CALI,3 de Julio,19,-76.54026,3.430009,DOMICILIO,2025,julio     ,5,7/5/2025,7,11:18,DENUNCIA,Nivel 3
DELITOS SEXUALES,ACOSO SEXUAL ART. 210A C.P.  ADICIONADO LEY 1257 DE 2008,CALI,Antonio Nariño,16,-76.507786,3.413138,VEHICULO DE UBER,2025,julio     ,5,7/5/2025,7,19:30,DENUNCIA,Nivel 3
DELITOS SEXUALES,ACCESO CARNAL VIOLENTO. ART. 205 C.P.,CALI,José Manuel Marroquín I,14,-76.477587,3.425039,DOMICILIO,2025,julio     ,5,7/5/2025,7,14:27,DENUNCIA,Nivel 3
DELITOS SEXUALES,ACOSO SEXUAL ART. 210A C.P.  ADICIONADO LEY 1257 DE 2008,CALI,Jorge Eliécer Gaitán,06,-76.48313,3.46823,LUGAR DE RECREACION / PARQUE,2025,julio     ,5,7/5/2025,7,20:30,DENUNCIA,Nivel 3
DELITOS SEXUALES,ACCESO CARNAL VIOLENTO. ART. 205 C.P.,CALI,Villa del Prado - El Guabito,05,-76.495529,3.464627,OTRO,2025,julio     ,6,7/6/2025,1,04:00,DENUNCIA,Nivel 3
DELITOS SEXUALES,ACCESO CARNAL VIOLENTO. ART. 205 C.P.,CALI,El Diamante,13,-76.504084,3.421367,DOMICILIO,2025,julio     ,6,7/6/2025,1,08:00,DENUNCIA,Nivel 3
DELITOS SEXUALES,ACCESO CARNAL VIOLENTO. ART. 205 C.P.,CALI,José Manuel Marroquín I,14,-76.481539,3.42598,DOMICILIO,2025,julio     ,6,7/6/2025,1,09:10,DENUNCIA,Nivel 3
DELITOS SEXUALES,ACTOS SEXUALES CON MENOR DE CATORCE AÑOS. ART. 209 C.P.,CALI,La Independencia,11,-76.520519,3.418571,DOMICILIO,2025,julio     ,6,7/6/2025,1,08:00,DENUNCIA,Nivel 3
DELITOS SEXUALES,ACTOS SEXUALES CON MENOR DE CATORCE AÑOS. ART. 209 C.P.,CALI,Saavedra Galindo,08,-76.513016,3.439831,DOMICILIO,2025,julio     ,7,7/7/2025,2,14:32,DENUNCIA,Nivel 3
DELITOS SEXUALES,ACCESO CARNAL ABUSIVO CON MENOR DE CATORCE AÑOS. ART. 208 C.P.,CALI,Alfonso Bonilla Aragón,14,-76.485196,3.424439,DOMICILIO,2025,julio     ,7,7/7/2025,2,17:54,DENUNCIA,Nivel 3
DELITOS SEXUALES,ACTO SEXUAL VIOLENTO. ART. 206 C.P.,CALI,Ciudad Córdoba,15,-76.51289,3.398154,DOMICILIO,2025,julio     ,7,7/7/2025,2,02:23,DENUNCIA,Nivel 3
DELITOS SEXUALES,ACOSO SEXUAL ART. 210A C.P.  ADICIONADO LEY 1257 DE 2008,CALI,Los Cámbulos,19,-76.54,3.42,SIN INFORMACION,2025,julio     ,7,7/7/2025,2,03:00,DENUNCIA,Nivel 3
DELITOS SEXUALES,ACTOS SEXUALES CON MENOR DE CATORCE AÑOS. ART. 209 C.P.,CALI,Lili,17,-76.514671,3.378109,SIN INFORMACION,2025,julio     ,7,7/7/2025,2,10:51,DENUNCIA,Nivel 3
DELITOS SEXUALES,PORNOGRAFIA CON MENORES ART. 218 C.P.,CALI,San Pedro,03,-76.533131,3.449924,SIN INFORMACION,2025,julio     ,7,7/7/2025,2,10:56,DENUNCIA,Nivel 3
DELITOS SEXUALES,ACTOS SEXUALES CON MENOR DE CATORCE AÑOS. ART. 209 C.P.,CALI,Rural,Rural,-76.575233,3.500296,DOMICILIO,2025,julio     ,7,7/7/2025,2,20:00,DENUNCIA,Nivel 3
DELITOS SEXUALES,ACCESO CARNAL ABUSIVO CON MENOR DE CATORCE AÑOS. ART. 208 C.P.,CALI,San Pedro,03,-76.533131,3.449924,DOMICILIO,2025,julio     ,7,7/7/2025,2,09:05,DENUNCIA,Nivel 3
DELITOS SEXUALES,ACTOS SEXUALES CON MENOR DE CATORCE AÑOS. ART. 209 C.P.,CALI,El Rodeo,12,-76.507105,3.434628,DOMICILIO,2025,julio     ,8,7/8/2025,3,15:30,DENUNCIA,Nivel 3
DELITOS SEXUALES,ACOSO SEXUAL ART. 210A C.P.  ADICIONADO LEY 1257 DE 2008,CALI,San Nicolás,03,-76.518781,3.452981,SIN INFORMACION,2025,julio     ,8,7/8/2025,3,03:00,DENUNCIA,Nivel 3
DELITOS SEXUALES,ACCESO CARNAL VIOLENTO. ART. 205 C.P.,CALI,Vipasa,02,-76.520907,3.480013,DOMICILIO,2025,julio     ,8,7/8/2025,3,01:00,DENUNCIA,Nivel 3
DELITOS SEXUALES,ACCESO CARNAL ABUSIVO CON MENOR DE CATORCE AÑOS. ART. 208 C.P.,CALI,Lili,17,-76.519891,3.37178,SIN INFORMACION,2025,julio     ,8,7/8/2025,3,14:00,DENUNCIA,Nivel 3
DELITOS SEXUALES,ACCESO CARNAL VIOLENTO. ART. 205 C.P.,CALI,Vipasa,02,-76.516474,3.481714,DOMICILIO,2025,julio     ,8,7/8/2025,3,10:28,DENUNCIA,Nivel 3
DELITOS SEXUALES,ACCESO CARNAL ABUSIVO CON MENOR DE CATORCE AÑOS. ART. 208 C.P.,CALI,San Pedro,03,-76.533131,3.449924,DOMICILIO,2025,julio     ,9,7/9/2025,4,12:03,DENUNCIA,Nivel 3
DELITOS SEXUALES,ACCESO CARNAL ABUSIVO CON MENOR DE CATORCE AÑOS. ART. 208 C.P.,CALI,Unión de Vivienda Popular,16,-76.50947,3.409184,DOMICILIO,2025,julio     ,9,7/9/2025,4,09:02,DENUNCIA,Nivel 3
DELITOS SEXUALES,ACTOS SEXUALES CON MENOR DE CATORCE AÑOS. ART. 209 C.P.,CALI,Santa Mónica Popular,08,-76.510447,3.439016,DOMICILIO,2025,julio     ,9,7/9/2025,4,14:25,DENUNCIA,Nivel 3
DELITOS SEXUALES,ACCESO CARNAL ABUSIVO CON MENOR DE CATORCE AÑOS. ART. 208 C.P.,CALI,Puerta del Sol,14,-76.472052,3.430536,DOMICILIO,2025,julio     ,10,7/10/2025,5,14:33,DENUNCIA,Nivel 3
DELITOS SEXUALES,PORNOGRAFIA CON MENORES ART. 218 C.P.,CALI,Ciudad 2000,16,-76.521169,3.397204,SIN INFORMACION,2025,julio     ,10,7/10/2025,5,12:37,DENUNCIA,Nivel 3
DELITOS SEXUALES,ACTOS SEXUALES CON MENOR DE CATORCE AÑOS. ART. 209 C.P.,CALI,Siete de Agosto,07,-76.485926,3.44369,DOMICILIO,2025,julio     ,10,7/10/2025,5,15:22,DENUNCIA,Nivel 3
DELITOS SEXUALES,ACTOS SEXUALES CON MENOR DE CATORCE AÑOS. ART. 209 C.P.,CALI,Rural,Rural,-76.460696,3.428158,DOMICILIO,2025,julio     ,10,7/10/2025,5,20:00,DENUNCIA,Nivel 3
DELITOS SEXUALES,ACTOS SEXUALES CON MENOR DE CATORCE AÑOS. ART. 209 C.P.,CALI,San Pedro,03,-76.533131,3.449924,DOMICILIO,2025,julio     ,10,7/10/2025,5,15:07,DENUNCIA,Nivel 3
DELITOS SEXUALES,ACOSO SEXUAL ART. 210A ,CALI,San Vicente,02,-76.528951,3.468067,ESTABLECIMIENTO EDUCATIVO,2025,julio     ,10,7/10/2025,5,12:00,DENUNCIA,Nivel 3
DELITOS SEXUALES,ACTOS SEXUALES CON MENOR DE CATORCE AÑOS. ART. 209 C.P.,CALI,Villa del Prado - El Guabito,05,-76.492411,3.46771,DOMICILIO,2025,julio     ,11,7/11/2025,6,16:03,DENUNCIA,Nivel 3
DELITOS SEXUALES,ACCESO CARNAL VIOLENTO. ART. 205 C.P.,CALI,Ciudad Capri,17,-76.540198,3.390151,ESTABLECIMIENTO DE SALUD,2025,julio     ,11,7/11/2025,6,18:30,DENUNCIA,Nivel 3
DELITOS SEXUALES,ACTOS SEXUALES CON MENOR DE CATORCE AÑOS. ART. 209 C.P.,CALI,La Base,08,-76.494595,3.450758,DOMICILIO,2025,julio     ,11,7/11/2025,6,09:00,DENUNCIA,Nivel 3
DELITOS SEXUALES,PORNOGRAFIA CON MENORES ART. 218 C.P.,CALI,Granada,02,-76.533582,3.457812,DOMICILIO,2025,julio     ,11,7/11/2025,6,16:16,DENUNCIA,Nivel 3
DELITOS SEXUALES,ACCESO CARNAL VIOLENTO. ART. 205 C.P.,CALI,Lili,17,-76.521712,3.373618,DOMICILIO,2025,julio     ,11,7/11/2025,6,14:53,DENUNCIA,Nivel 3
DELITOS SEXUALES,ACCESO CARNAL ABUSIVO CON MENOR DE CATORCE AÑOS. ART. 208 C.P.,CALI,El Poblado I,13,-76.498779,3.418862,DOMICILIO,2025,julio     ,11,7/11/2025,6,16:00,DENUNCIA,Nivel 3
DELITOS SEXUALES,ACCESO CARNAL VIOLENTO. ART. 205 C.P.,CALI,Antonio Nariño,16,-76.502195,3.411811,DOMICILIO,2025,julio     ,11,7/11/2025,6,16:38,DENUNCIA,Nivel 3
DELITOS SEXUALES,ACCESO CARNAL ABUSIVO CON MENOR DE CATORCE AÑOS. ART. 208 C.P.,CALI,San Nicolás,03,-76.524711,3.452727,SIN INFORMACION,2025,julio     ,12,7/12/2025,7,20:00,DENUNCIA,Nivel 3
DELITOS SEXUALES,PORNOGRAFIA CON MENORES ART. 218 C.P.,CALI,Prados del Sur,18,-76.553995,3.388746,DOMICILIO,2025,julio     ,12,7/12/2025,7,16:00,DENUNCIA,Nivel 3
DELITOS SEXUALES,ACCESO CARNAL VIOLENTO. ART. 205 C.P.,CALI,Ciudadela Floralia,06,-76.497454,3.495122,DOMICILIO,2025,julio     ,12,7/12/2025,7,16:00,DENUNCIA,Nivel 3
DELITOS SEXUALES,ACTOS SEXUALES CON MENOR DE CATORCE AÑOS. ART. 209 C.P.,CALI,José Manuel Marroquín II,14,-76.479103,3.429215,DOMICILIO,2025,julio     ,13,7/13/2025,1,14:58,DENUNCIA,Nivel 3
DELITOS SEXUALES,ACTOS SEXUALES CON MENOR DE CATORCE AÑOS. ART. 209 C.P.,CALI,Alfonso Bonilla Aragón,14,-76.484354,3.420417,DOMICILIO,2025,julio     ,13,7/13/2025,1,09:27,DENUNCIA,Nivel 3
DELITOS SEXUALES,ACTOS SEXUALES CON MENOR DE CATORCE AÑOS. ART. 209 C.P.,CALI,La Selva,10,-76.527624,3.413342,DOMICILIO,2025,julio     ,13,7/13/2025,1,15:14,DENUNCIA,Nivel 3
DELITOS SEXUALES,ACCESO CARNAL ABUSIVO CON MENOR DE CATORCE AÑOS. ART. 208 C.P.,CALI,La Isla,04,-76.513202,3.474778,SIN INFORMACION,2025,julio     ,14,7/14/2025,2,22:00,DENUNCIA,Nivel 3
DELITOS SEXUALES,ACTO SEXUAL VIOLENTO. ART. 206 C.P.,CALI,Chapinero,08,-76.501036,3.443626,EDIFICIO,2025,julio     ,14,7/14/2025,2,16:00,DENUNCIA,Nivel 3
DELITOS SEXUALES,ACTO SEXUAL VIOLENTO. ART. 206 C.P.,CALI,Caney,17,-76.518772,3.382365,SIN INFORMACION,2025,julio     ,14,7/14/2025,2,18:10,DENUNCIA,Nivel 3
DELITOS SEXUALES,ACCESO CARNAL VIOLENTO. ART. 205 C.P.,CALI,Paso del Comercio,06,-76.486752,3.493352,DOMICILIO,2025,julio     ,15,7/15/2025,3,03:00,DENUNCIA,Nivel 3
DELITOS SEXUALES,ACCESO CARNAL VIOLENTO. ART. 205 C.P.,CALI,El Morichal,15,-76.504567,3.3955,DOMICILIO,2025,julio     ,15,7/15/2025,3,22:00,DENUNCIA,Nivel 3
DELITOS SEXUALES,ACTOS SEXUALES CON MENOR DE CATORCE AÑOS. ART. 209 C.P.,CALI,Sector Alto de los Chorros,18,-76.55929,3.390054,DOMICILIO,2025,julio     ,15,7/15/2025,3,15:46,DENUNCIA,Nivel 3
DELITOS SEXUALES,ACCESO CARNAL VIOLENTO. ART. 205 C.P.,CALI,Barrio Obrero,09,-76.519368,3.447078,CERCA AL DOMICILIO,2025,julio     ,16,7/16/2025,4,13:49,DENUNCIA,Nivel 3
DELITOS SEXUALES,ACCESO CARNAL ABUSIVO CON MENOR DE CATORCE AÑOS. ART. 208 C.P.,CALI,Ciudad Talanga,21,-76.465627,3.433898,DOMICILIO,2025,julio     ,16,7/16/2025,4,11:00,DENUNCIA,Nivel 3
DELITOS SEXUALES,ACCESO CARNAL ABUSIVO CON MENOR DE CATORCE AÑOS. ART. 208 C.P.,CALI,El Poblado II,13,-76.494439,3.418958,SIN INFORMACION,2025,julio     ,16,7/16/2025,4,13:00,DENUNCIA,Nivel 3
DELITOS SEXUALES,ACCESO CARNAL VIOLENTO. ART. 205 C.P.,CALI,Normandia,02,-76.542583,3.451943,EDIFICIO,2025,julio     ,17,7/17/2025,5,17:34,DENUNCIA,Nivel 3
DELITOS SEXUALES,ACCESO CARNAL ABUSIVO CON MENOR DE CATORCE AÑOS. ART. 208 C.P.,CALI,Potrero Grande,21,-76.470804,3.40736,SIN INFORMACION,2025,julio     ,17,7/17/2025,5,16:48,DENUNCIA,Nivel 3
DELITOS SEXUALES,ACTOS SEXUALES CON MENOR DE CATORCE AÑOS. ART. 209 C.P.,CALI,El Diamante,13,-76.505872,3.421463,DOMICILIO,2025,julio     ,17,7/17/2025,5,15:51,DENUNCIA,Nivel 3
DELITOS SEXUALES,DEMANDA DE EXPLOT.SEX. COMERC. MENOR DE 18 AÑOS Adic. Art 217A C.P. Ley 1329 de 2009,CALI,Salomia,04,-76.502995,3.463038,ESTABLECIMIENTO DE SALUD,2025,julio     ,17,7/17/2025,5,13:31,DENUNCIA,Nivel 3
DELITOS SEXUALES,ACTOS SEXUALES CON MENOR DE CATORCE AÑOS. ART. 209 C.P.,CALI,Alfonso Lopez P. 2a Etapa,07,-76.480578,3.462131,TRANSPORTE PUBLICO URBANO,2025,julio     ,17,7/17/2025,5,00:00,DENUNCIA,Nivel 3
DELITOS SEXUALES,ACCESO CARNAL ABUSIVO CON MENOR DE CATORCE AÑOS. ART. 208 C.P.,CALI,Nueva Floresta,12,-76.500657,3.433351,DOMICILIO,2025,julio     ,17,7/17/2025,5,16:30,DENUNCIA,Nivel 3
DELITOS SEXUALES,ACCESO CARNAL VIOLENTO. ART. 205 C.P.,CALI,San Fernando Viejo,19,-76.544843,3.43606,EDIFICIO,2025,julio     ,17,7/17/2025,5,17:46,DENUNCIA,Nivel 3
DELITOS SEXUALES,ACTOS SEXUALES CON MENOR DE CATORCE AÑOS. ART. 209 C.P.,CALI,El Vergel,13,-76.501594,3.413267,VIA PUBLICA,2025,julio     ,18,7/18/2025,6,11:30,DENUNCIA,Nivel 3
DELITOS SEXUALES,ACOSO SEXUAL ART. 210A C.P.  ADICIONADO LEY 1257 DE 2008,CALI,San Fernando Viejo,19,-76.54664,3.433056,ESTABLECIMIENTO EDUCATIVO,2025,julio     ,18,7/18/2025,6,05:45,DENUNCIA,Nivel 3
DELITOS SEXUALES,ACTO SEXUAL VIOLENTO. ART. 206 C.P.,CALI,San Pedro,03,-76.533131,3.449924,DOMICILIO,2025,julio     ,18,7/18/2025,6,09:47,DENUNCIA,Nivel 3
DELITOS SEXUALES,DEMANDA DE EXPLOT.SEX. COMERC. MENOR DE 18 AÑOS Adic. Art 217A C.P. Ley 1329 de 2009,CALI,Miraflores,19,-76.538159,3.438903,DOMICILIO,2025,julio     ,18,7/18/2025,6,15:45,DENUNCIA,Nivel 3
DELITOS SEXUALES,ACCESO CARNAL ABUSIVO CON MENOR DE CATORCE AÑOS. ART. 208 C.P.,CALI,La Floresta,08,-76.511008,3.44441,DOMICILIO,2025,julio     ,19,7/19/2025,7,15:30,DENUNCIA,Nivel 3
DELITOS SEXUALES,ACCESO CARNAL VIOLENTO. ART. 205 C.P.,CALI,Navarro - La Chanca,03,-76.547794,3.443854,DOMICILIO,2025,julio     ,19,7/19/2025,7,12:05,DENUNCIA,Nivel 3
DELITOS SEXUALES,ACTO SEXUAL VIOLENTO. ART. 206 C.P.,CALI,Sector Laguna del Pondaje,13,-76.487199,3.436212,DOMICILIO,2025,julio     ,19,7/19/2025,7,17:22,DENUNCIA,Nivel 3
DELITOS SEXUALES,ACTO SEXUAL VIOLENTO CON MENOR DE CATORCE AÑOS ART. 209 C.P. ,CALI,Rural,Rural,-76.56288,3.38091,DOMICILIO,2025,julio     ,19,7/19/2025,7,17:00,DENUNCIA,Nivel 3
DELITOS SEXUALES,ACOSO SEXUAL ART. 210A C.P.  ADICIONADO LEY 1257 DE 2008,CALI,Urbanización Nueva Granada,19,-76.547594,3.423399,SIN INFORMACION,2025,julio     ,20,7/20/2025,1,05:30,DENUNCIA,Nivel 3
DELITOS SEXUALES,ACTOS SEXUALES CON MENOR DE CATORCE AÑOS. ART. 209 C.P.,CALI,Belén,20,-76.551437,3.426518,DOMICILIO,2025,julio     ,20,7/20/2025,1,15:00,DENUNCIA,Nivel 3
DELITOS SEXUALES,DEMANDA DE EXPLOT.SEX. COMERC. MENOR DE 18 AÑOS Adic. Art 217A C.P. Ley 1329 de 2009,CALI,El Morichal,15,-76.505104,3.399947,VIA PUBLICA,2025,julio     ,20,7/20/2025,1,19:00,DENUNCIA,Nivel 3
DELITOS SEXUALES,ACTOS SEXUALES CON MENOR DE CATORCE AÑOS. ART. 209 C.P.,CALI,Los Naranjos,14,-76.482526,3.43402,ESTACION DE ARTICULADO,2025,julio     ,20,7/20/2025,1,14:54,DENUNCIA,Nivel 3
DELITOS SEXUALES,ACCESO CARNAL ABUSIVO CON MENOR DE CATORCE AÑOS. ART. 208 C.P.,CALI,San Luís,06,-76.485455,3.48381,DOMICILIO,2025,julio     ,21,7/21/2025,2,15:21,DENUNCIA,Nivel 3
DELITOS SEXUALES,ACCESO CARNAL VIOLENTO. ART. 205 C.P.,CALI,El Jordán,18,-76.551683,3.37534,DOMICILIO,2025,julio     ,21,7/21/2025,2,20:00,DENUNCIA,Nivel 3
DELITOS SEXUALES,ACTOS SEXUALES CON MENOR DE CATORCE AÑOS. ART. 209 C.P.,CALI,Paseo de Los Almendros,05,-76.494198,3.473949,DOMICILIO,2025,julio     ,21,7/21/2025,2,14:46,DENUNCIA,Nivel 3
DELITOS SEXUALES,ACCESO CARNAL VIOLENTO. ART. 205 C.P.,CALI,Saavedra Galindo,08,-76.516455,3.442524,DOMICILIO,2025,julio     ,22,7/22/2025,3,18:30,DENUNCIA,Nivel 3
DELITOS SEXUALES,ACOSO SEXUAL ART. 210A C.P.  ADICIONADO LEY 1257 DE 2008,CALI,La Selva,10,-76.529737,3.409183,SIN INFORMACION,2025,julio     ,22,7/22/2025,3,15:00,DENUNCIA,Nivel 3
DELITOS SEXUALES,ACTO SEXUAL VIOLENTO CON MENOR DE CATORCE AÑOS ART. 209 C.P. ,CALI,La Sultana,20,-76.565221,3.423006,DOMICILIO,2025,julio     ,22,7/22/2025,3,15:59,DENUNCIA,Nivel 3
DELITOS SEXUALES,ACTOS SEXUALES CON MENOR DE CATORCE AÑOS. ART. 209 C.P.,CALI,Centenario,02,-76.536631,3.453238,SIN INFORMACION,2025,julio     ,22,7/22/2025,3,19:02,DENUNCIA,Nivel 3
DELITOS SEXUALES,ACCESO CARNAL ABUSIVO CON MENOR DE CATORCE AÑOS. ART. 208 C.P.,CALI,La Independencia,11,-76.51977,3.418781,DOMICILIO,2025,julio     ,22,7/22/2025,3,15:40,DENUNCIA,Nivel 3
DELITOS SEXUALES,ACCESO CARNAL O ACTO SEXUAL ABUSIVOS CON INCAPAZ DE RESISTIR. ART. 210 C.P.,CALI,San Pedro,03,-76.533131,3.449924,ESTABLECIMIENTO DE COMERCIO,2025,julio     ,22,7/22/2025,3,11:34,DENUNCIA,Nivel 3
DELITOS SEXUALES,ACCESO CARNAL ABUSIVO CON MENOR DE CATORCE AÑOS. ART. 208 C.P.,CALI,Antonio Nariño,16,-76.504267,3.412006,DOMICILIO,2025,julio     ,23,7/23/2025,4,17:30,DENUNCIA,Nivel 3
DELITOS SEXUALES,ACCESO CARNAL VIOLENTO. ART. 205 C.P.,CALI,Santander,04,-76.512562,3.462662,DOMICILIO,2025,julio     ,23,7/23/2025,4,16:27,DENUNCIA,Nivel 3
DELITOS SEXUALES,ACTO SEXUAL VIOLENTO CON MENOR DE CATORCE AÑOS ART. 209 C.P. ,CALI,Unión de Vivienda Popular,16,-76.506901,3.410515,SIN INFORMACION,2025,julio     ,23,7/23/2025,4,09:55,DENUNCIA,Nivel 3
DELITOS SEXUALES,ACCESO CARNAL ABUSIVO CON MENOR DE CATORCE AÑOS. ART. 208 C.P.,CALI,San Pedro,03,-76.533131,3.449924,DOMICILIO,2025,julio     ,23,7/23/2025,4,15:05,DENUNCIA,Nivel 3
DELITOS SEXUALES,ACCESO CARNAL ABUSIVO CON MENOR DE CATORCE AÑOS. ART. 208 C.P.,CALI,La Sultana,20,-76.56585,3.422358,DOMICILIO,2025,julio     ,23,7/23/2025,4,10:48,DENUNCIA,Nivel 3
DELITOS SEXUALES,ACCESO CARNAL ABUSIVO CON MENOR DE CATORCE AÑOS. ART. 208 C.P.,CALI,San Nicolás,03,-76.518781,3.452981,SIN INFORMACION,2025,julio     ,24,7/24/2025,5,15:19,DENUNCIA,Nivel 3
DELITOS SEXUALES,ACCESO CARNAL ABUSIVO CON MENOR DE CATORCE AÑOS. ART. 208 C.P.,CALI,San Judas Tadeo I,10,-76.522962,3.408621,DOMICILIO,2025,julio     ,24,7/24/2025,5,16:47,DENUNCIA,Nivel 3
DELITOS SEXUALES,ACCESO CARNAL ABUSIVO CON MENOR DE CATORCE AÑOS. ART. 208 C.P.,CALI,San Pedro,03,-76.533131,3.449924,ESTABLECIMIENTO PUBLICO,2025,julio     ,24,7/24/2025,5,09:17,DENUNCIA,Nivel 3
DELITOS SEXUALES,ACCESO CARNAL ABUSIVO CON MENOR DE CATORCE AÑOS. ART. 208 C.P.,CALI,José Manuel Marroquín II,14,-76.483615,3.428219,DOMICILIO,2025,julio     ,24,7/24/2025,5,00:00,DENUNCIA,Nivel 3
DELITOS SEXUALES,ACTOS SEXUALES CON MENOR DE CATORCE AÑOS. ART. 209 C.P.,CALI,Brisas de Mayo,20,-76.5643,3.416816,DOMICILIO,2025,julio     ,24,7/24/2025,5,13:36,DENUNCIA,Nivel 3
DELITOS SEXUALES,ACOSO SEXUAL ART. 210A C.P.  ADICIONADO LEY 1257 DE 2008,CALI,El Vallado,15,-76.49958,3.403451,DOMICILIO,2025,julio     ,25,7/25/2025,6,10:06,DENUNCIA,Nivel 3
DELITOS SEXUALES,ACCESO CARNAL VIOLENTO. ART. 205 C.P.,CALI,El Calvario,03,-76.529738,3.448449,ESTABLECIMIENTO DE COMERCIO,2025,julio     ,25,7/25/2025,6,18:40,DENUNCIA,Nivel 3
DELITOS SEXUALES,ACCESO CARNAL VIOLENTO. ART. 205 C.P.,CALI,Sector Alto de los Chorros,18,-76.5594,3.394803,DOMICILIO,2025,julio     ,25,7/25/2025,6,13:52,DENUNCIA,Nivel 3
DELITOS SEXUALES,ACTOS SEXUALES CON MENOR DE CATORCE AÑOS. ART. 209 C.P.,CALI,Unión de Vivienda Popular,16,-76.510443,3.409324,DOMICILIO,2025,julio     ,25,7/25/2025,6,11:38,DENUNCIA,Nivel 3
DELITOS SEXUALES,ACTOS SEXUALES CON MENOR DE CATORCE AÑOS. ART. 209 C.P.,CALI,San Luís,06,-76.486404,3.480671,SIN INFORMACION,2025,julio     ,25,7/25/2025,6,20:00,DENUNCIA,Nivel 3
DELITOS SEXUALES,ACTOS SEXUALES CON MENOR DE CATORCE AÑOS. ART. 209 C.P.,CALI,Terrón Colorado,01,-76.559329,3.452724,DOMICILIO,2025,julio     ,25,7/25/2025,6,13:47,DENUNCIA,Nivel 3
DELITOS SEXUALES,PORNOGRAFIA CON MENORES ART. 218 C.P.,CALI,San Luís,06,-76.487982,3.482018,ESTABLECIMIENTO EDUCATIVO,2025,julio     ,25,7/25/2025,6,00:00,DENUNCIA,Nivel 3
DELITOS SEXUALES,ACTO SEXUAL VIOLENTO. ART. 206 C.P.,CALI,San Pedro,03,-76.533131,3.449924,DOMICILIO,2025,julio     ,25,7/25/2025,6,11:37,DENUNCIA,Nivel 3
DELITOS SEXUALES,ACCESO CARNAL O ACTO SEXUAL ABUSIVOS CON INCAPAZ DE RESISTIR. ART. 210 C.P.,CALI,La Rivera I,06,-76.486212,3.474626,DOMICILIO,2025,julio     ,26,7/26/2025,7,13:33,DENUNCIA,Nivel 3
DELITOS SEXUALES,ACCESO CARNAL ABUSIVO CON MENOR DE CATORCE AÑOS. ART. 208 C.P.,CALI,Sector Alto Jordán,18,-76.556995,3.374403,DOMICILIO,2025,julio     ,26,7/26/2025,7,17:00,DENUNCIA,Nivel 3
DELITOS SEXUALES,ACTOS SEXUALES CON MENOR DE CATORCE AÑOS. ART. 209 C.P.,CALI,Las Granjas,10,-76.52705,3.411056,DOMICILIO,2025,julio     ,26,7/26/2025,7,12:23,DENUNCIA,Nivel 3
DELITOS SEXUALES,ACTO SEXUAL VIOLENTO. ART. 206 C.P.,CALI,La Esmeralda,04,-76.50636,3.460503,VEHICULO,2025,julio     ,26,7/26/2025,7,03:30,DENUNCIA,Nivel 3
DELITOS SEXUALES,ACCESO CARNAL ABUSIVO CON MENOR DE CATORCE AÑOS. ART. 208 C.P.,CALI,Rural,Rural,-76.501104,3.391713,DOMICILIO,2025,julio     ,26,7/26/2025,7,22:50,DENUNCIA,Nivel 3
DELITOS SEXUALES,ACCESO CARNAL VIOLENTO. ART. 205 C.P.,CALI,Los Cámbulos,19,-76.54,3.42,SIN INFORMACION,2025,julio     ,27,7/27/2025,1,02:00,DENUNCIA,Nivel 3
DELITOS SEXUALES,ACCESO CARNAL ABUSIVO CON MENOR DE CATORCE AÑOS. ART. 208 C.P.,CALI,El Rodeo,12,-76.506422,3.438063,DOMICILIO,2025,julio     ,27,7/27/2025,1,14:30,DENUNCIA,Nivel 3
DELITOS SEXUALES,ACCESO CARNAL O ACTO SEXUAL ABUSIVOS CON INCAPAZ DE RESISTIR. ART. 210 C.P.,CALI,Altos de Menga,02,-76.534123,3.491104,DOMICILIO,2025,julio     ,27,7/27/2025,1,04:00,DENUNCIA,Nivel 3
DELITOS SEXUALES,ACTOS SEXUALES CON MENOR DE CATORCE AÑOS. ART. 209 C.P.,CALI,San Pedro,03,-76.533131,3.449924,DOMICILIO,2025,julio     ,28,7/28/2025,2,11:25,DENUNCIA,Nivel 3
DELITOS SEXUALES,ACTOS SEXUALES CON MENOR DE CATORCE AÑOS. ART. 209 C.P.,CALI,Los Lagos,13,-76.486541,3.429253,DOMICILIO,2025,julio     ,28,7/28/2025,2,11:41,DENUNCIA,Nivel 3
DELITOS SEXUALES,ACCESO CARNAL VIOLENTO. ART. 205 C.P.,CALI,Sector Laguna del Pondaje,13,-76.492015,3.432663,DOMICILIO,2025,julio     ,28,7/28/2025,2,15:00,DENUNCIA,Nivel 3
DELITOS SEXUALES,ACCESO CARNAL VIOLENTO. ART. 205 C.P.,CALI,El Vallado,15,-76.501381,3.407999,DOMICILIO,2025,julio     ,29,7/29/2025,3,11:23,DENUNCIA,Nivel 3
DELITOS SEXUALES,ACOSO SEXUAL ART. 210A C.P.  ADICIONADO LEY 1257 DE 2008,CALI,San Juan Bosco,03,-76.53606,3.440765,ESTABLECIMIENTO EDUCATIVO,2025,julio     ,29,7/29/2025,3,10:00,DENUNCIA,Nivel 3
DELITOS SEXUALES,ACCESO CARNAL O ACTO SEXUAL ABUSIVOS CON INCAPAZ DE RESISTIR. ART. 210 C.P.,CALI,Lleras Camargo,20,-76.55864,3.423991,DOMICILIO,2025,julio     ,29,7/29/2025,3,16:00,DENUNCIA,Nivel 3
DELITOS SEXUALES,ACTO SEXUAL VIOLENTO. ART. 206 C.P.,CALI,San Nicolás,03,-76.518781,3.452981,SIN INFORMACION,2025,julio     ,29,7/29/2025,3,22:52,DENUNCIA,Nivel 3
DELITOS SEXUALES,ACTOS SEXUALES CON MENOR DE CATORCE AÑOS. ART. 209 C.P.,CALI,Los Andes B - La Riviera,05,-76.493543,3.468633,ESTABLECIMIENTO DE COMERCIO,2025,julio     ,29,7/29/2025,3,12:08,DENUNCIA,Nivel 3
DELITOS SEXUALES,ACTOS SEXUALES CON MENOR DE CATORCE AÑOS. ART. 209 C.P.,CALI,San Pedro,03,-76.533131,3.449924,DOMICILIO,2025,julio     ,30,7/30/2025,4,15:20,DENUNCIA,Nivel 3
DELITOS SEXUALES,ACTOS SEXUALES CON MENOR DE CATORCE AÑOS. ART. 209 C.P.,CALI,Los Comuneros II,13,-76.495119,3.42567,DOMICILIO,2025,julio     ,30,7/30/2025,4,00:00,DENUNCIA,Nivel 3
DELITOS SEXUALES,ACTOS SEXUALES CON MENOR DE CATORCE AÑOS. ART. 209 C.P.,CALI,20 de Julio,11,-76.5113,3.433545,SIN INFORMACION,2025,julio     ,30,7/30/2025,4,05:00,DENUNCIA,Nivel 3
DELITOS SEXUALES,ACTOS SEXUALES CON MENOR DE CATORCE AÑOS. ART. 209 C.P.,CALI,Lili,17,-76.515058,3.369531,DOMICILIO,2025,julio     ,30,7/30/2025,4,14:43,DENUNCIA,Nivel 3
DELITOS SEXUALES,ACCESO CARNAL ABUSIVO CON MENOR DE CATORCE AÑOS. ART. 208 C.P.,CALI,Petecuy Segunda Etapa,06,-76.48286,3.477911,SIN INFORMACION,2025,julio     ,30,7/30/2025,4,05:00,DENUNCIA,Nivel 3
DELITOS SEXUALES,ACCESO CARNAL VIOLENTO. ART. 205 C.P.,CALI,Desepaz Invicali,21,-76.464588,3.423242,DOMICILIO,2025,julio     ,30,7/30/2025,4,18:00,DENUNCIA,Nivel 3
DELITOS SEXUALES,ACTOS SEXUALES CON MENOR DE CATORCE AÑOS. ART. 209 C.P.,CALI,Junín,09,-76.528782,3.435572,DOMICILIO,2025,julio     ,30,7/30/2025,4,14:51,DENUNCIA,Nivel 3
DELITOS SEXUALES,ACTOS SEXUALES CON MENOR DE CATORCE AÑOS. ART. 209 C.P.,CALI,San Marino,07,-76.487573,3.460575,DOMICILIO,2025,julio     ,30,7/30/2025,4,16:37,DENUNCIA,Nivel 3
DELITOS SEXUALES,PORNOGRAFIA CON MENORES ART. 218 C.P.,CALI,La Sultana,20,-76.56512,3.421204,DOMICILIO,2025,julio     ,31,7/31/2025,5,00:00,DENUNCIA,Nivel 3
DELITOS SEXUALES,ACTO SEXUAL VIOLENTO. ART. 206 C.P.,CALI,Granada,02,-76.535354,3.462327,LUGAR DE TRABAJO,2025,julio     ,31,7/31/2025,5,12:50,DENUNCIA,Nivel 3
DELITOS SEXUALES,ACCESO CARNAL ABUSIVO CON MENOR DE CATORCE AÑOS. ART. 208 C.P.,CALI,La Sultana,20,-76.565706,3.42301,DOMICILIO,2025,julio     ,31,7/31/2025,5,13:00,DENUNCIA,Nivel 3
DELITOS SEXUALES,ACCESO CARNAL ABUSIVO CON MENOR DE CATORCE AÑOS. ART. 208 C.P.,CALI,Alfonso Bonilla Aragón,14,-76.47876,3.418142,DOMICILIO,2025,agosto    ,1,8/1/2025,6,10:00,DENUNCIA,Nivel 3
DELITOS SEXUALES,ACCESO CARNAL ABUSIVO CON MENOR DE CATORCE AÑOS. ART. 208 C.P.,CALI,San Nicolás,03,-76.518781,3.452981,SIN INFORMACION,2025,agosto    ,1,8/1/2025,6,06:00,DENUNCIA,Nivel 3
DELITOS SEXUALES,ACTO SEXUAL VIOLENTO. ART. 206 C.P.,CALI,Terrón Colorado,01,-76.561649,3.452797,LUGAR DE TRABAJO,2025,agosto    ,1,8/1/2025,6,11:35,DENUNCIA,Nivel 3
DELITOS SEXUALES,ACTOS SEXUALES CON MENOR DE CATORCE AÑOS. ART. 209 C.P.,CALI,El Poblado I,13,-76.496665,3.417767,DOMICILIO,2025,agosto    ,1,8/1/2025,6,20:00,DENUNCIA,Nivel 3
DELITOS SEXUALES,ACCESO CARNAL ABUSIVO CON MENOR DE CATORCE AÑOS. ART. 208 C.P.,CALI,San Pedro,03,-76.533131,3.449924,DOMICILIO,2025,agosto    ,1,8/1/2025,6,10:00,DENUNCIA,Nivel 3
DELITOS SEXUALES,ACOSO SEXUAL ART. 210A C.P.  ADICIONADO LEY 1257 DE 2008,CALI,Ciudad Universitaria,17,-76.535826,3.370744,DOMICILIO,2025,agosto    ,1,8/1/2025,6,13:48,DENUNCIA,Nivel 3
DELITOS SEXUALES,ACCESO CARNAL VIOLENTO. ART. 205 C.P.,CALI,Nueva Floresta,12,-76.500091,3.442658,DOMICILIO,2025,agosto    ,1,8/1/2025,6,13:58,DENUNCIA,Nivel 3
DELITOS SEXUALES,"ADIC.L.679/2001,ART.34.UTILIZAC.O FACILITAC.MEDIOS DE COMUNICAC.PARA OFRECER SERV.SEXUALES DE MENORES",CALI,Terrón Colorado,01,-76.563244,3.451501,DOMICILIO,2025,agosto    ,1,8/1/2025,6,20:30,DENUNCIA,Nivel 3
DELITOS SEXUALES,ACOSO SEXUAL ART. 210A C.P.  ADICIONADO LEY 1257 DE 2008,CALI,Los Robles,13,-76.496065,3.42325,DOMICILIO,2025,agosto    ,1,8/1/2025,6,12:20,DENUNCIA,Nivel 3
DELITOS SEXUALES,ACCESO CARNAL VIOLENTO. ART. 205 C.P.,CALI,Manuela Beltrán,14,-76.477044,3.417199,DOMICILIO,2025,agosto    ,1,8/1/2025,6,02:00,DENUNCIA,Nivel 3
DELITOS SEXUALES,ACCESO CARNAL ABUSIVO CON MENOR DE CATORCE AÑOS. ART. 208 C.P.,CALI,Los Robles,13,-76.493924,3.422295,DOMICILIO,2025,agosto    ,2,8/2/2025,7,08:26,DENUNCIA,Nivel 3
DELITOS SEXUALES,ACTOS SEXUALES CON MENOR DE CATORCE AÑOS. ART. 209 C.P.,CALI,Zonamérica,81,-76.522306,3.321957,DOMICILIO,2025,agosto    ,2,8/2/2025,7,14:05,DENUNCIA,Nivel 3
DELITOS SEXUALES,ACCESO CARNAL ABUSIVO CON MENOR DE CATORCE AÑOS. ART. 208 C.P.,CALI,Caney,17,-76.51837,3.38628,DOMICILIO,2025,agosto    ,2,8/2/2025,7,10:00,DENUNCIA,Nivel 3
DELITOS SEXUALES,ACCESO CARNAL ABUSIVO CON MENOR DE CATORCE AÑOS. ART. 208 C.P.,CALI,El Jordán,18,-76.552535,3.373138,DOMICILIO,2025,agosto    ,2,8/2/2025,7,10:20,DENUNCIA,Nivel 3
DELITOS SEXUALES,ACTOS SEXUALES CON MENOR DE CATORCE AÑOS. ART. 209 C.P.,CALI,Sector Patio Bonito,01,-76.585113,3.460213,DOMICILIO,2025,agosto    ,3,8/3/2025,1,08:17,DENUNCIA,Nivel 3
DELITOS SEXUALES,ACTOS SEXUALES CON MENOR DE CATORCE AÑOS. ART. 209 C.P.,CALI,Alfonso Lopez P. 3a Etapa,07,-76.485797,3.452571,DOMICILIO,2025,agosto    ,3,8/3/2025,1,16:51,DENUNCIA,Nivel 3
DELITOS SEXUALES,ACCESO CARNAL ABUSIVO CON MENOR DE CATORCE AÑOS. ART. 208 C.P.,CALI,Puerto Mallarino,07,-76.477852,3.450104,DOMICILIO,2025,agosto    ,3,8/3/2025,1,15:06,DENUNCIA,Nivel 3
DELITOS SEXUALES,ACCESO CARNAL VIOLENTO. ART. 205 C.P.,CALI,Caney,17,-76.51556,3.380602,DOMICILIO,2025,agosto    ,3,8/3/2025,1,06:00,DENUNCIA,Nivel 3
DELITOS SEXUALES,ACTOS SEXUALES CON MENOR DE CATORCE AÑOS. ART. 209 C.P.,CALI,El Lido,19,-76.551682,3.418849,DOMICILIO,2025,agosto    ,3,8/3/2025,1,16:48,DENUNCIA,Nivel 3
DELITOS SEXUALES,ACTOS SEXUALES CON MENOR DE CATORCE AÑOS. ART. 209 C.P.,CALI,Los Parques Barranquilla,05,-76.494021,3.47518,DOMICILIO,2025,agosto    ,3,8/3/2025,1,14:55,DENUNCIA,Nivel 3
DELITOS SEXUALES,ACCESO CARNAL VIOLENTO. ART. 205 C.P. ,CALI,La Isla,04,-76.51324,3.474539,DOMICILIO,2025,agosto    ,3,8/3/2025,1,08:11,DENUNCIA,Nivel 3
DELITOS SEXUALES,ACCESO CARNAL VIOLENTO. ART. 205 C.P.,CALI,Brisas de Mayo,20,-76.566263,3.419799,DOMICILIO,2025,agosto    ,3,8/3/2025,1,19:00,DENUNCIA,Nivel 3
DELITOS SEXUALES,ACCESO CARNAL ABUSIVO CON MENOR DE CATORCE AÑOS. ART. 208 C.P.,CALI,Los Pinos,07,-76.486274,3.456544,DOMICILIO,2025,agosto    ,3,8/3/2025,1,14:47,DENUNCIA,Nivel 3
DELITOS SEXUALES,ACOSO SEXUAL ART. 210A C.P.  ADICIONADO LEY 1257 DE 2008,CALI,Potrero Grande,21,-76.470559,3.40634,SIN INFORMACION,2025,agosto    ,4,8/4/2025,2,15:00,DENUNCIA,Nivel 3
DELITOS SEXUALES,ACTOS SEXUALES CON MENOR DE CATORCE AÑOS. ART. 209 C.P.,CALI,San Fernando Nuevo,19,-76.543765,3.427246,ESTABLECIMIENTO EDUCATIVO,2025,agosto    ,4,8/4/2025,2,15:00,DENUNCIA,Nivel 3
DELITOS SEXUALES,ACCESO CARNAL ABUSIVO CON MENOR DE CATORCE AÑOS. ART. 208 C.P.,CALI,Tejares - Cristales,19,-76.546874,3.438569,DOMICILIO,2025,agosto    ,4,8/4/2025,2,00:00,DENUNCIA,Nivel 3
DELITOS SEXUALES,ACCESO CARNAL ABUSIVO CON MENOR DE CATORCE AÑOS. ART. 208 C.P.,CALI,San Pedro,03,-76.533131,3.449924,DOMICILIO,2025,agosto    ,4,8/4/2025,2,13:59,DENUNCIA,Nivel 3
DELITOS SEXUALES,ACTOS SEXUALES CON MENOR DE CATORCE AÑOS. ART. 209 C.P.,CALI,Saavedra Galindo,08,-76.5127,3.440812,DOMICILIO,2025,agosto    ,4,8/4/2025,2,12:36,DENUNCIA,Nivel 3
DELITOS SEXUALES,PORNOGRAFIA CON MENORES ART. 218 C.P.,CALI,Mariano Ramos,16,-76.520374,3.402057,ESTABLECIMIENTO EDUCATIVO,2025,agosto    ,4,8/4/2025,2,09:00,DENUNCIA,Nivel 3
DELITOS SEXUALES,ACCESO CARNAL ABUSIVO CON MENOR DE CATORCE AÑOS. ART. 208 C.P.,CALI,Sector Laguna del Pondaje,13,-76.485735,3.434213,DOMICILIO,2025,agosto    ,4,8/4/2025,2,10:00,DENUNCIA,Nivel 3
DELITOS SEXUALES,ACOSO SEXUAL ART. 210A C.P.  ADICIONADO LEY 1257 DE 2008,CALI,San Juan Bosco,03,-76.534732,3.441838,DOMICILIO,2025,agosto    ,4,8/4/2025,2,15:43,DENUNCIA,Nivel 3
DELITOS SEXUALES,ACTOS SEXUALES CON MENOR DE CATORCE AÑOS. ART. 209 C.P.,CALI,Urbanización Calimio,06,-76.483179,3.484544,DOMICILIO,2025,agosto    ,5,8/5/2025,3,16:57,DENUNCIA,Nivel 3
DELITOS SEXUALES,ACCESO CARNAL VIOLENTO. ART. 205 C.P.,CALI,Rural,Rural,-76.58977,3.34712,VIA PUBLICA,2025,agosto    ,5,8/5/2025,3,18:00,DENUNCIA,Nivel 3
DELITOS SEXUALES,ACCESO CARNAL VIOLENTO. ART. 205 C.P.,CALI,Lourdes,18,-76.555095,3.392265,DOMICILIO,2025,agosto    ,5,8/5/2025,3,16:31,DENUNCIA,Nivel 3
DELITOS SEXUALES,ACOSO SEXUAL ART. 210A C.P.  ADICIONADO LEY 1257 DE 2008,CALI,Las Orquídeas,14,-76.476572,3.415507,DOMICILIO,2025,agosto    ,6,8/6/2025,4,17:10,DENUNCIA,Nivel 3
DELITOS SEXUALES,ACCESO CARNAL ABUSIVO CON MENOR DE CATORCE AÑOS. ART. 208 C.P.,CALI,Alto Nápoles,18,-76.560609,3.3835,SIN INFORMACION,2025,agosto    ,6,8/6/2025,4,18:00,DENUNCIA,Nivel 3
DELITOS SEXUALES,ACCESO CARNAL VIOLENTO. ART. 205 C.P.,CALI,San Nicolás,03,-76.518781,3.452981,SIN INFORMACION,2025,agosto    ,6,8/6/2025,4,20:00,DENUNCIA,Nivel 3
DELITOS SEXUALES,ACTO SEXUAL VIOLENTO CON MENOR DE CATORCE AÑOS ART. 209 C.P. ,CALI,San Pedro,03,-76.533131,3.449924,DOMICILIO,2025,agosto    ,6,8/6/2025,4,14:36,DENUNCIA,Nivel 3
DELITOS SEXUALES,ACTO SEXUAL VIOLENTO CON MENOR DE CATORCE AÑOS ART. 209 C.P. ,CALI,San Judas Tadeo I,10,-76.525816,3.408358,DOMICILIO,2025,agosto    ,6,8/6/2025,4,15:06,DENUNCIA,Nivel 3
DELITOS SEXUALES,ACTOS SEXUALES CON MENOR DE CATORCE AÑOS. ART. 209 C.P.,CALI,El Rodeo,12,-76.505983,3.435861,DOMICILIO,2025,agosto    ,7,8/7/2025,5,09:02,DENUNCIA,Nivel 3
DELITOS SEXUALES,ACTOS SEXUALES CON MENOR DE CATORCE AÑOS. ART. 209 C.P.,CALI,Mariano Ramos,16,-76.514602,3.39907,VIA PUBLICA,2025,agosto    ,7,8/7/2025,5,14:36,DENUNCIA,Nivel 3
DELITOS SEXUALES,PORNOGRAFIA CON MENORES ART. 218 C.P.,CALI,Ciudad Córdoba,15,-76.515055,3.396768,LUGAR DE TRABAJO,2025,agosto    ,7,8/7/2025,5,15:24,DENUNCIA,Nivel 3
DELITOS SEXUALES,ACTOS SEXUALES CON MENOR DE CATORCE AÑOS. ART. 209 C.P.,CALI,Rural,Rural,-76.601815,3.371703,DOMICILIO,2025,agosto    ,7,8/7/2025,5,08:29,DENUNCIA,Nivel 3
DELITOS SEXUALES,"ADIC.L.679/2001,ART.34.UTILIZAC.O FACILITAC.MEDIOS DE COMUNICAC.PARA OFRECER SERV.SEXUALES DE MENORES",CALI,Ciudadela Floralia,06,-76.494074,3.499306,DOMICILIO,2025,agosto    ,8,8/8/2025,6,16:45,DENUNCIA,Nivel 3
DELITOS SEXUALES,ACTOS SEXUALES CON MENOR DE CATORCE AÑOS. ART. 209 C.P.,CALI,San Pedro,03,-76.533131,3.449924,DOMICILIO,2025,agosto    ,8,8/8/2025,6,14:26,DENUNCIA,Nivel 3
DELITOS SEXUALES,ACTOS SEXUALES CON MENOR DE CATORCE AÑOS. ART. 209 C.P.,CALI,Rodrigo Lara Bonilla,13,-76.488292,3.427364,DOMICILIO,2025,agosto    ,8,8/8/2025,6,14:00,DENUNCIA,Nivel 3
DELITOS SEXUALES,ACTOS SEXUALES CON MENOR DE CATORCE AÑOS. ART. 209 C.P.,CALI,Potrero Grande,21,-76.469364,3.410452,DOMICILIO,2025,agosto    ,8,8/8/2025,6,21:30,DENUNCIA,Nivel 3
DELITOS SEXUALES,ACCESO CARNAL VIOLENTO. ART. 205 C.P.,CALI,Cañaveralejo - Seguros Patria,19,-76.545473,3.404281,DOMICILIO,2025,agosto    ,9,8/9/2025,7,00:00,DENUNCIA,Nivel 3
DELITOS SEXUALES,ACCESO CARNAL O ACTO SEXUAL ABUSIVOS CON INCAPAZ DE RESISTIR. ART. 210 C.P.,CALI,Alameda,09,-76.535293,3.437606,HOTEL / HOSTAL,2025,agosto    ,9,8/9/2025,7,02:30,DENUNCIA,Nivel 3
DELITOS SEXUALES,ACTO SEXUAL VIOLENTO. ART. 206 C.P.,CALI,Vipasa,02,-76.517715,3.479587,DOMICILIO,2025,agosto    ,9,8/9/2025,7,16:00,DENUNCIA,Nivel 3
DELITOS SEXUALES,ACTO SEXUAL VIOLENTO. ART. 206 C.P.,CALI,Siete de Agosto,07,-76.486839,3.447566,DOMICILIO,2025,agosto    ,10,8/10/2025,1,05:00,DENUNCIA,Nivel 3
DELITOS SEXUALES,ACCESO CARNAL ABUSIVO CON MENOR DE CATORCE AÑOS. ART. 208 C.P.,CALI,El Poblado II,13,-76.489061,3.424085,VIA PUBLICA,2025,agosto    ,10,8/10/2025,1,02:29,DENUNCIA,Nivel 3
DELITOS SEXUALES,ACCESO CARNAL ABUSIVO CON MENOR DE CATORCE AÑOS. ART. 208 C.P.,CALI,Unión de Vivienda Popular,16,-76.509845,3.407287,DOMICILIO,2025,agosto    ,10,8/10/2025,1,07:00,DENUNCIA,Nivel 3
DELITOS SEXUALES,ACCESO CARNAL ABUSIVO CON MENOR DE CATORCE AÑOS. ART. 208 C.P.,CALI,Ciudad Córdoba,15,-76.512957,3.399735,DOMICILIO,2025,agosto    ,10,8/10/2025,1,00:00,DENUNCIA,Nivel 3
DELITOS SEXUALES,ACCESO CARNAL VIOLENTO. ART. 205 C.P.,CALI,Las Vegas,81,-76.510619,3.380538,DOMICILIO,2025,agosto    ,10,8/10/2025,1,22:00,DENUNCIA,Nivel 3
DELITOS SEXUALES,ACTOS SEXUALES CON MENOR DE CATORCE AÑOS. ART. 209 C.P.,CALI,San Pedro Claver,11,-76.50633,3.423873,DOMICILIO,2025,agosto    ,10,8/10/2025,1,23:00,DENUNCIA,Nivel 3
DELITOS SEXUALES,ACCESO CARNAL O ACTO SEXUAL ABUSIVOS CON INCAPAZ DE RESISTIR. ART. 210 C.P.,CALI,El Ingenio,17,-76.534126,3.384594,DOMICILIO,2025,agosto    ,10,8/10/2025,1,02:00,DENUNCIA,Nivel 3
DELITOS SEXUALES,ACTOS SEXUALES CON MENOR DE CATORCE AÑOS. ART. 209 C.P.,CALI,Sector Alto Jordán,18,-76.557262,3.379063,DOMICILIO,2025,agosto    ,10,8/10/2025,1,15:15,DENUNCIA,Nivel 3
DELITOS SEXUALES,ACCESO CARNAL O ACTO SEXUAL ABUSIVOS CON INCAPAZ DE RESISTIR. ART. 210 C.P.,CALI,San Antonio,03,-76.548131,3.443511,DOMICILIO,2025,agosto    ,11,8/11/2025,2,10:26,DENUNCIA,Nivel 3
DELITOS SEXUALES,"ADIC.L.679/2001,ART.34.UTILIZAC.O FACILITAC.MEDIOS DE COMUNICAC.PARA OFRECER SERV.SEXUALES DE MENORES",CALI,20 de Julio,11,-76.511928,3.435028,DOMICILIO,2025,agosto    ,11,8/11/2025,2,20:00,DENUNCIA,Nivel 3
DELITOS SEXUALES,ACCESO CARNAL ABUSIVO CON MENOR DE CATORCE AÑOS. ART. 208 C.P.,CALI,Los Lagos,13,-76.484746,3.42737,DOMICILIO,2025,agosto    ,11,8/11/2025,2,15:50,DENUNCIA,Nivel 3
DELITOS SEXUALES,PORNOGRAFIA CON MENORES ART. 218 C.P.,CALI,Ciudad Meléndez 2,81,-76.505875,3.369076,RED VIRTUAL O INTERNET,2025,agosto    ,11,8/11/2025,2,12:00,DENUNCIA,Nivel 3
DELITOS SEXUALES,ACCESO CARNAL VIOLENTO. ART. 205 C.P.,CALI,Santa Elena,10,-76.526587,3.431532,DOMICILIO,2025,agosto    ,11,8/11/2025,2,21:00,DENUNCIA,Nivel 3
DELITOS SEXUALES,ACCESO CARNAL ABUSIVO CON MENOR DE CATORCE AÑOS. ART. 208 C.P.,CALI,Prados del Sur,18,-76.554475,3.390162,SIN INFORMACION,2025,agosto    ,11,8/11/2025,2,13:00,DENUNCIA,Nivel 3
DELITOS SEXUALES,ACOSO SEXUAL ART. 210A C.P.  ADICIONADO LEY 1257 DE 2008,CALI,Urbanización Tequendama,19,-76.548055,3.419917,SIN INFORMACION,2025,agosto    ,11,8/11/2025,2,14:40,DENUNCIA,Nivel 3
DELITOS SEXUALES,ACTOS SEXUALES CON MENOR DE CATORCE AÑOS. ART. 209 C.P.,CALI,Los Comuneros II,13,-76.491063,3.425788,DOMICILIO,2025,agosto    ,11,8/11/2025,2,16:56,DENUNCIA,Nivel 3
DELITOS SEXUALES,ACCESO CARNAL ABUSIVO CON MENOR DE CATORCE AÑOS. ART. 208 C.P.,CALI,Prados del Norte,02,-76.522519,3.466679,DOMICILIO,2025,agosto    ,12,8/12/2025,3,13:43,DENUNCIA,Nivel 3
DELITOS SEXUALES,ACTOS SEXUALES CON MENOR DE CATORCE AÑOS. ART. 209 C.P.,CALI,Desepaz Invicali,21,-76.464727,3.420813,DOMICILIO,2025,agosto    ,12,8/12/2025,3,19:30,DENUNCIA,Nivel 3
DELITOS SEXUALES,ACTOS SEXUALES CON MENOR DE CATORCE AÑOS. ART. 209 C.P.,CALI,Sector Alto de los Chorros,18,-76.560451,3.394887,DOMICILIO,2025,agosto    ,12,8/12/2025,3,14:00,DENUNCIA,Nivel 3
DELITOS SEXUALES,ACTOS SEXUALES CON MENOR DE CATORCE AÑOS. ART. 209 C.P.,CALI,Departamental,10,-76.535255,3.413502,DOMICILIO,2025,agosto    ,12,8/12/2025,3,14:28,DENUNCIA,Nivel 3
DELITOS SEXUALES,ACOSO SEXUAL ART. 210A C.P.  ADICIONADO LEY 1257 DE 2008,CALI,Belalcázar,09,-76.519614,3.44327,DOMICILIO,2025,agosto    ,12,8/12/2025,3,08:44,DENUNCIA,Nivel 3
DELITOS SEXUALES,ACCESO CARNAL ABUSIVO CON MENOR DE CATORCE AÑOS. ART. 208 C.P.,CALI,Los Cámbulos,19,-76.54,3.42,SIN INFORMACION,2025,agosto    ,12,8/12/2025,3,16:47,DENUNCIA,Nivel 3
DELITOS SEXUALES,ACTO SEXUAL VIOLENTO. ART. 206 C.P.,CALI,Ciudad de Los Álamos,02,-76.507377,3.484701,DOMICILIO,2025,agosto    ,12,8/12/2025,3,13:30,DENUNCIA,Nivel 3
DELITOS SEXUALES,ACCESO CARNAL VIOLENTO. ART. 205 C.P.,CALI,El Rodeo,12,-76.505586,3.434794,DOMICILIO,2025,agosto    ,13,8/13/2025,4,10:10,DENUNCIA,Nivel 3
DELITOS SEXUALES,ACTO SEXUAL VIOLENTO. ART. 206 C.P.,CALI,Unicentro Cali,17,-76.540179,3.372948,VIA PUBLICA,2025,agosto    ,13,8/13/2025,4,09:37,DENUNCIA,Nivel 3
DELITOS SEXUALES,ACCESO CARNAL O ACTO SEXUAL EN PERSONA PUESTA EN INCAPACIDAD DE RESISTIR. ART. 207 C.P.,CALI,Rural,Rural,-76.589036,3.346349,VIA PUBLICA,2025,agosto    ,13,8/13/2025,4,14:15,DENUNCIA,Nivel 3
DELITOS SEXUALES,ACTOS SEXUALES CON MENOR DE CATORCE AÑOS. ART. 209 C.P.,CALI,San Pedro,03,-76.533131,3.449924,DOMICILIO,2025,agosto    ,14,8/14/2025,5,10:46,DENUNCIA,Nivel 3
DELITOS SEXUALES,ACCESO CARNAL ABUSIVO CON MENOR DE CATORCE AÑOS. ART. 208 C.P.,CALI,Alfonso Bonilla Aragón,14,-76.481366,3.42288,SIN INFORMACION,2025,agosto    ,14,8/14/2025,5,16:00,DENUNCIA,Nivel 3
DELITOS SEXUALES,ACCESO CARNAL VIOLENTO. ART. 205 C.P.,CALI,Alfonso Lopez P. 3a Etapa,07,-76.483136,3.453596,DOMICILIO,2025,agosto    ,14,8/14/2025,5,13:47,DENUNCIA,Nivel 3
DELITOS SEXUALES,ACTOS SEXUALES CON MENOR DE CATORCE AÑOS. ART. 209 C.P.,CALI,San Pedro,03,-76.533131,3.449924,VIA PUBLICA,2025,agosto    ,14,8/14/2025,5,14:15,DENUNCIA,Nivel 3
DELITOS SEXUALES,ACTOS SEXUALES CON MENOR DE CATORCE AÑOS. ART. 209 C.P.,CALI,San Nicolás,03,-76.518781,3.452981,SIN INFORMACION,2025,agosto    ,14,8/14/2025,5,05:00,DENUNCIA,Nivel 3
DELITOS SEXUALES,ACTOS SEXUALES CON MENOR DE CATORCE AÑOS. ART. 209 C.P.,CALI,Pizamos I,21,-76.47657,3.40345,VEHICULO TAXI,2025,agosto    ,14,8/14/2025,5,07:30,DENUNCIA,Nivel 3
DELITOS SEXUALES,ACOSO SEXUAL ART. 210A C.P.  ADICIONADO LEY 1257 DE 2008,CALI,La Base,08,-76.493488,3.452578,ENTIDAD PUBLICA / ESTATAL,2025,agosto    ,15,8/15/2025,6,16:51,DENUNCIA,Nivel 3
DELITOS SEXUALES,ACTO SEXUAL VIOLENTO. ART. 206 C.P.,CALI,Calimio Desepaz,21,-76.468006,3.414456,ESTABLECIMIENTO EDUCATIVO,2025,agosto    ,15,8/15/2025,6,10:00,DENUNCIA,Nivel 3
DELITOS SEXUALES,ACTO SEXUAL VIOLENTO. ART. 206 C.P.,CALI,Parcelaciones Pance,22,-76.532164,3.333411,DOMICILIO,2025,agosto    ,15,8/15/2025,6,18:00,DENUNCIA,Nivel 3
DELITOS SEXUALES,ACCESO CARNAL VIOLENTO. ART. 205 C.P.,CALI,Villa del Lago,13,-76.489582,3.43675,DOMICILIO,2025,agosto    ,15,8/15/2025,6,22:00,DENUNCIA,Nivel 3
DELITOS SEXUALES,ACTO SEXUAL VIOLENTO. ART. 206 C.P.,CALI,Desepaz Invicali,21,-76.463877,3.429226,ESTABLECIMIENTO EDUCATIVO,2025,agosto    ,15,8/15/2025,6,10:00,DENUNCIA,Nivel 3
DELITOS SEXUALES,ACCESO CARNAL ABUSIVO CON MENOR DE CATORCE AÑOS. ART. 208 C.P.,CALI,Ciudadela Floralia,06,-76.491937,3.498452,SIN INFORMACION,2025,agosto    ,15,8/15/2025,6,15:00,DENUNCIA,Nivel 3
DELITOS SEXUALES,ACTOS SEXUALES CON MENOR DE CATORCE AÑOS. ART. 209 C.P.,CALI,Bolivariano,04,-76.514265,3.466686,DOMICILIO,2025,agosto    ,15,8/15/2025,6,09:30,DENUNCIA,Nivel 3
DELITOS SEXUALES,ACOSO SEXUAL ART. 210A C.P.  ADICIONADO LEY 1257 DE 2008,CALI,Parcelaciones Pance,22,-76.527854,3.360367,ESTABLECIMIENTO EDUCATIVO,2025,agosto    ,15,8/15/2025,6,13:21,DENUNCIA,Nivel 3
DELITOS SEXUALES,ACOSO SEXUAL ART. 210A C.P.  ADICIONADO LEY 1257 DE 2008,CALI,Potrero Grande,21,-76.473347,3.409287,DOMICILIO,2025,agosto    ,16,8/16/2025,7,22:00,DENUNCIA,Nivel 3
DELITOS SEXUALES,PORNOGRAFIA CON MENORES ART. 218 C.P.,CALI,Terrón Colorado,01,-76.550154,3.453797,DOMICILIO,2025,agosto    ,16,8/16/2025,7,16:00,DENUNCIA,Nivel 3
DELITOS SEXUALES,ACTOS SEXUALES CON MENOR DE CATORCE AÑOS. ART. 209 C.P.,CALI,Rodrigo Lara Bonilla,13,-76.488272,3.427466,DOMICILIO,2025,agosto    ,16,8/16/2025,7,09:00,DENUNCIA,Nivel 3
DELITOS SEXUALES,ACTO SEXUAL VIOLENTO. ART. 206 C.P.,CALI,Los Comuneros I,15,-76.493822,3.413411,DOMICILIO,2025,agosto    ,16,8/16/2025,7,15:00,DENUNCIA,Nivel 3
DELITOS SEXUALES,ACCESO CARNAL ABUSIVO CON MENOR DE CATORCE AÑOS. ART. 208 C.P.,CALI,Aguablanca,11,-76.518334,3.431243,DOMICILIO,2025,agosto    ,16,8/16/2025,7,23:00,DENUNCIA,Nivel 3
DELITOS SEXUALES,ACCESO CARNAL VIOLENTO. ART. 205 C.P.,CALI,El Vallado,15,-76.497641,3.406521,DOMICILIO,2025,agosto    ,16,8/16/2025,7,09:00,DENUNCIA,Nivel 3
DELITOS SEXUALES,ACTOS SEXUALES CON MENOR DE CATORCE AÑOS. ART. 209 C.P.,CALI,José Manuel Marroquín II,14,-76.479384,3.431123,DOMICILIO,2025,agosto    ,16,8/16/2025,7,10:08,DENUNCIA,Nivel 3
DELITOS SEXUALES,ACTO SEXUAL VIOLENTO. ART. 206 C.P.,CALI,San Carlos,11,-76.515355,3.421458,DOMICILIO,2025,agosto    ,16,8/16/2025,7,14:56,DENUNCIA,Nivel 3
DELITOS SEXUALES,ACCESO CARNAL O ACTO SEXUAL ABUSIVOS CON INCAPAZ DE RESISTIR. ART. 210 C.P.,CALI,Ciudad de Los Álamos,02,-76.509535,3.489897,DOMICILIO,2025,agosto    ,17,8/17/2025,1,05:00,DENUNCIA,Nivel 3
DELITOS SEXUALES,ACOSO SEXUAL ART. 210A C.P.  ADICIONADO LEY 1257 DE 2008,CALI,Alfonso Bonilla Aragón,14,-76.483674,3.420261,DOMICILIO,2025,agosto    ,17,8/17/2025,1,11:19,DENUNCIA,Nivel 3
DELITOS SEXUALES,ACCESO CARNAL VIOLENTO. ART. 205 C.P.,CALI,Rural,Rural,-76.569774,3.413756,ESTABLECIMIENTO PUBLICO,2025,agosto    ,17,8/17/2025,1,05:00,DENUNCIA,Nivel 3
DELITOS SEXUALES,ACTOS SEXUALES CON MENOR DE CATORCE AÑOS. ART. 209 C.P.,CALI,Siete de Agosto,07,-76.48429,3.446724,DOMICILIO,2025,agosto    ,18,8/18/2025,2,17:25,DENUNCIA,Nivel 3
DELITOS SEXUALES,ACTO SEXUAL VIOLENTO CON MENOR DE CATORCE AÑOS ART. 209 C.P. ,CALI,Los Andes B - La Riviera,05,-76.495285,3.470178,DOMICILIO,2025,agosto    ,18,8/18/2025,2,19:25,DENUNCIA,Nivel 3
DELITOS SEXUALES,ACTOS SEXUALES CON MENOR DE CATORCE AÑOS. ART. 209 C.P.,CALI,San Pedro,03,-76.533131,3.449924,DOMICILIO,2025,agosto    ,19,8/19/2025,3,15:19,DENUNCIA,Nivel 3
DELITOS SEXUALES,ACCESO CARNAL ABUSIVO CON MENOR DE CATORCE AÑOS. ART. 208 C.P.,CALI,Simón Bolívar,08,-76.517443,3.440892,DOMICILIO,2025,agosto    ,19,8/19/2025,3,00:00,DENUNCIA,Nivel 3
DELITOS SEXUALES,PORNOGRAFIA CON MENORES ART. 218 C.P.,CALI,La Selva,10,-76.529545,3.410729,VEHICULO TAXI,2025,agosto    ,19,8/19/2025,3,15:00,DENUNCIA,Nivel 3
DELITOS SEXUALES,ACTOS SEXUALES CON MENOR DE CATORCE AÑOS. ART. 209 C.P.,CALI,Jorge Eliécer Gaitán,06,-76.48251,3.471258,DOMICILIO,2025,agosto    ,19,8/19/2025,3,21:00,DENUNCIA,Nivel 3
DELITOS SEXUALES,ACCESO CARNAL VIOLENTO. ART. 205 C.P.,CALI,El Poblado I,13,-76.497654,3.419378,DOMICILIO,2025,agosto    ,19,8/19/2025,3,03:00,DENUNCIA,Nivel 3
DELITOS SEXUALES,ACTOS SEXUALES CON MENOR DE CATORCE AÑOS. ART. 209 C.P.,CALI,Terrón Colorado,01,-76.557307,3.453956,ESTABLECIMIENTO EDUCATIVO,2025,agosto    ,19,8/19/2025,3,08:00,DENUNCIA,Nivel 3
DELITOS SEXUALES,ACCESO CARNAL ABUSIVO CON MENOR DE CATORCE AÑOS. ART. 208 C.P.,CALI,Rafael Uribe Uribe,08,-76.511391,3.440346,DOMICILIO,2025,agosto    ,19,8/19/2025,3,09:43,DENUNCIA,Nivel 3
DELITOS SEXUALES,ACCESO CARNAL ABUSIVO CON MENOR DE CATORCE AÑOS. ART. 208 C.P.,CALI,Los Lagos,13,-76.484746,3.42737,DOMICILIO,2025,agosto    ,20,8/20/2025,4,16:05,DENUNCIA,Nivel 3
DELITOS SEXUALES,ACTO SEXUAL VIOLENTO. ART. 206 C.P.,CALI,Valle Grande,21,-76.468741,3.438621,DOMICILIO,2025,agosto    ,20,8/20/2025,4,02:45,DENUNCIA,Nivel 3
DELITOS SEXUALES,ACTO SEXUAL VIOLENTO. ART. 206 C.P.,CALI,Caney,17,-76.515226,3.385082,DOMICILIO,2025,agosto    ,20,8/20/2025,4,10:17,DENUNCIA,Nivel 3
DELITOS SEXUALES,ACTOS SEXUALES CON MENOR DE CATORCE AÑOS. ART. 209 C.P.,CALI,Lleras Camargo,20,-76.561252,3.419537,VIA PUBLICA,2025,agosto    ,21,8/21/2025,5,17:55,DENUNCIA,Nivel 3
DELITOS SEXUALES,ACCESO CARNAL VIOLENTO. ART. 205 C.P.,CALI,Lili,17,-76.516669,3.364738,VIA PUBLICA,2025,agosto    ,21,8/21/2025,5,09:49,DENUNCIA,Nivel 3
DELITOS SEXUALES,ACOSO SEXUAL ART. 210A C.P.  ADICIONADO LEY 1257 DE 2008,CALI,Ciudadela del Rio - CVC,21,-76.466484,3.426825,SIN INFORMACION,2025,agosto    ,21,8/21/2025,5,15:00,DENUNCIA,Nivel 3
DELITOS SEXUALES,ACCESO CARNAL VIOLENTO. ART. 205 C.P.,CALI,San Pedro,03,-76.533131,3.449924,DOMICILIO,2025,agosto    ,21,8/21/2025,5,16:02,DENUNCIA,Nivel 3
DELITOS SEXUALES,ACOSO SEXUAL ART. 210A C.P.  ADICIONADO LEY 1257 DE 2008,CALI,Los Naranjos,14,-76.48212,3.432783,SIN INFORMACION,2025,agosto    ,21,8/21/2025,5,15:00,DENUNCIA,Nivel 3
DELITOS SEXUALES,ACCESO CARNAL VIOLENTO. ART. 205 C.P.,CALI,Los Guaduales,06,-76.498022,3.491383,DOMICILIO,2025,agosto    ,21,8/21/2025,5,14:53,DENUNCIA,Nivel 3
DELITOS SEXUALES,ACCESO CARNAL ABUSIVO CON MENOR DE CATORCE AÑOS. ART. 208 C.P.,CALI,El Vallado,15,-76.498194,3.404356,DOMICILIO,2025,agosto    ,21,8/21/2025,5,13:10,DENUNCIA,Nivel 3
DELITOS SEXUALES,ACTOS SEXUALES CON MENOR DE CATORCE AÑOS. ART. 209 C.P.,CALI,San Pedro,03,-76.533131,3.449924,DOMICILIO,2025,agosto    ,21,8/21/2025,5,13:17,DENUNCIA,Nivel 3
DELITOS SEXUALES,ACTO SEXUAL VIOLENTO CON MENOR DE CATORCE AÑOS ART. 209 C.P. ,CALI,Los Naranjos II,14,-76.478442,3.433002,SIN INFORMACION,2025,agosto    ,22,8/22/2025,6,10:34,DENUNCIA,Nivel 3
DELITOS SEXUALES,ACCESO CARNAL ABUSIVO CON MENOR DE CATORCE AÑOS. ART. 208 C.P.,CALI,León XIII,11,-76.508248,3.426597,SIN INFORMACION,2025,agosto    ,22,8/22/2025,6,15:00,DENUNCIA,Nivel 3
DELITOS SEXUALES,ACCESO CARNAL VIOLENTO. ART. 205 C.P.,CALI,Siloé,20,-76.556263,3.418632,DOMICILIO,2025,agosto    ,22,8/22/2025,6,04:00,DENUNCIA,Nivel 3
DELITOS SEXUALES,ACTOS SEXUALES CON MENOR DE CATORCE AÑOS. ART. 209 C.P.,CALI,Ciudad Córdoba,15,-76.508569,3.403788,DOMICILIO,2025,agosto    ,23,8/23/2025,7,19:00,DENUNCIA,Nivel 3
DELITOS SEXUALES,ACCESO CARNAL VIOLENTO. ART. 205 C.P.,CALI,Sector Alto Jordán,18,-76.557749,3.373362,DOMICILIO,2025,agosto    ,23,8/23/2025,7,23:00,DENUNCIA,Nivel 3
DELITOS SEXUALES,PORNOGRAFIA CON MENORES ART. 218 C.P.,CALI,La Esperanza,11,-76.519539,3.420938,DOMICILIO,2025,agosto    ,24,8/24/2025,1,19:00,DENUNCIA,Nivel 3
DELITOS SEXUALES,ACCESO CARNAL VIOLENTO. ART. 205 C.P.,CALI,Urbanización Rio Lili,22,-76.528182,3.36591,DOMICILIO,2025,agosto    ,24,8/24/2025,1,04:00,DENUNCIA,Nivel 3
DELITOS SEXUALES,ACTOS SEXUALES CON MENOR DE CATORCE AÑOS. ART. 209 C.P.,CALI,Meléndez,18,-76.545063,3.380393,ESTABLECIMIENTO EDUCATIVO,2025,agosto    ,24,8/24/2025,1,17:00,DENUNCIA,Nivel 3
DELITOS SEXUALES,ACCESO CARNAL VIOLENTO. ART. 205 C.P.,CALI,Alameda,09,-76.536051,3.438898,DOMICILIO,2025,agosto    ,25,8/25/2025,2,19:22,DENUNCIA,Nivel 3
DELITOS SEXUALES,ACCESO CARNAL ABUSIVO CON MENOR DE CATORCE AÑOS. ART. 208 C.P.,CALI,Lourdes,18,-76.555889,3.392662,DOMICILIO,2025,agosto    ,25,8/25/2025,2,09:26,DENUNCIA,Nivel 3
DELITOS SEXUALES,ACCESO CARNAL O ACTO SEXUAL ABUSIVOS CON INCAPAZ DE RESISTIR. ART. 210 C.P.,CALI,San Pedro,03,-76.533131,3.449924,OTRO,2025,agosto    ,25,8/25/2025,2,16:00,DENUNCIA,Nivel 3
DELITOS SEXUALES,ACOSO SEXUAL ART. 210A C.P.  ADICIONADO LEY 1257 DE 2008,CALI,Ciudad Córdoba,15,-76.506539,3.401141,SIN INFORMACION,2025,agosto    ,25,8/25/2025,2,15:00,DENUNCIA,Nivel 3
DELITOS SEXUALES,ACCESO CARNAL VIOLENTO. ART. 205 C.P.,CALI,Barrio Obrero,09,-76.520859,3.449037,DOMICILIO,2025,agosto    ,25,8/25/2025,2,02:00,DENUNCIA,Nivel 3
DELITOS SEXUALES,ACCESO CARNAL ABUSIVO CON MENOR DE CATORCE AÑOS. ART. 208 C.P.,CALI,Alfonso Bonilla Aragón,14,-76.481736,3.417939,DOMICILIO,2025,agosto    ,26,8/26/2025,3,00:00,DENUNCIA,Nivel 3
DELITOS SEXUALES,ACTOS SEXUALES CON MENOR DE CATORCE AÑOS. ART. 209 C.P.,CALI,Desepaz Invicali,21,-76.463558,3.428563,DOMICILIO,2025,agosto    ,26,8/26/2025,3,15:54,DENUNCIA,Nivel 3
DELITOS SEXUALES,ACTOS SEXUALES CON MENOR DE CATORCE AÑOS. ART. 209 C.P.,CALI,Ciudad Córdoba,15,-76.507917,3.404073,SIN INFORMACION,2025,agosto    ,26,8/26/2025,3,04:10,DENUNCIA,Nivel 3
DELITOS SEXUALES,ACCESO CARNAL ABUSIVO CON MENOR DE CATORCE AÑOS. ART. 208 C.P.,CALI,Los Cámbulos,19,-76.54,3.42,SIN INFORMACION,2025,agosto    ,26,8/26/2025,3,15:57,DENUNCIA,Nivel 3
DELITOS SEXUALES,ACTOS SEXUALES CON MENOR DE CATORCE AÑOS. ART. 209 C.P.,CALI,Potrero Grande,21,-76.470049,3.407671,VIA PUBLICA,2025,agosto    ,26,8/26/2025,3,22:30,DENUNCIA,Nivel 3
DELITOS SEXUALES,ACCESO CARNAL VIOLENTO. ART. 205 C.P.,CALI,Caney,17,-76.514407,3.388382,DOMICILIO,2025,agosto    ,26,8/26/2025,3,08:59,DENUNCIA,Nivel 3
DELITOS SEXUALES,ACCESO CARNAL VIOLENTO. ART. 205 C.P.,CALI,San Pedro,03,-76.533131,3.449924,DOMICILIO,2025,agosto    ,27,8/27/2025,4,14:13,DENUNCIA,Nivel 3
DELITOS SEXUALES,ACOSO SEXUAL ART. 210A C.P.  ADICIONADO LEY 1257 DE 2008,CALI,Aguablanca,11,-76.517355,3.433737,DOMICILIO,2025,agosto    ,27,8/27/2025,4,18:25,DENUNCIA,Nivel 3
DELITOS SEXUALES,ACTO SEXUAL VIOLENTO. ART. 206 C.P.,CALI,Versalles,02,-76.526997,3.460183,TRANSPORTE PUBLICO URBANO,2025,agosto    ,28,8/28/2025,5,18:00,DENUNCIA,Nivel 3
DELITOS SEXUALES,ACTO SEXUAL VIOLENTO. ART. 206 C.P.,CALI,Departamental,10,-76.536398,3.413543,ESTABLECIMIENTO EDUCATIVO,2025,agosto    ,28,8/28/2025,5,10:00,DENUNCIA,Nivel 3
DELITOS SEXUALES,ACCESO CARNAL VIOLENTO. ART. 205 C.P.,CALI,Omar Torrijos,13,-76.486084,3.423603,DOMICILIO,2025,agosto    ,28,8/28/2025,5,08:16,DENUNCIA,Nivel 3
DELITOS SEXUALES,ACCESO CARNAL VIOLENTO. ART. 205 C.P.,CALI,Calipso,13,-76.499227,3.425823,DOMICILIO,2025,agosto    ,28,8/28/2025,5,08:38,DENUNCIA,Nivel 3
DELITOS SEXUALES,ACTOS SEXUALES CON MENOR DE CATORCE AÑOS. ART. 209 C.P.,CALI,Alfonso Bonilla Aragón,14,-76.481811,3.421279,ESTABLECIMIENTO EDUCATIVO,2025,agosto    ,29,8/29/2025,6,16:10,DENUNCIA,Nivel 3
DELITOS SEXUALES,ACTO SEXUAL VIOLENTO. ART. 206 C.P.,CALI,Santa Fé,08,-76.505726,3.439123,DOMICILIO,2025,agosto    ,29,8/29/2025,6,03:00,DENUNCIA,Nivel 3
DELITOS SEXUALES,ACCESO CARNAL VIOLENTO. ART. 205 C.P.,CALI,Bochalema,81,-76.519417,3.356682,DOMICILIO,2025,agosto    ,30,8/30/2025,7,23:00,DENUNCIA,Nivel 3
DELITOS SEXUALES,ACTOS SEXUALES CON MENOR DE CATORCE AÑOS. ART. 209 C.P.,CALI,Rural,Rural,-76.497642,3.399499,DOMICILIO,2025,agosto    ,30,8/30/2025,7,11:00,DENUNCIA,Nivel 3
DELITOS SEXUALES,ACCESO CARNAL VIOLENTO. ART. 205 C.P.,CALI,San Fernando Viejo,19,-76.547922,3.433614,DOMICILIO,2025,agosto    ,30,8/30/2025,7,03:00,DENUNCIA,Nivel 3
DELITOS SEXUALES,ACCESO CARNAL VIOLENTO. ART. 205 C.P.,CALI,Sucre,09,-76.524646,3.44791,ESTABLECIMIENTO PUBLICO,2025,septiembre,1,9/1/2025,2,04:00,DENUNCIA,Nivel 3
DELITOS SEXUALES,ACOSO SEXUAL ART. 210A C.P.  ADICIONADO LEY 1257 DE 2008,CALI,Ciudadela Comfandi,17,-76.522799,3.384074,ESTABLECIMIENTO EDUCATIVO,2025,septiembre,1,9/1/2025,2,14:08,DENUNCIA,Nivel 3
DELITOS SEXUALES,ACTOS SEXUALES CON MENOR DE CATORCE AÑOS. ART. 209 C.P.,CALI,Villablanca,13,-76.49527,3.429782,DOMICILIO,2025,septiembre,1,9/1/2025,2,16:11,DENUNCIA,Nivel 3
DELITOS SEXUALES,ACTO SEXUAL VIOLENTO. ART. 206 C.P.,CALI,San Fernando Viejo,19,-76.547098,3.440108,VIA PUBLICA,2025,septiembre,1,9/1/2025,2,10:26,DENUNCIA,Nivel 3
DELITOS SEXUALES,ACTOS SEXUALES CON MENOR DE CATORCE AÑOS. ART. 209 C.P.,CALI,Alirio Mora Beltrán,14,-76.480411,3.436408,DOMICILIO,2025,septiembre,1,9/1/2025,2,15:40,DENUNCIA,Nivel 3
DELITOS SEXUALES,ACTOS SEXUALES CON MENOR DE CATORCE AÑOS. ART. 209 C.P.,CALI,Petecuy Primera Etapa,06,-76.479596,3.474432,DOMICILIO,2025,septiembre,1,9/1/2025,2,15:42,DENUNCIA,Nivel 3
DELITOS SEXUALES,ACCESO CARNAL VIOLENTO. ART. 205 C.P.,CALI,Jorge Eliécer Gaitán,06,-76.481543,3.467528,DOMICILIO,2025,septiembre,1,9/1/2025,2,10:50,DENUNCIA,Nivel 3
DELITOS SEXUALES,ACTOS SEXUALES CON MENOR DE CATORCE AÑOS. ART. 209 C.P.,CALI,Lourdes,18,-76.555942,3.390393,DOMICILIO,2025,septiembre,1,9/1/2025,2,16:00,DENUNCIA,Nivel 3
DELITOS SEXUALES,ACCESO CARNAL ABUSIVO CON MENOR DE CATORCE AÑOS. ART. 208 C.P.,CALI,Santa Rita,02,-76.550191,3.453687,DOMICILIO,2025,septiembre,2,9/2/2025,3,15:20,DENUNCIA,Nivel 3
DELITOS SEXUALES,ACTOS SEXUALES CON MENOR DE CATORCE AÑOS. ART. 209 C.P.,CALI,Pueblo Joven,20,-76.565128,3.415605,DOMICILIO,2025,septiembre,2,9/2/2025,3,10:05,DENUNCIA,Nivel 3
DELITOS SEXUALES,ACTOS SEXUALES CON MENOR DE CATORCE AÑOS. ART. 209 C.P.,CALI,Nueva Floresta,12,-76.499987,3.436342,DOMICILIO,2025,septiembre,2,9/2/2025,3,19:00,DENUNCIA,Nivel 3
DELITOS SEXUALES,ACCESO CARNAL VIOLENTO. ART. 205 C.P.,CALI,Nueva Tequendama,19,-76.544192,3.410472,DOMICILIO,2025,septiembre,2,9/2/2025,3,11:29,DENUNCIA,Nivel 3
DELITOS SEXUALES,ACCESO CARNAL VIOLENTO. ART. 205 C.P.,CALI,Parcelaciones Pance,22,-76.526189,3.336016,DOMICILIO,2025,septiembre,2,9/2/2025,3,14:00,DENUNCIA,Nivel 3
DELITOS SEXUALES,ACCESO CARNAL ABUSIVO CON MENOR DE CATORCE AÑOS. ART. 208 C.P.,CALI,Sector Alto de los Chorros,18,-76.559502,3.391952,DOMICILIO,2025,septiembre,2,9/2/2025,3,15:34,DENUNCIA,Nivel 3
DELITOS SEXUALES,PORNOGRAFIA CON MENORES ART. 218 C.P.,CALI,San Pedro,03,-76.533131,3.449924,DOMICILIO,2025,septiembre,2,9/2/2025,3,13:33,DENUNCIA,Nivel 3
DELITOS SEXUALES,ACCESO CARNAL VIOLENTO. ART. 205 C.P.,CALI,Cuarto de Legua - Guadalupe,19,-76.54806,3.408179,DOMICILIO,2025,septiembre,2,9/2/2025,3,13:02,DENUNCIA,Nivel 3
DELITOS SEXUALES,ACCESO CARNAL ABUSIVO CON MENOR DE CATORCE AÑOS. ART. 208 C.P.,CALI,Olaya Herrera,04,-76.508612,3.480474,DOMICILIO,2025,septiembre,3,9/3/2025,4,11:30,DENUNCIA,Nivel 3
DELITOS SEXUALES,ACTOS SEXUALES CON MENOR DE CATORCE AÑOS. ART. 209 C.P.,CALI,El Limonar,17,-76.528305,3.404882,DOMICILIO,2025,septiembre,3,9/3/2025,4,11:06,DENUNCIA,Nivel 3
DELITOS SEXUALES,PORNOGRAFIA CON MENORES ART. 218 C.P.,CALI,San Nicolás,03,-76.518781,3.452981,SIN INFORMACION,2025,septiembre,3,9/3/2025,4,22:02,DENUNCIA,Nivel 3
DELITOS SEXUALES,ACCESO CARNAL ABUSIVO CON MENOR DE CATORCE AÑOS. ART. 208 C.P.,CALI,San Pedro,03,-76.533131,3.449924,DOMICILIO,2025,septiembre,3,9/3/2025,4,16:04,DENUNCIA,Nivel 3
DELITOS SEXUALES,ACTOS SEXUALES CON MENOR DE CATORCE AÑOS. ART. 209 C.P.,CALI,San Pedro,03,-76.533131,3.449924,DOMICILIO,2025,septiembre,3,9/3/2025,4,13:40,DENUNCIA,Nivel 3
DELITOS SEXUALES,ACTOS SEXUALES CON MENOR DE CATORCE AÑOS. ART. 209 C.P.,CALI,Los Comuneros II,13,-76.492166,3.426067,DOMICILIO,2025,septiembre,3,9/3/2025,4,09:00,DENUNCIA,Nivel 3
DELITOS SEXUALES,ACTOS SEXUALES CON MENOR DE CATORCE AÑOS. ART. 209 C.P.,CALI,Departamental,10,-76.536398,3.413543,ESTABLECIMIENTO EDUCATIVO,2025,septiembre,3,9/3/2025,4,11:51,DENUNCIA,Nivel 3
DELITOS SEXUALES,ACTO SEXUAL VIOLENTO. ART. 206 C.P.,CALI,Bosques del Limonar,17,-76.535253,3.402441,VIA PUBLICA,2025,septiembre,4,9/4/2025,5,05:40,DENUNCIA,Nivel 3
DELITOS SEXUALES,ACCESO CARNAL ABUSIVO CON MENOR DE CATORCE AÑOS. ART. 208 C.P.,CALI,San Nicolás,03,-76.518781,3.452981,SIN INFORMACION,2025,septiembre,4,9/4/2025,5,18:36,DENUNCIA,Nivel 3
DELITOS SEXUALES,ACCESO CARNAL VIOLENTO. ART. 205 C.P.,CALI,Alfonso Lopez P. 2a Etapa,07,-76.482723,3.458757,DOMICILIO,2025,septiembre,4,9/4/2025,5,16:16,DENUNCIA,Nivel 3
DELITOS SEXUALES,ACTOS SEXUALES CON MENOR DE CATORCE AÑOS. ART. 209 C.P.,CALI,Ciudad Córdoba,15,-76.513521,3.394792,DOMICILIO,2025,septiembre,4,9/4/2025,5,15:05,DENUNCIA,Nivel 3
DELITOS SEXUALES,ACOSO SEXUAL ART. 210A C.P.  ADICIONADO LEY 1257 DE 2008,CALI,El Jardín,11,-76.51806,3.42555,ESTABLECIMIENTO EDUCATIVO,2025,septiembre,4,9/4/2025,5,10:18,DENUNCIA,Nivel 3
DELITOS SEXUALES,ACCESO CARNAL O ACTO SEXUAL ABUSIVOS CON INCAPAZ DE RESISTIR. ART. 210 C.P.,CALI,Urbanización Tequendama,19,-76.544296,3.418041,DOMICILIO,2025,septiembre,4,9/4/2025,5,15:26,DENUNCIA,Nivel 3
DELITOS SEXUALES,ACTO SEXUAL VIOLENTO. ART. 206 C.P.,CALI,Alfonso Lopez P. 1a Etapa,07,-76.48253,3.465366,ESTABLECIMIENTO DE SALUD,2025,septiembre,4,9/4/2025,5,13:57,DENUNCIA,Nivel 3
DELITOS SEXUALES,ACTOS SEXUALES CON MENOR DE CATORCE AÑOS. ART. 209 C.P.,CALI,Primavera,11,-76.508762,3.42164,DOMICILIO,2025,septiembre,5,9/5/2025,6,14:12,DENUNCIA,Nivel 3
DELITOS SEXUALES,ACCESO CARNAL ABUSIVO CON MENOR DE CATORCE AÑOS. ART. 208 C.P.,CALI,Versalles,02,-76.530344,3.460231,DOMICILIO,2025,septiembre,5,9/5/2025,6,15:18,DENUNCIA,Nivel 3
DELITOS SEXUALES,ACCESO CARNAL VIOLENTO. ART. 205 C.P.,CALI,León XIII,11,-76.509326,3.427745,DOMICILIO,2025,septiembre,5,9/5/2025,6,16:08,DENUNCIA,Nivel 3
DELITOS SEXUALES,ACTO SEXUAL VIOLENTO. ART. 206 C.P.,CALI,San Pedro,03,-76.533131,3.449924,DOMICILIO,2025,septiembre,5,9/5/2025,6,14:44,DENUNCIA,Nivel 3
DELITOS SEXUALES,ACOSO SEXUAL ART. 210A C.P.  ADICIONADO LEY 1257 DE 2008,CALI,Valle Grande,21,-76.471815,3.437536,SIN INFORMACION,2025,septiembre,5,9/5/2025,6,01:37,DENUNCIA,Nivel 3
DELITOS SEXUALES,ACCESO CARNAL VIOLENTO. ART. 205 C.P.,CALI,Los Alcázares,06,-76.491705,3.487219,DOMICILIO,2025,septiembre,5,9/5/2025,6,16:41,DENUNCIA,Nivel 3
DELITOS SEXUALES,ACCESO CARNAL VIOLENTO. ART. 205 C.P.,CALI,El Poblado II,13,-76.489583,3.422432,DOMICILIO,2025,septiembre,5,9/5/2025,6,21:00,DENUNCIA,Nivel 3
DELITOS SEXUALES,ACTOS SEXUALES CON MENOR DE CATORCE AÑOS. ART. 209 C.P.,CALI,El Jordán,18,-76.552119,3.378099,CERCA AL DOMICILIO,2025,septiembre,7,9/7/2025,1,15:01,DENUNCIA,Nivel 3
DELITOS SEXUALES,ACCESO CARNAL VIOLENTO. ART. 205 C.P.,CALI,Santa Mónica,02,-76.532395,3.46205,DOMICILIO,2025,septiembre,7,9/7/2025,1,04:30,DENUNCIA,Nivel 3
DELITOS SEXUALES,ACCESO CARNAL VIOLENTO. ART. 205 C.P.,CALI,El Limonar,17,-76.530327,3.406647,DOMICILIO,2025,septiembre,8,9/8/2025,2,09:56,DENUNCIA,Nivel 3
DELITOS SEXUALES,PROXENETISMO CON MENOR DE EDAD ART. 213A C.P.,CALI,Sector Alto Jordán,18,-76.554459,3.377855,SIN INFORMACION,2025,septiembre,8,9/8/2025,2,15:04,DENUNCIA,Nivel 3
DELITOS SEXUALES,ACCESO CARNAL VIOLENTO. ART. 205 C.P.,CALI,Brisas del Limonar,16,-76.521204,3.401278,DOMICILIO,2025,septiembre,8,9/8/2025,2,08:43,DENUNCIA,Nivel 3
DELITOS SEXUALES,ACTOS SEXUALES CON MENOR DE CATORCE AÑOS. ART. 209 C.P.,CALI,Alfonso Lopez P. 3a Etapa,07,-76.477394,3.453724,DOMICILIO,2025,septiembre,8,9/8/2025,2,16:28,DENUNCIA,Nivel 3
DELITOS SEXUALES,ACCESO CARNAL VIOLENTO. ART. 205 C.P.,CALI,León XIII,11,-76.509326,3.427745,DOMICILIO,2025,septiembre,8,9/8/2025,2,11:33,DENUNCIA,Nivel 3
DELITOS SEXUALES,ACTOS SEXUALES CON MENOR DE CATORCE AÑOS. ART. 209 C.P.,CALI,Ciudad Capri,17,-76.543627,3.389843,DOMICILIO,2025,septiembre,8,9/8/2025,2,10:28,DENUNCIA,Nivel 3
DELITOS SEXUALES,ACCESO CARNAL VIOLENTO. ART. 205 C.P.,CALI,San Pedro,03,-76.533131,3.449924,DOMICILIO,2025,septiembre,9,9/9/2025,3,13:51,DENUNCIA,Nivel 3
DELITOS SEXUALES,ACTOS SEXUALES CON MENOR DE CATORCE AÑOS. ART. 209 C.P.,CALI,Torres de Comfandi,05,-76.499165,3.475816,DOMICILIO,2025,septiembre,9,9/9/2025,3,14:13,DENUNCIA,Nivel 3
DELITOS SEXUALES,ACCESO CARNAL VIOLENTO. ART. 205 C.P.,CALI,El Ingenio,17,-76.529367,3.38506,DOMICILIO,2025,septiembre,9,9/9/2025,3,02:30,DENUNCIA,Nivel 3
DELITOS SEXUALES,ACTOS SEXUALES CON MENOR DE CATORCE AÑOS. ART. 209 C.P.,CALI,Promociones Populares B,14,-76.470353,3.426307,DOMICILIO,2025,septiembre,9,9/9/2025,3,07:44,DENUNCIA,Nivel 3
DELITOS SEXUALES,ACTOS SEXUALES CON MENOR DE CATORCE AÑOS. ART. 209 C.P.,CALI,Manuela Beltrán,14,-76.471319,3.421586,DOMICILIO,2025,septiembre,9,9/9/2025,3,16:14,DENUNCIA,Nivel 3
DELITOS SEXUALES,ACTOS SEXUALES CON MENOR DE CATORCE AÑOS. ART. 209 C.P.,CALI,San Pedro,03,-76.533131,3.449924,DOMICILIO,2025,septiembre,9,9/9/2025,3,09:45,DENUNCIA,Nivel 3
DELITOS SEXUALES,ACCESO CARNAL ABUSIVO CON MENOR DE CATORCE AÑOS. ART. 208 C.P.,CALI,Ciudadela Floralia,06,-76.492001,3.492462,DOMICILIO,2025,septiembre,9,9/9/2025,3,00:00,DENUNCIA,Nivel 3
DELITOS SEXUALES,ACTOS SEXUALES CON MENOR DE CATORCE AÑOS. ART. 209 C.P.,CALI,El Guabal,10,-76.531894,3.415589,DOMICILIO,2025,septiembre,10,9/10/2025,4,20:00,DENUNCIA,Nivel 3
DELITOS SEXUALES,ACTOS SEXUALES CON MENOR DE CATORCE AÑOS. ART. 209 C.P.,CALI,Alfonso Lopez P. 2a Etapa,07,-76.48033,3.461997,TRANSPORTE ESCOLAR PARTICULAR,2025,septiembre,10,9/10/2025,4,00:00,DENUNCIA,Nivel 3
DELITOS SEXUALES,ACTOS SEXUALES CON MENOR DE CATORCE AÑOS. ART. 209 C.P.,CALI,Sindical,12,-76.50086,3.429628,DOMICILIO,2025,septiembre,10,9/10/2025,4,16:25,DENUNCIA,Nivel 3
DELITOS SEXUALES,ACCESO CARNAL ABUSIVO CON MENOR DE CATORCE AÑOS. ART. 208 C.P.,CALI,Lleras Camargo,20,-76.562514,3.420701,DOMICILIO,2025,septiembre,10,9/10/2025,4,13:48,DENUNCIA,Nivel 3
DELITOS SEXUALES,ACCESO CARNAL ABUSIVO CON MENOR DE CATORCE AÑOS. ART. 208 C.P.,CALI,Alfonso Lopez P. 1a Etapa,07,-76.482513,3.465292,OTRO,2025,septiembre,10,9/10/2025,4,17:03,DENUNCIA,Nivel 3
DELITOS SEXUALES,ACCESO CARNAL ABUSIVO CON MENOR DE CATORCE AÑOS. ART. 208 C.P.,CALI,Ciudadela Floralia,06,-76.49212,3.499006,DOMICILIO,2025,septiembre,10,9/10/2025,4,10:00,DENUNCIA,Nivel 3
DELITOS SEXUALES,ACTOS SEXUALES CON MENOR DE CATORCE AÑOS. ART. 209 C.P.,CALI,Mojica,15,-76.484815,3.415841,DOMICILIO,2025,septiembre,10,9/10/2025,4,09:45,DENUNCIA,Nivel 3
DELITOS SEXUALES,ACTOS SEXUALES CON MENOR DE CATORCE AÑOS. ART. 209 C.P.,CALI,Atanasio Girardot,08,-76.508604,3.443783,DOMICILIO,2025,septiembre,10,9/10/2025,4,14:37,DENUNCIA,Nivel 3
DELITOS SEXUALES,PORNOGRAFIA CON MENORES ART. 218 C.P.,CALI,San Pedro,03,-76.533131,3.449924,EDIFICIO,2025,septiembre,11,9/11/2025,5,16:56,DENUNCIA,Nivel 3
DELITOS SEXUALES,ACCESO CARNAL ABUSIVO CON MENOR DE CATORCE AÑOS. ART. 208 C.P.,CALI,Los Comuneros II,13,-76.493098,3.425085,SIN INFORMACION,2025,septiembre,11,9/11/2025,5,13:27,DENUNCIA,Nivel 3
DELITOS SEXUALES,ACTO SEXUAL VIOLENTO. ART. 206 C.P.,CALI,Siloé,20,-76.552876,3.423854,ESTABLECIMIENTO DE SALUD,2025,septiembre,11,9/11/2025,5,15:00,DENUNCIA,Nivel 3
DELITOS SEXUALES,ACCESO CARNAL VIOLENTO. ART. 205 C.P.,CALI,El Limonar,17,-76.531491,3.399201,DOMICILIO,2025,septiembre,11,9/11/2025,5,10:30,DENUNCIA,Nivel 3
DELITOS SEXUALES,ACCESO CARNAL O ACTO SEXUAL ABUSIVOS CON INCAPAZ DE RESISTIR. ART. 210 C.P.,CALI,U. D. A. Galindo Plaza de Toros,19,-76.549414,3.409334,DOMICILIO,2025,septiembre,11,9/11/2025,5,10:07,DENUNCIA,Nivel 3
DELITOS SEXUALES,ACCESO CARNAL VIOLENTO. ART. 205 C.P.,CALI,Urbanización El Angel del Hogar,07,-76.481645,3.445775,DOMICILIO,2025,septiembre,11,9/11/2025,5,09:24,DENUNCIA,Nivel 3
DELITOS SEXUALES,PORNOGRAFIA CON MENORES ART. 218 C.P.,CALI,Urbanización Ciudad Jardín,22,-76.534393,3.366746,DOMICILIO,2025,septiembre,11,9/11/2025,5,13:45,DENUNCIA,Nivel 3
DELITOS SEXUALES,ACCESO CARNAL VIOLENTO. ART. 205 C.P.,CALI,San Juan Bosco,03,-76.536346,3.445482,DOMICILIO,2025,septiembre,11,9/11/2025,5,10:01,DENUNCIA,Nivel 3
DELITOS SEXUALES,ACCESO CARNAL ABUSIVO CON MENOR DE CATORCE AÑOS. ART. 208 C.P.,CALI,San Pedro,03,-76.533131,3.449924,DOMICILIO,2025,septiembre,11,9/11/2025,5,09:48,DENUNCIA,Nivel 3
DELITOS SEXUALES,ACCESO CARNAL ABUSIVO CON MENOR DE CATORCE AÑOS. ART. 208 C.P.,CALI,Pizamos II,21,-76.474567,3.404463,DOMICILIO,2025,septiembre,11,9/11/2025,5,10:43,DENUNCIA,Nivel 3
DELITOS SEXUALES,ACTOS SEXUALES CON MENOR DE CATORCE AÑOS. ART. 209 C.P.,CALI,Ciudad 2000,16,-76.519252,3.39431,DOMICILIO,2025,septiembre,11,9/11/2025,5,10:27,DENUNCIA,Nivel 3
DELITOS SEXUALES,ACCESO CARNAL ABUSIVO CON MENOR DE CATORCE AÑOS. ART. 208 C.P.,CALI,Los Lideres,21,-76.465186,3.418454,SIN INFORMACION,2025,septiembre,12,9/12/2025,6,07:15,DENUNCIA,Nivel 3
DELITOS SEXUALES,ACOSO SEXUAL ART. 210A C.P.  ADICIONADO LEY 1257 DE 2008,CALI,Ricardo Balcázar,13,-76.492685,3.434445,SIN INFORMACION,2025,septiembre,12,9/12/2025,6,13:30,DENUNCIA,Nivel 3
DELITOS SEXUALES,ACCESO CARNAL ABUSIVO CON MENOR DE CATORCE AÑOS. ART. 208 C.P.,CALI,Alfonso Lopez P. 1a Etapa,07,-76.478856,3.467035,DOMICILIO,2025,septiembre,12,9/12/2025,6,00:00,DENUNCIA,Nivel 3
DELITOS SEXUALES,ACTOS SEXUALES CON MENOR DE CATORCE AÑOS. ART. 209 C.P.,CALI,Villanueva,12,-76.510849,3.43389,DOMICILIO,2025,septiembre,12,9/12/2025,6,16:30,DENUNCIA,Nivel 3
DELITOS SEXUALES,ACTO SEXUAL VIOLENTO. ART. 206 C.P.,CALI,La Isla,04,-76.511385,3.475901,DOMICILIO,2025,septiembre,13,9/13/2025,7,17:24,DENUNCIA,Nivel 3
DELITOS SEXUALES,ACTO SEXUAL VIOLENTO CON MENOR DE CATORCE AÑOS ART. 209 C.P. ,CALI,Ciudadela Floralia,06,-76.495954,3.497773,DOMICILIO,2025,septiembre,13,9/13/2025,7,13:30,DENUNCIA,Nivel 3
DELITOS SEXUALES,ACTO SEXUAL VIOLENTO. ART. 206 C.P.,CALI,El Gran Limonar - Cataya,17,-76.54235,3.39825,ESTABLECIMIENTO DE COMERCIO,2025,septiembre,14,9/14/2025,1,02:00,DENUNCIA,Nivel 3
DELITOS SEXUALES,ACTOS SEXUALES CON MENOR DE CATORCE AÑOS. ART. 209 C.P.,CALI,Los Farallones,18,-76.552556,3.390824,SIN INFORMACION,2025,septiembre,14,9/14/2025,1,15:00,DENUNCIA,Nivel 3
DELITOS SEXUALES,ACCESO CARNAL VIOLENTO. ART. 205 C.P.,CALI,San Pedro,03,-76.533131,3.449924,DOMICILIO,2025,septiembre,14,9/14/2025,1,17:15,DENUNCIA,Nivel 3
DELITOS SEXUALES,ACTO SEXUAL VIOLENTO CON MENOR DE CATORCE AÑOS ART. 209 C.P. ,CALI,Mario Correa Rengifo,18,-76.557058,3.388161,DOMICILIO,2025,septiembre,14,9/14/2025,1,19:30,DENUNCIA,Nivel 3
DELITOS SEXUALES,ACTO SEXUAL VIOLENTO CON MENOR DE CATORCE AÑOS ART. 209 C.P. ,CALI,Bretaña,09,-76.531481,3.43844,DOMICILIO,2025,septiembre,14,9/14/2025,1,12:10,DENUNCIA,Nivel 3
DELITOS SEXUALES,ACTO SEXUAL VIOLENTO. ART. 206 C.P.,CALI,Bretaña,09,-76.531379,3.439815,DOMICILIO,2025,septiembre,14,9/14/2025,1,16:51,DENUNCIA,Nivel 3
DELITOS SEXUALES,ACOSO SEXUAL ART. 210A C.P.  ADICIONADO LEY 1257 DE 2008,CALI,República de Israel,16,-76.514532,3.408723,ESTABLECIMIENTO EDUCATIVO,2025,septiembre,15,9/15/2025,2,15:40,DENUNCIA,Nivel 3
DELITOS SEXUALES,ACTO SEXUAL VIOLENTO. ART. 206 C.P.,CALI,José Manuel Marroquín II,14,-76.483688,3.435737,DOMICILIO,2025,septiembre,15,9/15/2025,2,08:56,DENUNCIA,Nivel 3
DELITOS SEXUALES,ACOSO SEXUAL ART. 210A C.P.  ADICIONADO LEY 1257 DE 2008,CALI,San Pedro,03,-76.533131,3.449924,ESTABLECIMIENTO PUBLICO,2025,septiembre,15,9/15/2025,2,16:36,DENUNCIA,Nivel 3
DELITOS SEXUALES,ACCESO CARNAL ABUSIVO CON MENOR DE CATORCE AÑOS. ART. 208 C.P.,CALI,Alirio Mora Beltrán,14,-76.478177,3.434386,DOMICILIO,2025,septiembre,15,9/15/2025,2,09:50,DENUNCIA,Nivel 3
DELITOS SEXUALES,ACTOS SEXUALES CON MENOR DE CATORCE AÑOS. ART. 209 C.P.,CALI,San Judas Tadeo I,10,-76.526583,3.407119,DOMICILIO,2025,septiembre,16,9/16/2025,3,10:11,DENUNCIA,Nivel 3
DELITOS SEXUALES,ACTOS SEXUALES CON MENOR DE CATORCE AÑOS. ART. 209 C.P.,CALI,San Pedro,03,-76.533131,3.449924,DOMICILIO,2025,septiembre,17,9/17/2025,4,14:49,DENUNCIA,Nivel 3
DELITOS SEXUALES,ACOSO SEXUAL ART. 210A C.P.  ADICIONADO LEY 1257 DE 2008,CALI,Vipasa,02,-76.515806,3.482402,DOMICILIO,2025,septiembre,17,9/17/2025,4,16:14,DENUNCIA,Nivel 3
DELITOS SEXUALES,ACTO SEXUAL VIOLENTO. ART. 206 C.P.,CALI,Urbanización Tequendama,19,-76.54673,3.421765,ESTABLECIMIENTO DE SALUD,2025,septiembre,17,9/17/2025,4,15:59,DENUNCIA,Nivel 3
DELITOS SEXUALES,ACTOS SEXUALES CON MENOR DE CATORCE AÑOS. ART. 209 C.P.,CALI,Calipso,13,-76.50084,3.42428,DOMICILIO,2025,septiembre,18,9/18/2025,5,11:14,DENUNCIA,Nivel 3
DELITOS SEXUALES,ACCESO CARNAL ABUSIVO CON MENOR DE CATORCE AÑOS. ART. 208 C.P.,CALI,El Retiro,15,-76.497433,3.409769,DOMICILIO,2025,septiembre,19,9/19/2025,6,13:11,DENUNCIA,Nivel 3
DELITOS SEXUALES,ACCESO CARNAL VIOLENTO. ART. 205 C.P.,CALI,El Gran Limonar - Cataya,17,-76.53911,3.39748,ESTABLECIMIENTO PUBLICO,2025,septiembre,19,9/19/2025,6,16:49,DENUNCIA,Nivel 3
DELITOS SEXUALES,ACCESO CARNAL VIOLENTO. ART. 205 C.P.,CALI,Rural,Rural,-76.563669,3.377731,OTRO,2025,septiembre,19,9/19/2025,6,06:00,DENUNCIA,Nivel 3
DELITOS SEXUALES,PORNOGRAFIA CON MENORES ART. 218 C.P.,CALI,San Carlos,11,-76.512611,3.423097,DOMICILIO,2025,septiembre,21,9/21/2025,1,00:30,DENUNCIA,Nivel 3
DELITOS SEXUALES,ACTO SEXUAL VIOLENTO. ART. 206 C.P.,CALI,La Cascada,19,-76.555624,3.399935,DOMICILIO,2025,septiembre,21,9/21/2025,1,22:15,DENUNCIA,Nivel 3
DELITOS SEXUALES,ACCESO CARNAL VIOLENTO. ART. 205 C.P.,CALI,Vista Hermosa,01,-76.578686,3.455321,ESTABLECIMIENTO DE SALUD,2025,septiembre,22,9/22/2025,2,15:20,DENUNCIA,Nivel 3
DELITOS SEXUALES,ACCESO CARNAL O ACTO SEXUAL ABUSIVOS CON INCAPAZ DE RESISTIR. ART. 210 C.P.,CALI,Siete de Agosto,07,-76.488549,3.446628,DOMICILIO,2025,septiembre,23,9/23/2025,3,14:35,DENUNCIA,Nivel 3
DELITOS SEXUALES,ACTO SEXUAL VIOLENTO CON MENOR DE CATORCE AÑOS ART. 209 C.P. ,CALI,Mario Correa Rengifo,18,-76.556503,3.388783,DOMICILIO,2025,septiembre,23,9/23/2025,3,14:05,DENUNCIA,Nivel 3
DELITOS SEXUALES,PORNOGRAFIA CON MENORES ART. 218 C.P.,CALI,El Poblado II,13,-76.492175,3.418229,DOMICILIO,2025,septiembre,23,9/23/2025,3,08:42,DENUNCIA,Nivel 3
DELITOS SEXUALES,ACTOS SEXUALES CON MENOR DE CATORCE AÑOS. ART. 209 C.P.,CALI,El Vallado,15,-76.499626,3.403412,DOMICILIO,2025,septiembre,23,9/23/2025,3,09:40,DENUNCIA,Nivel 3
DELITOS SEXUALES,ACCESO CARNAL VIOLENTO. ART. 205 C.P.,CALI,San Pedro,03,-76.533131,3.449924,DOMICILIO,2025,septiembre,23,9/23/2025,3,16:20,DENUNCIA,Nivel 3
DELITOS SEXUALES,ACTOS SEXUALES CON MENOR DE CATORCE AÑOS. ART. 209 C.P.,CALI,San Pedro,03,-76.533131,3.449924,DOMICILIO,2025,septiembre,24,9/24/2025,4,13:17,DENUNCIA,Nivel 3
DELITOS SEXUALES,ACTO SEXUAL VIOLENTO CON MENOR DE CATORCE AÑOS ART. 209 C.P. ,CALI,Siloé,20,-76.55863,3.417467,DOMICILIO,2025,septiembre,24,9/24/2025,4,16:24,DENUNCIA,Nivel 3
DELITOS SEXUALES,ACOSO SEXUAL ART. 210A C.P.  ADICIONADO LEY 1257 DE 2008,CALI,La Flora,02,-76.522007,3.486941,ESTABLECIMIENTO EDUCATIVO,2025,septiembre,24,9/24/2025,4,10:13,DENUNCIA,Nivel 3
DELITOS SEXUALES,ACCESO CARNAL ABUSIVO CON MENOR DE CATORCE AÑOS. ART. 208 C.P.,CALI,León XIII,11,-76.509997,3.425522,AREA RURAL,2025,septiembre,24,9/24/2025,4,13:04,DENUNCIA,Nivel 3
DELITOS SEXUALES,ACTO SEXUAL VIOLENTO CON MENOR DE CATORCE AÑOS ART. 209 C.P. ,CALI,Cristóbal Colón,10,-76.525151,3.421335,SIN INFORMACION,2025,septiembre,24,9/24/2025,4,10:17,DENUNCIA,Nivel 3
DELITOS SEXUALES,ACTOS SEXUALES CON MENOR DE CATORCE AÑOS. ART. 209 C.P.,CALI,Ciudad Campestre,22,-76.539901,3.371092,DOMICILIO,2025,septiembre,24,9/24/2025,4,10:42,DENUNCIA,Nivel 3
DELITOS SEXUALES,ACCESO CARNAL VIOLENTO. ART. 205 C.P.,CALI,Ciudad Talanga,21,-76.466308,3.435738,DOMICILIO,2025,septiembre,25,9/25/2025,5,13:47,DENUNCIA,Nivel 3
DELITOS SEXUALES,ACCESO CARNAL VIOLENTO. ART. 205 C.P.,CALI,La Flora,02,-76.523177,3.479527,DOMICILIO,2025,septiembre,25,9/25/2025,5,15:33,DENUNCIA,Nivel 3
DELITOS SEXUALES,ACTO SEXUAL VIOLENTO CON MENOR DE CATORCE AÑOS ART. 209 C.P. ,CALI,Sector Meléndez,18,-76.543931,3.376127,DOMICILIO,2025,septiembre,25,9/25/2025,5,11:13,DENUNCIA,Nivel 3
DELITOS SEXUALES,ACOSO SEXUAL ART. 210A C.P.  ADICIONADO LEY 1257 DE 2008,CALI,José Manuel Marroquín I,14,-76.474819,3.421746,DOMICILIO,2025,septiembre,25,9/25/2025,5,09:50,DENUNCIA,Nivel 3
DELITOS SEXUALES,ACTOS SEXUALES CON MENOR DE CATORCE AÑOS. ART. 209 C.P.,CALI,Pizamos II,21,-76.474511,3.40738,DOMICILIO,2025,septiembre,26,9/26/2025,6,20:30,DENUNCIA,Nivel 3
DELITOS SEXUALES,ACTO SEXUAL VIOLENTO CON MENOR DE CATORCE AÑOS ART. 209 C.P. ,CALI,Caney,17,-76.515505,3.382951,DOMICILIO,2025,septiembre,26,9/26/2025,6,15:03,DENUNCIA,Nivel 3
DELITOS SEXUALES,ACTO SEXUAL VIOLENTO. ART. 206 C.P.,CALI,Sector Alto Jordán,18,-76.558342,3.378085,DOMICILIO,2025,septiembre,26,9/26/2025,6,14:31,DENUNCIA,Nivel 3
DELITOS SEXUALES,ACOSO SEXUAL ART. 210A C.P.  ADICIONADO LEY 1257 DE 2008,CALI,Rural,Rural,-76.56816,3.38081,ESTABLECIMIENTO EDUCATIVO,2025,septiembre,26,9/26/2025,6,16:47,DENUNCIA,Nivel 3
DELITOS SEXUALES,ACTOS SEXUALES CON MENOR DE CATORCE AÑOS. ART. 209 C.P.,CALI,Belén,20,-76.553368,3.426101,DOMICILIO,2025,septiembre,26,9/26/2025,6,14:26,DENUNCIA,Nivel 3
DELITOS SEXUALES,ACCESO CARNAL VIOLENTO. ART. 205 C.P. ,CALI,Alirio Mora Beltrán,14,-76.477941,3.436684,DOMICILIO,2025,septiembre,27,9/27/2025,7,14:26,DENUNCIA,Nivel 3
DELITOS SEXUALES,ACOSO SEXUAL ART. 210A C.P.  ADICIONADO LEY 1257 DE 2008,CALI,El Retiro,15,-76.49835,3.412253,DOMICILIO,2025,septiembre,28,9/28/2025,1,16:07,DENUNCIA,Nivel 3
DELITOS SEXUALES,ACCESO CARNAL VIOLENTO. ART. 205 C.P. ,CALI,Urbanización La Merced,02,-76.513864,3.481239,DOMICILIO,2025,septiembre,28,9/28/2025,1,10:48,DENUNCIA,Nivel 3
DELITOS SEXUALES,ACCESO CARNAL VIOLENTO. ART. 205 C.P. ,CALI,José Manuel Marroquín I,14,-76.481546,3.425977,DOMICILIO,2025,septiembre,28,9/28/2025,1,15:27,DENUNCIA,Nivel 3
DELITOS SEXUALES,ACTO SEXUAL VIOLENTO CON MENOR DE CATORCE AÑOS ART. 209 C.P. ,CALI,Los Lagos,13,-76.487334,3.430255,DOMICILIO,2025,septiembre,28,9/28/2025,1,08:44,DENUNCIA,Nivel 3
DELITOS SEXUALES,ACTOS SEXUALES CON MENOR DE CATORCE AÑOS. ART. 209 C.P.,CALI,Los Comuneros II,13,-76.495534,3.425218,DOMICILIO,2025,septiembre,29,9/29/2025,2,11:30,DENUNCIA,Nivel 3
DELITOS SEXUALES,ACOSO SEXUAL ART. 210A C.P.  ADICIONADO LEY 1257 DE 2008,CALI,Urbanización Nueva Granada,19,-76.551228,3.425138,DOMICILIO,2025,septiembre,29,9/29/2025,2,11:44,DENUNCIA,Nivel 3
DELITOS SEXUALES,ACCESO CARNAL ABUSIVO CON MENOR DE CATORCE AÑOS. ART. 208 C.P.,CALI,Lleras Camargo,20,-76.562058,3.419146,DOMICILIO,2025,septiembre,29,9/29/2025,2,12:02,DENUNCIA,Nivel 3
