NO,SEMANA,BARRIOPLANEACION,COM,TIPO_DE_ARMA,OCUPACION,SEXO,EDAD,HORAH,FECHAO,FECHAH,DIASEM,JORNADARH8,FH8,DIASANIO,ESTADO_CIVIL,ESCOLARIDAD,TIPO_VIOLENCIA,X,Y,FEMINICIDIOS,PROCEDIMIENTOFUERZAPUBLICA,POBLACION_LGBTQ,ESTRATOPLANEACION, NIVEL_SEVERIDAD
1,1,Petecuy Primera Etapa,6,ARMA DE FUEGO,ALBAÑIL,M,41,1:43:00,2023,1/1/2023,DOMINGO,00:00-02:59,MADRUGADA,1,UNION LIBRE,SECUNDARIA,DELINCUENCIA,-76.47917006,3.473876554,N,N,N,2,Nivel 4
2,1,Los Comuneros I,15,ARMA DE FUEGO,OFICIOS VARIOS,M,18,3:49:00,2023,1/1/2023,DOMINGO,03:00-05:59,MADRUGADA,1,SOLTERO,PRIMARIA,DELINCUENCIA,-76.49225801,3.409536928,N,N,N,2,Nivel 4
3,1,Promociones Populares B,14,ARMA DE FUEGO,COTERO,M,43,8:53:00,2023,1/1/2023,DOMINGO,06:00-08:59,MAÑANA,1,UNION LIBRE,PRIMARIA,CONVIVENCIA,-76.46916722,3.426883227,N,N,N,1,Nivel 4
4,1,José Manuel Marroquín I,14,ARMA DE FUEGO,OFICIOS VARIOS,M,20,11:02:00,2023,1/1/2023,DOMINGO,09:00-11:59,MAÑANA,1,SIN ESTABLECER,SIN ESTABLECER,DELINCUENCIA,-76.48030869,3.424533965,N,N,N,2,Nivel 4
5,1,José Manuel Marroquín I,14,ARMA DE FUEGO,ESTUDIANTE,M,16,11:02:00,2023,1/1/2023,DOMINGO,09:00-11:59,MAÑANA,1,SOLTERO,SECUNDARIA,DELINCUENCIA,-76.48030869,3.424533965,N,N,N,2,Nivel 4
6,1,Los Comuneros I,15,ARMA DE FUEGO,OFICIOS VARIOS,M,34,11:13:00,2023,1/1/2023,DOMINGO,09:00-11:59,MAÑANA,1,CASADO,SECUNDARIA,DELINCUENCIA,-76.49028833,3.411438944,N,N,N,2,Nivel 4
7,1,Lleras Camargo,20,CORTOPUNZANTE,OFICIOS VARIOS,M,23,16:32:00,2023,1/1/2023,DOMINGO,15:00-17:59,TARDE,1,SIN ESTABLECER,SIN ESTABLECER,DELINCUENCIA,-76.56360445,3.420084789,N,N,N,1,Nivel 4
8,1,Los Naranjos II,14,ARMA DE FUEGO,VENDEDOR AMBULANTE,M,23,21:30:00,2023,1/1/2023,DOMINGO,21:00-23:59,NOCHE,1,SOLTERO,SECUNDARIA,DELINCUENCIA,-76.47458544,3.433511374,N,N,N,1,Nivel 4
9,1,San Vicente,2,ARMA DE FUEGO,OFICIOS VARIOS,M,29,6:31:00,2023,1/2/2023,LUNES,06:00-08:59,MAÑANA,2,SIN ESTABLECER,SIN ESTABLECER,DELINCUENCIA,-76.52513631,3.461857187,N,N,N,4,Nivel 4
10,1,Ciudadela del Rio - CVC,21,ARMA DE FUEGO,OFICIOS VARIOS,M,20,13:02:00,2023,1/3/2023,MARTES,12:00-14:59,TARDE,3,SIN ESTABLECER,SIN ESTABLECER,DELINCUENCIA,-76.4662089,3.426179723,N,N,N,2,Nivel 4
11,1,Manuela Beltrán,14,CORTOPUNZANTE,COTERO,M,29,14:57:00,2023,1/3/2023,MARTES,12:00-14:59,TARDE,3,UNION LIBRE,SECUNDARIA,DELINCUENCIA,-76.47723225,3.417299042,N,N,N,1,Nivel 4
12,1,Los Lagos,13,CORTOPUNZANTE,ASEADORA,F,28,3:55:00,2023,1/5/2023,JUEVES,03:00-05:59,MADRUGADA,5,UNION LIBRE,SECUNDARIA,CONVIVENCIA,-76.48403175,3.428802414,S,N,N,2,Nivel 4
13,1,Sector Alto Jordán,18,ARMA DE FUEGO,ALBAÑIL,M,26,4:07:00,2023,1/5/2023,JUEVES,03:00-05:59,MADRUGADA,5,SOLTERO,SECUNDARIA,CONVIVENCIA,-76.56098669,3.378154152,N,N,N,1,Nivel 4
14,1,Sector Alto Jordán,18,ARMA DE FUEGO,OFICIOS VARIOS,M,28,21:39:00,2023,1/5/2023,JUEVES,21:00-23:59,NOCHE,5,UNION LIBRE,SECUNDARIA,CONVIVENCIA,-76.56016642,3.377567239,N,N,N,1,Nivel 4
15,1,Sector Laguna del Pondaje,13,ARMA DE FUEGO,ALBAÑIL,M,27,8:41:00,2023,1/6/2023,VIERNES,06:00-08:59,MAÑANA,6,SOLTERO,SECUNDARIA,DELINCUENCIA,-76.48422264,3.43623128,N,N,N,1,Nivel 4
16,1,Los Libertadores,3,ARMA DE FUEGO,INDIGENTE,M,35,18:13:00,2023,1/6/2023,VIERNES,18:00-20:59,NOCHE,6,SIN ESTABLECER,SIN ESTABLECER,DELINCUENCIA,-76.53728366,3.440286929,N,N,N,3,Nivel 4
17,1,El Guabal,10,ARMA DE FUEGO,GUARDA DE SEGURIDAD,M,40,21:19:00,2023,1/6/2023,VIERNES,21:00-23:59,NOCHE,6,UNION LIBRE,SECUNDARIA,DELINCUENCIA,-76.52531452,3.416176288,N,N,N,3,Nivel 4
18,1,Villa del Prado - El Guabito,5,OTRAS ARMAS,COMERCIANTE,F,61,17:04:00,2023,1/7/2023,SABADO,15:00-17:59,TARDE,7,SOLTERO,SECUNDARIA,DELINCUENCIA,-76.49570867,3.465169291,S,N,N,3,Nivel 4
19,1,Los Sauces,11,ARMA DE FUEGO,COMERCIANTE,M,49,21:32:00,2023,1/7/2023,SABADO,21:00-23:59,NOCHE,7,UNION LIBRE,SECUNDARIA,OTRO,-76.51064062,3.417335251,N,N,N,3,Nivel 4
20,1,Santa Elena,10,ARMA DE FUEGO,OFICIOS VARIOS,M,39,22:12:00,2023,1/7/2023,SABADO,21:00-23:59,NOCHE,7,SIN ESTABLECER,SIN ESTABLECER,DELINCUENCIA,-76.52053044,3.427199922,N,N,N,3,Nivel 4
21,2,El Morichal,15,ARMA DE FUEGO,VENDEDOR AMBULANTE,M,46,14:51:00,2023,1/8/2023,DOMINGO,12:00-14:59,TARDE,8,UNION LIBRE,PRIMARIA,DELINCUENCIA,-76.50707152,3.394995564,N,N,N,2,Nivel 4
22,2,El Vergel,13,ARMA DE FUEGO,OFICIOS VARIOS,M,23,14:53:00,2023,1/8/2023,DOMINGO,12:00-14:59,TARDE,8,UNION LIBRE,SECUNDARIA,CONVIVENCIA,-76.50147033,3.416458775,N,N,N,1,Nivel 4
23,2,Mojica,15,ARMA DE FUEGO,EMPLEADO,M,23,21:35:00,2023,1/8/2023,DOMINGO,21:00-23:59,NOCHE,8,SOLTERO,SECUNDARIA,DELINCUENCIA,-76.49027732,3.411981441,N,N,N,1,Nivel 4
24,2,La Floresta,8,CORTOPUNZANTE,OFICIOS VARIOS,M,30,1:04:00,2023,1/9/2023,LUNES,00:00-02:59,MADRUGADA,9,SIN ESTABLECER,SIN ESTABLECER,CONVIVENCIA,-76.51516978,3.445218025,N,N,N,3,Nivel 4
25,2,Mojica,15,ARMA DE FUEGO,OFICIOS VARIOS,M,34,19:00:00,2023,1/10/2023,MARTES,18:00-20:59,NOCHE,10,SOLTERO,SECUNDARIA,DELINCUENCIA,-76.48901179,3.412653656,N,N,N,1,Nivel 4
26,2,San Luís,6,CORTOPUNZANTE,ESTUDIANTE,M,16,22:41:00,2023,1/10/2023,MARTES,21:00-23:59,NOCHE,10,SOLTERO,SECUNDARIA,CONVIVENCIA,-76.48730189,3.479944125,N,N,N,2,Nivel 4
27,2,Santander,4,ARMA DE FUEGO,OFICIOS VARIOS,M,27,0:00:00,2023,1/11/2023,MIERCOLES,00:00-02:59,MADRUGADA,11,SIN ESTABLECER,SIN ESTABLECER,DELINCUENCIA,-76.52018888,3.461023355,N,N,N,2,Nivel 4
28,2,CGTO. EL HORMIGUERO,52,ARMA DE FUEGO,AGENTE DE POLICIA,M,23,2:56:00,2023,1/11/2023,MIERCOLES,00:00-02:59,MADRUGADA,11,SIN ESTABLECER,SIN ESTABLECER,OTRO,-76.48294324,3.313624249,N,N,N,2,Nivel 4
29,2,San Fernando Viejo,19,ARMA DE FUEGO,GUARDA DE SEGURIDAD,M,51,20:17:00,2023,1/11/2023,MIERCOLES,18:00-20:59,NOCHE,11,SIN ESTABLECER,SIN ESTABLECER,DELINCUENCIA,-76.54568975,3.441158757,N,N,N,5,Nivel 4
30,2,El Guabal,10,ARMA DE FUEGO,TAXISTA,M,41,20:55:00,2023,1/11/2023,MIERCOLES,18:00-20:59,NOCHE,11,UNION LIBRE,UNIVERSITARIO,DELINCUENCIA,-76.52693525,3.418016177,N,N,N,3,Nivel 4
31,2,Mojica,15,ARMA DE FUEGO,PELUQUERO,M,32,21:37:00,2023,1/12/2023,JUEVES,21:00-23:59,NOCHE,12,SIN ESTABLECER,SIN ESTABLECER,DELINCUENCIA,-76.4877535,3.418966095,N,N,N,1,Nivel 4
32,2,La Alianza,4,ARMA DE FUEGO,DESEMPLEADO,M,61,1:20:00,2023,1/13/2023,VIERNES,00:00-02:59,MADRUGADA,13,SEPARADO,SECUNDARIA,DELINCUENCIA,-76.50705769,3.470782333,N,N,N,3,Nivel 4
33,2,Urbanización La Nueva Base,8,CORTOPUNZANTE,SOLDADOR,M,29,7:43:00,2023,1/13/2023,VIERNES,06:00-08:59,MAÑANA,13,VIUDO,TECNOLOGO,DELINCUENCIA,-76.4892666,3.447849144,N,N,N,3,Nivel 4
34,2,Valle Grande,21,ARMA DE FUEGO,DESEMPLEADO,M,22,8:50:00,2023,1/13/2023,VIERNES,06:00-08:59,MAÑANA,13,SOLTERO,SECUNDARIA,DELINCUENCIA,-76.46981512,3.438160432,N,N,N,2,Nivel 4
35,2,Rodrigo Lara Bonilla,13,ARMA DE FUEGO,ALBAÑIL,M,56,12:05:00,2023,1/14/2023,SABADO,12:00-14:59,TARDE,14,UNION LIBRE,PRIMARIA,DELINCUENCIA,-76.48804611,3.428018675,N,N,N,2,Nivel 4
36,2,Sucre,9,CORTOPUNZANTE,INDIGENTE,M,31,12:20:00,2023,1/14/2023,SABADO,12:00-14:59,TARDE,14,SOLTERO,PRIMARIA,CONVIVENCIA,-76.52312314,3.44546299,N,N,N,1,Nivel 4
37,2,La Hacienda,17,ARMA DE FUEGO,PELUQUERO,M,22,18:02:00,2023,1/14/2023,SABADO,18:00-20:59,NOCHE,14,SIN ESTABLECER,SIN ESTABLECER,DELINCUENCIA,-76.53253306,3.395822183,N,N,N,5,Nivel 4
38,2,Lourdes,18,ARMA DE FUEGO,COMERCIANTE,M,26,21:46:00,2023,1/14/2023,SABADO,21:00-23:59,NOCHE,14,SOLTERO,SECUNDARIA,CONVIVENCIA,-76.55390819,3.390786514,N,N,N,2,Nivel 4
39,3,Villablanca,13,ARMA DE FUEGO,ALBAÑIL,M,27,0:59:00,2023,1/15/2023,DOMINGO,00:00-02:59,MADRUGADA,15,SIN ESTABLECER,SIN ESTABLECER,DELINCUENCIA,-76.49290256,3.430643964,N,N,N,2,Nivel 4
40,3,Potrero Grande,21,ARMA DE FUEGO,SIN DATO,M,16,1:55:00,2023,1/15/2023,DOMINGO,00:00-02:59,MADRUGADA,15,SIN ESTABLECER,SIN ESTABLECER,CONVIVENCIA,-76.47340583,3.409184695,N,N,N,2,Nivel 4
41,3,Nueva Floresta,12,ARMA DE FUEGO,SIN DATO,M,31,13:13:00,2023,1/15/2023,DOMINGO,12:00-14:59,TARDE,15,SOLTERO,SECUNDARIA,DELINCUENCIA,-76.49952436,3.442264617,N,N,N,3,Nivel 4
42,3,Mojica,15,ARMA DE FUEGO,ALBAÑIL,M,31,8:28:00,2023,1/16/2023,LUNES,06:00-08:59,MAÑANA,16,SOLTERO,SECUNDARIA,OTRO,-76.49096541,3.41031841,N,N,N,1,Nivel 4
43,3,Pizamos I,21,ARMA DE FUEGO,DESEMPLEADO,M,25,14:07:00,2023,1/16/2023,LUNES,12:00-14:59,TARDE,16,SIN ESTABLECER,SIN ESTABLECER,DELINCUENCIA,-76.47689738,3.403208126,N,N,N,1,Nivel 4
44,3,Aranjuez,9,ARMA DE FUEGO,OFICIOS VARIOS,M,34,15:11:00,2023,1/16/2023,LUNES,15:00-17:59,TARDE,16,SIN ESTABLECER,SIN ESTABLECER,DELINCUENCIA,-76.52439939,3.437108132,N,N,N,3,Nivel 4
45,3,Ciudad Córdoba,15,ARMA DE FUEGO,AGENTE DE POLICIA,M,33,18:23:00,2023,1/16/2023,LUNES,18:00-20:59,NOCHE,16,UNION LIBRE,SECUNDARIA,DELINCUENCIA,-76.50742948,3.399209902,N,N,N,3,Nivel 4
46,3,Antonio Nariño,16,ARMA DE FUEGO,OFICIOS VARIOS,M,27,21:39:00,2023,1/16/2023,LUNES,21:00-23:59,NOCHE,16,SIN ESTABLECER,SIN ESTABLECER,DELINCUENCIA,-76.50093565,3.411623297,N,N,N,2,Nivel 4
47,3,El Vallado,15,CORTOPUNZANTE,TAXISTA,M,22,3:39:00,2023,1/17/2023,MARTES,03:00-05:59,MADRUGADA,17,SOLTERO,TECNOLOGO,DELINCUENCIA,-76.49748701,3.40447517,N,N,N,2,Nivel 4
48,3,Alto Nápoles,18,ARMA DE FUEGO,RECICLADOR,M,19,5:51:00,2023,1/17/2023,MARTES,03:00-05:59,MADRUGADA,17,SOLTERO,SECUNDARIA,DELINCUENCIA,-76.56071427,3.385154045,N,N,N,1,Nivel 4
49,3,Yira Castro,13,ARMA DE FUEGO,OFICIOS VARIOS,F,40,20:07:00,2023,1/17/2023,MARTES,18:00-20:59,NOCHE,17,SIN ESTABLECER,SIN ESTABLECER,DELINCUENCIA,-76.49750099,3.427075658,N,N,N,2,Nivel 4
50,3,Lleras Camargo,20,ARMA DE FUEGO,OFICIOS VARIOS,M,26,22:35:00,2023,1/17/2023,MARTES,21:00-23:59,NOCHE,17,SIN ESTABLECER,SIN ESTABLECER,DELINCUENCIA,-76.56121689,3.419497196,N,N,N,1,Nivel 4
51,3,Industrial,8,CORTOPUNZANTE,INDIGENTE,M,29,3:00:00,2023,1/18/2023,MIERCOLES,03:00-05:59,MADRUGADA,18,SOLTERO,PRIMARIA,CONVIVENCIA,-76.51378533,3.453791127,N,N,N,2,Nivel 4
52,3,Sucre,9,CORTOPUNZANTE,VENDEDOR AMBULANTE,M,29,9:20:00,2023,1/18/2023,MIERCOLES,09:00-11:59,MAÑANA,18,SOLTERO,SECUNDARIA,CONVIVENCIA,-76.52486464,3.448148551,N,N,N,1,Nivel 4
53,3,CGTO. LA BUITRERA,54,ARMA DE FUEGO,ALBAÑIL,M,33,7:37:00,2023,1/19/2023,JUEVES,06:00-08:59,MAÑANA,19,SOLTERO,SECUNDARIA,DELINCUENCIA,-76.57359652,3.378679644,N,N,N,2,Nivel 4
54,3,Petecuy Segunda Etapa,6,CORTOPUNZANTE,AMA DE CASA,F,73,12:39:00,2023,1/19/2023,JUEVES,12:00-14:59,TARDE,19,VIUDO,PRIMARIA,CONVIVENCIA,-76.48104049,3.479281439,N,N,N,2,Nivel 4
55,3,Rafael Uribe Uribe,8,ARMA DE FUEGO,VENDEDOR AMBULANTE,F,23,17:33:00,2023,1/19/2023,JUEVES,15:00-17:59,TARDE,19,UNION LIBRE,TECNOLOGO,DELINCUENCIA,-76.51309879,3.436874817,N,N,N,2,Nivel 4
56,3,Sector Alto Jordán,18,ARMA DE FUEGO,ALBAÑIL,M,55,20:05:00,2023,1/19/2023,JUEVES,18:00-20:59,NOCHE,19,UNION LIBRE,PRIMARIA,DELINCUENCIA,-76.55937391,3.376944864,N,N,N,1,Nivel 4
57,3,Promociones Populares B,14,ARMA DE FUEGO,ALBAÑIL,M,37,12:14:00,2023,1/20/2023,VIERNES,12:00-14:59,TARDE,20,SOLTERO,PRIMARIA,DELINCUENCIA,-76.46875395,3.424546739,N,N,N,1,Nivel 4
58,3,Ciudad 2000,16,ARMA DE FUEGO,AGENTE DE POLICIA,M,29,19:34:00,2023,1/20/2023,VIERNES,18:00-20:59,NOCHE,20,SEPARADO,SECUNDARIA,DELINCUENCIA,-76.52123309,3.398961013,N,N,N,4,Nivel 4
59,3,Chiminangos II,5,ARMA DE FUEGO,OFICIOS VARIOS,M,19,23:08:00,2023,1/20/2023,VIERNES,21:00-23:59,NOCHE,20,SOLTERO,SECUNDARIA,DELINCUENCIA,-76.49178187,3.478011278,N,N,N,3,Nivel 4
60,3,Colseguros Andes,10,ARMA DE FUEGO,GALLERO,M,30,23:15:00,2023,1/20/2023,VIERNES,21:00-23:59,NOCHE,20,SOLTERO,SECUNDARIA,DELINCUENCIA,-76.53027187,3.427260419,N,N,N,4,Nivel 4
61,3,Rodrigo Lara Bonilla,13,ARMA DE FUEGO,OFICIOS VARIOS,M,28,16:24:00,2023,1/21/2023,SABADO,15:00-17:59,TARDE,21,SIN ESTABLECER,SIN ESTABLECER,DELINCUENCIA,-76.48917195,3.425376364,N,N,N,2,Nivel 4
62,4,Los Comuneros I,15,CORTOPUNZANTE,COMERCIANTE,M,35,12:00:00,2023,1/22/2023,DOMINGO,12:00-14:59,TARDE,22,UNION LIBRE,SECUNDARIA,DELINCUENCIA,-76.491165,3.408354,N,N,N,2,Nivel 4
63,4,Petecuy Primera Etapa,6,ARMA DE FUEGO,ALBAÑIL,M,27,17:07:00,2023,1/22/2023,DOMINGO,15:00-17:59,TARDE,22,SOLTERO,SECUNDARIA,DELINCUENCIA,-76.479669,3.472787,N,N,N,2,Nivel 4
64,4,El Retiro,15,ARMA DE FUEGO,OFICIOS VARIOS,M,20,22:00:00,2023,1/22/2023,DOMINGO,21:00-23:59,NOCHE,22,SIN ESTABLECER,SIN ESTABLECER,DELINCUENCIA,-76.497944,3.40807,N,N,N,1,Nivel 4
65,4,El Refugio,19,ARMA DE FUEGO,GUARDA DE SEGURIDAD,M,27,3:36:00,2023,1/23/2023,LUNES,03:00-05:59,MADRUGADA,23,SOLTERO,SECUNDARIA,DELINCUENCIA,-76.556542,3.398424,N,N,N,4,Nivel 4
66,4,Mojica,15,ARMA DE FUEGO,OFICIOS VARIOS,M,27,19:48:00,2023,1/23/2023,LUNES,18:00-20:59,NOCHE,23,SIN ESTABLECER,SIN ESTABLECER,DELINCUENCIA,-76.483932,3.413798,N,N,N,1,Nivel 4
67,4,Cañaverales - Los Samanes,17,ARMA DE FUEGO,OFICIOS VARIOS,M,31,20:00:00,2023,1/24/2023,MARTES,18:00-20:59,NOCHE,24,SIN ESTABLECER,SIN ESTABLECER,DELINCUENCIA,-76.522294,3.403485,N,N,N,3,Nivel 4
68,4,Brisas de Mayo,20,ARMA DE FUEGO,VENDEDOR AMBULANTE,M,74,16:55:00,2023,1/25/2023,MIERCOLES,15:00-17:59,TARDE,25,SIN ESTABLECER,SIN ESTABLECER,DELINCUENCIA,-76.563904,3.418062,N,N,N,1,Nivel 4
69,4,Brisas de Mayo,20,ARMA DE FUEGO,VENDEDOR AMBULANTE,M,71,16:55:00,2023,1/25/2023,MIERCOLES,15:00-17:59,TARDE,25,SIN ESTABLECER,SIN ESTABLECER,DELINCUENCIA,-76.563904,3.418062,N,N,N,1,Nivel 4
70,4,CGTO. PANCE,53,ARMA DE FUEGO,OFICIOS VARIOS,M,31,19:15:00,2023,1/25/2023,MIERCOLES,18:00-20:59,NOCHE,25,SOLTERO,SECUNDARIA,DELINCUENCIA,-76.527177,3.315163,N,N,N,2,Nivel 4
71,4,San Juan Bosco,3,ARMA DE FUEGO,INDIGENTE,M,22,22:49:00,2023,1/25/2023,MIERCOLES,21:00-23:59,NOCHE,25,SIN ESTABLECER,SIN ESTABLECER,DELINCUENCIA,-76.534788,3.445244,N,N,N,3,Nivel 4
72,4,Urbanización Calimio,6,CORTOPUNZANTE,AMA DE CASA,F,35,9:30:00,2023,1/26/2023,JUEVES,09:00-11:59,MAÑANA,26,SIN ESTABLECER,SIN ESTABLECER,CONVIVENCIA,-76.48528611,3.492151219,S,N,N,2,Nivel 4
73,4,CGTO. VILLA CARMELO,55,ARMA DE FUEGO,ALBAÑIL,M,48,15:25:00,2023,1/28/2023,SABADO,15:00-17:59,TARDE,28,SOLTERO,PRIMARIA,DELINCUENCIA,-76.610998,3.380126,N,N,N,2,Nivel 4
74,5,Barrio Obrero,9,ARMA DE FUEGO,MECANICO,M,28,3:03:00,2023,1/29/2023,DOMINGO,03:00-05:59,MADRUGADA,29,SOLTERO,PRIMARIA,CONVIVENCIA,-76.52302897,3.451510242,N,N,N,2,Nivel 4
75,5,Brisas de Mayo,20,ARMA DE FUEGO,DESEMPLEADO,M,32,12:42:00,2023,1/29/2023,DOMINGO,12:00-14:59,TARDE,29,SIN ESTABLECER,SIN ESTABLECER,DELINCUENCIA,-76.56372376,3.417636604,N,N,N,1,Nivel 4
76,5,José Manuel Marroquín I,14,CORTOPUNZANTE,ALBAÑIL,M,40,21:36:00,2023,1/29/2023,DOMINGO,21:00-23:59,NOCHE,29,UNION LIBRE,SECUNDARIA,CONVIVENCIA,-76.48195578,3.427341725,N,N,N,2,Nivel 4
77,5,Villablanca,13,ARMA DE FUEGO,VENDEDOR AMBULANTE,M,21,22:02:00,2023,1/29/2023,DOMINGO,21:00-23:59,NOCHE,29,SIN ESTABLECER,SIN ESTABLECER,DELINCUENCIA,-76.4930603,3.431057028,N,N,N,2,Nivel 4
78,5,Belén,20,ARMA DE FUEGO,ESTUDIANTE,M,17,23:15:00,2023,1/29/2023,DOMINGO,21:00-23:59,NOCHE,29,SIN ESTABLECER,SIN ESTABLECER,OTRO,-76.55323239,3.428191288,N,N,N,1,Nivel 4
79,5,El Poblado I,13,ARMA DE FUEGO,ESTUDIANTE,M,16,0:16:00,2023,1/30/2023,LUNES,00:00-02:59,MADRUGADA,30,SIN ESTABLECER,SIN ESTABLECER,DELINCUENCIA,-76.49798823,3.420198822,N,N,N,2,Nivel 4
80,5,Ciudad Córdoba,15,ARMA DE FUEGO,OFICIOS VARIOS,M,25,0:48:00,2023,1/30/2023,LUNES,00:00-02:59,MADRUGADA,30,SIN ESTABLECER,SIN ESTABLECER,DELINCUENCIA,-76.50598468,3.400642843,N,N,N,3,Nivel 4
81,5,Ciudad Córdoba,15,ARMA DE FUEGO,OFICIOS VARIOS,M,34,0:48:00,2023,1/30/2023,LUNES,00:00-02:59,MADRUGADA,30,SIN ESTABLECER,SIN ESTABLECER,DELINCUENCIA,-76.50598468,3.400642843,N,N,N,3,Nivel 4
82,5,Promociones Populares B,14,ARMA DE FUEGO,VENDEDOR AMBULANTE,M,25,19:30:00,2023,1/30/2023,LUNES,18:00-20:59,NOCHE,30,SIN ESTABLECER,SIN ESTABLECER,DELINCUENCIA,-76.47711435,3.42865245,N,N,N,1,Nivel 4
83,5,Ciudad Córdoba,15,ARMA DE FUEGO,OFICIOS VARIOS,M,26,19:19:00,2023,1/31/2023,MARTES,18:00-20:59,NOCHE,31,UNION LIBRE,SECUNDARIA,DELINCUENCIA,-76.50192386,3.405622878,N,N,N,3,Nivel 4
84,5,Guillermo Valencia,4,ARMA DE FUEGO,SIN DATO,M,17,20:48:00,2023,1/31/2023,MARTES,18:00-20:59,NOCHE,31,SOLTERO,PRIMARIA,DELINCUENCIA,-76.50967503,3.472016524,N,N,N,2,Nivel 4
85,5,Industrial,8,ARMA DE FUEGO,OFICIOS VARIOS,M,23,23:53:00,2023,1/31/2023,MARTES,21:00-23:59,NOCHE,31,SIN ESTABLECER,SIN ESTABLECER,DELINCUENCIA,-76.5144956,3.452969344,N,N,N,2,Nivel 4
86,5,El Cedro,19,ARMA DE FUEGO,COMERCIANTE,M,44,15:04:00,2023,2/1/2023,MIERCOLES,15:00-17:59,TARDE,32,SOLTERO,SECUNDARIA,DELINCUENCIA,-76.53689182,3.427823894,N,N,N,4,Nivel 4
87,5,Pueblo Joven,20,ARMA DE FUEGO,COMERCIANTE,M,38,16:10:00,2023,2/1/2023,MIERCOLES,15:00-17:59,TARDE,32,UNION LIBRE,PRIMARIA,DELINCUENCIA,-76.56544968,3.41642988,N,N,N,1,Nivel 4
88,5,Andalucía,81,CORTOPUNZANTE,TAXISTA,M,59,20:44:00,2023,2/1/2023,MIERCOLES,18:00-20:59,NOCHE,32,SEPARADO,PRIMARIA,DELINCUENCIA,-76.51477629,3.35092163,N,N,N,0,Nivel 4
89,5,El Morichal,15,ARMA DE FUEGO,LAVADOR DE VEHICULOS,M,18,21:41:00,2023,2/1/2023,MIERCOLES,21:00-23:59,NOCHE,32,SOLTERO,PRIMARIA,DELINCUENCIA,-76.50615213,3.394315169,N,N,N,2,Nivel 4
90,5,Cuarteles de Nápoles,18,ARMA DE FUEGO,SOLDADO,M,18,1:02:00,2023,2/2/2023,JUEVES,00:00-02:59,MADRUGADA,33,SOLTERO,SECUNDARIA,DELINCUENCIA,-76.54418079,3.382581033,N,N,N,2,Nivel 4
91,5,San Nicolás,3,CORTOPUNZANTE,OFICIOS VARIOS,M,57,5:56:00,2023,2/2/2023,JUEVES,03:00-05:59,MADRUGADA,33,SIN ESTABLECER,SIN ESTABLECER,OTRO,-76.52212654,3.458154286,N,N,N,2,Nivel 4
92,5,Ciudadela Floralia,6,ARMA DE FUEGO,MOTORISTA,M,54,20:40:00,2023,2/2/2023,JUEVES,18:00-20:59,NOCHE,33,UNION LIBRE,SECUNDARIA,DELINCUENCIA,-76.4925613,3.498205524,N,N,N,2,Nivel 4
93,5,Ciudadela Floralia,6,ARMA DE FUEGO,OFICIOS VARIOS,M,52,20:40:00,2023,2/2/2023,JUEVES,18:00-20:59,NOCHE,33,SOLTERO,PRIMARIA,DELINCUENCIA,-76.4925613,3.498205524,N,N,N,2,Nivel 4
94,5,Sindical,12,ARMA DE FUEGO,VENDEDOR,M,26,22:57:00,2023,2/2/2023,JUEVES,21:00-23:59,NOCHE,33,SOLTERO,SECUNDARIA,DELINCUENCIA,-76.50096687,3.429267981,N,N,N,3,Nivel 4
95,5,San Pascual,3,CORTOPUNZANTE,GUARDA DE SEGURIDAD,M,29,19:42:00,2023,2/3/2023,VIERNES,18:00-20:59,NOCHE,34,UNION LIBRE,SECUNDARIA,CONVIVENCIA,-76.52944218,3.44555146,N,N,N,1,Nivel 4
96,5,Asturias,12,ARMA DE FUEGO,EBANISTA,M,29,23:38:00,2023,2/3/2023,VIERNES,21:00-23:59,NOCHE,34,UNION LIBRE,SECUNDARIA,DELINCUENCIA,-76.50421763,3.436561801,N,N,N,2,Nivel 4
97,5,Jorge Eliécer Gaitán,6,ARMA DE FUEGO,OFICIOS VARIOS,F,32,2:47:00,2023,2/4/2023,SABADO,00:00-02:59,MADRUGADA,35,SIN ESTABLECER,SIN ESTABLECER,DELINCUENCIA,-76.48378794,3.477453678,N,N,N,2,Nivel 4
98,5,Santa Elena,10,ARMA DE FUEGO,COTERO,M,51,5:54:00,2023,2/4/2023,SABADO,03:00-05:59,MADRUGADA,35,SOLTERO,PRIMARIA,DELINCUENCIA,-76.52088803,3.429055781,N,N,N,3,Nivel 4
99,5,Santa Elena,10,ARMA DE FUEGO,BODEGUERO,M,39,5:54:00,2023,2/4/2023,SABADO,03:00-05:59,MADRUGADA,35,SOLTERO,SECUNDARIA,DELINCUENCIA,-76.52088803,3.429055781,N,N,N,3,Nivel 4
100,5,Petecuy Tercera Etapa,6,ARMA DE FUEGO,ESTUDIANTE,M,19,11:20:00,2023,2/4/2023,SABADO,09:00-11:59,MAÑANA,35,SOLTERO,UNIVERSITARIO,DELINCUENCIA,-76.47956897,3.478020217,N,N,N,2,Nivel 4
101,6,Santa Elena,10,ARMA DE FUEGO,OFICIOS VARIOS,M,26,9:40:00,2023,2/5/2023,DOMINGO,09:00-11:59,MAÑANA,36,UNION LIBRE,PRIMARIA,DELINCUENCIA,-76.52240362,3.429256815,N,N,N,3,Nivel 4
102,6,CGTO. LOS ANDES,56,ARMA DE FUEGO,GUARDA DE SEGURIDAD,F,25,3:30:00,2023,2/6/2023,LUNES,03:00-05:59,MADRUGADA,37,SIN ESTABLECER,SIN ESTABLECER,DELINCUENCIA,-76.56560602,3.436522376,N,N,N,2,Nivel 4
103,6,Unión de Vivienda Popular,16,ARMA DE FUEGO,OFICIOS VARIOS,M,37,8:30:00,2023,2/6/2023,LUNES,06:00-08:59,MAÑANA,37,SIN ESTABLECER,SIN ESTABLECER,DELINCUENCIA,-76.50582133,3.409070762,N,N,N,2,Nivel 4
104,6,Lourdes,18,ARMA DE FUEGO,MOTORATON,M,36,9:15:00,2023,2/6/2023,LUNES,09:00-11:59,MAÑANA,37,SIN ESTABLECER,SIN ESTABLECER,DELINCUENCIA,-76.55662341,3.391376868,N,N,N,2,Nivel 4
105,6,Planta de Tratamiento,21,ARMA DE FUEGO,SOLDADO,M,21,16:53:00,2023,2/6/2023,LUNES,15:00-17:59,TARDE,37,SIN ESTABLECER,SIN ESTABLECER,DELINCUENCIA,-76.48208594,3.44305911,N,N,N,1,Nivel 4
106,6,El Diamante,13,ARMA DE FUEGO,OFICIOS VARIOS,M,27,22:35:00,2023,2/6/2023,LUNES,21:00-23:59,NOCHE,37,SIN ESTABLECER,SIN ESTABLECER,DELINCUENCIA,-76.50616308,3.420878129,N,N,N,2,Nivel 4
107,6,La Floresta,8,ARMA DE FUEGO,INDIGENTE,M,29,8:30:00,2023,2/7/2023,MARTES,06:00-08:59,MAÑANA,38,SOLTERO,SIN ESTABLECER,CONVIVENCIA,-76.51411658,3.445096238,N,N,N,3,Nivel 4
108,6,Sector Meléndez,18,ARMA DE FUEGO,LAVADOR DE VEHICULOS,M,23,18:40:00,2023,2/7/2023,MARTES,18:00-20:59,NOCHE,38,SOLTERO,SECUNDARIA,DELINCUENCIA,-76.54823057,3.373548125,N,N,N,3,Nivel 4
109,6,El Retiro,15,ARMA DE FUEGO,SIN DATO,M,14,19:48:00,2023,2/7/2023,MARTES,18:00-20:59,NOCHE,38,SIN ESTABLECER,SIN ESTABLECER,DELINCUENCIA,-76.50102598,3.410568172,N,N,N,1,Nivel 4
110,6,El Hoyo,3,ARMA DE FUEGO,OFICIOS VARIOS,M,25,16:06:00,2023,2/8/2023,MIERCOLES,15:00-17:59,TARDE,39,SIN ESTABLECER,SIN ESTABLECER,DELINCUENCIA,-76.53044535,3.455795715,N,N,N,3,Nivel 4
111,6,El Ingenio,17,ARMA DE FUEGO,COMERCIANTE,M,46,19:20:00,2023,2/8/2023,MIERCOLES,18:00-20:59,NOCHE,39,SIN ESTABLECER,SIN ESTABLECER,DELINCUENCIA,-76.53606411,3.382817299,N,N,N,5,Nivel 4
112,6,San Pedro Claver,11,ARMA DE FUEGO,DESEMPLEADO,M,19,21:40:00,2023,2/8/2023,MIERCOLES,21:00-23:59,NOCHE,39,SOLTERO,SECUNDARIA,DELINCUENCIA,-76.50468585,3.426358159,N,N,N,2,Nivel 4
113,6,Sucre,9,CORTOPUNZANTE,INDIGENTE,M,23,0:05:00,2023,2/9/2023,JUEVES,00:00-02:59,MADRUGADA,40,SOLTERO,SECUNDARIA,DELINCUENCIA,-76.52177216,3.44394565,N,N,N,1,Nivel 4
114,6,Urbanización La Nueva Base,8,ARMA DE FUEGO,OFICIOS VARIOS,M,49,12:55:00,2023,2/9/2023,JUEVES,12:00-14:59,TARDE,40,SIN ESTABLECER,SIN ESTABLECER,DELINCUENCIA,-76.49125294,3.446309928,N,N,N,3,Nivel 4
115,6,Ciudad Talanga,21,ARMA DE FUEGO,COBRADOR,M,40,13:55:00,2023,2/9/2023,JUEVES,12:00-14:59,TARDE,40,SIN ESTABLECER,SIN ESTABLECER,DELINCUENCIA,-76.46309977,3.434891073,N,N,N,1,Nivel 4
116,6,Ciudad Córdoba,15,ARMA DE FUEGO,EMPLEADO,M,20,17:00:00,2023,2/10/2023,VIERNES,15:00-17:59,TARDE,41,SOLTERO,SECUNDARIA,OTRO,-76.50740401,3.401543794,N,N,N,3,Nivel 4
117,6,Industrial,8,CORTOPUNZANTE,ESTUDIANTE,F,17,23:50:00,2023,2/10/2023,VIERNES,21:00-23:59,NOCHE,41,SOLTERO,SECUNDARIA,OTRO,-76.51540684,3.45175467,N,N,N,2,Nivel 4
118,7,Lleras Camargo,20,ARMA DE FUEGO,ALBAÑIL,M,46,2:40:00,2023,2/12/2023,DOMINGO,00:00-02:59,MADRUGADA,43,SOLTERO,SECUNDARIA,DELINCUENCIA,-76.56169463,3.420460007,N,N,N,1,Nivel 4
119,7,Siloé,20,CORTOPUNZANTE,SOLDADOR,M,18,3:00:00,2023,2/12/2023,DOMINGO,03:00-05:59,MADRUGADA,43,SOLTERO,SECUNDARIA,DELINCUENCIA,-76.55675206,3.42138146,N,N,N,1,Nivel 4
120,7,Desepaz Invicali,21,CORTOPUNZANTE,MECANICO,M,22,4:15:00,2023,2/12/2023,DOMINGO,03:00-05:59,MADRUGADA,43,SOLTERO,SECUNDARIA,CONVIVENCIA,-76.46360299,3.423275214,N,N,N,1,Nivel 4
121,7,Polvorines,18,ARMA DE FUEGO,MOTORATON,M,19,17:30:00,2023,2/12/2023,DOMINGO,15:00-17:59,TARDE,43,SOLTERO,SECUNDARIA,DELINCUENCIA,-76.55899899,3.376599582,N,N,N,2,Nivel 4
122,7,Los Comuneros I,15,CORTOPUNZANTE,AMA DE CASA,F,25,20:20:00,2023,2/12/2023,DOMINGO,18:00-20:59,NOCHE,43,SOLTERO,SECUNDARIA,DELINCUENCIA,-76.49395758,3.40723106,N,N,N,2,Nivel 4
123,7,Los Comuneros I,15,CORTOPUNZANTE,OFICIOS VARIOS,M,33,5:10:00,2023,2/13/2023,LUNES,03:00-05:59,MADRUGADA,44,SOLTERO,PRIMARIA,DELINCUENCIA,-76.49147158,3.412161578,N,N,N,2,Nivel 4
124,7,La Floresta,8,ARMA DE FUEGO,VENDEDOR,M,28,17:38:00,2023,2/13/2023,LUNES,15:00-17:59,TARDE,44,UNION LIBRE,SECUNDARIA,DELINCUENCIA,-76.51099282,3.444335625,N,N,N,3,Nivel 4
125,7,Antonio Nariño,16,ARMA DE FUEGO,SIN DATO,M,15,20:00:00,2023,2/13/2023,LUNES,18:00-20:59,NOCHE,44,SIN ESTABLECER,SIN ESTABLECER,DELINCUENCIA,-76.50407463,3.410924162,N,N,N,2,Nivel 4
126,7,Alfonso Bonilla Aragón,14,CORTOPUNZANTE,DESEMPLEADO,M,27,6:34:00,2023,2/14/2023,MARTES,06:00-08:59,MAÑANA,45,SOLTERO,SECUNDARIA,CONVIVENCIA,-76.4803507,3.415604212,N,N,N,1,Nivel 4
127,7,Prados del Sur,18,ARMA DE FUEGO,OFICIOS VARIOS,M,28,9:15:00,2023,2/15/2023,MIERCOLES,09:00-11:59,MAÑANA,46,SOLTERO,PRIMARIA,DELINCUENCIA,-76.55621791,3.388011643,N,N,N,2,Nivel 4
128,7,Los Comuneros II,13,ARMA DE FUEGO,COMERCIANTE,M,42,13:30:00,2023,2/15/2023,MIERCOLES,12:00-14:59,TARDE,46,CASADO,SECUNDARIA,DELINCUENCIA,-76.49264516,3.42338363,N,N,N,2,Nivel 4
129,7,Petecuy Segunda Etapa,6,ARMA DE FUEGO,TAXISTA,M,37,11:30:00,2023,2/16/2023,JUEVES,09:00-11:59,MAÑANA,47,SOLTERO,PRIMARIA,CONVIVENCIA,-76.48178135,3.481629223,N,N,N,2,Nivel 4
130,7,Ciudadela Floralia,6,ARMA DE FUEGO,OFICIOS VARIOS,M,51,12:20:00,2023,2/16/2023,JUEVES,12:00-14:59,TARDE,47,SOLTERO,PRIMARIA,DELINCUENCIA,-76.4923577,3.499241184,N,N,N,2,Nivel 4
131,7,El Retiro,15,ARMA DE FUEGO,VENDEDOR AMBULANTE,M,32,16:00:00,2023,2/17/2023,VIERNES,15:00-17:59,TARDE,48,SOLTERO,SECUNDARIA,DELINCUENCIA,-76.50042327,3.411412375,N,N,N,1,Nivel 4
132,7,Antonio Nariño,16,ARMA DE FUEGO,OFICIOS VARIOS,M,19,20:30:00,2023,2/17/2023,VIERNES,18:00-20:59,NOCHE,48,SIN ESTABLECER,SIN ESTABLECER,DELINCUENCIA,-76.50329569,3.414226016,N,N,N,2,Nivel 4
133,7,Belalcázar,9,ARMA DE FUEGO,MOTORISTA,M,42,22:40:00,2023,2/17/2023,VIERNES,21:00-23:59,NOCHE,48,UNION LIBRE,SECUNDARIA,DELINCUENCIA,-76.52184564,3.441398316,N,N,N,3,Nivel 4
134,7,Alfonso Lopez P. 2a Etapa,7,CORTOPUNZANTE,EMPLEADO,M,23,4:42:00,2023,2/18/2023,SABADO,03:00-05:59,MADRUGADA,49,SOLTERO,SECUNDARIA,DELINCUENCIA,-76.48114449,3.458374332,N,N,N,3,Nivel 4
135,8,Mojica,15,CORTOPUNZANTE,SIN DATO,F,24,5:00:00,2023,2/19/2023,DOMINGO,03:00-05:59,MADRUGADA,50,SOLTERO,PRIMARIA,OTRO,-76.48930278,3.412413441,N,N,N,1,Nivel 4
136,8,José Manuel Marroquín II,14,ARMA DE FUEGO,OFICIOS VARIOS,M,27,7:30:00,2023,2/19/2023,DOMINGO,06:00-08:59,MAÑANA,50,SOLTERO,SECUNDARIA,CONVIVENCIA,-76.47944413,3.428191758,N,N,N,2,Nivel 4
137,8,Antonio Nariño,16,ARMA DE FUEGO,SIN DATO,M,34,9:45:00,2023,2/19/2023,DOMINGO,09:00-11:59,MAÑANA,50,SIN ESTABLECER,SIN ESTABLECER,OTRO,-76.50281375,3.411496566,N,N,N,2,Nivel 4
138,8,CGTO. LOS ANDES,56,CORTOPUNZANTE,SIN DATO,M,23,8:00:00,2023,2/20/2023,LUNES,06:00-08:59,MAÑANA,51,SIN ESTABLECER,SIN ESTABLECER,OTRO,-76.56914164,3.426339793,N,N,N,2,Nivel 4
139,8,Mojica,15,ARMA DE FUEGO,COMERCIANTE,M,32,20:00:00,2023,2/20/2023,LUNES,18:00-20:59,NOCHE,51,SOLTERO,SIN ESTABLECER,DELINCUENCIA,-76.4872047,3.418594703,N,N,N,1,Nivel 4
140,8,El Poblado I,13,ARMA DE FUEGO,OFICIOS VARIOS,M,52,23:55:00,2023,2/20/2023,LUNES,21:00-23:59,NOCHE,51,UNION LIBRE,SECUNDARIA,DELINCUENCIA,-76.49908485,3.418071248,N,N,N,2,Nivel 4
141,8,Manuela Beltrán,14,ARMA DE FUEGO,SIN DATO,M,29,1:45:00,2023,2/21/2023,MARTES,00:00-02:59,MADRUGADA,52,SIN ESTABLECER,SIN ESTABLECER,DELINCUENCIA,-76.47308418,3.424595806,N,N,N,1,Nivel 4
142,8,Promociones Populares B,14,CORTOPUNZANTE,OFICIOS VARIOS,M,39,22:50:00,2023,2/21/2023,MARTES,21:00-23:59,NOCHE,52,SOLTERO,SECUNDARIA,CONVIVENCIA,-76.47367918,3.42703031,N,N,N,1,Nivel 4
143,8,El Retiro,15,ARMA DE FUEGO,OBRERO,M,21,4:45:00,2023,2/22/2023,MIERCOLES,03:00-05:59,MADRUGADA,53,SIN ESTABLECER,SIN ESTABLECER,DELINCUENCIA,-76.49845073,3.409891625,N,N,N,1,Nivel 4
144,8,El Ingenio,17,ARMA DE FUEGO,EMPLEADOS PUBLICOS,F,48,6:05:00,2023,2/22/2023,MIERCOLES,06:00-08:59,MAÑANA,53,SIN ESTABLECER,SIN ESTABLECER,DELINCUENCIA,-76.53726403,3.380401593,N,N,S,5,Nivel 4
145,8,El Ingenio,17,ARMA DE FUEGO,EMPLEADOS PUBLICOS,F,58,6:05:00,2023,2/22/2023,MIERCOLES,06:00-08:59,MAÑANA,53,SIN ESTABLECER,SIN ESTABLECER,DELINCUENCIA,-76.53726403,3.380401593,N,N,N,5,Nivel 4
146,8,Siloé,20,ARMA DE FUEGO,ESTUDIANTE,M,23,10:45:00,2023,2/24/2023,VIERNES,09:00-11:59,MAÑANA,55,SOLTERO,SECUNDARIA,CONVIVENCIA,-76.55763406,3.418307684,N,N,N,1,Nivel 4
147,8,Los Comuneros II,13,ARMA DE FUEGO,ESTUDIANTE,F,31,13:50:00,2023,2/24/2023,VIERNES,12:00-14:59,TARDE,55,CASADO,UNIVERSITARIO,OTRO,-76.49120777,3.422482793,N,N,N,2,Nivel 4
148,8,Unidad Residencial Bueno Madrid,4,CORTOPUNZANTE,INDIGENTE,M,38,14:30:00,2023,2/24/2023,VIERNES,12:00-14:59,TARDE,55,SOLTERO,SECUNDARIA,CONVIVENCIA,-76.51643239,3.466957482,N,N,N,3,Nivel 4
149,8,Villamercedes I - Villa Luz - Las Garzas,21,ARMA DE FUEGO,OFICIOS VARIOS,M,48,21:55:00,2023,2/25/2023,SABADO,21:00-23:59,NOCHE,56,SOLTERO,PRIMARIA,DELINCUENCIA,-76.47702771,3.410600084,N,N,N,1,Nivel 4
150,8,Villamercedes I - Villa Luz - Las Garzas,21,ARMA DE FUEGO,SIN DATO,M,16,21:55:00,2023,2/25/2023,SABADO,21:00-23:59,NOCHE,56,SOLTERO,PRIMARIA,DELINCUENCIA,-76.47702771,3.410600084,N,N,N,1,Nivel 4
151,9,Potrero Grande,21,ARMA DE FUEGO,SIN DATO,M,18,0:10:00,2023,2/26/2023,DOMINGO,00:00-02:59,MADRUGADA,57,SIN ESTABLECER,SIN ESTABLECER,OTRO,-76.46969944,3.406256564,N,N,N,2,Nivel 4
152,9,Brisas de Mayo,20,ARMA DE FUEGO,OFICIOS VARIOS,M,27,3:30:00,2023,2/26/2023,DOMINGO,03:00-05:59,MADRUGADA,57,SOLTERO,SECUNDARIA,DELINCUENCIA,-76.56432154,3.417201027,N,N,N,1,Nivel 4
153,9,El Poblado II,13,ARMA DE FUEGO,OFICIOS VARIOS,M,34,4:30:00,2023,2/26/2023,DOMINGO,03:00-05:59,MADRUGADA,57,SOLTERO,PRIMARIA,CONVIVENCIA,-76.48682417,3.42144792,N,N,S,2,Nivel 4
154,9,San Nicolás,3,CORTOPUNZANTE,INDIGENTE,M,29,5:45:00,2023,2/26/2023,DOMINGO,03:00-05:59,MADRUGADA,57,SOLTERO,SECUNDARIA,CONVIVENCIA,-76.52639866,3.452193405,N,N,N,2,Nivel 4
155,9,José Manuel Marroquín I,14,OTRAS ARMAS,MOTORISTA,M,43,13:30:00,2023,2/26/2023,DOMINGO,12:00-14:59,TARDE,57,SIN ESTABLECER,SIN ESTABLECER,OTRO,-76.47751245,3.424968748,N,N,N,2,Nivel 4
156,9,Olaya Herrera,4,ARMA DE FUEGO,SIN DATO,M,35,13:36:00,2023,2/26/2023,DOMINGO,12:00-14:59,TARDE,57,SIN ESTABLECER,SIN ESTABLECER,DELINCUENCIA,-76.50844941,3.480445248,N,N,N,2,Nivel 4
157,9,Paso del Comercio,6,ARMA DE FUEGO,COMERCIANTE,M,31,22:07:00,2023,2/26/2023,DOMINGO,21:00-23:59,NOCHE,57,UNION LIBRE,SECUNDARIA,DELINCUENCIA,-76.49203594,3.491122838,N,N,N,2,Nivel 4
158,9,Aguacatal,1,ARMA DE FUEGO,SIN DATO,M,26,0:05:00,2023,2/27/2023,LUNES,00:00-02:59,MADRUGADA,58,SIN ESTABLECER,SIN ESTABLECER,DELINCUENCIA,-76.5609805,3.456606184,N,N,N,1,Nivel 4
159,9,Planta de Tratamiento,21,ARMA DE FUEGO,SIN DATO,M,15,12:40:00,2023,2/27/2023,LUNES,12:00-14:59,TARDE,58,SIN ESTABLECER,SIN ESTABLECER,DELINCUENCIA,-76.47980623,3.442740836,N,N,N,1,Nivel 4
160,9,José Manuel Marroquín I,14,ARMA DE FUEGO,SIN DATO,M,18,19:06:00,2023,2/27/2023,LUNES,18:00-20:59,NOCHE,58,SIN ESTABLECER,SIN ESTABLECER,DELINCUENCIA,-76.47999602,3.425622627,N,N,N,2,Nivel 4
161,9,Pizamos I,21,CORTOPUNZANTE,SIN DATO,M,37,21:06:00,2023,2/28/2023,MARTES,21:00-23:59,NOCHE,59,SIN ESTABLECER,SIN ESTABLECER,CONVIVENCIA,-76.47540607,3.403152007,N,N,N,1,Nivel 4
162,9,Lili,17,ARMA DE FUEGO,COMERCIANTE,M,27,22:28:00,2023,2/28/2023,MARTES,21:00-23:59,NOCHE,59,UNION LIBRE,SECUNDARIA,DELINCUENCIA,-76.52482027,3.366960624,N,N,N,4,Nivel 4
163,9,Caney,17,ARMA DE FUEGO,SIN DATO,M,45,11:45:00,2023,3/1/2023,MIERCOLES,09:00-11:59,MAÑANA,60,SIN ESTABLECER,SIN ESTABLECER,DELINCUENCIA,-76.52013694,3.383683654,N,N,N,4,Nivel 4
164,9,El Poblado I,13,ARMA DE FUEGO,ALBAÑIL,M,29,16:30:00,2023,3/2/2023,JUEVES,15:00-17:59,TARDE,61,SOLTERO,SECUNDARIA,DELINCUENCIA,-76.49737293,3.415876926,N,N,N,2,Nivel 4
165,9,San Pedro,3,CORTOPUNZANTE,OFICIOS VARIOS,M,46,3:05:00,2023,3/3/2023,VIERNES,03:00-05:59,MADRUGADA,62,UNION LIBRE,SECUNDARIA,CONVIVENCIA,-76.53174535,3.453598972,N,N,N,3,Nivel 4
166,9,Promociones Populares B,14,OTRAS ARMAS,COMERCIANTE,M,42,5:27:00,2023,3/3/2023,VIERNES,03:00-05:59,MADRUGADA,62,SOLTERO,SECUNDARIA,CONVIVENCIA,-76.4696646,3.428829527,N,N,N,1,Nivel 4
167,9,Prados del Sur,18,ARMA DE FUEGO,INDIGENTE,M,37,5:30:00,2023,3/4/2023,SABADO,03:00-05:59,MADRUGADA,63,SIN ESTABLECER,SIN ESTABLECER,CONVIVENCIA,-76.55639222,3.388923256,N,N,N,2,Nivel 4
168,9,Los Andes B - La Riviera,5,ARMA DE FUEGO,COMERCIANTE,M,36,15:05:00,2023,3/4/2023,SABADO,15:00-17:59,TARDE,63,UNION LIBRE,SECUNDARIA,DELINCUENCIA,-76.49846765,3.469104221,N,N,N,3,Nivel 4
169,9,Mariano Ramos,16,ARMA DE FUEGO,SIN DATO,M,32,21:20:00,2023,3/4/2023,SABADO,21:00-23:59,NOCHE,63,SIN ESTABLECER,SIN ESTABLECER,DELINCUENCIA,-76.51915156,3.404568136,N,N,N,2,Nivel 4
170,10,El Vergel,13,ARMA DE FUEGO,DESEMPLEADO,M,34,3:30:00,2023,3/6/2023,LUNES,03:00-05:59,MADRUGADA,65,SIN ESTABLECER,SIN ESTABLECER,DELINCUENCIA,-76.50178049,3.413001351,N,N,N,1,Nivel 4
171,10,Parcelaciones Pance,22,ARMA DE FUEGO,SIN DATO,M,66,15:30:00,2023,3/6/2023,LUNES,15:00-17:59,TARDE,65,SIN ESTABLECER,SIN ESTABLECER,DELINCUENCIA,-76.64917094,3.326814513,N,N,N,6,Nivel 4
172,10,Alto Nápoles,18,ARMA DE FUEGO,DESEMPLEADO,M,18,19:35:00,2023,3/6/2023,LUNES,18:00-20:59,NOCHE,65,SOLTERO,SIN ESTABLECER,DELINCUENCIA,-76.5601506,3.381554619,N,N,N,1,Nivel 4
173,10,Miraflores,19,CORTOPUNZANTE,EMPLEADO,M,27,11:20:00,2023,3/7/2023,MARTES,09:00-11:59,MAÑANA,66,SOLTERO,UNIVERSITARIO,DELINCUENCIA,-76.53961215,3.439445435,N,N,S,4,Nivel 4
174,10,Los Comuneros I,15,ARMA DE FUEGO,OFICIOS VARIOS,M,30,20:30:00,2023,3/7/2023,MARTES,18:00-20:59,NOCHE,66,SIN ESTABLECER,SIN ESTABLECER,DELINCUENCIA,-76.49271993,3.410050302,N,N,N,2,Nivel 4
175,10,Nueva Floresta,12,ARMA DE FUEGO,OFICIOS VARIOS,M,21,15:40:00,2023,3/9/2023,JUEVES,15:00-17:59,TARDE,68,UNION LIBRE,SECUNDARIA,DELINCUENCIA,-76.49836791,3.431287124,N,N,N,3,Nivel 4
176,10,San Pedro,3,CORTOPUNZANTE,SIN DATO,M,25,19:00:00,2023,3/9/2023,JUEVES,18:00-20:59,NOCHE,68,SIN ESTABLECER,SIN ESTABLECER,CONVIVENCIA,-76.53122552,3.455082074,N,N,N,3,Nivel 4
177,10,Pizamos II,21,ARMA DE FUEGO,OFICIOS VARIOS,M,26,20:00:00,2023,3/9/2023,JUEVES,18:00-20:59,NOCHE,68,UNION LIBRE,PRIMARIA,OTRO,-76.47236858,3.405025079,N,N,N,1,Nivel 4
178,10,Ciudad Meléndez 2,81,ARMA DE FUEGO,COMERCIANTE,M,42,14:49:00,2023,3/10/2023,VIERNES,12:00-14:59,TARDE,69,SOLTERO,SECUNDARIA,DELINCUENCIA,-76.50669272,3.368040435,N,N,N,0,Nivel 4
179,10,Sector Alto Jordán,18,ARMA DE FUEGO,COMERCIANTE,M,25,20:08:00,2023,3/10/2023,VIERNES,18:00-20:59,NOCHE,69,UNION LIBRE,PRIMARIA,DELINCUENCIA,-76.5607294,3.378551461,N,N,N,1,Nivel 4
180,10,Alfonso Bonilla Aragón,14,CORTOPUNZANTE,EMPLEADO,M,22,21:10:00,2023,3/10/2023,VIERNES,21:00-23:59,NOCHE,69,SOLTERO,SECUNDARIA,DELINCUENCIA,-76.48195685,3.415776478,N,N,N,1,Nivel 4
181,10,Puerta del Sol,14,CORTOPUNZANTE,OFICIOS VARIOS,M,26,22:00:00,2023,3/10/2023,VIERNES,21:00-23:59,NOCHE,69,SOLTERO,SECUNDARIA,DELINCUENCIA,-76.4717678,3.431502329,N,N,N,1,Nivel 4
182,10,CGTO. LA BUITRERA,54,ARMA DE FUEGO,SIN DATO,M,18,9:10:00,2023,3/11/2023,SABADO,09:00-11:59,MAÑANA,70,SIN ESTABLECER,SIN ESTABLECER,DELINCUENCIA,-76.57446897,3.407177146,N,N,N,2,Nivel 4
183,10,Sucre,9,CORTOPUNZANTE,SIN DATO,M,32,19:05:00,2023,3/11/2023,SABADO,18:00-20:59,NOCHE,70,SIN ESTABLECER,SIN ESTABLECER,CONVIVENCIA,-76.52295021,3.446037374,N,N,N,1,Nivel 4
184,10,Paso del Comercio,6,ARMA DE FUEGO,OFICIOS VARIOS,M,22,21:58:00,2023,3/11/2023,SABADO,21:00-23:59,NOCHE,70,UNION LIBRE,PRIMARIA,DELINCUENCIA,-76.48701886,3.492707355,N,N,N,2,Nivel 4
185,10,Sector Alto Jordán,18,ARMA DE FUEGO,EMPLEADO,M,25,22:20:00,2023,3/11/2023,SABADO,21:00-23:59,NOCHE,70,UNION LIBRE,SECUNDARIA,DELINCUENCIA,-76.55871459,3.376657989,N,N,N,1,Nivel 4
186,11,José Holguín Garcés,11,CORTOPUNZANTE,VENDEDOR AMBULANTE,M,58,5:00:00,2023,3/12/2023,DOMINGO,03:00-05:59,MADRUGADA,71,SOLTERO,SECUNDARIA,CONVIVENCIA,-76.52094465,3.40726155,N,N,N,3,Nivel 4
187,11,Alfonso Lopez P. 1a Etapa,7,ARMA DE FUEGO,DESEMPLEADO,M,23,6:35:00,2023,3/12/2023,DOMINGO,06:00-08:59,MAÑANA,71,UNION LIBRE,SECUNDARIA,OTRO,-76.48153816,3.465246107,N,N,N,2,Nivel 4
188,11,Potrero Grande,21,ARMA DE FUEGO,VENDEDOR AMBULANTE,M,22,13:00:00,2023,3/12/2023,DOMINGO,12:00-14:59,TARDE,71,SIN ESTABLECER,SIN ESTABLECER,DELINCUENCIA,-76.47102588,3.410935771,N,N,N,2,Nivel 4
189,11,Brisas de Mayo,20,ARMA DE FUEGO,VENDEDOR AMBULANTE,M,22,21:52:00,2023,3/12/2023,DOMINGO,21:00-23:59,NOCHE,71,SIN ESTABLECER,SIN ESTABLECER,DELINCUENCIA,-76.5643592,3.416878784,N,N,N,1,Nivel 4
190,11,CGTO. LA BUITRERA,54,CORTOPUNZANTE,DESEMPLEADO,M,20,0:05:00,2023,3/13/2023,LUNES,00:00-02:59,MADRUGADA,72,SOLTERO,SECUNDARIA,DELINCUENCIA,-76.57486686,3.406856058,N,N,N,2,Nivel 4
191,11,Ciudadela Floralia,6,ARMA DE FUEGO,DESEMPLEADO,M,30,0:57:00,2023,3/13/2023,LUNES,00:00-02:59,MADRUGADA,72,SIN ESTABLECER,SIN ESTABLECER,DELINCUENCIA,-76.49156069,3.493231054,N,N,N,2,Nivel 4
192,11,Ciudadela Floralia,6,ARMA DE FUEGO,DESEMPLEADO,M,36,0:57:00,2023,3/13/2023,LUNES,00:00-02:59,MADRUGADA,72,SIN ESTABLECER,SIN ESTABLECER,DELINCUENCIA,-76.49156069,3.493231054,N,N,N,2,Nivel 4
193,11,El Retiro,15,ARMA DE FUEGO,OFICIOS VARIOS,M,22,12:00:00,2023,3/13/2023,LUNES,12:00-14:59,TARDE,72,SIN ESTABLECER,SIN ESTABLECER,OTRO,-76.49761193,3.409012365,N,N,N,1,Nivel 4
194,11,Asturias,12,ARMA DE FUEGO,DESEMPLEADO,M,18,22:03:00,2023,3/13/2023,LUNES,21:00-23:59,NOCHE,72,SIN ESTABLECER,SIN ESTABLECER,DELINCUENCIA,-76.50467528,3.437926586,N,N,N,2,Nivel 4
195,11,Lleras Camargo,20,ARMA DE FUEGO,DESEMPLEADO,M,33,20:30:00,2023,3/14/2023,MARTES,18:00-20:59,NOCHE,73,SIN ESTABLECER,SIN ESTABLECER,OTRO,-76.56235969,3.4180571,N,N,N,1,Nivel 4
196,11,Mojica,15,ARMA DE FUEGO,DESEMPLEADO,M,26,21:50:00,2023,3/14/2023,MARTES,21:00-23:59,NOCHE,73,CASADO,PRIMARIA,DELINCUENCIA,-76.49132589,3.417005188,N,N,N,1,Nivel 4
197,11,El Retiro,15,ARMA DE FUEGO,ESTUDIANTE,M,16,15:20:00,2023,3/15/2023,MIERCOLES,15:00-17:59,TARDE,74,SOLTERO,SECUNDARIA,OTRO,-76.49762535,3.41245568,N,N,N,1,Nivel 4
198,11,El Retiro,15,ARMA DE FUEGO,OFICIOS VARIOS,M,20,18:05:00,2023,3/15/2023,MIERCOLES,18:00-20:59,NOCHE,74,SOLTERO,PRIMARIA,DELINCUENCIA,-76.49834432,3.408984873,N,N,S,1,Nivel 4
199,11,CGTO. NAVARRO,51,ARMA DE FUEGO,MECANICO,M,52,19:50:00,2023,3/15/2023,MIERCOLES,18:00-20:59,NOCHE,74,UNION LIBRE,SECUNDARIA,DELINCUENCIA,-76.51069638,3.379139353,N,N,N,2,Nivel 4
200,11,Los Lideres,21,ARMA DE FUEGO,ESTUDIANTE,M,15,20:09:00,2023,3/15/2023,MIERCOLES,18:00-20:59,NOCHE,74,SOLTERO,SECUNDARIA,DELINCUENCIA,-76.46541426,3.419482026,N,N,N,1,Nivel 4
201,11,Pizamos II,21,ARMA DE FUEGO,VENDEDOR AMBULANTE,M,31,20:15:00,2023,3/16/2023,JUEVES,18:00-20:59,NOCHE,75,UNION LIBRE,SECUNDARIA,CONVIVENCIA,-76.47290231,3.404925638,N,N,N,1,Nivel 4
202,11,Sucre,9,CORTOPUNZANTE,INDIGENTE,M,34,3:40:00,2023,3/17/2023,VIERNES,03:00-05:59,MADRUGADA,76,SIN ESTABLECER,SIN ESTABLECER,CONVIVENCIA,-76.52400862,3.445324759,N,N,N,1,Nivel 4
203,11,San Pascual,3,ARMA DE FUEGO,OFICIOS VARIOS,M,18,5:52:00,2023,3/17/2023,VIERNES,03:00-05:59,MADRUGADA,76,SIN ESTABLECER,SIN ESTABLECER,OTRO,-76.53009953,3.445437171,N,N,N,1,Nivel 4
204,11,Valle Grande,21,ARMA DE FUEGO,PELUQUERO,M,22,16:30:00,2023,3/17/2023,VIERNES,15:00-17:59,TARDE,76,UNION LIBRE,PRIMARIA,DELINCUENCIA,-76.46731836,3.436768097,N,N,N,2,Nivel 4
205,11,Tierra Blanca,20,ARMA DE FUEGO,OFICIOS VARIOS,M,37,13:47:00,2023,3/18/2023,SABADO,12:00-14:59,TARDE,77,UNION LIBRE,PRIMARIA,DELINCUENCIA,-76.55866718,3.421232556,N,N,N,1,Nivel 4
206,11,José Manuel Marroquín I,14,ARMA DE FUEGO,ALBAÑIL,M,28,22:50:00,2023,3/18/2023,SABADO,21:00-23:59,NOCHE,77,SOLTERO,SECUNDARIA,DELINCUENCIA,-76.48354487,3.427073236,N,N,N,2,Nivel 4
207,12,El Morichal,15,ARMA DE FUEGO,ALBAÑIL,M,19,2:30:00,2023,3/19/2023,DOMINGO,00:00-02:59,MADRUGADA,78,SOLTERO,SECUNDARIA,DELINCUENCIA,-76.50536686,3.394853976,N,N,N,2,Nivel 4
208,12,Venezuela - Urbanización Cañaveralejo,20,ARMA DE FUEGO,EBANISTA,M,46,10:20:00,2023,3/19/2023,DOMINGO,09:00-11:59,MAÑANA,78,UNION LIBRE,PRIMARIA,DELINCUENCIA,-76.56353232,3.412502093,N,N,N,1,Nivel 4
209,12,Lleras Restrepo,13,ARMA DE FUEGO,PELUQUERO,M,42,6:16:00,2023,3/20/2023,LUNES,06:00-08:59,MAÑANA,79,CASADO,SECUNDARIA,CONVIVENCIA,-76.49428084,3.435240646,N,N,N,2,Nivel 4
210,12,Lleras Restrepo II,13,ARMA DE FUEGO,EMPLEADO,M,29,6:59:00,2023,3/20/2023,LUNES,06:00-08:59,MAÑANA,79,SOLTERO,UNIVERSITARIO,CONVIVENCIA,-76.49428084,3.435240646,N,N,N,1,Nivel 4
211,12,Potrero Grande,21,ARMA DE FUEGO,ESTUDIANTE,M,16,7:03:00,2023,3/20/2023,LUNES,06:00-08:59,MAÑANA,79,SOLTERO,SECUNDARIA,DELINCUENCIA,-76.47006306,3.4097007,N,N,N,2,Nivel 4
212,12,Siloé,20,ARMA DE FUEGO,VENDEDOR AMBULANTE,M,20,19:39:00,2023,3/20/2023,LUNES,18:00-20:59,NOCHE,79,SOLTERO,PRIMARIA,DELINCUENCIA,-76.5571385,3.424927104,N,N,N,1,Nivel 4
213,12,Belalcázar,9,OTRAS ARMAS,COMERCIANTE,M,67,4:36:00,2023,3/21/2023,MARTES,03:00-05:59,MADRUGADA,80,SOLTERO,PRIMARIA,DELINCUENCIA,-76.5212712,3.440081896,N,N,N,3,Nivel 4
214,12,San Juan Bosco,3,ARMA DE FUEGO,ALBAÑIL,M,35,11:45:00,2023,3/21/2023,MARTES,09:00-11:59,MAÑANA,80,UNION LIBRE,PRIMARIA,DELINCUENCIA,-76.53079283,3.442735376,N,N,N,3,Nivel 4
215,12,El Piloto,3,ARMA DE FUEGO,COMERCIANTE,M,33,14:00:00,2023,3/21/2023,MARTES,12:00-14:59,TARDE,80,UNION LIBRE,SECUNDARIA,DELINCUENCIA,-76.52520893,3.459640743,N,N,N,2,Nivel 4
216,12,El Diamante,13,ARMA DE FUEGO,RECICLADOR,M,44,20:58:00,2023,3/21/2023,MARTES,18:00-20:59,NOCHE,80,SOLTERO,PRIMARIA,DELINCUENCIA,-76.50385231,3.41893668,N,N,N,2,Nivel 4
217,12,Planta de Tratamiento,21,CORTOPUNZANTE,ESTUDIANTE,F,18,19:20:00,2023,3/23/2023,JUEVES,18:00-20:59,NOCHE,82,SOLTERO,SECUNDARIA,CONVIVENCIA,-76.48056416,3.441358722,S,N,N,1,Nivel 4
218,12,Sector Alto Jordán,18,ARMA DE FUEGO,ALBAÑIL,M,26,19:30:00,2023,3/23/2023,JUEVES,18:00-20:59,NOCHE,82,UNION LIBRE,UNIVERSITARIO,DELINCUENCIA,-76.55274588,3.377979766,N,N,N,1,Nivel 4
219,12,Mojica,15,CORTOPUNZANTE,PELUQUERO,M,32,2:54:00,2023,3/24/2023,VIERNES,00:00-02:59,MADRUGADA,83,SOLTERO,SECUNDARIA,CONVIVENCIA,-76.4881112,3.414201387,N,N,N,1,Nivel 4
220,12,CGTO. LA BUITRERA,54,CORTOPUNZANTE,ALBAÑIL,M,45,12:37:00,2023,3/24/2023,VIERNES,12:00-14:59,TARDE,83,CASADO,SECUNDARIA,DELINCUENCIA,-76.57457455,3.407217194,N,N,N,2,Nivel 4
221,12,Alfonso Lopez P. 3a Etapa,7,ARMA DE FUEGO,EMPLEADO,M,41,17:11:00,2023,3/24/2023,VIERNES,15:00-17:59,TARDE,83,UNION LIBRE,PRIMARIA,DELINCUENCIA,-76.47852419,3.455419109,N,N,N,3,Nivel 4
222,12,Salomia,4,ARMA DE FUEGO,ESTUDIANTE,M,22,0:40:00,2023,3/25/2023,SABADO,00:00-02:59,MADRUGADA,84,SOLTERO,SECUNDARIA,CONVIVENCIA,-76.50948264,3.469480384,N,N,N,3,Nivel 4
223,12,Ciudad Córdoba,15,CORTOPUNZANTE,OFICIOS VARIOS,M,30,0:55:00,2023,3/25/2023,SABADO,00:00-02:59,MADRUGADA,84,SOLTERO,PRIMARIA,DELINCUENCIA,-76.51499135,3.396729612,N,N,N,3,Nivel 4
224,12,Nueva Floresta,12,ARMA DE FUEGO,MOTORISTA,M,49,17:13:00,2023,3/25/2023,SABADO,15:00-17:59,TARDE,84,SOLTERO,SECUNDARIA,DELINCUENCIA,-76.50138585,3.439911511,N,N,N,3,Nivel 4
225,12,El Diamante,13,ARMA DE FUEGO,DESEMPLEADO,M,28,22:48:00,2023,3/25/2023,SABADO,21:00-23:59,NOCHE,84,SOLTERO,SECUNDARIA,DELINCUENCIA,-76.50061632,3.422482476,N,N,N,2,Nivel 4
226,13,Mojica,15,ARMA DE FUEGO,SIN DATO,M,32,0:50:00,2023,3/26/2023,DOMINGO,00:00-02:59,MADRUGADA,85,SIN ESTABLECER,SIN ESTABLECER,DELINCUENCIA,-76.48975783,3.410681278,N,N,N,1,Nivel 4
227,13,San Nicolás,3,CORTOPUNZANTE,COMERCIANTE,M,47,1:30:00,2023,3/26/2023,DOMINGO,00:00-02:59,MADRUGADA,85,UNION LIBRE,SECUNDARIA,CONVIVENCIA,-76.52852011,3.453253533,N,N,N,2,Nivel 4
228,13,Simón Bolívar,8,ARMA DE FUEGO,INDIGENTE,M,26,2:05:00,2023,3/26/2023,DOMINGO,00:00-02:59,MADRUGADA,85,SIN ESTABLECER,SIN ESTABLECER,DELINCUENCIA,-76.51740751,3.441614674,N,N,N,3,Nivel 4
229,13,Siloé,20,ARMA DE FUEGO,OFICIOS VARIOS,M,26,2:40:00,2023,3/26/2023,DOMINGO,00:00-02:59,MADRUGADA,85,UNION LIBRE,SIN ESTABLECER,DELINCUENCIA,-76.5560481,3.4230962,N,N,N,1,Nivel 4
230,13,El Morichal,15,ARMA DE FUEGO,EMPLEADO,M,31,4:45:00,2023,3/26/2023,DOMINGO,03:00-05:59,MADRUGADA,85,SIN ESTABLECER,SIN ESTABLECER,DELINCUENCIA,-76.5047425,3.3983995,N,N,N,2,Nivel 4
231,13,El Rodeo,12,ARMA DE FUEGO,SIN DATO,M,17,5:20:00,2023,3/26/2023,DOMINGO,03:00-05:59,MADRUGADA,85,SOLTERO,SECUNDARIA,DELINCUENCIA,-76.50495094,3.43401872,N,N,N,2,Nivel 4
232,13,Promociones Populares B,14,CORTOPUNZANTE,CERRAJERO,M,34,9:30:00,2023,3/26/2023,DOMINGO,09:00-11:59,MAÑANA,85,SOLTERO,SECUNDARIA,DELINCUENCIA,-76.4759708,3.426387047,N,N,N,1,Nivel 4
233,13,Los Comuneros I,15,ARMA DE FUEGO,OFICIOS VARIOS,M,47,13:15:00,2023,3/26/2023,DOMINGO,12:00-14:59,TARDE,85,SIN ESTABLECER,SIN ESTABLECER,CONVIVENCIA,-76.4912212,3.408979963,N,N,N,2,Nivel 4
234,13,El Jardín,11,CORTOPUNZANTE,OFICIOS VARIOS,M,45,16:57:00,2023,3/26/2023,DOMINGO,15:00-17:59,TARDE,85,SIN ESTABLECER,SIN ESTABLECER,CONVIVENCIA,-76.51994975,3.428372053,N,N,N,3,Nivel 4
235,13,Los Lagos,13,ARMA DE FUEGO,DESEMPLEADO,M,23,19:20:00,2023,3/26/2023,DOMINGO,18:00-20:59,NOCHE,85,SIN ESTABLECER,SIN ESTABLECER,DELINCUENCIA,-76.48469367,3.430775453,N,N,N,2,Nivel 4
236,13,Mojica,15,ARMA DE FUEGO,ALBAÑIL,M,32,20:15:00,2023,3/26/2023,DOMINGO,18:00-20:59,NOCHE,85,SIN ESTABLECER,SIN ESTABLECER,DELINCUENCIA,-76.48471335,3.413550523,N,N,N,1,Nivel 4
237,13,Mojica,15,ARMA DE FUEGO,OBRERO,M,21,20:15:00,2023,3/26/2023,DOMINGO,18:00-20:59,NOCHE,85,SIN ESTABLECER,SIN ESTABLECER,DELINCUENCIA,-76.48471335,3.413550523,N,N,N,1,Nivel 4
238,13,Las Orquídeas,14,ARMA DE FUEGO,OFICIOS VARIOS,M,30,21:22:00,2023,3/26/2023,DOMINGO,21:00-23:59,NOCHE,85,SIN ESTABLECER,SIN ESTABLECER,DELINCUENCIA,-76.47546181,3.416040103,N,N,N,1,Nivel 4
239,13,José Manuel Marroquín II,14,ARMA DE FUEGO,EMPLEADO,M,26,22:00:00,2023,3/26/2023,DOMINGO,21:00-23:59,NOCHE,85,SIN ESTABLECER,SIN ESTABLECER,DELINCUENCIA,-76.48209281,3.430286116,N,N,N,2,Nivel 4
240,13,Mojica,15,ARMA DE FUEGO,OFICIOS VARIOS,M,37,2:20:00,2023,3/27/2023,LUNES,00:00-02:59,MADRUGADA,86,SOLTERO,PRIMARIA,DELINCUENCIA,-76.48757827,3.418228871,N,N,N,1,Nivel 4
241,13,Departamental,10,ARMA DE FUEGO,DESEMPLEADO,M,22,13:00:00,2023,3/27/2023,LUNES,12:00-14:59,TARDE,86,SIN ESTABLECER,SIN ESTABLECER,DELINCUENCIA,-76.5343314,3.41625754,N,N,N,4,Nivel 4
242,13,El Poblado II,13,ARMA DE FUEGO,SIN DATO,F,15,18:00:00,2023,3/27/2023,LUNES,18:00-20:59,NOCHE,86,SIN ESTABLECER,SIN ESTABLECER,DELINCUENCIA,-76.48961683,3.420395011,N,N,N,2,Nivel 4
243,13,Eucaristico,19,ARMA DE FUEGO,MECANICO,M,56,19:21:00,2023,3/27/2023,LUNES,18:00-20:59,NOCHE,86,SIN ESTABLECER,SIN ESTABLECER,DELINCUENCIA,-76.54045814,3.422521114,N,N,N,4,Nivel 4
244,13,Asturias,12,ARMA DE FUEGO,OFICIOS VARIOS,F,31,20:49:00,2023,3/27/2023,LUNES,18:00-20:59,NOCHE,86,SIN ESTABLECER,SIN ESTABLECER,DELINCUENCIA,-76.50319023,3.436927628,N,N,N,2,Nivel 4
245,13,Sucre,9,ARMA DE FUEGO,RECICLADOR,M,24,0:00:00,2023,3/28/2023,MARTES,00:00-02:59,MADRUGADA,87,SOLTERO,PRIMARIA,DELINCUENCIA,-76.52424819,3.445957376,N,N,N,1,Nivel 4
246,13,Versalles,2,ARMA DE FUEGO,SIN DATO,M,35,0:00:00,2023,3/28/2023,MARTES,00:00-02:59,MADRUGADA,87,SIN ESTABLECER,SIN ESTABLECER,CONVIVENCIA,-76.5277434,3.459935097,N,N,N,5,Nivel 4
247,13,Santa Isabel,19,ARMA DE FUEGO,COMERCIANTE,F,39,12:02:00,2023,3/28/2023,MARTES,12:00-14:59,TARDE,87,SIN ESTABLECER,SIN ESTABLECER,DELINCUENCIA,-76.54734999,3.424805211,N,N,N,5,Nivel 4
248,13,El Ingenio,17,ARMA DE FUEGO,EMPLEADO,M,36,13:18:00,2023,3/28/2023,MARTES,12:00-14:59,TARDE,87,SIN ESTABLECER,SIN ESTABLECER,DELINCUENCIA,-76.53495492,3.383717352,N,N,N,5,Nivel 4
249,13,San Juan Bosco,3,ARMA DE FUEGO,COMERCIANTE,M,30,15:20:00,2023,3/28/2023,MARTES,15:00-17:59,TARDE,87,SIN ESTABLECER,SIN ESTABLECER,DELINCUENCIA,-76.5338805,3.442184356,N,N,N,3,Nivel 4
250,13,Potrero Grande,21,ARMA DE FUEGO,PELUQUERO,M,30,21:30:00,2023,3/28/2023,MARTES,21:00-23:59,NOCHE,87,UNION LIBRE,SECUNDARIA,DELINCUENCIA,-76.47175677,3.406749288,N,N,N,2,Nivel 4
251,13,Antonio Nariño,16,ARMA DE FUEGO,OFICIOS VARIOS,F,47,0:00:00,2023,3/29/2023,MIERCOLES,00:00-02:59,MADRUGADA,88,SIN ESTABLECER,SIN ESTABLECER,CONVIVENCIA,-76.50802611,3.416455556,N,N,N,2,Nivel 4
252,13,Los Guaduales,6,ARMA DE FUEGO,OFICIOS VARIOS,M,26,12:50:00,2023,3/29/2023,MIERCOLES,12:00-14:59,TARDE,88,SIN ESTABLECER,SIN ESTABLECER,DELINCUENCIA,-76.49924876,3.489726655,N,N,N,3,Nivel 4
253,13,Potrero Grande,21,ARMA DE FUEGO,ALBAÑIL,M,21,0:00:00,2023,3/30/2023,JUEVES,00:00-02:59,MADRUGADA,89,SOLTERO,SECUNDARIA,DELINCUENCIA,-76.46827405,3.408696609,N,N,N,2,Nivel 4
254,13,Flora Industrial,4,ARMA DE FUEGO,OFICIOS VARIOS,M,25,0:00:00,2023,3/30/2023,JUEVES,00:00-02:59,MADRUGADA,89,UNION LIBRE,SECUNDARIA,DELINCUENCIA,-76.50293948,3.479745918,N,N,N,3,Nivel 4
255,13,Lleras Camargo,20,ARMA DE FUEGO,DESEMPLEADO,M,19,0:00:00,2023,3/31/2023,VIERNES,00:00-02:59,MADRUGADA,90,SOLTERO,SECUNDARIA,DELINCUENCIA,-76.56168953,3.420536429,N,N,N,1,Nivel 4
256,13,El Vergel,13,ARMA DE FUEGO,COMERCIANTE,M,29,3:00:00,2023,3/31/2023,VIERNES,03:00-05:59,MADRUGADA,90,SOLTERO,SECUNDARIA,DELINCUENCIA,-76.499041,3.416531326,N,N,N,1,Nivel 4
257,13,Las Orquídeas,14,ARMA DE FUEGO,OFICIOS VARIOS,M,27,21:10:00,2023,3/31/2023,VIERNES,21:00-23:59,NOCHE,90,UNION LIBRE,PRIMARIA,DELINCUENCIA,-76.47734112,3.417112689,N,N,N,1,Nivel 4
258,13,Tierra Blanca,20,ARMA DE FUEGO,PELUQUERO,M,36,0:00:00,2023,4/1/2023,SABADO,00:00-02:59,MADRUGADA,91,SOLTERO,PRIMARIA,DELINCUENCIA,-76.55896608,3.420536543,N,N,N,1,Nivel 4
259,13,Siloé,20,ARMA DE FUEGO,INDIGENTE,M,35,0:00:00,2023,4/1/2023,SABADO,00:00-02:59,MADRUGADA,91,SIN ESTABLECER,SIN ESTABLECER,CONVIVENCIA,-76.55584736,3.426316809,N,N,N,1,Nivel 4
260,14,Sector Laguna del Pondaje,13,ARMA DE FUEGO,CARPINTERO,M,21,4:48:00,2023,4/2/2023,DOMINGO,03:00-05:59,MADRUGADA,92,SOLTERO,PRIMARIA,DELINCUENCIA,-76.49134194,3.426642691,N,N,N,1,Nivel 4
261,14,Sector Alto Jordán,18,ARMA DE FUEGO,OBRERO,M,34,12:13:00,2023,4/2/2023,DOMINGO,12:00-14:59,TARDE,92,SIN ESTABLECER,SIN ESTABLECER,CONVIVENCIA,-76.55860613,3.379610012,N,N,N,1,Nivel 4
262,14,El Rodeo,12,ARMA DE FUEGO,VENDEDOR AMBULANTE,M,19,16:25:00,2023,4/2/2023,DOMINGO,15:00-17:59,TARDE,92,SOLTERO,SECUNDARIA,DELINCUENCIA,-76.50440317,3.436541712,N,N,N,2,Nivel 4
263,14,Caney,17,CORTOPUNZANTE,SIN DATO,M,17,23:30:00,2023,4/2/2023,DOMINGO,21:00-23:59,NOCHE,92,SIN ESTABLECER,SIN ESTABLECER,DELINCUENCIA,-76.51937977,3.388410995,N,N,N,4,Nivel 4
264,14,Los Comuneros I,15,ARMA DE FUEGO,PELUQUERO,M,26,3:06:00,2023,4/3/2023,LUNES,03:00-05:59,MADRUGADA,93,SIN ESTABLECER,SIN ESTABLECER,DELINCUENCIA,-76.49074531,3.41195429,N,N,N,2,Nivel 4
265,14,Potrero Grande,21,ARMA DE FUEGO,SIN DATO,M,28,9:37:00,2023,4/3/2023,LUNES,09:00-11:59,MAÑANA,93,SIN ESTABLECER,SIN ESTABLECER,DELINCUENCIA,-76.46877219,3.406775302,N,N,N,2,Nivel 4
266,14,Manuela Beltrán,14,CORTOPUNZANTE,OFICIOS VARIOS,M,20,19:20:00,2023,4/3/2023,LUNES,18:00-20:59,NOCHE,93,SIN ESTABLECER,SIN ESTABLECER,OTRO,-76.47476995,3.420742497,N,N,N,1,Nivel 4
267,14,El Poblado II,13,OTRAS ARMAS,COMERCIANTE,M,53,2:00:00,2023,4/4/2023,MARTES,00:00-02:59,MADRUGADA,94,SOLTERO,SECUNDARIA,OTRO,-76.48912075,3.423828137,N,N,N,2,Nivel 4
268,14,Jorge Isaacs,4,OTRAS ARMAS,AMA DE CASA,F,82,19:45:00,2023,4/4/2023,MARTES,18:00-20:59,NOCHE,94,SIN ESTABLECER,SIN ESTABLECER,DELINCUENCIA,-76.51685015,3.459206715,N,N,N,2,Nivel 4
269,14,El Poblado I,13,ARMA DE FUEGO,TAXISTA,M,43,21:20:00,2023,4/4/2023,MARTES,21:00-23:59,NOCHE,94,SOLTERO,SECUNDARIA,DELINCUENCIA,-76.49811446,3.421293994,N,N,N,2,Nivel 4
270,14,Calimio Desepaz,21,CORTOPUNZANTE,SIN DATO,M,35,11:30:00,2023,4/5/2023,MIERCOLES,09:00-11:59,MAÑANA,95,SIN ESTABLECER,SIN ESTABLECER,OTRO,-76.46653034,3.413710261,N,N,N,1,Nivel 4
271,14,Las Ceibas,7,CORTOPUNZANTE,COMERCIANTE,M,47,5:54:00,2023,4/6/2023,JUEVES,03:00-05:59,MADRUGADA,96,SOLTERO,SECUNDARIA,CONVIVENCIA,-76.48701469,3.45770288,N,N,N,3,Nivel 4
272,14,Urbanización Ciudad Jardín,22,CORTOPUNZANTE,SIN DATO,M,23,6:50:00,2023,4/6/2023,JUEVES,06:00-08:59,MAÑANA,96,SIN ESTABLECER,SIN ESTABLECER,DELINCUENCIA,-76.53707759,3.370563018,N,N,N,6,Nivel 4
273,14,Potrero Grande,21,ARMA DE FUEGO,EMPLEADO,M,21,22:24:00,2023,4/6/2023,JUEVES,21:00-23:59,NOCHE,96,SOLTERO,SECUNDARIA,CONVIVENCIA,-76.47196894,3.407787424,N,N,N,2,Nivel 4
274,14,El Retiro,15,ARMA DE FUEGO,MOTORATON,M,24,14:12:00,2023,4/7/2023,VIERNES,12:00-14:59,TARDE,97,UNION LIBRE,PRIMARIA,DELINCUENCIA,-76.49984204,3.410611538,N,N,N,1,Nivel 4
275,14,Atanasio Girardot,8,CORTOPUNZANTE,INDIGENTE,M,41,3:10:00,2023,4/8/2023,SABADO,03:00-05:59,MADRUGADA,98,SIN ESTABLECER,SIN ESTABLECER,DELINCUENCIA,-76.50655554,3.444565499,N,N,N,3,Nivel 4
276,14,La Sultana,20,ARMA DE FUEGO,EMPLEADO,M,27,9:30:00,2023,4/8/2023,SABADO,09:00-11:59,MAÑANA,98,UNION LIBRE,SECUNDARIA,CONVIVENCIA,-76.56476073,3.422778805,N,N,N,1,Nivel 4
277,14,Mojica,15,ARMA DE FUEGO,PELUQUERO,M,21,20:40:00,2023,4/8/2023,SABADO,18:00-20:59,NOCHE,98,SOLTERO,SECUNDARIA,DELINCUENCIA,-76.48590647,3.414457688,N,N,N,1,Nivel 4
278,15,Calipso,13,ARMA DE FUEGO,OFICIOS VARIOS,M,19,2:29:00,2023,4/9/2023,DOMINGO,00:00-02:59,MADRUGADA,99,SIN ESTABLECER,SIN ESTABLECER,DELINCUENCIA,-76.50004017,3.426740726,N,N,N,3,Nivel 4
279,15,Mojica,15,ARMA DE FUEGO,OFICIOS VARIOS,M,31,4:40:00,2023,4/9/2023,DOMINGO,03:00-05:59,MADRUGADA,99,SOLTERO,PRIMARIA,DELINCUENCIA,-76.49014017,3.413380725,N,N,N,1,Nivel 4
280,15,Rodrigo Lara Bonilla,13,ARMA DE FUEGO,OFICIOS VARIOS,M,32,12:45:00,2023,4/9/2023,DOMINGO,12:00-14:59,TARDE,99,SIN ESTABLECER,SIN ESTABLECER,DELINCUENCIA,-76.4880696,3.426472256,N,N,N,2,Nivel 4
281,15,Los Comuneros I,15,ARMA DE FUEGO,EMPLEADO,M,40,16:31:00,2023,4/10/2023,LUNES,15:00-17:59,TARDE,100,SIN ESTABLECER,SIN ESTABLECER,DELINCUENCIA,-76.49324374,3.406546965,N,N,N,2,Nivel 4
282,15,Polvorines,18,ARMA DE FUEGO,EMPLEADO,M,36,19:52:00,2023,4/10/2023,LUNES,18:00-20:59,NOCHE,100,SIN ESTABLECER,SIN ESTABLECER,DELINCUENCIA,-76.55655853,3.37068556,N,N,N,2,Nivel 4
283,15,Mojica,15,ARMA DE FUEGO,DESEMPLEADO,M,29,21:29:00,2023,4/10/2023,LUNES,21:00-23:59,NOCHE,100,SOLTERO,SECUNDARIA,DELINCUENCIA,-76.48497074,3.417801456,N,N,N,1,Nivel 4
284,15,Sector Alto Jordán,18,ARMA DE FUEGO,OFICIOS VARIOS,M,39,7:41:00,2023,4/11/2023,MARTES,06:00-08:59,MAÑANA,101,SIN ESTABLECER,SIN ESTABLECER,DELINCUENCIA,-76.55990529,3.37866485,N,N,N,1,Nivel 4
285,15,Unidad Residencial Santiago de Cali,19,ARMA DE FUEGO,PENSIONADO,M,72,15:55:00,2023,4/11/2023,MARTES,15:00-17:59,TARDE,101,CASADO,SECUNDARIA,DELINCUENCIA,-76.54657267,3.413536205,N,N,N,4,Nivel 4
286,15,Alto Nápoles,18,ARMA DE FUEGO,DESEMPLEADO,M,25,23:10:00,2023,4/13/2023,JUEVES,21:00-23:59,NOCHE,103,SIN ESTABLECER,SIN ESTABLECER,DELINCUENCIA,-76.56108312,3.382579063,N,N,N,1,Nivel 4
287,15,José Manuel Marroquín I,14,ARMA DE FUEGO,EMPLEADO,M,30,23:54:00,2023,4/13/2023,JUEVES,21:00-23:59,NOCHE,103,SIN ESTABLECER,SIN ESTABLECER,DELINCUENCIA,-76.48077189,3.424030073,N,N,N,2,Nivel 4
288,15,Benjamín Herrera,8,CORTOPUNZANTE,OFICIOS VARIOS,M,30,0:34:00,2023,4/14/2023,VIERNES,00:00-02:59,MADRUGADA,104,SIN ESTABLECER,SIN ESTABLECER,DELINCUENCIA,-76.51802141,3.446593638,N,N,N,3,Nivel 4
289,15,Camino Real - Joaquin Borrero Sinisterra,19,ARMA DE FUEGO,ABOGADO,M,45,14:59:00,2023,4/14/2023,VIERNES,12:00-14:59,TARDE,104,UNION LIBRE,UNIVERSITARIO,DELINCUENCIA,-76.54689629,3.406621821,N,N,N,5,Nivel 4
290,15,Calipso,13,ARMA DE FUEGO,MECANICO,M,22,1:27:00,2023,4/15/2023,SABADO,00:00-02:59,MADRUGADA,105,SOLTERO,PRIMARIA,DELINCUENCIA,-76.49746937,3.424123343,N,N,N,3,Nivel 4
291,15,Chapinero,8,ARMA DE FUEGO,COMERCIANTE,M,41,15:13:00,2023,4/15/2023,SABADO,15:00-17:59,TARDE,105,SOLTERO,SECUNDARIA,DELINCUENCIA,-76.50333726,3.446025311,N,N,N,3,Nivel 4
292,15,Olaya Herrera,4,ARMA DE FUEGO,DESEMPLEADO,M,83,20:47:00,2023,4/15/2023,SABADO,18:00-20:59,NOCHE,105,SEPARADO,PRIMARIA,CONVIVENCIA,-76.51061282,3.477069043,N,N,N,2,Nivel 4
293,16,San Luis II,6,ARMA DE FUEGO,OPERARIO,M,25,0:35:00,2023,4/16/2023,DOMINGO,00:00-02:59,MADRUGADA,106,SOLTERO,SECUNDARIA,CONVIVENCIA,-76.49019727,3.48999123,N,N,N,2,Nivel 4
294,16,Alto Nápoles,18,ARMA DE FUEGO,MENSAJERO,M,36,3:52:00,2023,4/16/2023,DOMINGO,03:00-05:59,MADRUGADA,106,SIN ESTABLECER,SIN ESTABLECER,DELINCUENCIA,-76.56077947,3.383428761,N,N,N,1,Nivel 4
295,16,San Vicente,2,ARMA DE FUEGO,ESTUDIANTE,M,23,9:05:00,2023,4/16/2023,DOMINGO,09:00-11:59,MAÑANA,106,SIN ESTABLECER,SIN ESTABLECER,DELINCUENCIA,-76.52179231,3.462797122,N,N,N,4,Nivel 4
296,16,Piedrachiquita,81,ARMA DE FUEGO,OFICIOS VARIOS,M,31,9:55:00,2023,4/16/2023,DOMINGO,09:00-11:59,MAÑANA,106,SIN ESTABLECER,SIN ESTABLECER,DELINCUENCIA,-76.52229807,3.346732278,N,N,N,0,Nivel 4
297,16,Piedrachiquita,81,ARMA DE FUEGO,OFICIOS VARIOS,M,43,9:55:00,2023,4/16/2023,DOMINGO,09:00-11:59,MAÑANA,106,SIN ESTABLECER,SIN ESTABLECER,DELINCUENCIA,-76.52229807,3.346732278,N,N,N,0,Nivel 4
298,16,José Manuel Marroquín I,14,CORTOPUNZANTE,ESTUDIANTE,M,16,19:47:00,2023,4/16/2023,DOMINGO,18:00-20:59,NOCHE,106,SOLTERO,SECUNDARIA,DELINCUENCIA,-76.47948307,3.4212789,N,N,N,2,Nivel 4
299,16,Sector Alto de los Chorros,18,ARMA DE FUEGO,COMERCIANTE,F,62,22:15:00,2023,4/16/2023,DOMINGO,21:00-23:59,NOCHE,106,SIN ESTABLECER,SIN ESTABLECER,DELINCUENCIA,-76.56155228,3.387503168,N,N,N,1,Nivel 4
300,16,Paso del Comercio,6,CORTOPUNZANTE,ESTUDIANTE,M,17,22:53:00,2023,4/16/2023,DOMINGO,21:00-23:59,NOCHE,106,SOLTERO,SECUNDARIA,CONVIVENCIA,-76.48956419,3.492027111,N,N,N,2,Nivel 4
301,16,Vipasa,2,CORTOPUNZANTE,ENFERMERA,F,38,23:19:00,2023,4/16/2023,DOMINGO,21:00-23:59,NOCHE,106,SOLTERO,TECNOLOGO,CONVIVENCIA,-76.51484428,3.47543206,S,N,N,4,Nivel 4
302,16,Siete de Agosto,7,CORTOPUNZANTE,DESEMPLEADO,M,41,2:03:00,2023,4/18/2023,MARTES,00:00-02:59,MADRUGADA,108,SIN ESTABLECER,SIN ESTABLECER,CONVIVENCIA,-76.4843213,3.444609719,N,N,N,3,Nivel 4
303,16,Los Comuneros I,15,ARMA DE FUEGO,OFICIOS VARIOS,M,27,5:00:00,2023,4/18/2023,MARTES,03:00-05:59,MADRUGADA,108,SIN ESTABLECER,SIN ESTABLECER,DELINCUENCIA,-76.49323636,3.410586962,N,N,N,2,Nivel 4
304,16,Mayapan - Las Vegas,17,ARMA DE FUEGO,COMERCIANTE,M,39,9:45:00,2023,4/18/2023,MARTES,09:00-11:59,MAÑANA,108,SOLTERO,PRIMARIA,OTRO,-76.53961817,3.382510451,N,N,N,5,Nivel 4
305,16,Pizamos II,21,ARMA DE FUEGO,OFICIOS VARIOS,M,21,13:40:00,2023,4/18/2023,MARTES,12:00-14:59,TARDE,108,SIN ESTABLECER,SIN ESTABLECER,CONVIVENCIA,-76.46934502,3.400806798,N,N,N,1,Nivel 4
306,16,Normandia,2,ARMA DE FUEGO,DESEMPLEADO,M,39,14:06:00,2023,4/18/2023,MARTES,12:00-14:59,TARDE,108,SIN ESTABLECER,SIN ESTABLECER,DELINCUENCIA,-76.5429751,3.452416842,N,N,N,6,Nivel 4
307,16,Porvenir,4,ARMA DE FUEGO,AGENTE DE POLICIA,M,29,19:49:00,2023,4/18/2023,MARTES,18:00-20:59,NOCHE,108,SOLTERO,TECNOLOGO,DELINCUENCIA,-76.51328133,3.457403903,N,N,N,2,Nivel 4
308,16,Siloé,20,ARMA DE FUEGO,CARNICERO,M,25,20:22:00,2023,4/18/2023,MARTES,18:00-20:59,NOCHE,108,UNION LIBRE,SECUNDARIA,DELINCUENCIA,-76.55491181,3.423390941,N,N,N,1,Nivel 4
309,16,Parcelaciones Pance,22,ARMA DE FUEGO,EMPLEADO,M,47,14:00:00,2023,4/19/2023,MIERCOLES,12:00-14:59,TARDE,109,SIN ESTABLECER,SIN ESTABLECER,DELINCUENCIA,-76.5305259,3.34930281,N,N,N,6,Nivel 4
310,16,Mariano Ramos,16,CORTOPUNZANTE,DESEMPLEADO,M,35,18:36:00,2023,4/19/2023,MIERCOLES,18:00-20:59,NOCHE,109,SIN ESTABLECER,SIN ESTABLECER,DELINCUENCIA,-76.51551636,3.406646695,N,N,N,2,Nivel 4
311,16,Fepicol,7,ARMA DE FUEGO,INDIGENTE,M,43,20:29:00,2023,4/19/2023,MIERCOLES,18:00-20:59,NOCHE,109,SIN ESTABLECER,SIN ESTABLECER,DELINCUENCIA,-76.4847827,3.460623988,N,N,N,3,Nivel 4
312,16,Pampa Linda,19,ARMA DE FUEGO,OFICIOS VARIOS,M,41,20:35:00,2023,4/19/2023,MIERCOLES,18:00-20:59,NOCHE,109,SIN ESTABLECER,SIN ESTABLECER,DELINCUENCIA,-76.55244445,3.405321603,N,N,N,5,Nivel 4
313,16,Calipso,13,ARMA DE FUEGO,DESEMPLEADO,M,20,19:48:00,2023,4/20/2023,JUEVES,18:00-20:59,NOCHE,110,SIN ESTABLECER,SIN ESTABLECER,DELINCUENCIA,-76.49995802,3.425502145,N,N,N,3,Nivel 4
314,16,CGTO. VILLA CARMELO,55,ARMA DE FUEGO,OFICIOS VARIOS,M,33,19:58:00,2023,4/20/2023,JUEVES,18:00-20:59,NOCHE,110,SIN ESTABLECER,SIN ESTABLECER,DELINCUENCIA,-76.61612748,3.382615366,N,N,N,2,Nivel 4
315,16,Granada,2,CORTOPUNZANTE,ESTILISTA,M,23,20:47:00,2023,4/21/2023,VIERNES,18:00-20:59,NOCHE,111,SOLTERO,SECUNDARIA,DELINCUENCIA,-76.53178481,3.459824606,N,N,S,4,Nivel 4
316,16,Alfonso Lopez P. 3a Etapa,7,ARMA DE FUEGO,ALBAÑIL,M,35,15:43:00,2023,4/22/2023,SABADO,15:00-17:59,TARDE,112,UNION LIBRE,SECUNDARIA,DELINCUENCIA,-76.48102405,3.452415615,N,N,N,3,Nivel 4
317,16,Urbanización El Angel del Hogar,7,ARMA DE FUEGO,ESTILISTA,M,33,15:55:00,2023,4/22/2023,SABADO,15:00-17:59,TARDE,112,SOLTERO,SECUNDARIA,DELINCUENCIA,-76.48286994,3.446212933,N,N,N,2,Nivel 4
318,16,Los Lideres,21,CORTOPUNZANTE,CERRAJERO,M,21,17:46:00,2023,4/22/2023,SABADO,15:00-17:59,TARDE,112,SOLTERO,SECUNDARIA,DELINCUENCIA,-76.46465011,3.418802998,N,N,N,1,Nivel 4
319,16,San Juan Bosco,3,CORTOPUNZANTE,OFICIOS VARIOS,M,18,19:47:00,2023,4/22/2023,SABADO,18:00-20:59,NOCHE,112,SOLTERO,PRIMARIA,CONVIVENCIA,-76.53072723,3.444357353,N,N,N,3,Nivel 4
320,16,Marroquín III,13,ARMA DE FUEGO,MOTORISTA,M,28,21:42:00,2023,4/22/2023,SABADO,21:00-23:59,NOCHE,112,UNION LIBRE,SECUNDARIA,DELINCUENCIA,-76.4841794,3.43389544,N,N,N,2,Nivel 4
321,17,Sector Alto de los Chorros,18,ARMA DE FUEGO,DESEMPLEADO,M,20,0:05:00,2023,4/23/2023,DOMINGO,00:00-02:59,MADRUGADA,113,SIN ESTABLECER,SIN ESTABLECER,DELINCUENCIA,-76.5625796,3.389033296,N,N,N,1,Nivel 4
322,17,El Gran Limonar - Cataya,17,CORTOPUNZANTE,INDIGENTE,M,45,0:30:00,2023,4/23/2023,DOMINGO,00:00-02:59,MADRUGADA,113,SIN ESTABLECER,SIN ESTABLECER,DELINCUENCIA,-76.5393925,3.397542953,N,N,N,5,Nivel 4
323,17,Olaya Herrera,4,ARMA DE FUEGO,DESEMPLEADO,M,27,1:58:00,2023,4/23/2023,DOMINGO,00:00-02:59,MADRUGADA,113,SOLTERO,SECUNDARIA,DELINCUENCIA,-76.50887131,3.478962952,N,N,N,2,Nivel 4
324,17,Olaya Herrera,4,ARMA DE FUEGO,DESEMPLEADO,M,29,1:58:00,2023,4/23/2023,DOMINGO,00:00-02:59,MADRUGADA,113,SIN ESTABLECER,SIN ESTABLECER,DELINCUENCIA,-76.50887131,3.478962952,N,N,N,2,Nivel 4
325,17,Vipasa,2,CORTOPUNZANTE,OFICIOS VARIOS,M,35,2:20:00,2023,4/23/2023,DOMINGO,00:00-02:59,MADRUGADA,113,SIN ESTABLECER,SIN ESTABLECER,CONVIVENCIA,-76.51664988,3.480438075,N,N,N,4,Nivel 4
326,17,Las Delicias,4,CORTOPUNZANTE,OFICIOS VARIOS,M,30,3:45:00,2023,4/23/2023,DOMINGO,03:00-05:59,MADRUGADA,113,SIN ESTABLECER,SIN ESTABLECER,DELINCUENCIA,-76.51014451,3.461715771,N,N,N,3,Nivel 4
327,17,San Carlos,11,ARMA DE FUEGO,RECICLADOR,M,37,5:10:00,2023,4/23/2023,DOMINGO,03:00-05:59,MADRUGADA,113,SOLTERO,SECUNDARIA,DELINCUENCIA,-76.51230799,3.419904357,N,N,N,3,Nivel 4
328,17,Los Comuneros I,15,ARMA DE FUEGO,INDIGENTE,M,30,6:50:00,2023,4/23/2023,DOMINGO,06:00-08:59,MAÑANA,113,SIN ESTABLECER,SIN ESTABLECER,DELINCUENCIA,-76.4911573,3.408861853,N,N,N,2,Nivel 4
329,17,San Nicolás,3,OTRAS ARMAS,DESEMPLEADO,M,77,14:00:00,2023,4/23/2023,DOMINGO,12:00-14:59,TARDE,113,SIN ESTABLECER,SIN ESTABLECER,CONVIVENCIA,-76.52509327,3.451780813,N,N,N,2,Nivel 4
330,17,El Morichal,15,CORTOPUNZANTE,SIN DATO,M,17,0:38:00,2023,4/24/2023,LUNES,00:00-02:59,MADRUGADA,114,SIN ESTABLECER,SIN ESTABLECER,CONVIVENCIA,-76.50679715,3.395347153,N,N,N,2,Nivel 4
331,17,Los Comuneros I,15,ARMA DE FUEGO,DESEMPLEADO,M,42,10:30:00,2023,4/24/2023,LUNES,09:00-11:59,MAÑANA,114,SIN ESTABLECER,SIN ESTABLECER,DELINCUENCIA,-76.49150232,3.408796418,N,N,N,2,Nivel 4
332,17,Vista Hermosa,1,ARMA DE FUEGO,EMPLEADO,M,24,12:47:00,2023,4/24/2023,LUNES,12:00-14:59,TARDE,114,SIN ESTABLECER,SIN ESTABLECER,DELINCUENCIA,-76.57097659,3.453397248,N,N,N,1,Nivel 4
333,17,Promociones Populares B,14,ARMA DE FUEGO,DESEMPLEADO,M,22,13:30:00,2023,4/24/2023,LUNES,12:00-14:59,TARDE,114,SIN ESTABLECER,SIN ESTABLECER,DELINCUENCIA,-76.47481953,3.424897833,N,N,N,1,Nivel 4
334,17,Brisas de Mayo,20,ARMA DE FUEGO,OBRERO,M,40,17:25:00,2023,4/24/2023,LUNES,15:00-17:59,TARDE,114,SIN ESTABLECER,SIN ESTABLECER,DELINCUENCIA,-76.56554037,3.418170707,N,N,N,1,Nivel 4
335,17,Santa Elena,10,ARMA DE FUEGO,EMPLEADO,M,27,11:44:00,2023,4/26/2023,MIERCOLES,09:00-11:59,MAÑANA,116,SOLTERO,UNIVERSITARIO,DELINCUENCIA,-76.52183506,3.426982367,N,N,N,3,Nivel 4
336,17,Sector Alto Jordán,18,ARMA DE FUEGO,SIN DATO,F,16,13:50:00,2023,4/27/2023,JUEVES,12:00-14:59,TARDE,117,SIN ESTABLECER,SIN ESTABLECER,CONVIVENCIA,-76.55660391,3.378018179,N,N,N,1,Nivel 4
337,17,Sucre,9,ARMA DE FUEGO,SIN DATO,M,17,17:40:00,2023,4/27/2023,JUEVES,15:00-17:59,TARDE,117,SIN ESTABLECER,SIN ESTABLECER,DELINCUENCIA,-76.52400665,3.445325925,N,N,N,1,Nivel 4
338,17,Marroquín III,13,ARMA DE FUEGO,CERRAJERO,M,27,12:40:00,2023,4/28/2023,VIERNES,12:00-14:59,TARDE,118,UNION LIBRE,SECUNDARIA,DELINCUENCIA,-76.48580107,3.432792309,N,N,N,2,Nivel 4
339,17,Sector Alto Jordán,18,ARMA DE FUEGO,MOTORISTA,M,20,19:06:00,2023,4/28/2023,VIERNES,18:00-20:59,NOCHE,118,SOLTERO,SECUNDARIA,DELINCUENCIA,-76.55631871,3.374445667,N,N,N,1,Nivel 4
340,17,El Morichal,15,ARMA DE FUEGO,OFICIOS VARIOS,M,19,18:30:00,2023,4/29/2023,SABADO,18:00-20:59,NOCHE,119,UNION LIBRE,SECUNDARIA,DELINCUENCIA,-76.50731936,3.392199973,N,N,N,2,Nivel 4
341,17,El Guabal,10,ARMA DE FUEGO,ALBAÑIL,M,42,22:15:00,2023,4/29/2023,SABADO,21:00-23:59,NOCHE,119,UNION LIBRE,ILETRADO,DELINCUENCIA,-76.52477361,3.418413074,N,N,N,3,Nivel 4
342,18,Santa Mónica,2,CORTOPUNZANTE,PENSIONADO,M,77,4:36:00,2023,4/30/2023,DOMINGO,03:00-05:59,MADRUGADA,120,SOLTERO,SECUNDARIA,CONVIVENCIA,-76.53158986,3.4696902,N,N,N,5,Nivel 4
343,18,Los Comuneros I,15,CORTOPUNZANTE,EMPLEADO,M,32,6:15:00,2023,4/30/2023,DOMINGO,06:00-08:59,MAÑANA,120,SIN ESTABLECER,SIN ESTABLECER,CONVIVENCIA,-76.49191845,3.40979216,N,N,N,2,Nivel 4
344,18,Ciudadela Floralia,6,CORTOPUNZANTE,ALBAÑIL,M,29,6:50:00,2023,4/30/2023,DOMINGO,06:00-08:59,MAÑANA,120,SOLTERO,SECUNDARIA,DELINCUENCIA,-76.49566422,3.499310203,N,N,N,2,Nivel 4
345,18,Potrero Grande,21,ARMA DE FUEGO,DESEMPLEADO,M,21,13:30:00,2023,4/30/2023,DOMINGO,12:00-14:59,TARDE,120,SOLTERO,SECUNDARIA,CONVIVENCIA,-76.4700636,3.40938893,N,N,N,2,Nivel 4
346,18,San Vicente,2,ARMA DE FUEGO,OBRERO,M,55,14:56:00,2023,4/30/2023,DOMINGO,12:00-14:59,TARDE,120,SIN ESTABLECER,SIN ESTABLECER,DELINCUENCIA,-76.5240319,3.462684337,N,N,N,4,Nivel 4
347,18,Alfonso Bonilla Aragón,14,ARMA DE FUEGO,VENDEDOR AMBULANTE,M,34,17:43:00,2023,4/30/2023,DOMINGO,15:00-17:59,TARDE,120,UNION LIBRE,PRIMARIA,DELINCUENCIA,-76.48067829,3.418009904,N,N,N,1,Nivel 4
348,18,Antonio Nariño,16,ARMA DE FUEGO,COTERO,M,23,21:44:00,2023,4/30/2023,DOMINGO,21:00-23:59,NOCHE,120,SOLTERO,SECUNDARIA,DELINCUENCIA,-76.50546618,3.418801494,N,N,N,2,Nivel 4
349,18,Laureano Gómez,15,OTRAS ARMAS,AMA DE CASA,F,28,23:30:00,2023,4/30/2023,DOMINGO,21:00-23:59,NOCHE,120,SIN ESTABLECER,SIN ESTABLECER,CONVIVENCIA,-76.49678535,3.412133398,S,N,N,1,Nivel 4
350,18,Siloé,20,ARMA DE FUEGO,OFICIOS VARIOS,M,34,2:45:00,2023,5/1/2023,LUNES,00:00-02:59,MADRUGADA,121,SIN ESTABLECER,SIN ESTABLECER,OTRO,-76.55846881,3.4230091,N,N,N,1,Nivel 4
351,18,CGTO. LA BUITRERA,54,ARMA DE FUEGO,MECANICO,M,52,5:39:00,2023,5/1/2023,LUNES,03:00-05:59,MADRUGADA,121,SIN ESTABLECER,SIN ESTABLECER,OTRO,-76.58067909,3.398254941,N,N,N,2,Nivel 4
352,18,Los Comuneros I,15,CORTOPUNZANTE,OFICIOS VARIOS,M,45,10:40:00,2023,5/1/2023,LUNES,09:00-11:59,MAÑANA,121,SIN ESTABLECER,SIN ESTABLECER,CONVIVENCIA,-76.49228221,3.409636574,N,N,N,2,Nivel 4
353,18,El Vergel,13,ARMA DE FUEGO,OFICIOS VARIOS,M,21,19:22:00,2023,5/1/2023,LUNES,18:00-20:59,NOCHE,121,SIN ESTABLECER,SIN ESTABLECER,CONVIVENCIA,-76.50394765,3.416169234,N,N,N,1,Nivel 4
354,18,Los Comuneros I,15,ARMA DE FUEGO,OFICIOS VARIOS,M,29,19:46:00,2023,5/1/2023,LUNES,18:00-20:59,NOCHE,121,SIN ESTABLECER,SIN ESTABLECER,DELINCUENCIA,-76.49163914,3.408368115,N,N,N,1,Nivel 4
355,18,El Morichal,15,ARMA DE FUEGO,SIN DATO,M,32,21:30:00,2023,5/1/2023,LUNES,21:00-23:59,NOCHE,121,SIN ESTABLECER,SIN ESTABLECER,DELINCUENCIA,-76.50845874,3.395400629,N,N,N,2,Nivel 4
356,18,Antonio Nariño,16,ARMA DE FUEGO,OFICIOS VARIOS,M,35,22:30:00,2023,5/1/2023,LUNES,21:00-23:59,NOCHE,121,SIN ESTABLECER,SIN ESTABLECER,DELINCUENCIA,-76.5037367,3.411117039,N,N,N,2,Nivel 4
357,18,Desepaz Invicali,21,ARMA DE FUEGO,SIN DATO,M,15,0:15:00,2023,5/2/2023,MARTES,00:00-02:59,MADRUGADA,122,SIN ESTABLECER,SIN ESTABLECER,CONVIVENCIA,-76.462324,3.427220895,N,N,N,1,Nivel 4
358,18,Paso del Comercio,6,ARMA DE FUEGO,OPERARIO,M,27,19:00:00,2023,5/2/2023,MARTES,18:00-20:59,NOCHE,122,UNION LIBRE,PRIMARIA,DELINCUENCIA,-76.48689132,3.496127002,N,N,N,2,Nivel 4
359,18,CGTO. LA BUITRERA,54,ARMA DE FUEGO,SIN DATO,M,27,2:45:00,2023,5/3/2023,MIERCOLES,00:00-02:59,MADRUGADA,123,SIN ESTABLECER,SIN ESTABLECER,DELINCUENCIA,-76.57501033,3.406209591,N,N,N,2,Nivel 4
360,18,Marroquín III,13,ARMA DE FUEGO,SIN DATO,M,16,17:33:00,2023,5/3/2023,MIERCOLES,15:00-17:59,TARDE,123,SIN ESTABLECER,SIN ESTABLECER,DELINCUENCIA,-76.48504937,3.43211362,N,N,N,2,Nivel 4
361,18,El Vergel,13,ARMA DE FUEGO,OFICIOS VARIOS,M,33,20:28:00,2023,5/3/2023,MIERCOLES,18:00-20:59,NOCHE,123,SIN ESTABLECER,SIN ESTABLECER,DELINCUENCIA,-76.50302535,3.417104163,N,N,N,1,Nivel 4
362,18,El Morichal,15,ARMA DE FUEGO,VENDEDOR AMBULANTE,M,32,21:40:00,2023,5/3/2023,MIERCOLES,21:00-23:59,NOCHE,123,SOLTERO,SECUNDARIA,DELINCUENCIA,-76.50996688,3.396504535,N,N,N,2,Nivel 4
363,18,Yira Castro,13,ARMA DE FUEGO,OFICIOS VARIOS,M,24,19:40:00,2023,5/4/2023,JUEVES,18:00-20:59,NOCHE,124,SIN ESTABLECER,SIN ESTABLECER,DELINCUENCIA,-76.49684912,3.426299519,N,N,N,2,Nivel 4
364,18,El Vallado,15,ARMA DE FUEGO,DESEMPLEADO,M,21,21:40:00,2023,5/4/2023,JUEVES,21:00-23:59,NOCHE,124,SIN ESTABLECER,SIN ESTABLECER,DELINCUENCIA,-76.50255732,3.409364089,N,N,N,2,Nivel 4
365,18,CGTO. LA BUITRERA,54,CORTOPUNZANTE,MOTORATON,M,26,6:50:00,2023,5/5/2023,VIERNES,06:00-08:59,MAÑANA,125,SOLTERO,SECUNDARIA,DELINCUENCIA,-76.57430526,3.406048593,N,N,N,2,Nivel 4
366,18,Los Comuneros I,15,ARMA DE FUEGO,DESEMPLEADO,M,21,11:35:00,2023,5/5/2023,VIERNES,09:00-11:59,MAÑANA,125,UNION LIBRE,SECUNDARIA,DELINCUENCIA,-76.49035314,3.409939961,N,N,N,2,Nivel 4
367,18,Petecuy Tercera Etapa,6,ARMA DE FUEGO,MESERO,M,43,12:45:00,2023,5/5/2023,VIERNES,12:00-14:59,TARDE,125,UNION LIBRE,SECUNDARIA,DELINCUENCIA,-76.47928207,3.476718744,N,N,N,2,Nivel 4
368,18,Polvorines,18,CORTOPUNZANTE,INDIGENTE,M,51,6:50:00,2023,5/6/2023,SABADO,06:00-08:59,MAÑANA,126,SOLTERO,PRIMARIA,CONVIVENCIA,-76.56154647,3.37174435,N,N,N,2,Nivel 4
369,18,Los Conquistadores,11,ARMA DE FUEGO,DESEMPLEADO,M,25,20:25:00,2023,5/6/2023,SABADO,18:00-20:59,NOCHE,126,SIN ESTABLECER,SIN ESTABLECER,DELINCUENCIA,-76.50684655,3.426723608,N,N,N,2,Nivel 4
370,18,El Troncal,8,ARMA DE FUEGO,EMPLEADO,F,35,21:37:00,2023,5/6/2023,SABADO,21:00-23:59,NOCHE,126,SOLTERO,PRIMARIA,DELINCUENCIA,-76.50715116,3.449720171,N,N,N,3,Nivel 4
371,18,Ulpiano Lloreda,13,ARMA DE FUEGO,MECANICO,M,24,23:28:00,2023,5/6/2023,SABADO,21:00-23:59,NOCHE,126,SOLTERO,SECUNDARIA,DELINCUENCIA,-76.49134183,3.438902897,N,N,N,2,Nivel 4
372,19,Ciudad Talanga,21,CORTOPUNZANTE,AMA DE CASA,F,44,5:36:00,2023,5/7/2023,DOMINGO,03:00-05:59,MADRUGADA,127,SOLTERO,SECUNDARIA,CONVIVENCIA,-76.46573192,3.434449443,S,N,N,1,Nivel 4
373,19,Mojica,15,ARMA DE FUEGO,OFICIOS VARIOS,M,49,8:50:00,2023,5/7/2023,DOMINGO,06:00-08:59,MAÑANA,127,SOLTERO,PRIMARIA,DELINCUENCIA,-76.48902492,3.413904849,N,N,N,1,Nivel 4
374,19,CGTO. MONTEBELLO,64,CORTOPUNZANTE,ALBAÑIL,M,36,13:30:00,2023,5/7/2023,DOMINGO,12:00-14:59,TARDE,127,SIN ESTABLECER,SIN ESTABLECER,CONVIVENCIA,-76.54751349,3.481519626,N,N,N,2,Nivel 4
375,19,Los Comuneros I,15,CORTOPUNZANTE,OFICIOS VARIOS,M,21,6:55:00,2023,5/9/2023,MARTES,06:00-08:59,MAÑANA,129,SIN ESTABLECER,SIN ESTABLECER,DELINCUENCIA,-76.49325441,3.40652852,N,N,N,2,Nivel 4
376,19,Pizamos II,21,CORTOPUNZANTE,OFICIOS VARIOS,M,30,10:51:00,2023,5/9/2023,MARTES,09:00-11:59,MAÑANA,129,SIN ESTABLECER,SIN ESTABLECER,DELINCUENCIA,-76.47190752,3.402108606,N,N,N,1,Nivel 4
377,19,Cuarto de Legua - Guadalupe,19,OTRAS ARMAS,AUXILIAR SISTEMAS,M,48,16:41:00,2023,5/9/2023,MARTES,15:00-17:59,TARDE,129,CASADO,SECUNDARIA,DELINCUENCIA,-76.54975393,3.409274448,N,N,N,5,Nivel 4
378,19,José Manuel Marroquín II,14,CORTOPUNZANTE,OFICIOS VARIOS,M,19,20:37:00,2023,5/9/2023,MARTES,18:00-20:59,NOCHE,129,SIN ESTABLECER,SIN ESTABLECER,DELINCUENCIA,-76.48112876,3.428901297,N,N,N,2,Nivel 4
379,19,San Pedro,3,CORTOPUNZANTE,INDIGENTE,F,17,22:10:00,2023,5/9/2023,MARTES,21:00-23:59,NOCHE,129,SOLTERO,PRIMARIA,OTRO,-76.53296895,3.452110935,N,N,N,3,Nivel 4
380,19,La Isla,4,ARMA DE FUEGO,VENDEDOR AMBULANTE,M,31,13:56:00,2023,5/10/2023,MIERCOLES,12:00-14:59,TARDE,130,SOLTERO,SECUNDARIA,DELINCUENCIA,-76.51397853,3.471459528,N,N,N,2,Nivel 4
381,19,Los Lagos,13,ARMA DE FUEGO,DESEMPLEADO,M,23,16:59:00,2023,5/10/2023,MIERCOLES,15:00-17:59,TARDE,130,SIN ESTABLECER,SIN ESTABLECER,DELINCUENCIA,-76.48783417,3.431862119,N,N,N,2,Nivel 4
382,19,Los Comuneros I,15,ARMA DE FUEGO,ALBAÑIL,M,38,21:25:00,2023,5/10/2023,MIERCOLES,21:00-23:59,NOCHE,130,SOLTERO,PRIMARIA,DELINCUENCIA,-76.49385116,3.406005585,N,N,N,2,Nivel 4
383,19,Mojica,15,ARMA DE FUEGO,SIN DATO,M,17,18:55:00,2023,5/11/2023,JUEVES,18:00-20:59,NOCHE,131,SIN ESTABLECER,SIN ESTABLECER,DELINCUENCIA,-76.48651749,3.412892532,N,N,N,1,Nivel 4
384,19,Mojica,15,ARMA DE FUEGO,SIN DATO,M,16,18:55:00,2023,5/11/2023,JUEVES,18:00-20:59,NOCHE,131,SIN ESTABLECER,SIN ESTABLECER,DELINCUENCIA,-76.48651749,3.412892532,N,N,N,1,Nivel 4
385,19,Valle Grande,21,ARMA DE FUEGO,DESEMPLEADO,M,22,0:25:00,2023,5/12/2023,VIERNES,00:00-02:59,MADRUGADA,132,SIN ESTABLECER,SIN ESTABLECER,DELINCUENCIA,-76.47160722,3.436064342,N,N,N,2,Nivel 4
386,19,Lleras Camargo,20,ARMA DE FUEGO,DESEMPLEADO,M,18,21:24:00,2023,5/12/2023,VIERNES,21:00-23:59,NOCHE,132,SOLTERO,SECUNDARIA,DELINCUENCIA,-76.56052684,3.416755119,N,N,N,1,Nivel 4
387,19,San Pascual,3,ARMA DE FUEGO,OPERARIO,M,27,16:30:00,2023,5/13/2023,SABADO,15:00-17:59,TARDE,133,SOLTERO,SECUNDARIA,OTRO,-76.52998655,3.44447169,N,N,N,1,Nivel 4
388,19,Barrio Obrero,9,ARMA DE FUEGO,OFICIOS VARIOS,M,25,21:40:00,2023,5/13/2023,SABADO,21:00-23:59,NOCHE,133,SIN ESTABLECER,SIN ESTABLECER,DELINCUENCIA,-76.52262188,3.449234634,N,N,N,2,Nivel 4
389,19,Barrio Obrero,9,ARMA DE FUEGO,OFICIOS VARIOS,M,45,21:40:00,2023,5/13/2023,SABADO,21:00-23:59,NOCHE,133,SIN ESTABLECER,SIN ESTABLECER,DELINCUENCIA,-76.52262188,3.449234634,N,N,N,2,Nivel 4
390,20,San Pedro,3,CORTOPUNZANTE,OFICIOS VARIOS,M,30,3:35:00,2023,5/14/2023,DOMINGO,03:00-05:59,MADRUGADA,134,SOLTERO,SECUNDARIA,CONVIVENCIA,-76.53094174,3.455737405,N,N,N,3,Nivel 4
391,20,Puerta del Sol,14,CORTOPUNZANTE,ESTUDIANTE,M,16,6:15:00,2023,5/14/2023,DOMINGO,06:00-08:59,MAÑANA,134,SOLTERO,PRIMARIA,DELINCUENCIA,-76.47477894,3.431311381,N,N,N,1,Nivel 4
392,20,CGTO. MONTEBELLO,64,CORTOPUNZANTE,MECANICO,M,33,20:50:00,2023,5/14/2023,DOMINGO,18:00-20:59,NOCHE,134,SOLTERO,SECUNDARIA,DELINCUENCIA,-76.54932883,3.479536443,N,N,N,2,Nivel 4
393,20,Potrero Grande,21,ARMA DE FUEGO,OFICIOS VARIOS,M,25,5:15:00,2023,5/15/2023,LUNES,03:00-05:59,MADRUGADA,135,UNION LIBRE,SECUNDARIA,DELINCUENCIA,-76.47240137,3.411193197,N,N,N,2,Nivel 4
394,20,El Morichal,15,ARMA DE FUEGO,OFICIOS VARIOS,M,25,22:11:00,2023,5/15/2023,LUNES,21:00-23:59,NOCHE,135,SIN ESTABLECER,SIN ESTABLECER,DELINCUENCIA,-76.51022902,3.393367793,N,N,N,2,Nivel 4
395,20,Manuela Beltrán,14,OTRAS ARMAS,OFICIOS VARIOS,M,35,8:30:00,2023,5/16/2023,MARTES,06:00-08:59,MAÑANA,136,SIN ESTABLECER,SIN ESTABLECER,DELINCUENCIA,-76.47575061,3.423730305,N,N,N,1,Nivel 4
396,20,Villanueva,12,CORTOPUNZANTE,COMERCIANTE,M,59,15:45:00,2023,5/16/2023,MARTES,15:00-17:59,TARDE,136,SOLTERO,PRIMARIA,CONVIVENCIA,-76.508259,3.431017153,N,N,N,2,Nivel 4
397,20,El Morichal,15,CORTOPUNZANTE,COMERCIANTE,M,22,16:20:00,2023,5/16/2023,MARTES,15:00-17:59,TARDE,136,UNION LIBRE,SECUNDARIA,OTRO,-76.50389949,3.394143555,N,N,N,2,Nivel 4
398,20,Villanueva,12,ARMA DE FUEGO,OFICIOS VARIOS,M,33,0:20:00,2023,5/19/2023,VIERNES,00:00-02:59,MADRUGADA,139,SEPARADO,PRIMARIA,DELINCUENCIA,-76.50977196,3.431896605,N,N,N,2,Nivel 4
399,20,La Floresta,8,CORTOPUNZANTE,OFICIOS VARIOS,M,34,1:00:00,2023,5/19/2023,VIERNES,00:00-02:59,MADRUGADA,139,SOLTERO,SECUNDARIA,CONVIVENCIA,-76.51336796,3.445331568,N,N,N,3,Nivel 4
400,20,El Poblado I,13,OTRAS ARMAS,PENSIONADO,F,74,20:00:00,2023,5/19/2023,VIERNES,18:00-20:59,NOCHE,139,UNION LIBRE,PRIMARIA,DELINCUENCIA,-76.49978576,3.420137273,N,N,N,2,Nivel 4
401,20,Olaya Herrera,4,ARMA DE FUEGO,MECANICO,M,20,1:25:00,2023,5/20/2023,SABADO,00:00-02:59,MADRUGADA,140,SOLTERO,SECUNDARIA,DELINCUENCIA,-76.50811081,3.478049313,N,N,N,2,Nivel 4
402,20,Olaya Herrera,4,ARMA DE FUEGO,MECANICO,M,35,1:25:00,2023,5/20/2023,SABADO,00:00-02:59,MADRUGADA,140,SOLTERO,SECUNDARIA,DELINCUENCIA,-76.50811081,3.478049313,N,N,N,2,Nivel 4
403,20,Ciudadela del Rio - CVC,21,ARMA DE FUEGO,COMERCIANTE,M,35,7:10:00,2023,5/20/2023,SABADO,06:00-08:59,MAÑANA,140,SOLTERO,PRIMARIA,CONVIVENCIA,-76.46408688,3.42979192,N,N,N,2,Nivel 4
404,20,Manuela Beltrán,14,ARMA DE FUEGO,ALBAÑIL,M,40,20:50:00,2023,5/20/2023,SABADO,18:00-20:59,NOCHE,140,UNION LIBRE,SECUNDARIA,DELINCUENCIA,-76.47086989,3.422638018,N,N,N,1,Nivel 4
405,21,El Jordán,18,ARMA DE FUEGO,ALBAÑIL,M,35,0:15:00,2023,5/21/2023,DOMINGO,00:00-02:59,MADRUGADA,141,SOLTERO,SECUNDARIA,DELINCUENCIA,-76.55015525,3.377405884,N,N,N,2,Nivel 4
406,21,Urbanización El Angel del Hogar,7,CORTOPUNZANTE,OFICIOS VARIOS,M,35,4:20:00,2023,5/21/2023,DOMINGO,03:00-05:59,MADRUGADA,141,SIN ESTABLECER,SIN ESTABLECER,CONVIVENCIA,-76.48300974,3.444904604,N,N,N,2,Nivel 4
407,21,Planta de Tratamiento,21,CORTOPUNZANTE,OFICIOS VARIOS,M,25,5:35:00,2023,5/21/2023,DOMINGO,03:00-05:59,MADRUGADA,141,UNION LIBRE,PRIMARIA,CONVIVENCIA,-76.47775346,3.439159348,N,N,N,1,Nivel 4
408,21,Pizamos II,21,ARMA DE FUEGO,OFICIOS VARIOS,M,35,17:40:00,2023,5/21/2023,DOMINGO,15:00-17:59,TARDE,141,SIN ESTABLECER,SIN ESTABLECER,CONVIVENCIA,-76.47350101,3.404947367,N,N,N,1,Nivel 4
409,21,Altos de Menga,2,ARMA DE FUEGO,MOTORISTA,M,37,20:50:00,2023,5/21/2023,DOMINGO,18:00-20:59,NOCHE,141,UNION LIBRE,PRIMARIA,DELINCUENCIA,-76.53346923,3.489621897,N,N,N,1,Nivel 4
410,21,Jorge Isaacs,4,OTRAS ARMAS,SIN DATO,M,35,8:41:00,2023,5/22/2023,LUNES,06:00-08:59,MAÑANA,142,SIN ESTABLECER,SIN ESTABLECER,OTRO,-76.51619661,3.456129053,N,N,S,2,Nivel 4
411,21,Sector Alto Jordán,18,ARMA DE FUEGO,EMPLEADO,M,30,19:30:00,2023,5/22/2023,LUNES,18:00-20:59,NOCHE,142,SIN ESTABLECER,SIN ESTABLECER,CONVIVENCIA,-76.55958466,3.378037425,N,N,N,1,Nivel 4
412,21,Laureano Gómez,15,ARMA DE FUEGO,INDIGENTE,M,23,15:29:00,2023,5/23/2023,MARTES,15:00-17:59,TARDE,143,SIN ESTABLECER,SIN ESTABLECER,CONVIVENCIA,-76.4963878,3.409266851,N,N,N,1,Nivel 4
413,21,El Refugio,19,ARMA DE FUEGO,OFICIOS VARIOS,M,23,22:45:00,2023,5/23/2023,MARTES,21:00-23:59,NOCHE,143,SIN ESTABLECER,SIN ESTABLECER,DELINCUENCIA,-76.54967175,3.398187512,N,N,N,4,Nivel 4
414,21,Charco Azul,13,ARMA DE FUEGO,DESEMPLEADO,M,28,14:42:00,2023,5/24/2023,MIERCOLES,12:00-14:59,TARDE,144,SIN ESTABLECER,SIN ESTABLECER,DELINCUENCIA,-76.48439336,3.442900524,N,N,N,1,Nivel 4
415,21,Santa Isabel,19,ARMA DE FUEGO,INGENIERO,M,43,19:25:00,2023,5/24/2023,MIERCOLES,18:00-20:59,NOCHE,144,SOLTERO,UNIVERSITARIO,DELINCUENCIA,-76.54816824,3.427512339,N,N,N,5,Nivel 4
416,21,José Manuel Marroquín II,14,ARMA DE FUEGO,OFICIOS VARIOS,M,26,11:40:00,2023,5/25/2023,JUEVES,09:00-11:59,MAÑANA,145,SIN ESTABLECER,SIN ESTABLECER,DELINCUENCIA,-76.48364234,3.432091497,N,N,N,2,Nivel 4
417,21,Polvorines,18,ARMA DE FUEGO,OFICIOS VARIOS,M,40,12:50:00,2023,5/25/2023,JUEVES,12:00-14:59,TARDE,145,SIN ESTABLECER,SIN ESTABLECER,DELINCUENCIA,-76.56004301,3.376804406,N,N,N,2,Nivel 4
418,21,El Poblado I,13,ARMA DE FUEGO,OFICIOS VARIOS,M,49,16:59:00,2023,5/25/2023,JUEVES,15:00-17:59,TARDE,145,SIN ESTABLECER,SIN ESTABLECER,DELINCUENCIA,-76.49901755,3.420402496,N,N,N,2,Nivel 4
419,21,Sector Alto Jordán,18,ARMA DE FUEGO,EMPLEADO,M,19,19:49:00,2023,5/25/2023,JUEVES,18:00-20:59,NOCHE,145,SIN ESTABLECER,SIN ESTABLECER,DELINCUENCIA,-76.55278965,3.377995965,N,N,N,1,Nivel 4
420,21,Villablanca,13,ARMA DE FUEGO,OFICIOS VARIOS,M,28,10:00:00,2023,5/27/2023,SABADO,09:00-11:59,MAÑANA,147,SOLTERO,SECUNDARIA,OTRO,-76.49459372,3.430575258,N,N,N,2,Nivel 4
421,22,Los Comuneros I,15,ARMA DE FUEGO,OFICIOS VARIOS,M,21,9:38:00,2023,5/28/2023,DOMINGO,09:00-11:59,MAÑANA,148,SIN ESTABLECER,SIN ESTABLECER,DELINCUENCIA,-76.49114567,3.409449832,N,N,N,2,Nivel 4
422,22,Los Naranjos II,14,ARMA DE FUEGO,DESEMPLEADO,M,29,13:30:00,2023,5/28/2023,DOMINGO,12:00-14:59,TARDE,148,SIN ESTABLECER,SIN ESTABLECER,DELINCUENCIA,-76.47897502,3.433106546,N,N,N,1,Nivel 4
423,22,Alto Nápoles,18,ARMA DE FUEGO,EMPLEADO,M,21,14:35:00,2023,5/28/2023,DOMINGO,12:00-14:59,TARDE,148,SIN ESTABLECER,SIN ESTABLECER,DELINCUENCIA,-76.5611097,3.385213438,N,N,N,1,Nivel 4
424,22,Alto Nápoles,18,ARMA DE FUEGO,PELUQUERO,M,32,14:35:00,2023,5/28/2023,DOMINGO,12:00-14:59,TARDE,148,UNION LIBRE,SECUNDARIA,DELINCUENCIA,-76.5611097,3.385213438,N,N,N,1,Nivel 4
425,22,Lleras Camargo,20,ARMA DE FUEGO,OFICIOS VARIOS,M,26,17:55:00,2023,5/28/2023,DOMINGO,15:00-17:59,TARDE,148,SIN ESTABLECER,SIN ESTABLECER,DELINCUENCIA,-76.5604199,3.420657317,N,N,N,1,Nivel 4
426,22,Pizamos II,21,CORTOPUNZANTE,ALBAÑIL,M,57,22:58:00,2023,5/28/2023,DOMINGO,21:00-23:59,NOCHE,148,UNION LIBRE,PRIMARIA,CONVIVENCIA,-76.47235271,3.401198773,N,N,N,1,Nivel 4
427,22,El Poblado II,13,ARMA DE FUEGO,OFICIOS VARIOS,M,24,1:22:00,2023,5/29/2023,LUNES,00:00-02:59,MADRUGADA,149,SIN ESTABLECER,SIN ESTABLECER,DELINCUENCIA,-76.49247569,3.420390711,N,N,N,2,Nivel 4
428,22,Versalles,2,CORTOPUNZANTE,INDIGENTE,M,35,6:33:00,2023,5/29/2023,LUNES,06:00-08:59,MAÑANA,149,SIN ESTABLECER,SIN ESTABLECER,CONVIVENCIA,-76.53046099,3.461970264,N,N,N,5,Nivel 4
429,22,Atanasio Girardot,8,ARMA DE FUEGO,OFICIOS VARIOS,M,32,23:30:00,2023,5/29/2023,LUNES,21:00-23:59,NOCHE,149,SIN ESTABLECER,SIN ESTABLECER,DELINCUENCIA,-76.50808996,3.443672965,N,N,N,3,Nivel 4
430,22,PP4-PP5,81,ARMA DE FUEGO,SIN DATO,M,35,11:37:00,2023,5/30/2023,MARTES,09:00-11:59,MAÑANA,150,SIN ESTABLECER,SIN ESTABLECER,DELINCUENCIA,-76.52306342,3.338858725,N,N,N,0,Nivel 4
431,22,Ciudad Córdoba,15,ARMA DE FUEGO,COMERCIANTE,M,35,18:35:00,2023,5/30/2023,MARTES,18:00-20:59,NOCHE,150,UNION LIBRE,SECUNDARIA,DELINCUENCIA,-76.51281969,3.396539168,N,N,N,3,Nivel 4
432,22,Sector Alto Jordán,18,ARMA DE FUEGO,ESTUDIANTE,M,19,22:46:00,2023,5/30/2023,MARTES,21:00-23:59,NOCHE,150,SOLTERO,TECNOLOGO,DELINCUENCIA,-76.55854155,3.380293254,N,N,N,1,Nivel 4
433,22,Manuela Beltrán,14,ARMA DE FUEGO,DESEMPLEADO,M,18,21:40:00,2023,5/31/2023,MIERCOLES,21:00-23:59,NOCHE,151,SIN ESTABLECER,SIN ESTABLECER,DELINCUENCIA,-76.47069788,3.422059868,N,N,N,1,Nivel 4
434,22,Prados del Norte,2,CORTOPUNZANTE,MENSAJERO,M,31,0:00:00,2023,6/1/2023,JUEVES,00:00-02:59,MADRUGADA,152,SOLTERO,TECNOLOGO,DELINCUENCIA,-76.52079422,3.463873396,N,N,N,5,Nivel 4
435,22,San Carlos,11,OTRAS ARMAS,DESEMPLEADO,M,35,0:00:00,2023,6/1/2023,JUEVES,00:00-02:59,MADRUGADA,152,SIN ESTABLECER,SIN ESTABLECER,CONVIVENCIA,-76.51413868,3.42451502,N,N,N,3,Nivel 4
436,22,El Jardín,11,ARMA DE FUEGO,VENDEDOR AMBULANTE,M,30,21:38:00,2023,6/2/2023,VIERNES,21:00-23:59,NOCHE,153,UNION LIBRE,SECUNDARIA,DELINCUENCIA,-76.51879298,3.422295337,N,N,N,3,Nivel 4
437,22,El Morichal,15,ARMA DE FUEGO,MECANICO,M,39,19:48:00,2023,6/3/2023,SABADO,18:00-20:59,NOCHE,154,CASADO,TECNOLOGO,DELINCUENCIA,-76.50501733,3.401034693,N,N,N,2,Nivel 4
438,22,La Sultana,20,ARMA DE FUEGO,MOTORATON,M,34,21:34:00,2023,6/3/2023,SABADO,21:00-23:59,NOCHE,154,SOLTERO,PRIMARIA,DELINCUENCIA,-76.56533345,3.422024268,N,N,N,1,Nivel 4
439,23,Ciudadela del Rio - CVC,21,CORTOPUNZANTE,OFICIOS VARIOS,M,20,0:52:00,2023,6/4/2023,DOMINGO,00:00-02:59,MADRUGADA,155,SIN ESTABLECER,SIN ESTABLECER,CONVIVENCIA,-76.46553553,3.429076312,N,N,N,2,Nivel 4
440,23,Potrero Grande,21,ARMA DE FUEGO,OFICIOS VARIOS,M,19,5:10:00,2023,6/4/2023,DOMINGO,03:00-05:59,MADRUGADA,155,SOLTERO,PRIMARIA,CONVIVENCIA,-76.47018837,3.403426783,N,N,N,2,Nivel 4
441,23,El Jordán,18,ARMA DE FUEGO,DESEMPLEADO,M,36,20:55:00,2023,6/4/2023,DOMINGO,18:00-20:59,NOCHE,155,SIN ESTABLECER,SIN ESTABLECER,DELINCUENCIA,-76.55103224,3.372341572,N,N,N,2,Nivel 4
442,23,Santa Anita - La Selva,17,CORTOPUNZANTE,COMERCIANTE,M,37,21:24:00,2023,6/4/2023,DOMINGO,21:00-23:59,NOCHE,155,SIN ESTABLECER,SIN ESTABLECER,CONVIVENCIA,-76.53756972,3.401938484,N,N,N,5,Nivel 4
443,23,El Recuerdo,11,ARMA DE FUEGO,INDIGENTE,M,34,21:41:00,2023,6/4/2023,DOMINGO,21:00-23:59,NOCHE,155,SIN ESTABLECER,SIN ESTABLECER,DELINCUENCIA,-76.51638624,3.428831053,N,N,N,3,Nivel 4
444,23,Brisas de Mayo,20,ARMA DE FUEGO,RECICLADOR,M,63,5:30:00,2023,6/5/2023,LUNES,03:00-05:59,MADRUGADA,156,SOLTERO,PRIMARIA,CONVIVENCIA,-76.56546855,3.420204409,N,N,N,1,Nivel 4
445,23,Brisas de Mayo,20,ARMA DE FUEGO,INDIGENTE,M,54,5:30:00,2023,6/5/2023,LUNES,03:00-05:59,MADRUGADA,156,SOLTERO,PRIMARIA,CONVIVENCIA,-76.56546855,3.420204409,N,N,N,1,Nivel 4
446,23,Charco Azul,13,ARMA DE FUEGO,VENDEDOR AMBULANTE,M,44,13:55:00,2023,6/5/2023,LUNES,12:00-14:59,TARDE,156,SIN ESTABLECER,SIN ESTABLECER,CONVIVENCIA,-76.48583346,3.44282063,N,N,N,1,Nivel 4
447,23,San Benito,11,ARMA DE FUEGO,DESEMPLEADO,M,37,15:13:00,2023,6/5/2023,LUNES,15:00-17:59,TARDE,156,SIN ESTABLECER,SIN ESTABLECER,DELINCUENCIA,-76.51138475,3.428711653,N,N,N,2,Nivel 4
448,23,Ciudadela Floralia,6,ARMA DE FUEGO,OFICIOS VARIOS,M,36,17:30:00,2023,6/5/2023,LUNES,15:00-17:59,TARDE,156,SIN ESTABLECER,SIN ESTABLECER,DELINCUENCIA,-76.49323939,3.490349439,N,N,N,2,Nivel 4
449,23,Bretaña,9,ARMA DE FUEGO,DESEMPLEADO,M,44,14:32:00,2023,6/7/2023,MIERCOLES,12:00-14:59,TARDE,158,SOLTERO,PRIMARIA,CONVIVENCIA,-76.53153615,3.434241821,N,N,N,3,Nivel 4
450,23,Petecuy Tercera Etapa,6,ARMA DE FUEGO,PELUQUERO,M,25,14:41:00,2023,6/7/2023,MIERCOLES,12:00-14:59,TARDE,158,SIN ESTABLECER,SIN ESTABLECER,DELINCUENCIA,-76.48066252,3.477308041,N,N,N,2,Nivel 4
451,23,El Guabal,10,ARMA DE FUEGO,PRESTAMISTA,M,33,15:35:00,2023,6/7/2023,MIERCOLES,15:00-17:59,TARDE,158,SIN ESTABLECER,SIN ESTABLECER,DELINCUENCIA,-76.52550639,3.414087074,N,N,N,3,Nivel 4
452,23,Cañaverales - Los Samanes,17,ARMA DE FUEGO,OFICIOS VARIOS,M,37,21:54:00,2023,6/7/2023,MIERCOLES,21:00-23:59,NOCHE,158,SIN ESTABLECER,SIN ESTABLECER,OTRO,-76.52453496,3.40548894,N,N,N,3,Nivel 4
453,23,CGTO. EL HORMIGUERO,52,OTRAS ARMAS,EMPLEADA DOMESTICA,F,52,7:25:00,2023,6/8/2023,JUEVES,06:00-08:59,MAÑANA,159,UNION LIBRE,SECUNDARIA,DELINCUENCIA,-76.48309839,3.316845826,N,N,N,2,Nivel 4
454,23,Torres de Comfandi,5,ARMA DE FUEGO,OFICIOS VARIOS,M,53,14:37:00,2023,6/8/2023,JUEVES,12:00-14:59,TARDE,159,UNION LIBRE,TECNOLOGO,DELINCUENCIA,-76.50090855,3.472393979,N,N,N,3,Nivel 4
455,23,Pizamos I,21,ARMA DE FUEGO,SIN DATO,M,39,20:43:00,2023,6/9/2023,VIERNES,18:00-20:59,NOCHE,160,SOLTERO,SECUNDARIA,DELINCUENCIA,-76.4760581,3.40157,N,N,N,1,Nivel 4
456,23,San Juan Bosco,3,ARMA DE FUEGO,VENDEDOR AMBULANTE,M,39,21:37:00,2023,6/9/2023,VIERNES,21:00-23:59,NOCHE,160,SOLTERO,SECUNDARIA,DELINCUENCIA,-76.53233252,3.445221934,N,N,N,3,Nivel 4
457,23,Sector Alto Jordán,18,ARMA DE FUEGO,INDIGENTE,M,59,21:54:00,2023,6/9/2023,VIERNES,21:00-23:59,NOCHE,160,SOLTERO,SECUNDARIA,CONVIVENCIA,-76.55951356,3.377880127,N,N,N,1,Nivel 4
458,24,El Poblado I,13,ARMA DE FUEGO,SIN DATO,M,39,1:22:00,2023,6/11/2023,DOMINGO,00:00-02:59,MADRUGADA,162,SOLTERO,SIN ESTABLECER,CONVIVENCIA,-76.4991747,3.420541699,N,N,N,2,Nivel 4
459,24,El Lido,19,ARMA DE FUEGO,PINTOR,M,33,10:55:00,2023,6/11/2023,DOMINGO,09:00-11:59,MAÑANA,162,SOLTERO,SECUNDARIA,OTRO,-76.5530622,3.417511178,N,S,N,5,Nivel 4
460,24,Belén,20,ARMA DE FUEGO,ESTUDIANTE,M,19,15:50:00,2023,6/11/2023,DOMINGO,15:00-17:59,TARDE,162,SOLTERO,SECUNDARIA,DELINCUENCIA,-76.55363124,3.426596715,N,N,N,1,Nivel 4
461,24,El Calvario,3,ARMA DE FUEGO,VENDEDOR AMBULANTE,F,36,17:03:00,2023,6/11/2023,DOMINGO,15:00-17:59,TARDE,162,SOLTERO,SECUNDARIA,CONVIVENCIA,-76.53056251,3.446512462,N,N,N,3,Nivel 4
462,24,Barrio Obrero,9,ARMA DE FUEGO,OBRERO,M,36,19:20:00,2023,6/11/2023,DOMINGO,18:00-20:59,NOCHE,162,SIN ESTABLECER,SIN ESTABLECER,DELINCUENCIA,-76.52253464,3.449327599,N,N,N,2,Nivel 4
463,24,Alfonso Lopez P. 3a Etapa,7,ARMA DE FUEGO,OBRERO,M,54,20:25:00,2023,6/11/2023,DOMINGO,18:00-20:59,NOCHE,162,SIN ESTABLECER,SIN ESTABLECER,DELINCUENCIA,-76.48195722,3.454722817,N,N,N,3,Nivel 4
464,24,San Pedro,3,ARMA DE FUEGO,AMA DE CASA,F,21,22:50:00,2023,6/11/2023,DOMINGO,21:00-23:59,NOCHE,162,SIN ESTABLECER,SIN ESTABLECER,DELINCUENCIA,-76.53105204,3.451086725,N,N,N,3,Nivel 4
465,24,Normandia,2,ARMA DE FUEGO,EMPLEADO,M,20,0:00:00,2023,6/12/2023,LUNES,00:00-02:59,MADRUGADA,163,SOLTERO,SECUNDARIA,DELINCUENCIA,-76.54548706,3.452099197,N,N,N,6,Nivel 4
466,24,Terrón Colorado,1,ARMA DE FUEGO,DESEMPLEADO,M,31,13:48:00,2023,6/12/2023,LUNES,12:00-14:59,TARDE,163,SOLTERO,SECUNDARIA,DELINCUENCIA,-76.56376125,3.452590379,N,N,N,2,Nivel 4
467,24,Charco Azul,13,ARMA DE FUEGO,OFICIOS VARIOS,M,32,20:38:00,2023,6/12/2023,LUNES,18:00-20:59,NOCHE,163,SOLTERO,SECUNDARIA,DELINCUENCIA,-76.48542961,3.442797404,N,N,N,1,Nivel 4
468,24,El Retiro,15,ARMA DE FUEGO,SIN DATO,M,17,21:55:00,2023,6/12/2023,LUNES,21:00-23:59,NOCHE,163,SIN ESTABLECER,SIN ESTABLECER,OTRO,-76.49796383,3.409364725,N,N,N,1,Nivel 4
469,24,Alto Nápoles,18,ARMA DE FUEGO,EMPLEADO,M,28,15:00:00,2023,6/13/2023,MARTES,15:00-17:59,TARDE,164,SIN ESTABLECER,SIN ESTABLECER,OTRO,-76.55612167,3.384013868,N,N,N,1,Nivel 4
470,24,Prados del Norte,2,ARMA DE FUEGO,DESEMPLEADO,M,38,10:50:00,2023,6/14/2023,MIERCOLES,09:00-11:59,MAÑANA,165,SIN ESTABLECER,SIN ESTABLECER,DELINCUENCIA,-76.52065037,3.463008997,N,N,N,5,Nivel 4
471,24,Alto Nápoles,18,ARMA DE FUEGO,MOTORATON,M,45,16:06:00,2023,6/14/2023,MIERCOLES,15:00-17:59,TARDE,165,SIN ESTABLECER,SIN ESTABLECER,OTRO,-76.5612313,3.385228573,N,N,N,1,Nivel 4
472,24,La Independencia,11,CORTOPUNZANTE,OFICIOS VARIOS,M,22,18:20:00,2023,6/14/2023,MIERCOLES,18:00-20:59,NOCHE,165,SIN ESTABLECER,SIN ESTABLECER,DELINCUENCIA,-76.52066577,3.415908002,N,N,N,3,Nivel 4
473,24,Villamercedes I - Villa Luz - Las Garzas,21,ARMA DE FUEGO,OFICIOS VARIOS,M,35,21:50:00,2023,6/14/2023,MIERCOLES,21:00-23:59,NOCHE,165,SIN ESTABLECER,SIN ESTABLECER,DELINCUENCIA,-76.47716096,3.41049399,N,N,N,1,Nivel 4
474,24,Aguablanca,11,ARMA DE FUEGO,INDIGENTE,M,39,3:12:00,2023,6/15/2023,JUEVES,03:00-05:59,MADRUGADA,166,SIN ESTABLECER,SIN ESTABLECER,CONVIVENCIA,-76.51973868,3.430233351,N,N,N,3,Nivel 4
475,24,Sector Alto Jordán,18,ARMA DE FUEGO,INDIGENTE,M,51,9:45:00,2023,6/15/2023,JUEVES,09:00-11:59,MAÑANA,166,SIN ESTABLECER,SIN ESTABLECER,DELINCUENCIA,-76.55972655,3.378779054,N,N,N,1,Nivel 4
476,24,El Cedro,19,ARMA DE FUEGO,OFICIOS VARIOS,M,24,16:50:00,2023,6/15/2023,JUEVES,15:00-17:59,TARDE,166,SIN ESTABLECER,SIN ESTABLECER,DELINCUENCIA,-76.53764512,3.43170904,N,N,N,4,Nivel 4
477,24,Eucaristico,19,ARMA DE FUEGO,COMERCIANTE,M,30,3:15:00,2023,6/17/2023,SABADO,03:00-05:59,MADRUGADA,168,SOLTERO,TECNOLOGO,DELINCUENCIA,-76.53971248,3.424254666,N,N,N,4,Nivel 4
478,24,Ciudad 2000,16,ARMA DE FUEGO,COMERCIANTE,M,50,3:23:00,2023,6/17/2023,SABADO,03:00-05:59,MADRUGADA,168,UNION LIBRE,PRIMARIA,DELINCUENCIA,-76.52137346,3.394639873,N,N,N,4,Nivel 4
479,24,El Hoyo,3,ARMA DE FUEGO,OFICIOS VARIOS,M,21,9:58:00,2023,6/17/2023,SABADO,09:00-11:59,MAÑANA,168,SIN ESTABLECER,SIN ESTABLECER,DELINCUENCIA,-76.52983502,3.456197991,N,N,N,3,Nivel 4
480,25,El Poblado I,13,ARMA DE FUEGO,ESTUDIANTE,M,16,1:24:00,2023,6/18/2023,DOMINGO,00:00-02:59,MADRUGADA,169,SOLTERO,SECUNDARIA,DELINCUENCIA,-76.49633955,3.420429919,N,N,N,2,Nivel 4
481,25,Calipso,13,ARMA DE FUEGO,ALBAÑIL,M,26,4:38:00,2023,6/18/2023,DOMINGO,03:00-05:59,MADRUGADA,169,SOLTERO,SECUNDARIA,OTRO,-76.49853606,3.426418242,N,N,N,3,Nivel 4
482,25,Calipso,13,ARMA DE FUEGO,MENSAJERO,M,26,14:34:00,2023,6/18/2023,DOMINGO,12:00-14:59,TARDE,169,SOLTERO,SECUNDARIA,CONVIVENCIA,-76.49840305,3.426226771,N,N,N,3,Nivel 4
483,25,Las Ceibas,7,ARMA DE FUEGO,OFICIOS VARIOS,M,33,15:30:00,2023,6/18/2023,DOMINGO,15:00-17:59,TARDE,169,SIN ESTABLECER,SIN ESTABLECER,CONVIVENCIA,-76.48644913,3.452592245,N,N,N,3,Nivel 4
484,25,Las Ceibas,7,ARMA DE FUEGO,SIN DATO,M,16,15:30:00,2023,6/18/2023,DOMINGO,15:00-17:59,TARDE,169,SIN ESTABLECER,SIN ESTABLECER,CONVIVENCIA,-76.48644913,3.452592245,N,N,N,3,Nivel 4
485,25,José Manuel Marroquín II,14,ARMA DE FUEGO,DESEMPLEADO,F,46,17:42:00,2023,6/18/2023,DOMINGO,15:00-17:59,TARDE,169,UNION LIBRE,PRIMARIA,OTRO,-76.48367568,3.435665695,N,N,N,2,Nivel 4
486,25,Mojica,15,CORTOPUNZANTE,OFICIOS VARIOS,M,29,22:18:00,2023,6/18/2023,DOMINGO,21:00-23:59,NOCHE,169,SIN ESTABLECER,SIN ESTABLECER,DELINCUENCIA,-76.48596213,3.4189384,N,N,N,1,Nivel 4
487,25,Popular,4,CORTOPUNZANTE,INDIGENTE,M,53,5:42:00,2023,6/19/2023,LUNES,03:00-05:59,MADRUGADA,170,SIN ESTABLECER,SIN ESTABLECER,CONVIVENCIA,-76.51043895,3.470334105,N,N,N,3,Nivel 4
488,25,Las Acacias,10,ARMA DE FUEGO,OFICIOS VARIOS,M,28,14:50:00,2023,6/19/2023,LUNES,12:00-14:59,TARDE,170,SIN ESTABLECER,SIN ESTABLECER,CONVIVENCIA,-76.52029268,3.435268589,N,N,N,3,Nivel 4
489,25,El Lido,19,ARMA DE FUEGO,OFICIOS VARIOS,M,33,15:20:00,2023,6/19/2023,LUNES,15:00-17:59,TARDE,170,SIN ESTABLECER,SIN ESTABLECER,DELINCUENCIA,-76.5544549,3.416284543,N,N,N,5,Nivel 4
490,25,Los Comuneros I,15,ARMA DE FUEGO,OFICIOS VARIOS,M,43,17:50:00,2023,6/19/2023,LUNES,15:00-17:59,TARDE,170,SIN ESTABLECER,SIN ESTABLECER,DELINCUENCIA,-76.49245271,3.408171124,N,N,N,2,Nivel 4
491,25,La Flora,2,ARMA DE FUEGO,COMERCIANTE,M,35,13:47:00,2023,6/20/2023,MARTES,12:00-14:59,TARDE,171,CASADO,SECUNDARIA,DELINCUENCIA,-76.52401159,3.488880825,N,N,N,5,Nivel 4
492,25,Ciudad Talanga,21,ARMA DE FUEGO,PELUQUERO,M,32,18:42:00,2023,6/20/2023,MARTES,18:00-20:59,NOCHE,171,SIN ESTABLECER,SIN ESTABLECER,DELINCUENCIA,-76.4685041,3.434495653,N,N,N,1,Nivel 4
493,25,Los Comuneros I,15,ARMA DE FUEGO,OFICIOS VARIOS,M,42,12:31:00,2023,6/21/2023,MIERCOLES,12:00-14:59,TARDE,172,SOLTERO,SECUNDARIA,DELINCUENCIA,-76.49057081,3.411740067,N,N,N,2,Nivel 4
494,25,Ciudad Córdoba,15,ARMA DE FUEGO,ALBAÑIL,M,22,13:58:00,2023,6/21/2023,MIERCOLES,12:00-14:59,TARDE,172,UNION LIBRE,SECUNDARIA,DELINCUENCIA,-76.51283688,3.396642831,N,N,N,3,Nivel 4
495,25,Los Robles,13,ARMA DE FUEGO,DESEMPLEADO,M,19,16:36:00,2023,6/21/2023,MIERCOLES,15:00-17:59,TARDE,172,SOLTERO,SECUNDARIA,CONVIVENCIA,-76.49378881,3.422655897,N,N,N,2,Nivel 4
496,25,Nueva Floresta,12,OTRAS ARMAS,INTERNO CÁRCEL,M,40,20:12:00,2023,6/21/2023,MIERCOLES,18:00-20:59,NOCHE,172,UNION LIBRE,PRIMARIA,OTRO,-76.50081572,3.43851791,N,N,N,3,Nivel 4
497,25,CGTO. PICHINDÉ,57,ARMA DE FUEGO,OFICIOS VARIOS,M,41,0:14:00,2023,6/22/2023,JUEVES,00:00-02:59,MADRUGADA,173,SIN ESTABLECER,SIN ESTABLECER,OTRO,-76.66292503,3.421618826,N,S,N,2,Nivel 4
498,25,Belisario Caicedo,20,CORTOPUNZANTE,INDIGENTE,M,49,13:18:00,2023,6/22/2023,JUEVES,12:00-14:59,TARDE,173,SIN ESTABLECER,SIN ESTABLECER,CONVIVENCIA,-76.55539783,3.416525033,N,N,N,3,Nivel 4
499,25,Los Andes B - La Riviera,5,ARMA DE FUEGO,LATONERO,M,45,15:18:00,2023,6/23/2023,VIERNES,15:00-17:59,TARDE,174,SOLTERO,SECUNDARIA,DELINCUENCIA,-76.49640289,3.467448159,N,N,N,3,Nivel 4
500,25,Los Comuneros I,15,CORTOPUNZANTE,MOTORATON,M,38,18:25:00,2023,6/23/2023,VIERNES,18:00-20:59,NOCHE,174,SIN ESTABLECER,SIN ESTABLECER,DELINCUENCIA,-76.49310744,3.412273454,N,N,N,2,Nivel 4
501,25,Santa Isabel,19,ARMA DE FUEGO,EMPLEADO,M,19,22:56:00,2023,6/23/2023,VIERNES,21:00-23:59,NOCHE,174,SOLTERO,SECUNDARIA,DELINCUENCIA,-76.55162394,3.429448204,N,N,N,5,Nivel 4
502,25,Santa Mónica,2,OTRAS ARMAS,OFICIOS VARIOS,M,44,12:23:00,2023,6/24/2023,SABADO,12:00-14:59,TARDE,175,SIN ESTABLECER,SIN ESTABLECER,DELINCUENCIA,-76.5304371,3.463052953,N,N,N,5,Nivel 4
503,26,Ciudadela del Rio - CVC,21,ARMA DE FUEGO,INDIGENTE,M,30,3:35:00,2023,6/25/2023,DOMINGO,03:00-05:59,MADRUGADA,176,SIN ESTABLECER,SIN ESTABLECER,CONVIVENCIA,-76.46419485,3.427827833,N,N,N,2,Nivel 4
504,26,Aguacatal,1,ARMA DE FUEGO,OFICIOS VARIOS,M,24,16:20:00,2023,6/25/2023,DOMINGO,15:00-17:59,TARDE,176,SIN ESTABLECER,SIN ESTABLECER,DELINCUENCIA,-76.56072519,3.455254639,N,N,N,1,Nivel 4
505,26,La Isla,4,ARMA DE FUEGO,OFICIOS VARIOS,M,26,1:34:00,2023,6/26/2023,LUNES,00:00-02:59,MADRUGADA,177,SIN ESTABLECER,SIN ESTABLECER,DELINCUENCIA,-76.51469674,3.472388047,N,N,N,2,Nivel 4
506,26,La Isla,4,ARMA DE FUEGO,OFICIOS VARIOS,M,19,1:34:00,2023,6/27/2023,MARTES,00:00-02:59,MADRUGADA,178,SIN ESTABLECER,SIN ESTABLECER,DELINCUENCIA,-76.51469674,3.472388047,N,N,N,2,Nivel 4
507,26,La Isla,4,ARMA DE FUEGO,DESEMPLEADO,M,18,1:34:00,2023,6/27/2023,MARTES,00:00-02:59,MADRUGADA,178,SOLTERO,SECUNDARIA,DELINCUENCIA,-76.51469674,3.472388047,N,N,N,2,Nivel 4
508,26,El Morichal,15,ARMA DE FUEGO,OFICIOS VARIOS,M,25,12:42:00,2023,6/28/2023,MIERCOLES,12:00-14:59,TARDE,179,SIN ESTABLECER,SIN ESTABLECER,CONVIVENCIA,-76.50682618,3.391843552,N,N,N,2,Nivel 4
509,26,Unión de Vivienda Popular,16,ARMA DE FUEGO,OFICIOS VARIOS,M,38,14:02:00,2023,6/28/2023,MIERCOLES,12:00-14:59,TARDE,179,SIN ESTABLECER,SIN ESTABLECER,DELINCUENCIA,-76.5094974,3.413686857,N,N,N,2,Nivel 4
510,26,Promociones Populares B,14,CORTOPUNZANTE,DESEMPLEADO,M,22,10:15:00,2023,6/29/2023,JUEVES,09:00-11:59,MAÑANA,180,SOLTERO,PRIMARIA,DELINCUENCIA,-76.46894401,3.424870287,N,N,N,1,Nivel 4
511,26,La Hacienda,17,ARMA DE FUEGO,INGENIERO ELECTRICO,M,43,12:15:00,2023,6/29/2023,JUEVES,12:00-14:59,TARDE,180,UNION LIBRE,UNIVERSITARIO,CONVIVENCIA,-76.52767098,3.392812565,N,N,N,5,Nivel 4
512,26,El Poblado I,13,ARMA DE FUEGO,DESEMPLEADO,M,20,15:55:00,2023,6/29/2023,JUEVES,15:00-17:59,TARDE,180,SOLTERO,SECUNDARIA,DELINCUENCIA,-76.49673222,3.420302254,N,N,N,2,Nivel 4
513,26,Sucre,9,ARMA DE FUEGO,COMERCIANTE,M,30,18:41:00,2023,6/29/2023,JUEVES,18:00-20:59,NOCHE,180,UNION LIBRE,SECUNDARIA,DELINCUENCIA,-76.52309091,3.448206084,N,N,N,1,Nivel 4
514,26,Olaya Herrera,4,ARMA DE FUEGO,OFICIOS VARIOS,F,27,21:41:00,2023,6/29/2023,JUEVES,21:00-23:59,NOCHE,180,SIN ESTABLECER,SIN ESTABLECER,DELINCUENCIA,-76.50984192,3.477828389,N,N,N,2,Nivel 4
515,26,Ciudadela Floralia,6,ARMA DE FUEGO,ESTUDIANTE,M,16,22:58:00,2023,6/29/2023,JUEVES,21:00-23:59,NOCHE,180,SIN ESTABLECER,SIN ESTABLECER,DELINCUENCIA,-76.4945974,3.499111098,N,N,N,2,Nivel 4
516,26,El Hoyo,3,ARMA DE FUEGO,OFICIOS VARIOS,M,26,19:58:00,2023,6/30/2023,VIERNES,18:00-20:59,NOCHE,181,SIN ESTABLECER,SIN ESTABLECER,DELINCUENCIA,-76.53044555,3.455792745,N,N,N,3,Nivel 4
517,26,CGTO. LOS ANDES,56,ARMA DE FUEGO,MECANICO,M,23,22:53:00,2023,6/30/2023,VIERNES,21:00-23:59,NOCHE,181,SOLTERO,TECNOLOGO,DELINCUENCIA,-76.55442272,3.438075598,N,N,N,1,Nivel 4
518,26,Chiminangos II,5,ARMA DE FUEGO,COMERCIANTE,M,44,0:41:00,2023,7/1/2023,SABADO,00:00-02:59,MADRUGADA,182,CASADO,SECUNDARIA,DELINCUENCIA,-76.49362938,3.476521021,N,N,N,3,Nivel 4
519,26,Sucre,9,ARMA DE FUEGO,AMA DE CASA,F,42,12:19:00,2023,7/1/2023,SABADO,12:00-14:59,TARDE,182,UNION LIBRE,ILETRADO,DELINCUENCIA,-76.52456467,3.444442684,N,N,N,1,Nivel 4
520,26,El Poblado I,13,ARMA DE FUEGO,DESEMPLEADO,M,25,19:57:00,2023,7/1/2023,SABADO,18:00-20:59,NOCHE,182,SOLTERO,SECUNDARIA,DELINCUENCIA,-76.49673222,3.420302254,N,N,N,2,Nivel 4
521,26,Primavera,11,CORTOPUNZANTE,GUARDA DE SEGURIDAD,M,32,23:13:00,2023,7/1/2023,SABADO,21:00-23:59,NOCHE,182,SIN ESTABLECER,SIN ESTABLECER,DELINCUENCIA,-76.50660597,3.423677087,N,N,N,2,Nivel 4
522,26,Potrero Grande,21,ARMA DE FUEGO,ALBAÑIL,M,28,23:50:00,2023,7/1/2023,SABADO,21:00-23:59,NOCHE,182,SOLTERO,SECUNDARIA,CONVIVENCIA,-76.47233568,3.406413273,N,N,N,2,Nivel 4
523,27,San Judas Tadeo I,10,ARMA DE FUEGO,VENDEDOR,M,44,2:49:00,2023,7/2/2023,DOMINGO,00:00-02:59,MADRUGADA,183,CASADO,SECUNDARIA,DELINCUENCIA,-76.52343251,3.411678106,N,N,N,3,Nivel 4
524,27,San Judas Tadeo I,10,ARMA DE FUEGO,OFICIOS VARIOS,M,50,2:49:00,2023,7/2/2023,DOMINGO,00:00-02:59,MADRUGADA,183,CASADO,SECUNDARIA,DELINCUENCIA,-76.52343251,3.411678106,N,N,N,3,Nivel 4
525,27,Paso del Comercio,6,CORTOPUNZANTE,DESEMPLEADO,M,18,7:36:00,2023,7/2/2023,DOMINGO,06:00-08:59,MAÑANA,183,SOLTERO,SECUNDARIA,DELINCUENCIA,-76.49200345,3.490625366,N,N,N,2,Nivel 4
526,27,Los Lagos,13,ARMA DE FUEGO,OFICIOS VARIOS,M,16,21:05:00,2023,7/2/2023,DOMINGO,21:00-23:59,NOCHE,183,SOLTERO,SECUNDARIA,CONVIVENCIA,-76.48643473,3.42911137,N,N,N,2,Nivel 4
527,27,Venezuela - Urbanización Cañaveralejo,20,ARMA DE FUEGO,ALBAÑIL,M,28,6:36:00,2023,7/3/2023,LUNES,06:00-08:59,MAÑANA,184,SIN ESTABLECER,SIN ESTABLECER,DELINCUENCIA,-76.55936669,3.414046744,N,N,N,1,Nivel 4
528,27,Alfonso Lopez P. 1a Etapa,7,ARMA DE FUEGO,PELUQUERO,M,41,15:20:00,2023,7/3/2023,LUNES,15:00-17:59,TARDE,184,UNION LIBRE,SECUNDARIA,DELINCUENCIA,-76.47896493,3.46474265,N,N,N,2,Nivel 4
529,27,Los Comuneros I,15,ARMA DE FUEGO,DESEMPLEADO,M,19,18:32:00,2023,7/3/2023,LUNES,18:00-20:59,NOCHE,184,SIN ESTABLECER,SIN ESTABLECER,DELINCUENCIA,-76.49431088,3.407508908,N,N,N,2,Nivel 4
530,27,El Vergel,13,ARMA DE FUEGO,OFICIOS VARIOS,M,26,21:36:00,2023,7/3/2023,LUNES,21:00-23:59,NOCHE,184,SIN ESTABLECER,SIN ESTABLECER,DELINCUENCIA,-76.50229989,3.415327351,N,N,N,1,Nivel 4
531,27,Alfonso Bonilla Aragón,14,ARMA DE FUEGO,DESEMPLEADO,M,22,12:23:00,2023,7/4/2023,MARTES,12:00-14:59,TARDE,185,SIN ESTABLECER,SIN ESTABLECER,DELINCUENCIA,-76.47979643,3.415861697,N,N,N,1,Nivel 4
532,27,Simón Bolívar,8,ARMA DE FUEGO,PRESTAMISTA,M,38,19:28:00,2023,7/4/2023,MARTES,18:00-20:59,NOCHE,185,SOLTERO,SECUNDARIA,DELINCUENCIA,-76.51690262,3.440481233,N,N,N,3,Nivel 4
533,27,El Vergel,13,ARMA DE FUEGO,EMPLEADO,M,54,20:09:00,2023,7/4/2023,MARTES,18:00-20:59,NOCHE,185,SOLTERO,PRIMARIA,DELINCUENCIA,-76.50232381,3.417804408,N,N,N,1,Nivel 4
534,27,Popular,4,ARMA DE FUEGO,OFICIOS VARIOS,M,25,22:03:00,2023,7/4/2023,MARTES,21:00-23:59,NOCHE,185,SIN ESTABLECER,SIN ESTABLECER,DELINCUENCIA,-76.51043668,3.470334867,N,N,N,3,Nivel 4
535,27,Ciudad Meléndez 2,81,CORTOPUNZANTE,OFICIOS VARIOS,F,46,2:57:00,2023,7/5/2023,MIERCOLES,00:00-02:59,MADRUGADA,186,SIN ESTABLECER,SIN ESTABLECER,CONVIVENCIA,-76.50559736,3.375322321,N,N,N,0,Nivel 4
536,27,Ulpiano Lloreda,13,ARMA DE FUEGO,MOTORATON,M,36,6:06:00,2023,7/6/2023,JUEVES,06:00-08:59,MAÑANA,187,UNION LIBRE,SECUNDARIA,DELINCUENCIA,-76.49053224,3.44348437,N,N,N,2,Nivel 4
537,27,Versalles,2,CORTOPUNZANTE,INDIGENTE,M,32,12:08:00,2023,7/6/2023,JUEVES,12:00-14:59,TARDE,187,SIN ESTABLECER,SIN ESTABLECER,CONVIVENCIA,-76.53096577,3.461217488,N,N,N,5,Nivel 4
538,27,El Calvario,3,CORTOPUNZANTE,INDIGENTE,M,41,2:54:00,2023,7/7/2023,VIERNES,00:00-02:59,MADRUGADA,188,SOLTERO,SECUNDARIA,CONVIVENCIA,-76.52763462,3.447844768,N,N,N,3,Nivel 4
539,27,Sector Meléndez,18,ARMA DE FUEGO,INDIGENTE,M,29,6:16:00,2023,7/7/2023,VIERNES,06:00-08:59,MAÑANA,188,SIN ESTABLECER,SIN ESTABLECER,DELINCUENCIA,-76.54713306,3.37175,N,N,N,3,Nivel 4
540,27,Alfonso Bonilla Aragón,14,ARMA DE FUEGO,ESCOLTA,M,22,20:30:00,2023,7/8/2023,SABADO,18:00-20:59,NOCHE,189,UNION LIBRE,SECUNDARIA,DELINCUENCIA,-76.48548434,3.421075078,N,N,N,1,Nivel 4
541,28,El Vallado,15,ARMA DE FUEGO,EMPLEADO,M,31,13:00:00,2023,7/9/2023,DOMINGO,12:00-14:59,TARDE,190,SOLTERO,SECUNDARIA,CONVIVENCIA,-76.50043919,3.406969318,N,N,N,2,Nivel 4
542,28,Aguacatal,1,ARMA DE FUEGO,ALBAÑIL,M,49,21:06:00,2023,7/9/2023,DOMINGO,21:00-23:59,NOCHE,190,CASADO,SECUNDARIA,DELINCUENCIA,-76.56072519,3.455254639,N,N,N,1,Nivel 4
543,28,Potrero Grande,21,ARMA DE FUEGO,RECICLADOR,M,36,21:45:00,2023,7/9/2023,DOMINGO,21:00-23:59,NOCHE,190,UNION LIBRE,SIN ESTABLECER,CONVIVENCIA,-76.46935528,3.408386646,N,N,N,2,Nivel 4
544,28,Villablanca,13,ARMA DE FUEGO,SIN DATO,M,24,22:57:00,2023,7/10/2023,LUNES,21:00-23:59,NOCHE,191,SIN ESTABLECER,SIN ESTABLECER,DELINCUENCIA,-76.49284304,3.430651209,N,N,N,2,Nivel 4
545,28,Ciudadela Comfandi,17,ARMA DE FUEGO,SIN DATO,M,54,17:11:00,2023,7/11/2023,MARTES,15:00-17:59,TARDE,192,SIN ESTABLECER,SIN ESTABLECER,DELINCUENCIA,-76.5236361,3.385336608,N,N,N,3,Nivel 4
546,28,La Independencia,11,ARMA DE FUEGO,MENSAJERO,M,26,20:45:00,2023,7/11/2023,MARTES,18:00-20:59,NOCHE,192,UNION LIBRE,SECUNDARIA,DELINCUENCIA,-76.51967481,3.419256828,N,N,N,3,Nivel 4
547,28,Polvorines,18,ARMA DE FUEGO,SIN DATO,M,25,10:40:00,2023,7/12/2023,MIERCOLES,09:00-11:59,MAÑANA,193,SIN ESTABLECER,SIN ESTABLECER,DELINCUENCIA,-76.55518154,3.373109915,N,N,N,2,Nivel 4
548,28,Las Acacias,10,OTRAS ARMAS,PENSIONADO,M,71,15:50:00,2023,7/12/2023,MIERCOLES,15:00-17:59,TARDE,193,CASADO,PRIMARIA,DELINCUENCIA,-76.52022026,3.435338283,N,N,N,3,Nivel 4
549,28,Sucre,9,ARMA DE FUEGO,LAVADOR DE VEHICULOS,M,54,22:08:00,2023,7/12/2023,MIERCOLES,21:00-23:59,NOCHE,193,CASADO,SECUNDARIA,OTRO,-76.52400487,3.445326817,N,N,N,1,Nivel 4
550,28,Caney,17,ARMA DE FUEGO,SIN DATO,M,44,9:23:00,2023,7/13/2023,JUEVES,09:00-11:59,MAÑANA,194,SIN ESTABLECER,SIN ESTABLECER,DELINCUENCIA,-76.52449027,3.37933094,N,N,N,4,Nivel 4
551,28,Brisas de Mayo,20,ARMA DE FUEGO,SIN DATO,M,22,12:53:00,2023,7/13/2023,JUEVES,12:00-14:59,TARDE,194,SIN ESTABLECER,SIN ESTABLECER,DELINCUENCIA,-76.5656812,3.420508875,N,N,N,1,Nivel 4
552,28,Eduardo Santos,12,ARMA DE FUEGO,INDIGENTE,M,57,20:12:00,2023,7/13/2023,JUEVES,18:00-20:59,NOCHE,194,CASADO,SECUNDARIA,OTRO,-76.50374384,3.430304819,N,N,N,2,Nivel 4
553,28,San Luís,6,ARMA DE FUEGO,OFICIOS VARIOS,M,54,23:00:00,2023,7/13/2023,JUEVES,21:00-23:59,NOCHE,194,SOLTERO,SECUNDARIA,OTRO,-76.49013741,3.489160496,N,N,N,2,Nivel 4
554,28,Alto Nápoles,18,ARMA DE FUEGO,OFICIOS VARIOS,M,24,5:24:00,2023,7/14/2023,VIERNES,03:00-05:59,MADRUGADA,195,SOLTERO,SECUNDARIA,DELINCUENCIA,-76.56115836,3.385653841,N,N,N,1,Nivel 4
555,28,Santa Elena,10,ARMA DE FUEGO,COMERCIANTE,M,28,13:12:00,2023,7/14/2023,VIERNES,12:00-14:59,TARDE,195,SOLTERO,SECUNDARIA,DELINCUENCIA,-76.52117497,3.426515728,N,N,N,3,Nivel 4
556,28,Villamercedes I - Villa Luz - Las Garzas,21,ARMA DE FUEGO,SIN DATO,M,40,19:29:00,2023,7/14/2023,VIERNES,18:00-20:59,NOCHE,195,SIN ESTABLECER,SIN ESTABLECER,DELINCUENCIA,-76.4777232,3.410618013,N,N,N,1,Nivel 4
557,28,Los Chorros,18,ARMA DE FUEGO,ALBAÑIL,M,38,21:06:00,2023,7/14/2023,VIERNES,21:00-23:59,NOCHE,195,SOLTERO,PRIMARIA,DELINCUENCIA,-76.55382962,3.394062856,N,N,N,3,Nivel 4
558,28,Asturias,12,ARMA DE FUEGO,MOTORISTA,M,28,13:07:00,2023,7/15/2023,SABADO,12:00-14:59,TARDE,196,UNION LIBRE,SECUNDARIA,DELINCUENCIA,-76.50273515,3.438012995,N,N,N,2,Nivel 4
559,28,San Nicolás,3,ARMA DE FUEGO,VENDEDOR AMBULANTE,M,26,16:40:00,2023,7/15/2023,SABADO,15:00-17:59,TARDE,196,UNION LIBRE,SECUNDARIA,DELINCUENCIA,-76.52630968,3.45221255,N,N,N,2,Nivel 4
560,28,Calipso,13,ARMA DE FUEGO,SIN DATO,M,19,18:00:00,2023,7/15/2023,SABADO,18:00-20:59,NOCHE,196,SIN ESTABLECER,SIN ESTABLECER,DELINCUENCIA,-76.49972292,3.425333702,N,N,N,3,Nivel 4
561,28,Sector Alto de los Chorros,18,ARMA DE FUEGO,SIN DATO,M,51,21:27:00,2023,7/15/2023,SABADO,21:00-23:59,NOCHE,196,SIN ESTABLECER,SIN ESTABLECER,CONVIVENCIA,-76.56008,3.39272227,N,N,N,1,Nivel 4
562,28,Industrial,8,CORTOPUNZANTE,SIN DATO,M,37,23:18:00,2023,7/15/2023,SABADO,21:00-23:59,NOCHE,196,SIN ESTABLECER,SIN ESTABLECER,CONVIVENCIA,-76.51439719,3.451964723,N,N,N,2,Nivel 4
563,29,Los Lagos,13,ARMA DE FUEGO,ENFERMERA,F,19,0:20:00,2023,7/16/2023,DOMINGO,00:00-02:59,MADRUGADA,197,SIN ESTABLECER,SIN ESTABLECER,DELINCUENCIA,-76.48877003,3.429974337,N,N,N,2,Nivel 4
564,29,El Vergel,13,ARMA DE FUEGO,DESEMPLEADO,M,17,2:00:00,2023,7/16/2023,DOMINGO,00:00-02:59,MADRUGADA,197,SIN ESTABLECER,SIN ESTABLECER,CONVIVENCIA,-76.50097884,3.417781386,N,N,N,1,Nivel 4
565,29,Urbanización La Nueva Base,8,ARMA DE FUEGO,ESTUDIANTE,M,19,6:03:00,2023,7/16/2023,DOMINGO,06:00-08:59,MAÑANA,197,SIN ESTABLECER,SIN ESTABLECER,DELINCUENCIA,-76.48793504,3.449757628,N,N,N,3,Nivel 4
566,29,Santa Elena,10,ARMA DE FUEGO,OFICIOS VARIOS,M,47,5:30:00,2023,7/17/2023,LUNES,03:00-05:59,MADRUGADA,198,SIN ESTABLECER,SIN ESTABLECER,DELINCUENCIA,-76.52402263,3.427409177,N,N,N,3,Nivel 4
567,29,Planta de Tratamiento,21,ARMA DE FUEGO,AMA DE CASA,F,23,6:40:00,2023,7/17/2023,LUNES,06:00-08:59,MAÑANA,198,SIN ESTABLECER,SIN ESTABLECER,CONVIVENCIA,-76.4785307,3.440042694,N,N,S,1,Nivel 4
568,29,Ricardo Balcázar,13,OTRAS ARMAS,INDIGENTE,M,22,14:21:00,2023,7/17/2023,LUNES,12:00-14:59,TARDE,198,SIN ESTABLECER,SIN ESTABLECER,DELINCUENCIA,-76.49471514,3.431811254,N,N,N,2,Nivel 4
569,29,Los Pinos,7,ARMA DE FUEGO,OFICIOS VARIOS,M,43,15:10:00,2023,7/17/2023,LUNES,15:00-17:59,TARDE,198,SOLTERO,PRIMARIA,DELINCUENCIA,-76.48586478,3.459314697,N,N,N,2,Nivel 4
570,29,Los Comuneros II,13,ARMA DE FUEGO,DESEMPLEADO,M,22,16:22:00,2023,7/17/2023,LUNES,15:00-17:59,TARDE,198,SIN ESTABLECER,SIN ESTABLECER,CONVIVENCIA,-76.49444242,3.428433759,N,N,N,2,Nivel 4
571,29,Ciudad Córdoba,15,ARMA DE FUEGO,VENDEDOR AMBULANTE,M,34,15:26:00,2023,7/18/2023,MARTES,15:00-17:59,TARDE,199,SIN ESTABLECER,SIN ESTABLECER,CONVIVENCIA,-76.50806033,3.400882247,N,N,N,3,Nivel 4
572,29,Prados del Sur,18,ARMA DE FUEGO,MECANICO,M,21,21:42:00,2023,7/18/2023,MARTES,21:00-23:59,NOCHE,199,SIN ESTABLECER,SIN ESTABLECER,DELINCUENCIA,-76.55604814,3.387564147,N,N,N,2,Nivel 4
573,29,Los Alcázares,6,ARMA DE FUEGO,GUARDA DE SEGURIDAD,M,54,19:17:00,2023,7/19/2023,MIERCOLES,18:00-20:59,NOCHE,200,CASADO,SECUNDARIA,DELINCUENCIA,-76.49435444,3.486722979,N,N,N,3,Nivel 4
574,29,El Calvario,3,ARMA DE FUEGO,COMERCIANTE,M,41,19:40:00,2023,7/19/2023,MIERCOLES,18:00-20:59,NOCHE,200,UNION LIBRE,SECUNDARIA,DELINCUENCIA,-76.52924809,3.448533315,N,N,N,3,Nivel 4
575,29,Caldas,18,ARMA DE FUEGO,DESEMPLEADO,M,19,19:40:00,2023,7/19/2023,MIERCOLES,18:00-20:59,NOCHE,200,UNION LIBRE,SECUNDARIA,DELINCUENCIA,-76.54789781,3.394625485,N,N,N,3,Nivel 4
576,29,Sucre,9,ARMA DE FUEGO,OFICIOS VARIOS,M,19,0:07:00,2023,7/20/2023,JUEVES,00:00-02:59,MADRUGADA,201,SIN ESTABLECER,SIN ESTABLECER,DELINCUENCIA,-76.52546972,3.447446201,N,N,N,1,Nivel 4
577,29,Los Comuneros II,13,ARMA DE FUEGO,CERRAJERO,M,42,0:35:00,2023,7/20/2023,JUEVES,00:00-02:59,MADRUGADA,201,SIN ESTABLECER,SIN ESTABLECER,CONVIVENCIA,-76.49263771,3.427108181,N,N,N,2,Nivel 4
578,29,Alto Nápoles,18,OTRAS ARMAS,ESTUDIANTE,F,16,1:53:00,2023,7/20/2023,JUEVES,00:00-02:59,MADRUGADA,201,SOLTERO,SECUNDARIA,CONVIVENCIA,-76.5591002,3.380444799,N,N,N,1,Nivel 4
579,29,República de Israel,16,CORTOPUNZANTE,RECICLADOR,M,32,2:56:00,2023,7/20/2023,JUEVES,00:00-02:59,MADRUGADA,201,SOLTERO,PRIMARIA,CONVIVENCIA,-76.514955,3.406460588,N,N,N,2,Nivel 4
580,29,CGTO. NAVARRO,51,OTRAS ARMAS,DESEMPLEADO,M,20,23:13:00,2023,7/20/2023,JUEVES,21:00-23:59,NOCHE,201,SOLTERO,SECUNDARIA,DELINCUENCIA,-76.49912455,3.377708149,N,N,N,2,Nivel 4
581,29,Villa Colombia,8,CORTOPUNZANTE,OFICIOS VARIOS,M,23,13:00:00,2023,7/21/2023,VIERNES,12:00-14:59,TARDE,202,SIN ESTABLECER,SIN ESTABLECER,CONVIVENCIA,-76.49903423,3.448314775,N,N,N,3,Nivel 4
582,29,Ciudad 2000,16,ARMA DE FUEGO,EMPLEADO,M,28,14:45:00,2023,7/21/2023,VIERNES,12:00-14:59,TARDE,202,UNION LIBRE,PRIMARIA,DELINCUENCIA,-76.52138478,3.394608891,N,N,N,4,Nivel 4
583,29,República de Israel,16,ARMA DE FUEGO,MOTORISTA,M,22,20:10:00,2023,7/21/2023,VIERNES,18:00-20:59,NOCHE,202,SOLTERO,SECUNDARIA,DELINCUENCIA,-76.51571277,3.411176888,N,N,N,2,Nivel 4
584,29,San Judas Tadeo I,10,ARMA DE FUEGO,MENSAJERO,M,27,22:20:00,2023,7/21/2023,VIERNES,21:00-23:59,NOCHE,202,SOLTERO,TECNOLOGO,DELINCUENCIA,-76.52594451,3.409369681,N,N,N,3,Nivel 4
585,30,El Trébol,8,ARMA DE FUEGO,COMERCIANTE,M,43,0:11:00,2023,7/23/2023,DOMINGO,00:00-02:59,MADRUGADA,204,UNION LIBRE,SECUNDARIA,DELINCUENCIA,-76.49768693,3.440474353,N,N,N,3,Nivel 4
586,30,Petecuy Segunda Etapa,6,ARMA DE FUEGO,OFICIOS VARIOS,M,34,17:53:00,2023,7/23/2023,DOMINGO,15:00-17:59,TARDE,204,SIN ESTABLECER,SIN ESTABLECER,DELINCUENCIA,-76.48130133,3.480308182,N,N,N,2,Nivel 4
587,30,Centenario,2,CORTOPUNZANTE,INDIGENTE,M,28,19:19:00,2023,7/23/2023,DOMINGO,18:00-20:59,NOCHE,204,SIN ESTABLECER,SIN ESTABLECER,OTRO,-76.53725978,3.4517775,N,N,N,5,Nivel 4
588,30,Mojica,15,CORTOPUNZANTE,INDIGENTE,M,30,2:38:00,2023,7/24/2023,LUNES,00:00-02:59,MADRUGADA,205,SIN ESTABLECER,SIN ESTABLECER,CONVIVENCIA,-76.48712944,3.417194841,N,N,N,1,Nivel 4
589,30,Terrón Colorado,1,OTRAS ARMAS,ALBAÑIL,M,51,15:49:00,2023,7/24/2023,LUNES,15:00-17:59,TARDE,205,SOLTERO,SECUNDARIA,OTRO,-76.5609514,3.454985976,N,N,N,2,Nivel 4
590,30,Sector Laguna del Pondaje,13,CORTOPUNZANTE,INDIGENTE,M,51,5:22:00,2023,7/25/2023,MARTES,03:00-05:59,MADRUGADA,206,SIN ESTABLECER,SIN ESTABLECER,CONVIVENCIA,-76.49197646,3.431515346,N,N,N,1,Nivel 4
591,30,Sucre,9,ARMA DE FUEGO,SIN DATO,M,23,16:32:00,2023,7/25/2023,MARTES,15:00-17:59,TARDE,206,SIN ESTABLECER,SIN ESTABLECER,DELINCUENCIA,-76.52738027,3.447867078,N,N,N,1,Nivel 4
592,30,El Retiro,15,ARMA DE FUEGO,DESEMPLEADO,M,19,1:01:00,2023,7/26/2023,MIERCOLES,00:00-02:59,MADRUGADA,207,SIN ESTABLECER,SIN ESTABLECER,CONVIVENCIA,-76.49772482,3.411624355,N,N,N,1,Nivel 4
593,30,Los Comuneros I,15,ARMA DE FUEGO,COMERCIANTE,M,52,10:15:00,2023,7/26/2023,MIERCOLES,09:00-11:59,MAÑANA,207,SOLTERO,UNIVERSITARIO,DELINCUENCIA,-76.49186497,3.407609352,N,N,N,1,Nivel 4
594,30,Laureano Gómez,15,ARMA DE FUEGO,OFICIOS VARIOS,M,56,18:50:00,2023,7/26/2023,MIERCOLES,18:00-20:59,NOCHE,207,SIN ESTABLECER,SIN ESTABLECER,DELINCUENCIA,-76.49522776,3.41616313,N,N,N,1,Nivel 4
595,30,Ciudadela Floralia,6,ARMA DE FUEGO,OFICIOS VARIOS,M,28,21:38:00,2023,7/26/2023,MIERCOLES,21:00-23:59,NOCHE,207,SIN ESTABLECER,SIN ESTABLECER,DELINCUENCIA,-76.49649025,3.497817997,N,N,N,2,Nivel 4
596,30,San Luis II,6,ARMA DE FUEGO,TECNOLOGO EN SISTEMAS,M,48,13:45:00,2023,7/27/2023,JUEVES,12:00-14:59,TARDE,208,SOLTERO,TECNOLOGO,OTRO,-76.48848583,3.491041932,N,N,N,2,Nivel 4
597,30,Vipasa,2,OTRAS ARMAS,RECICLADOR,M,28,14:28:00,2023,7/27/2023,JUEVES,12:00-14:59,TARDE,208,SOLTERO,SECUNDARIA,DELINCUENCIA,-76.51319295,3.476765808,N,N,N,4,Nivel 4
598,30,Alfonso Lopez P. 2a Etapa,7,OTRAS ARMAS,DESEMPLEADO,M,81,18:45:00,2023,7/27/2023,JUEVES,18:00-20:59,NOCHE,208,SIN ESTABLECER,SIN ESTABLECER,CONVIVENCIA,-76.4799759,3.461588128,N,N,N,3,Nivel 4
599,30,Promociones Populares B,14,ARMA DE FUEGO,COMERCIANTE,M,49,21:15:00,2023,7/27/2023,JUEVES,21:00-23:59,NOCHE,208,SIN ESTABLECER,SIN ESTABLECER,DELINCUENCIA,-76.4709187,3.428745994,N,N,N,1,Nivel 4
600,30,Urbanización La Nueva Base,8,ARMA DE FUEGO,COMERCIANTE,M,26,22:02:00,2023,7/27/2023,JUEVES,21:00-23:59,NOCHE,208,SIN ESTABLECER,SIN ESTABLECER,DELINCUENCIA,-76.49261608,3.444521942,N,N,N,3,Nivel 4
601,30,San Pascual,3,ARMA DE FUEGO,COMERCIANTE,M,56,23:55:00,2023,7/29/2023,SABADO,21:00-23:59,NOCHE,210,SOLTERO,PRIMARIA,DELINCUENCIA,-76.52760431,3.445759546,N,N,N,1,Nivel 4
602,31,Petecuy Primera Etapa,6,ARMA DE FUEGO,CERRAJERO,M,30,10:20:00,2023,7/30/2023,DOMINGO,09:00-11:59,MAÑANA,211,SIN ESTABLECER,SIN ESTABLECER,DELINCUENCIA,-76.47929977,3.474886125,N,N,N,2,Nivel 4
603,31,Los Andes B - La Riviera,5,ARMA DE FUEGO,OFICIOS VARIOS,M,29,20:35:00,2023,7/30/2023,DOMINGO,18:00-20:59,NOCHE,211,SIN ESTABLECER,SIN ESTABLECER,DELINCUENCIA,-76.49204879,3.469778643,N,N,N,3,Nivel 4
604,31,Urbanización Tequendama,19,CORTOPUNZANTE,INDIGENTE,M,38,10:55:00,2023,7/31/2023,LUNES,09:00-11:59,MAÑANA,212,SOLTERO,PRIMARIA,CONVIVENCIA,-76.5465804,3.424321298,N,N,N,5,Nivel 4
605,31,San Antonio,3,CORTOPUNZANTE,OFICIOS VARIOS,M,28,21:50:00,2023,7/31/2023,LUNES,21:00-23:59,NOCHE,212,SIN ESTABLECER,SIN ESTABLECER,OTRO,-76.54171954,3.448174962,N,N,N,3,Nivel 4
606,31,Ulpiano Lloreda,13,ARMA DE FUEGO,PELUQUERO,M,19,16:40:00,2023,8/1/2023,MARTES,15:00-17:59,TARDE,213,SIN ESTABLECER,SIN ESTABLECER,DELINCUENCIA,-76.48987399,3.443680712,N,N,N,2,Nivel 4
607,31,Ulpiano Lloreda,13,ARMA DE FUEGO,PELUQUERO,M,27,16:40:00,2023,8/1/2023,MARTES,15:00-17:59,TARDE,213,SIN ESTABLECER,SIN ESTABLECER,DELINCUENCIA,-76.48987399,3.443680712,N,N,N,2,Nivel 4
608,31,San Marino,7,ARMA DE FUEGO,PRESTAMISTA,M,23,21:20:00,2023,8/1/2023,MARTES,21:00-23:59,NOCHE,213,UNION LIBRE,SECUNDARIA,DELINCUENCIA,-76.48954668,3.460111753,N,N,N,2,Nivel 4
609,31,Promociones Populares B,14,CORTOPUNZANTE,VENDEDOR AMBULANTE,M,93,9:40:00,2023,8/2/2023,MIERCOLES,09:00-11:59,MAÑANA,214,VIUDO,PRIMARIA,DELINCUENCIA,-76.47525091,3.427217041,N,N,N,1,Nivel 4
610,31,Guayaquil,9,ARMA DE FUEGO,DESEMPLEADO,M,31,14:55:00,2023,8/3/2023,JUEVES,12:00-14:59,TARDE,215,SIN ESTABLECER,SIN ESTABLECER,CONVIVENCIA,-76.52866072,3.440670754,N,N,N,3,Nivel 4
611,31,Mojica,15,ARMA DE FUEGO,OFICIOS VARIOS,M,56,18:19:00,2023,8/3/2023,JUEVES,18:00-20:59,NOCHE,215,SIN ESTABLECER,SIN ESTABLECER,DELINCUENCIA,-76.4880882,3.412928797,N,N,N,1,Nivel 4
612,31,República de Israel,16,ARMA DE FUEGO,OFICIOS VARIOS,M,25,20:25:00,2023,8/3/2023,JUEVES,18:00-20:59,NOCHE,215,SIN ESTABLECER,SIN ESTABLECER,DELINCUENCIA,-76.50933355,3.405712985,N,N,N,2,Nivel 4
613,31,Bellavista,19,ARMA DE FUEGO,ADMINISTRADOR,F,60,0:28:00,2023,8/4/2023,VIERNES,00:00-02:59,MADRUGADA,216,SEPARADO,TECNOLOGO,CONVIVENCIA,-76.55610521,3.446491509,S,N,N,2,Nivel 4
614,31,Los Cámbulos,19,ARMA DE FUEGO,MOTORISTA,M,49,17:16:00,2023,8/4/2023,VIERNES,15:00-17:59,TARDE,216,UNION LIBRE,SECUNDARIA,DELINCUENCIA,-76.53784272,3.418398114,N,N,N,4,Nivel 4
615,31,Promociones Populares B,14,ARMA DE FUEGO,OPERARIO,M,23,21:31:00,2023,8/4/2023,VIERNES,21:00-23:59,NOCHE,216,SOLTERO,SECUNDARIA,DELINCUENCIA,-76.47036112,3.427942365,N,N,N,1,Nivel 4
616,31,Valle Grande,21,ARMA DE FUEGO,EMPLEADO,M,26,22:45:00,2023,8/4/2023,VIERNES,21:00-23:59,NOCHE,216,SOLTERO,UNIVERSITARIO,DELINCUENCIA,-76.47036971,3.438489059,N,N,N,2,Nivel 4
617,31,La Isla,4,ARMA DE FUEGO,OFICIOS VARIOS,F,29,18:30:00,2023,8/5/2023,SABADO,18:00-20:59,NOCHE,217,SOLTERO,SECUNDARIA,DELINCUENCIA,-76.51326717,3.474136708,N,N,N,2,Nivel 4
618,31,Siloé,20,ARMA DE FUEGO,VENDEDOR AMBULANTE,M,25,18:41:00,2023,8/5/2023,SABADO,18:00-20:59,NOCHE,217,SOLTERO,SECUNDARIA,DELINCUENCIA,-76.5568435,3.421964514,N,N,N,1,Nivel 4
619,31,Sucre,9,CORTOPUNZANTE,VENDEDOR AMBULANTE,M,21,19:30:00,2023,8/5/2023,SABADO,18:00-20:59,NOCHE,217,SOLTERO,SECUNDARIA,CONVIVENCIA,-76.52258101,3.446566239,N,N,N,1,Nivel 4
620,32,El Poblado II,13,ARMA DE FUEGO,OFICIOS VARIOS,M,32,4:55:00,2023,8/6/2023,DOMINGO,03:00-05:59,MADRUGADA,218,UNION LIBRE,SECUNDARIA,DELINCUENCIA,-76.48859464,3.422405795,N,N,N,2,Nivel 4
621,32,Manuela Beltrán,14,CORTOPUNZANTE,PELUQUERO,M,22,6:47:00,2023,8/6/2023,DOMINGO,06:00-08:59,MAÑANA,218,SOLTERO,SECUNDARIA,CONVIVENCIA,-76.46998983,3.423957366,N,N,N,1,Nivel 4
622,32,La Isla,4,ARMA DE FUEGO,DESEMPLEADO,M,37,9:14:00,2023,8/6/2023,DOMINGO,09:00-11:59,MAÑANA,218,SOLTERO,SECUNDARIA,DELINCUENCIA,-76.51586259,3.470326778,N,N,N,2,Nivel 4
623,32,Alfonso Lopez P. 3a Etapa,7,ARMA DE FUEGO,RECICLADOR,M,41,9:40:00,2023,8/6/2023,DOMINGO,09:00-11:59,MAÑANA,218,UNION LIBRE,SECUNDARIA,DELINCUENCIA,-76.47790365,3.454030002,N,N,N,3,Nivel 4
624,32,El Rodeo,12,OTRAS ARMAS,OFICIOS VARIOS,M,59,16:41:00,2023,8/6/2023,DOMINGO,15:00-17:59,TARDE,218,SIN ESTABLECER,SIN ESTABLECER,OTRO,-76.50692385,3.437975581,N,N,N,2,Nivel 4
625,32,Sucre,9,ARMA DE FUEGO,COBRADOR,M,32,17:50:00,2023,8/6/2023,DOMINGO,15:00-17:59,TARDE,218,SOLTERO,SECUNDARIA,DELINCUENCIA,-76.52431264,3.445978525,N,N,N,1,Nivel 4
626,32,Alfonso Lopez P. 3a Etapa,7,ARMA DE FUEGO,OFICIOS VARIOS,M,34,18:20:00,2023,8/6/2023,DOMINGO,18:00-20:59,NOCHE,218,SIN ESTABLECER,SIN ESTABLECER,DELINCUENCIA,-76.48389303,3.454434912,N,N,N,3,Nivel 4
627,32,Alfonso Bonilla Aragón,14,CORTOPUNZANTE,DESEMPLEADO,M,26,5:25:00,2023,8/7/2023,LUNES,03:00-05:59,MADRUGADA,219,SIN ESTABLECER,SECUNDARIA,DELINCUENCIA,-76.47899405,3.417342181,N,N,N,1,Nivel 4
628,32,Urbanización El Angel del Hogar,7,ARMA DE FUEGO,COBRADOR,M,24,6:50:00,2023,8/7/2023,LUNES,06:00-08:59,MAÑANA,219,SOLTERO,SECUNDARIA,CONVIVENCIA,-76.48382631,3.444546078,N,N,N,2,Nivel 4
629,32,El Ingenio,17,ARMA DE FUEGO,ESTUDIANTE,M,31,21:30:00,2023,8/7/2023,LUNES,21:00-23:59,NOCHE,219,CASADO,UNIVERSITARIO,DELINCUENCIA,-76.52898357,3.381201903,N,N,N,5,Nivel 4
630,32,Los Comuneros I,15,OTRAS ARMAS,OFICIOS VARIOS,M,41,23:48:00,2023,8/7/2023,LUNES,21:00-23:59,NOCHE,219,SOLTERO,PRIMARIA,OTRO,-76.49166298,3.411051002,N,S,N,2,Nivel 4
631,32,Miraflores,19,CORTOPUNZANTE,SIN OCUPACION,M,35,2:45:00,2023,8/8/2023,MARTES,00:00-02:59,MADRUGADA,220,SIN ESTABLECER,SIN ESTABLECER,CONVIVENCIA,-76.53880917,3.437797905,N,N,N,4,Nivel 4
632,32,El Morichal,15,CORTOPUNZANTE,ALBAÑIL,M,48,19:00:00,2023,8/8/2023,MARTES,18:00-20:59,NOCHE,220,UNION LIBRE,PRIMARIA,DELINCUENCIA,-76.50894505,3.396283936,N,N,N,2,Nivel 4
633,32,Villa del Prado - El Guabito,5,ARMA DE FUEGO,DESEMPLEADO,M,23,18:20:00,2023,8/9/2023,MIERCOLES,18:00-20:59,NOCHE,221,SOLTERO,SECUNDARIA,OTRO,-76.49607827,3.464196211,N,S,N,3,Nivel 4
634,32,San Pedro,3,OTRAS ARMAS,SIN OCUPACION,M,40,5:40:00,2023,8/10/2023,JUEVES,03:00-05:59,MADRUGADA,222,SIN ESTABLECER,SECUNDARIA,DELINCUENCIA,-76.53104698,3.454538699,N,N,N,3,Nivel 4
635,32,Desepaz Invicali,21,ARMA DE FUEGO,EMPLEADO,F,63,11:55:00,2023,8/10/2023,JUEVES,09:00-11:59,MAÑANA,222,SIN ESTABLECER,SECUNDARIA,DELINCUENCIA,-76.46158328,3.428434246,N,N,N,1,Nivel 4
636,32,Potrero Grande,21,ARMA DE FUEGO,OFICIOS VARIOS,M,22,12:55:00,2023,8/10/2023,JUEVES,12:00-14:59,TARDE,222,SIN ESTABLECER,SECUNDARIA,DELINCUENCIA,-76.4700636,3.40938893,N,N,N,2,Nivel 4
637,32,El Poblado II,13,ARMA DE FUEGO,LAVADOR DE VEHICULOS,M,24,23:58:00,2023,8/10/2023,JUEVES,21:00-23:59,NOCHE,222,SOLTERO,SECUNDARIA,DELINCUENCIA,-76.48888917,3.421376814,N,N,N,2,Nivel 4
638,32,Buenos Aires,18,ARMA DE FUEGO,PELUQUERO,M,23,19:45:00,2023,8/11/2023,VIERNES,18:00-20:59,NOCHE,223,SOLTERO,SECUNDARIA,DELINCUENCIA,-76.55052441,3.393720105,N,N,N,3,Nivel 4
639,32,El Pondaje,13,ARMA DE FUEGO,VENDEDOR AMBULANTE,M,44,14:43:00,2023,8/12/2023,SABADO,12:00-14:59,TARDE,224,SOLTERO,SECUNDARIA,DELINCUENCIA,-76.49639637,3.429716825,N,N,N,2,Nivel 4
640,32,Desepaz Invicali,21,CORTOPUNZANTE,ESTUDIANTE,M,18,18:45:00,2023,8/12/2023,SABADO,18:00-20:59,NOCHE,224,SOLTERO,TECNOLOGO,DELINCUENCIA,-76.46448719,3.42379513,N,N,N,1,Nivel 4
641,32,Promociones Populares B,14,CORTOPUNZANTE,DESEMPLEADO,F,18,23:55:00,2023,8/12/2023,SABADO,21:00-23:59,NOCHE,224,SOLTERO,SECUNDARIA,DELINCUENCIA,-76.47488997,3.425187901,N,N,N,1,Nivel 4
642,33,Mojica,15,ARMA DE FUEGO,COMERCIANTE,M,26,15:30:00,2023,8/13/2023,DOMINGO,15:00-17:59,TARDE,225,UNION LIBRE,SECUNDARIA,CONVIVENCIA,-76.48856255,3.411597527,N,N,N,1,Nivel 4
643,33,Brisas de Los Álamos,2,ARMA DE FUEGO,DESEMPLEADO,M,36,20:41:00,2023,8/13/2023,DOMINGO,18:00-20:59,NOCHE,225,SIN ESTABLECER,SIN ESTABLECER,DELINCUENCIA,-76.50189311,3.491909454,N,N,N,3,Nivel 4
644,33,Alfonso Bonilla Aragón,14,ARMA DE FUEGO,EMPLEADO,M,20,22:37:00,2023,8/13/2023,DOMINGO,21:00-23:59,NOCHE,225,UNION LIBRE,SECUNDARIA,DELINCUENCIA,-76.48437704,3.419461395,N,N,N,1,Nivel 4
645,33,Granada,2,ARMA DE FUEGO,OFICIOS VARIOS,M,23,1:30:00,2023,8/14/2023,LUNES,00:00-02:59,MADRUGADA,226,SIN ESTABLECER,SIN ESTABLECER,DELINCUENCIA,-76.53243023,3.458899133,N,N,N,4,Nivel 4
646,33,Alameda,9,CORTOPUNZANTE,DESEMPLEADO,M,35,0:43:00,2023,8/15/2023,MARTES,00:00-02:59,MADRUGADA,227,SIN ESTABLECER,SIN ESTABLECER,DELINCUENCIA,-76.53678468,3.439621023,N,N,N,3,Nivel 4
647,33,Sector Alto Jordán,18,ARMA DE FUEGO,DESEMPLEADO,M,20,19:27:00,2023,8/15/2023,MARTES,18:00-20:59,NOCHE,227,SOLTERO,SECUNDARIA,DELINCUENCIA,-76.55762151,3.377381135,N,N,N,1,Nivel 4
648,33,Saavedra Galindo,8,ARMA DE FUEGO,VENDEDOR AMBULANTE,M,35,0:59:00,2023,8/16/2023,MIERCOLES,00:00-02:59,MADRUGADA,228,SOLTERO,SECUNDARIA,DELINCUENCIA,-76.51405509,3.438366642,N,N,N,2,Nivel 4
649,33,Charco Azul,13,ARMA DE FUEGO,DESEMPLEADO,M,34,19:55:00,2023,8/16/2023,MIERCOLES,18:00-20:59,NOCHE,228,SIN ESTABLECER,SIN ESTABLECER,DELINCUENCIA,-76.48681997,3.441348434,N,N,N,1,Nivel 4
650,33,El Pondaje,13,ARMA DE FUEGO,OFICIOS VARIOS,M,20,20:59:00,2023,8/16/2023,MIERCOLES,18:00-20:59,NOCHE,228,SIN ESTABLECER,SIN ESTABLECER,DELINCUENCIA,-76.4952839,3.430671332,N,N,N,2,Nivel 4
651,33,Prados del Sur,18,ARMA DE FUEGO,DESEMPLEADO,M,22,18:37:00,2023,8/17/2023,JUEVES,18:00-20:59,NOCHE,229,SOLTERO,SECUNDARIA,DELINCUENCIA,-76.5548521,3.387818309,N,N,N,2,Nivel 4
652,33,Cristóbal Colón,10,ARMA DE FUEGO,OFICIOS VARIOS,M,35,13:00:00,2023,8/18/2023,VIERNES,12:00-14:59,TARDE,230,SIN ESTABLECER,SIN ESTABLECER,DELINCUENCIA,-76.52401602,3.41890606,N,N,N,3,Nivel 4
653,33,Manuela Beltrán,14,ARMA DE FUEGO,MECANICO,M,16,1:45:00,2023,8/19/2023,SABADO,00:00-02:59,MADRUGADA,231,SOLTERO,SECUNDARIA,DELINCUENCIA,-76.46781816,3.421936526,N,N,N,1,Nivel 4
654,33,Aguablanca,11,ARMA DE FUEGO,MECANICO,M,24,4:39:00,2023,8/19/2023,SABADO,03:00-05:59,MADRUGADA,231,UNION LIBRE,SECUNDARIA,DELINCUENCIA,-76.51796578,3.430542923,N,N,N,3,Nivel 4
655,33,Aguablanca,11,ARMA DE FUEGO,OFICIOS VARIOS,M,22,4:39:00,2023,8/19/2023,SABADO,03:00-05:59,MADRUGADA,231,SOLTERO,SECUNDARIA,DELINCUENCIA,-76.51796578,3.430542923,N,N,N,3,Nivel 4
656,33,Alfonso Lopez P. 1a Etapa,7,CORTOPUNZANTE,EMPLEADO,M,38,15:15:00,2023,8/19/2023,SABADO,15:00-17:59,TARDE,231,SIN ESTABLECER,SIN ESTABLECER,CONVIVENCIA,-76.48256477,3.46582135,N,N,N,2,Nivel 4
657,33,Ciudad Córdoba,15,ARMA DE FUEGO,OFICIOS VARIOS,M,29,19:27:00,2023,8/19/2023,SABADO,18:00-20:59,NOCHE,231,SIN ESTABLECER,SIN ESTABLECER,DELINCUENCIA,-76.51272099,3.396431655,N,N,N,3,Nivel 4
658,34,El Morichal,15,ARMA DE FUEGO,OFICIOS VARIOS,M,24,5:07:00,2023,8/20/2023,DOMINGO,03:00-05:59,MADRUGADA,232,UNION LIBRE,SECUNDARIA,OTRO,-76.50373993,3.402310302,N,N,N,2,Nivel 4
659,34,El Morichal,15,ARMA DE FUEGO,MUSICO,M,31,5:07:00,2023,8/20/2023,DOMINGO,03:00-05:59,MADRUGADA,232,SOLTERO,SECUNDARIA,DELINCUENCIA,-76.50373993,3.402310302,N,N,N,2,Nivel 4
660,34,El Poblado II,13,ARMA DE FUEGO,MECANICO,M,32,8:14:00,2023,8/20/2023,DOMINGO,06:00-08:59,MAÑANA,232,SOLTERO,SECUNDARIA,DELINCUENCIA,-76.49261477,3.41951796,N,N,N,2,Nivel 4
661,34,Bellavista,19,ARMA DE FUEGO,VENDEDOR AMBULANTE,M,23,8:18:00,2023,8/20/2023,DOMINGO,06:00-08:59,MAÑANA,232,SOLTERO,SECUNDARIA,DELINCUENCIA,-76.55545054,3.44680991,N,N,N,2,Nivel 4
662,34,Sucre,9,CORTOPUNZANTE,OFICIOS VARIOS,M,35,11:50:00,2023,8/21/2023,LUNES,09:00-11:59,MAÑANA,233,SIN ESTABLECER,SIN ESTABLECER,OTRO,-76.52558801,3.442724003,N,N,N,1,Nivel 4
663,34,Prados de Oriente,11,ARMA DE FUEGO,OFICIOS VARIOS,M,26,6:40:00,2023,8/22/2023,MARTES,06:00-08:59,MAÑANA,234,SIN ESTABLECER,SIN ESTABLECER,DELINCUENCIA,-76.51523043,3.433472444,N,N,N,3,Nivel 4
664,34,Alfonso Bonilla Aragón,14,ARMA DE FUEGO,VENDEDOR AMBULANTE,M,61,7:08:00,2023,8/22/2023,MARTES,06:00-08:59,MAÑANA,234,SEPARADO,PRIMARIA,CONVIVENCIA,-76.48487823,3.418970535,N,N,N,1,Nivel 4
665,34,Alirio Mora Beltrán,14,ARMA DE FUEGO,OFICIOS VARIOS,M,33,23:25:00,2023,8/23/2023,MIERCOLES,21:00-23:59,NOCHE,235,SIN ESTABLECER,SIN ESTABLECER,DELINCUENCIA,-76.47660795,3.434306392,N,N,N,2,Nivel 4
666,34,Saavedra Galindo,8,OTRAS ARMAS,OFICIOS VARIOS,M,22,17:30:00,2023,8/24/2023,JUEVES,15:00-17:59,TARDE,236,SIN ESTABLECER,SIN ESTABLECER,DELINCUENCIA,-76.51226157,3.439203626,N,N,N,2,Nivel 4
667,34,Petecuy Segunda Etapa,6,ARMA DE FUEGO,OFICIOS VARIOS,F,18,22:02:00,2023,8/24/2023,JUEVES,21:00-23:59,NOCHE,236,SIN ESTABLECER,SIN ESTABLECER,DELINCUENCIA,-76.4834086,3.481495324,N,N,N,2,Nivel 4
668,34,Urbanización Ciudad Jardín,22,ARMA DE FUEGO,VENDEDOR DE VEHICULOS,M,44,23:59:00,2023,8/24/2023,JUEVES,21:00-23:59,NOCHE,236,SOLTERO,SECUNDARIA,DELINCUENCIA,-76.53160881,3.364867328,N,N,N,6,Nivel 4
669,34,El Calvario,3,ARMA DE FUEGO,TAXISTA,M,26,14:50:00,2023,8/25/2023,VIERNES,12:00-14:59,TARDE,237,UNION LIBRE,SECUNDARIA,DELINCUENCIA,-76.52989897,3.447647982,N,N,N,3,Nivel 4
670,34,Prados del Limonar,17,ARMA DE FUEGO,ADMINISTRADOR,M,49,17:41:00,2023,8/25/2023,VIERNES,15:00-17:59,TARDE,237,CASADO,SECUNDARIA,DELINCUENCIA,-76.52990285,3.38796763,N,N,N,4,Nivel 4
671,34,Los Comuneros I,15,ARMA DE FUEGO,EMPLEADO,M,63,22:37:00,2023,8/25/2023,VIERNES,21:00-23:59,NOCHE,237,UNION LIBRE,SECUNDARIA,DELINCUENCIA,-76.49118318,3.409009243,N,N,N,2,Nivel 4
672,34,Villablanca,13,ARMA DE FUEGO,VENDEDOR AMBULANTE,M,36,0:18:00,2023,8/26/2023,SABADO,00:00-02:59,MADRUGADA,238,SOLTERO,TECNOLOGO,DELINCUENCIA,-76.49543053,3.429956482,N,N,N,2,Nivel 4
673,35,El Remanso,21,CORTOPUNZANTE,OFICIOS VARIOS,M,58,14:45:00,2023,8/27/2023,DOMINGO,12:00-14:59,TARDE,239,SIN ESTABLECER,SIN ESTABLECER,DELINCUENCIA,-76.46381065,3.419809355,N,N,N,1,Nivel 4
674,35,La Floresta,8,ARMA DE FUEGO,OFICIOS VARIOS,M,18,0:45:00,2023,8/28/2023,LUNES,00:00-02:59,MADRUGADA,240,SIN ESTABLECER,SIN ESTABLECER,OTRO,-76.51642317,3.445347404,N,N,N,3,Nivel 4
675,35,Pizamos II,21,ARMA DE FUEGO,ESTUDIANTE,M,16,8:25:00,2023,8/28/2023,LUNES,06:00-08:59,MAÑANA,240,SOLTERO,SECUNDARIA,OTRO,-76.47374224,3.407575308,N,S,N,1,Nivel 4
676,35,Alfonso Lopez P. 3a Etapa,7,CORTOPUNZANTE,INDIGENTE,M,17,23:30:00,2023,8/28/2023,LUNES,21:00-23:59,NOCHE,240,SIN ESTABLECER,SIN ESTABLECER,DELINCUENCIA,-76.47948126,3.450654564,N,N,N,3,Nivel 4
677,35,Jorge Eliécer Gaitán,6,CORTOPUNZANTE,SIN OCUPACION,M,38,0:10:00,2023,8/29/2023,MARTES,00:00-02:59,MADRUGADA,241,SIN ESTABLECER,SIN ESTABLECER,DELINCUENCIA,-76.48302863,3.468090092,N,N,N,2,Nivel 4
678,35,San Luís,6,ARMA DE FUEGO,DESEMPLEADO,M,22,15:28:00,2023,8/29/2023,MARTES,15:00-17:59,TARDE,241,SIN ESTABLECER,SIN ESTABLECER,DELINCUENCIA,-76.48343314,3.477976752,N,N,N,2,Nivel 4
679,35,Villablanca,13,ARMA DE FUEGO,OFICIOS VARIOS,M,18,0:20:00,2023,8/30/2023,MIERCOLES,00:00-02:59,MADRUGADA,242,SIN ESTABLECER,SIN ESTABLECER,DELINCUENCIA,-76.49689046,3.427203643,N,N,N,2,Nivel 4
680,35,Ciudad Córdoba,15,ARMA DE FUEGO,SIN OCUPACION,M,27,0:45:00,2023,8/30/2023,MIERCOLES,00:00-02:59,MADRUGADA,242,SIN ESTABLECER,SIN ESTABLECER,DELINCUENCIA,-76.50923503,3.399905925,N,N,N,3,Nivel 4
681,35,Lleras Camargo,20,ARMA DE FUEGO,INDIGENTE,F,52,3:15:00,2023,8/30/2023,MIERCOLES,03:00-05:59,MADRUGADA,242,SOLTERO,PRIMARIA,DELINCUENCIA,-76.56040119,3.420641556,N,N,N,1,Nivel 4
682,35,Los Parques Barranquilla,5,ARMA DE FUEGO,DEPORTISTA,M,21,17:15:00,2023,8/30/2023,MIERCOLES,15:00-17:59,TARDE,242,SOLTERO,SECUNDARIA,DELINCUENCIA,-76.4986022,3.480808311,N,N,N,3,Nivel 4
683,35,El Lido,19,ARMA DE FUEGO,OFICIOS VARIOS,M,45,19:05:00,2023,8/30/2023,MIERCOLES,18:00-20:59,NOCHE,242,UNION LIBRE,PRIMARIA,DELINCUENCIA,-76.55294387,3.417501421,N,N,N,5,Nivel 4
684,35,El Poblado II,13,ARMA DE FUEGO,COMERCIANTE,M,41,19:38:00,2023,8/30/2023,MIERCOLES,18:00-20:59,NOCHE,242,UNION LIBRE,SECUNDARIA,DELINCUENCIA,-76.48899914,3.424007912,N,N,N,2,Nivel 4
685,35,Sector Alto Jordán,18,ARMA DE FUEGO,VENDEDOR AMBULANTE,M,64,21:16:00,2023,8/30/2023,MIERCOLES,21:00-23:59,NOCHE,242,SIN ESTABLECER,SIN ESTABLECER,DELINCUENCIA,-76.55875403,3.378729806,N,N,N,1,Nivel 4
686,35,Santa Elena,10,ARMA DE FUEGO,SIN OCUPACION,M,35,23:09:00,2023,8/30/2023,MIERCOLES,21:00-23:59,NOCHE,242,SIN ESTABLECER,SIN ESTABLECER,DELINCUENCIA,-76.52337665,3.428038295,N,N,N,3,Nivel 4
687,35,Cuarto de Legua - Guadalupe,19,ARMA DE FUEGO,ESTUDIANTE,M,28,8:45:00,2023,8/31/2023,JUEVES,06:00-08:59,MAÑANA,243,SOLTERO,UNIVERSITARIO,DELINCUENCIA,-76.55153584,3.407682565,N,N,N,5,Nivel 4
688,35,CGTO. LA BUITRERA,54,ARMA DE FUEGO,OFICIOS VARIOS,M,34,14:02:00,2023,8/31/2023,JUEVES,12:00-14:59,TARDE,243,SOLTERO,PRIMARIA,CONVIVENCIA,-76.56999019,3.374295476,N,N,N,2,Nivel 4
689,35,El Morichal,15,ARMA DE FUEGO,OFICIOS VARIOS,M,52,6:40:00,2023,9/1/2023,VIERNES,06:00-08:59,MAÑANA,244,SIN ESTABLECER,SIN ESTABLECER,DELINCUENCIA,-76.50877317,3.39697844,N,N,N,2,Nivel 4
690,35,Ciudadela Floralia,6,ARMA DE FUEGO,COMERCIANTE,M,40,23:05:00,2023,9/1/2023,VIERNES,21:00-23:59,NOCHE,244,UNION LIBRE,SECUNDARIA,DELINCUENCIA,-76.49573734,3.498456598,N,N,N,2,Nivel 4
691,35,Aguacatal,1,ARMA DE FUEGO,ALBAÑIL,M,18,12:20:00,2023,9/2/2023,SABADO,12:00-14:59,TARDE,245,UNION LIBRE,SECUNDARIA,DELINCUENCIA,-76.55990702,3.45791047,N,N,N,1,Nivel 4
692,35,Cristóbal Colón,10,ARMA DE FUEGO,OFICIOS VARIOS,M,34,20:55:00,2023,9/2/2023,SABADO,18:00-20:59,NOCHE,245,SOLTERO,SECUNDARIA,DELINCUENCIA,-76.52569393,3.419857713,N,N,N,3,Nivel 4
693,35,Mojica,15,ARMA DE FUEGO,OFICIOS VARIOS,M,34,22:05:00,2023,9/2/2023,SABADO,21:00-23:59,NOCHE,245,CASADO,SECUNDARIA,DELINCUENCIA,-76.48878868,3.416733361,N,N,N,1,Nivel 4
694,36,Alfonso Lopez P. 3a Etapa,7,ARMA DE FUEGO,ESTUDIANTE,M,18,0:59:00,2023,9/3/2023,DOMINGO,00:00-02:59,MADRUGADA,246,SOLTERO,SECUNDARIA,DELINCUENCIA,-76.47867235,3.45671876,N,N,N,3,Nivel 4
695,36,El Poblado II,13,ARMA DE FUEGO,OFICIOS VARIOS,M,27,6:57:00,2023,9/3/2023,DOMINGO,06:00-08:59,MAÑANA,246,SIN ESTABLECER,SIN ESTABLECER,DELINCUENCIA,-76.49171439,3.422258511,N,N,N,2,Nivel 4
696,36,Los Comuneros II,13,ARMA DE FUEGO,DESEMPLEADO,M,22,7:25:00,2023,9/3/2023,DOMINGO,06:00-08:59,MAÑANA,246,SIN ESTABLECER,SIN ESTABLECER,DELINCUENCIA,-76.49120351,3.42563062,N,N,N,2,Nivel 4
697,36,El Prado,11,ARMA DE FUEGO,DESEMPLEADO,M,26,8:00:00,2023,9/3/2023,DOMINGO,06:00-08:59,MAÑANA,246,SIN ESTABLECER,SIN ESTABLECER,DELINCUENCIA,-76.51582814,3.435932871,N,N,N,3,Nivel 4
698,36,Los Comuneros II,13,ARMA DE FUEGO,SIN OCUPACION,M,16,8:25:00,2023,9/3/2023,DOMINGO,06:00-08:59,MAÑANA,246,SIN ESTABLECER,SIN ESTABLECER,DELINCUENCIA,-76.49440583,3.428470271,N,N,N,2,Nivel 4
699,36,Petecuy Tercera Etapa,6,ARMA DE FUEGO,OFICIOS VARIOS,M,27,19:20:00,2023,9/3/2023,DOMINGO,18:00-20:59,NOCHE,246,SOLTERO,SECUNDARIA,DELINCUENCIA,-76.48003585,3.47744445,N,N,N,2,Nivel 4
700,36,Siete de Agosto,7,ARMA DE FUEGO,OFICIOS VARIOS,F,32,19:45:00,2023,9/3/2023,DOMINGO,18:00-20:59,NOCHE,246,SIN ESTABLECER,SIN ESTABLECER,DELINCUENCIA,-76.48373517,3.448695574,N,N,N,3,Nivel 4
701,36,La Sultana,20,ARMA DE FUEGO,OFICIOS VARIOS,M,19,0:10:00,2023,9/4/2023,LUNES,00:00-02:59,MADRUGADA,247,SIN ESTABLECER,SIN ESTABLECER,DELINCUENCIA,-76.56437225,3.42325208,N,N,N,1,Nivel 4
702,36,Petecuy Primera Etapa,6,ARMA DE FUEGO,EMPLEADO,M,67,18:45:00,2023,9/4/2023,LUNES,18:00-20:59,NOCHE,247,SIN ESTABLECER,SIN ESTABLECER,DELINCUENCIA,-76.47814543,3.475316599,N,N,N,2,Nivel 4
703,36,Mojica,15,ARMA DE FUEGO,DESEMPLEADO,M,25,19:35:00,2023,9/4/2023,LUNES,18:00-20:59,NOCHE,247,SIN ESTABLECER,SIN ESTABLECER,DELINCUENCIA,-76.48817943,3.415688358,N,N,N,1,Nivel 4
704,36,Mojica,15,ARMA DE FUEGO,OFICIOS VARIOS,M,18,20:45:00,2023,9/4/2023,LUNES,18:00-20:59,NOCHE,247,SIN ESTABLECER,SIN ESTABLECER,DELINCUENCIA,-76.48409083,3.414012463,N,N,N,1,Nivel 4
705,36,Los Comuneros I,15,CORTOPUNZANTE,SIN OCUPACION,F,16,15:08:00,2023,9/5/2023,MARTES,15:00-17:59,TARDE,248,SIN ESTABLECER,SIN ESTABLECER,CONVIVENCIA,-76.49403773,3.411458625,S,N,N,2,Nivel 4
706,36,Omar Torrijos,13,ARMA DE FUEGO,MOTORISTA,M,32,18:40:00,2023,9/5/2023,MARTES,18:00-20:59,NOCHE,248,SOLTERO,PRIMARIA,DELINCUENCIA,-76.48579529,3.426115847,N,N,N,2,Nivel 4
707,36,Sector Laguna del Pondaje,13,ARMA DE FUEGO,OFICIOS VARIOS,M,36,20:45:00,2023,9/5/2023,MARTES,18:00-20:59,NOCHE,248,SIN ESTABLECER,SIN ESTABLECER,DELINCUENCIA,-76.49230038,3.429881305,N,N,N,1,Nivel 4
708,36,Sector Laguna del Pondaje,13,ARMA DE FUEGO,OFICIOS VARIOS,M,41,20:45:00,2023,9/5/2023,MARTES,18:00-20:59,NOCHE,248,SIN ESTABLECER,SIN ESTABLECER,DELINCUENCIA,-76.49230038,3.429881305,N,N,N,1,Nivel 4
709,36,Sector Laguna del Pondaje,13,ARMA DE FUEGO,OFICIOS VARIOS,M,36,20:45:00,2023,9/5/2023,MARTES,18:00-20:59,NOCHE,248,SOLTERO,PRIMARIA,DELINCUENCIA,-76.49230038,3.429881305,N,N,S,1,Nivel 4
710,36,Guayaquil,9,ARMA DE FUEGO,DESEMPLEADO,M,30,10:45:00,2023,9/7/2023,JUEVES,09:00-11:59,MAÑANA,250,SIN ESTABLECER,SIN ESTABLECER,DELINCUENCIA,-76.52843581,3.441317604,N,N,N,3,Nivel 4
711,36,Omar Torrijos,13,ARMA DE FUEGO,ALBAÑIL,M,23,17:45:00,2023,9/7/2023,JUEVES,15:00-17:59,TARDE,250,SOLTERO,ILETRADO,DELINCUENCIA,-76.48558268,3.424594642,N,N,N,2,Nivel 4
712,36,Sucre,9,ARMA DE FUEGO,COTERO,M,18,17:55:00,2023,9/7/2023,JUEVES,15:00-17:59,TARDE,250,SOLTERO,ILETRADO,DELINCUENCIA,-76.52291242,3.444773432,N,N,N,1,Nivel 4
713,36,Caney,17,ARMA DE FUEGO,COMERCIANTE,M,32,20:45:00,2023,9/7/2023,JUEVES,18:00-20:59,NOCHE,250,SIN ESTABLECER,SIN ESTABLECER,DELINCUENCIA,-76.51960416,3.382032953,N,N,N,4,Nivel 4
714,36,Compartir,21,ARMA DE FUEGO,OFICIOS VARIOS,M,35,18:35:00,2023,9/8/2023,VIERNES,18:00-20:59,NOCHE,251,SIN ESTABLECER,SIN ESTABLECER,DELINCUENCIA,-76.47048555,3.431961655,N,N,N,2,Nivel 4
715,36,Sector Patio Bonito,1,ARMA DE FUEGO,VENDEDOR AMBULANTE,M,22,20:15:00,2023,9/8/2023,VIERNES,18:00-20:59,NOCHE,251,SIN ESTABLECER,ILETRADO,DELINCUENCIA,-76.58418147,3.460000886,N,N,N,1,Nivel 4
716,36,Mariano Ramos,16,ARMA DE FUEGO,INDIGENTE,M,38,23:50:00,2023,9/8/2023,VIERNES,21:00-23:59,NOCHE,251,SOLTERO,SECUNDARIA,CONVIVENCIA,-76.52150458,3.404066094,N,N,N,2,Nivel 4
717,36,San Benito,11,ARMA DE FUEGO,OFICIOS VARIOS,M,39,0:30:00,2023,9/9/2023,SABADO,00:00-02:59,MADRUGADA,252,SOLTERO,SECUNDARIA,CONVIVENCIA,-76.50901561,3.428099264,N,N,N,2,Nivel 4
718,36,El Calvario,3,CORTOPUNZANTE,OFICIOS VARIOS,M,32,11:30:00,2023,9/9/2023,SABADO,09:00-11:59,MAÑANA,252,SIN ESTABLECER,SIN ESTABLECER,CONVIVENCIA,-76.52989897,3.447647982,N,N,N,3,Nivel 4
719,36,Sector Alto de los Chorros,18,ARMA DE FUEGO,COMERCIANTE,M,27,11:35:00,2023,9/9/2023,SABADO,09:00-11:59,MAÑANA,252,SIN ESTABLECER,SIN ESTABLECER,DELINCUENCIA,-76.56001274,3.39128077,N,N,N,1,Nivel 4
720,36,Sector Alto de los Chorros,18,ARMA DE FUEGO,VENDEDOR AMBULANTE,M,28,11:35:00,2023,9/9/2023,SABADO,09:00-11:59,MAÑANA,252,SOLTERO,PRIMARIA,DELINCUENCIA,-76.56001274,3.39128077,N,N,N,1,Nivel 4
721,37,Alto Nápoles,18,ARMA DE FUEGO,AMA DE CASA,F,27,0:35:00,2023,9/10/2023,DOMINGO,00:00-02:59,MADRUGADA,253,SOLTERO,SECUNDARIA,DELINCUENCIA,-76.55987199,3.385040427,N,N,N,1,Nivel 4
722,37,Alirio Mora Beltrán,14,CORTOPUNZANTE,OFICIOS VARIOS,M,42,7:27:00,2023,9/10/2023,DOMINGO,06:00-08:59,MAÑANA,253,SIN ESTABLECER,SIN ESTABLECER,DELINCUENCIA,-76.48056271,3.439435758,N,N,N,2,Nivel 4
723,37,El Vallado,15,ARMA DE FUEGO,OFICIOS VARIOS,M,27,9:05:00,2023,9/10/2023,DOMINGO,09:00-11:59,MAÑANA,253,SIN ESTABLECER,SIN ESTABLECER,CONVIVENCIA,-76.49471791,3.406531761,N,N,N,2,Nivel 4
724,37,El Rodeo,12,ARMA DE FUEGO,OFICIOS VARIOS,M,32,14:39:00,2023,9/10/2023,DOMINGO,12:00-14:59,TARDE,253,SIN ESTABLECER,SIN ESTABLECER,DELINCUENCIA,-76.50029368,3.436371424,N,N,N,2,Nivel 4
725,37,El Morichal,15,ARMA DE FUEGO,DESEMPLEADO,M,20,22:44:00,2023,9/10/2023,DOMINGO,21:00-23:59,NOCHE,253,SIN ESTABLECER,SIN ESTABLECER,CONVIVENCIA,-76.50552018,3.391897396,N,N,N,2,Nivel 4
726,37,Ciudadela Floralia,6,ARMA DE FUEGO,DESEMPLEADO,M,17,0:11:00,2023,9/11/2023,LUNES,00:00-02:59,MADRUGADA,254,SIN ESTABLECER,SIN ESTABLECER,DELINCUENCIA,-76.4963739,3.496067788,N,N,N,2,Nivel 4
727,37,Sucre,9,ARMA DE FUEGO,OFICIOS VARIOS,M,26,17:20:00,2023,9/11/2023,LUNES,15:00-17:59,TARDE,254,SIN ESTABLECER,SIN ESTABLECER,DELINCUENCIA,-76.52387305,3.444610368,N,N,N,1,Nivel 4
728,37,El Sena,5,ARMA DE FUEGO,OFICIOS VARIOS,M,36,20:47:00,2023,9/12/2023,MARTES,18:00-20:59,NOCHE,255,SIN ESTABLECER,SIN ESTABLECER,DELINCUENCIA,-76.50120946,3.468264805,N,N,N,3,Nivel 4
729,37,El Paraíso,12,ARMA DE FUEGO,DESEMPLEADO,M,34,0:10:00,2023,9/13/2023,MIERCOLES,00:00-02:59,MADRUGADA,256,SIN ESTABLECER,SIN ESTABLECER,DELINCUENCIA,-76.50728005,3.431945232,N,N,N,3,Nivel 4
730,37,Potrero Grande,21,ARMA DE FUEGO,OFICIOS VARIOS,M,44,17:02:00,2023,9/13/2023,MIERCOLES,15:00-17:59,TARDE,256,SOLTERO,PRIMARIA,CONVIVENCIA,-76.46873468,3.41034142,N,N,N,2,Nivel 4
731,37,El Calvario,3,ARMA DE FUEGO,COTERO,M,42,12:45:00,2023,9/14/2023,JUEVES,12:00-14:59,TARDE,257,UNION LIBRE,PRIMARIA,DELINCUENCIA,-76.53122353,3.44633371,N,N,N,3,Nivel 4
732,37,Santa Teresita,2,ARMA DE FUEGO,OFICIOS VARIOS,M,22,13:34:00,2023,9/14/2023,JUEVES,12:00-14:59,TARDE,257,SIN ESTABLECER,SIN ESTABLECER,DELINCUENCIA,-76.5518368,3.450602423,N,N,N,6,Nivel 4
733,37,Los Comuneros I,15,ARMA DE FUEGO,OFICIOS VARIOS,M,25,14:11:00,2023,9/14/2023,JUEVES,12:00-14:59,TARDE,257,SIN ESTABLECER,SIN ESTABLECER,DELINCUENCIA,-76.49235653,3.411357425,N,N,N,2,Nivel 4
734,37,CGTO. EL SALADITO,60,ARMA DE FUEGO,JOYERO,M,20,4:54:00,2023,9/15/2023,VIERNES,03:00-05:59,MADRUGADA,258,SOLTERO,SECUNDARIA,DELINCUENCIA,-76.60165179,3.468179319,N,N,N,2,Nivel 4
735,37,Caney,17,ARMA DE FUEGO,VENDEDOR,F,44,17:45:00,2023,9/15/2023,VIERNES,15:00-17:59,TARDE,258,CASADO,SECUNDARIA,DELINCUENCIA,-76.51990846,3.387288313,N,N,N,4,Nivel 4
736,37,El Morichal,15,ARMA DE FUEGO,DESEMPLEADO,M,21,0:21:00,2023,9/16/2023,SABADO,00:00-02:59,MADRUGADA,259,SOLTERO,SECUNDARIA,DELINCUENCIA,-76.50571325,3.392293794,N,N,N,2,Nivel 4
737,37,Alfonso Lopez P. 2a Etapa,7,ARMA DE FUEGO,ALBAÑIL,M,26,10:15:00,2023,9/16/2023,SABADO,09:00-11:59,MAÑANA,259,SOLTERO,SECUNDARIA,DELINCUENCIA,-76.47750998,3.457347979,N,N,N,3,Nivel 4
738,38,Terrón Colorado,1,ARMA DE FUEGO,OFICIOS VARIOS,M,37,4:30:00,2023,9/17/2023,DOMINGO,03:00-05:59,MADRUGADA,260,SIN ESTABLECER,SIN ESTABLECER,CONVIVENCIA,-76.570588,3.45394561,N,N,N,2,Nivel 4
739,38,Julio Rincón,12,CORTOPUNZANTE,OFICIOS VARIOS,M,29,6:50:00,2023,9/17/2023,DOMINGO,06:00-08:59,MAÑANA,260,SIN ESTABLECER,SIN ESTABLECER,DELINCUENCIA,-76.50184133,3.425685782,N,N,N,2,Nivel 4
740,38,Urbanización Nueva Granada,19,ARMA DE FUEGO,ELECTRICISTA,M,27,10:15:00,2023,9/17/2023,DOMINGO,09:00-11:59,MAÑANA,260,UNION LIBRE,SECUNDARIA,DELINCUENCIA,-76.55242189,3.423878762,N,N,N,4,Nivel 4
741,38,Potrero Grande,21,ARMA DE FUEGO,VENDEDOR AMBULANTE,M,27,11:30:00,2023,9/17/2023,DOMINGO,09:00-11:59,MAÑANA,260,UNION LIBRE,SECUNDARIA,DELINCUENCIA,-76.46956718,3.40960628,N,N,N,2,Nivel 4
742,38,Sector Alto Jordán,18,ARMA DE FUEGO,ALBAÑIL,M,41,19:10:00,2023,9/17/2023,DOMINGO,18:00-20:59,NOCHE,260,UNION LIBRE,SECUNDARIA,DELINCUENCIA,-76.55702834,3.376639238,N,N,N,1,Nivel 4
743,38,Los Lagos,13,ARMA DE FUEGO,OFICIOS VARIOS,M,63,20:50:00,2023,9/17/2023,DOMINGO,18:00-20:59,NOCHE,260,SIN ESTABLECER,SIN ESTABLECER,DELINCUENCIA,-76.48522392,3.431595195,N,N,N,2,Nivel 4
744,38,Laureano Gómez,15,ARMA DE FUEGO,ALBAÑIL,M,43,2:25:00,2023,9/18/2023,LUNES,00:00-02:59,MADRUGADA,261,SIN ESTABLECER,SIN ESTABLECER,DELINCUENCIA,-76.49585506,3.409720241,N,N,N,1,Nivel 4
745,38,San Nicolás,3,OTRAS ARMAS,TRABAJADOR SEXUAL,F,30,13:47:00,2023,9/18/2023,LUNES,12:00-14:59,TARDE,261,SIN ESTABLECER,SIN ESTABLECER,CONVIVENCIA,-76.52616052,3.451979007,N,N,N,2,Nivel 4
746,38,Ciudad Córdoba,15,ARMA DE FUEGO,DESEMPLEADO,M,23,2:42:00,2023,9/19/2023,MARTES,00:00-02:59,MADRUGADA,262,SIN ESTABLECER,SIN ESTABLECER,CONVIVENCIA,-76.50665921,3.400007831,N,N,N,3,Nivel 4
747,38,Aranjuez,9,ARMA DE FUEGO,OFICIOS VARIOS,M,27,13:48:00,2023,9/19/2023,MARTES,12:00-14:59,TARDE,262,SIN ESTABLECER,SIN ESTABLECER,DELINCUENCIA,-76.52375206,3.434759677,N,N,N,3,Nivel 4
748,38,Aranjuez,9,ARMA DE FUEGO,OFICIOS VARIOS,M,38,13:48:00,2023,9/19/2023,MARTES,12:00-14:59,TARDE,262,SIN ESTABLECER,SIN ESTABLECER,DELINCUENCIA,-76.52375206,3.434759677,N,N,N,3,Nivel 4
749,38,El Poblado I,13,ARMA DE FUEGO,OFICIOS VARIOS,M,30,17:02:00,2023,9/19/2023,MARTES,15:00-17:59,TARDE,262,SIN ESTABLECER,SIN ESTABLECER,DELINCUENCIA,-76.49765019,3.416772486,N,N,N,2,Nivel 4
750,38,Los Comuneros II,13,ARMA DE FUEGO,SIN OCUPACION,M,17,19:32:00,2023,9/19/2023,MARTES,18:00-20:59,NOCHE,262,SIN ESTABLECER,SIN ESTABLECER,DELINCUENCIA,-76.49353045,3.427509093,N,N,N,2,Nivel 4
751,38,San Juan Bosco,3,ARMA DE FUEGO,OFICIOS VARIOS,M,27,21:03:00,2023,9/19/2023,MARTES,21:00-23:59,NOCHE,262,SIN ESTABLECER,SIN ESTABLECER,DELINCUENCIA,-76.53074155,3.443396751,N,N,N,3,Nivel 4
752,38,Villa del Lago,13,ARMA DE FUEGO,DESEMPLEADO,M,25,21:59:00,2023,9/19/2023,MARTES,21:00-23:59,NOCHE,262,SIN ESTABLECER,SIN ESTABLECER,DELINCUENCIA,-76.49155271,3.437371125,N,N,N,3,Nivel 4
753,38,Siete de Agosto,7,ARMA DE FUEGO,OFICIOS VARIOS,M,24,22:21:00,2023,9/19/2023,MARTES,21:00-23:59,NOCHE,262,SIN ESTABLECER,SIN ESTABLECER,DELINCUENCIA,-76.48595479,3.445019521,N,N,N,3,Nivel 4
754,38,Altos de Menga,2,ARMA DE FUEGO,OFICIOS VARIOS,M,30,15:09:00,2023,9/20/2023,MIERCOLES,15:00-17:59,TARDE,263,SIN ESTABLECER,SIN ESTABLECER,DELINCUENCIA,-76.53195517,3.489005808,N,N,N,1,Nivel 4
755,38,Mariano Ramos,16,ARMA DE FUEGO,VIGILANTE,M,29,22:45:00,2023,9/20/2023,MIERCOLES,21:00-23:59,NOCHE,263,SOLTERO,SECUNDARIA,DELINCUENCIA,-76.51821883,3.409323974,N,N,N,2,Nivel 4
756,38,Potrero Grande,21,ARMA DE FUEGO,OFICIOS VARIOS,M,31,22:47:00,2023,9/20/2023,MIERCOLES,21:00-23:59,NOCHE,263,SIN ESTABLECER,SIN ESTABLECER,DELINCUENCIA,-76.47252639,3.410102181,N,N,N,2,Nivel 4
757,38,Sector Alto Jordán,18,ARMA DE FUEGO,COMERCIANTE,M,31,5:00:00,2023,9/21/2023,JUEVES,03:00-05:59,MADRUGADA,264,UNION LIBRE,SECUNDARIA,OTRO,-76.5533858,3.374749863,N,N,N,1,Nivel 4
758,38,República de Israel,16,ARMA DE FUEGO,EMPLEADO,M,39,14:30:00,2023,9/21/2023,JUEVES,12:00-14:59,TARDE,264,SIN ESTABLECER,SIN ESTABLECER,DELINCUENCIA,-76.51211894,3.409389793,N,N,N,2,Nivel 4
759,38,Ciudadela Floralia,6,ARMA DE FUEGO,OFICIOS VARIOS,M,25,15:35:00,2023,9/21/2023,JUEVES,15:00-17:59,TARDE,264,SIN ESTABLECER,SIN ESTABLECER,DELINCUENCIA,-76.49508199,3.49801388,N,N,N,2,Nivel 4
760,38,Ciudadela Pasoancho,17,ARMA DE FUEGO,OFICIOS VARIOS,M,35,2:38:00,2023,9/23/2023,SABADO,00:00-02:59,MADRUGADA,266,SIN ESTABLECER,SIN ESTABLECER,CONVIVENCIA,-76.53395182,3.386072437,N,N,N,5,Nivel 4
761,38,San Pedro,3,CORTOPUNZANTE,PENSIONADO,M,77,16:00:00,2023,9/23/2023,SABADO,15:00-17:59,TARDE,266,SOLTERO,UNIVERSITARIO,DELINCUENCIA,-76.53066227,3.449929919,N,N,S,3,Nivel 4
762,38,Sucre,9,CORTOPUNZANTE,OFICIOS VARIOS,M,40,19:25:00,2023,9/23/2023,SABADO,18:00-20:59,NOCHE,266,SIN ESTABLECER,SIN ESTABLECER,DELINCUENCIA,-76.52547405,3.447534434,N,N,N,1,Nivel 4
763,38,Terrón Colorado,1,ARMA DE FUEGO,OFICIOS VARIOS,M,37,20:40:00,2023,9/23/2023,SABADO,18:00-20:59,NOCHE,266,SOLTERO,TECNOLOGO,DELINCUENCIA,-76.56566364,3.453266539,N,N,N,2,Nivel 4
764,38,La Isla,4,ARMA DE FUEGO,OFICIOS VARIOS,M,24,21:44:00,2023,9/23/2023,SABADO,21:00-23:59,NOCHE,266,SOLTERO,TECNOLOGO,DELINCUENCIA,-76.51216079,3.475784101,N,N,N,2,Nivel 4
765,38,El Vergel,13,ARMA DE FUEGO,OFICIOS VARIOS,M,57,23:37:00,2023,9/23/2023,SABADO,21:00-23:59,NOCHE,266,SIN ESTABLECER,SIN ESTABLECER,DELINCUENCIA,-76.49926763,3.415408495,N,N,N,1,Nivel 4
766,39,Tierra Blanca,20,ARMA DE FUEGO,DESEMPLEADO,M,27,1:30:00,2023,9/24/2023,DOMINGO,00:00-02:59,MADRUGADA,267,SOLTERO,SECUNDARIA,DELINCUENCIA,-76.55794256,3.420715229,N,N,N,1,Nivel 4
767,39,El Vergel,13,ARMA DE FUEGO,OFICIOS VARIOS,M,39,1:40:00,2023,9/25/2023,LUNES,00:00-02:59,MADRUGADA,268,SIN ESTABLECER,SIN ESTABLECER,CONVIVENCIA,-76.50251903,3.416506516,N,N,N,1,Nivel 4
768,39,José Manuel Marroquín I,14,ARMA DE FUEGO,ALBAÑIL,M,30,15:20:00,2023,9/25/2023,LUNES,15:00-17:59,TARDE,268,UNION LIBRE,SECUNDARIA,DELINCUENCIA,-76.47858612,3.421301971,N,N,N,2,Nivel 4
769,39,Mojica,15,ARMA DE FUEGO,OFICIOS VARIOS,M,24,20:30:00,2023,9/27/2023,MIERCOLES,18:00-20:59,NOCHE,270,SIN ESTABLECER,SIN ESTABLECER,DELINCUENCIA,-76.48765901,3.415069626,N,N,N,1,Nivel 4
770,39,Atanasio Girardot,8,ARMA DE FUEGO,OFICIOS VARIOS,M,40,16:10:00,2023,9/28/2023,JUEVES,15:00-17:59,TARDE,271,SIN ESTABLECER,SIN ESTABLECER,DELINCUENCIA,-76.5093932,3.442419764,N,N,N,3,Nivel 4
771,39,Mojica,15,ARMA DE FUEGO,VENDEDOR AMBULANTE,M,19,21:08:00,2023,9/28/2023,JUEVES,21:00-23:59,NOCHE,271,UNION LIBRE,PRIMARIA,DELINCUENCIA,-76.48679006,3.416730682,N,N,N,1,Nivel 4
772,39,Santa Anita - La Selva,17,ARMA DE FUEGO,COMERCIANTE,M,46,17:45:00,2023,9/29/2023,VIERNES,15:00-17:59,TARDE,272,SOLTERO,SECUNDARIA,DELINCUENCIA,-76.53581836,3.408920728,N,N,N,5,Nivel 4
773,39,Porvenir,4,ARMA DE FUEGO,VENDEDOR AMBULANTE,M,23,19:36:00,2023,9/30/2023,SABADO,18:00-20:59,NOCHE,273,SOLTERO,SECUNDARIA,DELINCUENCIA,-76.51457688,3.460380656,N,N,N,2,Nivel 4
774,39,Los Lagos,13,ARMA DE FUEGO,DESEMPLEADO,M,20,20:10:00,2023,9/30/2023,SABADO,18:00-20:59,NOCHE,273,SOLTERO,SECUNDARIA,DELINCUENCIA,-76.4861063,3.42975132,N,N,N,2,Nivel 4
775,39,Ciudadela Floralia,6,ARMA DE FUEGO,MOTORISTA,M,38,21:58:00,2023,9/30/2023,SABADO,21:00-23:59,NOCHE,273,SIN ESTABLECER,SIN ESTABLECER,DELINCUENCIA,-76.49175952,3.4926503,N,N,N,2,Nivel 4
776,40,Los Comuneros I,15,ARMA DE FUEGO,OFICIOS VARIOS,M,37,6:20:00,2023,10/1/2023,DOMINGO,06:00-08:59,MAÑANA,274,SIN ESTABLECER,SIN ESTABLECER,DELINCUENCIA,-76.49381793,3.407998825,N,N,N,2,Nivel 4
777,40,Urbanización Calimio,6,CORTOPUNZANTE,SIN OCUPACION,M,28,6:30:00,2023,10/1/2023,DOMINGO,06:00-08:59,MAÑANA,274,SIN ESTABLECER,SIN ESTABLECER,OTRO,-76.48456896,3.490461369,N,N,N,2,Nivel 4
778,40,Alfonso Bonilla Aragón,14,CORTOPUNZANTE,DESEMPLEADO,M,18,12:00:00,2023,10/1/2023,DOMINGO,12:00-14:59,TARDE,274,SOLTERO,SECUNDARIA,DELINCUENCIA,-76.48088313,3.419615297,N,N,N,1,Nivel 4
779,40,Nápoles,18,ARMA DE FUEGO,OFICIOS VARIOS,M,20,21:05:00,2023,10/1/2023,DOMINGO,21:00-23:59,NOCHE,274,SIN ESTABLECER,SIN ESTABLECER,DELINCUENCIA,-76.54595937,3.386117167,N,N,N,3,Nivel 4
780,40,Nápoles,18,ARMA DE FUEGO,SIN OCUPACION,M,28,21:05:00,2023,10/1/2023,DOMINGO,21:00-23:59,NOCHE,274,SIN ESTABLECER,SIN ESTABLECER,DELINCUENCIA,-76.54595937,3.386117167,N,N,N,3,Nivel 4
781,40,El Morichal,15,ARMA DE FUEGO,ALBAÑIL,M,22,23:00:00,2023,10/1/2023,DOMINGO,21:00-23:59,NOCHE,274,SOLTERO,PRIMARIA,DELINCUENCIA,-76.50959299,3.39096327,N,N,N,2,Nivel 4
782,40,Ciudad 2000,16,ARMA DE FUEGO,INDIGENTE,M,26,4:40:00,2023,10/2/2023,LUNES,03:00-05:59,MADRUGADA,275,SIN ESTABLECER,SIN ESTABLECER,DELINCUENCIA,-76.52045603,3.394478136,N,N,N,4,Nivel 4
783,40,Urbanización Tequendama,19,ARMA DE FUEGO,DESEMPLEADO,M,31,6:12:00,2023,10/3/2023,MARTES,06:00-08:59,MAÑANA,276,SIN ESTABLECER,SIN ESTABLECER,DELINCUENCIA,-76.54518359,3.419721372,N,N,N,5,Nivel 4
784,40,El Morichal,15,ARMA DE FUEGO,SIN OCUPACION,M,31,16:15:00,2023,10/3/2023,MARTES,15:00-17:59,TARDE,276,SIN ESTABLECER,SIN ESTABLECER,CONVIVENCIA,-76.50186911,3.400260262,N,N,N,2,Nivel 4
785,40,Belisario Caicedo,20,CORTOPUNZANTE,DESEMPLEADO,M,21,18:40:00,2023,10/3/2023,MARTES,18:00-20:59,NOCHE,276,SOLTERO,SECUNDARIA,CONVIVENCIA,-76.55696733,3.415946063,N,N,N,3,Nivel 4
786,40,Promociones Populares B,14,ARMA DE FUEGO,OFICIOS VARIOS,M,46,7:04:00,2023,10/4/2023,MIERCOLES,06:00-08:59,MAÑANA,277,SIN ESTABLECER,SIN ESTABLECER,DELINCUENCIA,-76.47674133,3.425047199,N,N,N,1,Nivel 4
787,40,Mario Correa Rengifo,18,ARMA DE FUEGO,SIN OCUPACION,M,19,13:54:00,2023,10/4/2023,MIERCOLES,12:00-14:59,TARDE,277,SIN ESTABLECER,SIN ESTABLECER,DELINCUENCIA,-76.55821189,3.387635292,N,N,N,2,Nivel 4
788,40,Lleras Camargo,20,ARMA DE FUEGO,OBRERO,M,44,20:35:00,2023,10/4/2023,MIERCOLES,18:00-20:59,NOCHE,277,SIN ESTABLECER,SIN ESTABLECER,DELINCUENCIA,-76.56011629,3.42034069,N,N,N,1,Nivel 4
789,40,Atanasio Girardot,8,ARMA DE FUEGO,COMERCIANTE,M,32,21:40:00,2023,10/4/2023,MIERCOLES,21:00-23:59,NOCHE,277,SIN ESTABLECER,SIN ESTABLECER,DELINCUENCIA,-76.5095454,3.443820849,N,N,N,3,Nivel 4
790,40,Sucre,9,CORTOPUNZANTE,OFICIOS VARIOS,M,31,7:33:00,2023,10/5/2023,JUEVES,06:00-08:59,MAÑANA,278,SIN ESTABLECER,SIN ESTABLECER,DELINCUENCIA,-76.52273506,3.444188914,N,N,N,1,Nivel 4
791,40,Desepaz Invicali,21,ARMA DE FUEGO,OFICIOS VARIOS,M,23,19:10:00,2023,10/5/2023,JUEVES,18:00-20:59,NOCHE,278,SIN ESTABLECER,SIN ESTABLECER,DELINCUENCIA,-76.46354744,3.428313237,N,N,N,1,Nivel 4
792,40,San Juan Bosco,3,CORTOPUNZANTE,SIN OCUPACION,M,35,19:50:00,2023,10/5/2023,JUEVES,18:00-20:59,NOCHE,278,SIN ESTABLECER,SIN ESTABLECER,DELINCUENCIA,-76.53191805,3.442555165,N,N,N,3,Nivel 4
793,40,Siloé,20,CORTOPUNZANTE,EMPLEADO,M,29,4:33:00,2023,10/7/2023,SABADO,03:00-05:59,MADRUGADA,280,SOLTERO,TECNOLOGO,CONVIVENCIA,-76.55679348,3.419005615,N,N,N,1,Nivel 4
794,40,Mariano Ramos,16,ARMA DE FUEGO,DESEMPLEADO,M,35,13:20:00,2023,10/7/2023,SABADO,12:00-14:59,TARDE,280,UNION LIBRE,SECUNDARIA,CONVIVENCIA,-76.51308077,3.400196561,N,N,N,2,Nivel 4
795,40,Mariano Ramos,16,ARMA DE FUEGO,INDIGENTE,M,38,19:39:00,2023,10/7/2023,SABADO,18:00-20:59,NOCHE,280,SIN ESTABLECER,SIN ESTABLECER,DELINCUENCIA,-76.52079814,3.402829223,N,N,N,2,Nivel 4
796,40,Mariano Ramos,16,ARMA DE FUEGO,INDIGENTE,M,35,19:39:00,2023,10/7/2023,SABADO,18:00-20:59,NOCHE,280,SIN ESTABLECER,SIN ESTABLECER,DELINCUENCIA,-76.52079814,3.402829223,N,N,N,2,Nivel 4
797,40,Sucre,9,CORTOPUNZANTE,INDIGENTE,M,25,22:07:00,2023,10/7/2023,SABADO,21:00-23:59,NOCHE,280,SIN ESTABLECER,SIN ESTABLECER,DELINCUENCIA,-76.52485724,3.451167491,N,N,N,1,Nivel 4
798,40,El Vallado,15,ARMA DE FUEGO,DESEMPLEADO,M,18,22:11:00,2023,10/7/2023,SABADO,21:00-23:59,NOCHE,280,SIN ESTABLECER,SIN ESTABLECER,DELINCUENCIA,-76.49538861,3.406918914,N,N,N,2,Nivel 4
799,41,Potrero Grande,21,ARMA DE FUEGO,SIN OCUPACION,M,13,0:32:00,2023,10/8/2023,DOMINGO,00:00-02:59,MADRUGADA,281,SIN ESTABLECER,SIN ESTABLECER,CONVIVENCIA,-76.47005194,3.407519746,N,N,N,2,Nivel 4
800,41,Sector Alto de los Chorros,18,ARMA DE FUEGO,VENDEDOR AMBULANTE,M,36,5:15:00,2023,10/8/2023,DOMINGO,03:00-05:59,MADRUGADA,281,SOLTERO,PRIMARIA,CONVIVENCIA,-76.56026201,3.387034006,N,N,N,1,Nivel 4
801,41,Pizamos I,21,ARMA DE FUEGO,INDIGENTE,M,30,11:46:00,2023,10/8/2023,DOMINGO,09:00-11:59,MAÑANA,281,SIN ESTABLECER,SIN ESTABLECER,DELINCUENCIA,-76.47560497,3.403077377,N,N,S,1,Nivel 4
802,41,San Benito,11,ARMA DE FUEGO,PELUQUERO,M,28,21:45:00,2023,10/8/2023,DOMINGO,21:00-23:59,NOCHE,281,SIN ESTABLECER,SIN ESTABLECER,DELINCUENCIA,-76.51159139,3.428267713,N,N,N,2,Nivel 4
803,41,Charco Azul,13,CORTOPUNZANTE,DESEMPLEADO,M,18,3:45:00,2023,10/9/2023,LUNES,03:00-05:59,MADRUGADA,282,SIN ESTABLECER,SIN ESTABLECER,DELINCUENCIA,-76.48521259,3.441877351,N,N,N,1,Nivel 4
804,41,Mariano Ramos,16,ARMA DE FUEGO,DESEMPLEADO,M,22,12:00:00,2023,10/9/2023,LUNES,12:00-14:59,TARDE,282,SIN ESTABLECER,SIN ESTABLECER,DELINCUENCIA,-76.52202797,3.403663308,N,N,N,2,Nivel 4
805,41,Benjamín Herrera,8,ARMA DE FUEGO,EMPLEADO,M,31,12:44:00,2023,10/9/2023,LUNES,12:00-14:59,TARDE,282,SIN ESTABLECER,SIN ESTABLECER,DELINCUENCIA,-76.51735856,3.446556473,N,N,N,3,Nivel 4
806,41,Antonio Nariño,16,CORTOPUNZANTE,OFICIOS VARIOS,M,24,23:44:00,2023,10/9/2023,LUNES,21:00-23:59,NOCHE,282,SIN ESTABLECER,SIN ESTABLECER,DELINCUENCIA,-76.50533675,3.416396205,N,N,N,2,Nivel 4
807,41,Fepicol,7,ARMA DE FUEGO,OFICIOS VARIOS,M,42,20:01:00,2023,10/10/2023,MARTES,18:00-20:59,NOCHE,283,SOLTERO,PRIMARIA,DELINCUENCIA,-76.48500182,3.461280707,N,N,N,3,Nivel 4
808,41,Fepicol,7,ARMA DE FUEGO,OFICIOS VARIOS,M,32,20:01:00,2023,10/10/2023,MARTES,18:00-20:59,NOCHE,283,SOLTERO,SECUNDARIA,DELINCUENCIA,-76.48500182,3.461280707,N,N,N,3,Nivel 4
809,41,Saavedra Galindo,8,CORTOPUNZANTE,INDIGENTE,M,50,4:00:00,2023,10/11/2023,MIERCOLES,03:00-05:59,MADRUGADA,284,SIN ESTABLECER,SIN ESTABLECER,CONVIVENCIA,-76.51533889,3.441896991,N,N,N,2,Nivel 4
810,41,Lleras Camargo,20,ARMA DE FUEGO,MOTORATON,M,33,16:42:00,2023,10/11/2023,MIERCOLES,15:00-17:59,TARDE,284,SIN ESTABLECER,SIN ESTABLECER,DELINCUENCIA,-76.56061082,3.419595046,N,N,N,1,Nivel 4
811,41,Ciudad Capri,17,ARMA DE FUEGO,OFICIOS VARIOS,M,52,12:55:00,2023,10/12/2023,JUEVES,12:00-14:59,TARDE,285,SIN ESTABLECER,SIN ESTABLECER,DELINCUENCIA,-76.54194362,3.387877866,N,N,N,5,Nivel 4
812,41,San Nicolás,3,ARMA DE FUEGO,OFICIOS VARIOS,M,32,19:51:00,2023,10/12/2023,JUEVES,18:00-20:59,NOCHE,285,SIN ESTABLECER,SIN ESTABLECER,DELINCUENCIA,-76.52597176,3.456251416,N,N,N,2,Nivel 4
813,41,Los Lagos,13,CORTOPUNZANTE,OFICIOS VARIOS,M,37,4:36:00,2023,10/13/2023,VIERNES,03:00-05:59,MADRUGADA,286,SOLTERO,PRIMARIA,DELINCUENCIA,-76.48591902,3.428128866,N,N,N,2,Nivel 4
814,41,El Morichal,15,ARMA DE FUEGO,ESTUDIANTE,M,17,19:45:00,2023,10/13/2023,VIERNES,18:00-20:59,NOCHE,286,SIN ESTABLECER,SIN ESTABLECER,DELINCUENCIA,-76.50727989,3.391465932,N,N,N,2,Nivel 4
815,41,Sindical,12,ARMA DE FUEGO,DESEMPLEADO,M,21,21:33:00,2023,10/13/2023,VIERNES,21:00-23:59,NOCHE,286,SOLTERO,SECUNDARIA,DELINCUENCIA,-76.50304852,3.430500777,N,N,N,3,Nivel 4
816,41,San Carlos,11,ARMA DE FUEGO,VENDEDOR,M,26,22:55:00,2023,10/13/2023,VIERNES,21:00-23:59,NOCHE,286,SOLTERO,SECUNDARIA,DELINCUENCIA,-76.51402336,3.421943476,N,N,N,3,Nivel 4
817,41,San Pedro,3,CORTOPUNZANTE,EMPLEADO,M,27,19:10:00,2023,10/14/2023,SABADO,18:00-20:59,NOCHE,287,SOLTERO,SECUNDARIA,CONVIVENCIA,-76.52883422,3.451161842,N,N,N,3,Nivel 4
818,41,Guayaquil,9,ARMA DE FUEGO,OFICIOS VARIOS,M,34,23:51:00,2023,10/14/2023,SABADO,21:00-23:59,NOCHE,287,SIN ESTABLECER,SIN ESTABLECER,DELINCUENCIA,-76.52884947,3.439294412,N,N,N,3,Nivel 4
819,42,Mojica,15,CORTOPUNZANTE,COMERCIANTE,M,62,2:20:00,2023,10/15/2023,DOMINGO,00:00-02:59,MADRUGADA,288,UNION LIBRE,PRIMARIA,CONVIVENCIA,-76.48677648,3.414087688,N,N,N,1,Nivel 4
820,42,Guayaquil,9,CORTOPUNZANTE,INDIGENTE,M,26,3:14:00,2023,10/15/2023,DOMINGO,03:00-05:59,MADRUGADA,288,SOLTERO,SECUNDARIA,DELINCUENCIA,-76.53050411,3.440236489,N,N,N,3,Nivel 4
821,42,Desepaz Invicali,21,ARMA DE FUEGO,MECANICO,M,30,13:40:00,2023,10/15/2023,DOMINGO,12:00-14:59,TARDE,288,UNION LIBRE,SECUNDARIA,DELINCUENCIA,-76.46378906,3.429013572,N,N,N,1,Nivel 4
822,42,Primavera,11,ARMA DE FUEGO,TAXISTA,M,34,20:35:00,2023,10/15/2023,DOMINGO,18:00-20:59,NOCHE,288,SOLTERO,SECUNDARIA,DELINCUENCIA,-76.50831638,3.423714612,N,N,N,2,Nivel 4
823,42,El Jardín,11,ARMA DE FUEGO,DESEMPLEADO,M,22,2:34:00,2023,10/16/2023,LUNES,00:00-02:59,MADRUGADA,289,SOLTERO,TECNOLOGO,CONVIVENCIA,-76.51687709,3.425155532,N,N,N,3,Nivel 4
824,42,Alfonso Bonilla Aragón,14,CORTOPUNZANTE,ALBAÑIL,M,39,5:52:00,2023,10/16/2023,LUNES,03:00-05:59,MADRUGADA,289,CASADO,PRIMARIA,CONVIVENCIA,-76.48643356,3.42123349,N,N,N,1,Nivel 4
825,42,Guayaquil,9,ARMA DE FUEGO,OFICIOS VARIOS,M,33,12:38:00,2023,10/16/2023,LUNES,12:00-14:59,TARDE,289,CASADO,SECUNDARIA,DELINCUENCIA,-76.52619307,3.4372786,N,N,N,3,Nivel 4
826,42,Eduardo Santos,12,ARMA DE FUEGO,OFICIOS VARIOS,M,40,14:29:00,2023,10/16/2023,LUNES,12:00-14:59,TARDE,289,SIN ESTABLECER,SIN ESTABLECER,CONVIVENCIA,-76.50673534,3.430214971,N,N,N,2,Nivel 4
827,42,Urbanización El Angel del Hogar,7,OTRAS ARMAS,OBRERO,M,44,16:30:00,2023,10/16/2023,LUNES,15:00-17:59,TARDE,289,SIN ESTABLECER,SIN ESTABLECER,CONVIVENCIA,-76.48354776,3.446326261,N,N,N,2,Nivel 4
828,42,Nueva Tequendama,19,CORTOPUNZANTE,OFICIOS VARIOS,M,43,18:27:00,2023,10/16/2023,LUNES,18:00-20:59,NOCHE,289,SIN ESTABLECER,SIN ESTABLECER,OTRO,-76.54733542,3.409533745,N,N,N,5,Nivel 4
829,42,Nueva Floresta,12,ARMA DE FUEGO,OFICIOS VARIOS,M,60,18:32:00,2023,10/16/2023,LUNES,18:00-20:59,NOCHE,289,SIN ESTABLECER,SIN ESTABLECER,DELINCUENCIA,-76.50188375,3.432395912,N,N,N,3,Nivel 4
830,42,Unión de Vivienda Popular,16,ARMA DE FUEGO,OFICIOS VARIOS,M,40,21:40:00,2023,10/16/2023,LUNES,21:00-23:59,NOCHE,289,SIN ESTABLECER,SIN ESTABLECER,DELINCUENCIA,-76.5074558,3.411516105,N,N,N,2,Nivel 4
831,42,El Morichal,15,ARMA DE FUEGO,COMERCIANTE,M,39,1:45:00,2023,10/17/2023,MARTES,00:00-02:59,MADRUGADA,290,UNION LIBRE,PRIMARIA,DELINCUENCIA,-76.50698379,3.398214312,N,N,N,2,Nivel 4
832,42,San Nicolás,3,CORTOPUNZANTE,INDIGENTE,M,30,17:20:00,2023,10/17/2023,MARTES,15:00-17:59,TARDE,290,SOLTERO,SECUNDARIA,DELINCUENCIA,-76.52365202,3.453229525,N,N,N,2,Nivel 4
833,42,Los Comuneros I,15,ARMA DE FUEGO,LAVADOR DE VEHICULOS,M,19,18:00:00,2023,10/17/2023,MARTES,18:00-20:59,NOCHE,290,UNION LIBRE,PRIMARIA,DELINCUENCIA,-76.49041423,3.40964667,N,N,N,2,Nivel 4
834,42,Pizamos I,21,ARMA DE FUEGO,DESEMPLEADO,M,39,0:27:00,2023,10/18/2023,MIERCOLES,00:00-02:59,MADRUGADA,291,UNION LIBRE,SECUNDARIA,DELINCUENCIA,-76.47591057,3.405102754,N,N,N,1,Nivel 4
835,42,La Hacienda,17,ARMA DE FUEGO,AGENTE DE POLICIA,M,38,17:35:00,2023,10/18/2023,MIERCOLES,15:00-17:59,TARDE,291,SOLTERO,TECNOLOGO,DELINCUENCIA,-76.53194283,3.397855512,N,N,N,5,Nivel 4
836,42,Alirio Mora Beltrán,14,ARMA DE FUEGO,DESEMPLEADO,M,39,1:40:00,2023,10/19/2023,JUEVES,00:00-02:59,MADRUGADA,292,SIN ESTABLECER,SIN ESTABLECER,CONVIVENCIA,-76.48109829,3.435844165,N,N,N,2,Nivel 4
837,42,El Vergel,13,ARMA DE FUEGO,VENDEDOR AMBULANTE,M,47,12:20:00,2023,10/19/2023,JUEVES,12:00-14:59,TARDE,292,SIN ESTABLECER,SIN ESTABLECER,DELINCUENCIA,-76.49706893,3.415067351,N,N,N,1,Nivel 4
838,42,Siloé,20,ARMA DE FUEGO,OFICIOS VARIOS,M,27,23:50:00,2023,10/19/2023,JUEVES,21:00-23:59,NOCHE,292,SIN ESTABLECER,SIN ESTABLECER,DELINCUENCIA,-76.55585092,3.422266295,N,N,N,1,Nivel 4
839,42,Junín,9,CORTOPUNZANTE,INDIGENTE,M,30,15:50:00,2023,10/20/2023,VIERNES,15:00-17:59,TARDE,293,SIN ESTABLECER,SIN ESTABLECER,CONVIVENCIA,-76.52817364,3.435816783,N,N,N,3,Nivel 4
840,42,Nueva Floresta,12,ARMA DE FUEGO,OFICIOS VARIOS,M,59,16:07:00,2023,10/21/2023,SABADO,15:00-17:59,TARDE,294,SIN ESTABLECER,SIN ESTABLECER,DELINCUENCIA,-76.50165642,3.442024926,N,N,N,3,Nivel 4
841,43,Brisas de Mayo,20,OTRAS ARMAS,SIN OCUPACION,M,1,8:12:00,2023,10/23/2023,LUNES,06:00-08:59,MAÑANA,296,SIN ESTABLECER,SIN ESTABLECER,OTRO,-76.56467848,3.417460241,N,N,N,1,Nivel 4
842,43,Santa Elena,10,ARMA DE FUEGO,ENFERMERA,M,29,15:48:00,2023,10/24/2023,MARTES,15:00-17:59,TARDE,297,SIN ESTABLECER,SIN ESTABLECER,DELINCUENCIA,-76.52263627,3.429313382,N,N,N,3,Nivel 4
843,43,El Retiro,15,ARMA DE FUEGO,ESTUDIANTE,M,14,21:48:00,2023,10/24/2023,MARTES,21:00-23:59,NOCHE,297,SIN ESTABLECER,SIN ESTABLECER,DELINCUENCIA,-76.49761677,3.407757071,N,N,N,1,Nivel 4
844,43,El Retiro,15,ARMA DE FUEGO,ESTUDIANTE,M,17,21:48:00,2023,10/24/2023,MARTES,21:00-23:59,NOCHE,297,SIN ESTABLECER,SIN ESTABLECER,DELINCUENCIA,-76.49761677,3.407757071,N,N,N,1,Nivel 4
845,43,El Vergel,13,CORTOPUNZANTE,RECICLADOR,M,46,9:41:00,2023,10/25/2023,MIERCOLES,09:00-11:59,MAÑANA,298,SOLTERO,PRIMARIA,CONVIVENCIA,-76.49982873,3.415849625,N,N,N,1,Nivel 4
846,43,Bretaña,9,ARMA DE FUEGO,OFICIOS VARIOS,M,51,18:25:00,2023,10/25/2023,MIERCOLES,18:00-20:59,NOCHE,298,SIN ESTABLECER,SIN ESTABLECER,CONVIVENCIA,-76.53057119,3.4380577,N,N,N,3,Nivel 4
847,43,Meléndez,18,ARMA DE FUEGO,EMPLEADO,M,49,13:38:00,2023,10/27/2023,VIERNES,12:00-14:59,TARDE,300,SIN ESTABLECER,SIN ESTABLECER,DELINCUENCIA,-76.54626342,3.378897911,N,N,N,3,Nivel 4
848,43,Doce de Octubre,12,ARMA DE FUEGO,OFICIOS VARIOS,M,57,20:12:00,2023,10/27/2023,VIERNES,18:00-20:59,NOCHE,300,SIN ESTABLECER,SIN ESTABLECER,DELINCUENCIA,-76.5034115,3.426678543,N,N,N,3,Nivel 4
849,43,El Poblado II,13,ARMA DE FUEGO,DESEMPLEADO,M,25,20:50:00,2023,10/28/2023,SABADO,18:00-20:59,NOCHE,301,SIN ESTABLECER,SIN ESTABLECER,DELINCUENCIA,-76.48878211,3.421513978,N,N,N,2,Nivel 4
850,43,El Poblado II,13,ARMA DE FUEGO,AMA DE CASA,F,56,20:50:00,2023,10/28/2023,SABADO,18:00-20:59,NOCHE,301,SIN ESTABLECER,SIN ESTABLECER,DELINCUENCIA,-76.48878211,3.421513978,N,N,N,2,Nivel 4
851,44,Las Acacias,10,CORTOPUNZANTE,OFICIOS VARIOS,M,49,1:25:00,2023,10/29/2023,DOMINGO,00:00-02:59,MADRUGADA,302,SIN ESTABLECER,SIN ESTABLECER,CONVIVENCIA,-76.52207507,3.434020343,N,N,N,3,Nivel 4
852,44,Unión de Vivienda Popular,16,ARMA DE FUEGO,MEDICO,M,28,13:50:00,2023,10/29/2023,DOMINGO,12:00-14:59,TARDE,302,SIN ESTABLECER,SIN ESTABLECER,DELINCUENCIA,-76.5080977,3.412197795,N,N,N,2,Nivel 4
853,44,San Judas Tadeo I,10,OTRAS ARMAS,VENDEDOR AMBULANTE,M,32,14:00:00,2023,10/29/2023,DOMINGO,12:00-14:59,TARDE,302,SIN ESTABLECER,SIN ESTABLECER,OTRO,-76.52254414,3.408904358,N,N,N,3,Nivel 4
854,44,Las Orquídeas,14,ARMA DE FUEGO,ALBAÑIL,M,24,21:30:00,2023,10/29/2023,DOMINGO,21:00-23:59,NOCHE,302,UNION LIBRE,SECUNDARIA,DELINCUENCIA,-76.49065265,3.409433714,N,N,N,1,Nivel 4
855,44,Aguacatal,1,CORTOPUNZANTE,PENSIONADO,M,44,0:17:00,2023,10/30/2023,LUNES,00:00-02:59,MADRUGADA,303,SOLTERO,SECUNDARIA,CONVIVENCIA,-76.5589379,3.4575763,N,N,N,1,Nivel 4
856,44,El Guabal,10,CORTOPUNZANTE,ESTUDIANTE,M,18,7:00:00,2023,10/31/2023,MARTES,06:00-08:59,MAÑANA,304,SOLTERO,SECUNDARIA,DELINCUENCIA,-76.52580035,3.414113242,N,N,N,3,Nivel 4
857,44,La Gran Colombia,11,ARMA DE FUEGO,MUSICO,M,33,22:35:00,2023,10/31/2023,MARTES,21:00-23:59,NOCHE,304,SIN ESTABLECER,SIN ESTABLECER,DELINCUENCIA,-76.50806795,3.419773754,N,N,N,2,Nivel 4
858,44,José Manuel Marroquín I,14,ARMA DE FUEGO,OFICIOS VARIOS,M,18,15:02:00,2023,11/1/2023,MIERCOLES,15:00-17:59,TARDE,305,SIN ESTABLECER,SIN ESTABLECER,CONVIVENCIA,-76.4786406,3.426348536,N,N,N,2,Nivel 4
859,44,Alfonso Bonilla Aragón,14,OTRAS ARMAS,OFICIOS VARIOS,F,45,6:26:00,2023,11/2/2023,JUEVES,06:00-08:59,MAÑANA,306,UNION LIBRE,SECUNDARIA,OTRO,-76.48196583,3.416257935,N,N,N,1,Nivel 4
860,44,Las Delicias,4,OTRAS ARMAS,OFICIOS VARIOS,M,61,1:30:00,2023,11/3/2023,VIERNES,00:00-02:59,MADRUGADA,307,UNION LIBRE,SECUNDARIA,DELINCUENCIA,-76.50946898,3.460943063,N,N,N,3,Nivel 4
861,44,Prados de Oriente,11,CORTOPUNZANTE,SIN OCUPACION,M,18,14:20:00,2023,11/4/2023,SABADO,12:00-14:59,TARDE,308,SIN ESTABLECER,SIN ESTABLECER,CONVIVENCIA,-76.51361153,3.428952836,N,N,N,3,Nivel 4
862,44,Unión de Vivienda Popular,16,ARMA DE FUEGO,ESTUDIANTE,M,14,18:56:00,2023,11/4/2023,SABADO,18:00-20:59,NOCHE,308,SIN ESTABLECER,SIN ESTABLECER,DELINCUENCIA,-76.5054707,3.409420131,N,N,N,2,Nivel 4
863,44,Lleras Restrepo II,13,ARMA DE FUEGO,OFICIOS VARIOS,M,33,19:16:00,2023,11/4/2023,SABADO,18:00-20:59,NOCHE,308,SIN ESTABLECER,SIN ESTABLECER,DELINCUENCIA,-76.4919129,3.4346273,N,N,N,1,Nivel 4
864,44,El Calvario,3,ARMA DE FUEGO,OFICIOS VARIOS,M,25,19:44:00,2023,11/4/2023,SABADO,18:00-20:59,NOCHE,308,SIN ESTABLECER,SIN ESTABLECER,DELINCUENCIA,-76.52989897,3.447647982,N,N,N,3,Nivel 4
865,45,Alfonso Lopez P. 3a Etapa,7,ARMA DE FUEGO,VENDEDOR AMBULANTE,M,33,2:25:00,2023,11/5/2023,DOMINGO,00:00-02:59,MADRUGADA,309,SIN ESTABLECER,SIN ESTABLECER,DELINCUENCIA,-76.48240443,3.454771335,N,N,N,3,Nivel 4
866,45,Ciudad de Los Álamos,2,OTRAS ARMAS,OFICIOS VARIOS,M,33,18:30:00,2023,11/5/2023,DOMINGO,18:00-20:59,NOCHE,309,SIN ESTABLECER,SIN ESTABLECER,OTRO,-76.50444581,3.486855951,N,N,N,3,Nivel 4
867,45,Sector Patio Bonito,1,ARMA DE FUEGO,OBRERO,M,27,22:55:00,2023,11/5/2023,DOMINGO,21:00-23:59,NOCHE,309,SIN ESTABLECER,SIN ESTABLECER,DELINCUENCIA,-76.58775413,3.463102125,N,N,N,1,Nivel 4
868,45,Ciudadela Floralia,6,ARMA DE FUEGO,OFICIOS VARIOS,M,33,0:30:00,2023,11/6/2023,LUNES,00:00-02:59,MADRUGADA,310,SIN ESTABLECER,SIN ESTABLECER,DELINCUENCIA,-76.49316642,3.499580192,N,N,N,2,Nivel 4
869,45,San Pascual,3,ARMA DE FUEGO,OFICIOS VARIOS,M,20,20:30:00,2023,11/6/2023,LUNES,18:00-20:59,NOCHE,310,SIN ESTABLECER,SIN ESTABLECER,DELINCUENCIA,-76.52686049,3.44333568,N,N,N,1,Nivel 4
870,45,Calimio Desepaz,21,ARMA DE FUEGO,OFICIOS VARIOS,M,20,20:50:00,2023,11/6/2023,LUNES,18:00-20:59,NOCHE,310,SIN ESTABLECER,SIN ESTABLECER,DELINCUENCIA,-76.47085479,3.413321157,N,N,N,1,Nivel 4
871,45,Alfonso Bonilla Aragón,14,ARMA DE FUEGO,EMPLEADO,M,32,21:29:00,2023,11/6/2023,LUNES,21:00-23:59,NOCHE,310,SIN ESTABLECER,SIN ESTABLECER,DELINCUENCIA,-76.47925876,3.416244265,N,N,N,1,Nivel 4
872,45,Pampa Linda,19,ARMA DE FUEGO,COMERCIANTE,M,43,16:35:00,2023,11/7/2023,MARTES,15:00-17:59,TARDE,311,SIN ESTABLECER,SIN ESTABLECER,DELINCUENCIA,-76.54764587,3.404277427,N,N,N,5,Nivel 4
873,45,Aguablanca,11,ARMA DE FUEGO,OFICIOS VARIOS,M,28,17:03:00,2023,11/7/2023,MARTES,15:00-17:59,TARDE,311,SIN ESTABLECER,SIN ESTABLECER,DELINCUENCIA,-76.51958916,3.432468121,N,N,N,3,Nivel 4
874,45,San Vicente,2,CORTOPUNZANTE,OFICIOS VARIOS,M,29,3:45:00,2023,11/8/2023,MIERCOLES,03:00-05:59,MADRUGADA,312,SIN ESTABLECER,SIN ESTABLECER,CONVIVENCIA,-76.52340102,3.463330162,N,N,N,4,Nivel 4
875,45,Compartir,21,ARMA DE FUEGO,EMPLEADO,M,20,18:45:00,2023,11/8/2023,MIERCOLES,18:00-20:59,NOCHE,312,SIN ESTABLECER,SIN ESTABLECER,DELINCUENCIA,-76.46378307,3.4317637,N,N,N,2,Nivel 4
876,45,El Jardín,11,CORTOPUNZANTE,OFICIOS VARIOS,M,43,3:30:00,2023,11/9/2023,JUEVES,03:00-05:59,MADRUGADA,313,SIN ESTABLECER,SIN ESTABLECER,CONVIVENCIA,-76.51731413,3.422115812,N,N,N,3,Nivel 4
877,45,Ciudadela Floralia,6,ARMA DE FUEGO,OFICIOS VARIOS,M,40,18:30:00,2023,11/9/2023,JUEVES,18:00-20:59,NOCHE,313,SIN ESTABLECER,SIN ESTABLECER,DELINCUENCIA,-76.49225539,3.498979314,N,N,N,2,Nivel 4
878,45,Ulpiano Lloreda,13,ARMA DE FUEGO,DESEMPLEADO,M,19,18:45:00,2023,11/10/2023,VIERNES,18:00-20:59,NOCHE,314,SOLTERO,SECUNDARIA,DELINCUENCIA,-76.49047294,3.43948208,N,N,N,2,Nivel 4
879,45,El Cortijo,20,ARMA DE FUEGO,EMPLEADO,M,24,21:40:00,2023,11/10/2023,VIERNES,21:00-23:59,NOCHE,314,SIN ESTABLECER,SIN ESTABLECER,CONVIVENCIA,-76.55848662,3.416065422,N,N,N,2,Nivel 4
880,45,Sector Laguna del Pondaje,13,CORTOPUNZANTE,OFICIOS VARIOS,M,35,22:00:00,2023,11/10/2023,VIERNES,21:00-23:59,NOCHE,314,SIN ESTABLECER,SIN ESTABLECER,DELINCUENCIA,-76.48415556,3.43646944,N,N,N,1,Nivel 4
881,45,Ricardo Balcázar,13,ARMA DE FUEGO,OFICIOS VARIOS,M,47,8:10:00,2023,11/11/2023,SABADO,06:00-08:59,MAÑANA,315,SIN ESTABLECER,SIN ESTABLECER,DELINCUENCIA,-76.49564122,3.433571257,N,N,N,2,Nivel 4
882,45,Los Comuneros II,13,ARMA DE FUEGO,OFICIOS VARIOS,M,29,23:31:00,2023,11/11/2023,SABADO,21:00-23:59,NOCHE,315,UNION LIBRE,SECUNDARIA,DELINCUENCIA,-76.49531623,3.425387126,N,N,N,2,Nivel 4
883,46,Potrero Grande,21,CORTOPUNZANTE,DESEMPLEADO,M,19,1:25:00,2023,11/12/2023,DOMINGO,00:00-02:59,MADRUGADA,316,SOLTERO,PRIMARIA,DELINCUENCIA,-76.46912697,3.408287594,N,N,N,2,Nivel 4
884,46,José Manuel Marroquín I,14,ARMA DE FUEGO,PELUQUERO,M,16,2:42:00,2023,11/12/2023,DOMINGO,00:00-02:59,MADRUGADA,316,SOLTERO,SECUNDARIA,CONVIVENCIA,-76.47806148,3.421720918,N,N,N,2,Nivel 4
885,46,República de Israel,16,CORTOPUNZANTE,OFICIOS VARIOS,M,18,4:10:00,2023,11/12/2023,DOMINGO,03:00-05:59,MADRUGADA,316,SOLTERO,SECUNDARIA,CONVIVENCIA,-76.51473384,3.409505555,N,N,N,2,Nivel 4
886,46,El Morichal,15,ARMA DE FUEGO,PRESTAMISTA,M,37,8:51:00,2023,11/12/2023,DOMINGO,06:00-08:59,MAÑANA,316,SIN ESTABLECER,SIN ESTABLECER,DELINCUENCIA,-76.50347908,3.394803952,N,N,N,2,Nivel 4
887,46,El Remanso,21,ARMA DE FUEGO,OFICIOS VARIOS,M,18,2:09:00,2023,11/13/2023,LUNES,00:00-02:59,MADRUGADA,317,SIN ESTABLECER,SIN ESTABLECER,DELINCUENCIA,-76.46794884,3.418590202,N,N,N,1,Nivel 4
888,46,Potrero Grande,21,ARMA DE FUEGO,OFICIOS VARIOS,M,32,10:14:00,2023,11/13/2023,LUNES,09:00-11:59,MAÑANA,317,SIN ESTABLECER,SIN ESTABLECER,DELINCUENCIA,-76.46704687,3.409380251,N,N,N,2,Nivel 4
889,46,Santa Mónica Belalcázar,9,ARMA DE FUEGO,INDIGENTE,M,35,15:52:00,2023,11/13/2023,LUNES,15:00-17:59,TARDE,317,SIN ESTABLECER,SIN ESTABLECER,OTRO,-76.51975998,3.438572166,N,N,N,3,Nivel 4
890,46,Sector Alto de los Chorros,18,ARMA DE FUEGO,OFICIOS VARIOS,M,36,7:25:00,2023,11/14/2023,MARTES,06:00-08:59,MAÑANA,318,SIN ESTABLECER,SIN ESTABLECER,DELINCUENCIA,-76.55898325,3.393264642,N,N,N,1,Nivel 4
891,46,Sector Alto de los Chorros,18,ARMA DE FUEGO,OFICIOS VARIOS,M,43,7:25:00,2023,11/14/2023,MARTES,06:00-08:59,MAÑANA,318,SIN ESTABLECER,SIN ESTABLECER,DELINCUENCIA,-76.55898325,3.393264642,N,N,N,1,Nivel 4
892,46,El Poblado II,13,ARMA DE FUEGO,COBRADOR,M,28,11:35:00,2023,11/15/2023,MIERCOLES,09:00-11:59,MAÑANA,319,SIN ESTABLECER,SIN ESTABLECER,DELINCUENCIA,-76.48786297,3.420218086,N,N,N,2,Nivel 4
893,46,Urbanización Calimio,6,ARMA DE FUEGO,DESEMPLEADO,M,27,5:53:00,2023,11/16/2023,JUEVES,03:00-05:59,MADRUGADA,320,SIN ESTABLECER,SIN ESTABLECER,OTRO,-76.48424049,3.491537916,N,N,N,2,Nivel 4
894,46,Planta de Tratamiento,21,OTRAS ARMAS,OFICIOS VARIOS,M,35,9:18:00,2023,11/16/2023,JUEVES,09:00-11:59,MAÑANA,320,SIN ESTABLECER,SIN ESTABLECER,OTRO,-76.47512973,3.440635647,N,N,N,1,Nivel 4
895,46,Rodrigo Lara Bonilla,13,ARMA DE FUEGO,ALBAÑIL,M,34,2:24:00,2023,11/17/2023,VIERNES,00:00-02:59,MADRUGADA,321,SOLTERO,SECUNDARIA,CONVIVENCIA,-76.48740608,3.42768908,N,N,N,2,Nivel 4
896,46,Potrero Grande,21,ARMA DE FUEGO,VENDEDOR AMBULANTE,M,64,5:59:00,2023,11/17/2023,VIERNES,03:00-05:59,MADRUGADA,321,CASADO,PRIMARIA,DELINCUENCIA,-76.46992673,3.410435732,N,N,N,2,Nivel 4
897,46,Ciudad Córdoba,15,ARMA DE FUEGO,MOTORISTA,M,19,1:33:00,2023,11/18/2023,SABADO,00:00-02:59,MADRUGADA,322,SOLTERO,SECUNDARIA,DELINCUENCIA,-76.51256612,3.394784592,N,N,N,3,Nivel 4
898,46,Desepaz Invicali,21,ARMA DE FUEGO,VENDEDOR AMBULANTE,M,35,5:00:00,2023,11/18/2023,SABADO,03:00-05:59,MADRUGADA,322,SOLTERO,PRIMARIA,DELINCUENCIA,-76.46341936,3.425149836,N,N,N,1,Nivel 4
899,47,Siloé,20,ARMA DE FUEGO,VENDEDOR AMBULANTE,M,31,4:55:00,2023,11/19/2023,DOMINGO,03:00-05:59,MADRUGADA,323,SOLTERO,SECUNDARIA,DELINCUENCIA,-76.55601536,3.418423256,N,N,N,1,Nivel 4
900,47,Manuela Beltrán,14,ARMA DE FUEGO,EMPLEADO,M,32,5:12:00,2023,11/19/2023,DOMINGO,03:00-05:59,MADRUGADA,323,SIN ESTABLECER,SIN ESTABLECER,CONVIVENCIA,-76.47261801,3.419398314,N,N,N,1,Nivel 4
901,47,Petecuy Segunda Etapa,6,ARMA DE FUEGO,OFICIOS VARIOS,M,21,11:30:00,2023,11/19/2023,DOMINGO,09:00-11:59,MAÑANA,323,UNION LIBRE,SECUNDARIA,OTRO,-76.47994934,3.480033304,N,S,N,2,Nivel 4
902,47,Las Acacias,10,ARMA DE FUEGO,OFICIOS VARIOS,M,49,15:56:00,2023,11/19/2023,DOMINGO,15:00-17:59,TARDE,323,SIN ESTABLECER,SIN ESTABLECER,DELINCUENCIA,-76.52107245,3.432461068,N,N,N,3,Nivel 4
903,47,Bellavista,19,ARMA DE FUEGO,AMA DE CASA,F,49,17:27:00,2023,11/20/2023,LUNES,15:00-17:59,TARDE,324,SIN ESTABLECER,SIN ESTABLECER,DELINCUENCIA,-76.55508521,3.44676787,N,N,N,2,Nivel 4
904,47,Nueva Floresta,12,ARMA DE FUEGO,OFICIOS VARIOS,M,27,11:35:00,2023,11/21/2023,MARTES,09:00-11:59,MAÑANA,325,SIN ESTABLECER,SIN ESTABLECER,DELINCUENCIA,-76.49617553,3.434089806,N,N,N,3,Nivel 4
905,47,Alto Nápoles,18,ARMA DE FUEGO,OFICIOS VARIOS,M,19,19:40:00,2023,11/21/2023,MARTES,18:00-20:59,NOCHE,325,SIN ESTABLECER,SIN ESTABLECER,CONVIVENCIA,-76.56038034,3.383772353,N,N,N,1,Nivel 4
906,47,Pizamos I,21,ARMA DE FUEGO,OFICIOS VARIOS,M,28,19:53:00,2023,11/21/2023,MARTES,18:00-20:59,NOCHE,325,SIN ESTABLECER,SIN ESTABLECER,DELINCUENCIA,-76.47559347,3.405493884,N,N,N,1,Nivel 4
907,47,El Ingenio,17,ARMA DE FUEGO,MECANICO,M,36,22:35:00,2023,11/21/2023,MARTES,21:00-23:59,NOCHE,325,SIN ESTABLECER,SIN ESTABLECER,DELINCUENCIA,-76.5284763,3.384516465,N,N,N,5,Nivel 4
908,47,El Morichal,15,ARMA DE FUEGO,OFICIOS VARIOS,M,28,0:00:00,2023,11/22/2023,MIERCOLES,00:00-02:59,MADRUGADA,326,SIN ESTABLECER,SIN ESTABLECER,CONVIVENCIA,-76.50618159,3.39902921,N,N,N,2,Nivel 4
909,47,San Antonio,3,ARMA DE FUEGO,OFICIOS VARIOS,M,26,17:33:00,2023,11/22/2023,MIERCOLES,15:00-17:59,TARDE,326,SIN ESTABLECER,SIN ESTABLECER,DELINCUENCIA,-76.54179331,3.448435462,N,N,N,3,Nivel 4
910,47,Jorge Isaacs,4,ARMA DE FUEGO,OFICIOS VARIOS,M,35,20:48:00,2023,11/22/2023,MIERCOLES,18:00-20:59,NOCHE,326,SIN ESTABLECER,SIN ESTABLECER,CONVIVENCIA,-76.51822415,3.453802491,N,N,N,2,Nivel 4
911,47,Los Comuneros I,15,CORTOPUNZANTE,AMA DE CASA,F,74,4:15:00,2023,11/23/2023,JUEVES,03:00-05:59,MADRUGADA,327,VIUDO,PRIMARIA,OTRO,-76.49103121,3.410281825,N,N,N,2,Nivel 4
912,47,Alfonso Lopez P. 3a Etapa,7,ARMA DE FUEGO,EMPLEADO,M,36,6:20:00,2023,11/23/2023,JUEVES,06:00-08:59,MAÑANA,327,SIN ESTABLECER,SIN ESTABLECER,CONVIVENCIA,-76.48234929,3.452972477,N,N,N,3,Nivel 4
913,47,La Sultana,20,ARMA DE FUEGO,OFICIOS VARIOS,M,30,7:00:00,2023,11/23/2023,JUEVES,06:00-08:59,MAÑANA,327,SIN ESTABLECER,SIN ESTABLECER,DELINCUENCIA,-76.5644914,3.421133154,N,N,N,1,Nivel 4
914,47,Prados del Norte,2,ARMA DE FUEGO,OFICIOS VARIOS,M,43,19:50:00,2023,11/23/2023,JUEVES,18:00-20:59,NOCHE,327,SIN ESTABLECER,SIN ESTABLECER,CONVIVENCIA,-76.52119681,3.46556404,N,N,N,5,Nivel 4
915,47,Calimio Desepaz,21,ARMA DE FUEGO,COMERCIANTE,M,29,22:15:00,2023,11/23/2023,JUEVES,21:00-23:59,NOCHE,327,SOLTERO,SECUNDARIA,DELINCUENCIA,-76.47179981,3.412020544,N,N,N,1,Nivel 4
916,47,Mojica,15,ARMA DE FUEGO,CARPINTERO,M,24,13:45:00,2023,11/24/2023,VIERNES,12:00-14:59,TARDE,328,SOLTERO,SECUNDARIA,DELINCUENCIA,-76.48739778,3.412247705,N,N,N,1,Nivel 4
917,47,Lleras Camargo,20,ARMA DE FUEGO,MOTORISTA,M,34,21:50:00,2023,11/24/2023,VIERNES,21:00-23:59,NOCHE,328,UNION LIBRE,PRIMARIA,OTRO,-76.56251564,3.424395942,N,S,N,1,Nivel 4
918,48,Nueva Floresta,12,ARMA DE FUEGO,INDIGENTE,M,29,10:30:00,2023,11/26/2023,DOMINGO,09:00-11:59,MAÑANA,330,SIN ESTABLECER,SIN ESTABLECER,DELINCUENCIA,-76.49526527,3.440437647,N,N,N,3,Nivel 4
919,48,Ciudad de Los Álamos,2,ARMA DE FUEGO,COMERCIANTE,M,36,15:49:00,2023,11/26/2023,DOMINGO,15:00-17:59,TARDE,330,SIN ESTABLECER,SIN ESTABLECER,DELINCUENCIA,-76.51029571,3.483708259,N,N,N,3,Nivel 4
920,48,Manuela Beltrán,14,CORTOPUNZANTE,TAXISTA,M,51,16:30:00,2023,11/26/2023,DOMINGO,15:00-17:59,TARDE,330,SIN ESTABLECER,SIN ESTABLECER,DELINCUENCIA,-76.46856385,3.423232849,N,N,N,1,Nivel 4
921,48,José Manuel Marroquín I,14,ARMA DE FUEGO,OFICIOS VARIOS,M,24,20:55:00,2023,11/26/2023,DOMINGO,18:00-20:59,NOCHE,330,SIN ESTABLECER,SIN ESTABLECER,DELINCUENCIA,-76.47834537,3.419238657,N,N,N,2,Nivel 4
922,48,El Morichal,15,CORTOPUNZANTE,ESTUDIANTE,M,16,5:28:00,2023,11/27/2023,LUNES,03:00-05:59,MADRUGADA,331,SIN ESTABLECER,SIN ESTABLECER,CONVIVENCIA,-76.50985174,3.392530452,N,N,N,2,Nivel 4
923,48,Manuela Beltrán,14,ARMA DE FUEGO,VENDEDOR AMBULANTE,M,34,7:30:00,2023,11/27/2023,LUNES,06:00-08:59,MAÑANA,331,UNION LIBRE,PRIMARIA,CONVIVENCIA,-76.47329771,3.415051348,N,N,N,1,Nivel 4
924,48,Bretaña,9,ARMA DE FUEGO,DESEMPLEADO,M,40,14:18:00,2023,11/27/2023,LUNES,12:00-14:59,TARDE,331,SIN ESTABLECER,SIN ESTABLECER,DELINCUENCIA,-76.53151058,3.43866416,N,N,N,3,Nivel 4
925,48,Los Lagos,13,ARMA DE FUEGO,DESEMPLEADO,M,19,21:30:00,2023,11/27/2023,LUNES,21:00-23:59,NOCHE,331,SIN ESTABLECER,SIN ESTABLECER,DELINCUENCIA,-76.48928114,3.429258806,N,N,N,2,Nivel 4
926,48,Nueva Floresta,12,ARMA DE FUEGO,DESEMPLEADO,M,36,21:41:00,2023,11/27/2023,LUNES,21:00-23:59,NOCHE,331,SIN ESTABLECER,SIN ESTABLECER,DELINCUENCIA,-76.49446242,3.441249826,N,N,N,3,Nivel 4
927,48,Sector Alto de los Chorros,18,ARMA DE FUEGO,DESEMPLEADO,M,37,19:35:00,2023,11/28/2023,MARTES,18:00-20:59,NOCHE,332,SIN ESTABLECER,SIN ESTABLECER,DELINCUENCIA,-76.5633462,3.388717488,N,N,N,1,Nivel 4
928,48,El Pondaje,13,ARMA DE FUEGO,DESEMPLEADO,M,27,21:45:00,2023,11/28/2023,MARTES,21:00-23:59,NOCHE,332,SIN ESTABLECER,SIN ESTABLECER,DELINCUENCIA,-76.49812802,3.428928885,N,N,N,2,Nivel 4
929,48,El Lido,19,CORTOPUNZANTE,INDIGENTE,M,45,3:00:00,2023,11/29/2023,MIERCOLES,03:00-05:59,MADRUGADA,333,SIN ESTABLECER,SIN ESTABLECER,CONVIVENCIA,-76.54865685,3.41798522,N,N,N,5,Nivel 4
930,48,Valle Grande,21,CORTOPUNZANTE,VENDEDOR AMBULANTE,M,47,3:02:00,2023,11/29/2023,MIERCOLES,03:00-05:59,MADRUGADA,333,SOLTERO,PRIMARIA,DELINCUENCIA,-76.46944883,3.43798239,N,N,N,2,Nivel 4
931,48,Belalcázar,9,ARMA DE FUEGO,OFICIOS VARIOS,M,39,10:29:00,2023,11/29/2023,MIERCOLES,09:00-11:59,MAÑANA,333,SIN ESTABLECER,SIN ESTABLECER,DELINCUENCIA,-76.52017363,3.440351205,N,N,N,3,Nivel 4
932,48,Valle Grande,21,ARMA DE FUEGO,VENDEDOR AMBULANTE,M,31,13:45:00,2023,11/30/2023,JUEVES,12:00-14:59,TARDE,334,SOLTERO,SECUNDARIA,DELINCUENCIA,-76.47086483,3.440201362,N,N,N,2,Nivel 4
933,48,Mariano Ramos,16,ARMA DE FUEGO,DESEMPLEADO,M,20,19:49:00,2023,11/30/2023,JUEVES,18:00-20:59,NOCHE,334,SIN ESTABLECER,SIN ESTABLECER,CONVIVENCIA,-76.51830835,3.40117486,N,N,N,2,Nivel 4
934,48,Ciudadela Floralia,6,ARMA DE FUEGO,EMPLEADO,M,29,21:40:00,2023,11/30/2023,JUEVES,21:00-23:59,NOCHE,334,SIN ESTABLECER,SIN ESTABLECER,DELINCUENCIA,-76.49550898,3.498508202,N,N,N,2,Nivel 4
935,48,San Juan Bosco,3,ARMA DE FUEGO,INDIGENTE,M,21,22:16:00,2023,11/30/2023,JUEVES,21:00-23:59,NOCHE,334,SOLTERO,SECUNDARIA,DELINCUENCIA,-76.53327245,3.444343586,N,N,N,3,Nivel 4
936,48,José Manuel Marroquín I,14,ARMA DE FUEGO,VENDEDOR AMBULANTE,M,26,23:53:00,2023,11/30/2023,JUEVES,21:00-23:59,NOCHE,334,SIN ESTABLECER,SIN ESTABLECER,DELINCUENCIA,-76.47759347,3.424632045,N,N,N,2,Nivel 4
937,48,Sucre,9,ARMA DE FUEGO,OFICIOS VARIOS,M,30,14:45:00,2023,12/1/2023,VIERNES,12:00-14:59,TARDE,335,UNION LIBRE,PRIMARIA,DELINCUENCIA,-76.52397854,3.445245618,N,N,N,1,Nivel 4
938,48,Sucre,9,ARMA DE FUEGO,DESEMPLEADO,M,23,14:45:00,2023,12/1/2023,VIERNES,12:00-14:59,TARDE,335,SOLTERO,TECNOLOGO,DELINCUENCIA,-76.52397854,3.445245618,N,N,N,1,Nivel 4
939,48,El Morichal,15,ARMA DE FUEGO,COMERCIANTE,M,32,18:50:00,2023,12/2/2023,SABADO,18:00-20:59,NOCHE,336,SOLTERO,SECUNDARIA,DELINCUENCIA,-76.50701277,3.398125729,N,N,N,2,Nivel 4
940,48,Laureano Gómez,15,ARMA DE FUEGO,MOTORISTA,M,68,19:53:00,2023,12/2/2023,SABADO,18:00-20:59,NOCHE,336,VIUDO,PRIMARIA,DELINCUENCIA,-76.49640595,3.41391716,N,N,N,1,Nivel 4
941,48,Ulpiano Lloreda,13,ARMA DE FUEGO,VENDEDOR AMBULANTE,M,38,21:58:00,2023,12/2/2023,SABADO,21:00-23:59,NOCHE,336,UNION LIBRE,SECUNDARIA,DELINCUENCIA,-76.4911993,3.442303262,N,N,N,2,Nivel 4
942,49,Santa Fé,8,CORTOPUNZANTE,ESTILISTA,F,57,1:16:00,2023,12/3/2023,DOMINGO,00:00-02:59,MADRUGADA,337,SOLTERO,TECNOLOGO,CONVIVENCIA,-76.50669475,3.439183974,N,N,N,3,Nivel 4
943,49,Cañaveral,19,CORTOPUNZANTE,OFICIOS VARIOS,M,50,13:50:00,2023,12/3/2023,DOMINGO,12:00-14:59,TARDE,337,SIN ESTABLECER,SIN ESTABLECER,DELINCUENCIA,-76.56543119,3.409938329,N,N,N,6,Nivel 4
944,49,Benjamín Herrera,8,ARMA DE FUEGO,MOTORISTA,M,44,15:55:00,2023,12/3/2023,DOMINGO,15:00-17:59,TARDE,337,CASADO,SECUNDARIA,DELINCUENCIA,-76.51575069,3.445500762,N,N,N,3,Nivel 4
945,49,Los Comuneros II,13,ARMA DE FUEGO,DESEMPLEADO,M,28,2:07:00,2023,12/4/2023,LUNES,00:00-02:59,MADRUGADA,338,SOLTERO,PRIMARIA,DELINCUENCIA,-76.48978112,3.423354425,N,N,N,2,Nivel 4
946,49,El Jordán,18,ARMA DE FUEGO,OFICIOS VARIOS,M,44,21:22:00,2023,12/4/2023,LUNES,21:00-23:59,NOCHE,338,SIN ESTABLECER,SIN ESTABLECER,DELINCUENCIA,-76.5503064,3.376345172,N,N,N,2,Nivel 4
947,49,San Pedro Claver,11,ARMA DE FUEGO,DESEMPLEADO,M,34,21:40:00,2023,12/5/2023,MARTES,21:00-23:59,NOCHE,339,SOLTERO,SECUNDARIA,DELINCUENCIA,-76.50550275,3.424761419,N,N,N,2,Nivel 4
948,49,Ciudadela Floralia,6,ARMA DE FUEGO,INDIGENTE,M,29,4:33:00,2023,12/6/2023,MIERCOLES,03:00-05:59,MADRUGADA,340,SOLTERO,SECUNDARIA,DELINCUENCIA,-76.49385231,3.498253981,N,N,N,2,Nivel 4
949,49,Prados de Oriente,11,ARMA DE FUEGO,VENDEDOR AMBULANTE,M,35,12:40:00,2023,12/6/2023,MIERCOLES,12:00-14:59,TARDE,340,SIN ESTABLECER,SIN ESTABLECER,DELINCUENCIA,-76.51434811,3.434909106,N,N,N,3,Nivel 4
950,49,Brisas de Mayo,20,ARMA DE FUEGO,DESEMPLEADO,M,26,15:20:00,2023,12/6/2023,MIERCOLES,15:00-17:59,TARDE,340,SIN ESTABLECER,SIN ESTABLECER,DELINCUENCIA,-76.56098141,3.415103956,N,N,N,1,Nivel 4
951,49,Altos de Menga,2,OTRAS ARMAS,DESEMPLEADO,M,49,2:26:00,2023,12/7/2023,JUEVES,00:00-02:59,MADRUGADA,341,SOLTERO,PRIMARIA,DELINCUENCIA,-76.53318855,3.488783625,N,N,S,1,Nivel 4
952,49,San Luis II,6,ARMA DE FUEGO,ALBAÑIL,M,36,4:01:00,2023,12/7/2023,JUEVES,03:00-05:59,MADRUGADA,341,SOLTERO,PRIMARIA,DELINCUENCIA,-76.49086792,3.491019523,N,N,N,2,Nivel 4
953,49,Simón Bolívar,8,OTRAS ARMAS,OFICIOS VARIOS,M,38,5:32:00,2023,12/7/2023,JUEVES,03:00-05:59,MADRUGADA,341,SIN ESTABLECER,SIN ESTABLECER,DELINCUENCIA,-76.51843081,3.442568115,N,N,N,3,Nivel 4
954,49,El Paraíso,12,CORTOPUNZANTE,EDUCADOR,M,37,6:24:00,2023,12/7/2023,JUEVES,06:00-08:59,MAÑANA,341,SOLTERO,UNIVERSITARIO,DELINCUENCIA,-76.50749093,3.432442515,N,N,N,3,Nivel 4
955,49,San Judas Tadeo II,10,ARMA DE FUEGO,COMERCIANTE,M,41,11:40:00,2023,12/7/2023,JUEVES,09:00-11:59,MAÑANA,341,UNION LIBRE,SECUNDARIA,DELINCUENCIA,-76.52400779,3.411989807,N,N,N,3,Nivel 4
956,49,San Judas Tadeo II,10,CORTOPUNZANTE,ESTUDIANTE,F,15,20:00:00,2023,12/7/2023,JUEVES,18:00-20:59,NOCHE,341,SOLTERO,SECUNDARIA,CONVIVENCIA,-76.52250258,3.41404628,S,N,N,3,Nivel 4
957,49,Ciudadela Floralia,6,ARMA DE FUEGO,EMPLEADO,M,25,21:30:00,2023,12/7/2023,JUEVES,21:00-23:59,NOCHE,341,SIN ESTABLECER,SIN ESTABLECER,DELINCUENCIA,-76.4912584,3.498459014,N,N,N,2,Nivel 4
958,49,El Vallado,15,ARMA DE FUEGO,ESTUDIANTE,M,17,23:30:00,2023,12/7/2023,JUEVES,21:00-23:59,NOCHE,341,SOLTERO,SECUNDARIA,CONVIVENCIA,-76.50182156,3.406661595,N,N,N,2,Nivel 4
959,49,Las Orquídeas,14,ARMA DE FUEGO,DESEMPLEADO,M,30,1:42:00,2023,12/8/2023,VIERNES,00:00-02:59,MADRUGADA,342,SIN ESTABLECER,SIN ESTABLECER,DELINCUENCIA,-76.47613823,3.413234914,N,N,N,1,Nivel 4
960,49,Caldas,18,ARMA DE FUEGO,EMPLEADO,M,32,1:58:00,2023,12/8/2023,VIERNES,00:00-02:59,MADRUGADA,342,SIN ESTABLECER,SIN ESTABLECER,CONVIVENCIA,-76.54627702,3.394513044,N,N,N,3,Nivel 4
961,49,Ciudadela Floralia,6,ARMA DE FUEGO,DESEMPLEADO,M,21,6:50:00,2023,12/8/2023,VIERNES,06:00-08:59,MAÑANA,342,SOLTERO,SECUNDARIA,DELINCUENCIA,-76.49429877,3.501154368,N,N,N,2,Nivel 4
962,49,Petecuy Primera Etapa,6,ARMA DE FUEGO,DESEMPLEADO,M,20,16:38:00,2023,12/8/2023,VIERNES,15:00-17:59,TARDE,342,SOLTERO,SECUNDARIA,DELINCUENCIA,-76.47917006,3.473876554,N,N,N,2,Nivel 4
963,49,La Flora,2,OTRAS ARMAS,DESEMPLEADO,M,25,18:40:00,2023,12/8/2023,VIERNES,18:00-20:59,NOCHE,342,SOLTERO,SECUNDARIA,CONVIVENCIA,-76.52353835,3.48876669,N,N,N,5,Nivel 4
964,49,San Benito,11,ARMA DE FUEGO,ESCOLTA,M,40,20:50:00,2023,12/8/2023,VIERNES,18:00-20:59,NOCHE,342,UNION LIBRE,SECUNDARIA,DELINCUENCIA,-76.5101782,3.42906365,N,N,N,2,Nivel 4
965,49,Unión de Vivienda Popular,16,ARMA DE FUEGO,MECANICO,M,21,21:13:00,2023,12/8/2023,VIERNES,21:00-23:59,NOCHE,342,SIN ESTABLECER,SIN ESTABLECER,CONVIVENCIA,-76.50764128,3.406934331,N,N,N,2,Nivel 4
966,49,Unión de Vivienda Popular,16,ARMA DE FUEGO,MECANICO,M,27,21:13:00,2023,12/8/2023,VIERNES,21:00-23:59,NOCHE,342,SIN ESTABLECER,SIN ESTABLECER,CONVIVENCIA,-76.50764128,3.406934331,N,N,N,2,Nivel 4
967,49,Santa Fé,8,ARMA DE FUEGO,OFICIOS VARIOS,M,34,16:40:00,2023,12/9/2023,SABADO,15:00-17:59,TARDE,343,SIN ESTABLECER,SIN ESTABLECER,OTRO,-76.50700787,3.438536946,N,S,N,3,Nivel 4
968,50,Potrero Grande,21,ARMA DE FUEGO,OFICIOS VARIOS,M,30,5:40:00,2023,12/10/2023,DOMINGO,03:00-05:59,MADRUGADA,344,SIN ESTABLECER,SIN ESTABLECER,DELINCUENCIA,-76.4679171,3.408952511,N,N,N,2,Nivel 4
969,50,Unión de Vivienda Popular,16,CORTOPUNZANTE,SIN OCUPACION,M,17,23:49:00,2023,12/10/2023,DOMINGO,21:00-23:59,NOCHE,344,SIN ESTABLECER,SIN ESTABLECER,CONVIVENCIA,-76.50582133,3.409070762,N,N,N,2,Nivel 4
970,50,El Poblado I,13,ARMA DE FUEGO,COMERCIANTE,M,35,0:43:00,2023,12/11/2023,LUNES,00:00-02:59,MADRUGADA,345,SIN ESTABLECER,SIN ESTABLECER,DELINCUENCIA,-76.49568725,3.417435334,N,N,N,2,Nivel 4
971,50,Los Lagos,13,ARMA DE FUEGO,OFICIOS VARIOS,M,34,10:57:00,2023,12/11/2023,LUNES,09:00-11:59,MAÑANA,345,SIN ESTABLECER,SIN ESTABLECER,DELINCUENCIA,-76.48458169,3.426976572,N,N,N,2,Nivel 4
972,50,Mayapan - Las Vegas,17,ARMA DE FUEGO,OFICIOS VARIOS,M,35,20:50:00,2023,12/11/2023,LUNES,18:00-20:59,NOCHE,345,SIN ESTABLECER,SIN ESTABLECER,CONVIVENCIA,-76.54142799,3.378437489,N,N,N,5,Nivel 4
973,50,José Manuel Marroquín I,14,ARMA DE FUEGO,ALBAÑIL,M,44,10:20:00,2023,12/13/2023,MIERCOLES,09:00-11:59,MAÑANA,347,UNION LIBRE,SECUNDARIA,DELINCUENCIA,-76.47847888,3.419512837,N,N,N,2,Nivel 4
974,50,Ciudad Capri,17,ARMA DE FUEGO,VENDEDOR AMBULANTE,M,26,15:30:00,2023,12/13/2023,MIERCOLES,15:00-17:59,TARDE,347,SIN ESTABLECER,SIN ESTABLECER,DELINCUENCIA,-76.5392599,3.388579691,N,N,N,5,Nivel 4
975,50,Unión de Vivienda Popular,16,ARMA DE FUEGO,EMPLEADO,F,27,17:11:00,2023,12/13/2023,MIERCOLES,15:00-17:59,TARDE,347,SIN ESTABLECER,SIN ESTABLECER,DELINCUENCIA,-76.5091504,3.407844963,N,N,N,2,Nivel 4
976,50,Sucre,9,ARMA DE FUEGO,TECNICO ELECTRONICO,M,29,11:30:00,2023,12/14/2023,JUEVES,09:00-11:59,MAÑANA,348,SOLTERO,TECNOLOGO,DELINCUENCIA,-76.5237811,3.444593758,N,N,N,1,Nivel 4
977,50,El Rodeo,12,ARMA DE FUEGO,VENDEDOR AMBULANTE,M,30,20:25:00,2023,12/14/2023,JUEVES,18:00-20:59,NOCHE,348,SIN ESTABLECER,SIN ESTABLECER,DELINCUENCIA,-76.5066091,3.435262905,N,N,N,2,Nivel 4
978,50,Eucaristico,19,ARMA DE FUEGO,VENDEDOR AMBULANTE,M,45,21:45:00,2023,12/14/2023,JUEVES,21:00-23:59,NOCHE,348,SIN ESTABLECER,SIN ESTABLECER,DELINCUENCIA,-76.54142461,3.422562287,N,N,N,4,Nivel 4
979,50,Potrero Grande,21,ARMA DE FUEGO,MOTORISTA,M,38,11:47:00,2023,12/15/2023,VIERNES,09:00-11:59,MAÑANA,349,CASADO,PRIMARIA,DELINCUENCIA,-76.4668545,3.40880539,N,N,N,2,Nivel 4
980,50,El Vergel,13,ARMA DE FUEGO,EMPLEADO,M,26,14:00:00,2023,12/15/2023,VIERNES,12:00-14:59,TARDE,349,SOLTERO,SECUNDARIA,DELINCUENCIA,-76.5013223,3.415792133,N,N,N,1,Nivel 4
981,50,Ciudad Córdoba,15,CORTOPUNZANTE,SIN OCUPACION,M,30,17:35:00,2023,12/16/2023,SABADO,15:00-17:59,TARDE,350,SIN ESTABLECER,SIN ESTABLECER,CONVIVENCIA,-76.51396836,3.395606941,N,N,N,3,Nivel 4
982,51,Potrero Grande,21,ARMA DE FUEGO,OFICIOS VARIOS,M,22,0:30:00,2023,12/17/2023,DOMINGO,00:00-02:59,MADRUGADA,351,SIN ESTABLECER,SIN ESTABLECER,DELINCUENCIA,-76.46903792,3.409552886,N,N,N,2,Nivel 4
983,51,Aguacatal,1,CORTOPUNZANTE,SIN OCUPACION,F,35,10:40:00,2023,12/17/2023,DOMINGO,09:00-11:59,MAÑANA,351,SIN ESTABLECER,SIN ESTABLECER,OTRO,-76.54888229,3.457278955,N,N,N,1,Nivel 4
984,51,El Gran Limonar - Cataya,17,ARMA DE FUEGO,OFICIOS VARIOS,M,29,23:20:00,2023,12/17/2023,DOMINGO,21:00-23:59,NOCHE,351,SIN ESTABLECER,SIN ESTABLECER,CONVIVENCIA,-76.53801405,3.398183731,N,N,N,5,Nivel 4
985,51,El Vergel,13,ARMA DE FUEGO,OFICIOS VARIOS,M,21,4:46:00,2023,12/18/2023,LUNES,03:00-05:59,MADRUGADA,352,SIN ESTABLECER,SIN ESTABLECER,CONVIVENCIA,-76.50160111,3.414282171,N,N,N,1,Nivel 4
986,51,Lleras Camargo,20,CORTOPUNZANTE,OFICIOS VARIOS,M,34,10:45:00,2023,12/20/2023,MIERCOLES,09:00-11:59,MAÑANA,354,SIN ESTABLECER,SIN ESTABLECER,CONVIVENCIA,-76.56057105,3.419236523,N,N,N,1,Nivel 4
987,51,El Troncal,8,OTRAS ARMAS,OFICIOS VARIOS,F,67,12:29:00,2023,12/20/2023,MIERCOLES,12:00-14:59,TARDE,354,SIN ESTABLECER,SIN ESTABLECER,CONVIVENCIA,-76.50278864,3.449653169,N,N,N,3,Nivel 4
988,51,Ulpiano Lloreda,13,ARMA DE FUEGO,OFICIOS VARIOS,M,26,17:43:00,2023,12/20/2023,MIERCOLES,15:00-17:59,TARDE,354,SIN ESTABLECER,SIN ESTABLECER,DELINCUENCIA,-76.48790743,3.443221603,N,N,N,2,Nivel 4
989,51,Los Robles,13,ARMA DE FUEGO,OFICIOS VARIOS,M,32,19:42:00,2023,12/20/2023,MIERCOLES,18:00-20:59,NOCHE,354,SIN ESTABLECER,SIN ESTABLECER,DELINCUENCIA,-76.49257236,3.421942083,N,N,N,2,Nivel 4
990,51,Santa Mónica Popular,8,ARMA DE FUEGO,COMERCIANTE,M,33,20:20:00,2023,12/20/2023,MIERCOLES,18:00-20:59,NOCHE,354,SIN ESTABLECER,SIN ESTABLECER,DELINCUENCIA,-76.50819634,3.435998135,N,N,N,3,Nivel 4
991,51,El Poblado II,13,ARMA DE FUEGO,OFICIOS VARIOS,M,28,22:08:00,2023,12/20/2023,MIERCOLES,21:00-23:59,NOCHE,354,SIN ESTABLECER,SIN ESTABLECER,DELINCUENCIA,-76.48909345,3.422834826,N,N,N,2,Nivel 4
992,51,Barrio Obrero,9,ARMA DE FUEGO,OFICIOS VARIOS,M,27,3:45:00,2023,12/21/2023,JUEVES,03:00-05:59,MADRUGADA,355,SOLTERO,SECUNDARIA,OTRO,-76.51890725,3.451962358,N,N,N,2,Nivel 4
993,51,Desepaz Invicali,21,ARMA DE FUEGO,VENDEDOR DE VEHICULOS,M,30,21:51:00,2023,12/21/2023,JUEVES,21:00-23:59,NOCHE,355,UNION LIBRE,TECNOLOGO,DELINCUENCIA,-76.46358381,3.423504995,N,N,N,1,Nivel 4
994,51,Ciudad Capri,17,ARMA DE FUEGO,COMERCIANTE,M,54,16:55:00,2023,12/22/2023,VIERNES,15:00-17:59,TARDE,356,UNION LIBRE,SECUNDARIA,DELINCUENCIA,-76.53867097,3.386926846,N,N,N,5,Nivel 4
995,51,Siete de Agosto,7,ARMA DE FUEGO,OFICIOS VARIOS,M,21,17:02:00,2023,12/22/2023,VIERNES,15:00-17:59,TARDE,356,SIN ESTABLECER,SIN ESTABLECER,OTRO,-76.48593055,3.451872167,N,S,N,3,Nivel 4
996,51,Belalcázar,9,ARMA DE FUEGO,ESTUDIANTE,M,17,19:59:00,2023,12/22/2023,VIERNES,18:00-20:59,NOCHE,356,SOLTERO,SECUNDARIA,DELINCUENCIA,-76.52217547,3.442532187,N,N,N,3,Nivel 4
997,51,La Base,8,ARMA DE FUEGO,VENDEDOR AMBULANTE,M,43,22:36:00,2023,12/23/2023,SABADO,21:00-23:59,NOCHE,357,SOLTERO,SECUNDARIA,DELINCUENCIA,-76.49439975,3.449782357,N,N,N,3,Nivel 4
998,52,Mojica,15,CORTOPUNZANTE,ESTUDIANTE,M,15,7:33:00,2023,12/24/2023,DOMINGO,06:00-08:59,MAÑANA,358,SOLTERO,SECUNDARIA,CONVIVENCIA,-76.48678687,3.418327146,N,N,N,1,Nivel 4
999,52,Nápoles,18,CORTOPUNZANTE,EMPLEADO,M,28,9:39:00,2023,12/24/2023,DOMINGO,09:00-11:59,MAÑANA,358,SOLTERO,SECUNDARIA,CONVIVENCIA,-76.54901427,3.385872413,N,N,N,3,Nivel 4
1000,52,Sucre,9,ARMA DE FUEGO,VENDEDOR AMBULANTE,M,33,15:51:00,2023,12/24/2023,DOMINGO,15:00-17:59,TARDE,358,SIN ESTABLECER,SIN ESTABLECER,CONVIVENCIA,-76.52400695,3.445321761,N,N,N,1,Nivel 4
1001,52,Mojica,15,ARMA DE FUEGO,PELUQUERO,M,22,21:09:00,2023,12/24/2023,DOMINGO,21:00-23:59,NOCHE,358,SIN ESTABLECER,SIN ESTABLECER,DELINCUENCIA,-76.48492673,3.415780409,N,N,N,1,Nivel 4
1002,52,Alto Nápoles,18,CORTOPUNZANTE,OFICIOS VARIOS,M,50,6:00:00,2023,12/25/2023,LUNES,06:00-08:59,MAÑANA,359,SOLTERO,PRIMARIA,CONVIVENCIA,-76.56129841,3.383257958,N,N,N,1,Nivel 4
1003,52,Sector Alto Jordán,18,CORTOPUNZANTE,AMA DE CASA,F,35,6:50:00,2023,12/25/2023,LUNES,06:00-08:59,MAÑANA,359,SIN ESTABLECER,SIN ESTABLECER,OTRO,-76.55551363,3.378184115,N,N,N,1,Nivel 4
1004,52,Lourdes,18,CORTOPUNZANTE,OFICIOS VARIOS,M,30,7:44:00,2023,12/25/2023,LUNES,06:00-08:59,MAÑANA,359,SIN ESTABLECER,SIN ESTABLECER,CONVIVENCIA,-76.55787055,3.391757912,N,N,N,2,Nivel 4
1005,52,San Cristóbal,10,CORTOPUNZANTE,SIN OCUPACION,M,42,7:48:00,2023,12/25/2023,LUNES,06:00-08:59,MAÑANA,359,SIN ESTABLECER,SIN ESTABLECER,OTRO,-76.52090438,3.42989532,N,N,N,3,Nivel 4
1006,52,El Vergel,13,CORTOPUNZANTE,EBANISTA,M,34,14:39:00,2023,12/25/2023,LUNES,12:00-14:59,TARDE,359,SOLTERO,SECUNDARIA,DELINCUENCIA,-76.500399,3.414374995,N,N,N,1,Nivel 4
1007,52,Aguacatal,1,ARMA DE FUEGO,GUARDA DE SEGURIDAD,M,28,1:00:00,2023,12/26/2023,MARTES,00:00-02:59,MADRUGADA,360,UNION LIBRE,SECUNDARIA,DELINCUENCIA,-76.55245409,3.460436736,N,N,N,1,Nivel 4
1008,52,Cañaverales - Los Samanes,17,ARMA DE FUEGO,SIN OCUPACION,F,33,3:27:00,2023,12/26/2023,MARTES,03:00-05:59,MADRUGADA,360,SIN ESTABLECER,SIN ESTABLECER,DELINCUENCIA,-76.52755242,3.400055695,N,N,N,3,Nivel 4
1009,52,Alfonso Bonilla Aragón,14,ARMA DE FUEGO,SIN OCUPACION,F,26,4:23:00,2023,12/26/2023,MARTES,03:00-05:59,MADRUGADA,360,SIN ESTABLECER,SIN ESTABLECER,DELINCUENCIA,-76.48121781,3.422909097,N,N,N,1,Nivel 4
1010,52,Belisario Caicedo,20,CORTOPUNZANTE,PELUQUERO,M,41,11:06:00,2023,12/26/2023,MARTES,09:00-11:59,MAÑANA,360,UNION LIBRE,ILETRADO,CONVIVENCIA,-76.55492679,3.416313328,N,N,N,3,Nivel 4
1011,52,Alameda,9,ARMA DE FUEGO,PELUQUERO,M,26,4:50:00,2023,12/27/2023,MIERCOLES,03:00-05:59,MADRUGADA,361,SIN ESTABLECER,SIN ESTABLECER,OTRO,-76.53578171,3.435551834,N,N,N,3,Nivel 4
1012,52,Terrón Colorado,1,ARMA DE FUEGO,SIN OCUPACION,M,20,11:16:00,2023,12/27/2023,MIERCOLES,09:00-11:59,MAÑANA,361,SIN ESTABLECER,SIN ESTABLECER,DELINCUENCIA,-76.56064646,3.454003576,N,N,N,2,Nivel 4
1013,52,Aguacatal,1,ARMA DE FUEGO,SIN OCUPACION,M,24,18:00:00,2023,12/27/2023,MIERCOLES,18:00-20:59,NOCHE,361,SIN ESTABLECER,SIN ESTABLECER,DELINCUENCIA,-76.55990702,3.45791047,N,N,N,1,Nivel 4
1014,52,El Verdal - Gonchelandia,81,OTRAS ARMAS,TRANSPORTADOR,M,59,10:29:00,2023,12/28/2023,JUEVES,09:00-11:59,MAÑANA,362,CASADO,SECUNDARIA,OTRO,-76.51927141,3.359729013,N,N,N,0,Nivel 4
1015,52,Pizamos I,21,ARMA DE FUEGO,SIN OCUPACION,M,22,20:29:00,2023,12/28/2023,JUEVES,18:00-20:59,NOCHE,362,SIN ESTABLECER,SIN ESTABLECER,DELINCUENCIA,-76.47581743,3.405367047,N,N,N,1,Nivel 4
1016,52,El Morichal,15,ARMA DE FUEGO,SIN OCUPACION,M,20,21:57:00,2023,12/28/2023,JUEVES,21:00-23:59,NOCHE,362,SIN ESTABLECER,SIN ESTABLECER,DELINCUENCIA,-76.50273156,3.399461329,N,N,N,2,Nivel 4
1017,52,San Nicolás,3,ARMA DE FUEGO,SIN OCUPACION,M,43,21:15:00,2023,12/29/2023,VIERNES,21:00-23:59,NOCHE,363,SIN ESTABLECER,SIN ESTABLECER,DELINCUENCIA,-76.52449503,3.452650475,N,N,N,2,Nivel 4
1018,52,Sindical,12,ARMA DE FUEGO,SIN OCUPACION,M,18,22:32:00,2023,12/29/2023,VIERNES,21:00-23:59,NOCHE,363,SOLTERO,SECUNDARIA,DELINCUENCIA,-76.50027044,3.429394094,N,N,N,3,Nivel 4
1019,52,Charco Azul,13,ARMA DE FUEGO,OFICIOS VARIOS,M,31,13:51:00,2023,12/30/2023,SABADO,12:00-14:59,TARDE,364,SIN ESTABLECER,SIN ESTABLECER,DELINCUENCIA,-76.48649667,3.441617789,N,N,N,1,Nivel 4
1020,52,Antonio Nariño,16,ARMA DE FUEGO,VENDEDOR AMBULANTE,M,62,21:42:00,2023,12/30/2023,SABADO,21:00-23:59,NOCHE,364,CASADO,PRIMARIA,DELINCUENCIA,-76.50468039,3.410199816,N,N,N,2,Nivel 4
1021,52,Antonio Nariño,16,ARMA DE FUEGO,VENDEDOR DE VEHICULOS,M,42,21:42:00,2023,12/30/2023,SABADO,21:00-23:59,NOCHE,364,SOLTERO,SECUNDARIA,DELINCUENCIA,-76.50468039,3.410199816,N,N,N,2,Nivel 4
1022,1,Villamercedes I - Villa Luz - Las Garzas,21,OTRAS ARMAS,COMERCIANTE,M,43,7:00:00,2023,12/31/2023,DOMINGO,06:00-08:59,MAÑANA,365,SIN ESTABLECER,SIN ESTABLECER,OTRO,-76.47784053,3.411857413,N,N,N,1,Nivel 4
1023,1,Lleras Camargo,20,ARMA DE FUEGO,OFICIOS VARIOS,M,21,1:37:00,2024,1/1/2024,LUNES,00:00-02:59,MADRUGADA,1,SIN ESTABLECER,SIN ESTABLECER,DELINCUENCIA,-76.5617344,3.420522676,N,N,N,1,Nivel 4
1024,1,La Campiña,2,ARMA DE FUEGO,ASESOR,M,19,5:55:00,2024,1/1/2024,LUNES,03:00-05:59,MADRUGADA,1,SIN ESTABLECER,SIN ESTABLECER,DELINCUENCIA,-76.52833051,3.482252878,N,N,N,4,Nivel 4
1025,1,Alfonso Lopez P. 3a Etapa,7,ARMA DE FUEGO,AMA DE CASA,F,26,19:57:00,2024,1/1/2024,LUNES,18:00-20:59,NOCHE,1,SIN ESTABLECER,SIN ESTABLECER,OTRO,-76.48258755,3.45178688,N,N,S,3,Nivel 4
1026,1,Ciudadela Floralia,6,CORTOPUNZANTE,OFICIOS VARIOS,M,25,22:59:00,2024,1/1/2024,LUNES,21:00-23:59,NOCHE,1,SIN ESTABLECER,SIN ESTABLECER,CONVIVENCIA,-76.48973971,3.496790998,N,N,N,2,Nivel 4
1027,1,Yira Castro,13,ARMA DE FUEGO,MECANICO,M,24,0:30:00,2024,1/2/2024,MARTES,00:00-02:59,MADRUGADA,2,SIN ESTABLECER,SIN ESTABLECER,DELINCUENCIA,-76.49813688,3.427473415,N,N,N,2,Nivel 4
1028,1,El Retiro,15,ARMA DE FUEGO,ALBAÑIL,M,52,21:36:00,2024,1/2/2024,MARTES,21:00-23:59,NOCHE,2,SIN ESTABLECER,SIN ESTABLECER,DELINCUENCIA,-76.49746608,3.409806677,N,N,N,1,Nivel 4
1029,1,El Retiro,15,ARMA DE FUEGO,ALBAÑIL,M,50,21:36:00,2024,1/2/2024,MARTES,21:00-23:59,NOCHE,2,SIN ESTABLECER,SIN ESTABLECER,DELINCUENCIA,-76.49746608,3.409806677,N,N,N,1,Nivel 4
1030,1,CGTO. LA BUITRERA,54,CORTOPUNZANTE,COMERCIANTE,M,57,5:50:00,2024,1/3/2024,MIERCOLES,03:00-05:59,MADRUGADA,3,SOLTERO,PRIMARIA,CONVIVENCIA,-76.5743461,3.406868411,N,N,N,2,Nivel 4
1031,1,Promociones Populares B,14,CORTOPUNZANTE,VENDEDOR AMBULANTE,M,45,13:50:00,2024,1/3/2024,MIERCOLES,12:00-14:59,TARDE,3,UNION LIBRE,PRIMARIA,CONVIVENCIA,-76.4678254,3.426435338,N,N,N,1,Nivel 4
1032,1,CGTO. NAVARRO,51,CORTOPUNZANTE,DESEMPLEADO,M,21,18:20:00,2024,1/3/2024,MIERCOLES,18:00-20:59,NOCHE,3,SIN ESTABLECER,SIN ESTABLECER,DELINCUENCIA,-76.46825702,3.390387181,N,N,N,2,Nivel 4
1033,1,Planta de Tratamiento,21,ARMA DE FUEGO,ALBAÑIL,M,26,21:43:00,2024,1/3/2024,MIERCOLES,21:00-23:59,NOCHE,3,SOLTERO,SECUNDARIA,DELINCUENCIA,-76.47774446,3.440888688,N,N,N,1,Nivel 4
1034,1,Villa del Lago,13,ARMA DE FUEGO,OFICIOS VARIOS,M,33,21:43:00,2024,1/4/2024,JUEVES,21:00-23:59,NOCHE,4,SIN ESTABLECER,SIN ESTABLECER,DELINCUENCIA,-76.48577055,3.431607559,N,N,N,3,Nivel 4
1035,1,Alfonso Lopez P. 1a Etapa,7,ARMA DE FUEGO,SIN OCUPACION,M,28,19:45:00,2024,1/5/2024,VIERNES,18:00-20:59,NOCHE,5,SOLTERO,SECUNDARIA,DELINCUENCIA,-76.48322411,3.463260086,N,N,N,2,Nivel 4
1036,1,Alfonso Bonilla Aragón,14,ARMA DE FUEGO,COMERCIANTE,M,42,13:20:00,2024,1/6/2024,SABADO,12:00-14:59,TARDE,6,CASADO,SECUNDARIA,DELINCUENCIA,-76.48447546,3.423497032,N,N,N,1,Nivel 4
1037,1,El Morichal,15,ARMA DE FUEGO,PELUQUERO,M,28,14:00:00,2024,1/6/2024,SABADO,12:00-14:59,TARDE,6,SOLTERO,SECUNDARIA,DELINCUENCIA,-76.50698321,3.39396558,N,N,N,2,Nivel 4
1038,2,Meléndez,18,ARMA DE FUEGO,OFICIOS VARIOS,M,36,5:30:00,2024,1/8/2024,LUNES,03:00-05:59,MADRUGADA,8,SIN ESTABLECER,SIN ESTABLECER,DELINCUENCIA,-76.54720433,3.374847644,N,N,N,3,Nivel 4
1039,2,Terrón Colorado,1,ARMA DE FUEGO,GUARDA DE SEGURIDAD,M,20,17:16:00,2024,1/8/2024,LUNES,15:00-17:59,TARDE,8,SOLTERO,SECUNDARIA,DELINCUENCIA,-76.55770319,3.453803813,N,N,N,2,Nivel 4
1040,2,Granada,2,CORTOPUNZANTE,SIN OCUPACION,M,35,3:40:00,2024,1/9/2024,MARTES,03:00-05:59,MADRUGADA,9,SIN ESTABLECER,SIN ESTABLECER,CONVIVENCIA,-76.53093226,3.457552989,N,N,N,4,Nivel 4
1041,2,El Morichal,15,CORTOPUNZANTE,SIN OCUPACION,M,21,11:20:00,2024,1/9/2024,MARTES,09:00-11:59,MAÑANA,9,SIN ESTABLECER,SIN ESTABLECER,CONVIVENCIA,-76.50669577,3.390790464,N,N,N,2,Nivel 4
1042,2,Fonaviemcali,6,ARMA DE FUEGO,DESEMPLEADO,M,21,21:55:00,2024,1/9/2024,MARTES,21:00-23:59,NOCHE,9,SOLTERO,SECUNDARIA,DELINCUENCIA,-76.48938015,3.485355299,N,N,N,3,Nivel 4
1043,2,Potrero Grande,21,ARMA DE FUEGO,ALBAÑIL,M,56,18:00:00,2024,1/10/2024,MIERCOLES,18:00-20:59,NOCHE,10,SIN ESTABLECER,SIN ESTABLECER,DELINCUENCIA,-76.46792837,3.407231784,N,N,N,2,Nivel 4
1044,2,Normandia,2,ARMA DE FUEGO,ALBAÑIL,M,56,21:55:00,2024,1/10/2024,MIERCOLES,21:00-23:59,NOCHE,10,SIN ESTABLECER,SIN ESTABLECER,DELINCUENCIA,-76.54425666,3.452991829,N,N,N,6,Nivel 4
1045,2,Los Comuneros I,15,ARMA DE FUEGO,MOTORISTA,M,32,6:56:00,2024,1/11/2024,JUEVES,06:00-08:59,MAÑANA,11,SIN ESTABLECER,SIN ESTABLECER,DELINCUENCIA,-76.49302006,3.414737318,N,N,N,2,Nivel 4
1046,2,Lili,17,ARMA DE FUEGO,EMPLEADO,M,44,18:13:00,2024,1/11/2024,JUEVES,18:00-20:59,NOCHE,11,SIN ESTABLECER,SIN ESTABLECER,DELINCUENCIA,-76.52445391,3.375455382,N,N,N,4,Nivel 4
1047,2,San Carlos,11,ARMA DE FUEGO,EMPLEADO,M,20,20:00:00,2024,1/11/2024,JUEVES,18:00-20:59,NOCHE,11,SIN ESTABLECER,SIN ESTABLECER,DELINCUENCIA,-76.5139501,3.424834077,N,N,N,3,Nivel 4
1048,2,Santa Fé,8,ARMA DE FUEGO,DESEMPLEADO,M,19,20:53:00,2024,1/11/2024,JUEVES,18:00-20:59,NOCHE,11,SIN ESTABLECER,SIN ESTABLECER,DELINCUENCIA,-76.50753743,3.438685746,N,N,N,3,Nivel 4
1049,2,Eucaristico,19,ARMA DE FUEGO,COMERCIANTE,M,42,21:20:00,2024,1/11/2024,JUEVES,21:00-23:59,NOCHE,11,SIN ESTABLECER,SIN ESTABLECER,DELINCUENCIA,-76.53829113,3.422970203,N,N,N,4,Nivel 4
1050,2,Fepicol,7,ARMA DE FUEGO,OFICIOS VARIOS,M,22,22:59:00,2024,1/11/2024,JUEVES,21:00-23:59,NOCHE,11,SIN ESTABLECER,SIN ESTABLECER,DELINCUENCIA,-76.4847731,3.460616302,N,N,N,3,Nivel 4
1051,2,Laureano Gómez,15,ARMA DE FUEGO,ESTUDIANTE,M,17,14:45:00,2024,1/12/2024,VIERNES,12:00-14:59,TARDE,12,SOLTERO,SECUNDARIA,DELINCUENCIA,-76.49536564,3.41443616,N,N,N,1,Nivel 4
1052,2,Los Lagos,13,ARMA DE FUEGO,EMPLEADO,M,37,16:52:00,2024,1/12/2024,VIERNES,15:00-17:59,TARDE,12,UNION LIBRE,SECUNDARIA,CONVIVENCIA,-76.48831884,3.431132026,N,N,N,2,Nivel 4
1053,2,San Benito,11,ARMA DE FUEGO,COBRADOR GOTA GOTA,M,36,0:15:00,2024,1/13/2024,SABADO,00:00-02:59,MADRUGADA,13,SOLTERO,SECUNDARIA,DELINCUENCIA,-76.51138475,3.428711653,N,N,N,2,Nivel 4
1054,2,Prados del Sur,18,ARMA DE FUEGO,SIN OCUPACION,M,35,0:17:00,2024,1/13/2024,SABADO,00:00-02:59,MADRUGADA,13,SIN ESTABLECER,SIN ESTABLECER,DELINCUENCIA,-76.55635575,3.388968122,N,N,N,2,Nivel 4
1055,2,Los Comuneros I,15,ARMA DE FUEGO,AMA DE CASA,F,33,12:55:00,2024,1/13/2024,SABADO,12:00-14:59,TARDE,13,UNION LIBRE,SECUNDARIA,DELINCUENCIA,-76.49208685,3.415773431,N,N,N,2,Nivel 4
1056,2,Los Naranjos II,14,ARMA DE FUEGO,EMPLEADO,M,34,15:16:00,2024,1/13/2024,SABADO,15:00-17:59,TARDE,13,SOLTERO,PRIMARIA,DELINCUENCIA,-76.47801523,3.430554224,N,N,N,1,Nivel 4
1057,3,Sector Laguna del Pondaje,13,ARMA DE FUEGO,SIN OCUPACION,M,36,19:30:00,2024,1/14/2024,DOMINGO,18:00-20:59,NOCHE,14,SIN ESTABLECER,SIN ESTABLECER,DELINCUENCIA,-76.4921027,3.436728271,N,N,N,1,Nivel 4
1058,3,Alto Normandia,2,ARMA DE FUEGO,VENDEDOR AMBULANTE,M,27,8:00:00,2024,1/15/2024,LUNES,06:00-08:59,MAÑANA,15,SOLTERO,SECUNDARIA,OTRO,-76.54119642,3.454118874,N,N,N,1,Nivel 4
1059,3,Cañaverales - Los Samanes,17,ARMA DE FUEGO,EMPLEADO,F,30,22:35:00,2024,1/15/2024,LUNES,21:00-23:59,NOCHE,15,SIN ESTABLECER,SIN ESTABLECER,CONVIVENCIA,-76.52591181,3.404071632,N,N,N,3,Nivel 4
1060,3,Aguacatal,1,ARMA DE FUEGO,AGENTE DE POLICIA,M,26,3:48:00,2024,1/16/2024,MARTES,03:00-05:59,MADRUGADA,16,SIN ESTABLECER,SIN ESTABLECER,OTRO,-76.55996217,3.457847046,N,N,N,1,Nivel 4
1061,3,Jorge Eliécer Gaitán,6,ARMA DE FUEGO,DESEMPLEADO,M,21,22:40:00,2024,1/16/2024,MARTES,21:00-23:59,NOCHE,16,SIN ESTABLECER,SIN ESTABLECER,DELINCUENCIA,-76.4837957,3.472441041,N,N,N,2,Nivel 4
1062,3,Santa Mónica Popular,8,ARMA DE FUEGO,OFICIOS VARIOS,M,19,22:41:00,2024,1/16/2024,MARTES,21:00-23:59,NOCHE,16,SIN ESTABLECER,SIN ESTABLECER,DELINCUENCIA,-76.50910083,3.44015346,N,N,N,3,Nivel 4
1063,3,Prados de Oriente,11,ARMA DE FUEGO,OFICIOS VARIOS,M,43,12:42:00,2024,1/17/2024,MIERCOLES,12:00-14:59,TARDE,17,SIN ESTABLECER,SIN ESTABLECER,DELINCUENCIA,-76.51064476,3.430418828,N,N,N,3,Nivel 4
1064,3,Sucre,9,ARMA DE FUEGO,INDIGENTE,M,37,19:55:00,2024,1/17/2024,MIERCOLES,18:00-20:59,NOCHE,17,SIN ESTABLECER,SIN ESTABLECER,DELINCUENCIA,-76.52407429,3.445262017,N,N,N,1,Nivel 4
1065,3,Petecuy Segunda Etapa,6,CORTOPUNZANTE,DESEMPLEADO,M,24,8:55:00,2024,1/18/2024,JUEVES,06:00-08:59,MAÑANA,18,SIN ESTABLECER,SIN ESTABLECER,DELINCUENCIA,-76.48223758,3.481057105,N,N,N,2,Nivel 4
1066,3,Ciudad 2000,16,ARMA DE FUEGO,DESEMPLEADO,M,33,15:02:00,2024,1/18/2024,JUEVES,15:00-17:59,TARDE,18,SIN ESTABLECER,SIN ESTABLECER,OTRO,-76.51644586,3.390190792,N,N,N,4,Nivel 4
1067,3,Brisas de Mayo,20,ARMA DE FUEGO,OFICIOS VARIOS,M,20,0:55:00,2024,1/19/2024,VIERNES,00:00-02:59,MADRUGADA,19,SIN ESTABLECER,SIN ESTABLECER,DELINCUENCIA,-76.56432154,3.417201027,N,N,N,1,Nivel 4
1068,3,Siete de Agosto,7,ARMA DE FUEGO,DESEMPLEADO,M,63,12:00:00,2024,1/19/2024,VIERNES,12:00-14:59,TARDE,19,CASADO,SECUNDARIA,DELINCUENCIA,-76.48925879,3.446001318,N,N,N,3,Nivel 4
1069,3,Unicentro Cali,17,ARMA DE FUEGO,OFICIOS VARIOS,M,62,19:10:00,2024,1/19/2024,VIERNES,18:00-20:59,NOCHE,19,SIN ESTABLECER,SIN ESTABLECER,DELINCUENCIA,-76.53815853,3.3824814,N,N,N,5,Nivel 4
1070,3,Alfonso Lopez P. 1a Etapa,7,CORTOPUNZANTE,SIN OCUPACION,M,35,23:42:00,2024,1/19/2024,VIERNES,21:00-23:59,NOCHE,19,SIN ESTABLECER,SIN ESTABLECER,DELINCUENCIA,-76.47999456,3.464816577,N,N,N,2,Nivel 4
1071,3,Urbanización La Flora,2,ARMA DE FUEGO,ADMINISTRADOR DE EMPRESAS,M,42,21:16:00,2024,1/20/2024,SABADO,21:00-23:59,NOCHE,20,CASADO,UNIVERSITARIO,DELINCUENCIA,-76.51461693,3.4883721,N,N,N,5,Nivel 4
1072,4,Sucre,9,CORTOPUNZANTE,SIN OCUPACION,F,24,5:00:00,2024,1/21/2024,DOMINGO,03:00-05:59,MADRUGADA,21,SIN ESTABLECER,SIN ESTABLECER,CONVIVENCIA,-76.52485724,3.451167491,N,N,N,1,Nivel 4
1073,4,Terrón Colorado,1,ARMA DE FUEGO,ELECTRICISTA,M,26,5:43:00,2024,1/21/2024,DOMINGO,03:00-05:59,MADRUGADA,21,UNION LIBRE,TECNOLOGO,DELINCUENCIA,-76.55856487,3.450954676,N,N,N,2,Nivel 4
1074,4,Alfonso Bonilla Aragón,14,CORTOPUNZANTE,DESEMPLEADO,M,30,11:33:00,2024,1/21/2024,DOMINGO,09:00-11:59,MAÑANA,21,SIN ESTABLECER,SIN ESTABLECER,CONVIVENCIA,-76.48612778,3.421198037,N,N,N,1,Nivel 4
1075,4,Manuela Beltrán,14,ARMA DE FUEGO,DESEMPLEADO,M,21,13:20:00,2024,1/21/2024,DOMINGO,12:00-14:59,TARDE,21,SOLTERO,SECUNDARIA,DELINCUENCIA,-76.47231186,3.424609365,N,N,N,1,Nivel 4
1076,4,Torres de Comfandi,5,OTRAS ARMAS,ADMINISTRADOR DE EMPRESAS,F,23,20:21:00,2024,1/21/2024,DOMINGO,18:00-20:59,NOCHE,21,UNION LIBRE,UNIVERSITARIO,CONVIVENCIA,-76.50005,3.477592564,S,N,N,3,Nivel 4
1077,4,Sector Alto de los Chorros,18,ARMA DE FUEGO,EMPLEADO,M,37,20:55:00,2024,1/21/2024,DOMINGO,18:00-20:59,NOCHE,21,UNION LIBRE,PRIMARIA,CONVIVENCIA,-76.56129909,3.389704753,N,N,N,1,Nivel 4
1078,4,Los Comuneros II,13,ARMA DE FUEGO,DESEMPLEADO,M,34,0:32:00,2024,1/22/2024,LUNES,00:00-02:59,MADRUGADA,22,SIN ESTABLECER,SIN ESTABLECER,CONVIVENCIA,-76.49375292,3.427235201,N,N,N,2,Nivel 4
1079,4,Belalcázar,9,ARMA DE FUEGO,MOTORISTA,M,33,12:37:00,2024,1/22/2024,LUNES,12:00-14:59,TARDE,22,UNION LIBRE,SECUNDARIA,DELINCUENCIA,-76.51872285,3.442646365,N,N,N,3,Nivel 4
1080,4,El Sena,5,ARMA DE FUEGO,OFICIOS VARIOS,M,43,19:02:00,2024,1/23/2024,MARTES,18:00-20:59,NOCHE,23,SIN ESTABLECER,SIN ESTABLECER,DELINCUENCIA,-76.49780952,3.466138179,N,N,N,3,Nivel 4
1081,4,Potrero Grande,21,CORTOPUNZANTE,OFICIOS VARIOS,M,50,6:00:00,2024,1/25/2024,JUEVES,06:00-08:59,MAÑANA,25,SIN ESTABLECER,SIN ESTABLECER,DELINCUENCIA,-76.47101975,3.408153019,N,N,N,2,Nivel 4
1082,4,Ciudad Córdoba,15,CORTOPUNZANTE,ESTUDIANTE,M,17,18:00:00,2024,1/26/2024,VIERNES,18:00-20:59,NOCHE,26,SOLTERO,SECUNDARIA,CONVIVENCIA,-76.51063656,3.39616002,N,N,N,3,Nivel 4
1083,4,Alirio Mora Beltrán,14,ARMA DE FUEGO,COMERCIANTE,M,45,2:45:00,2024,1/27/2024,SABADO,00:00-02:59,MADRUGADA,27,SIN ESTABLECER,SIN ESTABLECER,DELINCUENCIA,-76.4788185,3.439285876,N,N,N,2,Nivel 4
1084,4,Mariano Ramos,16,OTRAS ARMAS,SIN OCUPACION,M,39,5:00:00,2024,1/27/2024,SABADO,03:00-05:59,MADRUGADA,27,SIN ESTABLECER,UNIVERSITARIO,CONVIVENCIA,-76.5153159,3.40129501,N,N,N,2,Nivel 4
1085,4,Alirio Mora Beltrán,14,CORTOPUNZANTE,ALBAÑIL,M,31,9:39:00,2024,1/27/2024,SABADO,09:00-11:59,MAÑANA,27,UNION LIBRE,SECUNDARIA,CONVIVENCIA,-76.47808218,3.437250861,N,N,N,2,Nivel 4
1086,4,Puerto Mallarino,7,CORTOPUNZANTE,AYUDANTE DE TRANSPORTE,M,19,14:23:00,2024,1/27/2024,SABADO,12:00-14:59,TARDE,27,SOLTERO,SECUNDARIA,CONVIVENCIA,-76.48243233,3.451172114,N,N,N,2,Nivel 4
1087,4,Asturias,12,ARMA DE FUEGO,MEDICO,M,24,16:53:00,2024,1/27/2024,SABADO,15:00-17:59,TARDE,27,UNION LIBRE,TECNOLOGO,DELINCUENCIA,-76.50386083,3.437300983,N,N,N,2,Nivel 4
1088,4,El Poblado I,13,ARMA DE FUEGO,SIN OCUPACION,M,13,21:30:00,2024,1/27/2024,SABADO,21:00-23:59,NOCHE,27,SIN ESTABLECER,SIN ESTABLECER,DELINCUENCIA,-76.49881204,3.418346043,N,N,N,2,Nivel 4
1089,4,Rafael Uribe Uribe,8,ARMA DE FUEGO,OFICIOS VARIOS,M,18,23:52:00,2024,1/27/2024,SABADO,21:00-23:59,NOCHE,27,SIN ESTABLECER,SIN ESTABLECER,DELINCUENCIA,-76.51080017,3.439568913,N,N,N,2,Nivel 4
1090,5,Olaya Herrera,4,CORTOPUNZANTE,SIN OCUPACION,M,35,3:44:00,2024,1/28/2024,DOMINGO,03:00-05:59,MADRUGADA,28,SIN ESTABLECER,SIN ESTABLECER,DELINCUENCIA,-76.50859374,3.480581208,N,N,N,2,Nivel 4
1091,5,Los Comuneros I,15,CORTOPUNZANTE,DESEMPLEADO,M,23,7:58:00,2024,1/28/2024,DOMINGO,06:00-08:59,MAÑANA,28,UNION LIBRE,PRIMARIA,CONVIVENCIA,-76.49292304,3.408634591,N,N,N,2,Nivel 4
1092,5,Sucre,9,CORTOPUNZANTE,SIN OCUPACION,M,33,8:04:00,2024,1/28/2024,DOMINGO,06:00-08:59,MAÑANA,28,SIN ESTABLECER,SIN ESTABLECER,OTRO,-76.52558801,3.442724003,N,N,N,1,Nivel 4
1093,5,Manuela Beltrán,14,CORTOPUNZANTE,MECANICO,M,29,14:29:00,2024,1/28/2024,DOMINGO,12:00-14:59,TARDE,28,SOLTERO,SECUNDARIA,CONVIVENCIA,-76.46943874,3.424948525,N,N,N,1,Nivel 4
1094,5,El Vergel,13,ARMA DE FUEGO,OFICIOS VARIOS,M,21,17:30:00,2024,1/28/2024,DOMINGO,15:00-17:59,TARDE,28,SIN ESTABLECER,SIN ESTABLECER,DELINCUENCIA,-76.50052695,3.413783753,N,N,N,1,Nivel 4
1095,5,El Jardín,11,ARMA DE FUEGO,OFICIOS VARIOS,M,27,4:40:00,2024,1/29/2024,LUNES,03:00-05:59,MADRUGADA,29,SIN ESTABLECER,SIN ESTABLECER,DELINCUENCIA,-76.51519383,3.42851029,N,N,N,3,Nivel 4
1096,5,CGTO. NAVARRO,51,ARMA DE FUEGO,SIN OCUPACION,M,30,12:50:00,2024,1/29/2024,LUNES,12:00-14:59,TARDE,29,SIN ESTABLECER,SIN ESTABLECER,DELINCUENCIA,-76.48887171,3.40580129,N,N,N,2,Nivel 4
1097,5,El Guabal,10,ARMA DE FUEGO,ALBAÑIL,M,19,4:36:00,2024,1/30/2024,MARTES,03:00-05:59,MADRUGADA,30,SOLTERO,SECUNDARIA,DELINCUENCIA,-76.52487381,3.418478655,N,N,N,3,Nivel 4
1098,5,El Prado,11,ARMA DE FUEGO,VENDEDOR AMBULANTE,M,20,17:30:00,2024,1/30/2024,MARTES,15:00-17:59,TARDE,30,SIN ESTABLECER,SIN ESTABLECER,CONVIVENCIA,-76.51582814,3.435932871,N,N,N,3,Nivel 4
1099,5,Los Guaduales,6,ARMA DE FUEGO,OFICIOS VARIOS,M,24,23:39:00,2024,1/30/2024,MARTES,21:00-23:59,NOCHE,30,SOLTERO,SECUNDARIA,DELINCUENCIA,-76.49880311,3.488479454,N,N,N,3,Nivel 4
1100,5,El Guabal,10,ARMA DE FUEGO,OFICIOS VARIOS,M,34,11:10:00,2024,1/31/2024,MIERCOLES,09:00-11:59,MAÑANA,31,SIN ESTABLECER,SIN ESTABLECER,OTRO,-76.527146,3.4153084,N,S,N,3,Nivel 4
1101,5,José Manuel Marroquín I,14,CORTOPUNZANTE,SIN OCUPACION,M,15,21:25:00,2024,1/31/2024,MIERCOLES,21:00-23:59,NOCHE,31,SIN ESTABLECER,SIN ESTABLECER,DELINCUENCIA,-76.47747335,3.425644825,N,N,N,2,Nivel 4
1102,5,José Manuel Marroquín I,14,CORTOPUNZANTE,SIN OCUPACION,M,48,6:30:00,2024,2/1/2024,JUEVES,06:00-08:59,MAÑANA,32,SIN ESTABLECER,SIN ESTABLECER,DELINCUENCIA,-76.4859494,3.4276264,N,N,N,2,Nivel 4
1103,5,Manuela Beltrán,14,CORTOPUNZANTE,ALBAÑIL,M,22,13:20:00,2024,2/1/2024,JUEVES,12:00-14:59,TARDE,32,SOLTERO,PRIMARIA,DELINCUENCIA,-76.4649847,3.4107343,N,N,N,1,Nivel 4
1104,5,Ciudadela del Rio - CVC,21,ARMA DE FUEGO,SIN OCUPACION,M,17,18:54:00,2024,2/1/2024,JUEVES,18:00-20:59,NOCHE,32,SIN ESTABLECER,SIN ESTABLECER,DELINCUENCIA,-76.46439201,3.425690933,N,N,N,2,Nivel 4
1105,5,El Morichal,15,ARMA DE FUEGO,OFICIOS VARIOS,M,33,1:30:00,2024,2/2/2024,VIERNES,00:00-02:59,MADRUGADA,33,SIN ESTABLECER,SIN ESTABLECER,CONVIVENCIA,-76.51110187,3.391737697,N,N,N,2,Nivel 4
1106,5,Ulpiano Lloreda,13,ARMA DE FUEGO,DESEMPLEADO,M,31,19:05:00,2024,2/2/2024,VIERNES,18:00-20:59,NOCHE,33,SOLTERO,SECUNDARIA,DELINCUENCIA,-76.49030915,3.44289034,N,N,N,2,Nivel 4
1107,5,Nápoles,18,ARMA DE FUEGO,ALBAÑIL,M,41,20:05:00,2024,2/2/2024,VIERNES,18:00-20:59,NOCHE,33,UNION LIBRE,PRIMARIA,DELINCUENCIA,-76.54900012,3.386614216,N,N,N,3,Nivel 4
1108,5,San Juan Bosco,3,CORTOPUNZANTE,SIN OCUPACION,M,27,5:00:00,2024,2/3/2024,SABADO,03:00-05:59,MADRUGADA,34,SIN ESTABLECER,SIN ESTABLECER,CONVIVENCIA,-76.53220374,3.44432796,N,N,N,3,Nivel 4
1109,5,Nueva Floresta,12,ARMA DE FUEGO,EMPLEADO,M,59,13:40:00,2024,2/3/2024,SABADO,12:00-14:59,TARDE,34,CASADO,UNIVERSITARIO,DELINCUENCIA,-76.49882006,3.432278278,N,N,N,3,Nivel 4
1110,5,Sucre,9,OTRAS ARMAS,SIN OCUPACION,M,50,19:43:00,2024,2/3/2024,SABADO,18:00-20:59,NOCHE,34,SIN ESTABLECER,SIN ESTABLECER,CONVIVENCIA,-76.52256697,3.443613625,N,N,N,1,Nivel 4
1111,6,Nueva Floresta,12,ARMA DE FUEGO,OFICIOS VARIOS,M,26,0:46:00,2024,2/4/2024,DOMINGO,00:00-02:59,MADRUGADA,35,SIN ESTABLECER,SIN ESTABLECER,DELINCUENCIA,-76.49295413,3.441954533,N,N,N,3,Nivel 4
1112,6,Ciudad Córdoba,15,CORTOPUNZANTE,SIN OCUPACION,M,17,22:37:00,2024,2/4/2024,DOMINGO,21:00-23:59,NOCHE,35,SIN ESTABLECER,SIN ESTABLECER,CONVIVENCIA,-76.50864206,3.399282294,N,N,N,3,Nivel 4
1113,6,Vipasa,2,ARMA DE FUEGO,INDIGENTE,M,30,22:50:00,2024,2/4/2024,DOMINGO,21:00-23:59,NOCHE,35,SIN ESTABLECER,SIN ESTABLECER,DELINCUENCIA,-76.51653911,3.479717345,N,N,N,4,Nivel 4
1114,6,CGTO. NAVARRO,51,CORTOPUNZANTE,EMPLEADO,M,62,11:46:00,2024,2/5/2024,LUNES,09:00-11:59,MAÑANA,36,SIN ESTABLECER,SIN ESTABLECER,OTRO,-76.46575642,3.392368415,N,N,N,2,Nivel 4
1115,6,San Cristóbal,10,ARMA DE FUEGO,DESEMPLEADO,M,27,20:30:00,2024,2/5/2024,LUNES,18:00-20:59,NOCHE,36,SIN ESTABLECER,SIN ESTABLECER,DELINCUENCIA,-76.52181379,3.430568119,N,N,N,3,Nivel 4
1116,6,San Pascual,3,CORTOPUNZANTE,DESEMPLEADO,M,23,22:44:00,2024,2/5/2024,LUNES,21:00-23:59,NOCHE,36,SOLTERO,SECUNDARIA,DELINCUENCIA,-76.52844786,3.445690269,N,N,N,1,Nivel 4
1117,6,Ciudadela Comfandi,17,ARMA DE FUEGO,OFICIOS VARIOS,M,52,14:40:00,2024,2/6/2024,MARTES,12:00-14:59,TARDE,37,SIN ESTABLECER,SIN ESTABLECER,DELINCUENCIA,-76.52184154,3.382361907,N,N,N,3,Nivel 4
1118,6,Ciudadela Comfandi,17,ARMA DE FUEGO,OFICIOS VARIOS,M,40,14:40:00,2024,2/6/2024,MARTES,12:00-14:59,TARDE,37,SIN ESTABLECER,SIN ESTABLECER,DELINCUENCIA,-76.52184154,3.382361907,N,N,N,3,Nivel 4
1119,6,Santa Elena,10,ARMA DE FUEGO,OFICIOS VARIOS,M,26,16:40:00,2024,2/7/2024,MIERCOLES,15:00-17:59,TARDE,38,SOLTERO,PRIMARIA,OTRO,-76.52706227,3.431884553,N,S,N,3,Nivel 4
1120,6,Sector Patio Bonito,1,OTRAS ARMAS,AMA DE CASA,F,43,4:15:00,2024,2/8/2024,JUEVES,03:00-05:59,MADRUGADA,39,SOLTERO,SECUNDARIA,OTRO,-76.58574083,3.461695055,S,N,N,1,Nivel 4
1121,6,Potrero Grande,21,ARMA DE FUEGO,BOXEADOR,M,24,15:45:00,2024,2/10/2024,SABADO,15:00-17:59,TARDE,41,SOLTERO,SECUNDARIA,DELINCUENCIA,-76.47120471,3.406028764,N,N,N,2,Nivel 4
1122,7,Alfonso Bonilla Aragón,14,ARMA DE FUEGO,DESEMPLEADO,M,22,0:36:00,2024,2/11/2024,DOMINGO,00:00-02:59,MADRUGADA,42,SIN ESTABLECER,SIN ESTABLECER,DELINCUENCIA,-76.47988313,3.418215297,N,N,N,1,Nivel 4
1123,7,Junín,9,ARMA DE FUEGO,OFICIOS VARIOS,M,26,2:17:00,2024,2/11/2024,DOMINGO,00:00-02:59,MADRUGADA,42,SIN ESTABLECER,SIN ESTABLECER,DELINCUENCIA,-76.52796845,3.434092261,N,N,N,3,Nivel 4
1124,7,Meléndez,18,OTRAS ARMAS,INDIGENTE,M,30,3:55:00,2024,2/12/2024,LUNES,03:00-05:59,MADRUGADA,43,SIN ESTABLECER,SIN ESTABLECER,CONVIVENCIA,-76.54716398,3.37485915,N,N,N,3,Nivel 4
1125,7,Sector Alto Jordán,18,ARMA DE FUEGO,OFICIOS VARIOS,M,23,22:20:00,2024,2/12/2024,LUNES,21:00-23:59,NOCHE,43,SIN ESTABLECER,SIN ESTABLECER,DELINCUENCIA,-76.56110224,3.379882454,N,N,N,1,Nivel 4
1126,7,Los Comuneros I,15,ARMA DE FUEGO,SIN OCUPACION,M,35,23:08:00,2024,2/12/2024,LUNES,21:00-23:59,NOCHE,43,SIN ESTABLECER,SIN ESTABLECER,OTRO,-76.4930885,3.406351555,N,N,N,1,Nivel 4
1127,7,Santa Elena,10,CORTOPUNZANTE,INDIGENTE,M,20,3:30:00,2024,2/13/2024,MARTES,03:00-05:59,MADRUGADA,44,SIN ESTABLECER,SIN ESTABLECER,CONVIVENCIA,-76.5231207,3.429942424,N,N,N,3,Nivel 4
1128,7,Las Orquídeas,14,CORTOPUNZANTE,MENSAJERO,F,32,15:15:00,2024,2/13/2024,MARTES,15:00-17:59,TARDE,44,UNION LIBRE,PRIMARIA,DELINCUENCIA,-76.47609405,3.41510713,S,N,N,1,Nivel 4
1129,7,Cristóbal Colón,10,CORTOPUNZANTE,AMA DE CASA,F,61,16:20:00,2024,2/13/2024,MARTES,15:00-17:59,TARDE,44,UNION LIBRE,TECNOLOGO,DELINCUENCIA,-76.5267218,3.42318128,N,N,N,3,Nivel 4
1130,7,Normandia,2,ARMA DE FUEGO,SIN OCUPACION,M,43,22:10:00,2024,2/13/2024,MARTES,21:00-23:59,NOCHE,44,SIN ESTABLECER,SIN ESTABLECER,CONVIVENCIA,-76.54221064,3.453313712,N,N,N,6,Nivel 4
1131,7,El Vallado,15,ARMA DE FUEGO,OFICIOS VARIOS,M,20,22:44:00,2024,2/13/2024,MARTES,21:00-23:59,NOCHE,44,SIN ESTABLECER,SIN ESTABLECER,DELINCUENCIA,-76.49944739,3.404137734,N,N,N,2,Nivel 4
1132,7,El Vergel,13,ARMA DE FUEGO,OFICIOS VARIOS,M,24,19:10:00,2024,2/14/2024,MIERCOLES,18:00-20:59,NOCHE,45,SIN ESTABLECER,SIN ESTABLECER,DELINCUENCIA,-76.50010366,3.418582613,N,N,N,1,Nivel 4
1133,7,El Morichal,15,ARMA DE FUEGO,OFICIOS VARIOS,M,30,20:30:00,2024,2/15/2024,JUEVES,18:00-20:59,NOCHE,46,SIN ESTABLECER,SIN ESTABLECER,DELINCUENCIA,-76.50920837,3.393165563,N,N,N,2,Nivel 4
1134,7,Los Guayacanes,5,ARMA DE FUEGO,COMERCIANTE,M,28,22:52:00,2024,2/15/2024,JUEVES,21:00-23:59,NOCHE,46,SIN ESTABLECER,SIN ESTABLECER,DELINCUENCIA,-76.49213032,3.471108843,N,N,N,3,Nivel 4
1135,7,Barrio Obrero,9,ARMA DE FUEGO,INDIGENTE,M,35,0:45:00,2024,2/16/2024,VIERNES,00:00-02:59,MADRUGADA,47,SIN ESTABLECER,SIN ESTABLECER,DELINCUENCIA,-76.51870372,3.445255323,N,N,N,2,Nivel 4
1136,7,Promociones Populares B,14,ARMA DE FUEGO,OFICIOS VARIOS,M,18,17:10:00,2024,2/16/2024,VIERNES,15:00-17:59,TARDE,47,SOLTERO,UNIVERSITARIO,DELINCUENCIA,-76.47760718,3.429202452,N,N,N,1,Nivel 4
1137,7,La Esperanza,11,ARMA DE FUEGO,OFICIOS VARIOS,M,48,23:40:00,2024,2/16/2024,VIERNES,21:00-23:59,NOCHE,47,SOLTERO,PRIMARIA,DELINCUENCIA,-76.51948515,3.420218347,N,N,N,3,Nivel 4
1138,8,Petecuy Primera Etapa,6,ARMA DE FUEGO,ESTUDIANTE,M,15,3:40:00,2024,2/18/2024,DOMINGO,03:00-05:59,MADRUGADA,49,SOLTERO,SECUNDARIA,DELINCUENCIA,-76.4796189,3.472706656,N,N,N,2,Nivel 4
1139,8,Lleras Restrepo,13,ARMA DE FUEGO,DESEMPLEADO,M,37,19:11:00,2024,2/18/2024,DOMINGO,18:00-20:59,NOCHE,49,SOLTERO,SECUNDARIA,DELINCUENCIA,-76.49318197,3.43602135,N,N,N,2,Nivel 4
1140,8,Sector Patio Bonito,1,ARMA DE FUEGO,OFICIOS VARIOS,M,27,19:20:00,2024,2/18/2024,DOMINGO,18:00-20:59,NOCHE,49,SIN ESTABLECER,SIN ESTABLECER,DELINCUENCIA,-76.5829573,3.4580754,N,N,N,1,Nivel 4
1141,8,CGTO. LOS ANDES,56,ARMA DE FUEGO,DESEMPLEADO,M,24,7:30:00,2024,2/19/2024,LUNES,06:00-08:59,MAÑANA,50,SIN ESTABLECER,SIN ESTABLECER,CONVIVENCIA,-76.57817488,3.397692507,N,N,N,1,Nivel 4
1142,8,Alfonso Bonilla Aragón,14,ARMA DE FUEGO,SIN OCUPACION,M,31,20:48:00,2024,2/19/2024,LUNES,18:00-20:59,NOCHE,50,SIN ESTABLECER,SIN ESTABLECER,DELINCUENCIA,-76.48295402,3.424713943,N,N,N,1,Nivel 4
1143,8,El Jordán,18,ARMA DE FUEGO,COMERCIANTE,M,41,21:17:00,2024,2/19/2024,LUNES,21:00-23:59,NOCHE,50,SIN ESTABLECER,SIN ESTABLECER,DELINCUENCIA,-76.54899443,3.373197957,N,N,N,2,Nivel 4
1144,8,El Poblado II,13,ARMA DE FUEGO,ALBAÑIL,M,26,23:30:00,2024,2/19/2024,LUNES,21:00-23:59,NOCHE,50,SIN ESTABLECER,SIN ESTABLECER,DELINCUENCIA,-76.49386365,3.416893206,N,N,N,2,Nivel 4
1145,8,San Nicolás,3,ARMA DE FUEGO,VIGILANTE,M,67,6:15:00,2024,2/20/2024,MARTES,06:00-08:59,MAÑANA,51,SOLTERO,ILETRADO,CONVIVENCIA,-76.52857661,3.455170235,N,N,N,2,Nivel 4
1146,8,Barrio Obrero,9,ARMA DE FUEGO,EMPLEADO,M,37,17:40:00,2024,2/20/2024,MARTES,15:00-17:59,TARDE,51,SIN ESTABLECER,SIN ESTABLECER,DELINCUENCIA,-76.51892582,3.447540935,N,N,N,2,Nivel 4
1147,8,Sector Alto de los Chorros,18,ARMA DE FUEGO,SIN OCUPACION,M,17,2:12:00,2024,2/21/2024,MIERCOLES,00:00-02:59,MADRUGADA,52,SIN ESTABLECER,SIN ESTABLECER,DELINCUENCIA,-76.56332686,3.388716668,N,N,N,1,Nivel 4
1148,8,El Poblado I,13,ARMA DE FUEGO,OFICIOS VARIOS,M,33,17:33:00,2024,2/21/2024,MIERCOLES,15:00-17:59,TARDE,52,UNION LIBRE,SECUNDARIA,DELINCUENCIA,-76.49873278,3.419503442,N,N,N,2,Nivel 4
1149,8,El Poblado I,13,ARMA DE FUEGO,OFICIOS VARIOS,M,30,17:33:00,2024,2/21/2024,MIERCOLES,15:00-17:59,TARDE,52,UNION LIBRE,SECUNDARIA,DELINCUENCIA,-76.49873278,3.419503442,N,N,N,2,Nivel 4
1150,8,Los Naranjos II,14,ARMA DE FUEGO,ALBAÑIL,M,31,13:52:00,2024,2/23/2024,VIERNES,12:00-14:59,TARDE,54,SOLTERO,PRIMARIA,DELINCUENCIA,-76.4839226,3.4397205,N,N,N,1,Nivel 4
1151,8,La Flora,2,ARMA DE FUEGO,SIN OCUPACION,M,18,14:30:00,2024,2/23/2024,VIERNES,12:00-14:59,TARDE,54,SIN ESTABLECER,SIN ESTABLECER,OTRO,-76.52250405,3.480605346,N,S,N,5,Nivel 4
1152,8,Sector Meléndez,18,ARMA DE FUEGO,COBRADOR GOTA GOTA,M,24,3:55:00,2024,2/24/2024,SABADO,03:00-05:59,MADRUGADA,55,UNION LIBRE,SECUNDARIA,DELINCUENCIA,-76.54620315,3.374372171,N,N,N,3,Nivel 4
1153,9,El Rodeo,12,ARMA DE FUEGO,ALBAÑIL,M,25,0:25:00,2024,2/25/2024,DOMINGO,00:00-02:59,MADRUGADA,56,UNION LIBRE,PRIMARIA,DELINCUENCIA,-76.5039246,3.435525637,N,N,N,2,Nivel 4
1154,9,Prados del Sur,18,ARMA DE FUEGO,ALBAÑIL,M,23,0:49:00,2024,2/25/2024,DOMINGO,00:00-02:59,MADRUGADA,56,SOLTERO,SECUNDARIA,DELINCUENCIA,-76.55550627,3.390184034,N,N,N,2,Nivel 4
1155,9,Petecuy Segunda Etapa,6,ARMA DE FUEGO,EMPLEADO,M,30,14:50:00,2024,2/25/2024,DOMINGO,12:00-14:59,TARDE,56,SIN ESTABLECER,SIN ESTABLECER,DELINCUENCIA,-76.48274674,3.47941214,N,N,N,2,Nivel 4
1156,9,El Gran Limonar - Cataya,17,ARMA DE FUEGO,COMERCIANTE,M,22,14:00:00,2024,2/26/2024,LUNES,12:00-14:59,TARDE,57,SIN ESTABLECER,SIN ESTABLECER,DELINCUENCIA,-76.5423204,3.4001612,N,N,N,5,Nivel 4
1157,9,San Fernando Nuevo,19,CORTOPUNZANTE,OFICIOS VARIOS,M,28,21:45:00,2024,2/26/2024,LUNES,21:00-23:59,NOCHE,57,CASADO,SECUNDARIA,CONVIVENCIA,-76.54252149,3.43260605,N,N,N,4,Nivel 4
1158,9,Lili,17,ARMA DE FUEGO,EMPLEADO,M,40,22:15:00,2024,2/27/2024,MARTES,21:00-23:59,NOCHE,58,SIN ESTABLECER,SIN ESTABLECER,DELINCUENCIA,-76.5188214,3.369977349,N,N,N,4,Nivel 4
1159,9,Ciudad Talanga,21,OTRAS ARMAS,DESEMPLEADO,M,25,3:30:00,2024,2/28/2024,MIERCOLES,03:00-05:59,MADRUGADA,59,SOLTERO,SECUNDARIA,OTRO,-76.46697268,3.433604531,N,N,N,1,Nivel 4
1160,9,Desepaz Invicali,21,CORTOPUNZANTE,OFICIOS VARIOS,M,39,3:39:00,2024,2/28/2024,MIERCOLES,03:00-05:59,MADRUGADA,59,SIN ESTABLECER,SIN ESTABLECER,CONVIVENCIA,-76.46178518,3.429535986,N,N,N,1,Nivel 4
1161,9,El Poblado I,13,ARMA DE FUEGO,VENDEDOR AMBULANTE,M,30,18:30:00,2024,2/28/2024,MIERCOLES,18:00-20:59,NOCHE,59,SOLTERO,PRIMARIA,DELINCUENCIA,-76.49874677,3.419144121,N,N,S,2,Nivel 4
1162,9,Potrero Grande,21,ARMA DE FUEGO,SIN OCUPACION,M,14,21:59:00,2024,2/28/2024,MIERCOLES,21:00-23:59,NOCHE,59,SIN ESTABLECER,SIN ESTABLECER,DELINCUENCIA,-76.472328,3.411344278,N,N,N,2,Nivel 4
1163,9,CGTO. MONTEBELLO,64,ARMA DE FUEGO,VIGILANTE,M,31,22:16:00,2024,3/1/2024,VIERNES,21:00-23:59,NOCHE,61,UNION LIBRE,SECUNDARIA,DELINCUENCIA,-76.54840052,3.485013248,N,N,N,2,Nivel 4
1164,9,CGTO. NAVARRO,51,CORTOPUNZANTE,SIN OCUPACION,M,35,6:50:00,2024,3/2/2024,SABADO,06:00-08:59,MAÑANA,62,SIN ESTABLECER,SIN ESTABLECER,OTRO,-76.47255181,3.376224529,N,N,N,2,Nivel 4
1165,9,El Vallado,15,ARMA DE FUEGO,PRESTAMISTA,M,28,16:30:00,2024,3/2/2024,SABADO,15:00-17:59,TARDE,62,UNION LIBRE,SECUNDARIA,DELINCUENCIA,-76.50254281,3.409000826,N,N,N,2,Nivel 4
1166,9,Guayaquil,9,ARMA DE FUEGO,EMPLEADO,M,25,22:15:00,2024,3/2/2024,SABADO,21:00-23:59,NOCHE,62,SIN ESTABLECER,SIN ESTABLECER,DELINCUENCIA,-76.52614336,3.441261467,N,N,N,3,Nivel 4
1167,9,CGTO. LA BUITRERA,54,ARMA DE FUEGO,DESEMPLEADO,M,29,22:52:00,2024,3/2/2024,SABADO,21:00-23:59,NOCHE,62,SOLTERO,SECUNDARIA,DELINCUENCIA,-76.5863882,3.3829662,N,N,N,2,Nivel 4
1168,10,El Vallado,15,ARMA DE FUEGO,SIN OCUPACION,M,38,0:01:00,2024,3/3/2024,DOMINGO,00:00-02:59,MADRUGADA,63,SIN ESTABLECER,SIN ESTABLECER,DELINCUENCIA,-76.49688549,3.406015795,N,N,N,2,Nivel 4
1169,10,Siloé,20,CORTOPUNZANTE,OFICIOS VARIOS,M,61,0:30:00,2024,3/3/2024,DOMINGO,00:00-02:59,MADRUGADA,63,SIN ESTABLECER,SIN ESTABLECER,DELINCUENCIA,-76.55699041,3.422669065,N,N,N,1,Nivel 4
1170,10,La Sultana,20,CORTOPUNZANTE,ESTUDIANTE,M,17,1:00:00,2024,3/3/2024,DOMINGO,00:00-02:59,MADRUGADA,63,SIN ESTABLECER,SIN ESTABLECER,DELINCUENCIA,-76.55498454,3.424655735,N,N,N,1,Nivel 4
1171,10,Cañaverales - Los Samanes,17,ARMA DE FUEGO,VIGILANTE,M,40,2:26:00,2024,3/3/2024,DOMINGO,00:00-02:59,MADRUGADA,63,SIN ESTABLECER,SIN ESTABLECER,DELINCUENCIA,-76.52479166,3.401983434,N,N,N,3,Nivel 4
1172,10,Belalcázar,9,ARMA DE FUEGO,VENDEDOR AMBULANTE,M,33,0:17:00,2024,3/5/2024,MARTES,00:00-02:59,MADRUGADA,65,SOLTERO,SECUNDARIA,DELINCUENCIA,-76.51964464,3.441773992,N,N,N,3,Nivel 4
1173,10,El Vallado,15,ARMA DE FUEGO,VENDEDOR AMBULANTE,M,41,15:43:00,2024,3/5/2024,MARTES,15:00-17:59,TARDE,65,UNION LIBRE,SECUNDARIA,DELINCUENCIA,-76.49984318,3.404543779,N,N,N,2,Nivel 4
1174,10,Antonio Nariño,16,ARMA DE FUEGO,SIN OCUPACION,M,37,18:51:00,2024,3/5/2024,MARTES,18:00-20:59,NOCHE,65,SIN ESTABLECER,SIN ESTABLECER,DELINCUENCIA,-76.50468039,3.410199816,N,N,N,2,Nivel 4
1175,10,San Luís,6,CORTOPUNZANTE,OFICIOS VARIOS,M,21,18:18:00,2024,3/6/2024,MIERCOLES,18:00-20:59,NOCHE,66,SIN ESTABLECER,SIN ESTABLECER,DELINCUENCIA,-76.4866723,3.4811407,N,N,N,2,Nivel 4
1176,10,Sucre,9,CORTOPUNZANTE,SIN OCUPACION,M,21,1:15:00,2024,3/8/2024,VIERNES,00:00-02:59,MADRUGADA,68,SIN ESTABLECER,SIN ESTABLECER,CONVIVENCIA,-76.52399083,3.44886248,N,N,N,1,Nivel 4
1177,10,Los Chorros,18,ARMA DE FUEGO,PRESTAMISTA,M,21,3:13:00,2024,3/8/2024,VIERNES,03:00-05:59,MADRUGADA,68,SIN ESTABLECER,SIN ESTABLECER,DELINCUENCIA,-76.5566182,3.392817084,N,N,N,3,Nivel 4
1178,10,CGTO. LA BUITRERA,54,ARMA DE FUEGO,ALBAÑIL,M,33,14:30:00,2024,3/8/2024,VIERNES,12:00-14:59,TARDE,68,SOLTERO,SECUNDARIA,OTRO,-76.57637404,3.378773368,N,N,N,2,Nivel 4
1179,10,Barrio Obrero,9,CORTOPUNZANTE,VENDEDOR AMBULANTE,M,18,20:12:00,2024,3/9/2024,SABADO,18:00-20:59,NOCHE,69,SOLTERO,SECUNDARIA,DELINCUENCIA,-76.51882827,3.448370969,N,N,N,2,Nivel 4
1180,11,Ciudadela del Rio - CVC,21,OTRAS ARMAS,DESEMPLEADO,M,23,23:41:00,2024,3/10/2024,DOMINGO,21:00-23:59,NOCHE,70,SOLTERO,SECUNDARIA,OTRO,-76.46542663,3.42467445,N,N,N,2,Nivel 4
1181,11,Ciudad Córdoba,15,CORTOPUNZANTE,OFICIOS VARIOS,M,27,2:30:00,2024,3/11/2024,LUNES,00:00-02:59,MADRUGADA,71,SIN ESTABLECER,SIN ESTABLECER,CONVIVENCIA,-76.50667747,3.399862639,N,N,N,3,Nivel 4
1182,11,Bretaña,9,CORTOPUNZANTE,VENDEDOR AMBULANTE,M,35,3:05:00,2024,3/11/2024,LUNES,03:00-05:59,MADRUGADA,71,SOLTERO,SECUNDARIA,CONVIVENCIA,-76.53120949,3.435975505,N,N,N,3,Nivel 4
1183,11,Potrero Grande,21,ARMA DE FUEGO,EMPLEADO,M,26,5:20:00,2024,3/11/2024,LUNES,03:00-05:59,MADRUGADA,71,SIN ESTABLECER,SIN ESTABLECER,DELINCUENCIA,-76.47073283,3.410933063,N,N,N,2,Nivel 4
1184,11,Bretaña,9,ARMA DE FUEGO,OFICIOS VARIOS,M,31,17:55:00,2024,3/11/2024,LUNES,15:00-17:59,TARDE,71,SIN ESTABLECER,SIN ESTABLECER,DELINCUENCIA,-76.53129041,3.436857674,N,N,N,3,Nivel 4
1185,11,El Poblado I,13,ARMA DE FUEGO,OFICIOS VARIOS,M,39,21:31:00,2024,3/11/2024,LUNES,21:00-23:59,NOCHE,71,SIN ESTABLECER,SIN ESTABLECER,DELINCUENCIA,-76.49816322,3.417564108,N,N,N,2,Nivel 4
1186,11,La Fortaleza,11,ARMA DE FUEGO,EMPLEADO,M,24,23:16:00,2024,3/11/2024,LUNES,21:00-23:59,NOCHE,71,SIN ESTABLECER,SIN ESTABLECER,DELINCUENCIA,-76.5153893,3.425176901,N,N,N,3,Nivel 4
1187,11,Sector Alto Jordán,18,ARMA DE FUEGO,OFICIOS VARIOS,F,37,1:37:00,2024,3/12/2024,MARTES,00:00-02:59,MADRUGADA,72,SIN ESTABLECER,SIN ESTABLECER,DELINCUENCIA,-76.55851334,3.378248332,N,N,N,1,Nivel 4
1188,11,Sector Alto Jordán,18,ARMA DE FUEGO,OFICIOS VARIOS,M,55,1:37:00,2024,3/12/2024,MARTES,00:00-02:59,MADRUGADA,72,SIN ESTABLECER,SIN ESTABLECER,DELINCUENCIA,-76.55851334,3.378248332,N,N,N,1,Nivel 4
1189,11,Desepaz Invicali,21,ARMA DE FUEGO,DESEMPLEADO,M,17,20:45:00,2024,3/12/2024,MARTES,18:00-20:59,NOCHE,72,SIN ESTABLECER,SIN ESTABLECER,CONVIVENCIA,-76.46249531,3.425462319,N,N,N,1,Nivel 4
1190,11,El Vallado,15,ARMA DE FUEGO,TECNICO REFRIGERACION,M,37,21:15:00,2024,3/13/2024,MIERCOLES,21:00-23:59,NOCHE,73,UNION LIBRE,TECNOLOGO,DELINCUENCIA,-76.5017567,3.408357038,N,N,N,2,Nivel 4
1191,11,Bretaña,9,CORTOPUNZANTE,OFICIOS VARIOS,M,32,4:11:00,2024,3/14/2024,JUEVES,03:00-05:59,MADRUGADA,74,SIN ESTABLECER,SIN ESTABLECER,CONVIVENCIA,-76.53144707,3.439188252,N,N,N,3,Nivel 4
1192,11,San Luis II,6,ARMA DE FUEGO,AMA DE CASA,F,54,22:55:00,2024,3/14/2024,JUEVES,21:00-23:59,NOCHE,74,SEPARADO,TECNOLOGO,CONVIVENCIA,-76.4888408,3.4891723,N,N,N,2,Nivel 4
1193,11,Manuel María Buenaventura,9,CORTOPUNZANTE,OFICIOS VARIOS,M,31,15:15:00,2024,3/15/2024,VIERNES,15:00-17:59,TARDE,75,SIN ESTABLECER,SIN ESTABLECER,CONVIVENCIA,-76.5249781,3.4392521,N,N,N,3,Nivel 4
1194,11,Promociones Populares B,14,CORTOPUNZANTE,DESEMPLEADO,F,28,5:50:00,2024,3/16/2024,SABADO,03:00-05:59,MADRUGADA,76,SOLTERO,SECUNDARIA,CONVIVENCIA,-76.47309832,3.424708946,N,N,N,1,Nivel 4
1195,11,Ciudadela Floralia,6,ARMA DE FUEGO,OPERARIO,M,23,10:36:00,2024,3/16/2024,SABADO,09:00-11:59,MAÑANA,76,UNION LIBRE,SECUNDARIA,DELINCUENCIA,-76.4931119,3.499484213,N,N,N,2,Nivel 4
1196,11,Chiminangos I,5,ARMA DE FUEGO,OFICIOS VARIOS,M,30,20:13:00,2024,3/16/2024,SABADO,18:00-20:59,NOCHE,76,SIN ESTABLECER,SIN ESTABLECER,DELINCUENCIA,-76.49052833,3.478585586,N,N,N,3,Nivel 4
1197,12,El Morichal,15,ARMA DE FUEGO,SIN OCUPACION,M,19,1:09:00,2024,3/17/2024,DOMINGO,00:00-02:59,MADRUGADA,77,SOLTERO,SECUNDARIA,DELINCUENCIA,-76.50624353,3.391097687,N,N,N,2,Nivel 4
1198,12,Belalcázar,9,ARMA DE FUEGO,SIN OCUPACION,M,27,6:30:00,2024,3/17/2024,DOMINGO,06:00-08:59,MAÑANA,77,SIN ESTABLECER,SIN ESTABLECER,DELINCUENCIA,-76.52342018,3.440666148,N,N,N,3,Nivel 4
1199,12,Pizamos II,21,ARMA DE FUEGO,PELUQUERO,M,26,22:38:00,2024,3/18/2024,LUNES,21:00-23:59,NOCHE,78,SOLTERO,SECUNDARIA,DELINCUENCIA,-76.47219866,3.403466169,N,N,N,1,Nivel 4
1200,12,Terrón Colorado,1,ARMA DE FUEGO,COMERCIANTE,M,23,22:57:00,2024,3/18/2024,LUNES,21:00-23:59,NOCHE,78,SOLTERO,SECUNDARIA,DELINCUENCIA,-76.55879032,3.453770011,N,N,N,2,Nivel 4
1201,12,El Retiro,15,ARMA DE FUEGO,OFICIOS VARIOS,M,28,12:20:00,2024,3/19/2024,MARTES,12:00-14:59,TARDE,79,SIN ESTABLECER,SIN ESTABLECER,DELINCUENCIA,-76.49748932,3.410868791,N,N,N,1,Nivel 4
1202,12,Laureano Gómez,15,ARMA DE FUEGO,OPERARIO,M,33,17:32:00,2024,3/19/2024,MARTES,15:00-17:59,TARDE,79,SOLTERO,SECUNDARIA,DELINCUENCIA,-76.49629918,3.412139541,N,N,N,1,Nivel 4
1203,12,Pizamos III - Las Dalias,21,ARMA DE FUEGO,CHATARRERO,M,40,21:18:00,2024,3/19/2024,MARTES,21:00-23:59,NOCHE,79,UNION LIBRE,PRIMARIA,DELINCUENCIA,-76.47532765,3.408635548,N,N,N,1,Nivel 4
1204,12,San Pascual,3,CORTOPUNZANTE,INDIGENTE,F,46,9:15:00,2024,3/20/2024,MIERCOLES,09:00-11:59,MAÑANA,80,SIN ESTABLECER,SIN ESTABLECER,OTRO,-76.52997629,3.444372202,S,N,N,1,Nivel 4
1205,12,Ricardo Balcázar,13,ARMA DE FUEGO,OFICIOS VARIOS,M,31,16:59:00,2024,3/20/2024,MIERCOLES,15:00-17:59,TARDE,80,SIN ESTABLECER,SIN ESTABLECER,OTRO,-76.49174345,3.435066296,N,N,N,2,Nivel 4
1206,12,Belisario Caicedo,20,CORTOPUNZANTE,AMA DE CASA,F,78,20:28:00,2024,3/20/2024,MIERCOLES,18:00-20:59,NOCHE,80,SIN ESTABLECER,SIN ESTABLECER,CONVIVENCIA,-76.55721956,3.414504925,N,N,N,3,Nivel 4
1207,12,Sector Alto de los Chorros,18,ARMA DE FUEGO,DESEMPLEADO,M,27,22:28:00,2024,3/20/2024,MIERCOLES,21:00-23:59,NOCHE,80,SOLTERO,PRIMARIA,DELINCUENCIA,-76.56310905,3.388788684,N,N,N,1,Nivel 4
1208,12,Ciudad Córdoba,15,ARMA DE FUEGO,SIN OCUPACION,M,48,22:56:00,2024,3/21/2024,JUEVES,21:00-23:59,NOCHE,81,SIN ESTABLECER,SIN ESTABLECER,DELINCUENCIA,-76.51532733,3.397570643,N,N,N,3,Nivel 4
1209,12,Potrero Grande,21,ARMA DE FUEGO,OFICIOS VARIOS,M,19,18:00:00,2024,3/22/2024,VIERNES,18:00-20:59,NOCHE,82,SIN ESTABLECER,SIN ESTABLECER,OTRO,-76.46743857,3.410512867,N,N,N,2,Nivel 4
1210,12,José Manuel Marroquín I,14,ARMA DE FUEGO,ALBAÑIL,M,31,10:21:00,2024,3/23/2024,SABADO,09:00-11:59,MAÑANA,83,SOLTERO,SECUNDARIA,DELINCUENCIA,-76.47779508,3.423451233,N,N,N,2,Nivel 4
1211,12,Urbanización La Nueva Base,8,ARMA DE FUEGO,OFICIOS VARIOS,M,46,20:43:00,2024,3/23/2024,SABADO,18:00-20:59,NOCHE,83,SOLTERO,SECUNDARIA,DELINCUENCIA,-76.48923079,3.449650534,N,N,N,3,Nivel 4
1212,13,Calimio Desepaz,21,CORTOPUNZANTE,MECANICO,M,35,23:15:00,2024,3/24/2024,DOMINGO,21:00-23:59,NOCHE,84,UNION LIBRE,PRIMARIA,CONVIVENCIA,-76.47134654,3.412601994,N,N,N,1,Nivel 4
1213,13,Urbanización Tequendama,19,ARMA DE FUEGO,OFICIOS VARIOS,F,24,0:45:00,2024,3/25/2024,LUNES,00:00-02:59,MADRUGADA,85,SIN ESTABLECER,SIN ESTABLECER,DELINCUENCIA,-76.5430266,3.419391615,N,N,N,5,Nivel 4
1214,13,Los Naranjos II,14,ARMA DE FUEGO,OFICIOS VARIOS,M,38,1:20:00,2024,3/25/2024,LUNES,00:00-02:59,MADRUGADA,85,SIN ESTABLECER,SIN ESTABLECER,DELINCUENCIA,-76.4839226,3.4397205,N,N,N,1,Nivel 4
1215,13,Siloé,20,ARMA DE FUEGO,OFICIOS VARIOS,M,21,4:30:00,2024,3/25/2024,LUNES,03:00-05:59,MADRUGADA,85,SIN ESTABLECER,SIN ESTABLECER,OTRO,-76.55430394,3.418165831,N,N,N,1,Nivel 4
1216,13,Las Orquídeas,14,CORTOPUNZANTE,OFICIOS VARIOS,M,47,13:55:00,2024,3/25/2024,LUNES,12:00-14:59,TARDE,85,SIN ESTABLECER,SIN ESTABLECER,CONVIVENCIA,-76.4773898,3.414261611,N,N,N,1,Nivel 4
1217,13,El Gran Limonar,17,ARMA DE FUEGO,VENDEDOR AMBULANTE,M,49,1:50:00,2024,3/26/2024,MARTES,00:00-02:59,MADRUGADA,86,SIN ESTABLECER,SIN ESTABLECER,DELINCUENCIA,-76.5423204,3.4001612,N,N,N,5,Nivel 4
1218,13,Los Cámbulos,19,ARMA DE FUEGO,MEDICO,M,46,16:45:00,2024,3/26/2024,MARTES,15:00-17:59,TARDE,86,CASADO,UNIVERSITARIO,DELINCUENCIA,-76.53646454,3.4180245,N,N,N,4,Nivel 4
1219,13,Ciudad Córdoba,15,CORTOPUNZANTE,OFICIOS VARIOS,M,41,22:00:00,2024,3/26/2024,MARTES,21:00-23:59,NOCHE,86,SOLTERO,PRIMARIA,CONVIVENCIA,-76.50346037,3.407309318,N,N,N,3,Nivel 4
1220,13,Belén,20,ARMA DE FUEGO,ALBAÑIL,M,28,20:35:00,2024,3/27/2024,MIERCOLES,18:00-20:59,NOCHE,87,SOLTERO,SECUNDARIA,DELINCUENCIA,-76.55114219,3.427021871,N,N,N,1,Nivel 4
1221,13,Jorge Eliécer Gaitán,6,CORTOPUNZANTE,EMPLEADO,M,25,4:59:00,2024,3/29/2024,VIERNES,03:00-05:59,MADRUGADA,89,SOLTERO,TECNOLOGO,DELINCUENCIA,-76.48307309,3.469702252,N,N,N,2,Nivel 4
1222,13,Alirio Mora Beltrán,14,ARMA DE FUEGO,OFICIOS VARIOS,M,26,18:30:00,2024,3/30/2024,SABADO,18:00-20:59,NOCHE,90,SIN ESTABLECER,SIN ESTABLECER,DELINCUENCIA,-76.4784985,3.438275399,N,N,N,2,Nivel 4
1223,14,Los Comuneros I,15,ARMA DE FUEGO,SIN DATO,M,22,13:06:00,2024,3/31/2024,DOMINGO,12:00-14:59,TARDE,91,SOLTERO,PRIMARIA,DELINCUENCIA,-76.4923842,3.40810978,N,N,N,2,Nivel 4
1224,14,Ciudad Córdoba,15,ARMA DE FUEGO,SIN DATO,M,24,21:36:00,2024,3/31/2024,DOMINGO,21:00-23:59,NOCHE,91,SIN ESTABLECER,SIN ESTABLECER,DELINCUENCIA,-76.51186009,3.39853245,N,N,N,3,Nivel 4
1225,14,Mojica,15,ARMA DE FUEGO,OFICIOS VARIOS,M,33,1:35:00,2024,4/2/2024,MARTES,00:00-02:59,MADRUGADA,93,UNION LIBRE,SECUNDARIA,OTRO,-76.49133531,3.416328735,N,N,N,1,Nivel 4
1226,14,Los Lagos,13,ARMA DE FUEGO,MOTORISTA,M,59,18:53:00,2024,4/2/2024,MARTES,18:00-20:59,NOCHE,93,SOLTERO,SECUNDARIA,DELINCUENCIA,-76.48467863,3.426676883,N,N,N,2,Nivel 4
1227,14,San Fernando Nuevo,19,ARMA DE FUEGO,SIN DATO,M,25,13:49:00,2024,4/3/2024,MIERCOLES,12:00-14:59,TARDE,94,SIN ESTABLECER,SIN ESTABLECER,DELINCUENCIA,-76.54351038,3.4309789,N,N,N,4,Nivel 4
1228,14,Potrero Grande,21,ARMA DE FUEGO,VENDEDOR AMBULANTE,M,30,13:25:00,2024,4/4/2024,JUEVES,12:00-14:59,TARDE,95,SOLTERO,PRIMARIA,DELINCUENCIA,-76.47202677,3.407932156,N,N,N,2,Nivel 4
1229,14,Manuela Beltrán,14,ARMA DE FUEGO,EMPLEADO,M,21,21:58:00,2024,4/4/2024,JUEVES,21:00-23:59,NOCHE,95,UNION LIBRE,SECUNDARIA,OTRO,-76.47539133,3.423573139,N,N,N,1,Nivel 4
1230,14,El Vallado,15,CORTOPUNZANTE,OFICIOS VARIOS,M,24,23:25:00,2024,4/4/2024,JUEVES,21:00-23:59,NOCHE,95,SIN ESTABLECER,SIN ESTABLECER,CONVIVENCIA,-76.50066597,3.405141834,N,N,N,2,Nivel 4
1231,14,El Vallado,15,CORTOPUNZANTE,SIN DATO,M,48,23:25:00,2024,4/4/2024,JUEVES,21:00-23:59,NOCHE,95,SIN ESTABLECER,SIN ESTABLECER,CONVIVENCIA,-76.50066597,3.405141834,N,N,N,2,Nivel 4
1232,14,Terrón Colorado,1,OTRAS ARMAS,OPERARIO,F,21,10:48:00,2024,4/5/2024,VIERNES,09:00-11:59,MAÑANA,96,UNION LIBRE,SECUNDARIA,CONVIVENCIA,-76.56883683,3.453679386,S,N,N,2,Nivel 4
1233,14,José Manuel Marroquín I,14,ARMA DE FUEGO,COMERCIANTE,M,20,15:09:00,2024,4/5/2024,VIERNES,15:00-17:59,TARDE,96,SOLTERO,SECUNDARIA,DELINCUENCIA,-76.47835151,3.419427357,N,N,N,2,Nivel 4
1234,14,José Manuel Marroquín I,14,ARMA DE FUEGO,VENDEDOR AMBULANTE,M,22,15:09:00,2024,4/5/2024,VIERNES,15:00-17:59,TARDE,96,SOLTERO,SECUNDARIA,DELINCUENCIA,-76.47835151,3.419427357,N,N,N,2,Nivel 4
1235,14,Alfonso Lopez P. 3a Etapa,7,ARMA DE FUEGO,TAXISTA,M,27,19:44:00,2024,4/5/2024,VIERNES,18:00-20:59,NOCHE,96,SIN ESTABLECER,SIN ESTABLECER,DELINCUENCIA,-76.48453841,3.455203444,N,N,N,3,Nivel 4
1236,14,Santander,4,CORTOPUNZANTE,MOTORISTA,M,32,9:20:00,2024,4/6/2024,SABADO,09:00-11:59,MAÑANA,97,SOLTERO,SECUNDARIA,CONVIVENCIA,-76.51382278,3.462855285,N,N,N,2,Nivel 4
1237,15,El Morichal,15,CORTOPUNZANTE,SOLDADOR,M,46,5:40:00,2024,4/7/2024,DOMINGO,03:00-05:59,MADRUGADA,98,UNION LIBRE,SECUNDARIA,CONVIVENCIA,-76.50531285,3.396156591,N,N,N,2,Nivel 4
1238,15,Ciudadela Floralia,6,CORTOPUNZANTE,COMERCIANTE,M,21,5:52:00,2024,4/7/2024,DOMINGO,03:00-05:59,MADRUGADA,98,SOLTERO,SECUNDARIA,CONVIVENCIA,-76.49542786,3.493259845,N,N,N,2,Nivel 4
1239,15,Manuela Beltrán,14,ARMA DE FUEGO,ALBAÑIL,M,35,13:16:00,2024,4/7/2024,DOMINGO,12:00-14:59,TARDE,98,SOLTERO,SECUNDARIA,DELINCUENCIA,-76.47247719,3.423116803,N,N,N,1,Nivel 4
1240,15,Mojica,15,ARMA DE FUEGO,OFICIOS VARIOS,M,20,20:53:00,2024,4/7/2024,DOMINGO,18:00-20:59,NOCHE,98,SIN ESTABLECER,SIN ESTABLECER,OTRO,-76.48488911,3.416481737,N,N,N,1,Nivel 4
1241,15,El Morichal,15,ARMA DE FUEGO,OFICIOS VARIOS,M,25,21:36:00,2024,4/7/2024,DOMINGO,21:00-23:59,NOCHE,98,SIN ESTABLECER,SIN ESTABLECER,DELINCUENCIA,-76.5047789,3.392680079,N,N,N,2,Nivel 4
1242,15,CGTO. PICHINDÉ,57,ARMA DE FUEGO,VIGILANTE,M,71,18:39:00,2024,4/8/2024,LUNES,18:00-20:59,NOCHE,99,SIN ESTABLECER,SIN ESTABLECER,DELINCUENCIA,-76.6134076,3.434825279,N,N,N,2,Nivel 4
1243,15,El Cedro,19,ARMA DE FUEGO,SIN OCUPACION,M,70,18:41:00,2024,4/8/2024,LUNES,18:00-20:59,NOCHE,99,SIN ESTABLECER,SIN ESTABLECER,DELINCUENCIA,-76.53739081,3.435095884,N,N,N,4,Nivel 4
1244,15,El Jardín,11,CORTOPUNZANTE,OFICIOS VARIOS,M,23,23:24:00,2024,4/8/2024,LUNES,21:00-23:59,NOCHE,99,SIN ESTABLECER,SIN ESTABLECER,OTRO,-76.51687709,3.425155532,N,N,N,3,Nivel 4
1245,15,Los Lideres,21,CORTOPUNZANTE,MOTORISTA,M,43,4:45:00,2024,4/9/2024,MARTES,03:00-05:59,MADRUGADA,100,SOLTERO,SECUNDARIA,CONVIVENCIA,-76.4655423,3.419210297,N,N,N,1,Nivel 4
1246,15,Ciudad Córdoba,15,ARMA DE FUEGO,ALBAÑIL,M,44,17:03:00,2024,4/9/2024,MARTES,15:00-17:59,TARDE,100,SIN ESTABLECER,SIN ESTABLECER,CONVIVENCIA,-76.50399523,3.403885293,N,N,N,3,Nivel 4
1247,15,San Benito,11,ARMA DE FUEGO,SIN OCUPACION,M,26,21:50:00,2024,4/9/2024,MARTES,21:00-23:59,NOCHE,100,UNION LIBRE,SECUNDARIA,DELINCUENCIA,-76.51115975,3.429148751,N,N,N,2,Nivel 4
1248,15,Ciudadela Floralia,6,ARMA DE FUEGO,RECICLADOR,M,17,15:02:00,2024,4/10/2024,MIERCOLES,15:00-17:59,TARDE,101,SOLTERO,SECUNDARIA,CONVIVENCIA,-76.49245095,3.499428165,N,N,N,2,Nivel 4
1249,15,Primitivo Crespo,8,ARMA DE FUEGO,SIN OCUPACION,M,34,20:33:00,2024,4/10/2024,MIERCOLES,18:00-20:59,NOCHE,101,SIN ESTABLECER,SIN ESTABLECER,DELINCUENCIA,-76.51783198,3.437587364,N,N,N,2,Nivel 4
1250,15,Polvorines,18,ARMA DE FUEGO,ALBAÑIL,M,29,21:45:00,2024,4/10/2024,MIERCOLES,21:00-23:59,NOCHE,101,UNION LIBRE,SECUNDARIA,DELINCUENCIA,-76.5647174,3.3691497,N,N,N,2,Nivel 4
1251,15,José Manuel Marroquín I,14,OTRAS ARMAS,SIN OCUPACION,M,21,18:37:00,2024,4/11/2024,JUEVES,18:00-20:59,NOCHE,102,SIN ESTABLECER,SECUNDARIA,CONVIVENCIA,-76.4859494,3.4276264,N,N,N,2,Nivel 4
1252,15,Jorge Isaacs,4,ARMA DE FUEGO,ALBAÑIL,M,37,21:36:00,2024,4/11/2024,JUEVES,21:00-23:59,NOCHE,102,CASADO,PRIMARIA,DELINCUENCIA,-76.51849395,3.454616107,N,N,N,2,Nivel 4
1253,15,Puerta del Sol,14,ARMA DE FUEGO,OFICIOS VARIOS,M,19,21:46:00,2024,4/11/2024,JUEVES,21:00-23:59,NOCHE,102,UNION LIBRE,SECUNDARIA,DELINCUENCIA,-76.47306228,3.433271955,N,N,N,1,Nivel 4
1254,15,San Pedro Claver,11,ARMA DE FUEGO,ZAPATERO,M,41,22:39:00,2024,4/11/2024,JUEVES,21:00-23:59,NOCHE,102,UNION LIBRE,SECUNDARIA,CONVIVENCIA,-76.50441629,3.423054546,N,N,N,2,Nivel 4
1255,15,Brisas de Mayo,20,ARMA DE FUEGO,SIN OCUPACION,M,32,0:31:00,2024,4/12/2024,VIERNES,00:00-02:59,MADRUGADA,103,SIN ESTABLECER,SIN ESTABLECER,DELINCUENCIA,-76.5644245,3.418773713,N,N,N,1,Nivel 4
1256,15,Alfonso Bonilla Aragón,14,ARMA DE FUEGO,OFICIOS VARIOS,M,27,17:30:00,2024,4/12/2024,VIERNES,15:00-17:59,TARDE,103,SIN ESTABLECER,SIN ESTABLECER,DELINCUENCIA,-76.48246382,3.417625366,N,N,N,1,Nivel 4
1257,15,José Manuel Marroquín I,14,ARMA DE FUEGO,SIN OCUPACION,M,29,18:20:00,2024,4/12/2024,VIERNES,18:00-20:59,NOCHE,103,SIN ESTABLECER,SIN ESTABLECER,DELINCUENCIA,-76.48209993,3.425984089,N,N,N,2,Nivel 4
1258,15,Sindical,12,ARMA DE FUEGO,ALBAÑIL,M,23,2:37:00,2024,4/13/2024,SABADO,00:00-02:59,MADRUGADA,104,SOLTERO,SECUNDARIA,OTRO,-76.49853,3.42976412,N,N,N,3,Nivel 4
1259,15,San Fernando Viejo,19,CORTOPUNZANTE,ESTUDIANTE,M,27,5:02:00,2024,4/13/2024,SABADO,03:00-05:59,MADRUGADA,104,SOLTERO,SECUNDARIA,DELINCUENCIA,-76.5440245,3.4354948,N,N,N,5,Nivel 4
1260,15,Alfonso Bonilla Aragón,14,ARMA DE FUEGO,ALBAÑIL,M,64,13:37:00,2024,4/13/2024,SABADO,12:00-14:59,TARDE,104,UNION LIBRE,PRIMARIA,CONVIVENCIA,-76.48383266,3.418047943,N,N,N,1,Nivel 4
1261,15,Asturias,12,CORTOPUNZANTE,INGENIERO ELECTRICO,M,59,13:43:00,2024,4/13/2024,SABADO,12:00-14:59,TARDE,104,SOLTERO,UNIVERSITARIO,CONVIVENCIA,-76.50149,3.4379925,N,N,N,2,Nivel 4
1262,16,Sector Alto de los Chorros,18,ARMA DE FUEGO,ALBAÑIL,M,22,20:11:00,2024,4/14/2024,DOMINGO,18:00-20:59,NOCHE,105,UNION LIBRE,SECUNDARIA,CONVIVENCIA,-76.5553256,3.3942012,N,N,N,1,Nivel 4
1263,16,Los Comuneros I,15,CORTOPUNZANTE,DESEMPLEADO,M,20,2:05:00,2024,4/15/2024,LUNES,00:00-02:59,MADRUGADA,106,SOLTERO,SECUNDARIA,CONVIVENCIA,-76.49454698,3.408238201,N,N,N,2,Nivel 4
1264,16,Calimio Desepaz,21,ARMA DE FUEGO,SIN OCUPACION,M,26,3:13:00,2024,4/15/2024,LUNES,03:00-05:59,MADRUGADA,106,SOLTERO,PRIMARIA,DELINCUENCIA,-76.468961,3.4147848,N,N,N,1,Nivel 4
1265,16,Bretaña,9,ARMA DE FUEGO,OFICIOS VARIOS,M,32,17:10:00,2024,4/15/2024,LUNES,15:00-17:59,TARDE,106,SIN ESTABLECER,SIN ESTABLECER,DELINCUENCIA,-76.53304012,3.441248758,N,N,N,3,Nivel 4
1266,16,Meléndez,18,ARMA DE FUEGO,SIN OCUPACION,M,21,14:27:00,2024,4/17/2024,MIERCOLES,12:00-14:59,TARDE,108,SIN ESTABLECER,SIN ESTABLECER,DELINCUENCIA,-76.54288755,3.376757812,N,N,N,3,Nivel 4
1267,16,El Poblado I,13,ARMA DE FUEGO,OFICIOS VARIOS,M,54,21:12:00,2024,4/17/2024,MIERCOLES,21:00-23:59,NOCHE,108,SIN ESTABLECER,SIN ESTABLECER,DELINCUENCIA,-76.49815206,3.420029526,N,N,N,2,Nivel 4
1268,16,Ciudad Talanga,21,CORTOPUNZANTE,DESEMPLEADO,M,22,21:33:00,2024,4/18/2024,JUEVES,21:00-23:59,NOCHE,109,SOLTERO,SECUNDARIA,DELINCUENCIA,-76.46687142,3.434186098,N,N,N,1,Nivel 4
1269,16,Rodrigo Lara Bonilla,13,OTRAS ARMAS,ELECTRICISTA,M,63,12:16:00,2024,4/19/2024,VIERNES,12:00-14:59,TARDE,110,SEPARADO,PRIMARIA,DELINCUENCIA,-76.48937193,3.427672542,N,N,N,2,Nivel 4
1270,16,Alfonso Bonilla Aragón,14,ARMA DE FUEGO,COMERCIANTE,M,28,23:11:00,2024,4/19/2024,VIERNES,21:00-23:59,NOCHE,110,SOLTERO,SECUNDARIA,DELINCUENCIA,-76.48160392,3.416813829,N,N,N,1,Nivel 4
1271,16,Las Delicias,4,ARMA DE FUEGO,ESTUDIANTE,M,17,0:18:00,2024,4/20/2024,SABADO,00:00-02:59,MADRUGADA,111,SOLTERO,SECUNDARIA,DELINCUENCIA,-76.507057,3.462455528,N,N,N,3,Nivel 4
1272,16,Aguablanca,11,ARMA DE FUEGO,VENDEDOR AMBULANTE,M,51,0:24:00,2024,4/20/2024,SABADO,00:00-02:59,MADRUGADA,111,CASADO,SECUNDARIA,DELINCUENCIA,-76.51965506,3.431365188,N,N,N,3,Nivel 4
1273,16,El Morichal,15,ARMA DE FUEGO,OFICIOS VARIOS,M,31,23:07:00,2024,4/20/2024,SABADO,21:00-23:59,NOCHE,111,SOLTERO,SECUNDARIA,DELINCUENCIA,-76.50248694,3.401031673,N,N,N,2,Nivel 4
1274,17,San Nicolás,3,ARMA DE FUEGO,SIN OCUPACION,M,27,10:40:00,2024,4/21/2024,DOMINGO,09:00-11:59,MAÑANA,112,SIN ESTABLECER,SIN ESTABLECER,DELINCUENCIA,-76.5228116,3.453547927,S,N,N,2,Nivel 4
1275,17,Ricardo Balcázar,13,ARMA DE FUEGO,AMA DE CASA,F,21,14:35:00,2024,4/21/2024,DOMINGO,12:00-14:59,TARDE,112,SIN ESTABLECER,SIN ESTABLECER,CONVIVENCIA,-76.49203341,3.434976301,S,N,N,2,Nivel 4
1276,17,Lili,17,ARMA DE FUEGO,OFICIOS VARIOS,M,32,15:00:00,2024,4/21/2024,DOMINGO,15:00-17:59,TARDE,112,SIN ESTABLECER,SIN ESTABLECER,DELINCUENCIA,-76.5555078,3.3523329,N,N,N,4,Nivel 4
1277,17,República de Israel,16,ARMA DE FUEGO,SIN OCUPACION,M,56,21:10:00,2024,4/21/2024,DOMINGO,21:00-23:59,NOCHE,112,SIN ESTABLECER,SIN ESTABLECER,DELINCUENCIA,-76.51776611,3.409444676,N,N,N,2,Nivel 4
1278,17,Bello Horizonte,12,CORTOPUNZANTE,SIN OCUPACION,M,24,1:32:00,2024,4/22/2024,LUNES,00:00-02:59,MADRUGADA,113,SIN ESTABLECER,SIN ESTABLECER,CONVIVENCIA,-76.50407684,3.433015848,N,N,N,3,Nivel 4
1279,17,Los Comuneros I,15,CORTOPUNZANTE,OFICIOS VARIOS,M,32,4:15:00,2024,4/22/2024,LUNES,03:00-05:59,MADRUGADA,113,SIN ESTABLECER,SIN ESTABLECER,OTRO,-76.49150676,3.408684954,N,N,N,2,Nivel 4
1280,17,Los Comuneros I,15,ARMA DE FUEGO,SIN OCUPACION,M,32,5:39:00,2024,4/22/2024,LUNES,03:00-05:59,MADRUGADA,113,SIN ESTABLECER,SIN ESTABLECER,CONVIVENCIA,-76.49150676,3.408684954,N,N,N,1,Nivel 4
1281,17,El Pondaje,13,CORTOPUNZANTE,SIN OCUPACION,M,22,6:41:00,2024,4/22/2024,LUNES,06:00-08:59,MAÑANA,113,SIN ESTABLECER,SIN ESTABLECER,CONVIVENCIA,-76.49707434,3.430888704,N,N,N,2,Nivel 4
1282,17,Paseo de Los Almendros,5,CORTOPUNZANTE,ALBAÑIL,M,55,13:53:00,2024,4/22/2024,LUNES,12:00-14:59,TARDE,113,CASADO,SECUNDARIA,DELINCUENCIA,-76.4946235,3.4720271,N,N,N,3,Nivel 4
1283,17,Belisario Caicedo,20,ARMA DE FUEGO,OFICIOS VARIOS,M,27,17:06:00,2024,4/22/2024,LUNES,15:00-17:59,TARDE,113,SIN ESTABLECER,SIN ESTABLECER,DELINCUENCIA,-76.55760833,3.415065787,N,N,N,3,Nivel 4
1284,17,Promociones Populares B,14,ARMA DE FUEGO,SIN OCUPACION,M,39,20:36:00,2024,4/22/2024,LUNES,18:00-20:59,NOCHE,113,SIN ESTABLECER,SIN ESTABLECER,DELINCUENCIA,-76.47253388,3.42655583,N,N,N,1,Nivel 4
1285,17,San Marino,7,ARMA DE FUEGO,OFICIOS VARIOS,M,31,23:17:00,2024,4/23/2024,MARTES,21:00-23:59,NOCHE,114,SIN ESTABLECER,SIN ESTABLECER,DELINCUENCIA,-76.48891044,3.459656919,N,N,N,2,Nivel 4
1286,17,El Poblado I,13,ARMA DE FUEGO,DESEMPLEADO,M,28,23:31:00,2024,4/23/2024,MARTES,21:00-23:59,NOCHE,114,UNION LIBRE,SECUNDARIA,DELINCUENCIA,-76.49652142,3.420608081,N,N,N,2,Nivel 4
1287,17,Sucre,9,ARMA DE FUEGO,LATONERO,M,39,16:00:00,2024,4/24/2024,MIERCOLES,15:00-17:59,TARDE,115,UNION LIBRE,PRIMARIA,DELINCUENCIA,-76.52318114,3.445372901,N,N,N,1,Nivel 4
1288,17,Ciudadela del Rio - CVC,21,CORTOPUNZANTE,DESEMPLEADO,M,23,17:30:00,2024,4/24/2024,MIERCOLES,15:00-17:59,TARDE,115,SIN ESTABLECER,SIN ESTABLECER,DELINCUENCIA,-76.46619438,3.427228741,N,N,N,2,Nivel 4
1289,17,Las Ceibas,7,ARMA DE FUEGO,OFICIOS VARIOS,M,36,7:11:00,2024,4/25/2024,JUEVES,06:00-08:59,MAÑANA,116,SIN ESTABLECER,SIN ESTABLECER,DELINCUENCIA,-76.48564234,3.457507217,N,N,N,3,Nivel 4
1290,17,Los Andes,5,ARMA DE FUEGO,SIN OCUPACION,M,35,8:09:00,2024,4/25/2024,JUEVES,06:00-08:59,MAÑANA,116,SIN ESTABLECER,SIN ESTABLECER,DELINCUENCIA,-76.4982375,3.4714644,N,N,N,3,Nivel 4
1291,17,El Piloto,3,ARMA DE FUEGO,VENDEDOR AMBULANTE,M,37,18:42:00,2024,4/25/2024,JUEVES,18:00-20:59,NOCHE,116,SOLTERO,SECUNDARIA,DELINCUENCIA,-76.52419969,3.461694063,N,N,N,2,Nivel 4
1292,17,El Morichal,15,ARMA DE FUEGO,COMERCIANTE,M,24,15:00:00,2024,4/26/2024,VIERNES,15:00-17:59,TARDE,117,UNION LIBRE,SECUNDARIA,DELINCUENCIA,-76.50532808,3.397127899,N,N,N,2,Nivel 4
1293,17,San Pedro,3,OTRAS ARMAS,OFICIOS VARIOS,M,28,10:35:00,2024,4/27/2024,SABADO,09:00-11:59,MAÑANA,118,SIN ESTABLECER,SIN ESTABLECER,OTRO,-76.53016869,3.454208106,N,N,N,3,Nivel 4
1294,17,Urbanización El Angel del Hogar,7,ARMA DE FUEGO,OFICIOS VARIOS,M,39,11:28:00,2024,4/27/2024,SABADO,09:00-11:59,MAÑANA,118,SIN ESTABLECER,SIN ESTABLECER,DELINCUENCIA,-76.48333331,3.447768877,N,N,N,2,Nivel 4
1295,17,Lili,17,ARMA DE FUEGO,OFICIOS VARIOS,M,27,23:12:00,2024,4/27/2024,SABADO,21:00-23:59,NOCHE,118,SIN ESTABLECER,SIN ESTABLECER,DELINCUENCIA,-76.5200859,3.375472635,N,N,N,4,Nivel 4
1296,18,Potrero Grande,21,ARMA DE FUEGO,OFICIOS VARIOS,M,53,13:45:00,2024,4/28/2024,DOMINGO,12:00-14:59,TARDE,119,SIN ESTABLECER,SIN ESTABLECER,DELINCUENCIA,-76.46901177,3.408338883,N,N,N,2,Nivel 4
1297,18,Lili,17,ARMA DE FUEGO,SIN OCUPACION,M,31,19:57:00,2024,4/28/2024,DOMINGO,18:00-20:59,NOCHE,119,SIN ESTABLECER,SIN ESTABLECER,DELINCUENCIA,-76.52015694,3.374002976,N,N,N,4,Nivel 4
1298,18,El Retiro,15,ARMA DE FUEGO,VENDEDOR AMBULANTE,M,20,1:51:00,2024,4/29/2024,LUNES,00:00-02:59,MADRUGADA,120,SOLTERO,SECUNDARIA,DELINCUENCIA,-76.49934691,3.408531924,N,N,N,1,Nivel 4
1299,18,Sector Alto de los Chorros,18,ARMA DE FUEGO,MOTORATON,M,17,14:25:00,2024,4/29/2024,LUNES,12:00-14:59,TARDE,120,SIN ESTABLECER,SIN ESTABLECER,DELINCUENCIA,-76.5553256,3.3942012,N,N,N,1,Nivel 4
1300,18,El Bosque,2,CORTOPUNZANTE,ESTUDIANTE,F,6,4:07:00,2024,4/30/2024,MARTES,03:00-05:59,MADRUGADA,121,SOLTERO,PRIMARIA,CONVIVENCIA,-76.5358173,3.4892412,S,N,N,5,Nivel 4
1301,18,Potrero Grande,21,ARMA DE FUEGO,VENDEDOR AMBULANTE,M,28,21:50:00,2024,4/30/2024,MARTES,21:00-23:59,NOCHE,121,UNION LIBRE,SECUNDARIA,DELINCUENCIA,-76.46762257,3.406158325,N,N,N,2,Nivel 4
1302,18,José Manuel Marroquín I,14,OTRAS ARMAS,EMPLEADO,F,37,2:40:00,2024,5/1/2024,MIERCOLES,00:00-02:59,MADRUGADA,122,UNION LIBRE,SECUNDARIA,CONVIVENCIA,-76.4859494,3.4276264,S,N,N,2,Nivel 4
1303,18,El Morichal,15,ARMA DE FUEGO,SIN OCUPACION,M,18,13:00:00,2024,5/1/2024,MIERCOLES,12:00-14:59,TARDE,122,SIN ESTABLECER,SIN ESTABLECER,DELINCUENCIA,-76.50721705,3.395418015,N,N,N,2,Nivel 4
1304,18,Los Robles,13,ARMA DE FUEGO,MOTORISTA,M,30,18:00:00,2024,5/1/2024,MIERCOLES,18:00-20:59,NOCHE,122,SIN ESTABLECER,SIN ESTABLECER,DELINCUENCIA,-76.49586862,3.42389228,N,N,N,2,Nivel 4
1305,18,El Retiro,15,ARMA DE FUEGO,OFICIOS VARIOS,M,27,16:37:00,2024,5/2/2024,JUEVES,15:00-17:59,TARDE,123,SIN ESTABLECER,SIN ESTABLECER,DELINCUENCIA,-76.49794784,3.407628411,N,N,N,1,Nivel 4
1306,18,Brisas de Mayo,20,ARMA DE FUEGO,COMERCIANTE,M,39,20:22:00,2024,5/2/2024,JUEVES,18:00-20:59,NOCHE,123,SIN ESTABLECER,SIN ESTABLECER,DELINCUENCIA,-76.5704967,3.4208428,N,N,N,1,Nivel 4
1307,18,Nueva Floresta,12,ARMA DE FUEGO,TECNICO REFRIGERACION,M,27,4:04:00,2024,5/3/2024,VIERNES,03:00-05:59,MADRUGADA,124,SOLTERO,SECUNDARIA,DELINCUENCIA,-76.49963422,3.439954522,N,N,N,3,Nivel 4
1308,18,Manuela Beltrán,14,CORTOPUNZANTE,OFICIOS VARIOS,M,52,7:00:00,2024,5/3/2024,VIERNES,06:00-08:59,MAÑANA,124,SIN ESTABLECER,SIN ESTABLECER,DELINCUENCIA,-76.47398277,3.420142825,N,N,N,1,Nivel 4
1309,18,Terrón Colorado,1,ARMA DE FUEGO,DESEMPLEADO,M,45,21:50:00,2024,5/3/2024,VIERNES,21:00-23:59,NOCHE,124,SIN ESTABLECER,SIN ESTABLECER,DELINCUENCIA,-76.55907508,3.4504026,N,N,N,2,Nivel 4
1310,18,El Vallado,15,ARMA DE FUEGO,VENDEDOR AMBULANTE,M,25,13:30:00,2024,5/4/2024,SABADO,12:00-14:59,TARDE,125,UNION LIBRE,SECUNDARIA,DELINCUENCIA,-76.4959128,3.406531538,N,N,N,2,Nivel 4
1311,19,CGTO. MONTEBELLO,64,CORTOPUNZANTE,MECANICO,M,25,2:20:00,2024,5/5/2024,DOMINGO,00:00-02:59,MADRUGADA,126,UNION LIBRE,SECUNDARIA,CONVIVENCIA,-76.55752026,3.463925473,N,N,N,2,Nivel 4
1312,19,El Vallado,15,ARMA DE FUEGO,DESEMPLEADO,M,20,4:49:00,2024,5/5/2024,DOMINGO,03:00-05:59,MADRUGADA,126,SIN ESTABLECER,SIN ESTABLECER,DELINCUENCIA,-76.49480646,3.406482735,N,N,N,2,Nivel 4
1313,19,Los Comuneros I,15,ARMA DE FUEGO,DESEMPLEADO,M,32,16:44:00,2024,5/5/2024,DOMINGO,15:00-17:59,TARDE,126,SIN ESTABLECER,SIN ESTABLECER,DELINCUENCIA,-76.49391373,3.406583189,N,N,N,2,Nivel 4
1314,19,Las Orquídeas,14,ARMA DE FUEGO,EMPLEADO,M,32,17:08:00,2024,5/5/2024,DOMINGO,15:00-17:59,TARDE,126,SIN ESTABLECER,SIN ESTABLECER,DELINCUENCIA,-76.47891794,3.415230701,N,N,N,1,Nivel 4
1315,19,Ciudad Córdoba,15,ARMA DE FUEGO,MENSAJERO,M,26,22:46:00,2024,5/5/2024,DOMINGO,21:00-23:59,NOCHE,126,SOLTERO,SECUNDARIA,DELINCUENCIA,-76.51066837,3.398558109,N,N,N,3,Nivel 4
1316,19,Ciudad Córdoba,15,ARMA DE FUEGO,TECNICO REFRIGERACION,M,37,22:46:00,2024,5/5/2024,DOMINGO,21:00-23:59,NOCHE,126,SOLTERO,TECNOLOGO,DELINCUENCIA,-76.51066837,3.398558109,N,N,N,3,Nivel 4
1317,19,San Fernando Viejo,19,CORTOPUNZANTE,DESEMPLEADO,M,31,1:30:00,2024,5/6/2024,LUNES,00:00-02:59,MADRUGADA,127,SIN ESTABLECER,SIN ESTABLECER,DELINCUENCIA,-76.54499039,3.435990124,N,N,N,5,Nivel 4
1318,19,Santa Fé,8,ARMA DE FUEGO,SIN OCUPACION,M,24,14:45:00,2024,5/7/2024,MARTES,12:00-14:59,TARDE,128,SIN ESTABLECER,SIN ESTABLECER,DELINCUENCIA,-76.50759682,3.440528426,N,N,N,3,Nivel 4
1319,19,Ciudad Córdoba,15,ARMA DE FUEGO,EMPLEADO,M,24,18:45:00,2024,5/7/2024,MARTES,18:00-20:59,NOCHE,128,SIN ESTABLECER,SIN ESTABLECER,DELINCUENCIA,-76.51318104,3.39837974,N,N,N,3,Nivel 4
1320,19,Belalcázar,9,ARMA DE FUEGO,INGENIERO,M,42,20:35:00,2024,5/7/2024,MARTES,18:00-20:59,NOCHE,128,SOLTERO,UNIVERSITARIO,DELINCUENCIA,-76.51986407,3.439680011,N,N,N,3,Nivel 4
1321,19,Villanueva,12,ARMA DE FUEGO,CERRAJERO,M,27,20:50:00,2024,5/7/2024,MARTES,18:00-20:59,NOCHE,128,SIN ESTABLECER,SIN ESTABLECER,DELINCUENCIA,-76.50952203,3.432455984,N,N,N,2,Nivel 4
1322,19,El Morichal,15,ARMA DE FUEGO,VENDEDOR AMBULANTE,F,39,10:05:00,2024,5/8/2024,MIERCOLES,09:00-11:59,MAÑANA,129,SEPARADO,PRIMARIA,DELINCUENCIA,-76.50658246,3.397419863,N,N,N,2,Nivel 4
1323,19,CGTO. PANCE,53,ARMA DE FUEGO,VENDEDOR AMBULANTE,M,29,20:30:00,2024,5/8/2024,MIERCOLES,18:00-20:59,NOCHE,129,SIN ESTABLECER,SIN ESTABLECER,DELINCUENCIA,-76.64689912,3.332122574,N,N,N,2,Nivel 4
1324,19,Lleras Camargo,20,ARMA DE FUEGO,EMPLEADO,M,40,15:58:00,2024,5/9/2024,JUEVES,15:00-17:59,TARDE,130,SOLTERO,SECUNDARIA,CONVIVENCIA,-76.56051279,3.416938134,N,N,N,1,Nivel 4
1325,19,CGTO. PANCE,53,ARMA DE FUEGO,OFICIOS VARIOS,M,23,16:42:00,2024,5/9/2024,JUEVES,15:00-17:59,TARDE,130,UNION LIBRE,SECUNDARIA,DELINCUENCIA,-76.59043421,3.346409583,N,N,N,2,Nivel 4
1326,19,El Gran Limonar,17,ARMA DE FUEGO,OFICIOS VARIOS,M,47,10:45:00,2024,5/10/2024,VIERNES,09:00-11:59,MAÑANA,131,SIN ESTABLECER,SIN ESTABLECER,OTRO,-76.542052,3.400847797,N,N,N,5,Nivel 4
1327,19,Santa Fé,8,ARMA DE FUEGO,VENDEDOR AMBULANTE,M,20,20:50:00,2024,5/10/2024,VIERNES,18:00-20:59,NOCHE,131,UNION LIBRE,SECUNDARIA,DELINCUENCIA,-76.50459627,3.441572566,N,N,N,3,Nivel 4
1328,19,CGTO. PICHINDÉ,57,ARMA DE FUEGO,VENDEDOR AMBULANTE,M,48,0:32:00,2024,5/11/2024,SABADO,00:00-02:59,MADRUGADA,132,UNION LIBRE,PRIMARIA,DELINCUENCIA,-76.56909295,3.447610476,N,N,N,2,Nivel 4
1329,19,Aguacatal,1,ARMA DE FUEGO,ESTUDIANTE,M,21,1:45:00,2024,5/11/2024,SABADO,00:00-02:59,MADRUGADA,132,SIN ESTABLECER,SIN ESTABLECER,DELINCUENCIA,-76.54931406,3.458033174,N,N,N,1,Nivel 4
1330,19,Bellavista,19,ARMA DE FUEGO,VIGILANTE,M,44,22:50:00,2024,5/11/2024,SABADO,21:00-23:59,NOCHE,132,UNION LIBRE,SECUNDARIA,DELINCUENCIA,-76.55302606,3.445143507,N,N,N,2,Nivel 4
1331,20,Villa del Sur,11,ARMA DE FUEGO,COMERCIANTE,M,35,0:58:00,2024,5/12/2024,DOMINGO,00:00-02:59,MADRUGADA,133,UNION LIBRE,SECUNDARIA,DELINCUENCIA,-76.51821403,3.411051644,N,N,N,3,Nivel 4
1332,20,Siloé,20,ARMA DE FUEGO,MECANICO,M,21,2:47:00,2024,5/12/2024,DOMINGO,00:00-02:59,MADRUGADA,133,SIN ESTABLECER,SIN ESTABLECER,CONVIVENCIA,-76.55540706,3.417756249,N,N,N,1,Nivel 4
1333,20,Siloé,20,ARMA DE FUEGO,ALBAÑIL,M,30,2:47:00,2024,5/12/2024,DOMINGO,00:00-02:59,MADRUGADA,133,UNION LIBRE,SECUNDARIA,CONVIVENCIA,-76.55540706,3.417756249,N,N,N,1,Nivel 4
1334,20,Mojica,15,CORTOPUNZANTE,OFICIOS VARIOS,M,19,13:40:00,2024,5/12/2024,DOMINGO,12:00-14:59,TARDE,133,SIN ESTABLECER,SIN ESTABLECER,DELINCUENCIA,-76.49061208,3.418269423,N,N,N,1,Nivel 4
1335,20,El Retiro,15,ARMA DE FUEGO,OFICIOS VARIOS,M,38,0:39:00,2024,5/13/2024,LUNES,00:00-02:59,MADRUGADA,134,SIN ESTABLECER,SIN ESTABLECER,DELINCUENCIA,-76.49904037,3.412529318,N,N,N,1,Nivel 4
1336,20,CGTO. NAVARRO,51,ARMA DE FUEGO,SIN OCUPACION,M,35,10:10:00,2024,5/13/2024,LUNES,09:00-11:59,MAÑANA,134,SIN ESTABLECER,SIN ESTABLECER,OTRO,-76.47264616,3.392964392,N,N,N,2,Nivel 4
1337,20,Los Chorros,18,ARMA DE FUEGO,OFICIOS VARIOS,M,29,20:36:00,2024,5/13/2024,LUNES,18:00-20:59,NOCHE,134,SIN ESTABLECER,SIN ESTABLECER,DELINCUENCIA,-76.56133522,3.390189001,N,N,N,3,Nivel 4
1338,20,Mojica,15,CORTOPUNZANTE,ALBAÑIL,M,30,0:40:00,2024,5/14/2024,MARTES,00:00-02:59,MADRUGADA,135,SOLTERO,SECUNDARIA,CONVIVENCIA,-76.48660301,3.412796281,N,N,N,1,Nivel 4
1339,20,Belalcázar,9,ARMA DE FUEGO,VENDEDOR,M,27,13:40:00,2024,5/15/2024,MIERCOLES,12:00-14:59,TARDE,136,UNION LIBRE,SECUNDARIA,DELINCUENCIA,-76.52332611,3.440108574,N,N,N,3,Nivel 4
1340,20,Manuela Beltrán,14,ARMA DE FUEGO,OFICIOS VARIOS,M,33,0:15:00,2024,5/16/2024,JUEVES,00:00-02:59,MADRUGADA,137,SIN ESTABLECER,SIN ESTABLECER,CONVIVENCIA,-76.46949155,3.425086467,N,N,N,1,Nivel 4
1341,20,República de Israel,16,ARMA DE FUEGO,MOTORISTA,M,47,17:09:00,2024,5/16/2024,JUEVES,15:00-17:59,TARDE,137,SIN ESTABLECER,SECUNDARIA,OTRO,-76.51490931,3.408284301,N,N,N,2,Nivel 4
1342,20,Las Orquídeas,14,ARMA DE FUEGO,OFICIOS VARIOS,M,27,20:24:00,2024,5/16/2024,JUEVES,18:00-20:59,NOCHE,137,SIN ESTABLECER,SIN ESTABLECER,DELINCUENCIA,-76.47754601,3.416796649,N,N,N,1,Nivel 4
1343,20,San Judas Tadeo II,10,ARMA DE FUEGO,OFICIOS VARIOS,M,26,20:52:00,2024,5/16/2024,JUEVES,18:00-20:59,NOCHE,137,SIN ESTABLECER,SIN ESTABLECER,DELINCUENCIA,-76.52250709,3.414375532,N,N,N,3,Nivel 4
1344,20,Pizamos I,21,ARMA DE FUEGO,DESEMPLEADO,M,38,21:11:00,2024,5/16/2024,JUEVES,21:00-23:59,NOCHE,137,SIN ESTABLECER,SIN ESTABLECER,DELINCUENCIA,-76.4760581,3.40157,N,N,N,1,Nivel 4
1345,20,Lili,17,ARMA DE FUEGO,COMERCIANTE,M,46,13:21:00,2024,5/17/2024,VIERNES,12:00-14:59,TARDE,138,SOLTERO,SECUNDARIA,DELINCUENCIA,-76.5555078,3.3523329,N,N,N,4,Nivel 4
1346,20,Unión de Vivienda Popular,16,ARMA DE FUEGO,SOLDADO PROFESIONAL,M,36,19:31:00,2024,5/17/2024,VIERNES,18:00-20:59,NOCHE,138,CASADO,SECUNDARIA,DELINCUENCIA,-76.50614139,3.408761111,N,N,N,2,Nivel 4
1347,20,Petecuy Segunda Etapa,6,ARMA DE FUEGO,EMPLEADO,M,24,21:57:00,2024,5/17/2024,VIERNES,21:00-23:59,NOCHE,138,SOLTERO,SECUNDARIA,DELINCUENCIA,-76.4834194,3.483247,N,N,N,2,Nivel 4
1348,20,Unidad Residencial El Coliseo,19,CORTOPUNZANTE,ODONTOLOGO,M,57,3:12:00,2024,5/18/2024,SABADO,03:00-05:59,MADRUGADA,139,SOLTERO,UNIVERSITARIO,DELINCUENCIA,-76.5512109,3.4115547,N,N,N,4,Nivel 4
1349,20,Promociones Populares B,14,ARMA DE FUEGO,EMPLEADO,M,23,14:30:00,2024,5/18/2024,SABADO,12:00-14:59,TARDE,139,UNION LIBRE,SECUNDARIA,DELINCUENCIA,-76.47644104,3.428953811,N,N,N,1,Nivel 4
1350,21,Ricardo Balcázar,13,ARMA DE FUEGO,OFICIOS VARIOS,M,20,1:56:00,2024,5/19/2024,DOMINGO,00:00-02:59,MADRUGADA,140,SIN ESTABLECER,SIN ESTABLECER,DELINCUENCIA,-76.49279327,3.43486008,N,N,N,2,Nivel 4
1351,21,El Poblado II,13,CORTOPUNZANTE,EMPLEADO,M,39,18:45:00,2024,5/19/2024,DOMINGO,18:00-20:59,NOCHE,140,SIN ESTABLECER,SIN ESTABLECER,CONVIVENCIA,-76.4866723,3.4147309,N,N,N,2,Nivel 4
1352,21,Bochalema,81,ARMA DE FUEGO,AGENTE DE POLICIA,M,40,13:00:00,2024,5/20/2024,LUNES,12:00-14:59,TARDE,141,SIN ESTABLECER,SIN ESTABLECER,DELINCUENCIA,-76.51734789,3.356884721,N,N,N,0,Nivel 4
1353,21,Vista Hermosa,1,ARMA DE FUEGO,PELUQUERO,M,35,13:36:00,2024,5/20/2024,LUNES,12:00-14:59,TARDE,141,UNION LIBRE,PRIMARIA,DELINCUENCIA,-76.57720161,3.456033472,N,N,N,1,Nivel 4
1354,21,Altos de Menga,2,ARMA DE FUEGO,OFICIOS VARIOS,M,35,14:52:00,2024,5/20/2024,LUNES,12:00-14:59,TARDE,141,SIN ESTABLECER,SIN ESTABLECER,DELINCUENCIA,-76.53206357,3.48897063,N,N,N,1,Nivel 4
1355,21,San Vicente,2,ARMA DE FUEGO,OFICIOS VARIOS,M,35,19:00:00,2024,5/22/2024,MIERCOLES,18:00-20:59,NOCHE,143,SIN ESTABLECER,SIN ESTABLECER,DELINCUENCIA,-76.52756291,3.463635849,N,N,N,4,Nivel 4
1356,21,Calipso,13,ARMA DE FUEGO,DESEMPLEADO,M,26,21:33:00,2024,5/22/2024,MIERCOLES,21:00-23:59,NOCHE,143,SOLTERO,SECUNDARIA,DELINCUENCIA,-76.4993217,3.4256668,N,N,N,3,Nivel 4
1357,21,Olaya Herrera,4,ARMA DE FUEGO,COMERCIANTE,M,26,19:50:00,2024,5/23/2024,JUEVES,18:00-20:59,NOCHE,144,SIN ESTABLECER,SIN ESTABLECER,DELINCUENCIA,-76.5105244,3.4771803,N,N,N,2,Nivel 4
1358,21,Calima,4,ARMA DE FUEGO,EMPLEADO,M,23,1:40:00,2024,5/24/2024,VIERNES,00:00-02:59,MADRUGADA,145,SIN ESTABLECER,SIN ESTABLECER,DELINCUENCIA,-76.49910685,3.486103711,N,N,N,3,Nivel 4
1359,21,Sector Alto de los Chorros,18,ARMA DE FUEGO,DESEMPLEADO,M,17,16:58:00,2024,5/25/2024,SABADO,15:00-17:59,TARDE,146,SIN ESTABLECER,SIN ESTABLECER,DELINCUENCIA,-76.56249195,3.388783296,N,N,N,1,Nivel 4
1360,21,Promociones Populares B,14,ARMA DE FUEGO,COBRADOR,M,24,23:58:00,2024,5/25/2024,SABADO,21:00-23:59,NOCHE,146,SIN ESTABLECER,SIN ESTABLECER,DELINCUENCIA,-76.4678254,3.426435338,N,N,N,1,Nivel 4
1361,22,Lourdes,18,ARMA DE FUEGO,DESEMPLEADO,M,42,0:36:00,2024,5/26/2024,DOMINGO,00:00-02:59,MADRUGADA,147,SIN ESTABLECER,SIN ESTABLECER,DELINCUENCIA,-76.55731936,3.392503819,N,N,N,2,Nivel 4
1362,22,Los Comuneros I,15,ARMA DE FUEGO,DESEMPLEADO,M,37,0:55:00,2024,5/26/2024,DOMINGO,00:00-02:59,MADRUGADA,147,SOLTERO,SECUNDARIA,DELINCUENCIA,-76.49349373,3.415737152,N,N,N,2,Nivel 4
1363,22,Potrero Grande,21,ARMA DE FUEGO,RECICLADOR,M,26,16:30:00,2024,5/26/2024,DOMINGO,15:00-17:59,TARDE,147,UNION LIBRE,SECUNDARIA,DELINCUENCIA,-76.47006168,3.404352835,N,N,N,2,Nivel 4
1364,22,El Vergel,13,ARMA DE FUEGO,DESEMPLEADO,M,21,22:43:00,2024,5/26/2024,DOMINGO,21:00-23:59,NOCHE,147,SOLTERO,SECUNDARIA,DELINCUENCIA,-76.50178049,3.413001351,N,N,N,1,Nivel 4
1365,22,Sector Alto de los Chorros,18,CORTOPUNZANTE,SIN OCUPACION,M,20,0:45:00,2024,5/27/2024,LUNES,00:00-02:59,MADRUGADA,148,SIN ESTABLECER,SIN ESTABLECER,CONVIVENCIA,-76.55870481,3.387458649,N,N,N,1,Nivel 4
1366,22,Charco Azul,13,ARMA DE FUEGO,DESEMPLEADO,M,30,14:30:00,2024,5/27/2024,LUNES,12:00-14:59,TARDE,148,CASADO,PRIMARIA,DELINCUENCIA,-76.4859494,3.4411505,N,N,N,1,Nivel 4
1367,22,Bello Horizonte,12,ARMA DE FUEGO,DESEMPLEADO,M,20,16:50:00,2024,5/27/2024,LUNES,15:00-17:59,TARDE,148,UNION LIBRE,SECUNDARIA,DELINCUENCIA,-76.50425007,3.433784718,N,N,N,3,Nivel 4
1368,22,San Pedro,3,ARMA DE FUEGO,COMERCIANTE,M,24,17:30:00,2024,5/28/2024,MARTES,15:00-17:59,TARDE,149,SOLTERO,PRIMARIA,DELINCUENCIA,-76.53067668,3.450309367,N,N,N,3,Nivel 4
1369,22,CGTO. PANCE,53,OTRAS ARMAS,MUSICO,M,59,20:00:00,2024,5/28/2024,MARTES,18:00-20:59,NOCHE,149,SOLTERO,TECNOLOGO,OTRO,-76.6333329,3.333333,N,N,N,2,Nivel 4
1370,22,José Manuel Marroquín II,14,ARMA DE FUEGO,VENDEDOR AMBULANTE,M,70,20:45:00,2024,5/28/2024,MARTES,18:00-20:59,NOCHE,149,SIN ESTABLECER,SIN ESTABLECER,DELINCUENCIA,-76.48273886,3.430298695,N,N,N,2,Nivel 4
1371,22,Los Comuneros II,13,ARMA DE FUEGO,DESEMPLEADO,M,21,21:50:00,2024,5/28/2024,MARTES,21:00-23:59,NOCHE,149,SIN ESTABLECER,SIN ESTABLECER,DELINCUENCIA,-76.49424405,3.425234395,N,N,N,2,Nivel 4
1372,22,El Retiro,15,ARMA DE FUEGO,ESTUDIANTE,M,17,21:56:00,2024,5/28/2024,MARTES,21:00-23:59,NOCHE,149,SIN ESTABLECER,SIN ESTABLECER,DELINCUENCIA,-76.49852639,3.407853857,N,N,N,1,Nivel 4
1373,22,Pizamos I,21,ARMA DE FUEGO,RECICLADOR,M,36,19:15:00,2024,5/30/2024,JUEVES,18:00-20:59,NOCHE,151,SOLTERO,SECUNDARIA,DELINCUENCIA,-76.47445055,3.403968215,N,N,N,1,Nivel 4
1374,22,Sector Alto de los Chorros,18,ARMA DE FUEGO,EMPLEADO,M,30,0:43:00,2024,5/31/2024,VIERNES,00:00-02:59,MADRUGADA,152,SIN ESTABLECER,SIN ESTABLECER,DELINCUENCIA,-76.5613782,3.38958955,N,N,N,1,Nivel 4
1375,22,José Manuel Marroquín II,14,CORTOPUNZANTE,COMERCIANTE,M,20,21:30:00,2024,5/31/2024,VIERNES,21:00-23:59,NOCHE,152,SIN ESTABLECER,SIN ESTABLECER,DELINCUENCIA,-76.48197516,3.438365683,N,N,N,2,Nivel 4
1376,22,Brisas de Mayo,20,ARMA DE FUEGO,OFICIOS VARIOS,M,23,0:11:00,2024,6/1/2024,SABADO,00:00-02:59,MADRUGADA,153,CASADO,UNIVERSITARIO,DELINCUENCIA,-76.56513214,3.418590825,N,N,N,1,Nivel 4
1377,22,Nueva Floresta,12,ARMA DE FUEGO,SIN OCUPACION,M,30,19:50:00,2024,6/1/2024,SABADO,18:00-20:59,NOCHE,153,SIN ESTABLECER,SIN ESTABLECER,DELINCUENCIA,-76.49791852,3.441733901,N,N,N,3,Nivel 4
1378,22,Nueva Floresta,12,ARMA DE FUEGO,EMPLEADO,M,45,19:50:00,2024,6/1/2024,SABADO,18:00-20:59,NOCHE,153,SOLTERO,SECUNDARIA,DELINCUENCIA,-76.49791852,3.441733901,N,N,N,3,Nivel 4
1379,22,Nueva Floresta,12,CORTOPUNZANTE,SIN OCUPACION,M,25,19:50:00,2024,6/1/2024,SABADO,18:00-20:59,NOCHE,153,SIN ESTABLECER,SIN ESTABLECER,DELINCUENCIA,-76.49791852,3.441733901,N,N,N,3,Nivel 4
1380,23,Villa del Prado - El Guabito,5,ARMA DE FUEGO,OFICIOS VARIOS,M,24,14:00:00,2024,6/2/2024,DOMINGO,12:00-14:59,TARDE,154,SIN ESTABLECER,SIN ESTABLECER,DELINCUENCIA,-76.49514516,3.466915792,N,N,N,3,Nivel 4
1381,23,El Morichal,15,ARMA DE FUEGO,OFICIOS VARIOS,M,18,15:10:00,2024,6/2/2024,DOMINGO,15:00-17:59,TARDE,154,SIN ESTABLECER,SIN ESTABLECER,DELINCUENCIA,-76.50768563,3.398633682,N,N,N,2,Nivel 4
1382,23,Pizamos III - Las Dalias,21,ARMA DE FUEGO,MOTORISTA,M,26,0:01:00,2024,6/3/2024,LUNES,00:00-02:59,MADRUGADA,155,UNION LIBRE,SIN ESTABLECER,DELINCUENCIA,-76.47616871,3.405720695,N,N,N,1,Nivel 4
1383,23,Desepaz Invicali,21,ARMA DE FUEGO,DESEMPLEADO,M,31,2:00:00,2024,6/3/2024,LUNES,00:00-02:59,MADRUGADA,155,SOLTERO,SIN ESTABLECER,DELINCUENCIA,-76.4638855,3.429392182,N,N,N,1,Nivel 4
1384,23,El Vergel,13,ARMA DE FUEGO,EMPLEADO,M,18,3:00:00,2024,6/3/2024,LUNES,03:00-05:59,MADRUGADA,155,SOLTERO,SIN ESTABLECER,DELINCUENCIA,-76.4994062,3.417233121,N,N,N,1,Nivel 4
1385,23,Calimio Desepaz,21,CORTOPUNZANTE,TAXISTA,M,59,4:00:00,2024,6/3/2024,LUNES,03:00-05:59,MADRUGADA,155,SOLTERO,SIN ESTABLECER,DELINCUENCIA,-76.47129316,3.413515142,N,N,N,1,Nivel 4
1386,23,Vipasa,2,ARMA DE FUEGO,EMPLEADO,M,31,13:00:00,2024,6/4/2024,MARTES,12:00-14:59,TARDE,156,SOLTERO,SIN ESTABLECER,DELINCUENCIA,-76.51694649,3.478057853,N,N,N,4,Nivel 4
1387,23,Parcelaciones Pance,22,ARMA DE FUEGO,EMPLEADO,M,53,16:00:00,2024,6/4/2024,MARTES,15:00-17:59,TARDE,156,SIN ESTABLECER,SIN ESTABLECER,DELINCUENCIA,-76.53109936,3.33846768,N,N,N,6,Nivel 4
1388,23,El Poblado I,13,ARMA DE FUEGO,EMPLEADO,M,23,18:00:00,2024,6/5/2024,MIERCOLES,18:00-20:59,NOCHE,157,SIN ESTABLECER,SIN ESTABLECER,DELINCUENCIA,-76.49709802,3.418728043,N,N,N,2,Nivel 4
1389,23,Mario Correa Rengifo,18,ARMA DE FUEGO,OFICIOS VARIOS,M,35,21:00:00,2024,6/5/2024,MIERCOLES,21:00-23:59,NOCHE,157,SOLTERO,SIN ESTABLECER,DELINCUENCIA,-76.5578542,3.3890148,N,N,N,2,Nivel 4
1390,23,Lleras Restrepo II,13,ARMA DE FUEGO,DESEMPLEADO,M,27,0:01:00,2024,6/7/2024,VIERNES,00:00-02:59,MADRUGADA,159,SOLTERO,SIN ESTABLECER,DELINCUENCIA,-76.4919129,3.4346273,N,N,N,1,Nivel 4
1391,23,Lleras Restrepo II,13,ARMA DE FUEGO,DESEMPLEADO,M,50,0:01:00,2024,6/7/2024,VIERNES,00:00-02:59,MADRUGADA,159,SIN ESTABLECER,SIN ESTABLECER,DELINCUENCIA,-76.4919129,3.4346273,N,N,N,1,Nivel 4
1392,23,Prados del Sur,18,ARMA DE FUEGO,VENDEDOR AMBULANTE,M,39,23:00:00,2024,6/7/2024,VIERNES,21:00-23:59,NOCHE,159,SIN ESTABLECER,SIN ESTABLECER,DELINCUENCIA,-76.55586845,3.386859823,N,N,N,2,Nivel 4
1393,23,Siete de Agosto,7,CORTOPUNZANTE,OBRERO,M,40,4:00:00,2024,6/8/2024,SABADO,03:00-05:59,MADRUGADA,160,UNION LIBRE,SIN ESTABLECER,DELINCUENCIA,-76.48685229,3.447727923,N,N,N,3,Nivel 4
1394,23,Siete de Agosto,7,ARMA DE FUEGO,SIN OCUPACION,M,35,19:00:00,2024,6/8/2024,SABADO,18:00-20:59,NOCHE,160,UNION LIBRE,SIN ESTABLECER,DELINCUENCIA,-76.48676663,3.449812331,N,N,N,3,Nivel 4
1395,24,Sector Alto de los Chorros,18,ARMA DE FUEGO,SIN OCUPACION,M,20,3:10:00,2024,6/9/2024,DOMINGO,03:00-05:59,MADRUGADA,161,SIN ESTABLECER,SIN ESTABLECER,DELINCUENCIA,-76.5553256,3.3942012,N,N,N,1,Nivel 4
1396,24,Potrero Grande,21,ARMA DE FUEGO,SOLDADOR,M,40,21:05:00,2024,6/9/2024,DOMINGO,21:00-23:59,NOCHE,161,SOLTERO,SECUNDARIA,DELINCUENCIA,-76.4685995,3.4089428,N,N,N,2,Nivel 4
1397,24,Desepaz Invicali,21,ARMA DE FUEGO,OFICIOS VARIOS,M,20,22:10:00,2024,6/9/2024,DOMINGO,21:00-23:59,NOCHE,161,SIN ESTABLECER,SIN ESTABLECER,DELINCUENCIA,-76.4656462,3.425194,N,N,N,1,Nivel 4
1398,24,Los Comuneros I,15,ARMA DE FUEGO,OFICIOS VARIOS,M,39,20:10:00,2024,6/10/2024,LUNES,18:00-20:59,NOCHE,162,SOLTERO,SIN ESTABLECER,DELINCUENCIA,-76.4920936,3.4101998,N,N,N,2,Nivel 4
1399,24,Mariano Ramos,16,ARMA DE FUEGO,COMERCIANTE,M,24,20:03:00,2024,6/11/2024,MARTES,18:00-20:59,NOCHE,163,UNION LIBRE,SIN ESTABLECER,DELINCUENCIA,-76.51656663,3.398166627,N,N,N,2,Nivel 4
1400,24,Nueva Floresta,12,ARMA DE FUEGO,INTERNO CÁRCEL,M,32,20:20:00,2024,6/11/2024,MARTES,18:00-20:59,NOCHE,163,SOLTERO,SIN ESTABLECER,DELINCUENCIA,-76.4982375,3.4345645,N,N,N,3,Nivel 4
1401,24,Urbanización Boyaca,11,ARMA DE FUEGO,OFICIOS VARIOS,M,21,22:50:00,2024,6/11/2024,MARTES,21:00-23:59,NOCHE,163,UNION LIBRE,SECUNDARIA,DELINCUENCIA,-76.52041918,3.423982827,N,N,N,3,Nivel 4
1402,24,República de Israel,16,ARMA DE FUEGO,SIN OCUPACION,M,35,21:10:00,2024,6/12/2024,MIERCOLES,21:00-23:59,NOCHE,164,CASADO,SECUNDARIA,DELINCUENCIA,-76.51208149,3.405297831,N,N,N,2,Nivel 4
1403,24,Sector Patio Bonito,1,OTRAS ARMAS,VENDEDOR AMBULANTE,F,28,9:20:00,2024,6/13/2024,JUEVES,09:00-11:59,MAÑANA,165,SIN ESTABLECER,SIN ESTABLECER,OTRO,-76.5829573,3.4580754,N,N,N,1,Nivel 4
1404,24,Guayaquil,9,ARMA DE FUEGO,AGENTE DE POLICIA,M,37,22:05:00,2024,6/13/2024,JUEVES,21:00-23:59,NOCHE,165,CASADO,SECUNDARIA,DELINCUENCIA,-76.52859412,3.442545363,N,N,N,3,Nivel 4
1405,24,Mojica,15,CORTOPUNZANTE,VENDEDOR AMBULANTE,M,50,17:32:00,2024,6/14/2024,VIERNES,15:00-17:59,TARDE,166,CASADO,SECUNDARIA,CONVIVENCIA,-76.48782571,3.417935237,N,N,N,1,Nivel 4
1406,24,Lleras Camargo,20,ARMA DE FUEGO,AGRICULTOR,M,34,19:03:00,2024,6/14/2024,VIERNES,18:00-20:59,NOCHE,166,CASADO,SECUNDARIA,CONVIVENCIA,-76.56191175,3.418638539,N,N,N,1,Nivel 4
1407,24,Laureano Gómez,15,ARMA DE FUEGO,ALBAÑIL,M,34,21:50:00,2024,6/14/2024,VIERNES,21:00-23:59,NOCHE,166,UNION LIBRE,SIN ESTABLECER,DELINCUENCIA,-76.49467016,3.415668922,N,N,N,1,Nivel 4
1408,24,Santa Elena,10,ARMA DE FUEGO,OFICIOS VARIOS,M,50,11:05:00,2024,6/15/2024,SABADO,09:00-11:59,MAÑANA,167,SOLTERO,SECUNDARIA,DELINCUENCIA,-76.52117497,3.426515728,N,N,N,3,Nivel 4
1409,24,Ciudadela Floralia,6,ARMA DE FUEGO,EMPLEADO,M,44,18:30:00,2024,6/15/2024,SABADO,18:00-20:59,NOCHE,167,UNION LIBRE,SECUNDARIA,DELINCUENCIA,-76.49450841,3.497013641,N,N,N,2,Nivel 4
1410,25,El Poblado II,13,ARMA DE FUEGO,OFICIOS VARIOS,M,21,3:55:00,2024,6/16/2024,DOMINGO,03:00-05:59,MADRUGADA,168,SIN ESTABLECER,SECUNDARIA,DELINCUENCIA,-76.48874481,3.421633182,N,N,N,2,Nivel 4
1411,25,Alto Nápoles,18,ARMA DE FUEGO,SIN OCUPACION,M,24,13:00:00,2024,6/16/2024,DOMINGO,12:00-14:59,TARDE,168,SIN ESTABLECER,SIN ESTABLECER,DELINCUENCIA,-76.55326908,3.385915088,N,N,N,1,Nivel 4
1412,25,Manuela Beltrán,14,ARMA DE FUEGO,OFICIOS VARIOS,M,34,17:30:00,2024,6/16/2024,DOMINGO,15:00-17:59,TARDE,168,SIN ESTABLECER,SIN ESTABLECER,DELINCUENCIA,-76.47426533,3.422370455,N,N,N,1,Nivel 4
1413,25,Charco Azul,13,ARMA DE FUEGO,ESTUDIANTE,M,15,23:00:00,2024,6/16/2024,DOMINGO,21:00-23:59,NOCHE,168,SOLTERO,SECUNDARIA,DELINCUENCIA,-76.48486649,3.440696717,N,N,N,1,Nivel 4
1414,25,Sector Alto de los Chorros,18,ARMA DE FUEGO,ALBAÑIL,M,22,4:30:00,2024,6/18/2024,MARTES,03:00-05:59,MADRUGADA,170,SIN ESTABLECER,SIN ESTABLECER,DELINCUENCIA,-76.56076811,3.391609468,N,N,N,1,Nivel 4
1415,25,Lleras Camargo,20,ARMA DE FUEGO,VIGILANTE,M,29,12:00:00,2024,6/18/2024,MARTES,12:00-14:59,TARDE,170,SIN ESTABLECER,SIN ESTABLECER,CONVIVENCIA,-76.56205909,3.421585061,N,N,N,1,Nivel 4
1416,25,Villa del Sol,5,ARMA DE FUEGO,DESEMPLEADO,M,36,13:00:00,2024,6/18/2024,MARTES,12:00-14:59,TARDE,170,SIN ESTABLECER,SIN ESTABLECER,DELINCUENCIA,-76.49664363,3.479583316,N,N,N,4,Nivel 4
1417,25,Paso del Comercio,6,ARMA DE FUEGO,AMA DE CASA,F,42,1:00:00,2024,6/19/2024,MIERCOLES,00:00-02:59,MADRUGADA,171,CASADO,SIN ESTABLECER,DELINCUENCIA,-76.48638375,3.493598088,N,N,N,2,Nivel 4
1418,25,Sector Alto de los Chorros,18,ARMA DE FUEGO,PRESTAMISTA,M,21,4:00:00,2024,6/19/2024,MIERCOLES,03:00-05:59,MADRUGADA,171,SIN ESTABLECER,SIN ESTABLECER,DELINCUENCIA,-76.56245272,3.388854828,N,N,N,1,Nivel 4
1419,25,Alfonso Bonilla Aragón,14,ARMA DE FUEGO,GUARDA DE SEGURIDAD,M,25,14:33:00,2024,6/19/2024,MIERCOLES,12:00-14:59,TARDE,171,UNION LIBRE,SIN ESTABLECER,DELINCUENCIA,-76.48596715,3.419599737,N,N,N,1,Nivel 4
1420,25,El Retiro,15,ARMA DE FUEGO,SIN OCUPACION,M,26,16:00:00,2024,6/19/2024,MIERCOLES,15:00-17:59,TARDE,171,SIN ESTABLECER,SIN ESTABLECER,DELINCUENCIA,-76.49824331,3.41184242,N,N,N,1,Nivel 4
1421,25,Belalcázar,9,ARMA DE FUEGO,SIN OCUPACION,M,43,20:12:00,2024,6/19/2024,MIERCOLES,18:00-20:59,NOCHE,171,SIN ESTABLECER,SIN ESTABLECER,DELINCUENCIA,-76.52447473,3.440847757,N,N,N,3,Nivel 4
1422,25,San Pedro Claver,11,ARMA DE FUEGO,SIN OCUPACION,F,38,21:24:00,2024,6/19/2024,MIERCOLES,21:00-23:59,NOCHE,171,SIN ESTABLECER,SIN ESTABLECER,CONVIVENCIA,-76.5011286,3.4296881,N,N,N,2,Nivel 4
1423,25,Calimio Desepaz,21,ARMA DE FUEGO,DESEMPLEADO,M,32,13:00:00,2024,6/21/2024,VIERNES,12:00-14:59,TARDE,173,SIN ESTABLECER,SECUNDARIA,DELINCUENCIA,-76.46933459,3.416359916,N,N,N,1,Nivel 4
1424,25,El Rodeo,12,ARMA DE FUEGO,OFICIOS VARIOS,M,29,10:00:00,2024,6/22/2024,SABADO,09:00-11:59,MAÑANA,174,SIN ESTABLECER,SIN ESTABLECER,DELINCUENCIA,-76.50693374,3.434435922,N,N,N,2,Nivel 4
1425,25,Sector Alto de los Chorros,18,ARMA DE FUEGO,SIN OCUPACION,M,26,14:00:00,2024,6/22/2024,SABADO,12:00-14:59,TARDE,174,SOLTERO,SIN ESTABLECER,DELINCUENCIA,-76.56115781,3.388265536,N,N,N,1,Nivel 4
1426,25,Unión de Vivienda Popular,16,ARMA DE FUEGO,COMERCIANTE,M,44,19:00:00,2024,6/22/2024,SABADO,18:00-20:59,NOCHE,174,SIN ESTABLECER,SIN ESTABLECER,DELINCUENCIA,-76.50562028,3.407684108,N,N,N,2,Nivel 4
1427,26,Fenalco Kennedy,12,ARMA DE FUEGO,ESTUDIANTE,F,17,3:35:00,2024,6/23/2024,DOMINGO,03:00-05:59,MADRUGADA,175,SIN ESTABLECER,SECUNDARIA,DELINCUENCIA,-76.4982375,3.4394828,N,N,N,3,Nivel 4
1428,26,El Vallado,15,ARMA DE FUEGO,SIN OCUPACION,M,19,4:45:00,2024,6/23/2024,DOMINGO,03:00-05:59,MADRUGADA,175,SOLTERO,SECUNDARIA,DELINCUENCIA,-76.49948374,3.406056329,N,N,N,2,Nivel 4
1429,26,El Bosque,2,ARMA DE FUEGO,SIN OCUPACION,M,35,6:20:00,2024,6/23/2024,DOMINGO,06:00-08:59,MAÑANA,175,SIN ESTABLECER,SIN ESTABLECER,DELINCUENCIA,-76.52663336,3.484441662,N,N,N,5,Nivel 4
1430,26,El Morichal,15,ARMA DE FUEGO,SIN OCUPACION,M,16,17:30:00,2024,6/23/2024,DOMINGO,15:00-17:59,TARDE,175,SIN ESTABLECER,SIN ESTABLECER,DELINCUENCIA,-76.50885435,3.392370335,N,N,N,2,Nivel 4
1431,26,Omar Torrijos,13,ARMA DE FUEGO,DESEMPLEADO,M,32,19:30:00,2024,6/23/2024,DOMINGO,18:00-20:59,NOCHE,175,SIN ESTABLECER,SIN ESTABLECER,DELINCUENCIA,-76.48722359,3.425974449,N,N,N,2,Nivel 4
1432,26,San Pedro Claver,11,ARMA DE FUEGO,VENDEDOR AMBULANTE,M,25,19:50:00,2024,6/24/2024,LUNES,18:00-20:59,NOCHE,176,SIN ESTABLECER,SIN ESTABLECER,DELINCUENCIA,-76.50308075,3.424479693,N,N,N,2,Nivel 4
1433,26,El Retiro,15,ARMA DE FUEGO,DESEMPLEADO,M,21,13:50:00,2024,6/25/2024,MARTES,12:00-14:59,TARDE,177,SIN ESTABLECER,SIN ESTABLECER,DELINCUENCIA,-76.49962955,3.409799858,N,N,N,1,Nivel 4
1434,26,El Retiro,15,ARMA DE FUEGO,SIN OCUPACION,M,25,21:45:00,2024,6/25/2024,MARTES,21:00-23:59,NOCHE,177,SIN ESTABLECER,SIN ESTABLECER,DELINCUENCIA,-76.49797164,3.411391405,N,N,N,1,Nivel 4
1435,26,El Cortijo,20,CORTOPUNZANTE,DESEMPLEADO,M,36,1:05:00,2024,6/26/2024,MIERCOLES,00:00-02:59,MADRUGADA,178,SIN ESTABLECER,SIN ESTABLECER,DELINCUENCIA,-76.55904622,3.416019366,N,N,N,2,Nivel 4
1436,26,Torres de Comfandi,5,ARMA DE FUEGO,MENSAJERO,M,28,6:46:00,2024,6/26/2024,MIERCOLES,06:00-08:59,MAÑANA,178,SIN ESTABLECER,SIN ESTABLECER,DELINCUENCIA,-76.50378051,3.475205598,N,N,N,3,Nivel 4
1437,26,El Jordán,18,ARMA DE FUEGO,ALBAÑIL,M,34,20:40:00,2024,6/26/2024,MIERCOLES,18:00-20:59,NOCHE,178,SIN ESTABLECER,SIN ESTABLECER,DELINCUENCIA,-76.5524357,3.3757325,N,N,N,2,Nivel 4
1438,26,Los Comuneros I,15,ARMA DE FUEGO,SIN OCUPACION,M,32,23:09:00,2024,6/26/2024,MIERCOLES,21:00-23:59,NOCHE,178,SIN ESTABLECER,SIN ESTABLECER,DELINCUENCIA,-76.4920936,3.4101998,N,N,N,2,Nivel 4
1439,26,Tierra Blanca,20,ARMA DE FUEGO,SIN OCUPACION,M,29,6:50:00,2024,6/27/2024,JUEVES,06:00-08:59,MAÑANA,179,SIN ESTABLECER,SIN ESTABLECER,CONVIVENCIA,-76.55943094,3.420771893,N,N,N,1,Nivel 4
1440,26,Antonio Nariño,16,ARMA DE FUEGO,PELUQUERO,M,18,13:50:00,2024,6/27/2024,JUEVES,12:00-14:59,TARDE,179,SIN ESTABLECER,SIN ESTABLECER,CONVIVENCIA,-76.50789218,3.419389944,N,N,N,2,Nivel 4
1441,26,Antonio Nariño,16,CORTOPUNZANTE,DESEMPLEADO,M,35,16:30:00,2024,6/27/2024,JUEVES,15:00-17:59,TARDE,179,SIN ESTABLECER,SIN ESTABLECER,CONVIVENCIA,-76.5011286,3.4149373,N,N,N,2,Nivel 4
1442,26,Prados del Norte,2,OTRAS ARMAS,SIN OCUPACION,F,43,16:30:00,2024,6/27/2024,JUEVES,15:00-17:59,TARDE,179,SIN ESTABLECER,SIN ESTABLECER,OTRO,-76.52042038,3.465044258,S,N,N,5,Nivel 4
1443,26,Los Naranjos II,14,ARMA DE FUEGO,LAVADOR DE VEHICULOS,M,34,17:20:00,2024,6/27/2024,JUEVES,15:00-17:59,TARDE,179,SIN ESTABLECER,SIN ESTABLECER,DELINCUENCIA,-76.4753309,3.436162276,N,N,N,1,Nivel 4
1444,26,Ciudadela Floralia,6,CORTOPUNZANTE,SIN OCUPACION,M,35,8:45:00,2024,6/28/2024,VIERNES,06:00-08:59,MAÑANA,180,SIN ESTABLECER,SIN ESTABLECER,OTRO,-76.49036207,3.497892558,N,N,N,2,Nivel 4
1445,26,El Poblado I,13,ARMA DE FUEGO,DESEMPLEADO,M,25,12:45:00,2024,6/28/2024,VIERNES,12:00-14:59,TARDE,180,SIN ESTABLECER,SIN ESTABLECER,CONVIVENCIA,-76.5040197,3.4198951,N,N,N,2,Nivel 4
1446,26,San Pascual,3,OTRAS ARMAS,SIN OCUPACION,M,35,5:20:00,2024,6/29/2024,SABADO,03:00-05:59,MADRUGADA,181,SIN ESTABLECER,SIN ESTABLECER,OTRO,-76.52977252,3.443386461,N,N,N,1,Nivel 4
1447,26,Parcelaciones Pance,22,ARMA DE FUEGO,SIN OCUPACION,M,19,16:25:00,2024,6/29/2024,SABADO,15:00-17:59,TARDE,181,SIN ESTABLECER,SIN ESTABLECER,DELINCUENCIA,-76.52992862,3.358191767,N,N,N,6,Nivel 4
1448,26,Guayaquil,9,CORTOPUNZANTE,SIN OCUPACION,F,22,22:19:00,2024,6/29/2024,SABADO,21:00-23:59,NOCHE,181,SIN ESTABLECER,SIN ESTABLECER,OTRO,-76.52875163,3.441820756,N,N,N,3,Nivel 4
1449,27,El Vergel,13,CORTOPUNZANTE,SOLDADOR,M,24,4:19:00,2024,6/30/2024,DOMINGO,03:00-05:59,MADRUGADA,182,SOLTERO,SIN ESTABLECER,CONVIVENCIA,-76.5037996,3.416311801,N,N,N,1,Nivel 4
1450,27,El Rodeo,12,ARMA DE FUEGO,ZAPATERO,M,17,21:25:00,2024,6/30/2024,DOMINGO,21:00-23:59,NOCHE,182,UNION LIBRE,SECUNDARIA,DELINCUENCIA,-76.50589215,3.433597169,N,N,N,2,Nivel 4
1451,27,Valle Grande,21,ARMA DE FUEGO,PELUQUERO,M,41,1:05:00,2024,7/1/2024,LUNES,00:00-02:59,MADRUGADA,183,CASADO,SECUNDARIA,CONVIVENCIA,-76.46920442,3.436329054,N,N,N,2,Nivel 4
1452,27,José Holguín Garcés,11,CORTOPUNZANTE,GUARDA DE SEGURIDAD,M,45,2:00:00,2024,7/1/2024,LUNES,00:00-02:59,MADRUGADA,183,SOLTERO,SECUNDARIA,OTRO,-76.52212811,3.403698871,N,N,N,3,Nivel 4
1453,27,Los Guaduales,6,ARMA DE FUEGO,OFICIOS VARIOS,M,44,9:45:00,2024,7/1/2024,LUNES,09:00-11:59,MAÑANA,183,SOLTERO,SECUNDARIA,DELINCUENCIA,-76.4989603,3.4905509,N,N,N,3,Nivel 4
1454,27,Primitivo Crespo,8,ARMA DE FUEGO,SIN OCUPACION,F,37,20:27:00,2024,7/1/2024,LUNES,18:00-20:59,NOCHE,183,SIN ESTABLECER,SIN ESTABLECER,DELINCUENCIA,-76.5187492,3.439503217,N,N,N,2,Nivel 4
1455,27,Alfonso Lopez P. 2a Etapa,7,CORTOPUNZANTE,SIN OCUPACION,M,22,6:08:00,2024,7/2/2024,MARTES,06:00-08:59,MAÑANA,184,SIN ESTABLECER,SIN ESTABLECER,DELINCUENCIA,-76.4800397,3.458818995,N,N,N,3,Nivel 4
1456,27,El Vergel,13,CORTOPUNZANTE,OFICIOS VARIOS,M,26,17:33:00,2024,7/2/2024,MARTES,15:00-17:59,TARDE,184,UNION LIBRE,SECUNDARIA,CONVIVENCIA,-76.50081712,3.412929971,N,N,N,1,Nivel 4
1457,27,Siloé,20,ARMA DE FUEGO,PUBLICISTA,M,32,19:03:00,2024,7/2/2024,MARTES,18:00-20:59,NOCHE,184,SIN ESTABLECER,SIN ESTABLECER,DELINCUENCIA,-76.5560481,3.4230962,N,N,N,1,Nivel 4
1458,27,El Morichal,15,ARMA DE FUEGO,SOLDADOR,M,22,19:27:00,2024,7/2/2024,MARTES,18:00-20:59,NOCHE,184,UNION LIBRE,SECUNDARIA,DELINCUENCIA,-76.5095844,3.39423328,N,N,N,2,Nivel 4
1459,27,Potrero Grande,21,ARMA DE FUEGO,SIN OCUPACION,M,29,22:10:00,2024,7/2/2024,MARTES,21:00-23:59,NOCHE,184,SIN ESTABLECER,SIN ESTABLECER,DELINCUENCIA,-76.47057173,3.405847822,N,N,N,2,Nivel 4
1460,27,Pizamos I,21,ARMA DE FUEGO,LAVADOR DE VEHICULOS,M,38,17:45:00,2024,7/4/2024,JUEVES,15:00-17:59,TARDE,186,UNION LIBRE,PRIMARIA,OTRO,-76.47494476,3.402172213,N,N,N,1,Nivel 4
1461,27,Sector Alto Jordán,18,CORTOPUNZANTE,SIN OCUPACION,F,28,17:13:00,2024,7/5/2024,VIERNES,15:00-17:59,TARDE,187,UNION LIBRE,SIN ESTABLECER,CONVIVENCIA,-76.5556837,3.377387469,N,N,N,1,Nivel 4
1462,28,Laureano Gómez,15,ARMA DE FUEGO,SIN OCUPACION,M,23,2:17:00,2024,7/7/2024,DOMINGO,00:00-02:59,MADRUGADA,189,SOLTERO,SIN ESTABLECER,DELINCUENCIA,-76.49494254,3.410668037,N,N,N,1,Nivel 4
1463,28,La Merced,3,CORTOPUNZANTE,SIN OCUPACION,M,30,20:41:00,2024,7/7/2024,DOMINGO,18:00-20:59,NOCHE,189,SOLTERO,SIN ESTABLECER,CONVIVENCIA,-76.53664277,3.447394575,N,N,N,3,Nivel 4
1464,28,Sector Alto de los Chorros,18,ARMA DE FUEGO,SIN OCUPACION,M,36,21:00:00,2024,7/7/2024,DOMINGO,21:00-23:59,NOCHE,189,SOLTERO,SIN ESTABLECER,CONVIVENCIA,-76.5553256,3.3942012,N,N,N,1,Nivel 4
1465,28,Santa Mónica,2,ARMA DE FUEGO,SIN OCUPACION,M,34,3:20:00,2024,7/8/2024,LUNES,03:00-05:59,MADRUGADA,190,SIN ESTABLECER,SIN ESTABLECER,DELINCUENCIA,-76.53091664,3.465944761,N,N,N,5,Nivel 4
1466,28,Cañaverales - Los Samanes,17,OTRAS ARMAS,ALBAÑIL,M,58,20:30:00,2024,7/8/2024,LUNES,18:00-20:59,NOCHE,190,SOLTERO,SECUNDARIA,OTRO,-76.52548426,3.399902191,N,N,N,3,Nivel 4
1467,28,Calimio Desepaz,21,ARMA DE FUEGO,SIN OCUPACION,M,50,14:25:00,2024,7/9/2024,MARTES,12:00-14:59,TARDE,191,SIN ESTABLECER,SIN ESTABLECER,DELINCUENCIA,-76.46943233,3.412130007,N,N,N,1,Nivel 4
1468,28,Laureano Gómez,15,ARMA DE FUEGO,SIN OCUPACION,M,38,14:33:00,2024,7/9/2024,MARTES,12:00-14:59,TARDE,191,UNION LIBRE,SIN ESTABLECER,DELINCUENCIA,-76.4946235,3.413001,N,N,N,1,Nivel 4
1469,28,Brisas de Los Álamos,2,ARMA DE FUEGO,SIN OCUPACION,M,40,20:25:00,2024,7/9/2024,MARTES,18:00-20:59,NOCHE,191,SIN ESTABLECER,SIN ESTABLECER,DELINCUENCIA,-76.50189311,3.491909454,N,N,N,3,Nivel 4
1470,28,CGTO. MONTEBELLO,64,ARMA DE FUEGO,SIN OCUPACION,M,22,0:20:00,2024,7/10/2024,MIERCOLES,00:00-02:59,MADRUGADA,192,SIN ESTABLECER,SIN ESTABLECER,DELINCUENCIA,-76.55012153,3.485583539,N,N,N,2,Nivel 4
1471,28,José Manuel Marroquín I,14,CORTOPUNZANTE,SIN OCUPACION,M,37,1:40:00,2024,7/10/2024,MIERCOLES,00:00-02:59,MADRUGADA,192,SIN ESTABLECER,SIN ESTABLECER,CONVIVENCIA,-76.47832287,3.420626237,N,N,N,2,Nivel 4
1472,28,Terrón Colorado,1,CORTOPUNZANTE,PELUQUERO,M,25,8:20:00,2024,7/10/2024,MIERCOLES,06:00-08:59,MAÑANA,192,SOLTERO,SECUNDARIA,CONVIVENCIA,-76.56417364,3.449977989,N,N,N,2,Nivel 4
1473,28,Puerta del Sol,14,ARMA DE FUEGO,SIN OCUPACION,M,19,14:00:00,2024,7/10/2024,MIERCOLES,12:00-14:59,TARDE,192,SIN ESTABLECER,SIN ESTABLECER,DELINCUENCIA,-76.47163137,3.429979526,N,N,N,1,Nivel 4
1474,28,Chapinero,8,ARMA DE FUEGO,SIN OCUPACION,M,32,16:25:00,2024,7/10/2024,MIERCOLES,15:00-17:59,TARDE,192,SIN ESTABLECER,SIN ESTABLECER,DELINCUENCIA,-76.5018514,3.4450686,N,N,N,3,Nivel 4
1475,28,Urbanización La Nueva Base,8,ARMA DE FUEGO,SIN OCUPACION,M,31,18:00:00,2024,7/10/2024,MIERCOLES,18:00-20:59,NOCHE,192,UNION LIBRE,SIN ESTABLECER,DELINCUENCIA,-76.49195803,3.447274841,N,N,N,3,Nivel 4
1476,28,Los Guaduales,6,ARMA DE FUEGO,SIN OCUPACION,M,49,19:45:00,2024,7/10/2024,MIERCOLES,18:00-20:59,NOCHE,192,SOLTERO,SIN ESTABLECER,DELINCUENCIA,-76.4989603,3.4905509,N,N,N,3,Nivel 4
1477,28,Paso del Comercio,6,ARMA DE FUEGO,SIN OCUPACION,M,24,0:17:00,2024,7/12/2024,VIERNES,00:00-02:59,MADRUGADA,194,SIN ESTABLECER,SIN ESTABLECER,DELINCUENCIA,-76.4888408,3.492865,N,N,N,2,Nivel 4
1478,28,Rodrigo Lara Bonilla,13,ARMA DE FUEGO,SIN OCUPACION,M,19,10:40:00,2024,7/12/2024,VIERNES,09:00-11:59,MAÑANA,194,SIN ESTABLECER,SIN ESTABLECER,DELINCUENCIA,-76.48806431,3.426482635,N,N,N,2,Nivel 4
1479,28,Santa Mónica,2,ARMA DE FUEGO,SIN OCUPACION,M,30,1:30:00,2024,7/13/2024,SABADO,00:00-02:59,MADRUGADA,195,SIN ESTABLECER,SIN ESTABLECER,DELINCUENCIA,-76.53135146,3.464982422,N,N,N,5,Nivel 4
1480,28,Ciudadela Floralia,6,ARMA DE FUEGO,SIN OCUPACION,M,45,14:05:00,2024,7/13/2024,SABADO,12:00-14:59,TARDE,195,SIN ESTABLECER,SIN ESTABLECER,DELINCUENCIA,-76.49420892,3.495712942,N,N,N,2,Nivel 4
1481,28,Villamercedes I - Villa Luz - Las Garzas,21,ARMA DE FUEGO,SIN OCUPACION,M,30,21:55:00,2024,7/13/2024,SABADO,21:00-23:59,NOCHE,195,SIN ESTABLECER,SIN ESTABLECER,OTRO,-76.47727391,3.410212898,N,N,N,1,Nivel 4
1482,28,El Retiro,15,ARMA DE FUEGO,SIN OCUPACION,M,19,22:25:00,2024,7/13/2024,SABADO,21:00-23:59,NOCHE,195,SIN ESTABLECER,SIN ESTABLECER,DELINCUENCIA,-76.50027923,3.409728734,N,N,N,1,Nivel 4
1483,29,Pizamos I,21,ARMA DE FUEGO,OFICIOS VARIOS,M,22,1:00:00,2024,7/14/2024,DOMINGO,00:00-02:59,MADRUGADA,196,SOLTERO,PRIMARIA,DELINCUENCIA,-76.47454821,3.401876704,N,N,N,1,Nivel 4
1484,29,José Manuel Marroquín I,14,ARMA DE FUEGO,MECANICO,M,24,1:16:00,2024,7/14/2024,DOMINGO,00:00-02:59,MADRUGADA,196,SIN ESTABLECER,SECUNDARIA,DELINCUENCIA,-76.47746761,3.424670394,N,N,N,2,Nivel 4
1485,29,Valle Grande,21,OTRAS ARMAS,MOTORISTA,M,44,12:34:00,2024,7/14/2024,DOMINGO,12:00-14:59,TARDE,196,SIN ESTABLECER,SECUNDARIA,OTRO,-76.47024832,3.439703829,N,N,N,2,Nivel 4
1486,29,El Vergel,13,ARMA DE FUEGO,SIN OCUPACION,M,21,14:00:00,2024,7/14/2024,DOMINGO,12:00-14:59,TARDE,196,SOLTERO,SECUNDARIA,DELINCUENCIA,-76.50081636,3.414585943,N,N,N,1,Nivel 4
1487,29,El Vergel,13,ARMA DE FUEGO,SIN OCUPACION,F,24,14:00:00,2024,7/14/2024,DOMINGO,12:00-14:59,TARDE,196,SIN ESTABLECER,UNIVERSITARIO,DELINCUENCIA,-76.50081636,3.414585943,N,N,N,1,Nivel 4
1488,29,El Morichal,15,OTRAS ARMAS,SIN OCUPACION,M,16,16:05:00,2024,7/14/2024,DOMINGO,15:00-17:59,TARDE,196,SOLTERO,SECUNDARIA,DELINCUENCIA,-76.50383679,3.394237088,N,N,N,2,Nivel 4
1489,29,Calipso,13,ARMA DE FUEGO,SIN OCUPACION,M,24,17:45:00,2024,7/14/2024,DOMINGO,15:00-17:59,TARDE,196,SOLTERO,SECUNDARIA,DELINCUENCIA,-76.4993217,3.4256668,N,N,N,3,Nivel 4
1490,29,El Morichal,15,CORTOPUNZANTE,SIN OCUPACION,M,48,21:45:00,2024,7/14/2024,DOMINGO,21:00-23:59,NOCHE,196,SIN ESTABLECER,SECUNDARIA,CONVIVENCIA,-76.50599702,3.395506554,N,N,N,2,Nivel 4
1491,29,Mariano Ramos,16,ARMA DE FUEGO,SIN OCUPACION,M,21,0:10:00,2024,7/15/2024,LUNES,00:00-02:59,MADRUGADA,197,SOLTERO,PRIMARIA,DELINCUENCIA,-76.51798269,3.402689237,N,N,N,2,Nivel 4
1492,29,Mojica,15,CORTOPUNZANTE,SIN OCUPACION,M,18,4:57:00,2024,7/15/2024,LUNES,03:00-05:59,MADRUGADA,197,SIN ESTABLECER,SECUNDARIA,DELINCUENCIA,-76.48586641,3.417634485,N,N,N,1,Nivel 4
1493,29,Urbanización El Angel del Hogar,7,CORTOPUNZANTE,INDIGENTE,M,30,12:45:00,2024,7/15/2024,LUNES,12:00-14:59,TARDE,197,SIN ESTABLECER,SIN ESTABLECER,CONVIVENCIA,-76.48387653,3.4462689,N,N,N,2,Nivel 4
1494,29,Compartir,21,ARMA DE FUEGO,VENDEDOR,M,31,12:50:00,2024,7/15/2024,LUNES,12:00-14:59,TARDE,197,UNION LIBRE,SECUNDARIA,DELINCUENCIA,-76.46227713,3.43153157,N,N,N,2,Nivel 4
1495,29,Potrero Grande,21,ARMA DE FUEGO,MOTORISTA,M,32,12:50:00,2024,7/15/2024,LUNES,12:00-14:59,TARDE,197,UNION LIBRE,SECUNDARIA,DELINCUENCIA,-76.46974394,3.401762334,N,N,N,2,Nivel 4
1496,29,Ulpiano Lloreda,13,ARMA DE FUEGO,SIN OCUPACION,M,22,16:58:00,2024,7/15/2024,LUNES,15:00-17:59,TARDE,197,SOLTERO,SIN ESTABLECER,DELINCUENCIA,-76.49219125,3.440287319,N,N,N,2,Nivel 4
1497,29,Lili,17,ARMA DE FUEGO,VENDEDOR,M,50,18:36:00,2024,7/15/2024,LUNES,18:00-20:59,NOCHE,197,UNION LIBRE,SECUNDARIA,DELINCUENCIA,-76.5555078,3.3523329,N,N,N,4,Nivel 4
1498,29,CGTO. LA BUITRERA,54,CORTOPUNZANTE,RECICLADOR,M,34,7:26:00,2024,7/16/2024,MARTES,06:00-08:59,MAÑANA,198,SIN ESTABLECER,SIN ESTABLECER,DELINCUENCIA,-76.57016029,3.37452126,N,N,N,2,Nivel 4
1499,29,Atanasio Girardot,8,ARMA DE FUEGO,SIN OCUPACION,M,43,16:30:00,2024,7/16/2024,MARTES,15:00-17:59,TARDE,198,UNION LIBRE,TECNOLOGO,DELINCUENCIA,-76.50895592,3.444725507,N,N,N,3,Nivel 4
1500,29,Calipso,13,ARMA DE FUEGO,OFICIOS VARIOS,M,27,17:30:00,2024,7/16/2024,MARTES,15:00-17:59,TARDE,198,SOLTERO,SECUNDARIA,OTRO,-76.49777762,3.424479268,N,N,N,3,Nivel 4
1501,29,CGTO. EL HORMIGUERO,52,ARMA DE FUEGO,MOTORISTA,M,35,23:40:00,2024,7/16/2024,MARTES,21:00-23:59,NOCHE,198,UNION LIBRE,TECNOLOGO,DELINCUENCIA,-76.47285343,3.32340544,N,N,N,2,Nivel 4
1502,29,Siete de Agosto,7,ARMA DE FUEGO,OFICIOS VARIOS,M,33,16:57:00,2024,7/17/2024,MIERCOLES,15:00-17:59,TARDE,199,SOLTERO,SECUNDARIA,DELINCUENCIA,-76.48617366,3.445483531,N,N,N,3,Nivel 4
1503,29,Alfonso Lopez P. 1a Etapa,7,OTRAS ARMAS,ALBAÑIL,M,79,20:10:00,2024,7/17/2024,MIERCOLES,18:00-20:59,NOCHE,199,SOLTERO,PRIMARIA,DELINCUENCIA,-76.47870064,3.466945936,N,N,N,2,Nivel 4
1504,29,San Cristóbal,10,ARMA DE FUEGO,VENDEDOR,M,51,19:15:00,2024,7/18/2024,JUEVES,18:00-20:59,NOCHE,200,UNION LIBRE,SIN ESTABLECER,DELINCUENCIA,-76.5205756,3.430068,N,N,N,3,Nivel 4
1505,29,El Vallado,15,ARMA DE FUEGO,SIN OCUPACION,M,16,20:20:00,2024,7/18/2024,JUEVES,18:00-20:59,NOCHE,200,SOLTERO,SECUNDARIA,DELINCUENCIA,-76.5022004,3.406295983,N,N,N,2,Nivel 4
1506,29,Ciudad Córdoba,15,ARMA DE FUEGO,OFICIOS VARIOS,M,32,23:48:00,2024,7/18/2024,JUEVES,21:00-23:59,NOCHE,200,UNION LIBRE,SECUNDARIA,DELINCUENCIA,-76.50625966,3.405962305,N,N,N,3,Nivel 4
1507,29,Bretaña,9,ARMA DE FUEGO,SIN OCUPACION,M,27,20:50:00,2024,7/19/2024,VIERNES,18:00-20:59,NOCHE,201,SOLTERO,SECUNDARIA,DELINCUENCIA,-76.53081059,3.440873968,N,N,N,3,Nivel 4
1508,29,Bellavista,19,ARMA DE FUEGO,GUARDA DE SEGURIDAD,M,23,0:20:00,2024,7/20/2024,SABADO,00:00-02:59,MADRUGADA,202,SOLTERO,SECUNDARIA,DELINCUENCIA,-76.54967798,3.446351494,N,N,N,2,Nivel 4
1509,29,Mariano Ramos,16,ARMA DE FUEGO,SIN OCUPACION,M,24,20:50:00,2024,7/20/2024,SABADO,18:00-20:59,NOCHE,202,SOLTERO,SIN ESTABLECER,DELINCUENCIA,-76.51845448,3.402614916,N,N,N,2,Nivel 4
1510,29,Mariano Ramos,16,ARMA DE FUEGO,SIN OCUPACION,M,19,20:50:00,2024,7/20/2024,SABADO,18:00-20:59,NOCHE,202,SOLTERO,SECUNDARIA,DELINCUENCIA,-76.51845448,3.402614916,N,N,N,2,Nivel 4
1511,30,San Judas Tadeo I,10,CORTOPUNZANTE,SIN OCUPACION,M,40,5:25:00,2024,7/21/2024,DOMINGO,03:00-05:59,MADRUGADA,203,SOLTERO,SECUNDARIA,DELINCUENCIA,-76.52316306,3.409035214,N,N,N,3,Nivel 4
1512,30,Calipso,13,ARMA DE FUEGO,DESEMPLEADO,M,20,10:05:00,2024,7/21/2024,DOMINGO,09:00-11:59,MAÑANA,203,CASADO,SECUNDARIA,DELINCUENCIA,-76.50006148,3.425508502,N,N,N,3,Nivel 4
1513,30,José Manuel Marroquín I,14,ARMA DE FUEGO,ESTUDIANTE,M,16,16:16:00,2024,7/21/2024,DOMINGO,15:00-17:59,TARDE,203,SOLTERO,SECUNDARIA,OTRO,-76.47842006,3.419193767,N,N,N,2,Nivel 4
1514,30,Ciudad Córdoba,15,ARMA DE FUEGO,ALBAÑIL,M,20,21:38:00,2024,7/21/2024,DOMINGO,21:00-23:59,NOCHE,203,UNION LIBRE,SECUNDARIA,CONVIVENCIA,-76.51047615,3.401882851,N,N,N,3,Nivel 4
1515,30,Brisas de Mayo,20,CORTOPUNZANTE,SIN OCUPACION,M,25,1:30:00,2024,7/22/2024,LUNES,00:00-02:59,MADRUGADA,204,SIN ESTABLECER,SIN ESTABLECER,CONVIVENCIA,-76.56380851,3.418285215,N,N,N,1,Nivel 4
1516,30,El Vallado,15,CORTOPUNZANTE,INDIGENTE,M,31,5:30:00,2024,7/22/2024,LUNES,03:00-05:59,MADRUGADA,204,SIN ESTABLECER,SIN ESTABLECER,CONVIVENCIA,-76.49615333,3.406855775,N,N,N,2,Nivel 4
1517,30,San Benito,11,ARMA DE FUEGO,AGRICULTOR,M,25,16:45:00,2024,7/22/2024,LUNES,15:00-17:59,TARDE,204,SOLTERO,PRIMARIA,DELINCUENCIA,-76.51126997,3.428766634,N,N,N,2,Nivel 4
1518,30,Los Guaduales,6,ARMA DE FUEGO,INTERNO CÁRCEL,M,19,21:30:00,2024,7/23/2024,MARTES,21:00-23:59,NOCHE,205,SIN ESTABLECER,SIN ESTABLECER,DELINCUENCIA,-76.49973439,3.489070571,N,N,N,3,Nivel 4
1519,30,El Ingenio,17,CORTOPUNZANTE,MENSAJERO,M,46,19:12:00,2024,7/24/2024,MIERCOLES,18:00-20:59,NOCHE,206,SOLTERO,SECUNDARIA,CONVIVENCIA,-76.53792571,3.382495291,N,N,N,5,Nivel 4
1520,30,Alfonso Lopez P. 3a Etapa,7,ARMA DE FUEGO,SIN OCUPACION,M,21,19:26:00,2024,7/24/2024,MIERCOLES,18:00-20:59,NOCHE,206,SOLTERO,SECUNDARIA,DELINCUENCIA,-76.48227675,3.453459046,N,N,N,3,Nivel 4
1521,30,Asturias,12,ARMA DE FUEGO,SIN OCUPACION,M,20,2:55:00,2024,7/25/2024,JUEVES,00:00-02:59,MADRUGADA,207,SIN ESTABLECER,SIN ESTABLECER,DELINCUENCIA,-76.50158071,3.439927247,N,N,N,2,Nivel 4
1522,30,Los Naranjos,14,ARMA DE FUEGO,COBRADOR GOTA GOTA,M,20,20:13:00,2024,7/25/2024,JUEVES,18:00-20:59,NOCHE,207,SOLTERO,SECUNDARIA,DELINCUENCIA,-76.47962588,3.433556675,N,N,N,1,Nivel 4
1523,30,Los Naranjos,14,ARMA DE FUEGO,SIN OCUPACION,M,19,20:13:00,2024,7/25/2024,JUEVES,18:00-20:59,NOCHE,207,SOLTERO,SIN ESTABLECER,DELINCUENCIA,-76.47962588,3.433556675,N,N,N,1,Nivel 4
1524,30,Villanueva,12,ARMA DE FUEGO,OPERARIO,M,36,0:30:00,2024,7/26/2024,VIERNES,00:00-02:59,MADRUGADA,208,SOLTERO,SECUNDARIA,DELINCUENCIA,-76.50938639,3.430920767,N,N,N,2,Nivel 4
1525,30,Primitivo Crespo,8,ARMA DE FUEGO,ABOGADO,M,31,16:05:00,2024,7/26/2024,VIERNES,15:00-17:59,TARDE,208,SOLTERO,UNIVERSITARIO,DELINCUENCIA,-76.51762052,3.437152563,N,N,N,2,Nivel 4
1526,30,El Ingenio,17,ARMA DE FUEGO,ESTUDIANTE,M,18,18:55:00,2024,7/26/2024,VIERNES,18:00-20:59,NOCHE,208,SOLTERO,UNIVERSITARIO,DELINCUENCIA,-76.52881332,3.379701096,N,N,N,5,Nivel 4
1527,30,Alfonso Lopez P. 2a Etapa,7,ARMA DE FUEGO,PELUQUERO,M,73,20:45:00,2024,7/26/2024,VIERNES,18:00-20:59,NOCHE,208,SOLTERO,SECUNDARIA,DELINCUENCIA,-76.48281378,3.457313456,N,N,N,3,Nivel 4
1528,30,El Lido,19,ARMA DE FUEGO,MOTORISTA,M,39,21:20:00,2024,7/27/2024,SABADO,21:00-23:59,NOCHE,209,UNION LIBRE,SECUNDARIA,OTRO,-76.55070267,3.423189864,N,N,N,5,Nivel 4
1529,30,El Retiro,15,ARMA DE FUEGO,ESTUDIANTE,F,16,21:40:00,2024,7/27/2024,SABADO,21:00-23:59,NOCHE,209,SIN ESTABLECER,SIN ESTABLECER,DELINCUENCIA,-76.49920008,3.410283346,N,N,N,1,Nivel 4
1530,30,El Retiro,15,ARMA DE FUEGO,SIN OCUPACION,M,41,21:40:00,2024,7/27/2024,SABADO,21:00-23:59,NOCHE,209,SIN ESTABLECER,SECUNDARIA,DELINCUENCIA,-76.49920008,3.410283346,N,N,N,1,Nivel 4
1531,30,Caney,17,ARMA DE FUEGO,COMERCIANTE,M,36,22:20:00,2024,7/27/2024,SABADO,21:00-23:59,NOCHE,209,CASADO,SECUNDARIA,DELINCUENCIA,-76.52125614,3.381899208,N,N,N,4,Nivel 4
1532,31,Vista Hermosa,1,CORTOPUNZANTE,SIN OCUPACION,M,27,2:50:00,2024,7/28/2024,DOMINGO,00:00-02:59,MADRUGADA,210,SOLTERO,SECUNDARIA,CONVIVENCIA,-76.51481166,3.459230725,N,N,N,1,Nivel 4
1533,31,San Luis II,6,ARMA DE FUEGO,SIN OCUPACION,M,25,10:28:00,2024,7/28/2024,DOMINGO,09:00-11:59,MAÑANA,210,SOLTERO,SECUNDARIA,CONVIVENCIA,-76.4888408,3.4891723,N,N,N,2,Nivel 4
1534,31,Porvenir,4,CORTOPUNZANTE,SIN OCUPACION,M,30,12:45:00,2024,7/28/2024,DOMINGO,12:00-14:59,TARDE,210,SOLTERO,SECUNDARIA,DELINCUENCIA,-76.57589676,3.454870188,N,N,N,2,Nivel 4
1535,31,San Juan Bosco,3,ARMA DE FUEGO,SIN OCUPACION,M,29,5:20:00,2024,7/29/2024,LUNES,03:00-05:59,MADRUGADA,211,SOLTERO,SECUNDARIA,DELINCUENCIA,-76.5347772,3.445177047,N,N,N,3,Nivel 4
1536,31,El Morichal,15,ARMA DE FUEGO,PELUQUERO,M,23,20:45:00,2024,7/29/2024,LUNES,18:00-20:59,NOCHE,211,SIN ESTABLECER,SIN ESTABLECER,CONVIVENCIA,-76.50711349,3.390464,N,N,N,2,Nivel 4
1537,31,Cuarto de Legua - Guadalupe,19,ARMA DE FUEGO,SIN OCUPACION,M,33,20:15:00,2024,7/30/2024,MARTES,18:00-20:59,NOCHE,212,SOLTERO,UNIVERSITARIO,DELINCUENCIA,-76.5517132,3.4070537,N,N,N,5,Nivel 4
1538,31,Ciudad Talanga,21,CORTOPUNZANTE,SIN OCUPACION,F,34,22:28:00,2024,7/30/2024,MARTES,21:00-23:59,NOCHE,212,SIN ESTABLECER,SIN ESTABLECER,CONVIVENCIA,-76.46933858,3.433148776,S,N,N,1,Nivel 4
1539,31,Los Portales - Nuevo Rey,17,ARMA DE FUEGO,SIN OCUPACION,M,37,19:00:00,2024,7/31/2024,MIERCOLES,18:00-20:59,NOCHE,213,UNION LIBRE,SECUNDARIA,DELINCUENCIA,-76.53811242,3.39363132,N,N,N,5,Nivel 4
1540,31,Cristóbal Colón,10,ARMA DE FUEGO,SIN OCUPACION,M,27,12:45:00,2024,8/1/2024,JUEVES,12:00-14:59,TARDE,214,SIN ESTABLECER,SIN ESTABLECER,OTRO,-76.5278686,3.4208503,N,N,N,3,Nivel 4
1541,31,Municipal,8,ARMA DE FUEGO,MECANICO,M,29,15:15:00,2024,8/1/2024,JUEVES,15:00-17:59,TARDE,214,SOLTERO,SECUNDARIA,DELINCUENCIA,-76.51091406,3.449217935,N,N,N,3,Nivel 4
1542,31,Salomia,4,ARMA DE FUEGO,SIN OCUPACION,M,43,17:35:00,2024,8/1/2024,JUEVES,15:00-17:59,TARDE,214,SIN ESTABLECER,SIN ESTABLECER,DELINCUENCIA,-76.50491329,3.464147179,N,N,N,3,Nivel 4
1543,31,Ciudad Córdoba,15,OTRAS ARMAS,ALBAÑIL,M,30,2:35:00,2024,8/2/2024,VIERNES,00:00-02:59,MADRUGADA,215,SOLTERO,SECUNDARIA,CONVIVENCIA,-76.5054652,3.4014814,N,N,N,3,Nivel 4
1544,31,Brisas del Limonar,16,ARMA DE FUEGO,MECANICO,M,41,20:35:00,2024,8/2/2024,VIERNES,18:00-20:59,NOCHE,215,SIN ESTABLECER,SIN ESTABLECER,DELINCUENCIA,-76.52239139,3.401866285,N,N,N,2,Nivel 4
1545,31,El Piloto,3,ARMA DE FUEGO,SIN OCUPACION,M,30,11:10:00,2024,8/3/2024,SABADO,09:00-11:59,MAÑANA,216,SIN ESTABLECER,SIN ESTABLECER,DELINCUENCIA,-76.52187251,3.461930248,N,N,N,2,Nivel 4
1546,31,Torres de Comfandi,5,ARMA DE FUEGO,SIN OCUPACION,M,44,19:00:00,2024,8/3/2024,SABADO,18:00-20:59,NOCHE,216,SOLTERO,SECUNDARIA,DELINCUENCIA,-76.50005093,3.47581757,N,N,N,3,Nivel 4
1547,32,República de Israel,16,ARMA DE FUEGO,SIN OCUPACION,M,15,2:50:00,2024,8/4/2024,DOMINGO,00:00-02:59,MADRUGADA,217,SOLTERO,SECUNDARIA,CONVIVENCIA,-76.51189703,3.403215337,N,N,N,2,Nivel 4
1548,32,El Refugio,19,ARMA DE FUEGO,JARDINERO,M,25,6:53:00,2024,8/4/2024,DOMINGO,06:00-08:59,MAÑANA,217,SOLTERO,SECUNDARIA,DELINCUENCIA,-76.55406848,3.396883761,N,N,N,4,Nivel 4
1549,32,Champagnat,19,ARMA DE FUEGO,MOTORISTA,M,38,6:53:00,2024,8/4/2024,DOMINGO,06:00-08:59,MAÑANA,217,CASADO,SECUNDARIA,DELINCUENCIA,-76.53508246,3.421822671,N,N,N,4,Nivel 4
1550,32,El Refugio,19,ARMA DE FUEGO,SIN OCUPACION,M,14,6:53:00,2024,8/4/2024,DOMINGO,06:00-08:59,MAÑANA,217,SOLTERO,PRIMARIA,DELINCUENCIA,-76.55406848,3.396883761,N,N,N,4,Nivel 4
1551,32,El Vergel,13,ARMA DE FUEGO,SIN OCUPACION,M,22,11:27:00,2024,8/4/2024,DOMINGO,09:00-11:59,MAÑANA,217,SIN ESTABLECER,SECUNDARIA,OTRO,-76.50280915,3.41684774,N,N,N,1,Nivel 4
1552,32,El Poblado II,13,ARMA DE FUEGO,MENSAJERO,M,36,13:45:00,2024,8/4/2024,DOMINGO,12:00-14:59,TARDE,217,SOLTERO,SECUNDARIA,CONVIVENCIA,-76.48752801,3.419846944,N,N,N,2,Nivel 4
1553,32,Desepaz Invicali,21,ARMA DE FUEGO,CERRAJERO,M,24,14:10:00,2024,8/4/2024,DOMINGO,12:00-14:59,TARDE,217,UNION LIBRE,SECUNDARIA,DELINCUENCIA,-76.46346791,3.428383079,N,N,N,1,Nivel 4
1554,32,El Vallado,15,ARMA DE FUEGO,CERRAJERO,M,18,19:30:00,2024,8/4/2024,DOMINGO,18:00-20:59,NOCHE,217,SIN ESTABLECER,SECUNDARIA,DELINCUENCIA,-76.49551467,3.407303069,N,N,N,2,Nivel 4
1555,32,Aguablanca,11,ARMA DE FUEGO,OFICIOS VARIOS,M,31,15:30:00,2024,8/5/2024,LUNES,15:00-17:59,TARDE,218,UNION LIBRE,PRIMARIA,DELINCUENCIA,-76.51927588,3.434540043,N,N,N,3,Nivel 4
1556,32,Sector Alto de los Chorros,18,ARMA DE FUEGO,SIN OCUPACION,M,21,5:55:00,2024,8/6/2024,MARTES,03:00-05:59,MADRUGADA,219,SOLTERO,SECUNDARIA,DELINCUENCIA,-76.56132684,3.388296268,N,N,N,1,Nivel 4
1557,32,Ciudadela Floralia,6,ARMA DE FUEGO,ALBAÑIL,M,28,6:55:00,2024,8/6/2024,MARTES,06:00-08:59,MAÑANA,219,SOLTERO,SECUNDARIA,OTRO,-76.49329754,3.499509279,N,N,N,2,Nivel 4
1558,32,Siloé,20,ARMA DE FUEGO,ALBAÑIL,M,19,21:20:00,2024,8/6/2024,MARTES,21:00-23:59,NOCHE,219,SOLTERO,SECUNDARIA,DELINCUENCIA,-76.55622855,3.419974877,N,N,N,1,Nivel 4
1559,32,Caney,17,ARMA DE FUEGO,OFICIOS VARIOS,F,28,22:00:00,2024,8/6/2024,MARTES,21:00-23:59,NOCHE,219,UNION LIBRE,SECUNDARIA,DELINCUENCIA,-76.51990225,3.387783681,N,N,N,4,Nivel 4
1560,32,Caney,17,ARMA DE FUEGO,SIN OCUPACION,M,27,22:00:00,2024,8/6/2024,MARTES,21:00-23:59,NOCHE,219,SIN ESTABLECER,SIN ESTABLECER,DELINCUENCIA,-76.51990225,3.387783681,N,N,N,4,Nivel 4
1561,32,Potrero Grande,21,ARMA DE FUEGO,OFICIOS VARIOS,M,22,17:30:00,2024,8/7/2024,MIERCOLES,15:00-17:59,TARDE,220,SOLTERO,ILETRADO,DELINCUENCIA,-76.47122959,3.408318543,N,N,N,2,Nivel 4
1562,32,Potrero Grande,21,ARMA DE FUEGO,OFICIOS VARIOS,M,27,18:00:00,2024,8/7/2024,MIERCOLES,18:00-20:59,NOCHE,220,SOLTERO,SECUNDARIA,DELINCUENCIA,-76.46796973,3.408996689,N,N,N,2,Nivel 4
1563,32,El Retiro,15,ARMA DE FUEGO,SIN OCUPACION,M,18,23:40:00,2024,8/7/2024,MIERCOLES,21:00-23:59,NOCHE,220,SOLTERO,SECUNDARIA,DELINCUENCIA,-76.5003997,3.409839108,N,N,N,1,Nivel 4
1564,32,El Refugio,19,ARMA DE FUEGO,CONTADOR,M,34,19:00:00,2024,8/8/2024,JUEVES,18:00-20:59,NOCHE,221,UNION LIBRE,UNIVERSITARIO,DELINCUENCIA,-76.54989306,3.3981179,N,N,N,4,Nivel 4
1565,32,El Poblado II,13,ARMA DE FUEGO,SIN OCUPACION,M,19,22:05:00,2024,8/8/2024,JUEVES,21:00-23:59,NOCHE,221,SIN ESTABLECER,SIN ESTABLECER,DELINCUENCIA,-76.48993792,3.421513311,N,N,N,2,Nivel 4
1566,32,Prados de Oriente,11,OTRAS ARMAS,INTERNO CÁRCEL,M,27,10:30:00,2024,8/9/2024,VIERNES,09:00-11:59,MAÑANA,222,SOLTERO,SECUNDARIA,CONVIVENCIA,-76.51233685,3.433288564,N,N,N,3,Nivel 4
1567,32,Guayaquil,9,ARMA DE FUEGO,COMERCIANTE,M,61,13:35:00,2024,8/9/2024,VIERNES,12:00-14:59,TARDE,222,SIN ESTABLECER,SIN ESTABLECER,DELINCUENCIA,-76.52875163,3.441820756,N,N,N,3,Nivel 4
1568,32,Siloé,20,OTRAS ARMAS,SIN OCUPACION,F,17,8:27:00,2024,8/10/2024,SABADO,06:00-08:59,MAÑANA,223,SOLTERO,SECUNDARIA,DELINCUENCIA,-76.55660276,3.419435733,N,N,N,1,Nivel 4
1569,33,San Luis II,6,ARMA DE FUEGO,OFICIOS VARIOS,M,46,0:15:00,2024,8/11/2024,DOMINGO,00:00-02:59,MADRUGADA,224,CASADO,SECUNDARIA,DELINCUENCIA,-76.48620976,3.491479864,N,N,N,2,Nivel 4
1570,33,San Luis II,6,ARMA DE FUEGO,AMA DE CASA,F,29,0:15:00,2024,8/11/2024,DOMINGO,00:00-02:59,MADRUGADA,224,CASADO,SECUNDARIA,DELINCUENCIA,-76.48620976,3.491479864,N,N,N,2,Nivel 4
1571,33,Ulpiano Lloreda,13,ARMA DE FUEGO,OFICIOS VARIOS,M,21,5:51:00,2024,8/11/2024,DOMINGO,03:00-05:59,MADRUGADA,224,SOLTERO,SECUNDARIA,DELINCUENCIA,-76.49313386,3.4386013,N,N,N,2,Nivel 4
1572,33,CGTO. PANCE,53,ARMA DE FUEGO,SIN OCUPACION,M,28,11:30:00,2024,8/11/2024,DOMINGO,09:00-11:59,MAÑANA,224,CASADO,PRIMARIA,DELINCUENCIA,-76.5931537,3.346427309,N,N,N,2,Nivel 4
1573,33,Santa Fé,8,ARMA DE FUEGO,SIN OCUPACION,M,33,14:00:00,2024,8/11/2024,DOMINGO,12:00-14:59,TARDE,224,UNION LIBRE,PRIMARIA,DELINCUENCIA,-76.50386354,3.439647642,N,N,N,3,Nivel 4
1574,33,San Nicolás,3,ARMA DE FUEGO,OFICIOS VARIOS,F,28,14:44:00,2024,8/11/2024,DOMINGO,12:00-14:59,TARDE,224,CASADO,SECUNDARIA,OTRO,-76.52782183,3.454679204,N,N,N,2,Nivel 4
1575,33,El Vallado,15,ARMA DE FUEGO,DESEMPLEADO,M,25,23:01:00,2024,8/11/2024,DOMINGO,21:00-23:59,NOCHE,224,SOLTERO,PRIMARIA,OTRO,-76.49547039,3.406131135,N,N,N,2,Nivel 4
1576,33,El Jardín,11,ARMA DE FUEGO,VENDEDOR AMBULANTE,M,25,0:45:00,2024,8/12/2024,LUNES,00:00-02:59,MADRUGADA,225,UNION LIBRE,SECUNDARIA,OTRO,-76.51973726,3.427108029,N,N,N,3,Nivel 4
1577,33,Alfonso Bonilla Aragón,14,ARMA DE FUEGO,SIN OCUPACION,F,65,1:30:00,2024,8/12/2024,LUNES,00:00-02:59,MADRUGADA,225,SIN ESTABLECER,SIN ESTABLECER,OTRO,-76.48523796,3.424219796,N,N,N,1,Nivel 4
1578,33,CGTO. MONTEBELLO,64,ARMA DE FUEGO,SIN OCUPACION,M,33,1:38:00,2024,8/12/2024,LUNES,00:00-02:59,MADRUGADA,225,SIN ESTABLECER,SIN ESTABLECER,DELINCUENCIA,-76.54897145,3.484849725,N,N,N,2,Nivel 4
1579,33,El Cortijo,20,ARMA DE FUEGO,MECANICO,M,33,7:20:00,2024,8/12/2024,LUNES,06:00-08:59,MAÑANA,225,UNION LIBRE,SIN ESTABLECER,DELINCUENCIA,-76.5596344,3.415996521,N,N,N,2,Nivel 4
1580,33,Siloé,20,ARMA DE FUEGO,MOTORISTA,M,30,19:10:00,2024,8/12/2024,LUNES,18:00-20:59,NOCHE,225,CASADO,SECUNDARIA,DELINCUENCIA,-76.55295239,3.423363748,N,N,N,1,Nivel 4
1581,33,Mojica,15,ARMA DE FUEGO,OFICIOS VARIOS,M,47,20:30:00,2024,8/12/2024,LUNES,18:00-20:59,NOCHE,225,CASADO,SECUNDARIA,DELINCUENCIA,-76.48633275,3.413707231,N,N,N,1,Nivel 4
1582,33,Alfonso Bonilla Aragón,14,ARMA DE FUEGO,VENDEDOR AMBULANTE,M,27,20:55:00,2024,8/12/2024,LUNES,18:00-20:59,NOCHE,225,SOLTERO,SECUNDARIA,DELINCUENCIA,-76.48523796,3.424219796,N,N,N,1,Nivel 4
1583,33,San Nicolás,3,ARMA DE FUEGO,SIN OCUPACION,M,20,17:44:00,2024,8/13/2024,MARTES,15:00-17:59,TARDE,226,UNION LIBRE,SECUNDARIA,DELINCUENCIA,-76.52766836,3.454757857,N,N,N,2,Nivel 4
1584,33,Prados del Sur,18,CORTOPUNZANTE,AMA DE CASA,F,27,6:30:00,2024,8/14/2024,MIERCOLES,06:00-08:59,MAÑANA,227,UNION LIBRE,SECUNDARIA,CONVIVENCIA,-76.55394321,3.388683056,N,N,N,2,Nivel 4
1585,33,Los Comuneros I,15,OTRAS ARMAS,PELUQUERO,F,27,6:50:00,2024,8/14/2024,MIERCOLES,06:00-08:59,MAÑANA,227,SIN ESTABLECER,SECUNDARIA,OTRO,-76.49165135,3.408971736,N,N,N,2,Nivel 4
1586,33,Alfonso Lopez P. 3a Etapa,7,ARMA DE FUEGO,DESEMPLEADO,M,30,22:50:00,2024,8/14/2024,MIERCOLES,21:00-23:59,NOCHE,227,UNION LIBRE,SECUNDARIA,DELINCUENCIA,-76.4798646,3.4588822,N,N,N,3,Nivel 4
1587,33,José Manuel Marroquín I,14,ARMA DE FUEGO,OFICIOS VARIOS,M,33,8:12:00,2024,8/15/2024,JUEVES,06:00-08:59,MAÑANA,228,CASADO,ILETRADO,DELINCUENCIA,-76.47709339,3.418017059,N,N,N,2,Nivel 4
1588,33,Los Guaduales,6,ARMA DE FUEGO,OFICIOS VARIOS,F,29,12:10:00,2024,8/15/2024,JUEVES,12:00-14:59,TARDE,228,UNION LIBRE,PRIMARIA,DELINCUENCIA,-76.4965044,3.492125379,N,N,N,3,Nivel 4
1589,33,CGTO. LOS ANDES,56,ARMA DE FUEGO,SIN OCUPACION,M,29,17:50:00,2024,8/15/2024,JUEVES,15:00-17:59,TARDE,228,UNION LIBRE,SECUNDARIA,DELINCUENCIA,-76.57056904,3.413978108,N,N,N,1,Nivel 4
1590,33,El Jardín,11,ARMA DE FUEGO,OFICIOS VARIOS,M,37,20:45:00,2024,8/15/2024,JUEVES,18:00-20:59,NOCHE,228,SOLTERO,SECUNDARIA,DELINCUENCIA,-76.52008861,3.426980074,N,N,N,3,Nivel 4
1591,33,Promociones Populares B,14,ARMA DE FUEGO,ALBAÑIL,M,32,20:35:00,2024,8/16/2024,VIERNES,18:00-20:59,NOCHE,229,UNION LIBRE,PRIMARIA,DELINCUENCIA,-76.47222984,3.426300953,N,N,N,1,Nivel 4
1592,34,Sector Alto de los Chorros,18,ARMA DE FUEGO,DESEMPLEADO,M,25,22:50:00,2024,8/18/2024,DOMINGO,21:00-23:59,NOCHE,231,UNION LIBRE,SECUNDARIA,DELINCUENCIA,-76.56025609,3.389665725,N,N,N,1,Nivel 4
1593,34,Promociones Populares B,14,ARMA DE FUEGO,ALBAÑIL,M,42,0:10:00,2024,8/19/2024,LUNES,00:00-02:59,MADRUGADA,232,SOLTERO,SECUNDARIA,DELINCUENCIA,-76.46892541,3.427879226,N,N,N,1,Nivel 4
1594,34,San Fernando Nuevo,19,ARMA DE FUEGO,VENDEDOR,F,22,0:40:00,2024,8/19/2024,LUNES,00:00-02:59,MADRUGADA,232,SOLTERO,SECUNDARIA,CONVIVENCIA,-76.54304398,3.43160294,N,N,N,4,Nivel 4
1595,34,José Manuel Marroquín II,14,ARMA DE FUEGO,MOTORISTA,M,27,13:59:00,2024,8/19/2024,LUNES,12:00-14:59,TARDE,232,SOLTERO,SECUNDARIA,DELINCUENCIA,-76.48053888,3.429239421,N,N,N,2,Nivel 4
1596,34,Cañaverales - Los Samanes,17,ARMA DE FUEGO,JOYERO,M,26,0:15:00,2024,8/20/2024,MARTES,00:00-02:59,MADRUGADA,233,UNION LIBRE,SECUNDARIA,DELINCUENCIA,-76.52310917,3.403482535,N,N,N,3,Nivel 4
1597,34,Pizamos II,21,ARMA DE FUEGO,ALBAÑIL,M,26,12:50:00,2024,8/20/2024,MARTES,12:00-14:59,TARDE,233,UNION LIBRE,PRIMARIA,DELINCUENCIA,-76.48877,3.31504,N,N,N,1,Nivel 4
1598,34,Nueva Floresta,12,ARMA DE FUEGO,PRESTAMISTA,M,24,21:59:00,2024,8/20/2024,MARTES,21:00-23:59,NOCHE,233,SOLTERO,SECUNDARIA,DELINCUENCIA,-76.4982375,3.4345645,N,N,N,3,Nivel 4
1599,34,Nueva Floresta,12,ARMA DE FUEGO,OFICIOS VARIOS,M,25,21:59:00,2024,8/20/2024,MARTES,21:00-23:59,NOCHE,233,UNION LIBRE,SECUNDARIA,DELINCUENCIA,-76.4982375,3.4345645,N,N,N,3,Nivel 4
1600,34,Versalles,2,OTRAS ARMAS,SIN OCUPACION,M,42,6:08:00,2024,8/21/2024,MIERCOLES,06:00-08:59,MAÑANA,234,SIN ESTABLECER,SIN ESTABLECER,DELINCUENCIA,-76.53060275,3.460644059,N,N,N,5,Nivel 4
1601,34,Santa Fé,8,ARMA DE FUEGO,VENDEDOR AMBULANTE,M,53,16:23:00,2024,8/21/2024,MIERCOLES,15:00-17:59,TARDE,234,CASADO,SECUNDARIA,DELINCUENCIA,-76.506188,3.440212,N,N,N,3,Nivel 4
1602,34,Pizamos III - Las Dalias,21,ARMA DE FUEGO,ESTUDIANTE,M,17,21:50:00,2024,8/21/2024,MIERCOLES,21:00-23:59,NOCHE,234,SOLTERO,SECUNDARIA,DELINCUENCIA,-76.47491077,3.410134166,N,N,N,1,Nivel 4
1603,34,Villamercedes I - Villa Luz - Las Garzas,21,ARMA DE FUEGO,VENDEDOR AMBULANTE,M,19,23:50:00,2024,8/21/2024,MIERCOLES,21:00-23:59,NOCHE,234,SOLTERO,SECUNDARIA,DELINCUENCIA,-76.47640306,3.4078952,N,N,N,1,Nivel 4
1604,34,San Juan Bosco,3,ARMA DE FUEGO,AMA DE CASA,F,48,0:25:00,2024,8/22/2024,JUEVES,00:00-02:59,MADRUGADA,235,SIN ESTABLECER,SIN ESTABLECER,DELINCUENCIA,-76.5329269,3.4449006,N,N,N,3,Nivel 4
1605,34,CGTO. LA CASTILLA,62,CORTOPUNZANTE,SIN OCUPACION,M,61,9:30:00,2024,8/22/2024,JUEVES,09:00-11:59,MAÑANA,235,SIN ESTABLECER,SIN ESTABLECER,DELINCUENCIA,-76.56999047,3.490847959,N,N,N,2,Nivel 4
1606,34,Industrial,8,ARMA DE FUEGO,MECANICO,M,39,17:04:00,2024,8/22/2024,JUEVES,15:00-17:59,TARDE,235,UNION LIBRE,SECUNDARIA,DELINCUENCIA,-76.51198297,3.454844115,N,N,N,2,Nivel 4
1607,34,Lili,17,ARMA DE FUEGO,VENDEDOR,M,33,19:00:00,2024,8/22/2024,JUEVES,18:00-20:59,NOCHE,235,SOLTERO,SECUNDARIA,OTRO,-76.51654606,3.368184008,N,N,N,4,Nivel 4
1608,34,Terrón Colorado,1,ARMA DE FUEGO,OFICIOS VARIOS,M,32,22:45:00,2024,8/22/2024,JUEVES,21:00-23:59,NOCHE,235,SIN ESTABLECER,SIN ESTABLECER,DELINCUENCIA,-76.56868618,3.451479348,N,N,N,2,Nivel 4
1609,34,El Jordán,18,ARMA DE FUEGO,PELUQUERO,M,23,18:40:00,2024,8/23/2024,VIERNES,18:00-20:59,NOCHE,236,UNION LIBRE,SECUNDARIA,DELINCUENCIA,-76.5524357,3.3757325,N,N,N,2,Nivel 4
1610,34,Caney,17,ARMA DE FUEGO,CONTADOR,M,30,20:50:00,2024,8/23/2024,VIERNES,18:00-20:59,NOCHE,236,CASADO,UNIVERSITARIO,DELINCUENCIA,-76.52449027,3.37933094,N,N,N,4,Nivel 4
1611,34,CGTO. EL HORMIGUERO,52,ARMA DE FUEGO,OFICIOS VARIOS,M,27,17:15:00,2024,8/24/2024,SABADO,15:00-17:59,TARDE,237,SOLTERO,SECUNDARIA,OTRO,-76.48457101,3.31355588,N,N,N,2,Nivel 4
1612,34,La Hacienda,17,ARMA DE FUEGO,AUXILIAR SISTEMAS,M,29,22:05:00,2024,8/24/2024,SABADO,21:00-23:59,NOCHE,237,UNION LIBRE,SECUNDARIA,DELINCUENCIA,-76.52735556,3.397293438,N,N,N,5,Nivel 4
1613,34,Puerta del Sol,14,ARMA DE FUEGO,SIN OCUPACION,M,18,23:00:00,2024,8/24/2024,SABADO,21:00-23:59,NOCHE,237,SOLTERO,SECUNDARIA,DELINCUENCIA,-76.47314869,3.431818858,N,N,N,1,Nivel 4
1614,35,Las Orquídeas,14,ARMA DE FUEGO,AUXILIAR SISTEMAS,M,23,0:40:00,2024,8/25/2024,DOMINGO,00:00-02:59,MADRUGADA,238,UNION LIBRE,SECUNDARIA,CONVIVENCIA,-76.4772748,3.4139821,N,N,N,1,Nivel 4
1615,35,Desepaz Invicali,21,CORTOPUNZANTE,ALBAÑIL,M,35,4:20:00,2024,8/25/2024,DOMINGO,03:00-05:59,MADRUGADA,238,SOLTERO,PRIMARIA,CONVIVENCIA,-76.46261775,3.428509303,N,N,N,1,Nivel 4
1616,35,Belalcázar,9,CORTOPUNZANTE,DESEMPLEADO,M,38,15:00:00,2024,8/25/2024,DOMINGO,15:00-17:59,TARDE,238,UNION LIBRE,SECUNDARIA,DELINCUENCIA,-76.52288716,3.441867423,N,N,N,3,Nivel 4
1617,35,Fepicol,7,OTRAS ARMAS,PENSIONADO,M,76,15:00:00,2024,8/25/2024,DOMINGO,15:00-17:59,TARDE,238,UNION LIBRE,UNIVERSITARIO,DELINCUENCIA,-76.48733564,3.462557525,N,N,N,3,Nivel 4
1618,35,Antonio Nariño,16,ARMA DE FUEGO,OPERARIO,M,31,14:07:00,2024,8/26/2024,LUNES,12:00-14:59,TARDE,239,UNION LIBRE,SECUNDARIA,DELINCUENCIA,-76.50589569,3.415988616,N,N,N,2,Nivel 4
1619,35,Ulpiano Lloreda,13,ARMA DE FUEGO,VENDEDOR AMBULANTE,M,22,17:37:00,2024,8/26/2024,LUNES,15:00-17:59,TARDE,239,UNION LIBRE,PRIMARIA,DELINCUENCIA,-76.49219125,3.440287319,N,N,N,2,Nivel 4
1620,35,Industrial,8,ARMA DE FUEGO,SIN OCUPACION,F,39,7:00:00,2024,8/27/2024,MARTES,06:00-08:59,MAÑANA,240,SOLTERO,PRIMARIA,DELINCUENCIA,-76.51764323,3.453258585,N,N,N,2,Nivel 4
1621,35,Meléndez,18,ARMA DE FUEGO,OFICIOS VARIOS,M,31,8:09:00,2024,8/27/2024,MARTES,06:00-08:59,MAÑANA,240,UNION LIBRE,SECUNDARIA,DELINCUENCIA,-76.5452105,3.3793159,N,N,N,3,Nivel 4
1622,35,Los Comuneros I,15,ARMA DE FUEGO,AMA DE CASA,F,24,19:52:00,2024,8/27/2024,MARTES,18:00-20:59,NOCHE,240,SOLTERO,SECUNDARIA,DELINCUENCIA,-76.49048417,3.409646131,N,N,N,2,Nivel 4
1623,35,República de Israel,16,ARMA DE FUEGO,ESTUDIANTE,M,15,21:40:00,2024,8/27/2024,MARTES,21:00-23:59,NOCHE,240,SOLTERO,PRIMARIA,DELINCUENCIA,-76.51020915,3.403449035,N,N,N,2,Nivel 4
1624,35,Lourdes,18,ARMA DE FUEGO,SIN OCUPACION,M,40,5:50:00,2024,8/28/2024,MIERCOLES,03:00-05:59,MADRUGADA,241,SIN ESTABLECER,SIN ESTABLECER,CONVIVENCIA,-76.55723517,3.392528283,N,N,N,2,Nivel 4
1625,35,Doce de Octubre,12,ARMA DE FUEGO,MOTORISTA,M,48,19:54:00,2024,8/28/2024,MIERCOLES,18:00-20:59,NOCHE,241,UNION LIBRE,SECUNDARIA,DELINCUENCIA,-76.50275583,3.429914195,N,N,N,3,Nivel 4
1626,35,Los Robles,13,ARMA DE FUEGO,ALBAÑIL,M,22,20:40:00,2024,8/28/2024,MIERCOLES,18:00-20:59,NOCHE,241,SIN ESTABLECER,PRIMARIA,DELINCUENCIA,-76.49518747,3.420437025,N,N,N,2,Nivel 4
1627,35,Saavedra Galindo,8,ARMA DE FUEGO,OFICIOS VARIOS,M,37,17:40:00,2024,8/29/2024,JUEVES,15:00-17:59,TARDE,242,SOLTERO,SECUNDARIA,DELINCUENCIA,-76.51175573,3.442694265,N,N,N,2,Nivel 4
1628,35,Antonio Nariño,16,ARMA DE FUEGO,INTERNO CÁRCEL,M,53,12:50:00,2024,8/30/2024,VIERNES,12:00-14:59,TARDE,243,UNION LIBRE,PRIMARIA,DELINCUENCIA,-76.50647877,3.416388689,N,N,N,2,Nivel 4
1629,35,Cañaverales - Los Samanes,17,ARMA DE FUEGO,SIN OCUPACION,M,21,22:15:00,2024,8/30/2024,VIERNES,21:00-23:59,NOCHE,243,SOLTERO,SECUNDARIA,OTRO,-76.52304917,3.402540856,N,N,N,3,Nivel 4
1630,35,Alfonso Bonilla Aragón,14,ARMA DE FUEGO,OFICIOS VARIOS,M,29,19:03:00,2024,8/31/2024,SABADO,18:00-20:59,NOCHE,244,UNION LIBRE,SECUNDARIA,DELINCUENCIA,-76.48280983,3.417631107,N,N,N,1,Nivel 4
1631,36,Pizamos I,21,ARMA DE FUEGO,ALBAÑIL,M,29,4:10:00,2024,9/1/2024,DOMINGO,03:00-05:59,MADRUGADA,245,SOLTERO,PRIMARIA,DELINCUENCIA,-76.47603524,3.401611794,N,N,N,1,Nivel 4
1632,36,Barrio Obrero,9,ARMA DE FUEGO,MECANICO,M,35,11:30:00,2024,9/1/2024,DOMINGO,09:00-11:59,MAÑANA,245,CASADO,SECUNDARIA,DELINCUENCIA,-76.52033949,3.446358848,N,N,N,2,Nivel 4
1633,36,El Rodeo,12,ARMA DE FUEGO,SIN OCUPACION,M,26,16:50:00,2024,9/1/2024,DOMINGO,15:00-17:59,TARDE,245,SIN ESTABLECER,SIN ESTABLECER,DELINCUENCIA,-76.50194281,3.436804022,N,N,N,2,Nivel 4
1634,36,Los Comuneros II,13,ARMA DE FUEGO,SIN OCUPACION,M,31,19:30:00,2024,9/1/2024,DOMINGO,18:00-20:59,NOCHE,245,SIN ESTABLECER,SIN ESTABLECER,DELINCUENCIA,-76.48915867,3.424126053,N,N,N,2,Nivel 4
1635,36,Alfonso Lopez P. 1a Etapa,7,ARMA DE FUEGO,SIN OCUPACION,M,51,0:00:00,2024,9/2/2024,LUNES,00:00-02:59,MADRUGADA,246,SIN ESTABLECER,SIN ESTABLECER,CONVIVENCIA,-76.4811354,3.465510115,N,N,N,2,Nivel 4
1636,36,El Retiro,15,ARMA DE FUEGO,OFICIOS VARIOS,M,19,9:58:00,2024,9/2/2024,LUNES,09:00-11:59,MAÑANA,246,SIN ESTABLECER,SIN ESTABLECER,DELINCUENCIA,-76.49834432,3.408984873,N,N,N,1,Nivel 4
1637,36,El Retiro,15,ARMA DE FUEGO,OFICIOS VARIOS,M,19,9:58:00,2024,9/2/2024,LUNES,09:00-11:59,MAÑANA,246,SIN ESTABLECER,SIN ESTABLECER,DELINCUENCIA,-76.49834432,3.408984873,N,N,N,1,Nivel 4
1638,36,República de Israel,16,ARMA DE FUEGO,MENSAJERO,M,34,20:10:00,2024,9/2/2024,LUNES,18:00-20:59,NOCHE,246,UNION LIBRE,SECUNDARIA,DELINCUENCIA,-76.51372346,3.409756204,N,N,N,2,Nivel 4
1639,36,Ciudad Talanga,21,ARMA DE FUEGO,SIN OCUPACION,F,18,21:50:00,2024,9/2/2024,LUNES,21:00-23:59,NOCHE,246,SIN ESTABLECER,SIN ESTABLECER,DELINCUENCIA,-76.4700455,3.4335446,N,N,N,1,Nivel 4
1640,36,Jorge Isaacs,4,OTRAS ARMAS,RECICLADOR,M,30,5:15:00,2024,9/3/2024,MARTES,03:00-05:59,MADRUGADA,247,SIN ESTABLECER,SIN ESTABLECER,OTRO,-76.51849395,3.454616107,N,N,N,2,Nivel 4
1641,36,Jorge Isaacs,4,CORTOPUNZANTE,RECICLADOR,M,30,5:15:00,2024,9/3/2024,MARTES,03:00-05:59,MADRUGADA,247,SIN ESTABLECER,SIN ESTABLECER,OTRO,-76.51849395,3.454616107,N,N,N,2,Nivel 4
1642,36,Brisas del Limonar,16,CORTOPUNZANTE,SIN OCUPACION,M,64,6:50:00,2024,9/3/2024,MARTES,06:00-08:59,MAÑANA,247,SIN ESTABLECER,SIN ESTABLECER,CONVIVENCIA,-76.52207766,3.403294681,N,N,N,2,Nivel 4
1643,36,CGTO. LOS ANDES,56,ARMA DE FUEGO,VIGILANTE,M,41,17:20:00,2024,9/3/2024,MARTES,15:00-17:59,TARDE,247,SOLTERO,SECUNDARIA,DELINCUENCIA,-76.56743557,3.411139004,N,N,N,1,Nivel 4
1644,36,Mariano Ramos,16,ARMA DE FUEGO,OPERARIO,M,29,21:05:00,2024,9/4/2024,MIERCOLES,21:00-23:59,NOCHE,248,UNION LIBRE,SECUNDARIA,DELINCUENCIA,-76.52045139,3.403139905,N,N,N,2,Nivel 4
1645,36,José María Córdoba,11,ARMA DE FUEGO,RECICLADOR,M,25,1:06:00,2024,9/5/2024,JUEVES,00:00-02:59,MADRUGADA,249,SOLTERO,SECUNDARIA,DELINCUENCIA,-76.51002033,3.42225023,N,N,N,3,Nivel 4
1646,36,Manuela Beltrán,14,CORTOPUNZANTE,SIN OCUPACION,F,48,13:40:00,2024,9/6/2024,VIERNES,12:00-14:59,TARDE,250,SIN ESTABLECER,SIN ESTABLECER,CONVIVENCIA,-76.47301766,3.424687293,N,N,N,1,Nivel 4
1647,36,Siloé,20,ARMA DE FUEGO,OFICIOS VARIOS,M,43,18:14:00,2024,9/6/2024,VIERNES,18:00-20:59,NOCHE,250,UNION LIBRE,SECUNDARIA,DELINCUENCIA,-76.55543904,3.424033099,N,N,N,1,Nivel 4
1648,37,Siloé,20,ARMA DE FUEGO,NO APLICA,M,16,0:20:00,2024,9/8/2024,DOMINGO,00:00-02:59,MADRUGADA,252,SIN ESTABLECER,SECUNDARIA,DELINCUENCIA,-76.55329038,3.420524183,N,N,N,1,Nivel 4
1649,37,Porvenir,4,ARMA DE FUEGO,DESEMPLEADO,M,28,5:15:00,2024,9/8/2024,DOMINGO,03:00-05:59,MADRUGADA,252,SOLTERO,SECUNDARIA,DELINCUENCIA,-76.51467752,3.458819919,N,N,N,2,Nivel 4
1650,37,Santo Domingo,10,ARMA DE FUEGO,AGENTE DE POLICIA,M,37,1:30:00,2024,9/9/2024,LUNES,00:00-02:59,MADRUGADA,253,SEPARADO,PRIMARIA,CONVIVENCIA,-76.53330223,3.411980644,N,N,N,3,Nivel 4
1651,37,El Cortijo,20,ARMA DE FUEGO,COMERCIANTE,M,36,13:50:00,2024,9/9/2024,LUNES,12:00-14:59,TARDE,253,UNION LIBRE,SECUNDARIA,DELINCUENCIA,-76.55844469,3.416120859,N,N,N,2,Nivel 4
1652,37,Los Guayacanes,5,ARMA DE FUEGO,TAXISTA,M,67,17:30:00,2024,9/9/2024,LUNES,15:00-17:59,TARDE,253,UNION LIBRE,SECUNDARIA,DELINCUENCIA,-76.48732607,3.470073844,N,N,N,3,Nivel 4
1653,37,Bello Horizonte,12,ARMA DE FUEGO,COMERCIANTE,M,32,20:45:00,2024,9/10/2024,MARTES,18:00-20:59,NOCHE,254,UNION LIBRE,SECUNDARIA,DELINCUENCIA,-76.50277194,3.433564388,N,N,N,3,Nivel 4
1654,37,El Lido,19,ARMA DE FUEGO,COMERCIANTE,M,36,22:30:00,2024,9/10/2024,MARTES,21:00-23:59,NOCHE,254,UNION LIBRE,PRIMARIA,DELINCUENCIA,-76.55154016,3.416765486,N,N,N,5,Nivel 4
1655,37,San Nicolás,3,OTRAS ARMAS,SIN OCUPACION,M,35,0:20:00,2024,9/11/2024,MIERCOLES,00:00-02:59,MADRUGADA,255,SIN ESTABLECER,SIN ESTABLECER,OTRO,-76.52307686,3.454576316,N,N,N,2,Nivel 4
1656,37,Los Comuneros I,15,ARMA DE FUEGO,MECANICO,M,28,23:30:00,2024,9/11/2024,MIERCOLES,21:00-23:59,NOCHE,255,UNION LIBRE,PRIMARIA,DELINCUENCIA,-76.49199404,3.407812738,N,N,N,2,Nivel 4
1657,37,El Poblado II,13,ARMA DE FUEGO,DESEMPLEADO,M,22,9:00:00,2024,9/12/2024,JUEVES,09:00-11:59,MAÑANA,256,SIN ESTABLECER,SIN ESTABLECER,DELINCUENCIA,-76.48883361,3.423727646,N,N,N,2,Nivel 4
1658,37,José Manuel Marroquín I,14,ARMA DE FUEGO,DESEMPLEADO,M,20,16:23:00,2024,9/12/2024,JUEVES,15:00-17:59,TARDE,256,SIN ESTABLECER,SIN ESTABLECER,DELINCUENCIA,-76.48295797,3.438262314,N,N,N,2,Nivel 4
1659,37,Ciudadela Floralia,6,ARMA DE FUEGO,OBRERO,M,33,17:40:00,2024,9/12/2024,JUEVES,15:00-17:59,TARDE,256,SIN ESTABLECER,SIN ESTABLECER,DELINCUENCIA,-76.48874951,3.497135291,N,N,N,2,Nivel 4
1660,37,Barrio Obrero,9,ARMA DE FUEGO,VENDEDOR AMBULANTE,F,51,7:10:00,2024,9/13/2024,VIERNES,06:00-08:59,MAÑANA,257,SOLTERO,PRIMARIA,DELINCUENCIA,-76.52130914,3.446955856,N,N,N,2,Nivel 4
1661,37,Lili,17,ARMA DE FUEGO,OFICIOS VARIOS,M,35,15:42:00,2024,9/13/2024,VIERNES,15:00-17:59,TARDE,257,UNION LIBRE,SIN ESTABLECER,DELINCUENCIA,-76.52075725,3.374054563,N,N,N,4,Nivel 4
1662,37,Sucre,9,ARMA DE FUEGO,ZAPATERO,M,63,17:56:00,2024,9/13/2024,VIERNES,15:00-17:59,TARDE,257,SEPARADO,SECUNDARIA,DELINCUENCIA,-76.5256347,3.448952045,N,N,N,1,Nivel 4
1663,37,Prados del Limonar,17,ARMA DE FUEGO,MOTORISTA,M,34,18:33:00,2024,9/13/2024,VIERNES,18:00-20:59,NOCHE,257,SOLTERO,PRIMARIA,DELINCUENCIA,-76.53020149,3.389659024,N,N,N,4,Nivel 4
1664,37,El Ingenio,17,CORTOPUNZANTE,OFICIOS VARIOS,M,24,20:27:00,2024,9/13/2024,VIERNES,18:00-20:59,NOCHE,257,SIN ESTABLECER,SIN ESTABLECER,OTRO,-76.53227442,3.385185913,N,N,N,5,Nivel 4
1665,37,Ciudad Córdoba,15,ARMA DE FUEGO,NO APLICA,M,15,21:50:00,2024,9/13/2024,VIERNES,21:00-23:59,NOCHE,257,UNION LIBRE,SIN ESTABLECER,CONVIVENCIA,-76.50865524,3.399297145,N,N,N,3,Nivel 4
1666,37,Ciudad Córdoba,15,ARMA DE FUEGO,DESEMPLEADO,M,30,22:20:00,2024,9/13/2024,VIERNES,21:00-23:59,NOCHE,257,SOLTERO,SIN ESTABLECER,DELINCUENCIA,-76.50567592,3.405725992,N,N,N,3,Nivel 4
1667,37,El Guabal,10,ARMA DE FUEGO,OFICIOS VARIOS,M,43,20:10:00,2024,9/14/2024,SABADO,18:00-20:59,NOCHE,258,SOLTERO,SECUNDARIA,DELINCUENCIA,-76.52487381,3.418478655,N,N,N,3,Nivel 4
1668,37,Unión de Vivienda Popular,16,ARMA DE FUEGO,MOTORISTA,M,19,23:06:00,2024,9/14/2024,SABADO,21:00-23:59,NOCHE,258,SOLTERO,SECUNDARIA,DELINCUENCIA,-76.50745676,3.410186495,N,N,N,2,Nivel 4
1669,38,Horizontes,18,ARMA DE FUEGO,VENDEDOR AMBULANTE,M,45,0:00:00,2024,9/15/2024,DOMINGO,00:00-02:59,MADRUGADA,259,SEPARADO,SECUNDARIA,DELINCUENCIA,-76.544488,3.3737785,N,N,N,3,Nivel 4
1670,38,Alto Nápoles,18,ARMA DE FUEGO,VIGILANTE,M,27,2:04:00,2024,9/15/2024,DOMINGO,00:00-02:59,MADRUGADA,259,SOLTERO,PRIMARIA,DELINCUENCIA,-76.56027622,3.384948293,N,N,N,1,Nivel 4
1671,38,El Cortijo,20,ARMA DE FUEGO,ESTUDIANTE,M,19,3:15:00,2024,9/15/2024,DOMINGO,03:00-05:59,MADRUGADA,259,UNION LIBRE,SECUNDARIA,DELINCUENCIA,-76.55899543,3.416007214,N,N,N,2,Nivel 4
1672,38,Lleras Camargo,20,ARMA DE FUEGO,OFICIOS VARIOS,M,18,5:00:00,2024,9/15/2024,DOMINGO,03:00-05:59,MADRUGADA,259,SOLTERO,SECUNDARIA,DELINCUENCIA,-76.56268979,3.420302928,N,N,N,1,Nivel 4
1673,38,Lleras Camargo,20,ARMA DE FUEGO,SIN OCUPACION,M,20,5:00:00,2024,9/15/2024,DOMINGO,03:00-05:59,MADRUGADA,259,SOLTERO,SECUNDARIA,DELINCUENCIA,-76.56268979,3.420302928,N,N,N,1,Nivel 4
1674,38,Benjamín Herrera,8,OTRAS ARMAS,MECANICO,M,50,20:50:00,2024,9/15/2024,DOMINGO,18:00-20:59,NOCHE,259,UNION LIBRE,SECUNDARIA,OTRO,-76.51728224,3.448753959,N,N,N,3,Nivel 4
1675,38,Potrero Grande,21,ARMA DE FUEGO,ALBAÑIL,M,40,23:30:00,2024,9/15/2024,DOMINGO,21:00-23:59,NOCHE,259,UNION LIBRE,SECUNDARIA,DELINCUENCIA,-76.47068374,3.405154953,N,N,N,2,Nivel 4
1676,38,CGTO. MONTEBELLO,64,ARMA DE FUEGO,MESERO,M,27,0:05:00,2024,9/16/2024,LUNES,00:00-02:59,MADRUGADA,260,UNION LIBRE,SECUNDARIA,DELINCUENCIA,-76.55269135,3.483042203,N,N,N,2,Nivel 4
1677,38,Tierra Blanca,20,ARMA DE FUEGO,ALBAÑIL,M,32,0:20:00,2024,9/16/2024,LUNES,00:00-02:59,MADRUGADA,260,SOLTERO,SECUNDARIA,DELINCUENCIA,-76.5589752,3.42057626,N,N,N,1,Nivel 4
1678,38,El Poblado I,13,ARMA DE FUEGO,ALBAÑIL,M,27,5:08:00,2024,9/16/2024,LUNES,03:00-05:59,MADRUGADA,260,SOLTERO,SECUNDARIA,DELINCUENCIA,-76.49773722,3.420418112,N,N,N,2,Nivel 4
1679,38,Potrero Grande,21,ARMA DE FUEGO,SIN OCUPACION,M,40,15:00:00,2024,9/17/2024,MARTES,15:00-17:59,TARDE,261,SIN ESTABLECER,SIN ESTABLECER,DELINCUENCIA,-76.46901753,3.408351928,N,N,N,2,Nivel 4
1680,38,Caldas,18,ARMA DE FUEGO,SIN OCUPACION,M,23,19:10:00,2024,9/17/2024,MARTES,18:00-20:59,NOCHE,261,CASADO,SECUNDARIA,DELINCUENCIA,-76.54916008,3.394049711,N,N,N,3,Nivel 4
1681,38,Antonio Nariño,16,ARMA DE FUEGO,ESTUDIANTE,M,14,19:35:00,2024,9/18/2024,MIERCOLES,18:00-20:59,NOCHE,262,SOLTERO,SECUNDARIA,DELINCUENCIA,-76.50341898,3.410779002,N,N,N,2,Nivel 4
1682,38,Lourdes,18,ARMA DE FUEGO,VENDEDOR AMBULANTE,M,34,23:40:00,2024,9/18/2024,MIERCOLES,21:00-23:59,NOCHE,262,SOLTERO,SECUNDARIA,DELINCUENCIA,-76.55668306,3.392565962,N,N,N,2,Nivel 4
1683,38,El Poblado I,13,ARMA DE FUEGO,MOTORISTA,M,26,2:08:00,2024,9/19/2024,JUEVES,00:00-02:59,MADRUGADA,263,UNION LIBRE,SECUNDARIA,DELINCUENCIA,-76.49668474,3.419454124,N,N,N,2,Nivel 4
1684,38,Petecuy Segunda Etapa,6,ARMA DE FUEGO,MECANICO,M,33,13:05:00,2024,9/19/2024,JUEVES,12:00-14:59,TARDE,263,SOLTERO,PRIMARIA,CONVIVENCIA,-76.48184594,3.481581313,N,N,N,2,Nivel 4
1685,38,Potrero Grande,21,ARMA DE FUEGO,RECICLADOR,M,23,21:05:00,2024,9/19/2024,JUEVES,21:00-23:59,NOCHE,263,UNION LIBRE,PRIMARIA,DELINCUENCIA,-76.47101452,3.408076564,N,N,N,2,Nivel 4
1686,38,Santa Elena,10,ARMA DE FUEGO,VENDEDOR,M,56,21:10:00,2024,9/19/2024,JUEVES,21:00-23:59,NOCHE,263,CASADO,TECNOLOGO,DELINCUENCIA,-76.52424972,3.4296399,N,N,N,3,Nivel 4
1687,38,Sucre,9,CORTOPUNZANTE,ALBAÑIL,M,25,3:30:00,2024,9/20/2024,VIERNES,03:00-05:59,MADRUGADA,264,SOLTERO,SECUNDARIA,CONVIVENCIA,-76.52171415,3.445050245,N,N,N,1,Nivel 4
1688,38,Los Comuneros II,13,ARMA DE FUEGO,ESTUDIANTE,M,15,1:30:00,2024,9/21/2024,SABADO,00:00-02:59,MADRUGADA,265,SIN ESTABLECER,SIN ESTABLECER,DELINCUENCIA,-76.49651805,3.426804912,N,N,N,2,Nivel 4
1689,38,José Manuel Marroquín I,14,ARMA DE FUEGO,SIN OCUPACION,M,45,13:50:00,2024,9/21/2024,SABADO,12:00-14:59,TARDE,265,CASADO,SECUNDARIA,DELINCUENCIA,-76.4776217,3.4260055,N,N,N,2,Nivel 4
1690,38,Pizamos I,21,ARMA DE FUEGO,VENDEDOR,M,22,19:30:00,2024,9/21/2024,SABADO,18:00-20:59,NOCHE,265,SOLTERO,SIN ESTABLECER,DELINCUENCIA,-76.48877,3.31504,N,N,N,1,Nivel 4
1691,39,San Pedro Claver,11,ARMA DE FUEGO,OFICIOS VARIOS,M,28,2:20:00,2024,9/22/2024,DOMINGO,00:00-02:59,MADRUGADA,266,SOLTERO,SECUNDARIA,DELINCUENCIA,-76.5053071,3.423780519,N,N,N,2,Nivel 4
1692,39,San Pedro Claver,11,CORTOPUNZANTE,OFICIOS VARIOS,M,55,12:10:00,2024,9/22/2024,DOMINGO,12:00-14:59,TARDE,266,UNION LIBRE,PRIMARIA,CONVIVENCIA,-76.50337945,3.424199621,N,N,N,2,Nivel 4
1693,39,Charco Azul,13,CORTOPUNZANTE,PINTOR,M,35,13:21:00,2024,9/22/2024,DOMINGO,12:00-14:59,TARDE,266,SOLTERO,SECUNDARIA,CONVIVENCIA,-76.48639735,3.438980046,N,N,N,1,Nivel 4
1694,39,Valle Grande,21,ARMA DE FUEGO,OFICIOS VARIOS,M,27,15:20:00,2024,9/22/2024,DOMINGO,15:00-17:59,TARDE,266,UNION LIBRE,SECUNDARIA,DELINCUENCIA,-76.46830896,3.440075063,N,N,N,2,Nivel 4
1695,39,Manuela Beltrán,14,ARMA DE FUEGO,ESTUDIANTE,M,19,20:34:00,2024,9/22/2024,DOMINGO,18:00-20:59,NOCHE,266,SOLTERO,SECUNDARIA,DELINCUENCIA,-76.47197233,3.415974127,N,N,N,1,Nivel 4
1696,39,Los Comuneros I,15,ARMA DE FUEGO,ALBAÑIL,M,20,3:00:00,2024,9/23/2024,LUNES,03:00-05:59,MADRUGADA,267,UNION LIBRE,SECUNDARIA,DELINCUENCIA,-76.49406732,3.407747176,N,N,N,2,Nivel 4
1697,39,Caney,17,ARMA DE FUEGO,OFICIOS VARIOS,M,76,10:16:00,2024,9/23/2024,LUNES,09:00-11:59,MAÑANA,267,SIN ESTABLECER,SIN ESTABLECER,DELINCUENCIA,-76.51656072,3.385587596,N,N,N,4,Nivel 4
1698,39,Caney,17,ARMA DE FUEGO,SUPERVISOR,M,58,19:50:00,2024,9/23/2024,LUNES,18:00-20:59,NOCHE,267,UNION LIBRE,SECUNDARIA,DELINCUENCIA,-76.51659641,3.381958918,N,N,N,4,Nivel 4
1699,39,Laureano Gómez,15,ARMA DE FUEGO,OFICIOS VARIOS,M,19,13:50:00,2024,9/24/2024,MARTES,12:00-14:59,TARDE,268,SOLTERO,SECUNDARIA,DELINCUENCIA,-76.49496108,3.416380798,N,N,N,1,Nivel 4
1700,39,Desepaz Invicali,21,ARMA DE FUEGO,MOTORISTA,M,22,18:21:00,2024,9/24/2024,MARTES,18:00-20:59,NOCHE,268,SOLTERO,SECUNDARIA,DELINCUENCIA,-76.46235591,3.426883146,N,N,N,1,Nivel 4
1701,39,San Pascual,3,ARMA DE FUEGO,OFICIOS VARIOS,M,29,22:40:00,2024,9/24/2024,MARTES,21:00-23:59,NOCHE,268,UNION LIBRE,SECUNDARIA,DELINCUENCIA,-76.52706792,3.445860222,N,N,N,1,Nivel 4
1702,39,Sector Alto de los Chorros,18,CORTOPUNZANTE,ALBAÑIL,M,24,23:00:00,2024,9/24/2024,MARTES,21:00-23:59,NOCHE,268,SOLTERO,SECUNDARIA,DELINCUENCIA,-76.56060889,3.388410913,N,N,N,1,Nivel 4
1703,39,Centenario,2,CORTOPUNZANTE,INDIGENTE,M,38,7:40:00,2024,9/25/2024,MIERCOLES,06:00-08:59,MAÑANA,269,UNION LIBRE,SECUNDARIA,CONVIVENCIA,-76.53768107,3.452773112,N,N,N,5,Nivel 4
1704,39,El Retiro,15,ARMA DE FUEGO,OFICIOS VARIOS,M,39,10:00:00,2024,9/25/2024,MIERCOLES,09:00-11:59,MAÑANA,269,UNION LIBRE,SIN ESTABLECER,DELINCUENCIA,-76.49992547,3.411635836,N,N,N,1,Nivel 4
1705,39,José Manuel Marroquín I,14,ARMA DE FUEGO,OFICIOS VARIOS,M,26,10:53:00,2024,9/25/2024,MIERCOLES,09:00-11:59,MAÑANA,269,SOLTERO,SECUNDARIA,DELINCUENCIA,-76.4859494,3.4276264,N,N,N,2,Nivel 4
1706,39,Los Sauces,11,ARMA DE FUEGO,ENFERMERA,M,30,8:06:00,2024,9/26/2024,JUEVES,06:00-08:59,MAÑANA,270,SIN ESTABLECER,SIN ESTABLECER,DELINCUENCIA,-76.51048971,3.418081623,N,N,N,3,Nivel 4
1707,39,Brisas del Limonar,16,OTRAS ARMAS,OFICIOS VARIOS,M,31,10:56:00,2024,9/26/2024,JUEVES,09:00-11:59,MAÑANA,270,SIN ESTABLECER,SIN ESTABLECER,CONVIVENCIA,-76.52213407,3.403260477,N,N,N,2,Nivel 4
1708,39,Sector Alto de los Chorros,18,ARMA DE FUEGO,SIN OCUPACION,M,27,23:30:00,2024,9/26/2024,JUEVES,21:00-23:59,NOCHE,270,SIN ESTABLECER,SIN ESTABLECER,DELINCUENCIA,-76.55878534,3.390472768,N,N,N,1,Nivel 4
1709,39,Los Comuneros I,15,ARMA DE FUEGO,OFICIOS VARIOS,M,55,15:20:00,2024,9/27/2024,VIERNES,15:00-17:59,TARDE,271,SIN ESTABLECER,SIN ESTABLECER,DELINCUENCIA,-76.49302006,3.414737318,N,N,N,2,Nivel 4
1710,39,Valle Grande,21,OTRAS ARMAS,AMA DE CASA,F,21,17:23:00,2024,9/27/2024,VIERNES,15:00-17:59,TARDE,271,SOLTERO,SECUNDARIA,OTRO,-76.47189296,3.436156433,N,N,N,2,Nivel 4
1711,39,Sector Alto de los Chorros,18,ARMA DE FUEGO,OFICIOS VARIOS,M,24,13:45:00,2024,9/28/2024,SABADO,12:00-14:59,TARDE,272,UNION LIBRE,SECUNDARIA,DELINCUENCIA,-76.56208736,3.3901397,N,N,N,1,Nivel 4
1712,40,Ciudadela Floralia,6,ARMA DE FUEGO,OFICIOS VARIOS,M,20,4:50:00,2024,9/29/2024,DOMINGO,03:00-05:59,MADRUGADA,273,CASADO,PRIMARIA,DELINCUENCIA,-76.49118732,3.498449872,N,N,N,2,Nivel 4
1713,40,Ulpiano Lloreda,13,CORTOPUNZANTE,ALBAÑIL,M,33,20:14:00,2024,9/29/2024,DOMINGO,18:00-20:59,NOCHE,273,SOLTERO,SECUNDARIA,CONVIVENCIA,-76.48778215,3.443455706,N,N,N,2,Nivel 4
1714,40,CGTO. NAVARRO,51,ARMA DE FUEGO,AMA DE CASA,F,42,21:40:00,2024,9/29/2024,DOMINGO,21:00-23:59,NOCHE,273,UNION LIBRE,SECUNDARIA,DELINCUENCIA,-76.46699464,3.39286182,N,N,N,2,Nivel 4
1715,40,Los Comuneros I,15,ARMA DE FUEGO,PRESTAMISTA,M,30,13:04:00,2024,9/30/2024,LUNES,12:00-14:59,TARDE,274,UNION LIBRE,SECUNDARIA,DELINCUENCIA,-76.49238433,3.413145654,N,N,N,2,Nivel 4
1716,40,El Morichal,15,ARMA DE FUEGO,OFICIOS VARIOS,M,38,0:10:00,2024,10/1/2024,MARTES,00:00-02:59,MADRUGADA,275,UNION LIBRE,SECUNDARIA,DELINCUENCIA,-76.50736563,3.390854525,N,N,N,2,Nivel 4
1717,40,Manuela Beltrán,14,CORTOPUNZANTE,OFICIOS VARIOS,M,26,6:30:00,2024,10/1/2024,MARTES,06:00-08:59,MAÑANA,275,CASADO,SECUNDARIA,CONVIVENCIA,-76.46893452,3.422726326,N,N,N,1,Nivel 4
1718,40,Manuela Beltrán,14,ARMA DE FUEGO,OFICIOS VARIOS,M,24,21:23:00,2024,10/1/2024,MARTES,21:00-23:59,NOCHE,275,SOLTERO,SECUNDARIA,CONVIVENCIA,-76.47158901,3.418124456,N,N,N,1,Nivel 4
1719,40,Simón Bolívar,8,ARMA DE FUEGO,INDIGENTE,M,30,22:36:00,2024,10/1/2024,MARTES,21:00-23:59,NOCHE,275,CASADO,ILETRADO,DELINCUENCIA,-76.5175531,3.443463841,N,N,N,3,Nivel 4
1720,40,Guayaquil,9,ARMA DE FUEGO,ESTUDIANTE,M,30,14:50:00,2024,10/2/2024,MIERCOLES,12:00-14:59,TARDE,276,UNION LIBRE,TECNOLOGO,DELINCUENCIA,-76.5296133,3.442547047,N,N,N,3,Nivel 4
1721,40,Santa Rosa,3,ARMA DE FUEGO,OFICIOS VARIOS,M,58,11:40:00,2024,10/4/2024,VIERNES,09:00-11:59,MAÑANA,278,CASADO,SECUNDARIA,DELINCUENCIA,-76.53272542,3.447846026,N,N,N,3,Nivel 4
1722,40,Ciudad Córdoba,15,ARMA DE FUEGO,OFICIOS VARIOS,M,18,16:10:00,2024,10/4/2024,VIERNES,15:00-17:59,TARDE,278,SIN ESTABLECER,SIN ESTABLECER,CONVIVENCIA,-76.51111704,3.401507349,N,N,N,3,Nivel 4
1723,40,Potrero Grande,21,ARMA DE FUEGO,OFICIOS VARIOS,M,30,17:08:00,2024,10/4/2024,VIERNES,15:00-17:59,TARDE,278,SOLTERO,SECUNDARIA,DELINCUENCIA,-76.46682736,3.407394649,N,N,N,2,Nivel 4
1724,40,Alto Normandia,2,CORTOPUNZANTE,OFICIOS VARIOS,M,29,19:00:00,2024,10/4/2024,VIERNES,18:00-20:59,NOCHE,278,SOLTERO,SECUNDARIA,DELINCUENCIA,-76.54154484,3.454166862,N,N,N,1,Nivel 4
1725,40,El Poblado I,13,ARMA DE FUEGO,COBRADOR,M,28,20:06:00,2024,10/4/2024,VIERNES,18:00-20:59,NOCHE,278,SOLTERO,ILETRADO,DELINCUENCIA,-76.49966369,3.419751786,N,N,N,2,Nivel 4
1726,40,El Gran Limonar - Cataya,17,ARMA DE FUEGO,MOTORISTA,M,30,12:50:00,2024,10/5/2024,SABADO,12:00-14:59,TARDE,279,SOLTERO,SECUNDARIA,DELINCUENCIA,-76.5423204,3.4001612,N,N,N,5,Nivel 4
1727,40,Barrio Obrero,9,ARMA DE FUEGO,ESCOLTA,M,31,14:15:00,2024,10/5/2024,SABADO,12:00-14:59,TARDE,279,CASADO,SECUNDARIA,DELINCUENCIA,-76.51948156,3.44650385,N,N,N,2,Nivel 4
1728,40,Potrero Grande,21,ARMA DE FUEGO,OFICIOS VARIOS,M,23,21:15:00,2024,10/5/2024,SABADO,21:00-23:59,NOCHE,279,SOLTERO,SECUNDARIA,DELINCUENCIA,-76.4697422,3.403325771,N,N,N,2,Nivel 4
1729,41,Mojica,15,ARMA DE FUEGO,SIN OCUPACION,M,24,0:28:00,2024,10/6/2024,DOMINGO,00:00-02:59,MADRUGADA,280,UNION LIBRE,SECUNDARIA,DELINCUENCIA,-76.48774195,3.418977454,N,N,N,1,Nivel 4
1730,41,Mojica,15,ARMA DE FUEGO,SIN OCUPACION,M,22,5:15:00,2024,10/6/2024,DOMINGO,03:00-05:59,MADRUGADA,280,SIN ESTABLECER,SIN ESTABLECER,DELINCUENCIA,-76.49001303,3.417672063,N,N,N,1,Nivel 4
1731,41,Mojica,15,ARMA DE FUEGO,OFICIOS VARIOS,M,22,5:15:00,2024,10/6/2024,DOMINGO,03:00-05:59,MADRUGADA,280,SIN ESTABLECER,SIN ESTABLECER,DELINCUENCIA,-76.49001303,3.417672063,N,N,N,1,Nivel 4
1732,41,Mariano Ramos,16,ARMA DE FUEGO,MOTORISTA,M,29,6:57:00,2024,10/6/2024,DOMINGO,06:00-08:59,MAÑANA,280,CASADO,SECUNDARIA,CONVIVENCIA,-76.51276117,3.400469161,N,N,N,2,Nivel 4
1733,41,Pizamos I,21,ARMA DE FUEGO,VENDEDOR AMBULANTE,M,38,12:20:00,2024,10/6/2024,DOMINGO,12:00-14:59,TARDE,280,UNION LIBRE,SECUNDARIA,DELINCUENCIA,-76.4764887,3.402411638,N,N,N,1,Nivel 4
1734,41,El Retiro,15,ARMA DE FUEGO,ALBAÑIL,M,35,14:48:00,2024,10/6/2024,DOMINGO,12:00-14:59,TARDE,280,CASADO,SECUNDARIA,DELINCUENCIA,-76.49872469,3.410685013,N,N,N,1,Nivel 4
1735,41,El Retiro,15,ARMA DE FUEGO,MECANICO,M,34,14:48:00,2024,10/6/2024,DOMINGO,12:00-14:59,TARDE,280,SOLTERO,SECUNDARIA,DELINCUENCIA,-76.49872469,3.410685013,N,N,N,1,Nivel 4
1736,41,Promociones Populares B,14,ARMA DE FUEGO,DESEMPLEADO,M,33,16:36:00,2024,10/6/2024,DOMINGO,15:00-17:59,TARDE,280,CASADO,SECUNDARIA,DELINCUENCIA,-76.46934804,3.427035159,N,N,N,1,Nivel 4
1737,41,Alfonso Bonilla Aragón,14,ARMA DE FUEGO,ALBAÑIL,M,39,0:08:00,2024,10/7/2024,LUNES,00:00-02:59,MADRUGADA,281,UNION LIBRE,PRIMARIA,DELINCUENCIA,-76.48129347,3.418173835,N,N,N,1,Nivel 4
1738,41,Puerta del Sol,14,ARMA DE FUEGO,TAXISTA,M,32,22:00:00,2024,10/7/2024,LUNES,21:00-23:59,NOCHE,281,CASADO,SECUNDARIA,DELINCUENCIA,-76.4722143,3.4243563,N,N,N,1,Nivel 4
1739,41,Potrero Grande,21,ARMA DE FUEGO,OPERARIO,M,23,23:10:00,2024,10/7/2024,LUNES,21:00-23:59,NOCHE,281,SIN ESTABLECER,SIN ESTABLECER,DELINCUENCIA,-76.4728914,3.408214004,N,N,N,2,Nivel 4
1740,41,Jorge Eliécer Gaitán,6,ARMA DE FUEGO,SIN OCUPACION,M,42,12:11:00,2024,10/8/2024,MARTES,12:00-14:59,TARDE,282,SOLTERO,SECUNDARIA,DELINCUENCIA,-76.48444605,3.476769942,N,N,N,2,Nivel 4
1741,41,Calimio Desepaz,21,CORTOPUNZANTE,SIN OCUPACION,M,20,13:30:00,2024,10/8/2024,MARTES,12:00-14:59,TARDE,282,SIN ESTABLECER,SIN ESTABLECER,OTRO,-76.468961,3.4147848,N,N,N,1,Nivel 4
1742,41,Los Pinos,7,ARMA DE FUEGO,ALBAÑIL,M,43,16:57:00,2024,10/8/2024,MARTES,15:00-17:59,TARDE,282,SOLTERO,SECUNDARIA,DELINCUENCIA,-76.48526891,3.457410182,N,N,N,2,Nivel 4
1743,41,Terrón Colorado,1,ARMA DE FUEGO,VENDEDOR AMBULANTE,M,25,21:57:00,2024,10/8/2024,MARTES,21:00-23:59,NOCHE,282,SOLTERO,SECUNDARIA,DELINCUENCIA,-76.5656414,3.453720353,N,N,N,2,Nivel 4
1744,41,Mayapan - Las Vegas,17,ARMA DE FUEGO,CONTADOR,F,26,6:45:00,2024,10/9/2024,MIERCOLES,06:00-08:59,MAÑANA,283,CASADO,UNIVERSITARIO,DELINCUENCIA,-76.54264265,3.382157208,N,N,N,5,Nivel 4
1745,41,El Nacional,3,ARMA DE FUEGO,VENDEDOR AMBULANTE,M,44,16:40:00,2024,10/9/2024,MIERCOLES,15:00-17:59,TARDE,283,SOLTERO,SECUNDARIA,DELINCUENCIA,-76.54823205,3.444223016,N,N,N,3,Nivel 4
1746,41,Alfonso Lopez P. 2a Etapa,7,ARMA DE FUEGO,COMERCIANTE,M,41,7:53:00,2024,10/12/2024,SABADO,06:00-08:59,MAÑANA,286,SOLTERO,SECUNDARIA,DELINCUENCIA,-76.4798646,3.4588822,N,N,N,3,Nivel 4
1747,41,Terrón Colorado,1,CORTOPUNZANTE,SIN OCUPACION,M,14,19:06:00,2024,10/12/2024,SABADO,18:00-20:59,NOCHE,286,SOLTERO,SECUNDARIA,DELINCUENCIA,-76.55789886,3.454040721,N,N,N,2,Nivel 4
1748,42,Tierra Blanca,20,ARMA DE FUEGO,SECRETARIA,F,35,1:50:00,2024,10/13/2024,DOMINGO,00:00-02:59,MADRUGADA,287,UNION LIBRE,SECUNDARIA,OTRO,-76.55798306,3.420629755,N,N,N,1,Nivel 4
1749,42,José Manuel Marroquín I,14,ARMA DE FUEGO,OFICIOS VARIOS,M,49,7:30:00,2024,10/13/2024,DOMINGO,06:00-08:59,MAÑANA,287,UNION LIBRE,SECUNDARIA,DELINCUENCIA,-76.4859494,3.4276264,N,N,N,2,Nivel 4
1750,42,Lleras Camargo,20,CORTOPUNZANTE,ALBAÑIL,M,24,7:50:00,2024,10/13/2024,DOMINGO,06:00-08:59,MAÑANA,287,SOLTERO,SECUNDARIA,CONVIVENCIA,-76.56310207,3.421074542,N,N,N,1,Nivel 4
1751,42,Potrero Grande,21,ARMA DE FUEGO,ESTILISTA,M,23,14:28:00,2024,10/13/2024,DOMINGO,12:00-14:59,TARDE,287,SOLTERO,SECUNDARIA,DELINCUENCIA,-76.47228205,3.408782537,N,N,N,2,Nivel 4
1752,42,Sector Alto Jordán,18,ARMA DE FUEGO,OFICIOS VARIOS,M,21,20:56:00,2024,10/13/2024,DOMINGO,18:00-20:59,NOCHE,287,UNION LIBRE,SECUNDARIA,DELINCUENCIA,-76.55557908,3.374873886,N,N,N,1,Nivel 4
1753,42,Lleras Camargo,20,ARMA DE FUEGO,ALBAÑIL,M,33,22:42:00,2024,10/13/2024,DOMINGO,21:00-23:59,NOCHE,287,UNION LIBRE,SECUNDARIA,DELINCUENCIA,-76.563227,3.420686892,N,N,N,1,Nivel 4
1754,42,Potrero Grande,21,ARMA DE FUEGO,OFICIOS VARIOS,M,26,0:20:00,2024,10/14/2024,LUNES,00:00-02:59,MADRUGADA,288,SOLTERO,SECUNDARIA,DELINCUENCIA,-76.47340583,3.409184695,N,N,N,2,Nivel 4
1755,42,Potrero Grande,21,ARMA DE FUEGO,OFICIOS VARIOS,M,18,2:20:00,2024,10/14/2024,LUNES,00:00-02:59,MADRUGADA,288,CASADO,SECUNDARIA,DELINCUENCIA,-76.47340583,3.409184695,N,N,N,2,Nivel 4
1756,42,CGTO. EL HORMIGUERO,52,CORTOPUNZANTE,ALBAÑIL,M,24,11:00:00,2024,10/14/2024,LUNES,09:00-11:59,MAÑANA,288,UNION LIBRE,SECUNDARIA,CONVIVENCIA,-76.48295772,3.31576354,N,N,N,2,Nivel 4
1757,42,Desepaz Invicali,21,ARMA DE FUEGO,OFICIOS VARIOS,M,18,20:55:00,2024,10/15/2024,MARTES,18:00-20:59,NOCHE,289,SOLTERO,SECUNDARIA,DELINCUENCIA,-76.4656462,3.425194,N,N,N,1,Nivel 4
1758,42,Ciudad Córdoba,15,ARMA DE FUEGO,AGENTE DE POLICIA,M,37,19:50:00,2024,10/16/2024,MIERCOLES,18:00-20:59,NOCHE,290,UNION LIBRE,SECUNDARIA,DELINCUENCIA,-76.50749558,3.399047758,N,N,N,3,Nivel 4
1759,42,Alfonso Bonilla Aragón,14,CORTOPUNZANTE,OFICIOS VARIOS,M,26,3:45:00,2024,10/17/2024,JUEVES,03:00-05:59,MADRUGADA,291,SOLTERO,SECUNDARIA,DELINCUENCIA,-76.48621978,3.421162385,N,N,N,1,Nivel 4
1760,42,Sector Alto Jordán,18,ARMA DE FUEGO,OFICIOS VARIOS,M,18,23:20:00,2024,10/17/2024,JUEVES,21:00-23:59,NOCHE,291,SOLTERO,SECUNDARIA,DELINCUENCIA,-76.55640171,3.375810148,N,N,N,1,Nivel 4
1761,42,Colseguros Andes,10,CORTOPUNZANTE,VENDEDOR AMBULANTE,M,33,14:52:00,2024,10/18/2024,VIERNES,12:00-14:59,TARDE,292,UNION LIBRE,SECUNDARIA,CONVIVENCIA,-76.52780335,3.425160429,N,N,N,4,Nivel 4
1762,42,El Vallado,15,CORTOPUNZANTE,ALBAÑIL,M,32,22:00:00,2024,10/18/2024,VIERNES,21:00-23:59,NOCHE,292,CASADO,SECUNDARIA,CONVIVENCIA,-76.49651537,3.405285246,N,N,N,2,Nivel 4
1763,42,Polvorines,18,ARMA DE FUEGO,VENDEDOR AMBULANTE,F,34,23:20:00,2024,10/18/2024,VIERNES,21:00-23:59,NOCHE,292,UNION LIBRE,SECUNDARIA,DELINCUENCIA,-76.5596234,3.37624635,N,N,N,2,Nivel 4
1764,42,Ciudad Capri,17,ARMA DE FUEGO,DISEÑADOR,M,34,21:24:00,2024,10/19/2024,SABADO,21:00-23:59,NOCHE,293,UNION LIBRE,UNIVERSITARIO,DELINCUENCIA,-76.54159067,3.386972986,N,N,N,5,Nivel 4
1765,43,CGTO. FELIDIA,59,CORTOPUNZANTE,ESTUDIANTE,M,16,1:18:00,2024,10/20/2024,DOMINGO,00:00-02:59,MADRUGADA,294,SOLTERO,PRIMARIA,CONVIVENCIA,-76.62970265,3.467764813,N,N,N,2,Nivel 4
1766,43,Ciudadela del Rio - CVC,21,CORTOPUNZANTE,INDIGENTE,M,30,6:03:00,2024,10/20/2024,DOMINGO,06:00-08:59,MAÑANA,294,CASADO,SECUNDARIA,CONVIVENCIA,-76.46697289,3.422371912,N,N,N,2,Nivel 4
1767,43,Sector Alto de los Chorros,18,ARMA DE FUEGO,MECANICO,M,20,7:00:00,2024,10/20/2024,DOMINGO,06:00-08:59,MAÑANA,294,SOLTERO,SECUNDARIA,DELINCUENCIA,-76.56283566,3.388447543,N,N,N,1,Nivel 4
1768,43,Belisario Caicedo,20,CORTOPUNZANTE,OFICIOS VARIOS,M,47,20:10:00,2024,10/20/2024,DOMINGO,18:00-20:59,NOCHE,294,UNION LIBRE,SECUNDARIA,CONVIVENCIA,-76.5567705,3.413886,N,N,N,3,Nivel 4
1769,43,Alfonso Lopez P. 3a Etapa,7,ARMA DE FUEGO,SIN OCUPACION,M,73,3:00:00,2024,10/21/2024,LUNES,03:00-05:59,MADRUGADA,295,UNION LIBRE,SECUNDARIA,DELINCUENCIA,-76.48111403,3.45210222,N,N,N,3,Nivel 4
1770,43,Antonio Nariño,16,CORTOPUNZANTE,ALBAÑIL,M,32,12:00:00,2024,10/21/2024,LUNES,12:00-14:59,TARDE,295,SOLTERO,SECUNDARIA,CONVIVENCIA,-76.50443708,3.418546531,N,N,N,2,Nivel 4
1771,43,Valle Grande,21,ARMA DE FUEGO,OFICIOS VARIOS,M,42,12:20:00,2024,10/21/2024,LUNES,12:00-14:59,TARDE,295,UNION LIBRE,SECUNDARIA,DELINCUENCIA,-76.46742943,3.435807859,N,N,N,2,Nivel 4
1772,43,José Manuel Marroquín II,14,ARMA DE FUEGO,ESTUDIANTE,F,17,21:03:00,2024,10/21/2024,LUNES,21:00-23:59,NOCHE,295,UNION LIBRE,SECUNDARIA,DELINCUENCIA,-76.4795217,3.431026376,N,N,N,2,Nivel 4
1773,43,El Retiro,15,ARMA DE FUEGO,OFICIOS VARIOS,M,48,10:10:00,2024,10/22/2024,MARTES,09:00-11:59,MAÑANA,296,UNION LIBRE,PRIMARIA,DELINCUENCIA,-76.49774914,3.413692265,N,N,N,1,Nivel 4
1774,43,Ciudadela Pasoancho,17,ARMA DE FUEGO,RECICLADOR,M,30,18:45:00,2024,10/24/2024,JUEVES,18:00-20:59,NOCHE,298,SOLTERO,SECUNDARIA,DELINCUENCIA,-76.53542728,3.385120103,N,N,N,5,Nivel 4
1775,43,Nápoles,18,ARMA DE FUEGO,COMERCIANTE,M,32,23:00:00,2024,10/24/2024,JUEVES,21:00-23:59,NOCHE,298,SEPARADO,PRIMARIA,DELINCUENCIA,-76.55019367,3.386679512,N,N,N,3,Nivel 4
1776,43,Champagnat,19,CORTOPUNZANTE,COMERCIANTE,F,72,3:00:00,2024,10/25/2024,VIERNES,03:00-05:59,MADRUGADA,299,SOLTERO,PRIMARIA,CONVIVENCIA,-76.5353314,3.432722735,N,N,N,4,Nivel 4
1777,43,CGTO. MONTEBELLO,64,CORTOPUNZANTE,ALBAÑIL,M,20,13:50:00,2024,10/26/2024,SABADO,12:00-14:59,TARDE,300,CASADO,SECUNDARIA,CONVIVENCIA,-76.54934466,3.497799982,N,N,N,2,Nivel 4
1778,43,San Nicolás,3,ARMA DE FUEGO,OFICIOS VARIOS,M,30,17:42:00,2024,10/26/2024,SABADO,15:00-17:59,TARDE,300,SOLTERO,PRIMARIA,DELINCUENCIA,-76.52029608,3.456952497,N,N,N,2,Nivel 4
1779,44,Villa del Prado - El Guabito,5,ARMA DE FUEGO,OFICIOS VARIOS,M,25,0:10:00,2024,10/27/2024,DOMINGO,00:00-02:59,MADRUGADA,301,SOLTERO,SECUNDARIA,DELINCUENCIA,-76.48681486,3.466894871,N,N,N,3,Nivel 4
1780,44,República de Israel,16,ARMA DE FUEGO,ALBAÑIL,M,34,6:50:00,2024,10/27/2024,DOMINGO,06:00-08:59,MAÑANA,301,CASADO,SECUNDARIA,OTRO,-76.5119509,3.407277614,N,N,N,2,Nivel 4
1781,44,San Nicolás,3,OTRAS ARMAS,OFICIOS VARIOS,M,39,20:10:00,2024,10/27/2024,DOMINGO,18:00-20:59,NOCHE,301,UNION LIBRE,SECUNDARIA,OTRO,-76.52955417,3.454751735,N,N,N,2,Nivel 4
1782,44,El Piloto,3,ARMA DE FUEGO,MOTORISTA,M,25,21:20:00,2024,10/27/2024,DOMINGO,21:00-23:59,NOCHE,301,UNION LIBRE,TECNOLOGO,DELINCUENCIA,-76.52196519,3.460770385,N,N,N,2,Nivel 4
1783,44,Alfonso Bonilla Aragón,14,ARMA DE FUEGO,OFICIOS VARIOS,M,34,21:55:00,2024,10/27/2024,DOMINGO,21:00-23:59,NOCHE,301,SOLTERO,SECUNDARIA,DELINCUENCIA,-76.4837327,3.418051812,N,N,N,1,Nivel 4
1784,44,El Vallado,15,ARMA DE FUEGO,SIN OCUPACION,F,47,22:00:00,2024,10/27/2024,DOMINGO,21:00-23:59,NOCHE,301,SIN ESTABLECER,SECUNDARIA,DELINCUENCIA,-76.49740815,3.40651966,N,N,N,2,Nivel 4
1785,44,Mayapan - Las Vegas,17,ARMA DE FUEGO,MENSAJERO,M,31,22:20:00,2024,10/27/2024,DOMINGO,21:00-23:59,NOCHE,301,UNION LIBRE,SECUNDARIA,DELINCUENCIA,-76.53953449,3.382813277,N,N,N,5,Nivel 4
1786,44,Desepaz Invicali,21,ARMA DE FUEGO,VIGILANTE,M,46,9:25:00,2024,10/28/2024,LUNES,09:00-11:59,MAÑANA,302,CASADO,SECUNDARIA,DELINCUENCIA,-76.46176382,3.428219854,N,N,N,1,Nivel 4
1787,44,Sucre,9,ARMA DE FUEGO,OFICIOS VARIOS,F,46,16:15:00,2024,10/29/2024,MARTES,15:00-17:59,TARDE,303,SOLTERO,ILETRADO,DELINCUENCIA,-76.5237811,3.444593758,N,N,N,1,Nivel 4
1788,44,Sucre,9,ARMA DE FUEGO,MENSAJERO,M,25,16:15:00,2024,10/29/2024,MARTES,15:00-17:59,TARDE,303,UNION LIBRE,SECUNDARIA,DELINCUENCIA,-76.5237811,3.444593758,N,N,N,1,Nivel 4
1789,44,Sucre,9,OTRAS ARMAS,SIN OCUPACION,M,18,16:15:00,2024,10/29/2024,MARTES,15:00-17:59,TARDE,303,SOLTERO,SECUNDARIA,DELINCUENCIA,-76.5237811,3.444593758,N,N,N,1,Nivel 4
1790,44,Siloé,20,ARMA DE FUEGO,VENDEDOR AMBULANTE,M,24,20:45:00,2024,10/30/2024,MIERCOLES,18:00-20:59,NOCHE,304,SOLTERO,SECUNDARIA,DELINCUENCIA,-76.55711331,3.424901443,N,N,N,1,Nivel 4
1791,44,La Base,8,ARMA DE FUEGO,AYUDANTE DE TRANSPORTE,M,50,12:15:00,2024,10/31/2024,JUEVES,12:00-14:59,TARDE,305,UNION LIBRE,SECUNDARIA,DELINCUENCIA,-76.49546146,3.447964271,N,N,N,3,Nivel 4
1792,44,Los Conquistadores,11,ARMA DE FUEGO,VENDEDOR AMBULANTE,M,24,19:43:00,2024,10/31/2024,JUEVES,18:00-20:59,NOCHE,305,UNION LIBRE,SECUNDARIA,DELINCUENCIA,-76.50658158,3.425271966,N,N,N,2,Nivel 4
1793,44,Desepaz Invicali,21,ARMA DE FUEGO,ESTUDIANTE,M,19,1:05:00,2024,11/1/2024,VIERNES,00:00-02:59,MADRUGADA,306,SOLTERO,SECUNDARIA,CONVIVENCIA,-76.46173778,3.429040263,N,N,N,1,Nivel 4
1794,44,Ciudadela del Rio - CVC,21,ARMA DE FUEGO,OFICIOS VARIOS,M,38,2:40:00,2024,11/1/2024,VIERNES,00:00-02:59,MADRUGADA,306,SIN ESTABLECER,SIN ESTABLECER,OTRO,-76.46608795,3.42791864,N,N,N,2,Nivel 4
1795,44,José Manuel Marroquín I,14,ARMA DE FUEGO,DESEMPLEADO,M,34,22:15:00,2024,11/1/2024,VIERNES,21:00-23:59,NOCHE,306,SOLTERO,PRIMARIA,DELINCUENCIA,-76.47767348,3.418465256,N,N,N,2,Nivel 4
1796,44,El Retiro,15,ARMA DE FUEGO,ALBAÑIL,M,46,10:25:00,2024,11/2/2024,SABADO,09:00-11:59,MAÑANA,307,SOLTERO,SECUNDARIA,CONVIVENCIA,-76.49810199,3.41412791,N,N,N,1,Nivel 4
1797,44,Los Comuneros II,13,ARMA DE FUEGO,PINTOR,M,52,14:15:00,2024,11/2/2024,SABADO,12:00-14:59,TARDE,307,UNION LIBRE,SECUNDARIA,CONVIVENCIA,-76.49228751,3.413567807,N,N,N,2,Nivel 4
1798,44,Alto Nápoles,18,ARMA DE FUEGO,OFICIOS VARIOS,M,22,17:45:00,2024,11/2/2024,SABADO,15:00-17:59,TARDE,307,CASADO,PRIMARIA,OTRO,-76.5607203,3.385554323,N,N,N,1,Nivel 4
1799,44,Mojica,15,ARMA DE FUEGO,ALBAÑIL,M,38,20:55:00,2024,11/2/2024,SABADO,18:00-20:59,NOCHE,307,UNION LIBRE,SECUNDARIA,DELINCUENCIA,-76.48972544,3.411535538,N,N,N,1,Nivel 4
1800,44,Barrio Obrero,9,ARMA DE FUEGO,SIN OCUPACION,M,30,21:45:00,2024,11/2/2024,SABADO,21:00-23:59,NOCHE,307,SIN ESTABLECER,SIN ESTABLECER,DELINCUENCIA,-76.52253429,3.449306461,N,N,N,2,Nivel 4
1801,44,Belalcázar,9,ARMA DE FUEGO,VIGILANTE,M,32,22:30:00,2024,11/2/2024,SABADO,21:00-23:59,NOCHE,307,UNION LIBRE,SECUNDARIA,DELINCUENCIA,-76.52486318,3.44292851,N,N,N,3,Nivel 4
1802,45,El Vergel,13,ARMA DE FUEGO,OFICIOS VARIOS,M,25,0:10:00,2024,11/3/2024,DOMINGO,00:00-02:59,MADRUGADA,308,CASADO,SECUNDARIA,DELINCUENCIA,-76.50143779,3.416911926,N,N,N,1,Nivel 4
1803,45,El Vergel,13,ARMA DE FUEGO,OFICIOS VARIOS,M,22,0:10:00,2024,11/3/2024,DOMINGO,00:00-02:59,MADRUGADA,308,SIN ESTABLECER,SIN ESTABLECER,DELINCUENCIA,-76.50143779,3.416911926,N,N,N,1,Nivel 4
1804,45,PP6-PP8-PP10,81,ARMA DE FUEGO,SIN OCUPACION,M,33,6:00:00,2024,11/3/2024,DOMINGO,06:00-08:59,MAÑANA,308,UNION LIBRE,SECUNDARIA,DELINCUENCIA,-76.52507632,3.33101528,N,N,N,0,Nivel 4
1805,45,Villablanca,13,ARMA DE FUEGO,ESTUDIANTE,M,13,12:15:00,2024,11/3/2024,DOMINGO,12:00-14:59,TARDE,308,SOLTERO,SECUNDARIA,OTRO,-76.49364654,3.431658982,N,N,N,2,Nivel 4
1806,45,Mojica,15,ARMA DE FUEGO,MINERO,M,29,13:45:00,2024,11/3/2024,DOMINGO,12:00-14:59,TARDE,308,UNION LIBRE,PRIMARIA,DELINCUENCIA,-76.4910137,3.412610037,N,N,N,1,Nivel 4
1807,45,Jorge Isaacs,4,ARMA DE FUEGO,AGENTE DE POLICIA,M,50,14:26:00,2024,11/3/2024,DOMINGO,12:00-14:59,TARDE,308,CASADO,TECNOLOGO,DELINCUENCIA,-76.51716452,3.457644203,N,N,N,2,Nivel 4
1808,45,Potrero Grande,21,ARMA DE FUEGO,DESEMPLEADO,M,25,16:30:00,2024,11/3/2024,DOMINGO,15:00-17:59,TARDE,308,SOLTERO,SECUNDARIA,CONVIVENCIA,-76.46714771,3.409588122,N,N,N,2,Nivel 4
1809,45,Villa del Prado - El Guabito,5,ARMA DE FUEGO,ALBAÑIL,M,35,20:10:00,2024,11/3/2024,DOMINGO,18:00-20:59,NOCHE,308,UNION LIBRE,SECUNDARIA,DELINCUENCIA,-76.492455,3.4664589,N,N,N,3,Nivel 4
1810,45,Potrero Grande,21,ARMA DE FUEGO,LAVADOR DE VEHICULOS,M,27,20:55:00,2024,11/3/2024,DOMINGO,18:00-20:59,NOCHE,308,SOLTERO,PRIMARIA,DELINCUENCIA,-76.46997927,3.407625066,N,N,N,2,Nivel 4
1811,45,Sector Alto de los Chorros,18,ARMA DE FUEGO,OFICIOS VARIOS,M,53,0:30:00,2024,11/4/2024,LUNES,00:00-02:59,MADRUGADA,309,UNION LIBRE,SECUNDARIA,DELINCUENCIA,-76.49039266,3.409585742,N,N,N,1,Nivel 4
1812,45,Potrero Grande,21,ARMA DE FUEGO,OFICIOS VARIOS,M,17,0:37:00,2024,11/4/2024,LUNES,00:00-02:59,MADRUGADA,309,SOLTERO,PRIMARIA,DELINCUENCIA,-76.46954637,3.401728091,N,N,N,2,Nivel 4
1813,45,Potrero Grande,21,ARMA DE FUEGO,LAVADOR DE VEHICULOS,M,17,0:37:00,2024,11/4/2024,LUNES,00:00-02:59,MADRUGADA,309,SOLTERO,SECUNDARIA,DELINCUENCIA,-76.46954637,3.401728091,N,N,N,2,Nivel 4
1814,45,Cuarto de Legua - Guadalupe,19,OTRAS ARMAS,VENDEDOR AMBULANTE,M,43,14:00:00,2024,11/4/2024,LUNES,12:00-14:59,TARDE,309,SIN ESTABLECER,SIN ESTABLECER,CONVIVENCIA,-76.5517132,3.4070537,N,N,N,5,Nivel 4
1815,45,Los Lagos,13,ARMA DE FUEGO,PINTOR,M,35,12:41:00,2024,11/5/2024,MARTES,12:00-14:59,TARDE,310,SOLTERO,PRIMARIA,DELINCUENCIA,-76.48577055,3.431607559,N,N,N,2,Nivel 4
1816,45,San Nicolás,3,ARMA DE FUEGO,MOTORISTA,M,51,16:10:00,2024,11/5/2024,MARTES,15:00-17:59,TARDE,310,UNION LIBRE,PRIMARIA,DELINCUENCIA,-76.52513678,3.456586202,N,N,N,2,Nivel 4
1817,45,El Guabal,10,ARMA DE FUEGO,VENDEDOR,F,37,19:40:00,2024,11/5/2024,MARTES,18:00-20:59,NOCHE,310,UNION LIBRE,SECUNDARIA,DELINCUENCIA,-76.52716751,3.416208729,N,N,N,3,Nivel 4
1818,45,Valle Grande,21,ARMA DE FUEGO,INDIGENTE,M,34,1:00:00,2024,11/6/2024,MIERCOLES,00:00-02:59,MADRUGADA,311,SIN ESTABLECER,SIN ESTABLECER,DELINCUENCIA,-76.4767451,3.438863817,N,N,N,2,Nivel 4
1819,45,Los Comuneros I,15,ARMA DE FUEGO,MOTORISTA,M,29,17:00:00,2024,11/6/2024,MIERCOLES,15:00-17:59,TARDE,311,UNION LIBRE,SECUNDARIA,DELINCUENCIA,-76.49223052,3.409608168,N,N,N,2,Nivel 4
1820,45,Terrón Colorado,1,ARMA DE FUEGO,DESEMPLEADO,M,38,19:21:00,2024,11/6/2024,MIERCOLES,18:00-20:59,NOCHE,311,SOLTERO,SECUNDARIA,CONVIVENCIA,-76.56401611,3.449982953,N,N,N,2,Nivel 4
1821,45,Ciudadela Floralia,6,ARMA DE FUEGO,DESEMPLEADO,M,21,23:30:00,2024,11/6/2024,MIERCOLES,21:00-23:59,NOCHE,311,SOLTERO,SECUNDARIA,DELINCUENCIA,-76.49281504,3.493171763,N,N,N,2,Nivel 4
1822,45,Lili,17,ARMA DE FUEGO,AGENTE DE POLICIA,M,23,13:30:00,2024,11/7/2024,JUEVES,12:00-14:59,TARDE,312,SOLTERO,TECNOLOGO,DELINCUENCIA,-76.5555078,3.3523329,N,N,N,4,Nivel 4
1823,45,Polvorines,18,ARMA DE FUEGO,ESTUDIANTE,F,16,10:00:00,2024,11/8/2024,VIERNES,09:00-11:59,MAÑANA,313,SOLTERO,SECUNDARIA,DELINCUENCIA,-76.55818618,3.37060576,N,N,N,2,Nivel 4
1824,45,San Carlos,11,ARMA DE FUEGO,SIN OCUPACION,M,31,13:55:00,2024,11/9/2024,SABADO,12:00-14:59,TARDE,314,CASADO,SECUNDARIA,DELINCUENCIA,-76.51285209,3.424726096,N,N,N,3,Nivel 4
1825,45,Alto Nápoles,18,ARMA DE FUEGO,ESTUDIANTE,M,17,20:30:00,2024,11/9/2024,SABADO,18:00-20:59,NOCHE,314,SOLTERO,SECUNDARIA,CONVIVENCIA,-76.5605897,3.384489948,N,N,N,1,Nivel 4
1826,45,San Pedro,3,ARMA DE FUEGO,COMERCIANTE,M,30,20:40:00,2024,11/9/2024,SABADO,18:00-20:59,NOCHE,314,SOLTERO,PRIMARIA,DELINCUENCIA,-76.52941876,3.452877084,N,N,N,3,Nivel 4
1827,45,El Retiro,15,ARMA DE FUEGO,MOTORISTA,M,22,21:15:00,2024,11/9/2024,SABADO,21:00-23:59,NOCHE,314,SOLTERO,SECUNDARIA,DELINCUENCIA,-76.49984204,3.410611538,N,N,N,1,Nivel 4
1828,46,Planta de Tratamiento,21,ARMA DE FUEGO,ALBAÑIL,M,26,2:30:00,2024,11/10/2024,DOMINGO,00:00-02:59,MADRUGADA,315,UNION LIBRE,PRIMARIA,DELINCUENCIA,-76.47846876,3.440067319,N,N,N,1,Nivel 4
1829,46,Venezuela - Urbanización Cañaveralejo,20,ARMA DE FUEGO,ALBAÑIL,M,26,4:15:00,2024,11/10/2024,DOMINGO,03:00-05:59,MADRUGADA,315,UNION LIBRE,PRIMARIA,DELINCUENCIA,-76.5614665,3.41426,N,N,N,1,Nivel 4
1830,46,Alto Nápoles,18,ARMA DE FUEGO,ALBAÑIL,M,25,5:50:00,2024,11/10/2024,DOMINGO,03:00-05:59,MADRUGADA,315,UNION LIBRE,PRIMARIA,DELINCUENCIA,-76.56025195,3.382517863,N,N,N,1,Nivel 4
1831,46,Guayaquil,9,ARMA DE FUEGO,VENDEDOR,M,21,17:35:00,2024,11/10/2024,DOMINGO,15:00-17:59,TARDE,315,SOLTERO,SECUNDARIA,DELINCUENCIA,-76.52590622,3.440566235,N,N,N,3,Nivel 4
1832,46,Brisas de Mayo,20,ARMA DE FUEGO,ALBAÑIL,M,18,22:15:00,2024,11/11/2024,LUNES,21:00-23:59,NOCHE,316,UNION LIBRE,SECUNDARIA,DELINCUENCIA,-76.56206877,3.416937016,N,N,N,1,Nivel 4
1833,46,Maracaibo,11,CORTOPUNZANTE,VENDEDOR AMBULANTE,M,52,3:15:00,2024,11/12/2024,MARTES,03:00-05:59,MADRUGADA,317,SOLTERO,SECUNDARIA,CONVIVENCIA,-76.5191968,3.4219558,N,N,N,3,Nivel 4
1834,46,Potrero Grande,21,OTRAS ARMAS,EBANISTA,F,19,21:20:00,2024,11/13/2024,MIERCOLES,21:00-23:59,NOCHE,318,UNION LIBRE,SECUNDARIA,DELINCUENCIA,-76.47224102,3.408827664,N,N,N,2,Nivel 4
1835,46,Porvenir,4,ARMA DE FUEGO,TECNICO ELECTRONICO,M,58,3:00:00,2024,11/14/2024,JUEVES,03:00-05:59,MADRUGADA,319,SOLTERO,SECUNDARIA,DELINCUENCIA,-76.51399159,3.460515974,N,N,N,2,Nivel 4
1836,46,Siloé,20,ARMA DE FUEGO,PELUQUERO,M,23,15:54:00,2024,11/14/2024,JUEVES,15:00-17:59,TARDE,319,SOLTERO,SECUNDARIA,DELINCUENCIA,-76.5560481,3.4230962,N,N,N,1,Nivel 4
1837,46,Siloé,20,ARMA DE FUEGO,PELUQUERO,M,25,15:54:00,2024,11/14/2024,JUEVES,15:00-17:59,TARDE,319,SOLTERO,SECUNDARIA,DELINCUENCIA,-76.5560481,3.4230962,N,N,N,1,Nivel 4
1838,46,Meléndez,18,ARMA DE FUEGO,ALBAÑIL,M,33,6:14:00,2024,11/15/2024,VIERNES,06:00-08:59,MAÑANA,320,SOLTERO,SECUNDARIA,DELINCUENCIA,-76.5429324,3.376697655,N,N,N,3,Nivel 4
1839,46,Santa Elena,10,ARMA DE FUEGO,ALBAÑIL,M,26,11:11:00,2024,11/15/2024,VIERNES,09:00-11:59,MAÑANA,320,UNION LIBRE,SECUNDARIA,DELINCUENCIA,-76.52723305,3.431817873,N,N,N,3,Nivel 4
1840,46,Sector Cañaveralejo Guadalupe,19,CORTOPUNZANTE,SIN OCUPACION,M,30,20:30:00,2024,11/15/2024,VIERNES,18:00-20:59,NOCHE,320,SOLTERO,SECUNDARIA,DELINCUENCIA,-76.55052,3.41583,N,N,N,5,Nivel 4
1841,46,Sindical,12,ARMA DE FUEGO,ALBAÑIL,M,20,1:50:00,2024,11/16/2024,SABADO,00:00-02:59,MADRUGADA,321,UNION LIBRE,SECUNDARIA,DELINCUENCIA,-76.50131084,3.431749905,N,N,N,3,Nivel 4
1842,46,Siloé,20,ARMA DE FUEGO,SIN OCUPACION,M,27,8:50:00,2024,11/16/2024,SABADO,06:00-08:59,MAÑANA,321,SIN ESTABLECER,SIN ESTABLECER,DELINCUENCIA,-76.55770701,3.423159738,N,N,N,1,Nivel 4
1843,46,Lili,17,ARMA DE FUEGO,SIN OCUPACION,M,40,13:37:00,2024,11/16/2024,SABADO,12:00-14:59,TARDE,321,SIN ESTABLECER,SIN ESTABLECER,DELINCUENCIA,-76.52445391,3.375455382,N,N,N,4,Nivel 4
1844,46,Venezuela - Urbanización Cañaveralejo,20,ARMA DE FUEGO,ASESOR COMERCIAL,M,26,20:54:00,2024,11/16/2024,SABADO,18:00-20:59,NOCHE,321,SOLTERO,SECUNDARIA,DELINCUENCIA,-76.56218943,3.414342113,N,N,N,1,Nivel 4
1845,47,Los Naranjos II,14,ARMA DE FUEGO,ALBAÑIL,M,18,3:20:00,2024,11/17/2024,DOMINGO,03:00-05:59,MADRUGADA,322,SOLTERO,SECUNDARIA,DELINCUENCIA,-76.4839226,3.4397205,N,N,N,1,Nivel 4
1846,47,Laureano Gómez,15,ARMA DE FUEGO,DESEMPLEADO,M,28,5:20:00,2024,11/17/2024,DOMINGO,03:00-05:59,MADRUGADA,322,SOLTERO,SECUNDARIA,OTRO,-76.4946235,3.413001,N,N,N,1,Nivel 4
1847,47,El Vergel,13,ARMA DE FUEGO,DESEMPLEADO,M,42,10:46:00,2024,11/17/2024,DOMINGO,09:00-11:59,MAÑANA,322,SOLTERO,SECUNDARIA,OTRO,-76.50013006,3.416880682,N,N,N,1,Nivel 4
1848,47,El Diamante,13,ARMA DE FUEGO,ALBAÑIL,M,22,20:00:00,2024,11/17/2024,DOMINGO,18:00-20:59,NOCHE,322,SOLTERO,SECUNDARIA,DELINCUENCIA,-76.50273806,3.424419723,N,N,N,2,Nivel 4
1849,47,Fepicol,7,ARMA DE FUEGO,OFICIOS VARIOS,M,58,2:30:00,2024,11/18/2024,LUNES,00:00-02:59,MADRUGADA,323,CASADO,TECNOLOGO,DELINCUENCIA,-76.4873951,3.4633099,N,N,N,3,Nivel 4
1850,47,El Guabal,10,ARMA DE FUEGO,MENSAJERO,M,36,20:30:00,2024,11/19/2024,MARTES,18:00-20:59,NOCHE,324,UNION LIBRE,SECUNDARIA,DELINCUENCIA,-76.527146,3.4153084,N,N,N,3,Nivel 4
1851,47,El Vallado,15,ARMA DE FUEGO,RECICLADOR,M,25,1:00:00,2024,11/20/2024,MIERCOLES,00:00-02:59,MADRUGADA,325,SOLTERO,SECUNDARIA,CONVIVENCIA,-76.4989603,3.4069183,N,N,N,2,Nivel 4
1852,47,El Peñón,3,ARMA DE FUEGO,TAXISTA,M,45,20:00:00,2024,11/20/2024,MIERCOLES,18:00-20:59,NOCHE,325,UNION LIBRE,SECUNDARIA,DELINCUENCIA,-76.53996828,3.450079641,N,N,N,5,Nivel 4
1853,47,El Poblado II,13,CORTOPUNZANTE,PRESTAMISTA,M,29,18:00:00,2024,11/21/2024,JUEVES,18:00-20:59,NOCHE,326,SEPARADO,SECUNDARIA,OTRO,-76.49288044,3.421504118,N,N,N,2,Nivel 4
1854,47,El Calvario,3,ARMA DE FUEGO,EMPLEADO,M,39,13:10:00,2024,11/22/2024,VIERNES,12:00-14:59,TARDE,327,SOLTERO,SECUNDARIA,DELINCUENCIA,-76.52807222,3.447797696,N,N,N,3,Nivel 4
1855,47,Potrero Grande,21,CORTOPUNZANTE,OFICIOS VARIOS,M,35,17:55:00,2024,11/22/2024,VIERNES,15:00-17:59,TARDE,327,CASADO,SECUNDARIA,CONVIVENCIA,-76.46816651,3.410545479,N,N,N,2,Nivel 4
1856,47,Sucre,9,ARMA DE FUEGO,VENDEDOR,M,24,18:30:00,2024,11/22/2024,VIERNES,18:00-20:59,NOCHE,327,UNION LIBRE,SECUNDARIA,DELINCUENCIA,-76.52603882,3.44927659,N,N,N,1,Nivel 4
1857,47,El Guabal,10,ARMA DE FUEGO,OFICIOS VARIOS,F,55,20:00:00,2024,11/22/2024,VIERNES,18:00-20:59,NOCHE,327,CASADO,SECUNDARIA,DELINCUENCIA,-76.52658527,3.414410621,N,N,N,3,Nivel 4
1858,47,San Fernando Viejo,19,ARMA DE FUEGO,OFICIOS VARIOS,M,56,12:46:00,2024,11/23/2024,SABADO,12:00-14:59,TARDE,328,UNION LIBRE,PRIMARIA,DELINCUENCIA,-76.54462568,3.433015952,N,N,N,5,Nivel 4
1859,47,El Ingenio,17,CORTOPUNZANTE,OFICIOS VARIOS,M,35,21:40:00,2024,11/23/2024,SABADO,21:00-23:59,NOCHE,328,SOLTERO,PRIMARIA,CONVIVENCIA,-76.52874359,3.385590762,N,N,N,5,Nivel 4
1860,48,La Independencia,11,ARMA DE FUEGO,VENDEDOR AMBULANTE,M,43,19:00:00,2024,11/24/2024,DOMINGO,18:00-20:59,NOCHE,329,UNION LIBRE,SECUNDARIA,DELINCUENCIA,-76.51739885,3.416988026,N,N,N,3,Nivel 4
1861,48,Sector Alto Jordán,18,ARMA DE FUEGO,ESTUDIANTE,M,40,19:45:00,2024,11/24/2024,DOMINGO,18:00-20:59,NOCHE,329,SOLTERO,UNIVERSITARIO,DELINCUENCIA,-76.5522183,3.377507352,N,N,N,1,Nivel 4
1862,48,Sector Alto Jordán,18,ARMA DE FUEGO,ALBAÑIL,M,22,6:24:00,2024,11/25/2024,LUNES,06:00-08:59,MAÑANA,330,SOLTERO,SECUNDARIA,DELINCUENCIA,-76.55231595,3.377413951,N,N,N,1,Nivel 4
1863,48,Santa Rosa,3,ARMA DE FUEGO,VENDEDOR AMBULANTE,M,23,10:10:00,2024,11/25/2024,LUNES,09:00-11:59,MAÑANA,330,CASADO,SECUNDARIA,DELINCUENCIA,-76.53628102,3.446046909,N,N,N,3,Nivel 4
1864,48,Santa Rosa,3,ARMA DE FUEGO,VENDEDOR AMBULANTE,M,39,10:30:00,2024,11/25/2024,LUNES,09:00-11:59,MAÑANA,330,UNION LIBRE,SECUNDARIA,DELINCUENCIA,-76.5336495,3.4467559,N,N,N,3,Nivel 4
1865,48,La Selva,10,OTRAS ARMAS,INTERNO CÁRCEL,M,51,14:40:00,2024,11/25/2024,LUNES,12:00-14:59,TARDE,330,UNION LIBRE,SECUNDARIA,OTRO,-76.5278686,3.4085586,N,N,N,3,Nivel 4
1866,48,CGTO. LA CASTILLA,62,ARMA DE FUEGO,DESEMPLEADO,M,24,20:20:00,2024,11/25/2024,LUNES,18:00-20:59,NOCHE,330,SOLTERO,SECUNDARIA,DELINCUENCIA,-76.57712165,3.496185857,N,N,N,2,Nivel 4
1867,48,Alirio Mora Beltrán,14,CORTOPUNZANTE,VIGILANTE,M,29,0:10:00,2024,11/26/2024,MARTES,00:00-02:59,MADRUGADA,331,SOLTERO,SECUNDARIA,DELINCUENCIA,-76.47916855,3.438772611,N,N,N,2,Nivel 4
1868,48,Las Acacias,10,ARMA DE FUEGO,MECANICO,M,32,19:50:00,2024,11/26/2024,MARTES,18:00-20:59,NOCHE,331,SOLTERO,SECUNDARIA,DELINCUENCIA,-76.52213731,3.434323109,N,N,N,3,Nivel 4
1869,48,San Cristóbal,10,ARMA DE FUEGO,OFICIOS VARIOS,M,27,21:00:00,2024,11/28/2024,JUEVES,21:00-23:59,NOCHE,333,SIN ESTABLECER,SIN ESTABLECER,DELINCUENCIA,-76.5205756,3.430068,N,N,N,3,Nivel 4
1870,48,San Cristóbal,10,ARMA DE FUEGO,MENSAJERO,M,25,21:00:00,2024,11/28/2024,JUEVES,21:00-23:59,NOCHE,333,UNION LIBRE,PRIMARIA,DELINCUENCIA,-76.5205756,3.430068,N,N,N,3,Nivel 4
1871,48,Lili,17,ARMA DE FUEGO,EMPLEADO,M,25,13:50:00,2024,11/29/2024,VIERNES,12:00-14:59,TARDE,334,SOLTERO,SECUNDARIA,DELINCUENCIA,-76.52085694,3.3703416,N,N,N,4,Nivel 4
1872,48,El Prado,11,CORTOPUNZANTE,OFICIOS VARIOS,M,33,22:00:00,2024,11/30/2024,SABADO,21:00-23:59,NOCHE,335,SIN ESTABLECER,SIN ESTABLECER,CONVIVENCIA,-76.5177514,3.4342297,N,N,N,3,Nivel 4
1873,48,Mojica,15,ARMA DE FUEGO,OFICIOS VARIOS,M,75,23:44:00,2024,11/30/2024,SABADO,21:00-23:59,NOCHE,335,SIN ESTABLECER,SIN ESTABLECER,OTRO,-76.48593476,3.417635357,N,N,N,1,Nivel 4
1874,49,Sector Alto Jordán,18,ARMA DE FUEGO,VENDEDOR AMBULANTE,M,43,5:10:00,2024,12/1/2024,DOMINGO,03:00-05:59,MADRUGADA,336,UNION LIBRE,SECUNDARIA,CONVIVENCIA,-76.5596604,3.3782908,N,N,N,1,Nivel 4
1875,49,El Vergel,13,ARMA DE FUEGO,OPERARIO,M,29,21:18:00,2024,12/1/2024,DOMINGO,21:00-23:59,NOCHE,336,SOLTERO,SECUNDARIA,DELINCUENCIA,-76.50214638,3.416905644,N,N,N,1,Nivel 4
1876,49,Aguacatal,1,ARMA DE FUEGO,DESEMPLEADO,M,19,0:05:00,2024,12/2/2024,LUNES,00:00-02:59,MADRUGADA,337,SOLTERO,SECUNDARIA,DELINCUENCIA,-76.5589379,3.4575763,N,N,N,1,Nivel 4
1877,49,Los Comuneros II,13,CORTOPUNZANTE,SIN OCUPACION,M,28,14:30:00,2024,12/2/2024,LUNES,12:00-14:59,TARDE,337,UNION LIBRE,SECUNDARIA,CONVIVENCIA,-76.49197899,3.425263667,N,N,N,2,Nivel 4
1878,49,Alto Nápoles,18,ARMA DE FUEGO,MENSAJERO,M,40,21:35:00,2024,12/2/2024,LUNES,21:00-23:59,NOCHE,337,SOLTERO,SECUNDARIA,DELINCUENCIA,-76.56106701,3.385188418,N,N,N,1,Nivel 4
1879,49,Valle Grande,21,CORTOPUNZANTE,VIGILANTE,M,36,3:00:00,2024,12/3/2024,MARTES,03:00-05:59,MADRUGADA,338,SOLTERO,PRIMARIA,OTRO,-76.46974934,3.438009298,N,N,N,2,Nivel 4
1880,49,Pizamos II,21,ARMA DE FUEGO,COMERCIANTE,M,47,16:30:00,2024,12/3/2024,MARTES,15:00-17:59,TARDE,338,UNION LIBRE,SECUNDARIA,DELINCUENCIA,-76.48877,3.31504,N,N,N,1,Nivel 4
1881,49,El Guabal,10,ARMA DE FUEGO,MENSAJERO,M,25,18:50:00,2024,12/3/2024,MARTES,18:00-20:59,NOCHE,338,SOLTERO,SECUNDARIA,DELINCUENCIA,-76.53112918,3.418770633,N,N,N,3,Nivel 4
1882,49,El Morichal,15,CORTOPUNZANTE,VIGILANTE,M,27,6:00:00,2024,12/4/2024,MIERCOLES,06:00-08:59,MAÑANA,339,UNION LIBRE,SECUNDARIA,CONVIVENCIA,-76.5047425,3.3983995,N,N,N,2,Nivel 4
1883,49,Charco Azul,13,OTRAS ARMAS,ELECTRICISTA,M,21,7:28:00,2024,12/4/2024,MIERCOLES,06:00-08:59,MAÑANA,339,SOLTERO,SECUNDARIA,OTRO,-76.48434934,3.44083274,N,N,N,1,Nivel 4
1884,49,Jorge Isaacs,4,CORTOPUNZANTE,INDIGENTE,M,26,10:16:00,2024,12/4/2024,MIERCOLES,09:00-11:59,MAÑANA,339,SIN ESTABLECER,SIN ESTABLECER,CONVIVENCIA,-76.51849395,3.454616107,N,N,N,2,Nivel 4
1885,49,El Jordán,18,ARMA DE FUEGO,PRESTAMISTA,M,23,19:20:00,2024,12/4/2024,MIERCOLES,18:00-20:59,NOCHE,339,UNION LIBRE,PRIMARIA,DELINCUENCIA,-76.55202196,3.377464689,N,N,N,2,Nivel 4
1886,49,Alfonso Barberena A.,12,ARMA DE FUEGO,AGRICULTOR,M,22,21:18:00,2024,12/4/2024,MIERCOLES,21:00-23:59,NOCHE,339,UNION LIBRE,SECUNDARIA,DELINCUENCIA,-76.50921597,3.433673895,N,N,N,2,Nivel 4
1887,49,CGTO. MONTEBELLO,64,ARMA DE FUEGO,VENDEDOR AMBULANTE,M,23,2:40:00,2024,12/5/2024,JUEVES,00:00-02:59,MADRUGADA,340,UNION LIBRE,SECUNDARIA,DELINCUENCIA,-76.55452078,3.47129227,N,N,N,2,Nivel 4
1888,49,Lili,17,ARMA DE FUEGO,VENDEDOR AMBULANTE,M,37,21:35:00,2024,12/5/2024,JUEVES,21:00-23:59,NOCHE,340,UNION LIBRE,SECUNDARIA,DELINCUENCIA,-76.5555078,3.3523329,N,N,N,4,Nivel 4
1889,49,Los Comuneros II,13,ARMA DE FUEGO,SIN OCUPACION,M,19,23:15:00,2024,12/5/2024,JUEVES,21:00-23:59,NOCHE,340,UNION LIBRE,PRIMARIA,OTRO,-76.49108394,3.424246104,N,N,N,2,Nivel 4
1890,49,Alfonso Bonilla Aragón,14,ARMA DE FUEGO,ESTUDIANTE,M,16,0:10:00,2024,12/6/2024,VIERNES,00:00-02:59,MADRUGADA,341,SOLTERO,SECUNDARIA,DELINCUENCIA,-76.48163128,3.42344482,N,N,N,1,Nivel 4
1891,49,Sector Alto de los Chorros,18,ARMA DE FUEGO,SIN OCUPACION,M,24,22:00:00,2024,12/6/2024,VIERNES,21:00-23:59,NOCHE,341,SOLTERO,PRIMARIA,DELINCUENCIA,-76.56143257,3.388336828,N,N,N,1,Nivel 4
1892,49,El Poblado I,13,ARMA DE FUEGO,OFICIOS VARIOS,M,27,18:00:00,2024,12/7/2024,SABADO,18:00-20:59,NOCHE,342,SOLTERO,SECUNDARIA,DELINCUENCIA,-76.49997255,3.419463153,N,N,N,2,Nivel 4
1893,49,Belalcázar,9,ARMA DE FUEGO,SIN OCUPACION,M,27,23:20:00,2024,12/7/2024,SABADO,21:00-23:59,NOCHE,342,CASADO,SECUNDARIA,DELINCUENCIA,-76.51990536,3.438783803,N,N,N,3,Nivel 4
1894,50,Desepaz Invicali,21,ARMA DE FUEGO,ELECTRICISTA,M,34,0:20:00,2024,12/8/2024,DOMINGO,00:00-02:59,MADRUGADA,343,SOLTERO,SECUNDARIA,DELINCUENCIA,-76.46307769,3.429749215,N,N,N,1,Nivel 4
1895,50,Polvorines,18,CORTOPUNZANTE,ALBAÑIL,M,29,6:15:00,2024,12/8/2024,DOMINGO,06:00-08:59,MAÑANA,343,UNION LIBRE,SECUNDARIA,CONVIVENCIA,-76.55582751,3.371950119,N,N,N,2,Nivel 4
1896,50,Lleras Camargo,20,ARMA DE FUEGO,OFICIOS VARIOS,M,35,11:25:00,2024,12/8/2024,DOMINGO,09:00-11:59,MAÑANA,343,SOLTERO,ILETRADO,DELINCUENCIA,-76.56286863,3.423232143,N,N,N,1,Nivel 4
1897,50,El Poblado II,13,CORTOPUNZANTE,DESEMPLEADO,M,20,18:00:00,2024,12/8/2024,DOMINGO,18:00-20:59,NOCHE,343,SOLTERO,PRIMARIA,CONVIVENCIA,-76.48670199,3.422015595,N,N,N,2,Nivel 4
1898,50,Las Acacias,10,CORTOPUNZANTE,AGRICULTOR,M,40,18:30:00,2024,12/8/2024,DOMINGO,18:00-20:59,NOCHE,343,UNION LIBRE,SECUNDARIA,CONVIVENCIA,-76.52167417,3.433931192,N,N,N,3,Nivel 4
1899,50,Alfonso Bonilla Aragón,14,ARMA DE FUEGO,VENDEDOR AMBULANTE,M,62,22:20:00,2024,12/8/2024,DOMINGO,21:00-23:59,NOCHE,343,UNION LIBRE,SECUNDARIA,DELINCUENCIA,-76.4840935,3.419141609,N,N,N,1,Nivel 4
1900,50,Jorge Eliécer Gaitán,6,CORTOPUNZANTE,PINTOR,M,19,3:15:00,2024,12/9/2024,LUNES,03:00-05:59,MADRUGADA,344,SOLTERO,SECUNDARIA,DELINCUENCIA,-76.48524726,3.477010329,N,N,N,2,Nivel 4
1901,50,Camino Real - Los Fundadores,19,ARMA DE FUEGO,INTERNO CÁRCEL,M,27,15:30:00,2024,12/9/2024,LUNES,15:00-17:59,TARDE,344,SOLTERO,SECUNDARIA,DELINCUENCIA,-76.5423435,3.407317706,N,N,N,5,Nivel 4
1902,50,CGTO. EL HORMIGUERO,52,CORTOPUNZANTE,MINERO,M,23,21:55:00,2024,12/9/2024,LUNES,21:00-23:59,NOCHE,344,SOLTERO,SECUNDARIA,DELINCUENCIA,-76.4878825,3.31321624,N,N,N,2,Nivel 4
1903,50,San Judas Tadeo I,10,ARMA DE FUEGO,DESEMPLEADO,M,28,21:55:00,2024,12/9/2024,LUNES,21:00-23:59,NOCHE,344,SOLTERO,SECUNDARIA,DELINCUENCIA,-76.52470254,3.411907797,N,N,N,3,Nivel 4
1904,50,Promociones Populares B,14,ARMA DE FUEGO,ALBAÑIL,M,41,20:07:00,2024,12/10/2024,MARTES,18:00-20:59,NOCHE,345,SEPARADO,SECUNDARIA,DELINCUENCIA,-76.47599121,3.430171042,N,N,N,1,Nivel 4
1905,50,Primavera,11,ARMA DE FUEGO,ESTUDIANTE,M,18,21:30:00,2024,12/10/2024,MARTES,21:00-23:59,NOCHE,345,SOLTERO,UNIVERSITARIO,DELINCUENCIA,-76.50845837,3.422786657,N,N,N,2,Nivel 4
1906,50,Sector Alto de los Chorros,18,ARMA DE FUEGO,OFICIOS VARIOS,M,32,0:52:00,2024,12/11/2024,MIERCOLES,00:00-02:59,MADRUGADA,346,SIN ESTABLECER,SIN ESTABLECER,DELINCUENCIA,-76.56100602,3.389487058,N,N,N,1,Nivel 4
1907,50,El Guabal,10,ARMA DE FUEGO,ENFERMERA,M,26,22:30:00,2024,12/11/2024,MIERCOLES,21:00-23:59,NOCHE,346,UNION LIBRE,TECNOLOGO,DELINCUENCIA,-76.53119608,3.417355657,N,N,N,3,Nivel 4
1908,50,San Carlos,11,ARMA DE FUEGO,VENDEDOR AMBULANTE,M,37,22:00:00,2024,12/13/2024,VIERNES,21:00-23:59,NOCHE,348,UNION LIBRE,SECUNDARIA,DELINCUENCIA,-76.51403319,3.41981535,N,N,N,3,Nivel 4
1909,50,Mojica,15,OTRAS ARMAS,OFICIOS VARIOS,M,32,23:30:00,2024,12/13/2024,VIERNES,21:00-23:59,NOCHE,348,SIN ESTABLECER,SIN ESTABLECER,OTRO,-76.48836238,3.415953985,N,N,N,1,Nivel 4
1910,50,Promociones Populares B,14,ARMA DE FUEGO,ALBAÑIL,M,31,18:50:00,2024,12/14/2024,SABADO,18:00-20:59,NOCHE,349,UNION LIBRE,SECUNDARIA,DELINCUENCIA,-76.46719354,3.423879246,N,N,N,1,Nivel 4
1911,50,El Calvario,3,ARMA DE FUEGO,VENDEDOR AMBULANTE,M,32,20:00:00,2024,12/14/2024,SABADO,18:00-20:59,NOCHE,349,UNION LIBRE,SECUNDARIA,DELINCUENCIA,-76.52938635,3.448530277,N,N,N,3,Nivel 4
1912,51,Barrio Obrero,9,CORTOPUNZANTE,PRESTAMISTA,M,29,5:30:00,2024,12/15/2024,DOMINGO,03:00-05:59,MADRUGADA,350,SOLTERO,SECUNDARIA,CONVIVENCIA,-76.52186043,3.449424847,N,N,N,2,Nivel 4
1913,51,Potrero Grande,21,ARMA DE FUEGO,PELUQUERO,M,24,18:00:00,2024,12/15/2024,DOMINGO,18:00-20:59,NOCHE,350,UNION LIBRE,SECUNDARIA,DELINCUENCIA,-76.4706878,3.411010946,N,N,N,2,Nivel 4
1914,51,Potrero Grande,21,CORTOPUNZANTE,SIN OCUPACION,M,26,21:14:00,2024,12/15/2024,DOMINGO,21:00-23:59,NOCHE,350,SIN ESTABLECER,SIN ESTABLECER,DELINCUENCIA,-76.47196894,3.407787424,N,N,N,2,Nivel 4
1915,51,Polvorines,18,ARMA DE FUEGO,SIN OCUPACION,M,40,9:50:00,2024,12/17/2024,MARTES,09:00-11:59,MAÑANA,352,SIN ESTABLECER,SIN ESTABLECER,DELINCUENCIA,-76.55722238,3.372036126,N,N,N,2,Nivel 4
1916,51,San Marino,7,ARMA DE FUEGO,OFICIOS VARIOS,M,23,20:58:00,2024,12/17/2024,MARTES,18:00-20:59,NOCHE,352,SOLTERO,SECUNDARIA,DELINCUENCIA,-76.48766904,3.460691079,N,N,N,2,Nivel 4
1917,51,Potrero Grande,21,ARMA DE FUEGO,SIN OCUPACION,M,34,21:05:00,2024,12/17/2024,MARTES,21:00-23:59,NOCHE,352,SIN ESTABLECER,SIN ESTABLECER,DELINCUENCIA,-76.46881437,3.406791115,N,N,N,2,Nivel 4
1918,51,Sucre,9,ARMA DE FUEGO,SIN OCUPACION,M,34,21:27:00,2024,12/17/2024,MARTES,21:00-23:59,NOCHE,352,SIN ESTABLECER,SIN ESTABLECER,DELINCUENCIA,-76.52489601,3.448228193,N,N,N,1,Nivel 4
1919,51,Polvorines,18,ARMA DE FUEGO,SIN DATO,M,99,0:00:00,2024,12/18/2024,MIERCOLES,00:00-02:59,MADRUGADA,353,SIN ESTABLECER,SIN ESTABLECER,DELINCUENCIA,,,N,,,2,Nivel 4
1920,51,José Manuel Marroquín II,14,ARMA DE FUEGO,OFICIOS VARIOS,M,35,7:12:00,2024,12/19/2024,JUEVES,06:00-08:59,MAÑANA,354,SOLTERO,SIN ESTABLECER,DELINCUENCIA,-76.48215778,3.437901989,N,N,N,2,Nivel 4
1921,51,El Hoyo,3,CORTOPUNZANTE,SIN OCUPACION,M,36,14:40:00,2024,12/19/2024,JUEVES,12:00-14:59,TARDE,354,SIN ESTABLECER,SIN ESTABLECER,DELINCUENCIA,-76.53026761,3.455165102,N,N,N,3,Nivel 4
1922,51,Bolivariano,4,ARMA DE FUEGO,OFICIOS VARIOS,M,21,19:21:00,2024,12/19/2024,JUEVES,18:00-20:59,NOCHE,354,SOLTERO,SECUNDARIA,DELINCUENCIA,-76.5122487,3.467852803,N,N,N,2,Nivel 4
1923,51,Urbanización Ciudad Jardín,22,ARMA DE FUEGO,PENSIONADO,M,59,19:50:00,2024,12/19/2024,JUEVES,18:00-20:59,NOCHE,354,CASADO,UNIVERSITARIO,DELINCUENCIA,-76.53130319,3.36477805,N,N,N,6,Nivel 4
1924,51,Urbanización Tequendama,19,ARMA DE FUEGO,SIN OCUPACION,M,58,11:15:00,2024,12/20/2024,VIERNES,09:00-11:59,MAÑANA,355,SIN ESTABLECER,SIN ESTABLECER,DELINCUENCIA,-76.54628889,3.42327587,N,N,N,5,Nivel 4
1925,51,Ciudad Córdoba,15,ARMA DE FUEGO,SIN OCUPACION,M,35,21:50:00,2024,12/20/2024,VIERNES,21:00-23:59,NOCHE,355,SIN ESTABLECER,SIN ESTABLECER,DELINCUENCIA,-76.5059554,3.402833206,N,N,N,3,Nivel 4
1926,51,El Gran Limonar,17,ARMA DE FUEGO,COMERCIANTE,M,41,23:50:00,2024,12/20/2024,VIERNES,21:00-23:59,NOCHE,355,SEPARADO,UNIVERSITARIO,DELINCUENCIA,-76.54297661,3.398108947,N,N,N,5,Nivel 4
1927,51,El Gran Limonar,17,ARMA DE FUEGO,SIN DATO,M,99,0:00:00,2024,12/21/2024,SABADO,00:00-02:59,MADRUGADA,356,SIN ESTABLECER,SIN ESTABLECER,DELINCUENCIA,,,N,,,5,Nivel 4
1928,52,San Nicolás,3,ARMA DE FUEGO,COMERCIANTE,M,55,1:10:00,2024,12/22/2024,DOMINGO,00:00-02:59,MADRUGADA,357,UNION LIBRE,SECUNDARIA,CONVIVENCIA,-76.52901163,3.454002288,N,N,N,2,Nivel 4
1929,52,El Rodeo,12,ARMA DE FUEGO,SIN OCUPACION,M,39,4:15:00,2024,12/22/2024,DOMINGO,03:00-05:59,MADRUGADA,357,UNION LIBRE,SECUNDARIA,DELINCUENCIA,-76.50471503,3.435268444,N,N,N,2,Nivel 4
1930,52,Los Andes B - La Riviera,5,CORTOPUNZANTE,SECRETARIA,M,43,10:01:00,2024,12/22/2024,DOMINGO,09:00-11:59,MAÑANA,357,SOLTERO,SECUNDARIA,CONVIVENCIA,-76.49367538,3.468683382,N,N,N,3,Nivel 4
1931,52,Los Conquistadores,11,ARMA DE FUEGO,ALBAÑIL,M,25,11:25:00,2024,12/22/2024,DOMINGO,09:00-11:59,MAÑANA,357,UNION LIBRE,SIN ESTABLECER,DELINCUENCIA,-76.50756616,3.424675083,N,N,N,2,Nivel 4
1932,52,Calimio Desepaz,21,ARMA DE FUEGO,SIN OCUPACION,M,24,14:40:00,2024,12/22/2024,DOMINGO,12:00-14:59,TARDE,357,SIN ESTABLECER,SIN ESTABLECER,OTRO,-76.46618335,3.41438843,N,N,N,1,Nivel 4
1933,52,Versalles,2,CORTOPUNZANTE,ALBAÑIL,M,39,16:28:00,2024,12/22/2024,DOMINGO,15:00-17:59,TARDE,357,CASADO,PRIMARIA,DELINCUENCIA,-76.52946217,3.458068813,N,N,N,5,Nivel 4
1934,52,San Pedro,3,CORTOPUNZANTE,SIN OCUPACION,F,49,19:00:00,2024,12/22/2024,DOMINGO,18:00-20:59,NOCHE,357,UNION LIBRE,SECUNDARIA,OTRO,-76.53079554,3.454030331,N,N,N,3,Nivel 4
1935,52,El Rodeo,12,ARMA DE FUEGO,SECRETARIA,M,67,20:00:00,2024,12/22/2024,DOMINGO,18:00-20:59,NOCHE,357,SOLTERO,SECUNDARIA,DELINCUENCIA,-76.5049468,3.438218787,N,N,N,2,Nivel 4
1936,52,Ciudad Córdoba,15,ARMA DE FUEGO,ALBAÑIL,M,23,21:00:00,2024,12/22/2024,DOMINGO,21:00-23:59,NOCHE,357,UNION LIBRE,SECUNDARIA,DELINCUENCIA,-76.50636326,3.405031587,N,N,N,3,Nivel 4
1937,52,Ciudad Córdoba,15,ARMA DE FUEGO,ALBAÑIL,M,31,22:02:00,2024,12/22/2024,DOMINGO,21:00-23:59,NOCHE,357,SOLTERO,SECUNDARIA,DELINCUENCIA,-76.50608526,3.406194559,N,N,N,3,Nivel 4
1938,52,Potrero Grande,21,ARMA DE FUEGO,DESEMPLEADO,M,22,0:15:00,2024,12/23/2024,LUNES,00:00-02:59,MADRUGADA,358,UNION LIBRE,SECUNDARIA,DELINCUENCIA,-76.46930166,3.408416823,N,N,N,2,Nivel 4
1939,52,Sector Alto Jordán,18,ARMA DE FUEGO,SIN OCUPACION,M,47,1:00:00,2024,12/23/2024,LUNES,00:00-02:59,MADRUGADA,358,SIN ESTABLECER,SIN ESTABLECER,OTRO,-76.55749678,3.376657137,N,N,N,1,Nivel 4
1940,52,Vista Hermosa,1,ARMA DE FUEGO,SECRETARIA,M,54,3:21:00,2024,12/23/2024,LUNES,03:00-05:59,MADRUGADA,358,UNION LIBRE,PRIMARIA,DELINCUENCIA,-76.5690519,3.4564913,N,N,N,1,Nivel 4
1941,52,El Poblado II,13,ARMA DE FUEGO,PELUQUERO,M,25,13:05:00,2024,12/24/2024,MARTES,12:00-14:59,TARDE,359,UNION LIBRE,SIN ESTABLECER,OTRO,-76.48864535,3.421154488,N,N,N,2,Nivel 4
1942,52,Lleras Camargo,20,CORTOPUNZANTE,SIN OCUPACION,M,28,22:45:00,2024,12/24/2024,MARTES,21:00-23:59,NOCHE,359,SIN ESTABLECER,SIN ESTABLECER,OTRO,-76.56310085,3.421064176,N,N,N,1,Nivel 4
1943,52,Guillermo Valencia,4,CORTOPUNZANTE,SIN OCUPACION,M,44,4:30:00,2024,12/25/2024,MIERCOLES,03:00-05:59,MADRUGADA,360,SIN ESTABLECER,SIN ESTABLECER,OTRO,-76.50923708,3.47160082,N,N,N,2,Nivel 4
1944,52,José Manuel Marroquín II,14,ARMA DE FUEGO,DESEMPLEADO,M,18,10:15:00,2024,12/25/2024,MIERCOLES,09:00-11:59,MAÑANA,360,SOLTERO,SECUNDARIA,OTRO,-76.4819688,3.429220744,N,N,N,2,Nivel 4
1945,52,Siloé,20,CORTOPUNZANTE,COMERCIANTE,M,35,23:30:00,2024,12/25/2024,MIERCOLES,21:00-23:59,NOCHE,360,UNION LIBRE,SIN ESTABLECER,OTRO,-76.55753195,3.422256666,N,N,N,1,Nivel 4
1946,52,Villa del Lago,13,CORTOPUNZANTE,AMA DE CASA,F,38,2:12:00,2024,12/26/2024,JUEVES,00:00-02:59,MADRUGADA,361,CASADO,SECUNDARIA,OTRO,-76.48918189,3.436731274,N,N,N,3,Nivel 4
1947,52,Petecuy Segunda Etapa,6,ARMA DE FUEGO,SIN OCUPACION,M,26,21:41:00,2024,12/26/2024,JUEVES,21:00-23:59,NOCHE,361,SIN ESTABLECER,SIN ESTABLECER,DELINCUENCIA,-76.48365382,3.482306958,N,N,N,2,Nivel 4
1948,52,Sector Alto Jordán,18,ARMA DE FUEGO,DESEMPLEADO,M,32,8:27:00,2024,12/27/2024,VIERNES,06:00-08:59,MAÑANA,362,SOLTERO,SECUNDARIA,DELINCUENCIA,-76.55855615,3.376799198,N,N,N,1,Nivel 4
1949,52,Lourdes,18,ARMA DE FUEGO,MENSAJERO,M,29,15:09:00,2024,12/27/2024,VIERNES,15:00-17:59,TARDE,362,UNION LIBRE,SIN ESTABLECER,DELINCUENCIA,-76.55384243,3.392549374,N,N,N,2,Nivel 4
1950,52,Ciudad Capri,17,ARMA DE FUEGO,EMPLEADO,M,56,16:18:00,2024,12/27/2024,VIERNES,15:00-17:59,TARDE,362,SOLTERO,PRIMARIA,DELINCUENCIA,-76.54028854,3.387210116,N,N,N,5,Nivel 4
1951,52,Granada,2,ARMA DE FUEGO,SIN OCUPACION,M,35,3:52:00,2024,12/28/2024,SABADO,03:00-05:59,MADRUGADA,363,SIN ESTABLECER,SIN ESTABLECER,DELINCUENCIA,-76.53535277,3.459230888,N,N,N,4,Nivel 4
1952,52,Guillermo Valencia,4,CORTOPUNZANTE,SIN OCUPACION,M,56,7:18:00,2024,12/28/2024,SABADO,06:00-08:59,MAÑANA,363,SIN ESTABLECER,SIN ESTABLECER,OTRO,-76.50890268,3.47261514,N,N,N,2,Nivel 4
1953,52,El Ingenio,17,ARMA DE FUEGO,SIN OCUPACION,F,50,17:40:00,2024,12/28/2024,SABADO,15:00-17:59,TARDE,363,UNION LIBRE,SECUNDARIA,DELINCUENCIA,-76.5284563,3.385066465,N,N,N,5,Nivel 4
1954,52,El Ingenio,17,ARMA DE FUEGO,SIN OCUPACION,M,47,17:40:00,2024,12/28/2024,SABADO,15:00-17:59,TARDE,363,UNION LIBRE,SECUNDARIA,DELINCUENCIA,-76.5284563,3.385066465,N,N,N,5,Nivel 4
1955,52,Barrio Obrero,9,ARMA DE FUEGO,SIN OCUPACION,M,46,18:30:00,2024,12/28/2024,SABADO,18:00-20:59,NOCHE,363,SIN ESTABLECER,SIN ESTABLECER,DELINCUENCIA,-76.52128811,3.444027133,N,N,N,2,Nivel 4
1956,52,San Nicolás,3,ARMA DE FUEGO,SIN OCUPACION,M,30,23:38:00,2024,12/28/2024,SABADO,21:00-23:59,NOCHE,363,SIN ESTABLECER,SIN ESTABLECER,DELINCUENCIA,-76.52630968,3.45221255,N,N,N,2,Nivel 4
1957,1,San Nicolás,3,CORTOPUNZANTE,OFICIOS VARIOS,M,30,0:50:00,2024,12/29/2024,DOMINGO,00:00-02:59,MADRUGADA,364,SIN ESTABLECER,SIN ESTABLECER,DELINCUENCIA,-76.52773842,3.455542833,N,N,N,2,Nivel 4
1958,1,Alto Nápoles,18,ARMA DE FUEGO,DESEMPLEADO,M,30,10:20:00,2024,12/29/2024,DOMINGO,09:00-11:59,MAÑANA,364,SIN ESTABLECER,PRIMARIA,DELINCUENCIA,-76.55776306,3.383728404,N,N,N,1,Nivel 4
1959,1,Terrón Colorado,1,ARMA DE FUEGO,SECRETARIA,M,31,22:33:00,2024,12/29/2024,DOMINGO,21:00-23:59,NOCHE,364,SIN ESTABLECER,SIN ESTABLECER,DELINCUENCIA,-76.56871095,3.4544903,N,N,N,2,Nivel 4
1960,1,José Manuel Marroquín I,14,ARMA DE FUEGO,OFICIOS VARIOS,M,23,23:05:00,2024,12/29/2024,DOMINGO,21:00-23:59,NOCHE,364,SIN ESTABLECER,SECUNDARIA,DELINCUENCIA,-76.47824086,3.420257766,N,N,N,2,Nivel 4
1961,1,Promociones Populares B,14,ARMA DE FUEGO,SIN OCUPACION,M,32,0:15:00,2024,12/30/2024,LUNES,00:00-02:59,MADRUGADA,365,SIN ESTABLECER,SECUNDARIA,DELINCUENCIA,-76.46861521,3.425403703,N,N,N,1,Nivel 4
1962,1,Desepaz Invicali,21,CORTOPUNZANTE,SIN OCUPACION,M,21,12:50:00,2024,12/31/2024,MARTES,12:00-14:59,TARDE,366,SIN ESTABLECER,SIN ESTABLECER,OTRO,-76.46169383,3.429019703,N,N,N,1,Nivel 4
1963,1,Menga,2,ARMA DE FUEGO,COMERCIANTE,M,27,18:45:00,2024,12/31/2024,MARTES,18:00-20:59,NOCHE,366,SIN ESTABLECER,SECUNDARIA,DELINCUENCIA,-76.5285913,3.4952918,N,N,N,6,Nivel 4
1964,1,Bellavista,19,ARMA DE FUEGO,OFICIOS VARIOS,M,30,8:30:00,2025,1/1/2025,MIERCOLES,06:00-08:59,MAÑANA,1,SIN ESTABLECER,SECUNDARIA,CONVIVENCIA,-76.55486386,3.446295253,N,N,N,2,Nivel 4
1965,1,Puerta del Sol,14,ARMA DE FUEGO,DESEMPLEADO,M,27,20:05:00,2025,1/1/2025,MIERCOLES,18:00-20:59,NOCHE,1,SIN ESTABLECER,UNIVERSITARIO,DELINCUENCIA,-76.47444906,3.433476527,N,N,N,1,Nivel 4
1966,1,Rodrigo Lara Bonilla,13,ARMA DE FUEGO,DESEMPLEADO,M,22,22:50:00,2025,1/1/2025,MIERCOLES,21:00-23:59,NOCHE,1,SIN ESTABLECER,SECUNDARIA,DELINCUENCIA,-76.4888408,3.4276678,N,N,N,2,Nivel 4
1967,1,Aguacatal,1,ARMA DE FUEGO,ALBAÑIL,M,28,23:30:00,2025,1/1/2025,MIERCOLES,21:00-23:59,NOCHE,1,SOLTERO,SECUNDARIA,DELINCUENCIA,-76.5589379,3.4575763,N,N,N,1,Nivel 4
1968,1,Fenalco Kennedy,12,ARMA DE FUEGO,AYUDANTE DE TRANSPORTE,M,24,1:20:00,2025,1/2/2025,JUEVES,00:00-02:59,MADRUGADA,2,SIN ESTABLECER,SIN ESTABLECER,DELINCUENCIA,-76.50012669,3.437504538,N,N,N,3,Nivel 4
1969,1,Alfonso Lopez P. 1a Etapa,7,ARMA DE FUEGO,SIN OCUPACION,M,45,2:30:00,2025,1/2/2025,JUEVES,00:00-02:59,MADRUGADA,2,SIN ESTABLECER,SIN ESTABLECER,CONVIVENCIA,-76.47915616,3.464596248,N,N,N,2,Nivel 4
1970,1,Petecuy Tercera Etapa,6,ARMA DE FUEGO,OFICIOS VARIOS,M,34,3:30:00,2025,1/2/2025,JUEVES,03:00-05:59,MADRUGADA,2,SIN ESTABLECER,SIN ESTABLECER,OTRO,-76.48216261,3.475440904,N,N,N,2,Nivel 4
1971,1,Antonio Nariño,16,ARMA DE FUEGO,ALBAÑIL,M,59,6:57:00,2025,1/2/2025,JUEVES,06:00-08:59,MAÑANA,2,SIN ESTABLECER,SIN ESTABLECER,CONVIVENCIA,-76.50471352,3.410305876,N,N,N,2,Nivel 4
1972,1,Sucre,9,ARMA DE FUEGO,SIN OCUPACION,F,24,7:50:00,2025,1/2/2025,JUEVES,06:00-08:59,MAÑANA,2,SIN ESTABLECER,SECUNDARIA,DELINCUENCIA,-76.52646176,3.447175254,N,N,N,1,Nivel 4
1973,1,Los Sauces,11,OTRAS ARMAS,AMA DE CASA,F,79,12:00:00,2025,1/3/2025,VIERNES,12:00-14:59,TARDE,3,UNION LIBRE,SECUNDARIA,CONVIVENCIA,-76.51134251,3.419262434,N,N,N,3,Nivel 4
1974,1,20 de Julio,11,ARMA DE FUEGO,SIN OCUPACION,M,27,18:25:00,2025,1/3/2025,VIERNES,18:00-20:59,NOCHE,3,SIN ESTABLECER,SECUNDARIA,DELINCUENCIA,-76.5130539,3.4350845,N,N,N,3,Nivel 4
1975,1,Sector Alto Jordán,18,ARMA DE FUEGO,SIN OCUPACION,M,35,19:25:00,2025,1/3/2025,VIERNES,18:00-20:59,NOCHE,3,CASADO,SECUNDARIA,CONVIVENCIA,-76.5570607,3.376694276,N,N,N,1,Nivel 4
1976,1,Unión de Vivienda Popular,16,ARMA DE FUEGO,TECNICO,M,33,20:13:00,2025,1/3/2025,VIERNES,18:00-20:59,NOCHE,3,SIN ESTABLECER,SIN ESTABLECER,OTRO,-76.5076335,3.4082707,N,N,N,2,Nivel 4
1977,1,Brisas de Los Álamos,2,ARMA DE FUEGO,SIN OCUPACION,M,18,22:15:00,2025,1/3/2025,VIERNES,21:00-23:59,NOCHE,3,SIN ESTABLECER,SIN ESTABLECER,DELINCUENCIA,-76.50109272,3.493078534,N,N,N,3,Nivel 4
1978,1,Polvorines,18,ARMA DE FUEGO,OFICIOS VARIOS,M,44,1:30:00,2025,1/4/2025,SABADO,00:00-02:59,MADRUGADA,4,SIN ESTABLECER,SECUNDARIA,DELINCUENCIA,-76.55905247,3.374264307,N,N,N,2,Nivel 4
1979,1,Polvorines,18,ARMA DE FUEGO,OFICIOS VARIOS,M,32,1:30:00,2025,1/4/2025,SABADO,00:00-02:59,MADRUGADA,4,SIN ESTABLECER,SECUNDARIA,DELINCUENCIA,-76.55905247,3.374264307,N,N,N,2,Nivel 4
1980,1,Pueblo Joven,20,ARMA DE FUEGO,SIN OCUPACION,M,21,6:20:00,2025,1/4/2025,SABADO,06:00-08:59,MAÑANA,4,SIN ESTABLECER,SIN ESTABLECER,DELINCUENCIA,-76.56563885,3.417030532,N,N,N,1,Nivel 4
1981,1,Barrio Obrero,9,ARMA DE FUEGO,SIN OCUPACION,M,25,19:30:00,2025,1/4/2025,SABADO,18:00-20:59,NOCHE,4,UNION LIBRE,SECUNDARIA,DELINCUENCIA,-76.52024915,3.445514175,N,N,N,2,Nivel 4
1982,1,El Jardín,11,ARMA DE FUEGO,OPERARIO,M,50,19:45:00,2025,1/4/2025,SABADO,18:00-20:59,NOCHE,4,SIN ESTABLECER,SIN ESTABLECER,CONVIVENCIA,-76.51698432,3.426358391,N,N,N,3,Nivel 4
1983,1,El Vallado,15,ARMA DE FUEGO,OFICIOS VARIOS,M,24,21:20:00,2025,1/4/2025,SABADO,21:00-23:59,NOCHE,4,SIN ESTABLECER,PRIMARIA,DELINCUENCIA,-76.49439628,3.406222383,N,N,N,2,Nivel 4
1984,2,La Isla,4,ARMA DE FUEGO,SIN OCUPACION,M,23,9:00:00,2025,1/5/2025,DOMINGO,09:00-11:59,MAÑANA,5,SOLTERO,SECUNDARIA,DELINCUENCIA,-76.5137766,3.4726127,N,N,N,2,Nivel 4
1985,2,Sector Alto de los Chorros,18,ARMA DE FUEGO,SIN OCUPACION,M,17,14:20:00,2025,1/5/2025,DOMINGO,12:00-14:59,TARDE,5,SIN ESTABLECER,SIN ESTABLECER,DELINCUENCIA,-76.5612569,3.394176503,N,N,N,1,Nivel 4
1986,2,Los Comuneros I,15,ARMA DE FUEGO,SIN OCUPACION,M,39,15:46:00,2025,1/5/2025,DOMINGO,15:00-17:59,TARDE,5,CASADO,SECUNDARIA,DELINCUENCIA,-76.4920936,3.4101998,N,N,N,2,Nivel 4
1987,2,Desepaz Invicali,21,ARMA DE FUEGO,SIN OCUPACION,M,23,23:15:00,2025,1/5/2025,DOMINGO,21:00-23:59,NOCHE,5,SIN ESTABLECER,SIN ESTABLECER,DELINCUENCIA,-76.46358338,3.424439658,N,N,N,1,Nivel 4
1988,2,Los Parques Barranquilla,5,ARMA DE FUEGO,SIN OCUPACION,M,33,0:10:00,2025,1/6/2025,LUNES,00:00-02:59,MADRUGADA,6,CASADO,SECUNDARIA,DELINCUENCIA,-76.49736724,3.476757491,N,N,N,3,Nivel 4
1989,2,Alfonso Bonilla Aragón,14,ARMA DE FUEGO,OFICIOS VARIOS,M,35,4:20:00,2025,1/6/2025,LUNES,03:00-05:59,MADRUGADA,6,SOLTERO,SECUNDARIA,CONVIVENCIA,-76.48234603,3.417165378,N,N,N,1,Nivel 4
1990,2,Mojica,15,CORTOPUNZANTE,SIN OCUPACION,M,29,4:22:00,2025,1/6/2025,LUNES,03:00-05:59,MADRUGADA,6,SIN ESTABLECER,SIN ESTABLECER,CONVIVENCIA,-76.48570916,3.413186919,N,N,N,1,Nivel 4
1991,2,Promociones Populares B,14,ARMA DE FUEGO,PELUQUERO,M,24,15:00:00,2025,1/6/2025,LUNES,15:00-17:59,TARDE,6,SOLTERO,SECUNDARIA,DELINCUENCIA,-76.46949498,3.428619166,N,N,N,1,Nivel 4
1992,2,Ciudad Talanga,21,ARMA DE FUEGO,PRESTAMISTA,M,38,17:57:00,2025,1/7/2025,MARTES,15:00-17:59,TARDE,7,SOLTERO,PRIMARIA,DELINCUENCIA,-76.46628643,3.435837146,N,N,N,1,Nivel 4
1993,2,José Manuel Marroquín I,14,ARMA DE FUEGO,SIN OCUPACION,M,28,23:02:00,2025,1/7/2025,MARTES,21:00-23:59,NOCHE,7,SOLTERO,SECUNDARIA,DELINCUENCIA,-76.47995953,3.421658938,N,N,N,2,Nivel 4
1994,2,Aguablanca,11,ARMA DE FUEGO,OFICIOS VARIOS,M,30,1:10:00,2025,1/9/2025,JUEVES,00:00-02:59,MADRUGADA,9,SOLTERO,PRIMARIA,DELINCUENCIA,-76.5199103,3.429173066,N,N,N,3,Nivel 4
1995,2,Centenario,2,CORTOPUNZANTE,INDIGENTE,M,50,15:00:00,2025,1/9/2025,JUEVES,15:00-17:59,TARDE,9,SIN ESTABLECER,SIN ESTABLECER,CONVIVENCIA,-76.54043073,3.451187684,N,N,N,5,Nivel 4
1996,2,Potrero Grande,21,ARMA DE FUEGO,OFICIOS VARIOS,M,33,21:53:00,2025,1/9/2025,JUEVES,21:00-23:59,NOCHE,9,SOLTERO,PRIMARIA,DELINCUENCIA,-76.47128355,3.411029403,N,N,N,2,Nivel 4
1997,2,San Cristóbal,10,CORTOPUNZANTE,SIN OCUPACION,M,35,1:45:00,2025,1/10/2025,VIERNES,00:00-02:59,MADRUGADA,10,SIN ESTABLECER,SIN ESTABLECER,DELINCUENCIA,-76.52004378,3.43189312,N,N,N,3,Nivel 4
1998,2,Los Comuneros I,15,CORTOPUNZANTE,INDIGENTE,M,24,5:35:00,2025,1/11/2025,SABADO,03:00-05:59,MADRUGADA,11,SOLTERO,SECUNDARIA,DELINCUENCIA,-76.4920936,3.4101998,N,N,N,2,Nivel 4
1999,3,José Manuel Marroquín I,14,ARMA DE FUEGO,SIN OCUPACION,M,41,6:45:00,2025,1/12/2025,DOMINGO,06:00-08:59,MAÑANA,12,SOLTERO,SIN ESTABLECER,DELINCUENCIA,-76.4859494,3.4276264,N,N,N,2,Nivel 4
2000,3,Ciudad Talanga,21,CORTOPUNZANTE,COMERCIANTE,M,51,9:52:00,2025,1/12/2025,DOMINGO,09:00-11:59,MAÑANA,12,SEPARADO,SECUNDARIA,DELINCUENCIA,-76.46890389,3.434009201,N,N,N,1,Nivel 4
2001,3,José Manuel Marroquín I,14,ARMA DE FUEGO,AMA DE CASA,F,75,17:40:00,2025,1/12/2025,DOMINGO,15:00-17:59,TARDE,12,CASADO,PRIMARIA,DELINCUENCIA,-76.4859494,3.4276264,N,N,N,2,Nivel 4
2002,3,José Manuel Marroquín I,14,ARMA DE FUEGO,ESTUDIANTE,F,23,18:43:00,2025,1/12/2025,DOMINGO,18:00-20:59,NOCHE,12,SOLTERO,SECUNDARIA,DELINCUENCIA,-76.4859494,3.4276264,N,N,N,2,Nivel 4
2003,3,El Morichal,15,ARMA DE FUEGO,OFICIOS VARIOS,M,25,18:43:00,2025,1/12/2025,DOMINGO,18:00-20:59,NOCHE,12,SOLTERO,SIN ESTABLECER,DELINCUENCIA,-76.50595033,3.395118775,N,N,N,2,Nivel 4
2004,3,El Morichal,15,ARMA DE FUEGO,SIN OCUPACION,M,21,18:43:00,2025,1/12/2025,DOMINGO,18:00-20:59,NOCHE,12,SIN ESTABLECER,SIN ESTABLECER,DELINCUENCIA,-76.50595033,3.395118775,N,N,N,2,Nivel 4
2005,3,Marco Fidel Suárez,4,ARMA DE FUEGO,ESTUDIANTE,M,28,21:40:00,2025,1/12/2025,DOMINGO,21:00-23:59,NOCHE,12,SOLTERO,SECUNDARIA,DELINCUENCIA,-76.50846605,3.47331695,N,N,N,2,Nivel 4
2006,3,Benjamín Herrera,8,CORTOPUNZANTE,SIN OCUPACION,M,16,9:28:00,2025,1/14/2025,MARTES,09:00-11:59,MAÑANA,14,SIN ESTABLECER,SIN ESTABLECER,CONVIVENCIA,-76.51575069,3.445500762,N,N,N,3,Nivel 4
2007,3,Sector Alto de los Chorros,18,ARMA DE FUEGO,DESEMPLEADO,M,31,13:45:00,2025,1/14/2025,MARTES,12:00-14:59,TARDE,14,SIN ESTABLECER,SECUNDARIA,DELINCUENCIA,-76.56298325,3.388441244,N,N,N,1,Nivel 4
2008,3,Sucre,9,ARMA DE FUEGO,SIN OCUPACION,M,24,23:15:00,2025,1/14/2025,MARTES,21:00-23:59,NOCHE,14,SIN ESTABLECER,SIN ESTABLECER,CONVIVENCIA,-76.52498722,3.448586572,N,N,N,1,Nivel 4
2009,3,Lleras Restrepo,13,ARMA DE FUEGO,TAXISTA,M,27,0:41:00,2025,1/15/2025,MIERCOLES,00:00-02:59,MADRUGADA,15,SEPARADO,PRIMARIA,DELINCUENCIA,-76.49173352,3.438390653,N,N,N,2,Nivel 4
2010,3,Los Comuneros II,13,ARMA DE FUEGO,SIN OCUPACION,M,26,0:41:00,2025,1/15/2025,MIERCOLES,00:00-02:59,MADRUGADA,15,SOLTERO,SIN ESTABLECER,DELINCUENCIA,-76.49203386,3.424685221,N,N,N,2,Nivel 4
2011,3,Nueva Floresta,12,ARMA DE FUEGO,COMERCIANTE,M,30,16:15:00,2025,1/15/2025,MIERCOLES,15:00-17:59,TARDE,15,SIN ESTABLECER,SIN ESTABLECER,DELINCUENCIA,-76.49881436,3.440254617,N,N,N,3,Nivel 4
2012,3,Alfonso Bonilla Aragón,14,CORTOPUNZANTE,SIN OCUPACION,M,19,0:07:00,2025,1/16/2025,JUEVES,00:00-02:59,MADRUGADA,16,UNION LIBRE,SIN ESTABLECER,CONVIVENCIA,-76.48411125,3.418327467,N,N,N,1,Nivel 4
2013,3,Valle Grande,21,ARMA DE FUEGO,ESTUDIANTE,F,14,0:36:00,2025,1/16/2025,JUEVES,00:00-02:59,MADRUGADA,16,SOLTERO,SECUNDARIA,DELINCUENCIA,-76.4700455,3.4372328,N,N,N,2,Nivel 4
2014,3,El Gran Limonar - Cataya,17,ARMA DE FUEGO,OFICIOS VARIOS,M,36,14:05:00,2025,1/16/2025,JUEVES,12:00-14:59,TARDE,16,CASADO,SIN ESTABLECER,DELINCUENCIA,-76.5423204,3.4001612,N,N,N,5,Nivel 4
2015,3,El Poblado II,13,ARMA DE FUEGO,SIN OCUPACION,M,22,23:00:00,2025,1/16/2025,JUEVES,21:00-23:59,NOCHE,16,SOLTERO,SIN ESTABLECER,DELINCUENCIA,-76.49121058,3.421783239,N,N,N,2,Nivel 4
2016,3,Alto Nápoles,18,ARMA DE FUEGO,SIN OCUPACION,M,24,6:40:00,2025,1/17/2025,VIERNES,06:00-08:59,MAÑANA,17,SOLTERO,SECUNDARIA,DELINCUENCIA,-76.56015929,3.382036838,N,N,N,1,Nivel 4
2017,3,San Marino,7,ARMA DE FUEGO,OBRERO,M,24,7:53:00,2025,1/17/2025,VIERNES,06:00-08:59,MAÑANA,17,SIN ESTABLECER,SIN ESTABLECER,DELINCUENCIA,-76.48709498,3.461825113,N,N,N,2,Nivel 4
2018,3,Potrero Grande,21,ARMA DE FUEGO,SIN OCUPACION,M,20,4:50:00,2025,1/18/2025,SABADO,03:00-05:59,MADRUGADA,18,SOLTERO,PRIMARIA,DELINCUENCIA,-76.46866833,3.410296507,N,N,N,2,Nivel 4
2019,3,Potrero Grande,21,ARMA DE FUEGO,MOTORISTA,M,31,4:50:00,2025,1/18/2025,SABADO,03:00-05:59,MADRUGADA,18,UNION LIBRE,SECUNDARIA,DELINCUENCIA,-76.46866833,3.410296507,N,N,N,2,Nivel 4
2020,3,Manuela Beltrán,14,ARMA DE FUEGO,SIN OCUPACION,M,28,7:55:00,2025,1/18/2025,SABADO,06:00-08:59,MAÑANA,18,UNION LIBRE,SECUNDARIA,DELINCUENCIA,-76.47246908,3.416653951,N,N,N,1,Nivel 4
2021,3,Urbanización Tequendama,19,ARMA DE FUEGO,OFICIOS VARIOS,M,38,15:27:00,2025,1/18/2025,SABADO,15:00-17:59,TARDE,18,UNION LIBRE,SECUNDARIA,DELINCUENCIA,-76.54462579,3.42086878,N,N,N,5,Nivel 4
2022,3,Alfonso Lopez P. 1a Etapa,7,CORTOPUNZANTE,SIN OCUPACION,M,46,19:35:00,2025,1/18/2025,SABADO,18:00-20:59,NOCHE,18,CASADO,PRIMARIA,CONVIVENCIA,-76.4759039,3.466176049,N,N,N,2,Nivel 4
2023,3,Vista Hermosa,1,ARMA DE FUEGO,SIN OCUPACION,M,52,22:10:00,2025,1/18/2025,SABADO,21:00-23:59,NOCHE,18,UNION LIBRE,TECNOLOGO,DELINCUENCIA,-76.57922543,3.455265291,N,N,N,1,Nivel 4
2024,4,Mariano Ramos,16,ARMA DE FUEGO,PELUQUERO,M,34,1:50:00,2025,1/19/2025,DOMINGO,00:00-02:59,MADRUGADA,19,SOLTERO,TECNOLOGO,DELINCUENCIA,-76.51637419,3.398291115,N,N,N,2,Nivel 4
2025,4,El Calvario,3,CORTOPUNZANTE,VIGILANTE,M,24,3:10:00,2025,1/19/2025,DOMINGO,03:00-05:59,MADRUGADA,19,SOLTERO,PRIMARIA,DELINCUENCIA,-76.53056251,3.446512462,N,N,N,3,Nivel 4
2026,4,Barrio Obrero,9,ARMA DE FUEGO,SIN OCUPACION,M,24,6:40:00,2025,1/19/2025,DOMINGO,06:00-08:59,MAÑANA,19,SIN ESTABLECER,PRIMARIA,DELINCUENCIA,-76.51841493,3.44942867,N,N,N,2,Nivel 4
2027,4,Pizamos I,21,ARMA DE FUEGO,DISEÑADOR,F,30,7:20:00,2025,1/19/2025,DOMINGO,06:00-08:59,MAÑANA,19,SOLTERO,UNIVERSITARIO,DELINCUENCIA,-76.47590995,3.401396656,N,N,N,1,Nivel 4
2028,4,Desepaz Invicali,21,CORTOPUNZANTE,OFICIOS VARIOS,M,44,10:40:00,2025,1/19/2025,DOMINGO,09:00-11:59,MAÑANA,19,UNION LIBRE,PRIMARIA,DELINCUENCIA,-76.46276757,3.428452903,N,N,N,1,Nivel 4
2029,4,Ciudad Talanga,21,ARMA DE FUEGO,OFICIOS VARIOS,M,26,1:50:00,2025,1/20/2025,LUNES,00:00-02:59,MADRUGADA,20,SOLTERO,SECUNDARIA,DELINCUENCIA,-76.46665371,3.432946835,N,N,N,1,Nivel 4
2030,4,Siloé,20,ARMA DE FUEGO,MECANICO,M,49,8:03:00,2025,1/20/2025,LUNES,06:00-08:59,MAÑANA,20,SEPARADO,PRIMARIA,DELINCUENCIA,-76.5533443,3.420461175,N,N,N,1,Nivel 4
2031,4,El Cortijo,20,ARMA DE FUEGO,SIN OCUPACION,M,45,5:20:00,2025,1/21/2025,MARTES,03:00-05:59,MADRUGADA,21,UNION LIBRE,UNIVERSITARIO,DELINCUENCIA,-76.55844469,3.416120859,N,N,N,2,Nivel 4
2032,4,Urbanización La Merced,2,ARMA DE FUEGO,COMERCIANTE,M,49,7:00:00,2025,1/21/2025,MARTES,06:00-08:59,MAÑANA,21,CASADO,UNIVERSITARIO,OTRO,-76.51570341,3.480003541,N,N,N,4,Nivel 4
2033,4,Ciudad Talanga,21,ARMA DE FUEGO,MOTORATON,M,29,10:39:00,2025,1/21/2025,MARTES,09:00-11:59,MAÑANA,21,UNION LIBRE,SIN ESTABLECER,DELINCUENCIA,-76.47103092,3.433240829,N,N,N,1,Nivel 4
2034,4,El Vergel,13,ARMA DE FUEGO,AMA DE CASA,F,53,3:33:00,2025,1/22/2025,MIERCOLES,03:00-05:59,MADRUGADA,22,CASADO,PRIMARIA,DELINCUENCIA,-76.50248036,3.415740386,N,N,N,1,Nivel 4
2035,4,Mojica,15,ARMA DE FUEGO,ALBAÑIL,M,35,4:10:00,2025,1/22/2025,MIERCOLES,03:00-05:59,MADRUGADA,22,UNION LIBRE,SECUNDARIA,CONVIVENCIA,-76.48510091,3.416737765,N,N,N,1,Nivel 4
2036,4,Santa Elena,10,ARMA DE FUEGO,VENDEDOR AMBULANTE,M,43,4:40:00,2025,1/22/2025,MIERCOLES,03:00-05:59,MADRUGADA,22,UNION LIBRE,SECUNDARIA,DELINCUENCIA,-76.52088803,3.429055781,N,N,N,3,Nivel 4
2037,4,Los Comuneros II,13,ARMA DE FUEGO,SIN OCUPACION,M,22,6:30:00,2025,1/22/2025,MIERCOLES,06:00-08:59,MAÑANA,22,SOLTERO,SECUNDARIA,OTRO,-76.49129559,3.424932698,N,N,N,2,Nivel 4
2038,4,Sector Alto Jordán,18,ARMA DE FUEGO,MOTORATON,M,25,11:00:00,2025,1/22/2025,MIERCOLES,09:00-11:59,MAÑANA,22,SOLTERO,PRIMARIA,OTRO,-76.5596604,3.3782908,N,N,N,1,Nivel 4
2039,4,Villa Colombia,8,ARMA DE FUEGO,MENSAJERO,M,61,7:05:00,2025,1/23/2025,JUEVES,06:00-08:59,MAÑANA,23,SOLTERO,SECUNDARIA,DELINCUENCIA,-76.49930412,3.446792929,N,N,N,3,Nivel 4
2040,4,Ciudad Córdoba,15,ARMA DE FUEGO,DESEMPLEADO,M,20,9:40:00,2025,1/23/2025,JUEVES,09:00-11:59,MAÑANA,23,SOLTERO,SECUNDARIA,DELINCUENCIA,-76.50192386,3.405622878,N,N,N,3,Nivel 4
2041,4,José Manuel Marroquín II,14,ARMA DE FUEGO,SIN OCUPACION,M,16,8:24:00,2025,1/24/2025,VIERNES,06:00-08:59,MAÑANA,24,SOLTERO,SECUNDARIA,CONVIVENCIA,-76.47949168,3.427856583,N,N,N,2,Nivel 4
2042,4,José Manuel Marroquín II,14,ARMA DE FUEGO,VIGILANTE,M,39,8:24:00,2025,1/24/2025,VIERNES,06:00-08:59,MAÑANA,24,SOLTERO,SIN ESTABLECER,CONVIVENCIA,-76.47949168,3.427856583,N,N,N,2,Nivel 4
2043,4,Potrero Grande,21,ARMA DE FUEGO,ALBAÑIL,M,39,8:05:00,2025,1/25/2025,SABADO,06:00-08:59,MAÑANA,25,UNION LIBRE,PRIMARIA,DELINCUENCIA,-76.4685995,3.4089428,N,N,N,2,Nivel 4
2044,4,Sector Alto Jordán,18,ARMA DE FUEGO,SIN OCUPACION,M,47,9:40:00,2025,1/25/2025,SABADO,09:00-11:59,MAÑANA,25,SOLTERO,SIN ESTABLECER,DELINCUENCIA,-76.5596604,3.3782908,N,N,N,1,Nivel 4
2045,5,Los Comuneros I,15,ARMA DE FUEGO,VENDEDOR AMBULANTE,M,44,18:31:00,2025,1/26/2025,DOMINGO,18:00-20:59,NOCHE,26,UNION LIBRE,SECUNDARIA,DELINCUENCIA,-76.4920936,3.4101998,N,N,N,2,Nivel 4
2046,5,El Retiro,15,ARMA DE FUEGO,VENDEDOR,M,33,21:00:00,2025,1/26/2025,DOMINGO,21:00-23:59,NOCHE,26,SOLTERO,SECUNDARIA,DELINCUENCIA,-76.49904037,3.412529318,N,N,N,1,Nivel 4
2047,5,La Sultana,20,OTRAS ARMAS,ALBAÑIL,M,37,9:00:00,2025,1/27/2025,LUNES,09:00-11:59,MAÑANA,27,SOLTERO,PRIMARIA,CONVIVENCIA,-76.56388066,3.423882525,N,N,N,1,Nivel 4
2048,5,El Morichal,15,ARMA DE FUEGO,MENSAJERO,M,18,21:40:00,2025,1/27/2025,LUNES,21:00-23:59,NOCHE,27,SOLTERO,SECUNDARIA,DELINCUENCIA,-76.5047425,3.3983995,N,N,N,2,Nivel 4
2049,5,El Remanso,21,ARMA DE FUEGO,SIN OCUPACION,M,34,22:25:00,2025,1/27/2025,LUNES,21:00-23:59,NOCHE,27,UNION LIBRE,TECNOLOGO,DELINCUENCIA,-76.46725756,3.418134186,N,N,N,1,Nivel 4
2050,5,Alfonso Lopez P. 1a Etapa,7,ARMA DE FUEGO,CERRAJERO,M,35,10:39:00,2025,1/28/2025,MARTES,09:00-11:59,MAÑANA,28,UNION LIBRE,SECUNDARIA,DELINCUENCIA,-76.48394716,3.465430207,N,N,N,2,Nivel 4
2051,5,Meléndez,18,ARMA DE FUEGO,SIN OCUPACION,M,55,17:25:00,2025,1/28/2025,MARTES,15:00-17:59,TARDE,28,UNION LIBRE,PRIMARIA,OTRO,-76.5428857,3.376858984,N,N,N,3,Nivel 4
2052,5,Planta de Tratamiento,21,ARMA DE FUEGO,MOTORISTA,M,20,19:30:00,2025,1/28/2025,MARTES,18:00-20:59,NOCHE,28,SOLTERO,SECUNDARIA,DELINCUENCIA,-76.48208594,3.44305911,N,N,N,1,Nivel 4
2053,5,Cañaverales - Los Samanes,17,ARMA DE FUEGO,INDIGENTE,M,27,21:30:00,2025,1/28/2025,MARTES,21:00-23:59,NOCHE,28,CASADO,SECUNDARIA,CONVIVENCIA,-76.5229013,3.402349578,N,N,N,3,Nivel 4
2054,5,Altos de Menga,2,ARMA DE FUEGO,DESEMPLEADO,M,20,22:30:00,2025,1/30/2025,JUEVES,21:00-23:59,NOCHE,30,SOLTERO,SIN ESTABLECER,DELINCUENCIA,-76.53411715,3.491488357,N,N,N,1,Nivel 4
2055,5,Altos de Menga,2,ARMA DE FUEGO,MOTORISTA,M,27,22:30:00,2025,1/30/2025,JUEVES,21:00-23:59,NOCHE,30,UNION LIBRE,SIN ESTABLECER,DELINCUENCIA,-76.53411715,3.491488357,N,N,N,1,Nivel 4
2056,5,El Diamante,13,ARMA DE FUEGO,ALBAÑIL,M,27,0:55:00,2025,1/31/2025,VIERNES,00:00-02:59,MADRUGADA,31,SOLTERO,SECUNDARIA,DELINCUENCIA,-76.50291595,3.424015643,N,N,N,2,Nivel 4
2057,5,Bretaña,9,OTRAS ARMAS,SIN OCUPACION,M,41,9:00:00,2025,1/31/2025,VIERNES,09:00-11:59,MAÑANA,31,SIN ESTABLECER,SIN ESTABLECER,OTRO,-76.5329269,3.439981,N,N,N,3,Nivel 4
2058,5,Ciudad Talanga,21,ARMA DE FUEGO,ALBAÑIL,M,38,19:38:00,2025,1/31/2025,VIERNES,18:00-20:59,NOCHE,31,UNION LIBRE,SIN ESTABLECER,DELINCUENCIA,-76.46969145,3.434103694,N,N,N,1,Nivel 4
2059,5,Prados del Norte,2,ARMA DE FUEGO,OFICIOS VARIOS,M,32,13:20:00,2025,2/1/2025,SABADO,12:00-14:59,TARDE,32,SIN ESTABLECER,SIN ESTABLECER,DELINCUENCIA,-76.51877941,3.466511492,N,N,N,5,Nivel 4
2060,5,Siloé,20,OTRAS ARMAS,SIN OCUPACION,F,22,14:45:00,2025,2/1/2025,SABADO,12:00-14:59,TARDE,32,SIN ESTABLECER,SIN ESTABLECER,CONVIVENCIA,-76.55343413,3.42195419,S,N,N,1,Nivel 4
2061,5,Santa Rosa,3,CORTOPUNZANTE,ALBAÑIL,M,36,19:27:00,2025,2/1/2025,SABADO,18:00-20:59,NOCHE,32,UNION LIBRE,SECUNDARIA,DELINCUENCIA,-76.53154265,3.447206161,N,N,N,3,Nivel 4
2062,6,Caney,17,CORTOPUNZANTE,OFICIOS VARIOS,M,15,0:57:00,2025,2/2/2025,DOMINGO,00:00-02:59,MADRUGADA,33,SOLTERO,PRIMARIA,CONVIVENCIA,-76.51946751,3.388382208,N,N,N,4,Nivel 4
2063,6,El Morichal,15,ARMA DE FUEGO,SIN OCUPACION,M,38,5:30:00,2025,2/2/2025,DOMINGO,03:00-05:59,MADRUGADA,33,UNION LIBRE,SECUNDARIA,OTRO,-76.50883903,3.39228364,N,N,N,2,Nivel 4
2064,6,Los Robles,13,ARMA DE FUEGO,ALBAÑIL,M,31,6:35:00,2025,2/2/2025,DOMINGO,06:00-08:59,MAÑANA,33,CASADO,SECUNDARIA,CONVIVENCIA,-76.49520756,3.422871565,N,N,N,2,Nivel 4
2065,6,El Vallado,15,ARMA DE FUEGO,SIN OCUPACION,M,22,21:40:00,2025,2/2/2025,DOMINGO,21:00-23:59,NOCHE,33,UNION LIBRE,TECNOLOGO,DELINCUENCIA,-76.49755259,3.405850902,N,N,N,2,Nivel 4
2066,6,Los Comuneros I,15,ARMA DE FUEGO,DESEMPLEADO,M,17,0:05:00,2025,2/3/2025,LUNES,00:00-02:59,MADRUGADA,34,SOLTERO,SECUNDARIA,DELINCUENCIA,-76.49046716,3.414073117,N,N,N,2,Nivel 4
2067,6,Sector Alto de los Chorros,18,CORTOPUNZANTE,OFICIOS VARIOS,M,56,21:10:00,2025,2/3/2025,LUNES,21:00-23:59,NOCHE,34,CASADO,SECUNDARIA,DELINCUENCIA,-76.55764014,3.393553898,N,N,N,1,Nivel 4
2068,6,Siloé,20,ARMA DE FUEGO,INDIGENTE,M,19,21:30:00,2025,2/3/2025,LUNES,21:00-23:59,NOCHE,34,SOLTERO,SECUNDARIA,CONVIVENCIA,-76.5560481,3.4230962,N,N,N,1,Nivel 4
2069,6,Los Comuneros II,13,ARMA DE FUEGO,DESEMPLEADO,M,21,19:18:00,2025,2/4/2025,MARTES,18:00-20:59,NOCHE,35,SOLTERO,SECUNDARIA,DELINCUENCIA,-76.49344287,3.426925869,N,N,N,2,Nivel 4
2070,6,Los Comuneros I,15,ARMA DE FUEGO,OFICIOS VARIOS,M,26,21:32:00,2025,2/4/2025,MARTES,21:00-23:59,NOCHE,35,CASADO,SECUNDARIA,DELINCUENCIA,-76.49417813,3.406938397,N,N,N,2,Nivel 4
2071,6,San Judas Tadeo I,10,ARMA DE FUEGO,DESEMPLEADO,M,23,22:32:00,2025,2/4/2025,MARTES,21:00-23:59,NOCHE,35,UNION LIBRE,PRIMARIA,DELINCUENCIA,-76.52298886,3.407248225,N,N,N,3,Nivel 4
2072,6,El Dorado,10,ARMA DE FUEGO,SIN OCUPACION,M,55,10:30:00,2025,2/5/2025,MIERCOLES,09:00-11:59,MAÑANA,36,SIN ESTABLECER,SIN ESTABLECER,DELINCUENCIA,-76.5274059,3.419767677,N,N,N,3,Nivel 4
2073,6,El Poblado I,13,ARMA DE FUEGO,ALBAÑIL,M,63,10:40:00,2025,2/5/2025,MIERCOLES,09:00-11:59,MAÑANA,36,SOLTERO,PRIMARIA,DELINCUENCIA,-76.49478674,3.418372277,N,N,N,2,Nivel 4
2074,6,Mojica,15,ARMA DE FUEGO,ESTUDIANTE,M,22,13:06:00,2025,2/5/2025,MIERCOLES,12:00-14:59,TARDE,36,SOLTERO,SECUNDARIA,DELINCUENCIA,-76.4907947,3.416472881,N,N,N,1,Nivel 4
2075,6,Alirio Mora Beltrán,14,ARMA DE FUEGO,ALBAÑIL,M,29,13:25:00,2025,2/5/2025,MIERCOLES,12:00-14:59,TARDE,36,SOLTERO,PRIMARIA,DELINCUENCIA,-76.48073492,3.43902531,N,N,N,2,Nivel 4
2076,6,Mario Correa Rengifo,18,ARMA DE FUEGO,ALBAÑIL,M,22,16:08:00,2025,2/5/2025,MIERCOLES,15:00-17:59,TARDE,36,SOLTERO,PRIMARIA,DELINCUENCIA,-76.5578542,3.3890148,N,N,N,2,Nivel 4
2077,6,Mario Correa Rengifo,18,ARMA DE FUEGO,MECANICO,M,22,17:40:00,2025,2/6/2025,JUEVES,15:00-17:59,TARDE,37,SOLTERO,SECUNDARIA,DELINCUENCIA,-76.55805499,3.388422032,N,N,N,2,Nivel 4
2078,6,Yira Castro,13,ARMA DE FUEGO,AGRICULTOR,M,34,18:30:00,2025,2/6/2025,JUEVES,18:00-20:59,NOCHE,37,UNION LIBRE,SECUNDARIA,DELINCUENCIA,-76.49811521,3.427436787,N,N,N,2,Nivel 4
2079,6,Urbanización La Nueva Base,8,CORTOPUNZANTE,SIN OCUPACION,M,30,1:35:00,2025,2/7/2025,VIERNES,00:00-02:59,MADRUGADA,38,CASADO,SECUNDARIA,CONVIVENCIA,-76.4917322,3.4486123,N,N,N,3,Nivel 4
2080,6,Sector Alto de los Chorros,18,ARMA DE FUEGO,VIGILANTE,M,42,8:03:00,2025,2/7/2025,VIERNES,06:00-08:59,MAÑANA,38,UNION LIBRE,SECUNDARIA,DELINCUENCIA,-76.56106382,3.390507392,N,N,N,1,Nivel 4
2081,6,Barrio Obrero,9,ARMA DE FUEGO,SIN OCUPACION,M,25,22:08:00,2025,2/7/2025,VIERNES,21:00-23:59,NOCHE,38,SOLTERO,SIN ESTABLECER,DELINCUENCIA,-76.52104057,3.449624235,N,N,N,2,Nivel 4
2082,6,Potrero Grande,21,ARMA DE FUEGO,SIN OCUPACION,M,54,21:20:00,2025,2/8/2025,SABADO,21:00-23:59,NOCHE,39,UNION LIBRE,SECUNDARIA,OTRO,-76.472328,3.411344278,N,N,N,2,Nivel 4
2083,7,Siete de Agosto,7,ARMA DE FUEGO,OPERARIO,M,40,0:50:00,2025,2/9/2025,DOMINGO,00:00-02:59,MADRUGADA,40,UNION LIBRE,PRIMARIA,DELINCUENCIA,-76.48328414,3.450945354,N,N,N,3,Nivel 4
2084,7,Belalcázar,9,ARMA DE FUEGO,SIN OCUPACION,M,28,2:05:00,2025,2/9/2025,DOMINGO,00:00-02:59,MADRUGADA,40,SOLTERO,SECUNDARIA,CONVIVENCIA,-76.51908423,3.439552111,N,N,N,3,Nivel 4
2085,7,Prados del Sur,18,ARMA DE FUEGO,MECANICO,M,35,12:25:00,2025,2/9/2025,DOMINGO,12:00-14:59,TARDE,40,CASADO,SECUNDARIA,DELINCUENCIA,-76.55575173,3.388004417,N,N,N,2,Nivel 4
2086,7,Ciudad de Los Álamos,2,CORTOPUNZANTE,OFICIOS VARIOS,M,30,20:00:00,2025,2/9/2025,DOMINGO,18:00-20:59,NOCHE,40,SOLTERO,SECUNDARIA,DELINCUENCIA,-76.50452701,3.48547084,N,N,S,3,Nivel 4
2087,7,CGTO. LOS ANDES,56,ARMA DE FUEGO,LAMINADOR,M,63,13:30:00,2025,2/10/2025,LUNES,12:00-14:59,TARDE,41,UNION LIBRE,SECUNDARIA,OTRO,-76.57619038,3.416549233,N,N,N,1,Nivel 4
2088,7,Valle Grande,21,ARMA DE FUEGO,OFICIOS VARIOS,M,28,0:35:00,2025,2/11/2025,MARTES,00:00-02:59,MADRUGADA,42,CASADO,SECUNDARIA,DELINCUENCIA,-76.47187264,3.436128478,N,N,N,2,Nivel 4
2089,7,Los Alcázares,6,ARMA DE FUEGO,CERRAJERO,M,25,8:17:00,2025,2/11/2025,MARTES,06:00-08:59,MAÑANA,42,UNION LIBRE,SECUNDARIA,DELINCUENCIA,-76.48990396,3.48573663,N,N,N,3,Nivel 4
2090,7,Los Alcázares,6,ARMA DE FUEGO,ALBAÑIL,M,39,11:40:00,2025,2/14/2025,VIERNES,09:00-11:59,MAÑANA,45,UNION LIBRE,PRIMARIA,DELINCUENCIA,-76.49451607,3.486380771,N,N,N,3,Nivel 4
2091,7,Alto Nápoles,18,ARMA DE FUEGO,OFICIOS VARIOS,M,20,17:55:00,2025,2/14/2025,VIERNES,15:00-17:59,TARDE,45,SOLTERO,PRIMARIA,DELINCUENCIA,-76.55872818,3.384687068,N,N,N,1,Nivel 4
2092,7,Siloé,20,CORTOPUNZANTE,INDIGENTE,M,62,4:45:00,2025,2/15/2025,SABADO,03:00-05:59,MADRUGADA,46,CASADO,SECUNDARIA,CONVIVENCIA,-76.5560481,3.4230962,N,N,N,1,Nivel 4
2093,8,El Lido,19,ARMA DE FUEGO,LAVADOR DE VEHICULOS,M,32,0:50:00,2025,2/16/2025,DOMINGO,00:00-02:59,MADRUGADA,47,UNION LIBRE,SECUNDARIA,DELINCUENCIA,-76.54842014,3.41860565,N,N,N,5,Nivel 4
2094,8,Sector Alto Jordán,18,ARMA DE FUEGO,ASESOR COMERCIAL,M,24,5:05:00,2025,2/16/2025,DOMINGO,03:00-05:59,MADRUGADA,47,SOLTERO,SECUNDARIA,DELINCUENCIA,-76.5596604,3.3782908,N,N,N,1,Nivel 4
2095,8,Las Vegas del Lili,81,ARMA DE FUEGO,COMERCIANTE,M,44,13:00:00,2025,2/16/2025,DOMINGO,12:00-14:59,TARDE,47,UNION LIBRE,SECUNDARIA,DELINCUENCIA,-76.50776675,3.374615395,N,N,N,0,Nivel 4
2096,8,Los Comuneros I,15,ARMA DE FUEGO,RECICLADOR,M,25,17:33:00,2025,2/16/2025,DOMINGO,15:00-17:59,TARDE,47,SOLTERO,SIN ESTABLECER,DELINCUENCIA,-76.49265802,3.408371104,N,N,N,2,Nivel 4
2097,8,Los Comuneros I,15,ARMA DE FUEGO,DESEMPLEADO,F,18,20:12:00,2025,2/16/2025,DOMINGO,18:00-20:59,NOCHE,47,UNION LIBRE,SECUNDARIA,CONVIVENCIA,-76.49318198,3.406487761,N,N,N,2,Nivel 4
2098,8,Nueva Floresta,12,ARMA DE FUEGO,DESEMPLEADO,M,44,20:30:00,2025,2/16/2025,DOMINGO,18:00-20:59,NOCHE,47,SOLTERO,SECUNDARIA,DELINCUENCIA,-76.49850934,3.436910222,N,N,N,3,Nivel 4
2099,8,Calipso,13,CORTOPUNZANTE,ASESOR COMERCIAL,M,35,3:10:00,2025,2/17/2025,LUNES,03:00-05:59,MADRUGADA,48,SOLTERO,SECUNDARIA,DELINCUENCIA,-76.49884144,3.426564519,N,N,N,3,Nivel 4
2100,8,Jorge Eliécer Gaitán,6,CORTOPUNZANTE,OFICIOS VARIOS,M,20,6:30:00,2025,2/17/2025,LUNES,06:00-08:59,MAÑANA,48,SOLTERO,SECUNDARIA,DELINCUENCIA,-76.48392705,3.476500135,N,N,N,2,Nivel 4
2101,8,El Morichal,15,ARMA DE FUEGO,DESEMPLEADO,M,18,22:07:00,2025,2/17/2025,LUNES,21:00-23:59,NOCHE,48,SOLTERO,SECUNDARIA,DELINCUENCIA,-76.50731936,3.392199973,N,N,N,2,Nivel 4
2102,8,Desepaz Invicali,21,ARMA DE FUEGO,DESEMPLEADO,M,19,22:56:00,2025,2/17/2025,LUNES,21:00-23:59,NOCHE,48,SOLTERO,SECUNDARIA,DELINCUENCIA,-76.46361337,3.423055221,N,N,N,1,Nivel 4
2103,8,San Cristóbal,10,ARMA DE FUEGO,DESEMPLEADO,M,21,0:10:00,2025,2/18/2025,MARTES,00:00-02:59,MADRUGADA,49,SOLTERO,SECUNDARIA,CONVIVENCIA,-76.52013663,3.430933893,N,N,N,3,Nivel 4
2104,8,Rodrigo Lara Bonilla,13,OTRAS ARMAS,SIN OCUPACION,F,35,16:30:00,2025,2/18/2025,MARTES,15:00-17:59,TARDE,49,SIN ESTABLECER,SIN ESTABLECER,CONVIVENCIA,-76.4888408,3.4276678,N,N,N,2,Nivel 4
2105,8,San Luís,6,ARMA DE FUEGO,SIN OCUPACION,M,20,22:30:00,2025,2/18/2025,MARTES,21:00-23:59,NOCHE,49,SIN ESTABLECER,SIN ESTABLECER,DELINCUENCIA,-76.4866723,3.4811407,N,N,N,2,Nivel 4
2106,8,Sucre,9,ARMA DE FUEGO,MOTORISTA,M,47,22:55:00,2025,2/18/2025,MARTES,21:00-23:59,NOCHE,49,SOLTERO,SECUNDARIA,DELINCUENCIA,-76.52673325,3.448087878,N,N,N,1,Nivel 4
2107,8,Venezuela - Urbanización Cañaveralejo,20,ARMA DE FUEGO,COBRADOR GOTA GOTA,M,31,0:40:00,2025,2/19/2025,MIERCOLES,00:00-02:59,MADRUGADA,50,UNION LIBRE,PRIMARIA,DELINCUENCIA,-76.5614665,3.41426,N,N,N,1,Nivel 4
2108,8,Sector Alto Jordán,18,ARMA DE FUEGO,PELUQUERO,M,23,0:40:00,2025,2/19/2025,MIERCOLES,00:00-02:59,MADRUGADA,50,SOLTERO,SECUNDARIA,OTRO,-76.55436584,3.373044194,N,N,N,1,Nivel 4
2109,8,Sector Meléndez,18,ARMA DE FUEGO,SIN OCUPACION,M,15,11:25:00,2025,2/19/2025,MIERCOLES,09:00-11:59,MAÑANA,50,SOLTERO,SECUNDARIA,DELINCUENCIA,-76.54904619,3.371960172,N,N,N,3,Nivel 4
2110,8,CGTO. LOS ANDES,56,ARMA DE FUEGO,TECNICO,M,50,19:20:00,2025,2/19/2025,MIERCOLES,18:00-20:59,NOCHE,50,UNION LIBRE,SECUNDARIA,DELINCUENCIA,-76.57629575,3.425539777,N,N,N,2,Nivel 4
2111,8,Planta de Tratamiento,21,CORTOPUNZANTE,SIN OCUPACION,M,17,21:05:00,2025,2/19/2025,MIERCOLES,21:00-23:59,NOCHE,50,SOLTERO,SECUNDARIA,DELINCUENCIA,-76.47848879,3.440081602,N,N,N,1,Nivel 4
2112,8,Pueblo Joven,20,CORTOPUNZANTE,MECANICO,M,17,1:05:00,2025,2/20/2025,JUEVES,00:00-02:59,MADRUGADA,51,SOLTERO,SECUNDARIA,DELINCUENCIA,-76.56432626,3.415739101,N,N,N,1,Nivel 4
2113,8,Jorge Isaacs,4,OTRAS ARMAS,OFICIOS VARIOS,M,38,1:20:00,2025,2/20/2025,JUEVES,00:00-02:59,MADRUGADA,51,SOLTERO,PRIMARIA,CONVIVENCIA,-76.51849395,3.454616107,N,N,N,2,Nivel 4
2114,8,Petecuy Primera Etapa,6,CORTOPUNZANTE,OFICIOS VARIOS,M,55,5:30:00,2025,2/20/2025,JUEVES,03:00-05:59,MADRUGADA,51,CASADO,SECUNDARIA,CONVIVENCIA,-76.4801664,3.4755084,N,N,N,2,Nivel 4
2115,8,El Lido,19,CORTOPUNZANTE,MECANICO,M,55,5:49:00,2025,2/20/2025,JUEVES,03:00-05:59,MADRUGADA,51,CASADO,SECUNDARIA,OTRO,-76.5543947,3.416245684,N,N,N,5,Nivel 4
2116,8,El Guabal,10,ARMA DE FUEGO,COMERCIANTE,M,51,18:12:00,2025,2/22/2025,SABADO,18:00-20:59,NOCHE,53,CASADO,SECUNDARIA,DELINCUENCIA,-76.52928403,3.418646696,N,N,N,3,Nivel 4
2117,8,Manuela Beltrán,14,ARMA DE FUEGO,OFICIOS VARIOS,M,27,22:00:00,2025,2/22/2025,SABADO,21:00-23:59,NOCHE,53,SOLTERO,SECUNDARIA,CONVIVENCIA,-76.47284226,3.416091941,N,N,N,1,Nivel 4
2118,9,El Retiro,15,ARMA DE FUEGO,OFICIOS VARIOS,M,16,0:30:00,2025,2/23/2025,DOMINGO,00:00-02:59,MADRUGADA,54,UNION LIBRE,PRIMARIA,DELINCUENCIA,-76.49908918,3.408250377,N,N,N,1,Nivel 4
2119,9,Ciudad de Los Álamos,2,CORTOPUNZANTE,MOTORISTA,M,27,2:00:00,2025,2/23/2025,DOMINGO,00:00-02:59,MADRUGADA,54,SOLTERO,SECUNDARIA,DELINCUENCIA,-76.50736123,3.487100489,N,N,N,3,Nivel 4
2120,9,Lili,17,ARMA DE FUEGO,VENDEDOR AMBULANTE,M,26,18:00:00,2025,2/23/2025,DOMINGO,18:00-20:59,NOCHE,54,CASADO,SECUNDARIA,DELINCUENCIA,-76.51665365,3.370765665,N,N,N,4,Nivel 4
2121,9,Alto Nápoles,18,ARMA DE FUEGO,VENDEDOR AMBULANTE,M,20,0:10:00,2025,2/24/2025,LUNES,00:00-02:59,MADRUGADA,55,SOLTERO,SECUNDARIA,DELINCUENCIA,-76.56138871,3.386217373,N,N,N,1,Nivel 4
2122,9,Alto Nápoles,18,ARMA DE FUEGO,OFICIOS VARIOS,M,28,0:10:00,2025,2/24/2025,LUNES,00:00-02:59,MADRUGADA,55,CASADO,SECUNDARIA,DELINCUENCIA,-76.56138871,3.386217373,N,N,N,1,Nivel 4
2123,9,Siloé,20,ARMA DE FUEGO,OFICIOS VARIOS,M,31,9:30:00,2025,2/24/2025,LUNES,09:00-11:59,MAÑANA,55,SOLTERO,PRIMARIA,DELINCUENCIA,-76.55862025,3.422548858,N,N,N,1,Nivel 4
2124,9,San Vicente,2,CORTOPUNZANTE,DESEMPLEADO,M,19,9:30:00,2025,2/24/2025,LUNES,09:00-11:59,MAÑANA,55,SOLTERO,SECUNDARIA,OTRO,-76.52201061,3.462641487,N,N,N,4,Nivel 4
2125,9,La Isla,4,OTRAS ARMAS,SIN OCUPACION,M,30,12:00:00,2025,2/24/2025,LUNES,12:00-14:59,TARDE,55,SIN ESTABLECER,SIN ESTABLECER,OTRO,-76.5137766,3.4726127,N,N,N,2,Nivel 4
2126,9,San Juan Bosco,3,CORTOPUNZANTE,SIN OCUPACION,M,29,12:40:00,2025,2/24/2025,LUNES,12:00-14:59,TARDE,55,CASADO,SECUNDARIA,CONVIVENCIA,-76.5332509,3.445187983,N,N,N,3,Nivel 4
2127,9,San Pedro Claver,11,ARMA DE FUEGO,DESEMPLEADO,M,29,14:05:00,2025,2/24/2025,LUNES,12:00-14:59,TARDE,55,SOLTERO,SECUNDARIA,DELINCUENCIA,-76.50407338,3.423558606,N,N,N,2,Nivel 4
2128,9,Las Américas,8,ARMA DE FUEGO,VENDEDOR AMBULANTE,M,22,20:50:00,2025,2/24/2025,LUNES,18:00-20:59,NOCHE,55,SOLTERO,SECUNDARIA,DELINCUENCIA,-76.50474758,3.447203248,N,N,N,3,Nivel 4
2129,9,Lourdes,18,OTRAS ARMAS,MOTORISTA,M,42,23:02:00,2025,2/24/2025,LUNES,21:00-23:59,NOCHE,55,SOLTERO,SECUNDARIA,CONVIVENCIA,-76.55557373,3.390561635,N,N,N,2,Nivel 4
2130,9,Villa del Sur,11,ARMA DE FUEGO,OFICIOS VARIOS,M,23,18:10:00,2025,2/26/2025,MIERCOLES,18:00-20:59,NOCHE,57,SOLTERO,SECUNDARIA,OTRO,-76.52146601,3.411001493,N,N,N,3,Nivel 4
2131,9,Sector Alto Jordán,18,CORTOPUNZANTE,SIN OCUPACION,M,40,1:30:00,2025,2/28/2025,VIERNES,00:00-02:59,MADRUGADA,59,SIN ESTABLECER,SIN ESTABLECER,DELINCUENCIA,-76.5596604,3.3782908,N,N,N,1,Nivel 4
2132,9,El Guabal,10,OTRAS ARMAS,AMA DE CASA,F,35,21:30:00,2025,2/28/2025,VIERNES,21:00-23:59,NOCHE,59,SOLTERO,SECUNDARIA,CONVIVENCIA,-76.52715464,3.416720816,N,N,N,3,Nivel 4
2133,9,Villa del Prado - El Guabito,5,ARMA DE FUEGO,MOTORISTA,M,29,23:23:00,2025,2/28/2025,VIERNES,21:00-23:59,NOCHE,59,UNION LIBRE,SECUNDARIA,DELINCUENCIA,-76.492455,3.4664589,N,N,N,3,Nivel 4
2134,9,CGTO. LA LEONERA,58,OTRAS ARMAS,OFICIOS VARIOS,M,25,9:50:00,2025,3/1/2025,SABADO,09:00-11:59,MAÑANA,60,UNION LIBRE,SECUNDARIA,DELINCUENCIA,-76.63612427,3.454577915,N,N,N,2,Nivel 4
2135,9,Manuela Beltrán,14,ARMA DE FUEGO,COMERCIANTE,F,57,11:20:00,2025,3/1/2025,SABADO,09:00-11:59,MAÑANA,60,CASADO,SECUNDARIA,DELINCUENCIA,-76.474836,3.418452991,N,N,N,1,Nivel 4
2136,10,República de Israel,16,ARMA DE FUEGO,ESTUDIANTE,M,18,2:46:00,2025,3/2/2025,DOMINGO,00:00-02:59,MADRUGADA,61,SOLTERO,SECUNDARIA,DELINCUENCIA,-76.5134153,3.4071241,N,N,N,2,Nivel 4
2137,10,Potrero Grande,21,ARMA DE FUEGO,OFICIOS VARIOS,M,30,4:56:00,2025,3/2/2025,DOMINGO,03:00-05:59,MADRUGADA,61,SOLTERO,SECUNDARIA,CONVIVENCIA,-76.46918648,3.409344376,N,N,N,2,Nivel 4
2138,10,Villa del Sol,5,CORTOPUNZANTE,TAXISTA,M,64,17:30:00,2025,3/2/2025,DOMINGO,15:00-17:59,TARDE,61,CASADO,SECUNDARIA,DELINCUENCIA,-76.49394151,3.480729459,N,N,N,4,Nivel 4
2139,10,Alto Nápoles,18,ARMA DE FUEGO,VENDEDOR AMBULANTE,M,38,19:50:00,2025,3/2/2025,DOMINGO,18:00-20:59,NOCHE,61,CASADO,SECUNDARIA,DELINCUENCIA,-76.56070184,3.385256798,N,N,N,1,Nivel 4
2140,10,Promociones Populares B,14,ARMA DE FUEGO,SIN OCUPACION,M,29,19:50:00,2025,3/2/2025,DOMINGO,18:00-20:59,NOCHE,61,CASADO,SECUNDARIA,DELINCUENCIA,-76.47138256,3.425708867,N,N,N,1,Nivel 4
2141,10,Manuela Beltrán,14,ARMA DE FUEGO,MOTORISTA,M,31,21:40:00,2025,3/2/2025,DOMINGO,21:00-23:59,NOCHE,61,SOLTERO,SECUNDARIA,CONVIVENCIA,-76.47246908,3.416653951,N,N,N,1,Nivel 4
2142,10,Sector Alto Jordán,18,ARMA DE FUEGO,ESTUDIANTE,M,18,22:10:00,2025,3/2/2025,DOMINGO,21:00-23:59,NOCHE,61,SOLTERO,SECUNDARIA,DELINCUENCIA,-76.5596604,3.3782908,N,N,N,1,Nivel 4
2143,10,La Fortaleza,11,ARMA DE FUEGO,VENDEDOR AMBULANTE,M,47,22:30:00,2025,3/3/2025,LUNES,21:00-23:59,NOCHE,62,UNION LIBRE,PRIMARIA,DELINCUENCIA,-76.51165418,3.428103422,N,N,N,3,Nivel 4
2144,10,Sucre,9,ARMA DE FUEGO,OFICIOS VARIOS,M,31,15:50:00,2025,3/4/2025,MARTES,15:00-17:59,TARDE,63,SOLTERO,SECUNDARIA,DELINCUENCIA,-76.52182706,3.444273995,N,N,N,1,Nivel 4
2145,10,Ciudadela Floralia,6,ARMA DE FUEGO,ALBAÑIL,M,48,20:00:00,2025,3/4/2025,MARTES,18:00-20:59,NOCHE,63,UNION LIBRE,PRIMARIA,DELINCUENCIA,-76.48735574,3.49646604,N,N,N,2,Nivel 4
2146,10,El Remanso,21,ARMA DE FUEGO,SIN OCUPACION,M,29,20:30:00,2025,3/4/2025,MARTES,18:00-20:59,NOCHE,63,SOLTERO,SECUNDARIA,DELINCUENCIA,-76.46526305,3.416979827,N,N,N,1,Nivel 4
2147,10,Guayaquil,9,ARMA DE FUEGO,VENDEDOR AMBULANTE,M,25,23:00:00,2025,3/4/2025,MARTES,21:00-23:59,NOCHE,63,SOLTERO,SECUNDARIA,DELINCUENCIA,-76.5278686,3.4405234,N,N,N,3,Nivel 4
2148,10,Valle Grande,21,CORTOPUNZANTE,ESTUDIANTE,M,15,17:52:00,2025,3/6/2025,JUEVES,15:00-17:59,TARDE,65,SOLTERO,SECUNDARIA,DELINCUENCIA,-76.4700455,3.4372328,N,N,N,2,Nivel 4
2149,10,Mojica,15,ARMA DE FUEGO,SIN OCUPACION,M,20,20:10:00,2025,3/6/2025,JUEVES,18:00-20:59,NOCHE,65,SIN ESTABLECER,SIN ESTABLECER,DELINCUENCIA,-76.48773673,3.414214989,N,N,N,1,Nivel 4
2150,10,José Manuel Marroquín II,14,CORTOPUNZANTE,RECICLADOR,M,37,13:20:00,2025,3/7/2025,VIERNES,12:00-14:59,TARDE,66,UNION LIBRE,SECUNDARIA,CONVIVENCIA,-76.4808893,3.4269392,N,N,N,2,Nivel 4
2151,10,Aguablanca,11,ARMA DE FUEGO,SIN OCUPACION,M,76,15:21:00,2025,3/8/2025,SABADO,15:00-17:59,TARDE,67,UNION LIBRE,SECUNDARIA,DELINCUENCIA,-76.51680388,3.429346203,N,N,N,3,Nivel 4
2152,10,El Retiro,15,ARMA DE FUEGO,SIN OCUPACION,M,18,20:30:00,2025,3/8/2025,SABADO,18:00-20:59,NOCHE,67,SIN ESTABLECER,SIN ESTABLECER,CONVIVENCIA,-76.49852537,3.413055055,N,N,N,1,Nivel 4
2153,10,José Manuel Marroquín II,14,ARMA DE FUEGO,OFICIOS VARIOS,M,41,20:50:00,2025,3/8/2025,SABADO,18:00-20:59,NOCHE,67,UNION LIBRE,SECUNDARIA,DELINCUENCIA,-76.48374464,3.438625317,N,N,N,2,Nivel 4
2154,10,San Marino,7,ARMA DE FUEGO,OFICIOS VARIOS,M,50,23:39:00,2025,3/8/2025,SABADO,21:00-23:59,NOCHE,67,SEPARADO,SECUNDARIA,DELINCUENCIA,-76.48812689,3.461634022,N,N,N,2,Nivel 4
2155,11,Alfonso Lopez P. 3a Etapa,7,ARMA DE FUEGO,OFICIOS VARIOS,M,31,0:20:00,2025,3/9/2025,DOMINGO,00:00-02:59,MADRUGADA,68,UNION LIBRE,PRIMARIA,DELINCUENCIA,-76.48027307,3.4568759,N,N,N,3,Nivel 4
2156,11,Nueva Floresta,12,ARMA DE FUEGO,SIN OCUPACION,M,42,1:30:00,2025,3/9/2025,DOMINGO,00:00-02:59,MADRUGADA,68,SIN ESTABLECER,SIN ESTABLECER,DELINCUENCIA,-76.4982375,3.4345645,N,N,N,3,Nivel 4
2157,11,Santa Elena,10,ARMA DE FUEGO,OFICIOS VARIOS,M,33,2:15:00,2025,3/9/2025,DOMINGO,00:00-02:59,MADRUGADA,68,UNION LIBRE,SECUNDARIA,DELINCUENCIA,-76.52244276,3.428121235,N,N,N,3,Nivel 4
2158,11,Nueva Floresta,12,ARMA DE FUEGO,ALBAÑIL,M,31,2:40:00,2025,3/9/2025,DOMINGO,00:00-02:59,MADRUGADA,68,SEPARADO,SECUNDARIA,DELINCUENCIA,-76.49680787,3.436323378,N,N,N,3,Nivel 4
2159,11,Ciudadela Floralia,6,ARMA DE FUEGO,OPERARIO,M,22,5:22:00,2025,3/9/2025,DOMINGO,03:00-05:59,MADRUGADA,68,SOLTERO,SECUNDARIA,CONVIVENCIA,-76.49236916,3.492667199,N,N,N,2,Nivel 4
2160,11,Sector Alto de los Chorros,18,CORTOPUNZANTE,OFICIOS VARIOS,M,19,6:50:00,2025,3/9/2025,DOMINGO,06:00-08:59,MAÑANA,68,SOLTERO,PRIMARIA,DELINCUENCIA,-76.55955973,3.392023015,N,N,N,1,Nivel 4
2161,11,Bochalema,81,ARMA DE FUEGO,AGENTE DE POLICIA,M,41,19:00:00,2025,3/9/2025,DOMINGO,18:00-20:59,NOCHE,68,CASADO,TECNOLOGO,DELINCUENCIA,-76.51624065,3.358352637,N,N,N,0,Nivel 4
2162,11,Los Comuneros I,15,ARMA DE FUEGO,ALBAÑIL,M,41,19:05:00,2025,3/9/2025,DOMINGO,18:00-20:59,NOCHE,68,UNION LIBRE,SECUNDARIA,DELINCUENCIA,-76.49044767,3.409226954,N,N,N,2,Nivel 4
2163,11,El Morichal,15,ARMA DE FUEGO,MOTORISTA,M,46,19:10:00,2025,3/9/2025,DOMINGO,18:00-20:59,NOCHE,68,CASADO,SECUNDARIA,DELINCUENCIA,-76.50296547,3.399548347,N,N,N,2,Nivel 4
2164,11,Santa Elena,10,ARMA DE FUEGO,SIN OCUPACION,M,34,19:56:00,2025,3/9/2025,DOMINGO,18:00-20:59,NOCHE,68,CASADO,PRIMARIA,OTRO,-76.52172372,3.428763506,N,N,N,3,Nivel 4
2165,11,Saavedra Galindo,8,OTRAS ARMAS,SIN OCUPACION,M,87,7:30:00,2025,3/10/2025,LUNES,06:00-08:59,MAÑANA,69,CASADO,SECUNDARIA,DELINCUENCIA,-76.51487576,3.439408494,N,N,N,2,Nivel 4
2166,11,Urbanización El Angel del Hogar,7,ARMA DE FUEGO,VENDEDOR AMBULANTE,M,29,17:00:00,2025,3/11/2025,MARTES,15:00-17:59,TARDE,70,SOLTERO,PRIMARIA,DELINCUENCIA,-76.48323217,3.444985865,N,N,N,2,Nivel 4
2167,11,Sucre,9,ARMA DE FUEGO,OFICIOS VARIOS,M,22,20:55:00,2025,3/12/2025,MIERCOLES,18:00-20:59,NOCHE,71,SOLTERO,SECUNDARIA,DELINCUENCIA,-76.52495305,3.451180369,N,N,N,1,Nivel 4
2168,11,El Vergel,13,ARMA DE FUEGO,ALBAÑIL,M,60,19:31:00,2025,3/13/2025,JUEVES,18:00-20:59,NOCHE,72,CASADO,SECUNDARIA,DELINCUENCIA,-76.49965884,3.413219876,N,N,N,1,Nivel 4
2169,11,Las Orquídeas,14,ARMA DE FUEGO,OFICIOS VARIOS,M,26,19:36:00,2025,3/13/2025,JUEVES,18:00-20:59,NOCHE,72,CASADO,SECUNDARIA,CONVIVENCIA,-76.47839933,3.4168648,N,N,N,1,Nivel 4
2170,11,El Vergel,13,ARMA DE FUEGO,SIN OCUPACION,F,27,19:56:00,2025,3/13/2025,JUEVES,18:00-20:59,NOCHE,72,UNION LIBRE,SECUNDARIA,OTRO,-76.49965884,3.413219876,N,N,N,1,Nivel 4
2171,11,La Independencia,11,ARMA DE FUEGO,OFICIOS VARIOS,M,38,13:35:00,2025,3/14/2025,VIERNES,12:00-14:59,TARDE,73,SOLTERO,SECUNDARIA,DELINCUENCIA,-76.51998025,3.416426395,N,N,N,3,Nivel 4
2172,11,Atanasio Girardot,8,ARMA DE FUEGO,MECANICO,M,22,14:23:00,2025,3/14/2025,VIERNES,12:00-14:59,TARDE,73,SOLTERO,SECUNDARIA,DELINCUENCIA,-76.50595618,3.443613499,N,N,N,3,Nivel 4
2173,11,Atanasio Girardot,8,ARMA DE FUEGO,OFICIOS VARIOS,M,24,14:23:00,2025,3/14/2025,VIERNES,12:00-14:59,TARDE,73,SOLTERO,SECUNDARIA,DELINCUENCIA,-76.50595618,3.443613499,N,N,N,3,Nivel 4
2174,11,Las Orquídeas,14,ARMA DE FUEGO,ALBAÑIL,M,32,17:52:00,2025,3/14/2025,VIERNES,15:00-17:59,TARDE,73,UNION LIBRE,SECUNDARIA,DELINCUENCIA,-76.47478502,3.413847174,N,N,N,1,Nivel 4
2175,11,Alférez Real,18,ARMA DE FUEGO,OFICIOS VARIOS,M,35,21:17:00,2025,3/14/2025,VIERNES,21:00-23:59,NOCHE,73,UNION LIBRE,SECUNDARIA,DELINCUENCIA,-76.5481006,3.390413,N,N,N,3,Nivel 4
2176,11,Prados del Sur,18,ARMA DE FUEGO,MOTORISTA,M,29,4:21:00,2025,3/15/2025,SABADO,03:00-05:59,MADRUGADA,74,SOLTERO,SECUNDARIA,DELINCUENCIA,-76.5558733,3.387467047,N,N,N,2,Nivel 4
2177,11,Mariano Ramos,16,CORTOPUNZANTE,OFICIOS VARIOS,M,28,10:48:00,2025,3/15/2025,SABADO,09:00-11:59,MAÑANA,74,UNION LIBRE,SECUNDARIA,DELINCUENCIA,-76.51209485,3.403034579,N,N,N,2,Nivel 4
2178,11,Asturias,12,ARMA DE FUEGO,PRESTAMISTA,M,29,20:30:00,2025,3/15/2025,SABADO,18:00-20:59,NOCHE,74,UNION LIBRE,SECUNDARIA,DELINCUENCIA,-76.50146108,3.439465135,N,N,N,2,Nivel 4
2179,11,Asturias,12,ARMA DE FUEGO,MOTORISTA,M,37,22:25:00,2025,3/15/2025,SABADO,21:00-23:59,NOCHE,74,UNION LIBRE,SECUNDARIA,DELINCUENCIA,-76.50295499,3.438818836,N,N,N,2,Nivel 4
2180,12,Asturias,12,CORTOPUNZANTE,INDIGENTE,M,28,9:50:00,2025,3/16/2025,DOMINGO,09:00-11:59,MAÑANA,75,SIN ESTABLECER,SIN ESTABLECER,CONVIVENCIA,-76.50149,3.4379925,N,N,N,2,Nivel 4
2181,12,Doce de Octubre,12,ARMA DE FUEGO,PRESTAMISTA,M,28,23:50:00,2025,3/16/2025,DOMINGO,21:00-23:59,NOCHE,75,SOLTERO,SIN ESTABLECER,DELINCUENCIA,-76.50377964,3.428860562,N,N,N,3,Nivel 4
2182,12,Municipal,8,CORTOPUNZANTE,VIGILANTE,M,70,6:40:00,2025,3/17/2025,LUNES,06:00-08:59,MAÑANA,76,SOLTERO,UNIVERSITARIO,CONVIVENCIA,-76.5136445,3.448420137,N,N,N,3,Nivel 4
2183,12,Mojica,15,ARMA DE FUEGO,OFICIOS VARIOS,M,35,16:16:00,2025,3/17/2025,LUNES,15:00-17:59,TARDE,76,UNION LIBRE,SECUNDARIA,DELINCUENCIA,-76.48807458,3.412887799,N,N,N,1,Nivel 4
2184,12,José Manuel Marroquín I,14,ARMA DE FUEGO,VENDEDOR AMBULANTE,M,44,19:34:00,2025,3/17/2025,LUNES,18:00-20:59,NOCHE,76,SEPARADO,SECUNDARIA,DELINCUENCIA,-76.48195218,3.426713438,N,N,N,2,Nivel 4
2185,12,José Manuel Marroquín I,14,ARMA DE FUEGO,AMA DE CASA,F,20,19:34:00,2025,3/17/2025,LUNES,18:00-20:59,NOCHE,76,SOLTERO,SECUNDARIA,DELINCUENCIA,-76.48195218,3.426713438,N,N,N,2,Nivel 4
2186,12,Prados de Oriente,11,ARMA DE FUEGO,SIN OCUPACION,M,33,20:01:00,2025,3/17/2025,LUNES,18:00-20:59,NOCHE,76,UNION LIBRE,TECNOLOGO,OTRO,-76.50989994,3.431933975,N,N,N,3,Nivel 4
2187,12,José Manuel Marroquín I,14,ARMA DE FUEGO,OFICIOS VARIOS,M,32,21:55:00,2025,3/17/2025,LUNES,21:00-23:59,NOCHE,76,CASADO,PRIMARIA,DELINCUENCIA,-76.47806832,3.420971005,N,N,N,2,Nivel 4
2188,12,Mariano Ramos,16,ARMA DE FUEGO,CONTADOR,M,33,4:30:00,2025,3/18/2025,MARTES,03:00-05:59,MADRUGADA,77,SOLTERO,UNIVERSITARIO,DELINCUENCIA,-76.51275104,3.402347265,N,N,N,2,Nivel 4
2189,12,Prados del Sur,18,ARMA DE FUEGO,PELUQUERO,M,45,22:25:00,2025,3/18/2025,MARTES,21:00-23:59,NOCHE,77,UNION LIBRE,PRIMARIA,OTRO,-76.55508306,3.3871789,N,N,N,2,Nivel 4
2190,12,Ulpiano Lloreda,13,ARMA DE FUEGO,INDIGENTE,M,30,21:35:00,2025,3/19/2025,MIERCOLES,21:00-23:59,NOCHE,78,SOLTERO,SECUNDARIA,OTRO,-76.4902865,3.4424426,N,N,N,2,Nivel 4
2191,12,Barrio Obrero,9,ARMA DE FUEGO,EMPLEADO,M,33,23:16:00,2025,3/19/2025,MIERCOLES,21:00-23:59,NOCHE,78,UNION LIBRE,SECUNDARIA,DELINCUENCIA,-76.51935,3.45074,N,N,N,2,Nivel 4
2192,12,San Nicolás,3,CORTOPUNZANTE,INDIGENTE,M,18,3:45:00,2025,3/21/2025,VIERNES,03:00-05:59,MADRUGADA,80,SIN ESTABLECER,SIN ESTABLECER,OTRO,-76.52766836,3.454757857,N,N,N,2,Nivel 4
2193,12,Guillermo Valencia,4,ARMA DE FUEGO,LAVADOR DE VEHICULOS,M,33,3:10:00,2025,3/22/2025,SABADO,03:00-05:59,MADRUGADA,81,UNION LIBRE,SECUNDARIA,CONVIVENCIA,-76.5104416,3.472285029,N,N,N,2,Nivel 4
2194,12,San Pascual,3,ARMA DE FUEGO,OFICIOS VARIOS,M,36,19:05:00,2025,3/22/2025,SABADO,18:00-20:59,NOCHE,81,SIN ESTABLECER,SIN ESTABLECER,DELINCUENCIA,-76.52813169,3.445279171,N,N,N,1,Nivel 4
2195,13,Sector Alto Jordán,18,ARMA DE FUEGO,MENSAJERO,M,18,1:00:00,2025,3/23/2025,DOMINGO,00:00-02:59,MADRUGADA,82,SOLTERO,SECUNDARIA,OTRO,-76.5596604,3.3782908,N,N,N,1,Nivel 4
2196,13,Evaristo Garcia,4,CORTOPUNZANTE,ALBAÑIL,M,34,0:15:00,2025,3/24/2025,LUNES,00:00-02:59,MADRUGADA,83,SOLTERO,SECUNDARIA,CONVIVENCIA,-76.50861792,3.475455646,N,N,N,2,Nivel 4
2197,13,Laureano Gómez,15,ARMA DE FUEGO,VIGILANTE,M,28,0:30:00,2025,3/24/2025,LUNES,00:00-02:59,MADRUGADA,83,UNION LIBRE,SECUNDARIA,DELINCUENCIA,-76.4946235,3.413001,N,N,N,1,Nivel 4
2198,13,San Pedro,3,OTRAS ARMAS,INDIGENTE,M,40,2:00:00,2025,3/24/2025,LUNES,00:00-02:59,MADRUGADA,83,SIN ESTABLECER,SIN ESTABLECER,DELINCUENCIA,-76.53126097,3.449207835,N,N,N,3,Nivel 4
2199,13,Mojica,15,ARMA DE FUEGO,ESTUDIANTE,M,12,3:30:00,2025,3/24/2025,LUNES,03:00-05:59,MADRUGADA,83,SOLTERO,PRIMARIA,DELINCUENCIA,-76.49037853,3.414092391,N,N,N,1,Nivel 4
2200,13,El Paraíso,12,ARMA DE FUEGO,VENDEDOR AMBULANTE,M,21,3:35:00,2025,3/24/2025,LUNES,03:00-05:59,MADRUGADA,83,SOLTERO,SECUNDARIA,CONVIVENCIA,-76.50832705,3.431283882,N,N,N,3,Nivel 4
2201,13,Los Conquistadores,11,ARMA DE FUEGO,OFICIOS VARIOS,M,23,11:50:00,2025,3/24/2025,LUNES,09:00-11:59,MAÑANA,83,UNION LIBRE,SECUNDARIA,OTRO,-76.5080492,3.425953339,N,N,N,2,Nivel 4
2202,13,Alfonso Lopez P. 3a Etapa,7,ARMA DE FUEGO,MENSAJERO,M,31,18:29:00,2025,3/24/2025,LUNES,18:00-20:59,NOCHE,83,UNION LIBRE,SECUNDARIA,OTRO,-76.47875001,3.456560476,N,N,N,3,Nivel 4
2203,13,Santa Elena,10,ARMA DE FUEGO,VIGILANTE,M,34,19:40:00,2025,3/24/2025,LUNES,18:00-20:59,NOCHE,83,UNION LIBRE,SECUNDARIA,OTRO,-76.52098435,3.427803682,N,N,N,3,Nivel 4
2204,13,El Recuerdo,11,ARMA DE FUEGO,VENDEDOR AMBULANTE,M,28,21:25:00,2025,3/24/2025,LUNES,21:00-23:59,NOCHE,83,UNION LIBRE,SECUNDARIA,DELINCUENCIA,-76.51446529,3.430052242,N,N,N,3,Nivel 4
2205,13,Simón Bolívar,8,ARMA DE FUEGO,EMPLEADO,M,41,8:11:00,2025,3/25/2025,MARTES,06:00-08:59,MAÑANA,84,SOLTERO,SECUNDARIA,DELINCUENCIA,-76.51840747,3.442534616,N,N,N,3,Nivel 4
2206,13,José Manuel Marroquín I,14,ARMA DE FUEGO,OFICIOS VARIOS,M,23,20:10:00,2025,3/27/2025,JUEVES,18:00-20:59,NOCHE,86,UNION LIBRE,PRIMARIA,OTRO,-76.48195713,3.427052521,N,N,N,2,Nivel 4
2207,13,Villa del Lago,13,ARMA DE FUEGO,PINTOR,M,22,23:00:00,2025,3/28/2025,VIERNES,21:00-23:59,NOCHE,87,SOLTERO,SECUNDARIA,CONVIVENCIA,-76.491014,3.437695382,N,N,N,3,Nivel 4
2208,13,Sector Alto de los Chorros,18,OTRAS ARMAS,OFICIOS VARIOS,M,36,7:41:00,2025,3/29/2025,SABADO,06:00-08:59,MAÑANA,88,SIN ESTABLECER,SIN ESTABLECER,DELINCUENCIA,-76.56015942,3.38764969,N,N,N,1,Nivel 4
2209,13,Mojica,15,ARMA DE FUEGO,ESTUDIANTE,M,17,12:30:00,2025,3/29/2025,SABADO,12:00-14:59,TARDE,88,SOLTERO,SECUNDARIA,CONVIVENCIA,-76.48833867,3.414439283,N,N,N,1,Nivel 4
2210,13,Alirio Mora Beltrán,14,CORTOPUNZANTE,SIN OCUPACION,M,16,14:00:00,2025,3/29/2025,SABADO,12:00-14:59,TARDE,88,SOLTERO,SECUNDARIA,DELINCUENCIA,-76.49429021,3.452689923,N,N,N,2,Nivel 4
2211,14,Los Comuneros I,15,ARMA DE FUEGO,OFICIOS VARIOS,M,34,2:00:00,2025,3/30/2025,DOMINGO,00:00-02:59,MADRUGADA,89,CASADO,SECUNDARIA,DELINCUENCIA,-76.49305221,3.408794921,N,N,N,2,Nivel 4
2212,14,Tierra Blanca,20,ARMA DE FUEGO,ALBAÑIL,M,33,3:30:00,2025,3/30/2025,DOMINGO,03:00-05:59,MADRUGADA,89,UNION LIBRE,SECUNDARIA,DELINCUENCIA,-76.560744,3.4179378,N,N,N,1,Nivel 4
2213,14,Guillermo Valencia,4,OTRAS ARMAS,SIN OCUPACION,M,36,7:45:00,2025,3/30/2025,DOMINGO,06:00-08:59,MAÑANA,89,UNION LIBRE,SECUNDARIA,CONVIVENCIA,-76.51051845,3.470803829,N,N,N,2,Nivel 4
2214,14,Promociones Populares B,14,CORTOPUNZANTE,SIN OCUPACION,M,58,8:00:00,2025,3/30/2025,DOMINGO,06:00-08:59,MAÑANA,89,SOLTERO,SECUNDARIA,CONVIVENCIA,-76.46964395,3.428754133,N,N,N,1,Nivel 4
2215,14,Laureano Gómez,15,CORTOPUNZANTE,SIN OCUPACION,M,23,14:48:00,2025,3/30/2025,DOMINGO,12:00-14:59,TARDE,89,UNION LIBRE,SECUNDARIA,OTRO,-76.49505308,3.411558469,N,N,N,1,Nivel 4
2216,14,José Manuel Marroquín I,14,ARMA DE FUEGO,AUXILIAR SISTEMAS,M,23,19:28:00,2025,3/30/2025,DOMINGO,18:00-20:59,NOCHE,89,SIN ESTABLECER,SIN ESTABLECER,DELINCUENCIA,-76.47925332,3.427069975,N,N,N,2,Nivel 4
2217,14,Laureano Gómez,15,OTRAS ARMAS,DESEMPLEADO,M,23,23:17:00,2025,3/30/2025,DOMINGO,21:00-23:59,NOCHE,89,SOLTERO,SECUNDARIA,DELINCUENCIA,-76.49621293,3.409898991,N,N,N,1,Nivel 4
2218,14,Laureano Gómez,15,ARMA DE FUEGO,ESTUDIANTE,M,17,23:17:00,2025,3/30/2025,DOMINGO,21:00-23:59,NOCHE,89,SOLTERO,SECUNDARIA,DELINCUENCIA,-76.49621293,3.409898991,N,N,N,1,Nivel 4
2219,14,Sector Alto Jordán,18,ARMA DE FUEGO,SIN OCUPACION,M,26,19:00:00,2025,3/31/2025,LUNES,18:00-20:59,NOCHE,90,SOLTERO,SECUNDARIA,DELINCUENCIA,-76.5596604,3.3782908,N,N,N,1,Nivel 4
2220,14,El Vallado,15,ARMA DE FUEGO,AUXILIAR SISTEMAS,M,33,0:00:00,2025,4/1/2025,MARTES,00:00-02:59,MADRUGADA,91,UNION LIBRE,SECUNDARIA,DELINCUENCIA,-76.49829527,3.406675066,N,N,N,2,Nivel 4
2221,14,Potrero Grande,21,ARMA DE FUEGO,AYUDANTE DE TRANSPORTE,M,19,21:15:00,2025,4/1/2025,MARTES,21:00-23:59,NOCHE,91,SOLTERO,SECUNDARIA,DELINCUENCIA,-76.46747678,3.404976735,N,N,N,2,Nivel 4
2222,14,Salomia,4,OTRAS ARMAS,AUXILIAR SISTEMAS,M,56,4:52:00,2025,4/2/2025,MIERCOLES,03:00-05:59,MADRUGADA,92,SOLTERO,SECUNDARIA,DELINCUENCIA,-76.50425223,3.462546696,N,N,N,3,Nivel 4
2223,14,Sucre,9,ARMA DE FUEGO,SIN OCUPACION,M,27,22:05:00,2025,4/2/2025,MIERCOLES,21:00-23:59,NOCHE,92,UNION LIBRE,SECUNDARIA,DELINCUENCIA,-76.52312057,3.44593284,N,N,N,1,Nivel 4
2224,14,Los Libertadores,3,CORTOPUNZANTE,RECICLADOR,M,25,3:45:00,2025,4/3/2025,JUEVES,03:00-05:59,MADRUGADA,93,SOLTERO,PRIMARIA,DELINCUENCIA,-76.53728366,3.440286929,N,N,N,3,Nivel 4
2225,14,Promociones Populares B,14,CORTOPUNZANTE,DESEMPLEADO,M,28,12:22:00,2025,4/3/2025,JUEVES,12:00-14:59,TARDE,93,SOLTERO,SECUNDARIA,DELINCUENCIA,-76.47482187,3.425141569,N,N,N,1,Nivel 4
2226,14,La Floresta,8,ARMA DE FUEGO,MECANICO,M,25,22:50:00,2025,4/3/2025,JUEVES,21:00-23:59,NOCHE,93,UNION LIBRE,SECUNDARIA,DELINCUENCIA,-76.51151336,3.444909167,N,N,N,3,Nivel 4
2227,14,San Juan Bosco,3,CORTOPUNZANTE,SIN OCUPACION,M,30,1:40:00,2025,4/4/2025,VIERNES,00:00-02:59,MADRUGADA,94,SIN ESTABLECER,SIN ESTABLECER,DELINCUENCIA,-76.53191805,3.442555165,N,N,N,3,Nivel 4
2228,14,Belisario Caicedo,20,ARMA DE FUEGO,ALBAÑIL,M,19,2:10:00,2025,4/4/2025,VIERNES,00:00-02:59,MADRUGADA,94,UNION LIBRE,PRIMARIA,CONVIVENCIA,-76.55652821,3.416195929,N,N,N,3,Nivel 4
2229,14,El Calvario,3,ARMA DE FUEGO,VENDEDOR AMBULANTE,M,32,20:25:00,2025,4/4/2025,VIERNES,18:00-20:59,NOCHE,94,UNION LIBRE,PRIMARIA,DELINCUENCIA,-76.53022078,3.445569114,N,N,N,3,Nivel 4
2230,15,Los Comuneros I,15,ARMA DE FUEGO,AUXILIAR SISTEMAS,M,29,8:45:00,2025,4/6/2025,DOMINGO,06:00-08:59,MAÑANA,96,SIN ESTABLECER,SIN ESTABLECER,DELINCUENCIA,-76.49152916,3.411293413,N,N,N,2,Nivel 4
2231,15,Flora Industrial,4,ARMA DE FUEGO,AUXILIAR SISTEMAS,M,26,10:00:00,2025,4/6/2025,DOMINGO,09:00-11:59,MAÑANA,96,SOLTERO,SECUNDARIA,DELINCUENCIA,-76.50649117,3.481640094,N,N,N,3,Nivel 4
2232,15,Cristóbal Colón,10,CORTOPUNZANTE,SIN OCUPACION,M,42,14:48:00,2025,4/6/2025,DOMINGO,12:00-14:59,TARDE,96,CASADO,PRIMARIA,OTRO,-76.52565836,3.421639449,N,N,N,3,Nivel 4
2233,15,Unión de Vivienda Popular,16,ARMA DE FUEGO,COMERCIANTE,M,28,15:20:00,2025,4/6/2025,DOMINGO,15:00-17:59,TARDE,96,SOLTERO,SIN ESTABLECER,DELINCUENCIA,-76.50780519,3.411293605,N,N,N,2,Nivel 4
2234,15,Prados del Norte,2,ARMA DE FUEGO,AUXILIAR SISTEMAS,M,33,21:45:00,2025,4/6/2025,DOMINGO,21:00-23:59,NOCHE,96,SOLTERO,PRIMARIA,DELINCUENCIA,-76.52085941,3.467449202,N,N,N,5,Nivel 4
2235,15,Los Lagos,13,ARMA DE FUEGO,SIN OCUPACION,M,27,22:15:00,2025,4/6/2025,DOMINGO,21:00-23:59,NOCHE,96,SIN ESTABLECER,SIN ESTABLECER,DELINCUENCIA,-76.48465,3.43151,N,N,N,2,Nivel 4
2236,15,Ciudadela Floralia,6,ARMA DE FUEGO,ALBAÑIL,M,40,23:15:00,2025,4/6/2025,DOMINGO,21:00-23:59,NOCHE,96,SOLTERO,SECUNDARIA,DELINCUENCIA,-76.49209031,3.499633231,N,N,N,2,Nivel 4
2237,15,Ciudad 2000,16,ARMA DE FUEGO,PENSIONADO,M,42,12:24:00,2025,4/7/2025,LUNES,12:00-14:59,TARDE,97,UNION LIBRE,SECUNDARIA,DELINCUENCIA,-76.52043094,3.394477531,N,N,N,4,Nivel 4
2238,15,Alfonso Barberena A.,12,ARMA DE FUEGO,EBANISTA,M,21,23:00:00,2025,4/7/2025,LUNES,21:00-23:59,NOCHE,97,SOLTERO,SECUNDARIA,DELINCUENCIA,-76.50920631,3.433669396,N,N,N,2,Nivel 4
2239,15,Ciudad 2000,16,ARMA DE FUEGO,AMA DE CASA,F,43,19:34:00,2025,4/8/2025,MARTES,18:00-20:59,NOCHE,98,SOLTERO,SIN ESTABLECER,DELINCUENCIA,-76.51521503,3.395170204,N,N,N,4,Nivel 4
2240,15,Mariano Ramos,16,ARMA DE FUEGO,AUXILIAR SISTEMAS,M,38,13:24:00,2025,4/9/2025,MIERCOLES,12:00-14:59,TARDE,99,SOLTERO,PRIMARIA,CONVIVENCIA,-76.51815613,3.408716141,N,N,N,2,Nivel 4
2241,15,San Luís,6,ARMA DE FUEGO,ALBAÑIL,M,20,13:24:00,2025,4/9/2025,MIERCOLES,12:00-14:59,TARDE,99,SOLTERO,SECUNDARIA,DELINCUENCIA,-76.4883777,3.479500471,N,N,N,2,Nivel 4
2242,15,Los Conquistadores,11,ARMA DE FUEGO,OFICIOS VARIOS,M,21,12:36:00,2025,4/10/2025,JUEVES,12:00-14:59,TARDE,100,SOLTERO,PRIMARIA,DELINCUENCIA,-76.50705554,3.42734178,N,N,N,2,Nivel 4
2243,15,Compartir,21,ARMA DE FUEGO,COMERCIANTE,M,36,16:55:00,2025,4/10/2025,JUEVES,15:00-17:59,TARDE,100,SOLTERO,SECUNDARIA,DELINCUENCIA,-76.46483161,3.43197612,N,N,N,2,Nivel 4
2244,15,Popular,4,ARMA DE FUEGO,SIN OCUPACION,M,27,0:20:00,2025,4/12/2025,SABADO,00:00-02:59,MADRUGADA,102,SIN ESTABLECER,SIN ESTABLECER,DELINCUENCIA,-76.51032513,3.470259339,N,N,N,3,Nivel 4
2245,15,Siloé,20,ARMA DE FUEGO,SIN OCUPACION,M,29,17:15:00,2025,4/12/2025,SABADO,15:00-17:59,TARDE,102,SOLTERO,SIN ESTABLECER,DELINCUENCIA,-76.55862025,3.422548858,N,N,N,1,Nivel 4
2246,15,Industrial,8,ARMA DE FUEGO,SIN OCUPACION,M,25,19:20:00,2025,4/12/2025,SABADO,18:00-20:59,NOCHE,102,SIN ESTABLECER,SIN ESTABLECER,DELINCUENCIA,-76.5155834,3.4520311,N,N,N,2,Nivel 4
2247,15,El Gran Limonar - Cataya,17,ARMA DE FUEGO,SIN OCUPACION,M,43,21:38:00,2025,4/12/2025,SABADO,21:00-23:59,NOCHE,102,CASADO,UNIVERSITARIO,DELINCUENCIA,-76.53808411,3.398036924,N,N,N,5,Nivel 4
2248,15,Promociones Populares B,14,ARMA DE FUEGO,SIN OCUPACION,M,23,21:45:00,2025,4/12/2025,SABADO,21:00-23:59,NOCHE,102,SIN ESTABLECER,SIN ESTABLECER,DELINCUENCIA,-76.47305905,3.427326239,N,N,N,1,Nivel 4
2249,15,Urbanización Calimio,6,ARMA DE FUEGO,SIN OCUPACION,M,28,22:27:00,2025,4/12/2025,SABADO,21:00-23:59,NOCHE,102,SIN ESTABLECER,SIN ESTABLECER,DELINCUENCIA,-76.4841422,3.4869497,N,N,N,2,Nivel 4
2250,15,CGTO. EL HORMIGUERO,52,ARMA DE FUEGO,SIN OCUPACION,M,30,23:15:00,2025,4/12/2025,SABADO,21:00-23:59,NOCHE,102,SOLTERO,SIN ESTABLECER,CONVIVENCIA,-76.48805232,3.31508426,N,N,N,2,Nivel 4
2251,16,Sector Alto Jordán,18,ARMA DE FUEGO,ALBAÑIL,M,43,17:05:00,2025,4/13/2025,DOMINGO,15:00-17:59,TARDE,103,CASADO,PRIMARIA,CONVIVENCIA,-76.55701248,3.376374783,N,N,N,1,Nivel 4
2252,16,El Poblado I,13,ARMA DE FUEGO,OFICIOS VARIOS,M,42,21:06:00,2025,4/13/2025,DOMINGO,21:00-23:59,NOCHE,103,UNION LIBRE,SECUNDARIA,DELINCUENCIA,-76.49800103,3.42088584,N,N,N,2,Nivel 4
2253,16,Antonio Nariño,16,ARMA DE FUEGO,VENDEDOR,M,33,21:50:00,2025,4/13/2025,DOMINGO,21:00-23:59,NOCHE,103,SEPARADO,SECUNDARIA,CONVIVENCIA,-76.50392603,3.414896638,N,N,N,2,Nivel 4
2254,16,Alfonso Lopez P. 2a Etapa,7,ARMA DE FUEGO,SIN OCUPACION,M,41,22:50:00,2025,4/13/2025,DOMINGO,21:00-23:59,NOCHE,103,SOLTERO,PRIMARIA,DELINCUENCIA,-76.4798646,3.4588822,N,N,N,3,Nivel 4
2255,16,Paso del Comercio,6,ARMA DE FUEGO,OFICIOS VARIOS,M,24,13:20:00,2025,4/14/2025,LUNES,12:00-14:59,TARDE,104,CASADO,SECUNDARIA,OTRO,-76.48716569,3.493391746,N,N,N,2,Nivel 4
2256,16,El Troncal,8,ARMA DE FUEGO,DESEMPLEADO,M,23,15:22:00,2025,4/14/2025,LUNES,15:00-17:59,TARDE,104,SOLTERO,SECUNDARIA,DELINCUENCIA,-76.50748804,3.449924279,N,N,N,3,Nivel 4
2257,16,El Jardín,11,ARMA DE FUEGO,OFICIOS VARIOS,M,27,21:30:00,2025,4/14/2025,LUNES,21:00-23:59,NOCHE,104,SOLTERO,SECUNDARIA,DELINCUENCIA,-76.51689431,3.427489189,N,N,N,3,Nivel 4
2258,16,Venezuela - Urbanización Cañaveralejo,20,CORTOPUNZANTE,VENDEDOR,M,21,6:19:00,2025,4/15/2025,MARTES,06:00-08:59,MAÑANA,105,SOLTERO,SECUNDARIA,DELINCUENCIA,-76.55932727,3.41418136,N,N,N,1,Nivel 4
2259,16,Prados del Sur,18,ARMA DE FUEGO,OFICIOS VARIOS,M,40,19:30:00,2025,4/15/2025,MARTES,18:00-20:59,NOCHE,105,SOLTERO,TECNOLOGO,DELINCUENCIA,-76.55459202,3.386210477,N,N,N,2,Nivel 4
2260,16,Potrero Grande,21,ARMA DE FUEGO,OFICIOS VARIOS,M,20,20:00:00,2025,4/15/2025,MARTES,18:00-20:59,NOCHE,105,SOLTERO,SECUNDARIA,DELINCUENCIA,-76.46900331,3.404151198,N,N,N,2,Nivel 4
2261,16,Los Guaduales,6,ARMA DE FUEGO,DESEMPLEADO,F,23,20:40:00,2025,4/15/2025,MARTES,18:00-20:59,NOCHE,105,SOLTERO,PRIMARIA,DELINCUENCIA,-76.49887278,3.49202891,N,N,N,3,Nivel 4
2262,16,El Rodeo,12,ARMA DE FUEGO,DESEMPLEADO,M,53,21:25:00,2025,4/15/2025,MARTES,21:00-23:59,NOCHE,105,UNION LIBRE,UNIVERSITARIO,DELINCUENCIA,-76.50737789,3.437805344,N,N,N,2,Nivel 4
2263,16,Manuela Beltrán,14,ARMA DE FUEGO,OFICIOS VARIOS,F,37,0:15:00,2025,4/16/2025,MIERCOLES,00:00-02:59,MADRUGADA,106,SOLTERO,SECUNDARIA,DELINCUENCIA,-76.47044265,3.423526052,N,N,N,1,Nivel 4
2264,16,Manuela Beltrán,14,ARMA DE FUEGO,OFICIOS VARIOS,M,36,0:15:00,2025,4/16/2025,MIERCOLES,00:00-02:59,MADRUGADA,106,CASADO,SECUNDARIA,DELINCUENCIA,-76.47044265,3.423526052,N,N,N,1,Nivel 4
2265,16,El Jardín,11,CORTOPUNZANTE,ALBAÑIL,M,54,10:10:00,2025,4/17/2025,JUEVES,09:00-11:59,MAÑANA,107,UNION LIBRE,PRIMARIA,CONVIVENCIA,-76.52008861,3.426980074,N,N,N,3,Nivel 4
2266,16,El Vallado,15,ARMA DE FUEGO,ALBAÑIL,M,32,20:36:00,2025,4/17/2025,JUEVES,18:00-20:59,NOCHE,107,UNION LIBRE,SECUNDARIA,DELINCUENCIA,-76.49634893,3.407470711,N,N,N,2,Nivel 4
2267,16,El Poblado I,13,ARMA DE FUEGO,ALBAÑIL,M,53,2:00:00,2025,4/18/2025,VIERNES,00:00-02:59,MADRUGADA,108,SIN ESTABLECER,SIN ESTABLECER,CONVIVENCIA,-76.49850879,3.42088584,N,N,N,2,Nivel 4
2268,16,Prados del Norte,2,ARMA DE FUEGO,ALBAÑIL,M,21,2:50:00,2025,4/18/2025,VIERNES,00:00-02:59,MADRUGADA,108,CASADO,SECUNDARIA,DELINCUENCIA,-76.52331162,3.476327408,N,N,N,5,Nivel 4
2269,16,San Marino,7,ARMA DE FUEGO,DESEMPLEADO,M,21,21:05:00,2025,4/19/2025,SABADO,21:00-23:59,NOCHE,109,UNION LIBRE,SECUNDARIA,DELINCUENCIA,-76.48856738,3.461102167,N,N,N,2,Nivel 4
2270,16,Antonio Nariño,16,ARMA DE FUEGO,ALBAÑIL,M,22,23:00:00,2025,4/19/2025,SABADO,21:00-23:59,NOCHE,109,SOLTERO,SECUNDARIA,DELINCUENCIA,-76.50194893,3.412809825,N,N,N,2,Nivel 4
2271,17,Alfonso Bonilla Aragón,14,ARMA DE FUEGO,ELECTRICISTA,M,24,16:50:00,2025,4/20/2025,DOMINGO,15:00-17:59,TARDE,110,SOLTERO,SECUNDARIA,DELINCUENCIA,-76.4837808,3.4196056,N,N,N,1,Nivel 4
2272,17,San Pascual,3,ARMA DE FUEGO,SECRETARIA,M,32,16:50:00,2025,4/20/2025,DOMINGO,15:00-17:59,TARDE,110,SOLTERO,SECUNDARIA,DELINCUENCIA,-76.52769088,3.44579686,N,N,N,1,Nivel 4
2273,17,Potrero Grande,21,ARMA DE FUEGO,SIN OCUPACION,M,27,11:30:00,2025,4/21/2025,LUNES,09:00-11:59,MAÑANA,111,UNION LIBRE,PRIMARIA,DELINCUENCIA,-76.46820909,3.405297428,N,N,N,2,Nivel 4
2274,17,Potrero Grande,21,ARMA DE FUEGO,ASESOR COMERCIAL,M,19,15:50:00,2025,4/21/2025,LUNES,15:00-17:59,TARDE,111,SOLTERO,SECUNDARIA,DELINCUENCIA,-76.46903357,3.408103526,N,N,N,2,Nivel 4
2275,17,El Ingenio,17,ARMA DE FUEGO,ESTUDIANTE,M,18,19:10:00,2025,4/21/2025,LUNES,18:00-20:59,NOCHE,111,SOLTERO,SECUNDARIA,DELINCUENCIA,-76.52761282,3.385685625,N,N,N,5,Nivel 4
2276,17,Santa Elena,10,ARMA DE FUEGO,ALBAÑIL,M,25,20:00:00,2025,4/21/2025,LUNES,18:00-20:59,NOCHE,111,SOLTERO,PRIMARIA,DELINCUENCIA,-76.5205759,3.426529964,N,N,N,3,Nivel 4
2277,17,Ignacio Rengifo,4,ARMA DE FUEGO,SIN OCUPACION,M,24,23:20:00,2025,4/21/2025,LUNES,21:00-23:59,NOCHE,111,SIN ESTABLECER,SIN ESTABLECER,DELINCUENCIA,-76.51338036,3.471022314,N,N,N,3,Nivel 4
2278,17,Guillermo Valencia,4,ARMA DE FUEGO,AGRICULTOR,M,50,23:30:00,2025,4/21/2025,LUNES,21:00-23:59,NOCHE,111,SEPARADO,PRIMARIA,DELINCUENCIA,-76.50998843,3.470823933,N,N,N,2,Nivel 4
2279,17,Departamental,10,ARMA DE FUEGO,ESTUDIANTE,M,24,4:05:00,2025,4/22/2025,MARTES,03:00-05:59,MADRUGADA,112,SIN ESTABLECER,SECUNDARIA,DELINCUENCIA,-76.53514274,3.420547608,N,N,N,4,Nivel 4
2280,17,El Poblado I,13,CORTOPUNZANTE,ELECTRICISTA,M,42,10:28:00,2025,4/22/2025,MARTES,09:00-11:59,MAÑANA,112,UNION LIBRE,SIN ESTABLECER,CONVIVENCIA,-76.49890777,3.418095812,N,N,N,2,Nivel 4
2281,17,Alto Nápoles,18,ARMA DE FUEGO,SIN OCUPACION,M,45,18:05:00,2025,4/22/2025,MARTES,18:00-20:59,NOCHE,112,SIN ESTABLECER,SIN ESTABLECER,DELINCUENCIA,-76.55928579,3.383488278,N,N,N,1,Nivel 4
2282,17,León XIII,11,ARMA DE FUEGO,SIN OCUPACION,M,23,20:40:00,2025,4/22/2025,MARTES,18:00-20:59,NOCHE,112,SEPARADO,UNIVERSITARIO,DELINCUENCIA,-76.5092485,3.426007047,N,N,N,2,Nivel 4
2283,17,Mariano Ramos,16,CORTOPUNZANTE,ELECTRICISTA,M,54,3:00:00,2025,4/23/2025,MIERCOLES,03:00-05:59,MADRUGADA,113,UNION LIBRE,PRIMARIA,DELINCUENCIA,-76.51805163,3.402624612,N,N,N,2,Nivel 4
2284,17,Doce de Octubre,12,OTRAS ARMAS,ALBAÑIL,M,64,2:00:00,2025,4/24/2025,JUEVES,00:00-02:59,MADRUGADA,114,UNION LIBRE,SECUNDARIA,CONVIVENCIA,-76.50295453,3.42849971,N,N,N,3,Nivel 4
2285,17,20 de Julio,11,ARMA DE FUEGO,VENDEDOR AMBULANTE,M,41,19:15:00,2025,4/25/2025,VIERNES,18:00-20:59,NOCHE,115,UNION LIBRE,SECUNDARIA,DELINCUENCIA,-76.51481209,3.435452692,N,N,N,3,Nivel 4
2286,17,Sector Alto de los Chorros,18,ARMA DE FUEGO,MOTORATON,M,19,2:46:00,2025,4/26/2025,SABADO,00:00-02:59,MADRUGADA,116,SOLTERO,SECUNDARIA,DELINCUENCIA,-76.56149036,3.387661734,N,N,N,1,Nivel 4
2287,18,Mojica,15,ARMA DE FUEGO,OFICIOS VARIOS,M,25,2:16:00,2025,4/27/2025,DOMINGO,00:00-02:59,MADRUGADA,117,SOLTERO,SECUNDARIA,DELINCUENCIA,-76.48934007,3.416961871,N,N,N,1,Nivel 4
2288,18,Alirio Mora Beltrán,14,ARMA DE FUEGO,ALBAÑIL,M,27,4:25:00,2025,4/27/2025,DOMINGO,03:00-05:59,MADRUGADA,117,SOLTERO,SECUNDARIA,DELINCUENCIA,-76.47804502,3.435247251,N,N,N,2,Nivel 4
2289,18,Calimio Desepaz,21,ARMA DE FUEGO,OFICIOS VARIOS,M,38,5:30:00,2025,4/27/2025,DOMINGO,03:00-05:59,MADRUGADA,117,SOLTERO,SECUNDARIA,CONVIVENCIA,-76.468961,3.4147848,N,N,N,1,Nivel 4
2290,18,Barrio Obrero,9,ARMA DE FUEGO,CARPINTERO,M,18,12:45:00,2025,4/27/2025,DOMINGO,12:00-14:59,TARDE,117,SOLTERO,SECUNDARIA,DELINCUENCIA,-76.51869928,3.446428999,N,N,N,2,Nivel 4
2291,18,Potrero Grande,21,ARMA DE FUEGO,ASESOR COMERCIAL,M,26,17:43:00,2025,4/27/2025,DOMINGO,15:00-17:59,TARDE,117,SOLTERO,SECUNDARIA,DELINCUENCIA,-76.47270213,3.409807108,N,N,N,2,Nivel 4
2292,18,Villa del Sur,11,CORTOPUNZANTE,ALBAÑIL,M,48,1:10:00,2025,4/28/2025,LUNES,00:00-02:59,MADRUGADA,118,SIN ESTABLECER,PRIMARIA,OTRO,-76.51812421,3.411962548,N,N,N,3,Nivel 4
2293,18,El Retiro,15,CORTOPUNZANTE,MECANICO,M,43,5:11:00,2025,4/28/2025,LUNES,03:00-05:59,MADRUGADA,118,CASADO,SECUNDARIA,OTRO,-76.50047558,3.409755641,N,N,N,1,Nivel 4
2294,18,El Diamante,13,ARMA DE FUEGO,EMPLEADO,M,25,10:30:00,2025,4/28/2025,LUNES,09:00-11:59,MAÑANA,118,SOLTERO,SECUNDARIA,DELINCUENCIA,-76.50316361,3.422424802,N,N,N,2,Nivel 4
2295,18,Sucre,9,ARMA DE FUEGO,SIN OCUPACION,M,17,20:45:00,2025,4/28/2025,LUNES,18:00-20:59,NOCHE,118,SOLTERO,SECUNDARIA,DELINCUENCIA,-76.52400732,3.448427562,N,N,N,1,Nivel 4
2296,18,Sucre,9,ARMA DE FUEGO,DEPORTISTA,F,28,20:45:00,2025,4/28/2025,LUNES,18:00-20:59,NOCHE,118,SOLTERO,SECUNDARIA,DELINCUENCIA,-76.52400732,3.448427562,N,N,N,1,Nivel 4
2297,18,El Vergel,13,ARMA DE FUEGO,SIN OCUPACION,M,16,22:37:00,2025,4/28/2025,LUNES,21:00-23:59,NOCHE,118,SOLTERO,SECUNDARIA,DELINCUENCIA,-76.50205671,3.416941713,N,N,N,1,Nivel 4
2298,18,La Selva,10,ARMA DE FUEGO,MOTORISTA,M,48,9:35:00,2025,4/30/2025,MIERCOLES,09:00-11:59,MAÑANA,120,CASADO,PRIMARIA,CONVIVENCIA,-76.5286677,3.41314192,N,N,N,3,Nivel 4
2299,18,Mariano Ramos,16,ARMA DE FUEGO,INDIGENTE,M,30,16:00:00,2025,5/1/2025,JUEVES,15:00-17:59,TARDE,121,SOLTERO,SECUNDARIA,DELINCUENCIA,-76.51638487,3.400285175,N,N,N,2,Nivel 4
2300,18,El Retiro,15,ARMA DE FUEGO,ALBAÑIL,M,48,18:55:00,2025,5/1/2025,JUEVES,18:00-20:59,NOCHE,121,SOLTERO,PRIMARIA,DELINCUENCIA,-76.4974437,3.408824395,N,N,N,1,Nivel 4
2301,18,Simón Bolívar,8,ARMA DE FUEGO,ALBAÑIL,M,17,21:37:00,2025,5/1/2025,JUEVES,21:00-23:59,NOCHE,121,SOLTERO,PRIMARIA,DELINCUENCIA,-76.51747413,3.440904829,N,N,N,3,Nivel 4
2302,18,Potrero Grande,21,ARMA DE FUEGO,SIN OCUPACION,M,32,2:02:00,2025,5/2/2025,VIERNES,00:00-02:59,MADRUGADA,122,UNION LIBRE,SECUNDARIA,DELINCUENCIA,-76.47216642,3.408763723,N,N,N,2,Nivel 4
2303,18,Aguablanca,11,ARMA DE FUEGO,SIN OCUPACION,M,21,7:46:00,2025,5/2/2025,VIERNES,06:00-08:59,MAÑANA,122,SIN ESTABLECER,SIN ESTABLECER,CONVIVENCIA,-76.51924615,3.434544779,N,N,N,3,Nivel 4
2304,18,La Independencia,11,ARMA DE FUEGO,SIN OCUPACION,M,47,18:05:00,2025,5/2/2025,VIERNES,18:00-20:59,NOCHE,122,SIN ESTABLECER,SIN ESTABLECER,DELINCUENCIA,-76.51749016,3.416067684,N,N,N,3,Nivel 4
2305,18,Promociones Populares B,14,ARMA DE FUEGO,SIN OCUPACION,M,51,18:17:00,2025,5/2/2025,VIERNES,18:00-20:59,NOCHE,122,CASADO,SECUNDARIA,OTRO,-76.47412257,3.425536933,N,N,N,1,Nivel 4
2306,18,Barrio Obrero,9,ARMA DE FUEGO,MOTORISTA,M,39,20:00:00,2025,5/2/2025,VIERNES,18:00-20:59,NOCHE,122,UNION LIBRE,SECUNDARIA,DELINCUENCIA,-76.5194215,3.450479584,N,N,N,2,Nivel 4
2307,18,Barrio Obrero,9,ARMA DE FUEGO,MOTORISTA,M,47,20:00:00,2025,5/2/2025,VIERNES,18:00-20:59,NOCHE,122,CASADO,SECUNDARIA,DELINCUENCIA,-76.5194215,3.450479584,N,N,N,2,Nivel 4
2308,18,Vista Hermosa,1,ARMA DE FUEGO,MOTORISTA,M,47,10:03:00,2025,5/3/2025,SABADO,09:00-11:59,MAÑANA,123,CASADO,PRIMARIA,OTRO,-76.58180317,3.456092406,N,N,N,1,Nivel 4
2309,18,El Vergel,13,ARMA DE FUEGO,VIGILANTE,M,19,15:54:00,2025,5/3/2025,SABADO,15:00-17:59,TARDE,123,SOLTERO,SECUNDARIA,DELINCUENCIA,-76.49982001,3.414878727,N,N,N,1,Nivel 4
2310,18,Sector Alto Jordán,18,ARMA DE FUEGO,VENDEDOR,M,21,23:30:00,2025,5/3/2025,SABADO,21:00-23:59,NOCHE,123,UNION LIBRE,SECUNDARIA,DELINCUENCIA,-76.5533858,3.374749863,N,N,N,1,Nivel 4
2311,18,Sector Alto Jordán,18,ARMA DE FUEGO,OFICIOS VARIOS,M,56,23:30:00,2025,5/3/2025,SABADO,21:00-23:59,NOCHE,123,SOLTERO,SECUNDARIA,DELINCUENCIA,-76.5533858,3.374749863,N,N,N,1,Nivel 4
2312,19,Normandia,2,CORTOPUNZANTE,COMERCIANTE,M,24,3:30:00,2025,5/4/2025,DOMINGO,03:00-05:59,MADRUGADA,124,SOLTERO,SECUNDARIA,DELINCUENCIA,-76.54187756,3.452054575,N,N,N,6,Nivel 4
2313,19,El Retiro,15,ARMA DE FUEGO,OFICIOS VARIOS,M,32,5:28:00,2025,5/4/2025,DOMINGO,03:00-05:59,MADRUGADA,124,CASADO,SECUNDARIA,CONVIVENCIA,-76.49781036,3.413689838,N,N,N,1,Nivel 4
2314,19,Jorge Eliécer Gaitán,6,ARMA DE FUEGO,DESEMPLEADO,M,28,6:26:00,2025,5/4/2025,DOMINGO,06:00-08:59,MAÑANA,124,SOLTERO,SIN ESTABLECER,DELINCUENCIA,-76.48373261,3.469456148,N,N,N,2,Nivel 4
2315,19,El Poblado I,13,CORTOPUNZANTE,MOTORISTA,M,21,7:07:00,2025,5/4/2025,DOMINGO,06:00-08:59,MAÑANA,124,UNION LIBRE,SECUNDARIA,CONVIVENCIA,-76.49880576,3.418349352,N,N,N,2,Nivel 4
2316,19,Alto Nápoles,18,ARMA DE FUEGO,ESTUDIANTE,M,16,11:50:00,2025,5/4/2025,DOMINGO,09:00-11:59,MAÑANA,124,SOLTERO,SECUNDARIA,DELINCUENCIA,-76.55954734,3.381103562,N,N,N,1,Nivel 4
2317,19,Polvorines,18,ARMA DE FUEGO,COBRADOR,M,28,13:55:00,2025,5/5/2025,LUNES,12:00-14:59,TARDE,125,UNION LIBRE,SECUNDARIA,DELINCUENCIA,-76.5647174,3.3691497,N,N,N,2,Nivel 4
2318,19,Simón Bolívar,8,ARMA DE FUEGO,ESTUDIANTE,M,20,15:30:00,2025,5/5/2025,LUNES,15:00-17:59,TARDE,125,SOLTERO,SECUNDARIA,DELINCUENCIA,-76.51848423,3.442545582,N,N,N,3,Nivel 4
2319,19,Santa Elena,10,ARMA DE FUEGO,OFICIOS VARIOS,M,48,17:30:00,2025,5/5/2025,LUNES,15:00-17:59,TARDE,125,CASADO,SECUNDARIA,DELINCUENCIA,-76.52376628,3.429243128,N,N,N,3,Nivel 4
2320,19,Calimio Desepaz,21,ARMA DE FUEGO,ESTUDIANTE,M,18,18:03:00,2025,5/5/2025,LUNES,18:00-20:59,NOCHE,125,SIN ESTABLECER,SIN ESTABLECER,CONVIVENCIA,-76.46880393,3.411217421,N,N,N,1,Nivel 4
2321,19,Calimio Desepaz,21,ARMA DE FUEGO,ESTUDIANTE,M,16,18:03:00,2025,5/5/2025,LUNES,18:00-20:59,NOCHE,125,SIN ESTABLECER,SIN ESTABLECER,CONVIVENCIA,-76.46880393,3.411217421,N,N,N,1,Nivel 4
2322,19,Aguablanca,11,ARMA DE FUEGO,SIN OCUPACION,M,40,21:24:00,2025,5/5/2025,LUNES,21:00-23:59,NOCHE,125,SIN ESTABLECER,SECUNDARIA,CONVIVENCIA,-76.51828762,3.4295352,N,N,N,3,Nivel 4
2323,19,Ciudad Meléndez 2,81,ARMA DE FUEGO,OFICIOS VARIOS,M,32,21:38:00,2025,5/5/2025,LUNES,21:00-23:59,NOCHE,125,SOLTERO,SECUNDARIA,OTRO,-76.50662837,3.374842596,N,N,N,0,Nivel 4
2324,19,Polvorines,18,ARMA DE FUEGO,OFICIOS VARIOS,M,59,6:20:00,2025,5/6/2025,MARTES,06:00-08:59,MAÑANA,126,SOLTERO,SECUNDARIA,CONVIVENCIA,-76.55704437,3.371358079,N,N,N,2,Nivel 4
2325,19,San Vicente,2,ARMA DE FUEGO,MEDICO,M,46,16:50:00,2025,5/6/2025,MARTES,15:00-17:59,TARDE,126,UNION LIBRE,SECUNDARIA,DELINCUENCIA,-76.527146,3.4669612,N,N,N,4,Nivel 4
2326,19,El Retiro,15,ARMA DE FUEGO,DESEMPLEADO,F,24,17:00:00,2025,5/6/2025,MARTES,15:00-17:59,TARDE,126,SOLTERO,SECUNDARIA,DELINCUENCIA,-76.50034829,3.40980355,N,N,S,1,Nivel 4
2327,19,Villa del Prado - El Guabito,5,ARMA DE FUEGO,SECRETARIA,M,46,20:19:00,2025,5/6/2025,MARTES,18:00-20:59,NOCHE,126,SOLTERO,PRIMARIA,DELINCUENCIA,-76.49162368,3.468465859,N,N,N,3,Nivel 4
2328,19,Villa Colombia,8,CORTOPUNZANTE,AMA DE CASA,F,79,20:33:00,2025,5/6/2025,MARTES,18:00-20:59,NOCHE,126,CASADO,PRIMARIA,CONVIVENCIA,-76.49937983,3.449886804,N,N,N,3,Nivel 4
2329,19,Los Comuneros I,15,ARMA DE FUEGO,ALBAÑIL,M,32,8:30:00,2025,5/7/2025,MIERCOLES,06:00-08:59,MAÑANA,127,UNION LIBRE,PRIMARIA,DELINCUENCIA,-76.49225801,3.409536928,N,N,N,2,Nivel 4
2330,19,Villablanca,13,ARMA DE FUEGO,OFICIOS VARIOS,M,34,19:10:00,2025,5/7/2025,MIERCOLES,18:00-20:59,NOCHE,127,SOLTERO,SECUNDARIA,DELINCUENCIA,-76.49531237,3.428288227,N,N,N,2,Nivel 4
2331,19,Rafael Uribe Uribe,8,ARMA DE FUEGO,ESTUDIANTE,M,16,21:33:00,2025,5/7/2025,MIERCOLES,21:00-23:59,NOCHE,127,SOLTERO,SECUNDARIA,DELINCUENCIA,-76.51145522,3.438664479,N,N,N,2,Nivel 4
2332,19,Alfonso Lopez P. 3a Etapa,7,ARMA DE FUEGO,AMA DE CASA,F,37,21:45:00,2025,5/7/2025,MIERCOLES,21:00-23:59,NOCHE,127,UNION LIBRE,PRIMARIA,DELINCUENCIA,-76.48240443,3.454771335,N,N,S,3,Nivel 4
2333,19,Simón Bolívar,8,ARMA DE FUEGO,SECRETARIA,M,44,1:55:00,2025,5/8/2025,JUEVES,00:00-02:59,MADRUGADA,128,SOLTERO,SECUNDARIA,DELINCUENCIA,-76.51690262,3.440481233,N,N,N,3,Nivel 4
2334,19,La Esmeralda,4,ARMA DE FUEGO,ESTUDIANTE,F,24,9:41:00,2025,5/8/2025,JUEVES,09:00-11:59,MAÑANA,128,SIN ESTABLECER,SIN ESTABLECER,OTRO,-76.50722095,3.460363176,N,N,N,2,Nivel 4
2335,19,Sector Alto Jordán,18,ARMA DE FUEGO,OFICIOS VARIOS,M,31,10:55:00,2025,5/8/2025,JUEVES,09:00-11:59,MAÑANA,128,SOLTERO,PRIMARIA,DELINCUENCIA,-76.5561337,3.37507229,N,N,N,1,Nivel 4
2336,19,San Pedro,3,CORTOPUNZANTE,OFICIOS VARIOS,M,23,16:40:00,2025,5/8/2025,JUEVES,15:00-17:59,TARDE,128,UNION LIBRE,SECUNDARIA,OTRO,-76.52953342,3.450851861,N,N,N,3,Nivel 4
2337,19,Lili,17,ARMA DE FUEGO,SIN OCUPACION,M,32,18:53:00,2025,5/8/2025,JUEVES,18:00-20:59,NOCHE,128,SIN ESTABLECER,SIN ESTABLECER,DELINCUENCIA,-76.51989317,3.370983313,N,N,N,4,Nivel 4
2338,19,El Guayabal 1,81,ARMA DE FUEGO,OFICIOS VARIOS,M,22,20:45:00,2025,5/8/2025,JUEVES,18:00-20:59,NOCHE,128,SOLTERO,SECUNDARIA,DELINCUENCIA,-76.50681758,3.359472737,N,N,N,0,Nivel 4
2339,19,El Ingenio,17,ARMA DE FUEGO,CONTADOR,M,56,1:02:00,2025,5/9/2025,VIERNES,00:00-02:59,MADRUGADA,129,CASADO,UNIVERSITARIO,DELINCUENCIA,-76.52810823,3.385706502,N,N,N,5,Nivel 4
2340,19,El Ingenio,17,ARMA DE FUEGO,MENSAJERO,M,47,1:02:00,2025,5/9/2025,VIERNES,00:00-02:59,MADRUGADA,129,SEPARADO,SECUNDARIA,DELINCUENCIA,-76.52810823,3.385706502,N,N,N,5,Nivel 4
2341,19,CGTO. LA BUITRERA,54,ARMA DE FUEGO,SECRETARIA,M,27,22:00:00,2025,5/9/2025,VIERNES,21:00-23:59,NOCHE,129,SOLTERO,PRIMARIA,DELINCUENCIA,-76.5863882,3.3829662,N,N,N,2,Nivel 4
2342,19,Lourdes,18,ARMA DE FUEGO,OFICIOS VARIOS,M,22,13:00:00,2025,5/10/2025,SABADO,12:00-14:59,TARDE,130,SOLTERO,PRIMARIA,DELINCUENCIA,-76.55807855,3.391457084,N,N,N,2,Nivel 4
2343,19,Puerta del Sol,14,ARMA DE FUEGO,SIN OCUPACION,M,20,21:42:00,2025,5/10/2025,SABADO,21:00-23:59,NOCHE,130,UNION LIBRE,PRIMARIA,DELINCUENCIA,-76.4731327,3.431897696,N,N,N,1,Nivel 4
2344,19,Polvorines,18,ARMA DE FUEGO,SIN OCUPACION,M,26,23:10:00,2025,5/10/2025,SABADO,21:00-23:59,NOCHE,130,SIN ESTABLECER,SIN ESTABLECER,DELINCUENCIA,-76.56002372,3.376787341,N,N,N,2,Nivel 4
2345,20,Sector Alto de los Chorros,18,ARMA DE FUEGO,ALBAÑIL,M,32,1:00:00,2025,5/11/2025,DOMINGO,00:00-02:59,MADRUGADA,131,UNION LIBRE,SECUNDARIA,DELINCUENCIA,-76.5620809,3.388824138,N,N,N,1,Nivel 4
2346,20,Alirio Mora Beltrán,14,CORTOPUNZANTE,ESTUDIANTE,M,15,1:00:00,2025,5/11/2025,DOMINGO,00:00-02:59,MADRUGADA,131,SOLTERO,PRIMARIA,CONVIVENCIA,-76.47973288,3.436394854,N,N,N,2,Nivel 4
2347,20,El Pondaje,13,CORTOPUNZANTE,AMA DE CASA,F,47,4:27:00,2025,5/11/2025,DOMINGO,03:00-05:59,MADRUGADA,131,UNION LIBRE,SECUNDARIA,CONVIVENCIA,-76.49742592,3.430163886,S,N,N,2,Nivel 4
2348,20,El Morichal,15,ARMA DE FUEGO,ESTUDIANTE,M,27,5:35:00,2025,5/11/2025,DOMINGO,03:00-05:59,MADRUGADA,131,SOLTERO,UNIVERSITARIO,DELINCUENCIA,-76.50996042,3.391361045,N,N,N,2,Nivel 4
2349,20,Lleras Restrepo II,13,CORTOPUNZANTE,ALBAÑIL,M,45,8:00:00,2025,5/11/2025,DOMINGO,06:00-08:59,MAÑANA,131,SOLTERO,PRIMARIA,CONVIVENCIA,-76.48888804,3.43576981,N,N,N,1,Nivel 4
2350,20,Santa Fé,8,CORTOPUNZANTE,AUXILIAR SISTEMAS,M,35,22:23:00,2025,5/11/2025,DOMINGO,21:00-23:59,NOCHE,131,SOLTERO,PRIMARIA,CONVIVENCIA,-76.50630312,3.441067578,N,N,N,3,Nivel 4
2351,20,El Vergel,13,ARMA DE FUEGO,AUXILIAR SISTEMAS,M,25,22:30:00,2025,5/11/2025,DOMINGO,21:00-23:59,NOCHE,131,SOLTERO,SECUNDARIA,DELINCUENCIA,-76.50251903,3.416506516,N,N,N,1,Nivel 4
2352,20,Lleras Camargo,20,ARMA DE FUEGO,MOTORISTA,M,25,23:00:00,2025,5/11/2025,DOMINGO,21:00-23:59,NOCHE,131,SOLTERO,SECUNDARIA,DELINCUENCIA,-76.55832409,3.42369953,N,N,N,1,Nivel 4
2353,20,Brisas del Limonar,16,ARMA DE FUEGO,SIN OCUPACION,M,25,0:30:00,2025,5/12/2025,LUNES,00:00-02:59,MADRUGADA,132,SIN ESTABLECER,SIN ESTABLECER,DELINCUENCIA,-76.52168648,3.402353804,N,N,N,2,Nivel 4
2354,20,San Fernando Viejo,19,ARMA DE FUEGO,ADMINISTRADOR,M,71,16:20:00,2025,5/12/2025,LUNES,15:00-17:59,TARDE,132,UNION LIBRE,SECUNDARIA,DELINCUENCIA,-76.54485924,3.437076564,N,N,N,5,Nivel 4
2355,20,El Troncal,8,ARMA DE FUEGO,MOTORISTA,M,20,21:05:00,2025,5/12/2025,LUNES,21:00-23:59,NOCHE,132,SOLTERO,SECUNDARIA,DELINCUENCIA,-76.51089051,3.452880541,N,N,N,3,Nivel 4
2356,20,Terrón Colorado,1,ARMA DE FUEGO,TAXISTA,M,42,23:51:00,2025,5/12/2025,LUNES,21:00-23:59,NOCHE,132,SOLTERO,SECUNDARIA,DELINCUENCIA,-76.56052306,3.455046339,N,N,N,2,Nivel 4
2357,20,San Nicolás,3,ARMA DE FUEGO,DISEÑADOR,M,38,15:05:00,2025,5/13/2025,MARTES,15:00-17:59,TARDE,133,UNION LIBRE,UNIVERSITARIO,DELINCUENCIA,-76.52811719,3.454386298,N,N,N,2,Nivel 4
2358,20,Terrón Colorado,1,CORTOPUNZANTE,AMA DE CASA,F,24,2:30:00,2025,5/14/2025,MIERCOLES,00:00-02:59,MADRUGADA,134,SOLTERO,SECUNDARIA,CONVIVENCIA,-76.5614999,3.451475693,N,N,N,2,Nivel 4
2359,20,Santa Elena,10,ARMA DE FUEGO,OFICIOS VARIOS,M,42,7:15:00,2025,5/14/2025,MIERCOLES,06:00-08:59,MAÑANA,134,SOLTERO,PRIMARIA,OTRO,-76.52326969,3.426861906,N,N,N,3,Nivel 4
2360,20,La Floresta,8,CORTOPUNZANTE,MOTORISTA,M,27,23:00:00,2025,5/14/2025,MIERCOLES,21:00-23:59,NOCHE,134,SOLTERO,SECUNDARIA,CONVIVENCIA,-76.5126925,3.4446097,N,N,N,3,Nivel 4
2361,20,Ulpiano Lloreda,13,ARMA DE FUEGO,OFICIOS VARIOS,M,35,1:07:00,2025,5/15/2025,JUEVES,00:00-02:59,MADRUGADA,135,UNION LIBRE,SECUNDARIA,DELINCUENCIA,-76.48987399,3.443680712,N,N,N,2,Nivel 4
2362,20,Petecuy Tercera Etapa,6,ARMA DE FUEGO,SIN OCUPACION,M,44,4:46:00,2025,5/16/2025,VIERNES,03:00-05:59,MADRUGADA,136,SOLTERO,TECNOLOGO,DELINCUENCIA,-76.48094696,3.477947571,N,N,N,2,Nivel 4
2363,20,Nueva Floresta,12,ARMA DE FUEGO,TAXISTA,M,37,16:59:00,2025,5/16/2025,VIERNES,15:00-17:59,TARDE,136,UNION LIBRE,SECUNDARIA,DELINCUENCIA,-76.49773708,3.440130788,N,N,N,3,Nivel 4
2364,20,Olaya Herrera,4,ARMA DE FUEGO,VENDEDOR AMBULANTE,M,40,18:55:00,2025,5/17/2025,SABADO,18:00-20:59,NOCHE,137,UNION LIBRE,PRIMARIA,DELINCUENCIA,-76.50860853,3.480481653,N,N,N,2,Nivel 4
2365,20,Ciudad Córdoba,15,ARMA DE FUEGO,ALBAÑIL,M,27,21:35:00,2025,5/17/2025,SABADO,21:00-23:59,NOCHE,137,SOLTERO,SECUNDARIA,DELINCUENCIA,-76.51028066,3.401099095,N,N,N,3,Nivel 4
2366,21,Sector Alto Jordán,18,CORTOPUNZANTE,MECANICO,M,56,9:35:00,2025,5/18/2025,DOMINGO,09:00-11:59,MAÑANA,138,CASADO,PRIMARIA,DELINCUENCIA,-76.5596604,3.3782908,N,N,N,1,Nivel 4
2367,21,Ciudadela Floralia,6,ARMA DE FUEGO,OFICIOS VARIOS,M,32,21:50:00,2025,5/18/2025,DOMINGO,21:00-23:59,NOCHE,138,UNION LIBRE,SECUNDARIA,DELINCUENCIA,-76.49393904,3.495994227,N,N,N,2,Nivel 4
2368,21,Los Comuneros I,15,ARMA DE FUEGO,VENDEDOR,M,28,1:40:00,2025,5/19/2025,LUNES,00:00-02:59,MADRUGADA,139,CASADO,SECUNDARIA,DELINCUENCIA,-76.49176155,3.41011784,N,N,N,2,Nivel 4
2369,21,Alirio Mora Beltrán,14,ARMA DE FUEGO,AMA DE CASA,F,33,0:00:00,2025,5/20/2025,MARTES,00:00-02:59,MADRUGADA,140,UNION LIBRE,PRIMARIA,DELINCUENCIA,-76.47738087,3.436301648,N,N,N,2,Nivel 4
2370,21,Bretaña,9,ARMA DE FUEGO,VENDEDOR,M,36,9:37:00,2025,5/22/2025,JUEVES,09:00-11:59,MAÑANA,142,CASADO,SECUNDARIA,DELINCUENCIA,-76.53225624,3.436390994,N,N,N,3,Nivel 4
2371,21,Simón Bolívar,8,ARMA DE FUEGO,SUPERVISOR,M,26,10:58:00,2025,5/22/2025,JUEVES,09:00-11:59,MAÑANA,142,SOLTERO,UNIVERSITARIO,DELINCUENCIA,-76.51843081,3.442568115,N,N,N,3,Nivel 4
2372,21,Las Ceibas,7,ARMA DE FUEGO,SIN OCUPACION,M,41,21:00:00,2025,5/22/2025,JUEVES,21:00-23:59,NOCHE,142,CASADO,SECUNDARIA,OTRO,-76.4861301,3.4548347,N,N,N,3,Nivel 4
2373,21,Los Naranjos,14,ARMA DE FUEGO,LATONERO,M,28,21:55:00,2025,5/22/2025,JUEVES,21:00-23:59,NOCHE,142,CASADO,SECUNDARIA,DELINCUENCIA,-76.48148739,3.434964922,N,N,N,1,Nivel 4
2374,21,Aguablanca,11,ARMA DE FUEGO,MOTORISTA,M,48,21:40:00,2025,5/23/2025,VIERNES,21:00-23:59,NOCHE,143,CASADO,PRIMARIA,DELINCUENCIA,-76.51825723,3.43288218,N,N,N,3,Nivel 4
2375,21,Los Comuneros I,15,ARMA DE FUEGO,PANADERO,M,24,22:05:00,2025,5/23/2025,VIERNES,21:00-23:59,NOCHE,143,SOLTERO,SECUNDARIA,DELINCUENCIA,-76.49405895,3.409734899,N,N,N,2,Nivel 4
2376,21,Nueva Floresta,12,ARMA DE FUEGO,OFICIOS VARIOS,M,52,1:49:00,2025,5/24/2025,SABADO,00:00-02:59,MADRUGADA,144,UNION LIBRE,SECUNDARIA,DELINCUENCIA,-76.49576846,3.435283439,N,N,N,3,Nivel 4
2377,21,República de Israel,16,ARMA DE FUEGO,OBRERO,M,31,19:20:00,2025,5/24/2025,SABADO,18:00-20:59,NOCHE,144,UNION LIBRE,SECUNDARIA,DELINCUENCIA,-76.51494616,3.410414445,N,N,N,2,Nivel 4
2378,21,Olaya Herrera,4,ARMA DE FUEGO,OFICIOS VARIOS,M,35,22:40:00,2025,5/24/2025,SABADO,21:00-23:59,NOCHE,144,SOLTERO,PRIMARIA,DELINCUENCIA,-76.50860853,3.480481653,N,N,N,2,Nivel 4
2379,22,Nueva Floresta,12,ARMA DE FUEGO,OFICIOS VARIOS,M,33,0:10:00,2025,5/25/2025,DOMINGO,00:00-02:59,MADRUGADA,145,SOLTERO,SECUNDARIA,DELINCUENCIA,-76.4982375,3.4345645,N,N,N,3,Nivel 4
2380,22,José Manuel Marroquín II,14,ARMA DE FUEGO,OFICIOS VARIOS,M,30,21:28:00,2025,5/25/2025,DOMINGO,21:00-23:59,NOCHE,145,SOLTERO,SECUNDARIA,DELINCUENCIA,-76.48239666,3.436450945,N,N,N,2,Nivel 4
2381,22,Alirio Mora Beltrán,14,OTRAS ARMAS,AMA DE CASA,F,50,22:15:00,2025,5/26/2025,LUNES,21:00-23:59,NOCHE,146,SIN ESTABLECER,PRIMARIA,OTRO,-76.47915883,3.435651028,N,N,N,2,Nivel 4
2382,22,La Hacienda,17,ARMA DE FUEGO,OFICIOS VARIOS,M,44,16:00:00,2025,5/27/2025,MARTES,15:00-17:59,TARDE,147,SOLTERO,SECUNDARIA,DELINCUENCIA,-76.5300365,3.3956865,N,N,N,5,Nivel 4
2383,22,Urbanización Militar,19,ARMA DE FUEGO,SIN OCUPACION,M,19,19:10:00,2025,5/27/2025,MARTES,18:00-20:59,NOCHE,147,SOLTERO,SECUNDARIA,DELINCUENCIA,-76.5404664,3.414498824,N,N,N,4,Nivel 4
2384,22,Urbanización Militar,19,ARMA DE FUEGO,OFICIOS VARIOS,M,28,19:10:00,2025,5/27/2025,MARTES,18:00-20:59,NOCHE,147,SOLTERO,SECUNDARIA,OTRO,-76.5404664,3.414498824,N,N,N,4,Nivel 4
2385,22,Vipasa,2,ARMA DE FUEGO,VIGILANTE,M,36,11:40:00,2025,5/28/2025,MIERCOLES,09:00-11:59,MAÑANA,148,SIN ESTABLECER,SECUNDARIA,DELINCUENCIA,-76.51427193,3.475169006,N,N,N,4,Nivel 4
2386,22,Saavedra Galindo,8,ARMA DE FUEGO,COMUNICADOR SOCIAL,M,19,20:42:00,2025,5/29/2025,JUEVES,18:00-20:59,NOCHE,149,SOLTERO,SECUNDARIA,DELINCUENCIA,-76.51457666,3.44038874,N,N,N,2,Nivel 4
2387,22,Alfonso Lopez P. 3a Etapa,7,ARMA DE FUEGO,ESTUDIANTE,M,21,20:55:00,2025,5/29/2025,JUEVES,18:00-20:59,NOCHE,149,UNION LIBRE,PRIMARIA,DELINCUENCIA,-76.48100045,3.456494773,N,N,N,3,Nivel 4
2388,22,Siloé,20,ARMA DE FUEGO,MOTORISTA,M,34,23:30:00,2025,5/29/2025,JUEVES,21:00-23:59,NOCHE,149,SOLTERO,SECUNDARIA,OTRO,-76.5560481,3.4230962,N,N,N,1,Nivel 4
2389,22,Las Acacias,10,ARMA DE FUEGO,OFICIOS VARIOS,M,29,1:22:00,2025,5/30/2025,VIERNES,00:00-02:59,MADRUGADA,150,SOLTERO,SECUNDARIA,DELINCUENCIA,-76.52103336,3.435214963,N,N,N,3,Nivel 4
2390,22,Paso del Comercio,6,ARMA DE FUEGO,VIGILANTE,M,23,21:15:00,2025,5/30/2025,VIERNES,21:00-23:59,NOCHE,150,SOLTERO,SECUNDARIA,DELINCUENCIA,-76.48440232,3.493546654,N,N,N,2,Nivel 4
2391,22,Siloé,20,ARMA DE FUEGO,VENDEDOR AMBULANTE,M,37,0:56:00,2025,5/31/2025,SABADO,00:00-02:59,MADRUGADA,151,SOLTERO,SECUNDARIA,DELINCUENCIA,-76.55892474,3.422073009,N,N,N,1,Nivel 4
2392,22,Los Comuneros I,15,ARMA DE FUEGO,OFICIOS VARIOS,M,20,17:05:00,2025,5/31/2025,SABADO,15:00-17:59,TARDE,151,SOLTERO,SECUNDARIA,DELINCUENCIA,-76.49406732,3.407747176,N,N,N,2,Nivel 4
2393,22,El Mortiñal,19,ARMA DE FUEGO,OFICIOS VARIOS,M,34,23:05:00,2025,5/31/2025,SABADO,21:00-23:59,NOCHE,151,SOLTERO,SECUNDARIA,DELINCUENCIA,-76.54958244,3.443108253,N,N,N,2,Nivel 4
2394,23,Prados del Limonar,17,CORTOPUNZANTE,DESEMPLEADO,M,30,6:54:00,2025,6/1/2025,DOMINGO,06:00-08:59,MAÑANA,152,SOLTERO,SECUNDARIA,DELINCUENCIA,-76.52797231,3.38810238,N,N,N,4,Nivel 4
2395,23,El Retiro,15,ARMA DE FUEGO,MOTORISTA,M,43,12:50:00,2025,6/1/2025,DOMINGO,12:00-14:59,TARDE,152,UNION LIBRE,PRIMARIA,DELINCUENCIA,-76.50011065,3.409360405,N,N,N,1,Nivel 4
2396,23,San Pascual,3,CORTOPUNZANTE,DESEMPLEADO,M,31,21:00:00,2025,6/1/2025,DOMINGO,21:00-23:59,NOCHE,152,SOLTERO,SECUNDARIA,CONVIVENCIA,-76.52981172,3.444556655,N,N,N,1,Nivel 4
2397,23,Alirio Mora Beltrán,14,ARMA DE FUEGO,DESEMPLEADO,M,43,5:53:00,2025,6/3/2025,MARTES,03:00-05:59,MADRUGADA,154,CASADO,SECUNDARIA,DELINCUENCIA,-76.47738741,3.438368179,N,N,N,2,Nivel 4
2398,23,Pizamos II,21,ARMA DE FUEGO,SIN OCUPACION,M,33,23:45:00,2025,6/3/2025,MARTES,21:00-23:59,NOCHE,154,UNION LIBRE,SIN ESTABLECER,DELINCUENCIA,-76.4714868,3.402973699,N,N,N,1,Nivel 4
2399,23,Urbanización San Joaquin,17,ARMA DE FUEGO,MECANICO,M,47,21:25:00,2025,6/4/2025,MIERCOLES,21:00-23:59,NOCHE,155,UNION LIBRE,SECUNDARIA,DELINCUENCIA,-76.5284128,3.365741421,N,N,N,5,Nivel 4
2400,23,Paso del Comercio,6,ARMA DE FUEGO,OFICIOS VARIOS,M,17,1:00:00,2025,6/6/2025,VIERNES,00:00-02:59,MADRUGADA,157,SOLTERO,PRIMARIA,DELINCUENCIA,-76.48543816,3.492960753,N,N,N,2,Nivel 4
2401,23,Sector Alto Jordán,18,ARMA DE FUEGO,SIN OCUPACION,M,23,20:10:00,2025,6/6/2025,VIERNES,18:00-20:59,NOCHE,157,SOLTERO,SECUNDARIA,DELINCUENCIA,-76.55429086,3.373523275,N,N,N,1,Nivel 4
2402,23,Alto Nápoles,18,CORTOPUNZANTE,SIN OCUPACION,M,15,0:05:00,2025,6/7/2025,SABADO,00:00-02:59,MADRUGADA,158,CASADO,SIN ESTABLECER,DELINCUENCIA,-76.55693743,3.384436319,N,N,N,1,Nivel 4
2403,23,Sector Cañaveralejo Guadalupe,19,CORTOPUNZANTE,VIGILANTE,M,44,0:15:00,2025,6/7/2025,SABADO,00:00-02:59,MADRUGADA,158,UNION LIBRE,SECUNDARIA,CONVIVENCIA,-76.55750726,3.411742392,N,N,N,5,Nivel 4
2404,23,Simón Bolívar,8,ARMA DE FUEGO,DESEMPLEADO,M,18,21:40:00,2025,6/7/2025,SABADO,21:00-23:59,NOCHE,158,SOLTERO,PRIMARIA,DELINCUENCIA,-76.51698549,3.441119674,N,N,N,3,Nivel 4
2405,23,El Retiro,15,CORTOPUNZANTE,SIN OCUPACION,M,14,22:45:00,2025,6/7/2025,SABADO,21:00-23:59,NOCHE,158,SOLTERO,PRIMARIA,DELINCUENCIA,-76.49908611,3.411085928,N,N,N,1,Nivel 4
2406,24,Alto Nápoles,18,ARMA DE FUEGO,ALBAÑIL,M,25,1:05:00,2025,6/8/2025,DOMINGO,00:00-02:59,MADRUGADA,159,SOLTERO,SECUNDARIA,DELINCUENCIA,-76.55587061,3.385643912,N,N,N,1,Nivel 4
2407,24,Los Guaduales,6,ARMA DE FUEGO,DESEMPLEADO,M,36,2:30:00,2025,6/8/2025,DOMINGO,00:00-02:59,MADRUGADA,159,UNION LIBRE,SECUNDARIA,CONVIVENCIA,-76.4989603,3.4905509,N,N,N,3,Nivel 4
2408,24,Benjamín Herrera,8,CORTOPUNZANTE,INDIGENTE,M,28,4:11:00,2025,6/9/2025,LUNES,03:00-05:59,MADRUGADA,160,UNION LIBRE,PRIMARIA,CONVIVENCIA,-76.51577427,3.445848276,N,N,N,3,Nivel 4
2409,24,Compartir,21,ARMA DE FUEGO,OFICIOS VARIOS,M,26,23:00:00,2025,6/9/2025,LUNES,21:00-23:59,NOCHE,160,SOLTERO,SECUNDARIA,DELINCUENCIA,-76.46747614,3.43207795,N,N,N,2,Nivel 4
2410,24,Horizontes,18,OTRAS ARMAS,INDIGENTE,M,65,8:10:00,2025,6/10/2025,MARTES,06:00-08:59,MAÑANA,161,SIN ESTABLECER,SIN ESTABLECER,DELINCUENCIA,-76.54718363,3.376527767,N,N,N,3,Nivel 4
2411,24,José Manuel Marroquín I,14,OTRAS ARMAS,OFICIOS VARIOS,M,26,8:43:00,2025,6/10/2025,MARTES,06:00-08:59,MAÑANA,161,SOLTERO,PRIMARIA,DELINCUENCIA,-76.48427893,3.426418685,N,N,N,2,Nivel 4
2412,24,Simón Bolívar,8,ARMA DE FUEGO,DESEMPLEADO,M,22,18:26:00,2025,6/10/2025,MARTES,18:00-20:59,NOCHE,161,SOLTERO,SIN ESTABLECER,DELINCUENCIA,-76.51734887,3.440889971,N,N,N,3,Nivel 4
2413,24,Urbanización Nueva Granada,19,ARMA DE FUEGO,DESEMPLEADO,M,20,15:10:00,2025,6/11/2025,MIERCOLES,15:00-17:59,TARDE,162,SOLTERO,SIN ESTABLECER,DELINCUENCIA,-76.54693956,3.424152245,N,N,N,4,Nivel 4
2414,24,Urbanización Nueva Granada,19,ARMA DE FUEGO,MOTORISTA,M,53,15:10:00,2025,6/11/2025,MIERCOLES,15:00-17:59,TARDE,162,SOLTERO,PRIMARIA,DELINCUENCIA,-76.54693956,3.424152245,N,N,N,4,Nivel 4
2415,24,Saavedra Galindo,8,ARMA DE FUEGO,OFICIOS VARIOS,M,37,19:00:00,2025,6/11/2025,MIERCOLES,18:00-20:59,NOCHE,162,UNION LIBRE,SIN ESTABLECER,DELINCUENCIA,-76.51501942,3.441243736,N,N,N,2,Nivel 4
2416,24,CGTO. LOS ANDES,56,OTRAS ARMAS,SIN OCUPACION,F,40,21:30:00,2025,6/11/2025,MIERCOLES,21:00-23:59,NOCHE,162,SIN ESTABLECER,SIN ESTABLECER,DELINCUENCIA,-76.5502682,3.486989,N,N,N,2,Nivel 4
2417,24,La Hacienda,17,ARMA DE FUEGO,COMERCIANTE,M,21,6:55:00,2025,6/12/2025,JUEVES,06:00-08:59,MAÑANA,163,UNION LIBRE,SECUNDARIA,DELINCUENCIA,-76.53258365,3.392658764,N,N,N,5,Nivel 4
2418,24,Siloé,20,ARMA DE FUEGO,DESEMPLEADO,M,33,19:35:00,2025,6/12/2025,JUEVES,18:00-20:59,NOCHE,163,UNION LIBRE,SECUNDARIA,DELINCUENCIA,-76.55284427,3.423945397,N,N,N,1,Nivel 4
2419,24,Los Guayacanes,5,ARMA DE FUEGO,ALBAÑIL,M,26,18:56:00,2025,6/13/2025,VIERNES,18:00-20:59,NOCHE,164,SOLTERO,SECUNDARIA,OTRO,-76.49211498,3.47115869,N,N,N,3,Nivel 4
2420,24,Santa Fé,8,ARMA DE FUEGO,OBRERO,M,18,20:30:00,2025,6/13/2025,VIERNES,18:00-20:59,NOCHE,164,SOLTERO,SECUNDARIA,DELINCUENCIA,-76.506188,3.440212,N,N,N,3,Nivel 4
2421,24,Pizamos III - Las Dalias,21,ARMA DE FUEGO,SIN OCUPACION,M,21,20:20:00,2025,6/14/2025,SABADO,18:00-20:59,NOCHE,165,SOLTERO,SIN ESTABLECER,OTRO,-76.47645752,3.406702792,N,N,N,1,Nivel 4
2422,24,Las Orquídeas,14,ARMA DE FUEGO,ALBAÑIL,M,18,23:20:00,2025,6/14/2025,SABADO,21:00-23:59,NOCHE,165,SOLTERO,SECUNDARIA,DELINCUENCIA,-76.47730305,3.413744524,N,N,N,1,Nivel 4
2423,25,El Morichal,15,CORTOPUNZANTE,SIN OCUPACION,M,16,1:20:00,2025,6/15/2025,DOMINGO,00:00-02:59,MADRUGADA,166,SOLTERO,SECUNDARIA,CONVIVENCIA,-76.5013036,3.402191119,N,N,N,2,Nivel 4
2424,25,Desepaz Invicali,21,ARMA DE FUEGO,ALBAÑIL,M,26,19:20:00,2025,6/15/2025,DOMINGO,18:00-20:59,NOCHE,166,SOLTERO,SECUNDARIA,DELINCUENCIA,-76.46470652,3.420529697,N,N,N,1,Nivel 4
2425,25,El Retiro,15,ARMA DE FUEGO,DESEMPLEADO,M,24,16:00:00,2025,6/17/2025,MARTES,15:00-17:59,TARDE,168,UNION LIBRE,SECUNDARIA,DELINCUENCIA,-76.49802308,3.408261363,N,N,N,1,Nivel 4
2426,25,Ciudad Talanga,21,ARMA DE FUEGO,OFICIOS VARIOS,M,36,23:53:00,2025,6/17/2025,MARTES,21:00-23:59,NOCHE,168,UNION LIBRE,SECUNDARIA,DELINCUENCIA,-76.46307627,3.434789949,N,N,N,1,Nivel 4
2427,25,Buenos Aires,18,ARMA DE FUEGO,ALBAÑIL,M,30,9:50:00,2025,6/18/2025,MIERCOLES,09:00-11:59,MAÑANA,169,SOLTERO,SECUNDARIA,DELINCUENCIA,-76.5495457,3.3928908,N,N,N,3,Nivel 4
2428,25,San Luis II,6,ARMA DE FUEGO,OFICIOS VARIOS,M,40,14:00:00,2025,6/18/2025,MIERCOLES,12:00-14:59,TARDE,169,UNION LIBRE,SECUNDARIA,DELINCUENCIA,-76.4888408,3.4891723,N,N,N,2,Nivel 4
2429,25,Alto Nápoles,18,ARMA DE FUEGO,PELUQUERO,M,26,17:30:00,2025,6/18/2025,MIERCOLES,15:00-17:59,TARDE,169,CASADO,SECUNDARIA,DELINCUENCIA,-76.55963409,3.38084517,N,N,N,1,Nivel 4
2430,25,Unidad Residencial Bueno Madrid,4,ARMA DE FUEGO,DESEMPLEADO,M,39,20:22:00,2025,6/18/2025,MIERCOLES,18:00-20:59,NOCHE,169,SOLTERO,SECUNDARIA,DELINCUENCIA,-76.51666778,3.469480803,N,N,N,3,Nivel 4
2431,25,Ciudad Talanga,21,ARMA DE FUEGO,DESEMPLEADO,M,35,21:15:00,2025,6/18/2025,MIERCOLES,21:00-23:59,NOCHE,169,UNION LIBRE,SECUNDARIA,DELINCUENCIA,-76.46494447,3.436548228,N,N,N,1,Nivel 4
2432,25,Barrio Obrero,9,CORTOPUNZANTE,INDIGENTE,M,35,1:57:00,2025,6/19/2025,JUEVES,00:00-02:59,MADRUGADA,170,SIN ESTABLECER,SIN ESTABLECER,DELINCUENCIA,-76.51935,3.45074,N,N,N,2,Nivel 4
2433,25,San Nicolás,3,CORTOPUNZANTE,DESEMPLEADO,M,31,11:00:00,2025,6/19/2025,JUEVES,09:00-11:59,MAÑANA,170,SOLTERO,SECUNDARIA,DELINCUENCIA,-76.52630968,3.45221255,N,N,N,2,Nivel 4
2434,25,Los Comuneros I,15,ARMA DE FUEGO,ALBAÑIL,M,24,6:58:00,2025,6/20/2025,VIERNES,06:00-08:59,MAÑANA,171,UNION LIBRE,SECUNDARIA,DELINCUENCIA,-76.49146692,3.408683623,N,N,N,2,Nivel 4
2435,25,El Morichal,15,OTRAS ARMAS,SIN OCUPACION,M,34,0:10:00,2025,6/21/2025,SABADO,00:00-02:59,MADRUGADA,172,SOLTERO,SIN ESTABLECER,DELINCUENCIA,-76.50310877,3.401232128,N,N,N,2,Nivel 4
2436,25,Villa del Lago,13,ARMA DE FUEGO,SIN OCUPACION,F,30,1:51:00,2025,6/21/2025,SABADO,00:00-02:59,MADRUGADA,172,SEPARADO,UNIVERSITARIO,DELINCUENCIA,-76.48958621,3.438905943,N,N,N,3,Nivel 4
2437,25,Antonio Nariño,16,ARMA DE FUEGO,OFICIOS VARIOS,M,31,18:44:00,2025,6/21/2025,SABADO,18:00-20:59,NOCHE,172,SOLTERO,SECUNDARIA,DELINCUENCIA,-76.50799592,3.419195992,N,N,N,2,Nivel 4
2438,25,El Diamante,13,ARMA DE FUEGO,ALBAÑIL,M,60,23:45:00,2025,6/21/2025,SABADO,21:00-23:59,NOCHE,172,CASADO,PRIMARIA,DELINCUENCIA,-76.50258443,3.424385326,N,N,N,2,Nivel 4
2439,25,El Diamante,13,ARMA DE FUEGO,ALBAÑIL,M,28,23:45:00,2025,6/21/2025,SABADO,21:00-23:59,NOCHE,172,SOLTERO,SECUNDARIA,DELINCUENCIA,-76.50258443,3.424385326,N,N,N,2,Nivel 4
2440,26,Petecuy Primera Etapa,6,ARMA DE FUEGO,ESTUDIANTE,M,17,1:15:00,2025,6/22/2025,DOMINGO,00:00-02:59,MADRUGADA,173,SOLTERO,SECUNDARIA,DELINCUENCIA,-76.48092425,3.473672121,N,N,N,2,Nivel 4
2441,26,Olaya Herrera,4,ARMA DE FUEGO,SIN OCUPACION,M,40,2:05:00,2025,6/22/2025,DOMINGO,00:00-02:59,MADRUGADA,173,UNION LIBRE,SECUNDARIA,DELINCUENCIA,-76.51104739,3.476161135,N,N,N,2,Nivel 4
2442,26,Mariano Ramos,16,ARMA DE FUEGO,SIN OCUPACION,M,26,2:20:00,2025,6/22/2025,DOMINGO,00:00-02:59,MADRUGADA,173,SOLTERO,SECUNDARIA,DELINCUENCIA,-76.51757592,3.399082661,N,N,N,2,Nivel 4
2443,26,La Sultana,20,ARMA DE FUEGO,DESEMPLEADO,M,60,0:50:00,2025,6/23/2025,LUNES,00:00-02:59,MADRUGADA,174,SOLTERO,SIN ESTABLECER,DELINCUENCIA,-76.56530996,3.420960186,N,N,N,1,Nivel 4
2444,26,La Sultana,20,ARMA DE FUEGO,SIN OCUPACION,M,47,0:50:00,2025,6/23/2025,LUNES,00:00-02:59,MADRUGADA,174,SIN ESTABLECER,SIN ESTABLECER,DELINCUENCIA,-76.56530996,3.420960186,N,N,N,1,Nivel 4
2445,26,Brisas de Los Álamos,2,ARMA DE FUEGO,OFICIOS VARIOS,M,35,17:15:00,2025,6/23/2025,LUNES,15:00-17:59,TARDE,174,SOLTERO,SECUNDARIA,DELINCUENCIA,-76.50206836,3.494836189,N,N,N,3,Nivel 4
2446,26,Mojica,15,ARMA DE FUEGO,OFICIOS VARIOS,M,26,17:15:00,2025,6/23/2025,LUNES,15:00-17:59,TARDE,174,UNION LIBRE,SECUNDARIA,DELINCUENCIA,-76.48717131,3.418515,N,N,N,1,Nivel 4
2447,26,José Manuel Marroquín II,14,ARMA DE FUEGO,ALBAÑIL,M,45,4:25:00,2025,6/24/2025,MARTES,03:00-05:59,MADRUGADA,175,UNION LIBRE,PRIMARIA,DELINCUENCIA,-76.48025192,3.428183155,N,N,N,2,Nivel 4
2448,26,José Manuel Marroquín II,14,ARMA DE FUEGO,DESEMPLEADO,M,30,4:25:00,2025,6/24/2025,MARTES,03:00-05:59,MADRUGADA,175,UNION LIBRE,SECUNDARIA,DELINCUENCIA,-76.48025192,3.428183155,N,N,N,2,Nivel 4
2449,26,Simón Bolívar,8,ARMA DE FUEGO,OFICIOS VARIOS,M,41,14:40:00,2025,6/24/2025,MARTES,12:00-14:59,TARDE,175,CASADO,SECUNDARIA,DELINCUENCIA,-76.51848423,3.442545582,N,N,N,3,Nivel 4
2450,26,Lili,17,ARMA DE FUEGO,GUARDA DE SEGURIDAD,M,33,18:19:00,2025,6/24/2025,MARTES,18:00-20:59,NOCHE,175,UNION LIBRE,SECUNDARIA,DELINCUENCIA,-76.52350701,3.369652341,N,N,N,4,Nivel 4
2451,26,Sector Alto de los Chorros,18,ARMA DE FUEGO,ESTUDIANTE,M,15,15:25:00,2025,6/25/2025,MIERCOLES,15:00-17:59,TARDE,176,SOLTERO,SECUNDARIA,DELINCUENCIA,-76.56025793,3.391838361,N,N,N,1,Nivel 4
2452,26,Terrón Colorado,1,ARMA DE FUEGO,ESTUDIANTE,M,15,21:06:00,2025,6/25/2025,MIERCOLES,21:00-23:59,NOCHE,176,SOLTERO,SECUNDARIA,DELINCUENCIA,-76.55873437,3.45375776,N,N,N,2,Nivel 4
2453,26,El Poblado II,13,ARMA DE FUEGO,DESEMPLEADO,M,20,21:30:00,2025,6/25/2025,MIERCOLES,21:00-23:59,NOCHE,176,SOLTERO,SECUNDARIA,OTRO,-76.49165086,3.419602009,N,N,N,2,Nivel 4
2454,26,El Piloto,3,ARMA DE FUEGO,INDIGENTE,M,49,6:50:00,2025,6/26/2025,JUEVES,06:00-08:59,MAÑANA,177,CASADO,SECUNDARIA,CONVIVENCIA,-76.52151455,3.460947677,N,N,N,2,Nivel 4
2455,26,Planta de Tratamiento,21,ARMA DE FUEGO,DESEMPLEADO,M,21,12:20:00,2025,6/26/2025,JUEVES,12:00-14:59,TARDE,177,UNION LIBRE,SECUNDARIA,OTRO,-76.48312807,3.443243648,N,N,N,1,Nivel 4
2456,26,Chiminangos II,5,ARMA DE FUEGO,SIN OCUPACION,F,36,17:55:00,2025,6/26/2025,JUEVES,15:00-17:59,TARDE,177,UNION LIBRE,SIN ESTABLECER,DELINCUENCIA,-76.49275554,3.47924307,N,N,N,3,Nivel 4
2457,26,Nueva Floresta,12,ARMA DE FUEGO,AMA DE CASA,F,30,20:30:00,2025,6/26/2025,JUEVES,18:00-20:59,NOCHE,177,UNION LIBRE,SECUNDARIA,DELINCUENCIA,-76.49865631,3.440186085,N,N,N,3,Nivel 4
2458,26,Saavedra Galindo,8,ARMA DE FUEGO,DESEMPLEADO,M,19,21:06:00,2025,6/26/2025,JUEVES,21:00-23:59,NOCHE,177,SOLTERO,SECUNDARIA,DELINCUENCIA,-76.51563137,3.440683011,N,N,N,2,Nivel 4
2459,26,José Holguín Garcés,11,CORTOPUNZANTE,ALBAÑIL,M,60,13:50:00,2025,6/28/2025,SABADO,12:00-14:59,TARDE,179,SIN ESTABLECER,SIN ESTABLECER,CONVIVENCIA,-76.52168432,3.408004273,N,N,N,3,Nivel 4
2460,27,Ciudadela Floralia,6,ARMA DE FUEGO,OFICIOS VARIOS,M,31,22:15:00,2025,6/29/2025,DOMINGO,21:00-23:59,NOCHE,180,SOLTERO,SECUNDARIA,DELINCUENCIA,-76.4912584,3.498459014,N,N,N,2,Nivel 4
2461,27,José Manuel Marroquín II,14,ARMA DE FUEGO,COMERCIANTE,M,37,1:12:00,2025,6/30/2025,LUNES,00:00-02:59,MADRUGADA,181,UNION LIBRE,SECUNDARIA,DELINCUENCIA,-76.48359869,3.431001153,N,N,N,2,Nivel 4
2462,27,Urbanización Tequendama,19,ARMA DE FUEGO,OFICIOS VARIOS,M,42,3:42:00,2025,6/30/2025,LUNES,03:00-05:59,MADRUGADA,181,SOLTERO,SECUNDARIA,DELINCUENCIA,-76.54189357,3.422026531,N,N,N,5,Nivel 4
2463,27,Marroquín III,13,ARMA DE FUEGO,ALBAÑIL,M,41,17:40:00,2025,6/30/2025,LUNES,15:00-17:59,TARDE,181,SIN ESTABLECER,SIN ESTABLECER,DELINCUENCIA,-76.48718875,3.432824091,N,N,N,2,Nivel 4
2464,27,Sector Patio Bonito,1,ARMA DE FUEGO,OFICIOS VARIOS,M,19,19:35:00,2025,6/30/2025,LUNES,18:00-20:59,NOCHE,181,SOLTERO,SECUNDARIA,DELINCUENCIA,-76.5829573,3.4580754,N,N,N,1,Nivel 4
2465,27,Alto Nápoles,18,ARMA DE FUEGO,ESTUDIANTE,M,17,22:15:00,2025,6/30/2025,LUNES,21:00-23:59,NOCHE,181,SIN ESTABLECER,SIN ESTABLECER,DELINCUENCIA,-76.55892498,3.384487883,N,N,N,1,Nivel 4
2466,27,Alto Nápoles,18,ARMA DE FUEGO,VIGILANTE,M,31,5:05:00,2025,7/1/2025,MARTES,03:00-05:59,MADRUGADA,182,SOLTERO,SECUNDARIA,CONVIVENCIA,-76.5571069,3.385872669,N,N,N,1,Nivel 4
2467,27,Saavedra Galindo,8,ARMA DE FUEGO,DESEMPLEADO,M,39,11:05:00,2025,7/1/2025,MARTES,09:00-11:59,MAÑANA,182,SOLTERO,SECUNDARIA,DELINCUENCIA,-76.51644288,3.442308742,N,N,N,2,Nivel 4
2468,27,Siloé,20,ARMA DE FUEGO,ALBAÑIL,M,34,2:50:00,2025,7/2/2025,MIERCOLES,00:00-02:59,MADRUGADA,183,SOLTERO,SECUNDARIA,DELINCUENCIA,-76.55851935,3.422300695,N,N,N,1,Nivel 4
2469,27,Asturias,12,ARMA DE FUEGO,MECANICO,M,15,13:55:00,2025,7/2/2025,MIERCOLES,12:00-14:59,TARDE,183,SIN ESTABLECER,SIN ESTABLECER,DELINCUENCIA,-76.5020984,3.437314565,N,N,N,2,Nivel 4
2470,27,El Rodeo,12,ARMA DE FUEGO,COMERCIANTE,M,30,17:40:00,2025,7/2/2025,MIERCOLES,15:00-17:59,TARDE,183,SIN ESTABLECER,SIN ESTABLECER,DELINCUENCIA,-76.50434477,3.436592606,N,N,N,2,Nivel 4
2471,27,Ciudad de Los Álamos,2,ARMA DE FUEGO,SASTRE,M,30,0:13:00,2025,7/3/2025,JUEVES,00:00-02:59,MADRUGADA,184,SIN ESTABLECER,SIN ESTABLECER,DELINCUENCIA,-76.5076335,3.4857536,N,N,N,3,Nivel 4
2472,27,El Retiro,15,ARMA DE FUEGO,SOLDADOR,M,48,15:22:00,2025,7/3/2025,JUEVES,15:00-17:59,TARDE,184,SIN ESTABLECER,SIN ESTABLECER,DELINCUENCIA,-76.49834432,3.408984873,N,N,N,1,Nivel 4
2473,27,Simón Bolívar,8,ARMA DE FUEGO,PINTOR,M,44,21:23:00,2025,7/3/2025,JUEVES,21:00-23:59,NOCHE,184,SIN ESTABLECER,SIN ESTABLECER,DELINCUENCIA,-76.51663323,3.442110922,N,N,N,3,Nivel 4
2474,27,Mario Correa Rengifo,18,ARMA DE FUEGO,PINTOR,M,22,10:30:00,2025,7/4/2025,VIERNES,09:00-11:59,MAÑANA,185,SIN ESTABLECER,SIN ESTABLECER,DELINCUENCIA,-76.55666899,3.3899479,N,N,N,2,Nivel 4
2475,27,Simón Bolívar,8,ARMA DE FUEGO,MODELO,M,19,14:10:00,2025,7/4/2025,VIERNES,12:00-14:59,TARDE,185,SIN ESTABLECER,SIN ESTABLECER,DELINCUENCIA,-76.51815347,3.441657511,N,N,N,3,Nivel 4
2476,27,Chapinero,8,ARMA DE FUEGO,PLOMERO,M,31,22:29:00,2025,7/4/2025,VIERNES,21:00-23:59,NOCHE,185,SIN ESTABLECER,SIN ESTABLECER,DELINCUENCIA,-76.5018514,3.4450686,N,N,N,3,Nivel 4
2477,27,El Jardín,11,ARMA DE FUEGO,JARDINERO,M,20,9:15:00,2025,7/5/2025,SABADO,09:00-11:59,MAÑANA,186,SIN ESTABLECER,SIN ESTABLECER,CONVIVENCIA,-76.52024787,3.425529013,N,N,N,3,Nivel 4
2478,27,Los Comuneros I,15,ARMA DE FUEGO,MAYORDOMO,M,25,11:54:00,2025,7/5/2025,SABADO,09:00-11:59,MAÑANA,186,SIN ESTABLECER,SIN ESTABLECER,DELINCUENCIA,-76.49271639,3.407046395,N,N,N,2,Nivel 4
2479,27,CGTO. PANCE,53,ARMA DE FUEGO,OFICIOS VARIOS,M,20,17:50:00,2025,7/5/2025,SABADO,15:00-17:59,TARDE,186,SIN ESTABLECER,SIN ESTABLECER,DELINCUENCIA,-76.6333329,3.333333,N,N,N,2,Nivel 4
2480,28,El Poblado I,13,CORTOPUNZANTE,ESTUDIANTE,M,32,4:27:00,2025,7/6/2025,DOMINGO,03:00-05:59,MADRUGADA,187,SOLTERO,SECUNDARIA,DELINCUENCIA,-76.49603053,3.418698853,N,N,N,2,Nivel 4
2481,28,Unión de Vivienda Popular,16,ARMA DE FUEGO,SIN OCUPACION,M,24,5:13:00,2025,7/6/2025,DOMINGO,03:00-05:59,MADRUGADA,187,UNION LIBRE,SECUNDARIA,DELINCUENCIA,-76.50417665,3.408255082,N,N,N,2,Nivel 4
2482,28,Omar Torrijos,13,ARMA DE FUEGO,MECANICO,M,26,14:45:00,2025,7/6/2025,DOMINGO,12:00-14:59,TARDE,187,SOLTERO,PRIMARIA,DELINCUENCIA,-76.48617694,3.422888651,N,N,N,2,Nivel 4
2483,28,El Retiro,15,ARMA DE FUEGO,VIGILANTE,M,16,18:42:00,2025,7/6/2025,DOMINGO,18:00-20:59,NOCHE,187,SOLTERO,SECUNDARIA,DELINCUENCIA,-76.49762535,3.41245568,N,N,N,1,Nivel 4
2484,28,Mojica,15,ARMA DE FUEGO,ALBAÑIL,M,25,21:25:00,2025,7/6/2025,DOMINGO,21:00-23:59,NOCHE,187,SOLTERO,SECUNDARIA,CONVIVENCIA,-76.48931197,3.412496382,N,N,N,1,Nivel 4
2485,28,Laureano Gómez,15,ARMA DE FUEGO,OFICIOS VARIOS,M,21,0:05:00,2025,7/7/2025,LUNES,00:00-02:59,MADRUGADA,188,UNION LIBRE,PRIMARIA,DELINCUENCIA,-76.49695592,3.414545992,N,N,N,1,Nivel 4
2486,28,Ciudad Córdoba,15,ARMA DE FUEGO,OFICIOS VARIOS,M,16,1:05:00,2025,7/7/2025,LUNES,00:00-02:59,MADRUGADA,188,SOLTERO,SECUNDARIA,DELINCUENCIA,-76.50961843,3.400525582,N,N,N,3,Nivel 4
2487,28,Mojica,15,ARMA DE FUEGO,ALBAÑIL,M,21,20:05:00,2025,7/8/2025,MARTES,18:00-20:59,NOCHE,189,CASADO,SECUNDARIA,DELINCUENCIA,-76.48942923,3.414190125,N,N,N,1,Nivel 4
2488,28,El Nacional,3,ARMA DE FUEGO,ALBAÑIL,M,31,20:50:00,2025,7/8/2025,MARTES,18:00-20:59,NOCHE,189,SOLTERO,SECUNDARIA,DELINCUENCIA,-76.54483306,3.443054934,N,N,N,3,Nivel 4
2489,28,Calimio Desepaz,21,ARMA DE FUEGO,PUBLICISTA,M,30,10:13:00,2025,7/9/2025,MIERCOLES,09:00-11:59,MAÑANA,190,UNION LIBRE,SIN ESTABLECER,DELINCUENCIA,-76.4688196,3.417347469,N,N,N,1,Nivel 4
2490,28,San Judas Tadeo I,10,ARMA DE FUEGO,SIN OCUPACION,M,22,15:25:00,2025,7/10/2025,JUEVES,15:00-17:59,TARDE,191,UNION LIBRE,SECUNDARIA,CONVIVENCIA,-76.52239421,3.410232548,N,N,N,3,Nivel 4
2491,28,Ciudad Córdoba,15,ARMA DE FUEGO,COTERO,M,29,21:02:00,2025,7/11/2025,VIERNES,21:00-23:59,NOCHE,192,UNION LIBRE,ILETRADO,DELINCUENCIA,-76.50492099,3.401339626,N,N,N,3,Nivel 4
2492,28,Villa del Lago,13,ARMA DE FUEGO,AMA DE CASA,F,34,9:17:00,2025,7/12/2025,SABADO,09:00-11:59,MAÑANA,193,UNION LIBRE,SECUNDARIA,CONVIVENCIA,-76.48880469,3.439327145,N,N,N,3,Nivel 4
2493,28,Sector Alto Jordán,18,ARMA DE FUEGO,SIN OCUPACION,M,18,12:00:00,2025,7/12/2025,SABADO,12:00-14:59,TARDE,193,SIN ESTABLECER,SIN ESTABLECER,OTRO,-76.55997224,3.377951912,N,N,N,1,Nivel 4
2494,28,Champagnat,19,CORTOPUNZANTE,SIN OCUPACION,M,21,20:40:00,2025,7/12/2025,SABADO,18:00-20:59,NOCHE,193,SOLTERO,SECUNDARIA,CONVIVENCIA,-76.53555795,3.431984484,N,N,N,4,Nivel 4
2495,29,Bretaña,9,ARMA DE FUEGO,SIN OCUPACION,M,34,5:20:00,2025,7/14/2025,LUNES,03:00-05:59,MADRUGADA,195,CASADO,SIN ESTABLECER,DELINCUENCIA,-76.53177063,3.44078337,N,N,N,3,Nivel 4
2496,29,Venezuela - Urbanización Cañaveralejo,20,OTRAS ARMAS,OFICIOS VARIOS,M,25,11:09:00,2025,7/14/2025,LUNES,09:00-11:59,MAÑANA,195,UNION LIBRE,SECUNDARIA,DELINCUENCIA,-76.56057855,3.414116935,N,N,N,1,Nivel 4
2497,29,Municipal,8,ARMA DE FUEGO,SIN OCUPACION,M,27,20:30:00,2025,7/14/2025,LUNES,18:00-20:59,NOCHE,195,SIN ESTABLECER,SIN ESTABLECER,DELINCUENCIA,-76.51107801,3.446274533,N,N,N,3,Nivel 4
2498,29,Fepicol,7,OTRAS ARMAS,OFICIOS VARIOS,M,61,5:20:00,2025,7/15/2025,MARTES,03:00-05:59,MADRUGADA,196,UNION LIBRE,SECUNDARIA,DELINCUENCIA,-76.48433577,3.464391795,N,N,N,3,Nivel 4
2499,29,Ciudad Meléndez 2,81,ARMA DE FUEGO,OFICIOS VARIOS,M,34,11:30:00,2025,7/15/2025,MARTES,09:00-11:59,MAÑANA,196,CASADO,SECUNDARIA,DELINCUENCIA,-76.50770751,3.371533408,N,N,N,0,Nivel 4
2500,29,CGTO. PANCE,53,ARMA DE FUEGO,SIN OCUPACION,M,23,22:18:00,2025,7/15/2025,MARTES,21:00-23:59,NOCHE,196,SOLTERO,SIN ESTABLECER,DELINCUENCIA,-76.6333329,3.333333,N,N,N,2,Nivel 4
2501,29,Sucre,9,ARMA DE FUEGO,SIN OCUPACION,M,30,13:40:00,2025,7/17/2025,JUEVES,12:00-14:59,TARDE,198,SIN ESTABLECER,SIN ESTABLECER,DELINCUENCIA,-76.52546972,3.447446201,N,N,N,1,Nivel 4
2502,29,Sucre,9,ARMA DE FUEGO,SIN OCUPACION,M,23,17:17:00,2025,7/17/2025,JUEVES,15:00-17:59,TARDE,198,UNION LIBRE,SIN ESTABLECER,DELINCUENCIA,-76.52202421,3.444482054,N,N,N,1,Nivel 4
2503,29,Promociones Populares B,14,ARMA DE FUEGO,SIN OCUPACION,M,46,17:40:00,2025,7/17/2025,JUEVES,15:00-17:59,TARDE,198,SOLTERO,SIN ESTABLECER,DELINCUENCIA,-76.47716439,3.426035571,N,N,N,1,Nivel 4
2504,29,San Pedro Claver,11,ARMA DE FUEGO,SIN OCUPACION,M,23,12:10:00,2025,7/18/2025,VIERNES,12:00-14:59,TARDE,199,UNION LIBRE,SIN ESTABLECER,DELINCUENCIA,-76.50345862,3.42413079,N,N,N,2,Nivel 4
2505,29,Ciudad Córdoba,15,ARMA DE FUEGO,SIN OCUPACION,M,27,21:23:00,2025,7/18/2025,VIERNES,21:00-23:59,NOCHE,199,SIN ESTABLECER,SIN ESTABLECER,CONVIVENCIA,-76.50762114,3.402376997,N,N,N,3,Nivel 4
2506,29,Sector Alto de los Chorros,18,ARMA DE FUEGO,SIN OCUPACION,M,21,22:00:00,2025,7/18/2025,VIERNES,21:00-23:59,NOCHE,199,SIN ESTABLECER,SIN ESTABLECER,DELINCUENCIA,-76.56068537,3.395013194,N,N,N,1,Nivel 4
2507,30,Paso del Comercio,6,ARMA DE FUEGO,SIN OCUPACION,M,45,5:20:00,2025,7/20/2025,DOMINGO,03:00-05:59,MADRUGADA,201,CASADO,SECUNDARIA,DELINCUENCIA,-76.4888408,3.492865,N,N,N,2,Nivel 4
2508,30,José Manuel Marroquín I,14,ARMA DE FUEGO,PANADERO,M,24,5:40:00,2025,7/20/2025,DOMINGO,03:00-05:59,MADRUGADA,201,UNION LIBRE,PRIMARIA,CONVIVENCIA,-76.47866028,3.42672681,N,N,N,2,Nivel 4
2509,30,Villamercedes I - Villa Luz - Las Garzas,21,ARMA DE FUEGO,DESEMPLEADO,M,31,11:35:00,2025,7/20/2025,DOMINGO,09:00-11:59,MAÑANA,201,SOLTERO,SECUNDARIA,CONVIVENCIA,-76.47730058,3.409916705,N,N,N,1,Nivel 4
2510,30,Petecuy Segunda Etapa,6,ARMA DE FUEGO,OFICIOS VARIOS,M,18,12:30:00,2025,7/20/2025,DOMINGO,12:00-14:59,TARDE,201,SIN ESTABLECER,SIN ESTABLECER,DELINCUENCIA,-76.48159188,3.481699231,N,N,N,2,Nivel 4
2511,30,Nueva Floresta,12,ARMA DE FUEGO,TECNICO REFRIGERACION,M,49,20:20:00,2025,7/20/2025,DOMINGO,18:00-20:59,NOCHE,201,CASADO,SECUNDARIA,DELINCUENCIA,-76.49814583,3.441058114,N,N,N,3,Nivel 4
2512,30,Los Comuneros I,15,ARMA DE FUEGO,SIN OCUPACION,M,22,2:39:00,2025,7/21/2025,LUNES,00:00-02:59,MADRUGADA,202,UNION LIBRE,PRIMARIA,DELINCUENCIA,-76.4920936,3.4101998,N,N,N,2,Nivel 4
2513,30,Pizamos III - Las Dalias,21,ARMA DE FUEGO,SIN OCUPACION,M,39,12:00:00,2025,7/21/2025,LUNES,12:00-14:59,TARDE,202,SIN ESTABLECER,SIN ESTABLECER,DELINCUENCIA,-76.47803215,3.408368854,N,N,N,1,Nivel 4
2514,30,Manuela Beltrán,14,ARMA DE FUEGO,SIN OCUPACION,F,23,14:10:00,2025,7/21/2025,LUNES,12:00-14:59,TARDE,202,UNION LIBRE,SECUNDARIA,DELINCUENCIA,-76.47240713,3.424601621,N,N,N,1,Nivel 4
2515,30,Versalles,2,ARMA DE FUEGO,COMERCIANTE,M,41,20:55:00,2025,7/21/2025,LUNES,18:00-20:59,NOCHE,202,UNION LIBRE,SECUNDARIA,DELINCUENCIA,-76.5294312,3.462407141,N,N,N,5,Nivel 4
2516,30,Desepaz Invicali,21,ARMA DE FUEGO,MECANICO,M,30,21:25:00,2025,7/21/2025,LUNES,21:00-23:59,NOCHE,202,CASADO,SECUNDARIA,DELINCUENCIA,-76.46381302,3.420868957,N,N,N,1,Nivel 4
2517,30,3 de Julio,19,ARMA DE FUEGO,SIN OCUPACION,M,40,21:45:00,2025,7/21/2025,LUNES,21:00-23:59,NOCHE,202,CASADO,SECUNDARIA,DELINCUENCIA,-76.53910413,3.428969064,N,N,N,4,Nivel 4
2518,30,Pizamos III - Las Dalias,21,ARMA DE FUEGO,DESEMPLEADO,M,31,22:10:00,2025,7/21/2025,LUNES,21:00-23:59,NOCHE,202,SOLTERO,PRIMARIA,DELINCUENCIA,-76.47811589,3.40723673,N,N,N,1,Nivel 4
2519,30,Puerto Nuevo,7,ARMA DE FUEGO,INDIGENTE,M,32,22:51:00,2025,7/21/2025,LUNES,21:00-23:59,NOCHE,202,SOLTERO,SECUNDARIA,DELINCUENCIA,-76.47664794,3.454219032,N,N,N,1,Nivel 4
2520,30,El Morichal,15,ARMA DE FUEGO,SIN OCUPACION,M,30,18:00:00,2025,7/22/2025,MARTES,18:00-20:59,NOCHE,203,SIN ESTABLECER,SIN ESTABLECER,DELINCUENCIA,-76.5047425,3.3983995,N,N,N,2,Nivel 4
2521,30,Sector Alto Jordán,18,ARMA DE FUEGO,MOTORATON,M,34,21:50:00,2025,7/23/2025,MIERCOLES,21:00-23:59,NOCHE,204,UNION LIBRE,PRIMARIA,DELINCUENCIA,-76.55403319,3.377055724,N,N,N,1,Nivel 4
2522,30,Sucre,9,ARMA DE FUEGO,SIN OCUPACION,M,41,17:35:00,2025,7/24/2025,JUEVES,15:00-17:59,TARDE,205,SIN ESTABLECER,SIN ESTABLECER,DELINCUENCIA,-76.52291242,3.444773432,N,N,N,1,Nivel 4
2523,30,Ciudadela Floralia,6,ARMA DE FUEGO,MEDICO,M,26,8:00:00,2025,7/26/2025,SABADO,06:00-08:59,MAÑANA,207,CASADO,UNIVERSITARIO,DELINCUENCIA,-76.4912584,3.498459014,N,N,S,2,Nivel 4
2524,30,Ciudadela Floralia,6,ARMA DE FUEGO,MECANICO,M,22,8:00:00,2025,7/26/2025,SABADO,06:00-08:59,MAÑANA,207,SOLTERO,SECUNDARIA,DELINCUENCIA,-76.4912584,3.498459014,N,N,S,2,Nivel 4
2525,30,Ciudadela del Rio - CVC,21,ARMA DE FUEGO,OFICIOS VARIOS,M,25,16:30:00,2025,7/26/2025,SABADO,15:00-17:59,TARDE,207,UNION LIBRE,SECUNDARIA,DELINCUENCIA,-76.4647729,3.423455945,N,N,N,2,Nivel 4
2526,30,El Rodeo,12,ARMA DE FUEGO,MECANICO,M,19,22:25:00,2025,7/26/2025,SABADO,21:00-23:59,NOCHE,207,UNION LIBRE,SECUNDARIA,DELINCUENCIA,-76.50328277,3.434978938,N,N,N,2,Nivel 4
2527,31,Altos de Menga,2,ARMA DE FUEGO,SIN OCUPACION,M,16,1:30:00,2025,7/27/2025,DOMINGO,00:00-02:59,MADRUGADA,208,SOLTERO,SIN ESTABLECER,DELINCUENCIA,-76.53469597,3.4914657,N,N,N,1,Nivel 4
2528,31,El Remanso,21,ARMA DE FUEGO,SIN OCUPACION,M,24,6:55:00,2025,7/27/2025,DOMINGO,06:00-08:59,MAÑANA,208,SOLTERO,SIN ESTABLECER,DELINCUENCIA,-76.46418164,3.416976436,N,N,N,1,Nivel 4
2529,31,El Morichal,15,CORTOPUNZANTE,SIN OCUPACION,M,19,12:20:00,2025,7/27/2025,DOMINGO,12:00-14:59,TARDE,208,SOLTERO,SIN ESTABLECER,CONVIVENCIA,-76.5047425,3.3983995,N,N,N,2,Nivel 4
2530,31,Lleras Camargo,20,ARMA DE FUEGO,SIN OCUPACION,M,24,15:07:00,2025,7/27/2025,DOMINGO,15:00-17:59,TARDE,208,SIN ESTABLECER,SIN ESTABLECER,DELINCUENCIA,-76.5611052,3.418865,N,N,N,1,Nivel 4
2531,31,Puerto Mallarino,7,ARMA DE FUEGO,SIN OCUPACION,M,29,15:15:00,2025,7/27/2025,DOMINGO,15:00-17:59,TARDE,208,UNION LIBRE,SIN ESTABLECER,DELINCUENCIA,-76.47976332,3.450368179,N,N,N,2,Nivel 4
2532,31,Los Sauces,11,ARMA DE FUEGO,SIN OCUPACION,M,36,16:50:00,2025,7/27/2025,DOMINGO,15:00-17:59,TARDE,208,SOLTERO,SIN ESTABLECER,DELINCUENCIA,-76.5134153,3.4206439,N,N,N,3,Nivel 4
2533,31,Cañaverales - Los Samanes,17,ARMA DE FUEGO,SIN OCUPACION,M,34,17:23:00,2025,7/27/2025,DOMINGO,15:00-17:59,TARDE,208,UNION LIBRE,SIN ESTABLECER,DELINCUENCIA,-76.52724673,3.405232342,N,N,N,3,Nivel 4
2534,31,Santa Elena,10,CORTOPUNZANTE,SIN OCUPACION,M,34,21:39:00,2025,7/27/2025,DOMINGO,21:00-23:59,NOCHE,208,SOLTERO,SIN ESTABLECER,OTRO,-76.52076757,3.424724827,N,N,N,3,Nivel 4
2535,31,Desepaz Invicali,21,CORTOPUNZANTE,SIN OCUPACION,M,23,12:40:00,2025,7/28/2025,LUNES,12:00-14:59,TARDE,209,SOLTERO,SIN ESTABLECER,CONVIVENCIA,-76.4656462,3.425194,N,N,N,1,Nivel 4
2536,31,Los Comuneros I,15,ARMA DE FUEGO,SIN OCUPACION,M,21,13:05:00,2025,7/28/2025,LUNES,12:00-14:59,TARDE,209,SIN ESTABLECER,SIN ESTABLECER,DELINCUENCIA,-76.49192373,3.407856596,N,N,N,2,Nivel 4
2537,31,Paso del Comercio,6,CORTOPUNZANTE,PELUQUERO,M,22,20:10:00,2025,7/28/2025,LUNES,18:00-20:59,NOCHE,209,SOLTERO,SIN ESTABLECER,CONVIVENCIA,-76.4888408,3.492865,N,N,N,2,Nivel 4
2538,31,Nápoles,18,ARMA DE FUEGO,SIN OCUPACION,M,21,0:10:00,2025,7/29/2025,MARTES,00:00-02:59,MADRUGADA,210,SOLTERO,SIN ESTABLECER,DELINCUENCIA,-76.55000873,3.386116139,N,N,N,3,Nivel 4
2539,31,Barrio Obrero,9,ARMA DE FUEGO,SIN OCUPACION,M,47,10:50:00,2025,7/29/2025,MARTES,09:00-11:59,MAÑANA,210,SOLTERO,SIN ESTABLECER,DELINCUENCIA,-76.5185363,3.450173234,N,N,N,2,Nivel 4
2540,31,Alameda,9,ARMA DE FUEGO,SIN OCUPACION,M,17,18:33:00,2025,7/29/2025,MARTES,18:00-20:59,NOCHE,210,SOLTERO,SIN ESTABLECER,DELINCUENCIA,-76.53673307,3.437580885,N,N,N,3,Nivel 4
2541,31,El Vergel,13,ARMA DE FUEGO,SIN OCUPACION,M,55,21:26:00,2025,8/1/2025,VIERNES,21:00-23:59,NOCHE,213,SOLTERO,SIN ESTABLECER,DELINCUENCIA,-76.49793477,3.415060041,N,N,N,1,Nivel 4
2542,31,CGTO. LA BUITRERA,54,ARMA DE FUEGO,SIN OCUPACION,M,22,22:00:00,2025,8/1/2025,VIERNES,21:00-23:59,NOCHE,213,SOLTERO,SIN ESTABLECER,DELINCUENCIA,-76.5863882,3.3829662,N,N,N,2,Nivel 4
2543,31,Santa Fé,8,ARMA DE FUEGO,SIN OCUPACION,M,24,0:19:00,2025,8/2/2025,SABADO,00:00-02:59,MADRUGADA,214,SOLTERO,SIN ESTABLECER,DELINCUENCIA,-76.506188,3.440212,N,N,N,3,Nivel 4
2544,31,Sector Alto Jordán,18,ARMA DE FUEGO,SIN OCUPACION,M,40,12:20:00,2025,8/2/2025,SABADO,12:00-14:59,TARDE,214,SOLTERO,SIN ESTABLECER,DELINCUENCIA,-76.55301183,3.377396449,N,N,N,1,Nivel 4
2545,31,Sector Alto de los Chorros,18,CORTOPUNZANTE,SIN OCUPACION,M,43,13:00:00,2025,8/2/2025,SABADO,12:00-14:59,TARDE,214,SOLTERO,SIN ESTABLECER,CONVIVENCIA,-76.56054082,3.387212311,N,N,N,1,Nivel 4
2546,32,La Floresta,8,CORTOPUNZANTE,SIN OCUPACION,M,35,3:45:00,2025,8/3/2025,DOMINGO,03:00-05:59,MADRUGADA,215,SOLTERO,SIN ESTABLECER,CONVIVENCIA,-76.51050641,3.446233608,N,N,N,3,Nivel 4
2547,32,Urbanización San Joaquin,17,CORTOPUNZANTE,INDIGENTE,M,33,6:40:00,2025,8/3/2025,DOMINGO,06:00-08:59,MAÑANA,215,SOLTERO,SECUNDARIA,CONVIVENCIA,-76.5253764,3.37559929,N,N,N,5,Nivel 4
2548,32,Unidad Residencial Santiago de Cali,19,ARMA DE FUEGO,MECANICO,M,30,0:35:00,2025,8/4/2025,LUNES,00:00-02:59,MADRUGADA,216,SOLTERO,SECUNDARIA,DELINCUENCIA,-76.54708112,3.412774188,N,N,N,4,Nivel 4
2549,32,República de Israel,16,CORTOPUNZANTE,SIN OCUPACION,M,22,1:00:00,2025,8/4/2025,LUNES,00:00-02:59,MADRUGADA,216,SIN ESTABLECER,SIN ESTABLECER,CONVIVENCIA,-76.51197486,3.407175456,N,,,2,Nivel 4
2550,32,Parcelaciones Pance,22,ARMA DE FUEGO,SIN OCUPACION,M,20,2:34:00,2025,8/4/2025,LUNES,00:00-02:59,MADRUGADA,216,SOLTERO,SIN ESTABLECER,DELINCUENCIA,-76.53526238,3.342856835,N,N,N,6,Nivel 4
2551,32,El Jardín,11,CORTOPUNZANTE,OFICIOS VARIOS,M,29,2:50:00,2025,8/4/2025,LUNES,00:00-02:59,MADRUGADA,216,SOLTERO,SECUNDARIA,CONVIVENCIA,-76.51609054,3.428094903,N,N,S,3,Nivel 4
2552,32,Paso del Comercio,6,ARMA DE FUEGO,OFICIOS VARIOS,M,44,20:17:00,2025,8/4/2025,LUNES,18:00-20:59,NOCHE,216,SOLTERO,SECUNDARIA,DELINCUENCIA,-76.48798405,3.493002068,N,N,N,2,Nivel 4
2553,32,Mojica,15,ARMA DE FUEGO,OFICIOS VARIOS,M,24,22:03:00,2025,8/4/2025,LUNES,21:00-23:59,NOCHE,216,SOLTERO,SECUNDARIA,DELINCUENCIA,-76.48940848,3.411665336,N,N,N,1,Nivel 4
2554,32,Urbanización La Nueva Base,8,ARMA DE FUEGO,OBRERO,M,83,22:30:00,2025,8/4/2025,LUNES,21:00-23:59,NOCHE,216,SOLTERO,PRIMARIA,DELINCUENCIA,-76.49055339,3.445894488,N,N,N,3,Nivel 4
2555,32,Sector Alto de los Chorros,18,ARMA DE FUEGO,MECANICO,M,30,22:50:00,2025,8/4/2025,LUNES,21:00-23:59,NOCHE,216,CASADO,SECUNDARIA,DELINCUENCIA,-76.55771737,3.389442205,N,N,N,1,Nivel 4
2556,32,Mariano Ramos,16,OTRAS ARMAS,INTERNO CÁRCEL,M,47,4:50:00,2025,8/6/2025,MIERCOLES,03:00-05:59,MADRUGADA,218,SOLTERO,SIN ESTABLECER,OTRO,-76.5147274,3.400527138,N,N,N,2,Nivel 4
2557,32,Santa Elena,10,CORTOPUNZANTE,MENSAJERO,M,25,5:40:00,2025,8/6/2025,MIERCOLES,03:00-05:59,MADRUGADA,218,UNION LIBRE,PRIMARIA,DELINCUENCIA,-76.52431793,3.428002414,N,N,N,3,Nivel 4
2558,32,Manuela Beltrán,14,ARMA DE FUEGO,OFICIOS VARIOS,M,22,11:10:00,2025,8/6/2025,MIERCOLES,09:00-11:59,MAÑANA,218,SOLTERO,SECUNDARIA,DELINCUENCIA,-76.4750779,3.418186777,N,N,N,1,Nivel 4
2559,32,Saavedra Galindo,8,ARMA DE FUEGO,SIN OCUPACION,M,31,20:52:00,2025,8/6/2025,MIERCOLES,18:00-20:59,NOCHE,218,UNION LIBRE,SECUNDARIA,CONVIVENCIA,-76.51387211,3.44089326,N,N,N,2,Nivel 4
2560,32,Mariano Ramos,16,ARMA DE FUEGO,ESTUDIANTE,M,16,14:57:00,2025,8/7/2025,JUEVES,12:00-14:59,TARDE,219,SOLTERO,SECUNDARIA,CONVIVENCIA,-76.51209485,3.403034579,N,N,N,2,Nivel 4
2561,32,Valle Grande,21,ARMA DE FUEGO,SIN OCUPACION,M,26,22:20:00,2025,8/7/2025,JUEVES,21:00-23:59,NOCHE,219,UNION LIBRE,SECUNDARIA,DELINCUENCIA,-76.4700455,3.4372328,N,N,N,2,Nivel 4
2562,32,Promociones Populares B,14,ARMA DE FUEGO,MECANICO,M,50,2:10:00,2025,8/8/2025,VIERNES,00:00-02:59,MADRUGADA,220,SOLTERO,SECUNDARIA,DELINCUENCIA,-76.4684097,3.426721122,N,N,N,1,Nivel 4
2563,32,Ciudadela Floralia,6,ARMA DE FUEGO,ESTUDIANTE,M,16,22:01:00,2025,8/8/2025,VIERNES,21:00-23:59,NOCHE,220,UNION LIBRE,SECUNDARIA,DELINCUENCIA,-76.49081476,3.493099686,N,N,N,2,Nivel 4
2564,32,Los Naranjos II,14,CORTOPUNZANTE,AMA DE CASA,F,18,17:25:00,2025,8/9/2025,SABADO,15:00-17:59,TARDE,221,UNION LIBRE,SECUNDARIA,CONVIVENCIA,-76.47557475,3.433772015,N,N,N,1,Nivel 4
2565,32,Aguablanca,11,ARMA DE FUEGO,ADMINISTRADOR,M,22,18:30:00,2025,8/9/2025,SABADO,18:00-20:59,NOCHE,221,SOLTERO,UNIVERSITARIO,DELINCUENCIA,-76.51954749,3.432345541,N,N,N,3,Nivel 4
2566,33,Chiminangos II,5,ARMA DE FUEGO,SIN OCUPACION,M,26,2:15:00,2025,8/10/2025,DOMINGO,00:00-02:59,MADRUGADA,222,UNION LIBRE,SECUNDARIA,DELINCUENCIA,-76.49325236,3.474791555,N,N,N,3,Nivel 4
2567,33,Sector Alto de los Chorros,18,OTRAS ARMAS,AMA DE CASA,F,33,0:05:00,2025,8/12/2025,MARTES,00:00-02:59,MADRUGADA,224,UNION LIBRE,SIN ESTABLECER,DELINCUENCIA,-76.55901206,3.39305661,N,N,N,1,Nivel 4
2568,33,Sector Alto de los Chorros,18,ARMA DE FUEGO,SIN OCUPACION,M,43,17:40:00,2025,8/13/2025,MIERCOLES,15:00-17:59,TARDE,225,SOLTERO,SECUNDARIA,DELINCUENCIA,-76.56166754,3.388002634,N,N,N,1,Nivel 4
2569,33,El Calvario,3,CORTOPUNZANTE,INDIGENTE,M,39,21:00:00,2025,8/13/2025,MIERCOLES,21:00-23:59,NOCHE,225,SIN ESTABLECER,SIN ESTABLECER,CONVIVENCIA,-76.52973243,3.446690306,N,N,N,3,Nivel 4
2570,33,Lili,17,ARMA DE FUEGO,VIGILANTE,M,27,21:15:00,2025,8/13/2025,MIERCOLES,21:00-23:59,NOCHE,225,SOLTERO,SECUNDARIA,DELINCUENCIA,-76.52181186,3.367793258,N,N,N,4,Nivel 4
2571,33,El Cortijo,20,ARMA DE FUEGO,VIGILANTE,M,20,4:32:00,2025,8/14/2025,JUEVES,03:00-05:59,MADRUGADA,226,UNION LIBRE,SECUNDARIA,DELINCUENCIA,-76.55901447,3.416007311,N,N,N,2,Nivel 4
2572,33,Mojica,15,ARMA DE FUEGO,SIN OCUPACION,M,17,21:05:00,2025,8/14/2025,JUEVES,21:00-23:59,NOCHE,226,SOLTERO,SECUNDARIA,DELINCUENCIA,-76.48727065,3.41466051,N,N,N,1,Nivel 4
2573,33,El Rodeo,12,ARMA DE FUEGO,MECANICO,M,33,13:50:00,2025,8/15/2025,VIERNES,12:00-14:59,TARDE,227,UNION LIBRE,SECUNDARIA,DELINCUENCIA,-76.50331977,3.434068645,N,N,N,2,Nivel 4
2574,33,El Rodeo,12,ARMA DE FUEGO,MENSAJERO,M,23,13:50:00,2025,8/15/2025,VIERNES,12:00-14:59,TARDE,227,SOLTERO,SECUNDARIA,DELINCUENCIA,-76.50331977,3.434068645,N,N,N,2,Nivel 4
2575,33,Calima,4,ARMA DE FUEGO,AMA DE CASA,F,29,14:40:00,2025,8/15/2025,VIERNES,12:00-14:59,TARDE,227,UNION LIBRE,SECUNDARIA,DELINCUENCIA,-76.49971328,3.486826383,N,N,N,3,Nivel 4
2576,33,La Sultana,20,ARMA DE FUEGO,ESTUDIANTE,M,16,9:48:00,2025,8/16/2025,SABADO,09:00-11:59,MAÑANA,228,SOLTERO,SECUNDARIA,DELINCUENCIA,-76.56409683,3.420524808,N,N,N,1,Nivel 4
2577,33,Los Naranjos II,14,ARMA DE FUEGO,AMA DE CASA,F,41,10:26:00,2025,8/16/2025,SABADO,09:00-11:59,MAÑANA,228,UNION LIBRE,SECUNDARIA,DELINCUENCIA,-76.47467365,3.435299018,N,N,N,1,Nivel 4
2578,33,República de Israel,16,OTRAS ARMAS,VENDEDOR,M,66,14:03:00,2025,8/16/2025,SABADO,12:00-14:59,TARDE,228,SOLTERO,SIN ESTABLECER,DELINCUENCIA,-76.51199742,3.407733387,N,N,N,2,Nivel 4
2579,33,San Pascual,3,ARMA DE FUEGO,ESTUDIANTE,M,26,20:30:00,2025,8/16/2025,SABADO,18:00-20:59,NOCHE,228,UNION LIBRE,SECUNDARIA,DELINCUENCIA,-76.52915358,3.444482544,N,N,N,1,Nivel 4
2580,33,Urbanización La Nueva Base,8,ARMA DE FUEGO,SIN OCUPACION,M,38,21:10:00,2025,8/16/2025,SABADO,21:00-23:59,NOCHE,228,CASADO,PRIMARIA,DELINCUENCIA,-76.49195803,3.447274841,N,N,N,3,Nivel 4
2581,34,La Esperanza,11,ARMA DE FUEGO,SIN OCUPACION,M,37,0:20:00,2025,8/17/2025,DOMINGO,00:00-02:59,MADRUGADA,229,UNION LIBRE,SECUNDARIA,DELINCUENCIA,-76.52021496,3.421079298,N,N,N,3,Nivel 4
2582,34,Promociones Populares B,14,CORTOPUNZANTE,SIN OCUPACION,M,38,6:25:00,2025,8/17/2025,DOMINGO,06:00-08:59,MAÑANA,229,CASADO,SECUNDARIA,CONVIVENCIA,-76.46674098,3.424806167,N,N,N,1,Nivel 4
2583,34,Promociones Populares B,14,ARMA DE FUEGO,SIN OCUPACION,F,14,6:25:00,2025,8/17/2025,DOMINGO,06:00-08:59,MAÑANA,229,SOLTERO,SECUNDARIA,CONVIVENCIA,-76.46674098,3.424806167,N,N,N,1,Nivel 4
2584,34,El Poblado I,13,OTRAS ARMAS,INDIGENTE,M,45,7:30:00,2025,8/17/2025,DOMINGO,06:00-08:59,MAÑANA,229,UNION LIBRE,SECUNDARIA,DELINCUENCIA,-76.49903355,3.420888031,N,N,N,2,Nivel 4
2585,34,El Morichal,15,ARMA DE FUEGO,SIN OCUPACION,M,27,9:45:00,2025,8/17/2025,DOMINGO,09:00-11:59,MAÑANA,229,SOLTERO,SECUNDARIA,DELINCUENCIA,-76.50743608,3.390084213,N,N,N,2,Nivel 4
2586,34,Sultana - Berlín - San Francisco,4,ARMA DE FUEGO,RECICLADOR,M,44,15:40:00,2025,8/17/2025,DOMINGO,15:00-17:59,TARDE,229,SOLTERO,SECUNDARIA,DELINCUENCIA,-76.51815483,3.466291388,N,N,N,2,Nivel 4
2587,34,Prados de Oriente,11,ARMA DE FUEGO,SIN OCUPACION,M,23,2:45:00,2025,8/18/2025,LUNES,00:00-02:59,MADRUGADA,230,SOLTERO,SECUNDARIA,DELINCUENCIA,-76.51286127,3.433704002,N,N,N,3,Nivel 4
2588,34,Valle Grande,21,CORTOPUNZANTE,SIN OCUPACION,M,39,16:00:00,2025,8/18/2025,LUNES,15:00-17:59,TARDE,230,SOLTERO,SECUNDARIA,DELINCUENCIA,-76.47384626,3.440309728,N,N,N,2,Nivel 4
2589,34,Prados del Norte,2,ARMA DE FUEGO,ALBAÑIL,M,54,14:10:00,2025,8/19/2025,MARTES,12:00-14:59,TARDE,231,SOLTERO,SECUNDARIA,DELINCUENCIA,-76.51837339,3.471489409,N,N,N,5,Nivel 4
2590,34,Ciudadela Floralia,6,ARMA DE FUEGO,SIN OCUPACION,M,27,18:20:00,2025,8/19/2025,MARTES,18:00-20:59,NOCHE,231,SOLTERO,SIN ESTABLECER,DELINCUENCIA,-76.49496209,3.496253225,N,N,N,2,Nivel 4
2591,34,Prados del Sur,18,ARMA DE FUEGO,SIN OCUPACION,M,24,19:40:00,2025,8/20/2025,MIERCOLES,18:00-20:59,NOCHE,232,SOLTERO,SECUNDARIA,DELINCUENCIA,-76.55635903,3.389237571,N,N,N,2,Nivel 4
2592,34,Sucre,9,OTRAS ARMAS,SIN OCUPACION,F,31,1:55:00,2025,8/21/2025,JUEVES,00:00-02:59,MADRUGADA,233,SOLTERO,SIN ESTABLECER,CONVIVENCIA,-76.52266328,3.446965764,N,N,N,1,Nivel 4
2593,34,Promociones Populares B,14,ARMA DE FUEGO,SIN OCUPACION,M,45,2:40:00,2025,8/21/2025,JUEVES,00:00-02:59,MADRUGADA,233,UNION LIBRE,SECUNDARIA,DELINCUENCIA,-76.47737885,3.428526434,N,N,N,1,Nivel 4
2594,34,Alto Nápoles,18,ARMA DE FUEGO,SIN OCUPACION,M,71,13:25:00,2025,8/21/2025,JUEVES,12:00-14:59,TARDE,233,SOLTERO,SECUNDARIA,DELINCUENCIA,-76.56099075,3.386612405,N,N,N,1,Nivel 4
2595,34,Base Aérea,7,OTRAS ARMAS,TAXISTA,M,59,15:10:00,2025,8/21/2025,JUEVES,15:00-17:59,TARDE,233,SOLTERO,SIN ESTABLECER,DELINCUENCIA,-76.49429021,3.452689923,N,N,N,99,Nivel 4
2596,34,Base Aérea,7,OTRAS ARMAS,SIN OCUPACION,M,24,15:10:00,2025,8/21/2025,JUEVES,15:00-17:59,TARDE,233,SOLTERO,SIN ESTABLECER,DELINCUENCIA,-76.49429021,3.452689923,N,N,N,99,Nivel 4
2597,34,Base Aérea,7,OTRAS ARMAS,EDUCADOR,F,51,15:10:00,2025,8/21/2025,JUEVES,15:00-17:59,TARDE,233,SOLTERO,SIN ESTABLECER,DELINCUENCIA,-76.49429021,3.452689923,N,N,N,99,Nivel 4
2598,34,Base Aérea,7,OTRAS ARMAS,SIN OCUPACION,M,45,15:10:00,2025,8/21/2025,JUEVES,15:00-17:59,TARDE,233,SOLTERO,SIN ESTABLECER,DELINCUENCIA,-76.49429021,3.452689923,N,N,N,99,Nivel 4
2599,34,Base Aérea,7,OTRAS ARMAS,SIN OCUPACION,M,17,15:10:00,2025,8/21/2025,JUEVES,15:00-17:59,TARDE,233,SOLTERO,SIN ESTABLECER,DELINCUENCIA,-76.49429021,3.452689923,N,N,N,99,Nivel 4
2600,34,Base Aérea,7,OTRAS ARMAS,SIN OCUPACION,M,24,15:10:00,2025,8/21/2025,JUEVES,15:00-17:59,TARDE,233,UNION LIBRE,SIN ESTABLECER,DELINCUENCIA,-76.49429021,3.452689923,N,N,N,99,Nivel 4
2601,34,República de Israel,16,ARMA DE FUEGO,VIGILANTE,M,24,21:35:00,2025,8/21/2025,JUEVES,21:00-23:59,NOCHE,233,SOLTERO,SECUNDARIA,DELINCUENCIA,-76.51225109,3.404160107,N,N,N,2,Nivel 4
2602,34,Potrero Grande,21,ARMA DE FUEGO,SIN OCUPACION,M,22,23:15:00,2025,8/22/2025,VIERNES,21:00-23:59,NOCHE,234,SOLTERO,SECUNDARIA,DELINCUENCIA,-76.46964104,3.406289564,N,N,N,2,Nivel 4
2603,34,Manuela Beltrán,14,ARMA DE FUEGO,SIN OCUPACION,M,20,14:20:00,2025,8/23/2025,SABADO,12:00-14:59,TARDE,235,SOLTERO,SECUNDARIA,DELINCUENCIA,-76.47681542,3.417902252,N,N,N,1,Nivel 4
2604,34,Ciudad Córdoba,15,ARMA DE FUEGO,MOTORISTA,M,49,21:03:00,2025,8/23/2025,SABADO,21:00-23:59,NOCHE,235,SOLTERO,SECUNDARIA,DELINCUENCIA,-76.51311668,3.394287125,N,N,N,3,Nivel 4
2605,35,Ciudad Córdoba,15,ARMA DE FUEGO,OFICIOS VARIOS,M,21,0:55:00,2025,8/24/2025,DOMINGO,00:00-02:59,MADRUGADA,236,SOLTERO,PRIMARIA,DELINCUENCIA,-76.5054652,3.4014814,N,,,3,Nivel 4
2606,35,San Pedro Claver,11,ARMA DE FUEGO,SIN OCUPACION,M,44,7:46:00,2025,8/24/2025,DOMINGO,06:00-08:59,MAÑANA,236,SIN ESTABLECER,SIN ESTABLECER,DELINCUENCIA,-76.50466654,3.423586473,N,,,2,Nivel 4
2607,35,Sector Alto de los Chorros,18,ARMA DE FUEGO,DESEMPLEADO,M,28,13:55:00,2025,8/24/2025,DOMINGO,12:00-14:59,TARDE,236,SIN ESTABLECER,SIN ESTABLECER,DELINCUENCIA,-76.55911455,3.389487783,N,,,1,Nivel 4
2608,35,José Manuel Marroquín II,14,CORTOPUNZANTE,INDIGENTE,M,32,15:40:00,2025,8/24/2025,DOMINGO,15:00-17:59,TARDE,236,SIN ESTABLECER,SIN ESTABLECER,CONVIVENCIA,-76.48350693,3.42917215,N,,,2,Nivel 4
2609,35,Alfonso Lopez P. 1a Etapa,7,ARMA DE FUEGO,INDIGENTE,M,32,23:30:00,2025,8/24/2025,DOMINGO,21:00-23:59,NOCHE,236,SOLTERO,SIN ESTABLECER,OTRO,-76.48162669,3.462764538,N,,,2,Nivel 4
2610,35,Siete de Agosto,7,ARMA DE FUEGO,DESEMPLEADO,M,24,2:00:00,2025,8/25/2025,LUNES,00:00-02:59,MADRUGADA,237,SOLTERO,SECUNDARIA,DELINCUENCIA,-76.48508554,3.446105914,N,,,3,Nivel 4
2611,35,Polvorines,18,ARMA DE FUEGO,OFICIOS VARIOS,M,19,8:00:00,2025,8/25/2025,LUNES,06:00-08:59,MAÑANA,237,SOLTERO,SIN ESTABLECER,DELINCUENCIA,-76.5647174,3.3691497,N,,,2,Nivel 4
2612,35,Pizamos III - Las Dalias,21,CORTOPUNZANTE,SIN OCUPACION,M,22,10:41:00,2025,8/25/2025,LUNES,09:00-11:59,MAÑANA,237,UNION LIBRE,SECUNDARIA,OTRO,-76.47591124,3.406072938,N,,,1,Nivel 4
2613,35,Mariano Ramos,16,ARMA DE FUEGO,SIN OCUPACION,M,32,17:30:00,2025,8/25/2025,LUNES,15:00-17:59,TARDE,237,SOLTERO,SIN ESTABLECER,DELINCUENCIA,-76.51780547,3.409046067,N,,,2,Nivel 4
2614,35,Bosques del Limonar,17,ARMA DE FUEGO,SIN OCUPACION,M,24,19:40:00,2025,8/26/2025,MARTES,18:00-20:59,NOCHE,238,UNION LIBRE,SIN ESTABLECER,OTRO,-76.53774764,3.398035915,N,,,4,Nivel 4
2615,35,Mojica,15,ARMA DE FUEGO,SIN OCUPACION,M,40,23:50:00,2025,8/26/2025,MARTES,21:00-23:59,NOCHE,238,SOLTERO,SIN ESTABLECER,OTRO,-76.48727065,3.41466051,N,,,1,Nivel 4
2616,35,Ulpiano Lloreda,13,CORTOPUNZANTE,SIN OCUPACION,F,66,9:54:00,2025,8/27/2025,MIERCOLES,09:00-11:59,MAÑANA,239,CASADO,PRIMARIA,OTRO,-76.48980349,3.443785845,N,,,2,Nivel 4
2617,35,Santa Mónica Belalcázar,9,ARMA DE FUEGO,MOTORISTA,M,32,12:40:00,2025,8/27/2025,MIERCOLES,12:00-14:59,TARDE,239,SIN ESTABLECER,SIN ESTABLECER,DELINCUENCIA,-76.5202808,3.4370327,N,,,3,Nivel 4
2618,35,Ciudad 2000,16,ARMA DE FUEGO,PRESTAMISTA,F,25,21:06:00,2025,8/27/2025,MIERCOLES,21:00-23:59,NOCHE,239,SIN ESTABLECER,SIN ESTABLECER,DELINCUENCIA,-76.52137346,3.394639873,N,,,4,Nivel 4
2619,35,El Vallado,15,ARMA DE FUEGO,COMERCIANTE,M,29,18:20:00,2025,8/28/2025,JUEVES,18:00-20:59,NOCHE,240,UNION LIBRE,SECUNDARIA,DELINCUENCIA,-76.4989603,3.4069183,N,,,2,Nivel 4
2620,35,El Vallado,15,ARMA DE FUEGO,SIN OCUPACION,M,50,18:20:00,2025,8/28/2025,JUEVES,18:00-20:59,NOCHE,240,SIN ESTABLECER,SIN ESTABLECER,DELINCUENCIA,-76.49744811,3.408084643,N,,,2,Nivel 4
2621,35,El Vallado,15,ARMA DE FUEGO,SIN OCUPACION,M,32,18:20:00,2025,8/28/2025,JUEVES,18:00-20:59,NOCHE,240,SIN ESTABLECER,SIN ESTABLECER,DELINCUENCIA,-76.49744811,3.408084643,N,,,2,Nivel 4
2622,35,Ciudad 2000,16,ARMA DE FUEGO,SIN OCUPACION,M,33,16:10:00,2025,8/30/2025,SABADO,15:00-17:59,TARDE,242,SIN ESTABLECER,SIN ESTABLECER,DELINCUENCIA,-76.5238564,3.392066865,N,,,4,Nivel 4
2623,35,Unión de Vivienda Popular,16,ARMA DE FUEGO,SIN OCUPACION,M,29,20:20:00,2025,8/30/2025,SABADO,18:00-20:59,NOCHE,242,SIN ESTABLECER,SIN ESTABLECER,DELINCUENCIA,-76.50617423,3.408864875,N,,,2,Nivel 4
2624,35,Brisas de Los Álamos,2,ARMA DE FUEGO,SIN OCUPACION,M,43,20:30:00,2025,8/30/2025,SABADO,18:00-20:59,NOCHE,242,SIN ESTABLECER,SIN ESTABLECER,DELINCUENCIA,-76.50256135,3.490738046,N,,,3,Nivel 4
2625,36,Mariano Ramos,16,CORTOPUNZANTE,LAVADOR DE VEHICULOS,M,43,5:20:00,2025,8/31/2025,DOMINGO,03:00-05:59,MADRUGADA,243,SOLTERO,PRIMARIA,DELINCUENCIA,-76.51735874,3.399381103,N,,,2,Nivel 4
2626,36,Valle Grande,21,CORTOPUNZANTE,INDIGENTE,M,47,0:40:00,2025,9/1/2025,LUNES,00:00-02:59,MADRUGADA,244,CASADO,SECUNDARIA,CONVIVENCIA,-76.46872629,3.436218686,N,,,2,Nivel 4
2627,36,Yira Castro,13,ARMA DE FUEGO,SIN OCUPACION,M,29,1:40:00,2025,9/1/2025,LUNES,00:00-02:59,MADRUGADA,244,SOLTERO,SECUNDARIA,DELINCUENCIA,-76.49720445,3.426284347,N,,,2,Nivel 4
2628,36,Los Comuneros II,13,OTRAS ARMAS,SIN OCUPACION,M,27,7:30:00,2025,9/1/2025,LUNES,06:00-08:59,MAÑANA,244,SOLTERO,PRIMARIA,DELINCUENCIA,-76.49162223,3.426155856,N,,,2,Nivel 4
2629,36,La Alianza,4,ARMA DE FUEGO,SIN OCUPACION,F,22,19:30:00,2025,9/1/2025,LUNES,18:00-20:59,NOCHE,244,SOLTERO,SECUNDARIA,DELINCUENCIA,-76.50515279,3.470970909,N,,,3,Nivel 4
2630,36,Polvorines,18,ARMA DE FUEGO,SIN OCUPACION,M,21,20:45:00,2025,9/1/2025,LUNES,18:00-20:59,NOCHE,244,UNION LIBRE,SECUNDARIA,DELINCUENCIA,-76.55247464,3.372250124,N,,,2,Nivel 4
2631,36,San Judas Tadeo I,10,ARMA DE FUEGO,INDIGENTE,M,28,5:40:00,2025,9/2/2025,MARTES,03:00-05:59,MADRUGADA,245,UNION LIBRE,SECUNDARIA,DELINCUENCIA,-76.52249097,3.408893733,N,,,3,Nivel 4
2632,36,Mojica,15,ARMA DE FUEGO,SIN OCUPACION,M,17,22:04:00,2025,9/2/2025,MARTES,21:00-23:59,NOCHE,245,SOLTERO,SECUNDARIA,DELINCUENCIA,-76.48853645,3.413395375,N,,,1,Nivel 4
2633,36,Antonio Nariño,16,ARMA DE FUEGO,SIN OCUPACION,M,29,22:40:00,2025,9/2/2025,MARTES,21:00-23:59,NOCHE,245,UNION LIBRE,SECUNDARIA,DELINCUENCIA,-76.50796165,3.419158784,N,,,2,Nivel 4
2634,36,Asturias,12,ARMA DE FUEGO,SIN OCUPACION,M,30,0:05:00,2025,9/3/2025,MIERCOLES,00:00-02:59,MADRUGADA,246,SOLTERO,SECUNDARIA,DELINCUENCIA,-76.502199,3.437767952,N,,,2,Nivel 4
2635,36,Rafael Uribe Uribe,8,ARMA DE FUEGO,SIN OCUPACION,M,29,19:30:00,2025,9/3/2025,MIERCOLES,18:00-20:59,NOCHE,246,UNION LIBRE,PRIMARIA,DELINCUENCIA,-76.51211841,3.437592752,N,,,2,Nivel 4
2636,36,Urbanización La Nueva Base,8,ARMA DE FUEGO,SIN OCUPACION,M,57,0:00:00,2025,9/4/2025,JUEVES,00:00-02:59,MADRUGADA,247,UNION LIBRE,SECUNDARIA,DELINCUENCIA,-76.49031098,3.44942702,N,,,3,Nivel 4
2637,36,La Merced,3,ARMA DE FUEGO,COMERCIANTE,M,44,14:00:00,2025,9/4/2025,JUEVES,12:00-14:59,TARDE,247,UNION LIBRE,PRIMARIA,DELINCUENCIA,-76.53587589,3.447275557,N,,,3,Nivel 4
2638,36,Unión de Vivienda Popular,16,ARMA DE FUEGO,SIN OCUPACION,M,31,21:30:00,2025,9/4/2025,JUEVES,21:00-23:59,NOCHE,247,SOLTERO,SECUNDARIA,OTRO,-76.50745676,3.410186495,N,,,2,Nivel 4
2639,36,Sucre,9,ARMA DE FUEGO,SIN OCUPACION,M,23,12:24:00,2025,9/5/2025,VIERNES,12:00-14:59,TARDE,248,SIN ESTABLECER,SIN ESTABLECER,DELINCUENCIA,-76.52496571,3.448166854,N,,,1,Nivel 4
2640,36,Promociones Populares B,14,ARMA DE FUEGO,SIN OCUPACION,M,26,15:30:00,2025,9/5/2025,VIERNES,15:00-17:59,TARDE,248,SOLTERO,PRIMARIA,OTRO,-76.46884276,3.425535891,N,N,,1,Nivel 4
2641,36,Tierra Blanca,20,ARMA DE FUEGO,SIN OCUPACION,M,31,15:30:00,2025,9/5/2025,VIERNES,15:00-17:59,TARDE,248,UNION LIBRE,SECUNDARIA,DELINCUENCIA,-76.55979299,3.420789668,N,,,1,Nivel 4
2642,36,Urbanización La Merced,2,CORTOPUNZANTE,SIN OCUPACION,M,24,21:15:00,2025,9/5/2025,VIERNES,21:00-23:59,NOCHE,248,CASADO,SECUNDARIA,DELINCUENCIA,-76.51570341,3.480003541,N,,,4,Nivel 4
2643,36,CGTO. FELIDIA,59,OTRAS ARMAS,SIN OCUPACION,M,34,16:26:00,2025,9/6/2025,SABADO,15:00-17:59,TARDE,249,SOLTERO,SIN ESTABLECER,CONVIVENCIA,-76.61898354,3.468601539,N,,,2,Nivel 4
2644,36,Cristóbal Colón,10,CORTOPUNZANTE,SIN OCUPACION,M,50,19:15:00,2025,9/6/2025,SABADO,18:00-20:59,NOCHE,249,SOLTERO,SECUNDARIA,CONVIVENCIA,-76.52199319,3.419181882,N,,,3,Nivel 4
2645,36,Promociones Populares B,14,ARMA DE FUEGO,AGENTE DE POLICIA,M,38,21:27:00,2025,9/6/2025,SABADO,21:00-23:59,NOCHE,249,CASADO,SECUNDARIA,DELINCUENCIA,-76.46884276,3.425535891,N,N,,1,Nivel 4
2646,37,El Morichal,15,ARMA DE FUEGO,MENSAJERO,M,24,1:04:00,2025,9/7/2025,DOMINGO,00:00-02:59,MADRUGADA,250,SOLTERO,SIN ESTABLECER,DELINCUENCIA,-76.50933946,3.392020152,N,,,2,Nivel 4
2647,37,CGTO. MONTEBELLO,64,ARMA DE FUEGO,SIN OCUPACION,M,25,3:30:00,2025,9/7/2025,DOMINGO,03:00-05:59,MADRUGADA,250,UNION LIBRE,SIN ESTABLECER,DELINCUENCIA,-76.54823771,3.483771319,N,,,2,Nivel 4
2648,37,CGTO. MONTEBELLO,64,ARMA DE FUEGO,SIN OCUPACION,M,18,3:30:00,2025,9/7/2025,DOMINGO,03:00-05:59,MADRUGADA,250,SIN ESTABLECER,SIN ESTABLECER,DELINCUENCIA,-76.54823771,3.483771319,N,,,2,Nivel 4
2649,37,José Manuel Marroquín I,14,ARMA DE FUEGO,VIGILANTE,M,46,4:22:00,2025,9/7/2025,DOMINGO,03:00-05:59,MADRUGADA,250,SIN ESTABLECER,SIN ESTABLECER,CONVIVENCIA,-76.47854042,3.418210474,N,,,2,Nivel 4
2650,37,Las Orquídeas,14,ARMA DE FUEGO,SIN OCUPACION,M,42,16:27:00,2025,9/8/2025,LUNES,15:00-17:59,TARDE,251,UNION LIBRE,SIN ESTABLECER,DELINCUENCIA,-76.47706986,3.412579843,N,,,1,Nivel 4
2651,37,Eucaristico,19,ARMA DE FUEGO,SIN OCUPACION,M,16,1:50:00,2025,9/9/2025,MARTES,00:00-02:59,MADRUGADA,252,SIN ESTABLECER,SIN ESTABLECER,DELINCUENCIA,-76.54150063,3.422137242,N,,,4,Nivel 4
2652,37,Sucre,9,ARMA DE FUEGO,SIN OCUPACION,M,34,17:15:00,2025,9/9/2025,MARTES,15:00-17:59,TARDE,252,SIN ESTABLECER,SIN ESTABLECER,DELINCUENCIA,-76.52237163,3.445601105,N,,,1,Nivel 4
2653,37,Unión de Vivienda Popular,16,ARMA DE FUEGO,SIN OCUPACION,M,45,19:30:00,2025,9/10/2025,MIERCOLES,18:00-20:59,NOCHE,253,UNION LIBRE,SIN ESTABLECER,DELINCUENCIA,-76.50984825,3.412119939,N,,,2,Nivel 4
2654,37,El Poblado II,13,ARMA DE FUEGO,SIN OCUPACION,M,22,18:45:00,2025,9/11/2025,JUEVES,18:00-20:59,NOCHE,254,SIN ESTABLECER,SIN ESTABLECER,CONVIVENCIA,-76.48643112,3.422608071,N,,,2,Nivel 4
2655,37,La Independencia,11,ARMA DE FUEGO,SIN OCUPACION,M,22,18:45:00,2025,9/11/2025,JUEVES,18:00-20:59,NOCHE,254,SOLTERO,SIN ESTABLECER,DELINCUENCIA,-76.51763425,3.416601253,N,,,3,Nivel 4
2656,37,El Retiro,15,ARMA DE FUEGO,SIN OCUPACION,M,19,19:30:00,2025,9/11/2025,JUEVES,18:00-20:59,NOCHE,254,SOLTERO,SIN ESTABLECER,CONVIVENCIA,-76.49858869,3.407758434,N,,,1,Nivel 4
2657,37,José Manuel Marroquín I,14,ARMA DE FUEGO,SIN OCUPACION,M,20,21:48:00,2025,9/11/2025,JUEVES,21:00-23:59,NOCHE,254,SOLTERO,SIN ESTABLECER,DELINCUENCIA,-76.47757085,3.424577986,N,,,2,Nivel 4
2658,37,Alfonso Lopez P. 3a Etapa,7,ARMA DE FUEGO,INDIGENTE,M,30,22:00:00,2025,9/11/2025,JUEVES,21:00-23:59,NOCHE,254,SIN ESTABLECER,SIN ESTABLECER,CONVIVENCIA,-76.47745758,3.455132635,N,,,3,Nivel 4
2659,37,El Poblado II,13,ARMA DE FUEGO,INDIGENTE,M,31,22:00:00,2025,9/11/2025,JUEVES,21:00-23:59,NOCHE,254,SIN ESTABLECER,SIN ESTABLECER,CONVIVENCIA,-76.49146524,3.419417926,N,,,2,Nivel 4
2660,37,Prados del Norte,2,ARMA DE FUEGO,SIN OCUPACION,M,57,16:15:00,2025,9/12/2025,VIERNES,15:00-17:59,TARDE,255,SIN ESTABLECER,SIN ESTABLECER,DELINCUENCIA,-76.52086452,3.471552371,N,,,5,Nivel 4
2661,37,Saavedra Galindo,8,CORTOPUNZANTE,INDIGENTE,M,41,4:33:00,2025,9/13/2025,SABADO,03:00-05:59,MADRUGADA,256,SIN ESTABLECER,SIN ESTABLECER,CONVIVENCIA,-76.51459086,3.442553753,N,,,2,Nivel 4
2662,37,El Vallado,15,ARMA DE FUEGO,SIN OCUPACION,M,24,21:05:00,2025,9/13/2025,SABADO,21:00-23:59,NOCHE,256,SIN ESTABLECER,SIN ESTABLECER,DELINCUENCIA,-76.50139798,3.409781039,N,,,2,Nivel 4
2663,37,Sector Alto de los Chorros,18,ARMA DE FUEGO,ALBAÑIL,M,52,23:35:00,2025,9/13/2025,SABADO,21:00-23:59,NOCHE,256,SOLTERO,SECUNDARIA,DELINCUENCIA,-76.55859312,3.39014808,N,,,1,Nivel 4
2664,38,Mojica,15,ARMA DE FUEGO,ESTUDIANTE,M,17,0:50:00,2025,9/14/2025,DOMINGO,00:00-02:59,MADRUGADA,257,UNION LIBRE,PRIMARIA,DELINCUENCIA,-76.48950718,3.414378803,N,,,1,Nivel 4
2665,38,Barrio Obrero,9,ARMA DE FUEGO,ALBAÑIL,M,25,17:40:00,2025,9/14/2025,DOMINGO,15:00-17:59,TARDE,257,CASADO,PRIMARIA,DELINCUENCIA,-76.52169194,3.445861116,N,,,2,Nivel 4
2666,38,Prados de Oriente,11,ARMA DE FUEGO,MENSAJERO,M,23,18:40:00,2025,9/14/2025,DOMINGO,18:00-20:59,NOCHE,257,SOLTERO,TECNOLOGO,CONVIVENCIA,-76.50980632,3.431905404,N,,,3,Nivel 4
2667,38,Mojica,15,ARMA DE FUEGO,OFICIOS VARIOS,M,23,4:45:00,2025,9/15/2025,LUNES,03:00-05:59,MADRUGADA,258,UNION LIBRE,SECUNDARIA,DELINCUENCIA,-76.48850131,3.415948905,N,,,1,Nivel 4
2668,38,San Carlos,11,ARMA DE FUEGO,INDIGENTE,M,32,0:30:00,2025,9/16/2025,MARTES,00:00-02:59,MADRUGADA,259,UNION LIBRE,PRIMARIA,DELINCUENCIA,-76.51480586,3.423168192,N,,,3,Nivel 4
2669,38,Manuela Beltrán,14,ARMA DE FUEGO,VIGILANTE,M,23,16:46:00,2025,9/16/2025,MARTES,15:00-17:59,TARDE,259,UNION LIBRE,SECUNDARIA,DELINCUENCIA,-76.47617327,3.417038162,N,,,1,Nivel 4
2670,38,Urbanización Colseguros,19,ARMA DE FUEGO,ALBAÑIL,M,21,19:05:00,2025,9/17/2025,MIERCOLES,18:00-20:59,NOCHE,260,UNION LIBRE,SECUNDARIA,DELINCUENCIA,-76.5290518,3.43203994,N,,,4,Nivel 4
2671,38,La Isla,4,ARMA DE FUEGO,OFICIOS VARIOS,M,25,19:10:00,2025,9/17/2025,MIERCOLES,18:00-20:59,NOCHE,260,UNION LIBRE,SECUNDARIA,DELINCUENCIA,-76.51193609,3.475417617,N,,,2,Nivel 4
2672,38,Ciudad Meléndez 1,81,ARMA DE FUEGO,SOLDADOR,M,38,21:30:00,2025,9/17/2025,MIERCOLES,21:00-23:59,NOCHE,260,SOLTERO,SECUNDARIA,DELINCUENCIA,-76.51064162,3.370649985,N,,,0,Nivel 4
2673,38,Ciudad Campestre,22,ARMA DE FUEGO,COMERCIANTE,M,34,21:57:00,2025,9/17/2025,MIERCOLES,21:00-23:59,NOCHE,260,CASADO,SECUNDARIA,DELINCUENCIA,-76.54402393,3.364454345,N,,,6,Nivel 4
2674,38,Ciudad Campestre,22,ARMA DE FUEGO,COMERCIANTE,M,28,21:57:00,2025,9/17/2025,MIERCOLES,21:00-23:59,NOCHE,260,UNION LIBRE,PRIMARIA,DELINCUENCIA,-76.54402393,3.364454345,N,,,6,Nivel 4
2675,38,Ciudad Campestre,22,ARMA DE FUEGO,COMERCIANTE,M,29,21:57:00,2025,9/17/2025,MIERCOLES,21:00-23:59,NOCHE,260,CASADO,SECUNDARIA,DELINCUENCIA,-76.54402393,3.364454345,N,,,6,Nivel 4
2676,38,Las Orquídeas,14,ARMA DE FUEGO,VIGILANTE,M,40,21:57:00,2025,9/17/2025,MIERCOLES,21:00-23:59,NOCHE,260,SOLTERO,SECUNDARIA,DELINCUENCIA,-76.47745479,3.415571144,N,,,1,Nivel 4
2677,38,República de Israel,16,ARMA DE FUEGO,VENDEDOR AMBULANTE,M,30,22:30:00,2025,9/17/2025,MIERCOLES,21:00-23:59,NOCHE,260,SOLTERO,PRIMARIA,DELINCUENCIA,-76.5134153,3.4071241,N,,,2,Nivel 4
2678,38,Villanueva,12,ARMA DE FUEGO,MENSAJERO,M,32,18:50:00,2025,9/18/2025,JUEVES,18:00-20:59,NOCHE,261,SOLTERO,PRIMARIA,DELINCUENCIA,-76.50813335,3.429503296,N,,,2,Nivel 4
2679,38,San Nicolás,3,ARMA DE FUEGO,MOTORISTA,M,33,20:00:00,2025,9/19/2025,VIERNES,18:00-20:59,NOCHE,262,CASADO,SECUNDARIA,DELINCUENCIA,-76.5228101,3.4558256,N,,,2,Nivel 4
2680,38,CGTO. MONTEBELLO,64,ARMA DE FUEGO,AMA DE CASA,F,28,23:45:00,2025,9/19/2025,VIERNES,21:00-23:59,NOCHE,262,UNION LIBRE,PRIMARIA,DELINCUENCIA,-76.5502682,3.486989,N,,S,2,Nivel 4
2681,38,Siete de Agosto,7,CORTOPUNZANTE,INDIGENTE,M,31,23:45:00,2025,9/19/2025,VIERNES,21:00-23:59,NOCHE,262,CASADO,SECUNDARIA,CONVIVENCIA,-76.48764704,3.448057557,N,,,3,Nivel 4
2682,38,El Cortijo,20,ARMA DE FUEGO,MOTORISTA,M,28,4:45:00,2025,9/20/2025,SABADO,03:00-05:59,MADRUGADA,263,UNION LIBRE,PRIMARIA,DELINCUENCIA,-76.56030942,3.416610401,N,,,2,Nivel 4
2683,38,Ciudad Córdoba,15,ARMA DE FUEGO,PROFESOR,M,22,18:04:00,2025,9/20/2025,SABADO,18:00-20:59,NOCHE,263,SOLTERO,SECUNDARIA,DELINCUENCIA,-76.50337004,3.405281575,N,,,3,Nivel 4
2684,38,La Floresta,8,ARMA DE FUEGO,INDIGENTE,M,43,19:00:00,2025,9/20/2025,SABADO,18:00-20:59,NOCHE,263,CASADO,SECUNDARIA,DELINCUENCIA,-76.51498672,3.446605482,N,,,3,Nivel 4
2685,38,Compartir,21,ARMA DE FUEGO,ADMINISTRADOR,M,29,22:00:00,2025,9/20/2025,SABADO,21:00-23:59,NOCHE,263,CASADO,PRIMARIA,DELINCUENCIA,-76.46483161,3.43197612,N,,,2,Nivel 4
2686,39,Alto Nápoles,18,ARMA DE FUEGO,SOLDADOR,M,60,2:30:00,2025,9/21/2025,DOMINGO,00:00-02:59,MADRUGADA,264,SOLTERO,SECUNDARIA,DELINCUENCIA,-76.56125099,3.38242328,N,,,1,Nivel 4
2687,39,Alto Nápoles,18,ARMA DE FUEGO,SIN OCUPACION,M,28,11:00:00,2025,9/21/2025,DOMINGO,09:00-11:59,MAÑANA,264,UNION LIBRE,SECUNDARIA,CONVIVENCIA,-76.56112012,3.385159661,N,,,1,Nivel 4
2688,39,Sucre,9,ARMA DE FUEGO,SIN OCUPACION,M,40,12:45:00,2025,9/21/2025,DOMINGO,12:00-14:59,TARDE,264,SOLTERO,SECUNDARIA,DELINCUENCIA,-76.52335654,3.445988055,N,,,1,Nivel 4
2689,39,Los Sauces,11,ARMA DE FUEGO,INDIGENTE,M,44,16:56:00,2025,9/21/2025,DOMINGO,15:00-17:59,TARDE,264,UNION LIBRE,SECUNDARIA,CONVIVENCIA,-76.51021409,3.417755313,N,,,3,Nivel 4
2690,39,Paso del Comercio,6,ARMA DE FUEGO,SIN OCUPACION,F,19,0:00:00,2025,9/22/2025,LUNES,00:00-02:59,MADRUGADA,265,SOLTERO,SECUNDARIA,DELINCUENCIA,-76.48541982,3.492918867,N,,,2,Nivel 4
2691,39,El Vergel,13,ARMA DE FUEGO,SIN OCUPACION,M,27,0:25:00,2025,9/22/2025,LUNES,00:00-02:59,MADRUGADA,265,SOLTERO,SECUNDARIA,DELINCUENCIA,-76.49962626,3.416852253,N,,,1,Nivel 4
2692,39,Nueva Floresta,12,CORTOPUNZANTE,TAXISTA,M,55,11:40:00,2025,9/22/2025,LUNES,09:00-11:59,MAÑANA,265,CASADO,SECUNDARIA,DELINCUENCIA,-76.49909693,3.441957606,N,,,3,Nivel 4
2693,39,El Rodeo,12,ARMA DE FUEGO,SIN OCUPACION,M,34,22:35:00,2025,9/22/2025,LUNES,21:00-23:59,NOCHE,265,UNION LIBRE,SECUNDARIA,DELINCUENCIA,-76.50296096,3.434452818,N,,,2,Nivel 4
2694,39,José Manuel Marroquín I,14,ARMA DE FUEGO,SIN OCUPACION,M,23,3:15:00,2025,9/23/2025,MARTES,03:00-05:59,MADRUGADA,266,UNION LIBRE,SECUNDARIA,DELINCUENCIA,-76.47682717,3.418263863,N,,,2,Nivel 4
2695,39,Parcelaciones Pance,22,ARMA DE FUEGO,COMERCIANTE,M,40,18:13:00,2025,9/23/2025,MARTES,18:00-20:59,NOCHE,266,CASADO,SECUNDARIA,DELINCUENCIA,-76.53528393,3.342982462,N,,,6,Nivel 4
2696,39,Sector Alto de los Chorros,18,ARMA DE FUEGO,SIN OCUPACION,M,20,20:00:00,2025,9/23/2025,MARTES,18:00-20:59,NOCHE,266,SOLTERO,SECUNDARIA,OTRO,-76.5592461,3.395388284,N,,,1,Nivel 4
2697,39,Pizamos III - Las Dalias,21,ARMA DE FUEGO,SIN OCUPACION,M,20,19:40:00,2025,9/24/2025,MIERCOLES,18:00-20:59,NOCHE,267,SOLTERO,PRIMARIA,DELINCUENCIA,-76.47433699,3.409833089,N,,,1,Nivel 4
2698,39,El Rodeo,12,ARMA DE FUEGO,SIN OCUPACION,M,34,19:45:00,2025,9/24/2025,MIERCOLES,18:00-20:59,NOCHE,267,SOLTERO,PRIMARIA,DELINCUENCIA,-76.50673797,3.435673587,N,,,2,Nivel 4
2699,39,CGTO. EL HORMIGUERO,52,ARMA DE FUEGO,SIN OCUPACION,M,20,16:30:00,2025,9/25/2025,JUEVES,15:00-17:59,TARDE,268,UNION LIBRE,SECUNDARIA,CONVIVENCIA,-76.48227844,3.31474462,N,,,2,Nivel 4
2700,39,San Luís,6,ARMA DE FUEGO,SIN OCUPACION,M,26,20:45:00,2025,9/25/2025,JUEVES,18:00-20:59,NOCHE,268,SOLTERO,SECUNDARIA,DELINCUENCIA,-76.48843373,3.491006606,N,,,2,Nivel 4
2701,39,Municipal,8,ARMA DE FUEGO,SIN OCUPACION,M,34,1:55:00,2025,9/26/2025,VIERNES,00:00-02:59,MADRUGADA,269,CASADO,SECUNDARIA,DELINCUENCIA,-76.51069307,3.448216213,N,,,3,Nivel 4
2702,39,San Nicolás,3,ARMA DE FUEGO,COMERCIANTE,M,27,17:30:00,2025,9/26/2025,VIERNES,15:00-17:59,TARDE,269,UNION LIBRE,UNIVERSITARIO,DELINCUENCIA,-76.5294146,3.453311539,N,,,2,Nivel 4
2703,39,Las Granjas,10,ARMA DE FUEGO,EDUCADOR,M,55,17:30:00,2025,9/26/2025,VIERNES,15:00-17:59,TARDE,269,SOLTERO,PRIMARIA,DELINCUENCIA,-76.52710562,3.406667082,N,,,3,Nivel 4
2704,39,El Morichal,15,ARMA DE FUEGO,COMERCIANTE,M,30,21:05:00,2025,9/26/2025,VIERNES,21:00-23:59,NOCHE,269,UNION LIBRE,PRIMARIA,DELINCUENCIA,-76.50324381,3.397115082,N,,,2,Nivel 4
2705,39,La Floresta,8,ARMA DE FUEGO,INGENIERO,M,41,21:10:00,2025,9/26/2025,VIERNES,21:00-23:59,NOCHE,269,CASADO,UNIVERSITARIO,DELINCUENCIA,-76.51166376,3.444916217,N,,,3,Nivel 4
2706,39,Unión de Vivienda Popular,16,ARMA DE FUEGO,SIN OCUPACION,M,23,0:40:00,2025,9/27/2025,SABADO,00:00-02:59,MADRUGADA,270,CASADO,PRIMARIA,DELINCUENCIA,-76.50753079,3.4068196,N,,,2,Nivel 4
2707,39,Simón Bolívar,8,CORTOPUNZANTE,SIN OCUPACION,F,57,16:25:00,2025,9/27/2025,SABADO,15:00-17:59,TARDE,270,CASADO,SECUNDARIA,DELINCUENCIA,-76.51798186,3.442016706,N,,,3,Nivel 4
2708,39,San Pedro,3,CORTOPUNZANTE,ESTUDIANTE,M,23,17:00:00,2025,9/27/2025,SABADO,15:00-17:59,TARDE,270,UNION LIBRE,SECUNDARIA,CONVIVENCIA,-76.53039625,3.449426633,N,,,3,Nivel 4
2709,39,Potrero Grande,21,ARMA DE FUEGO,AMA DE CASA,F,39,21:00:00,2025,9/27/2025,SABADO,21:00-23:59,NOCHE,270,UNION LIBRE,SECUNDARIA,OTRO,-76.46794926,3.408884208,N,,,2,Nivel 4
2710,39,El Vergel,13,ARMA DE FUEGO,PANADERO,M,59,21:30:00,2025,9/27/2025,SABADO,21:00-23:59,NOCHE,270,CASADO,SECUNDARIA,DELINCUENCIA,-76.50070031,3.419320694,N,,,1,Nivel 4
2711,40,Sector Alto de los Chorros,18,CORTOPUNZANTE,SIN OCUPACION,F,27,1:05:00,2025,9/28/2025,DOMINGO,00:00-02:59,MADRUGADA,271,CASADO,PRIMARIA,CONVIVENCIA,-76.55947215,3.394780331,N,,,1,Nivel 4
2712,40,Manuela Beltrán,14,ARMA DE FUEGO,SIN OCUPACION,M,37,3:37:00,2025,9/28/2025,DOMINGO,03:00-05:59,MADRUGADA,271,CASADO,SECUNDARIA,DELINCUENCIA,-76.47231047,3.416950584,N,,,1,Nivel 4
2713,40,Barrio Obrero,9,ARMA DE FUEGO,SIN OCUPACION,M,23,12:45:00,2025,9/28/2025,DOMINGO,12:00-14:59,TARDE,271,UNION LIBRE,SECUNDARIA,OTRO,-76.51854728,3.450201664,N,,,2,Nivel 4
2714,40,La Independencia,11,ARMA DE FUEGO,SIN OCUPACION,M,55,19:38:00,2025,9/28/2025,DOMINGO,18:00-20:59,NOCHE,271,SOLTERO,SECUNDARIA,DELINCUENCIA,-76.51647178,3.414692316,N,,,3,Nivel 4
2715,40,Compartir,21,ARMA DE FUEGO,SIN OCUPACION,M,32,21:00:00,2025,9/28/2025,DOMINGO,21:00-23:59,NOCHE,271,SOLTERO,PRIMARIA,DELINCUENCIA,-76.46333405,3.430139194,N,,,2,Nivel 4
2716,40,CGTO. LA BUITRERA,54,ARMA DE FUEGO,SIN OCUPACION,M,19,21:49:00,2025,9/28/2025,DOMINGO,21:00-23:59,NOCHE,271,SOLTERO,PRIMARIA,DELINCUENCIA,-76.57465202,3.406761988,N,,,2,Nivel 4
2717,40,El Retiro,15,ARMA DE FUEGO,SIN OCUPACION,M,35,4:50:00,2025,9/29/2025,LUNES,03:00-05:59,MADRUGADA,272,SOLTERO,TECNOLOGO,DELINCUENCIA,-76.49732223,3.411173125,N,,,1,Nivel 4
2718,40,El Guabal,10,ARMA DE FUEGO,SIN OCUPACION,M,24,15:35:00,2025,9/30/2025,MARTES,15:00-17:59,TARDE,273,UNION LIBRE,SECUNDARIA,DELINCUENCIA,-76.52981117,3.413573426,N,,,3,Nivel 4
2719,40,Villamercedes I - Villa Luz - Las Garzas,21,ARMA DE FUEGO,SIN OCUPACION,M,23,10:30:00,2025,10/1/2025,MIERCOLES,09:00-11:59,MAÑANA,274,UNION LIBRE,SECUNDARIA,DELINCUENCIA,-76.47636235,3.40980487,N,,,1,Nivel 4
2720,40,Sector Alto Jordán,18,ARMA DE FUEGO,SIN OCUPACION,M,23,21:45:00,2025,10/1/2025,MIERCOLES,21:00-23:59,NOCHE,274,SOLTERO,SECUNDARIA,DELINCUENCIA,-76.5533858,3.374749863,N,,,1,Nivel 4
2721,40,Santa Elena,10,CORTOPUNZANTE,SIN OCUPACION,M,48,8:15:00,2025,10/2/2025,JUEVES,06:00-08:59,MAÑANA,275,SOLTERO,SECUNDARIA,CONVIVENCIA,-76.52108096,3.425079673,N,,,3,Nivel 4
2722,40,Guayaquil,9,ARMA DE FUEGO,TAXISTA,M,39,7:20:00,2025,10/3/2025,VIERNES,06:00-08:59,MAÑANA,276,CASADO,PRIMARIA,DELINCUENCIA,-76.5253141,3.441176717,N,,,3,Nivel 4
2723,40,Puerta del Sol,14,ARMA DE FUEGO,SIN OCUPACION,M,33,7:20:00,2025,10/3/2025,VIERNES,06:00-08:59,MAÑANA,276,CASADO,TECNOLOGO,OTRO,-76.4717039,3.430881971,N,,,1,Nivel 4
2724,40,Alfonso Lopez P. 3a Etapa,7,ARMA DE FUEGO,SIN OCUPACION,M,31,16:15:00,2025,10/3/2025,VIERNES,15:00-17:59,TARDE,276,SOLTERO,PRIMARIA,DELINCUENCIA,-76.48237294,3.451551582,N,,,3,Nivel 4
2725,40,Lili,17,ARMA DE FUEGO,SIN OCUPACION,F,28,18:42:00,2025,10/3/2025,VIERNES,18:00-20:59,NOCHE,276,SOLTERO,TECNOLOGO,DELINCUENCIA,-76.52434103,3.376548013,N,,,4,Nivel 4
2726,40,San Luís,6,ARMA DE FUEGO,SIN OCUPACION,M,20,2:50:00,2025,10/4/2025,SABADO,00:00-02:59,MADRUGADA,277,SIN ESTABLECER,SIN ESTABLECER,DELINCUENCIA,-76.48707284,3.482797614,N,,,2,Nivel 4
2727,40,Brisas de Mayo,20,ARMA DE FUEGO,SIN OCUPACION,M,28,12:15:00,2025,10/4/2025,SABADO,12:00-14:59,TARDE,277,UNION LIBRE,PRIMARIA,DELINCUENCIA,-76.5621439,3.416999493,N,,,1,Nivel 4
2728,40,Terrón Colorado,1,OTRAS ARMAS,SIN OCUPACION,M,28,12:15:00,2025,10/4/2025,SABADO,12:00-14:59,TARDE,277,CASADO,PRIMARIA,OTRO,-76.56389104,3.45085722,N,,,2,Nivel 4
2729,40,Laureano Gómez,15,ARMA DE FUEGO,SIN OCUPACION,M,38,14:40:00,2025,10/4/2025,SABADO,12:00-14:59,TARDE,277,UNION LIBRE,SECUNDARIA,DELINCUENCIA,-76.49718787,3.413123025,N,,,1,Nivel 4
2730,40,Alfonso Bonilla Aragón,14,ARMA DE FUEGO,SIN OCUPACION,M,53,19:18:00,2025,10/4/2025,SABADO,18:00-20:59,NOCHE,277,CASADO,PRIMARIA,CONVIVENCIA,-76.48059561,3.42105552,N,,,1,Nivel 4
2731,40,Villa del Prado - El Guabito,5,ARMA DE FUEGO,SIN OCUPACION,M,36,20:01:00,2025,10/4/2025,SABADO,18:00-20:59,NOCHE,277,UNION LIBRE,SECUNDARIA,CONVIVENCIA,-76.48760845,3.469425203,N,,,3,Nivel 4
2732,41,Ciudad Córdoba,15,ARMA DE FUEGO,SIN OCUPACION,M,20,0:00:00,2025,10/5/2025,DOMINGO,00:00-02:59,MADRUGADA,278,SIN ESTABLECER,SIN ESTABLECER,DELINCUENCIA,-76.5031495,3.403044589,N,,,3,Nivel 4
2733,41,Doce de Octubre,12,ARMA DE FUEGO,SIN OCUPACION,M,61,0:30:00,2025,10/5/2025,DOMINGO,00:00-02:59,MADRUGADA,278,SIN ESTABLECER,SIN ESTABLECER,DELINCUENCIA,-76.5017167,3.427848344,N,,,3,Nivel 4
2734,41,Las Ceibas,7,CORTOPUNZANTE,SIN OCUPACION,M,52,3:00:00,2025,10/5/2025,DOMINGO,03:00-05:59,MADRUGADA,278,SIN ESTABLECER,SIN ESTABLECER,CONVIVENCIA,-76.48819801,3.454460758,N,,,3,Nivel 4
2735,41,Mojica,15,CORTOPUNZANTE,SIN OCUPACION,M,23,8:50:00,2025,10/5/2025,DOMINGO,06:00-08:59,MAÑANA,278,SOLTERO,SIN ESTABLECER,CONVIVENCIA,-76.48555091,3.417104679,N,,,1,Nivel 4
2736,41,Nueva Floresta,12,ARMA DE FUEGO,PELUQUERO,M,29,14:30:00,2025,10/5/2025,DOMINGO,12:00-14:59,TARDE,278,SIN ESTABLECER,SIN ESTABLECER,DELINCUENCIA,-76.49812695,3.439374647,N,,,3,Nivel 4
2737,41,El Morichal,15,ARMA DE FUEGO,SIN OCUPACION,M,20,21:35:00,2025,10/5/2025,DOMINGO,21:00-23:59,NOCHE,278,SIN ESTABLECER,SIN ESTABLECER,CONVIVENCIA,-76.5047425,3.3983995,N,,,2,Nivel 4
2738,41,Simón Bolívar,8,ARMA DE FUEGO,INDIGENTE,M,34,0:15:00,2025,10/6/2025,LUNES,00:00-02:59,MADRUGADA,279,SIN ESTABLECER,SIN ESTABLECER,OTRO,-76.51744343,3.441568544,N,,,3,Nivel 4
2739,41,Valle Grande,21,ARMA DE FUEGO,SIN OCUPACION,M,46,12:50:00,2025,10/6/2025,LUNES,12:00-14:59,TARDE,279,SIN ESTABLECER,SIN ESTABLECER,DELINCUENCIA,-76.46855455,3.440205775,N,,,2,Nivel 4
2740,41,El Vergel,13,ARMA DE FUEGO,SIN OCUPACION,M,20,14:30:00,2025,10/6/2025,LUNES,12:00-14:59,TARDE,279,SIN ESTABLECER,SIN ESTABLECER,DELINCUENCIA,-76.49962153,3.415097575,N,,,1,Nivel 4
2741,41,El Cedro,19,ARMA DE FUEGO,COMERCIANTE,M,74,13:18:00,2025,10/7/2025,MARTES,12:00-14:59,TARDE,280,SEPARADO,SIN ESTABLECER,DELINCUENCIA,-76.5385824,3.432586151,N,,,4,Nivel 4
2742,41,CGTO. PICHINDÉ,57,ARMA DE FUEGO,INDIGENTE,M,34,6:30:00,2025,10/8/2025,MIERCOLES,06:00-08:59,MAÑANA,281,SIN ESTABLECER,SIN ESTABLECER,CONVIVENCIA,-76.63698446,3.441939799,N,,,2,Nivel 4
2743,41,Sector Alto Jordán,18,CORTOPUNZANTE,SIN OCUPACION,M,28,23:02:00,2025,10/8/2025,MIERCOLES,21:00-23:59,NOCHE,281,SIN ESTABLECER,SIN ESTABLECER,DELINCUENCIA,-76.55549075,3.374051762,N,,,1,Nivel 4
2744,41,José Manuel Marroquín I,14,CORTOPUNZANTE,SIN OCUPACION,M,27,14:30:00,2025,10/9/2025,JUEVES,12:00-14:59,TARDE,282,SIN ESTABLECER,SIN ESTABLECER,CONVIVENCIA,-76.4859494,3.4276264,N,,,2,Nivel 4
2745,41,Polvorines,18,ARMA DE FUEGO,SIN OCUPACION,M,35,15:20:00,2025,10/9/2025,JUEVES,15:00-17:59,TARDE,282,SIN ESTABLECER,SIN ESTABLECER,CONVIVENCIA,-76.55636423,3.3706133,N,,,2,Nivel 4
2746,41,Desepaz Invicali,21,ARMA DE FUEGO,SIN OCUPACION,M,25,18:20:00,2025,10/9/2025,JUEVES,18:00-20:59,NOCHE,282,SIN ESTABLECER,SIN ESTABLECER,DELINCUENCIA,-76.46235137,3.427855094,N,,,1,Nivel 4
2747,41,Tierra Blanca,20,ARMA DE FUEGO,SIN OCUPACION,M,42,18:20:00,2025,10/9/2025,JUEVES,18:00-20:59,NOCHE,282,SIN ESTABLECER,SIN ESTABLECER,DELINCUENCIA,-76.55854862,3.421360454,N,,,1,Nivel 4
2748,41,Los Conquistadores,11,ARMA DE FUEGO,SIN OCUPACION,M,19,20:30:00,2025,10/9/2025,JUEVES,18:00-20:59,NOCHE,282,SIN ESTABLECER,SIN ESTABLECER,DELINCUENCIA,-76.50713344,3.426805604,N,,,2,Nivel 4
2749,41,Santa Fé,8,ARMA DE FUEGO,SIN OCUPACION,M,61,4:55:00,2025,10/10/2025,VIERNES,03:00-05:59,MADRUGADA,283,SIN ESTABLECER,SIN ESTABLECER,DELINCUENCIA,-76.50756815,3.438603444,N,,,3,Nivel 4
2750,41,El Calvario,3,ARMA DE FUEGO,RECICLADOR,M,35,13:40:00,2025,10/10/2025,VIERNES,12:00-14:59,TARDE,283,SIN ESTABLECER,SIN ESTABLECER,DELINCUENCIA,-76.52895543,3.447748728,N,,,3,Nivel 4
2751,41,Atanasio Girardot,8,ARMA DE FUEGO,PRESTAMISTA,M,31,14:27:00,2025,10/10/2025,VIERNES,12:00-14:59,TARDE,283,SIN ESTABLECER,SIN ESTABLECER,DELINCUENCIA,-76.50655554,3.444565499,N,,,3,Nivel 4
2752,41,Los Conquistadores,11,ARMA DE FUEGO,GUARDA DE SEGURIDAD,M,31,14:27:00,2025,10/10/2025,VIERNES,12:00-14:59,TARDE,283,SOLTERO,SIN ESTABLECER,DELINCUENCIA,-76.5119698,3.4267698,N,,,2,Nivel 4
2753,41,PP1,81,ARMA DE FUEGO,AUXILIAR SISTEMAS,M,28,21:58:00,2025,10/10/2025,VIERNES,21:00-23:59,NOCHE,283,SIN ESTABLECER,SIN ESTABLECER,DELINCUENCIA,-76.51647892,3.349439591,N,,,0,Nivel 4
2754,41,Sector Asprosocial - Diamante,13,ARMA DE FUEGO,SIN OCUPACION,M,26,19:30:00,2025,10/11/2025,SABADO,18:00-20:59,NOCHE,284,SOLTERO,SECUNDARIA,DELINCUENCIA,-76.49684202,3.423075982,N,,,2,Nivel 4